# Blender 4.0.2
# www.blender.org
o crutch_01
v 0.000000 0.196322 -0.011622
v 0.000000 0.060140 -0.011622
v -0.004448 0.196322 -0.010738
v -0.004448 0.060140 -0.010738
v -0.008218 0.196322 -0.008218
v -0.008218 0.060140 -0.008218
v -0.010738 0.196322 -0.004448
v -0.010738 0.060140 -0.004448
v -0.011622 0.196322 -0.000000
v -0.011622 0.060140 -0.000000
v -0.010738 0.196322 0.004448
v -0.010738 0.060140 0.004448
v -0.008218 0.196322 0.008218
v -0.008218 0.060140 0.008218
v -0.004448 0.196322 0.010738
v -0.004448 0.060140 0.010738
v 0.000000 0.196322 0.011622
v 0.000000 0.060140 0.011622
v 0.004448 0.196322 0.010738
v 0.004448 0.060140 0.010738
v 0.008218 0.196322 0.008218
v 0.008218 0.060140 0.008218
v 0.010738 0.196322 0.004448
v 0.010738 0.060140 0.004448
v 0.011623 0.196322 -0.000000
v 0.011623 0.060140 -0.000000
v 0.010738 0.196322 -0.004448
v 0.010738 0.060140 -0.004448
v 0.008218 0.196322 -0.008218
v 0.008218 0.060140 -0.008218
v 0.004448 0.196322 -0.010738
v 0.004448 0.060140 -0.010738
v -0.005532 0.060140 -0.013354
v 0.000000 0.060140 -0.014455
v -0.010221 0.060140 -0.010221
v -0.013354 0.060140 -0.005532
v -0.014455 0.060140 -0.000000
v -0.013354 0.060140 0.005532
v -0.010221 0.060140 0.010221
v -0.005532 0.060140 0.013354
v 0.000000 0.060140 0.014455
v 0.005532 0.060140 0.013354
v 0.010221 0.060140 0.010221
v 0.013354 0.060140 0.005532
v 0.014455 0.060140 -0.000000
v 0.013354 0.060140 -0.005532
v 0.010221 0.060140 -0.010221
v 0.005532 0.060140 -0.013354
v -0.008385 0.022647 -0.020244
v 0.000000 0.022647 -0.021911
v -0.015494 0.022647 -0.015494
v -0.020243 0.022647 -0.008385
v -0.021911 0.022647 -0.000000
v -0.020243 0.022647 0.008385
v -0.015494 0.022647 0.015494
v -0.008385 0.022647 0.020244
v 0.000000 0.022647 0.021911
v 0.008385 0.022647 0.020244
v 0.015494 0.022647 0.015494
v 0.020244 0.022647 0.008385
v 0.021911 0.022647 -0.000000
v 0.020244 0.022647 -0.008385
v 0.015494 0.022647 -0.015494
v 0.008385 0.022647 -0.020244
v -0.009202 0.022157 -0.022216
v 0.000000 0.022157 -0.024046
v -0.017003 0.022157 -0.017003
v -0.022216 0.022157 -0.009202
v -0.024046 0.022157 -0.000000
v -0.022216 0.022157 0.009202
v -0.017003 0.022157 0.017003
v -0.009202 0.022157 0.022216
v 0.000000 0.022157 0.024046
v 0.009202 0.022157 0.022216
v 0.017003 0.022157 0.017003
v 0.022216 0.022157 0.009202
v 0.024047 0.022157 -0.000000
v 0.022216 0.022157 -0.009202
v 0.017003 0.022157 -0.017003
v 0.009202 0.022157 -0.022216
v -0.009713 0.000000 -0.023450
v 0.000000 0.000000 -0.025382
v -0.017948 0.000000 -0.017948
v -0.023450 0.000000 -0.009713
v -0.025382 0.000000 -0.000000
v -0.023450 0.000000 0.009713
v -0.017948 0.000000 0.017948
v -0.009713 0.000000 0.023450
v 0.000000 0.000000 0.025382
v 0.009713 0.000000 0.023450
v 0.017948 0.000000 0.017948
v 0.023450 0.000000 0.009713
v 0.025382 0.000000 -0.000000
v 0.023450 0.000000 -0.009713
v 0.017948 0.000000 -0.017948
v 0.009713 0.000000 -0.023450
v 0.025321 0.245299 0.017867
v 0.025321 0.245300 -0.017867
v 0.034255 0.245303 -0.015473
v 0.040794 0.245305 -0.008933
v 0.043188 0.245306 -0.000000
v 0.040794 0.245305 0.008933
v 0.034255 0.245302 0.015473
v 0.025321 0.232560 0.017867
v 0.040794 0.232565 0.008933
v 0.034255 0.232563 0.015473
v 0.025321 0.232560 -0.017867
v 0.034255 0.232563 -0.015473
v 0.014331 0.232564 -0.017503
v 0.040794 0.232565 -0.008933
v 0.043188 0.232566 -0.000000
v 0.000000 0.245304 -0.020267
v -0.025321 0.245299 0.017867
v -0.025321 0.245300 -0.017867
v -0.034255 0.245303 -0.015473
v -0.040794 0.245305 -0.008933
v -0.043188 0.245306 -0.000000
v 0.000000 0.245304 0.020267
v 0.007756 0.245304 0.019212
v 0.014331 0.245304 0.017503
v 0.014331 0.245304 -0.017503
v 0.007756 0.245304 -0.019212
v -0.040794 0.245305 0.008933
v 0.000000 0.208463 -0.017361
v -0.034255 0.245302 0.015473
v -0.025321 0.232560 0.017867
v -0.040794 0.232565 0.008933
v -0.034255 0.232563 0.015473
v -0.025321 0.232560 -0.017867
v -0.034255 0.232563 -0.015473
v 0.000000 0.208463 0.017361
v 0.006644 0.208463 0.016039
v 0.012276 0.208463 0.012276
v 0.016039 0.208463 0.006644
v 0.017361 0.208463 -0.000000
v 0.016039 0.208463 -0.006644
v 0.012276 0.208463 -0.012276
v 0.006644 0.208463 -0.016039
v -0.014331 0.232564 -0.017503
v -0.040794 0.232565 -0.008933
v -0.043188 0.232566 -0.000000
v 0.018725 0.232563 0.009784
v 0.031735 0.232563 -0.000000
v 0.007756 0.232563 0.019212
v 0.014331 0.232563 0.017503
v 0.007756 0.232563 -0.019212
v 0.000000 0.232563 0.020267
v 0.000000 0.232563 -0.020267
v 0.018725 0.232563 -0.009784
v 0.000000 0.196322 -0.017361
v 0.000000 0.196322 0.017361
v 0.006644 0.196322 0.016039
v 0.012276 0.196322 0.012276
v 0.016039 0.196322 0.006644
v 0.017361 0.196322 -0.000000
v 0.016039 0.196322 -0.006644
v 0.012276 0.196322 -0.012276
v 0.006644 0.196322 -0.016039
v 0.030912 0.232563 0.006644
v 0.030912 0.232563 -0.006644
v 0.023006 0.217928 -0.000000
v 0.021901 0.217961 0.006644
v 0.021901 0.217961 -0.006644
v 0.023538 0.232563 -0.008344
v 0.022729 0.232563 0.008507
v 0.027354 0.225218 -0.000000
v 0.026392 0.225239 0.006644
v 0.026392 0.225239 -0.006644
v -0.007756 0.245304 0.019212
v -0.014331 0.245304 0.017503
v -0.014331 0.245304 -0.017503
v -0.007756 0.245304 -0.019212
v -0.006644 0.208463 0.016039
v -0.012276 0.208463 0.012276
v -0.016039 0.208463 0.006644
v -0.017361 0.208463 -0.000000
v -0.016039 0.208463 -0.006644
v -0.012276 0.208463 -0.012276
v -0.006644 0.208463 -0.016039
v -0.018725 0.232563 0.009784
v -0.031734 0.232563 -0.000000
v -0.007756 0.232563 0.019212
v -0.014331 0.232563 0.017503
v -0.007756 0.232563 -0.019212
v -0.018725 0.232563 -0.009784
v -0.006644 0.196322 0.016039
v -0.012276 0.196322 0.012276
v -0.016039 0.196322 0.006644
v -0.017361 0.196322 -0.000000
v -0.016039 0.196322 -0.006644
v -0.012276 0.196322 -0.012276
v -0.006644 0.196322 -0.016039
v -0.030912 0.232563 0.006644
v -0.030912 0.232563 -0.006644
v -0.023006 0.217928 -0.000000
v -0.021901 0.217961 0.006644
v -0.021901 0.217961 -0.006644
v -0.023538 0.232563 -0.008344
v -0.022729 0.232563 0.008507
v -0.027354 0.225218 -0.000000
v -0.026392 0.225239 0.006644
v -0.026392 0.225239 -0.006644
v 0.000000 0.000000 -0.000000
v -0.007756 0.245304 -0.000000
v 0.000000 0.245304 -0.000000
v -0.014331 0.245304 -0.000000
v -0.025321 0.245299 -0.000000
v -0.034255 0.245303 -0.000000
v 0.014331 0.245304 -0.000000
v 0.007756 0.245304 -0.000000
v 0.025321 0.245299 -0.000000
v 0.034255 0.245303 -0.000000
v 0.058856 1.291199 0.009425
v 0.054873 1.291213 0.005442
v 0.053415 1.291218 -0.000000
v 0.054873 1.291213 -0.005442
v 0.058856 1.291199 -0.009425
v 0.064298 1.291180 -0.010883
v 0.069739 1.291161 -0.009425
v 0.073723 1.291147 -0.005442
v 0.075181 1.291142 -0.000000
v 0.073723 1.291147 0.005442
v 0.069739 1.291161 0.009425
v 0.064298 1.291180 0.010883
v 0.056843 0.717458 0.009425
v 0.052862 0.717590 0.005442
v 0.051404 0.717638 -0.000000
v 0.052862 0.717590 -0.005442
v 0.056843 0.717458 -0.009425
v 0.062281 0.717278 -0.010883
v 0.067720 0.717097 -0.009425
v 0.071701 0.716965 -0.005442
v 0.073158 0.716917 -0.000000
v 0.071701 0.716965 0.005442
v 0.067720 0.717097 0.009425
v 0.062281 0.717277 0.010883
v 0.055298 0.692859 0.009425
v 0.051336 0.693273 0.005442
v 0.049886 0.693425 -0.000000
v 0.051336 0.693273 -0.005442
v 0.055298 0.692859 -0.009425
v 0.060710 0.692294 -0.010883
v 0.066122 0.691728 -0.009425
v 0.070084 0.691314 -0.005442
v 0.071534 0.691162 -0.000000
v 0.070084 0.691314 0.005442
v 0.066122 0.691728 0.009425
v 0.060710 0.692293 0.010883
v 0.052078 0.670852 0.009425
v 0.048177 0.671657 0.005442
v 0.046749 0.671952 -0.000000
v 0.048177 0.671657 -0.005442
v 0.052078 0.670852 -0.009425
v 0.057407 0.669753 -0.010883
v 0.062737 0.668654 -0.009425
v 0.066638 0.667849 -0.005442
v 0.068066 0.667554 -0.000000
v 0.066638 0.667849 0.005442
v 0.062737 0.668654 0.009425
v 0.057407 0.669753 0.010883
v 0.045306 0.645567 0.009425
v 0.041470 0.646642 0.005442
v 0.040066 0.647035 -0.000000
v 0.041470 0.646642 -0.005442
v 0.045306 0.645568 -0.009425
v 0.050546 0.644100 -0.010883
v 0.055786 0.642633 -0.009425
v 0.059622 0.641558 -0.005442
v 0.061026 0.641165 -0.000000
v 0.059622 0.641558 0.005442
v 0.055786 0.642633 0.009425
v 0.050546 0.644100 0.010883
v 0.025979 0.579515 0.009425
v 0.022108 0.580457 0.005442
v 0.020691 0.580802 0.000000
v 0.022108 0.580457 -0.005442
v 0.025979 0.579516 -0.009425
v 0.031266 0.578230 -0.010883
v 0.036553 0.576944 -0.009425
v 0.040424 0.576002 -0.005442
v 0.041841 0.575657 -0.000000
v 0.040424 0.576002 0.005442
v 0.036553 0.576943 0.009425
v 0.031266 0.578229 0.010883
v 0.021735 0.557721 0.009425
v 0.017788 0.558260 0.005442
v 0.016343 0.558457 0.000000
v 0.017788 0.558260 -0.005442
v 0.021735 0.557722 -0.009425
v 0.027126 0.556986 -0.010883
v 0.032518 0.556251 -0.009425
v 0.036465 0.555712 -0.005442
v 0.037909 0.555515 -0.000000
v 0.036465 0.555712 0.005442
v 0.032518 0.556250 0.009425
v 0.027126 0.556986 0.010883
v 0.019718 0.532201 0.009425
v 0.015737 0.532357 0.005442
v 0.014280 0.532414 0.000000
v 0.015737 0.532357 -0.005442
v 0.019718 0.532202 -0.009425
v 0.025155 0.531989 -0.010883
v 0.030592 0.531777 -0.009425
v 0.034573 0.531621 -0.005442
v 0.036030 0.531564 -0.000000
v 0.034573 0.531621 0.005442
v 0.030592 0.531776 0.009425
v 0.025155 0.531989 0.010883
v 0.019879 0.245302 0.009425
v 0.015896 0.245299 0.005442
v 0.014438 0.245299 0.000000
v 0.015896 0.245300 -0.005442
v 0.019879 0.245302 -0.009425
v 0.025321 0.245305 -0.010883
v 0.030762 0.245308 -0.009425
v 0.034746 0.245310 -0.005442
v 0.036204 0.245311 -0.000000
v 0.034746 0.245310 0.005442
v 0.030762 0.245308 0.009425
v 0.025321 0.245305 0.010883
v -0.058856 1.291199 0.009425
v -0.054873 1.291213 0.005442
v -0.053415 1.291218 -0.000000
v -0.054873 1.291213 -0.005442
v -0.058856 1.291199 -0.009425
v -0.064298 1.291180 -0.010883
v -0.069739 1.291161 -0.009425
v -0.073722 1.291147 -0.005442
v -0.075181 1.291142 -0.000000
v -0.073722 1.291147 0.005442
v -0.069739 1.291161 0.009425
v -0.064298 1.291180 0.010883
v -0.056843 0.717458 0.009425
v -0.052861 0.717590 0.005442
v -0.051404 0.717638 -0.000000
v -0.052861 0.717590 -0.005442
v -0.056843 0.717458 -0.009425
v -0.062281 0.717278 -0.010883
v -0.067720 0.717097 -0.009425
v -0.071701 0.716965 -0.005442
v -0.073158 0.716917 -0.000000
v -0.071701 0.716965 0.005442
v -0.067720 0.717097 0.009425
v -0.062281 0.717277 0.010883
v -0.055298 0.692859 0.009425
v -0.051336 0.693273 0.005442
v -0.049886 0.693425 -0.000000
v -0.051336 0.693273 -0.005442
v -0.055298 0.692859 -0.009425
v -0.060710 0.692294 -0.010883
v -0.066122 0.691728 -0.009425
v -0.070084 0.691314 -0.005442
v -0.071534 0.691162 -0.000000
v -0.070084 0.691314 0.005442
v -0.066122 0.691728 0.009425
v -0.060710 0.692293 0.010883
v -0.052078 0.670852 0.009425
v -0.048177 0.671657 0.005442
v -0.046749 0.671952 -0.000000
v -0.048177 0.671657 -0.005442
v -0.052078 0.670852 -0.009425
v -0.057407 0.669753 -0.010883
v -0.062737 0.668654 -0.009425
v -0.066638 0.667849 -0.005442
v -0.068066 0.667554 -0.000000
v -0.066638 0.667849 0.005442
v -0.062737 0.668654 0.009425
v -0.057407 0.669753 0.010883
v -0.045306 0.645567 0.009425
v -0.041470 0.646642 0.005442
v -0.040066 0.647035 -0.000000
v -0.041470 0.646642 -0.005442
v -0.045306 0.645568 -0.009425
v -0.050546 0.644100 -0.010883
v -0.055786 0.642633 -0.009425
v -0.059622 0.641558 -0.005442
v -0.061026 0.641165 -0.000000
v -0.059622 0.641558 0.005442
v -0.055786 0.642633 0.009425
v -0.050546 0.644100 0.010883
v -0.025978 0.579515 0.009425
v -0.022108 0.580457 0.005442
v -0.020691 0.580802 0.000000
v -0.022108 0.580457 -0.005442
v -0.025979 0.579516 -0.009425
v -0.031266 0.578230 -0.010883
v -0.036553 0.576944 -0.009425
v -0.040424 0.576002 -0.005442
v -0.041841 0.575657 -0.000000
v -0.040424 0.576002 0.005442
v -0.036553 0.576943 0.009425
v -0.031266 0.578229 0.010883
v -0.021735 0.557721 0.009425
v -0.017788 0.558260 0.005442
v -0.016343 0.558457 0.000000
v -0.017788 0.558260 -0.005442
v -0.021735 0.557722 -0.009425
v -0.027126 0.556986 -0.010883
v -0.032518 0.556251 -0.009425
v -0.036465 0.555712 -0.005442
v -0.037909 0.555515 -0.000000
v -0.036465 0.555712 0.005442
v -0.032518 0.556250 0.009425
v -0.027126 0.556986 0.010883
v -0.019718 0.532201 0.009425
v -0.015737 0.532357 0.005442
v -0.014280 0.532414 0.000000
v -0.015737 0.532357 -0.005442
v -0.019718 0.532202 -0.009425
v -0.025155 0.531989 -0.010883
v -0.030592 0.531777 -0.009425
v -0.034573 0.531621 -0.005442
v -0.036030 0.531564 -0.000000
v -0.034573 0.531621 0.005442
v -0.030592 0.531776 0.009425
v -0.025155 0.531989 0.010883
v -0.019879 0.245302 0.009425
v -0.015896 0.245299 0.005442
v -0.014437 0.245299 0.000000
v -0.015896 0.245300 -0.005442
v -0.019879 0.245302 -0.009425
v -0.025321 0.245305 -0.010883
v -0.030762 0.245308 -0.009425
v -0.034746 0.245310 -0.005442
v -0.036204 0.245311 -0.000000
v -0.034746 0.245310 0.005442
v -0.030762 0.245308 0.009425
v -0.025321 0.245305 0.010883
v 0.040460 1.303121 0.020427
v 0.000182 1.303121 0.020427
v 0.022285 1.303121 0.020427
v 0.061525 1.303121 0.020427
v 0.106029 1.316019 0.020014
v 0.000182 1.329699 0.019952
v 0.000182 1.338405 0.011251
v 0.000182 1.335855 0.017403
v 0.058375 1.334536 0.019952
v 0.057289 1.343090 0.011251
v 0.057727 1.340588 0.017403
v 0.022285 1.330348 0.019952
v 0.022285 1.339038 0.011249
v 0.022285 1.336493 0.017403
v 0.103147 1.335963 0.019952
v 0.074409 1.338619 0.019952
v 0.072482 1.347208 0.011251
v 0.073136 1.344710 0.017403
v 0.088419 1.341867 0.019952
v 0.087333 1.350610 0.011251
v 0.087733 1.347863 0.017403
v 0.040460 1.340342 0.011250
v 0.040460 1.331682 0.019952
v 0.040460 1.337806 0.017403
v 0.106142 1.327718 0.019952
v 0.109848 1.329500 0.015416
v 0.108464 1.329033 0.018392
v 0.110776 1.320904 0.016044
v 0.108645 1.318723 0.018729
v 0.105648 1.337413 0.017782
v 0.107471 1.338169 0.013686
v 0.096773 1.340885 0.019952
v 0.098036 1.345927 0.017529
v 0.099183 1.348054 0.012467
v 0.000182 1.303121 -0.000000
v 0.022285 1.303121 -0.000000
v 0.062097 1.303121 -0.000000
v 0.040460 1.303121 -0.000000
v 0.022285 1.339038 -0.000000
v 0.000182 1.338405 -0.000000
v 0.057289 1.343090 -0.000000
v 0.040460 1.340342 -0.000000
v 0.072482 1.347208 -0.000000
v 0.087333 1.350610 -0.000000
v 0.108433 1.338337 -0.000000
v 0.110810 1.329669 -0.000000
v 0.111423 1.321377 -0.000000
v 0.099183 1.348054 -0.000000
v 0.080082 1.303121 0.020427
v 0.022285 1.310924 0.020427
v 0.000182 1.310924 0.020427
v 0.060640 1.312181 0.020427
v 0.040460 1.310924 0.020427
v 0.078255 1.315293 0.020427
v 0.022285 1.320538 0.020410
v 0.059507 1.323592 0.020427
v 0.000182 1.320089 0.020410
v 0.040460 1.321603 0.020427
v 0.076439 1.327452 0.020427
v 0.096709 1.309292 0.020427
v 0.093819 1.320648 0.020427
v 0.091054 1.331515 0.020427
v 0.106153 1.315900 -0.000000
v 0.108761 1.318611 -0.000000
v 0.080095 1.303121 -0.000000
v 0.096709 1.309292 -0.000000
v 0.000182 1.303121 0.010214
v 0.022285 1.303121 0.010214
v 0.062097 1.303121 0.010214
v 0.040460 1.303121 0.010214
v 0.000182 1.338405 0.005625
v 0.040460 1.340342 0.005625
v 0.087333 1.350610 0.005625
v 0.111277 1.321341 0.009314
v 0.022285 1.339038 0.005625
v 0.057289 1.343090 0.005625
v 0.072482 1.347208 0.005625
v 0.110655 1.329642 0.008952
v 0.099183 1.348054 0.006233
v 0.108278 1.338310 0.007947
v 0.080095 1.303121 0.010214
v 0.108703 1.318667 0.009364
v 0.096709 1.309292 0.010214
v 0.106091 1.315960 0.010008
v -0.040095 1.303121 0.020427
v -0.021920 1.303121 0.020427
v -0.061160 1.303121 0.020427
v -0.105664 1.316019 0.020014
v -0.058010 1.334536 0.019952
v -0.056924 1.343090 0.011251
v -0.057362 1.340588 0.017403
v -0.021920 1.330348 0.019952
v -0.021920 1.339038 0.011249
v -0.021920 1.336493 0.017403
v -0.102782 1.335963 0.019952
v -0.074044 1.338619 0.019952
v -0.072117 1.347208 0.011251
v -0.072771 1.344710 0.017403
v -0.088054 1.341867 0.019952
v -0.086968 1.350610 0.011251
v -0.087368 1.347863 0.017403
v -0.040095 1.340342 0.011250
v -0.040095 1.331682 0.019952
v -0.040095 1.337806 0.017403
v -0.105777 1.327718 0.019952
v -0.109483 1.329500 0.015416
v -0.108099 1.329033 0.018392
v -0.110412 1.320904 0.016044
v -0.108280 1.318723 0.018729
v -0.105283 1.337413 0.017782
v -0.107106 1.338169 0.013686
v -0.096408 1.340885 0.019952
v -0.097671 1.345927 0.017529
v -0.098818 1.348054 0.012467
v -0.021920 1.303121 -0.000000
v -0.061732 1.303121 -0.000000
v -0.040095 1.303121 -0.000000
v -0.021920 1.339038 -0.000000
v -0.056924 1.343090 -0.000000
v -0.040095 1.340342 -0.000000
v -0.072117 1.347208 -0.000000
v -0.086968 1.350610 -0.000000
v -0.108068 1.338337 -0.000000
v -0.110445 1.329669 -0.000000
v -0.111058 1.321377 -0.000000
v -0.098818 1.348054 -0.000000
v -0.079718 1.303121 0.020427
v -0.021920 1.310924 0.020427
v -0.060275 1.312181 0.020427
v -0.040095 1.310924 0.020427
v -0.077890 1.315293 0.020427
v -0.021920 1.320538 0.020410
v -0.059142 1.323592 0.020427
v -0.040095 1.321603 0.020427
v -0.076074 1.327452 0.020427
v -0.096345 1.309292 0.020427
v -0.093454 1.320648 0.020427
v -0.090689 1.331515 0.020427
v -0.105788 1.315900 -0.000000
v -0.108396 1.318611 -0.000000
v -0.079730 1.303121 -0.000000
v -0.096345 1.309292 -0.000000
v -0.021920 1.303121 0.010214
v -0.061732 1.303121 0.010214
v -0.040095 1.303121 0.010214
v -0.040095 1.340342 0.005625
v -0.086968 1.350610 0.005625
v -0.110912 1.321341 0.009314
v -0.021920 1.339038 0.005625
v -0.056924 1.343090 0.005625
v -0.072117 1.347208 0.005625
v -0.110290 1.329642 0.008952
v -0.098818 1.348054 0.006233
v -0.107913 1.338310 0.007947
v -0.079730 1.303121 0.010214
v -0.108338 1.318667 0.009364
v -0.096345 1.309292 0.010214
v -0.105726 1.315960 0.010008
v 0.040460 1.303121 -0.020427
v 0.000182 1.303121 -0.020427
v 0.022285 1.303121 -0.020427
v 0.061525 1.303121 -0.020427
v 0.106029 1.316019 -0.020014
v 0.000182 1.329699 -0.019952
v 0.000182 1.338405 -0.011251
v 0.000182 1.335855 -0.017403
v 0.058375 1.334536 -0.019952
v 0.057289 1.343090 -0.011251
v 0.057727 1.340588 -0.017403
v 0.022285 1.330348 -0.019952
v 0.022285 1.339038 -0.011249
v 0.022285 1.336493 -0.017403
v 0.103147 1.335963 -0.019952
v 0.074409 1.338619 -0.019952
v 0.072482 1.347208 -0.011251
v 0.073136 1.344710 -0.017403
v 0.088419 1.341867 -0.019952
v 0.087333 1.350610 -0.011251
v 0.087733 1.347863 -0.017403
v 0.040460 1.340342 -0.011250
v 0.040460 1.331682 -0.019952
v 0.040460 1.337806 -0.017403
v 0.106142 1.327718 -0.019952
v 0.109848 1.329500 -0.015416
v 0.108464 1.329033 -0.018392
v 0.110776 1.320904 -0.016044
v 0.108645 1.318723 -0.018729
v 0.105648 1.337413 -0.017782
v 0.107471 1.338169 -0.013686
v 0.096773 1.340885 -0.019952
v 0.098036 1.345927 -0.017529
v 0.099183 1.348054 -0.012467
v 0.080082 1.303121 -0.020427
v 0.022285 1.310924 -0.020427
v 0.000182 1.310924 -0.020427
v 0.060640 1.312181 -0.020427
v 0.040460 1.310924 -0.020427
v 0.078255 1.315293 -0.020427
v 0.022285 1.320538 -0.020410
v 0.059507 1.323592 -0.020427
v 0.000182 1.320089 -0.020410
v 0.040460 1.321603 -0.020427
v 0.076439 1.327452 -0.020427
v 0.096709 1.309292 -0.020427
v 0.093819 1.320648 -0.020427
v 0.091054 1.331515 -0.020427
v 0.000182 1.303121 -0.010214
v 0.022285 1.303121 -0.010214
v 0.062097 1.303121 -0.010214
v 0.040460 1.303121 -0.010214
v 0.000182 1.338405 -0.005625
v 0.040460 1.340342 -0.005625
v 0.087333 1.350610 -0.005625
v 0.111277 1.321341 -0.009314
v 0.022285 1.339038 -0.005625
v 0.057289 1.343090 -0.005625
v 0.072482 1.347208 -0.005625
v 0.110655 1.329642 -0.008952
v 0.099183 1.348054 -0.006233
v 0.108278 1.338310 -0.007947
v 0.080095 1.303121 -0.010214
v 0.108703 1.318667 -0.009364
v 0.096709 1.309292 -0.010214
v 0.106091 1.315960 -0.010008
v -0.040095 1.303121 -0.020427
v -0.021920 1.303121 -0.020427
v -0.061160 1.303121 -0.020427
v -0.105664 1.316019 -0.020014
v -0.058010 1.334536 -0.019952
v -0.056924 1.343090 -0.011251
v -0.057362 1.340588 -0.017403
v -0.021920 1.330348 -0.019952
v -0.021920 1.339038 -0.011249
v -0.021920 1.336493 -0.017403
v -0.102782 1.335963 -0.019952
v -0.074044 1.338619 -0.019952
v -0.072117 1.347208 -0.011251
v -0.072771 1.344710 -0.017403
v -0.088054 1.341867 -0.019952
v -0.086968 1.350610 -0.011251
v -0.087368 1.347863 -0.017403
v -0.040095 1.340342 -0.011250
v -0.040095 1.331682 -0.019952
v -0.040095 1.337806 -0.017403
v -0.105777 1.327718 -0.019952
v -0.109483 1.329500 -0.015416
v -0.108099 1.329033 -0.018392
v -0.110412 1.320904 -0.016044
v -0.108280 1.318723 -0.018729
v -0.105283 1.337413 -0.017782
v -0.107106 1.338169 -0.013686
v -0.096408 1.340885 -0.019952
v -0.097671 1.345927 -0.017529
v -0.098818 1.348054 -0.012467
v -0.079718 1.303121 -0.020427
v -0.021920 1.310924 -0.020427
v -0.060275 1.312181 -0.020427
v -0.040095 1.310924 -0.020427
v -0.077890 1.315293 -0.020427
v -0.021920 1.320538 -0.020410
v -0.059142 1.323592 -0.020427
v -0.040095 1.321603 -0.020427
v -0.076074 1.327452 -0.020427
v -0.096345 1.309292 -0.020427
v -0.093454 1.320648 -0.020427
v -0.090689 1.331515 -0.020427
v -0.021920 1.303121 -0.010214
v -0.061732 1.303121 -0.010214
v -0.040095 1.303121 -0.010214
v -0.040095 1.340342 -0.005625
v -0.086968 1.350610 -0.005625
v -0.110912 1.321341 -0.009314
v -0.021920 1.339038 -0.005625
v -0.056924 1.343090 -0.005625
v -0.072117 1.347208 -0.005625
v -0.110290 1.329642 -0.008952
v -0.098818 1.348054 -0.006233
v -0.107913 1.338310 -0.007947
v -0.079730 1.303121 -0.010214
v -0.108338 1.318667 -0.009364
v -0.096345 1.309292 -0.010214
v -0.105726 1.315960 -0.010008
v 0.000000 0.842260 -0.020024
v 0.000000 0.833441 -0.018500
v 0.000000 0.825965 -0.014159
v 0.000000 0.820970 -0.007663
v 0.000000 0.819216 -0.000000
v 0.000000 0.820970 0.007663
v 0.000000 0.825965 0.014159
v 0.000000 0.833441 0.018500
v 0.000000 0.842260 0.020024
v 0.000000 0.851078 0.018500
v 0.000000 0.858554 0.014159
v 0.000000 0.863550 0.007663
v 0.000000 0.865304 -0.000000
v 0.000000 0.863550 -0.007663
v 0.000000 0.858554 -0.014159
v 0.000000 0.851078 -0.018500
v 0.055183 0.842260 -0.014174
v 0.055183 0.836017 -0.013095
v 0.055183 0.830726 -0.010023
v 0.055183 0.827190 -0.005424
v 0.055183 0.825948 -0.000000
v 0.055183 0.827190 0.005424
v 0.055183 0.830726 0.010023
v 0.055183 0.836017 0.013095
v 0.055183 0.842260 0.014174
v 0.055183 0.848502 0.013095
v 0.055183 0.853794 0.010023
v 0.055183 0.857330 0.005424
v 0.055183 0.858571 -0.000000
v 0.055183 0.857330 -0.005424
v 0.055183 0.853794 -0.010023
v 0.055183 0.848502 -0.013095
v 0.044345 0.842260 -0.015991
v 0.044345 0.835217 -0.014774
v 0.044345 0.829247 -0.011307
v 0.044345 0.825258 -0.006119
v 0.044345 0.823858 -0.000000
v 0.044345 0.825258 0.006119
v 0.044345 0.829247 0.011307
v 0.044345 0.835217 0.014774
v 0.044345 0.842260 0.015991
v 0.044345 0.849302 0.014774
v 0.044345 0.855272 0.011307
v 0.044345 0.859261 0.006119
v 0.044345 0.860662 -0.000000
v 0.044345 0.859261 -0.006119
v 0.044345 0.855272 -0.011307
v 0.044345 0.849302 -0.014774
v 0.046874 0.842260 -0.019045
v 0.046874 0.833872 -0.017595
v 0.046874 0.826762 -0.013467
v 0.046874 0.822011 -0.007288
v 0.046874 0.820343 -0.000000
v 0.046874 0.822011 0.007288
v 0.046874 0.826762 0.013467
v 0.046874 0.833872 0.017595
v 0.046874 0.842260 0.019045
v 0.046874 0.850647 0.017595
v 0.046874 0.857757 0.013467
v 0.046874 0.862508 0.007288
v 0.046874 0.864177 -0.000000
v 0.046874 0.862508 -0.007288
v 0.046874 0.857757 -0.013467
v 0.046874 0.850647 -0.017595
v 0.052818 0.842260 -0.018961
v 0.052818 0.833910 -0.017517
v 0.052818 0.826831 -0.013407
v 0.052818 0.822101 -0.007256
v 0.052818 0.820440 -0.000000
v 0.052818 0.822101 0.007256
v 0.052818 0.826831 0.013407
v 0.052818 0.833910 0.017517
v 0.052818 0.842260 0.018961
v 0.052818 0.850610 0.017517
v 0.052818 0.857689 0.013407
v 0.052818 0.862418 0.007256
v 0.052818 0.864079 -0.000000
v 0.052818 0.862418 -0.007256
v 0.052818 0.857689 -0.013407
v 0.052818 0.850610 -0.017517
v 0.049831 0.833581 -0.018206
v 0.049831 0.826224 -0.013934
v 0.049831 0.821309 -0.007541
v 0.049831 0.819582 -0.000000
v 0.049831 0.821309 0.007541
v 0.049831 0.826224 0.013934
v 0.049831 0.833581 0.018206
v 0.049831 0.842260 0.019706
v 0.049831 0.850938 0.018206
v 0.049831 0.858295 0.013934
v 0.049831 0.863211 0.007541
v 0.049831 0.864937 -0.000000
v 0.049831 0.863211 -0.007541
v 0.049831 0.858295 -0.013934
v 0.049831 0.850938 -0.018206
v 0.049831 0.842260 -0.019706
v 0.032546 0.834433 -0.016418
v 0.016458 0.833775 -0.018057
v 0.032545 0.827799 -0.012566
v 0.016458 0.826582 -0.013820
v 0.032544 0.823365 -0.006801
v 0.016459 0.821775 -0.007479
v 0.032544 0.821808 -0.000000
v 0.016459 0.820088 -0.000000
v 0.032544 0.823365 0.006801
v 0.016459 0.821775 0.007479
v 0.032545 0.827799 0.012566
v 0.016458 0.826582 0.013820
v 0.032546 0.834433 0.016418
v 0.016458 0.833775 0.018057
v 0.032547 0.842260 0.017771
v 0.016458 0.842260 0.019545
v -0.055183 0.842260 -0.014174
v -0.055183 0.836017 -0.013095
v -0.055183 0.830726 -0.010023
v -0.055183 0.827190 -0.005424
v -0.055183 0.825948 -0.000000
v -0.055183 0.827190 0.005424
v -0.055183 0.830726 0.010023
v -0.055183 0.836017 0.013095
v -0.055183 0.842260 0.014174
v -0.055183 0.848502 0.013095
v -0.055183 0.853794 0.010023
v -0.055183 0.857330 0.005424
v -0.055183 0.858571 -0.000000
v -0.055183 0.857330 -0.005424
v -0.055183 0.853794 -0.010023
v -0.055183 0.848502 -0.013095
v -0.044345 0.842260 -0.015991
v -0.044345 0.835217 -0.014774
v -0.044345 0.829247 -0.011307
v -0.044345 0.825258 -0.006119
v -0.044345 0.823858 -0.000000
v -0.044345 0.825258 0.006119
v -0.044345 0.829247 0.011307
v -0.044345 0.835217 0.014774
v -0.044345 0.842260 0.015991
v -0.044345 0.849302 0.014774
v -0.044345 0.855272 0.011307
v -0.044345 0.859261 0.006119
v -0.044345 0.860662 -0.000000
v -0.044345 0.859261 -0.006119
v -0.044345 0.855272 -0.011307
v -0.044345 0.849302 -0.014774
v -0.046874 0.842260 -0.019045
v -0.046874 0.833872 -0.017595
v -0.046874 0.826762 -0.013467
v -0.046874 0.822011 -0.007288
v -0.046874 0.820343 -0.000000
v -0.046874 0.822011 0.007288
v -0.046874 0.826762 0.013467
v -0.046874 0.833872 0.017595
v -0.046874 0.842260 0.019045
v -0.046874 0.850647 0.017595
v -0.046874 0.857757 0.013467
v -0.046874 0.862508 0.007288
v -0.046874 0.864177 -0.000000
v -0.046874 0.862508 -0.007288
v -0.046874 0.857757 -0.013467
v -0.046874 0.850647 -0.017595
v -0.052818 0.842260 -0.018961
v -0.052818 0.833910 -0.017517
v -0.052818 0.826831 -0.013407
v -0.052818 0.822101 -0.007256
v -0.052818 0.820440 -0.000000
v -0.052818 0.822101 0.007256
v -0.052818 0.826831 0.013407
v -0.052818 0.833910 0.017517
v -0.052818 0.842260 0.018961
v -0.052818 0.850610 0.017517
v -0.052818 0.857689 0.013407
v -0.052818 0.862418 0.007256
v -0.052818 0.864079 -0.000000
v -0.052818 0.862418 -0.007256
v -0.052818 0.857689 -0.013407
v -0.052818 0.850610 -0.017517
v -0.049831 0.833581 -0.018206
v -0.049831 0.826224 -0.013934
v -0.049831 0.821309 -0.007541
v -0.049831 0.819582 -0.000000
v -0.049831 0.821309 0.007541
v -0.049831 0.826224 0.013934
v -0.049831 0.833581 0.018206
v -0.049831 0.842260 0.019706
v -0.049831 0.850938 0.018206
v -0.049831 0.858295 0.013934
v -0.049831 0.863211 0.007541
v -0.049831 0.864937 -0.000000
v -0.049831 0.863211 -0.007541
v -0.049831 0.858295 -0.013934
v -0.049831 0.850938 -0.018206
v -0.049831 0.842260 -0.019706
v -0.032546 0.834433 -0.016418
v -0.016458 0.833775 -0.018057
v -0.032545 0.827799 -0.012566
v -0.016458 0.826582 -0.013820
v -0.032544 0.823365 -0.006801
v -0.016458 0.821775 -0.007479
v -0.032544 0.821808 -0.000000
v -0.016459 0.820088 -0.000000
v -0.032544 0.823365 0.006801
v -0.016458 0.821775 0.007479
v -0.032545 0.827799 0.012566
v -0.016458 0.826582 0.013820
v -0.032546 0.834433 0.016418
v -0.016458 0.833775 0.018057
v -0.032547 0.842260 0.017771
v -0.016458 0.842260 0.019545
v -0.032546 0.850086 0.016418
v -0.016458 0.850744 0.018057
v -0.032545 0.856721 0.012566
v -0.016458 0.857938 0.013820
v -0.032544 0.861154 0.006801
v -0.016458 0.862744 0.007479
v -0.032544 0.862711 -0.000000
v -0.016459 0.864432 -0.000000
v -0.032544 0.861154 -0.006801
v -0.016458 0.862744 -0.007479
v -0.032545 0.856721 -0.012566
v -0.016458 0.857938 -0.013820
v -0.032546 0.850086 -0.016418
v -0.016458 0.850744 -0.018057
v -0.016458 0.842260 -0.019545
v -0.032547 0.842260 -0.017771
v 0.032546 0.850086 0.016418
v -0.055183 0.842260 -0.000000
v 0.016458 0.850744 0.018057
v 0.032545 0.856721 0.012566
v 0.016458 0.857938 0.013820
v 0.032544 0.861154 0.006801
v 0.016459 0.862744 0.007479
v 0.032544 0.862711 -0.000000
v 0.016459 0.864432 -0.000000
v 0.032544 0.861154 -0.006801
v 0.016459 0.862744 -0.007479
v 0.032545 0.856721 -0.012566
v 0.016458 0.857938 -0.013820
v 0.032546 0.850086 -0.016418
v 0.016458 0.850744 -0.018057
v 0.016458 0.842260 -0.019545
v 0.032547 0.842260 -0.017771
v 0.055183 0.842260 -0.000000
v 0.000000 0.515828 -0.016051
v 0.000000 0.245308 -0.016051
v -0.006142 0.515828 -0.014829
v -0.006142 0.245308 -0.014829
v -0.011349 0.515828 -0.011350
v -0.011349 0.245308 -0.011350
v -0.014829 0.515828 -0.006142
v -0.014829 0.245308 -0.006142
v -0.016051 0.515828 -0.000000
v -0.016051 0.245308 -0.000000
v -0.014829 0.515828 0.006142
v -0.014829 0.245308 0.006142
v -0.011349 0.515828 0.011350
v -0.011349 0.245308 0.011350
v -0.006142 0.515828 0.014829
v -0.006142 0.245308 0.014829
v 0.000000 0.515828 0.016051
v 0.000000 0.245308 0.016051
v 0.006142 0.515828 0.014829
v 0.006142 0.245308 0.014829
v 0.011350 0.515828 0.011350
v 0.011350 0.245308 0.011350
v 0.014829 0.515828 0.006142
v 0.014829 0.245308 0.006142
v 0.016051 0.515828 -0.000000
v 0.016051 0.245308 -0.000000
v 0.014829 0.515828 -0.006142
v 0.014829 0.245308 -0.006142
v 0.011350 0.515828 -0.011350
v 0.011350 0.245308 -0.011350
v 0.006142 0.515828 -0.014829
v 0.006142 0.245308 -0.014829
v 0.000000 0.519941 -0.000000
v 0.000000 0.516488 -0.016874
v -0.006457 0.516488 -0.015590
v -0.011932 0.516488 -0.011932
v -0.015590 0.516488 -0.006457
v -0.016874 0.516488 -0.000000
v -0.015590 0.516488 0.006457
v -0.011932 0.516488 0.011932
v -0.006457 0.516488 0.015590
v 0.000000 0.516488 0.016874
v 0.006457 0.516488 0.015590
v 0.011932 0.516488 0.011932
v 0.015590 0.516488 0.006457
v 0.016874 0.516488 -0.000000
v 0.015590 0.516488 -0.006457
v 0.011932 0.516488 -0.011932
v 0.006457 0.516488 -0.015590
v 0.000000 0.519941 -0.016874
v -0.006457 0.519941 -0.015590
v -0.011932 0.519941 -0.011932
v -0.015590 0.519941 -0.006457
v -0.016874 0.519941 -0.000000
v -0.015590 0.519941 0.006457
v -0.011932 0.519941 0.011932
v -0.006457 0.519941 0.015590
v 0.000000 0.519941 0.016874
v 0.006457 0.519941 0.015590
v 0.011932 0.519941 0.011932
v 0.015590 0.519941 0.006457
v 0.016874 0.519941 -0.000000
v 0.015590 0.519941 -0.006457
v 0.011932 0.519941 -0.011932
v 0.006457 0.519941 -0.015590
v 0.000000 1.291199 -0.000000
v 0.039232 1.291199 -0.000000
v 0.064298 1.291180 -0.010883
v 0.069739 1.291161 -0.009425
v 0.073723 1.291147 -0.005442
v 0.075181 1.291142 -0.000000
v 0.073723 1.291147 0.005442
v 0.069739 1.291161 0.009425
v 0.064298 1.291180 0.010883
v 0.000000 1.303173 -0.018161
v 0.000000 1.303173 -0.010883
v 0.073380 1.303135 -0.015725
v 0.039232 1.303173 -0.018161
v 0.069739 1.303135 -0.000000
v 0.000000 1.303173 0.018161
v 0.064302 1.303154 0.018159
v 0.064302 1.303154 -0.018159
v 0.080025 1.303121 0.009078
v 0.039232 1.291199 0.018161
v 0.064302 1.291180 0.018159
v 0.000000 1.291199 -0.010883
v 0.039232 1.291199 -0.010883
v 0.039232 1.291199 0.010883
v 0.039232 1.291199 -0.018161
v 0.064302 1.291180 -0.018159
v 0.073380 1.291161 -0.015725
v 0.080025 1.291147 -0.009078
v 0.082457 1.291142 -0.000000
v 0.080025 1.291147 0.009078
v 0.073380 1.291161 0.015725
v 0.073380 1.303135 0.015725
v 0.080025 1.303121 -0.009078
v 0.082457 1.303116 -0.000000
v 0.064298 1.303154 0.010883
v 0.069739 1.303135 0.009425
v 0.073723 1.303121 0.005442
v 0.075181 1.303116 -0.000000
v 0.073723 1.303121 -0.005442
v 0.069739 1.303135 -0.009425
v 0.064298 1.303154 -0.010883
v 0.064298 1.303154 -0.000000
v 0.039232 1.303173 0.018161
v 0.000000 1.291199 0.018161
v 0.000000 1.291199 0.010883
v 0.069739 1.291161 -0.000000
v 0.064298 1.291180 -0.000000
v 0.000000 1.291199 -0.018161
v 0.039232 1.303173 0.010883
v 0.039232 1.303173 -0.010883
v 0.039232 1.303173 -0.000000
v 0.000000 1.303173 -0.000000
v 0.000000 1.303173 0.010883
v -0.039232 1.291199 -0.000000
v -0.064298 1.291180 -0.010883
v -0.069739 1.291161 -0.009425
v -0.073722 1.291147 -0.005442
v -0.075181 1.291142 -0.000000
v -0.073722 1.291147 0.005442
v -0.069739 1.291161 0.009425
v -0.064298 1.291180 0.010883
v -0.073380 1.303135 -0.015725
v -0.039232 1.303173 -0.018161
v -0.069739 1.303135 -0.000000
v -0.064302 1.303154 0.018159
v -0.064302 1.303154 -0.018159
v -0.080025 1.303121 0.009078
v -0.039232 1.291199 0.018161
v -0.064302 1.291180 0.018159
v -0.039232 1.291199 -0.010883
v -0.039232 1.291199 0.010883
v -0.039232 1.291199 -0.018161
v -0.064302 1.291180 -0.018159
v -0.073380 1.291161 -0.015725
v -0.080025 1.291147 -0.009078
v -0.082457 1.291142 -0.000000
v -0.080025 1.291147 0.009078
v -0.073380 1.291161 0.015725
v -0.073380 1.303135 0.015725
v -0.080025 1.303121 -0.009078
v -0.082457 1.303116 -0.000000
v -0.064298 1.303154 0.010883
v -0.069739 1.303135 0.009425
v -0.073722 1.303121 0.005442
v -0.075181 1.303116 -0.000000
v -0.073722 1.303121 -0.005442
v -0.069739 1.303135 -0.009425
v -0.064298 1.303154 -0.010883
v -0.064298 1.303154 -0.000000
v -0.039232 1.303173 0.018161
v -0.069739 1.291161 -0.000000
v -0.064298 1.291180 -0.000000
v -0.039232 1.303173 0.010883
v -0.039232 1.303173 -0.010883
v -0.039232 1.303173 -0.000000
vn -0.0000 -0.0000 -1.0000
vn -0.3827 -0.0000 -0.9239
vn -0.7071 -0.0000 -0.7071
vn -0.9239 -0.0000 -0.3827
vn -1.0000 -0.0000 -0.0000
vn -0.9239 -0.0000 0.3827
vn -0.7071 -0.0000 0.7071
vn -0.3827 -0.0000 0.9239
vn -0.0000 -0.0000 1.0000
vn 0.3827 -0.0000 0.9239
vn 0.7071 -0.0000 0.7071
vn 0.9239 -0.0000 0.3827
vn 1.0000 -0.0000 -0.0000
vn 0.9239 -0.0000 -0.3827
vn 0.7071 -0.0000 -0.7071
vn -0.0000 1.0000 -0.0000
vn 0.3827 -0.0000 -0.9239
vn -0.9061 0.1951 0.3753
vn -0.9808 0.1951 -0.0000
vn 0.1583 0.9746 0.1583
vn 0.0857 0.9746 0.2069
vn 0.9061 0.1951 -0.3753
vn 0.9808 0.1951 -0.0000
vn -0.6935 0.1951 0.6935
vn 0.6935 0.1951 -0.6935
vn -0.3753 0.1951 0.9061
vn 0.3753 0.1951 -0.9061
vn -0.0000 0.1951 0.9808
vn -0.3753 0.1951 -0.9061
vn -0.0000 0.1951 -0.9808
vn 0.3753 0.1951 0.9061
vn -0.6935 0.1951 -0.6935
vn 0.6935 0.1951 0.6935
vn -0.9061 0.1951 -0.3753
vn 0.9061 0.1951 0.3753
vn 0.3820 0.0602 -0.9222
vn 0.7058 0.0602 -0.7058
vn -0.2069 0.9746 -0.0857
vn -0.1583 0.9746 -0.1583
vn 0.2069 0.9746 0.0857
vn -0.2239 0.9746 -0.0000
vn 0.2239 0.9746 -0.0000
vn -0.2069 0.9746 0.0857
vn 0.2069 0.9746 -0.0857
vn -0.1583 0.9746 0.1583
vn 0.1583 0.9746 -0.1583
vn -0.0857 0.9746 0.2069
vn 0.0857 0.9746 -0.2069
vn -0.0000 0.9746 0.2239
vn -0.0857 0.9746 -0.2069
vn -0.0000 0.9746 -0.2239
vn -0.0000 0.0602 0.9982
vn -0.3820 0.0602 0.9222
vn -0.3820 0.0602 -0.9222
vn -0.0000 0.0602 -0.9982
vn 0.3820 0.0602 0.9222
vn -0.7058 0.0602 -0.7058
vn 0.7058 0.0602 0.7058
vn -0.9222 0.0602 -0.3820
vn 0.9222 0.0602 0.3820
vn -0.9982 0.0602 -0.0000
vn 0.9982 0.0602 -0.0000
vn -0.9222 0.0602 0.3820
vn 0.9222 0.0602 -0.3820
vn -0.7058 0.0602 0.7058
vn 0.1141 -0.0000 -0.9935
vn 0.1103 -0.0000 -0.9939
vn 0.1104 -0.0000 -0.9939
vn 0.5001 -0.0000 -0.8660
vn 0.5000 -0.0000 -0.8660
vn 0.8660 -0.0000 -0.5000
vn 0.8660 -0.0000 0.5000
vn 0.5001 -0.0000 0.8660
vn 0.5000 -0.0000 0.8660
vn 0.1141 -0.0000 0.9935
vn 0.1104 -0.0000 0.9939
vn 0.1103 -0.0000 0.9939
vn -0.0003 -1.0000 -0.0000
vn -0.0002 -1.0000 0.0001
vn -0.8660 -0.0000 -0.5000
vn -0.5001 -0.0000 -0.8660
vn -0.5000 -0.0000 -0.8660
vn -0.1141 -0.0000 -0.9935
vn -0.1104 -0.0000 -0.9939
vn -0.1103 -0.0000 -0.9939
vn -0.2858 -0.1566 0.9454
vn -0.2848 -0.1564 0.9457
vn -0.0000 -0.1288 0.9917
vn 0.6406 -0.1855 0.7451
vn 0.2858 -0.1566 0.9454
vn 0.2848 -0.1564 0.9457
vn 0.6622 -0.1850 0.7262
vn 0.2858 -0.1566 -0.9454
vn 0.6406 -0.1855 -0.7451
vn 0.6622 -0.1850 -0.7262
vn 0.2848 -0.1564 -0.9457
vn -0.1935 -0.0000 -0.9811
vn 0.0003 -1.0000 -0.0000
vn 0.0002 -1.0000 0.0001
vn -0.1104 -0.0000 0.9939
vn -0.1103 -0.0000 0.9939
vn -0.1935 -0.0000 0.9811
vn 0.8407 -0.1718 0.5136
vn -0.0000 -0.1288 -0.9917
vn 0.8407 -0.1718 -0.5136
vn -0.8407 -0.1718 0.5136
vn -0.6622 -0.1850 0.7262
vn -0.6406 -0.1855 0.7451
vn 0.1935 -0.0000 0.9811
vn 0.1935 -0.0000 -0.9811
vn -0.8549 -0.5187 -0.0000
vn -0.8493 -0.5153 -0.1149
vn -0.8482 -0.5147 -0.1248
vn -0.6406 -0.1855 -0.7451
vn -0.6622 -0.1850 -0.7262
vn -0.8407 -0.1718 -0.5136
vn -0.2858 -0.1566 -0.9454
vn -0.2848 -0.1564 -0.9457
vn 0.0002 -1.0000 -0.0002
vn 0.0002 -1.0000 -0.0001
vn -0.0003 -1.0000 0.0002
vn -0.0001 -1.0000 0.0002
vn -0.0003 -1.0000 -0.0002
vn -0.0001 -1.0000 -0.0002
vn 0.0002 -1.0000 0.0002
vn 0.8482 -0.5147 0.1248
vn 0.8549 -0.5187 -0.0000
vn 0.8493 -0.5153 0.1149
vn 0.8482 -0.5147 -0.1248
vn 0.8493 -0.5153 -0.1149
vn 0.2651 -0.1473 0.9529
vn 0.2578 -0.1454 0.9552
vn 0.2423 -0.1415 0.9598
vn 0.2608 -0.1484 -0.9539
vn 0.2408 -0.1426 -0.9600
vn 0.2553 -0.1468 -0.9557
vn 0.8549 -0.5188 -0.0000
vn 0.8445 -0.5124 -0.1555
vn 0.8459 -0.5132 -0.1453
vn 0.8445 -0.5124 0.1555
vn 0.8459 -0.5132 0.1453
vn 0.2225 -0.1373 -0.9652
vn 0.2200 -0.1358 0.9660
vn -0.0002 -1.0000 0.0002
vn -0.8660 -0.0000 0.5000
vn -0.5001 -0.0000 0.8660
vn -0.5000 -0.0000 0.8660
vn -0.1141 -0.0000 0.9935
vn 0.0003 -1.0000 0.0002
vn 0.0001 -1.0000 0.0002
vn 0.0003 -1.0000 -0.0002
vn 0.0001 -1.0000 -0.0002
vn -0.8549 -0.5188 -0.0000
vn -0.8459 -0.5132 -0.1453
vn -0.8445 -0.5124 -0.1555
vn -0.2553 -0.1468 -0.9557
vn -0.2225 -0.1373 -0.9652
vn -0.2408 -0.1426 -0.9600
vn -0.0002 -1.0000 -0.0001
vn -0.8482 -0.5147 0.1248
vn -0.8493 -0.5153 0.1149
vn -0.8459 -0.5132 0.1453
vn -0.0002 -1.0000 -0.0002
vn -0.8445 -0.5124 0.1555
vn -0.2608 -0.1484 -0.9539
vn -0.2651 -0.1473 0.9529
vn -0.2423 -0.1415 0.9598
vn -0.2578 -0.1454 0.9552
vn -0.2200 -0.1358 0.9660
vn -0.0000 -1.0000 -0.0000
vn -0.0002 1.0000 -0.0000
vn 0.0004 1.0000 -0.0000
vn 0.0002 1.0000 -0.0000
vn -0.0004 1.0000 -0.0000
vn -0.5001 0.0018 0.8660
vn -0.4961 0.0164 0.8681
vn 0.0049 -0.0002 1.0000
vn -0.8661 0.0030 0.4999
vn -0.8643 0.0286 0.5021
vn -1.0000 0.0035 -0.0000
vn -0.9995 0.0331 -0.0000
vn -0.8661 0.0030 -0.4999
vn -0.8643 0.0286 -0.5021
vn -0.5001 0.0018 -0.8660
vn -0.4961 0.0164 -0.8681
vn 0.0049 -0.0002 -1.0000
vn 0.5001 -0.0018 -0.8660
vn 0.5034 -0.0167 -0.8639
vn 0.8661 -0.0030 -0.4999
vn 0.8668 -0.0288 -0.4979
vn 1.0000 -0.0035 -0.0000
vn 0.9994 -0.0332 -0.0000
vn 0.8661 -0.0030 0.4999
vn 0.8668 -0.0288 0.4979
vn 0.5001 -0.0018 0.8660
vn 0.5034 -0.0167 0.8639
vn -0.4922 0.0514 0.8690
vn 0.0068 -0.0007 1.0000
vn -0.8597 0.0896 0.5029
vn -0.9946 0.1037 -0.0000
vn -0.8597 0.0896 -0.5029
vn -0.4922 0.0514 -0.8690
vn 0.0068 -0.0007 -1.0000
vn 0.5024 -0.0526 -0.8631
vn 0.8630 -0.0904 -0.4970
vn 0.9946 -0.1042 -0.0000
vn 0.8630 -0.0904 0.4970
vn 0.5024 -0.0526 0.8631
vn -0.4824 0.0995 0.8703
vn 0.0093 -0.0019 1.0000
vn -0.8456 0.1745 0.5044
vn -0.9794 0.2021 -0.0000
vn -0.8456 0.1745 -0.5044
vn -0.4824 0.0995 -0.8703
vn 0.0093 -0.0019 -1.0000
vn 0.4964 -0.1024 -0.8620
vn 0.8504 -0.1753 -0.4961
vn 0.9794 -0.2019 -0.0000
vn 0.8504 -0.1753 0.4961
vn 0.4964 -0.1024 0.8620
vn -0.4803 0.1346 0.8667
vn 0.0019 -0.0005 1.0000
vn -0.8336 0.2336 0.5006
vn -0.9629 0.2699 -0.0000
vn -0.8336 0.2336 -0.5006
vn -0.4803 0.1346 -0.8667
vn 0.0019 -0.0005 -1.0000
vn 0.4831 -0.1352 -0.8651
vn 0.8346 -0.2335 -0.4989
vn 0.9630 -0.2694 -0.0000
vn 0.8346 -0.2335 0.4989
vn 0.4831 -0.1352 0.8651
vn -0.4913 0.1194 0.8628
vn -0.0074 0.0018 1.0000
vn -0.8433 0.2050 0.4968
vn -0.9717 0.2362 -0.0000
vn -0.8433 0.2050 -0.4968
vn -0.4913 0.1194 -0.8628
vn -0.0074 0.0018 -1.0000
vn 0.4802 -0.1169 -0.8693
vn 0.8396 -0.2044 -0.5034
vn 0.9716 -0.2365 -0.0000
vn 0.8396 -0.2044 0.5033
vn 0.4802 -0.1169 0.8693
vn -0.5022 0.0685 0.8620
vn -0.0093 0.0013 1.0000
vn -0.8603 0.1174 0.4961
vn -0.9908 0.1352 -0.0000
vn -0.8603 0.1174 -0.4961
vn -0.5022 0.0685 -0.8620
vn -0.0093 0.0013 -1.0000
vn 0.4883 -0.0666 -0.8702
vn 0.8556 -0.1167 -0.5042
vn 0.9908 -0.1351 -0.0000
vn 0.8556 -0.1167 0.5042
vn 0.4883 -0.0666 0.8702
vn -0.5045 0.0198 0.8632
vn -0.0065 0.0003 1.0000
vn -0.8670 0.0340 0.4972
vn -0.9992 0.0392 -0.0000
vn -0.8670 0.0340 -0.4972
vn -0.5045 0.0198 -0.8632
vn -0.0065 0.0003 -1.0000
vn 0.4947 -0.0193 -0.8688
vn 0.8637 -0.0336 -0.5028
vn 0.9992 -0.0389 -0.0000
vn 0.8637 -0.0336 0.5028
vn 0.4947 -0.0193 0.8688
vn -0.5001 -0.0003 0.8660
vn -0.8661 -0.0005 0.4999
vn -1.0000 -0.0005 -0.0000
vn -0.8661 -0.0005 -0.4999
vn -0.5001 -0.0003 -0.8660
vn 0.5001 0.0003 -0.8660
vn 0.8661 0.0005 -0.4999
vn 1.0000 0.0006 -0.0000
vn 0.8661 0.0005 0.4999
vn 0.5001 0.0003 0.8660
vn 0.5001 0.0018 0.8660
vn -0.0049 -0.0002 1.0000
vn 0.4961 0.0164 0.8681
vn 0.8661 0.0030 0.4999
vn 0.8643 0.0286 0.5021
vn 1.0000 0.0035 -0.0000
vn 0.9995 0.0331 -0.0000
vn 0.8661 0.0030 -0.4999
vn 0.8643 0.0286 -0.5021
vn 0.5001 0.0018 -0.8660
vn 0.4961 0.0164 -0.8681
vn -0.0049 -0.0002 -1.0000
vn -0.5001 -0.0018 -0.8660
vn -0.5034 -0.0167 -0.8639
vn -0.8661 -0.0030 -0.4999
vn -0.8668 -0.0288 -0.4979
vn -1.0000 -0.0035 -0.0000
vn -0.9994 -0.0332 -0.0000
vn -0.8661 -0.0030 0.4999
vn -0.8668 -0.0288 0.4979
vn -0.5001 -0.0018 0.8660
vn -0.5034 -0.0167 0.8639
vn -0.0068 -0.0007 1.0000
vn 0.4922 0.0514 0.8690
vn 0.8597 0.0896 0.5029
vn 0.9946 0.1037 -0.0000
vn 0.8597 0.0896 -0.5029
vn 0.4922 0.0514 -0.8690
vn -0.0068 -0.0007 -1.0000
vn -0.5024 -0.0526 -0.8631
vn -0.8630 -0.0904 -0.4970
vn -0.9946 -0.1042 -0.0000
vn -0.8630 -0.0904 0.4970
vn -0.5024 -0.0526 0.8631
vn -0.0093 -0.0019 1.0000
vn 0.4824 0.0995 0.8703
vn 0.8456 0.1745 0.5044
vn 0.9794 0.2021 -0.0000
vn 0.8456 0.1745 -0.5044
vn 0.4824 0.0995 -0.8703
vn -0.0093 -0.0019 -1.0000
vn -0.4964 -0.1024 -0.8620
vn -0.8504 -0.1753 -0.4961
vn -0.9794 -0.2019 -0.0000
vn -0.8504 -0.1753 0.4961
vn -0.4964 -0.1024 0.8620
vn -0.0019 -0.0005 1.0000
vn 0.4803 0.1346 0.8667
vn 0.8336 0.2336 0.5006
vn 0.9629 0.2699 -0.0000
vn 0.8336 0.2336 -0.5006
vn 0.4803 0.1346 -0.8667
vn -0.0019 -0.0005 -1.0000
vn -0.4831 -0.1352 -0.8651
vn -0.8346 -0.2335 -0.4989
vn -0.9630 -0.2694 -0.0000
vn -0.8346 -0.2335 0.4989
vn -0.4831 -0.1352 0.8651
vn 0.0074 0.0018 1.0000
vn 0.4913 0.1194 0.8628
vn 0.8433 0.2050 0.4968
vn 0.9717 0.2362 -0.0000
vn 0.8433 0.2050 -0.4968
vn 0.4913 0.1194 -0.8628
vn 0.0074 0.0018 -1.0000
vn -0.4802 -0.1169 -0.8693
vn -0.8396 -0.2044 -0.5034
vn -0.9716 -0.2365 -0.0000
vn -0.8396 -0.2044 0.5033
vn -0.4802 -0.1169 0.8693
vn 0.0093 0.0013 1.0000
vn 0.5022 0.0685 0.8620
vn 0.8603 0.1174 0.4961
vn 0.9908 0.1352 -0.0000
vn 0.8603 0.1174 -0.4961
vn 0.5022 0.0685 -0.8620
vn 0.0093 0.0013 -1.0000
vn -0.4882 -0.0666 -0.8702
vn -0.8556 -0.1167 -0.5042
vn -0.9908 -0.1351 -0.0000
vn -0.8556 -0.1167 0.5042
vn -0.4883 -0.0666 0.8702
vn 0.0065 0.0003 1.0000
vn 0.5045 0.0198 0.8632
vn 0.8670 0.0340 0.4972
vn 0.9992 0.0392 -0.0000
vn 0.8670 0.0340 -0.4972
vn 0.5045 0.0198 -0.8632
vn 0.0065 0.0003 -1.0000
vn -0.4947 -0.0193 -0.8688
vn -0.8637 -0.0336 -0.5028
vn -0.9992 -0.0389 -0.0000
vn -0.8637 -0.0336 0.5028
vn -0.4947 -0.0193 0.8688
vn 0.5001 -0.0003 0.8660
vn 0.8661 -0.0005 0.4999
vn 1.0000 -0.0005 -0.0000
vn 0.8661 -0.0005 -0.4999
vn 0.5001 -0.0003 -0.8660
vn -0.5001 0.0003 -0.8660
vn -0.8661 0.0005 -0.4999
vn -1.0000 0.0006 -0.0000
vn -0.8661 0.0005 0.4999
vn -0.5001 0.0003 0.8660
vn -0.2117 0.9773 -0.0000
vn -0.1165 0.9932 -0.0000
vn -0.1147 0.9741 0.1949
vn -0.2071 0.9585 0.1959
vn -0.0038 0.0208 0.9998
vn -0.0428 0.2090 0.9770
vn -0.0240 0.2134 0.9767
vn -0.0024 0.0228 0.9997
vn -0.0501 0.9987 -0.0000
vn -0.0000 0.9807 0.1957
vn -0.0494 0.9795 0.1951
vn 0.4960 0.8682 0.0166
vn 0.4790 0.8484 0.2254
vn 0.8354 0.4853 0.2582
vn 0.8725 0.4855 0.0551
vn -0.0109 0.2161 0.9763
vn -0.0013 0.0239 0.9997
vn -0.2425 0.9702 -0.0000
vn -0.2359 0.9512 0.1991
vn 0.0102 0.0229 0.9997
vn 0.2756 0.1945 0.9414
vn 0.1388 0.2568 0.9565
vn -0.0058 0.2395 0.9709
vn -0.0160 0.9804 0.1963
vn -0.0064 1.0000 -0.0000
vn -0.0816 0.6991 0.7104
vn -0.1470 0.6867 0.7119
vn -0.0000 0.7037 0.7105
vn -0.0356 0.7043 0.7090
vn -0.0000 0.2152 0.9766
vn -0.0516 0.2121 0.9759
vn -0.0173 0.7237 0.6899
vn -0.1681 0.6872 0.7067
vn 0.6441 0.4130 0.6439
vn 0.3460 0.6599 0.6669
vn 0.7065 0.1699 0.6871
vn 0.6052 0.0360 0.7953
vn 0.9206 0.0874 0.3805
vn 0.9277 0.2014 0.3142
vn 0.3031 0.0602 0.9510
vn -0.0000 0.0242 0.9997
vn 0.1617 0.0101 0.9868
vn 0.9811 0.1807 0.0691
vn 0.9944 0.0863 0.0616
vn 0.9972 0.0746 -0.0000
vn 0.9853 0.1708 -0.0000
vn -0.0051 0.0205 0.9998
vn -0.0001 0.0007 1.0000
vn -0.0000 0.0009 1.0000
vn -0.0001 0.0002 1.0000
vn 0.0152 0.0029 0.9999
vn 0.0178 0.0042 0.9998
vn 0.1769 -0.9842 0.0001
vn 0.1769 -0.9842 -0.0000
vn 0.7206 -0.6933 0.0086
vn 0.6528 -0.7575 0.0064
vn 0.6515 -0.7587 -0.0000
vn 0.7206 -0.6933 -0.0000
vn 0.4678 -0.8838 0.0022
vn 0.4662 -0.8847 -0.0000
vn 0.4680 -0.8837 0.0022
vn 0.1767 -0.9843 0.0001
vn 0.6453 -0.7639 0.0061
vn 0.4911 0.8711 -0.0000
vn 0.8720 0.4895 -0.0000
vn 0.2117 0.9773 -0.0000
vn 0.2071 0.9585 0.1959
vn 0.1147 0.9741 0.1949
vn 0.1165 0.9932 -0.0000
vn 0.0038 0.0208 0.9998
vn 0.0024 0.0228 0.9997
vn 0.0240 0.2134 0.9767
vn 0.0428 0.2090 0.9770
vn 0.0501 0.9987 -0.0000
vn 0.0494 0.9795 0.1951
vn -0.4960 0.8682 0.0166
vn -0.8725 0.4855 0.0551
vn -0.8354 0.4853 0.2582
vn -0.4790 0.8484 0.2254
vn 0.0013 0.0239 0.9997
vn 0.0109 0.2161 0.9763
vn 0.2425 0.9702 -0.0000
vn 0.2359 0.9512 0.1991
vn -0.0102 0.0229 0.9997
vn 0.0058 0.2395 0.9709
vn -0.1388 0.2568 0.9565
vn -0.2756 0.1945 0.9414
vn 0.0064 1.0000 -0.0000
vn 0.0160 0.9804 0.1963
vn 0.1470 0.6867 0.7119
vn 0.0816 0.6991 0.7104
vn 0.0356 0.7043 0.7090
vn 0.0516 0.2121 0.9759
vn 0.1681 0.6872 0.7067
vn 0.0173 0.7237 0.6899
vn -0.3460 0.6599 0.6669
vn -0.6441 0.4130 0.6439
vn -0.7065 0.1699 0.6871
vn -0.9277 0.2014 0.3142
vn -0.9206 0.0874 0.3805
vn -0.6052 0.0360 0.7953
vn -0.3031 0.0602 0.9510
vn -0.1617 0.0101 0.9868
vn -0.9811 0.1807 0.0691
vn -0.9944 0.0863 0.0616
vn -0.9853 0.1708 -0.0000
vn -0.9972 0.0746 -0.0000
vn 0.0051 0.0205 0.9998
vn 0.0001 0.0007 1.0000
vn 0.0001 0.0002 1.0000
vn -0.0152 0.0029 0.9999
vn -0.0178 0.0042 0.9998
vn -0.1769 -0.9842 0.0001
vn -0.1769 -0.9842 -0.0000
vn -0.7206 -0.6933 0.0086
vn -0.7206 -0.6933 -0.0000
vn -0.6515 -0.7587 -0.0000
vn -0.6528 -0.7575 0.0064
vn -0.4662 -0.8847 -0.0000
vn -0.4678 -0.8838 0.0022
vn -0.4680 -0.8837 0.0022
vn -0.1767 -0.9843 0.0001
vn -0.6453 -0.7639 0.0061
vn -0.4911 0.8711 -0.0000
vn -0.8720 0.4895 -0.0000
vn -0.2071 0.9585 -0.1959
vn -0.1147 0.9741 -0.1949
vn -0.0038 0.0208 -0.9998
vn -0.0024 0.0228 -0.9997
vn -0.0240 0.2134 -0.9767
vn -0.0428 0.2090 -0.9770
vn -0.0494 0.9795 -0.1951
vn -0.0000 0.9807 -0.1957
vn 0.4960 0.8682 -0.0166
vn 0.8725 0.4855 -0.0551
vn 0.8354 0.4853 -0.2582
vn 0.4790 0.8484 -0.2254
vn -0.0013 0.0239 -0.9997
vn -0.0109 0.2161 -0.9763
vn -0.2359 0.9512 -0.1991
vn 0.0102 0.0229 -0.9997
vn -0.0058 0.2395 -0.9709
vn 0.1388 0.2568 -0.9565
vn 0.2756 0.1945 -0.9414
vn -0.0160 0.9804 -0.1963
vn -0.1470 0.6867 -0.7119
vn -0.0816 0.6991 -0.7104
vn -0.0356 0.7043 -0.7090
vn -0.0000 0.7037 -0.7105
vn -0.0000 0.2152 -0.9766
vn -0.0516 0.2121 -0.9759
vn -0.1681 0.6872 -0.7067
vn -0.0173 0.7237 -0.6899
vn 0.3460 0.6599 -0.6669
vn 0.6441 0.4130 -0.6439
vn 0.7065 0.1699 -0.6871
vn 0.9277 0.2014 -0.3142
vn 0.9206 0.0874 -0.3805
vn 0.6052 0.0360 -0.7953
vn 0.3031 0.0602 -0.9510
vn -0.0000 0.0242 -0.9997
vn 0.1617 0.0101 -0.9868
vn 0.9811 0.1807 -0.0691
vn 0.9944 0.0863 -0.0616
vn -0.0051 0.0205 -0.9998
vn -0.0000 0.0009 -1.0000
vn -0.0001 0.0007 -1.0000
vn -0.0001 0.0002 -1.0000
vn 0.0152 0.0029 -0.9999
vn 0.0178 0.0042 -0.9998
vn 0.1769 -0.9842 -0.0001
vn 0.7206 -0.6933 -0.0086
vn 0.6528 -0.7575 -0.0064
vn 0.4678 -0.8838 -0.0022
vn 0.4680 -0.8837 -0.0022
vn 0.1767 -0.9843 -0.0001
vn 0.6453 -0.7639 -0.0061
vn 0.1147 0.9741 -0.1949
vn 0.2071 0.9585 -0.1959
vn 0.0038 0.0208 -0.9998
vn 0.0428 0.2090 -0.9770
vn 0.0240 0.2134 -0.9767
vn 0.0024 0.0228 -0.9997
vn 0.0494 0.9795 -0.1951
vn -0.4960 0.8682 -0.0166
vn -0.4790 0.8484 -0.2254
vn -0.8354 0.4853 -0.2582
vn -0.8725 0.4855 -0.0551
vn 0.0109 0.2161 -0.9763
vn 0.0013 0.0239 -0.9997
vn 0.2359 0.9512 -0.1991
vn -0.0102 0.0229 -0.9997
vn -0.2756 0.1945 -0.9414
vn -0.1388 0.2568 -0.9565
vn 0.0058 0.2395 -0.9709
vn 0.0160 0.9804 -0.1963
vn 0.0816 0.6991 -0.7104
vn 0.1470 0.6867 -0.7119
vn 0.0356 0.7043 -0.7090
vn 0.0516 0.2121 -0.9759
vn 0.0173 0.7237 -0.6899
vn 0.1681 0.6872 -0.7067
vn -0.6441 0.4130 -0.6439
vn -0.3460 0.6599 -0.6669
vn -0.7065 0.1699 -0.6871
vn -0.6052 0.0360 -0.7953
vn -0.9206 0.0874 -0.3805
vn -0.9277 0.2014 -0.3142
vn -0.3031 0.0602 -0.9510
vn -0.1617 0.0101 -0.9868
vn -0.9811 0.1807 -0.0691
vn -0.9944 0.0863 -0.0616
vn 0.0051 0.0205 -0.9998
vn 0.0001 0.0007 -1.0000
vn 0.0001 0.0002 -1.0000
vn -0.0152 0.0029 -0.9999
vn -0.0178 0.0042 -0.9998
vn -0.1769 -0.9842 -0.0001
vn -0.7206 -0.6933 -0.0086
vn -0.6528 -0.7575 -0.0064
vn -0.4678 -0.8838 -0.0022
vn -0.4680 -0.8837 -0.0022
vn -0.1767 -0.9843 -0.0001
vn -0.6453 -0.7639 -0.0061
vn 0.6189 0.5185 -0.5900
vn 0.9072 0.2719 -0.3210
vn 0.8996 0.1445 -0.4122
vn 0.6097 0.2711 -0.7448
vn 0.8965 -0.0000 -0.4430
vn 0.6060 -0.0000 -0.7955
vn -0.0000 0.3446 -0.9387
vn 0.0704 0.3424 -0.9369
vn 0.0691 -0.0000 -0.9976
vn -0.0000 0.6636 -0.7481
vn 0.0738 0.6601 -0.7475
vn -0.0000 0.9063 -0.4227
vn 0.0776 0.9028 -0.4231
vn 0.0793 0.9968 -0.0000
vn -0.0000 0.9063 0.4227
vn 0.0776 0.9028 0.4231
vn -0.0000 0.6636 0.7481
vn 0.0738 0.6601 0.7475
vn -0.0000 0.3446 0.9387
vn 0.0704 0.3424 0.9369
vn 0.0691 -0.0000 0.9976
vn -0.0000 -0.3446 0.9387
vn 0.0704 -0.3424 0.9369
vn -0.0000 -0.6636 0.7481
vn 0.0738 -0.6601 0.7475
vn -0.0000 -0.9063 0.4227
vn 0.0776 -0.9028 0.4231
vn 0.0793 -0.9968 -0.0000
vn -0.0000 -0.9063 -0.4227
vn 0.0776 -0.9028 -0.4231
vn 0.1288 -0.0000 -0.9917
vn 0.1492 -0.0000 -0.9888
vn 0.1519 -0.3361 -0.9295
vn 0.1300 -0.3403 -0.9313
vn 0.1300 0.3403 0.9313
vn 0.1331 0.6560 0.7429
vn 0.1300 -0.3403 0.9313
vn 0.1288 -0.0000 0.9917
vn 0.1385 -0.9904 -0.0000
vn 0.1368 -0.8970 0.4203
vn 0.1331 -0.6560 -0.7429
vn 0.0738 -0.6601 -0.7475
vn 0.0704 -0.3424 -0.9369
vn -0.5244 0.5629 -0.6389
vn 0.0127 0.6628 -0.7487
vn 0.0122 0.3439 -0.9389
vn -0.5121 0.2943 -0.8069
vn -0.5372 0.7634 0.3587
vn 0.0132 0.9059 0.4233
vn 0.0134 0.9999 -0.0000
vn -0.5426 0.8400 -0.0000
vn -0.5072 -0.0000 0.8618
vn 0.0120 -0.0000 0.9999
vn 0.0122 0.3439 0.9389
vn -0.5121 0.2943 0.8069
vn -0.5372 -0.7634 0.3587
vn 0.0132 -0.9059 0.4233
vn 0.0127 -0.6628 0.7487
vn -0.5244 -0.5629 0.6389
vn -0.5244 -0.5629 -0.6389
vn 0.0127 -0.6628 -0.7487
vn 0.0132 -0.9059 -0.4233
vn -0.5372 -0.7634 -0.3587
vn 0.1300 0.3403 -0.9313
vn 0.1519 0.3361 -0.9295
vn 0.1385 0.9904 -0.0000
vn 0.1711 0.9853 -0.0000
vn 0.1673 0.8909 -0.4222
vn 0.1368 0.8970 -0.4203
vn 0.1519 0.3361 0.9295
vn 0.1591 0.6495 0.7436
vn 0.1331 -0.6560 0.7429
vn 0.1591 -0.6495 0.7436
vn 0.1519 -0.3361 0.9295
vn 0.1368 -0.8970 -0.4203
vn 0.1673 -0.8909 -0.4222
vn 0.1711 -0.9853 -0.0000
vn 0.6284 0.7037 -0.3316
vn 0.9154 0.3617 -0.1768
vn 0.6324 0.7747 -0.0000
vn 0.9189 0.3945 -0.0000
vn 0.6284 0.7037 0.3316
vn 0.9154 0.3617 0.1768
vn 0.6189 0.5185 0.5900
vn 0.9072 0.2719 0.3210
vn 0.6097 0.2711 0.7448
vn 0.8996 0.1445 0.4122
vn 0.6060 -0.0000 0.7955
vn 0.8965 -0.0000 0.4430
vn 0.6097 -0.2711 0.7448
vn 0.8996 -0.1445 0.4122
vn 0.6189 -0.5185 0.5900
vn 0.9072 -0.2719 0.3210
vn 0.6284 -0.7037 0.3316
vn 0.9154 -0.3617 0.1769
vn 0.6324 -0.7747 -0.0000
vn 0.9189 -0.3945 -0.0000
vn 0.6284 -0.7037 -0.3316
vn 0.9154 -0.3617 -0.1769
vn 0.6189 -0.5185 -0.5900
vn 0.9072 -0.2719 -0.3211
vn 0.6097 -0.2711 -0.7448
vn 0.8996 -0.1445 -0.4122
vn 0.0122 -0.3439 0.9389
vn 0.0127 0.6628 0.7487
vn 0.0132 0.9059 -0.4233
vn -0.7702 -0.0000 -0.6378
vn -0.5072 -0.0000 -0.8618
vn -0.5121 -0.2943 -0.8069
vn -0.7757 -0.2098 -0.5952
vn -0.7897 -0.3977 -0.4671
vn -0.8050 -0.5335 -0.2595
vn -0.8117 -0.5840 -0.0000
vn -0.5426 -0.8400 -0.0000
vn -0.8050 -0.5335 0.2595
vn -0.7897 -0.3977 0.4671
vn -0.5121 -0.2943 0.8069
vn -0.7757 -0.2098 0.5952
vn -0.7702 -0.0000 0.6378
vn -0.7757 0.2098 0.5952
vn -0.7897 0.3977 0.4671
vn -0.5244 0.5629 0.6389
vn -0.8050 0.5335 0.2595
vn -0.8117 0.5840 -0.0000
vn -0.5372 0.7634 -0.3587
vn -0.8050 0.5335 -0.2595
vn -0.7897 0.3977 -0.4671
vn -0.7757 0.2098 -0.5952
vn -0.0000 -0.6636 -0.7481
vn 0.0122 -0.3439 -0.9389
vn 0.0120 -0.0000 -0.9999
vn 0.1368 0.8970 0.4203
vn 0.1591 -0.6495 -0.7436
vn 0.1673 -0.8909 0.4222
vn 0.1492 -0.0000 0.9888
vn 0.1673 0.8909 0.4222
vn 0.1331 0.6560 -0.7429
vn 0.1591 0.6495 -0.7436
vn 0.0135 -0.9999 -0.0000
vn -0.0000 -0.3446 -0.9387
vn -0.6060 -0.0000 -0.7955
vn -0.6097 -0.2711 -0.7448
vn -0.8996 -0.1445 -0.4122
vn -0.8965 -0.0000 -0.4430
vn -0.6189 -0.5185 -0.5900
vn -0.9072 -0.2719 -0.3211
vn -0.6284 -0.7037 -0.3316
vn -0.9154 -0.3617 -0.1769
vn -0.6324 -0.7747 -0.0000
vn -0.9189 -0.3945 -0.0000
vn -0.6284 -0.7037 0.3316
vn -0.9154 -0.3617 0.1769
vn -0.6189 -0.5185 0.5900
vn -0.9072 -0.2719 0.3210
vn -0.6097 -0.2711 0.7448
vn -0.8996 -0.1445 0.4122
vn -0.6060 -0.0000 0.7955
vn -0.8965 -0.0000 0.4430
vn -0.6097 0.2711 0.7448
vn -0.8996 0.1445 0.4122
vn -0.6189 0.5185 0.5900
vn -0.9072 0.2719 0.3211
vn -0.6284 0.7037 0.3316
vn -0.9154 0.3617 0.1768
vn -0.6324 0.7747 -0.0000
vn -0.9189 0.3945 -0.0000
vn -0.6284 0.7037 -0.3316
vn -0.9154 0.3617 -0.1768
vn -0.6189 0.5185 -0.5900
vn -0.9072 0.2719 -0.3210
vn -0.6097 0.2711 -0.7448
vn -0.8996 0.1445 -0.4122
vn -0.0691 -0.0000 -0.9976
vn -0.0704 0.3424 -0.9369
vn -0.0738 0.6601 -0.7475
vn -0.0776 0.9028 -0.4231
vn -0.0793 0.9968 -0.0000
vn -0.0776 0.9028 0.4231
vn -0.0738 0.6601 0.7475
vn -0.0704 0.3424 0.9369
vn -0.0691 -0.0000 0.9976
vn -0.0704 -0.3424 0.9369
vn -0.0738 -0.6601 0.7475
vn -0.0776 -0.9028 0.4231
vn -0.0793 -0.9968 -0.0000
vn -0.0776 -0.9028 -0.4231
vn -0.1288 -0.0000 -0.9917
vn -0.1300 -0.3403 -0.9313
vn -0.1519 -0.3361 -0.9295
vn -0.1492 -0.0000 -0.9888
vn -0.0738 -0.6601 -0.7475
vn 0.7757 0.2098 -0.5952
vn 0.7702 -0.0000 -0.6378
vn 0.5072 -0.0000 -0.8618
vn 0.5121 0.2943 -0.8069
vn 0.7897 0.3977 -0.4671
vn 0.5244 0.5629 -0.6389
vn 0.8050 0.5335 -0.2595
vn 0.5372 0.7634 -0.3587
vn 0.8117 0.5840 -0.0000
vn 0.5426 0.8400 -0.0000
vn 0.8050 0.5335 0.2595
vn 0.5372 0.7634 0.3587
vn 0.7897 0.3977 0.4671
vn 0.5244 0.5629 0.6389
vn 0.7757 0.2098 0.5952
vn 0.5121 0.2943 0.8069
vn 0.7702 -0.0000 0.6378
vn 0.5072 -0.0000 0.8618
vn 0.7757 -0.2098 0.5952
vn 0.5121 -0.2943 0.8069
vn 0.7897 -0.3977 0.4671
vn 0.5244 -0.5629 0.6389
vn 0.8050 -0.5335 0.2595
vn 0.5372 -0.7634 0.3587
vn 0.8117 -0.5840 -0.0000
vn 0.5426 -0.8400 -0.0000
vn 0.8050 -0.5335 -0.2595
vn 0.5372 -0.7634 -0.3587
vn 0.7897 -0.3977 -0.4671
vn 0.5244 -0.5629 -0.6389
vn 0.7757 -0.2098 -0.5952
vn 0.5121 -0.2943 -0.8069
vn -0.0122 0.3439 -0.9389
vn -0.0120 -0.0000 -0.9999
vn -0.0127 0.6628 -0.7487
vn -0.0132 0.9059 -0.4233
vn -0.0134 0.9999 -0.0000
vn -0.0132 0.9059 0.4233
vn -0.0127 0.6628 0.7487
vn -0.0122 0.3439 0.9389
vn -0.0120 -0.0000 0.9999
vn -0.0122 -0.3439 0.9389
vn -0.0127 -0.6628 0.7487
vn -0.0132 -0.9059 0.4233
vn -0.0134 -0.9999 -0.0000
vn -0.0132 -0.9059 -0.4233
vn -0.0127 -0.6628 -0.7487
vn -0.0122 -0.3439 -0.9389
vn -0.1331 -0.6560 -0.7429
vn -0.1591 -0.6495 -0.7436
vn -0.0704 -0.3424 -0.9369
vn -0.1368 -0.8970 -0.4203
vn -0.1673 -0.8909 -0.4222
vn -0.1385 -0.9904 -0.0000
vn -0.1711 -0.9853 -0.0000
vn -0.1368 -0.8970 0.4203
vn -0.1673 -0.8909 0.4222
vn -0.1331 -0.6560 0.7429
vn -0.1591 -0.6495 0.7436
vn -0.1300 -0.3403 0.9313
vn -0.1519 -0.3361 0.9295
vn -0.1288 -0.0000 0.9917
vn -0.1492 -0.0000 0.9888
vn -0.1300 0.3403 0.9313
vn -0.1519 0.3361 0.9295
vn -0.1331 0.6560 0.7429
vn -0.1591 0.6495 0.7436
vn -0.1368 0.8970 0.4203
vn -0.1673 0.8909 0.4222
vn -0.1385 0.9904 -0.0000
vn -0.1711 0.9853 -0.0000
vn -0.1368 0.8970 -0.4203
vn -0.1673 0.8909 -0.4222
vn -0.1331 0.6560 -0.7429
vn -0.1591 0.6495 -0.7436
vn -0.1300 0.3403 -0.9313
vn -0.1519 0.3361 -0.9295
vn -0.2393 -0.7803 0.5778
vn -0.0000 -0.7803 0.6254
vn 0.5778 -0.7803 0.2393
vn 0.6254 -0.7803 -0.0000
vn -0.4422 -0.7803 -0.4422
vn -0.5778 -0.7803 -0.2393
vn 0.2393 -0.7803 -0.5778
vn -0.0000 -0.7803 -0.6254
vn -0.4422 -0.7803 0.4422
vn 0.4422 -0.7803 0.4422
vn -0.2393 -0.7803 -0.5778
vn -0.6254 -0.7803 -0.0000
vn 0.5778 -0.7803 -0.2393
vn 0.2393 -0.7803 0.5778
vn -0.5778 -0.7803 0.2393
vn 0.4422 -0.7803 -0.4422
vn -0.0018 -1.0000 0.0002
vn -0.0026 -1.0000 0.0006
vn -0.0019 -1.0000 0.0010
vn -0.0015 -1.0000 0.0003
vn -0.0026 -1.0000 -0.0006
vn -0.0018 -1.0000 -0.0002
vn -0.0015 -1.0000 -0.0003
vn -0.0019 -1.0000 -0.0010
vn 0.1308 -0.0000 -0.9914
vn 0.1306 -0.0000 -0.9914
vn 0.4999 -0.0000 -0.8661
vn 0.5004 -0.0000 -0.8658
vn -0.0021 -1.0000 -0.0000
vn -0.0035 -1.0000 -0.0000
vn -0.0016 -1.0000 -0.0000
vn -0.0019 -1.0000 -0.0006
vn -0.0007 -1.0000 -0.0010
vn -0.0002 -1.0000 -0.0000
vn -0.0004 -1.0000 -0.0000
vn 0.5004 -0.0000 0.8658
vn 0.4999 -0.0000 0.8661
vn 0.1306 -0.0000 0.9914
vn 0.1308 -0.0000 0.9914
vn -0.0019 -1.0000 0.0006
vn -0.0007 -1.0000 0.0010
vn 0.8662 -0.0000 0.4998
vn 0.8660 -0.0000 0.5001
vn 0.0021 1.0000 -0.0000
vn 0.0018 1.0000 -0.0002
vn 0.0035 1.0000 -0.0000
vn 0.0015 1.0000 -0.0000
vn 0.0019 1.0000 0.0006
vn 0.0026 1.0000 0.0006
vn 0.0026 1.0000 -0.0006
vn 0.0019 1.0000 -0.0006
vn 0.0008 1.0000 0.0010
vn 0.0019 1.0000 0.0010
vn 0.0018 1.0000 0.0002
vn 0.0007 1.0000 -0.0010
vn 0.0015 1.0000 -0.0003
vn 0.0015 1.0000 0.0003
vn 0.0019 1.0000 -0.0010
vn 0.8660 -0.0000 -0.5001
vn 0.8662 -0.0000 -0.4998
vn 0.0018 -1.0000 0.0002
vn 0.0015 -1.0000 0.0003
vn 0.0019 -1.0000 0.0010
vn 0.0026 -1.0000 0.0006
vn 0.0026 -1.0000 -0.0006
vn 0.0019 -1.0000 -0.0010
vn 0.0015 -1.0000 -0.0003
vn 0.0018 -1.0000 -0.0002
vn -0.1308 -0.0000 -0.9914
vn -0.5004 -0.0000 -0.8658
vn -0.4999 -0.0000 -0.8661
vn -0.1306 -0.0000 -0.9914
vn 0.0035 -1.0000 -0.0000
vn 0.0021 -1.0000 -0.0000
vn 0.0016 -1.0000 -0.0000
vn 0.0002 -1.0000 -0.0000
vn 0.0007 -1.0000 -0.0010
vn 0.0019 -1.0000 -0.0006
vn 0.0004 -1.0000 -0.0000
vn -0.5004 -0.0000 0.8658
vn -0.1308 -0.0000 0.9914
vn -0.1306 -0.0000 0.9914
vn -0.4999 -0.0000 0.8661
vn 0.0007 -1.0000 0.0010
vn 0.0019 -1.0000 0.0006
vn -0.8662 -0.0000 0.4998
vn -0.8660 -0.0000 0.5001
vn -0.0021 1.0000 -0.0000
vn -0.0018 1.0000 -0.0002
vn -0.0035 1.0000 -0.0000
vn -0.0026 1.0000 0.0006
vn -0.0019 1.0000 0.0006
vn -0.0015 1.0000 -0.0000
vn -0.0026 1.0000 -0.0006
vn -0.0019 1.0000 -0.0006
vn -0.0019 1.0000 0.0010
vn -0.0008 1.0000 0.0010
vn -0.0018 1.0000 0.0002
vn -0.0007 1.0000 -0.0010
vn -0.0015 1.0000 -0.0003
vn -0.0015 1.0000 0.0003
vn -0.0019 1.0000 -0.0010
vn -0.8662 -0.0000 -0.4998
vn -0.8660 -0.0000 -0.5001
vt 0.513814 0.279087
vt 0.513814 0.150883
vt 0.518083 0.150883
vt 0.518083 0.279087
vt 0.522353 0.150883
vt 0.522353 0.279087
vt 0.526622 0.150883
vt 0.526622 0.279087
vt 0.530891 0.150883
vt 0.530891 0.279087
vt 0.535160 0.150883
vt 0.535160 0.279087
vt 0.539429 0.150883
vt 0.539429 0.279087
vt 0.543699 0.150883
vt 0.543699 0.279087
vt 0.547968 0.150883
vt 0.547968 0.279087
vt 0.552237 0.150883
vt 0.552237 0.279087
vt 0.556506 0.150883
vt 0.556506 0.279087
vt 0.560776 0.150883
vt 0.560776 0.279087
vt 0.565045 0.150883
vt 0.565045 0.279087
vt 0.496737 0.279087
vt 0.496737 0.150883
vt 0.501007 0.150883
vt 0.501007 0.279087
vt 0.505276 0.150883
vt 0.505276 0.279087
vt 0.774275 0.294103
vt 0.774275 0.298374
vt 0.771659 0.298894
vt 0.771659 0.293582
vt 0.509545 0.150883
vt 0.509545 0.279087
vt 0.309365 0.212972
vt 0.309365 0.206296
vt 0.345338 0.206296
vt 0.345338 0.212972
vt 0.791092 0.287137
vt 0.787146 0.285503
vt 0.787666 0.282887
vt 0.792574 0.284919
vt 0.791092 0.305339
vt 0.794111 0.302319
vt 0.796329 0.303801
vt 0.792574 0.307557
vt 0.775910 0.302319
vt 0.778930 0.305339
vt 0.777448 0.307557
vt 0.773692 0.303801
vt 0.782875 0.285503
vt 0.778930 0.287137
vt 0.777448 0.284919
vt 0.782355 0.282887
vt 0.795746 0.298374
vt 0.795746 0.294103
vt 0.798362 0.293582
vt 0.798362 0.298894
vt 0.782875 0.306973
vt 0.782355 0.309590
vt 0.775910 0.290157
vt 0.773692 0.288675
vt 0.794112 0.290157
vt 0.796329 0.288675
vt 0.787146 0.306973
vt 0.787666 0.309590
vt 0.125342 0.322003
vt 0.116991 0.322003
vt 0.116991 0.319963
vt 0.125342 0.319963
vt 0.309365 0.159562
vt 0.309365 0.152885
vt 0.345338 0.152885
vt 0.345338 0.159562
vt 0.309365 0.219648
vt 0.345338 0.219648
vt 0.309365 0.166238
vt 0.345338 0.166238
vt 0.309365 0.226325
vt 0.345338 0.226325
vt 0.309365 0.172914
vt 0.345338 0.172914
vt 0.309365 0.233001
vt 0.345338 0.233001
vt 0.309365 0.186267
vt 0.309365 0.179591
vt 0.345338 0.179591
vt 0.345338 0.186267
vt 0.309365 0.239677
vt 0.345338 0.239677
vt 0.309365 0.192943
vt 0.345338 0.192943
vt 0.309365 0.246354
vt 0.345338 0.246354
vt 0.309365 0.199620
vt 0.345338 0.199620
vt 0.309365 0.253030
vt 0.345338 0.253030
vt 0.309365 0.259706
vt 0.345338 0.259706
vt 0.918477 0.196887
vt 0.927554 0.196887
vt 0.927554 0.217782
vt 0.918477 0.217782
vt 0.066888 0.322003
vt 0.058537 0.322003
vt 0.058537 0.319963
vt 0.066888 0.319963
vt 0.133693 0.322003
vt 0.133693 0.319963
vt 0.075238 0.322003
vt 0.075238 0.319963
vt 0.142043 0.322003
vt 0.142043 0.319963
vt 0.083589 0.322003
vt 0.083589 0.319963
vt 0.016784 0.322003
vt 0.008434 0.322003
vt 0.008434 0.319963
vt 0.016784 0.319963
vt 0.091940 0.322003
vt 0.091940 0.319963
vt 0.025135 0.322003
vt 0.025135 0.319963
vt 0.100290 0.322003
vt 0.100290 0.319963
vt 0.033485 0.322003
vt 0.033485 0.319963
vt 0.108641 0.322003
vt 0.108641 0.319963
vt 0.050187 0.322003
vt 0.041836 0.322003
vt 0.041836 0.319963
vt 0.050187 0.319963
vt 0.836782 0.196887
vt 0.845859 0.196887
vt 0.845859 0.217782
vt 0.836782 0.217782
vt 0.900323 0.196887
vt 0.909400 0.196887
vt 0.909400 0.217782
vt 0.900323 0.217782
vt 0.827704 0.196887
vt 0.827704 0.217782
vt 0.891245 0.196887
vt 0.891245 0.217782
vt 0.818627 0.196887
vt 0.818627 0.217782
vt 0.882168 0.196887
vt 0.882168 0.217782
vt 0.809550 0.196887
vt 0.809550 0.217782
vt 0.873091 0.196887
vt 0.873091 0.217782
vt 0.800472 0.196887
vt 0.800472 0.217782
vt 0.864013 0.196887
vt 0.864013 0.217782
vt 0.936632 0.196887
vt 0.945709 0.196887
vt 0.945709 0.217782
vt 0.936632 0.217782
vt 0.854936 0.196887
vt 0.854936 0.217782
vt 0.029003 0.256883
vt 0.029003 0.268878
vt 0.018651 0.268874
vt 0.018651 0.256879
vt 0.037711 0.256880
vt 0.037711 0.268875
vt 0.046419 0.256878
vt 0.046419 0.268873
vt 0.055126 0.256877
vt 0.055126 0.268872
vt 0.063834 0.256878
vt 0.063834 0.268873
vt 0.072541 0.256880
vt 0.072541 0.268875
vt 0.081249 0.256883
vt 0.081249 0.268878
vt 0.091602 0.256879
vt 0.091602 0.268874
vt 0.192460 0.332677
vt 0.184051 0.330423
vt 0.186206 0.321121
vt 0.192460 0.321895
vt 0.164316 0.256878
vt 0.173024 0.256880
vt 0.173024 0.268875
vt 0.164316 0.268873
vt 0.181732 0.256883
vt 0.192084 0.256879
vt 0.192084 0.268874
vt 0.181732 0.268878
vt 0.455717 0.267845
vt 0.455717 0.244883
vt 0.462566 0.244883
vt 0.462566 0.267845
vt 0.475778 0.267845
vt 0.469414 0.267845
vt 0.469414 0.244883
vt 0.475778 0.244883
vt 0.980922 0.194884
vt 0.987286 0.194884
vt 0.987286 0.217846
vt 0.980922 0.217846
vt 0.198481 0.256879
vt 0.198481 0.268874
vt 0.192199 0.305211
vt 0.192199 0.294429
vt 0.198453 0.293654
vt 0.200609 0.302958
vt 0.119133 0.256879
vt 0.119133 0.268874
vt 0.112737 0.268874
vt 0.112737 0.256879
vt 0.483121 0.267845
vt 0.483121 0.244883
vt 0.974074 0.194884
vt 0.974074 0.217846
vt 0.994630 0.194884
vt 0.994630 0.217846
vt 0.442010 0.267845
vt 0.442010 0.244883
vt 0.449353 0.244883
vt 0.449353 0.267845
vt 0.097998 0.256879
vt 0.105367 0.256879
vt 0.105367 0.268874
vt 0.097998 0.268874
vt 0.748184 0.292885
vt 0.748184 0.304315
vt 0.741807 0.304315
vt 0.741807 0.292885
vt 0.004885 0.256879
vt 0.012254 0.256879
vt 0.012254 0.268874
vt 0.004885 0.268874
vt 0.328781 0.275238
vt 0.336831 0.275238
vt 0.336435 0.281527
vt 0.328334 0.281542
vt 0.155609 0.256877
vt 0.155609 0.268872
vt 0.960861 0.194884
vt 0.960861 0.217846
vt 0.953517 0.217846
vt 0.953517 0.194884
vt 0.722675 0.292885
vt 0.729052 0.292885
vt 0.729052 0.304315
vt 0.722675 0.304315
vt 0.716298 0.292885
vt 0.716298 0.304315
vt 0.709921 0.292885
vt 0.709921 0.304315
vt 0.735429 0.292885
vt 0.735429 0.304315
vt 0.703544 0.292885
vt 0.703544 0.304315
vt 0.205850 0.256879
vt 0.205850 0.268874
vt 0.353154 0.159263
vt 0.353154 0.152886
vt 0.364583 0.152886
vt 0.364583 0.159263
vt 0.754561 0.292885
vt 0.754561 0.304315
vt 0.353154 0.165640
vt 0.364583 0.165640
vt 0.353154 0.178395
vt 0.364583 0.178395
vt 0.364583 0.184772
vt 0.353154 0.184772
vt 0.353154 0.172017
vt 0.364583 0.172017
vt 0.364583 0.191149
vt 0.353154 0.191149
vt 0.967225 0.194884
vt 0.967225 0.217846
vt 0.177632 0.296801
vt 0.185944 0.293654
vt 0.183789 0.302958
vt 0.208676 0.278045
vt 0.209019 0.288391
vt 0.200054 0.286712
vt 0.201410 0.282181
vt 0.182988 0.282181
vt 0.184190 0.285951
vt 0.175379 0.288391
vt 0.175721 0.278045
vt 0.206765 0.296801
vt 0.157789 0.297087
vt 0.164092 0.297534
vt 0.164092 0.305583
vt 0.157804 0.305187
vt 0.170395 0.297087
vt 0.170381 0.305187
vt 0.954822 0.296306
vt 0.944318 0.296302
vt 0.932212 0.289521
vt 0.934197 0.286099
vt 0.363353 0.234122
vt 0.359268 0.236504
vt 0.353150 0.223997
vt 0.353148 0.213490
vt 0.164092 0.279170
vt 0.170436 0.278531
vt 0.170412 0.289037
vt 0.164092 0.289544
vt 0.157748 0.278531
vt 0.157773 0.289037
vt 0.353148 0.240149
vt 0.353149 0.232048
vt 0.936269 0.296304
vt 0.928170 0.296306
vt 0.353154 0.197526
vt 0.364583 0.197526
vt 0.364583 0.203903
vt 0.353154 0.203903
vt 0.177895 0.324267
vt 0.146902 0.256878
vt 0.146902 0.268873
vt 0.138194 0.256880
vt 0.138194 0.268875
vt 0.129486 0.256883
vt 0.129486 0.268878
vt 0.175984 0.305513
vt 0.183250 0.309648
vt 0.184606 0.314179
vt 0.175641 0.315858
vt 0.201670 0.309648
vt 0.208936 0.305513
vt 0.209279 0.315858
vt 0.200468 0.313418
vt 0.310415 0.275238
vt 0.320791 0.275238
vt 0.320284 0.281558
vt 0.309776 0.281583
vt 0.994218 0.289992
vt 0.994219 0.298041
vt 0.994220 0.306139
vt 0.988101 0.302496
vt 0.200869 0.330423
vt 0.198714 0.321121
vt 0.328334 0.268935
vt 0.336435 0.268949
vt 0.320283 0.268918
vt 0.207025 0.324267
vt 0.309776 0.268893
vt 0.984017 0.300114
vt 0.994220 0.279488
vt 0.831826 0.288885
vt 0.811196 0.299094
vt 0.809211 0.295672
vt 0.821319 0.288889
vt 0.805168 0.288885
vt 0.813268 0.288887
vt 0.150597 0.283216
vt 0.153038 0.289108
vt 0.147739 0.290162
vt 0.146105 0.286217
vt 0.153038 0.295486
vt 0.147739 0.294431
vt 0.150597 0.301378
vt 0.146105 0.298376
vt 0.146088 0.305887
vt 0.143086 0.301395
vt 0.140195 0.308328
vt 0.139141 0.303029
vt 0.133818 0.308328
vt 0.134872 0.303029
vt 0.127926 0.305887
vt 0.130927 0.301395
vt 0.123416 0.301378
vt 0.127909 0.298376
vt 0.120976 0.295486
vt 0.126275 0.294431
vt 0.120976 0.289108
vt 0.126275 0.290162
vt 0.123416 0.283216
vt 0.127909 0.286217
vt 0.127926 0.278706
vt 0.130927 0.283198
vt 0.133818 0.276266
vt 0.134872 0.281565
vt 0.140195 0.276266
vt 0.139141 0.281565
vt 0.146088 0.278706
vt 0.143086 0.283198
vt 0.214188 0.279591
vt 0.216007 0.270448
vt 0.221187 0.262696
vt 0.238082 0.279591
vt 0.228939 0.257516
vt 0.238083 0.255698
vt 0.247226 0.257516
vt 0.254978 0.262696
vt 0.260157 0.270448
vt 0.261976 0.279592
vt 0.260157 0.288735
vt 0.254978 0.296487
vt 0.247226 0.301667
vt 0.238082 0.303485
vt 0.228939 0.301667
vt 0.221187 0.296487
vt 0.216007 0.288735
vt 0.400978 0.263996
vt 0.393676 0.263995
vt 0.393676 0.244915
vt 0.400978 0.245909
vt 0.407168 0.263996
vt 0.407168 0.280474
vt 0.400978 0.282083
vt 0.417515 0.263995
vt 0.417515 0.280817
vt 0.425925 0.263996
vt 0.425925 0.278563
vt 0.434335 0.263996
vt 0.425925 0.249428
vt 0.432082 0.255585
vt 0.432082 0.272406
vt 0.417515 0.247174
vt 0.407168 0.247517
vt 0.393676 0.283076
vt 0.380184 0.263996
vt 0.380184 0.247517
vt 0.386374 0.245909
vt 0.386374 0.263996
vt 0.369837 0.263995
vt 0.369837 0.247174
vt 0.369837 0.280817
vt 0.361427 0.278563
vt 0.361427 0.263996
vt 0.355270 0.272406
vt 0.353017 0.263996
vt 0.361427 0.249428
vt 0.355270 0.255585
vt 0.380184 0.280474
vt 0.386374 0.282083
vt 0.004939 0.091604
vt 0.543984 0.089973
vt 0.543948 0.095231
vt 0.004959 0.096886
vt 0.004918 0.086330
vt 0.544018 0.084675
vt 0.004897 0.081035
vt 0.544040 0.079331
vt 0.005129 0.139275
vt 0.543986 0.137040
vt 0.544023 0.142381
vt 0.005150 0.144567
vt 0.005107 0.134004
vt 0.543966 0.131744
vt 0.005085 0.128723
vt 0.543933 0.126489
vt 0.005064 0.123429
vt 0.543869 0.121263
vt 0.005042 0.118123
vt 0.543862 0.116056
vt 0.005021 0.112807
vt 0.543883 0.110857
vt 0.005000 0.107490
vt 0.543874 0.105659
vt 0.004979 0.102182
vt 0.543918 0.100455
vt 0.567218 0.090260
vt 0.567163 0.095512
vt 0.567296 0.084934
vt 0.567360 0.079546
vt 0.567248 0.136801
vt 0.567305 0.142182
vt 0.567177 0.131480
vt 0.567130 0.126232
vt 0.567114 0.121061
vt 0.567132 0.115952
vt 0.567179 0.110875
vt 0.567144 0.105797
vt 0.567138 0.100686
vt 0.588229 0.090391
vt 0.588264 0.095656
vt 0.588194 0.085049
vt 0.588172 0.079687
vt 0.588122 0.136727
vt 0.588091 0.142082
vt 0.588155 0.131392
vt 0.588197 0.126132
vt 0.588243 0.120971
vt 0.588281 0.115902
vt 0.588299 0.110898
vt 0.588299 0.105892
vt 0.588288 0.100821
vt 0.612847 0.089998
vt 0.612911 0.095258
vt 0.612777 0.084709
vt 0.612717 0.079375
vt 0.612676 0.137154
vt 0.612596 0.142481
vt 0.612766 0.131868
vt 0.612850 0.126608
vt 0.612917 0.121372
vt 0.612959 0.116151
vt 0.612969 0.110932
vt 0.612979 0.105713
vt 0.612958 0.100493
vt 0.677492 0.089462
vt 0.677543 0.094772
vt 0.677479 0.084205
vt 0.677470 0.078966
vt 0.677332 0.137957
vt 0.677291 0.143189
vt 0.677386 0.132707
vt 0.677473 0.127406
vt 0.677557 0.122034
vt 0.677650 0.116590
vt 0.677734 0.111095
vt 0.677675 0.105599
vt 0.677602 0.100150
vt 0.698192 0.089291
vt 0.698160 0.094631
vt 0.698224 0.084043
vt 0.698244 0.078879
vt 0.698042 0.138253
vt 0.698022 0.143410
vt 0.698062 0.133010
vt 0.698076 0.127674
vt 0.698082 0.122234
vt 0.698088 0.116710
vt 0.698101 0.111155
vt 0.698119 0.105599
vt 0.698136 0.100074
vt 0.722114 0.089689
vt 0.722046 0.095010
vt 0.722173 0.084396
vt 0.722217 0.079114
vt 0.721983 0.138072
vt 0.721979 0.143353
vt 0.721950 0.132781
vt 0.721912 0.127464
vt 0.721900 0.122103
vt 0.721902 0.116689
vt 0.721860 0.111238
vt 0.721921 0.105788
vt 0.721978 0.100375
vt 0.994770 0.091191
vt 0.994739 0.096541
vt 0.994801 0.085824
vt 0.994831 0.080444
vt 0.994532 0.139190
vt 0.994508 0.144567
vt 0.994555 0.133824
vt 0.994578 0.128474
vt 0.994602 0.123142
vt 0.994626 0.117824
vt 0.994652 0.112509
vt 0.994680 0.107194
vt 0.994709 0.101874
vt 0.005004 0.059432
vt 0.004992 0.054151
vt 0.543844 0.052555
vt 0.543873 0.057812
vt 0.005015 0.064703
vt 0.543889 0.063109
vt 0.005027 0.069996
vt 0.543919 0.068451
vt 0.004906 0.011759
vt 0.004896 0.006464
vt 0.543991 0.005402
vt 0.543964 0.010745
vt 0.004917 0.017032
vt 0.543925 0.016041
vt 0.004927 0.022314
vt 0.543885 0.021298
vt 0.004937 0.027609
vt 0.543851 0.026522
vt 0.004948 0.032917
vt 0.543802 0.031725
vt 0.004958 0.038234
vt 0.543807 0.036923
vt 0.004970 0.043550
vt 0.543782 0.042121
vt 0.004981 0.048857
vt 0.543785 0.047329
vt 0.567047 0.052313
vt 0.567092 0.057562
vt 0.567160 0.062885
vt 0.567215 0.068270
vt 0.567297 0.005635
vt 0.567230 0.011020
vt 0.567150 0.016343
vt 0.567093 0.021594
vt 0.567065 0.026766
vt 0.567069 0.031877
vt 0.567102 0.036954
vt 0.567053 0.042032
vt 0.567034 0.047141
vt 0.588120 0.052217
vt 0.588079 0.057479
vt 0.588045 0.062817
vt 0.588015 0.068174
vt 0.588094 0.005780
vt 0.588116 0.011139
vt 0.588151 0.016478
vt 0.588186 0.021742
vt 0.588211 0.026905
vt 0.588222 0.031976
vt 0.588222 0.036981
vt 0.588204 0.041986
vt 0.588166 0.047055
vt 0.612780 0.052687
vt 0.612699 0.057948
vt 0.612611 0.063236
vt 0.612534 0.068566
vt 0.612624 0.005460
vt 0.612687 0.010791
vt 0.612760 0.016078
vt 0.612826 0.021337
vt 0.612876 0.026571
vt 0.612900 0.031791
vt 0.612892 0.037009
vt 0.612884 0.042229
vt 0.612844 0.047450
vt 0.677414 0.053433
vt 0.677332 0.058735
vt 0.677285 0.063987
vt 0.677248 0.069221
vt 0.677358 0.004997
vt 0.677372 0.010235
vt 0.677390 0.015490
vt 0.677448 0.020798
vt 0.677513 0.026175
vt 0.677592 0.031624
vt 0.677657 0.037120
vt 0.677579 0.042614
vt 0.677492 0.048059
vt 0.698023 0.053674
vt 0.698017 0.059012
vt 0.698004 0.064257
vt 0.697991 0.069417
vt 0.698120 0.004884
vt 0.698108 0.010046
vt 0.698084 0.015292
vt 0.698059 0.020631
vt 0.698043 0.026073
vt 0.698034 0.031598
vt 0.698025 0.037153
vt 0.698019 0.042708
vt 0.698021 0.048233
vt 0.721864 0.053426
vt 0.721912 0.058744
vt 0.721954 0.064036
vt 0.721959 0.069319
vt 0.722085 0.005077
vt 0.722050 0.010358
vt 0.722000 0.015650
vt 0.721942 0.020972
vt 0.721883 0.026336
vt 0.721835 0.031749
vt 0.721784 0.037199
vt 0.721835 0.042651
vt 0.721843 0.048065
vt 0.994547 0.053901
vt 0.994535 0.059251
vt 0.994522 0.064618
vt 0.994509 0.069996
vt 0.994705 0.005868
vt 0.994685 0.011248
vt 0.994665 0.016616
vt 0.994645 0.021966
vt 0.994626 0.027300
vt 0.994607 0.032620
vt 0.994590 0.037935
vt 0.994575 0.043250
vt 0.994560 0.048569
vt 0.748954 0.163756
vt 0.732898 0.163756
vt 0.732898 0.158222
vt 0.748954 0.158222
vt 0.943087 0.259491
vt 0.942659 0.270260
vt 0.925153 0.267110
vt 0.925296 0.257722
vt 0.715864 0.163756
vt 0.695195 0.163756
vt 0.695195 0.158222
vt 0.715864 0.158222
vt 0.788801 0.163756
vt 0.788801 0.158222
vt 0.800693 0.158222
vt 0.800693 0.163756
vt 0.908970 0.264892
vt 0.909242 0.256293
vt 0.682756 0.225723
vt 0.703565 0.225723
vt 0.703565 0.235339
vt 0.682756 0.235339
vt 0.720676 0.225723
vt 0.741046 0.225723
vt 0.740507 0.235339
vt 0.720676 0.235339
vt 0.763725 0.163756
vt 0.763725 0.158222
vt 0.975562 0.261784
vt 0.989185 0.262062
vt 0.984239 0.269539
vt 0.975641 0.273135
vt 0.777886 0.158222
vt 0.777886 0.163756
vt 0.732898 0.152883
vt 0.748954 0.152883
vt 0.942097 0.277064
vt 0.924773 0.273386
vt 0.695195 0.152883
vt 0.715864 0.152883
vt 0.908616 0.270647
vt 0.890492 0.269307
vt 0.890492 0.263766
vt 0.959915 0.272967
vt 0.976609 0.280458
vt 0.959467 0.280312
vt 0.763725 0.152883
vt 0.777886 0.152883
vt 0.993281 0.263032
vt 0.987633 0.275171
vt 0.788801 0.152883
vt 0.800693 0.152883
vt 0.809120 0.152883
vt 0.817527 0.152883
vt 0.817527 0.158222
vt 0.809120 0.158222
vt 0.989172 0.252229
vt 0.992859 0.252470
vt 0.890492 0.255583
vt 0.983878 0.240882
vt 0.987277 0.240882
vt 0.809120 0.163756
vt 0.817527 0.163756
vt 0.817527 0.169994
vt 0.809120 0.169994
vt 0.960059 0.261451
vt 0.958847 0.240882
vt 0.959503 0.250316
vt 0.943134 0.248922
vt 0.942973 0.240882
vt 0.909403 0.240882
vt 0.909355 0.247808
vt 0.890492 0.247669
vt 0.890492 0.240882
vt 0.924952 0.240882
vt 0.925166 0.247978
vt 0.974014 0.240882
vt 0.974957 0.250695
vt 0.757989 0.225723
vt 0.741045 0.216108
vt 0.757989 0.216108
vt 0.789050 0.224921
vt 0.785507 0.225524
vt 0.785516 0.216108
vt 0.789055 0.216108
vt 0.792544 0.224876
vt 0.792668 0.216108
vt 0.774674 0.225721
vt 0.774672 0.216108
vt 0.774676 0.235337
vt 0.757979 0.235338
vt 0.785497 0.234944
vt 0.791915 0.231213
vt 0.789041 0.233738
vt 0.777886 0.169994
vt 0.788801 0.169994
vt 0.800693 0.169994
vt 0.763725 0.169994
vt 0.748954 0.169994
vt 0.703565 0.216108
vt 0.720676 0.216108
vt 0.732898 0.169994
vt 0.715864 0.169994
vt 0.682756 0.216108
vt 0.695195 0.169994
vt 0.641435 0.163756
vt 0.641435 0.158222
vt 0.657491 0.158222
vt 0.657491 0.163756
vt 0.837896 0.259491
vt 0.855688 0.257722
vt 0.855831 0.267110
vt 0.838325 0.270260
vt 0.674525 0.163756
vt 0.674525 0.158222
vt 0.601588 0.163756
vt 0.589696 0.163756
vt 0.589696 0.158222
vt 0.601588 0.158222
vt 0.871742 0.256293
vt 0.872014 0.264892
vt 0.661947 0.235339
vt 0.661947 0.225723
vt 0.644837 0.225723
vt 0.644836 0.235339
vt 0.625005 0.235339
vt 0.624467 0.225723
vt 0.626664 0.163756
vt 0.626664 0.158222
vt 0.805421 0.261784
vt 0.805343 0.273135
vt 0.796745 0.269539
vt 0.791799 0.262062
vt 0.612503 0.163756
vt 0.612503 0.158222
vt 0.641435 0.152883
vt 0.657491 0.152883
vt 0.838887 0.277064
vt 0.856211 0.273386
vt 0.674525 0.152883
vt 0.872367 0.270647
vt 0.821069 0.272967
vt 0.821517 0.280312
vt 0.804375 0.280458
vt 0.626664 0.152883
vt 0.612503 0.152883
vt 0.793351 0.275171
vt 0.787702 0.263032
vt 0.601588 0.152883
vt 0.589696 0.152883
vt 0.581269 0.152883
vt 0.581269 0.158222
vt 0.572862 0.158222
vt 0.572862 0.152883
vt 0.788125 0.252470
vt 0.791811 0.252229
vt 0.793707 0.240882
vt 0.797106 0.240882
vt 0.581269 0.163756
vt 0.572862 0.163756
vt 0.581269 0.169994
vt 0.572862 0.169994
vt 0.820925 0.261451
vt 0.822137 0.240882
vt 0.838011 0.240882
vt 0.837850 0.248922
vt 0.821480 0.250316
vt 0.871581 0.240882
vt 0.871629 0.247808
vt 0.856031 0.240882
vt 0.855818 0.247978
vt 0.806970 0.240882
vt 0.806027 0.250695
vt 0.607523 0.225723
vt 0.607523 0.216108
vt 0.624467 0.216108
vt 0.576463 0.224921
vt 0.576458 0.216108
vt 0.579996 0.216108
vt 0.580005 0.225523
vt 0.572969 0.224876
vt 0.572845 0.216108
vt 0.590841 0.216108
vt 0.590839 0.225721
vt 0.590837 0.235337
vt 0.607534 0.235338
vt 0.580015 0.234944
vt 0.573598 0.231213
vt 0.576472 0.233738
vt 0.612503 0.169994
vt 0.601588 0.169994
vt 0.589696 0.169994
vt 0.626664 0.169994
vt 0.641435 0.169994
vt 0.661947 0.216108
vt 0.644837 0.216108
vt 0.657491 0.169994
vt 0.674525 0.169994
vt 0.748954 0.176231
vt 0.748954 0.181766
vt 0.732898 0.181766
vt 0.732898 0.176231
vt 0.623049 0.263494
vt 0.640840 0.261725
vt 0.640983 0.271113
vt 0.623478 0.274263
vt 0.715864 0.176231
vt 0.715864 0.181766
vt 0.695195 0.181766
vt 0.695195 0.176231
vt 0.788801 0.176231
vt 0.800693 0.176231
vt 0.800693 0.181766
vt 0.788801 0.181766
vt 0.656894 0.260297
vt 0.657166 0.268895
vt 0.682756 0.206492
vt 0.682756 0.196876
vt 0.703565 0.196876
vt 0.703565 0.206492
vt 0.720676 0.206492
vt 0.720676 0.196876
vt 0.740507 0.196877
vt 0.741046 0.206492
vt 0.763725 0.176231
vt 0.763725 0.181766
vt 0.590575 0.265787
vt 0.590497 0.277138
vt 0.581899 0.273542
vt 0.576953 0.266065
vt 0.777886 0.176231
vt 0.777886 0.181766
vt 0.748954 0.187104
vt 0.732898 0.187104
vt 0.624040 0.281067
vt 0.641363 0.277389
vt 0.715864 0.187104
vt 0.695195 0.187104
vt 0.657519 0.274649
vt 0.675643 0.267769
vt 0.675643 0.273310
vt 0.606222 0.276970
vt 0.606670 0.284315
vt 0.589529 0.284461
vt 0.763725 0.187104
vt 0.777886 0.187104
vt 0.578505 0.279174
vt 0.572857 0.267035
vt 0.788801 0.187104
vt 0.800693 0.187104
vt 0.809120 0.187104
vt 0.809120 0.181766
vt 0.817527 0.181766
vt 0.817527 0.187104
vt 0.573280 0.256474
vt 0.576966 0.256232
vt 0.675643 0.259586
vt 0.578861 0.244886
vt 0.582260 0.244886
vt 0.809120 0.176231
vt 0.817527 0.176231
vt 0.606078 0.265454
vt 0.607291 0.244886
vt 0.623164 0.244886
vt 0.623002 0.252926
vt 0.606634 0.254320
vt 0.656732 0.244886
vt 0.675643 0.244886
vt 0.675643 0.251673
vt 0.656780 0.251812
vt 0.641183 0.244886
vt 0.640970 0.251982
vt 0.592123 0.244886
vt 0.591181 0.254699
vt 0.757989 0.206493
vt 0.789050 0.207294
vt 0.785507 0.206692
vt 0.792544 0.207339
vt 0.774674 0.206494
vt 0.774676 0.196879
vt 0.757979 0.196877
vt 0.785497 0.197271
vt 0.791915 0.201002
vt 0.789041 0.198477
vt 0.641435 0.176231
vt 0.657491 0.176231
vt 0.657491 0.181766
vt 0.641435 0.181766
vt 0.728236 0.263494
vt 0.727808 0.274263
vt 0.710303 0.271113
vt 0.710445 0.261725
vt 0.674525 0.176231
vt 0.674525 0.181766
vt 0.601588 0.176231
vt 0.601588 0.181766
vt 0.589696 0.181766
vt 0.589696 0.176231
vt 0.694120 0.268895
vt 0.694392 0.260297
vt 0.661947 0.206492
vt 0.661947 0.196876
vt 0.644836 0.206492
vt 0.624467 0.206492
vt 0.625005 0.196877
vt 0.644836 0.196876
vt 0.626664 0.176231
vt 0.626664 0.181766
vt 0.760710 0.265788
vt 0.774332 0.266065
vt 0.769386 0.273542
vt 0.760789 0.277138
vt 0.612503 0.181766
vt 0.612503 0.176231
vt 0.657491 0.187104
vt 0.641435 0.187104
vt 0.727246 0.281067
vt 0.709923 0.277389
vt 0.674525 0.187104
vt 0.693767 0.274649
vt 0.745064 0.276970
vt 0.761757 0.284461
vt 0.744615 0.284315
vt 0.626664 0.187104
vt 0.612503 0.187104
vt 0.778429 0.267035
vt 0.772781 0.279174
vt 0.601588 0.187104
vt 0.589696 0.187104
vt 0.581269 0.187104
vt 0.572862 0.187104
vt 0.572862 0.181766
vt 0.581269 0.181766
vt 0.774320 0.256232
vt 0.778006 0.256474
vt 0.769025 0.244886
vt 0.772424 0.244886
vt 0.581269 0.176231
vt 0.572862 0.176231
vt 0.745207 0.265454
vt 0.743995 0.244886
vt 0.744652 0.254320
vt 0.728283 0.252926
vt 0.728122 0.244886
vt 0.694553 0.244886
vt 0.694505 0.251812
vt 0.710102 0.244886
vt 0.710315 0.251982
vt 0.759162 0.244886
vt 0.760105 0.254699
vt 0.607523 0.206493
vt 0.576463 0.207294
vt 0.580005 0.206692
vt 0.572969 0.207339
vt 0.590839 0.206494
vt 0.590837 0.196879
vt 0.607534 0.196877
vt 0.580015 0.197271
vt 0.573598 0.201002
vt 0.576472 0.198477
vt 0.047643 0.307057
vt 0.047643 0.312409
vt 0.040481 0.312409
vt 0.040481 0.307057
vt 0.033068 0.312409
vt 0.033068 0.307057
vt 0.452315 0.193449
vt 0.452315 0.177732
vt 0.459996 0.177732
vt 0.459996 0.193449
vt 0.444887 0.193449
vt 0.444887 0.177732
vt 0.437835 0.193449
vt 0.437835 0.177732
vt 0.431061 0.193449
vt 0.431061 0.177732
vt 0.424286 0.193449
vt 0.424286 0.177732
vt 0.417234 0.193449
vt 0.417234 0.177732
vt 0.409807 0.193449
vt 0.409807 0.177732
vt 0.402126 0.193449
vt 0.402126 0.177732
vt 0.394445 0.193449
vt 0.394445 0.177732
vt 0.387018 0.193449
vt 0.387018 0.177732
vt 0.379966 0.193449
vt 0.379966 0.177732
vt 0.373191 0.193449
vt 0.373191 0.177732
vt 0.912321 0.308527
vt 0.907215 0.309696
vt 0.907215 0.294339
vt 0.916651 0.305198
vt 0.482156 0.193449
vt 0.482156 0.177732
vt 0.488931 0.177732
vt 0.488931 0.193449
vt 0.459996 0.162294
vt 0.459996 0.150888
vt 0.467677 0.150888
vt 0.467677 0.162294
vt 0.409807 0.162294
vt 0.417234 0.162294
vt 0.394445 0.162294
vt 0.402126 0.162294
vt 0.373191 0.162294
vt 0.379966 0.162294
vt 0.475104 0.162294
vt 0.475104 0.177732
vt 0.467677 0.177732
vt 0.047643 0.301267
vt 0.047643 0.304138
vt 0.040481 0.304138
vt 0.040481 0.301267
vt 0.067456 0.301267
vt 0.067456 0.304138
vt 0.060944 0.304138
vt 0.060944 0.301267
vt 0.088819 0.301267
vt 0.088819 0.304138
vt 0.081406 0.304138
vt 0.081406 0.301267
vt 0.110182 0.301267
vt 0.110182 0.304138
vt 0.103394 0.304138
vt 0.103394 0.301267
vt 0.018493 0.301267
vt 0.018493 0.304138
vt 0.011705 0.304138
vt 0.011705 0.301267
vt 0.452315 0.162294
vt 0.452315 0.150888
vt 0.431061 0.162294
vt 0.431061 0.150888
vt 0.437835 0.150888
vt 0.437835 0.162294
vt 0.409807 0.150888
vt 0.417234 0.150888
vt 0.387018 0.162294
vt 0.387018 0.150888
vt 0.394445 0.150888
vt 0.482156 0.162294
vt 0.482156 0.150888
vt 0.488931 0.150888
vt 0.488931 0.162294
vt 0.054431 0.307057
vt 0.054431 0.312409
vt 0.678292 0.282881
vt 0.680565 0.296031
vt 0.668257 0.288582
vt 0.672674 0.284883
vt 0.060944 0.307057
vt 0.060944 0.312409
vt 0.067456 0.307057
vt 0.067456 0.312409
vt 0.074244 0.307057
vt 0.074244 0.312409
vt 0.081406 0.307057
vt 0.081406 0.312409
vt 0.088819 0.307057
vt 0.088819 0.312409
vt 0.096232 0.307057
vt 0.096232 0.312409
vt 0.103394 0.307057
vt 0.103394 0.312409
vt 0.110182 0.307057
vt 0.110182 0.312409
vt 0.116695 0.307057
vt 0.116695 0.312409
vt 0.011705 0.307057
vt 0.011705 0.312409
vt 0.005192 0.312409
vt 0.005192 0.307057
vt 0.018493 0.307057
vt 0.018493 0.312409
vt 0.025654 0.307057
vt 0.025654 0.312409
vt 0.665714 0.293415
vt 0.665432 0.298647
vt 0.096232 0.304138
vt 0.074244 0.304138
vt 0.054431 0.304138
vt 0.033068 0.297350
vt 0.033068 0.301267
vt 0.025654 0.301267
vt 0.025654 0.297350
vt 0.018493 0.297350
vt 0.011705 0.297350
vt 0.116695 0.297350
vt 0.116695 0.301267
vt 0.110182 0.297350
vt 0.103394 0.297350
vt 0.096232 0.301267
vt 0.096232 0.297350
vt 0.088819 0.297350
vt 0.081406 0.297350
vt 0.074244 0.297350
vt 0.074244 0.301267
vt 0.067456 0.297350
vt 0.060944 0.297350
vt 0.054431 0.301267
vt 0.054431 0.297350
vt 0.047643 0.297350
vt 0.040481 0.297350
vt 0.475104 0.193449
vt 0.025654 0.304138
vt 0.033068 0.304138
vt 0.424286 0.162294
vt 0.475104 0.150888
vt 0.379966 0.150888
vt 0.402126 0.150888
vt 0.424286 0.150888
vt 0.444887 0.162294
vt 0.444887 0.150888
vt 0.116695 0.304138
vt 0.005192 0.301267
vt 0.005192 0.297350
vt 0.005192 0.304138
vt 0.467677 0.193449
vt 0.373191 0.150888
vt 0.088042 0.284740
vt 0.095459 0.284740
vt 0.095459 0.290095
vt 0.088042 0.290095
vt 0.102624 0.284740
vt 0.102624 0.290095
vt 0.109415 0.284740
vt 0.109415 0.290095
vt 0.115930 0.284740
vt 0.115930 0.290095
vt 0.004379 0.284740
vt 0.010894 0.284740
vt 0.010894 0.290095
vt 0.004379 0.290095
vt 0.017686 0.284740
vt 0.017686 0.290095
vt 0.024850 0.284740
vt 0.024850 0.290095
vt 0.032267 0.284740
vt 0.032267 0.290095
vt 0.039684 0.284740
vt 0.039684 0.290095
vt 0.046848 0.284740
vt 0.046848 0.290095
vt 0.053640 0.284740
vt 0.053640 0.290095
vt 0.060155 0.284740
vt 0.060155 0.290095
vt 0.066670 0.284740
vt 0.066670 0.290095
vt 0.073461 0.284740
vt 0.073461 0.290095
vt 0.920559 0.294339
vt 0.919543 0.300216
vt 0.080626 0.284740
vt 0.080626 0.290095
vt 0.459996 0.209166
vt 0.452315 0.209166
vt 0.444887 0.209166
vt 0.437835 0.209166
vt 0.431061 0.209166
vt 0.424286 0.209166
vt 0.417234 0.209166
vt 0.409807 0.209166
vt 0.402126 0.209166
vt 0.394445 0.209166
vt 0.387018 0.209166
vt 0.379966 0.209166
vt 0.373191 0.209166
vt 0.488931 0.209166
vt 0.482156 0.209166
vt 0.459996 0.224605
vt 0.467677 0.224605
vt 0.467677 0.236010
vt 0.459996 0.236010
vt 0.475104 0.209166
vt 0.080626 0.275039
vt 0.088042 0.275039
vt 0.088042 0.278947
vt 0.080626 0.278947
vt 0.073461 0.275039
vt 0.073461 0.278947
vt 0.066670 0.275039
vt 0.066670 0.278947
vt 0.060155 0.275039
vt 0.060155 0.278947
vt 0.053640 0.275039
vt 0.053640 0.278947
vt 0.046848 0.275039
vt 0.046848 0.278948
vt 0.039684 0.275039
vt 0.039684 0.278948
vt 0.032267 0.275039
vt 0.032267 0.278947
vt 0.024850 0.275039
vt 0.024850 0.278947
vt 0.017686 0.275039
vt 0.017686 0.278947
vt 0.010894 0.275039
vt 0.010894 0.278947
vt 0.004379 0.275039
vt 0.004379 0.278947
vt 0.109415 0.275039
vt 0.115930 0.275039
vt 0.115930 0.278947
vt 0.109415 0.278947
vt 0.102624 0.275039
vt 0.102624 0.278947
vt 0.095459 0.275039
vt 0.095459 0.278947
vt 0.080626 0.281819
vt 0.088042 0.281819
vt 0.073461 0.281819
vt 0.066670 0.281819
vt 0.060155 0.281819
vt 0.053640 0.281819
vt 0.046848 0.281819
vt 0.039684 0.281819
vt 0.032267 0.281819
vt 0.024850 0.281819
vt 0.017686 0.281819
vt 0.010894 0.281819
vt 0.004379 0.281819
vt 0.109415 0.281819
vt 0.115930 0.281819
vt 0.102624 0.281819
vt 0.095459 0.281819
vt 0.475104 0.224605
vt 0.475104 0.236010
vt 0.467677 0.209166
vt 0.482156 0.224605
vt 0.482156 0.236010
vt 0.488931 0.224605
vt 0.488931 0.236010
vt 0.373191 0.224604
vt 0.379966 0.224604
vt 0.379966 0.236010
vt 0.373191 0.236010
vt 0.387018 0.224605
vt 0.387018 0.236010
vt 0.394445 0.224605
vt 0.394445 0.236010
vt 0.402126 0.224605
vt 0.402126 0.236010
vt 0.409807 0.224605
vt 0.409807 0.236010
vt 0.417234 0.224605
vt 0.417234 0.236010
vt 0.424286 0.224605
vt 0.424286 0.236010
vt 0.431061 0.224605
vt 0.431061 0.236010
vt 0.437835 0.224605
vt 0.437835 0.236010
vt 0.444887 0.224605
vt 0.444887 0.236010
vt 0.452315 0.224605
vt 0.452315 0.236010
vt 0.684256 0.282881
vt 0.689658 0.284883
vt 0.693675 0.288582
vt 0.695697 0.293415
vt 0.695415 0.298647
vt 0.692872 0.303480
vt 0.688456 0.307179
vt 0.682838 0.309181
vt 0.676874 0.309181
vt 0.671472 0.307179
vt 0.667454 0.303480
vt 0.902108 0.308527
vt 0.897779 0.305198
vt 0.894886 0.300216
vt 0.893870 0.294339
vt 0.894886 0.288462
vt 0.897779 0.283480
vt 0.902108 0.280151
vt 0.907215 0.278982
vt 0.912321 0.280151
vt 0.916651 0.283480
vt 0.919543 0.288462
vt 0.259544 0.223634
vt 0.004880 0.223634
vt 0.004880 0.217738
vt 0.259544 0.217738
vt 0.004880 0.211842
vt 0.259544 0.211842
vt 0.004880 0.205947
vt 0.259544 0.205947
vt 0.004880 0.200051
vt 0.259544 0.200051
vt 0.004880 0.194156
vt 0.259544 0.194156
vt 0.004880 0.188260
vt 0.259544 0.188260
vt 0.004880 0.182364
vt 0.259544 0.182364
vt 0.004880 0.176469
vt 0.259544 0.176469
vt 0.004880 0.170573
vt 0.259544 0.170573
vt 0.004880 0.164678
vt 0.259544 0.164678
vt 0.004880 0.158782
vt 0.259544 0.158782
vt 0.004880 0.152886
vt 0.259544 0.152886
vt 0.259544 0.247216
vt 0.004880 0.247216
vt 0.004880 0.241320
vt 0.259544 0.241320
vt 0.004880 0.235425
vt 0.259544 0.235425
vt 0.004880 0.229529
vt 0.259544 0.229529
vt 0.864104 0.309522
vt 0.858950 0.306079
vt 0.870182 0.294846
vt 0.870182 0.310731
vt 0.886067 0.294846
vt 0.884858 0.300925
vt 0.881415 0.306079
vt 0.075745 0.328570
vt 0.081758 0.328570
vt 0.081758 0.329558
vt 0.075745 0.329558
vt 0.870182 0.278962
vt 0.876261 0.280171
vt 0.881415 0.283614
vt 0.099798 0.328570
vt 0.105811 0.328570
vt 0.105811 0.329558
vt 0.099798 0.329558
vt 0.045679 0.328570
vt 0.051692 0.328570
vt 0.051692 0.329558
vt 0.045679 0.329558
vt 0.027639 0.328570
vt 0.033652 0.328570
vt 0.033652 0.329558
vt 0.027639 0.329558
vt 0.069731 0.328570
vt 0.069731 0.329558
vt 0.858950 0.283614
vt 0.864103 0.280171
vt 0.093784 0.328570
vt 0.093784 0.329558
vt 0.039665 0.328570
vt 0.039665 0.329558
vt 0.876261 0.309522
vt 0.856180 0.226879
vt 0.862380 0.226879
vt 0.862380 0.230130
vt 0.856180 0.230130
vt 0.887179 0.226879
vt 0.893379 0.226879
vt 0.893379 0.230130
vt 0.887179 0.230130
vt 0.818981 0.226879
vt 0.825181 0.226879
vt 0.825181 0.230130
vt 0.818981 0.230130
vt 0.843781 0.226879
vt 0.849980 0.226879
vt 0.849980 0.230130
vt 0.843781 0.230130
vt 0.874780 0.226879
vt 0.880980 0.226879
vt 0.880980 0.230130
vt 0.874780 0.230130
vt 0.806582 0.226879
vt 0.812781 0.226879
vt 0.812781 0.230130
vt 0.806582 0.230130
vt 0.831381 0.226879
vt 0.837581 0.226879
vt 0.837581 0.230130
vt 0.831381 0.230130
vt 0.868580 0.226879
vt 0.868580 0.230130
vt 0.899579 0.226879
vt 0.899579 0.230130
vt 0.800382 0.226879
vt 0.800382 0.230130
vt 0.855507 0.300925
vt 0.854298 0.294846
vt 0.057705 0.328570
vt 0.057705 0.329558
vt 0.009599 0.328570
vt 0.015612 0.328570
vt 0.015612 0.329558
vt 0.009599 0.329558
vt 0.087771 0.328570
vt 0.087771 0.329558
vt 0.855507 0.288768
vt 0.063718 0.328570
vt 0.063718 0.329558
vt 0.021626 0.328570
vt 0.021626 0.329558
vt 0.884858 0.288768
vt 0.294700 0.170112
vt 0.293327 0.164990
vt 0.299257 0.161562
vt 0.301549 0.170108
vt 0.275582 0.164990
vt 0.274210 0.170112
vt 0.267360 0.170108
vt 0.269652 0.161562
vt 0.597078 0.292867
vt 0.597078 0.304137
vt 0.588231 0.304119
vt 0.588231 0.292849
vt 0.284455 0.170112
vt 0.284455 0.164990
vt 0.620673 0.292885
vt 0.620673 0.304155
vt 0.284455 0.159868
vt 0.279332 0.161240
vt 0.275909 0.155307
vt 0.284455 0.153018
vt 0.301551 0.193709
vt 0.301551 0.230640
vt 0.294700 0.230640
vt 0.294700 0.193709
vt 0.552850 0.292849
vt 0.552850 0.304119
vt 0.544003 0.304137
vt 0.544003 0.292867
vt 0.289577 0.161240
vt 0.293000 0.155307
vt 0.274210 0.193709
vt 0.267359 0.193709
vt 0.520407 0.292885
vt 0.520407 0.304155
vt 0.483483 0.304155
vt 0.483483 0.292885
vt 0.561695 0.292836
vt 0.561695 0.304106
vt 0.963367 0.169976
vt 0.939770 0.169976
vt 0.939770 0.159731
vt 0.963367 0.159731
vt 0.968490 0.169976
vt 0.973612 0.169976
vt 0.972239 0.175099
vt 0.968490 0.178849
vt 0.939770 0.180222
vt 0.902836 0.180222
vt 0.902836 0.169976
vt 0.968490 0.161104
vt 0.972240 0.164854
vt 0.939770 0.187073
vt 0.902836 0.187073
vt 0.902836 0.159731
vt 0.978173 0.178522
vt 0.971918 0.184780
vt 0.963367 0.180222
vt 0.978173 0.161430
vt 0.980462 0.169976
vt 0.284455 0.193709
vt 0.939770 0.152879
vt 0.963371 0.152881
vt 0.963371 0.187072
vt 0.971918 0.155173
vt 0.284455 0.230640
vt 0.902836 0.152879
vt 0.274210 0.230640
vt 0.267359 0.230640
vt 0.579386 0.304106
vt 0.579386 0.292836
vt 0.657598 0.292885
vt 0.657598 0.304155
vt 0.570540 0.304101
vt 0.570540 0.292831
vt 0.294700 0.291168
vt 0.301549 0.291172
vt 0.299257 0.299719
vt 0.293327 0.296291
vt 0.275582 0.296291
vt 0.269652 0.299719
vt 0.267360 0.291172
vt 0.274210 0.291168
vt 0.369886 0.292867
vt 0.378733 0.292849
vt 0.378733 0.304119
vt 0.369886 0.304137
vt 0.284455 0.296291
vt 0.284455 0.291168
vt 0.346290 0.292885
vt 0.346290 0.304155
vt 0.284455 0.301413
vt 0.284455 0.308263
vt 0.275909 0.305974
vt 0.279332 0.300041
vt 0.301551 0.267572
vt 0.294700 0.267572
vt 0.414115 0.292849
vt 0.422962 0.292867
vt 0.422962 0.304137
vt 0.414115 0.304119
vt 0.293000 0.305974
vt 0.289577 0.300041
vt 0.267359 0.267572
vt 0.274210 0.267572
vt 0.446558 0.292885
vt 0.446558 0.304155
vt 0.405269 0.292836
vt 0.405269 0.304106
vt 0.842306 0.169976
vt 0.842306 0.159731
vt 0.865903 0.159731
vt 0.865903 0.169976
vt 0.837183 0.169976
vt 0.837183 0.178849
vt 0.833433 0.175099
vt 0.832060 0.169976
vt 0.865903 0.180222
vt 0.837183 0.161103
vt 0.833433 0.164854
vt 0.865903 0.187073
vt 0.833755 0.184779
vt 0.827500 0.178522
vt 0.842306 0.180222
vt 0.825210 0.169976
vt 0.827500 0.161430
vt 0.284455 0.267572
vt 0.842302 0.152881
vt 0.865903 0.152879
vt 0.842302 0.187072
vt 0.833755 0.155173
vt 0.387579 0.292836
vt 0.387579 0.304106
vt 0.309365 0.292885
vt 0.309365 0.304155
vt 0.396424 0.292831
vt 0.396424 0.304101
s 1
f 1/1/1 2/2/1 4/3/2 3/4/2
f 3/4/2 4/3/2 6/5/3 5/6/3
f 5/6/3 6/5/3 8/7/4 7/8/4
f 7/8/4 8/7/4 10/9/5 9/10/5
f 9/10/5 10/9/5 12/11/6 11/12/6
f 11/12/6 12/11/6 14/13/7 13/14/7
f 13/14/7 14/13/7 16/15/8 15/16/8
f 15/16/8 16/15/8 18/17/9 17/18/9
f 17/18/9 18/17/9 20/19/10 19/20/10
f 19/20/10 20/19/10 22/21/11 21/22/11
f 21/22/11 22/21/11 24/23/12 23/24/12
f 23/24/12 24/23/12 26/25/13 25/26/13
f 25/27/13 26/28/13 28/29/14 27/30/14
f 27/30/14 28/29/14 30/31/15 29/32/15
f 8/33/16 6/34/16 35/35/16 36/36/16
f 29/32/15 30/31/15 32/37/17 31/38/17
f 31/38/17 32/37/17 2/2/1 1/1/1
f 38/39/18 37/40/19 53/41/19 54/42/18
f 18/43/16 16/44/16 40/45/16 41/46/16
f 28/47/16 26/48/16 45/49/16 46/50/16
f 4/51/16 2/52/16 34/53/16 33/54/16
f 14/55/16 12/56/16 38/57/16 39/58/16
f 24/59/16 22/60/16 43/61/16 44/62/16
f 2/52/16 32/63/16 48/64/16 34/53/16
f 10/65/16 8/33/16 36/36/16 37/66/16
f 20/67/16 18/43/16 41/46/16 42/68/16
f 30/69/16 28/47/16 46/50/16 47/70/16
f 6/34/16 4/51/16 33/54/16 35/35/16
f 16/44/16 14/55/16 39/58/16 40/45/16
f 26/48/16 24/59/16 44/62/16 45/49/16
f 12/56/16 10/65/16 37/66/16 38/57/16
f 22/60/16 20/67/16 42/68/16 43/61/16
f 32/63/16 30/69/16 47/70/16 48/64/16
f 59/71/20 58/72/21 74/73/21 75/74/20
f 46/75/22 45/76/23 61/77/23 62/78/22
f 39/79/24 38/39/18 54/42/18 55/80/24
f 47/81/25 46/75/22 62/78/22 63/82/25
f 40/83/26 39/79/24 55/80/24 56/84/26
f 48/85/27 47/81/25 63/82/25 64/86/27
f 41/87/28 40/83/26 56/84/26 57/88/28
f 33/89/29 34/90/30 50/91/30 49/92/29
f 34/90/30 48/85/27 64/86/27 50/91/30
f 42/93/31 41/87/28 57/88/28 58/94/31
f 35/95/32 33/89/29 49/92/29 51/96/32
f 43/97/33 42/93/31 58/94/31 59/98/33
f 36/99/34 35/95/32 51/96/32 52/100/34
f 44/101/35 43/97/33 59/98/33 60/102/35
f 37/40/19 36/99/34 52/100/34 53/41/19
f 45/103/23 44/101/35 60/102/35 61/104/23
f 80/105/36 79/106/37 95/107/37 96/108/36
f 52/109/38 51/110/39 67/111/39 68/112/38
f 60/113/40 59/71/20 75/74/20 76/114/40
f 53/115/41 52/109/38 68/112/38 69/116/41
f 61/117/42 60/113/40 76/114/40 77/118/42
f 54/119/43 53/115/41 69/116/41 70/120/43
f 62/121/44 61/122/42 77/123/42 78/124/44
f 55/125/45 54/119/43 70/120/43 71/126/45
f 63/127/46 62/121/44 78/124/44 79/128/46
f 56/129/47 55/125/45 71/126/45 72/130/47
f 64/131/48 63/127/46 79/128/46 80/132/48
f 57/133/49 56/129/47 72/130/47 73/134/49
f 49/135/50 50/136/51 66/137/51 65/138/50
f 50/136/51 64/131/48 80/132/48 66/137/51
f 58/72/21 57/133/49 73/134/49 74/73/21
f 51/110/39 49/135/50 65/138/50 67/111/39
f 73/139/52 72/140/53 88/141/53 89/142/52
f 65/143/54 66/144/55 82/145/55 81/146/54
f 66/144/55 80/105/36 96/108/36 82/145/55
f 74/147/56 73/139/52 89/142/52 90/148/56
f 67/149/57 65/143/54 81/146/54 83/150/57
f 75/151/58 74/147/56 90/148/56 91/152/58
f 68/153/59 67/149/57 83/150/57 84/154/59
f 76/155/60 75/151/58 91/152/58 92/156/60
f 69/157/61 68/153/59 84/154/59 85/158/61
f 77/159/62 76/155/60 92/156/60 93/160/62
f 70/161/63 69/157/61 85/158/61 86/162/63
f 78/163/64 77/164/62 93/165/62 94/166/64
f 71/167/65 70/161/63 86/162/63 87/168/65
f 79/106/37 78/163/64 94/166/64 95/107/37
f 72/140/53 71/167/65 87/168/65 88/141/53
f 98/169/66 107/170/66 109/171/67 121/172/68
f 99/173/69 108/174/70 107/170/66 98/169/66
f 100/175/71 110/176/71 108/174/70 99/173/69
f 101/177/13 111/178/13 110/176/71 100/175/71
f 102/179/72 105/180/72 111/178/13 101/177/13
f 103/181/73 106/182/74 105/180/72 102/179/72
f 97/183/75 104/184/75 106/182/74 103/181/73
f 120/185/76 145/186/77 104/184/75 97/183/75
f 141/187/78 140/188/78 194/189/79 181/190/78
f 116/191/80 115/192/81 130/193/82 140/194/80
f 114/195/83 171/196/84 139/197/85 129/198/83
f 182/199/86 173/200/87 131/201/88 147/202/88
f 145/203/89 144/204/90 132/205/91 133/206/92
f 146/207/93 109/208/94 137/209/95 138/210/96
f 172/211/97 184/212/97 139/197/85 171/196/84
f 111/213/98 143/214/98 160/215/99 110/216/98
f 170/217/100 183/218/101 182/219/102 169/220/102
f 142/221/103 145/203/89 133/206/92 134/222/103
f 148/223/104 146/207/93 138/210/96 124/224/104
f 144/204/90 147/202/88 131/201/88 132/205/91
f 109/208/94 149/225/105 136/226/105 137/209/95
f 115/192/81 114/195/83 129/198/83 130/193/82
f 180/227/106 175/228/106 174/229/107 183/230/108
f 119/231/109 118/232/9 147/233/9 144/234/109
f 175/235/6 188/236/6 187/237/7 174/238/7
f 112/239/1 122/240/110 146/241/110 148/242/1
f 200/243/111 181/244/111 194/245/112 202/246/113
f 117/247/5 116/191/80 140/194/80 141/248/5
f 139/249/114 178/250/115 177/251/116 185/252/116
f 183/230/108 174/229/107 173/200/87 182/199/86
f 122/240/110 121/172/68 109/171/67 146/241/110
f 120/185/76 119/231/109 144/234/109 145/186/77
f 169/220/102 182/219/102 147/233/9 118/232/9
f 132/253/10 131/254/9 151/255/9 152/256/10
f 133/257/11 132/253/10 152/256/10 153/258/11
f 134/259/12 133/257/11 153/258/11 154/260/12
f 173/261/8 186/262/8 151/255/9 131/254/9
f 135/263/13 134/259/12 154/260/12 155/264/13
f 112/265/1 148/266/1 184/212/97 172/211/97
f 136/267/14 135/268/13 155/269/13 156/270/14
f 176/271/5 189/272/5 188/236/6 175/235/6
f 137/273/15 136/267/14 156/270/14 157/274/15
f 124/275/1 150/276/1 192/277/2 179/278/2
f 138/279/17 137/273/15 157/274/15 158/280/17
f 179/278/2 192/277/2 191/281/3 178/282/3
f 184/283/117 179/284/118 178/250/115 139/249/114
f 124/275/1 138/279/17 158/280/17 150/276/1
f 106/285/119 159/286/120 105/287/98
f 109/288/121 107/289/122 164/290/122 149/291/121
f 142/292/123 165/293/124 104/294/124 145/295/123
f 105/287/98 159/286/120 143/214/98 111/213/98
f 110/216/98 160/215/99 108/296/125
f 167/297/126 166/298/127 143/299/127 159/300/128
f 166/298/127 168/301/129 160/302/130 143/299/127
f 134/303/131 162/304/132 165/305/133 142/306/131
f 149/307/134 164/308/135 163/309/136 136/310/134
f 135/311/137 136/312/138 163/313/139 161/314/127
f 134/315/140 135/311/137 161/314/127 162/316/141
f 164/290/122 107/289/122 108/296/125 160/215/99
f 163/309/136 164/308/135 160/317/142 168/318/142
f 104/294/124 165/293/124 159/286/120 106/285/119
f 165/305/133 162/304/132 167/319/143 159/320/143
f 161/314/127 163/313/139 168/301/129 166/298/127
f 162/316/141 161/314/127 166/298/127 167/297/126
f 148/223/104 124/224/104 179/284/118 184/283/117
f 177/321/4 190/322/4 189/323/5 176/324/5
f 174/238/7 187/237/7 186/262/8 173/261/8
f 140/188/78 130/325/144 194/189/79
f 123/326/145 117/247/5 141/248/5 127/327/145
f 125/328/146 123/326/145 127/327/145 128/329/147
f 113/330/148 125/328/146 128/329/147 126/331/148
f 170/217/100 113/330/148 126/331/148 183/218/101
f 139/332/149 185/333/149 198/334/150 129/335/150
f 180/336/151 183/337/151 126/338/152 199/339/152
f 176/340/153 195/341/111 197/342/154 177/343/155
f 197/344/156 202/345/157 194/346/157 198/347/158
f 127/348/78 141/187/78 181/190/78 193/349/159
f 201/350/160 193/351/161 181/244/111 200/243/111
f 196/352/162 201/350/160 200/243/111 195/341/111
f 126/338/152 128/353/163 193/349/159 199/339/152
f 175/354/164 196/352/162 195/341/111 176/340/153
f 185/355/165 177/356/165 197/344/156 198/347/158
f 175/357/166 180/358/166 199/359/167 196/360/168
f 198/334/150 194/189/79 130/325/144 129/335/150
f 199/359/167 193/361/169 201/362/169 196/360/168
f 195/341/111 200/243/111 202/246/113 197/342/154
f 128/353/163 127/348/78 193/349/159
f 178/282/3 191/281/3 190/322/4 177/321/4
f 150/363/170 158/364/170 31/365/170 1/366/170
f 158/364/170 157/367/170 29/368/170 31/365/170
f 157/367/170 156/369/170 27/370/170 29/368/170
f 156/369/170 155/371/170 25/372/170 27/370/170
f 155/371/170 154/373/170 23/374/170 25/372/170
f 154/373/170 153/375/170 21/376/170 23/374/170
f 153/375/170 152/377/170 19/378/170 21/376/170
f 152/377/170 151/379/170 17/380/170 19/378/170
f 151/379/170 186/381/170 15/382/170 17/380/170
f 186/381/170 187/383/170 13/384/170 15/382/170
f 187/383/170 188/385/170 11/386/170 13/384/170
f 188/385/170 189/387/170 9/388/170 11/386/170
f 189/387/170 190/389/170 7/390/170 9/388/170
f 190/389/170 191/391/170 5/392/170 7/390/170
f 191/391/170 192/393/170 3/394/170 5/392/170
f 192/393/170 150/363/170 1/366/170 3/394/170
f 83/395/170 81/396/170 82/397/170 203/398/170
f 96/399/170 95/400/170 203/398/170 82/397/170
f 94/401/170 93/402/170 203/398/170 95/400/170
f 92/403/170 91/404/170 203/398/170 93/402/170
f 90/405/170 89/406/170 203/398/170 91/404/170
f 88/407/170 87/408/170 203/398/170 89/406/170
f 86/409/170 85/410/170 203/398/170 87/408/170
f 84/411/170 83/395/170 203/398/170 85/410/170
f 204/412/16 205/413/16 112/414/16 172/415/16
f 204/412/16 206/416/171 170/417/171 169/418/16
f 207/419/16 113/420/16 170/417/171 206/416/171
f 207/419/16 208/421/172 125/422/172 113/420/16
f 117/423/172 208/421/172 115/424/172 116/425/172
f 123/426/172 125/422/172 208/421/172 117/423/172
f 114/427/16 115/424/172 208/421/172 207/419/16
f 114/427/16 207/419/16 206/416/171 171/428/171
f 172/415/16 171/428/171 206/416/171 204/412/16
f 169/418/16 118/429/16 205/413/16 204/412/16
f 209/430/173 121/431/173 122/432/16 210/433/16
f 211/434/16 98/435/16 121/431/173 209/430/173
f 211/434/16 97/436/16 103/437/174 212/438/174
f 212/438/174 103/437/174 102/439/174 101/440/174
f 99/441/174 212/438/174 101/440/174 100/442/174
f 98/435/16 211/434/16 212/438/174 99/441/174
f 97/436/16 211/434/16 209/430/173 120/443/173
f 120/443/173 209/430/173 210/433/16 119/444/16
f 119/444/16 210/433/16 205/413/16 118/429/16
f 122/432/16 112/414/16 205/413/16 210/433/16
f 213/445/175 225/446/176 236/447/177 224/448/9
f 214/449/178 226/450/179 225/446/176 213/445/175
f 215/451/180 227/452/181 226/450/179 214/449/178
f 216/453/182 228/454/183 227/455/181 215/456/180
f 217/457/184 229/458/185 228/454/183 216/453/182
f 218/459/1 230/460/186 229/458/185 217/457/184
f 219/461/187 231/462/188 230/460/186 218/459/1
f 220/463/189 232/464/190 231/462/188 219/461/187
f 221/465/191 233/466/192 232/464/190 220/463/189
f 222/467/193 234/468/194 233/466/192 221/465/191
f 223/469/195 235/470/196 234/468/194 222/467/193
f 224/448/9 236/447/177 235/470/196 223/469/195
f 225/446/176 237/471/197 248/472/198 236/447/177
f 226/450/179 238/473/199 237/471/197 225/446/176
f 227/452/181 239/474/200 238/473/199 226/450/179
f 228/454/183 240/475/201 239/476/200 227/455/181
f 229/458/185 241/477/202 240/475/201 228/454/183
f 230/460/186 242/478/203 241/477/202 229/458/185
f 231/462/188 243/479/204 242/478/203 230/460/186
f 232/464/190 244/480/205 243/479/204 231/462/188
f 233/466/192 245/481/206 244/480/205 232/464/190
f 234/468/194 246/482/207 245/481/206 233/466/192
f 235/470/196 247/483/208 246/482/207 234/468/194
f 236/447/177 248/472/198 247/483/208 235/470/196
f 237/471/197 249/484/209 260/485/210 248/472/198
f 238/473/199 250/486/211 249/484/209 237/471/197
f 239/474/200 251/487/212 250/486/211 238/473/199
f 240/475/201 252/488/213 251/489/212 239/476/200
f 241/477/202 253/490/214 252/488/213 240/475/201
f 242/478/203 254/491/215 253/490/214 241/477/202
f 243/479/204 255/492/216 254/491/215 242/478/203
f 244/480/205 256/493/217 255/492/216 243/479/204
f 245/481/206 257/494/218 256/493/217 244/480/205
f 246/482/207 258/495/219 257/494/218 245/481/206
f 247/483/208 259/496/220 258/495/219 246/482/207
f 248/472/198 260/485/210 259/496/220 247/483/208
f 249/484/209 261/497/221 272/498/222 260/485/210
f 250/486/211 262/499/223 261/497/221 249/484/209
f 251/487/212 263/500/224 262/499/223 250/486/211
f 252/488/213 264/501/225 263/502/224 251/489/212
f 253/490/214 265/503/226 264/501/225 252/488/213
f 254/491/215 266/504/227 265/503/226 253/490/214
f 255/492/216 267/505/228 266/504/227 254/491/215
f 256/493/217 268/506/229 267/505/228 255/492/216
f 257/494/218 269/507/230 268/506/229 256/493/217
f 258/495/219 270/508/231 269/507/230 257/494/218
f 259/496/220 271/509/232 270/508/231 258/495/219
f 260/485/210 272/498/222 271/509/232 259/496/220
f 261/497/221 273/510/233 284/511/234 272/498/222
f 262/499/223 274/512/235 273/510/233 261/497/221
f 263/500/224 275/513/236 274/512/235 262/499/223
f 264/501/225 276/514/237 275/515/236 263/502/224
f 265/503/226 277/516/238 276/514/237 264/501/225
f 266/504/227 278/517/239 277/516/238 265/503/226
f 267/505/228 279/518/240 278/517/239 266/504/227
f 268/506/229 280/519/241 279/518/240 267/505/228
f 269/507/230 281/520/242 280/519/241 268/506/229
f 270/508/231 282/521/243 281/520/242 269/507/230
f 271/509/232 283/522/244 282/521/243 270/508/231
f 272/498/222 284/511/234 283/522/244 271/509/232
f 273/510/233 285/523/245 296/524/246 284/511/234
f 274/512/235 286/525/247 285/523/245 273/510/233
f 275/513/236 287/526/248 286/525/247 274/512/235
f 276/514/237 288/527/249 287/528/248 275/515/236
f 277/516/238 289/529/250 288/527/249 276/514/237
f 278/517/239 290/530/251 289/529/250 277/516/238
f 279/518/240 291/531/252 290/530/251 278/517/239
f 280/519/241 292/532/253 291/531/252 279/518/240
f 281/520/242 293/533/254 292/532/253 280/519/241
f 282/521/243 294/534/255 293/533/254 281/520/242
f 283/522/244 295/535/256 294/534/255 282/521/243
f 284/511/234 296/524/246 295/535/256 283/522/244
f 285/523/245 297/536/257 308/537/258 296/524/246
f 286/525/247 298/538/259 297/536/257 285/523/245
f 287/526/248 299/539/260 298/538/259 286/525/247
f 288/527/249 300/540/261 299/541/260 287/528/248
f 289/529/250 301/542/262 300/540/261 288/527/249
f 290/530/251 302/543/263 301/542/262 289/529/250
f 291/531/252 303/544/264 302/543/263 290/530/251
f 292/532/253 304/545/265 303/544/264 291/531/252
f 293/533/254 305/546/266 304/545/265 292/532/253
f 294/534/255 306/547/267 305/546/266 293/533/254
f 295/535/256 307/548/268 306/547/267 294/534/255
f 296/524/246 308/537/258 307/548/268 295/535/256
f 297/536/257 309/549/269 320/550/9 308/537/258
f 298/538/259 310/551/270 309/549/269 297/536/257
f 299/539/260 311/552/271 310/551/270 298/538/259
f 300/540/261 312/553/272 311/554/271 299/541/260
f 301/542/262 313/555/273 312/553/272 300/540/261
f 302/543/263 314/556/1 313/555/273 301/542/262
f 303/544/264 315/557/274 314/556/1 302/543/263
f 304/545/265 316/558/275 315/557/274 303/544/264
f 305/546/266 317/559/276 316/558/275 304/545/265
f 306/547/267 318/560/277 317/559/276 305/546/266
f 307/548/268 319/561/278 318/560/277 306/547/267
f 308/537/258 320/550/9 319/561/278 307/548/268
f 321/562/279 332/563/9 344/564/280 333/565/281
f 322/566/282 321/562/279 333/565/281 334/567/283
f 323/568/284 322/566/282 334/567/283 335/569/285
f 324/570/286 323/571/284 335/572/285 336/573/287
f 325/574/288 324/570/286 336/573/287 337/575/289
f 326/576/1 325/574/288 337/575/289 338/577/290
f 327/578/291 326/576/1 338/577/290 339/579/292
f 328/580/293 327/578/291 339/579/292 340/581/294
f 329/582/295 328/580/293 340/581/294 341/583/296
f 330/584/297 329/582/295 341/583/296 342/585/298
f 331/586/299 330/584/297 342/585/298 343/587/300
f 332/563/9 331/586/299 343/587/300 344/564/280
f 333/565/281 344/564/280 356/588/301 345/589/302
f 334/567/283 333/565/281 345/589/302 346/590/303
f 335/569/285 334/567/283 346/590/303 347/591/304
f 336/573/287 335/572/285 347/592/304 348/593/305
f 337/575/289 336/573/287 348/593/305 349/594/306
f 338/577/290 337/575/289 349/594/306 350/595/307
f 339/579/292 338/577/290 350/595/307 351/596/308
f 340/581/294 339/579/292 351/596/308 352/597/309
f 341/583/296 340/581/294 352/597/309 353/598/310
f 342/585/298 341/583/296 353/598/310 354/599/311
f 343/587/300 342/585/298 354/599/311 355/600/312
f 344/564/280 343/587/300 355/600/312 356/588/301
f 345/589/302 356/588/301 368/601/313 357/602/314
f 346/590/303 345/589/302 357/602/314 358/603/315
f 347/591/304 346/590/303 358/603/315 359/604/316
f 348/593/305 347/592/304 359/605/316 360/606/317
f 349/594/306 348/593/305 360/606/317 361/607/318
f 350/595/307 349/594/306 361/607/318 362/608/319
f 351/596/308 350/595/307 362/608/319 363/609/320
f 352/597/309 351/596/308 363/609/320 364/610/321
f 353/598/310 352/597/309 364/610/321 365/611/322
f 354/599/311 353/598/310 365/611/322 366/612/323
f 355/600/312 354/599/311 366/612/323 367/613/324
f 356/588/301 355/600/312 367/613/324 368/601/313
f 357/602/314 368/601/313 380/614/325 369/615/326
f 358/603/315 357/602/314 369/615/326 370/616/327
f 359/604/316 358/603/315 370/616/327 371/617/328
f 360/606/317 359/605/316 371/618/328 372/619/329
f 361/607/318 360/606/317 372/619/329 373/620/330
f 362/608/319 361/607/318 373/620/330 374/621/331
f 363/609/320 362/608/319 374/621/331 375/622/332
f 364/610/321 363/609/320 375/622/332 376/623/333
f 365/611/322 364/610/321 376/623/333 377/624/334
f 366/612/323 365/611/322 377/624/334 378/625/335
f 367/613/324 366/612/323 378/625/335 379/626/336
f 368/601/313 367/613/324 379/626/336 380/614/325
f 369/615/326 380/614/325 392/627/337 381/628/338
f 370/616/327 369/615/326 381/628/338 382/629/339
f 371/617/328 370/616/327 382/629/339 383/630/340
f 372/619/329 371/618/328 383/631/340 384/632/341
f 373/620/330 372/619/329 384/632/341 385/633/342
f 374/621/331 373/620/330 385/633/342 386/634/343
f 375/622/332 374/621/331 386/634/343 387/635/344
f 376/623/333 375/622/332 387/635/344 388/636/345
f 377/624/334 376/623/333 388/636/345 389/637/346
f 378/625/335 377/624/334 389/637/346 390/638/347
f 379/626/336 378/625/335 390/638/347 391/639/348
f 380/614/325 379/626/336 391/639/348 392/627/337
f 381/628/338 392/627/337 404/640/349 393/641/350
f 382/629/339 381/628/338 393/641/350 394/642/351
f 383/630/340 382/629/339 394/642/351 395/643/352
f 384/632/341 383/631/340 395/644/352 396/645/353
f 385/633/342 384/632/341 396/645/353 397/646/354
f 386/634/343 385/633/342 397/646/354 398/647/355
f 387/635/344 386/634/343 398/647/355 399/648/356
f 388/636/345 387/635/344 399/648/356 400/649/357
f 389/637/346 388/636/345 400/649/357 401/650/358
f 390/638/347 389/637/346 401/650/358 402/651/359
f 391/639/348 390/638/347 402/651/359 403/652/360
f 392/627/337 391/639/348 403/652/360 404/640/349
f 393/641/350 404/640/349 416/653/361 405/654/362
f 394/642/351 393/641/350 405/654/362 406/655/363
f 395/643/352 394/642/351 406/655/363 407/656/364
f 396/645/353 395/644/352 407/657/364 408/658/365
f 397/646/354 396/645/353 408/658/365 409/659/366
f 398/647/355 397/646/354 409/659/366 410/660/367
f 399/648/356 398/647/355 410/660/367 411/661/368
f 400/649/357 399/648/356 411/661/368 412/662/369
f 401/650/358 400/649/357 412/662/369 413/663/370
f 402/651/359 401/650/358 413/663/370 414/664/371
f 403/652/360 402/651/359 414/664/371 415/665/372
f 404/640/349 403/652/360 415/665/372 416/653/361
f 405/654/362 416/653/361 428/666/9 417/667/373
f 406/655/363 405/654/362 417/667/373 418/668/374
f 407/656/364 406/655/363 418/668/374 419/669/375
f 408/658/365 407/657/364 419/670/375 420/671/376
f 409/659/366 408/658/365 420/671/376 421/672/377
f 410/660/367 409/659/366 421/672/377 422/673/1
f 411/661/368 410/660/367 422/673/1 423/674/378
f 412/662/369 411/661/368 423/674/378 424/675/379
f 413/663/370 412/662/369 424/675/379 425/676/380
f 414/664/371 413/663/370 425/676/380 426/677/381
f 415/665/372 414/664/371 426/677/381 427/678/382
f 416/653/361 415/665/372 427/678/382 428/666/9
f 504/679/383 500/680/384 450/681/385 438/682/386
f 484/683/387 437/684/388 451/685/389 486/686/390
f 503/687/391 499/688/16 435/689/392 441/690/393
f 507/691/394 462/692/395 459/693/396 508/694/397
f 486/686/390 451/685/389 440/695/398 483/696/399
f 495/697/170 496/698/170 431/699/170 430/700/170
f 498/701/170 497/702/170 432/703/170 429/704/170
f 500/680/384 503/687/391 441/690/393 450/681/385
f 496/698/170 498/701/170 429/704/170 431/699/170
f 505/705/400 504/679/383 438/682/386 445/706/401
f 490/707/402 443/708/403 460/709/404 447/710/405
f 505/705/400 445/706/401 448/711/406 501/712/407
f 438/682/386 450/681/385 452/713/408 439/714/409
f 439/715/409 452/716/408 451/685/389 437/684/388
f 441/690/393 435/689/392 436/717/410 442/718/411
f 442/719/411 436/720/410 434/721/412 440/695/398
f 450/681/385 441/690/393 442/718/411 452/713/408
f 452/716/408 442/719/411 440/695/398 451/685/389
f 444/722/413 447/710/405 449/723/414 446/724/415
f 446/725/415 449/726/414 448/711/406 445/706/401
f 460/709/404 443/708/403 458/727/416 461/728/417
f 461/729/417 458/730/416 459/693/396 462/692/395
f 437/684/388 444/722/413 446/724/415 439/715/409
f 439/714/409 446/725/415 445/706/401 438/682/386
f 455/731/418 457/732/419 456/733/420 454/734/421
f 443/708/403 453/735/422 455/736/418 458/727/416
f 458/730/416 455/731/418 454/734/421 459/693/396
f 483/696/399 440/695/398 434/721/412 485/737/423
f 453/735/422 433/738/424 457/739/419 455/736/418
f 506/740/425 508/694/397 459/693/396 454/734/421
f 449/726/414 461/729/417 462/692/395 448/711/406
f 447/710/405 460/709/404 461/728/417 449/723/414
f 501/712/407 448/711/406 462/692/395 507/691/394
f 502/741/426 475/742/427 474/743/428 506/740/425
f 487/744/429 444/722/413 437/684/388 484/683/387
f 477/745/9 482/746/9 480/747/9 432/748/9
f 431/749/9 478/750/430 479/751/431 430/752/9
f 429/753/9 481/754/432 478/750/430 431/749/9
f 432/748/9 480/747/9 481/754/432 429/753/9
f 488/755/433 489/756/434 482/746/9 477/745/9
f 482/746/9 487/744/429 484/683/387 480/747/9
f 478/750/430 483/696/399 485/737/423 479/751/431
f 481/754/432 486/686/390 483/696/399 478/750/430
f 480/747/9 484/683/387 486/686/390 481/754/432
f 489/756/434 453/735/422 443/708/403 490/707/402
f 482/746/9 489/756/434 490/707/402 487/744/429
f 433/738/424 453/735/422 489/756/434 488/755/433
f 487/744/429 490/707/402 447/710/405 444/722/413
f 509/757/435 497/702/170 465/758/170 493/759/436
f 510/760/437 512/761/438 491/762/439 492/763/440
f 502/764/437 510/760/437 492/763/440 475/765/440
f 512/761/438 511/766/441 494/767/442 491/762/439
f 511/766/441 509/757/435 493/759/436 494/767/442
f 488/768/443 477/769/444 509/757/435 511/766/441
f 433/770/445 488/768/443 511/766/441 512/761/438
f 456/771/437 457/772/437 510/760/437 502/764/437
f 457/772/437 433/770/445 512/761/438 510/760/437
f 477/769/444 432/703/170 497/702/170 509/757/435
f 456/733/420 502/741/426 506/740/425 454/734/421
f 472/773/407 501/712/407 507/691/394 476/774/446
f 474/743/428 473/775/447 508/694/397 506/740/425
f 471/776/400 505/705/400 501/712/407 472/773/407
f 471/776/400 469/777/383 504/679/383 505/705/400
f 464/778/170 466/779/170 498/701/170 496/698/170
f 470/780/384 467/781/391 503/687/391 500/680/384
f 466/779/170 465/758/170 497/702/170 498/701/170
f 463/782/170 464/778/170 496/698/170 495/697/170
f 476/774/446 507/691/394 508/694/397 473/775/447
f 467/781/391 468/783/16 499/688/16 503/687/391
f 469/777/383 470/780/384 500/680/384 504/679/383
f 578/784/448 518/785/449 530/786/450 574/787/451
f 561/788/452 562/789/453 531/790/454 517/791/455
f 577/792/456 521/793/457 435/689/392 499/688/16
f 581/794/458 582/795/459 539/796/460 542/797/461
f 562/789/453 560/798/462 520/799/463 531/790/454
f 495/697/170 430/700/170 514/800/170 571/801/170
f 573/802/170 513/803/170 515/804/170 572/805/170
f 574/787/451 530/786/450 521/793/457 577/792/456
f 571/801/170 514/800/170 513/803/170 573/802/170
f 579/806/464 525/807/465 518/785/449 578/784/448
f 566/808/466 527/809/467 540/810/468 523/811/469
f 579/806/464 575/812/470 528/813/471 525/807/465
f 518/785/449 519/814/472 532/815/473 530/786/450
f 519/816/472 517/791/455 531/790/454 532/817/473
f 521/793/457 522/818/474 436/717/410 435/689/392
f 522/819/474 520/799/463 434/721/412 436/720/410
f 530/786/450 532/815/473 522/818/474 521/793/457
f 532/817/473 531/790/454 520/799/463 522/819/474
f 524/820/475 526/821/476 529/822/477 527/809/467
f 526/823/476 525/807/465 528/813/471 529/824/477
f 540/810/468 541/825/478 538/826/479 523/811/469
f 541/827/478 542/797/461 539/796/460 538/828/479
f 517/791/455 519/816/472 526/821/476 524/820/475
f 519/814/472 518/785/449 525/807/465 526/823/476
f 535/829/480 534/830/481 536/831/482 537/832/483
f 523/811/469 538/826/479 535/833/480 533/834/484
f 538/828/479 539/796/460 534/830/481 535/829/480
f 560/798/462 485/737/423 434/721/412 520/799/463
f 533/834/484 535/833/480 537/835/483 516/836/485
f 580/837/486 534/830/481 539/796/460 582/795/459
f 529/824/477 528/813/471 542/797/461 541/827/478
f 527/809/467 529/822/477 541/825/478 540/810/468
f 575/812/470 581/794/458 542/797/461 528/813/471
f 576/838/487 580/837/486 552/839/488 553/840/489
f 563/841/490 561/788/452 517/791/455 524/820/475
f 555/842/9 515/843/9 557/844/9 559/845/9
f 514/846/9 430/752/9 479/751/431 556/847/491
f 513/848/9 514/846/9 556/847/491 558/849/492
f 515/843/9 513/848/9 558/849/492 557/844/9
f 564/850/493 555/842/9 559/845/9 565/851/494
f 559/845/9 557/844/9 561/788/452 563/841/490
f 556/847/491 479/751/431 485/737/423 560/798/462
f 558/849/492 556/847/491 560/798/462 562/789/453
f 557/844/9 558/849/492 562/789/453 561/788/452
f 565/851/494 566/808/466 523/811/469 533/834/484
f 559/845/9 563/841/490 566/808/466 565/851/494
f 516/836/485 564/850/493 565/851/494 533/834/484
f 563/841/490 524/820/475 527/809/467 566/808/466
f 583/852/495 569/853/496 544/854/170 572/805/170
f 584/855/497 568/856/498 567/857/499 586/858/500
f 576/859/497 553/860/498 568/856/498 584/855/497
f 586/858/500 567/857/499 570/861/501 585/862/502
f 585/862/502 570/861/501 569/853/496 583/852/495
f 564/863/503 585/862/502 583/852/495 555/864/504
f 516/865/505 586/858/500 585/862/502 564/863/503
f 536/866/497 576/859/497 584/855/497 537/867/497
f 537/867/497 584/855/497 586/858/500 516/865/505
f 555/864/504 583/852/495 572/805/170 515/804/170
f 536/831/482 534/830/481 580/837/486 576/838/487
f 550/868/470 554/869/506 581/794/458 575/812/470
f 552/839/488 580/837/486 582/795/459 551/870/507
f 549/871/464 550/868/470 575/812/470 579/806/464
f 549/871/464 579/806/464 578/784/448 547/872/448
f 543/873/170 571/801/170 573/802/170 545/874/170
f 548/875/451 574/787/451 577/792/456 546/876/456
f 545/874/170 573/802/170 572/805/170 544/854/170
f 463/782/170 495/697/170 571/801/170 543/873/170
f 554/869/506 551/870/507 582/795/459 581/794/458
f 546/876/456 577/792/456 499/688/16 468/783/16
f 547/872/448 578/784/448 574/787/451 548/875/451
f 644/877/383 596/878/508 608/879/509 640/880/384
f 628/881/510 630/882/511 609/883/512 595/884/513
f 643/885/391 599/886/514 593/887/515 639/888/16
f 647/889/516 648/890/517 617/891/518 620/892/519
f 630/882/511 627/893/520 598/894/521 609/883/512
f 635/895/170 588/896/170 589/897/170 636/898/170
f 638/899/170 587/900/170 590/901/170 637/902/170
f 640/880/384 608/879/509 599/886/514 643/885/391
f 636/898/170 589/897/170 587/900/170 638/899/170
f 645/903/400 603/904/522 596/878/508 644/877/383
f 634/905/523 605/906/524 618/907/525 601/908/526
f 645/903/400 641/909/407 606/910/527 603/904/522
f 596/878/508 597/911/528 610/912/529 608/879/509
f 597/913/528 595/884/513 609/883/512 610/914/529
f 599/886/514 600/915/530 594/916/531 593/887/515
f 600/917/530 598/894/521 592/918/532 594/919/531
f 608/879/509 610/912/529 600/915/530 599/886/514
f 610/914/529 609/883/512 598/894/521 600/917/530
f 602/920/533 604/921/534 607/922/535 605/906/524
f 604/923/534 603/904/522 606/910/527 607/924/535
f 618/907/525 619/925/536 616/926/537 601/908/526
f 619/927/536 620/892/519 617/891/518 616/928/537
f 595/884/513 597/913/528 604/921/534 602/920/533
f 597/911/528 596/878/508 603/904/522 604/923/534
f 613/929/538 612/930/539 614/931/540 615/932/541
f 601/908/526 616/926/537 613/933/538 611/934/542
f 616/928/537 617/891/518 612/930/539 613/929/538
f 627/893/520 629/935/543 592/918/532 598/894/521
f 611/934/542 613/933/538 615/936/541 591/937/544
f 646/938/545 612/930/539 617/891/518 648/890/517
f 607/924/535 606/910/527 620/892/519 619/927/536
f 605/906/524 607/922/535 619/925/536 618/907/525
f 641/909/407 647/889/516 620/892/519 606/910/527
f 642/939/546 646/938/545 474/743/428 475/742/427
f 631/940/547 628/881/510 595/884/513 602/920/533
f 621/941/1 590/942/1 624/943/1 626/944/1
f 589/945/1 588/946/1 623/947/548 622/948/549
f 587/949/1 589/945/1 622/948/549 625/950/550
f 590/942/1 587/949/1 625/950/550 624/943/1
f 632/951/551 621/941/1 626/944/1 633/952/552
f 626/944/1 624/943/1 628/881/510 631/940/547
f 622/948/549 623/947/548 629/935/543 627/893/520
f 625/950/550 622/948/549 627/893/520 630/882/511
f 624/943/1 625/950/550 630/882/511 628/881/510
f 633/952/552 634/905/523 601/908/526 611/934/542
f 626/944/1 631/940/547 634/905/523 633/952/552
f 591/937/544 632/951/551 633/952/552 611/934/542
f 631/940/547 602/920/533 605/906/524 634/905/523
f 649/953/553 493/759/436 465/758/170 637/902/170
f 650/954/554 492/763/440 491/762/439 652/955/555
f 642/956/554 475/765/440 492/763/440 650/954/554
f 652/955/555 491/762/439 494/767/442 651/957/556
f 651/957/556 494/767/442 493/759/436 649/953/553
f 632/958/557 651/957/556 649/953/553 621/959/558
f 591/960/559 652/955/555 651/957/556 632/958/557
f 614/961/554 642/956/554 650/954/554 615/962/554
f 615/962/554 650/954/554 652/955/555 591/960/559
f 621/959/558 649/953/553 637/902/170 590/901/170
f 614/931/540 612/930/539 646/938/545 642/939/546
f 472/773/407 476/774/446 647/889/516 641/909/407
f 474/743/428 646/938/545 648/890/517 473/775/447
f 471/776/400 472/773/407 641/909/407 645/903/400
f 471/776/400 645/903/400 644/877/383 469/777/383
f 464/778/170 636/898/170 638/899/170 466/779/170
f 470/780/384 640/880/384 643/885/391 467/781/391
f 466/779/170 638/899/170 637/902/170 465/758/170
f 463/782/170 635/895/170 636/898/170 464/778/170
f 476/774/446 473/775/447 648/890/517 647/889/516
f 467/781/391 643/885/391 639/888/16 468/783/16
f 469/777/383 644/877/383 640/880/384 470/780/384
f 702/963/448 698/964/451 670/965/560 658/966/561
f 689/967/562 657/968/563 671/969/564 690/970/565
f 701/971/456 639/888/16 593/887/515 661/972/566
f 705/973/567 682/974/568 679/975/569 706/976/570
f 690/970/565 671/969/564 660/977/571 688/978/572
f 635/895/170 695/979/170 654/980/170 588/896/170
f 697/981/170 696/982/170 655/983/170 653/984/170
f 698/964/451 701/971/456 661/972/566 670/965/560
f 695/979/170 697/981/170 653/984/170 654/980/170
f 703/985/464 702/963/448 658/966/561 665/986/573
f 694/987/574 663/988/575 680/989/576 667/990/577
f 703/985/464 665/986/573 668/991/578 699/992/470
f 658/966/561 670/965/560 672/993/579 659/994/580
f 659/995/580 672/996/579 671/969/564 657/968/563
f 661/972/566 593/887/515 594/916/531 662/997/581
f 662/998/581 594/919/531 592/918/532 660/977/571
f 670/965/560 661/972/566 662/997/581 672/993/579
f 672/996/579 662/998/581 660/977/571 671/969/564
f 664/999/582 667/990/577 669/1000/583 666/1001/584
f 666/1002/584 669/1003/583 668/991/578 665/986/573
f 680/989/576 663/988/575 678/1004/585 681/1005/586
f 681/1006/586 678/1007/585 679/975/569 682/974/568
f 657/968/563 664/999/582 666/1001/584 659/995/580
f 659/994/580 666/1002/584 665/986/573 658/966/561
f 675/1008/587 677/1009/588 676/1010/589 674/1011/590
f 663/988/575 673/1012/591 675/1013/587 678/1004/585
f 678/1007/585 675/1008/587 674/1011/590 679/975/569
f 688/978/572 660/977/571 592/918/532 629/935/543
f 673/1012/591 656/1014/592 677/1015/588 675/1013/587
f 704/1016/593 706/976/570 679/975/569 674/1011/590
f 669/1003/583 681/1006/586 682/974/568 668/991/578
f 667/990/577 680/989/576 681/1005/586 669/1000/583
f 699/992/470 668/991/578 682/974/568 705/973/567
f 700/1017/594 553/840/489 552/839/488 704/1016/593
f 691/1018/595 664/999/582 657/968/563 689/967/562
f 683/1019/1 687/1020/1 685/1021/1 655/1022/1
f 654/1023/1 684/1024/596 623/947/548 588/946/1
f 653/1025/1 686/1026/597 684/1024/596 654/1023/1
f 655/1022/1 685/1021/1 686/1026/597 653/1025/1
f 692/1027/598 693/1028/599 687/1020/1 683/1019/1
f 687/1020/1 691/1018/595 689/967/562 685/1021/1
f 684/1024/596 688/978/572 629/935/543 623/947/548
f 686/1026/597 690/970/565 688/978/572 684/1024/596
f 685/1021/1 689/967/562 690/970/565 686/1026/597
f 693/1028/599 673/1012/591 663/988/575 694/987/574
f 687/1020/1 693/1028/599 694/987/574 691/1018/595
f 656/1014/592 673/1012/591 693/1028/599 692/1027/598
f 691/1018/595 694/987/574 667/990/577 664/999/582
f 707/1029/600 696/982/170 544/854/170 569/853/496
f 708/1030/601 710/1031/602 567/857/499 568/856/498
f 700/1032/601 708/1030/601 568/856/498 553/860/498
f 710/1031/602 709/1033/603 570/861/501 567/857/499
f 709/1033/603 707/1029/600 569/853/496 570/861/501
f 692/1034/604 683/1035/605 707/1029/600 709/1033/603
f 656/1036/606 692/1034/604 709/1033/603 710/1031/602
f 676/1037/601 677/1038/601 708/1030/601 700/1032/601
f 677/1038/601 656/1036/606 710/1031/602 708/1030/601
f 683/1035/605 655/983/170 696/982/170 707/1029/600
f 676/1010/589 700/1017/594 704/1016/593 674/1011/590
f 550/868/470 699/992/470 705/973/567 554/869/506
f 552/839/488 551/870/507 706/976/570 704/1016/593
f 549/871/464 703/985/464 699/992/470 550/868/470
f 549/871/464 547/872/448 702/963/448 703/985/464
f 543/873/170 545/874/170 697/981/170 695/979/170
f 548/875/451 546/876/456 701/971/456 698/964/451
f 545/874/170 544/854/170 696/982/170 697/981/170
f 463/782/170 543/873/170 695/979/170 635/895/170
f 554/869/506 705/973/567 706/976/570 551/870/507
f 546/876/456 468/783/16 639/888/16 701/971/456
f 547/872/448 548/875/451 698/964/451 702/963/448
f 789/1039/607 741/1040/608 742/1041/609 790/1042/610
f 790/1042/610 742/1041/609 727/1043/611 775/1044/612
f 726/1045/613 949/1046/614 950/1047/615 711/1048/1
f 725/1049/616 947/1050/617 949/1046/614 726/1045/613
f 724/1051/618 945/1052/619 947/1050/617 725/1049/616
f 723/1053/16 943/1054/620 945/1052/619 724/1051/618
f 722/1055/621 941/1056/622 943/1054/620 723/1053/16
f 721/1057/623 939/1058/624 941/1056/622 722/1055/621
f 720/1059/625 937/1060/626 939/1058/624 721/1057/623
f 719/1061/9 822/1062/627 937/1060/626 720/1059/625
f 718/1063/628 820/1064/629 822/1062/627 719/1061/9
f 717/1065/630 818/1066/631 820/1064/629 718/1063/628
f 716/1067/632 816/1068/633 818/1066/631 717/1065/630
f 715/1069/170 814/1070/634 816/1068/633 716/1067/632
f 826/1071/5 827/1072/5 936/1073/5 825/1074/5
f 714/1075/635 812/1076/636 814/1077/634 715/1078/170
f 951/1079/637 743/1080/638 744/1081/639 807/1082/640
f 935/1083/641 938/1084/642 939/1058/624 937/1060/626
f 819/1085/643 821/1086/644 822/1062/627 820/1064/629
f 813/1087/645 815/1088/646 816/1068/633 814/1070/634
f 807/1082/640 809/1089/647 810/1090/648 808/1091/649
f 773/1092/650 804/1093/651 805/1094/652 774/1095/653
f 770/1096/654 801/1097/655 802/1098/656 771/1099/657
f 767/1100/658 798/1101/659 799/1102/660 768/1103/661
f 764/1104/662 795/1105/663 796/1106/664 765/1107/665
f 761/1108/666 792/1109/667 793/1110/668 762/1111/669
f 948/1112/670 758/1113/671 743/1080/638 951/1079/637
f 942/1114/672 755/1115/673 756/1116/674 944/1117/675
f 935/1083/641 752/1118/676 753/1119/677 938/1084/642
f 817/1120/678 749/1121/679 750/1122/680 819/1085/643
f 942/1114/672 944/1117/675 945/1052/619 943/1054/620
f 811/1123/681 746/1124/682 747/1125/683 813/1126/645
f 788/1127/684 740/1128/685 741/1040/608 789/1039/607
f 727/1129/13 952/1130/13 729/1131/13 728/1132/13
f 787/1133/686 739/1134/687 740/1128/685 788/1127/684
f 786/1135/688 738/1136/689 739/1134/687 787/1133/686
f 785/1137/690 737/1138/691 738/1136/689 786/1135/688
f 784/1139/692 736/1140/693 737/1138/691 785/1137/690
f 783/1141/694 735/1142/695 736/1140/693 784/1139/692
f 782/1143/696 734/1144/697 735/1142/695 783/1141/694
f 781/1145/698 733/1146/699 734/1144/697 782/1143/696
f 780/1147/700 732/1148/701 733/1146/699 781/1145/698
f 779/1149/702 731/1150/703 732/1148/701 780/1147/700
f 778/1151/704 730/1152/705 731/1153/703 779/1154/702
f 777/1155/706 729/1156/707 730/1152/705 778/1151/704
f 776/1157/708 728/1158/709 729/1156/707 777/1155/706
f 775/1044/612 727/1043/611 728/1158/709 776/1157/708
f 730/1159/13 729/1131/13 952/1130/13 731/1160/13
f 792/1109/667 777/1155/706 778/1151/704 793/1110/668
f 796/1106/664 781/1145/698 782/1143/696 797/1161/710
f 798/1101/659 783/1141/694 784/1139/692 799/1102/660
f 800/1162/711 785/1137/690 786/1135/688 801/1097/655
f 802/1098/656 787/1133/686 788/1127/684 803/1163/712
f 804/1093/651 789/1039/607 790/1042/610 805/1094/652
f 743/1164/713 759/1165/714 760/1166/715 744/1167/716
f 745/1168/717 761/1108/666 762/1111/669 746/1169/718
f 747/1170/719 763/1171/720 764/1104/662 748/1172/721
f 749/1173/722 765/1107/665 766/1174/723 750/1175/724
f 751/1176/725 767/1100/658 768/1103/661 752/1177/726
f 753/1178/727 769/1179/728 770/1096/654 754/1180/729
f 755/1181/730 771/1099/657 772/1182/731 756/1183/732
f 757/1184/733 773/1092/650 774/1095/653 758/1185/734
f 713/1186/735 810/1090/648 812/1076/636 714/1075/635
f 791/1187/736 776/1157/708 777/1155/706 792/1109/667
f 806/1188/737 775/1044/612 776/1157/708 791/1187/736
f 938/1084/642 940/1189/738 941/1056/622 939/1058/624
f 809/1089/647 745/1190/739 746/1124/682 811/1123/681
f 815/1088/646 748/1191/740 749/1121/679 817/1120/678
f 821/1086/644 751/1192/741 752/1118/676 935/1083/641
f 940/1189/738 754/1193/742 755/1115/673 942/1114/672
f 946/1194/743 757/1195/744 758/1113/671 948/1112/670
f 760/1166/715 791/1187/736 792/1109/667 761/1108/666
f 763/1171/720 794/1196/745 795/1105/663 764/1104/662
f 766/1174/723 797/1161/710 798/1101/659 767/1100/658
f 769/1179/728 800/1162/711 801/1097/655 770/1096/654
f 772/1182/731 803/1163/712 804/1093/651 773/1092/650
f 951/1079/637 807/1082/640 808/1091/649 950/1047/615
f 811/1123/681 813/1126/645 814/1077/634 812/1076/636
f 817/1120/678 819/1085/643 820/1064/629 818/1066/631
f 940/1189/738 942/1114/672 943/1054/620 941/1056/622
f 794/1196/745 779/1149/702 780/1147/700 795/1105/663
f 758/1185/734 774/1095/653 759/1165/714 743/1164/713
f 756/1183/732 772/1182/731 773/1092/650 757/1184/733
f 754/1180/729 770/1096/654 771/1099/657 755/1181/730
f 752/1177/726 768/1103/661 769/1179/728 753/1178/727
f 750/1175/724 766/1174/723 767/1100/658 751/1176/725
f 748/1172/721 764/1104/662 765/1107/665 749/1173/722
f 746/1169/718 762/1111/669 763/1197/720 747/1198/719
f 744/1167/716 760/1166/715 761/1108/666 745/1168/717
f 805/1094/652 790/1042/610 775/1044/612 806/1188/737
f 803/1163/712 788/1127/684 789/1039/607 804/1093/651
f 801/1097/655 786/1135/688 787/1133/686 802/1098/656
f 799/1102/660 784/1139/692 785/1137/690 800/1162/711
f 797/1161/710 782/1143/696 783/1141/694 798/1101/659
f 795/1105/663 780/1147/700 781/1145/698 796/1106/664
f 793/1110/668 778/1151/704 779/1154/702 794/1199/745
f 944/1117/675 946/1194/743 947/1050/617 945/1052/619
f 711/1048/1 950/1047/615 808/1091/649 712/1200/746
f 813/1087/645 747/1201/683 748/1191/740 815/1088/646
f 819/1085/643 750/1122/680 751/1192/741 821/1086/644
f 938/1084/642 753/1119/677 754/1193/742 940/1189/738
f 944/1117/675 756/1116/674 757/1195/744 946/1194/743
f 759/1165/714 806/1188/737 791/1187/736 760/1166/715
f 762/1111/669 793/1110/668 794/1199/745 763/1197/720
f 765/1107/665 796/1106/664 797/1161/710 766/1174/723
f 768/1103/661 799/1102/660 800/1162/711 769/1179/728
f 771/1099/657 802/1098/656 803/1163/712 772/1182/731
f 774/1095/653 805/1094/652 806/1188/737 759/1165/714
f 809/1089/647 811/1123/681 812/1076/636 810/1090/648
f 815/1088/646 817/1120/678 818/1066/631 816/1068/633
f 821/1086/644 935/1083/641 937/1060/626 822/1062/627
f 946/1194/743 948/1112/670 949/1046/614 947/1050/617
f 807/1082/640 744/1081/639 745/1190/739 809/1089/647
f 871/1202/747 872/1203/748 824/1204/749 823/1205/750
f 872/1203/748 873/1206/751 825/1207/752 824/1204/749
f 873/1206/751 874/1208/753 826/1209/754 825/1207/752
f 874/1208/753 875/1210/755 827/1211/756 826/1209/754
f 875/1212/755 876/1213/757 828/1214/758 827/1215/756
f 876/1213/757 877/1216/759 829/1217/760 828/1214/758
f 877/1216/759 878/1218/761 830/1219/762 829/1217/760
f 878/1218/761 879/1220/763 831/1221/764 830/1219/762
f 879/1220/763 880/1222/765 832/1223/766 831/1221/764
f 880/1222/765 881/1224/767 833/1225/768 832/1223/766
f 881/1224/767 882/1226/769 834/1227/770 833/1225/768
f 882/1226/769 883/1228/771 835/1229/772 834/1227/770
f 883/1228/771 884/1230/773 836/1231/774 835/1229/772
f 884/1230/773 885/1232/775 837/1233/776 836/1231/774
f 823/1234/5 824/1235/5 825/1074/5 936/1073/5
f 885/1232/775 886/1236/777 838/1237/778 837/1233/776
f 886/1236/777 871/1202/747 823/1205/750 838/1237/778
f 726/1045/613 711/1048/1 933/1238/779 932/1239/780
f 725/1049/616 726/1045/613 932/1239/780 930/1240/781
f 724/1051/618 725/1049/616 930/1240/781 928/1241/782
f 723/1053/16 724/1051/618 928/1241/782 926/1242/783
f 722/1055/621 723/1053/16 926/1242/783 924/1243/784
f 721/1057/623 722/1055/621 924/1243/784 922/1244/785
f 720/1059/625 721/1057/623 922/1244/785 920/1245/786
f 719/1061/9 720/1059/625 920/1245/786 918/1246/787
f 718/1063/628 719/1061/9 918/1246/787 916/1247/788
f 717/1065/630 718/1063/628 916/1247/788 914/1248/789
f 716/1067/632 717/1065/630 914/1248/789 912/1249/790
f 715/1069/170 716/1067/632 912/1249/790 910/1250/791
f 714/1075/635 715/1078/170 910/1251/791 908/1252/792
f 934/1253/793 903/1254/794 840/1255/795 839/1256/796
f 713/1186/735 714/1075/635 908/1252/792 906/1257/797
f 854/1258/798 839/1259/799 855/1260/800 870/1261/801
f 853/1262/802 854/1258/798 870/1261/801 869/1263/803
f 852/1264/804 853/1262/802 869/1263/803 868/1265/805
f 851/1266/806 852/1264/804 868/1265/805 867/1267/807
f 850/1268/808 851/1266/806 867/1267/807 866/1269/809
f 849/1270/810 850/1268/808 866/1269/809 865/1271/811
f 848/1272/812 849/1270/810 865/1271/811 864/1273/813
f 847/1274/814 848/1272/812 864/1273/813 863/1275/815
f 846/1276/816 847/1274/814 863/1275/815 862/1277/817
f 845/1278/818 846/1276/816 862/1277/817 861/1279/819
f 844/1280/820 845/1278/818 861/1279/819 860/1281/821
f 843/1282/822 844/1280/820 860/1281/821 859/1283/823
f 842/1284/824 843/1285/822 859/1286/823 858/1287/825
f 841/1288/826 842/1284/824 858/1287/825 857/1289/827
f 840/1290/828 841/1288/826 857/1289/827 856/1291/829
f 839/1259/799 840/1290/828 856/1291/829 855/1260/800
f 901/1292/830 902/1293/831 871/1202/747 886/1236/777
f 900/1294/832 901/1292/830 886/1236/777 885/1232/775
f 899/1295/833 900/1294/832 885/1232/775 884/1230/773
f 898/1296/834 899/1295/833 884/1230/773 883/1228/771
f 897/1297/835 898/1296/834 883/1228/771 882/1226/769
f 896/1298/836 897/1297/835 882/1226/769 881/1224/767
f 895/1299/837 896/1298/836 881/1224/767 880/1222/765
f 894/1300/838 895/1299/837 880/1222/765 879/1220/763
f 893/1301/839 894/1300/838 879/1220/763 878/1218/761
f 892/1302/840 893/1301/839 878/1218/761 877/1216/759
f 891/1303/841 892/1302/840 877/1216/759 876/1213/757
f 890/1304/842 891/1303/841 876/1213/757 875/1212/755
f 889/1305/843 890/1306/842 875/1210/755 874/1208/753
f 888/1307/844 889/1305/843 874/1208/753 873/1206/751
f 887/1308/845 888/1307/844 873/1206/751 872/1203/748
f 902/1293/831 887/1308/845 872/1203/748 871/1202/747
f 903/1254/794 905/1309/846 841/1310/847 840/1255/795
f 711/1048/1 712/1200/746 904/1311/848 933/1238/779
f 905/1309/846 907/1312/849 842/1313/850 841/1310/847
f 907/1312/849 909/1314/851 843/1315/852 842/1313/850
f 909/1316/851 911/1317/853 844/1318/854 843/1319/852
f 911/1317/853 913/1320/855 845/1321/856 844/1318/854
f 913/1320/855 915/1322/857 846/1323/858 845/1321/856
f 915/1322/857 917/1324/859 847/1325/860 846/1323/858
f 917/1324/859 919/1326/861 848/1327/862 847/1325/860
f 919/1326/861 921/1328/863 849/1329/864 848/1327/862
f 921/1328/863 923/1330/865 850/1331/866 849/1329/864
f 923/1330/865 925/1332/867 851/1333/868 850/1331/866
f 925/1332/867 927/1334/869 852/1335/870 851/1333/868
f 927/1334/869 929/1336/871 853/1337/872 852/1335/870
f 929/1336/871 931/1338/873 854/1339/874 853/1337/872
f 931/1338/873 934/1253/793 839/1256/796 854/1339/874
f 855/1260/800 856/1291/829 887/1308/845 902/1293/831
f 856/1291/829 857/1289/827 888/1307/844 887/1308/845
f 857/1289/827 858/1287/825 889/1305/843 888/1307/844
f 858/1287/825 859/1286/823 890/1306/842 889/1305/843
f 859/1283/823 860/1281/821 891/1303/841 890/1304/842
f 860/1281/821 861/1279/819 892/1302/840 891/1303/841
f 861/1279/819 862/1277/817 893/1301/839 892/1302/840
f 862/1277/817 863/1275/815 894/1300/838 893/1301/839
f 863/1275/815 864/1273/813 895/1299/837 894/1300/838
f 864/1273/813 865/1271/811 896/1298/836 895/1299/837
f 865/1271/811 866/1269/809 897/1297/835 896/1298/836
f 866/1269/809 867/1267/807 898/1296/834 897/1297/835
f 867/1267/807 868/1265/805 899/1295/833 898/1296/834
f 868/1265/805 869/1263/803 900/1294/832 899/1295/833
f 869/1263/803 870/1261/801 901/1292/830 900/1294/832
f 870/1261/801 855/1260/800 902/1293/831 901/1292/830
f 934/1253/793 933/1238/779 904/1311/848 903/1254/794
f 903/1254/794 904/1311/848 906/1257/797 905/1309/846
f 905/1309/846 906/1257/797 908/1252/792 907/1312/849
f 907/1312/849 908/1252/792 910/1251/791 909/1314/851
f 909/1316/851 910/1250/791 912/1249/790 911/1317/853
f 911/1317/853 912/1249/790 914/1248/789 913/1320/855
f 913/1320/855 914/1248/789 916/1247/788 915/1322/857
f 915/1322/857 916/1247/788 918/1246/787 917/1324/859
f 917/1324/859 918/1246/787 920/1245/786 919/1326/861
f 919/1326/861 920/1245/786 922/1244/785 921/1328/863
f 921/1328/863 922/1244/785 924/1243/784 923/1330/865
f 923/1330/865 924/1243/784 926/1242/783 925/1332/867
f 925/1332/867 926/1242/783 928/1241/782 927/1334/869
f 927/1334/869 928/1241/782 930/1240/781 929/1336/871
f 929/1336/871 930/1240/781 932/1239/780 931/1338/873
f 931/1338/873 932/1239/780 933/1238/779 934/1253/793
f 712/1200/746 713/1186/735 906/1257/797 904/1311/848
f 742/1340/13 741/1341/13 952/1130/13 727/1129/13
f 740/1342/13 739/1343/13 952/1130/13 741/1341/13
f 738/1344/13 737/1345/13 952/1130/13 739/1343/13
f 736/1346/13 735/1347/13 952/1130/13 737/1345/13
f 734/1348/13 733/1349/13 952/1130/13 735/1347/13
f 732/1350/13 731/1160/13 952/1130/13 733/1349/13
f 712/1200/746 808/1091/649 810/1090/648 713/1186/735
f 948/1112/670 951/1079/637 950/1047/615 949/1046/614
f 828/1351/5 829/1352/5 936/1073/5 827/1072/5
f 830/1353/5 831/1354/5 936/1073/5 829/1352/5
f 832/1355/5 833/1356/5 936/1073/5 831/1354/5
f 834/1357/5 835/1358/5 936/1073/5 833/1356/5
f 836/1359/5 837/1360/5 936/1073/5 835/1358/5
f 838/1361/5 823/1234/5 936/1073/5 837/1360/5
f 953/1362/1 954/1363/1 956/1364/2 955/1365/2
f 955/1365/2 956/1364/2 958/1366/3 957/1367/3
f 957/1367/3 958/1366/3 960/1368/4 959/1369/4
f 959/1369/4 960/1368/4 962/1370/5 961/1371/5
f 961/1371/5 962/1370/5 964/1372/6 963/1373/6
f 963/1373/6 964/1372/6 966/1374/7 965/1375/7
f 965/1375/7 966/1374/7 968/1376/8 967/1377/8
f 967/1377/8 968/1376/8 970/1378/9 969/1379/9
f 969/1379/9 970/1378/9 972/1380/10 971/1381/10
f 971/1381/10 972/1380/10 974/1382/11 973/1383/11
f 973/1383/11 974/1382/11 976/1384/12 975/1385/12
f 975/1385/12 976/1384/12 978/1386/13 977/1387/13
f 977/1388/13 978/1389/13 980/1390/14 979/1391/14
f 979/1391/14 980/1390/14 982/1392/15 981/1393/15
f 981/1393/15 982/1392/15 984/1394/17 983/1395/17
f 983/1395/17 984/1394/17 954/1363/1 953/1362/1
f 1005/1396/16 1006/1397/16 985/1398/16 1004/1399/16
f 985/1398/16 1016/1400/16 1017/1401/16 1002/1402/16
f 967/1403/875 969/1404/876 994/1405/876 993/1406/875
f 985/1398/16 1012/1407/16 1013/1408/16 1014/1409/16
f 975/1410/877 977/1411/878 998/1412/878 997/1413/877
f 957/1414/879 959/1415/880 989/1416/880 988/1417/879
f 983/1418/881 953/1419/882 986/1420/882 1001/1421/881
f 965/1422/883 967/1403/875 993/1406/875 992/1423/883
f 985/1398/16 1010/1424/16 1011/1425/16 1012/1407/16
f 973/1426/884 975/1410/877 997/1413/877 996/1427/884
f 955/1428/885 957/1414/879 988/1417/879 987/1429/885
f 985/1398/16 1002/1402/16 1003/1430/16 1004/1399/16
f 991/1431/6 992/1432/7 1008/1433/7 1007/1434/6
f 996/1435/11 997/1436/12 1013/1437/12 1012/1438/11
f 1001/1439/17 986/1440/1 1002/1441/1 1017/1442/17
f 989/1443/4 990/1444/5 1006/1445/5 1005/1446/4
f 994/1447/9 995/1448/10 1011/1449/10 1010/1450/9
f 999/1451/14 1000/1452/15 1016/1453/15 1015/1454/14
f 987/1455/2 988/1456/3 1004/1457/3 1003/1458/2
f 992/1432/7 993/1459/8 1009/1460/8 1008/1433/7
f 997/1436/12 998/1461/13 1014/1462/13 1013/1437/12
f 990/1444/5 991/1431/6 1007/1434/6 1006/1445/5
f 995/1448/10 996/1435/11 1012/1438/11 1011/1449/10
f 1000/1452/15 1001/1439/17 1017/1442/17 1016/1453/15
f 988/1456/3 989/1443/4 1005/1446/4 1004/1457/3
f 993/1459/8 994/1447/9 1010/1450/9 1009/1460/8
f 986/1440/1 987/1455/2 1003/1458/2 1002/1441/1
f 998/1463/13 999/1451/14 1015/1454/14 1014/1464/13
f 1007/1465/16 1008/1466/16 985/1398/16 1006/1397/16
f 959/1415/880 961/1467/886 990/1468/886 989/1416/880
f 977/1469/878 979/1470/887 999/1471/887 998/1472/878
f 969/1404/876 971/1473/888 995/1474/888 994/1405/876
f 1009/1475/16 1010/1424/16 985/1398/16 1008/1466/16
f 961/1467/886 963/1476/889 991/1477/889 990/1468/886
f 979/1470/887 981/1478/890 1000/1479/890 999/1471/887
f 953/1419/882 955/1428/885 987/1429/885 986/1420/882
f 971/1473/888 973/1426/884 996/1427/884 995/1474/888
f 963/1476/889 965/1422/883 992/1423/883 991/1477/889
f 981/1478/890 983/1418/881 1001/1421/881 1000/1479/890
f 985/1398/16 1014/1409/16 1015/1480/16 1016/1400/16
f 1026/1481/891 1025/1482/892 1047/1483/893 1037/1484/894
f 1021/1485/895 1020/1486/896 1042/1487/897 1043/1488/898
f 1042/1489/899 1034/1490/900 1029/1491/901 1043/1492/902
f 1026/1481/891 1063/1493/903 1062/1494/904 1025/1482/892
f 1041/1495/1 1030/1496/1 1034/1490/900 1042/1489/899
f 1023/1497/905 1022/1498/906 1044/1499/907 1045/1500/908
f 1036/1501/909 1060/1502/170 1061/1503/170 1040/1504/909
f 1047/1505/910 1048/1506/911 1033/1507/912 1037/1508/913
f 1025/1482/892 1024/1509/914 1046/1510/915 1047/1483/893
f 1020/1486/896 1039/1511/909 1041/1512/909 1042/1487/897
f 1036/1513/9 1059/1514/9 1032/1515/9 1060/1516/9
f 1046/1517/916 1035/1518/917 1048/1506/911 1047/1505/910
f 1058/1519/918 1067/1520/172 1065/1521/172 1051/1522/919
f 1031/1523/920 1054/1524/921 1055/1525/922 1056/1526/923
f 1067/1520/172 1066/1527/172 1028/1528/16 1068/1529/16
f 1052/1530/924 1053/1531/925 1054/1524/921 1031/1523/920
f 1026/1481/891 1037/1484/894 1036/1501/909 1040/1504/909
f 1066/1527/172 1030/1532/172 1027/1533/16 1028/1528/16
f 1065/1521/172 1067/1520/172 1068/1529/16 1069/1534/16
f 1055/1525/922 1049/1535/926 1029/1536/927 1056/1526/923
f 1058/1519/918 1031/1523/920 1056/1526/923 1057/1537/928
f 1053/1531/925 1035/1538/929 1050/1539/173 1054/1524/921
f 1063/1493/903 1019/1540/909 1039/1511/909 1020/1486/896
f 1058/1519/918 1057/1537/928 1066/1527/172 1067/1520/172
f 1024/1509/914 1023/1497/905 1045/1500/908 1046/1510/915
f 1051/1522/919 1065/1521/172 1059/1541/172 1033/1542/930
f 1057/1537/928 1034/1543/931 1030/1532/172 1066/1527/172
f 1063/1493/903 1020/1486/896 1021/1485/895 1062/1494/904
f 1052/1530/924 1048/1544/932 1035/1538/929 1053/1531/925
f 1022/1498/906 1021/1485/895 1043/1488/898 1044/1499/907
f 1040/1504/909 1061/1503/170 1018/1545/170 1019/1540/909
f 1059/1541/172 1065/1521/172 1069/1534/16 1032/1546/16
f 1054/1524/921 1050/1539/173 1049/1535/926 1055/1525/922
f 1039/1511/909 1038/1547/170 1064/1548/170 1041/1512/909
f 1025/1482/892 1062/1494/904 1023/1497/905 1024/1509/914
f 1051/1522/919 1052/1530/924 1031/1523/920 1058/1519/918
f 1056/1526/923 1029/1536/927 1034/1543/931 1057/1537/928
f 1019/1540/909 1018/1545/170 1038/1547/170 1039/1511/909
f 1051/1522/919 1033/1542/930 1048/1544/932 1052/1530/924
f 1062/1494/904 1021/1485/895 1022/1498/906 1023/1497/905
f 1063/1493/903 1026/1481/891 1040/1504/909 1019/1540/909
f 1043/1492/902 1029/1491/901 1049/1549/933 1044/1550/934
f 1064/1551/1 1027/1552/1 1030/1496/1 1041/1495/1
f 1037/1508/913 1033/1507/912 1059/1514/9 1036/1513/9
f 1044/1550/934 1049/1549/933 1050/1553/13 1045/1554/13
f 1045/1554/13 1050/1553/13 1035/1518/917 1046/1517/916
f 1077/1555/935 1085/1556/936 1094/1557/937 1076/1558/938
f 1072/1559/939 1090/1560/940 1089/1561/941 1071/1562/942
f 1089/1563/943 1090/1564/944 1078/1565/945 1082/1566/946
f 1077/1555/935 1076/1558/938 1107/1567/947 1108/1568/948
f 1088/1569/1 1089/1563/943 1082/1566/946 1079/1570/1
f 1074/1571/949 1092/1572/950 1091/1573/951 1073/1574/952
f 1084/1575/953 1087/1576/953 1061/1503/170 1060/1502/170
f 1094/1577/954 1085/1578/955 1081/1579/956 1095/1580/957
f 1076/1558/938 1094/1557/937 1093/1581/958 1075/1582/959
f 1071/1562/942 1089/1561/941 1088/1583/953 1086/1584/953
f 1084/1585/9 1060/1516/9 1032/1515/9 1106/1586/9
f 1093/1587/960 1094/1577/954 1095/1580/957 1083/1588/961
f 1105/1589/962 1098/1590/963 1109/1591/174 1111/1592/174
f 1080/1593/964 1103/1594/965 1102/1595/966 1101/1596/967
f 1111/1592/174 1068/1529/16 1028/1528/16 1110/1597/174
f 1099/1598/968 1080/1593/964 1101/1596/967 1100/1599/969
f 1077/1555/935 1087/1576/953 1084/1575/953 1085/1556/936
f 1110/1597/174 1028/1528/16 1027/1533/16 1079/1600/174
f 1109/1591/174 1069/1534/16 1068/1529/16 1111/1592/174
f 1102/1595/966 1103/1594/965 1078/1601/970 1096/1602/971
f 1105/1589/962 1104/1603/972 1103/1594/965 1080/1593/964
f 1100/1599/969 1101/1596/967 1097/1604/171 1083/1605/973
f 1108/1568/948 1071/1562/942 1086/1584/953 1070/1606/953
f 1105/1589/962 1111/1592/174 1110/1597/174 1104/1603/972
f 1075/1582/959 1093/1581/958 1092/1572/950 1074/1571/949
f 1098/1590/963 1081/1607/974 1106/1608/174 1109/1591/174
f 1104/1603/972 1110/1597/174 1079/1600/174 1082/1609/975
f 1108/1568/948 1107/1567/947 1072/1559/939 1071/1562/942
f 1099/1598/968 1100/1599/969 1083/1605/973 1095/1610/976
f 1073/1574/952 1091/1573/951 1090/1560/940 1072/1559/939
f 1087/1576/953 1070/1606/953 1018/1545/170 1061/1503/170
f 1106/1608/174 1032/1546/16 1069/1534/16 1109/1591/174
f 1101/1596/967 1102/1595/966 1096/1602/971 1097/1604/171
f 1086/1584/953 1088/1583/953 1064/1548/170 1038/1547/170
f 1076/1558/938 1075/1582/959 1074/1571/949 1107/1567/947
f 1098/1590/963 1105/1589/962 1080/1593/964 1099/1598/968
f 1103/1594/965 1104/1603/972 1082/1609/975 1078/1601/970
f 1070/1606/953 1086/1584/953 1038/1547/170 1018/1545/170
f 1098/1590/963 1099/1598/968 1095/1610/976 1081/1607/974
f 1107/1567/947 1074/1571/949 1073/1574/952 1072/1559/939
f 1108/1568/948 1070/1606/953 1087/1576/953 1077/1555/935
f 1090/1564/944 1091/1611/977 1096/1612/978 1078/1565/945
f 1064/1613/1 1088/1569/1 1079/1570/1 1027/1614/1
f 1085/1578/955 1084/1585/9 1106/1586/9 1081/1579/956
f 1091/1611/977 1092/1615/5 1097/1616/5 1096/1612/978
f 1092/1615/5 1093/1587/960 1083/1588/961 1097/1616/5
