# Blender 4.3.0
# www.blender.org
o hacksaw_02
v -0.000467 0.000000 0.128666
v -0.000467 -0.006204 0.126409
v -0.000467 -0.004936 0.128666
v -0.000467 -0.002374 0.130174
v -0.000467 0.000000 0.130704
v -0.000467 0.006204 0.126409
v -0.000467 0.004936 0.128666
v -0.000467 0.002374 0.130174
v -0.000467 0.000000 0.126409
v 0.000467 0.000000 0.130704
v 0.000467 -0.006204 0.126409
v 0.000467 -0.004936 0.128666
v 0.000467 -0.002374 0.130174
v 0.000467 0.006204 0.126409
v 0.000467 0.004936 0.128666
v 0.000467 0.002374 0.130174
v 0.000467 0.000000 0.128666
v 0.000467 0.000000 0.126409
v -0.000467 -0.006204 -0.126409
v -0.000467 -0.004936 -0.128666
v -0.000467 -0.002374 -0.130174
v -0.000467 0.000000 -0.130704
v -0.000467 0.006204 -0.126409
v -0.000467 0.004936 -0.128666
v -0.000467 0.002374 -0.130174
v -0.000467 0.000000 -0.128666
v -0.000467 0.000000 -0.126409
v 0.000467 0.000000 -0.130704
v 0.000467 -0.006204 -0.126409
v 0.000467 -0.004936 -0.128666
v 0.000467 -0.002374 -0.130174
v 0.000467 0.006204 -0.126409
v 0.000467 0.004936 -0.128666
v 0.000467 0.002374 -0.130174
v 0.000467 0.000000 -0.128666
v 0.000467 0.000000 -0.126409
v 0.003163 -0.016722 0.161978
v 0.006231 -0.016721 0.158909
v 0.007353 -0.016721 0.154719
v 0.006231 -0.016721 0.150529
v 0.003163 -0.016722 0.147459
v -0.001031 -0.016723 0.146335
v -0.005225 -0.016722 0.161978
v -0.008293 -0.016721 0.158909
v -0.009415 -0.016721 0.154719
v -0.008293 -0.016721 0.150529
v -0.005225 -0.016722 0.147459
v -0.001031 -0.016722 0.163103
v 0.003178 0.041313 0.161935
v 0.006246 0.041013 0.158863
v 0.007353 0.040604 0.154684
v 0.006215 0.040193 0.150523
v 0.003148 0.039889 0.147486
v -0.001031 0.039777 0.146377
v -0.005240 0.041313 0.161935
v -0.001031 0.041422 0.163063
v 0.003188 0.063828 0.157346
v 0.006258 0.062644 0.154479
v 0.007354 0.061033 0.150585
v 0.006197 0.059433 0.146725
v 0.003125 0.058269 0.143926
v -0.001031 0.057844 0.142908
v -0.008308 0.041013 0.158863
v -0.009415 0.040604 0.154684
v -0.008278 0.040193 0.150523
v -0.001031 0.064263 0.158399
v 0.003190 0.083522 0.144187
v 0.006260 0.081327 0.141993
v 0.007354 0.078349 0.139015
v 0.006199 0.075397 0.136062
v 0.003129 0.073252 0.133918
v -0.001031 0.072471 0.133137
v -0.005210 0.039889 0.147486
v -0.005250 0.063828 0.157346
v -0.001031 0.084328 0.144993
v 0.003188 0.096681 0.124494
v 0.006258 0.093814 0.123309
v 0.007354 0.089920 0.121699
v 0.006197 0.086059 0.120098
v 0.003125 0.083260 0.118934
v -0.001031 0.082243 0.118510
v -0.008320 0.062644 0.154479
v -0.009416 0.061033 0.150585
v -0.008259 0.059433 0.146725
v -0.005187 0.058269 0.143926
v -0.001031 0.097733 0.124929
v 0.003178 0.101270 0.101979
v 0.006246 0.098197 0.101679
v 0.007353 0.094018 0.101270
v 0.006216 0.089857 0.100858
v 0.003148 0.086821 0.100555
v -0.001031 0.085711 0.100443
v -0.005252 0.083522 0.144187
v -0.001031 0.102397 0.102089
v 0.003163 0.101313 -0.199776
v 0.006231 0.098244 -0.199776
v 0.007353 0.094053 -0.199776
v 0.006231 0.089863 -0.199776
v 0.003163 0.086794 -0.199776
v -0.001031 0.085670 -0.199776
v -0.008322 0.081327 0.141993
v -0.009416 0.078349 0.139015
v -0.008261 0.075397 0.136062
v -0.001031 0.102437 -0.199776
v -0.005191 0.073252 0.133918
v -0.005250 0.096681 0.124494
v -0.008320 0.093814 0.123309
v -0.009416 0.089920 0.121699
v -0.008259 0.086059 0.120098
v -0.005187 0.083260 0.118934
v -0.005240 0.101270 0.101979
v -0.008308 0.098197 0.101679
v -0.009415 0.094018 0.101270
v -0.008278 0.089857 0.100858
v -0.005210 0.086821 0.100555
v -0.005225 0.101313 -0.199776
v -0.008292 0.098244 -0.199776
v -0.009415 0.094053 -0.199776
v -0.008293 0.089863 -0.199776
v -0.005225 0.086794 -0.199776
v 0.001550 0.098522 -0.200425
v 0.003439 0.096633 -0.200425
v 0.004130 0.094053 -0.200425
v 0.003439 0.091474 -0.200425
v 0.001550 0.089585 -0.200425
v -0.001031 0.088893 -0.200425
v -0.001031 0.099214 -0.200425
v -0.003612 0.098522 -0.200425
v -0.005501 0.096633 -0.200425
v -0.006192 0.094053 -0.200425
v -0.005501 0.091474 -0.200425
v -0.003612 0.089585 -0.200425
v 0.001550 0.098522 -0.190621
v 0.003439 0.096633 -0.190621
v 0.004130 0.094053 -0.190621
v 0.003439 0.091474 -0.190621
v 0.001550 0.089585 -0.190621
v -0.001031 0.088893 -0.190621
v -0.001031 0.099214 -0.190621
v -0.003612 0.098522 -0.190621
v -0.005501 0.096633 -0.190621
v -0.006192 0.094053 -0.190621
v -0.005501 0.091474 -0.190621
v -0.003612 0.089585 -0.190621
v -0.001031 0.094053 -0.190621
v -0.001031 0.091474 -0.190621
v -0.001031 0.096633 -0.190621
v 0.001684 -0.016722 0.159418
v 0.003669 -0.016721 0.157431
v 0.004396 -0.016721 0.154719
v 0.003669 -0.016721 0.152007
v 0.001684 -0.016722 0.150020
v -0.001031 -0.016722 0.149292
v -0.003746 -0.016722 0.159418
v -0.005731 -0.016721 0.157431
v -0.006458 -0.016721 0.154719
v -0.005731 -0.016721 0.152007
v -0.003746 -0.016722 0.150020
v -0.001031 -0.016722 0.160146
v 0.001684 -0.006011 0.159418
v 0.003669 -0.006010 0.157431
v 0.004396 -0.006010 0.154719
v 0.003669 -0.006010 0.152007
v 0.001684 -0.006011 0.150020
v -0.001031 -0.006011 0.149292
v -0.003746 -0.006011 0.159418
v -0.005731 -0.006010 0.157431
v -0.006458 -0.006010 0.154719
v -0.005731 -0.006010 0.152007
v -0.003746 -0.006011 0.150020
v -0.001031 -0.006011 0.160146
v -0.001031 -0.006011 0.154719
v 0.001684 -0.006011 0.154719
v -0.003746 -0.006011 0.154719
v -0.001031 0.105425 -0.079451
v 0.010146 0.093465 -0.074054
v 0.008552 0.088271 -0.071709
v 0.004675 0.103794 -0.078715
v -0.001031 0.081422 -0.167724
v 0.009354 0.046194 -0.192299
v 0.008762 0.099386 -0.076726
v -0.001031 0.105246 -0.164995
v 0.009354 0.058571 -0.188994
v -0.001031 0.084586 -0.161682
v 0.007003 0.085727 -0.168998
v -0.001031 0.105245 -0.156038
v -0.001031 0.085395 -0.155497
v 0.004652 0.103694 -0.165696
v -0.001031 0.086736 -0.214306
v -0.001031 0.079086 -0.212494
v 0.008761 0.099761 -0.170194
v 0.003560 0.082709 -0.168100
v -0.001031 0.061444 -0.215905
v -0.001031 0.022517 -0.228881
v -0.001031 -0.019593 -0.235407
v 0.009879 0.095229 -0.170215
v -0.001031 0.071957 -0.212259
v 0.009353 0.091077 -0.155693
v 0.007176 0.087565 -0.162382
v 0.004655 0.103691 -0.156038
v -0.001031 0.036246 -0.225614
v -0.001031 0.049457 -0.221130
v 0.008746 0.099671 -0.156038
v 0.002950 0.085633 -0.162020
v -0.001031 0.009412 -0.231110
v 0.009853 0.095312 -0.162962
v -0.001031 -0.010701 -0.232919
v -0.001031 -0.001342 -0.231495
v -0.001031 0.068685 -0.176733
v 0.007176 0.088374 -0.155474
v -0.001031 0.043659 -0.181903
v 0.002952 0.086443 -0.155474
v 0.009853 0.095036 -0.155933
v -0.001031 0.055374 -0.179585
v 0.008838 0.098718 -0.183912
v -0.001031 -0.002926 -0.198506
v -0.001031 0.030199 -0.185187
v -0.001031 0.017243 -0.190124
v -0.001031 0.004266 -0.197261
v -0.001031 -0.007504 -0.195821
v -0.001031 0.077023 -0.173213
v 0.009656 0.091793 -0.183902
v 0.009178 0.095658 -0.195201
v 0.009621 0.086343 -0.195545
v 0.009386 0.091185 -0.205464
v 0.009467 0.082207 -0.205520
v 0.010022 0.059700 -0.194973
v 0.009603 0.060342 -0.202473
v -0.001031 -0.011294 -0.191719
v 0.009446 0.060637 -0.209710
v 0.010022 0.020866 -0.207427
v 0.009603 0.021762 -0.214812
v 0.009446 0.022191 -0.222519
v -0.001031 -0.013096 -0.184138
v 0.010689 -0.023858 -0.213138
v 0.010592 -0.023571 -0.221713
v -0.001031 -0.013096 -0.166360
v 0.009446 -0.022003 -0.229975
v 0.009446 0.073124 -0.206134
v -0.001031 -0.012806 -0.160185
v 0.009603 0.074320 -0.198901
v 0.010022 0.073483 -0.190862
v -0.001031 -0.010540 -0.155421
v 0.009446 0.035390 -0.219434
v 0.009446 0.048511 -0.215046
v -0.001031 -0.005331 -0.153177
v 0.009603 0.048068 -0.206620
v 0.009603 0.034685 -0.210955
v -0.001031 0.072753 -0.137625
v 0.010022 0.047404 -0.198950
v 0.010022 0.033963 -0.203289
v 0.009446 0.008742 -0.224762
v 0.009603 0.007906 -0.217465
v 0.010022 0.006995 -0.211069
v -0.001031 -0.016994 -0.234706
v 0.009607 -0.002684 -0.219238
v 0.009775 -0.013150 -0.220131
v 0.010022 -0.003171 -0.212983
v 0.009900 -0.013736 -0.212726
v 0.009446 -0.011948 -0.227144
v 0.009446 -0.001908 -0.225489
v 0.007530 0.071185 -0.181012
v 0.003415 0.069341 -0.177848
v 0.007672 0.044938 -0.186810
v 0.003348 0.043986 -0.183139
v 0.007611 0.057252 -0.184165
v 0.003293 0.055852 -0.180738
v 0.008035 0.031574 -0.190475
v 0.003680 0.030550 -0.186517
v 0.007587 -0.003416 -0.203325
v 0.007994 0.018570 -0.195380
v 0.003751 0.017600 -0.191474
v 0.008754 0.099716 -0.163155
v 0.004461 -0.003090 -0.200187
v 0.007587 0.005402 -0.202133
v 0.004461 0.004769 -0.198784
v -0.001031 0.077314 -0.137898
v 0.007452 -0.010767 -0.198182
v 0.004005 -0.008712 -0.196876
v -0.001031 0.081014 -0.139925
v 0.003560 0.078005 -0.173977
v 0.007413 0.080593 -0.176008
v 0.005492 0.088003 -0.212186
v 0.005122 0.079983 -0.210763
v 0.004971 0.022554 -0.226720
v 0.004953 -0.020286 -0.233702
v 0.005021 0.061172 -0.213996
v -0.001031 0.105242 -0.134763
v 0.005036 0.072516 -0.210412
v 0.004962 0.049049 -0.219220
v 0.004968 0.035837 -0.223623
v 0.004965 0.009266 -0.228932
v 0.005013 -0.001354 -0.229402
v 0.005007 -0.011120 -0.230936
v 0.006703 -0.014180 -0.193268
v 0.002877 -0.012155 -0.192218
v 0.009533 -0.023533 -0.203512
v 0.007792 -0.023219 -0.194490
v 0.006855 -0.015581 -0.184978
v 0.002877 -0.013957 -0.184637
v 0.006855 -0.016944 -0.166357
v -0.001031 0.105236 -0.098053
v 0.002877 -0.013957 -0.166360
v 0.006855 -0.016586 -0.159415
v 0.002877 -0.013644 -0.160006
v 0.006855 -0.013180 -0.152550
v 0.002877 -0.011113 -0.154789
v 0.006855 -0.006247 -0.149433
v 0.002877 -0.005501 -0.152334
v 0.006855 0.072802 -0.135141
v 0.002877 0.072770 -0.136764
v 0.010507 -0.020246 -0.221158
v 0.010608 -0.020477 -0.212900
v 0.009446 -0.018813 -0.229029
v 0.004972 -0.017482 -0.232886
v 0.009533 -0.020477 -0.203512
v 0.007761 -0.019569 -0.194330
v 0.007419 -0.023465 -0.184978
v 0.007419 -0.023465 -0.166360
v 0.007419 -0.019706 -0.166391
v 0.007419 -0.023017 -0.157790
v 0.007419 -0.019369 -0.158787
v 0.007419 -0.018358 -0.147753
v 0.007419 -0.015544 -0.150364
v 0.007419 -0.008264 -0.142544
v -0.001031 0.083965 -0.144119
v 0.007419 -0.007176 -0.146126
v 0.007419 0.062669 -0.114043
v -0.001031 0.105241 -0.088897
v 0.007419 0.076764 -0.103115
v 0.007419 0.078636 -0.104567
v 0.007419 0.081479 -0.095962
v -0.001031 -0.025242 -0.184978
v -0.001031 -0.025876 -0.166298
v -0.001031 -0.025359 -0.157209
v -0.001031 -0.020099 -0.146083
v -0.001031 -0.009268 -0.140351
v -0.001031 0.061562 -0.111900
v -0.001031 0.074985 -0.101485
v -0.001031 0.079389 -0.094759
v -0.001031 0.080857 -0.087672
v -0.001031 0.081043 -0.071944
v -0.001031 0.068859 -0.107555
v 0.007419 0.083800 -0.097091
v 0.007419 0.083240 -0.088047
v 0.007419 0.085558 -0.088558
v 0.006669 0.083348 -0.071890
v 0.006669 0.085562 -0.070780
v 0.006855 0.078349 -0.135707
v -0.001031 0.105243 -0.141564
v 0.002877 0.077773 -0.137172
v 0.006855 0.082827 -0.137813
v 0.002877 0.081548 -0.139250
v 0.008299 0.088927 -0.135109
v -0.001031 0.105244 -0.148350
v 0.004912 0.084082 -0.136499
v 0.004660 0.103685 -0.134763
v 0.008749 0.099480 -0.134763
v 0.009354 0.091081 -0.162687
v 0.010148 0.093837 -0.134763
v -0.001031 0.085370 -0.150065
v -0.001031 0.067383 -0.138635
v 0.009088 0.089985 -0.169735
v 0.009354 0.072439 -0.185261
v 0.009354 0.019653 -0.200674
v -0.012208 0.093465 -0.074054
v 0.009354 0.006149 -0.206142
v 0.009354 0.032739 -0.196112
v 0.009354 -0.003432 -0.207621
v 0.008904 0.085228 -0.179366
v -0.001031 0.087859 -0.212711
v 0.008544 0.088328 -0.098053
v 0.008333 -0.013732 -0.204483
v 0.006915 -0.015828 -0.193609
v 0.004670 0.103674 -0.098053
v 0.008758 0.099459 -0.098053
v -0.001031 0.078653 -0.209757
v 0.010146 0.093815 -0.098053
v -0.001031 0.081442 -0.204401
v -0.001031 0.084641 -0.197710
v -0.001031 0.087976 -0.186042
v -0.001031 0.088610 -0.173225
v -0.010614 0.088271 -0.071709
v -0.001031 0.099284 -0.170239
v -0.001031 0.083620 -0.069801
v -0.001031 0.099386 -0.076726
v -0.001031 0.088271 -0.071709
v -0.001031 0.093465 -0.074054
v -0.001031 -0.025244 -0.203512
v -0.001031 -0.024985 -0.194490
v -0.006737 0.103794 -0.078715
v 0.006855 -0.015581 -0.166360
v 0.006855 -0.015224 -0.159668
v 0.006855 -0.016944 -0.184978
v -0.001031 -0.022516 -0.231573
v 0.006855 -0.012194 -0.153597
v 0.006855 -0.005823 -0.150742
v -0.001031 -0.025790 -0.207673
v 0.006855 0.072755 -0.133526
v 0.007419 -0.019706 -0.184978
v 0.007419 0.064325 -0.116089
v 0.003168 0.072755 -0.133526
v 0.003168 0.064325 -0.116089
v 0.003168 -0.006247 -0.149433
v 0.003168 -0.007176 -0.146126
v 0.003168 -0.013180 -0.152550
v 0.003168 -0.015544 -0.150364
v 0.003168 -0.016586 -0.159415
v 0.003168 -0.019369 -0.158787
v 0.003168 -0.016944 -0.166357
v 0.003168 -0.019706 -0.166391
v 0.003168 -0.016944 -0.184978
v 0.003168 -0.019706 -0.184978
v 0.004183 -0.019248 -0.190878
v 0.004183 -0.016159 -0.190878
v 0.006855 0.078653 -0.134169
v 0.006855 0.084082 -0.136499
v 0.007419 0.070368 -0.109437
v 0.007419 0.072155 -0.111156
v 0.003168 0.078636 -0.104567
v 0.003168 0.078653 -0.134169
v 0.003168 0.072155 -0.111156
v 0.004912 0.083800 -0.097091
v 0.006855 0.086138 -0.142914
v 0.002877 0.084718 -0.143702
v 0.006855 0.087157 -0.142186
v 0.008760 0.099453 -0.088808
v 0.004673 0.103676 -0.088873
v 0.008548 0.088316 -0.088644
v 0.010146 0.093799 -0.088720
v 0.004658 0.103688 -0.141564
v 0.008747 0.099495 -0.141564
v 0.009986 0.094496 -0.141564
v 0.008877 0.090113 -0.141877
v 0.004657 0.103689 -0.148350
v 0.008747 0.099535 -0.148350
v 0.009926 0.094736 -0.148350
v 0.009089 0.090542 -0.148350
v 0.007015 0.088404 -0.148639
v 0.007015 0.087749 -0.148923
v 0.002915 0.086270 -0.149661
v 0.002877 0.067213 -0.137791
v 0.006855 0.066891 -0.136200
v 0.006855 0.066492 -0.134651
v 0.003168 0.066492 -0.134651
v 0.007753 0.100008 -0.170239
v 0.007819 0.099051 -0.183915
v 0.007809 0.095932 -0.195320
v 0.007902 0.091834 -0.204790
v 0.004555 0.088988 -0.210818
v 0.006180 0.088610 -0.173225
v 0.006241 0.087976 -0.186042
v 0.006568 0.084641 -0.197710
v 0.006667 0.081442 -0.204401
v 0.003329 0.079245 -0.208931
v 0.006908 -0.025299 -0.215622
v 0.007512 -0.024994 -0.222411
v 0.005994 -0.023871 -0.227575
v 0.003373 -0.022871 -0.230318
v 0.004502 -0.025452 -0.210247
v -0.001031 -0.012359 -0.228970
v -0.001031 -0.014959 -0.208580
v 0.005418 -0.014191 -0.214601
v 0.006144 -0.013521 -0.219857
v 0.004903 -0.012805 -0.225473
v 0.002722 -0.012498 -0.227881
v 0.003684 -0.014679 -0.210775
v -0.001031 -0.014247 -0.214163
v -0.001031 -0.013518 -0.219883
v -0.001031 -0.012807 -0.225457
v -0.011416 0.046194 -0.192299
v -0.010824 0.099386 -0.076726
v -0.011416 0.058571 -0.188994
v -0.009065 0.085727 -0.168998
v -0.006714 0.103694 -0.165696
v -0.010823 0.099761 -0.170194
v -0.005622 0.082709 -0.168100
v -0.011941 0.095229 -0.170215
v -0.011415 0.091077 -0.155693
v -0.009238 0.087565 -0.162382
v -0.006717 0.103691 -0.156038
v -0.010808 0.099671 -0.156038
v -0.005012 0.085633 -0.162020
v -0.011915 0.095312 -0.162962
v -0.009238 0.088374 -0.155474
v -0.005014 0.086443 -0.155474
v -0.011915 0.095036 -0.155933
v -0.010900 0.098718 -0.183912
v -0.011718 0.091793 -0.183902
v -0.011240 0.095658 -0.195201
v -0.011683 0.086343 -0.195545
v -0.011448 0.091185 -0.205464
v -0.011529 0.082207 -0.205520
v -0.012084 0.059700 -0.194973
v -0.011665 0.060342 -0.202473
v -0.011508 0.060637 -0.209710
v -0.012084 0.020866 -0.207427
v -0.011665 0.021762 -0.214812
v -0.011508 0.022191 -0.222519
v -0.012751 -0.023858 -0.213138
v -0.012654 -0.023571 -0.221713
v -0.011508 -0.022003 -0.229975
v -0.011508 0.073124 -0.206134
v -0.011665 0.074320 -0.198901
v -0.012084 0.073483 -0.190862
v -0.011508 0.035390 -0.219434
v -0.011508 0.048511 -0.215046
v -0.011665 0.048068 -0.206620
v -0.011665 0.034685 -0.210955
v -0.012084 0.047404 -0.198950
v -0.012084 0.033963 -0.203289
v -0.011508 0.008742 -0.224762
v -0.011665 0.007906 -0.217465
v -0.012084 0.006995 -0.211069
v -0.011669 -0.002684 -0.219238
v -0.011837 -0.013150 -0.220131
v -0.012084 -0.003171 -0.212983
v -0.011962 -0.013736 -0.212726
v -0.011508 -0.011948 -0.227144
v -0.011508 -0.001908 -0.225489
v -0.009592 0.071185 -0.181012
v -0.005477 0.069341 -0.177848
v -0.009734 0.044938 -0.186810
v -0.005410 0.043986 -0.183139
v -0.009673 0.057252 -0.184165
v -0.005355 0.055852 -0.180738
v -0.010097 0.031574 -0.190475
v -0.005742 0.030550 -0.186517
v -0.009649 -0.003416 -0.203325
v -0.010056 0.018570 -0.195380
v -0.005813 0.017600 -0.191474
v -0.010816 0.099716 -0.163155
v -0.006523 -0.003090 -0.200187
v -0.009649 0.005402 -0.202133
v -0.006523 0.004769 -0.198784
v -0.009514 -0.010767 -0.198182
v -0.006067 -0.008712 -0.196876
v -0.005622 0.078005 -0.173977
v -0.009475 0.080593 -0.176008
v -0.007554 0.088003 -0.212186
v -0.007184 0.079983 -0.210763
v -0.007033 0.022554 -0.226720
v 0.005011 -0.016944 -0.184978
v 0.005759 -0.019408 -0.192604
v 0.005294 -0.019706 -0.166391
v 0.005336 -0.015994 -0.192243
v 0.005294 -0.019706 -0.184978
v 0.005294 -0.015544 -0.150364
v 0.006165 0.083800 -0.097091
v 0.005883 0.084082 -0.136499
v 0.005011 -0.013180 -0.152550
v 0.005294 0.064325 -0.116089
v 0.005294 -0.019369 -0.158787
v 0.005011 -0.006247 -0.149433
v 0.005011 0.072755 -0.133526
v 0.005011 -0.016586 -0.159415
v 0.005011 0.078653 -0.134169
v 0.005294 0.078636 -0.104567
v 0.005011 -0.016944 -0.166357
v 0.005294 -0.007176 -0.146126
v 0.005294 0.072155 -0.111156
v 0.005011 0.066492 -0.134651
v -0.007015 -0.020286 -0.233702
v -0.007083 0.061172 -0.213996
v -0.007098 0.072516 -0.210412
v -0.007024 0.049049 -0.219220
v -0.007030 0.035837 -0.223623
v -0.007027 0.009266 -0.228932
v -0.007075 -0.001354 -0.229402
v -0.007069 -0.011120 -0.230936
v -0.008765 -0.014180 -0.193268
v -0.004939 -0.012155 -0.192218
v -0.011595 -0.023533 -0.203512
v -0.009854 -0.023219 -0.194490
v -0.008917 -0.015581 -0.184978
v -0.004939 -0.013957 -0.184637
v -0.008917 -0.016944 -0.166357
v -0.004939 -0.013957 -0.166360
v -0.008917 -0.016586 -0.159415
v -0.004939 -0.013644 -0.160006
v -0.008917 -0.013180 -0.152550
v -0.004939 -0.011113 -0.154789
v -0.008917 -0.006247 -0.149433
v -0.004939 -0.005501 -0.152334
v -0.008917 0.072802 -0.135141
v -0.004939 0.072770 -0.136764
v -0.012569 -0.020246 -0.221158
v -0.012670 -0.020477 -0.212900
v -0.011508 -0.018813 -0.229029
v -0.007034 -0.017482 -0.232886
v -0.011595 -0.020477 -0.203512
v -0.009823 -0.019569 -0.194330
v -0.009481 -0.023465 -0.184978
v -0.009481 -0.023465 -0.166360
v -0.009481 -0.019706 -0.166391
v -0.009481 -0.023017 -0.157790
v -0.009481 -0.019369 -0.158787
v -0.009481 -0.018358 -0.147753
v -0.009481 -0.015544 -0.150364
v -0.009481 -0.008264 -0.142544
v -0.009481 -0.007176 -0.146126
v -0.009481 0.062669 -0.114043
v -0.009481 0.076764 -0.103115
v -0.009481 0.078636 -0.104567
v -0.009481 0.081479 -0.095962
v -0.009481 0.083800 -0.097091
v -0.009481 0.083240 -0.088047
v -0.009481 0.085558 -0.088558
v -0.008731 0.083348 -0.071890
v -0.008731 0.085562 -0.070780
v -0.008917 0.078349 -0.135707
v -0.004939 0.077773 -0.137172
v -0.008917 0.082827 -0.137813
v -0.004939 0.081548 -0.139250
v -0.010361 0.088927 -0.135109
v -0.006974 0.084082 -0.136499
v -0.006722 0.103685 -0.134763
v -0.010811 0.099480 -0.134763
v -0.011416 0.091081 -0.162687
v -0.012210 0.093837 -0.134763
v -0.011150 0.089985 -0.169735
v -0.011416 0.072439 -0.185261
v -0.011416 0.019653 -0.200674
v -0.011416 0.006149 -0.206142
v -0.011416 0.032739 -0.196112
v -0.011416 -0.003432 -0.207621
v -0.010966 0.085228 -0.179366
v -0.010606 0.088328 -0.098053
v -0.010395 -0.013732 -0.204483
v -0.008977 -0.015828 -0.193609
v -0.006732 0.103674 -0.098053
v -0.010820 0.099459 -0.098053
v -0.012208 0.093815 -0.098053
v -0.008917 -0.015581 -0.166360
v -0.008917 -0.015224 -0.159668
v -0.008917 -0.016944 -0.184978
v -0.008917 -0.012194 -0.153597
v -0.008917 -0.005823 -0.150742
v -0.008917 0.072755 -0.133526
v -0.009481 -0.019706 -0.184978
v -0.009481 0.064325 -0.116089
v -0.005230 0.072755 -0.133526
v -0.005230 0.064325 -0.116089
v -0.005230 -0.006247 -0.149433
v -0.005230 -0.007176 -0.146126
v -0.005230 -0.013180 -0.152550
v -0.005230 -0.015544 -0.150364
v -0.005230 -0.016586 -0.159415
v -0.005230 -0.019369 -0.158787
v -0.005230 -0.016944 -0.166357
v -0.005230 -0.019706 -0.166391
v -0.005230 -0.016944 -0.184978
v -0.005230 -0.019706 -0.184978
v -0.006245 -0.019248 -0.190878
v -0.006245 -0.016159 -0.190878
v -0.008917 0.078653 -0.134169
v -0.008917 0.084082 -0.136499
v -0.009481 0.070368 -0.109437
v -0.009481 0.072155 -0.111156
v -0.005230 0.078636 -0.104567
v -0.005230 0.078653 -0.134169
v -0.005230 0.072155 -0.111156
v -0.006974 0.083800 -0.097091
v -0.008917 0.086138 -0.142914
v -0.004939 0.084718 -0.143702
v -0.008917 0.087157 -0.142186
v -0.010822 0.099453 -0.088808
v -0.006735 0.103676 -0.088873
v -0.010610 0.088316 -0.088644
v -0.012208 0.093799 -0.088720
v -0.006720 0.103688 -0.141564
v -0.010809 0.099495 -0.141564
v -0.012048 0.094496 -0.141564
v -0.010939 0.090113 -0.141877
v -0.006719 0.103689 -0.148350
v -0.010809 0.099535 -0.148350
v -0.011988 0.094736 -0.148350
v -0.011151 0.090542 -0.148350
v -0.009077 0.088404 -0.148639
v -0.009077 0.087749 -0.148923
v -0.004977 0.086270 -0.149661
v -0.004939 0.067213 -0.137791
v -0.008917 0.066891 -0.136200
v -0.008917 0.066492 -0.134651
v -0.005230 0.066492 -0.134651
v -0.009815 0.100008 -0.170239
v -0.009881 0.099051 -0.183915
v -0.009871 0.095932 -0.195320
v -0.009964 0.091834 -0.204790
v -0.006617 0.088988 -0.210818
v -0.008242 0.088610 -0.173225
v -0.008303 0.087976 -0.186042
v -0.008630 0.084641 -0.197710
v -0.008729 0.081442 -0.204401
v -0.005391 0.079245 -0.208931
v -0.008970 -0.025299 -0.215622
v -0.009574 -0.024994 -0.222411
v -0.008056 -0.023871 -0.227575
v -0.005435 -0.022871 -0.230318
v -0.006564 -0.025452 -0.210247
v -0.007480 -0.014191 -0.214601
v -0.008206 -0.013521 -0.219857
v -0.006964 -0.012805 -0.225473
v -0.004784 -0.012498 -0.227881
v -0.005746 -0.014679 -0.210775
v -0.007073 -0.016944 -0.184978
v -0.007820 -0.019408 -0.192604
v -0.007356 -0.019706 -0.166391
v -0.007398 -0.015994 -0.192243
v -0.007356 -0.019706 -0.184978
v -0.007356 -0.015544 -0.150364
v -0.008227 0.083800 -0.097091
v -0.007945 0.084082 -0.136499
v -0.007073 -0.013180 -0.152550
v -0.007356 0.064325 -0.116089
v -0.007356 -0.019369 -0.158787
v -0.007073 -0.006247 -0.149433
v -0.007073 0.072755 -0.133526
v -0.007073 -0.016586 -0.159415
v -0.007073 0.078653 -0.134169
v -0.007356 0.078636 -0.104567
v -0.007073 -0.016944 -0.166357
v -0.007356 -0.007176 -0.146126
v -0.007356 0.072155 -0.111156
v -0.007073 0.066492 -0.134651
v -0.001031 -0.009718 -0.132341
v 0.008687 0.000000 -0.132341
v -0.010749 0.000000 -0.132341
v -0.001031 0.009718 -0.132341
v -0.001031 -0.009718 -0.155370
v 0.008687 0.000000 -0.155370
v -0.010749 0.000000 -0.155370
v -0.001031 0.009718 -0.155370
v -0.000456 -0.006431 -0.132341
v -0.000456 0.005104 -0.132341
v -0.002144 -0.006431 -0.132341
v -0.002144 0.005104 -0.132341
v -0.000456 -0.003446 -0.115328
v -0.000456 -0.005324 -0.121200
v -0.000456 0.003997 -0.121200
v -0.000456 0.002119 -0.115328
v -0.002144 -0.005324 -0.121200
v -0.002144 -0.003446 -0.115328
v -0.002144 0.002119 -0.115328
v -0.002144 0.003997 -0.121200
v 0.003062 0.000000 0.141453
v 0.003062 0.000000 0.179340
v 0.002750 0.001566 0.140920
v 0.002750 0.001566 0.179340
v 0.001863 0.002894 0.139653
v 0.001863 0.002894 0.179340
v 0.000535 0.003781 0.139823
v 0.000535 0.003781 0.179340
v -0.001031 0.004093 0.139823
v -0.001031 0.004093 0.179340
v -0.002597 0.003781 0.139823
v -0.002597 0.003781 0.179340
v -0.003925 0.002894 0.139823
v -0.003925 0.002894 0.179340
v -0.004970 0.001334 0.139823
v -0.004812 0.001566 0.179340
v -0.006065 0.000000 0.139823
v -0.005124 0.000000 0.179340
v 0.002750 -0.001566 0.140920
v 0.002750 -0.001566 0.179340
v 0.001863 -0.002894 0.139653
v 0.001863 -0.002894 0.179340
v 0.000535 -0.003781 0.139823
v 0.000535 -0.003781 0.179340
v -0.001031 -0.004093 0.139823
v -0.001031 -0.004093 0.179340
v -0.002597 -0.003781 0.139823
v -0.002597 -0.003781 0.179340
v -0.003925 -0.002894 0.139823
v -0.003925 -0.002894 0.179340
v 0.001863 0.000000 0.139653
v 0.000008 0.003781 0.135714
v -0.000467 0.003781 0.132698
v -0.001031 0.004093 0.132698
v -0.002597 0.003781 0.132698
v -0.003925 0.002894 0.132698
v -0.004970 0.001334 0.132698
v -0.006065 0.000000 0.132698
v -0.004970 -0.001334 0.139823
v -0.004812 -0.001566 0.179340
v 0.000008 -0.003781 0.135714
v -0.000467 0.000000 0.132698
v -0.000467 -0.003781 0.132698
v -0.001031 0.004093 0.129551
v -0.002597 0.003781 0.129551
v -0.003925 0.002894 0.129551
v -0.004970 0.001334 0.129551
v -0.006065 0.000000 0.129551
v -0.001031 -0.004093 0.132698
v -0.002597 -0.003781 0.132698
v -0.003925 -0.002894 0.132698
v -0.004970 -0.001334 0.132698
v -0.002597 -0.004713 0.123491
v -0.004970 0.001303 0.135797
v -0.001031 -0.004093 0.129551
v -0.002597 -0.003781 0.129551
v -0.003925 -0.002894 0.129551
v -0.001031 0.004056 0.135797
v -0.003925 0.002858 0.135797
v -0.004970 -0.001334 0.129551
v -0.002597 0.003745 0.135797
v -0.000467 0.003781 0.129807
v -0.004970 -0.001303 0.135797
v -0.000467 0.000000 0.129807
v 0.000875 0.000000 0.137942
v -0.001031 -0.004056 0.135797
v -0.003925 -0.002858 0.135797
v -0.002597 -0.003745 0.135797
v 0.000875 0.003443 0.137942
v -0.000467 -0.003781 0.129807
v 0.000008 0.000000 0.135714
v -0.006057 0.000000 0.135797
v 0.000875 -0.003443 0.137942
v -0.001031 0.005217 0.117432
v -0.002597 0.004820 0.117432
v -0.003925 0.003689 0.117432
v -0.004970 0.001700 0.117432
v -0.006065 0.000000 0.117432
v -0.001031 -0.005217 0.117432
v -0.002597 -0.004820 0.117432
v -0.003925 -0.003689 0.117432
v -0.004970 -0.001700 0.117432
v -0.001031 0.000000 0.117432
v -0.000467 0.004820 0.117688
v -0.000467 0.000000 0.117688
v -0.000467 -0.004820 0.117688
v -0.001031 -0.005102 0.123491
v -0.002597 0.004713 0.123491
v -0.003925 0.003607 0.123491
v -0.004970 -0.001662 0.123491
v -0.006065 0.000000 0.123491
v -0.004970 0.001662 0.123491
v -0.000467 -0.004713 0.123748
v -0.001031 0.005102 0.123491
v -0.000467 0.004713 0.123748
v -0.000467 0.000000 0.123748
v -0.003925 -0.003607 0.123491
v 0.003062 0.000000 0.148177
v 0.002750 0.001566 0.148177
v 0.001863 0.002894 0.148177
v 0.000535 0.003781 0.148177
v -0.001031 0.004093 0.148177
v -0.002597 0.003781 0.148177
v -0.003925 0.002894 0.148177
v -0.004939 0.001379 0.148177
v -0.006034 0.000000 0.148177
v 0.002750 -0.001566 0.148177
v 0.001863 -0.002894 0.148177
v 0.000535 -0.003781 0.148177
v -0.001031 -0.004093 0.148177
v -0.003925 -0.002894 0.148177
v -0.004939 -0.001379 0.148177
v -0.002597 -0.003781 0.148177
v -0.001031 0.000000 0.179340
v 0.000535 0.000000 0.179340
v -0.002597 0.000000 0.179340
v 0.001863 0.000000 0.179340
v -0.003925 0.000000 0.179340
v -0.002597 0.000000 0.117432
v -0.003925 0.000000 0.117432
v 0.002442 -0.002165 0.170556
v 0.003006 -0.000671 0.170556
v 0.002956 0.000925 0.170556
v 0.002298 0.002381 0.170556
v 0.001134 0.003473 0.170556
v -0.004504 0.002165 0.170556
v -0.003412 0.003329 0.170556
v -0.001956 0.003987 0.170556
v -0.000360 0.004037 0.170556
v -0.003196 -0.003473 0.170556
v -0.001702 -0.004037 0.170556
v -0.000106 -0.003987 0.170556
v 0.001350 -0.003329 0.170556
v 0.003006 -0.000671 0.163103
v 0.002442 -0.002165 0.163103
v 0.002956 0.000925 0.163103
v 0.002298 0.002381 0.163103
v 0.001134 0.003473 0.163103
v -0.004360 -0.002381 0.170556
v -0.005018 -0.000925 0.170556
v -0.005068 0.000671 0.170556
v -0.003412 0.003329 0.163103
v -0.004504 0.002165 0.163103
v -0.003196 -0.003473 0.163103
v -0.001702 -0.004037 0.163103
v -0.000106 -0.003987 0.163103
v 0.001350 -0.003329 0.163103
v 0.004359 -0.000896 0.170556
v 0.003253 -0.002670 0.170556
v 0.004291 0.001235 0.170556
v 0.003413 0.003178 0.170556
v 0.001859 0.004637 0.170556
v -0.001956 0.003987 0.163103
v -0.000360 0.004037 0.163103
v -0.004360 -0.002381 0.163103
v -0.005018 -0.000925 0.163103
v -0.003921 -0.004637 0.170556
v -0.001927 -0.005390 0.170556
v 0.000204 -0.005322 0.170556
v 0.002147 -0.004444 0.170556
v 0.006628 -0.001273 0.163103
v 0.005558 -0.004107 0.163103
v 0.006532 0.001755 0.163103
v 0.005284 0.004516 0.163103
v 0.003076 0.006589 0.163103
v -0.005068 0.000671 0.163103
v -0.004209 0.004444 0.170556
v -0.005315 0.002670 0.170556
v -0.002266 0.005322 0.170556
v -0.000135 0.005390 0.170556
v -0.005138 -0.006589 0.163103
v -0.002304 -0.007659 0.163103
v 0.000724 -0.007563 0.163103
v 0.003485 -0.006315 0.163103
v 0.008587 -0.004588 0.169067
v 0.008309 -0.005821 0.169067
v 0.007325 -0.006614 0.169067
v 0.007239 -0.003748 0.166990
v 0.007109 -0.005073 0.166990
v 0.005976 -0.005774 0.166990
v 0.004633 -0.001067 0.177007
v 0.003253 -0.002670 0.177007
v 0.002421 -0.004615 0.177007
v 0.008576 -0.004581 0.176856
v 0.008298 -0.005814 0.176856
v 0.007313 -0.006607 0.176856
v 0.004655 -0.005453 0.164717
v 0.005069 -0.005208 0.169844
v 0.006332 -0.003182 0.169844
v 0.006014 -0.004391 0.164717
v 0.006369 -0.002704 0.164717
v 0.005068 -0.005208 0.177923
v 0.006053 -0.004415 0.177923
v 0.006331 -0.003182 0.177923
v 0.009204 -0.006379 0.172960
v 0.008220 -0.007172 0.172960
v 0.002450 -0.004633 0.173586
v 0.003253 -0.002670 0.173586
v 0.004662 -0.001084 0.173586
v 0.009483 -0.005146 0.172960
v 0.005084 -0.005218 0.173688
v 0.006347 -0.003192 0.173688
v -0.005475 -0.003178 0.170556
v -0.006353 -0.001235 0.170556
v -0.006421 0.000896 0.170556
v -0.005547 0.006315 0.163103
v -0.007620 0.004107 0.163103
v -0.002786 0.007563 0.163103
v 0.000242 0.007659 0.163103
v -0.007347 -0.004516 0.163103
v -0.008594 -0.001755 0.163103
v -0.008690 0.001273 0.163103
v -0.009387 0.006614 0.169067
v -0.010371 0.005821 0.169067
v -0.010649 0.004588 0.169067
v -0.008038 0.005774 0.166990
v -0.009171 0.005073 0.166990
v -0.009301 0.003748 0.166990
v -0.004483 0.004615 0.177007
v -0.005315 0.002670 0.177007
v -0.006695 0.001067 0.177007
v -0.009375 0.006607 0.176856
v -0.010360 0.005814 0.176856
v -0.010638 0.004581 0.176856
v -0.008431 0.002704 0.164717
v -0.008394 0.003182 0.169844
v -0.007131 0.005208 0.169844
v -0.008076 0.004391 0.164717
v -0.006717 0.005453 0.164717
v -0.008393 0.003182 0.177923
v -0.008115 0.004415 0.177923
v -0.007130 0.005208 0.177923
v -0.011266 0.006379 0.172960
v -0.011545 0.005146 0.172960
v -0.006724 0.001084 0.173586
v -0.005315 0.002670 0.173586
v -0.004512 0.004633 0.173586
v -0.010282 0.007172 0.172960
v -0.008409 0.003192 0.173688
v -0.007146 0.005218 0.173688
v -0.002360 0.000828 0.170556
v -0.001031 0.000000 0.170556
v 0.000298 -0.000828 0.170556
v -0.003189 -0.000501 0.170556
v -0.001859 -0.001329 0.170556
v -0.000530 -0.002158 0.170556
v -0.001532 0.002158 0.170556
v -0.000203 0.001329 0.170556
v 0.001127 0.000501 0.170556
v -0.003487 0.001531 0.163103
v -0.002360 0.000828 0.163103
v -0.001031 0.000000 0.163103
v 0.000298 -0.000828 0.163103
v 0.001425 -0.001531 0.163103
v 0.000411 0.002437 0.122329
v 0.002359 0.002284 0.122329
v 0.000411 0.002111 0.121110
v 0.002359 0.001978 0.121187
v 0.000411 0.001219 0.120218
v 0.002359 0.001142 0.120351
v 0.000411 0.000000 0.119892
v 0.002359 0.000000 0.120045
v 0.000411 -0.001219 0.120218
v 0.002359 -0.001142 0.120351
v 0.000411 -0.002111 0.121110
v 0.002359 -0.001978 0.121187
v 0.000411 -0.002437 0.122329
v 0.002359 -0.002284 0.122329
v 0.000411 -0.002111 0.123548
v 0.002359 -0.001978 0.123471
v 0.000411 -0.001219 0.124440
v 0.002359 -0.001142 0.124307
v 0.000411 0.000000 0.124767
v 0.002359 0.000000 0.124613
v 0.000411 0.001219 0.124440
v 0.002359 0.001142 0.124307
v 0.000411 0.002111 0.123548
v 0.002359 0.001978 0.123471
v 0.002359 0.000000 0.122329
v 0.002359 0.000000 0.123471
v 0.002359 0.000000 0.121187
v 0.000411 0.002437 -0.125083
v 0.002359 0.002284 -0.125083
v 0.000411 0.002111 -0.126301
v 0.002359 0.001978 -0.126225
v 0.000411 0.001219 -0.127193
v 0.002359 0.001142 -0.127061
v 0.000411 0.000000 -0.127520
v 0.002359 0.000000 -0.127367
v 0.000411 -0.001219 -0.127193
v 0.002359 -0.001142 -0.127061
v 0.000411 -0.002111 -0.126301
v 0.002359 -0.001978 -0.126225
v 0.000411 -0.002437 -0.125083
v 0.002359 -0.002284 -0.125083
v 0.000411 -0.002111 -0.123864
v 0.002359 -0.001978 -0.123940
v 0.000411 -0.001219 -0.122972
v 0.002359 -0.001142 -0.123104
v 0.000411 0.000000 -0.122645
v 0.002359 0.000000 -0.122798
v 0.000411 0.001219 -0.122972
v 0.002359 0.001142 -0.123104
v 0.000411 0.002111 -0.123864
v 0.002359 0.001978 -0.123940
v 0.002359 0.000000 -0.125083
v 0.002359 0.000000 -0.123940
v 0.002359 0.000000 -0.126225
v -0.007730 0.000000 -0.155318
v -0.006858 0.000000 -0.157966
v -0.007220 -0.002563 -0.155318
v -0.006414 -0.002230 -0.157966
v -0.005768 -0.004737 -0.155318
v -0.005151 -0.004120 -0.157966
v -0.003594 -0.006189 -0.155318
v -0.003261 -0.005383 -0.157966
v -0.001031 -0.006699 -0.155318
v -0.001031 -0.005827 -0.157966
v 0.001532 -0.006189 -0.155318
v 0.001199 -0.005383 -0.157966
v 0.003706 -0.004737 -0.155318
v 0.003089 -0.004120 -0.157966
v 0.005158 -0.002563 -0.155318
v 0.004352 -0.002230 -0.157966
v 0.005668 0.000000 -0.155318
v 0.004796 0.000000 -0.157966
v 0.005158 0.002563 -0.155318
v 0.004352 0.002230 -0.157966
v 0.003706 0.004737 -0.155318
v 0.003089 0.004120 -0.157966
v 0.001532 0.006189 -0.155318
v 0.001199 0.005383 -0.157966
v -0.001031 0.006699 -0.155318
v -0.001031 0.005827 -0.157966
v -0.003594 0.006189 -0.155318
v -0.003261 0.005383 -0.157966
v -0.005768 0.004737 -0.155318
v -0.005151 0.004120 -0.157966
v -0.007220 0.002563 -0.155318
v -0.006414 0.002230 -0.157966
v -0.007539 0.000000 -0.156642
v -0.007043 -0.002490 -0.156642
v -0.005633 -0.004602 -0.156642
v -0.003521 -0.006012 -0.156642
v -0.001031 -0.006508 -0.156642
v 0.001459 -0.006012 -0.156642
v 0.003571 -0.004602 -0.156642
v 0.004981 -0.002490 -0.156642
v 0.005477 0.000000 -0.156642
v 0.004981 0.002490 -0.156642
v 0.003571 0.004602 -0.156642
v 0.001459 0.006012 -0.156642
v -0.001031 0.006508 -0.156642
v -0.003521 0.006012 -0.156642
v -0.005633 0.004602 -0.156642
v -0.007043 0.002490 -0.156642
v -0.001031 0.000000 -0.157966
v -0.003261 0.000000 -0.157966
v -0.005151 0.000000 -0.157966
v 0.001199 0.000000 -0.157966
v 0.003089 0.000000 -0.157966
vn -1.0000 -0.0000 -0.0000
vn 1.0000 -0.0000 -0.0000
vn -0.0000 -0.9674 -0.2531
vn -0.0000 -0.9674 0.2531
vn -0.0000 0.9674 0.2531
vn -0.0000 0.9674 -0.2531
vn -0.0000 -0.0000 1.0000
vn -0.0000 -0.3670 0.9302
vn -0.0000 -0.7142 0.6999
vn -0.0000 0.7142 0.6999
vn -0.0000 0.3670 0.9302
vn -0.0000 -0.0000 -1.0000
vn -0.0000 -0.3670 -0.9302
vn -0.0000 -0.7142 -0.6999
vn -0.0000 0.7142 -0.6999
vn -0.0000 0.3670 -0.9302
vn 0.5001 0.0005 0.8660
vn 0.4940 0.0874 0.8651
vn -0.0000 0.1007 0.9949
vn -0.0000 0.0007 1.0000
vn 0.8664 0.0002 0.4993
vn 0.8602 0.0509 0.5074
vn 1.0000 -0.0000 -0.0019
vn 0.9999 0.0013 0.0122
vn 0.8648 0.0002 -0.5021
vn 0.8708 -0.0476 -0.4894
vn 0.4985 0.0005 -0.8669
vn 0.5043 -0.0823 -0.8596
vn -0.0000 0.0006 -1.0000
vn -0.0000 -0.0947 -0.9955
vn -0.5001 0.0005 0.8660
vn -0.4940 0.0874 0.8651
vn -0.8664 0.0002 0.4993
vn -0.8602 0.0509 0.5074
vn -1.0000 -0.0000 -0.0019
vn -0.9999 0.0013 0.0122
vn -0.8648 0.0002 -0.5021
vn -0.8708 -0.0476 -0.4894
vn -0.4985 0.0005 -0.8669
vn -0.5043 -0.0823 -0.8596
vn 0.4904 0.3353 0.8044
vn -0.0000 0.3848 0.9230
vn 0.8557 0.1989 0.4777
vn 0.9997 0.0097 0.0233
vn 0.8776 -0.1831 -0.4431
vn 0.5125 -0.3267 -0.7942
vn -0.0000 -0.3797 -0.9251
vn -0.4904 0.3353 0.8044
vn -0.8557 0.1989 0.4777
vn -0.9997 0.0097 0.0233
vn -0.8776 -0.1831 -0.4431
vn -0.5125 -0.3267 -0.7942
vn 0.4895 0.6166 0.6166
vn -0.0000 0.7071 0.7071
vn 0.8553 0.3664 0.3664
vn 0.9997 0.0173 0.0173
vn 0.8764 -0.3405 -0.3405
vn 0.5106 -0.6080 -0.6080
vn -0.0000 -0.7071 -0.7071
vn -0.4895 0.6166 0.6166
vn -0.8553 0.3664 0.3664
vn -0.9997 0.0173 0.0173
vn -0.8764 -0.3405 -0.3405
vn -0.5106 -0.6080 -0.6080
vn 0.4904 0.8044 0.3353
vn -0.0000 0.9230 0.3848
vn 0.8557 0.4777 0.1989
vn 0.9997 0.0233 0.0097
vn 0.8776 -0.4431 -0.1831
vn 0.5125 -0.7942 -0.3267
vn -0.0000 -0.9251 -0.3797
vn -0.4904 0.8044 0.3353
vn -0.8557 0.4777 0.1989
vn -0.9997 0.0233 0.0097
vn -0.8776 -0.4431 -0.1831
vn -0.5125 -0.7942 -0.3267
vn 0.4939 0.8651 0.0872
vn -0.0000 0.9949 0.1005
vn 0.8602 0.5074 0.0508
vn 0.9999 0.0123 0.0012
vn 0.8708 -0.4893 -0.0477
vn 0.5043 -0.8596 -0.0825
vn -0.0000 -0.9955 -0.0949
vn -0.4939 0.8651 0.0872
vn -0.8602 0.5074 0.0508
vn -0.9999 0.0123 0.0012
vn -0.8708 -0.4893 -0.0477
vn -0.5043 -0.8596 -0.0825
vn 0.8648 -0.5021 -0.0000
vn 1.0000 -0.0020 -0.0000
vn -1.0000 -0.0020 -0.0000
vn -0.8648 -0.5021 -0.0000
vn -0.4985 -0.8669 0.0001
vn -0.0000 -1.0000 0.0001
vn 0.4985 -0.8669 0.0001
vn 0.5002 0.8659 0.0001
vn -0.0000 1.0000 0.0001
vn 0.8665 0.4992 -0.0000
vn -0.8665 0.4992 -0.0000
vn -0.5002 0.8659 0.0001
vn -0.1974 -0.0000 -0.9803
vn -0.1710 0.0986 -0.9803
vn -0.0987 0.1709 -0.9803
vn -0.0000 0.1973 -0.9803
vn 0.1974 -0.0000 -0.9803
vn 0.1710 -0.0986 -0.9803
vn 0.0987 0.1709 -0.9803
vn -0.0987 -0.1709 -0.9803
vn -0.1710 -0.0986 -0.9803
vn 0.0987 -0.1709 -0.9803
vn 0.1710 0.0986 -0.9803
vn -0.0000 -0.1973 -0.9803
vn -0.8661 0.4998 -0.0000
vn 0.5002 -0.8659 -0.0000
vn -0.0000 -1.0000 -0.0000
vn -0.5002 -0.8659 -0.0000
vn 0.5002 0.8659 -0.0000
vn 0.8661 0.4998 -0.0000
vn -0.5002 0.8659 -0.0000
vn -0.0000 1.0000 -0.0000
vn -0.8661 -0.4998 -0.0000
vn 0.8661 -0.4998 -0.0000
vn 0.0001 -1.0000 0.0001
vn 0.0001 -1.0000 -0.0000
vn -0.0001 -1.0000 -0.0001
vn 0.0001 -1.0000 -0.0001
vn -0.0000 -1.0000 -0.0001
vn -0.0001 -1.0000 0.0001
vn -0.0001 -1.0000 -0.0000
vn -0.5001 -0.0000 -0.8659
vn -0.5002 -0.0000 -0.8659
vn 0.8661 -0.0000 0.4999
vn 0.8661 -0.0000 0.4998
vn -0.5001 -0.0000 0.8659
vn -0.8661 -0.0000 0.4999
vn -0.8661 -0.0000 0.4998
vn -0.5002 -0.0000 0.8659
vn 0.5001 -0.0000 -0.8659
vn 0.5002 -0.0000 -0.8659
vn -0.8661 -0.0000 -0.4999
vn -0.8661 -0.0000 -0.4998
vn 0.5001 -0.0000 0.8659
vn 0.5002 -0.0000 0.8659
vn 0.8661 -0.0000 -0.4999
vn 0.8661 -0.0000 -0.4998
vn -0.0002 -1.0000 -0.0000
vn -0.0002 -1.0000 0.0001
vn 0.0002 -1.0000 -0.0000
vn -0.0002 -1.0000 -0.0001
vn 0.0002 -1.0000 0.0001
vn 0.0002 -1.0000 -0.0001
vn -0.3739 0.8980 -0.2319
vn -0.3817 0.6388 -0.6680
vn -0.3066 0.6601 -0.6857
vn -0.2971 0.9246 -0.2382
vn -0.8738 0.4863 0.0009
vn -0.8731 0.4876 0.0028
vn -0.9997 0.0237 0.0016
vn -1.0000 -0.0065 -0.0028
vn 0.5043 0.8636 0.0022
vn 0.8731 0.4876 0.0028
vn 0.8756 0.4830 -0.0014
vn 0.5075 0.8616 -0.0036
vn -0.6444 -0.1262 -0.7542
vn -0.0000 -0.2096 -0.9778
vn -0.0000 -0.1204 -0.9927
vn -0.5693 -0.0767 -0.8185
vn -0.9997 -0.0031 0.0235
vn -0.9998 -0.0027 0.0204
vn -0.3734 0.0387 -0.9269
vn -0.3873 -0.2585 -0.8850
vn -0.3046 -0.2679 -0.9140
vn -0.2945 0.0483 -0.9544
vn -0.5281 -0.2797 0.8018
vn -0.5308 0.1664 0.8310
vn -0.0000 0.1771 0.9842
vn -0.0000 -0.3330 0.9429
vn -0.9023 -0.4309 -0.0146
vn -0.7668 -0.6412 -0.0293
vn -0.8067 -0.5896 -0.0399
vn -0.9022 -0.4305 -0.0243
vn -0.3234 0.9407 0.1028
vn -0.2968 0.9546 -0.0238
vn -0.0000 0.9997 -0.0242
vn -0.0000 0.9940 0.1090
vn -0.9988 0.0490 0.0022
vn -0.9228 -0.3851 0.0091
vn -0.9074 0.0470 -0.4176
vn -0.5150 0.0919 -0.8522
vn -0.5117 0.0872 -0.8547
vn -0.9117 0.0475 -0.4082
vn 0.9757 -0.0182 0.2184
vn 0.9536 -0.0002 0.3011
vn 0.9833 0.0333 0.1791
vn 0.9812 0.0858 0.1731
vn 0.9500 -0.3121 -0.0014
vn 0.9707 -0.2405 -0.0010
vn 0.9835 -0.1810 -0.0008
vn 0.2971 0.9246 -0.2382
vn -0.0000 0.9691 -0.2466
vn -0.0000 0.6945 -0.7195
vn 0.3066 0.6601 -0.6857
vn 1.0000 -0.0065 -0.0028
vn 0.9022 -0.4305 -0.0243
vn 0.9023 -0.4309 -0.0146
vn 0.9997 0.0237 0.0016
vn 0.5059 0.7703 0.3882
vn 0.3851 0.8251 0.4133
vn 0.3234 0.9407 0.1028
vn 0.4128 0.9064 0.0893
vn -0.0000 0.1030 -0.9947
vn -0.0000 0.0981 -0.9952
vn 0.9994 0.0334 0.0024
vn 0.9993 0.0366 0.0026
vn 0.2748 -0.8854 0.3749
vn 0.2747 -0.9550 0.1117
vn -0.0000 -0.9936 0.1131
vn -0.0000 -0.9240 0.3825
vn 0.9710 0.2391 0.0037
vn 0.9983 0.0591 -0.0000
vn 0.9988 0.0493 -0.0048
vn 0.9787 0.2048 -0.0150
vn -0.0000 1.0000 -0.0001
vn 0.5090 0.8608 -0.0000
vn 0.5083 0.8612 0.0003
vn -0.0000 1.0000 0.0002
vn 0.4898 -0.2575 0.8330
vn -0.0000 -0.2967 0.9550
vn -0.0000 -0.4184 0.9083
vn 0.4909 -0.3623 0.7923
vn 0.9739 -0.0642 0.2176
vn 0.9390 -0.1065 0.3269
vn 0.9441 -0.0759 0.3208
vn 0.9753 -0.0535 0.2143
vn 0.9308 0.0500 -0.3621
vn 0.9995 0.0103 -0.0306
vn 0.9992 0.0116 -0.0375
vn 0.9181 0.1335 -0.3732
vn -0.2747 -0.9550 0.1117
vn -0.0000 -0.9999 0.0160
vn -0.2790 -0.9602 0.0154
vn -0.0000 -0.1880 0.9822
vn -0.0000 -0.0346 0.9994
vn 0.8166 -0.5761 -0.0361
vn 0.8958 -0.4440 -0.0185
vn 0.9148 -0.4038 -0.0126
vn 0.8543 -0.5192 -0.0248
vn 0.4491 0.5669 0.6906
vn -0.0000 0.6293 0.7771
vn -0.0000 0.8900 0.4560
vn 0.3073 -0.9421 -0.1342
vn -0.0000 -0.9922 -0.1246
vn -0.0000 -0.9985 0.0556
vn 0.3275 -0.9440 0.0403
vn 0.6444 -0.1262 -0.7542
vn 0.5693 -0.0767 -0.8185
vn 0.9988 0.0490 0.0022
vn 0.8748 0.4845 0.0001
vn 0.8743 0.4854 0.0003
vn 0.9961 -0.0000 0.0885
vn 0.9966 -0.0000 0.0830
vn 0.9855 -0.0000 0.1696
vn 0.9841 0.0850 0.1558
vn 0.9896 0.0960 0.1071
vn 0.9884 0.0756 0.1317
vn 0.9999 -0.0077 0.0127
vn 0.9999 -0.0055 0.0091
vn 0.9980 0.0485 -0.0410
vn 0.9960 0.0587 0.0675
vn 0.9956 0.0708 0.0617
vn 0.9966 0.0588 -0.0570
vn 0.9816 -0.0460 0.1856
vn 0.9597 -0.0630 0.2740
vn 0.9694 -0.0681 0.2360
vn 0.9852 -0.0498 0.1643
vn 0.9082 0.1155 -0.4023
vn 0.9993 0.0112 -0.0359
vn 0.9992 0.0095 -0.0376
vn 0.9104 0.0819 -0.4056
vn 0.9998 -0.0086 0.0205
vn 0.9996 -0.0075 0.0259
vn 0.9991 0.0079 -0.0417
vn 0.9997 -0.0031 0.0235
vn 0.9998 -0.0027 0.0204
vn 0.9990 -0.0058 0.0442
vn 0.9481 -0.0110 -0.3179
vn 0.9994 0.0306 -0.0186
vn 0.9066 0.4219 0.0015
vn 0.9948 -0.1019 -0.0010
vn 0.9997 -0.0229 -0.0001
vn 0.8769 0.4806 0.0005
vn 0.4990 0.3046 -0.8113
vn 0.5007 0.3089 -0.8086
vn -0.0000 0.3571 -0.9341
vn -0.0000 0.3575 -0.9339
vn 0.9993 0.0122 -0.0361
vn 0.9998 -0.0055 0.0210
vn 0.9998 -0.0060 0.0186
vn 0.6917 -0.2995 0.6572
vn 0.5281 -0.2797 0.8018
vn 0.7133 -0.2164 0.6666
vn 0.8880 -0.4597 -0.0135
vn 0.8121 -0.5833 -0.0177
vn 0.2945 0.0483 -0.9544
vn -0.0000 0.0579 -0.9983
vn -0.0000 -0.2748 -0.9615
vn 0.3046 -0.2679 -0.9140
vn 0.5042 0.1882 -0.8428
vn 0.4963 0.2403 -0.8342
vn -0.0000 0.2759 -0.9612
vn -0.0000 0.2182 -0.9759
vn 0.4558 -0.7566 0.4689
vn -0.0000 -0.8355 0.5496
vn -0.0000 -0.6001 0.7999
vn 0.4851 -0.5365 0.6906
vn 0.9990 -0.0439 -0.0047
vn 0.8738 0.4863 0.0009
vn -0.0000 0.9998 -0.0222
vn 0.0311 0.9992 0.0233
vn 0.0344 0.9990 0.0300
vn -0.0000 0.9999 -0.0154
vn 0.5473 0.8369 -0.0077
vn 0.5136 0.8580 -0.0044
vn -0.0000 1.0000 -0.0079
vn 0.2735 -0.9328 0.2348
vn 0.2802 -0.6935 0.6638
vn -0.0000 -0.7223 0.6915
vn -0.0000 -0.9698 0.2439
vn 0.9074 0.1517 -0.3920
vn 0.9993 -0.0043 0.0362
vn 0.9996 -0.0073 0.0262
vn -0.0000 0.7707 -0.6372
vn -0.0000 0.6272 -0.7789
vn -0.0000 0.7672 -0.6415
vn 0.2968 0.9546 -0.0238
vn 0.3765 0.9261 -0.0236
vn -0.4963 0.2403 -0.8342
vn -0.0000 0.2695 -0.9630
vn -0.5027 0.2369 -0.8314
vn -0.0000 -0.3065 0.9519
vn -0.0000 0.2542 0.9672
vn -0.0000 0.2396 0.9709
vn 0.9182 -0.3711 0.1385
vn 0.9451 -0.2013 0.2572
vn 0.9812 -0.1290 0.1435
vn 0.9662 -0.2500 0.0638
vn 0.9997 -0.0123 0.0230
vn 0.9997 -0.0117 0.0232
vn 0.9997 -0.0102 0.0236
vn 0.5086 0.2347 -0.8284
vn 0.5166 0.1688 -0.8394
vn -0.0000 0.1963 -0.9805
vn -0.0000 0.2738 -0.9618
vn 0.9228 -0.3851 0.0091
vn 0.7866 -0.6172 0.0158
vn 0.8526 -0.5197 0.0544
vn 0.9461 -0.3229 0.0237
vn -0.0000 0.4114 0.9115
vn 0.5244 0.1232 -0.8425
vn -0.6530 -0.4833 0.5831
vn -0.6449 -0.2600 0.7187
vn -0.4709 -0.2790 0.8369
vn -0.4851 -0.5365 0.6906
vn 0.5150 0.0919 -0.8522
vn 0.5117 0.0872 -0.8547
vn -0.0000 0.4617 -0.8870
vn -0.0000 0.4198 -0.9076
vn 0.0038 -0.9916 -0.1295
vn 0.0050 -0.9913 -0.1312
vn 0.0024 -0.9981 -0.0620
vn 0.0021 -0.9979 -0.0652
vn 0.9993 0.0360 0.0083
vn 0.9915 0.1274 -0.0250
vn 0.9998 0.0017 0.0190
vn 0.9998 0.0017 0.0188
vn 0.9029 0.1086 -0.4159
vn 0.8889 0.1393 -0.4364
vn 0.9117 0.0475 -0.4082
vn 0.9992 0.0076 -0.0400
vn 0.9604 -0.0980 -0.2607
vn 0.9581 -0.0974 -0.2692
vn 0.7160 -0.0867 -0.6927
vn 0.7015 -0.0864 -0.7074
vn 0.4709 -0.2790 0.8369
vn -0.0000 -0.3036 0.9528
vn -0.0000 -0.2029 0.9792
vn 0.4714 -0.1811 0.8631
vn 0.0052 0.8993 -0.4373
vn -0.0000 0.8985 -0.4391
vn -0.0000 0.8947 -0.4467
vn 0.0133 0.8946 -0.4467
vn 0.9995 -0.0302 -0.0016
vn -0.3851 0.8251 0.4133
vn 0.4093 -0.6033 -0.6845
vn 0.3191 -0.6279 -0.7099
vn 0.3087 -0.8663 -0.3928
vn 0.3892 -0.8391 -0.3799
vn -0.3191 -0.6279 -0.7099
vn -0.3087 -0.8663 -0.3928
vn -0.0000 -0.9100 -0.4147
vn -0.0000 -0.6671 -0.7449
vn 0.2635 0.9506 -0.1642
vn 0.2330 0.9184 -0.3198
vn 0.2330 0.9183 -0.3200
vn 0.2645 0.9514 -0.1575
vn -0.6487 -0.1590 0.7443
vn -0.6621 -0.1619 0.7317
vn -0.4795 -0.1898 0.8568
vn -0.4714 -0.1811 0.8631
vn -0.0000 0.6258 0.7800
vn -0.0000 0.6745 0.7383
vn -0.0000 0.8797 0.4756
vn 0.9956 0.0458 0.0819
vn 0.3739 0.8980 -0.2319
vn 0.3817 0.6388 -0.6680
vn 0.2205 -0.9752 -0.0192
vn 0.2565 -0.9664 0.0180
vn -0.0000 -0.9998 0.0187
vn -0.0000 -0.9998 -0.0197
vn -0.0000 0.1528 -0.9883
vn -0.5244 0.1232 -0.8425
vn -0.2711 -0.4030 0.8742
vn -0.0000 -0.4186 0.9082
vn -0.0000 -0.4438 0.8961
vn -0.2742 -0.4272 0.8616
vn -0.0000 0.7220 -0.6919
vn -0.0000 0.9724 -0.2332
vn 0.9807 -0.0760 0.1802
vn 0.9730 -0.0622 0.2225
vn 0.9617 -0.1101 0.2509
vn 0.5308 0.1664 0.8310
vn 0.6487 -0.1590 0.7443
vn 0.4795 -0.1898 0.8568
vn 0.6621 -0.1619 0.7317
vn 0.6790 -0.2167 0.7014
vn 0.9361 -0.1045 0.3357
vn 0.2711 -0.4030 0.8742
vn -0.4014 -0.9155 0.0280
vn -0.4881 -0.8471 0.2100
vn -0.3822 -0.8888 0.2529
vn -0.3275 -0.9440 0.0403
vn 0.9968 0.0345 -0.0715
vn 0.8847 0.1328 -0.4468
vn -0.7055 0.0070 0.7087
vn -0.6534 0.0014 0.7570
vn -0.6962 0.0059 0.7178
vn -0.4093 -0.6033 -0.6845
vn -0.3892 -0.8391 -0.3799
vn 0.2746 -0.7435 0.6098
vn -0.0000 -0.7745 0.6326
vn -0.5136 0.8580 -0.0044
vn -0.5473 0.8369 -0.0077
vn -0.8769 0.4806 0.0005
vn -0.8748 0.4845 0.0001
vn -0.9995 -0.0302 -0.0016
vn -0.9997 -0.0229 -0.0001
vn 0.9981 0.0594 -0.0133
vn 0.9758 -0.0038 -0.2188
vn -0.9992 0.0116 -0.0375
vn -0.9993 0.0122 -0.0361
vn -0.9998 -0.0055 0.0210
vn -0.9996 -0.0073 0.0262
vn 0.0035 -0.9916 -0.1290
vn 0.0018 -0.9979 -0.0648
vn -0.5007 0.3089 -0.8086
vn -0.5086 0.2347 -0.8284
vn -0.5083 0.8612 0.0003
vn -0.5090 0.8608 -0.0000
vn -0.0000 -0.9674 0.2532
vn -0.0000 -0.6935 0.7204
vn -0.0000 -0.2165 0.9763
vn -0.9807 -0.0760 0.1802
vn -0.9730 -0.0622 0.2225
vn -0.9361 -0.1045 0.3357
vn -0.9617 -0.1101 0.2509
vn -0.0000 -0.9548 0.2972
vn 0.2570 0.9659 -0.0304
vn 0.2582 0.9655 -0.0328
vn 0.2385 0.9711 0.0064
vn -0.9898 0.1418 -0.0132
vn -0.9899 0.1393 -0.0277
vn -0.9898 0.1378 -0.0363
vn 0.3873 -0.2585 -0.8850
vn 0.9986 0.0176 0.0499
vn 0.9992 -0.0076 0.0399
vn 0.5072 0.8618 0.0008
vn 0.9074 0.0470 -0.4176
vn -0.9990 -0.0439 -0.0047
vn -0.8880 -0.4597 -0.0135
vn -0.8958 -0.4440 -0.0185
vn 0.5027 0.2369 -0.8314
vn -0.0000 0.3004 -0.9538
vn 0.2952 0.2880 -0.9110
vn -0.9074 0.1517 -0.3920
vn -0.9082 0.1155 -0.4023
vn -0.9993 0.0112 -0.0359
vn -0.2964 0.1802 -0.9379
vn -0.0000 0.1897 -0.9818
vn -0.9841 0.0850 0.1558
vn -0.9884 0.0756 0.1317
vn -0.9896 0.0960 0.1071
vn -0.9812 0.0858 0.1731
vn -0.5166 0.1688 -0.8394
vn -0.9710 0.2391 0.0037
vn -0.9787 0.2048 -0.0150
vn -0.9988 0.0493 -0.0048
vn -0.9983 0.0591 -0.0000
vn 0.2964 0.1802 -0.9379
vn 0.8067 -0.5896 -0.0399
vn 0.7668 -0.6412 -0.0293
vn 0.9883 0.0042 0.1523
vn 0.3734 0.0387 -0.9269
vn 0.6449 -0.2600 0.7187
vn 0.2790 -0.9602 0.0154
vn 0.6530 -0.4833 0.5831
vn 0.6731 0.2136 0.7080
vn 0.5735 0.2302 0.7862
vn -0.0000 0.2663 0.9639
vn -0.1154 -0.8205 -0.5599
vn -0.0000 -0.8042 -0.5943
vn -0.1219 -0.8248 -0.5521
vn -0.9992 -0.0076 0.0399
vn -0.9960 0.0587 0.0675
vn -0.9757 -0.0182 0.2184
vn 0.9131 -0.4076 0.0099
vn -0.0000 0.9196 -0.3930
vn -0.0000 0.9068 -0.4216
vn -0.0000 0.9794 -0.2017
vn 0.2752 -0.5891 0.7598
vn -0.0000 -0.6122 0.7907
vn -0.9899 0.1300 -0.0560
vn -0.9904 0.1244 -0.0609
vn -0.0000 0.9347 -0.3554
vn -0.0052 0.8993 -0.4373
vn -0.0000 0.9351 -0.3543
vn 0.1815 0.8725 -0.4536
vn 0.1924 0.8810 -0.4323
vn 0.5673 0.8234 -0.0130
vn 0.0045 0.3925 0.9197
vn -0.0000 0.3843 0.9232
vn 0.3760 -0.9147 -0.1480
vn -0.6731 0.2136 0.7080
vn -0.5735 0.2302 0.7862
vn 0.9932 0.0016 0.1163
vn 0.0828 0.8359 -0.5426
vn -0.0000 0.8190 -0.5738
vn 0.1019 0.8411 -0.5311
vn 0.4014 -0.9155 0.0280
vn -0.0038 -0.9916 -0.1295
vn -0.0021 -0.9979 -0.0652
vn -0.0024 -0.9981 -0.0620
vn -0.0050 -0.9913 -0.1312
vn -0.0000 0.3570 0.9341
vn 0.0128 0.3569 0.9340
vn 0.3733 0.2783 -0.8850
vn 0.6922 0.1390 0.7082
vn -0.4990 0.3046 -0.8113
vn -0.0000 0.9864 -0.1643
vn -0.0000 0.9866 -0.1632
vn -0.9992 0.0076 -0.0400
vn -0.9991 0.0079 -0.0417
vn 0.7055 0.0070 0.7087
vn 0.6962 0.0059 0.7178
vn 0.6534 0.0014 0.7570
vn -0.0000 -0.5616 0.8274
vn -0.2004 -0.5502 0.8106
vn -0.5072 0.8618 0.0008
vn -0.8743 0.4854 0.0003
vn -0.0000 -0.9997 0.0258
vn 0.5751 0.5331 0.6205
vn 0.6015 -0.6971 0.3902
vn 0.2742 -0.4272 0.8616
vn 0.3763 0.1738 -0.9101
vn 0.8772 -0.4798 0.0183
vn -0.9104 0.0819 -0.4056
vn -0.9992 0.0095 -0.0376
vn -0.3760 -0.9147 -0.1480
vn -0.3073 -0.9421 -0.1342
vn 0.7249 0.6886 -0.0204
vn 0.0068 0.7133 -0.7009
vn -0.0035 0.4842 -0.8749
vn -0.0000 0.4947 -0.8690
vn -0.0000 0.7133 -0.7009
vn -0.9662 -0.2500 0.0638
vn -0.9993 0.0360 0.0083
vn -0.9812 -0.1290 0.1435
vn 0.2004 -0.5502 0.8106
vn -0.9461 -0.3229 0.0237
vn -0.9536 -0.0002 0.3011
vn -0.9980 0.0485 -0.0410
vn -0.9966 0.0588 -0.0570
vn -0.9956 0.0708 0.0617
vn -0.9066 0.4219 0.0015
vn -0.8121 -0.5833 -0.0177
vn -0.5043 0.8636 0.0022
vn -0.3733 0.2783 -0.8850
vn -0.3763 0.1738 -0.9101
vn -0.2952 0.2880 -0.9110
vn -0.9993 -0.0043 0.0362
vn -0.9739 -0.0642 0.2176
vn -0.9029 0.1086 -0.4159
vn -0.4491 0.5669 0.6906
vn -0.9996 -0.0075 0.0259
vn -0.9451 -0.2013 0.2572
vn -0.9390 -0.1065 0.3269
vn -0.9852 -0.0498 0.1643
vn -0.9694 -0.0681 0.2360
vn -0.9833 0.0333 0.1791
vn -0.9956 0.0458 0.0819
vn -0.6015 -0.6971 0.3902
vn -0.4558 -0.7566 0.4689
vn -0.2752 -0.5891 0.7598
vn -0.3765 0.9261 -0.0236
vn -0.9990 -0.0058 0.0442
vn -0.2565 -0.9664 0.0180
vn -0.2735 -0.9328 0.2348
vn -0.9993 0.0366 0.0026
vn -0.9994 0.0334 0.0024
vn -0.5673 0.8234 -0.0130
vn -0.7249 0.6886 -0.0204
vn -0.8756 0.4830 -0.0014
vn -0.5075 0.8616 -0.0036
vn -0.9998 -0.0086 0.0205
vn -0.6922 0.1390 0.7082
vn -0.5751 0.5331 0.6205
vn -0.7497 0.0120 0.6617
vn -0.9481 -0.0110 -0.3179
vn -0.9308 0.0500 -0.3621
vn -0.9995 0.0103 -0.0306
vn -0.9994 0.0306 -0.0186
vn -0.9932 0.0016 0.1163
vn -0.9998 0.0017 0.0188
vn -0.9998 0.0017 0.0190
vn -0.6917 -0.2995 0.6572
vn -0.7133 -0.2164 0.6666
vn -0.4909 -0.3623 0.7923
vn -0.9753 -0.0535 0.2143
vn -0.0045 0.3925 0.9197
vn -0.0000 -0.9920 -0.1265
vn -0.6790 -0.2167 0.7014
vn -0.4898 -0.2575 0.8330
vn 0.9898 0.1418 -0.0132
vn 0.9898 0.1378 -0.0363
vn 0.9899 0.1393 -0.0277
vn -0.9999 -0.0055 0.0091
vn -0.9997 -0.0123 0.0230
vn -0.9997 -0.0117 0.0232
vn -0.9999 -0.0077 0.0127
vn -0.9816 -0.0460 0.1856
vn -0.2746 -0.7435 0.6098
vn -0.2748 -0.8854 0.3749
vn -0.5042 0.1882 -0.8428
vn 0.9904 0.1244 -0.0609
vn 0.9899 0.1300 -0.0560
vn -0.9981 0.0594 -0.0133
vn -0.9758 -0.0038 -0.2188
vn -0.2570 0.9659 -0.0304
vn -0.2385 0.9711 0.0064
vn -0.2582 0.9655 -0.0328
vn -0.9707 -0.2405 -0.0010
vn -0.9835 -0.1810 -0.0008
vn -0.9986 0.0176 0.0499
vn -0.9883 0.0042 0.1523
vn -0.4128 0.9064 0.0893
vn -0.9441 -0.0759 0.3208
vn -0.8166 -0.5761 -0.0361
vn -0.7866 -0.6172 0.0158
vn -0.9961 -0.0000 0.0885
vn -0.9966 -0.0000 0.0830
vn -0.2802 -0.6935 0.6638
vn 0.5465 -0.2238 0.8070
vn 0.5322 -0.2251 0.8162
vn 0.8787 -0.1785 0.4428
vn 0.8868 -0.1767 0.4270
vn -0.9181 0.1335 -0.3732
vn -0.8889 0.1393 -0.4364
vn -0.1815 0.8725 -0.4536
vn -0.1924 0.8810 -0.4323
vn -0.1019 0.8411 -0.5311
vn -0.0828 0.8359 -0.5426
vn -0.3914 -0.9120 -0.1225
vn -0.2519 -0.8755 -0.4124
vn -0.2812 -0.8816 -0.3792
vn -0.3896 -0.9078 -0.1549
vn -0.2330 0.9184 -0.3198
vn -0.2330 0.9183 -0.3200
vn -0.9597 -0.0630 0.2740
vn 0.9472 0.1500 0.2834
vn 0.9802 0.1393 0.1408
vn 0.9907 -0.1293 0.0432
vn 0.9894 -0.1317 0.0616
vn -0.9182 -0.3711 0.1385
vn -0.9998 -0.0060 0.0186
vn -0.8526 -0.5197 0.0544
vn -0.0344 0.9990 0.0300
vn -0.0311 0.9992 0.0233
vn -0.9948 -0.1019 -0.0010
vn -0.0256 0.9996 0.0142
vn -0.2205 -0.9752 -0.0192
vn -0.9997 -0.0102 0.0236
vn -0.2645 0.9514 -0.1575
vn -0.2635 0.9506 -0.1642
vn -0.1955 -0.9768 0.0869
vn -0.3211 -0.9460 0.0445
vn -0.3491 -0.9369 0.0192
vn -0.2213 -0.9687 0.1130
vn -0.8772 -0.4798 0.0183
vn -0.9131 -0.4076 0.0099
vn -0.9148 -0.4038 -0.0126
vn -0.8543 -0.5192 -0.0248
vn -0.0128 0.3569 0.9340
vn -0.0133 0.8946 -0.4467
vn -0.0119 0.2620 -0.9650
vn -0.0000 0.2620 -0.9651
vn 0.3822 -0.8888 0.2529
vn -0.0000 -0.2472 0.9690
vn 0.0556 0.9978 0.0361
vn 0.0729 0.9953 0.0636
vn 0.4881 -0.8471 0.2100
vn 0.1879 -0.9821 0.0156
vn -0.0000 -0.9999 0.0134
vn -0.0000 -0.9948 0.1022
vn 0.1955 -0.9768 0.0869
vn -0.9855 -0.0000 0.1696
vn -0.9802 0.1393 0.1408
vn -0.9472 0.1500 0.2834
vn -0.0000 0.9988 -0.0494
vn -0.9915 0.1274 -0.0250
vn -0.9968 0.0345 -0.0715
vn -0.9500 -0.3121 -0.0014
vn -0.0000 -0.9881 0.1541
vn 0.2213 -0.9687 0.1130
vn 0.3491 -0.9369 0.0192
vn 0.3211 -0.9460 0.0445
vn 0.3896 -0.9078 -0.1549
vn 0.3914 -0.9120 -0.1225
vn 0.2812 -0.8816 -0.3792
vn 0.2519 -0.8755 -0.4124
vn 0.1219 -0.8248 -0.5521
vn 0.1154 -0.8205 -0.5599
vn -0.5059 0.7703 0.3882
vn -0.5465 -0.2238 0.8070
vn -0.8868 -0.1767 0.4270
vn -0.8787 -0.1785 0.4428
vn -0.5322 -0.2251 0.8162
vn 0.0035 0.4842 -0.8749
vn 0.0119 0.2620 -0.9650
vn -0.9894 -0.1317 0.0616
vn -0.9604 -0.0980 -0.2607
vn -0.9581 -0.0974 -0.2692
vn -0.9907 -0.1293 0.0432
vn -0.7015 -0.0864 -0.7074
vn -0.0000 -0.0836 -0.9965
vn -0.7160 -0.0867 -0.6927
vn -0.0556 0.9978 0.0361
vn -0.0505 0.9983 0.0280
vn -0.0068 0.7133 -0.7009
vn -0.8847 0.1328 -0.4468
vn 0.0256 0.9996 0.0142
vn 0.0505 0.9983 0.0280
vn -0.0018 -0.9979 -0.0648
vn 0.7497 0.0120 0.6617
vn -0.0035 -0.9916 -0.1290
vn -0.1879 -0.9821 0.0156
vn -0.0729 0.9953 0.0636
vn -0.7071 0.7071 -0.0000
vn 0.7071 -0.7071 -0.0000
vn -0.7071 -0.7071 -0.0000
vn 0.7071 0.7071 -0.0000
vn -0.0000 0.9951 0.0989
vn -0.0000 0.9792 0.2028
vn -0.0000 -0.9792 0.2028
vn -0.0000 -0.9525 0.3046
vn -0.0000 0.9525 0.3046
vn -0.0000 -0.9951 0.0989
vn 0.9239 0.3827 -0.0000
vn 0.3827 0.9239 -0.0000
vn -0.3827 0.9239 -0.0000
vn -0.7069 0.7073 -0.0000
vn -0.7070 0.7072 -0.0000
vn -0.8388 0.5445 0.0038
vn -0.8689 0.4950 0.0069
vn -1.0000 -0.0000 0.0088
vn -0.9999 -0.0000 0.0152
vn 0.9239 -0.3827 -0.0000
vn 0.3827 -0.9239 -0.0000
vn -0.3827 -0.9239 -0.0000
vn -0.7070 -0.7072 -0.0000
vn -0.7069 -0.7073 -0.0000
vn 0.0427 -0.9990 -0.0095
vn -0.3831 -0.9237 0.0013
vn -0.3824 -0.9240 0.0054
vn 0.1146 -0.9934 -0.0025
vn -0.7071 -0.7071 0.0009
vn -0.8013 -0.5983 0.0006
vn -0.8022 -0.5970 0.0025
vn -0.7063 -0.7079 0.0040
vn -0.8388 -0.5445 0.0038
vn -0.8689 -0.4950 0.0069
vn 0.0427 0.9990 -0.0095
vn 0.1146 0.9934 -0.0025
vn -0.3824 0.9240 0.0054
vn -0.3831 0.9237 0.0013
vn 0.4114 -0.9114 -0.0110
vn 0.1484 -0.9850 0.0885
vn 0.4816 -0.8749 0.0509
vn -0.7071 0.7071 0.0009
vn -0.7063 0.7079 0.0040
vn -0.8022 0.5970 0.0025
vn -0.8013 0.5983 0.0006
vn 0.8249 -0.0000 -0.5653
vn 0.8460 -0.0000 -0.5332
vn 0.8534 -0.0032 -0.5213
vn 0.8248 -0.0100 -0.5653
vn 0.3005 0.9535 -0.0230
vn 0.4114 0.9114 -0.0110
vn 0.3870 -0.9219 -0.0190
vn 0.0061 -1.0000 -0.0070
vn 0.3005 -0.9535 -0.0230
vn -0.7064 0.7078 -0.0031
vn -0.8034 0.5955 -0.0017
vn 0.9016 -0.0000 -0.4326
vn 0.9060 -0.0000 -0.4232
vn 0.9668 -0.0000 -0.2557
vn 0.9655 -0.0000 -0.2605
vn -0.3825 -0.9240 -0.0042
vn 0.9970 -0.0000 -0.0780
vn -0.7287 0.6838 0.0381
vn -0.8183 0.5746 0.0148
vn -0.8183 -0.5746 0.0148
vn -0.7287 -0.6838 0.0381
vn 0.8534 0.0032 -0.5213
vn -0.7574 0.6515 0.0437
vn -0.7771 0.6294 0.0084
vn -0.8615 0.5078 0.0032
vn -0.8482 0.5294 0.0168
vn -0.4036 -0.9124 0.0673
vn 0.6286 -0.7775 -0.0184
vn 0.5271 -0.8478 -0.0573
vn -0.8229 -0.5681 0.0089
vn -0.8379 -0.5457 0.0017
vn -0.8615 -0.5078 0.0032
vn -0.8482 -0.5294 0.0168
vn -0.7904 0.6126 0.0080
vn -0.7716 0.6361 0.0020
vn 0.1484 0.9850 0.0885
vn -0.4036 0.9124 0.0673
vn -0.4328 -0.8984 0.0748
vn -0.4544 -0.8907 0.0152
vn 0.1191 -0.9927 0.0182
vn 0.1623 -0.9836 0.0794
vn -0.7716 -0.6361 0.0020
vn -0.7904 -0.6126 0.0080
vn -0.7064 -0.7078 -0.0031
vn -0.8034 -0.5955 -0.0017
vn -0.3825 0.9240 -0.0042
vn 0.3870 0.9219 -0.0190
vn 0.0061 1.0000 -0.0070
vn -0.7742 -0.6329 -0.0010
vn -0.7703 -0.6377 0.0005
vn -0.4328 0.8984 0.0748
vn -0.4544 0.8907 0.0152
vn 0.4816 0.8749 0.0509
vn 0.6286 0.7775 -0.0184
vn 0.5271 0.8478 -0.0573
vn 0.8248 0.0100 -0.5653
vn -0.7703 0.6377 0.0005
vn -0.7742 0.6329 -0.0010
vn 0.2118 -0.0000 -0.9773
vn 0.4140 -0.0000 -0.9103
vn 0.1824 -0.0000 -0.9832
vn 0.5666 -0.8238 0.0151
vn 0.5111 -0.8545 0.0930
vn 0.5111 0.8544 0.0930
vn 0.5666 0.8238 0.0151
vn 0.1191 0.9927 0.0182
vn 0.1623 0.9836 0.0794
vn -0.7771 -0.6294 0.0084
vn -0.7574 -0.6515 0.0437
vn -0.8379 0.5457 0.0017
vn -0.8229 0.5681 0.0089
vn 0.9008 -0.4343 -0.0000
vn 0.9008 0.4343 -0.0000
vn -0.2160 0.9308 0.2949
vn -0.3941 0.8722 0.2897
vn -0.5460 0.7244 -0.4208
vn -0.5044 0.7139 -0.4857
vn -0.7159 0.4462 -0.5370
vn -0.7718 0.4811 -0.4158
vn 0.8483 -0.5287 0.0271
vn 0.8486 -0.5289 -0.0049
vn 0.7527 -0.6583 -0.0049
vn 0.7768 -0.6292 0.0267
vn 0.5054 0.8109 0.2949
vn 0.1566 0.9426 0.2949
vn -0.9566 -0.0303 0.2897
vn -0.9308 -0.2160 0.2949
vn -0.9754 0.2203 0.0015
vn -0.9443 0.2132 0.2507
vn -0.8184 0.5101 0.2645
vn -0.8487 0.5289 0.0014
vn -0.7773 -0.5558 0.2949
vn -0.8280 0.5160 -0.2194
vn -0.7933 0.4945 -0.3551
vn -0.3368 0.9358 -0.1045
vn -0.3811 0.9238 -0.0359
vn -0.5054 -0.8109 0.2949
vn 0.2160 -0.9308 0.2949
vn -0.1566 -0.9426 0.2949
vn 0.3941 -0.8722 0.2897
vn -0.7128 -0.6995 0.0509
vn -0.5633 -0.8261 0.0154
vn -0.6060 -0.7947 0.0352
vn -0.9884 -0.1098 -0.1045
vn -0.8483 0.5287 0.0271
vn -0.9070 0.4203 0.0267
vn -0.9226 0.3858 -0.0049
vn -0.8486 0.5289 -0.0049
vn -0.3141 -0.9480 0.0509
vn 0.3368 -0.9358 -0.1045
vn -0.4465 -0.8941 0.0352
vn -0.4936 -0.8696 0.0154
vn 0.9308 0.2160 0.2949
vn 0.9566 0.0303 0.2897
vn 0.7773 0.5558 0.2949
vn -0.8631 0.1385 -0.4857
vn -0.8909 0.1711 -0.4208
vn 0.8909 -0.1711 -0.4208
vn 0.7718 -0.4811 -0.4158
vn 0.7159 -0.4462 -0.5370
vn 0.8631 -0.1385 -0.4857
vn 0.5460 -0.7244 -0.4208
vn 0.5044 -0.7139 -0.4857
vn 0.6274 -0.7787 0.0015
vn 0.8487 -0.5289 0.0014
vn 0.8184 -0.5101 0.2645
vn 0.6073 -0.7538 0.2507
vn 0.7933 -0.4945 -0.3551
vn 0.9884 0.1098 -0.1045
vn 0.7128 0.6995 0.0509
vn 0.5633 0.8261 0.0154
vn 0.6060 0.7947 0.0352
vn 0.0935 -0.0582 0.9939
vn -0.0732 -0.0064 0.9973
vn 0.2463 -0.3058 0.9197
vn 0.3173 -0.1978 0.9275
vn -0.0265 0.0685 0.9973
vn 0.3830 -0.0865 0.9197
vn -0.7768 0.6292 0.0267
vn -0.7527 0.6583 -0.0049
vn 0.9754 -0.2203 0.0015
vn 0.9443 -0.2132 0.2507
vn 0.6600 0.7513 -0.0036
vn 0.7735 0.6338 -0.0079
vn 0.7802 0.6255 0.0023
vn 0.6675 0.7446 0.0012
vn -0.3838 -0.9234 -0.0036
vn -0.5289 -0.8487 -0.0000
vn -0.3746 -0.9272 0.0012
vn -0.2283 -0.9735 -0.0079
vn -0.2180 -0.9759 0.0023
vn 0.5289 0.8487 -0.0000
vn -0.2586 0.1512 0.9541
vn -0.2542 0.1584 0.9541
vn -0.2497 0.1656 0.9541
vn 0.8280 -0.5161 -0.2194
vn 0.9973 0.0648 -0.0359
vn 0.8204 0.5691 0.0559
vn 0.3811 -0.9238 -0.0359
vn -0.1496 -0.9872 0.0559
vn -0.7992 0.5982 0.0586
vn -0.8472 0.5280 0.0588
vn -0.8890 0.4541 0.0586
vn 0.2497 -0.1656 0.9541
vn 0.0732 0.0064 0.9973
vn -0.0935 0.0582 0.9939
vn 0.2542 -0.1584 0.9541
vn -0.3173 0.1978 0.9275
vn -0.3830 0.0865 0.9197
vn 0.0265 -0.0685 0.9973
vn -0.2463 0.3058 0.9197
vn 0.3838 0.9234 -0.0036
vn 0.3746 0.9272 0.0012
vn 0.2180 0.9759 0.0023
vn 0.2283 0.9735 -0.0079
vn -0.7735 -0.6338 -0.0079
vn -0.7802 -0.6255 0.0023
vn -0.6675 -0.7446 0.0012
vn -0.6600 -0.7513 -0.0036
vn -0.9973 -0.0648 -0.0359
vn -0.8204 -0.5691 0.0559
vn -0.6274 0.7787 0.0015
vn 0.8890 -0.4541 0.0586
vn 0.9070 -0.4203 0.0267
vn 0.8472 -0.5280 0.0588
vn 0.9226 -0.3858 -0.0049
vn -0.6073 0.7538 0.2507
vn 0.4465 0.8941 0.0352
vn 0.4936 0.8696 0.0154
vn 0.3141 0.9480 0.0509
vn 0.1496 0.9872 0.0559
vn 0.7992 -0.5982 0.0586
vn 0.2586 -0.1512 0.9541
vn 0.0785 0.9969 -0.0000
vn 0.0785 0.8634 -0.4985
vn 0.0785 0.4985 -0.8634
vn 0.0785 -0.0000 -0.9969
vn 0.0785 -0.4985 -0.8634
vn 0.0785 -0.8634 -0.4985
vn 0.0785 -0.9969 -0.0000
vn 0.0785 -0.8634 0.4985
vn 0.0785 -0.4985 0.8634
vn 0.0785 -0.0000 0.9969
vn 0.0785 0.4985 0.8634
vn 0.0785 0.8634 0.4985
vn -0.9544 -0.0000 -0.2985
vn -0.8892 -0.0000 -0.4575
vn -0.8215 -0.3403 -0.4575
vn -0.8818 -0.3652 -0.2985
vn -0.6288 -0.6288 -0.4575
vn -0.6749 -0.6749 -0.2985
vn -0.3403 -0.8215 -0.4575
vn -0.3652 -0.8818 -0.2985
vn -0.0000 -0.8892 -0.4575
vn -0.0000 -0.9544 -0.2985
vn 0.3403 -0.8215 -0.4575
vn 0.3652 -0.8818 -0.2985
vn 0.6288 -0.6288 -0.4575
vn 0.6749 -0.6749 -0.2985
vn 0.8215 -0.3403 -0.4575
vn 0.8818 -0.3652 -0.2985
vn 0.8892 -0.0000 -0.4575
vn 0.9544 -0.0000 -0.2985
vn 0.8215 0.3403 -0.4575
vn 0.8818 0.3652 -0.2985
vn 0.6288 0.6288 -0.4575
vn 0.6749 0.6749 -0.2985
vn 0.3403 0.8215 -0.4575
vn 0.3652 0.8818 -0.2985
vn -0.0000 0.8892 -0.4575
vn -0.0000 0.9544 -0.2985
vn -0.3403 0.8215 -0.4575
vn -0.3652 0.8818 -0.2985
vn -0.6288 0.6288 -0.4575
vn -0.6749 0.6749 -0.2985
vn -0.8215 0.3403 -0.4575
vn -0.8818 0.3652 -0.2985
vn -0.9144 0.3788 -0.1427
vn -0.9898 -0.0000 -0.1427
vn -0.6999 0.6999 -0.1427
vn -0.3788 0.9144 -0.1427
vn -0.0000 0.9898 -0.1427
vn 0.3788 0.9144 -0.1427
vn 0.6999 0.6999 -0.1427
vn 0.9144 0.3788 -0.1427
vn 0.9898 -0.0000 -0.1427
vn 0.9144 -0.3788 -0.1427
vn 0.6999 -0.6999 -0.1427
vn 0.3788 -0.9144 -0.1427
vn -0.0000 -0.9898 -0.1427
vn -0.3788 -0.9144 -0.1427
vn -0.6999 -0.6999 -0.1427
vn -0.9144 -0.3788 -0.1427
vt 0.585328 0.177152
vt 0.585328 0.166073
vt 0.588713 0.171823
vt 0.589901 0.177152
vt 0.584393 0.142233
vt 0.584432 0.156093
vt 0.015153 0.156097
vt 0.015180 0.142234
vt 0.585012 0.126377
vt 0.584432 0.128374
vt 0.015153 0.128371
vt 0.014576 0.126374
vt 0.005555 0.142234
vt 0.010142 0.142234
vt 0.010219 0.153250
vt 0.006786 0.147583
vt 0.006786 0.136885
vt 0.010219 0.131218
vt 0.585012 0.158089
vt 0.014576 0.158092
vt 0.580262 0.191077
vt 0.580262 0.177152
vt 0.585328 0.177152
vt 0.585328 0.188231
vt 0.003382 0.142057
vt 0.004761 0.136042
vt 0.008762 0.129680
vt 0.008763 0.154787
vt 0.004761 0.148426
vt 0.003382 0.142411
vt 0.012837 0.177152
vt 0.012837 0.191076
vt 0.003197 0.177152
vt 0.007771 0.177152
vt 0.007771 0.188231
vt 0.004386 0.182481
vt 0.004386 0.171823
vt 0.007771 0.166073
vt 0.012837 0.163227
vt 0.593937 0.142234
vt 0.592785 0.147542
vt 0.589369 0.153232
vt 0.589413 0.142233
vt 0.589370 0.131235
vt 0.592785 0.136925
vt 0.596107 0.142234
vt 0.594832 0.136107
vt 0.590836 0.129698
vt 0.590835 0.154769
vt 0.594832 0.148360
vt 0.994587 0.073088
vt 0.865898 0.073088
vt 0.865898 0.063307
vt 0.994587 0.063307
vt 0.994587 0.082857
vt 0.865897 0.082857
vt 0.994587 0.092608
vt 0.865897 0.092608
vt 0.994587 0.102335
vt 0.865897 0.102335
vt 0.994587 0.112041
vt 0.865897 0.112040
vt 0.994587 0.121733
vt 0.865897 0.121733
vt 0.994587 0.053527
vt 0.865898 0.053527
vt 0.994587 0.043757
vt 0.865898 0.043757
vt 0.994587 0.034007
vt 0.865898 0.034007
vt 0.994587 0.024280
vt 0.865898 0.024280
vt 0.994587 0.004882
vt 0.994587 0.014574
vt 0.865898 0.014574
vt 0.865897 0.004882
vt 0.819339 0.073088
vt 0.819339 0.063307
vt 0.819339 0.082857
vt 0.819339 0.092608
vt 0.819339 0.102335
vt 0.819339 0.112040
vt 0.819339 0.121733
vt 0.819339 0.053527
vt 0.819339 0.043757
vt 0.819339 0.034007
vt 0.819339 0.024279
vt 0.819339 0.014574
vt 0.819339 0.004882
vt 0.773059 0.073087
vt 0.773059 0.063307
vt 0.773059 0.082857
vt 0.773059 0.092608
vt 0.773059 0.102335
vt 0.773059 0.112040
vt 0.773059 0.121733
vt 0.773059 0.053527
vt 0.773059 0.043757
vt 0.773059 0.034007
vt 0.773059 0.024279
vt 0.773059 0.014574
vt 0.773059 0.004882
vt 0.726780 0.073087
vt 0.726780 0.063307
vt 0.726780 0.082857
vt 0.726780 0.092608
vt 0.726780 0.102335
vt 0.726780 0.112040
vt 0.726780 0.121733
vt 0.726780 0.053527
vt 0.726780 0.043757
vt 0.726780 0.034007
vt 0.726780 0.024279
vt 0.726780 0.014574
vt 0.726780 0.004882
vt 0.680222 0.073087
vt 0.680222 0.063307
vt 0.680222 0.082857
vt 0.680222 0.092608
vt 0.680222 0.102335
vt 0.680222 0.112040
vt 0.680223 0.121733
vt 0.680222 0.053527
vt 0.680222 0.043757
vt 0.680222 0.034007
vt 0.680222 0.024279
vt 0.680222 0.014574
vt 0.680223 0.004882
vt 0.004884 0.102335
vt 0.004884 0.092608
vt 0.004884 0.034006
vt 0.004884 0.024279
vt 0.004884 0.014574
vt 0.004884 0.004881
vt 0.004884 0.121733
vt 0.004884 0.112040
vt 0.004884 0.073087
vt 0.004884 0.063307
vt 0.004884 0.082857
vt 0.004884 0.043757
vt 0.004884 0.053527
vt 0.525185 0.399153
vt 0.520407 0.390669
vt 0.527545 0.388797
vt 0.530487 0.394019
vt 0.520407 0.380928
vt 0.527545 0.382800
vt 0.525191 0.372438
vt 0.530490 0.377574
vt 0.551893 0.371600
vt 0.557198 0.379765
vt 0.550192 0.382084
vt 0.546927 0.377058
vt 0.533529 0.367391
vt 0.535622 0.374468
vt 0.543248 0.404513
vt 0.533511 0.404201
vt 0.535612 0.397126
vt 0.541605 0.397318
vt 0.557813 0.389486
vt 0.550571 0.388068
vt 0.543265 0.367088
vt 0.541616 0.374281
vt 0.551887 0.400003
vt 0.546923 0.394542
vt 0.553574 0.398262
vt 0.547961 0.393470
vt 0.651338 0.166483
vt 0.657332 0.166483
vt 0.657332 0.188494
vt 0.651338 0.188494
vt 0.627346 0.166483
vt 0.633346 0.166482
vt 0.633346 0.188493
vt 0.627346 0.188494
vt 0.639346 0.166483
vt 0.639346 0.188494
vt 0.603362 0.166483
vt 0.609359 0.166483
vt 0.609359 0.188494
vt 0.603362 0.188494
vt 0.663329 0.166483
vt 0.663329 0.188494
vt 0.597362 0.166482
vt 0.597362 0.188493
vt 0.645343 0.166483
vt 0.645343 0.188494
vt 0.615354 0.166483
vt 0.615354 0.188494
vt 0.669329 0.166482
vt 0.669329 0.188493
vt 0.621349 0.166483
vt 0.621349 0.188494
vt 0.589237 0.332989
vt 0.589237 0.327194
vt 0.595032 0.328748
vt 0.599271 0.332989
vt 0.579202 0.332989
vt 0.583442 0.328748
vt 0.589237 0.344569
vt 0.589237 0.338779
vt 0.600822 0.338779
vt 0.599271 0.344569
vt 0.579202 0.344569
vt 0.577652 0.338779
vt 0.589237 0.350364
vt 0.595032 0.348811
vt 0.583442 0.348811
vt 0.584272 0.392733
vt 0.574535 0.392728
vt 0.576255 0.386317
vt 0.582558 0.386321
vt 0.566114 0.361236
vt 0.574553 0.356370
vt 0.576267 0.362783
vt 0.570804 0.365932
vt 0.561234 0.379420
vt 0.561236 0.369674
vt 0.567647 0.371394
vt 0.567645 0.377703
vt 0.597592 0.369683
vt 0.597589 0.379429
vt 0.591178 0.377709
vt 0.591180 0.371400
vt 0.566104 0.387858
vt 0.570798 0.383164
vt 0.584290 0.356375
vt 0.592722 0.361246
vt 0.588028 0.365939
vt 0.582570 0.362786
vt 0.597589 0.379429
vt 0.592712 0.387868
vt 0.588021 0.383171
vt 0.591178 0.377709
vt 0.708729 0.165455
vt 0.715038 0.165455
vt 0.715038 0.189499
vt 0.708729 0.189500
vt 0.733956 0.165457
vt 0.740259 0.165457
vt 0.740259 0.189501
vt 0.733956 0.189502
vt 0.683511 0.165455
vt 0.689817 0.165456
vt 0.689817 0.189501
vt 0.683511 0.189500
vt 0.721347 0.165455
vt 0.721347 0.189500
vt 0.702423 0.165456
vt 0.702423 0.189501
vt 0.746565 0.165455
vt 0.746565 0.189500
vt 0.677202 0.165454
vt 0.677202 0.189499
vt 0.696120 0.165457
vt 0.696120 0.189502
vt 0.727653 0.165456
vt 0.727653 0.189501
vt 0.752873 0.165455
vt 0.752874 0.189499
vt 0.526295 0.343817
vt 0.526295 0.337729
vt 0.532383 0.339360
vt 0.536843 0.343818
vt 0.526295 0.356005
vt 0.526295 0.349911
vt 0.538477 0.349911
vt 0.536843 0.356005
vt 0.515746 0.343818
vt 0.520207 0.339360
vt 0.515746 0.356005
vt 0.514113 0.349911
vt 0.526295 0.362093
vt 0.532383 0.360463
vt 0.520207 0.360463
vt 0.263733 0.219443
vt 0.273960 0.219443
vt 0.273960 0.227349
vt 0.263733 0.227349
vt 0.770521 0.320530
vt 0.770457 0.305270
vt 0.781568 0.305290
vt 0.782108 0.320558
vt 0.827259 0.545628
vt 0.827254 0.558407
vt 0.823981 0.558181
vt 0.823679 0.545679
vt 0.309624 0.285794
vt 0.359850 0.285082
vt 0.362197 0.299172
vt 0.320475 0.303509
vt 0.730861 0.305274
vt 0.717759 0.305268
vt 0.718006 0.288000
vt 0.730877 0.288007
vt 0.066613 0.207117
vt 0.084718 0.207117
vt 0.084718 0.214096
vt 0.066613 0.214096
vt 0.057904 0.423621
vt 0.063895 0.409747
vt 0.080130 0.414650
vt 0.075511 0.428190
vt 0.363184 0.195319
vt 0.381992 0.195319
vt 0.381992 0.202298
vt 0.363184 0.202298
vt 0.418901 0.219443
vt 0.427556 0.219443
vt 0.427556 0.227349
vt 0.418901 0.227349
vt 0.172719 0.227349
vt 0.186514 0.227349
vt 0.186514 0.234758
vt 0.172719 0.234758
vt 0.791181 0.305266
vt 0.797860 0.304590
vt 0.800335 0.319119
vt 0.792288 0.319819
vt 0.222117 0.227349
vt 0.252878 0.227349
vt 0.252878 0.234758
vt 0.222117 0.234758
vt 0.780902 0.288262
vt 0.789852 0.288785
vt 0.238718 0.438095
vt 0.239676 0.424519
vt 0.263393 0.427406
vt 0.262570 0.440959
vt 0.257673 0.324901
vt 0.255500 0.314646
vt 0.269469 0.300021
vt 0.278933 0.312739
vt 0.612399 0.259184
vt 0.700861 0.258704
vt 0.684232 0.271145
vt 0.617786 0.271921
vt 0.263733 0.242168
vt 0.263733 0.234758
vt 0.273960 0.234758
vt 0.273960 0.242168
vt 0.706107 0.320555
vt 0.695927 0.319815
vt 0.697036 0.305263
vt 0.706648 0.305287
vt 0.208613 0.250075
vt 0.208613 0.242168
vt 0.222117 0.242168
vt 0.222117 0.250075
vt 0.240926 0.410344
vt 0.264951 0.413014
vt 0.824294 0.314950
vt 0.824262 0.272606
vt 0.827362 0.272347
vt 0.827346 0.315015
vt 0.526192 0.235284
vt 0.509037 0.235284
vt 0.509037 0.216167
vt 0.526192 0.216167
vt 0.869888 0.558285
vt 0.873162 0.558060
vt 0.873730 0.569790
vt 0.869892 0.569629
vt 0.009583 0.278858
vt 0.019320 0.276133
vt 0.023204 0.291830
vt 0.013040 0.294133
vt 0.744104 0.418218
vt 0.730821 0.418211
vt 0.730862 0.335797
vt 0.744107 0.335795
vt 0.124549 0.242168
vt 0.124549 0.234758
vt 0.147864 0.234758
vt 0.147864 0.242168
vt 0.080521 0.314222
vt 0.081318 0.303543
vt 0.113191 0.303721
vt 0.112723 0.315574
vt 0.089003 0.361222
vt 0.082844 0.345403
vt 0.115774 0.346238
vt 0.119087 0.362453
vt 0.509037 0.197049
vt 0.473871 0.216167
vt 0.473871 0.197049
vt 0.883447 0.539328
vt 0.887417 0.539345
vt 0.887099 0.552467
vt 0.883485 0.552423
vt 0.678708 0.420220
vt 0.691747 0.418181
vt 0.691744 0.439284
vt 0.685079 0.439477
vt 0.198720 0.242168
vt 0.198720 0.234758
vt 0.208613 0.234758
vt 0.455046 0.242168
vt 0.455046 0.234758
vt 0.465202 0.234758
vt 0.465202 0.242168
vt 0.057985 0.382778
vt 0.075592 0.378208
vt 0.080212 0.391747
vt 0.063977 0.396652
vt 0.006042 0.263445
vt 0.016295 0.260784
vt 0.717634 0.418198
vt 0.717700 0.335806
vt 0.506365 0.487898
vt 0.506441 0.494099
vt 0.492991 0.493234
vt 0.492906 0.486301
vt 0.293737 0.307781
vt 0.278491 0.287538
vt 0.287288 0.287623
vt 0.823413 0.569908
vt 0.827250 0.569746
vt 0.827245 0.583683
vt 0.824623 0.583129
vt 0.285223 0.348116
vt 0.282993 0.331348
vt 0.298105 0.328609
vt 0.301480 0.346897
vt 0.141418 0.316358
vt 0.141321 0.303212
vt 0.172324 0.304432
vt 0.172677 0.317641
vt 0.178894 0.369443
vt 0.176083 0.350895
vt 0.205919 0.352783
vt 0.208688 0.369630
vt 0.204240 0.336288
vt 0.236313 0.337514
vt 0.237327 0.351991
vt 0.382129 0.214096
vt 0.382129 0.207117
vt 0.420112 0.207117
vt 0.420112 0.214096
vt 0.068090 0.363659
vt 0.054644 0.343279
vt 0.717357 0.466015
vt 0.703739 0.471964
vt 0.704537 0.439124
vt 0.717592 0.438950
vt 0.119984 0.376540
vt 0.149263 0.380534
vt 0.148512 0.394486
vt 0.119683 0.390766
vt 0.144876 0.348594
vt 0.142251 0.331547
vt 0.173709 0.333927
vt 0.147864 0.250075
vt 0.172719 0.242168
vt 0.172719 0.250075
vt 0.692910 0.335017
vt 0.679666 0.331834
vt 0.418901 0.242168
vt 0.418901 0.234758
vt 0.427556 0.234758
vt 0.427556 0.242168
vt 0.286042 0.377926
vt 0.301110 0.378590
vt 0.300850 0.392648
vt 0.286255 0.392346
vt 0.027376 0.242168
vt 0.027376 0.234758
vt 0.040642 0.234758
vt 0.040642 0.242168
vt 0.704667 0.335829
vt 0.717694 0.320528
vt 0.858151 0.548975
vt 0.857706 0.595859
vt 0.852329 0.595797
vt 0.852840 0.548918
vt 0.744104 0.460018
vt 0.730827 0.461628
vt 0.730794 0.438848
vt 0.744104 0.438818
vt 0.801818 0.235284
vt 0.776630 0.235284
vt 0.776630 0.216167
vt 0.801818 0.216167
vt 0.148538 0.366993
vt 0.080884 0.327124
vt 0.113289 0.329340
vt 0.859335 0.274960
vt 0.859303 0.291730
vt 0.855202 0.291666
vt 0.855730 0.274897
vt 0.252878 0.242168
vt 0.252878 0.250075
vt 0.301029 0.427793
vt 0.300767 0.413734
vt 0.306752 0.413613
vt 0.307539 0.427519
vt 0.883110 0.372395
vt 0.887317 0.372397
vt 0.896785 0.312490
vt 0.896755 0.301239
vt 0.900071 0.301174
vt 0.900464 0.312428
vt 0.044394 0.283925
vt 0.058533 0.297089
vt 0.049708 0.306973
vt 0.034537 0.288122
vt 0.825691 0.597562
vt 0.827240 0.597943
vt 0.827234 0.613030
vt 0.179876 0.382902
vt 0.209958 0.383135
vt 0.211217 0.397278
vt 0.179599 0.396947
vt 0.024790 0.258211
vt 0.032156 0.255901
vt 0.037185 0.270497
vt 0.028416 0.273346
vt 0.440020 0.408326
vt 0.414833 0.408029
vt 0.414833 0.393438
vt 0.437015 0.393548
vt 0.092652 0.375262
vt 0.040642 0.219443
vt 0.057219 0.219443
vt 0.057219 0.227349
vt 0.040642 0.227349
vt 0.239757 0.381868
vt 0.263474 0.378979
vt 0.265033 0.393371
vt 0.241009 0.396043
vt 0.859252 0.310631
vt 0.858572 0.485737
vt 0.853678 0.485702
vt 0.854682 0.310587
vt 0.882493 0.256418
vt 0.885300 0.259788
vt 0.887736 0.274342
vt 0.883231 0.274328
vt 0.037370 0.320123
vt 0.022120 0.323468
vt 0.025012 0.207117
vt 0.025012 0.214096
vt 0.285959 0.364387
vt 0.302141 0.365051
vt 0.262650 0.365427
vt 0.261508 0.351115
vt 0.693888 0.126071
vt 0.693888 0.150920
vt 0.682506 0.150920
vt 0.682506 0.126071
vt 0.057219 0.242168
vt 0.057219 0.234758
vt 0.080660 0.234758
vt 0.080660 0.242168
vt 0.495095 0.398932
vt 0.485207 0.401125
vt 0.485207 0.394407
vt 0.489665 0.394754
vt 0.704582 0.418187
vt 0.208613 0.227349
vt 0.435193 0.250075
vt 0.435193 0.242168
vt 0.444674 0.242168
vt 0.444674 0.250075
vt 0.343446 0.195319
vt 0.343446 0.202298
vt 0.435193 0.227349
vt 0.444674 0.227349
vt 0.444674 0.234758
vt 0.435193 0.234758
vt 0.415426 0.486339
vt 0.430998 0.487340
vt 0.430994 0.493541
vt 0.413937 0.492568
vt 0.897353 0.177836
vt 0.924273 0.177149
vt 0.924290 0.180294
vt 0.897226 0.180294
vt 0.363321 0.214096
vt 0.363321 0.207117
vt 0.080660 0.219443
vt 0.101270 0.219443
vt 0.101270 0.227349
vt 0.080660 0.227349
vt 0.107299 0.202298
vt 0.107299 0.195319
vt 0.130487 0.195319
vt 0.130487 0.202298
vt 0.896715 0.291239
vt 0.895058 0.291334
vt 0.894237 0.291333
vt 0.893921 0.283009
vt 0.823526 0.252939
vt 0.827370 0.253076
vt 0.263733 0.250075
vt 0.273960 0.250075
vt 0.863958 0.236101
vt 0.821029 0.235284
vt 0.821029 0.216167
vt 0.863853 0.216169
vt 0.095172 0.417011
vt 0.092571 0.431134
vt 0.751051 0.197049
vt 0.751051 0.216167
vt 0.583400 0.216167
vt 0.583400 0.197049
vt 0.858455 0.507748
vt 0.858304 0.530126
vt 0.853102 0.530071
vt 0.853392 0.507700
vt 0.203517 0.320892
vt 0.235806 0.326172
vt 0.203233 0.308404
vt 0.186514 0.242168
vt 0.323194 0.214096
vt 0.323194 0.207117
vt 0.343583 0.207117
vt 0.343583 0.214096
vt 0.080660 0.250075
vt 0.101270 0.242168
vt 0.101270 0.250075
vt 0.124549 0.250075
vt 0.235544 0.316173
vt 0.872810 0.345765
vt 0.869807 0.345742
vt 0.869801 0.330189
vt 0.872792 0.330006
vt 0.751051 0.235284
vt 0.004718 0.219443
vt 0.015917 0.219443
vt 0.015917 0.227349
vt 0.004718 0.227349
vt 0.309037 0.346523
vt 0.309583 0.365491
vt 0.532001 0.305142
vt 0.532365 0.309828
vt 0.523964 0.312309
vt 0.524334 0.306376
vt 0.435193 0.219443
vt 0.444674 0.219443
vt 0.823673 0.531631
vt 0.824294 0.361880
vt 0.827329 0.361923
vt 0.827264 0.531867
vt 0.544603 0.235284
vt 0.544603 0.216167
vt 0.757414 0.438848
vt 0.757380 0.461628
vt 0.770616 0.438951
vt 0.770575 0.418200
vt 0.783626 0.418190
vt 0.783669 0.439126
vt 0.034046 0.346648
vt 0.048262 0.367082
vt 0.115695 0.460157
vt 0.144797 0.457799
vt 0.142173 0.474846
vt 0.113211 0.477055
vt 0.878643 0.253045
vt 0.878726 0.274314
vt 0.824333 0.345945
vt 0.824351 0.330191
vt 0.827341 0.330374
vt 0.827335 0.345923
vt 0.149182 0.425859
vt 0.148430 0.411907
vt 0.179517 0.409443
vt 0.179794 0.423488
vt 0.757352 0.335798
vt 0.757387 0.418212
vt 0.878687 0.336617
vt 0.883098 0.336611
vt 0.883094 0.354783
vt 0.878773 0.354796
vt 0.101270 0.234758
vt 0.203439 0.485497
vt 0.235728 0.480215
vt 0.235467 0.490214
vt 0.203156 0.497985
vt 0.015917 0.234758
vt 0.004718 0.234758
vt 0.865678 0.177921
vt 0.865841 0.180294
vt 0.833244 0.180294
vt 0.849494 0.179091
vt 0.436189 0.480383
vt 0.437923 0.444657
vt 0.466857 0.438236
vt 0.466046 0.471991
vt 0.887507 0.336624
vt 0.887413 0.354793
vt 0.896818 0.325800
vt 0.900846 0.325763
vt 0.427556 0.250075
vt 0.305672 0.327565
vt 0.259653 0.336978
vt 0.698366 0.288781
vt 0.707316 0.288259
vt 0.563735 0.486391
vt 0.565221 0.492621
vt 0.548164 0.493587
vt 0.548162 0.487386
vt 0.730859 0.320521
vt 0.238798 0.368292
vt 0.783547 0.335831
vt 0.795304 0.335021
vt 0.796461 0.418184
vt 0.307620 0.378863
vt 0.306834 0.392770
vt 0.284672 0.234758
vt 0.284672 0.242168
vt 0.148458 0.439400
vt 0.178813 0.436948
vt 0.176003 0.455496
vt 0.409234 0.227349
vt 0.409234 0.234758
vt 0.293660 0.498602
vt 0.287213 0.518761
vt 0.278415 0.518847
vt 0.278856 0.493645
vt 0.211134 0.409111
vt 0.209877 0.423254
vt 0.009509 0.527544
vt 0.012965 0.512269
vt 0.023128 0.514571
vt 0.019246 0.530268
vt 0.409234 0.242168
vt 0.687880 0.319115
vt 0.690356 0.304586
vt 0.300465 0.306348
vt 0.418901 0.250075
vt 0.130623 0.207117
vt 0.302814 0.207117
vt 0.302814 0.214096
vt 0.130623 0.214096
vt 0.393313 0.462850
vt 0.385865 0.464842
vt 0.057219 0.250075
vt 0.473871 0.235284
vt 0.274672 0.287486
vt 0.040642 0.250075
vt 0.498726 0.381569
vt 0.485207 0.379509
vt 0.980220 0.201112
vt 0.984778 0.215431
vt 0.973332 0.215503
vt 0.970257 0.205252
vt 0.259574 0.469408
vt 0.282915 0.475036
vt 0.257596 0.481485
vt 0.744108 0.320520
vt 0.691570 0.477184
vt 0.861988 0.260747
vt 0.860999 0.260748
vt 0.859006 0.260649
vt 0.862328 0.250288
vt 0.564066 0.235284
vt 0.564066 0.216167
vt 0.444964 0.415173
vt 0.470777 0.410467
vt 0.475319 0.398932
vt 0.485207 0.412050
vt 0.107435 0.207117
vt 0.107435 0.214096
vt 0.949029 0.176707
vt 0.947914 0.180294
vt 0.744109 0.288010
vt 0.730890 0.266333
vt 0.744109 0.267908
vt 0.579052 0.478558
vt 0.584022 0.483803
vt 0.393440 0.421208
vt 0.389646 0.408326
vt 0.414833 0.420696
vt 0.455046 0.250075
vt 0.658762 0.303584
vt 0.593305 0.464904
vt 0.585857 0.462910
vt 0.617038 0.299231
vt 0.471688 0.381569
vt 0.480749 0.394754
vt 0.003900 0.214096
vt 0.003900 0.207117
vt 0.669620 0.285873
vt 0.619391 0.285142
vt 0.965795 0.176336
vt 0.980215 0.176543
vt 0.978738 0.180294
vt 0.964991 0.180294
vt 0.465202 0.250075
vt 0.896542 0.608385
vt 0.897330 0.591067
vt 0.901687 0.591072
vt 0.899271 0.605138
vt 0.414833 0.431401
vt 0.397854 0.427571
vt 0.392651 0.393548
vt 0.401883 0.382526
vt 0.414833 0.378440
vt 0.284672 0.250075
vt 0.897375 0.512608
vt 0.897339 0.494955
vt 0.901581 0.494939
vt 0.901682 0.512596
vt 0.186514 0.250075
vt 0.095254 0.389386
vt 0.897391 0.530620
vt 0.901736 0.530616
vt 0.119903 0.429854
vt 0.119601 0.415628
vt 0.869883 0.545503
vt 0.873464 0.545554
vt 0.066477 0.202298
vt 0.066477 0.195319
vt 0.084582 0.195319
vt 0.084582 0.202298
vt 0.485207 0.438549
vt 0.261429 0.455270
vt 0.237248 0.454396
vt 0.532763 0.288391
vt 0.525095 0.287156
vt 0.524725 0.281223
vt 0.533127 0.283704
vt 0.414833 0.438719
vt 0.431812 0.427571
vt 0.432092 0.433306
vt 0.757356 0.320522
vt 0.770514 0.335808
vt 0.897383 0.547051
vt 0.901741 0.547056
vt 0.198720 0.250075
vt 0.845880 0.369083
vt 0.841110 0.369094
vt 0.841061 0.348044
vt 0.845831 0.348032
vt 0.027376 0.250075
vt 0.583400 0.235284
vt 0.409234 0.250075
vt 0.684193 0.479274
vt 0.690582 0.289259
vt 0.208607 0.436759
vt 0.205839 0.453606
vt 0.883338 0.573159
vt 0.881297 0.581422
vt 0.880911 0.573275
vt 0.882529 0.573165
vt 0.744108 0.305276
vt 0.455046 0.219443
vt 0.455046 0.227349
vt 0.720103 0.256117
vt 0.950781 0.263813
vt 0.957852 0.276773
vt 0.938066 0.278123
vt 0.938066 0.260259
vt 0.034462 0.518278
vt 0.037293 0.486277
vt 0.049632 0.499425
vt 0.846434 0.605051
vt 0.846480 0.624605
vt 0.840807 0.605065
vt 0.843620 0.605058
vt 0.397575 0.433306
vt 0.016222 0.545617
vt 0.028342 0.533054
vt 0.024717 0.548190
vt 0.255423 0.491739
vt 0.841615 0.584670
vt 0.836845 0.584681
vt 0.836796 0.563939
vt 0.841567 0.563927
vt 0.880301 0.563536
vt 0.883521 0.563434
vt 0.285144 0.458268
vt 0.301401 0.459486
vt 0.298027 0.477774
vt 0.770849 0.466015
vt 0.302677 0.195319
vt 0.302677 0.202298
vt 0.808548 0.331838
vt 0.757355 0.305275
vt 0.284672 0.219443
vt 0.409234 0.219443
vt 0.284672 0.227349
vt 0.499637 0.410467
vt 0.080806 0.479273
vt 0.080445 0.492175
vt 0.285878 0.441997
vt 0.872849 0.361704
vt 0.869813 0.361747
vt 0.198720 0.227349
vt 0.236235 0.468873
vt 0.058457 0.509310
vt 0.081242 0.502854
vt 0.836340 0.369105
vt 0.836290 0.348055
vt 0.172600 0.488750
vt 0.172247 0.501959
vt 0.269393 0.506363
vt 0.274596 0.518898
vt 0.027376 0.219443
vt 0.027376 0.227349
vt 0.873470 0.531501
vt 0.869877 0.531736
vt 0.564066 0.197049
vt 0.252878 0.219443
vt 0.419974 0.195319
vt 0.419974 0.202298
vt 0.400113 0.478500
vt 0.395140 0.483743
vt 0.821029 0.197049
vt 0.801818 0.197049
vt 0.872849 0.314762
vt 0.869796 0.314827
vt 0.869780 0.272147
vt 0.872880 0.272406
vt 0.757329 0.266333
vt 0.768117 0.256117
vt 0.770212 0.288001
vt 0.757340 0.288008
vt 0.427783 0.382526
vt 0.204161 0.470101
vt 0.186514 0.219443
vt 0.198720 0.219443
vt 0.531630 0.301131
vt 0.524697 0.301131
vt 0.068010 0.442739
vt 0.088923 0.445174
vt 0.082765 0.460994
vt 0.054565 0.463120
vt 0.836241 0.327294
vt 0.841012 0.327283
vt 0.003765 0.195319
vt 0.024876 0.195319
vt 0.024876 0.202298
vt 0.003765 0.202298
vt 0.147864 0.219443
vt 0.172719 0.219443
vt 0.147864 0.227349
vt 0.005969 0.542957
vt 0.112646 0.490821
vt 0.436227 0.421208
vt 0.204402 0.280055
vt 0.209367 0.269472
vt 0.218026 0.265578
vt 0.217035 0.280055
vt 0.841518 0.543156
vt 0.836747 0.543167
vt 0.124549 0.219443
vt 0.124549 0.227349
vt 0.534225 0.480383
vt 0.504368 0.471991
vt 0.503557 0.438236
vt 0.532491 0.444657
vt 0.872519 0.583016
vt 0.871452 0.597454
vt 0.869902 0.597835
vt 0.869897 0.583570
vt 0.141341 0.490035
vt 0.544603 0.197049
vt 0.526192 0.197049
vt 0.286173 0.414037
vt 0.285961 0.428457
vt 0.525450 0.415173
vt 0.033967 0.459753
vt 0.048182 0.439317
vt 0.865674 0.167315
vt 0.849481 0.166145
vt 0.833221 0.164940
vt 0.865838 0.164940
vt 0.886756 0.563511
vt 0.295019 0.271062
vt 0.361460 0.271863
vt 0.305594 0.478817
vt 0.300389 0.500034
vt 0.222117 0.219443
vt 0.879477 0.539364
vt 0.879870 0.552491
vt 0.878901 0.372409
vt 0.465202 0.227349
vt 0.323057 0.195319
vt 0.323057 0.202298
vt 0.113115 0.502674
vt 0.809499 0.420224
vt 0.295334 0.520137
vt 0.797636 0.289263
vt 0.472794 0.487868
vt 0.472716 0.494069
vt 0.776630 0.197049
vt 0.728358 0.126071
vt 0.728358 0.150920
vt 0.720277 0.150920
vt 0.720277 0.126071
vt 0.119007 0.443942
vt 0.302061 0.441332
vt 0.845782 0.327271
vt 0.840972 0.310202
vt 0.845742 0.310191
vt 0.949075 0.168530
vt 0.947960 0.164940
vt 0.965046 0.164940
vt 0.965851 0.168901
vt 0.949882 0.187921
vt 0.970003 0.190666
vt 0.963365 0.199289
vt 0.951110 0.195935
vt 0.465202 0.219443
vt 0.924305 0.168088
vt 0.924322 0.164940
vt 0.141245 0.503181
vt 0.513202 0.392424
vt 0.707575 0.150920
vt 0.707575 0.126071
vt 0.044320 0.522475
vt 0.846337 0.563916
vt 0.846289 0.543145
vt 0.173631 0.472464
vt 0.037111 0.535903
vt 0.032083 0.550499
vt 0.836202 0.310213
vt 0.836103 0.268498
vt 0.840874 0.268483
vt 0.784467 0.471964
vt 0.846386 0.584659
vt 0.229977 0.280055
vt 0.229918 0.263949
vt 0.242628 0.266737
vt 0.242590 0.280055
vt 0.845645 0.268475
vt 0.863744 0.196242
vt 0.883120 0.319837
vt 0.887596 0.319850
vt 0.869908 0.612927
vt 0.897241 0.164940
vt 0.897368 0.167400
vt 0.906886 0.190853
vt 0.929487 0.187921
vt 0.935410 0.197363
vt 0.922962 0.203006
vt 0.804011 0.479274
vt 0.796634 0.477184
vt 0.796463 0.439287
vt 0.803127 0.439480
vt 0.978801 0.164940
vt 0.980279 0.168694
vt 0.954180 0.303130
vt 0.938066 0.303059
vt 0.004718 0.242168
vt 0.015917 0.242168
vt 0.737921 0.126071
vt 0.737921 0.150920
vt 0.858697 0.615239
vt 0.854699 0.610836
vt 0.015917 0.250075
vt 0.295409 0.286246
vt 0.886043 0.237051
vt 0.886004 0.216044
vt 0.907183 0.215920
vt 0.907185 0.240995
vt 0.486253 0.486276
vt 0.486165 0.493209
vt 0.457212 0.392424
vt 0.004718 0.250075
vt 0.485207 0.472788
vt 0.022043 0.482933
vt 0.308958 0.459859
vt 0.366851 0.259129
vt 0.278395 0.258616
vt 0.917006 0.215861
vt 0.923120 0.228644
vt 0.935637 0.234135
vt 0.929830 0.243653
vt 0.951356 0.235369
vt 0.950231 0.243399
vt 0.963567 0.231854
vt 0.970318 0.240388
vt 0.970376 0.225789
vt 0.980397 0.229803
vt 0.869772 0.252872
vt 0.873617 0.252734
vt 0.208613 0.219443
vt 0.611196 0.126071
vt 0.619277 0.126071
vt 0.619277 0.150920
vt 0.611196 0.150920
vt 0.601633 0.126071
vt 0.601633 0.150920
vt 0.918281 0.276773
vt 0.921953 0.303130
vt 0.631979 0.126071
vt 0.645666 0.126071
vt 0.645666 0.150920
vt 0.631979 0.150920
vt 0.657047 0.126071
vt 0.669777 0.126071
vt 0.669777 0.150920
vt 0.657047 0.150920
vt 0.841902 0.251354
vt 0.846416 0.247488
vt 0.250541 0.280055
vt 0.248074 0.288479
vt 0.242628 0.293373
vt 0.218026 0.294532
vt 0.209367 0.290638
vt 0.229918 0.296161
vt 0.925352 0.263813
vt 0.309503 0.440891
vt 0.862922 0.274905
vt 0.863085 0.595907
vt 0.863768 0.619662
vt 0.863405 0.291683
vt 0.863822 0.310618
vt 0.892973 0.591062
vt 0.893027 0.547045
vt 0.893047 0.530617
vt 0.532391 0.292402
vt 0.525458 0.292402
vt 0.893099 0.494961
vt 0.892789 0.325785
vt 0.893070 0.512608
vt 0.892805 0.611631
vt 0.893467 0.301187
vt 0.863466 0.485748
vt 0.863519 0.507761
vt 0.863509 0.530149
vt 0.863465 0.549012
vt 0.893107 0.312443
vt 0.885802 0.195045
vt 0.878643 0.319833
vt 0.248074 0.271631
vt 0.838331 0.255211
vt 0.746813 0.159231
vt 0.746813 0.128383
vt 0.777662 0.128383
vt 0.777662 0.159231
vt 0.474225 0.371807
vt 0.443374 0.371807
vt 0.443374 0.320111
vt 0.474225 0.320111
vt 0.783721 0.129201
vt 0.814575 0.129201
vt 0.814575 0.160054
vt 0.783721 0.160054
vt 0.381672 0.320111
vt 0.412523 0.320111
vt 0.412523 0.371807
vt 0.381672 0.371807
vt 0.505076 0.320111
vt 0.505076 0.371807
vt 0.898860 0.133043
vt 0.898860 0.153968
vt 0.885677 0.149752
vt 0.885677 0.137259
vt 0.923871 0.130558
vt 0.923871 0.156453
vt 0.975931 0.129872
vt 0.950997 0.132403
vt 0.950256 0.128715
vt 0.975531 0.126061
vt 0.933986 0.149081
vt 0.933965 0.136488
vt 0.937794 0.136491
vt 0.937805 0.149075
vt 0.950992 0.153213
vt 0.950244 0.156900
vt 0.936679 0.152788
vt 0.936683 0.132775
vt 0.975931 0.155751
vt 0.975530 0.159563
vt 0.443823 0.285285
vt 0.443825 0.288865
vt 0.513737 0.288860
vt 0.513736 0.285277
vt 0.443826 0.292445
vt 0.513736 0.292443
vt 0.443826 0.296024
vt 0.513735 0.296025
vt 0.443825 0.299603
vt 0.513734 0.299608
vt 0.443823 0.303183
vt 0.513733 0.303191
vt 0.443820 0.306763
vt 0.513732 0.306773
vt 0.443815 0.310850
vt 0.513731 0.310356
vt 0.443798 0.314798
vt 0.513733 0.313938
vt 0.513735 0.281694
vt 0.443822 0.281704
vt 0.513734 0.278110
vt 0.443820 0.278124
vt 0.513733 0.274527
vt 0.443818 0.274542
vt 0.513732 0.270944
vt 0.443814 0.270961
vt 0.513732 0.267361
vt 0.443811 0.267379
vt 0.513731 0.263778
vt 0.443806 0.263796
vt 0.416064 0.271018
vt 0.416044 0.267424
vt 0.409070 0.267494
vt 0.409113 0.271076
vt 0.416030 0.263828
vt 0.416019 0.259615
vt 0.409056 0.259675
vt 0.409051 0.263901
vt 0.443801 0.259705
vt 0.513730 0.260195
vt 0.513731 0.256612
vt 0.443784 0.255754
vt 0.416127 0.299585
vt 0.409211 0.299545
vt 0.409175 0.303106
vt 0.416114 0.303164
vt 0.409134 0.272509
vt 0.402035 0.271212
vt 0.402733 0.272610
vt 0.416104 0.306745
vt 0.409161 0.306678
vt 0.409168 0.310879
vt 0.416094 0.310940
vt 0.820954 0.143728
vt 0.825810 0.143728
vt 0.825811 0.137231
vt 0.822339 0.140211
vt 0.415955 0.297179
vt 0.409227 0.298120
vt 0.425106 0.274562
vt 0.425098 0.270991
vt 0.415899 0.273433
vt 0.425118 0.306726
vt 0.425102 0.310926
vt 0.830245 0.143728
vt 0.830246 0.151457
vt 0.835614 0.152216
vt 0.835614 0.143728
vt 0.425087 0.267417
vt 0.842465 0.143728
vt 0.842466 0.135240
vt 0.835614 0.135240
vt 0.402059 0.306670
vt 0.402120 0.310905
vt 0.401961 0.259650
vt 0.401902 0.263917
vt 0.825811 0.150225
vt 0.388457 0.305735
vt 0.375007 0.305713
vt 0.375066 0.310726
vt 0.388566 0.310631
vt 0.401916 0.267575
vt 0.830246 0.135999
vt 0.424708 0.278137
vt 0.420877 0.275567
vt 0.388376 0.255464
vt 0.374732 0.255303
vt 0.374680 0.259856
vt 0.388297 0.259937
vt 0.402172 0.314765
vt 0.409176 0.314730
vt 0.402179 0.299426
vt 0.402068 0.303037
vt 0.388162 0.268711
vt 0.374614 0.268843
vt 0.374643 0.272485
vt 0.388250 0.272302
vt 0.842466 0.152216
vt 0.409065 0.255801
vt 0.402012 0.255762
vt 0.425074 0.263840
vt 0.425058 0.259630
vt 0.425127 0.303159
vt 0.425134 0.296030
vt 0.425133 0.299594
vt 0.425045 0.255760
vt 0.416010 0.255806
vt 0.848956 0.143728
vt 0.848956 0.135240
vt 0.388421 0.301929
vt 0.374988 0.301817
vt 0.557018 0.336219
vt 0.557018 0.333528
vt 0.553502 0.334228
vt 0.550521 0.336219
vt 0.402870 0.298037
vt 0.848955 0.152216
vt 0.424728 0.292461
vt 0.420913 0.295037
vt 0.822339 0.147245
vt 0.416084 0.314732
vt 0.425089 0.314786
vt 0.563514 0.336219
vt 0.560534 0.334228
vt 0.526422 0.320442
vt 0.526422 0.319051
vt 0.515603 0.319051
vt 0.514712 0.320442
vt 0.526422 0.326938
vt 0.526422 0.331740
vt 0.530237 0.329283
vt 0.534702 0.326938
vt 0.518142 0.326938
vt 0.522607 0.329283
vt 0.538132 0.320442
vt 0.537241 0.319051
vt 0.375260 0.274033
vt 0.388975 0.273767
vt 0.389220 0.296914
vt 0.375622 0.296669
vt 0.375012 0.298206
vt 0.388503 0.298367
vt 0.862558 0.143728
vt 0.876160 0.143728
vt 0.876160 0.132908
vt 0.862558 0.133148
vt 0.374627 0.264913
vt 0.388193 0.264874
vt 0.375124 0.315239
vt 0.388648 0.315065
vt 0.862558 0.154309
vt 0.876160 0.154548
vt 0.427551 0.281717
vt 0.428753 0.285297
vt 0.427561 0.288879
vt 0.557018 0.346232
vt 0.557018 0.342716
vt 0.547830 0.342716
vt 0.548530 0.346232
vt 0.565506 0.346232
vt 0.566205 0.342716
vt 0.550521 0.349212
vt 0.557018 0.349212
vt 0.563514 0.349212
vt 0.557018 0.339200
vt 0.548530 0.339200
vt 0.565506 0.339200
vt 0.553502 0.351204
vt 0.557018 0.351903
vt 0.560534 0.351204
vt 0.515603 0.323958
vt 0.526422 0.323957
vt 0.537241 0.323958
vt 0.930973 0.381354
vt 0.926986 0.398365
vt 0.920479 0.396439
vt 0.926394 0.379998
vt 0.775636 0.177904
vt 0.773492 0.177903
vt 0.773499 0.173212
vt 0.776338 0.174391
vt 0.556723 0.306979
vt 0.557098 0.313076
vt 0.554023 0.312418
vt 0.553904 0.306689
vt 0.788330 0.169430
vt 0.784819 0.168730
vt 0.784820 0.165656
vt 0.789507 0.166590
vt 0.776335 0.181417
vt 0.773496 0.182594
vt 0.778324 0.184394
vt 0.776151 0.186567
vt 0.766678 0.177900
vt 0.758987 0.177898
vt 0.758982 0.173152
vt 0.766657 0.173132
vt 0.568586 0.457761
vt 0.576827 0.457762
vt 0.575500 0.464431
vt 0.567887 0.461277
vt 0.784812 0.187084
vt 0.784811 0.190157
vt 0.780124 0.189223
vt 0.781301 0.186384
vt 0.559398 0.448574
vt 0.559398 0.440333
vt 0.566068 0.441659
vt 0.562914 0.449273
vt 0.940444 0.382449
vt 0.940444 0.399921
vt 0.933670 0.399531
vt 0.935677 0.382174
vt 0.776157 0.169240
vt 0.778329 0.171415
vt 0.954882 0.334930
vt 0.960796 0.351370
vt 0.954290 0.353296
vt 0.950303 0.336285
vt 0.550920 0.298083
vt 0.550685 0.289253
vt 0.553305 0.289670
vt 0.553636 0.298002
vt 0.947605 0.354462
vt 0.945599 0.337105
vt 0.554099 0.322804
vt 0.554088 0.318718
vt 0.558203 0.319288
vt 0.561233 0.323466
vt 0.555882 0.466250
vt 0.559398 0.466949
vt 0.559398 0.475190
vt 0.552729 0.473863
vt 0.567887 0.454246
vt 0.575500 0.451092
vt 0.940832 0.354852
vt 0.940832 0.337380
vt 0.931360 0.336285
vt 0.936064 0.337105
vt 0.934058 0.354462
vt 0.927373 0.353296
vt 0.571722 0.445438
vt 0.565895 0.451265
vt 0.926782 0.334930
vt 0.920867 0.351370
vt 0.961801 0.335478
vt 0.967937 0.336334
vt 0.965079 0.341455
vt 0.962834 0.346950
vt 0.802953 0.177913
vt 0.802978 0.173144
vt 0.810652 0.173169
vt 0.810644 0.177915
vt 0.919862 0.335478
vt 0.918830 0.346950
vt 0.916584 0.341455
vt 0.913727 0.336334
vt 0.780132 0.166587
vt 0.781307 0.169427
vt 0.949915 0.381354
vt 0.954494 0.379999
vt 0.960409 0.396439
vt 0.953902 0.398365
vt 0.565895 0.464258
vt 0.571722 0.470085
vt 0.566068 0.473864
vt 0.562914 0.466250
vt 0.945211 0.382174
vt 0.947218 0.399531
vt 0.550987 0.313167
vt 0.551114 0.307121
vt 0.791307 0.171420
vt 0.793480 0.169246
vt 0.793293 0.181423
vt 0.793995 0.177910
vt 0.796139 0.177911
vt 0.796132 0.182601
vt 0.793296 0.174397
vt 0.796135 0.173220
vt 0.791302 0.184399
vt 0.793474 0.186573
vt 0.555882 0.449273
vt 0.552729 0.441660
vt 0.788324 0.186387
vt 0.789499 0.189227
vt 0.552902 0.451265
vt 0.547074 0.445438
vt 0.550211 0.457761
vt 0.550910 0.461277
vt 0.543296 0.464431
vt 0.541970 0.457762
vt 0.550910 0.454246
vt 0.543296 0.451092
vt 0.552902 0.464258
vt 0.547074 0.470085
vt 0.573480 0.293919
vt 0.570662 0.294209
vt 0.570780 0.288480
vt 0.573855 0.287822
vt 0.567873 0.293777
vt 0.567745 0.287732
vt 0.567678 0.302813
vt 0.570394 0.302894
vt 0.570063 0.311224
vt 0.567443 0.311641
vt 0.566767 0.281564
vt 0.570846 0.282182
vt 0.962446 0.392019
vt 0.961414 0.380547
vt 0.967549 0.381403
vt 0.964692 0.386524
vt 0.574960 0.281612
vt 0.569784 0.317190
vt 0.567104 0.317915
vt 0.572384 0.318182
vt 0.572642 0.311868
vt 0.802975 0.182682
vt 0.810649 0.182662
vt 0.573114 0.303005
vt 0.960168 0.372039
vt 0.954225 0.373167
vt 0.953012 0.365598
vt 0.958716 0.362664
vt 0.921108 0.326971
vt 0.912680 0.327353
vt 0.916344 0.319078
vt 0.922559 0.317596
vt 0.927051 0.328098
vt 0.928264 0.320529
vt 0.968596 0.372422
vt 0.964932 0.364146
vt 0.574054 0.324274
vt 0.569407 0.324710
vt 0.564828 0.323807
vt 0.570857 0.278096
vt 0.577989 0.277434
vt 0.563787 0.277434
vt 0.555882 0.457761
vt 0.559398 0.457761
vt 0.788326 0.181420
vt 0.784814 0.181419
vt 0.557298 0.276618
vt 0.555627 0.282711
vt 0.553026 0.283703
vt 0.552650 0.276182
vt 0.550346 0.282978
vt 0.555885 0.289026
vt 0.920721 0.372039
vt 0.922172 0.362664
vt 0.927876 0.365598
vt 0.926663 0.373167
vt 0.954612 0.328098
vt 0.953400 0.320529
vt 0.959104 0.317596
vt 0.960555 0.326970
vt 0.547028 0.323466
vt 0.550009 0.319335
vt 0.562914 0.457761
vt 0.556357 0.297891
vt 0.766653 0.182669
vt 0.781305 0.174393
vt 0.784817 0.174395
vt 0.912292 0.372422
vt 0.915956 0.364146
vt 0.965319 0.319077
vt 0.968983 0.327353
vt 0.758979 0.182644
vt 0.918442 0.392019
vt 0.916196 0.386524
vt 0.913339 0.381402
vt 0.919475 0.380547
vt 0.548069 0.277085
vt 0.788329 0.174396
vt 0.788328 0.177908
vt 0.784815 0.177907
vt 0.781302 0.181418
vt 0.781303 0.177906
vt 0.552902 0.457761
vt 0.565895 0.457761
vt 0.540084 0.263378
vt 0.540084 0.267766
vt 0.537339 0.267766
vt 0.537339 0.263378
vt 0.534594 0.267766
vt 0.534594 0.263378
vt 0.531849 0.267766
vt 0.531849 0.263378
vt 0.529105 0.267766
vt 0.529105 0.263378
vt 0.526360 0.267766
vt 0.526360 0.263378
vt 0.523615 0.267766
vt 0.523615 0.263378
vt 0.556554 0.263378
vt 0.556554 0.267766
vt 0.553809 0.267766
vt 0.553809 0.263378
vt 0.551064 0.267766
vt 0.551064 0.263378
vt 0.548319 0.267766
vt 0.548319 0.263378
vt 0.545574 0.267766
vt 0.545574 0.263378
vt 0.578562 0.376342
vt 0.577899 0.378818
vt 0.575600 0.377491
vt 0.574272 0.375193
vt 0.542829 0.267766
vt 0.542829 0.263378
vt 0.582851 0.377490
vt 0.580553 0.378817
vt 0.579888 0.371388
vt 0.579225 0.373865
vt 0.574272 0.372539
vt 0.575598 0.370240
vt 0.584177 0.372537
vt 0.584178 0.375191
vt 0.580551 0.368912
vt 0.577897 0.368912
vt 0.582850 0.370238
vt 0.540181 0.258117
vt 0.540181 0.253735
vt 0.542922 0.253735
vt 0.542922 0.258117
vt 0.545663 0.253735
vt 0.545663 0.258117
vt 0.548405 0.253735
vt 0.548405 0.258117
vt 0.551146 0.253735
vt 0.551146 0.258117
vt 0.553887 0.253735
vt 0.553887 0.258117
vt 0.556629 0.253735
vt 0.556629 0.258117
vt 0.523732 0.258117
vt 0.523732 0.253735
vt 0.526474 0.253735
vt 0.526474 0.258117
vt 0.529215 0.253735
vt 0.529215 0.258117
vt 0.531956 0.253735
vt 0.531956 0.258117
vt 0.534698 0.253735
vt 0.534698 0.258117
vt 0.536140 0.386346
vt 0.533664 0.387009
vt 0.533663 0.384355
vt 0.534991 0.382056
vt 0.537439 0.253735
vt 0.537439 0.258117
vt 0.537289 0.390636
vt 0.534991 0.389308
vt 0.541093 0.385019
vt 0.538617 0.385682
vt 0.537289 0.380729
vt 0.539944 0.380729
vt 0.542243 0.389308
vt 0.539944 0.390635
vt 0.543570 0.384355
vt 0.542243 0.382056
vt 0.543570 0.387009
vt 0.583858 0.417575
vt 0.580486 0.417475
vt 0.579544 0.412854
vt 0.582693 0.411636
vt 0.576883 0.408966
vt 0.579324 0.406620
vt 0.572925 0.406367
vt 0.574294 0.403265
vt 0.568275 0.405446
vt 0.568369 0.402063
vt 0.563626 0.406368
vt 0.562431 0.403197
vt 0.559667 0.408966
vt 0.557364 0.406487
vt 0.557006 0.412853
vt 0.553934 0.411454
vt 0.556063 0.417473
vt 0.552691 0.417373
vt 0.557005 0.422095
vt 0.553856 0.423312
vt 0.559666 0.425983
vt 0.557225 0.428329
vt 0.563625 0.428582
vt 0.562256 0.431683
vt 0.568275 0.429503
vt 0.568180 0.432886
vt 0.572923 0.428581
vt 0.574118 0.431752
vt 0.576882 0.425982
vt 0.579185 0.428461
vt 0.559638 0.417473
vt 0.579543 0.422096
vt 0.582615 0.423495
vt 0.585872 0.424954
vt 0.587431 0.417658
vt 0.581628 0.431055
vt 0.575395 0.435077
vt 0.568103 0.436446
vt 0.560836 0.434952
vt 0.554666 0.430815
vt 0.550533 0.424623
vt 0.549118 0.417291
vt 0.550677 0.409995
vt 0.554921 0.403894
vt 0.561154 0.399872
vt 0.568446 0.398503
vt 0.575713 0.399997
vt 0.581883 0.404133
vt 0.586017 0.410326
vt 0.572948 0.417475
vt 0.568275 0.417474
vt 0.576911 0.417475
vt 0.563601 0.417474
vt 0.580262 0.163227
vt 0.589901 0.177152
vt 0.588713 0.182481
s 1
f 1/1/1 3/2/1 4/3/1 5/4/1
f 36/5/2 32/6/2 14/7/2 18/8/2
f 19/9/3 29/10/3 11/11/4 2/12/4
f 10/13/2 17/14/2 15/15/2 16/16/2
f 10/13/2 13/17/2 12/18/2 17/14/2
f 17/14/2 18/8/2 14/7/2 15/15/2
f 17/14/2 12/18/2 11/11/2 18/8/2
f 36/5/2 18/8/2 11/11/2 29/10/2
f 14/7/5 32/6/6 23/19/6 6/20/5
f 6/21/1 9/22/1 1/23/1 7/24/1
f 5/25/7 4/26/8 13/17/8 10/13/7
f 4/26/8 3/27/9 12/18/9 13/17/8
f 6/20/5 7/28/10 15/15/10 14/7/5
f 3/27/9 2/12/4 11/11/4 12/18/9
f 7/28/10 8/29/11 16/16/11 15/15/10
f 8/29/11 5/30/7 10/13/7 16/16/11
f 27/31/1 9/22/1 6/21/1 23/32/1
f 22/33/1 26/34/1 24/35/1 25/36/1
f 22/33/1 21/37/1 20/38/1 26/34/1
f 26/34/1 27/31/1 23/32/1 24/35/1
f 26/34/1 20/38/1 19/39/1 27/31/1
f 28/40/2 34/41/2 33/42/2 35/43/2
f 28/40/2 35/43/2 30/44/2 31/45/2
f 35/43/2 33/42/2 32/6/2 36/5/2
f 35/43/2 36/5/2 29/10/2 30/44/2
f 22/46/12 28/40/12 31/45/13 21/47/13
f 21/47/13 31/45/13 30/44/14 20/48/14
f 23/19/6 32/6/6 33/42/15 24/49/15
f 20/48/14 30/44/14 29/10/3 19/9/3
f 24/49/15 33/42/15 34/41/16 25/50/16
f 25/50/16 34/41/16 28/40/12 22/46/12
f 37/51/17 49/52/18 56/53/19 48/54/20
f 38/55/21 50/56/22 49/52/18 37/51/17
f 39/57/23 51/58/24 50/56/22 38/55/21
f 40/59/25 52/60/26 51/58/24 39/57/23
f 41/61/27 53/62/28 52/60/26 40/59/25
f 42/63/29 54/64/30 53/62/28 41/61/27
f 43/65/31 48/54/20 56/53/19 55/66/32
f 44/67/33 43/65/31 55/66/32 63/68/34
f 45/69/35 44/67/33 63/68/34 64/70/36
f 46/71/37 45/69/35 64/70/36 65/72/38
f 42/73/29 47/74/39 73/75/40 54/76/30
f 47/74/39 46/71/37 65/72/38 73/75/40
f 49/52/18 57/77/41 66/78/42 56/53/19
f 50/56/22 58/79/43 57/77/41 49/52/18
f 51/58/24 59/80/44 58/79/43 50/56/22
f 52/60/26 60/81/45 59/80/44 51/58/24
f 53/62/28 61/82/46 60/81/45 52/60/26
f 54/64/30 62/83/47 61/82/46 53/62/28
f 55/66/32 56/53/19 66/78/42 74/84/48
f 63/68/34 55/66/32 74/84/48 82/85/49
f 64/70/36 63/68/34 82/85/49 83/86/50
f 65/72/38 64/70/36 83/86/50 84/87/51
f 54/76/30 73/75/40 85/88/52 62/89/47
f 73/75/40 65/72/38 84/87/51 85/88/52
f 57/77/41 67/90/53 75/91/54 66/78/42
f 58/79/43 68/92/55 67/90/53 57/77/41
f 59/80/44 69/93/56 68/92/55 58/79/43
f 60/81/45 70/94/57 69/93/56 59/80/44
f 61/82/46 71/95/58 70/94/57 60/81/45
f 62/83/47 72/96/59 71/95/58 61/82/46
f 74/84/48 66/78/42 75/91/54 93/97/60
f 82/85/49 74/84/48 93/97/60 101/98/61
f 83/86/50 82/85/49 101/98/61 102/99/62
f 84/87/51 83/86/50 102/99/62 103/100/63
f 62/89/47 85/88/52 105/101/64 72/102/59
f 85/88/52 84/87/51 103/100/63 105/101/64
f 67/90/53 76/103/65 86/104/66 75/91/54
f 68/92/55 77/105/67 76/103/65 67/90/53
f 69/93/56 78/106/68 77/105/67 68/92/55
f 70/94/57 79/107/69 78/106/68 69/93/56
f 71/95/58 80/108/70 79/107/69 70/94/57
f 72/96/59 81/109/71 80/108/70 71/95/58
f 93/97/60 75/91/54 86/104/66 106/110/72
f 101/98/61 93/97/60 106/110/72 107/111/73
f 102/99/62 101/98/61 107/111/73 108/112/74
f 103/100/63 102/99/62 108/112/74 109/113/75
f 72/102/59 105/101/64 110/114/76 81/115/71
f 105/101/64 103/100/63 109/113/75 110/114/76
f 76/103/65 87/116/77 94/117/78 86/104/66
f 77/105/67 88/118/79 87/116/77 76/103/65
f 78/106/68 89/119/80 88/118/79 77/105/67
f 79/107/69 90/120/81 89/119/80 78/106/68
f 80/108/70 91/121/82 90/120/81 79/107/69
f 81/109/71 92/122/83 91/121/82 80/108/70
f 106/110/72 86/104/66 94/117/78 111/123/84
f 107/111/73 106/110/72 111/123/84 112/124/85
f 108/112/74 107/111/73 112/124/85 113/125/86
f 109/113/75 108/112/74 113/125/86 114/126/87
f 81/115/71 110/114/76 115/127/88 92/128/83
f 110/114/76 109/113/75 114/126/87 115/127/88
f 90/120/81 98/129/89 97/130/90 89/119/80
f 114/126/87 113/125/86 118/131/91 119/132/92
f 115/127/88 120/133/93 100/134/94 92/128/83
f 92/122/83 100/135/94 99/136/95 91/121/82
f 87/116/77 95/137/96 104/138/97 94/117/78
f 89/119/80 97/130/90 96/139/98 88/118/79
f 91/121/82 99/136/95 98/129/89 90/120/81
f 88/118/79 96/139/98 95/137/96 87/116/77
f 112/124/85 117/140/99 118/131/91 113/125/86
f 94/117/78 104/138/97 116/141/100 111/123/84
f 115/127/88 114/126/87 119/132/92 120/133/93
f 112/124/85 111/123/84 116/141/100 117/140/99
f 118/142/101 117/143/102 129/144/102 130/145/101
f 117/143/102 116/146/103 128/147/103 129/144/102
f 116/146/103 104/148/104 127/149/104 128/147/103
f 97/150/105 98/151/106 124/152/106 123/153/105
f 104/148/104 95/154/107 121/155/107 127/149/104
f 120/156/108 119/157/109 131/158/109 132/159/108
f 98/151/106 99/160/110 125/161/110 124/152/106
f 95/154/107 96/162/111 122/163/111 121/155/107
f 119/157/109 118/142/101 130/145/101 131/158/109
f 100/164/112 120/156/108 132/159/108 126/165/112
f 99/160/110 100/166/112 126/167/112 125/161/110
f 96/162/111 97/150/105 123/153/105 122/163/111
f 123/168/1 124/169/113 136/170/113 135/171/1
f 128/172/114 127/173/115 139/174/115 140/175/114
f 127/173/115 121/176/116 133/177/116 139/174/115
f 132/178/117 131/179/118 143/180/118 144/181/117
f 124/169/113 125/182/119 137/183/119 136/170/113
f 126/184/120 132/178/117 144/181/117 138/185/120
f 121/176/116 122/186/121 134/187/121 133/177/116
f 131/179/118 130/188/2 142/189/2 143/180/118
f 125/182/119 126/190/120 138/191/120 137/183/119
f 122/186/121 123/168/1 135/171/1 134/187/121
f 129/192/122 128/172/114 140/175/114 141/193/122
f 130/188/2 129/192/122 141/193/122 142/189/2
f 146/194/12 138/195/12 144/196/12 143/197/12
f 146/194/12 136/198/12 137/199/12 138/195/12
f 147/200/12 145/201/12 142/202/12 141/203/12
f 134/204/12 135/205/12 145/201/12 147/200/12
f 145/201/12 146/194/12 143/197/12 142/202/12
f 145/201/12 135/205/12 136/198/12 146/194/12
f 139/206/12 147/200/12 141/203/12 140/207/12
f 133/208/12 134/204/12 147/200/12 139/206/12
f 40/209/123 39/210/124 150/211/124 151/212/123
f 43/213/125 44/214/125 155/215/125 154/216/125
f 37/217/126 48/218/127 159/219/127 148/220/126
f 47/221/128 42/222/94 153/223/94 158/224/128
f 39/210/124 38/225/126 149/226/126 150/211/124
f 38/225/126 37/217/126 148/220/126 149/226/126
f 48/218/127 43/213/125 154/216/125 159/219/127
f 45/227/129 46/228/128 157/229/128 156/230/129
f 42/231/94 41/232/123 152/233/123 153/234/94
f 46/228/128 47/221/128 158/224/128 157/229/128
f 41/232/123 40/209/123 151/212/123 152/233/123
f 44/214/125 45/227/129 156/230/129 155/215/125
f 148/235/130 159/236/12 171/237/12 160/238/131
f 156/239/2 157/240/132 169/241/133 168/242/2
f 152/243/134 151/244/135 163/245/136 164/246/137
f 159/236/12 154/247/138 166/248/139 171/237/12
f 149/249/140 148/235/130 160/238/131 161/250/141
f 157/240/132 158/251/142 170/252/143 169/241/133
f 153/253/7 152/243/134 164/246/137 165/254/7
f 150/255/1 149/249/140 161/250/141 162/256/1
f 154/247/138 155/257/144 167/258/145 166/248/139
f 155/257/144 156/239/2 168/242/2 167/258/145
f 151/244/135 150/255/1 162/256/1 163/245/136
f 158/251/142 153/259/7 165/260/7 170/252/143
f 174/261/146 168/262/146 169/263/147 170/264/146
f 173/265/148 172/266/115 165/267/115 164/268/148
f 166/269/146 167/270/149 168/262/146 174/261/146
f 160/271/148 171/272/115 172/266/115 173/265/148
f 162/273/148 173/265/148 164/268/148 163/274/150
f 161/275/151 160/271/148 173/265/148 162/273/148
f 172/266/115 174/261/146 170/264/146 165/267/115
f 171/272/115 166/269/146 174/261/146 172/266/115
f 635/276/152 637/277/153 582/278/154 580/279/155
f 672/280/156 676/281/157 677/282/158 673/283/159
f 310/284/2 349/285/2 416/286/2 399/287/2
f 662/288/1 642/289/1 685/290/1 643/291/1
f 435/292/160 436/293/161 203/294/162 200/295/163
f 320/296/2 322/297/2 321/298/2 319/299/2
f 540/300/164 189/301/165 190/302/166 541/303/167
f 605/304/1 607/305/168 608/306/169 606/307/1
f 585/308/170 611/309/171 612/310/172 586/311/173
f 535/312/174 533/313/175 216/314/176 219/315/177
f 678/316/178 679/317/179 666/318/180 674/319/181
f 576/320/182 578/321/183 237/322/184 234/323/185
f 677/282/158 487/324/186 479/325/187 678/316/178
f 512/326/188 568/327/189 569/328/190 520/329/191
f 369/330/192 270/331/193 278/332/194 373/333/195
f 356/334/196 423/335/196 420/336/197 421/337/198
f 305/338/199 240/339/200 243/340/201 307/341/202
f 433/342/203 434/343/204 438/344/205 437/345/206
f 295/346/207 296/347/208 300/348/209 299/349/210
f 568/327/189 205/350/211 208/351/212 569/328/190
f 301/352/2 394/353/213 299/354/214 392/355/2
f 332/356/215 345/357/216 341/358/217 340/359/218
f 611/360/1 656/361/1 657/362/1 613/363/1
f 273/364/219 206/365/220 196/366/221 191/367/222
f 302/368/223 375/369/224 357/370/225 288/371/226
f 269/372/227 217/373/228 218/374/229 272/375/230
f 364/376/231 262/377/232 266/378/233 183/379/234
f 239/380/235 241/381/236 228/382/237 230/383/238
f 607/384/239 341/358/217 342/385/240 609/386/241
f 725/387/242 685/388/242 642/389/243 718/390/243
f 423/391/244 372/392/245 429/393/246 346/394/247
f 279/395/248 220/396/249 229/397/250 296/347/208
f 441/398/251 361/399/252 187/400/253 212/401/254
f 283/402/255 284/403/256 190/404/166 189/405/165
f 206/365/220 273/364/219 203/406/162 213/407/257
f 375/369/224 376/408/258 358/409/259 357/370/225
f 412/410/260 413/411/261 414/412/262 415/413/262
f 316/414/263 373/333/195 374/415/264 317/416/265
f 417/417/2 352/418/2 424/419/266 426/420/267
f 257/421/268 259/422/269 313/423/270 312/424/271
f 180/425/272 264/426/273 268/427/274 368/428/275
f 244/429/276 248/430/277 232/431/278 233/432/279
f 232/431/278 231/433/280 254/434/281 253/435/282
f 345/436/283 346/437/284 348/438/285 347/439/285
f 226/440/286 224/441/287 241/381/236 239/380/235
f 181/442/288 176/443/289 430/444/290 427/445/291
f 287/446/292 290/447/293 202/448/294 193/449/295
f 247/450/296 250/451/297 251/452/298 248/430/277
f 271/453/299 272/375/230 276/454/300 275/455/301
f 354/456/302 372/392/245 423/391/244 356/457/303
f 311/458/304 249/459/305 277/460/306 351/461/307
f 294/462/308 315/463/309 255/464/310 207/465/311
f 192/466/312 179/467/313 221/468/314 281/469/315
f 358/409/259 360/470/316 433/342/203 432/471/317
f 545/472/318 547/473/319 413/474/320 411/475/318
f 175/476/321 178/477/322 428/478/323 329/479/324
f 321/480/325 323/481/326 336/482/327 335/483/328
f 230/383/238 245/484/329 290/447/293 287/446/292
f 241/381/236 242/485/330 227/486/331 228/382/237
f 558/487/332 561/488/333 422/489/333 420/490/334
f 299/349/210 300/348/209 303/491/335 392/492/336
f 590/493/337 255/494/310 195/495/338 563/496/339
f 717/497/340 644/498/340 685/388/242 725/387/242
f 555/499/243 557/500/341 421/501/342 402/502/243
f 185/503/343 282/504/344 370/505/345 363/506/346
f 439/507/347 440/508/348 210/509/349
f 228/382/237 227/486/331 250/451/297 247/450/296
f 291/510/350 285/511/351 194/512/352 201/513/353
f 198/514/354 210/515/355 199/516/356 359/517/357
f 366/518/358 388/519/358 386/520/358 472/521/358
f 239/380/235 230/383/238 287/446/292 289/522/359
f 539/523/360 521/524/361 522/525/362 538/526/363
f 292/527/364 293/528/365 208/529/212 205/530/211
f 259/422/269 373/333/195 316/414/263 313/423/270
f 552/531/366 560/532/367 405/533/367 403/534/366
f 709/535/368 655/536/369 652/537/370 706/538/371
f 191/367/222 196/366/221 222/539/372 215/540/373
f 400/541/374 320/296/2 319/299/2 318/542/375
f 260/543/376 314/544/377 315/463/309 294/462/308
f 261/545/378 256/546/379 257/421/268 260/543/376
f 696/547/380 701/548/381 705/549/382 700/550/383
f 263/551/384 209/552/385 214/553/386 267/554/387
f 694/555/388 379/556/389 377/557/390 695/558/391
f 303/491/335 237/322/184 240/339/200 305/338/199
f 376/408/258 378/559/392 360/470/316 358/409/259
f 572/560/393 576/320/182 234/323/185 229/397/250
f 352/561/394 353/562/395 425/563/396 424/564/397
f 603/565/1 605/304/1 606/307/1 604/566/1
f 281/469/315 221/468/314 209/552/385 263/551/384
f 614/567/398 665/568/399 326/569/400 280/570/401
f 351/461/307 277/460/306 280/570/401 353/562/395
f 648/571/1 650/572/1 651/573/1 649/574/1
f 215/575/402 223/576/403 448/577/404 447/578/405
f 332/579/2 344/580/2 346/437/284 345/436/283
f 525/581/406 523/582/407 524/583/408 526/584/409
f 599/585/1 598/586/1 600/587/1 601/588/1
f 356/589/410 550/590/411 417/591/411 426/592/412
f 299/354/214 394/353/213 374/593/264 295/594/413
f 393/595/414 305/338/199 307/341/202 396/596/415
f 318/597/416 319/598/417 334/599/418 333/600/419
f 541/303/167 190/302/166 197/601/420 565/602/421
f 600/603/422 337/604/423 338/605/424 602/606/425
f 206/365/220 359/517/357 363/506/346 196/366/221
f 548/607/426 553/608/427 409/609/427 407/610/426
f 231/433/280 365/611/428 367/612/429 254/434/281
f 368/428/275 268/427/274 271/613/430 365/611/428
f 276/454/300 219/315/177 216/314/176 274/614/431
f 418/615/2 419/616/2 331/617/2 330/618/2
f 370/505/345 364/376/231 242/485/330 222/539/372
f 266/619/432 267/554/387 265/620/433 264/621/434
f 285/511/351 292/527/364 205/530/211 194/512/352
f 264/621/434 265/620/433 269/372/227 268/622/435
f 365/611/428 271/613/430 275/623/436 367/612/429
f 581/624/1 637/625/1 635/626/1 579/627/1
f 323/481/326 325/628/437 337/604/423 336/482/327
f 230/383/238 228/382/237 247/450/296 245/484/329
f 485/629/438 480/630/439 483/631/440 486/632/441
f 248/430/277 251/452/298 231/433/280 232/431/278
f 314/544/377 312/424/271 236/633/442 238/634/443
f 367/612/429 275/623/436 270/331/193 369/330/192
f 709/635/444 630/636/445 592/637/445 707/638/446
f 613/639/447 664/640/448 665/568/399 614/567/398
f 444/641/2 308/642/2 397/643/2 443/644/2
f 245/484/329 244/429/276 291/510/350 290/447/293
f 330/645/449 332/356/215 340/359/218 339/646/450
f 175/476/321 329/479/324 668/647/451 391/648/452
f 667/649/453 632/650/454 633/651/455 670/652/456
f 223/653/457 224/441/287 226/440/286 225/654/458
f 329/479/324 428/478/323 375/369/224 302/368/223
f 261/545/378 260/543/376 294/462/308 293/528/365
f 495/655/459 508/656/460 510/657/461 494/658/462
f 630/659/463 709/535/368 706/538/371 636/660/464
f 306/661/2 304/662/2 393/663/2 396/664/2
f 349/285/2 352/418/2 417/417/2 416/286/2
f 566/665/465 202/666/294 201/667/353 567/668/466
f 302/368/223 288/371/226 617/669/467 631/670/468
f 579/671/469 719/672/469 714/673/470 581/674/470
f 265/620/433 211/675/471 217/373/228 269/372/227
f 260/543/376 257/421/268 312/424/271 314/544/377
f 673/283/159 677/282/158 678/316/178 674/319/181
f 623/676/472 624/677/473 534/678/474 530/679/475
f 486/632/441 483/631/440 184/680/476 187/681/253
f 191/682/477 446/683/478 203/684/479 273/685/479
f 446/686/480 447/687/481 452/688/482 451/689/480
f 719/672/469 648/690/469 646/691/470 714/673/470
f 562/692/242 555/499/243 402/502/243 445/693/242
f 349/694/483 351/461/307 353/562/395 352/561/394
f 312/424/271 313/423/270 235/695/484 236/633/442
f 254/434/281 367/612/429 369/330/192 258/696/485
f 183/379/234 266/378/233 264/426/273 180/425/272
f 437/345/206 438/344/205 198/697/354 213/698/257
f 225/654/458 226/440/286 284/403/256 283/402/255
f 242/485/330 364/376/231 183/379/234 227/486/331
f 272/375/230 218/374/229 219/315/177 276/454/300
f 251/452/298 368/428/275 365/611/428 231/433/280
f 408/699/2 409/700/2 411/701/2 410/702/2
f 357/370/225 358/409/259 432/471/317 431/703/486
f 233/432/279 252/704/487 292/527/364 285/511/351
f 553/608/427 545/472/318 411/475/318 409/609/427
f 521/524/361 525/581/406 526/584/409 522/525/362
f 633/651/455 620/705/488 615/706/489 628/707/490
f 224/441/287 222/539/372 242/485/330 241/381/236
f 315/463/309 286/708/491 195/709/338 255/464/310
f 245/484/329 247/450/296 248/430/277 244/429/276
f 307/341/202 243/340/201 246/710/492 309/711/493
f 507/712/494 506/713/495 509/714/496 508/656/460
f 682/715/497 586/311/173 249/459/305 362/716/498
f 591/717/499 592/718/500 630/719/501 629/720/502
f 567/668/466 201/667/353 194/721/352 542/722/503
f 532/723/504 476/724/505 478/725/506 484/726/507
f 309/711/493 246/710/492 362/716/498 442/727/508
f 438/344/205 434/343/204 426/728/509 439/729/510
f 227/486/331 183/379/234 180/425/272 250/451/297
f 313/423/270 316/414/263 297/730/511 235/695/484
f 310/731/512 311/458/304 351/461/307 349/694/483
f 327/732/2 401/733/2 328/734/2 325/735/2
f 267/554/387 214/553/386 211/675/471 265/620/433
f 643/291/1 685/290/1 644/736/1 645/737/1
f 262/738/513 263/551/384 267/554/387 266/619/432
f 425/563/396 326/569/400 361/399/252 441/398/251
f 213/407/257 198/514/354 359/517/357 206/365/220
f 560/532/367 548/607/426 407/610/426 405/533/367
f 282/504/344 262/377/232 364/376/231 370/505/345
f 345/357/216 347/739/514 342/385/240 341/358/217
f 244/429/276 233/432/279 285/511/351 291/510/350
f 278/332/194 295/740/413 374/415/264 373/333/195
f 250/451/297 180/425/272 368/428/275 251/452/298
f 274/614/431 216/314/176 220/396/249 279/395/248
f 282/741/515 281/469/315 263/551/384 262/738/513
f 430/444/290 429/393/246 372/392/245 378/559/392
f 690/742/516 695/558/517 377/557/518 371/743/518
f 563/744/519 195/745/520 395/746/520 699/747/521
f 517/748/522 518/749/523 629/720/502 626/750/524
f 288/371/226 357/370/225 431/703/486 350/751/226
f 178/477/322 181/442/288 427/445/291 428/478/323
f 176/443/289 177/752/525 429/393/246 430/444/290
f 344/753/526 549/754/526 423/755/527 346/756/528
f 418/757/529 330/645/449 339/646/450 343/758/530
f 308/642/2 306/661/2 396/664/2 397/643/2
f 447/687/481 448/759/531 453/760/532 452/688/482
f 226/440/286 239/380/235 289/522/359 284/403/256
f 427/445/291 430/444/290 378/559/392 376/408/258
f 354/456/302 356/457/303 426/728/509 434/343/204
f 453/760/533 454/761/534 379/556/389 380/762/535
f 322/297/2 324/763/2 323/764/2 321/298/2
f 223/576/403 225/765/536 449/766/537 448/577/404
f 293/528/365 294/462/308 207/465/311 208/529/212
f 186/767/226 200/295/163 188/768/538 182/769/226
f 330/618/2 331/617/2 344/580/2 332/579/2
f 406/770/2 407/771/2 409/700/2 408/699/2
f 177/772/539 176/773/358 388/519/358 387/774/540
f 215/540/373 222/539/372 224/441/287 223/653/457
f 428/478/323 427/445/291 376/408/258 375/369/224
f 424/564/397 425/563/396 441/398/251 440/775/541
f 403/776/2 405/777/2 404/778/2 445/779/2
f 410/702/2 411/701/2 413/411/261 412/410/260
f 450/780/542 371/743/518 377/557/518 455/781/543
f 298/782/544 317/783/265 400/541/374 318/542/375
f 252/704/487 261/545/378 293/528/365 292/527/364
f 360/470/316 354/456/302 434/343/204 433/342/203
f 422/784/2 403/776/2 445/779/2 402/785/2
f 404/778/2 405/777/2 407/771/2 406/770/2
f 283/786/545 189/787/546 371/788/546 450/789/547
f 296/347/208 229/397/250 234/323/185 300/348/209
f 378/559/392 372/392/245 354/456/302 360/470/316
f 557/500/341 550/590/411 356/589/410 421/501/342
f 440/775/541 441/398/251 212/401/254 210/790/548
f 546/791/549 543/792/550 412/793/551 415/794/552
f 177/772/539 387/774/540 385/795/553 348/796/554
f 256/546/379 258/696/485 259/422/269 257/421/268
f 181/797/358 178/798/358 175/799/358 386/520/358
f 191/682/477 215/575/402 447/578/405 446/683/478
f 396/596/415 307/341/202 309/711/493 397/800/555
f 268/622/435 269/372/227 272/375/230 271/453/299
f 551/801/470 554/802/340 404/803/340 406/804/470
f 275/455/301 276/454/300 274/614/431 270/805/556
f 290/447/293 291/510/350 201/513/353 202/448/294
f 431/703/486 432/471/317 436/293/161 435/292/160
f 304/662/2 301/352/2 392/355/2 393/663/2
f 289/522/359 287/446/292 193/449/295 197/806/420
f 556/807/469 551/801/470 406/804/470 408/808/469
f 225/765/536 283/786/545 450/789/547 449/766/537
f 233/432/279 232/431/278 253/435/282 252/704/487
f 564/809/557 193/810/295 202/666/294 566/665/465
f 585/811/1 639/812/1 656/361/1 611/360/1
f 595/813/1 594/814/1 596/815/1 597/816/1
f 452/688/558 453/760/533 380/762/535 381/817/559
f 253/435/282 254/434/281 258/696/485 256/546/379
f 252/704/487 253/435/282 256/546/379 261/545/378
f 554/802/340 562/692/242 445/693/242 404/803/340
f 512/326/188 520/329/191 515/818/560 513/819/561
f 399/287/2 444/641/2 443/644/2 310/284/2
f 546/820/562 544/821/563 317/822/564 374/823/564
f 363/506/346 370/505/345 222/539/372 196/366/221
f 342/824/565 385/795/565 610/825/566 609/826/566
f 617/669/467 671/827/567 672/280/156 618/828/568
f 559/829/569 556/807/469 408/808/469 410/830/569
f 270/805/556 274/614/431 279/395/248 278/831/570
f 278/831/570 279/395/248 296/347/208 295/346/207
f 601/832/367 723/833/367 711/834/426 599/835/426
f 185/836/571 192/466/312 281/469/315 282/741/515
f 325/628/437 328/837/572 338/605/424 337/604/423
f 392/492/336 303/491/335 305/338/199 393/595/414
f 397/800/555 309/711/493 442/727/508 443/838/573
f 420/336/197 422/784/2 402/785/2 421/337/198
f 543/792/550 559/829/569 410/830/569 412/793/551
f 348/839/574 346/394/247 429/393/246 177/752/525
f 328/837/572 418/757/529 343/758/530 338/605/424
f 300/348/209 234/323/185 237/322/184 303/491/335
f 198/697/354 438/344/205 439/729/510 210/840/355
f 499/841/575 512/326/188 513/819/561 498/842/576
f 616/843/410 666/844/412 657/845/411 713/846/411
f 350/751/226 431/703/486 435/292/160 355/847/97
f 426/420/267 424/419/266 440/508/348 439/507/347
f 561/488/333 552/531/366 403/534/366 422/489/333
f 664/640/448 680/848/577 681/849/578 665/568/399
f 328/734/2 401/733/2 419/616/2 418/615/2
f 188/768/538 200/295/163 203/294/162 446/850/579
f 188/851/580 446/852/581 384/853/582 182/854/583
f 621/855/584 478/725/506 489/856/585 627/857/586
f 606/858/526 608/859/528 663/860/527 712/861/526
f 342/824/565 347/862/587 348/796/587 385/795/565
f 487/863/186 484/726/507 619/864/588 479/865/187
f 624/677/473 626/750/524 529/866/589 534/678/474
f 542/722/503 194/721/352 205/350/211 568/327/189
f 721/867/332 660/868/334 662/869/333 724/870/333
f 506/713/495 567/668/466 542/722/503 499/841/575
f 656/871/341 720/872/341 713/846/411 657/845/411
f 516/873/590 587/874/591 588/875/592 518/749/523
f 518/749/523 588/875/592 591/717/499 629/720/502
f 391/648/452 668/647/451 667/649/453 472/876/593
f 601/588/1 600/587/1 602/877/1 641/878/1
f 615/706/489 674/319/181 666/318/180 616/879/594
f 350/751/226 355/847/97 675/880/595 671/827/567
f 638/881/596 683/882/597 682/715/497 584/883/598
f 693/884/533 380/762/535 379/556/389 694/555/388
f 627/857/586 489/856/585 505/885/599 622/886/600
f 520/329/191 519/887/601 516/873/590 515/818/560
f 582/278/154 584/883/598 246/710/492 243/340/201
f 583/888/1 638/889/1 637/625/1 581/624/1
f 537/890/602 572/560/393 229/397/250 220/396/249
f 514/891/603 517/748/522 626/750/524 624/677/473
f 539/892/604 627/857/586 622/886/600 521/893/605
f 723/833/367 645/894/367 647/895/426 711/834/426
f 625/896/606 623/676/472 530/679/475 527/897/607
f 536/898/608 629/720/502 630/719/501 571/899/609
f 533/313/175 537/890/602 220/396/249 216/314/176
f 480/630/439 474/900/610 477/901/611 483/631/440
f 631/670/468 617/669/467 618/828/568 632/650/454
f 684/902/1 683/903/1 638/889/1 583/888/1
f 602/606/425 338/605/424 343/758/530 658/904/612
f 634/905/613 635/276/152 580/279/155 578/321/183
f 607/305/168 609/906/614 610/907/614 608/306/169
f 474/900/610 539/523/360 538/526/363 477/901/611
f 646/908/1 648/571/1 649/574/1 647/909/1
f 594/910/615 334/599/418 335/483/328 596/911/616
f 577/912/1 634/913/1 575/914/617 636/915/618
f 475/916/619 686/917/620 482/918/621 481/919/622
f 472/521/358 386/520/358 175/799/358 391/920/358
f 498/842/576 513/819/561 514/891/603 497/921/623
f 529/922/624 536/923/625 537/890/602 533/313/175
f 655/924/626 709/635/444 707/638/446 654/925/626
f 493/926/627 503/927/628 504/928/629 491/929/630
f 711/834/426 647/895/426 649/930/427 716/931/427
f 574/932/631 593/933/632 640/934/633 592/935/500
f 530/936/634 534/937/635 535/312/174 531/938/636
f 484/726/507 487/863/186 482/939/621 532/723/504
f 505/885/599 494/658/462 473/940/637 622/886/600
f 383/941/638 387/774/540 388/519/358 366/518/358
f 462/942/639 705/943/639 701/944/639 468/945/639
f 715/946/366 643/947/366 645/894/367 723/833/367
f 578/321/183 580/279/155 240/339/200 237/322/184
f 531/938/636 535/312/174 219/315/177 218/374/229
f 527/948/640 530/936/634 531/938/636 528/949/641
f 686/950/642 691/951/642 692/952/643 687/953/644
f 666/954/645 679/955/646 680/956/647 664/957/648
f 494/658/462 510/657/461 471/958/649 473/940/637
f 534/937/635 529/922/624 533/313/175 535/312/174
f 288/371/226 350/751/226 671/827/567 617/669/467
f 603/959/650 339/646/450 340/359/218 605/960/651
f 569/328/190 208/351/212 207/961/311 570/962/652
f 626/750/524 629/720/502 536/898/608 529/866/589
f 584/883/598 682/715/497 362/716/498 246/710/492
f 687/953/644 692/952/643 693/884/653 688/963/654
f 490/964/655 492/965/656 493/926/627 491/929/630
f 477/901/611 538/526/363 221/468/314 179/467/313
f 476/966/657 532/967/658 482/968/658 686/969/659
f 720/872/341 661/970/342 616/843/410 713/846/411
f 660/971/660 661/972/661 642/289/1 662/288/1
f 588/875/592 500/973/662 573/974/663 591/717/499
f 575/975/664 634/905/613 578/321/183 576/320/182
f 676/281/157 482/918/621 487/324/186 677/282/158
f 684/976/242 725/387/242 718/390/243 639/977/243
f 583/978/340 717/497/340 725/387/242 684/976/242
f 681/849/578 486/979/441 187/400/253 361/399/252
f 658/980/1 603/565/1 604/566/1 659/981/1
f 622/886/600 473/940/637 525/982/665 521/893/605
f 618/828/568 672/280/156 673/283/159 620/705/488
f 615/706/489 616/879/594 663/983/666 628/707/490
f 591/717/499 573/974/663 574/984/631 592/718/500
f 479/325/187 485/985/667 679/317/179 678/316/178
f 632/650/454 618/828/568 620/705/488 633/651/455
f 650/572/1 652/986/668 653/987/669 651/573/1
f 596/911/616 335/483/328 336/482/327 598/988/670
f 699/989/671 704/990/672 703/991/673 698/992/674
f 496/993/675 507/712/494 508/656/460 495/655/459
f 519/887/601 589/994/676 587/874/591 516/873/590
f 507/712/494 566/665/465 567/668/466 506/713/495
f 597/995/427 716/931/427 708/996/318 595/997/318
f 492/998/677 689/999/678 690/1000/679 540/1001/680
f 497/921/623 514/891/603 624/677/473 623/676/472
f 639/812/1 585/811/1 683/903/1 684/902/1
f 504/928/629 495/655/459 494/658/462 505/885/599
f 501/1002/681 502/1003/682 698/1004/683 697/1005/684
f 680/848/577 485/1006/438 486/979/441 681/849/578
f 490/1007/685 688/1008/686 689/999/678 492/998/677
f 471/958/649 625/896/606 527/897/607 523/1009/687
f 688/963/654 693/884/653 694/555/688 689/1010/689
f 698/992/674 703/991/673 702/1011/690 697/1012/691
f 538/526/363 522/525/362 209/552/385 221/468/314
f 503/927/628 496/993/675 495/655/459 504/928/629
f 519/887/601 570/962/652 590/493/337 589/994/676
f 474/1013/692 621/855/584 627/857/586 539/892/604
f 526/584/409 524/583/408 211/675/471 214/553/386
f 502/1003/682 563/744/519 699/747/521 698/1004/683
f 659/1014/333 724/870/333 715/946/366 641/1015/366
f 658/904/612 343/758/530 339/646/450 603/959/650
f 510/657/461 511/1016/693 625/896/606 471/958/649
f 479/865/187 619/864/588 480/1017/694 485/1018/667
f 708/996/318 651/1019/318 653/1020/695 710/1021/696
f 644/736/1 646/908/1 647/909/1 645/737/1
f 491/929/630 504/928/629 505/885/599 489/856/585
f 524/583/408 528/949/641 217/373/228 211/675/471
f 483/631/440 477/901/611 179/467/313 184/680/476
f 522/525/362 526/584/409 214/553/386 209/552/385
f 508/656/460 509/714/496 511/1016/693 510/657/461
f 472/876/593 667/649/453 670/652/456 366/1022/697
f 602/877/1 658/980/1 659/981/1 641/878/1
f 604/1023/332 721/867/332 724/870/333 659/1014/333
f 492/965/656 540/300/164 541/303/167 493/926/627
f 469/1024/639 702/1025/639 703/1026/639 470/1027/639
f 595/997/318 708/996/318 710/1021/696 640/1028/698
f 637/277/153 638/881/596 584/883/598 582/278/154
f 593/1029/699 333/600/419 334/599/418 594/910/615
f 597/816/1 596/815/1 598/586/1 599/585/1
f 186/767/226 182/769/226 475/916/619 481/919/622
f 641/1015/366 715/946/366 723/833/367 601/832/367
f 722/1030/569 650/1031/569 648/690/469 719/672/469
f 515/818/560 516/873/590 518/749/523 517/748/522
f 657/362/1 666/954/645 664/957/648 613/363/1
f 671/827/567 675/880/595 676/281/157 672/280/156
f 716/931/427 649/930/427 651/1019/318 708/996/318
f 496/993/675 564/809/557 566/665/465 507/712/494
f 679/955/646 485/1032/700 680/956/647
f 476/966/657 686/969/659 687/1033/701 488/1034/702
f 706/538/371 652/537/370 650/1031/569 722/1030/569
f 506/713/495 499/841/575 498/842/576 509/714/496
f 573/1035/703 500/1036/704 696/1037/705 700/1038/706
f 610/1039/707 383/1040/708 669/1041/709 608/1042/710
f 670/652/456 633/651/455 628/707/490 669/1041/709
f 520/329/191 569/328/190 570/962/652 519/887/601
f 383/941/638 610/825/711 385/795/553 387/774/540
f 683/882/597 585/308/170 586/311/173 682/715/497
f 540/1001/680 690/1000/679 371/1043/546 189/1044/546
f 611/309/171 613/639/447 614/567/398 612/310/172
f 500/1036/704 501/1002/681 697/1005/684 696/1037/705
f 586/311/173 612/310/172 277/460/306 249/459/305
f 319/598/417 321/480/325 335/483/328 334/599/418
f 724/870/333 662/869/333 643/947/366 715/946/366
f 454/761/534 455/781/712 377/557/390 379/556/389
f 446/852/581 451/1045/713 382/1046/714 384/853/582
f 212/1047/254 187/681/253 184/680/476 204/1048/715
f 612/310/172 614/567/398 280/570/401 277/460/306
f 324/763/2 327/732/2 325/735/2 323/764/2
f 668/647/451 631/670/468 632/650/454 667/649/453
f 329/479/324 302/368/223 631/670/468 668/647/451
f 692/952/558 381/817/559 380/762/535 693/884/533
f 355/847/97 435/292/160 200/295/163 186/767/226
f 395/1049/716 461/1050/716 704/990/672 699/989/671
f 513/819/561 515/818/560 517/748/522 514/891/603
f 547/473/319 544/1051/717 414/1052/718 413/474/320
f 443/838/573 442/727/508 311/458/304 310/731/512
f 488/1034/702 687/1033/701 688/1008/686 490/1007/685
f 199/1053/719 204/1048/715 192/466/312 185/836/571
f 528/949/641 531/938/636 218/374/229 217/373/228
f 473/940/637 471/958/649 523/1009/687 525/982/665
f 316/414/263 317/416/265 298/1054/544 297/730/511
f 714/673/470 646/691/470 644/498/340 717/497/340
f 366/1022/697 670/652/456 669/1041/709 383/1040/708
f 204/1048/715 184/680/476 179/467/313 192/466/312
f 298/1055/720 390/1056/721 389/1057/722 297/1058/723
f 652/986/668 655/1059/724 654/1060/724 653/987/669
f 449/1061/725 450/780/542 455/781/543 454/761/726
f 359/517/357 199/516/356 185/503/343 363/506/346
f 484/726/507 478/725/506 621/855/584 619/864/588
f 176/773/358 181/797/358 386/520/358 388/519/358
f 210/1062/548 212/1047/254 204/1048/715 199/1053/719
f 549/754/526 558/487/332 420/490/334 423/755/527
f 448/759/531 449/1061/725 454/761/726 453/760/532
f 598/988/670 336/482/327 337/604/423 600/603/422
f 663/983/666 608/1042/710 669/1041/709 628/707/490
f 570/962/652 207/961/311 255/494/310 590/493/337
f 718/390/243 642/389/243 661/970/342 720/872/341
f 605/960/651 340/359/218 341/358/217 607/384/239
f 451/689/727 452/688/558 381/817/559 382/1063/727
f 318/597/416 333/600/419 390/1056/721 298/1055/720
f 488/1064/728 490/964/655 491/929/630 489/856/585
f 565/602/421 197/601/420 193/810/295 564/809/557
f 606/858/526 712/861/526 721/867/332 604/1023/332
f 284/403/256 289/522/359 197/806/420 190/404/166
f 640/934/633 593/933/632 594/814/1 595/813/1
f 620/705/488 673/283/159 674/319/181 615/706/489
f 587/874/591 501/1065/729 500/973/662 588/875/592
f 314/544/377 238/634/443 286/708/491 315/463/309
f 442/727/508 362/716/498 249/459/305 311/458/304
f 436/293/161 437/345/206 213/698/257 203/294/162
f 432/471/317 433/342/203 437/345/206 436/293/161
f 476/724/505 488/1064/728 489/856/585 478/725/506
f 499/841/575 542/722/503 568/327/189 512/326/188
f 258/696/485 369/330/192 373/333/195 259/422/269
f 353/562/395 280/570/401 326/569/400 425/563/396
f 493/926/627 541/303/167 565/602/421 503/927/628
f 616/1066/730 661/972/661 660/971/660 663/1067/730
f 389/1057/722 398/1068/731 460/1069/732 297/1058/723
f 580/279/155 582/278/154 243/340/201 240/339/200
f 297/1058/723 460/1069/732 456/1070/733 235/1071/734
f 235/1071/734 456/1070/733 457/1072/735 236/1073/736
f 236/1073/736 457/1072/735 458/1074/737 238/1075/738
f 509/714/496 498/842/576 497/921/623 511/1016/693
f 238/1075/738 458/1074/737 459/1076/739 286/1077/740
f 575/914/617 571/1078/609 630/1079/501 636/915/618
f 389/1057/722 573/1035/703 700/1038/706 398/1068/731
f 286/1077/740 459/1076/739 395/746/520 195/745/520
f 536/923/625 571/1080/741 572/560/393 537/890/602
f 355/847/97 186/767/226 481/919/622 675/880/595
f 459/1081/742 458/1082/743 465/1083/744 466/1084/745
f 395/1085/716 459/1081/742 466/1084/745 461/1086/716
f 503/927/628 565/602/421 564/809/557 496/993/675
f 686/1087/746 384/853/582 382/1046/714 691/1088/747
f 457/1089/748 456/1090/749 463/1091/750 464/1092/751
f 460/1093/752 398/1094/753 462/1095/753 467/1096/754
f 458/1082/743 457/1089/748 464/1092/751 465/1083/744
f 640/1028/698 710/1021/696 707/1097/755 592/1098/756
f 511/1016/693 497/921/623 623/676/472 625/896/606
f 456/1090/749 460/1093/752 467/1096/754 463/1091/750
f 675/880/595 481/919/622 482/918/621 676/281/157
f 470/1027/639 461/1099/639 466/1100/639 465/1101/639
f 571/1080/741 575/975/664 576/320/182 572/560/393
f 462/942/639 468/945/639 463/1102/639 467/1103/639
f 523/582/407 527/948/640 528/949/641 524/583/408
f 468/945/639 469/1024/639 464/1104/639 463/1102/639
f 475/1105/757 182/854/583 384/853/582 686/1087/746
f 469/1024/639 470/1027/639 465/1101/639 464/1104/639
f 589/994/676 502/1106/758 501/1065/729 587/874/591
f 344/753/526 331/1107/332 558/487/332 549/754/526
f 400/1108/759 317/1109/760 544/1051/717 547/473/319
f 419/1110/333 401/1111/366 552/531/366 561/488/333
f 394/1112/761 301/1113/569 559/829/569 543/792/550
f 301/1113/569 304/1114/469 556/807/469 559/829/569
f 415/1115/762 414/1116/762 544/821/563 546/820/562
f 308/1117/340 444/1118/242 562/692/242 554/802/340
f 304/1114/469 306/1119/470 551/801/470 556/807/469
f 306/1119/470 308/1117/340 554/802/340 551/801/470
f 374/1120/763 394/1112/761 543/792/550 546/791/549
f 416/1121/341 417/591/411 550/590/411 557/500/341
f 327/1122/367 324/1123/426 548/607/426 560/532/367
f 322/1124/427 320/1125/318 545/472/318 553/608/427
f 444/1118/242 399/1126/243 555/499/243 562/692/242
f 324/1123/426 322/1124/427 553/608/427 548/607/426
f 401/1111/366 327/1122/367 560/532/367 552/531/366
f 399/1126/243 416/1121/341 557/500/341 555/499/243
f 331/1107/332 419/1110/333 561/488/333 558/487/332
f 320/1125/318 400/1108/759 547/473/319 545/472/318
f 599/835/426 711/834/426 716/931/427 597/995/427
f 574/1127/764 573/1035/703 389/1057/722 390/1056/721
f 639/977/243 718/390/243 720/872/341 656/871/341
f 636/660/464 706/538/371 722/1030/569 577/1128/569
f 577/1128/569 722/1030/569 719/672/469 579/671/469
f 579/627/1 635/626/1 634/913/1 577/912/1
f 581/674/470 714/673/470 717/497/340 583/978/340
f 691/951/727 382/1063/727 381/817/559 692/952/558
f 593/1029/699 574/1127/764 390/1056/721 333/600/419
f 665/568/399 681/849/578 361/399/252 326/569/400
f 589/994/676 590/493/337 563/496/339 502/1106/758
f 470/1027/639 703/1026/639 704/1129/639 461/1099/639
f 712/861/526 663/860/527 660/868/334 721/867/332
f 468/945/639 701/944/639 702/1025/639 469/1024/639
f 689/1010/689 694/555/688 695/558/517 690/742/516
f 700/550/383 705/549/382 462/1095/753 398/1094/753
f 619/864/588 621/855/584 474/1013/692 480/1017/694
f 697/1012/691 702/1011/690 701/548/381 696/547/380
f 710/1021/696 653/1020/695 654/1130/765 707/1097/755
f 726/1131/7 727/1132/7 729/1133/7 728/1134/7
f 728/1135/766 729/1136/766 733/1137/766 732/1138/766
f 732/1139/12 733/1140/12 731/1141/12 730/1142/12
f 730/1143/767 731/1144/767 727/1145/767 726/1146/767
f 728/1135/768 732/1138/768 730/1147/768 726/1148/768
f 733/1137/769 729/1136/769 727/1145/769 731/1144/769
f 739/1149/2 740/1150/2 741/1151/2 738/1152/2
f 734/1153/2 735/1154/2 740/1150/2 739/1149/2
f 737/1155/770 745/1156/771 740/1157/771 735/1158/770
f 738/1159/7 741/1160/7 744/1161/7 743/1162/7
f 742/1163/1 743/1162/1 744/1161/1 745/1156/1
f 742/1163/772 739/1164/772 738/1165/773 743/1162/773
f 740/1157/771 745/1156/771 744/1161/774 741/1166/774
f 742/1163/772 736/1167/775 734/1168/775 739/1164/772
f 736/1167/1 742/1163/1 745/1156/1 737/1155/1
f 843/1169/2 844/1170/776 749/1171/776 747/1172/2
f 844/1170/776 845/1173/769 751/1174/769 749/1171/776
f 845/1173/769 846/1175/777 753/1176/777 751/1174/769
f 846/1175/777 847/1177/120 755/1178/120 753/1176/777
f 847/1177/120 848/1179/778 757/1180/778 755/1178/120
f 848/1179/778 849/1181/779 759/1182/780 757/1180/778
f 849/1181/779 850/1183/781 761/1184/782 759/1182/780
f 850/1183/781 851/1185/783 763/1186/784 761/1184/782
f 843/1169/2 747/1172/2 765/1187/785 852/1188/785
f 852/1188/785 765/1187/785 767/1189/767 853/1190/767
f 853/1190/767 767/1189/767 769/1191/786 854/1192/786
f 854/1192/786 769/1191/786 771/1193/115 855/1194/115
f 855/1194/115 771/1193/115 773/1195/787 858/1196/787
f 858/1196/787 773/1195/787 775/1197/788 856/1198/789
f 811/1199/790 813/1200/791 795/1201/792 794/1202/793
f 812/1203/794 808/1204/795 797/1205/796 796/1206/797
f 857/1207/798 785/1208/799 763/1209/784 851/1210/783
f 803/1211/800 779/1212/801 780/1213/802 806/1214/803
f 788/1215/804 794/1202/793 800/1216/805 815/1217/806
f 804/1218/807 781/1219/808 782/1220/809 799/1221/810
f 746/1222/811 776/1223/812 750/1224/813 748/1225/814
f 777/1226/815 778/1227/816 779/1212/801 803/1211/800
f 768/1228/817 770/1229/818 811/1199/790 786/1230/819
f 758/1231/820 804/1218/807 799/1221/810 760/1232/821
f 856/1198/789 775/1197/788 785/1208/799 857/1207/798
f 810/1233/822 818/1234/823 786/1235/824 816/1236/825
f 813/1200/791 811/1199/790 770/1229/818 772/1237/826
f 816/1236/825 787/1238/827 778/1239/827 777/1240/824
f 781/1219/808 791/1241/828 792/1242/829 782/1220/809
f 796/1206/797 797/1205/796 805/1243/830 802/1244/831
f 776/1223/812 766/1245/832 818/1234/823 810/1233/822
f 834/1246/833 821/1247/834 822/1248/835 837/1249/836
f 795/1201/792 796/1206/797 802/1244/831 801/1250/837
f 810/1233/822 816/1236/825 777/1240/824 814/1251/823
f 806/1214/803 780/1213/802 781/1219/808 804/1218/807
f 766/1252/838 768/1228/817 786/1230/819 818/1253/839
f 836/1254/840 823/1255/841 827/1256/842 835/1257/843
f 813/1200/791 812/1203/794 796/1206/797 795/1201/792
f 782/1220/809 792/1242/829 793/1258/844 783/1259/845
f 779/1212/801 789/1260/846 790/1261/847 780/1213/802
f 798/1262/848 825/1263/849 824/1264/850 832/1265/851
f 816/1236/825 786/1235/824 788/1266/827 787/1238/827
f 780/1213/802 790/1261/847 791/1241/828 781/1219/808
f 797/1205/796 783/1267/852 793/1268/853 805/1243/830
f 774/1269/854 784/1270/855 808/1204/795 812/1203/794
f 756/1271/856 806/1214/803 804/1218/807 758/1231/820
f 794/1202/793 795/1201/792 801/1250/837 800/1216/805
f 752/1272/857 777/1226/815 803/1211/800 754/1273/858
f 772/1237/826 774/1269/854 812/1203/794 813/1200/791
f 784/1270/855 762/1274/859 817/1275/860 808/1204/795
f 806/1214/803 756/1271/856 754/1273/858 803/1211/800
f 787/1238/827 809/1276/2 807/1277/2 778/1239/827
f 808/1204/795 817/1275/860 783/1267/852 797/1205/796
f 833/1278/861 820/1279/862 821/1247/834 834/1246/833
f 863/1280/7 763/1281/7 785/1282/7 775/1283/7
f 778/1227/816 807/1284/863 789/1260/846 779/1212/801
f 776/1223/812 810/1233/822 814/1251/823 750/1224/813
f 787/1238/827 788/1266/827 815/1285/2 809/1276/2
f 750/1286/864 814/1287/865 777/1226/815 752/1272/857
f 746/1222/811 764/1288/866 766/1245/832 776/1223/812
f 799/1221/810 782/1220/809 783/1259/845 817/1289/867
f 786/1230/819 811/1199/790 794/1202/793 788/1215/804
f 760/1232/821 799/1221/810 817/1289/867 762/1290/868
f 759/1291/7 761/1292/7 763/1281/7 863/1280/7
f 828/1293/869 830/1294/870 831/1295/870 824/1296/871
f 865/1297/12 823/1298/12 822/1299/12 821/1300/12
f 865/1297/12 826/1301/12 827/1302/12 823/1298/12
f 828/1293/869 819/1303/871 829/1304/870 830/1294/870
f 832/1265/851 824/1264/850 831/1305/872 838/1306/873
f 840/1307/874 829/1308/875 819/1309/876 839/1310/877
f 841/1311/2 830/1312/2 829/1313/2 840/1314/2
f 835/1257/843 827/1256/842 826/1315/878 842/1316/879
f 842/1316/879 826/1315/878 825/1263/849 798/1262/848
f 837/1249/836 822/1248/835 823/1317/880 836/1318/881
f 838/1319/2 831/1320/2 830/1312/2 841/1311/2
f 839/1310/877 819/1309/876 820/1279/862 833/1278/861
f 789/1260/846 839/1310/877 833/1278/861 790/1261/847
f 815/1285/2 838/1319/2 841/1311/2 809/1276/2
f 792/1242/829 837/1249/836 836/1318/881 793/1258/844
f 802/1244/831 842/1316/879 798/1262/848 801/1250/837
f 805/1243/830 835/1257/843 842/1316/879 802/1244/831
f 809/1276/2 841/1311/2 840/1314/2 807/1277/2
f 807/1284/863 840/1307/874 839/1310/877 789/1260/846
f 800/1216/805 832/1265/851 838/1306/873 815/1217/806
f 790/1261/847 833/1278/861 834/1246/833 791/1241/828
f 801/1250/837 798/1262/848 832/1265/851 800/1216/805
f 793/1268/853 836/1254/840 835/1257/843 805/1243/830
f 791/1241/828 834/1246/833 837/1249/836 792/1242/829
f 774/1269/854 856/1198/789 857/1207/798 784/1270/855
f 784/1270/855 857/1207/798 851/1210/783 762/1274/859
f 772/1237/826 858/1196/787 856/1198/789 774/1269/854
f 770/1229/818 855/1194/115 858/1196/787 772/1237/826
f 768/1228/817 854/1192/786 855/1194/115 770/1229/818
f 766/1252/838 853/1190/767 854/1192/786 768/1228/817
f 764/1321/882 852/1188/785 853/1190/767 766/1252/838
f 746/1322/2 843/1169/2 852/1188/785 764/1321/882
f 760/1232/821 762/1290/868 851/1185/783 850/1183/781
f 758/1231/820 760/1232/821 850/1183/781 849/1181/779
f 756/1271/856 758/1231/820 849/1181/779 848/1179/778
f 754/1273/858 756/1271/856 848/1179/778 847/1177/120
f 752/1272/857 754/1273/858 847/1177/120 846/1175/777
f 750/1286/864 752/1272/857 846/1175/777 845/1173/769
f 748/1323/883 750/1286/864 845/1173/769 844/1170/776
f 746/1322/2 748/1323/883 844/1170/776 843/1169/2
f 860/1324/7 859/1325/7 771/1326/7 769/1327/7
f 753/1328/7 755/1329/7 859/1325/7 860/1324/7
f 767/1330/7 862/1331/7 860/1324/7 769/1327/7
f 751/1332/7 753/1328/7 860/1324/7 862/1331/7
f 859/1325/7 861/1333/7 773/1334/7 771/1326/7
f 755/1329/7 757/1335/7 861/1333/7 859/1325/7
f 765/1336/7 747/1337/7 862/1331/7 767/1330/7
f 749/1338/7 751/1332/7 862/1331/7 747/1337/7
f 861/1333/7 863/1280/7 775/1283/7 773/1334/7
f 757/1335/7 759/1291/7 863/1280/7 861/1333/7
f 828/1293/869 824/1296/871 825/1339/12 864/1340/12
f 828/1293/869 864/1340/12 820/1341/12 819/1303/871
f 864/1340/12 825/1339/12 826/1301/12 865/1297/12
f 864/1340/12 865/1297/12 821/1300/12 820/1341/12
f 914/1342/884 953/1343/884 951/1344/885 912/1345/885
f 871/1346/7 913/1347/7 950/1348/7 886/1349/7
f 958/1350/886 961/1351/887 962/1352/888 959/1353/889
f 876/1354/7 875/1355/7 902/1356/7 903/1357/7
f 872/1358/7 912/1359/7 913/1347/7 871/1346/7
f 873/1360/7 914/1361/7 912/1359/7 872/1358/7
f 981/1362/890 965/1363/891 966/1364/892 980/1365/893
f 888/1366/12 952/1367/12 951/1368/12 887/1369/12
f 870/1370/7 897/1371/7 915/1372/7 874/1373/7
f 889/1374/12 916/1375/12 955/1376/12 900/1377/12
f 897/1378/894 910/1379/894 954/1380/895 915/1381/895
f 886/1349/7 950/1348/7 949/1382/7 885/1383/7
f 950/1384/896 957/1385/896 956/1386/897 949/1387/897
f 979/1388/898 969/1389/899 968/1390/900 978/1391/901
f 949/1387/897 956/1386/897 955/1392/902 948/1393/902
f 952/1394/903 973/1395/904 974/1396/905 951/1397/906
f 882/1398/12 883/1399/12 910/1400/12 909/1401/12
f 911/1402/12 957/1403/12 952/1367/12 888/1366/12
f 948/1393/902 955/1392/902 916/1404/907 902/1405/907
f 904/1406/908 903/1407/909 917/1408/909 918/1409/908
f 900/1377/12 955/1376/12 956/1410/12 901/1411/12
f 905/1412/910 904/1406/908 918/1409/908 919/1413/910
f 971/1414/911 960/1415/912 963/1416/913 970/1417/914
f 943/1418/915 942/1419/916 928/1420/917 927/1421/918
f 933/1422/919 932/1423/920 925/1424/921 922/1425/922
f 885/1383/7 949/1382/7 948/1426/7 884/1427/7
f 895/1428/923 893/1429/924 906/1430/924 908/1431/923
f 898/1432/12 953/1433/12 954/1434/12 899/1435/12
f 896/1436/925 895/1428/923 908/1431/923 909/1437/925
f 959/1353/889 962/1352/888 963/1438/926 960/1439/927
f 897/1378/894 896/1436/925 909/1437/925 910/1379/894
f 887/1369/12 951/1368/12 953/1433/12 898/1432/12
f 915/1381/895 954/1380/895 953/1343/884 914/1342/884
f 903/1407/909 902/1405/907 916/1404/907 917/1408/909
f 877/1440/7 876/1354/7 903/1357/7 904/1441/7
f 867/1442/7 866/1443/7 894/1444/7 893/1445/7
f 874/1373/7 915/1372/7 914/1361/7 873/1360/7
f 878/1446/7 877/1440/7 904/1441/7 905/1447/7
f 868/1448/7 867/1442/7 893/1445/7 895/1449/7
f 889/1374/12 890/1450/12 917/1451/12 916/1375/12
f 866/1443/7 878/1446/7 905/1447/7 894/1444/7
f 869/1452/7 868/1448/7 895/1449/7 896/1453/7
f 890/1450/12 891/1454/12 918/1455/12 917/1451/12
f 880/1456/12 879/1457/12 906/1458/12 907/1459/12
f 870/1370/7 869/1452/7 896/1453/7 897/1371/7
f 891/1454/12 892/1460/12 919/1461/12 918/1455/12
f 879/1457/12 881/1462/12 908/1463/12 906/1458/12
f 901/1411/12 956/1410/12 957/1403/12 911/1402/12
f 892/1460/12 880/1456/12 907/1459/12 919/1461/12
f 881/1462/12 882/1398/12 909/1401/12 908/1463/12
f 920/1464/928 921/1465/929 924/1466/930 923/1467/931
f 921/1465/929 922/1468/932 925/1469/933 924/1466/930
f 941/1470/934 940/1471/935 930/1472/936 931/1473/937
f 932/1474/920 935/1475/938 924/1466/930 925/1469/933
f 936/1476/939 934/1477/940 920/1478/941 923/1479/942
f 935/1475/938 936/1480/939 923/1467/931 924/1466/930
f 938/1481/943 937/1482/944 931/1473/945 930/1472/946
f 939/1483/947 938/1481/943 930/1472/946 929/1484/948
f 944/1485/949 943/1418/915 927/1421/918 926/1486/950
f 940/1471/935 945/1487/951 929/1484/952 930/1472/936
f 947/1488/953 944/1489/954 926/1490/955 939/1491/956
f 946/1492/957 941/1493/958 931/1494/958 937/1495/959
f 942/1496/960 946/1492/957 937/1495/959 928/1497/961
f 945/1498/962 947/1488/953 939/1491/956 929/1499/962
f 926/1500/963 927/1501/964 938/1481/943 939/1483/947
f 927/1501/964 928/1502/965 937/1482/944 938/1481/943
f 907/1503/966 906/1504/967 936/1480/939 935/1475/938
f 906/1430/967 893/1429/968 934/1477/940 936/1476/939
f 919/1505/969 907/1503/966 935/1475/938 932/1474/920
f 905/1412/970 919/1413/969 932/1423/920 933/1422/919
f 920/1478/941 934/1477/940 947/1488/953 945/1498/962
f 905/1412/970 933/1422/919 946/1492/957 942/1496/960
f 933/1422/919 922/1425/922 941/1493/958 946/1492/957
f 934/1477/940 893/1429/968 944/1489/954 947/1488/953
f 921/1465/929 920/1464/928 945/1487/951 940/1471/935
f 893/1445/971 894/1444/972 943/1418/915 944/1485/949
f 922/1468/932 921/1465/929 940/1471/935 941/1470/934
f 894/1444/972 905/1447/973 942/1419/916 943/1418/915
f 998/1506/12 890/1450/12 889/1374/12 997/1507/12
f 994/1508/7 869/1452/7 870/1370/7 993/1509/7
f 964/1510/974 977/1511/975 976/1512/976 965/1513/977
f 973/1395/904 962/1352/888 961/1351/887 974/1396/905
f 976/1512/976 968/1390/978 969/1389/979 975/1514/980
f 977/1511/975 967/1515/981 968/1390/978 976/1512/976
f 985/1516/982 977/1517/983 964/1518/984 982/1519/985
f 980/1520/986 966/1521/987 975/1522/988 984/1523/989
f 957/1524/990 970/1525/914 973/1395/904 952/1394/903
f 950/1384/991 980/1520/986 984/1523/989 971/1414/911
f 996/1526/12 899/1435/12 883/1399/12 997/1507/12
f 959/1353/889 978/1391/901 983/1527/992 958/1350/886
f 912/1359/993 982/1528/994 981/1362/890 913/1347/995
f 989/1529/7 884/1427/7 875/1355/7 990/1530/7
f 983/1531/962 967/1532/962 977/1517/983 985/1516/982
f 984/1523/989 975/1522/988 969/1533/958 979/1534/958
f 982/1528/994 964/1535/996 965/1363/891 981/1362/890
f 978/1391/901 968/1390/900 967/1515/997 983/1527/992
f 974/1536/905 961/1537/998 958/1538/999 972/1539/1000
f 970/1525/914 963/1438/926 962/1352/888 973/1395/904
f 960/1439/927 979/1388/898 978/1391/901 959/1353/889
f 971/1414/911 984/1523/989 979/1534/958 960/1415/912
f 972/1539/1000 985/1516/982 982/1519/985 912/1345/1001
f 913/1347/995 981/1362/890 980/1365/893 950/1348/1002
f 958/1538/999 983/1531/962 985/1516/982 972/1539/1000
f 950/1384/991 971/1414/911 970/1417/914 957/1385/990
f 965/1513/977 976/1512/976 975/1514/980 966/1540/1003
f 951/1344/906 974/1536/905 972/1539/1000 912/1345/1001
f 899/1435/12 954/1434/12 910/1400/12 883/1399/12
f 884/1427/7 948/1426/7 902/1356/7 875/1355/7
f 886/1349/7 885/1383/7 884/1427/7 989/1529/7
f 878/1446/7 991/1541/7 876/1354/7 877/1440/7
f 991/1541/7 988/1542/7 987/1543/7 990/1530/7
f 992/1544/7 986/1545/7 987/1543/7 993/1509/7
f 872/1358/7 871/1346/7 986/1545/7 992/1544/7
f 867/1442/7 868/1448/7 869/1452/7 994/1508/7
f 876/1354/7 991/1541/7 990/1530/7 875/1355/7
f 986/1545/7 989/1529/7 990/1530/7 987/1543/7
f 871/1346/7 886/1349/7 989/1529/7 986/1545/7
f 866/1443/7 988/1542/7 991/1541/7 878/1446/7
f 988/1542/7 994/1508/7 993/1509/7 987/1543/7
f 874/1373/7 992/1544/7 993/1509/7 870/1370/7
f 873/1360/7 872/1358/7 992/1544/7 874/1373/7
f 866/1443/7 867/1442/7 994/1508/7 988/1542/7
f 999/1546/12 891/1454/12 890/1450/12 998/1506/12
f 880/1456/12 892/1460/12 891/1454/12 999/1546/12
f 995/1547/12 996/1526/12 900/1377/12 901/1411/12
f 888/1366/12 995/1547/12 901/1411/12 911/1402/12
f 881/1462/12 999/1546/12 998/1506/12 882/1398/12
f 882/1398/12 998/1506/12 997/1507/12 883/1399/12
f 900/1377/12 996/1526/12 997/1507/12 889/1374/12
f 898/1432/12 899/1435/12 996/1526/12 995/1547/12
f 887/1369/12 898/1432/12 995/1547/12 888/1366/12
f 879/1457/12 880/1456/12 999/1546/12 881/1462/12
f 1000/1548/1004 1001/1549/1004 1003/1550/1005 1002/1551/1005
f 1002/1551/1005 1003/1550/1005 1005/1552/1006 1004/1553/1006
f 1004/1553/1006 1005/1552/1006 1007/1554/1007 1006/1555/1007
f 1006/1555/1007 1007/1554/1007 1009/1556/1008 1008/1557/1008
f 1008/1557/1008 1009/1556/1008 1011/1558/1009 1010/1559/1009
f 1010/1559/1009 1011/1558/1009 1013/1560/1010 1012/1561/1010
f 1012/1562/1010 1013/1563/1010 1015/1564/1011 1014/1565/1011
f 1014/1565/1011 1015/1564/1011 1017/1566/1012 1016/1567/1012
f 1016/1567/1012 1017/1566/1012 1019/1568/1013 1018/1569/1013
f 1018/1569/1013 1019/1568/1013 1021/1570/1014 1020/1571/1014
f 1025/1572/2 1019/1573/2 1017/1574/2 1015/1575/2
f 1020/1571/1014 1021/1570/1014 1023/1576/1015 1022/1577/1015
f 1022/1577/1015 1023/1576/1015 1001/1549/1004 1000/1548/1004
f 1023/1578/2 1021/1579/2 1019/1573/2 1025/1572/2
f 1026/1580/2 1024/1581/2 1013/1582/2 1011/1583/2
f 1003/1584/2 1001/1585/2 1024/1581/2 1026/1580/2
f 1001/1585/2 1023/1578/2 1025/1572/2 1024/1581/2
f 1024/1581/2 1025/1572/2 1015/1575/2 1013/1582/2
f 1007/1586/2 1026/1580/2 1011/1583/2 1009/1587/2
f 1005/1588/2 1003/1584/2 1026/1580/2 1007/1586/2
f 1027/1589/1004 1028/1590/1004 1030/1591/1005 1029/1592/1005
f 1029/1592/1005 1030/1591/1005 1032/1593/1006 1031/1594/1006
f 1031/1594/1006 1032/1593/1006 1034/1595/1007 1033/1596/1007
f 1033/1596/1007 1034/1595/1007 1036/1597/1008 1035/1598/1008
f 1035/1598/1008 1036/1597/1008 1038/1599/1009 1037/1600/1009
f 1037/1600/1009 1038/1599/1009 1040/1601/1010 1039/1602/1010
f 1039/1603/1010 1040/1604/1010 1042/1605/1011 1041/1606/1011
f 1041/1606/1011 1042/1605/1011 1044/1607/1012 1043/1608/1012
f 1043/1608/1012 1044/1607/1012 1046/1609/1013 1045/1610/1013
f 1045/1610/1013 1046/1609/1013 1048/1611/1014 1047/1612/1014
f 1052/1613/2 1046/1614/2 1044/1615/2 1042/1616/2
f 1047/1612/1014 1048/1611/1014 1050/1617/1015 1049/1618/1015
f 1049/1618/1015 1050/1617/1015 1028/1590/1004 1027/1589/1004
f 1050/1619/2 1048/1620/2 1046/1614/2 1052/1613/2
f 1053/1621/2 1051/1622/2 1040/1623/2 1038/1624/2
f 1030/1625/2 1028/1626/2 1051/1622/2 1053/1621/2
f 1028/1626/2 1050/1619/2 1052/1613/2 1051/1622/2
f 1051/1622/2 1052/1613/2 1042/1616/2 1040/1623/2
f 1034/1627/2 1053/1621/2 1038/1624/2 1036/1628/2
f 1032/1629/2 1030/1625/2 1053/1621/2 1034/1627/2
f 1086/1630/1016 1055/1631/1017 1057/1632/1018 1087/1633/1019
f 1087/1633/1019 1057/1632/1018 1059/1634/1020 1088/1635/1021
f 1088/1635/1021 1059/1634/1020 1061/1636/1022 1089/1637/1023
f 1089/1637/1023 1061/1636/1022 1063/1638/1024 1090/1639/1025
f 1090/1639/1025 1063/1638/1024 1065/1640/1026 1091/1641/1027
f 1091/1641/1027 1065/1640/1026 1067/1642/1028 1092/1643/1029
f 1092/1643/1029 1067/1642/1028 1069/1644/1030 1093/1645/1031
f 1093/1645/1031 1069/1644/1030 1071/1646/1032 1094/1647/1033
f 1094/1647/1033 1071/1646/1032 1073/1648/1034 1095/1649/1035
f 1095/1649/1035 1073/1648/1034 1075/1650/1036 1096/1651/1037
f 1096/1651/1037 1075/1650/1036 1077/1652/1038 1097/1653/1039
f 1097/1653/1039 1077/1652/1038 1079/1654/1040 1098/1655/1041
f 1098/1655/1041 1079/1654/1040 1081/1656/1042 1099/1657/1043
f 1099/1657/1043 1081/1656/1042 1083/1658/1044 1100/1659/1045
f 1106/1660/12 1075/1650/12 1073/1648/12 1071/1646/12
f 1100/1659/1045 1083/1658/1044 1085/1661/1046 1101/1662/1047
f 1101/1662/1047 1085/1661/1046 1055/1631/1017 1086/1630/1016
f 1084/1663/1048 1101/1662/1047 1086/1630/1016 1054/1664/1049
f 1082/1665/1050 1100/1659/1045 1101/1662/1047 1084/1663/1048
f 1080/1666/1051 1099/1657/1043 1100/1659/1045 1082/1665/1050
f 1078/1667/1052 1098/1655/1041 1099/1657/1043 1080/1666/1051
f 1076/1668/1053 1097/1653/1039 1098/1655/1041 1078/1667/1052
f 1074/1669/1054 1096/1651/1037 1097/1653/1039 1076/1668/1053
f 1072/1670/1055 1095/1649/1035 1096/1651/1037 1074/1669/1054
f 1070/1671/1056 1094/1647/1033 1095/1649/1035 1072/1670/1055
f 1068/1672/1057 1093/1645/1031 1094/1647/1033 1070/1671/1056
f 1066/1673/1058 1092/1643/1029 1093/1645/1031 1068/1672/1057
f 1064/1674/1059 1091/1641/1027 1092/1643/1029 1066/1673/1058
f 1062/1675/1060 1090/1639/1025 1091/1641/1027 1064/1674/1059
f 1060/1676/1061 1089/1637/1023 1090/1639/1025 1062/1675/1060
f 1058/1677/1062 1088/1635/1021 1089/1637/1023 1060/1676/1061
f 1056/1678/1063 1087/1633/1019 1088/1635/1021 1058/1677/1062
f 1054/1664/1049 1086/1630/1016 1087/1633/1019 1056/1678/1063
f 1103/1679/12 1081/1656/12 1079/1654/12 1102/1680/12
f 1104/1681/12 1083/1658/12 1081/1656/12 1103/1679/12
f 1055/1631/12 1085/1661/12 1083/1658/12 1104/1681/12
f 1059/1634/12 1104/1681/12 1103/1679/12 1061/1636/12
f 1061/1636/12 1103/1679/12 1102/1680/12 1063/1638/12
f 1067/1642/12 1106/1660/12 1071/1646/12 1069/1644/12
f 1057/1632/12 1055/1631/12 1104/1681/12 1059/1634/12
f 1102/1680/12 1079/1654/12 1077/1652/12 1105/1682/12
f 1063/1638/12 1102/1680/12 1105/1682/12 1065/1640/12
f 1105/1682/12 1077/1652/12 1075/1650/12 1106/1660/12
f 1065/1640/12 1105/1682/12 1106/1660/12 1067/1642/12
f 27/31/1 19/39/1 2/1683/1 9/22/1
f 9/22/1 2/1683/1 3/2/1 1/1/1
f 7/24/1 1/23/1 5/1684/1 8/1685/1
