# Blender 4.0.2
# www.blender.org
o iron_wall_light
v 0.013111 0.041307 0.061680
v 0.000000 0.041876 0.059683
v 0.012251 0.040583 0.064225
v 0.013606 0.057081 0.064585
v 0.013111 0.031900 0.059003
v 0.024938 0.039658 0.067476
v 0.023303 0.039042 0.069641
v 0.034325 0.037089 0.076504
v 0.024938 0.030251 0.064799
v 0.034325 0.027682 0.073827
v 0.023303 0.029635 0.066964
v 0.012251 0.031176 0.061548
v 0.032074 0.027234 0.075400
v 0.037705 0.024209 0.086030
v 0.032074 0.036641 0.078077
v 0.037705 0.033617 0.088707
v 0.040351 0.033852 0.087880
v 0.039646 0.030264 0.100491
v 0.039646 0.020856 0.097814
v 0.042428 0.030264 0.100491
v 0.037705 0.026911 0.112274
v 0.040351 0.026675 0.113101
v 0.032074 0.023886 0.122904
v 0.037705 0.017503 0.109597
v 0.032074 0.014478 0.120227
v 0.040351 0.017268 0.110424
v 0.042428 0.020856 0.097814
v 0.034325 0.014031 0.121800
v 0.024938 0.011462 0.130828
v 0.034325 0.023438 0.124477
v 0.024938 0.020869 0.133505
v 0.023303 0.021485 0.131340
v 0.013111 0.019220 0.139301
v 0.013111 0.009812 0.136624
v 0.012251 0.019944 0.136756
v -0.000000 0.018651 0.141298
v 0.000000 0.019413 0.138622
v -0.013111 0.019220 0.139301
v -0.000000 0.009244 0.138621
v 0.000000 0.010005 0.135945
v -0.013111 0.009812 0.136624
v -0.012251 0.010537 0.134079
v -0.024938 0.011462 0.130828
v -0.024938 0.020869 0.133505
v -0.023303 0.012078 0.128663
v -0.034325 0.014031 0.121800
v -0.034325 0.023438 0.124477
v -0.032074 0.014478 0.120227
v -0.040351 0.017268 0.110424
v -0.042428 0.020856 0.097814
v -0.040351 0.026675 0.113101
v -0.037705 0.017503 0.109597
v -0.037705 0.026911 0.112274
v -0.039646 0.020856 0.097814
v -0.037705 0.024209 0.086030
v -0.039646 0.030264 0.100491
v -0.042428 0.030264 0.100491
v -0.037705 0.033617 0.088707
v -0.040351 0.033852 0.087880
v -0.032074 0.036641 0.078077
v -0.034325 0.037089 0.076504
v -0.032074 0.027234 0.075400
v -0.023303 0.039042 0.069641
v -0.012251 0.040583 0.064225
v -0.024938 0.039658 0.067476
v -0.023303 0.029635 0.066964
v -0.012251 0.031176 0.061548
v -0.024938 0.030251 0.064799
v -0.034325 0.027682 0.073827
v -0.013111 0.031900 0.059003
v -0.013111 0.041307 0.061680
v -0.016333 0.001808 0.051396
v 0.000000 0.032468 0.057006
v 0.000000 0.002697 0.048271
v 0.016333 0.001808 0.051396
v 0.000000 -0.001058 0.045296
v -0.017035 -0.001985 0.048555
v 0.000000 -0.005817 0.045848
v 0.017035 -0.001985 0.048555
v 0.031476 -0.004626 0.057836
v 0.016333 -0.006706 0.048973
v 0.030180 -0.009239 0.057872
v 0.014639 -0.009589 0.052405
v 0.027050 -0.011859 0.060381
v 0.000000 -0.008792 0.049604
v 0.012945 -0.008945 0.056840
v 0.000000 -0.008240 0.054363
v 0.012945 -0.000430 0.059263
v 0.023920 -0.010952 0.063893
v 0.023920 -0.002437 0.066316
v 0.031253 -0.013956 0.074448
v 0.031253 -0.005441 0.076871
v 0.033828 -0.017499 0.086899
v 0.035343 -0.015255 0.072317
v 0.038254 -0.019262 0.086398
v 0.039432 -0.013028 0.071190
v 0.042681 -0.017499 0.086899
v 0.041126 -0.008579 0.071727
v 0.044514 -0.013241 0.088111
v 0.039432 -0.004514 0.073613
v 0.030180 -0.000724 0.060295
v 0.035343 -0.003214 0.075744
v 0.042681 -0.008984 0.089322
v 0.038254 -0.007220 0.089824
v 0.039432 -0.013454 0.105032
v 0.035343 -0.011227 0.103905
v 0.030180 -0.017244 0.118350
v 0.041126 -0.017904 0.104495
v 0.039432 -0.021969 0.102609
v 0.031476 -0.021856 0.118386
v 0.017035 -0.024497 0.127667
v 0.030180 -0.025759 0.115927
v 0.016333 -0.028291 0.124826
v 0.027050 -0.026665 0.112415
v 0.014639 -0.028935 0.120391
v 0.035343 -0.023269 0.100478
v 0.023920 -0.024045 0.109906
v 0.023920 -0.015531 0.112329
v 0.012945 -0.026052 0.116959
v 0.031253 -0.021042 0.099351
v 0.031253 -0.012527 0.101774
v 0.033828 -0.008984 0.089322
v 0.012945 -0.017538 0.119382
v -0.000000 -0.026757 0.119436
v -0.000000 -0.018242 0.121859
v -0.012945 -0.026052 0.116959
v -0.000000 -0.029732 0.123192
v -0.014639 -0.028935 0.120391
v -0.000000 -0.029180 0.127951
v -0.000000 -0.025424 0.130926
v -0.016333 -0.028291 0.124826
v -0.030180 -0.025759 0.115927
v -0.017035 -0.024497 0.127667
v -0.016333 -0.019776 0.127249
v -0.031476 -0.021856 0.118385
v -0.041126 -0.017904 0.104495
v -0.030180 -0.017244 0.118350
v -0.027050 -0.014624 0.115841
v -0.039432 -0.013454 0.105032
v -0.035343 -0.011227 0.103905
v -0.042681 -0.008984 0.089322
v -0.039432 -0.004514 0.073613
v -0.044514 -0.013241 0.088111
v -0.038254 -0.007220 0.089824
v -0.033828 -0.008984 0.089322
v -0.035343 -0.003214 0.075744
v -0.027050 0.000183 0.063807
v -0.031253 -0.005441 0.076871
v -0.031253 -0.013956 0.074448
v -0.023920 -0.002437 0.066316
v -0.023920 -0.010952 0.063893
v -0.012945 -0.000430 0.059263
v -0.012945 -0.008945 0.056840
v -0.014639 0.002453 0.055831
v 0.000000 0.000275 0.056786
v 0.000000 0.003249 0.053030
v 0.000000 0.032216 0.059876
v 0.014639 0.002453 0.055831
v 0.027050 0.000183 0.063807
v 0.012714 0.056330 0.067226
v -0.012714 0.056330 0.067226
v -0.000000 0.065487 0.067738
v -0.012714 0.064936 0.069675
v -0.024183 0.054730 0.072847
v -0.013606 0.057081 0.064585
v -0.013606 0.065688 0.067034
v 0.000000 0.057671 0.062512
v -0.025880 0.055369 0.070600
v -0.025880 0.063976 0.073049
v -0.035621 0.052704 0.079969
v -0.041874 0.049344 0.091774
v -0.035621 0.061310 0.082418
v -0.033285 0.052239 0.081601
v -0.033285 0.060845 0.084050
v -0.039129 0.049100 0.092632
v -0.039129 0.057706 0.095081
v -0.041142 0.045620 0.104860
v -0.041142 0.054227 0.107309
v -0.039129 0.042141 0.117089
v -0.044029 0.045620 0.104860
v -0.044029 0.054227 0.107309
v -0.041874 0.041897 0.117947
v -0.041874 0.050503 0.120396
v -0.035621 0.038537 0.129752
v -0.035621 0.047144 0.132201
v -0.025880 0.035871 0.139121
v -0.033285 0.039002 0.128120
v -0.033285 0.047608 0.130569
v -0.024183 0.036511 0.136874
v -0.024183 0.045117 0.139323
v -0.012714 0.034911 0.142495
v -0.012714 0.043518 0.144944
v 0.000000 0.034360 0.144432
v -0.013606 0.034160 0.145136
v -0.013606 0.042766 0.147585
v -0.000000 0.033570 0.147209
v -0.000000 0.042176 0.149658
v 0.013606 0.034160 0.145136
v 0.025880 0.035871 0.139121
v 0.013606 0.042766 0.147585
v 0.012714 0.034911 0.142495
v 0.012714 0.043518 0.144944
v 0.024183 0.036511 0.136874
v 0.024183 0.045117 0.139323
v 0.033285 0.039002 0.128120
v 0.033285 0.047608 0.130569
v 0.039129 0.042141 0.117089
v 0.035621 0.038537 0.129752
v 0.035621 0.047144 0.132201
v 0.041874 0.041897 0.117947
v 0.041874 0.050503 0.120396
v 0.044029 0.045620 0.104860
v 0.041142 0.045620 0.104860
v 0.041874 0.049344 0.091774
v 0.044029 0.054227 0.107309
v 0.041142 0.054227 0.107309
v 0.041874 0.057951 0.094223
v 0.039129 0.057706 0.095081
v 0.035621 0.061310 0.082418
v 0.025880 0.063976 0.073049
v 0.035621 0.052704 0.079969
v 0.033285 0.060845 0.084050
v 0.033285 0.052239 0.081601
v 0.024183 0.063337 0.075296
v 0.024183 0.054730 0.072847
v 0.012714 0.064936 0.069675
v 0.013606 0.065688 0.067034
v 0.000000 0.066277 0.064961
v 0.025880 0.055369 0.070600
v 0.039129 0.049100 0.092632
v 0.039129 0.050747 0.119538
v 0.025880 0.044478 0.141570
v 0.000000 0.042967 0.146881
v -0.025880 0.044478 0.141570
v -0.039129 0.050747 0.119538
v -0.041874 0.057951 0.094223
v -0.024183 0.063337 0.075296
v -0.014639 -0.009589 0.052405
v -0.016333 -0.006706 0.048973
v -0.027050 -0.011859 0.060381
v -0.030180 -0.009239 0.057872
v -0.035343 -0.015255 0.072317
v -0.039432 -0.013028 0.071190
v -0.038254 -0.019262 0.086398
v -0.033828 -0.017499 0.086899
v -0.042681 -0.017499 0.086899
v -0.035343 -0.023269 0.100478
v -0.039432 -0.021969 0.102609
v -0.027050 -0.026665 0.112415
v -0.031253 -0.021042 0.099351
v -0.023920 -0.024045 0.109906
v -0.031253 -0.012527 0.101774
v -0.023920 -0.015531 0.112329
v -0.012945 -0.017538 0.119382
v -0.014639 -0.016893 0.123817
v -0.000000 -0.017690 0.126618
v 0.014639 -0.016893 0.123817
v -0.000000 -0.020665 0.130374
v 0.016333 -0.019776 0.127249
v 0.027050 -0.014624 0.115841
v -0.041126 -0.008579 0.071726
v -0.031476 -0.004626 0.057836
v -0.030180 -0.000724 0.060295
v -0.040351 0.024444 0.085203
v -0.032074 0.023886 0.122904
v -0.023303 0.021485 0.131340
v -0.012251 0.019944 0.136756
v 0.012251 0.010537 0.134079
v 0.023303 0.012078 0.128663
v 0.040351 0.024444 0.085203
v 0.000000 0.040369 0.061802
v 0.000000 0.057277 0.065798
v 0.038174 0.027365 0.107528
v 0.035959 0.025366 0.114551
v 0.035909 0.027363 0.106864
v -0.027522 0.021910 0.126696
v 0.036547 0.028133 0.099844
v 0.027522 0.021910 0.126696
v 0.033754 0.031969 0.086400
v 0.014895 0.019601 0.134811
v 0.025826 0.035222 0.075010
v -0.000000 0.018790 0.137661
v -0.014895 0.019601 0.134811
v 0.013973 0.037396 0.067407
v -0.000002 0.038163 0.064744
v -0.013971 0.037409 0.067425
v -0.025808 0.035250 0.075041
v -0.033709 0.032023 0.086434
v -0.038448 0.027985 0.099639
v -0.035959 0.025366 0.114551
v 0.000330 -0.254314 0.031308
v 0.000214 -0.264058 0.027202
v 0.002503 -0.255564 0.032031
v 0.001786 -0.263427 0.029105
v 0.003364 -0.260772 0.026086
v 0.003118 -0.250433 0.031401
v 0.004443 -0.257901 0.025162
v 0.005243 -0.246792 0.030589
v 0.004867 -0.254793 0.023888
v 0.006552 -0.243063 0.028939
v 0.004491 -0.251503 0.022520
v 0.006732 -0.239364 0.026822
v 0.003267 -0.248117 0.021358
v 0.005651 -0.235823 0.024720
v 0.001270 -0.244744 0.020718
v 0.003398 -0.232560 0.023145
v -0.001295 -0.241504 0.020886
v 0.000276 -0.229661 0.022546
v -0.004090 -0.238507 0.022066
v -0.003239 -0.227153 0.023228
v -0.006690 -0.235836 0.024331
v -0.006605 -0.225029 0.025299
v -0.008622 -0.233448 0.027568
v -0.009205 -0.223219 0.028596
v -0.009451 -0.231414 0.031426
v -0.010591 -0.221477 0.032815
v -0.008929 -0.229646 0.035431
v -0.010464 -0.219624 0.037464
v -0.007037 -0.227986 0.039022
v -0.008735 -0.217499 0.041944
v -0.004006 -0.226248 0.041693
v -0.005567 -0.214982 0.045627
v -0.000273 -0.224180 0.043115
v -0.001370 -0.212010 0.047968
v 0.003574 -0.221718 0.043081
v 0.003205 -0.208651 0.048606
v 0.006952 -0.218827 0.041648
v 0.007436 -0.204869 0.047490
v 0.009329 -0.215533 0.039087
v 0.010627 -0.200764 0.044833
v 0.010304 -0.211927 0.035839
v 0.012208 -0.196494 0.041111
v 0.009664 -0.208144 0.032455
v 0.011843 -0.192251 0.036995
v 0.007415 -0.204353 0.029532
v 0.009488 -0.188237 0.033252
v 0.003789 -0.200728 0.027641
v 0.005418 -0.184633 0.030628
v -0.000759 -0.197432 0.027252
v 0.000199 -0.181568 0.029725
v -0.005608 -0.194588 0.028654
v -0.005417 -0.179124 0.030892
v -0.010007 -0.192167 0.031879
v -0.010505 -0.177287 0.034156
v -0.013191 -0.190269 0.036654
v -0.014238 -0.175845 0.039235
v -0.014548 -0.188806 0.042420
v -0.015963 -0.174573 0.045521
v -0.013733 -0.187589 0.048380
v -0.015321 -0.173216 0.052182
v -0.010784 -0.186375 0.053655
v -0.012322 -0.171534 0.058294
v -0.006123 -0.184911 0.057467
v -0.007354 -0.169335 0.062983
v -0.000470 -0.182985 0.059283
v -0.001136 -0.166503 0.065579
v 0.005317 -0.180422 0.058929
v 0.005403 -0.163011 0.065720
v 0.010324 -0.177230 0.056520
v 0.011248 -0.158991 0.063434
v 0.013802 -0.173512 0.052472
v 0.015471 -0.154509 0.059131
v 0.015200 -0.169428 0.047455
v 0.017371 -0.149775 0.053532
v 0.014255 -0.165192 0.042287
v 0.016577 -0.145048 0.047581
v 0.011027 -0.161041 0.037834
v 0.013117 -0.140598 0.042310
v 0.005904 -0.157210 0.034892
v 0.007430 -0.136669 0.038685
v -0.000435 -0.153890 0.034084
v 0.000302 -0.133457 0.037440
v -0.007078 -0.151133 0.035746
v -0.007186 -0.131062 0.038984
v -0.013003 -0.149062 0.039871
v -0.013871 -0.129396 0.043315
v -0.017227 -0.147628 0.046053
v -0.018667 -0.128283 0.049970
v -0.018969 -0.146665 0.053502
v -0.020751 -0.127450 0.058093
v -0.017836 -0.145907 0.061156
v -0.019711 -0.126577 0.066561
v -0.013926 -0.145039 0.067879
v -0.015631 -0.125351 0.074165
v -0.007818 -0.143757 0.072673
v -0.009081 -0.123510 0.079812
v -0.000464 -0.141824 0.074866
v -0.001031 -0.120891 0.082698
v 0.006998 -0.139118 0.074208
v 0.007306 -0.117440 0.082442
v 0.013445 -0.135622 0.070902
v 0.014662 -0.113222 0.079136
v 0.017888 -0.131474 0.065521
v 0.019895 -0.108431 0.073341
v 0.019636 -0.126920 0.058919
v 0.022153 -0.103303 0.066008
v 0.018379 -0.122245 0.052158
v 0.021015 -0.098150 0.058336
v 0.014228 -0.117753 0.046349
v 0.016565 -0.093310 0.051614
v 0.007718 -0.113726 0.042498
v 0.009390 -0.089103 0.047009
v -0.000235 -0.110336 0.041354
v 0.000522 -0.085758 0.045419
v -0.008483 -0.107759 0.043309
v -0.008715 -0.083361 0.047306
v -0.015757 -0.106015 0.048301
v -0.016890 -0.081864 0.052596
v -0.020867 -0.104994 0.055775
v -0.022691 -0.081072 0.060679
v -0.022911 -0.104459 0.064741
v -0.025145 -0.080671 0.070477
v -0.021465 -0.104078 0.073913
v -0.023789 -0.080285 0.080614
v -0.016680 -0.103475 0.081938
v -0.018759 -0.079532 0.089630
v -0.009264 -0.102307 0.087633
v -0.010767 -0.078087 0.096222
v -0.000356 -0.100317 0.090194
v -0.000994 -0.075728 0.099445
v 0.008682 -0.097387 0.089314
v 0.009092 -0.072369 0.098863
v 0.016474 -0.093547 0.085206
v 0.017957 -0.068065 0.094610
v 0.021833 -0.088969 0.078559
v 0.024224 -0.063009 0.087380
v 0.023925 -0.083929 0.070445
v 0.026879 -0.057511 0.078334
v 0.022368 -0.078798 0.062151
v 0.025434 -0.051956 0.068936
v 0.017319 -0.073938 0.055032
v 0.020017 -0.046753 0.060739
v 0.009464 -0.069677 0.050303
v 0.011370 -0.042272 0.055154
v -0.000081 -0.066273 0.048860
v 0.000754 -0.038784 0.053219
v -0.009901 -0.063856 0.051131
v -0.010234 -0.036415 0.055434
v -0.018483 -0.062409 0.056989
v -0.019900 -0.035117 0.061669
v -0.024450 -0.061766 0.065737
v -0.026715 -0.034677 0.071163
v -0.026791 -0.061622 0.076196
v -0.029562 -0.034740 0.082631
v -0.025050 -0.061581 0.086872
v -0.027919 -0.034873 0.094452
v -0.019418 -0.061216 0.096209
v -0.021953 -0.034627 0.104923
v -0.010714 -0.060142 0.102842
v -0.012500 -0.033608 0.112520
v -0.000240 -0.058084 0.105826
v -0.000944 -0.031536 0.116134
v 0.010424 -0.054919 0.104767
v 0.010992 -0.028278 0.115245
v 0.019656 -0.050697 0.099879
v 0.021474 -0.023877 0.110009
v 0.026034 -0.045631 0.091949
v 0.028857 -0.018536 0.101253
v 0.028534 -0.040066 0.082231
v 0.031935 -0.012629 0.090374
v 0.026693 -0.034426 0.072281
v 0.030148 -0.006626 0.079127
v 0.020701 -0.029155 0.063731
v 0.023678 -0.001020 0.069357
v 0.011377 -0.024656 0.058037
v 0.013431 0.003745 0.062716
v 0.000105 -0.021181 0.056245
v 0.000920 0.007349 0.060405
v -0.011440 -0.018891 0.058840
v -0.011969 0.009644 0.062975
v -0.021478 -0.017725 0.065629
v -0.023254 0.010682 0.070238
v -0.028425 -0.017460 0.075769
v -0.031167 0.010710 0.081276
v -0.031142 -0.017726 0.087878
v -0.034425 0.010134 0.094572
v -0.029122 -0.018065 0.100247
v -0.032439 0.009460 0.108239
v -0.022594 -0.017983 0.111089
v -0.025418 0.009220 0.120289
v -0.014350 0.009888 0.128953
v -0.012462 -0.017065 0.118820
v -0.000213 -0.015008 0.122303
v -0.000867 0.011807 0.132952
v 0.012308 -0.011677 0.121031
v 0.013001 0.015134 0.131699
v 0.023180 -0.007131 0.115225
v 0.025126 0.019281 0.125408
v 0.030699 -0.001620 0.105808
v 0.033556 0.023926 0.115047
v 0.033638 0.004479 0.094286
v 0.031471 0.010657 0.082494
v 0.024436 0.016394 0.072366
v 0.013531 0.021232 0.065604
v 0.000364 0.024846 0.063423
v -0.013078 0.027094 0.066355
v -0.024730 0.028050 0.074156
v -0.032759 0.028017 0.085834
v 0.004274 -0.260763 0.028555
v 0.005315 -0.251941 0.031475
v 0.006182 -0.257761 0.027131
v 0.007426 -0.248135 0.029851
v 0.007178 -0.254453 0.025099
v 0.008429 -0.244263 0.027470
v 0.007039 -0.250920 0.022822
v 0.008069 -0.240462 0.024790
v 0.005680 -0.247278 0.020728
v 0.006295 -0.236875 0.022352
v 0.003188 -0.243671 0.019271
v 0.003281 -0.233624 0.020698
v -0.000169 -0.240251 0.018864
v -0.000582 -0.230794 0.020285
v -0.003941 -0.237155 0.019814
v -0.004731 -0.228407 0.021404
v -0.007538 -0.234486 0.022239
v -0.008513 -0.226463 0.024101
v -0.010337 -0.232200 0.026012
v -0.011282 -0.224841 0.028179
v -0.011750 -0.230341 0.030732
v -0.012507 -0.223290 0.033211
v -0.011398 -0.228802 0.035756
v -0.011885 -0.221601 0.038552
v -0.009235 -0.227376 0.040330
v -0.009413 -0.219581 0.043465
v -0.005567 -0.225828 0.043765
v -0.005400 -0.217092 0.047249
v -0.000982 -0.223879 0.045628
v -0.000423 -0.214077 0.049363
v 0.003823 -0.221443 0.045682
v 0.004775 -0.210609 0.049512
v 0.008107 -0.218488 0.043984
v 0.009390 -0.206671 0.047728
v 0.011212 -0.215051 0.040855
v 0.012681 -0.202393 0.044329
v 0.012643 -0.211242 0.036822
v 0.014083 -0.197957 0.039894
v 0.012125 -0.207225 0.032544
v 0.013293 -0.193575 0.035185
v 0.009641 -0.203197 0.028745
v 0.010329 -0.189468 0.031036
v 0.005451 -0.199368 0.026125
v 0.005541 -0.185827 0.028242
v 0.000083 -0.195929 0.025265
v -0.000419 -0.182788 0.027432
v -0.005709 -0.193032 0.026537
v -0.006678 -0.180442 0.028944
v -0.011047 -0.190652 0.029998
v -0.012265 -0.178747 0.032782
v -0.015021 -0.188882 0.035373
v -0.016243 -0.177486 0.038603
v -0.016857 -0.187619 0.042002
v -0.017888 -0.176409 0.045682
v -0.016121 -0.186643 0.048938
v -0.016839 -0.175230 0.053046
v -0.012843 -0.185664 0.055126
v -0.013174 -0.173672 0.059638
v -0.007516 -0.184385 0.059633
v -0.007408 -0.171524 0.064504
v -0.000991 -0.182566 0.061824
v -0.000404 -0.168665 0.066959
v 0.005713 -0.180021 0.061496
v 0.006780 -0.165080 0.066693
v 0.011590 -0.176754 0.058774
v 0.013062 -0.160915 0.063803
v 0.015748 -0.172883 0.054123
v 0.017460 -0.156257 0.058790
v 0.017542 -0.168591 0.048303
v 0.019256 -0.151344 0.052476
v 0.016654 -0.164120 0.042247
v 0.018099 -0.146460 0.045901
v 0.013132 -0.159742 0.036948
v 0.014068 -0.141895 0.040179
v 0.007402 -0.155722 0.033327
v 0.007677 -0.137908 0.036334
v 0.000236 -0.152285 0.032114
v -0.000180 -0.134711 0.035134
v -0.007340 -0.149498 0.033705
v -0.008348 -0.132393 0.036984
v -0.014176 -0.147485 0.038125
v -0.015559 -0.130862 0.041861
v -0.019127 -0.146198 0.044933
v -0.020630 -0.129929 0.049230
v -0.021285 -0.145448 0.053238
v -0.022676 -0.129293 0.058127
v -0.020181 -0.144933 0.061838
v -0.021281 -0.128603 0.067294
v -0.015913 -0.144296 0.069430
v -0.016588 -0.127511 0.075399
v -0.009132 -0.143193 0.074879
v -0.009280 -0.125737 0.081267
v -0.000907 -0.141362 0.077415
v -0.000455 -0.123105 0.084069
v 0.007483 -0.138666 0.076751
v 0.008553 -0.119571 0.083455
v 0.014771 -0.135092 0.073108
v 0.016380 -0.115215 0.079586
v 0.019870 -0.130785 0.067103
v 0.021834 -0.110251 0.073105
v 0.021983 -0.126018 0.059682
v 0.024036 -0.104940 0.065055
v 0.020744 -0.121107 0.052029
v 0.022573 -0.099621 0.056741
v 0.016259 -0.116391 0.045387
v 0.017576 -0.094655 0.049540
v 0.009115 -0.112188 0.040889
v 0.009714 -0.090384 0.044688
v 0.000317 -0.108692 0.039378
v 0.000106 -0.087040 0.043114
v -0.008869 -0.106096 0.041310
v -0.009820 -0.084713 0.045287
v -0.017026 -0.104428 0.046633
v -0.018527 -0.083349 0.051102
v -0.022821 -0.103566 0.054750
v -0.024615 -0.082735 0.059875
v -0.025240 -0.103251 0.064568
v -0.027056 -0.082531 0.070424
v -0.023792 -0.103114 0.074664
v -0.025382 -0.082329 0.081248
v -0.018635 -0.102740 0.083533
v -0.019782 -0.081716 0.090772
v -0.010542 -0.101749 0.089860
v -0.011066 -0.080345 0.097612
v -0.000763 -0.099858 0.092749
v -0.000535 -0.077987 0.100793
v 0.009204 -0.096936 0.091849
v 0.010227 -0.074556 0.099895
v 0.017846 -0.093012 0.087382
v 0.019590 -0.070121 0.095108
v 0.023850 -0.088273 0.080092
v 0.026110 -0.064896 0.087207
v 0.026288 -0.083017 0.071143
v 0.028740 -0.059215 0.077451
v 0.024721 -0.077647 0.061948
v 0.026999 -0.053491 0.067404
v 0.019308 -0.072565 0.054000
v 0.021056 -0.048158 0.058716
v 0.010787 -0.068131 0.048641
v 0.011731 -0.043604 0.052864
v 0.000374 -0.064630 0.046861
v 0.000382 -0.040112 0.050929
v -0.010385 -0.062207 0.049143
v -0.011290 -0.037811 0.053415
v -0.019832 -0.060849 0.055361
v -0.021485 -0.036643 0.060154
v -0.026456 -0.060374 0.064767
v -0.028592 -0.036378 0.070314
v -0.029142 -0.060455 0.076077
v -0.031442 -0.036635 0.082506
v -0.027379 -0.060660 0.087667
v -0.029510 -0.036950 0.094996
v -0.021363 -0.060524 0.097834
v -0.023012 -0.036846 0.105971
v -0.011975 -0.059627 0.105089
v -0.012870 -0.035908 0.113832
v -0.000624 -0.057668 0.108391
v -0.000577 -0.033844 0.117434
v 0.010976 -0.054509 0.107302
v 0.012028 -0.030525 0.116264
v 0.021066 -0.050200 0.102039
v 0.023022 -0.026000 0.110523
v 0.028089 -0.044966 0.093443
v 0.030679 -0.020493 0.101117
v 0.030921 -0.039177 0.082871
v 0.033759 -0.014403 0.089539
v 0.029047 -0.033294 0.072009
v 0.031700 -0.008230 0.077646
v 0.022660 -0.027799 0.062627
v 0.024726 -0.002492 0.067379
v 0.012645 -0.023132 0.056315
v 0.013818 0.002348 0.060464
v 0.000484 -0.019567 0.054208
v 0.000587 0.005957 0.058141
v -0.034990 0.028969 0.084819
v -0.026290 0.029297 0.072449
v -0.013750 0.028508 0.064246
v 0.000669 0.026318 0.061271
v 0.014753 0.022661 0.063772
v 0.026378 0.017693 0.071166
v 0.033825 0.011765 0.082141
v 0.036040 0.005369 0.094862
v 0.032777 -0.000940 0.107264
v 0.024623 -0.006633 0.117363
v 0.012896 -0.011281 0.123560
v -0.000569 -0.014620 0.124876
v -0.013705 -0.016592 0.121085
v -0.024534 -0.017342 0.112740
v -0.031462 -0.017203 0.101073
v -0.033523 -0.016621 0.087797
v -0.030483 -0.016126 0.074830
v -0.022898 -0.016215 0.064017
v -0.012005 -0.017282 0.056842
v -0.012974 0.008187 0.060965
v -0.024781 0.009099 0.068711
v -0.032985 0.008957 0.080389
v -0.036259 0.008193 0.094385
v -0.034012 0.007344 0.108702
v -0.026491 0.006967 0.121257
v -0.014762 0.007557 0.130204
v -0.000557 0.009468 0.134218
v 0.013984 0.012858 0.132713
v 0.026630 0.017659 0.125943
v 0.035407 0.023585 0.114975
v 0.040848 0.054328 0.107338
v 0.037739 0.050050 0.122373
v 0.037739 0.058606 0.092303
v 0.047672 0.061794 0.109463
v 0.028884 0.046423 0.135119
v 0.028884 0.062233 0.079557
v 0.044043 0.066787 0.091916
v 0.044043 0.056801 0.127010
v 0.053371 0.072354 0.112468
v 0.015632 0.043999 0.143636
v 0.033709 0.052568 0.141885
v 0.049308 0.066764 0.132112
v -0.000000 0.043148 0.146627
v 0.018243 0.049740 0.151825
v -0.015632 0.043999 0.143636
v -0.000000 0.048747 0.155315
v -0.028884 0.046423 0.135119
v -0.018243 0.049740 0.151825
v -0.000000 0.057747 0.163800
v -0.033709 0.052568 0.141885
v -0.037739 0.050050 0.122373
v -0.044043 0.056801 0.127010
v -0.040848 0.054328 0.107338
v -0.047672 0.061794 0.109463
v -0.037739 0.058606 0.092303
v -0.053371 0.072354 0.112468
v -0.028884 0.062233 0.079557
v -0.044043 0.066787 0.091916
v -0.015632 0.064657 0.071040
v 0.000000 0.065508 0.068050
v 0.000000 0.074842 0.063611
v -0.018243 0.073849 0.067101
v 0.000000 0.086961 0.061135
v -0.033709 0.071020 0.077041
v -0.020424 0.085849 0.065042
v -0.049308 0.077944 0.092823
v -0.037739 0.082682 0.076170
v -0.021566 0.097081 0.065371
v 0.000000 0.098255 0.061245
v -0.022107 0.108224 0.067185
v 0.000000 0.109427 0.062956
v -0.040848 0.104796 0.079230
v -0.039849 0.093737 0.077121
v -0.053371 0.099667 0.097255
v -0.052066 0.088733 0.094706
v -0.057768 0.093616 0.118518
v -0.056356 0.082831 0.115449
v -0.052066 0.076928 0.136192
v -0.053371 0.087566 0.139781
v -0.049308 0.066764 0.132112
v -0.037739 0.062025 0.148765
v -0.039849 0.071924 0.153777
v -0.040848 0.082437 0.157807
v -0.022107 0.079009 0.169851
v -0.020424 0.058858 0.159893
v -0.021566 0.068581 0.165527
v -0.000000 0.077806 0.174080
v -0.000000 0.067407 0.169653
v 0.020424 0.058858 0.159893
v 0.021566 0.068581 0.165527
v 0.022107 0.079009 0.169851
v 0.037739 0.062025 0.148765
v 0.039849 0.071924 0.153777
v 0.040848 0.082437 0.157807
v 0.053371 0.087566 0.139781
v 0.052066 0.076928 0.136192
v 0.057768 0.093616 0.118518
v 0.056356 0.082831 0.115449
v 0.052066 0.088733 0.094706
v 0.053371 0.099667 0.097255
v 0.049308 0.077944 0.092823
v 0.039849 0.093737 0.077121
v 0.040848 0.104796 0.079230
v 0.037739 0.082682 0.076170
v 0.033709 0.071020 0.077041
v 0.020424 0.085849 0.065042
v 0.021566 0.097081 0.065371
v 0.022107 0.108224 0.067185
v 0.018243 0.073849 0.067101
v 0.015632 0.064657 0.071040
v -0.049646 0.099472 0.098804
v -0.037997 0.104244 0.082036
v -0.053737 0.093844 0.118583
v -0.020564 0.107432 0.070832
v -0.049646 0.088216 0.138362
v -0.037997 0.083445 0.155129
v -0.020564 0.080256 0.166333
v -0.000000 0.079137 0.170268
v 0.020564 0.080256 0.166333
v 0.037997 0.083445 0.155129
v 0.049646 0.088216 0.138362
v 0.053737 0.093844 0.118583
v 0.049646 0.099472 0.098804
v 0.037997 0.104244 0.082036
v 0.020564 0.107432 0.070832
v 0.000000 0.108551 0.066898
v -0.032603 0.060864 0.095157
v -0.024953 0.063997 0.084146
v -0.035289 0.057168 0.108146
v -0.013505 0.066091 0.076788
v -0.032603 0.053471 0.121135
v -0.024953 0.050338 0.132147
v -0.013505 0.048244 0.139504
v -0.000000 0.047509 0.142088
v 0.013505 0.048244 0.139504
v 0.024953 0.050338 0.132147
v 0.032603 0.053471 0.121135
v 0.035289 0.057167 0.108146
v 0.032603 0.060864 0.095157
v 0.024953 0.063997 0.084146
v 0.013505 0.066091 0.076788
v 0.000000 0.066826 0.074205
v 0.041241 0.080181 0.096934
v 0.031564 0.084145 0.083005
v -0.044639 0.075506 0.113365
v -0.041241 0.070831 0.129795
v 0.041241 0.070831 0.129795
v 0.044639 0.075506 0.113365
v -0.000000 0.063289 0.156299
v 0.017082 0.064219 0.153031
v -0.017082 0.086793 0.073698
v -0.031564 0.084145 0.083005
v -0.017082 0.064219 0.153031
v 0.031564 0.066867 0.143724
v -0.031564 0.066867 0.143724
v -0.041241 0.080181 0.096934
v 0.017082 0.086793 0.073698
v 0.000000 0.087723 0.070430
v 0.000000 0.057167 0.108146
v 0.001899 0.124080 0.118210
v 0.002374 0.122417 0.115234
v 0.008095 0.122915 0.122182
v -0.005409 0.123671 0.119605
v 0.000000 0.121392 0.127372
v 0.005409 0.119113 0.135139
v -0.001899 0.118703 0.136534
v -0.008095 0.119869 0.132562
v 0.009549 0.120857 0.129194
v -0.009549 0.121927 0.125550
v -0.011935 0.119725 0.124409
v -0.010118 0.117153 0.133174
v -0.006761 0.121906 0.116978
v -0.011935 0.057258 0.106079
v -0.010118 0.054686 0.114844
v -0.006761 0.059439 0.098648
v 0.002374 0.059950 0.096904
v 0.010118 0.058493 0.101869
v 0.010118 0.120960 0.120199
v 0.011935 0.055921 0.110635
v 0.011935 0.118388 0.128965
v 0.006761 0.053741 0.118066
v 0.006761 0.116208 0.136396
v -0.002374 0.053229 0.119809
v -0.002374 0.115696 0.138139
v 0.000000 -0.007093 0.048757
v -0.000000 -0.004891 0.018851
v -0.003459 -0.005671 0.048932
v 0.003459 -0.005671 0.048932
v 0.004891 -0.002238 0.049354
v 0.003459 -0.003459 0.018851
v 0.004891 0.000000 0.018851
v 0.008076 -0.008076 0.016187
v 0.008479 -0.008479 0.013536
v -0.000000 -0.011422 0.016187
v 0.011422 0.000000 0.016187
v 0.008076 0.008076 0.016187
v 0.011991 0.000000 0.013536
v 0.008479 0.008479 0.013536
v -0.000000 0.011991 0.013536
v -0.011991 0.000000 0.013536
v -0.011422 0.000000 0.016187
v -0.008479 -0.008479 0.013536
v -0.008479 0.008479 0.013536
v -0.008076 0.008076 0.016187
v -0.003459 0.003459 0.018851
v -0.000000 0.011422 0.016187
v -0.000000 0.004891 0.018851
v 0.000000 0.002617 0.049951
v 0.003459 0.003459 0.018851
v 0.003459 0.001195 0.049776
v -0.003459 0.001195 0.049776
v -0.004891 -0.002238 0.049354
v -0.004891 0.000000 0.018851
v -0.003459 -0.003459 0.018851
v -0.008076 -0.008076 0.016187
v -0.000000 -0.011991 0.013536
v -0.000000 0.132115 0.116033
v -0.000000 0.122953 0.119413
v 0.009943 0.130937 0.119782
v -0.000000 0.141647 0.116506
v -0.009943 0.130937 0.119782
v -0.011437 0.140354 0.120931
v -0.005698 0.122301 0.121681
v -0.013923 0.128259 0.129358
v -0.016133 0.137199 0.131924
v -0.008084 0.120693 0.127148
v -0.009992 0.125398 0.138932
v -0.000000 0.124371 0.142786
v -0.005726 0.119092 0.132645
v -0.011528 0.133984 0.142993
v -0.010887 0.145607 0.145831
v -0.000000 0.132693 0.147520
v 0.011528 0.133984 0.142993
v 0.000000 0.144392 0.150033
v 0.010887 0.145607 0.145831
v 0.000000 0.156760 0.150877
v 0.009047 0.157796 0.147424
v 0.000000 0.171356 0.150211
v -0.009047 0.157796 0.147424
v -0.012615 0.160239 0.138712
v -0.005611 0.171980 0.147937
v -0.002730 0.179484 0.147081
v -0.007877 0.173497 0.142533
v -0.005535 0.174989 0.137199
v -0.003802 0.180178 0.144440
v -0.000000 0.182476 0.145100
v -0.002638 0.180834 0.141884
v 0.000000 0.181168 0.140817
v 0.000000 0.175610 0.135013
v 0.002638 0.180834 0.141884
v 0.005535 0.174989 0.137199
v 0.003802 0.180178 0.144440
v 0.007877 0.173497 0.142533
v 0.002730 0.179484 0.147081
v 0.005611 0.171980 0.147937
v 0.000000 0.179206 0.148227
v 0.012615 0.160239 0.138712
v 0.009012 0.162763 0.130060
v 0.015281 0.148602 0.135363
v 0.016133 0.137199 0.131924
v 0.010908 0.151621 0.124883
v 0.011437 0.140354 0.120931
v 0.000000 0.152823 0.120655
v 0.000000 0.163703 0.126611
v -0.010908 0.151621 0.124883
v -0.009012 0.162763 0.130060
v -0.015281 0.148602 0.135363
v 0.013923 0.128259 0.129358
v 0.008084 0.120693 0.127148
v 0.009992 0.125398 0.138932
v 0.005726 0.119092 0.132645
v -0.000000 0.118413 0.134933
v -0.000000 0.117809 0.126318
v 0.005698 0.122301 0.121681
v 0.042948 -0.017790 0.013681
v -0.000000 -0.000000 0.013681
v 0.045212 -0.018728 0.003953
v 0.032871 -0.032871 0.013681
v 0.046487 -0.000000 0.013681
v 0.048938 -0.000000 0.003953
v 0.042948 0.017790 0.013681
v 0.032871 0.032871 0.013681
v 0.045212 0.018728 0.003953
v 0.034604 0.034604 0.003953
v 0.053363 0.022104 0.002804
v 0.054080 0.022401 -0.000000
v 0.040842 0.040842 0.002804
v 0.057760 -0.000000 0.002804
v 0.053363 -0.022104 0.002804
v 0.058536 0.000000 -0.000000
v 0.054080 -0.022401 -0.000000
v 0.041391 -0.041391 -0.000000
v 0.022401 -0.054080 -0.000000
v 0.040842 -0.040842 0.002804
v 0.022104 -0.053363 0.002804
v 0.034604 -0.034604 0.003953
v 0.018728 -0.045212 0.003953
v -0.000000 -0.048938 0.003953
v 0.017790 -0.042948 0.013681
v -0.000000 -0.046487 0.013681
v -0.017790 -0.042948 0.013681
v -0.018728 -0.045212 0.003953
v -0.032871 -0.032871 0.013681
v -0.042948 -0.017790 0.013681
v -0.034604 -0.034604 0.003953
v -0.045212 -0.018728 0.003953
v -0.040842 -0.040842 0.002804
v -0.022104 -0.053363 0.002804
v -0.041391 -0.041391 -0.000000
v -0.053363 -0.022104 0.002804
v -0.057760 0.000000 0.002804
v -0.054080 -0.022401 -0.000000
v -0.058536 0.000000 -0.000000
v -0.054080 0.022401 -0.000000
v -0.041391 0.041391 -0.000000
v -0.053363 0.022104 0.002804
v -0.045212 0.018728 0.003953
v -0.040842 0.040842 0.002804
v -0.034604 0.034604 0.003953
v -0.022104 0.053363 0.002804
v 0.000000 0.057760 0.002804
v -0.022401 0.054080 -0.000000
v -0.018728 0.045212 0.003953
v 0.000000 0.048938 0.003953
v -0.017790 0.042948 0.013681
v -0.032871 0.032871 0.013681
v 0.000000 0.046487 0.013681
v 0.017790 0.042948 0.013681
v 0.018728 0.045212 0.003953
v 0.022104 0.053363 0.002804
v 0.022401 0.054080 -0.000000
v 0.000000 0.058536 -0.000000
v 0.041391 0.041391 -0.000000
v -0.042948 0.017790 0.013681
v -0.046487 0.000000 0.013681
v -0.048938 0.000000 0.003953
v -0.022401 -0.054080 -0.000000
v -0.000000 -0.058536 -0.000000
v -0.000000 -0.057760 0.002804
vn 0.2581 0.2321 -0.9378
vn 0.2636 0.2636 -0.9279
vn -0.0000 0.2730 -0.9620
vn -0.0000 0.2250 -0.9743
vn 0.2588 0.2324 -0.9375
vn -0.0000 0.2255 -0.9742
vn 0.9511 -0.0846 0.2972
vn -0.0000 0.9618 0.2737
vn 0.5878 0.2214 -0.7781
vn 0.8090 0.1609 -0.5653
vn -0.0000 -0.9618 -0.2737
vn -0.2664 -0.2385 0.9339
vn -0.5878 -0.2214 0.7781
vn -0.2614 -0.2348 0.9363
vn -0.8090 -0.1609 0.5653
vn -0.9511 -0.0846 0.2972
vn -1.0000 -0.0000 -0.0000
vn -0.9511 0.0846 -0.2972
vn -0.8090 0.1609 -0.5653
vn 0.8090 -0.1609 0.5653
vn 1.0000 -0.0000 -0.0000
vn 0.5878 -0.2214 0.7781
vn 0.3090 -0.2603 0.9147
vn -0.0000 -0.2737 0.9618
vn -0.3090 -0.2603 0.9147
vn 0.9511 0.0846 -0.2972
vn 0.2664 -0.2385 0.9339
vn 0.2614 -0.2348 0.9363
vn -0.5878 0.2214 -0.7781
vn -0.2581 0.2321 -0.9378
vn -0.2636 0.2636 -0.9279
vn -0.3068 0.6647 -0.6812
vn -0.0000 0.4596 -0.8881
vn -0.9390 0.0117 0.3437
vn 0.3068 0.6647 -0.6812
vn -0.0000 0.2737 -0.9618
vn -0.3827 0.2529 -0.8886
vn 0.3827 0.2529 -0.8886
vn -0.0000 -0.4583 -0.8888
vn -0.2791 -0.4735 -0.8354
vn 0.2791 -0.4735 -0.8354
vn 0.5158 0.7991 -0.3089
vn 0.7071 0.1935 -0.6801
vn 0.5158 -0.5168 -0.6833
vn 0.0338 -0.9515 -0.3058
vn 0.0183 -0.9487 -0.3158
vn -0.0000 -0.9477 -0.3193
vn -0.2706 -0.9627 0.0074
vn -0.1464 -0.9854 0.0872
vn -0.0000 -0.9933 0.1152
vn -0.3827 -0.2529 0.8886
vn -0.7071 -0.1935 0.6801
vn -0.9239 -0.1047 0.3681
vn 0.0441 -0.9557 -0.2909
vn -0.3536 -0.9287 -0.1120
vn 0.0477 -0.9607 -0.2734
vn -0.3827 -0.8886 -0.2529
vn 0.6739 -0.5815 -0.4557
vn 0.7294 -0.6579 -0.1872
vn 0.9239 0.1047 -0.3681
vn 0.6739 0.7343 -0.0813
vn 0.7294 0.6579 0.1872
vn 0.0338 0.9700 0.2409
vn 0.0441 0.9657 0.2558
vn 0.0477 0.9607 0.2734
vn 0.6739 0.5815 0.4557
vn 0.9239 -0.1047 0.3681
vn 0.0441 0.9557 0.2909
vn 0.0338 0.9515 0.3058
vn 0.5158 0.5168 0.6833
vn 0.7071 -0.1935 0.6801
vn 0.5158 -0.7991 0.3089
vn 0.6739 -0.7343 0.0813
vn 0.3827 -0.2529 0.8886
vn 0.2791 0.4735 0.8354
vn 0.2791 -0.8424 0.4610
vn 0.0183 -0.9728 -0.2310
vn 0.0338 -0.9700 -0.2409
vn 0.0441 -0.9657 -0.2558
vn -0.1464 -0.7918 -0.5929
vn -0.2706 -0.8145 -0.5131
vn -0.3536 -0.8485 -0.3937
vn -0.9239 0.1047 -0.3681
vn -0.7071 0.1935 -0.6801
vn -0.2706 0.9627 -0.0074
vn -0.3536 0.9287 0.1120
vn -0.3827 0.8886 0.2529
vn -0.3536 0.8485 0.3937
vn -0.0000 -0.9738 -0.2275
vn -0.0000 -0.7839 -0.6209
vn -0.0183 -0.9728 -0.2310
vn 0.1464 -0.7918 -0.5929
vn -0.0000 -0.8576 0.5144
vn -0.2791 -0.8424 0.4610
vn -0.5158 -0.7991 0.3089
vn -0.0338 -0.9700 -0.2409
vn -0.0000 0.4583 0.8888
vn -0.2791 0.4735 0.8354
vn -0.5158 0.5168 0.6833
vn -0.6739 0.5815 0.4557
vn -0.6739 -0.7343 0.0813
vn -0.0338 0.9515 0.3058
vn -0.0183 0.9487 0.3158
vn -0.0441 0.9557 0.2909
vn -0.0477 0.9607 0.2734
vn -0.7294 0.6579 0.1872
vn -0.6739 0.7343 -0.0813
vn -0.0441 0.9657 0.2558
vn 0.3536 0.9287 0.1120
vn 0.3827 0.8886 0.2529
vn 0.3536 0.8485 0.3937
vn -0.0338 0.9700 0.2409
vn -0.5158 0.7991 -0.3089
vn 0.2706 0.8145 0.5131
vn 0.1464 0.7918 0.5929
vn 0.0065 0.9302 0.3671
vn -0.0000 0.7839 0.6209
vn -0.1464 0.7918 0.5929
vn -0.0065 0.9302 0.3671
vn -0.0000 -0.2198 0.9756
vn -0.1746 -0.2164 0.9606
vn -0.0000 -0.2373 0.9714
vn -0.0000 -0.2314 0.9729
vn -0.0000 -0.2307 0.9730
vn 0.2537 -0.2354 0.9382
vn 0.9390 0.0117 0.3437
vn -0.2706 0.8145 0.5131
vn 0.1746 -0.2164 0.9606
vn -0.2537 -0.2354 0.9382
vn -0.3018 -0.2503 0.9199
vn -0.0000 -0.2525 0.9676
vn 0.3018 -0.2503 0.9199
vn -0.2588 0.2324 -0.9375
vn -0.3090 0.2603 -0.9147
vn 0.3090 0.2603 -0.9147
vn -0.0338 -0.9515 -0.3058
vn -0.0183 -0.9487 -0.3158
vn 0.1464 -0.9854 0.0872
vn 0.2706 -0.9627 0.0074
vn -0.5158 -0.5168 -0.6833
vn -0.0441 -0.9557 -0.2909
vn 0.3536 -0.9287 -0.1120
vn -0.6739 -0.5815 -0.4557
vn -0.0477 -0.9607 -0.2734
vn 0.3827 -0.8886 -0.2529
vn -0.7294 -0.6579 -0.1872
vn -0.0441 -0.9657 -0.2558
vn 0.3536 -0.8485 -0.3937
vn 0.2706 -0.8145 -0.5131
vn 0.2706 0.9627 -0.0074
vn 0.1464 0.9854 -0.0872
vn -0.0000 0.9933 -0.1152
vn -0.0000 0.9477 0.3193
vn 0.0183 0.9487 0.3158
vn -0.1464 0.9854 -0.0872
vn 0.0743 -0.9651 -0.2512
vn 0.0107 -0.9662 -0.2576
vn 0.0456 -0.9812 -0.1878
vn -0.0052 -0.9688 -0.2477
vn 0.0076 -0.9780 -0.2086
vn -0.0175 -0.9635 -0.2671
vn -0.0131 -0.9650 -0.2621
vn -0.0079 -0.9661 -0.2579
vn -0.0015 -0.9671 -0.2544
vn 0.0073 -0.9679 -0.2514
vn 0.0202 -0.9682 -0.2494
vn 0.0476 -0.9670 -0.2502
vn 0.0779 -0.9656 -0.2482
vn -0.2002 -0.9701 -0.1369
vn -0.9127 0.2259 -0.3405
vn -0.9777 0.1632 -0.1318
vn -0.9913 0.1314 0.0001
vn -0.8983 0.2339 -0.3719
vn 0.1994 0.3392 0.9193
vn -0.1336 0.3266 0.9357
vn -0.1374 0.3267 0.9351
vn 0.1956 0.3388 0.9203
vn -0.1915 -0.1260 0.9734
vn -0.2753 -0.1202 0.9538
vn -0.6210 -0.0713 0.7806
vn -0.5400 -0.0870 0.8372
vn -0.5939 0.3185 -0.7388
vn -0.6750 0.3175 -0.6660
vn -0.6357 0.3185 -0.7031
vn -0.9642 0.0730 0.2551
vn -0.9845 0.1041 0.1412
vn -0.9524 0.2044 -0.2261
vn -0.9791 0.1722 -0.1082
vn -0.7812 0.2928 -0.5513
vn -0.8511 0.2660 -0.4527
vn -0.8103 -0.0175 0.5858
vn -0.8691 0.0075 0.4946
vn -0.5820 -0.2777 0.7643
vn -0.3736 -0.0885 0.9234
vn -0.3382 -0.0587 0.9393
vn 0.8664 0.0113 -0.4992
vn 0.8222 0.0302 -0.5684
vn 0.9696 -0.0599 -0.2374
vn 0.9853 -0.0840 -0.1488
vn 0.6165 0.0890 -0.7823
vn 0.5590 0.1004 -0.8231
vn -0.7414 -0.2525 0.6218
vn -0.6789 -0.2693 0.6831
vn -0.9092 -0.1848 0.3732
vn -0.9427 -0.1627 0.2913
vn 0.5461 0.3317 -0.7692
vn 0.5687 0.3277 -0.7544
vn 0.8389 0.2535 -0.4817
vn 0.8277 0.2581 -0.4984
vn -0.3154 0.1592 -0.9355
vn -0.3874 0.1526 -0.9092
vn -0.0075 0.1707 -0.9853
vn 0.0700 0.1697 -0.9830
vn -0.9701 -0.0409 -0.2390
vn -0.9776 -0.1445 0.1529
vn -0.9838 -0.1352 0.1181
vn -0.9633 -0.0338 -0.2662
vn -0.8319 -0.0266 0.5542
vn -0.8546 -0.0169 0.5190
vn -0.9822 0.0781 0.1706
vn -0.9743 0.0659 0.2154
vn -0.9641 0.1777 -0.1973
vn -0.9746 0.1653 -0.1512
vn -0.8038 0.2678 -0.5312
vn -0.8314 0.2573 -0.4925
vn 0.2696 0.1374 -0.9531
vn 0.2162 0.1413 -0.9661
vn -0.5248 0.3352 -0.7825
vn -0.5632 0.3287 -0.7581
vn -0.1677 0.3701 -0.9137
vn -0.2088 0.3681 -0.9061
vn 0.2152 0.3680 -0.9046
vn 0.1807 0.3697 -0.9114
vn 0.9798 0.1571 -0.1239
vn 0.9764 0.1621 -0.1424
vn 0.5609 0.3115 -0.7670
vn 0.5589 0.3119 -0.7684
vn 0.8344 0.2376 -0.4973
vn 0.8377 0.2362 -0.4923
vn -0.9806 0.0578 0.1871
vn -0.9791 0.0555 0.1958
vn -0.9722 0.1546 -0.1758
vn -0.9704 0.1567 -0.1836
vn 0.9797 -0.0484 -0.1945
vn 0.9813 -0.0509 -0.1855
vn 0.9716 -0.1497 0.1833
vn 0.9735 -0.1474 0.1747
vn 0.3886 -0.1375 0.9111
vn 0.3319 -0.1430 0.9324
vn -0.0523 -0.1557 0.9864
vn 0.0092 -0.1563 0.9877
vn -0.5490 0.3175 -0.7732
vn -0.5396 0.3190 -0.7791
vn -0.1844 0.3550 -0.9165
vn -0.1921 0.3546 -0.9151
vn 0.1498 -0.1585 0.9759
vn 0.1685 -0.1579 0.9730
vn -0.2203 -0.1529 0.9634
vn -0.2354 -0.1519 0.9600
vn 0.9825 0.1311 -0.1322
vn 0.9793 0.1360 -0.1502
vn 0.9719 0.0339 0.2330
vn 0.9680 0.0296 0.2493
vn -0.4216 -0.3183 0.8491
vn -0.3565 -0.3259 0.8756
vn -0.6869 -0.2698 0.6748
vn -0.7373 -0.2561 0.6251
vn 0.3406 -0.3320 0.8796
vn 0.4041 -0.3258 0.8547
vn 0.0267 -0.3453 0.9381
vn -0.0429 -0.3448 0.9377
vn -0.8158 0.2466 -0.5231
vn -0.8204 0.2449 -0.5167
vn -0.5468 0.3132 -0.7765
vn -0.5391 0.3144 -0.7813
vn -0.3709 -0.1362 0.9186
vn -0.4278 -0.1295 0.8946
vn -0.7378 -0.0688 0.6715
vn -0.6943 -0.0806 0.7151
vn 0.9817 -0.0610 -0.1806
vn 0.9781 -0.0556 -0.2006
vn 0.9741 -0.1543 0.1654
vn 0.9694 -0.1600 0.1864
vn -0.8448 -0.0354 0.5340
vn -0.8391 -0.0378 0.5427
vn -0.9368 -0.1777 0.3015
vn -0.9144 -0.1925 0.3561
vn -0.9956 -0.0929 -0.0123
vn -0.9944 -0.0769 -0.0719
vn -0.5188 -0.8362 -0.1779
vn -0.5015 -0.7839 -0.3662
vn -0.5019 -0.7843 -0.3647
vn -0.5187 -0.8366 -0.1764
vn 0.8408 0.0448 -0.5395
vn 0.8469 0.0423 -0.5301
vn 0.9002 -0.2140 0.3792
vn 0.9230 -0.2006 0.3283
vn 0.7121 -0.2828 0.6426
vn 0.6707 -0.2928 0.6815
vn 0.9811 0.1396 -0.1341
vn 0.9799 0.1414 -0.1408
vn 0.9688 0.0392 0.2446
vn 0.9679 0.0382 0.2484
vn -0.7187 0.2781 -0.6373
vn -0.9259 0.1960 -0.3230
vn -0.9004 0.2111 -0.3805
vn -0.6720 0.2896 -0.6815
vn -0.0882 -0.4140 -0.9060
vn 0.2045 -0.4177 -0.8853
vn 0.1965 -0.4171 -0.8873
vn -0.0961 -0.4144 -0.9050
vn 0.2093 0.3456 -0.9148
vn 0.1955 0.3464 -0.9175
vn 0.5554 0.3054 -0.7735
vn 0.5692 0.3029 -0.7644
vn -0.6481 -0.7550 0.1000
vn -0.7296 -0.6692 -0.1409
vn -0.7290 -0.6710 -0.1354
vn -0.6454 -0.7567 0.1044
vn -0.5810 -0.5020 -0.6407
vn -0.5853 -0.5038 -0.6353
vn -0.7087 -0.5837 -0.3963
vn -0.7070 -0.5817 -0.4023
vn 0.9122 0.1922 -0.3619
vn 0.6873 0.2768 -0.6716
vn 0.7354 0.2637 -0.6242
vn 0.9380 0.1753 -0.2992
vn 0.8102 -0.0580 0.5833
vn 0.8023 -0.0608 0.5939
vn 0.5409 -0.8402 0.0386
vn 0.4040 -0.8874 0.2222
vn 0.4061 -0.8869 0.2203
vn 0.5421 -0.8395 0.0360
vn -0.5525 -0.6834 -0.4773
vn -0.4102 -0.6335 -0.6561
vn -0.4124 -0.6340 -0.6541
vn -0.5538 -0.6840 -0.4748
vn -0.3294 0.1508 -0.9321
vn -0.3887 0.1451 -0.9099
vn -0.0089 0.1639 -0.9864
vn 0.0552 0.1633 -0.9850
vn 0.5213 -0.1251 0.8442
vn 0.5142 -0.1261 0.8484
vn 0.5674 -0.7150 -0.4085
vn 0.5990 -0.7799 -0.1819
vn 0.5991 -0.7790 -0.1848
vn 0.5663 -0.7141 -0.4115
vn -0.8004 0.0520 -0.5973
vn -0.7949 0.0538 -0.6044
vn 0.2071 -0.9152 0.3457
vn -0.0223 -0.9157 0.4012
vn -0.0190 -0.9159 0.4009
vn 0.2096 -0.9150 0.3447
vn 0.6594 -0.7010 -0.2717
vn 0.7015 -0.6206 -0.3504
vn 0.6989 -0.6264 -0.3452
vn 0.7072 -0.0891 0.7014
vn 0.5811 -0.1143 0.8058
vn 0.4325 -0.1382 0.8910
vn -0.9394 -0.1674 0.2991
vn -0.9124 -0.1852 0.3650
vn -0.9963 -0.0853 -0.0061
vn -0.9948 -0.0660 -0.0782
vn 0.8419 0.2275 -0.4893
vn 0.8318 0.2316 -0.5044
vn -0.3641 -0.4433 -0.8191
vn -0.3707 -0.4445 -0.8155
vn 0.1977 0.3531 -0.9144
vn 0.2006 0.3530 -0.9139
vn -0.1801 0.3494 -0.9195
vn -0.1911 0.3489 -0.9175
vn -0.5480 -0.3137 0.7754
vn -0.1916 -0.3525 0.9160
vn -0.1946 -0.3523 0.9154
vn -0.5628 -0.3110 0.7658
vn -0.1639 0.1666 -0.9723
vn -0.1388 0.1674 -0.9761
vn 0.2426 0.1600 -0.9568
vn 0.2239 0.1612 -0.9612
vn -0.5007 0.1184 -0.8575
vn -0.5130 0.1166 -0.8504
vn -0.1590 0.1472 -0.9762
vn -0.1239 0.1482 -0.9812
vn -0.5732 -0.1108 0.8119
vn -0.5835 -0.1089 0.8048
vn -0.6123 -0.7449 -0.2649
vn -0.6124 -0.7457 -0.2624
vn -0.1102 -0.9451 0.3077
vn -0.3090 -0.9181 0.2481
vn -0.3076 -0.9184 0.2488
vn -0.1087 -0.9452 0.3078
vn 0.8033 -0.0516 0.5933
vn 0.8018 -0.0521 0.5953
vn 0.5078 -0.1178 0.8534
vn 0.5181 -0.1163 0.8474
vn 0.8157 -0.2497 0.5217
vn 0.8273 -0.2453 0.5053
vn 0.5560 -0.3153 0.7691
vn 0.5430 -0.3175 0.7774
vn -0.8987 0.0210 -0.4381
vn -0.9238 0.0063 -0.3829
vn -0.7103 0.0898 -0.6982
vn -0.6647 0.1009 -0.7403
vn 0.7098 -0.0824 0.6995
vn 0.9231 0.0010 0.3846
vn 0.8991 -0.0130 0.4375
vn 0.6663 -0.0930 0.7399
vn 0.8181 -0.2399 0.5226
vn 0.8240 -0.2377 0.5143
vn -0.1512 -0.9523 0.2651
vn -0.3326 -0.9249 0.1844
vn -0.3315 -0.9251 0.1852
vn -0.1499 -0.9524 0.2654
vn 0.5757 0.1186 -0.8090
vn 0.5879 0.1162 -0.8006
vn -0.6912 0.4054 0.5982
vn -0.8186 0.4868 0.3049
vn -0.8192 0.4878 0.3015
vn -0.6933 0.4062 0.5953
vn -0.3369 -0.8818 -0.3300
vn -0.2856 -0.8359 -0.4688
vn -0.2864 -0.8363 -0.4675
vn -0.3371 -0.8824 -0.3282
vn -0.1730 -0.8013 -0.5728
vn -0.1742 -0.8015 -0.5720
vn -0.0212 -0.7813 -0.6238
vn 0.1440 -0.7788 -0.6105
vn 0.1429 -0.7787 -0.6109
vn -0.0225 -0.7814 -0.6236
vn 0.4879 -0.8323 -0.2630
vn 0.4655 -0.8818 -0.0761
vn 0.4661 -0.8813 -0.0780
vn 0.4877 -0.8318 -0.2650
vn 0.7337 0.0671 -0.6762
vn 0.6951 0.0774 -0.7147
vn 0.9139 -0.0054 -0.4058
vn 0.9345 -0.0189 -0.3553
vn 0.7159 0.6276 -0.3060
vn 0.8521 0.5233 0.0008
vn 0.8532 0.5215 0.0061
vn 0.7190 0.6261 -0.3016
vn -0.6908 0.7057 -0.1574
vn -0.5125 0.7687 -0.3827
vn -0.5099 0.7693 -0.3849
vn -0.6895 0.7064 -0.1600
vn -0.3392 0.1377 -0.9306
vn -0.3893 0.1327 -0.9115
vn -0.0098 0.1523 -0.9883
vn 0.0446 0.1519 -0.9874
vn -0.6713 0.0866 -0.7361
vn -0.7097 0.0771 -0.7002
vn 0.7091 -0.0689 0.7017
vn 0.9214 0.0144 0.3883
vn 0.9013 0.0025 0.4331
vn 0.6726 -0.0780 0.7359
vn -0.9011 0.0062 -0.4336
vn -0.9222 -0.0064 -0.3866
vn 0.8446 -0.4806 0.2360
vn 0.9157 -0.1709 0.3638
vn 0.9851 -0.1268 0.1165
vn 0.9144 -0.3896 -0.1102
vn -0.7329 -0.2768 0.6215
vn -0.4198 -0.3367 0.8429
vn -0.3722 -0.3421 0.8628
vn -0.6966 -0.2865 0.6578
vn 0.7970 0.5570 0.2334
vn 0.7065 0.4644 0.5339
vn 0.7047 0.4634 0.5373
vn 0.7967 0.5558 0.2372
vn -0.6571 0.5671 0.4966
vn -0.4795 0.5053 0.7175
vn -0.4790 0.5052 0.7179
vn -0.6567 0.5669 0.4973
vn 0.1214 0.4717 0.8734
vn -0.1623 0.4529 0.8766
vn -0.1630 0.4530 0.8765
vn 0.1220 0.4718 0.8732
vn -0.8406 -0.2989 -0.4517
vn -0.9055 0.0224 -0.4237
vn -0.9958 -0.0752 -0.0525
vn -0.9132 -0.3907 -0.1161
vn -0.9921 0.1049 0.0686
vn 0.9930 -0.1182 0.0086
vn 0.9138 -0.2173 0.3432
vn 0.8947 -0.2259 0.3853
vn 0.8698 0.1160 0.4796
vn 0.8631 0.1100 0.4929
vn 0.6771 0.0133 0.7357
vn 0.6957 0.0204 0.7181
vn -0.9140 0.0240 0.4050
vn -0.6958 -0.0488 0.7166
vn -0.7216 -0.0431 0.6910
vn -0.9280 0.0320 0.3713
vn -0.3725 -0.0921 0.9234
vn -0.4052 -0.0896 0.9098
vn 0.0057 -0.0974 0.9952
vn -0.0274 -0.0986 0.9948
vn 0.9126 0.1599 0.3764
vn 0.6674 -0.3066 0.6787
vn 0.5330 -0.3373 0.7760
vn 0.6008 -0.3234 0.7310
vn 0.9589 -0.1829 0.2171
vn 0.9796 -0.1578 0.1242
vn 0.8486 -0.2500 0.4662
vn 0.7928 -0.2715 0.5457
vn 0.1864 -0.1290 0.9740
vn 0.1164 -0.1313 0.9845
vn 0.2135 0.8035 0.5557
vn 0.2959 0.6028 0.7410
vn 0.3005 0.6166 0.7277
vn 0.1299 0.8542 0.5035
vn 0.8131 -0.0289 0.5814
vn 0.7902 -0.0369 0.6118
vn 0.4913 -0.1022 0.8650
vn 0.5381 -0.0952 0.8375
vn -0.2206 -0.1418 0.9650
vn -0.2494 -0.1398 0.9583
vn -0.5983 -0.0934 0.7958
vn -0.5683 -0.0992 0.8168
vn 0.3709 0.1328 -0.9191
vn 0.4212 0.1270 -0.8980
vn 0.9939 -0.1084 0.0225
vn 0.9949 -0.0913 -0.0418
vn 0.9268 -0.1884 0.3250
vn 0.9002 -0.2041 0.3846
vn -0.8258 -0.2408 0.5099
vn -0.8432 -0.2338 0.4842
vn -0.5311 0.1333 -0.8367
vn -0.8178 0.0651 -0.5718
vn -0.7951 0.0730 -0.6021
vn -0.5033 0.1375 -0.8531
vn -0.5432 -0.3028 0.7831
vn -0.1825 -0.3424 0.9217
vn -0.2080 -0.3410 0.9168
vn -0.5719 -0.2976 0.7644
vn 0.3573 0.3330 -0.8726
vn -0.0256 0.3526 -0.9354
vn 0.0413 0.3520 -0.9351
vn 0.4198 0.3257 -0.8472
vn -0.8220 0.2486 -0.5124
vn -0.8148 0.2513 -0.5225
vn -0.8406 -0.0344 0.5405
vn -0.8460 -0.0321 0.5322
vn -0.9807 0.0618 0.1853
vn -0.9786 0.0586 0.1970
vn 0.0978 -0.9501 0.2961
vn 0.0992 -0.9501 0.2958
vn 0.4306 0.1370 -0.8921
vn 0.3715 0.1439 -0.9172
vn 0.6951 0.0883 -0.7135
vn 0.7402 0.0761 -0.6681
vn 0.0830 0.1528 0.9848
vn 0.0773 0.1522 0.9853
vn 0.4191 0.2067 0.8841
vn 0.4242 0.2079 0.8814
vn -0.9150 -0.2033 0.3484
vn -0.9343 -0.1906 0.3013
vn 0.5938 0.7316 -0.3348
vn 0.7557 0.6508 -0.0731
vn 0.7570 0.6497 -0.0694
vn 0.5965 0.7307 -0.3320
vn -0.0439 -0.3544 0.9341
vn 0.0147 -0.3551 0.9347
vn -0.3666 -0.3342 0.8683
vn -0.4211 -0.3277 0.8457
vn -0.8246 -0.2295 0.5171
vn -0.8470 -0.2205 0.4838
vn -0.9851 -0.1224 0.1205
vn -0.9777 -0.1335 0.1620
vn -0.9965 -0.0829 0.0047
vn -0.9840 -0.0393 -0.1739
vn -0.4271 -0.3165 0.8470
vn -0.2601 -0.3347 0.9057
vn 0.2044 -0.3396 0.9181
vn 0.5577 -0.3028 0.7729
vn 0.5334 -0.3069 0.7883
vn 0.1726 -0.3410 0.9241
vn -0.5187 0.1292 -0.8451
vn -0.8111 0.0622 -0.5816
vn -0.7920 0.0686 -0.6066
vn -0.5018 0.1317 -0.8549
vn -0.9941 0.0990 0.0437
vn -0.9931 0.1154 -0.0182
vn 0.4479 -0.6563 -0.6072
vn 0.4456 -0.6556 -0.6096
vn -0.8161 0.5779 -0.0071
vn -0.8153 0.5789 -0.0106
vn 0.3392 -0.3421 0.8763
vn 0.3932 -0.3370 0.8555
vn 0.5094 -0.8122 -0.2843
vn 0.4923 -0.8660 -0.0881
vn 0.4928 -0.8655 -0.0899
vn 0.5092 -0.8117 -0.2862
vn 0.0963 -0.6616 -0.7437
vn 0.2955 -0.6853 -0.6656
vn 0.2937 -0.6850 -0.6668
vn 0.0942 -0.6614 -0.7441
vn -0.4031 0.3332 -0.8524
vn -0.3418 0.3392 -0.8764
vn -0.6547 0.1111 -0.7477
vn -0.7103 0.0979 -0.6971
vn -0.0978 -0.3419 0.9346
vn -0.9643 -0.0205 -0.2640
vn -0.9737 -0.0305 -0.2259
vn -0.9426 0.0078 -0.3340
vn 0.9635 0.0546 0.2621
vn 0.9693 0.0609 0.2381
vn 0.8040 0.0596 -0.5916
vn 0.8913 0.0258 -0.4528
vn 0.9828 -0.0513 -0.1774
vn 0.9780 -0.0442 -0.2038
vn 0.9696 -0.1501 0.1934
vn 0.9754 -0.1433 0.1676
vn 0.1597 -0.1477 0.9761
vn 0.1385 -0.1484 0.9792
vn 0.6919 0.0964 -0.7155
vn 0.4422 0.1418 -0.8856
vn 0.3713 0.1503 -0.9162
vn 0.8278 -0.2339 0.5100
vn 0.8122 -0.2397 0.5319
vn -0.8942 0.0320 -0.4466
vn -0.9249 0.0143 -0.3798
vn 0.0140 0.9061 0.4229
vn 0.4686 -0.4526 -0.7587
vn 0.4620 -0.4512 -0.7635
vn 0.2014 -0.3430 0.9175
vn 0.5535 -0.3061 0.7746
vn 0.5426 -0.3079 0.7815
vn 0.1836 -0.3439 0.9209
vn -0.9129 0.0019 0.4081
vn -0.9362 0.0171 0.3511
vn -0.4739 -0.8720 0.1228
vn -0.5814 -0.8117 -0.0552
vn -0.5807 -0.8123 -0.0533
vn -0.4727 -0.8724 0.1241
vn -0.9724 0.1578 -0.1719
vn -0.9696 0.1611 -0.1843
vn 0.1902 -0.3534 0.9159
vn 0.1984 -0.3530 0.9144
vn 0.8496 0.0329 -0.5265
vn 0.8406 0.0367 -0.5405
vn -0.5451 -0.7699 -0.3318
vn -0.4664 -0.7177 -0.5171
vn -0.4674 -0.7181 -0.5155
vn -0.5454 -0.7704 -0.3302
vn -0.3159 -0.6796 -0.6620
vn -0.3176 -0.6799 -0.6609
vn 0.5291 -0.8401 -0.1194
vn 0.4449 -0.8928 0.0706
vn 0.4460 -0.8924 0.0691
vn 0.5295 -0.8396 -0.1212
vn -0.3929 0.3446 -0.8526
vn -0.7115 0.2906 -0.6398
vn -0.6717 0.3002 -0.6772
vn -0.3409 0.3495 -0.8727
vn 0.2920 -0.9320 0.2146
vn 0.2931 -0.9318 0.2140
vn -0.4111 -0.7378 -0.5355
vn -0.4121 -0.7381 -0.5341
vn -0.3386 -0.9293 0.1472
vn -0.4616 -0.8871 0.0018
vn -0.4609 -0.8874 0.0031
vn -0.3374 -0.9296 0.1482
vn 0.5901 0.1083 -0.8000
vn 0.5816 0.1099 -0.8060
vn -0.9929 0.1112 0.0420
vn -0.9130 0.0137 0.4078
vn -0.9328 0.0266 0.3595
vn -0.9921 0.1252 -0.0106
vn 0.4610 -0.8505 -0.2533
vn 0.4376 -0.8957 -0.0785
vn 0.4382 -0.8953 -0.0803
vn 0.4609 -0.8500 -0.2552
vn -0.0205 -0.7406 -0.6716
vn 0.1543 -0.7474 -0.6462
vn 0.1527 -0.7472 -0.6468
vn -0.0223 -0.7406 -0.6716
vn 0.0099 -0.1439 0.9895
vn -0.0420 -0.1436 0.9887
vn -0.4184 -0.1189 0.9004
vn -0.3704 -0.1244 0.9205
vn -0.3396 -0.9193 -0.1987
vn -0.3342 -0.9321 -0.1399
vn -0.3395 -0.9197 -0.1974
vn 0.9949 0.1001 0.0144
vn 0.9138 0.1996 -0.3537
vn 0.9353 0.1854 -0.3013
vn 0.9938 0.0848 0.0714
vn -0.1419 0.1612 -0.9767
vn -0.1494 0.1610 -0.9756
vn -0.4693 0.7247 -0.5045
vn -0.1756 0.7568 -0.6296
vn -0.1701 0.7570 -0.6308
vn -0.4657 0.7254 -0.5069
vn 0.1534 -0.1572 0.9756
vn 0.1511 -0.1573 0.9759
vn 0.0269 -0.9657 0.2583
vn -0.1675 -0.9569 0.2372
vn -0.1660 -0.9570 0.2377
vn 0.0286 -0.9657 0.2582
vn 0.2157 -0.9544 0.2065
vn 0.2173 -0.9542 0.2057
vn 0.3699 -0.9248 0.0890
vn 0.3712 -0.9244 0.0876
vn -0.2214 -0.7276 -0.6493
vn -0.0396 -0.7152 -0.6978
vn -0.0415 -0.7153 -0.6976
vn -0.2231 -0.7278 -0.6485
vn 0.0055 -0.9781 0.2082
vn -0.1684 -0.9694 0.1789
vn -0.1669 -0.9695 0.1795
vn 0.0071 -0.9781 0.2082
vn -0.3177 -0.9442 0.0871
vn -0.4196 -0.9062 -0.0528
vn -0.4189 -0.9066 -0.0513
vn -0.3165 -0.9445 0.0883
vn -0.5856 0.4717 0.6592
vn -0.7352 0.5446 0.4037
vn -0.7359 0.5453 0.4014
vn -0.5872 0.4722 0.6574
vn 0.4448 -0.8643 -0.2349
vn 0.4154 -0.9071 -0.0681
vn 0.4160 -0.9067 -0.0695
vn 0.4448 -0.8639 -0.2361
vn 0.8478 0.4072 0.3398
vn 0.8465 0.4054 0.3451
vn 0.1550 0.7502 -0.6428
vn 0.1596 0.7498 -0.6421
vn -0.4287 -0.8160 -0.3877
vn -0.3351 -0.7774 -0.5323
vn -0.3362 -0.7777 -0.5311
vn -0.4293 -0.8164 -0.3862
vn -0.4585 -0.8612 -0.2194
vn -0.4585 -0.8616 -0.2178
vn -0.7701 0.6271 0.1170
vn -0.7699 0.6279 0.1144
vn -0.7312 -0.0592 0.6795
vn -0.6943 -0.0691 0.7164
vn -0.4523 0.3503 0.8202
vn -0.4487 0.3498 0.8224
vn 0.3068 -0.7703 -0.5590
vn 0.4146 -0.8065 -0.4216
vn 0.4138 -0.8060 -0.4232
vn 0.3054 -0.7700 -0.5602
vn 0.3458 -0.9352 0.0765
vn 0.1981 -0.9623 0.1865
vn 0.1998 -0.9621 0.1856
vn 0.3471 -0.9348 0.0750
vn 0.0169 -0.9723 0.2332
vn 0.0188 -0.9723 0.2331
vn -0.1691 -0.9632 0.2088
vn -0.1674 -0.9634 0.2094
vn 0.9939 -0.1031 -0.0397
vn 0.9929 -0.1177 0.0152
vn 0.1486 -0.7217 -0.6761
vn 0.3151 -0.7460 -0.5868
vn 0.3135 -0.7456 -0.5880
vn 0.1467 -0.7215 -0.6767
vn -0.4907 -0.8475 -0.2024
vn -0.4650 -0.7988 -0.3817
vn -0.4655 -0.7992 -0.3801
vn -0.4906 -0.8479 -0.2008
vn 0.3973 -0.9136 0.0870
vn 0.3982 -0.9133 0.0859
vn -0.4438 -0.8957 -0.0273
vn -0.4430 -0.8961 -0.0258
vn -0.3705 -0.7568 -0.5384
vn -0.3717 -0.7572 -0.5371
vn 0.4014 -0.8241 -0.3997
vn 0.4010 -0.8239 -0.4005
vn 0.6943 0.2949 0.6565
vn 0.6978 0.2965 0.6521
vn 0.2939 -0.7940 -0.5322
vn 0.2931 -0.7938 -0.5329
vn -0.3310 -0.9363 0.1171
vn -0.3296 -0.9367 0.1183
vn 0.4346 -0.7846 -0.4423
vn 0.4336 -0.7841 -0.4440
vn -0.2337 -0.1507 0.9606
vn -0.2310 -0.1509 0.9612
vn 0.1331 -0.6956 -0.7060
vn 0.3135 -0.7203 -0.6188
vn 0.3120 -0.7199 -0.6200
vn 0.1312 -0.6955 -0.7065
vn 0.2413 -0.9465 0.2144
vn 0.0493 -0.9599 0.2760
vn 0.0507 -0.9599 0.2758
vn 0.2426 -0.9463 0.2136
vn -0.5839 -0.1069 0.8048
vn -0.5783 -0.1079 0.8086
vn -0.9222 0.2085 -0.3257
vn -0.9004 0.2214 -0.3745
vn 0.4461 -0.7612 -0.4708
vn 0.4451 -0.7607 -0.4725
vn -0.2599 -0.7046 -0.6603
vn -0.0686 -0.6901 -0.7205
vn -0.0705 -0.6901 -0.7202
vn -0.2615 -0.7049 -0.6594
vn -0.6931 -0.2772 0.6654
vn -0.7350 -0.2657 0.6238
vn -0.1176 -0.6600 -0.7420
vn -0.1197 -0.6601 -0.7415
vn -0.5454 -0.8272 -0.1351
vn -0.5451 -0.8276 -0.1337
vn -0.4705 -0.8813 0.0450
vn -0.4697 -0.8816 0.0461
vn 0.6928 0.2843 -0.6627
vn 0.3666 0.3414 -0.8655
vn 0.4189 0.3352 -0.8439
vn 0.7330 0.2733 -0.6229
vn -0.0146 0.3625 -0.9319
vn 0.0418 0.3618 -0.9313
vn -0.6981 0.3029 -0.6488
vn -0.6687 0.3094 -0.6761
vn -0.6408 0.5557 0.5298
vn -0.7314 0.6288 0.2640
vn -0.7314 0.6290 0.2635
vn -0.6410 0.5558 0.5294
vn -0.3434 0.4220 0.8390
vn -0.3412 0.4217 0.8401
vn 0.4930 0.3869 0.7792
vn 0.4961 0.3877 0.7769
vn -0.2592 0.8075 -0.5299
vn -0.2557 0.8078 -0.5312
vn 0.9934 0.1128 0.0204
vn 0.9142 0.2111 -0.3459
vn 0.9326 0.1991 -0.3011
vn 0.9926 0.0998 0.0688
vn 0.3718 0.3499 -0.8598
vn 0.4172 0.3447 -0.8409
vn 0.7306 0.2850 -0.6205
vn 0.6960 0.2943 -0.6550
vn -0.0417 0.4046 0.9135
vn -0.0390 0.4046 0.9137
vn -0.7444 0.6416 0.1853
vn -0.6912 0.7173 -0.0876
vn -0.6904 0.7178 -0.0895
vn -0.7444 0.6421 0.1835
vn 0.0390 0.8156 -0.5773
vn 0.0434 0.8154 -0.5772
vn -0.5362 0.7808 -0.3207
vn -0.5346 0.7812 -0.3224
vn 0.2374 0.1537 -0.9592
vn 0.2393 0.1535 -0.9587
vn -0.9934 -0.0912 -0.0692
vn -0.9943 -0.1049 -0.0183
vn -0.0000 -0.6378 0.7702
vn -0.0000 -0.3454 0.9384
vn 0.3816 -0.3246 0.8654
vn 0.3503 -0.6187 0.7032
vn 0.9329 -0.0003 -0.3602
vn 0.8425 -0.3031 -0.4454
vn -0.7669 -0.6233 0.1529
vn -0.8462 -0.4838 0.2235
vn -0.6472 -0.5643 0.5124
vn -0.5869 -0.6970 0.4119
vn -0.7669 -0.4495 -0.4582
vn -0.5869 -0.3758 -0.7172
vn -0.6409 -0.2210 -0.7351
vn 0.7669 -0.4495 -0.4582
vn 0.8300 -0.5364 -0.1526
vn 0.6457 -0.2239 -0.7300
vn 0.5869 -0.3758 -0.7172
vn 0.9329 -0.3464 -0.0986
vn 0.8619 -0.4441 0.2448
vn 0.7669 -0.6233 0.1529
vn -0.8619 -0.2487 -0.4419
vn -0.6597 -0.1658 -0.7330
vn 0.3512 -0.1708 -0.9206
vn 0.3176 -0.3265 -0.8902
vn -0.9257 -0.1767 0.3343
vn -0.7052 -0.2652 0.6576
vn 0.6472 -0.5643 0.5124
vn 0.7052 -0.2652 0.6576
vn -0.3176 -0.3265 -0.8902
vn -0.3445 -0.1692 -0.9234
vn 0.5869 -0.6970 0.4119
vn 0.3176 -0.7463 0.5849
vn 0.6597 -0.5269 0.5359
vn 0.3570 -0.5823 0.7304
vn 0.6597 -0.1658 -0.7330
vn 0.8619 -0.2487 -0.4419
vn -0.8300 -0.5364 -0.1526
vn -0.3816 -0.3246 0.8654
vn -0.3503 -0.6187 0.7032
vn -0.0000 -0.7636 0.6457
vn -0.6778 0.1031 -0.7280
vn 0.4141 0.1463 -0.8984
vn 0.7289 0.0864 -0.6791
vn -0.9329 -0.3464 -0.0986
vn -0.3471 0.1551 -0.9249
vn -0.3176 -0.7463 0.5849
vn -0.3570 -0.1105 -0.9275
vn -0.0000 -0.0911 -0.9958
vn -0.0000 -0.3092 -0.9510
vn 0.0037 -0.1516 -0.9884
vn 0.0363 0.1704 -0.9847
vn -0.0000 -0.6017 0.7987
vn -0.3570 -0.5823 0.7304
vn -0.6597 -0.5269 0.5359
vn -0.6938 -0.3759 0.6143
vn -0.9064 -0.2888 0.3082
vn -0.8619 -0.4441 0.2448
vn 0.6937 -0.3759 0.6143
vn 0.9064 -0.2888 0.3082
vn 0.9166 -0.2241 0.3310
vn 0.7016 -0.3122 0.6406
vn 0.9811 -0.1861 -0.0529
vn 0.9922 -0.1202 -0.0342
vn -0.7016 -0.3122 0.6406
vn -0.9166 -0.2241 0.3310
vn -0.6937 0.0038 -0.7202
vn -0.3755 0.0620 -0.9248
vn -0.7016 0.0718 -0.7090
vn -0.3797 0.1307 -0.9158
vn -0.9064 -0.0833 -0.4141
vn -0.9166 -0.0163 -0.3994
vn -0.3755 -0.4341 0.8189
vn -0.9811 -0.1861 -0.0529
vn 0.9064 -0.0833 -0.4141
vn 0.9166 -0.0163 -0.3994
vn 0.6938 0.0038 -0.7202
vn -0.3797 -0.3711 0.8474
vn 0.3755 -0.4341 0.8189
vn -0.0000 -0.4546 0.8907
vn 0.3797 -0.3711 0.8474
vn 0.3570 -0.1105 -0.9275
vn 0.3755 0.0620 -0.9248
vn -0.0000 0.0825 -0.9966
vn -0.0000 0.1513 -0.9885
vn 0.3797 0.1307 -0.9158
vn 0.7016 0.0718 -0.7090
vn -0.0000 -0.3917 0.9201
vn -0.9922 -0.1202 -0.0342
vn -0.6918 0.6617 -0.2892
vn -0.6896 0.6626 -0.2923
vn 0.5303 -0.7823 -0.3268
vn 0.5299 -0.7817 -0.3287
vn 0.4483 -0.7278 -0.5190
vn 0.4471 -0.7273 -0.5208
vn 0.7197 -0.2706 0.6394
vn 0.6713 -0.2825 0.6853
vn 0.9378 -0.0100 -0.3471
vn 0.9137 0.0058 -0.4063
vn -0.2086 -0.6016 -0.7711
vn 0.0264 -0.5945 -0.8037
vn 0.0230 -0.5944 -0.8038
vn -0.2116 -0.6019 -0.7700
vn 0.2545 -0.6133 -0.7477
vn 0.2576 -0.6138 -0.7463
vn 0.6645 -0.5117 -0.5447
vn 0.6601 -0.5098 -0.5517
vn -0.4793 -0.8315 0.2809
vn -0.4757 -0.8327 0.2834
vn 0.9242 -0.0069 0.3818
vn 0.9957 0.0924 0.0087
vn 0.9943 0.0741 0.0772
vn 0.8951 -0.0237 0.4452
vn -0.2590 -0.8869 0.3826
vn -0.2554 -0.8875 0.3835
vn 0.3844 0.4727 0.7929
vn 0.1054 0.4508 0.8864
vn 0.1050 0.4508 0.8864
vn 0.3840 0.4727 0.7932
vn -0.1883 0.4591 0.8682
vn -0.1886 0.4591 0.8681
vn 0.2017 0.8327 -0.5157
vn 0.4620 0.7966 -0.3899
vn 0.4628 0.7964 -0.3893
vn 0.2027 0.8326 -0.5154
vn -0.5802 0.7708 -0.2632
vn -0.3621 0.8185 -0.4460
vn -0.3613 0.8186 -0.4464
vn -0.5797 0.7710 -0.2638
vn -0.7096 0.7045 -0.0148
vn -0.7098 0.7043 -0.0142
vn 0.5773 0.5207 0.6290
vn 0.7157 0.5875 0.3777
vn 0.7159 0.5877 0.3769
vn 0.5777 0.5209 0.6284
vn 0.3491 0.4739 0.8084
vn 0.3485 0.4738 0.8087
vn 0.7419 0.6639 0.0939
vn 0.7420 0.6636 0.0947
vn 0.6523 0.7373 -0.1758
vn 0.6528 0.7371 -0.1750
vn -0.0877 0.8403 -0.5350
vn -0.0868 0.8403 -0.5351
vn -0.4506 0.4960 0.7422
vn -0.4504 0.4960 0.7424
vn 0.4884 0.7913 -0.3677
vn 0.6702 0.7280 -0.1444
vn 0.6709 0.7276 -0.1431
vn 0.4897 0.7910 -0.3667
vn 0.7475 0.6513 0.1308
vn 0.7476 0.6508 0.1323
vn 0.2733 0.8202 -0.5025
vn 0.5281 0.7733 -0.3509
vn 0.5299 0.7728 -0.3493
vn 0.2761 0.8199 -0.5016
vn 0.5541 0.5054 0.6614
vn 0.3127 0.4586 0.8318
vn 0.3113 0.4584 0.8324
vn 0.5531 0.5051 0.6625
vn 0.7016 0.7034 -0.1137
vn 0.7647 0.6209 0.1726
vn 0.7647 0.6202 0.1751
vn 0.7027 0.7027 -0.1114
vn 0.0214 0.4404 0.8975
vn 0.0200 0.4404 0.8976
vn -0.3832 0.3520 -0.8540
vn -0.3403 0.3558 -0.8704
vn 0.7064 0.5727 0.4159
vn 0.7069 0.5731 0.4145
vn 0.0664 0.4544 0.8883
vn 0.0658 0.4544 0.8884
vn -0.0552 0.8432 -0.5348
vn 0.2329 0.8316 -0.5042
vn 0.2345 0.8314 -0.5037
vn -0.0535 0.8432 -0.5349
vn -0.3319 0.8250 -0.4574
vn -0.3304 0.8252 -0.4581
vn -0.2249 0.4655 0.8560
vn -0.2256 0.4655 0.8558
vn -0.7325 0.6409 0.2295
vn -0.7326 0.6412 0.2285
vn -0.3013 0.8228 -0.4819
vn -0.2990 0.8230 -0.4830
vn 0.0088 -0.3616 0.9323
vn -0.0428 -0.3612 0.9315
vn -0.0088 0.3694 -0.9292
vn 0.0403 0.3691 -0.9285
vn -0.6857 0.5647 0.4592
vn -0.6863 0.5651 0.4578
vn 0.2688 0.4209 0.8663
vn 0.2665 0.4207 0.8672
vn 0.7088 -0.2863 0.6447
vn 0.6723 -0.2953 0.6788
vn 0.7051 0.5378 0.4621
vn 0.7041 0.5372 0.4644
vn -0.5565 0.7803 -0.2854
vn -0.5556 0.7806 -0.2864
vn -0.6969 0.7158 -0.0448
vn -0.6965 0.7161 -0.0459
vn -0.0224 0.9453 0.3253
vn -0.0414 0.9488 0.3131
vn -0.2722 0.4548 0.8480
vn -0.2736 0.4549 0.8475
vn 0.3891 -0.1245 0.9128
vn 0.3413 -0.1292 0.9310
vn 0.4687 0.7057 -0.5313
vn 0.4733 0.7047 -0.5285
vn -0.1921 -0.7509 -0.6318
vn -0.1936 -0.7511 -0.6311
vn 0.5306 0.4674 0.7071
vn 0.5288 0.4669 0.7088
vn 0.3884 -0.3420 0.8557
vn 0.3407 -0.3467 0.8739
vn -0.5207 0.4988 0.6928
vn -0.5218 0.4991 0.6918
vn 0.3211 -0.9442 0.0740
vn 0.1773 -0.9692 0.1712
vn 0.1788 -0.9690 0.1706
vn 0.3222 -0.9439 0.0729
vn -0.0183 0.8370 -0.5469
vn -0.0156 0.8370 -0.5470
vn -0.4305 0.4846 0.7615
vn -0.4300 0.4845 0.7618
vn -0.6317 0.5401 0.5562
vn -0.6313 0.5399 0.5567
vn -0.1202 0.8315 -0.5424
vn 0.1732 0.8276 -0.5339
vn 0.1740 0.8276 -0.5338
vn -0.1194 0.8315 -0.5425
vn -0.7356 0.6108 0.2927
vn -0.7272 0.6864 0.0102
vn -0.7270 0.6866 0.0096
vn -0.7358 0.6110 0.2921
vn 0.4410 0.7948 -0.4169
vn 0.4417 0.7947 -0.4165
vn 0.6417 0.7380 -0.2088
vn 0.7437 0.6659 0.0586
vn 0.7438 0.6657 0.0593
vn 0.6421 0.7378 -0.2082
vn -0.3942 0.8059 -0.4417
vn -0.3935 0.8060 -0.4421
vn -0.6068 0.7551 -0.2482
vn -0.6072 0.7549 -0.2476
vn 0.7308 0.5898 0.3437
vn 0.7306 0.5896 0.3444
vn 0.6041 0.5216 0.6025
vn 0.6045 0.5217 0.6020
vn 0.3811 -0.0608 0.9225
vn 0.3533 -0.0652 0.9332
vn 0.3409 0.7891 -0.5110
vn 0.3441 0.7886 -0.5096
vn -0.0542 0.9540 0.2948
vn 0.0542 0.9540 0.2948
vn 0.0586 0.9602 0.2732
vn -0.0000 0.9441 0.3296
vn 0.0224 0.9453 0.3253
vn 0.0415 0.9715 0.2334
vn 0.0542 0.9663 0.2516
vn -0.0586 0.9602 0.2732
vn 0.0414 0.9488 0.3131
vn -0.0000 0.9762 0.2168
vn 0.0224 0.9750 0.2211
vn -0.0541 0.9663 0.2516
vn -0.0414 0.9715 0.2334
vn -0.0224 0.9750 0.2211
vn -0.8318 0.3243 0.4505
vn -0.6366 0.2444 0.7314
vn -0.6349 0.2497 0.7311
vn -0.8295 0.3294 0.4510
vn 0.9003 0.4186 0.1191
vn 0.8318 0.5129 -0.2123
vn 0.8295 0.5175 -0.2100
vn 0.8979 0.4235 0.1205
vn -0.8318 0.5129 -0.2123
vn -0.9003 0.4186 0.1191
vn -0.8979 0.4235 0.1205
vn -0.8295 0.5175 -0.2100
vn -0.0000 0.6650 -0.7468
vn -0.3445 0.6463 -0.6809
vn -0.3436 0.6505 -0.6773
vn -0.0000 0.6692 -0.7431
vn 0.3445 0.1909 0.9191
vn 0.6366 0.2444 0.7314
vn 0.6349 0.2497 0.7311
vn 0.3436 0.1964 0.9183
vn 0.3445 0.6463 -0.6809
vn 0.3436 0.6505 -0.6773
vn -0.6366 0.5928 -0.4932
vn -0.6349 0.5972 -0.4901
vn 0.6366 0.5928 -0.4932
vn 0.6349 0.5972 -0.4901
vn 0.8318 0.3243 0.4505
vn 0.8295 0.3294 0.4510
vn -0.3445 0.1909 0.9191
vn -0.0000 0.1722 0.9851
vn -0.0000 0.1777 0.9841
vn -0.3436 0.1964 0.9183
vn -0.6382 0.2395 0.7317
vn -0.3454 0.1860 0.9198
vn 0.6382 0.5889 -0.4959
vn 0.3454 0.6424 -0.6841
vn 0.6382 0.2395 0.7317
vn 0.8338 0.3197 0.4501
vn -0.0000 0.1672 0.9859
vn 0.3454 0.1860 0.9198
vn -0.3454 0.6424 -0.6841
vn -0.6382 0.5889 -0.4959
vn -0.9025 0.4142 0.1179
vn -0.8338 0.3197 0.4501
vn 0.9025 0.4142 0.1179
vn 0.8338 0.5087 -0.2143
vn -0.8338 0.5087 -0.2143
vn -0.0000 0.6612 -0.7502
vn 0.1825 0.5972 -0.7810
vn -0.5198 0.5579 -0.6470
vn -0.2544 0.9602 -0.1151
vn 0.0893 0.9795 -0.1807
vn 0.3808 0.9246 0.0062
vn 0.7779 0.4852 -0.3993
vn -0.0000 0.9595 0.2816
vn -0.0893 0.7265 0.6813
vn 0.2544 0.7458 0.6157
vn 0.4492 0.8278 0.3360
vn -0.4492 0.8782 0.1646
vn -0.3808 0.7814 0.4944
vn -0.9176 0.3903 -0.0757
vn -0.7779 0.1925 0.5982
vn -0.9808 0.0549 -0.1872
vn -0.8315 -0.1564 0.5331
vn -0.5556 0.2341 -0.7978
vn 0.1951 0.2762 -0.9411
vn 0.8315 0.1564 -0.5331
vn 0.9176 0.2875 0.2746
vn 0.9808 -0.0549 0.1872
vn 0.5198 0.1198 0.8459
vn 0.5556 -0.2341 0.7978
vn -0.1825 0.0805 0.9799
vn -0.1951 -0.2762 0.9411
vn -0.7125 -0.6998 -0.0515
vn -0.7154 -0.6968 -0.0512
vn -0.0000 -0.9973 -0.0734
vn 0.7154 -0.6968 -0.0512
vn 0.7125 -0.6998 -0.0515
vn 0.9999 0.0120 0.0008
vn 0.9998 0.0178 0.0013
vn 0.2671 -0.2671 0.9259
vn 0.3778 -0.0000 0.9259
vn -0.0000 -0.3778 0.9259
vn 0.9777 -0.0000 0.2098
vn 0.6914 -0.6914 0.2098
vn -0.0000 -0.9777 0.2098
vn 0.2671 0.2671 0.9259
vn 0.6914 0.6914 0.2098
vn -0.0000 0.9777 0.2098
vn -0.9777 -0.0000 0.2098
vn -0.6914 -0.6914 0.2098
vn -0.6914 0.6914 0.2098
vn -0.2671 0.2671 0.9259
vn -0.3778 -0.0000 0.9259
vn -0.0000 0.3778 0.9259
vn -0.0000 0.9973 0.0730
vn -0.6975 0.7146 0.0523
vn -0.7005 0.7117 0.0521
vn 0.7005 0.7117 0.0521
vn 0.6975 0.7146 0.0523
vn -0.9998 0.0178 0.0013
vn -0.9999 0.0120 0.0008
vn -0.2671 -0.2671 0.9259
vn -0.0000 -0.1327 -0.9912
vn 0.6445 -0.2108 -0.7350
vn 0.4495 -0.6136 -0.6492
vn -0.0000 -0.5591 -0.8291
vn -0.4495 -0.6136 -0.6492
vn -0.6445 -0.2108 -0.7350
vn -0.0000 0.2063 -0.9785
vn 0.7029 0.1242 -0.7004
vn -0.7029 0.1242 -0.7004
vn -0.9146 -0.3876 -0.1153
vn -0.9971 -0.0719 -0.0254
vn -0.6390 -0.7379 -0.2173
vn -0.6470 -0.5717 0.5045
vn -0.7074 -0.2708 0.6529
vn -0.4512 -0.8661 0.2150
vn -0.0000 -0.9176 0.3974
vn -0.0000 -0.6442 0.7649
vn -0.0000 -0.3524 0.9359
vn -0.7003 -0.0614 0.7112
vn -0.9902 0.1338 0.0388
vn -0.0000 -0.1440 0.9896
vn 0.7074 -0.2708 0.6529
vn 0.7003 -0.0614 0.7112
vn 0.6470 -0.5717 0.5045
vn -0.0000 -0.0132 0.9999
vn -0.6830 0.0688 0.7272
vn 0.6830 0.0688 0.7272
vn -0.0000 0.1408 0.9900
vn 0.6504 0.2177 0.7277
vn -0.6504 0.2177 0.7277
vn -0.9636 0.2576 0.0713
vn -0.9117 0.3973 0.1043
vn -0.5355 0.5064 0.6759
vn -0.7436 0.6484 0.1631
vn -0.0000 0.4492 0.8934
vn -0.6406 0.5754 -0.5085
vn -0.6793 0.4498 -0.5798
vn -0.5242 0.7834 -0.3340
vn -0.0000 0.9679 0.2512
vn -0.0000 0.8446 -0.5355
vn -0.0000 0.6477 -0.7619
vn 0.5242 0.7834 -0.3340
vn 0.6406 0.5754 -0.5085
vn 0.7436 0.6484 0.1631
vn 0.9117 0.3973 0.1043
vn 0.5355 0.5064 0.6759
vn 0.9636 0.2576 0.0713
vn 0.6793 0.4498 -0.5798
vn 0.9902 0.1338 0.0388
vn 0.7001 0.3313 -0.6325
vn 0.9971 -0.0719 -0.0254
vn -0.0000 0.4116 -0.9114
vn -0.0000 0.5261 -0.8504
vn -0.7001 0.3313 -0.6325
vn 0.9146 -0.3876 -0.1153
vn 0.4512 -0.8661 0.2150
vn 0.6390 -0.7379 -0.2173
vn -0.0000 -0.9596 -0.2813
vn -0.0000 -0.0000 1.0000
vn 0.9697 -0.0000 0.2443
vn 0.8959 -0.3711 0.2443
vn 0.6857 -0.6857 0.2443
vn 0.8959 0.3711 0.2443
vn 0.6857 0.6857 0.2443
vn 0.0913 0.0913 0.9916
vn 0.1193 0.0494 0.9916
vn 0.1292 -0.0000 0.9916
vn 0.6815 0.6815 0.2669
vn 0.8904 0.3688 0.2669
vn 0.9637 -0.0000 0.2669
vn 0.1193 -0.0494 0.9916
vn 0.8904 -0.3688 0.2669
vn 0.6815 -0.6815 0.2669
vn 0.3688 -0.8904 0.2669
vn 0.0913 -0.0913 0.9916
vn 0.0494 -0.1193 0.9916
vn 0.3711 -0.8959 0.2443
vn -0.0000 -0.1292 0.9916
vn -0.0000 -0.9697 0.2443
vn -0.3711 -0.8959 0.2443
vn -0.6857 -0.6857 0.2443
vn -0.8959 -0.3711 0.2443
vn -0.1193 -0.0494 0.9916
vn -0.0913 -0.0913 0.9916
vn -0.0494 -0.1193 0.9916
vn -0.6815 -0.6815 0.2669
vn -0.3688 -0.8904 0.2669
vn -0.8904 -0.3688 0.2669
vn -0.1292 -0.0000 0.9916
vn -0.9637 -0.0000 0.2669
vn -0.8904 0.3688 0.2669
vn -0.6815 0.6815 0.2669
vn -0.1193 0.0494 0.9916
vn -0.0913 0.0913 0.9916
vn -0.3688 0.8904 0.2669
vn -0.0494 0.1193 0.9916
vn -0.0000 0.9637 0.2669
vn -0.0000 0.1292 0.9916
vn -0.6857 0.6857 0.2443
vn -0.3711 0.8959 0.2443
vn -0.0000 0.9697 0.2443
vn 0.3711 0.8959 0.2443
vn 0.0494 0.1193 0.9916
vn 0.3688 0.8904 0.2669
vn -0.8959 0.3711 0.2443
vn -0.9697 -0.0000 0.2443
vn -0.0000 -0.9637 0.2669
vt 0.220231 0.349265
vt 0.230585 0.349322
vt 0.230545 0.363412
vt 0.220112 0.363402
vt 0.203195 0.348832
vt 0.203112 0.363387
vt 0.413395 0.279989
vt 0.396381 0.280477
vt 0.396599 0.277422
vt 0.413605 0.277045
vt 0.511791 0.382721
vt 0.511791 0.379788
vt 0.525328 0.379788
vt 0.525328 0.382721
vt 0.207736 0.410419
vt 0.207736 0.420796
vt 0.193653 0.420796
vt 0.193653 0.410419
vt 0.498254 0.382721
vt 0.498254 0.379788
vt 0.221818 0.410419
vt 0.221818 0.420796
vt 0.479915 0.538171
vt 0.466378 0.538171
vt 0.466378 0.535237
vt 0.479915 0.535237
vt 0.493452 0.538171
vt 0.493452 0.535237
vt 0.004308 0.475802
vt 0.017467 0.475802
vt 0.017467 0.486179
vt 0.004308 0.486179
vt 0.030626 0.475802
vt 0.030626 0.486179
vt 0.452842 0.538171
vt 0.452842 0.535237
vt 0.043785 0.475802
vt 0.043785 0.486179
vt 0.484717 0.382721
vt 0.484717 0.379788
vt 0.471180 0.382721
vt 0.471180 0.379788
vt 0.056945 0.475802
vt 0.056945 0.486179
vt 0.070104 0.475802
vt 0.070104 0.486179
vt 0.457644 0.382721
vt 0.457644 0.379788
vt 0.444107 0.382721
vt 0.444107 0.379788
vt 0.083263 0.475802
vt 0.083263 0.486179
vt 0.412231 0.538171
vt 0.412231 0.535237
vt 0.425768 0.535237
vt 0.425768 0.538171
vt 0.439305 0.535237
vt 0.439305 0.538171
vt 0.264066 0.410419
vt 0.278149 0.410419
vt 0.278149 0.420796
vt 0.264066 0.420796
vt 0.249984 0.420796
vt 0.249984 0.410419
vt 0.398694 0.538171
vt 0.398694 0.535237
vt 0.292232 0.410419
vt 0.292232 0.420796
vt 0.430570 0.382721
vt 0.430570 0.379788
vt 0.417033 0.382721
vt 0.417033 0.379788
vt 0.306314 0.410419
vt 0.306314 0.420796
vt 0.320397 0.410419
vt 0.320397 0.420796
vt 0.403496 0.382721
vt 0.403496 0.379788
vt 0.389959 0.382721
vt 0.389959 0.379788
vt 0.334480 0.410419
vt 0.334480 0.420796
vt 0.371621 0.538171
vt 0.371621 0.535237
vt 0.385157 0.535237
vt 0.385157 0.538171
vt 0.358084 0.538171
vt 0.358084 0.535237
vt 0.348562 0.410419
vt 0.348562 0.420796
vt 0.344547 0.538171
vt 0.344547 0.535237
vt 0.362645 0.410419
vt 0.362645 0.420796
vt 0.331010 0.538171
vt 0.331010 0.535237
vt 0.376728 0.410419
vt 0.376728 0.420796
vt 0.317473 0.538171
vt 0.317473 0.535237
vt 0.303936 0.538171
vt 0.303936 0.535237
vt 0.390810 0.410419
vt 0.390810 0.420796
vt 0.162218 0.475802
vt 0.175377 0.475802
vt 0.175377 0.486179
vt 0.162218 0.486179
vt 0.188537 0.475802
vt 0.188537 0.486179
vt 0.290400 0.538171
vt 0.290400 0.535237
vt 0.201696 0.475802
vt 0.201696 0.486179
vt 0.335812 0.382721
vt 0.335812 0.379788
vt 0.349349 0.379788
vt 0.349349 0.382721
vt 0.322275 0.382721
vt 0.322275 0.379788
vt 0.308738 0.382721
vt 0.308738 0.379788
vt 0.214855 0.475802
vt 0.214855 0.486179
vt 0.295201 0.382721
vt 0.295201 0.379788
vt 0.228014 0.475802
vt 0.228014 0.486179
vt 0.241174 0.475802
vt 0.241174 0.486179
vt 0.281664 0.382721
vt 0.281664 0.379788
vt 0.249789 0.538171
vt 0.249789 0.535237
vt 0.263326 0.535237
vt 0.263326 0.538171
vt 0.276863 0.535237
vt 0.276863 0.538171
vt 0.418976 0.410419
vt 0.433058 0.410419
vt 0.433058 0.420796
vt 0.418976 0.420796
vt 0.447141 0.410419
vt 0.447141 0.420796
vt 0.220205 0.377540
vt 0.230559 0.377502
vt 0.263458 0.381104
vt 0.263490 0.363442
vt 0.455019 0.247993
vt 0.423975 0.250678
vt 0.423570 0.247756
vt 0.456330 0.243085
vt 0.263490 0.345780
vt 0.265894 0.321841
vt 0.249092 0.321841
vt 0.249092 0.316734
vt 0.265894 0.316734
vt 0.021109 0.316734
vt 0.021109 0.321841
vt 0.004308 0.321841
vt 0.004308 0.316734
vt 0.265894 0.326949
vt 0.249092 0.326949
vt 0.021109 0.326949
vt 0.004308 0.326949
vt 0.037394 0.316734
vt 0.037394 0.321841
vt 0.037394 0.326949
vt 0.037394 0.332057
vt 0.021109 0.332057
vt 0.004308 0.332057
vt 0.037394 0.337164
vt 0.021109 0.337164
vt 0.004308 0.337164
vt 0.459832 0.493911
vt 0.473835 0.493911
vt 0.473835 0.503303
vt 0.459832 0.503303
vt 0.445829 0.503303
vt 0.445829 0.493911
vt 0.431826 0.503303
vt 0.431826 0.493911
vt 0.053678 0.332057
vt 0.053678 0.337164
vt 0.417823 0.503303
vt 0.417823 0.493911
vt 0.069963 0.332057
vt 0.069963 0.337164
vt 0.053678 0.326949
vt 0.069963 0.326949
vt 0.053678 0.321841
vt 0.069963 0.321841
vt 0.053678 0.316734
vt 0.069963 0.316734
vt 0.037394 0.311626
vt 0.053678 0.311626
vt 0.069963 0.311626
vt 0.086247 0.316734
vt 0.086247 0.321841
vt 0.086247 0.311626
vt 0.102532 0.311626
vt 0.102532 0.316734
vt 0.102532 0.321841
vt 0.102532 0.326949
vt 0.086247 0.326949
vt 0.118816 0.321841
vt 0.118816 0.316734
vt 0.118816 0.326949
vt 0.118816 0.332057
vt 0.102532 0.332057
vt 0.086247 0.332057
vt 0.118816 0.337164
vt 0.102532 0.337164
vt 0.086247 0.337164
vt 0.403820 0.503303
vt 0.389818 0.503303
vt 0.389818 0.493911
vt 0.403820 0.493911
vt 0.375815 0.503303
vt 0.375815 0.493911
vt 0.102532 0.306518
vt 0.086247 0.306518
vt 0.069963 0.306518
vt 0.053678 0.306518
vt 0.361812 0.503303
vt 0.361812 0.493911
vt 0.135101 0.332057
vt 0.135101 0.337164
vt 0.347809 0.503303
vt 0.347809 0.493911
vt 0.151385 0.332057
vt 0.151385 0.337164
vt 0.135101 0.326949
vt 0.151385 0.326949
vt 0.135101 0.321841
vt 0.151385 0.321841
vt 0.167670 0.326949
vt 0.167670 0.332057
vt 0.167670 0.321841
vt 0.135101 0.316734
vt 0.151385 0.316734
vt 0.167670 0.316734
vt 0.183954 0.321841
vt 0.183954 0.316734
vt 0.183954 0.326949
vt 0.167670 0.311626
vt 0.151385 0.311626
vt 0.183954 0.311626
vt 0.200239 0.311626
vt 0.200239 0.316734
vt 0.200239 0.321841
vt 0.216523 0.316734
vt 0.216523 0.321841
vt 0.216523 0.311626
vt 0.183954 0.306518
vt 0.200239 0.306518
vt 0.216523 0.306518
vt 0.232808 0.311626
vt 0.232808 0.316734
vt 0.232808 0.306518
vt 0.291798 0.503303
vt 0.291798 0.493911
vt 0.305800 0.493911
vt 0.305800 0.503303
vt 0.277795 0.503303
vt 0.277795 0.493911
vt 0.263792 0.493911
vt 0.263792 0.503303
vt 0.249092 0.306518
vt 0.249092 0.311626
vt 0.249789 0.503303
vt 0.249789 0.493911
vt 0.264084 0.306518
vt 0.264084 0.311626
vt 0.021109 0.306518
vt 0.021109 0.311626
vt 0.006117 0.311626
vt 0.006117 0.306518
vt 0.454872 0.263821
vt 0.455019 0.279648
vt 0.423975 0.276963
vt 0.423307 0.263821
vt 0.413605 0.250596
vt 0.414419 0.263821
vt 0.395975 0.263821
vt 0.396599 0.250219
vt 0.423570 0.279885
vt 0.456330 0.284557
vt 0.037394 0.306518
vt 0.387109 0.277475
vt 0.387021 0.263821
vt 0.481941 0.485295
vt 0.481941 0.475802
vt 0.495597 0.475802
vt 0.495597 0.485295
vt 0.488603 0.526622
vt 0.488603 0.523578
vt 0.502651 0.523578
vt 0.502651 0.526622
vt 0.396381 0.247164
vt 0.413395 0.247653
vt 0.193653 0.392311
vt 0.208267 0.392311
vt 0.208267 0.401804
vt 0.193653 0.401804
vt 0.203168 0.377941
vt 0.193692 0.377967
vt 0.193653 0.363378
vt 0.474555 0.526622
vt 0.474555 0.523578
vt 0.222882 0.392311
vt 0.222882 0.401804
vt 0.237496 0.392311
vt 0.237496 0.401804
vt 0.460507 0.526622
vt 0.460507 0.523578
vt 0.468285 0.485295
vt 0.468285 0.475802
vt 0.454629 0.485295
vt 0.454629 0.475802
vt 0.440973 0.485295
vt 0.440973 0.475802
vt 0.446459 0.526622
vt 0.446459 0.523578
vt 0.427317 0.485295
vt 0.427317 0.475802
vt 0.432411 0.526622
vt 0.432411 0.523578
vt 0.266725 0.392311
vt 0.266725 0.401804
vt 0.252110 0.401804
vt 0.252110 0.392311
vt 0.281339 0.392311
vt 0.281339 0.401804
vt 0.418364 0.526622
vt 0.418364 0.523578
vt 0.295953 0.392311
vt 0.295953 0.401804
vt 0.404316 0.526622
vt 0.404316 0.523578
vt 0.413661 0.485295
vt 0.413661 0.475802
vt 0.400005 0.485295
vt 0.400005 0.475802
vt 0.386349 0.485295
vt 0.386349 0.475802
vt 0.390268 0.526622
vt 0.390268 0.523578
vt 0.372693 0.485295
vt 0.372693 0.475802
vt 0.376220 0.526622
vt 0.376220 0.523578
vt 0.310568 0.392311
vt 0.310568 0.401804
vt 0.325182 0.392311
vt 0.325182 0.401804
vt 0.362172 0.526622
vt 0.362172 0.523578
vt 0.339796 0.392311
vt 0.339796 0.401804
vt 0.348124 0.526622
vt 0.348124 0.523578
vt 0.354411 0.392311
vt 0.354411 0.401804
vt 0.359037 0.485295
vt 0.359037 0.475802
vt 0.345381 0.485295
vt 0.345381 0.475802
vt 0.334076 0.526622
vt 0.334076 0.523578
vt 0.331725 0.485295
vt 0.331725 0.475802
vt 0.318069 0.485295
vt 0.318069 0.475802
vt 0.320028 0.526622
vt 0.320028 0.523578
vt 0.369025 0.392311
vt 0.369025 0.401804
vt 0.383639 0.392311
vt 0.383639 0.401804
vt 0.398254 0.392311
vt 0.398254 0.401804
vt 0.305981 0.526622
vt 0.305981 0.523578
vt 0.291933 0.526622
vt 0.291933 0.523578
vt 0.412868 0.392311
vt 0.412868 0.401804
vt 0.446459 0.511918
vt 0.460507 0.511918
vt 0.460507 0.514962
vt 0.446459 0.514962
vt 0.474555 0.511918
vt 0.474555 0.514962
vt 0.488602 0.511918
vt 0.488602 0.514962
vt 0.427482 0.392311
vt 0.427482 0.401804
vt 0.502650 0.511918
vt 0.502650 0.514962
vt 0.442097 0.392311
vt 0.442097 0.401804
vt 0.277101 0.485295
vt 0.277101 0.475802
vt 0.290757 0.475802
vt 0.290757 0.485295
vt 0.263445 0.485295
vt 0.263445 0.475802
vt 0.249789 0.485295
vt 0.249789 0.475802
vt 0.516698 0.511918
vt 0.516698 0.514962
vt 0.530746 0.511918
vt 0.530746 0.514962
vt 0.387109 0.250166
vt 0.456711 0.392311
vt 0.456711 0.401804
vt 0.193719 0.348789
vt 0.249789 0.511918
vt 0.263837 0.511918
vt 0.263837 0.514962
vt 0.249789 0.514962
vt 0.263837 0.526622
vt 0.249789 0.526622
vt 0.249789 0.523578
vt 0.263837 0.523578
vt 0.277885 0.526622
vt 0.277885 0.523578
vt 0.304413 0.475802
vt 0.304413 0.485295
vt 0.432411 0.511918
vt 0.432411 0.514962
vt 0.418363 0.511918
vt 0.418363 0.514962
vt 0.404315 0.511918
vt 0.404315 0.514962
vt 0.390267 0.511918
vt 0.390267 0.514962
vt 0.376220 0.514962
vt 0.376220 0.511918
vt 0.362172 0.514962
vt 0.362172 0.511918
vt 0.348124 0.514962
vt 0.348124 0.511918
vt 0.334076 0.514962
vt 0.334076 0.511918
vt 0.320028 0.514962
vt 0.320028 0.511918
vt 0.305980 0.511918
vt 0.305980 0.514962
vt 0.291933 0.511918
vt 0.291933 0.514962
vt 0.277885 0.511918
vt 0.277885 0.514962
vt 0.232808 0.332057
vt 0.249092 0.332057
vt 0.249092 0.337164
vt 0.232808 0.337164
vt 0.265894 0.332057
vt 0.265894 0.337164
vt 0.232808 0.326949
vt 0.216523 0.332057
vt 0.216523 0.337164
vt 0.216523 0.326949
vt 0.200239 0.332057
vt 0.200239 0.337164
vt 0.200239 0.326949
vt 0.183954 0.332057
vt 0.183954 0.337164
vt 0.167670 0.337164
vt 0.333806 0.503303
vt 0.319803 0.503303
vt 0.319803 0.493911
vt 0.333806 0.493911
vt 0.167670 0.306518
vt 0.151385 0.306518
vt 0.135101 0.306518
vt 0.135101 0.311626
vt 0.118816 0.311626
vt 0.118816 0.306518
vt 0.232808 0.321841
vt 0.404893 0.420796
vt 0.404893 0.410419
vt 0.362885 0.379788
vt 0.362885 0.382721
vt 0.149059 0.486179
vt 0.149059 0.475802
vt 0.376422 0.379788
vt 0.376422 0.382721
vt 0.135900 0.486179
vt 0.135900 0.475802
vt 0.122741 0.486179
vt 0.122741 0.475802
vt 0.109581 0.486179
vt 0.109581 0.475802
vt 0.096422 0.486179
vt 0.096422 0.475802
vt 0.235901 0.420796
vt 0.235901 0.410419
vt 0.392593 0.154579
vt 0.384845 0.156923
vt 0.391822 0.152197
vt 0.336291 0.108369
vt 0.398411 0.148569
vt 0.368734 0.156923
vt 0.409080 0.137849
vt 0.353849 0.150757
vt 0.414835 0.123865
vt 0.342456 0.139365
vt 0.336291 0.124480
vt 0.414802 0.108748
vt 0.408991 0.094795
vt 0.398286 0.084129
vt 0.384320 0.078370
vt 0.369218 0.078394
vt 0.354240 0.082336
vt 0.342330 0.093432
vt 0.910110 0.039943
vt 0.919324 0.039943
vt 0.919680 0.068485
vt 0.905256 0.068622
vt 0.327346 0.453001
vt 0.333747 0.453001
vt 0.333747 0.455809
vt 0.327346 0.455809
vt 0.039344 0.039943
vt 0.035348 0.050420
vt 0.030267 0.050426
vt 0.035063 0.039943
vt 0.004308 0.047834
vt 0.013113 0.039943
vt 0.009393 0.049103
vt 0.026512 0.039943
vt 0.020921 0.049864
vt 0.016776 0.049451
vt 0.022215 0.039943
vt 0.012973 0.049132
vt 0.017908 0.039943
vt 0.030792 0.039943
vt 0.025430 0.050223
vt 0.414197 0.202913
vt 0.415607 0.200627
vt 0.424479 0.200303
vt 0.425345 0.202913
vt 0.973105 0.012645
vt 0.969942 0.004308
vt 0.974695 0.004308
vt 0.978238 0.012358
vt 0.967695 0.012674
vt 0.965166 0.004308
vt 0.681171 0.021653
vt 0.674271 0.004308
vt 0.683879 0.004308
vt 0.690489 0.021117
vt 0.072213 0.039943
vt 0.070200 0.050224
vt 0.065491 0.049508
vt 0.066945 0.039943
vt 0.569745 0.026344
vt 0.562919 0.004308
vt 0.573540 0.004308
vt 0.580545 0.026557
vt 0.939184 0.010626
vt 0.933642 0.010665
vt 0.934511 0.004308
vt 0.940019 0.004308
vt 0.112605 0.039943
vt 0.109398 0.055642
vt 0.103042 0.055350
vt 0.106663 0.039943
vt 0.096925 0.054821
vt 0.100763 0.039943
vt 0.091070 0.054078
vt 0.094905 0.039943
vt 0.962103 0.012457
vt 0.960345 0.004308
vt 0.085484 0.053168
vt 0.089102 0.039943
vt 0.080163 0.052159
vt 0.083372 0.039943
vt 0.075086 0.051142
vt 0.077703 0.039943
vt 0.060781 0.049147
vt 0.061921 0.039943
vt 0.170426 0.039943
vt 0.169758 0.055490
vt 0.163224 0.054636
vt 0.163390 0.039943
vt 0.350993 0.039943
vt 0.351982 0.065079
vt 0.342484 0.064735
vt 0.341733 0.039943
vt 0.763353 0.021977
vt 0.763997 0.004308
vt 0.772351 0.004308
vt 0.771942 0.021569
vt 0.570090 0.039943
vt 0.563040 0.068412
vt 0.551426 0.068476
vt 0.558595 0.039943
vt 0.192399 0.039943
vt 0.190452 0.058383
vt 0.183317 0.057405
vt 0.184959 0.039943
vt 0.388950 0.039943
vt 0.391237 0.064998
vt 0.381270 0.065185
vt 0.379308 0.039943
vt 0.279160 0.039943
vt 0.280515 0.059851
vt 0.272065 0.059653
vt 0.270706 0.039943
vt 0.503500 0.027233
vt 0.496410 0.004308
vt 0.507786 0.004308
vt 0.514736 0.026699
vt 0.480661 0.028405
vt 0.473399 0.004308
vt 0.484946 0.004308
vt 0.492146 0.027826
vt 0.332542 0.039943
vt 0.333144 0.064227
vt 0.323973 0.063568
vt 0.323411 0.039943
vt 0.547217 0.039943
vt 0.539911 0.068513
vt 0.528501 0.068495
vt 0.535953 0.039943
vt 0.885981 0.017078
vt 0.884460 0.004308
vt 0.891010 0.004308
vt 0.892744 0.016591
vt 0.360335 0.039943
vt 0.361619 0.065262
vt 0.333134 0.029847
vt 0.326725 0.004308
vt 0.339607 0.004308
vt 0.346015 0.029716
vt 0.014469 0.464424
vt 0.024522 0.464424
vt 0.024522 0.467187
vt 0.014469 0.467187
vt 0.754591 0.022163
vt 0.755568 0.004308
vt 0.253288 0.030921
vt 0.247033 0.004308
vt 0.260608 0.004308
vt 0.266921 0.030828
vt 0.156539 0.039943
vt 0.156681 0.054145
vt 0.150050 0.054023
vt 0.149876 0.039943
vt 0.491942 0.039943
vt 0.502800 0.039943
vt 0.494992 0.067904
vt 0.484091 0.067494
vt 0.396573 0.464424
vt 0.400883 0.464424
vt 0.400883 0.467187
vt 0.396573 0.467187
vt 0.305381 0.039943
vt 0.306171 0.061883
vt 0.297518 0.061036
vt 0.296511 0.039943
vt 0.372434 0.464424
vt 0.377527 0.464424
vt 0.377527 0.467187
vt 0.372434 0.467187
vt 0.387353 0.464424
vt 0.387353 0.467187
vt 0.382498 0.467187
vt 0.382498 0.464424
vt 0.439018 0.039943
vt 0.449404 0.039943
vt 0.441904 0.065344
vt 0.431652 0.064962
vt 0.263588 0.059717
vt 0.262399 0.039943
vt 0.341704 0.464424
vt 0.346937 0.464424
vt 0.346937 0.467187
vt 0.341704 0.467187
vt 0.294516 0.464424
vt 0.301032 0.464424
vt 0.301032 0.467187
vt 0.294516 0.467187
vt 0.384057 0.029748
vt 0.377516 0.004308
vt 0.389900 0.004308
vt 0.396541 0.029823
vt 0.255062 0.059957
vt 0.254235 0.039943
vt 0.330907 0.464424
vt 0.336369 0.464424
vt 0.336369 0.467187
vt 0.330907 0.467187
vt 0.944869 0.010942
vt 0.945307 0.004308
vt 0.352099 0.464424
vt 0.357176 0.464424
vt 0.357176 0.467187
vt 0.352099 0.467187
vt 0.416966 0.464424
vt 0.416966 0.467187
vt 0.412564 0.467187
vt 0.412564 0.464424
vt 0.408594 0.039943
vt 0.401269 0.064815
vt 0.398710 0.039943
vt 0.525873 0.026295
vt 0.519062 0.004308
vt 0.530225 0.004308
vt 0.536933 0.026068
vt 0.287765 0.039943
vt 0.288982 0.060328
vt 0.392056 0.464424
vt 0.392056 0.467187
vt 0.177626 0.039943
vt 0.176417 0.056394
vt 0.314354 0.039943
vt 0.314975 0.062765
vt 0.922741 0.011946
vt 0.917200 0.012970
vt 0.916631 0.004308
vt 0.922797 0.004308
vt 0.727475 0.021591
vt 0.729706 0.004308
vt 0.738434 0.004308
vt 0.736636 0.021961
vt 0.950641 0.011530
vt 0.950439 0.004308
vt 0.955447 0.004308
vt 0.956392 0.012046
vt 0.371384 0.065304
vt 0.369769 0.039943
vt 0.287807 0.464424
vt 0.287807 0.467187
vt 0.260221 0.464424
vt 0.267180 0.464424
vt 0.267180 0.467187
vt 0.260221 0.467187
vt 0.143389 0.039943
vt 0.143285 0.054190
vt 0.136419 0.054708
vt 0.137049 0.039943
vt 0.899245 0.015874
vt 0.897509 0.004308
vt 0.903954 0.004308
vt 0.905481 0.014977
vt 0.358793 0.029664
vt 0.352369 0.004308
vt 0.365006 0.004308
vt 0.371474 0.029684
vt 0.581703 0.039943
vt 0.593438 0.039943
vt 0.586542 0.068337
vt 0.574747 0.068354
vt 0.780640 0.004308
vt 0.780344 0.020940
vt 0.135180 0.464424
vt 0.143885 0.464424
vt 0.143885 0.467187
vt 0.135180 0.467187
vt 0.745675 0.022146
vt 0.747052 0.004308
vt 0.346331 0.453001
vt 0.352423 0.453001
vt 0.352423 0.455809
vt 0.346331 0.455809
vt 0.026756 0.430201
vt 0.042099 0.430201
vt 0.042099 0.432975
vt 0.026756 0.432975
vt 0.057318 0.430201
vt 0.057317 0.432976
vt 0.072413 0.430201
vt 0.087385 0.430201
vt 0.087385 0.432976
vt 0.072413 0.432976
vt 0.534925 0.430201
vt 0.545619 0.430201
vt 0.545619 0.432976
vt 0.534925 0.432976
vt 0.211626 0.031032
vt 0.205591 0.004308
vt 0.219525 0.004308
vt 0.225637 0.031014
vt 0.389226 0.453001
vt 0.393983 0.453001
vt 0.393983 0.455809
vt 0.389226 0.455809
vt 0.259151 0.453001
vt 0.266547 0.453001
vt 0.266547 0.455809
vt 0.259151 0.455809
vt 0.168896 0.031033
vt 0.163066 0.004308
vt 0.177363 0.004308
vt 0.183255 0.031038
vt 0.154422 0.031027
vt 0.148647 0.004308
vt 0.783636 0.039943
vt 0.797262 0.039943
vt 0.791163 0.069695
vt 0.777486 0.069690
vt 0.139832 0.031026
vt 0.134104 0.004308
vt 0.020708 0.243085
vt 0.021064 0.270197
vt 0.012926 0.270197
vt 0.004308 0.243085
vt 0.095318 0.031017
vt 0.080227 0.030976
vt 0.074681 0.004308
vt 0.089724 0.004308
vt 0.307822 0.453001
vt 0.314379 0.453001
vt 0.314379 0.455809
vt 0.307822 0.455809
vt 0.510758 0.444386
vt 0.499379 0.444386
vt 0.499379 0.441591
vt 0.510758 0.441591
vt 0.044704 0.441591
vt 0.060134 0.441591
vt 0.060134 0.444386
vt 0.044704 0.444386
vt 0.151910 0.243085
vt 0.152568 0.275914
vt 0.135970 0.272539
vt 0.135510 0.243085
vt 0.462061 0.191688
vt 0.454716 0.191688
vt 0.454357 0.165538
vt 0.004334 0.031327
vt 0.004308 0.004308
vt 0.013272 0.004308
vt 0.019429 0.030789
vt 0.351414 0.191688
vt 0.351327 0.187295
vt 0.366147 0.183875
vt 0.366159 0.191688
vt 0.439948 0.191688
vt 0.425183 0.191688
vt 0.426113 0.171636
vt 0.440476 0.168819
vt 0.410423 0.191688
vt 0.411298 0.174399
vt 0.395665 0.191688
vt 0.396230 0.177348
vt 0.336291 0.191688
vt 0.988879 0.004308
vt 0.995692 0.010585
vt 0.991649 0.010901
vt 0.983024 0.011874
vt 0.979439 0.004308
vt 0.984172 0.004308
vt 0.987455 0.011325
vt 0.043660 0.039943
vt 0.040558 0.050208
vt 0.013769 0.441591
vt 0.029233 0.441591
vt 0.029233 0.444386
vt 0.013769 0.444385
vt 0.052548 0.039943
vt 0.050955 0.049447
vt 0.045779 0.049865
vt 0.048046 0.039943
vt 0.124654 0.039943
vt 0.122674 0.055540
vt 0.115958 0.055698
vt 0.118597 0.039943
vt 0.191537 0.004308
vt 0.197500 0.031051
vt 0.445370 0.029601
vt 0.438240 0.004308
vt 0.450052 0.004308
vt 0.457273 0.029319
vt 0.928182 0.011123
vt 0.928767 0.004308
vt 0.718255 0.021199
vt 0.709012 0.020922
vt 0.711844 0.004308
vt 0.720850 0.004308
vt 0.811951 0.016962
vt 0.804348 0.018044
vt 0.805156 0.004308
vt 0.813150 0.004308
vt 0.459899 0.039943
vt 0.470491 0.039943
vt 0.462727 0.066425
vt 0.452255 0.065854
vt 0.199877 0.039943
vt 0.197835 0.059252
vt 0.222680 0.039943
vt 0.221355 0.060722
vt 0.213302 0.060447
vt 0.215013 0.039943
vt 0.253234 0.464424
vt 0.253234 0.467187
vt 0.408920 0.029874
vt 0.402160 0.004308
vt 0.414300 0.004308
vt 0.421188 0.029870
vt 0.412884 0.453001
vt 0.412884 0.455809
vt 0.408159 0.455809
vt 0.408159 0.453001
vt 0.104643 0.004308
vt 0.110285 0.031035
vt 0.294504 0.453001
vt 0.301202 0.453001
vt 0.301202 0.455809
vt 0.294504 0.455809
vt 0.293792 0.030499
vt 0.287396 0.004308
vt 0.300618 0.004308
vt 0.307031 0.030274
vt 0.819436 0.016073
vt 0.820997 0.004308
vt 0.828672 0.004308
vt 0.826856 0.015506
vt 0.693354 0.004308
vt 0.699760 0.020873
vt 0.671772 0.022421
vt 0.664551 0.004308
vt 0.652599 0.024235
vt 0.642769 0.025052
vt 0.644862 0.004308
vt 0.654742 0.004308
vt 0.849240 0.016028
vt 0.841719 0.015544
vt 0.843457 0.004308
vt 0.850577 0.004308
vt 0.513750 0.039943
vt 0.506034 0.068197
vt 0.325292 0.464424
vt 0.325292 0.467187
vt 0.358297 0.453001
vt 0.358297 0.455809
vt 0.280422 0.030689
vt 0.274061 0.004308
vt 0.090916 0.464424
vt 0.099904 0.464424
vt 0.099904 0.467187
vt 0.090916 0.467187
vt 0.202027 0.464424
vt 0.209711 0.464424
vt 0.209711 0.467187
vt 0.202027 0.467187
vt 0.481173 0.039943
vt 0.473336 0.066990
vt 0.558868 0.026141
vt 0.552159 0.004308
vt 0.662257 0.023318
vt 0.836159 0.004308
vt 0.834267 0.015333
vt 0.702678 0.004308
vt 0.055956 0.049154
vt 0.057136 0.039943
vt 0.601824 0.026688
vt 0.604667 0.004308
vt 0.614834 0.004308
vt 0.612278 0.026528
vt 0.624914 0.004308
vt 0.622595 0.026205
vt 0.130794 0.039943
vt 0.129504 0.055218
vt 0.594402 0.004308
vt 0.591246 0.026703
vt 0.584031 0.004308
vt 0.632763 0.025710
vt 0.634919 0.004308
vt 0.547929 0.026027
vt 0.541260 0.004308
vt 0.004308 0.441591
vt 0.004308 0.444385
vt 0.404978 0.464424
vt 0.404978 0.467187
vt 0.796554 0.019126
vt 0.788550 0.020112
vt 0.788866 0.004308
vt 0.797051 0.004308
vt 0.524799 0.039943
vt 0.517205 0.068392
vt 0.274109 0.464424
vt 0.280994 0.464424
vt 0.280994 0.467187
vt 0.274109 0.467187
vt 0.207414 0.039943
vt 0.205456 0.059952
vt 0.911461 0.013973
vt 0.910323 0.004308
vt 0.878968 0.017306
vt 0.877856 0.004308
vt 0.169606 0.464424
vt 0.177963 0.464424
vt 0.177963 0.467187
vt 0.169606 0.467187
vt 0.186170 0.464424
vt 0.186170 0.467187
vt 0.231920 0.464424
vt 0.239103 0.464424
vt 0.239103 0.467187
vt 0.231920 0.467187
vt 0.666342 0.039943
vt 0.678900 0.039943
vt 0.672153 0.069468
vt 0.659540 0.069327
vt 0.246210 0.464424
vt 0.246210 0.467187
vt 0.034445 0.464424
vt 0.034445 0.467187
vt 0.598040 0.430201
vt 0.608332 0.430201
vt 0.608332 0.432976
vt 0.598040 0.432976
vt 0.871733 0.017265
vt 0.871185 0.004308
vt 0.704378 0.039943
vt 0.717294 0.039943
vt 0.710771 0.069667
vt 0.697773 0.069629
vt 0.348056 0.430201
vt 0.360536 0.430201
vt 0.360536 0.432976
vt 0.348056 0.432976
vt 0.296959 0.430201
vt 0.309915 0.430201
vt 0.309915 0.432976
vt 0.296959 0.432976
vt 0.756746 0.039943
vt 0.750466 0.069697
vt 0.737123 0.069708
vt 0.743478 0.039943
vt 0.417853 0.453001
vt 0.417853 0.455809
vt 0.011287 0.432976
vt 0.004308 0.432685
vt 0.011287 0.430201
vt 0.605293 0.039943
vt 0.617268 0.039943
vt 0.610412 0.068512
vt 0.598428 0.068387
vt 0.857560 0.004308
vt 0.856806 0.016590
vt 0.369304 0.453001
vt 0.374466 0.453001
vt 0.374466 0.455809
vt 0.369304 0.455809
vt 0.246503 0.060235
vt 0.246197 0.039943
vt 0.577253 0.430201
vt 0.587676 0.430201
vt 0.587676 0.432976
vt 0.577253 0.432976
vt 0.566772 0.430201
vt 0.566772 0.432976
vt 0.556230 0.430201
vt 0.556230 0.432976
vt 0.479795 0.430201
vt 0.491076 0.430201
vt 0.491076 0.432976
vt 0.479795 0.432976
vt 0.188735 0.430201
vt 0.202711 0.430201
vt 0.202711 0.432976
vt 0.188735 0.432976
vt 0.216557 0.430201
vt 0.230276 0.430201
vt 0.230276 0.432976
vt 0.216557 0.432976
vt 0.235838 0.453001
vt 0.243780 0.453001
vt 0.243780 0.455809
vt 0.235838 0.455809
vt 0.131566 0.430201
vt 0.146045 0.430201
vt 0.146045 0.432976
vt 0.131566 0.432976
vt 0.398712 0.453001
vt 0.398712 0.455809
vt 0.379500 0.453001
vt 0.379500 0.455809
vt 0.257331 0.430201
vt 0.270668 0.430201
vt 0.270668 0.432976
vt 0.257331 0.432976
vt 0.243866 0.430201
vt 0.243866 0.432976
vt 0.251559 0.453001
vt 0.251559 0.455809
vt 0.723888 0.069688
vt 0.730327 0.039943
vt 0.340071 0.455809
vt 0.340071 0.453001
vt 0.322748 0.430201
vt 0.335461 0.430201
vt 0.335461 0.432976
vt 0.322748 0.432976
vt 0.372909 0.430201
vt 0.385182 0.430201
vt 0.385182 0.432976
vt 0.372909 0.432976
vt 0.397361 0.430201
vt 0.397361 0.432976
vt 0.409449 0.430201
vt 0.409449 0.432976
vt 0.233339 0.004308
vt 0.239526 0.030980
vt 0.502221 0.430201
vt 0.513237 0.430201
vt 0.513237 0.432976
vt 0.502221 0.432976
vt 0.445144 0.430201
vt 0.456824 0.430201
vt 0.456824 0.432976
vt 0.445144 0.432976
vt 0.108811 0.464424
vt 0.108811 0.467187
vt 0.433348 0.430201
vt 0.433348 0.432976
vt 0.468377 0.430201
vt 0.468377 0.432976
vt 0.116965 0.430201
vt 0.116965 0.432976
vt 0.403433 0.455809
vt 0.403433 0.453001
vt 0.102236 0.430201
vt 0.102236 0.432976
vt 0.421446 0.430201
vt 0.421446 0.432976
vt 0.524134 0.430201
vt 0.524134 0.432976
vt 0.237979 0.060633
vt 0.238254 0.039943
vt 0.063312 0.464424
vt 0.072635 0.464424
vt 0.072635 0.467187
vt 0.063312 0.467187
vt 0.117645 0.464424
vt 0.126432 0.464424
vt 0.126432 0.467187
vt 0.117645 0.467187
vt 0.229588 0.060779
vt 0.230423 0.039943
vt 0.691580 0.039943
vt 0.684898 0.069566
vt 0.004308 0.464424
vt 0.004308 0.467187
vt 0.081832 0.464424
vt 0.081832 0.467187
vt 0.044223 0.464424
vt 0.053849 0.464424
vt 0.053849 0.467187
vt 0.044223 0.467187
vt 0.313728 0.004308
vt 0.320142 0.030044
vt 0.194183 0.464424
vt 0.194183 0.467187
vt 0.161121 0.464424
vt 0.161121 0.467187
vt 0.152539 0.464424
vt 0.152539 0.467187
vt 0.629362 0.039943
vt 0.641572 0.039943
vt 0.634718 0.068921
vt 0.622505 0.068700
vt 0.653897 0.039943
vt 0.647061 0.069140
vt 0.895922 0.039943
vt 0.890759 0.069086
vt 0.316166 0.441591
vt 0.329220 0.441591
vt 0.329220 0.444386
vt 0.316166 0.444386
vt 0.227769 0.455809
vt 0.227769 0.453001
vt 0.320887 0.455809
vt 0.320887 0.453001
vt 0.273752 0.453001
vt 0.273752 0.455809
vt 0.811010 0.039943
vt 0.824882 0.039943
vt 0.818895 0.069740
vt 0.804961 0.069711
vt 0.852995 0.039943
vt 0.847220 0.069744
vt 0.832976 0.069754
vt 0.838876 0.039943
vt 0.219602 0.455809
vt 0.219602 0.453001
vt 0.114876 0.453001
vt 0.124326 0.453001
vt 0.124326 0.455809
vt 0.114876 0.455809
vt 0.280787 0.453001
vt 0.280787 0.455809
vt 0.133620 0.453001
vt 0.133620 0.455809
vt 0.864426 0.004308
vt 0.864324 0.016956
vt 0.264666 0.297903
vt 0.266712 0.243085
vt 0.273049 0.271679
vt 0.125121 0.031029
vt 0.119436 0.004308
vt 0.069909 0.243085
vt 0.069817 0.270367
vt 0.053466 0.270276
vt 0.053509 0.243085
vt 0.249520 0.294274
vt 0.250312 0.243085
vt 0.060753 0.121604
vt 0.065419 0.128927
vt 0.056388 0.137925
vt 0.049256 0.132924
vt 0.091724 0.116018
vt 0.106386 0.122658
vt 0.101353 0.129801
vt 0.089879 0.124502
vt 0.100001 0.184378
vt 0.104623 0.191747
vt 0.089692 0.197764
vt 0.088259 0.189131
vt 0.109092 0.175461
vt 0.116292 0.180574
vt 0.091703 0.209055
vt 0.071378 0.208535
vt 0.073708 0.197281
vt 0.094132 0.104651
vt 0.113123 0.112969
vt 0.114542 0.163819
vt 0.123141 0.165792
vt 0.119110 0.243085
vt 0.119191 0.270742
vt 0.102654 0.270592
vt 0.102709 0.243085
vt 0.037108 0.243085
vt 0.037199 0.270197
vt 0.117812 0.134248
vt 0.110342 0.138962
vt 0.059131 0.190784
vt 0.048216 0.179098
vt 0.055378 0.174409
vt 0.064036 0.183677
vt 0.052599 0.200371
vt 0.038358 0.185367
vt 0.126060 0.187595
vt 0.110640 0.201542
vt 0.075676 0.115533
vt 0.077234 0.124117
vt 0.086212 0.270469
vt 0.086309 0.243085
vt 0.042205 0.164090
vt 0.050957 0.162486
vt 0.075609 0.188923
vt 0.168311 0.243085
vt 0.169168 0.279165
vt 0.218221 0.288127
vt 0.217511 0.243085
vt 0.233912 0.243085
vt 0.234045 0.291084
vt 0.073638 0.104154
vt 0.184711 0.243085
vt 0.185701 0.282265
vt 0.051489 0.149699
vt 0.042876 0.147793
vt 0.127911 0.127892
vt 0.135143 0.147540
vt 0.123792 0.149462
vt 0.201111 0.243085
vt 0.202082 0.285229
vt 0.115142 0.150935
vt 0.030617 0.166082
vt 0.031245 0.145177
vt 0.039795 0.126195
vt 0.029321 0.118903
vt 0.048095 0.101378
vt 0.054589 0.111808
vt 0.045672 0.210657
vt 0.068962 0.220449
vt 0.066216 0.234469
vt 0.037531 0.222966
vt 0.093776 0.220874
vt 0.096116 0.234469
vt 0.017085 0.110502
vt 0.040078 0.088555
vt 0.120321 0.102448
vt 0.138345 0.121137
vt 0.128503 0.090107
vt 0.150955 0.112779
vt 0.096607 0.092573
vt 0.099397 0.078370
vt 0.019051 0.142600
vt 0.071515 0.092246
vt 0.117219 0.212124
vt 0.124562 0.224442
vt 0.135899 0.194811
vt 0.004684 0.139583
vt 0.027720 0.192174
vt 0.018456 0.168189
vt 0.014778 0.200430
vt 0.134672 0.168402
vt 0.146885 0.171481
vt 0.147833 0.145415
vt 0.163337 0.142807
vt 0.161452 0.175250
vt 0.147659 0.203660
vt 0.004308 0.170556
vt 0.069117 0.078417
vt 0.363925 0.453001
vt 0.363925 0.455809
vt 0.224641 0.464424
vt 0.224641 0.467187
vt 0.217244 0.464424
vt 0.217244 0.467187
vt 0.461769 0.004308
vt 0.469037 0.028914
vt 0.433339 0.029782
vt 0.426325 0.004308
vt 0.307374 0.464424
vt 0.313534 0.464424
vt 0.313534 0.467187
vt 0.307374 0.467187
vt 0.319505 0.467187
vt 0.319505 0.464424
vt 0.408866 0.464424
vt 0.408866 0.467187
vt 0.367331 0.464424
vt 0.367331 0.467187
vt 0.418607 0.039943
vt 0.428749 0.039943
vt 0.421473 0.064749
vt 0.411349 0.064711
vt 0.362245 0.464424
vt 0.362245 0.467187
vt 0.262753 0.441591
vt 0.276287 0.441591
vt 0.276287 0.444386
vt 0.262753 0.444386
vt 0.289700 0.441591
vt 0.289700 0.444386
vt 0.392615 0.441591
vt 0.404913 0.441591
vt 0.404913 0.444386
vt 0.392615 0.444386
vt 0.354961 0.441591
vt 0.367640 0.441591
vt 0.367640 0.444386
vt 0.354961 0.444386
vt 0.342153 0.444386
vt 0.342153 0.441591
vt 0.452940 0.444386
vt 0.441097 0.444386
vt 0.441097 0.441591
vt 0.452940 0.441591
vt 0.464685 0.441591
vt 0.464685 0.444386
vt 0.429150 0.441591
vt 0.429150 0.444386
vt 0.417090 0.441591
vt 0.417090 0.444386
vt 0.380192 0.441591
vt 0.380192 0.444386
vt 0.302992 0.444386
vt 0.302992 0.441591
vt 0.014832 0.453001
vt 0.025239 0.453001
vt 0.025239 0.455809
vt 0.014832 0.455809
vt 0.035536 0.453001
vt 0.035536 0.455809
vt 0.160557 0.453001
vt 0.169272 0.453001
vt 0.169272 0.455809
vt 0.160557 0.455809
vt 0.055844 0.453001
vt 0.065878 0.453001
vt 0.065878 0.455809
vt 0.055844 0.455809
vt 0.177870 0.453001
vt 0.186368 0.453001
vt 0.186368 0.455809
vt 0.177870 0.455809
vt 0.075849 0.453001
vt 0.075849 0.455809
vt 0.881600 0.039943
vt 0.876171 0.069473
vt 0.045735 0.455809
vt 0.045735 0.453001
vt 0.476339 0.441591
vt 0.476339 0.444386
vt 0.565815 0.441591
vt 0.576419 0.441591
vt 0.576419 0.444386
vt 0.565815 0.444386
vt 0.004308 0.453001
vt 0.004308 0.455809
vt 0.555075 0.441591
vt 0.555075 0.444386
vt 0.487904 0.441591
vt 0.487904 0.444386
vt 0.522028 0.441591
vt 0.522028 0.444385
vt 0.142752 0.453001
vt 0.142752 0.455809
vt 0.059513 0.004308
vt 0.065035 0.030899
vt 0.867236 0.039943
vt 0.861629 0.069670
vt 0.105282 0.453001
vt 0.105282 0.455809
vt 0.211393 0.453001
vt 0.211393 0.455809
vt 0.028808 0.004308
vt 0.034568 0.030706
vt 0.194781 0.453001
vt 0.194781 0.455809
vt 0.544195 0.441591
vt 0.544195 0.444386
vt 0.533177 0.441591
vt 0.533177 0.444385
vt 0.327676 0.139664
vt 0.322199 0.140786
vt 0.310394 0.113820
vt 0.314927 0.110601
vt 0.085748 0.453001
vt 0.085748 0.455809
vt 0.770131 0.039943
vt 0.763921 0.069693
vt 0.384410 0.453001
vt 0.384410 0.455809
vt 0.283877 0.430201
vt 0.283877 0.432976
vt 0.203121 0.453001
vt 0.203121 0.455809
vt 0.044222 0.004308
vt 0.049791 0.030791
vt 0.095565 0.453001
vt 0.095565 0.455809
vt 0.160402 0.430201
vt 0.174632 0.430201
vt 0.174632 0.432976
vt 0.160402 0.432976
vt 0.151727 0.453001
vt 0.151727 0.455809
vt 0.075435 0.444386
vt 0.075435 0.441591
vt 0.090608 0.444386
vt 0.090608 0.441591
vt 0.164536 0.441591
vt 0.178939 0.441591
vt 0.178939 0.444386
vt 0.164536 0.444386
vt 0.105652 0.441591
vt 0.120566 0.441591
vt 0.120566 0.444386
vt 0.105652 0.444386
vt 0.193217 0.441591
vt 0.193217 0.444386
vt 0.207372 0.441591
vt 0.221402 0.441591
vt 0.221402 0.444386
vt 0.207372 0.444386
vt 0.150007 0.441591
vt 0.150007 0.444386
vt 0.135351 0.444386
vt 0.135351 0.441591
vt 0.235310 0.441591
vt 0.235310 0.444386
vt 0.249094 0.444386
vt 0.249094 0.441591
vt 0.380911 0.191688
vt 0.381133 0.180532
vt 0.287706 0.453001
vt 0.287706 0.455809
vt 0.289268 0.093841
vt 0.292152 0.089204
vt 0.264274 0.232837
vt 0.233784 0.232837
vt 0.234858 0.227551
vt 0.263326 0.227506
vt 0.327081 0.171215
vt 0.321578 0.170075
vt 0.315151 0.199969
vt 0.310606 0.196880
vt 0.184092 0.199321
vt 0.188674 0.196280
vt 0.208452 0.216848
vt 0.205469 0.221264
vt 0.262612 0.083582
vt 0.263527 0.078370
vt 0.293100 0.221884
vt 0.290154 0.217278
vt 0.177249 0.141392
vt 0.177429 0.169998
vt 0.172103 0.171058
vt 0.171953 0.140269
vt 0.234349 0.084179
vt 0.233255 0.078949
vt 0.208441 0.095316
vt 0.205467 0.090891
vt 0.188700 0.115368
vt 0.184287 0.112331
vt 0.222960 0.195075
vt 0.209542 0.182243
vt 0.225712 0.170868
vt 0.233339 0.178713
vt 0.258200 0.108854
vt 0.275454 0.115754
vt 0.265032 0.132449
vt 0.254993 0.128171
vt 0.258569 0.202683
vt 0.239930 0.202384
vt 0.243376 0.183085
vt 0.254340 0.183306
vt 0.296389 0.165134
vt 0.289029 0.182334
vt 0.272570 0.171638
vt 0.277098 0.161493
vt 0.209497 0.129219
vt 0.222670 0.116186
vt 0.233973 0.132121
vt 0.226165 0.139730
vt 0.296054 0.146282
vt 0.276608 0.150458
vt 0.275661 0.195259
vt 0.264582 0.179274
vt 0.288823 0.128870
vt 0.272647 0.140279
vt 0.239711 0.109040
vt 0.244091 0.128064
vt 0.202609 0.164952
vt 0.202829 0.146480
vt 0.221876 0.149769
vt 0.221704 0.160696
vt 0.249272 0.155632
vt 0.108925 0.417029
vt 0.118439 0.417029
vt 0.118439 0.420796
vt 0.108925 0.420796
vt 0.185037 0.420796
vt 0.175523 0.420796
vt 0.175523 0.417029
vt 0.185037 0.417029
vt 0.387021 0.306667
vt 0.387021 0.298762
vt 0.396563 0.302714
vt 0.392610 0.293172
vt 0.406105 0.306667
vt 0.400515 0.312257
vt 0.392610 0.312257
vt 0.400515 0.293172
vt 0.406105 0.298762
vt 0.137467 0.420796
vt 0.127953 0.420796
vt 0.127953 0.417029
vt 0.137467 0.417029
vt 0.127953 0.345780
vt 0.137467 0.345780
vt 0.118439 0.345780
vt 0.108925 0.345780
vt 0.175523 0.345780
vt 0.185037 0.345780
vt 0.166009 0.417029
vt 0.166009 0.345780
vt 0.156495 0.417029
vt 0.156495 0.345780
vt 0.146981 0.417029
vt 0.146981 0.345780
vt 0.156495 0.420796
vt 0.146981 0.420796
vt 0.166009 0.420796
vt 0.336291 0.228113
vt 0.368698 0.228113
vt 0.368698 0.232086
vt 0.336291 0.232086
vt 0.336291 0.200303
vt 0.368698 0.200303
vt 0.368698 0.204276
vt 0.336291 0.204276
vt 0.336291 0.208249
vt 0.368698 0.208249
vt 0.386720 0.203723
vt 0.395708 0.203342
vt 0.393308 0.209727
vt 0.389632 0.209803
vt 0.387042 0.212467
vt 0.380364 0.210123
vt 0.396846 0.200303
vt 0.385224 0.200335
vt 0.377314 0.208952
vt 0.402205 0.209480
vt 0.396023 0.212266
vt 0.405581 0.207951
vt 0.405573 0.219581
vt 0.402532 0.218434
vt 0.386222 0.228335
vt 0.377419 0.220676
vt 0.380802 0.219118
vt 0.387364 0.225284
vt 0.396358 0.224949
vt 0.397890 0.228335
vt 0.389829 0.218788
vt 0.393561 0.218738
vt 0.396052 0.215980
vt 0.336291 0.216195
vt 0.368698 0.216195
vt 0.368698 0.220167
vt 0.336291 0.220167
vt 0.336291 0.212222
vt 0.368698 0.212222
vt 0.368698 0.224140
vt 0.336291 0.224140
vt 0.387099 0.216237
vt 0.052309 0.403113
vt 0.061927 0.403173
vt 0.061412 0.416063
vt 0.052309 0.414862
vt 0.043206 0.416063
vt 0.042690 0.403173
vt 0.052309 0.394977
vt 0.061976 0.394945
vt 0.042641 0.394945
vt 0.032529 0.403585
vt 0.032352 0.394538
vt 0.033936 0.415722
vt 0.021429 0.404877
vt 0.020259 0.394448
vt 0.025020 0.418073
vt 0.015901 0.421586
vt 0.007168 0.408746
vt 0.004308 0.394482
vt 0.021574 0.381828
vt 0.032929 0.384057
vt 0.007596 0.377644
vt 0.097021 0.377644
vt 0.100310 0.394482
vt 0.084359 0.394448
vt 0.083043 0.381828
vt 0.097450 0.408746
vt 0.083188 0.404877
vt 0.016108 0.362975
vt 0.026156 0.369311
vt 0.088509 0.362975
vt 0.078462 0.369311
vt 0.074437 0.350495
vt 0.069510 0.355991
vt 0.035107 0.355991
vt 0.030181 0.350495
vt 0.035386 0.372959
vt 0.040673 0.359480
vt 0.041930 0.348856
vt 0.045098 0.350969
vt 0.039589 0.345780
vt 0.046460 0.361411
vt 0.043994 0.374865
vt 0.048671 0.352126
vt 0.420267 0.331405
vt 0.420369 0.334825
vt 0.416213 0.333213
vt 0.417819 0.329097
vt 0.414478 0.329143
vt 0.052309 0.352728
vt 0.052309 0.362039
vt 0.055946 0.352126
vt 0.058157 0.361411
vt 0.412132 0.331523
vt 0.059519 0.350969
vt 0.063945 0.359480
vt 0.412103 0.334887
vt 0.062688 0.348856
vt 0.414500 0.337328
vt 0.065029 0.345780
vt 0.417968 0.337328
vt 0.069231 0.372959
vt 0.060623 0.374865
vt 0.071689 0.384057
vt 0.061716 0.385255
vt 0.072265 0.394538
vt 0.052309 0.385659
vt 0.052309 0.375408
vt 0.042901 0.385255
vt 0.072089 0.403585
vt 0.079597 0.418073
vt 0.070682 0.415722
vt 0.088716 0.421586
vt 0.403459 0.325660
vt 0.403487 0.332481
vt 0.395246 0.329096
vt 0.398671 0.337328
vt 0.391839 0.337328
vt 0.398624 0.320872
vt 0.387032 0.325696
vt 0.391831 0.320888
vt 0.387021 0.332500
vt 0.371041 0.264055
vt 0.378405 0.281834
vt 0.330035 0.291455
vt 0.378405 0.301077
vt 0.625615 0.360730
vt 0.625615 0.371172
vt 0.604118 0.371172
vt 0.604118 0.360730
vt 0.582621 0.371172
vt 0.582621 0.360730
vt 0.371041 0.318855
vt 0.281664 0.360730
vt 0.303161 0.360730
vt 0.303161 0.371172
vt 0.281664 0.371172
vt 0.357434 0.332462
vt 0.324658 0.371172
vt 0.324658 0.360730
vt 0.303161 0.351470
vt 0.324658 0.351470
vt 0.281664 0.351470
vt 0.303161 0.348441
vt 0.324658 0.348441
vt 0.281664 0.348441
vt 0.604118 0.351470
vt 0.625615 0.351470
vt 0.604118 0.348441
vt 0.625615 0.348441
vt 0.582621 0.351470
vt 0.582621 0.348441
vt 0.561124 0.351470
vt 0.561124 0.348441
vt 0.561124 0.360730
vt 0.561124 0.371172
vt 0.539627 0.360730
vt 0.539627 0.351470
vt 0.539627 0.371172
vt 0.339656 0.243085
vt 0.357434 0.250449
vt 0.320413 0.243085
vt 0.518130 0.371172
vt 0.518130 0.360730
vt 0.302635 0.250449
vt 0.496634 0.371172
vt 0.496634 0.360730
vt 0.289028 0.264055
vt 0.475137 0.371172
vt 0.475137 0.360730
vt 0.475137 0.351470
vt 0.496634 0.351470
vt 0.518130 0.351470
vt 0.496634 0.348441
vt 0.518130 0.348441
vt 0.475137 0.348441
vt 0.453640 0.360730
vt 0.453640 0.351470
vt 0.453640 0.348441
vt 0.432143 0.351470
vt 0.432143 0.348441
vt 0.410646 0.351470
vt 0.410646 0.348441
vt 0.432143 0.360730
vt 0.410646 0.360730
vt 0.389149 0.351470
vt 0.389149 0.348441
vt 0.389149 0.360730
vt 0.367652 0.351470
vt 0.367652 0.348441
vt 0.367652 0.360730
vt 0.410646 0.371172
vt 0.389149 0.371172
vt 0.367652 0.371172
vt 0.302635 0.332462
vt 0.289028 0.318855
vt 0.320413 0.339826
vt 0.346155 0.371172
vt 0.346155 0.360730
vt 0.339656 0.339826
vt 0.346155 0.351470
vt 0.346155 0.348441
vt 0.432143 0.371172
vt 0.281664 0.301077
vt 0.281664 0.281834
vt 0.453640 0.371172
vt 0.539627 0.348441
s 1
f 1/1/1 5/2/2 73/3/3 2/4/4
f 4/5/5 1/1/1 2/4/4 167/6/6
f 1/7/7 4/8/7 160/9/7 3/10/7
f 7/11/8 6/12/8 1/13/8 3/14/8
f 6/15/9 9/16/9 5/17/2 1/18/1
f 15/19/8 8/20/8 6/12/8 7/11/8
f 8/21/10 10/22/10 9/16/9 6/15/9
f 9/23/11 10/24/11 13/25/11 11/26/11
f 5/27/11 9/23/11 11/26/11 12/28/11
f 12/29/12 11/30/13 7/31/13 3/32/14
f 11/30/13 13/33/15 15/34/15 7/31/13
f 10/24/11 270/35/11 14/36/11 13/25/11
f 13/33/15 14/37/16 16/38/16 15/34/15
f 16/39/8 17/40/8 8/20/8 15/19/8
f 18/41/8 20/42/8 17/40/8 16/39/8
f 19/43/17 18/44/17 16/38/16 14/37/16
f 19/43/17 24/45/18 21/46/18 18/44/17
f 18/41/8 21/47/8 22/48/8 20/42/8
f 21/47/8 23/49/8 30/50/8 22/48/8
f 24/45/18 25/51/19 23/52/19 21/46/18
f 28/53/11 25/54/11 24/55/11 26/56/11
f 26/56/11 24/55/11 19/57/11 27/58/11
f 22/59/7 30/60/20 28/61/20 26/62/7
f 22/59/7 26/62/7 27/63/21 20/64/21
f 29/65/11 269/66/11 25/54/11 28/53/11
f 31/67/22 29/68/22 28/61/20 30/60/20
f 23/49/8 32/69/8 31/70/8 30/50/8
f 32/69/8 35/71/8 33/72/8 31/70/8
f 33/73/23 34/74/23 29/68/22 31/67/22
f 36/75/24 39/76/24 34/74/23 33/73/23
f 35/71/8 37/77/8 36/78/8 33/72/8
f 267/79/8 38/80/8 36/78/8 37/77/8
f 38/81/25 41/82/25 39/76/24 36/75/24
f 39/83/11 40/84/11 268/85/11 34/86/11
f 39/83/11 41/87/11 42/88/11 40/84/11
f 44/89/13 43/90/13 41/82/25 38/81/25
f 41/87/11 43/91/11 45/92/11 42/88/11
f 44/89/13 47/93/15 46/94/15 43/90/13
f 43/91/11 46/95/11 48/96/11 45/92/11
f 47/93/15 51/97/16 49/98/16 46/94/15
f 46/95/11 49/99/11 52/100/11 48/96/11
f 49/99/11 50/101/11 54/102/11 52/100/11
f 51/97/16 57/103/17 50/104/17 49/98/16
f 48/105/10 52/106/26 53/107/26 265/108/10
f 54/109/21 56/110/21 53/107/26 52/106/26
f 264/111/11 55/112/11 54/102/11 50/101/11
f 55/113/7 58/114/7 56/110/21 54/109/21
f 56/115/8 57/116/8 51/117/8 53/118/8
f 56/115/8 58/119/8 59/120/8 57/116/8
f 58/119/8 60/121/8 61/122/8 59/120/8
f 62/123/20 60/124/20 58/114/7 55/113/7
f 60/121/8 63/125/8 65/126/8 61/122/8
f 66/127/22 63/128/22 60/124/20 62/123/20
f 67/129/27 64/130/28 63/128/22 66/127/22
f 63/125/8 64/131/8 71/132/8 65/126/8
f 70/133/11 67/134/11 66/135/11 68/136/11
f 68/136/11 66/135/11 62/137/11 69/138/11
f 61/139/19 65/140/29 68/141/29 69/142/19
f 65/140/29 71/143/30 70/144/31 68/141/29
f 71/145/30 2/4/4 73/3/3 70/146/31
f 72/147/32 70/146/31 73/3/3 74/148/33
f 154/149/34 67/150/34 70/151/34 72/152/34
f 5/2/2 75/153/35 74/148/33 73/3/3
f 76/154/36 77/155/37 72/156/32 74/157/33
f 75/158/35 79/159/38 76/160/36 74/161/33
f 76/154/36 78/162/39 239/163/40 77/155/37
f 81/164/41 78/165/39 76/160/36 79/159/38
f 79/159/38 75/158/35 101/166/42 80/167/43
f 82/168/44 81/164/41 79/159/38 80/167/43
f 84/169/45 83/170/46 81/164/41 82/168/44
f 83/170/46 85/171/47 78/165/39 81/164/41
f 84/169/45 89/172/48 86/173/49 83/170/46
f 83/170/46 86/173/49 87/174/50 85/171/47
f 88/175/51 155/176/24 87/177/24 86/178/51
f 86/178/51 89/179/52 90/180/52 88/175/51
f 89/179/52 91/181/53 92/182/53 90/180/52
f 94/183/54 91/184/55 89/172/48 84/169/45
f 93/185/17 122/186/17 92/182/53 91/181/53
f 95/187/56 93/188/57 91/184/55 94/183/54
f 95/187/56 94/183/54 96/189/58 97/190/59
f 94/183/54 84/169/45 82/168/44 96/189/58
f 96/189/58 98/191/60 99/192/21 97/190/59
f 82/168/44 80/167/43 98/191/60 96/189/58
f 98/191/60 80/167/43 101/166/42 100/193/61
f 99/192/21 98/191/60 100/193/61 103/194/62
f 159/195/63 102/196/64 100/193/61 101/166/42
f 102/196/64 104/197/65 103/194/62 100/193/61
f 99/192/21 103/194/62 105/198/66 108/199/67
f 104/197/65 106/200/68 105/198/66 103/194/62
f 106/200/68 260/201/69 107/202/70 105/198/66
f 108/199/67 105/198/66 107/202/70 110/203/71
f 112/204/72 109/205/73 108/199/67 110/203/71
f 109/205/73 97/190/59 99/192/21 108/199/67
f 111/206/74 110/203/71 107/202/70 259/207/75
f 112/204/72 110/203/71 111/206/74 113/208/76
f 115/209/77 114/210/78 112/204/72 113/208/76
f 114/210/78 116/211/79 109/205/73 112/204/72
f 115/209/77 119/212/80 117/213/81 114/210/78
f 114/210/78 117/213/81 120/214/82 116/211/79
f 120/215/83 117/216/84 118/217/84 121/218/83
f 117/216/84 119/219/37 123/220/37 118/217/84
f 116/211/79 120/214/82 93/188/57 95/187/56
f 120/215/83 121/218/83 122/186/17 93/185/17
f 118/221/85 260/201/69 106/200/68 121/222/86
f 121/222/86 106/200/68 104/197/65 122/223/87
f 122/223/87 104/197/65 102/196/64 92/224/88
f 119/219/37 124/225/36 125/226/36 123/220/37
f 127/227/89 124/228/90 119/212/80 115/209/77
f 126/229/38 254/230/38 125/226/36 124/225/36
f 127/227/89 128/231/91 126/232/92 124/228/90
f 127/227/89 129/233/93 131/234/94 128/231/91
f 127/227/89 115/209/77 113/208/76 129/233/93
f 113/208/76 111/206/74 130/235/24 129/233/93
f 131/234/94 129/233/93 130/235/24 133/236/51
f 128/231/91 131/234/94 132/237/95 249/238/96
f 132/237/95 131/234/94 133/236/51 135/239/52
f 130/235/24 258/240/97 134/241/98 133/236/51
f 133/236/51 134/241/98 137/242/99 135/239/52
f 136/243/53 135/239/52 137/242/99 139/244/100
f 132/237/95 135/239/52 136/243/53 248/245/101
f 138/246/102 137/242/99 134/241/98 255/247/103
f 140/248/104 139/244/100 137/242/99 138/246/102
f 144/249/105 141/250/106 139/244/100 140/248/104
f 143/251/17 136/243/53 139/244/100 141/250/106
f 143/251/17 141/250/106 142/252/107 261/253/83
f 146/254/108 142/252/107 141/250/106 144/249/105
f 252/255/109 145/256/110 144/249/105 140/248/104
f 145/256/110 148/257/111 146/254/108 144/249/105
f 147/258/112 263/259/113 142/252/107 146/254/108
f 148/257/111 150/260/114 147/258/112 146/254/108
f 149/261/67 148/262/67 145/263/21 245/264/21
f 151/265/71 150/266/71 148/262/67 149/261/67
f 152/267/74 150/266/71 151/265/71 153/268/74
f 150/260/114 152/269/115 154/270/116 147/258/112
f 152/267/74 153/268/74 87/271/24 155/272/24
f 152/269/115 155/273/117 156/274/117 154/270/116
f 88/275/118 158/276/119 156/277/117 155/278/117
f 156/279/120 158/280/121 12/281/12 157/282/122
f 64/283/28 271/284/123 272/285/124 161/286/125
f 158/276/119 159/195/63 101/166/42 75/158/35
f 5/287/126 12/281/126 158/280/126 75/288/126
f 90/289/127 159/195/63 158/276/119 88/275/118
f 92/224/88 102/196/64 159/195/63 90/289/127
f 154/149/128 156/279/120 157/282/122 67/150/27
f 157/282/122 12/281/12 3/10/14 271/284/123
f 271/284/123 3/10/14 160/9/129 272/285/124
f 67/150/27 157/282/122 271/284/123 64/283/28
f 272/285/124 160/9/129 226/290/130 162/291/131
f 237/292/22 164/293/22 161/294/125 163/295/132
f 164/296/11 168/297/11 165/298/11 161/299/11
f 161/286/16 165/300/16 71/301/16 64/283/16
f 165/302/133 168/303/29 169/304/29 166/305/134
f 167/6/6 165/306/133 166/307/134 228/308/36
f 165/306/133 167/6/6 2/4/4 71/145/30
f 173/309/11 170/310/11 168/297/11 164/296/11
f 168/303/29 170/311/19 172/312/19 169/304/29
f 170/311/19 171/313/18 236/314/18 172/312/19
f 175/315/11 171/316/11 170/310/11 173/309/11
f 174/317/20 173/318/20 164/293/22 237/292/22
f 176/319/7 175/320/7 173/318/20 174/317/20
f 178/321/21 177/322/21 175/320/7 176/319/7
f 177/323/11 180/324/11 171/316/11 175/315/11
f 235/325/26 179/326/26 177/322/21 178/321/21
f 177/323/11 179/327/11 182/328/11 180/324/11
f 182/329/16 183/330/16 181/331/17 180/332/17
f 171/313/18 180/332/17 181/331/17 236/314/18
f 184/333/15 185/334/15 183/330/16 182/329/16
f 179/327/11 187/335/11 184/336/11 182/328/11
f 186/337/13 234/338/13 185/334/15 184/333/15
f 187/335/11 189/339/11 186/340/11 184/336/11
f 188/341/10 187/342/10 179/326/26 235/325/26
f 190/343/9 189/344/9 187/342/10 188/341/10
f 192/345/135 191/346/135 189/344/9 190/343/9
f 189/339/11 191/347/11 194/348/11 186/340/11
f 233/349/36 193/350/36 191/346/135 192/345/135
f 191/347/11 193/351/11 196/352/11 194/348/11
f 186/337/13 194/353/25 195/354/25 234/338/13
f 194/353/25 196/355/24 197/356/24 195/354/25
f 201/357/11 198/358/11 196/352/11 193/351/11
f 198/359/23 200/360/23 197/356/24 196/355/24
f 203/361/11 199/362/11 198/358/11 201/357/11
f 199/363/22 232/364/22 200/360/23 198/359/23
f 233/349/36 202/365/134 201/366/134 193/350/36
f 202/365/134 204/367/29 203/368/29 201/366/134
f 205/369/11 208/370/11 199/362/11 203/361/11
f 204/367/29 206/371/19 205/372/19 203/368/29
f 206/371/19 231/373/18 207/374/18 205/372/19
f 207/375/11 210/376/11 208/370/11 205/369/11
f 208/377/20 209/378/20 232/364/22 199/363/22
f 208/377/20 210/379/7 211/380/7 209/378/20
f 210/379/7 212/381/21 215/382/21 211/380/7
f 213/383/11 212/384/11 210/376/11 207/375/11
f 213/383/11 230/385/11 214/386/11 212/384/11
f 212/381/21 214/387/26 217/388/26 215/382/21
f 211/389/8 215/390/8 216/391/8 231/392/8
f 217/393/8 218/394/8 216/391/8 215/390/8
f 219/395/8 222/396/8 218/394/8 217/393/8
f 214/387/26 221/397/10 219/398/10 217/388/26
f 220/399/8 224/400/8 222/396/8 219/395/8
f 229/401/9 220/402/9 219/398/10 221/397/10
f 222/403/15 223/404/15 230/405/16 218/406/16
f 224/407/13 225/408/13 223/404/15 222/403/15
f 224/407/13 226/409/130 160/410/129 225/408/13
f 227/411/8 226/412/8 224/400/8 220/399/8
f 228/413/8 162/414/8 226/412/8 227/411/8
f 161/286/125 272/285/124 162/291/131 163/415/132
f 4/416/5 227/417/135 220/402/9 229/401/9
f 167/6/6 228/308/36 227/418/135 4/5/5
f 228/419/8 166/420/8 163/421/8 162/422/8
f 225/423/11 160/424/11 4/425/11 229/426/11
f 223/427/11 225/423/11 229/426/11 221/428/11
f 230/385/11 223/427/11 221/428/11 214/386/11
f 218/406/16 230/405/16 213/429/17 216/430/17
f 231/373/18 216/430/17 213/429/17 207/374/18
f 209/431/8 211/389/8 231/392/8 206/432/8
f 232/433/8 209/431/8 206/432/8 204/434/8
f 200/435/8 232/433/8 204/434/8 202/436/8
f 197/437/8 200/435/8 202/436/8 233/438/8
f 197/437/8 233/438/8 192/439/8 195/440/8
f 195/440/8 192/439/8 190/441/8 234/442/8
f 234/442/8 190/441/8 188/443/8 185/444/8
f 185/444/8 188/443/8 235/445/8 183/446/8
f 183/446/8 235/445/8 178/447/8 181/448/8
f 236/449/8 181/448/8 178/447/8 176/450/8
f 172/451/8 236/449/8 176/450/8 174/452/8
f 169/453/8 172/451/8 174/452/8 237/454/8
f 166/420/8 169/453/8 237/454/8 163/421/8
f 154/270/116 72/156/32 263/259/113 147/258/112
f 240/455/136 238/456/137 153/457/138 151/458/139
f 238/456/137 85/459/47 87/460/50 153/457/138
f 240/455/136 241/461/140 239/163/40 238/456/137
f 238/456/137 239/163/40 78/162/39 85/459/47
f 242/462/141 240/455/136 151/458/139 149/463/142
f 242/462/141 243/464/143 241/461/140 240/455/136
f 244/465/144 242/462/141 149/463/142 245/466/145
f 244/465/144 246/467/146 243/464/143 242/462/141
f 247/468/147 244/465/144 245/466/145 250/469/148
f 247/468/147 248/245/101 246/467/146 244/465/144
f 249/238/96 132/237/95 248/245/101 247/468/147
f 249/238/96 247/468/147 250/469/148 251/470/149
f 251/471/43 250/472/60 252/473/60 253/474/43
f 245/264/21 145/263/21 252/473/60 250/472/60
f 253/475/150 252/255/109 140/248/104 138/246/102
f 251/471/43 253/474/43 254/230/38 126/229/38
f 254/476/151 253/475/150 138/246/102 255/247/103
f 125/477/152 254/476/151 255/247/103 256/478/153
f 255/247/103 134/241/98 258/240/97 256/478/153
f 125/477/152 256/478/153 257/479/154 123/480/155
f 257/479/154 256/478/153 258/240/97 259/207/75
f 130/235/24 111/206/74 259/207/75 258/240/97
f 260/201/69 257/479/154 259/207/75 107/202/70
f 123/480/155 257/479/154 260/201/69 118/221/85
f 128/231/91 249/238/96 251/470/149 126/232/92
f 248/245/101 136/243/53 143/251/17 246/467/146
f 243/464/143 246/467/146 143/251/17 261/253/83
f 241/461/140 243/464/143 261/253/83 262/481/84
f 261/253/83 142/252/107 263/259/113 262/481/84
f 241/461/140 262/481/84 77/155/37 239/163/40
f 77/155/37 262/481/84 263/259/113 72/156/32
f 116/211/79 95/187/56 97/190/59 109/205/73
f 61/139/19 69/142/19 264/482/18 59/483/18
f 69/138/11 62/137/11 55/112/11 264/111/11
f 57/103/17 59/483/18 264/482/18 50/104/17
f 53/118/8 51/117/8 47/484/8 265/485/8
f 48/105/10 265/108/10 266/486/9 45/487/9
f 265/485/8 47/484/8 44/488/8 266/489/8
f 266/489/8 44/488/8 38/80/8 267/79/8
f 45/487/9 266/486/9 267/490/135 42/491/135
f 42/491/135 267/490/135 37/492/36 40/493/36
f 40/493/36 37/492/36 35/494/134 268/495/134
f 268/495/134 35/494/134 32/496/29 269/497/29
f 34/86/11 268/85/11 269/66/11 29/65/11
f 269/497/29 32/496/29 23/52/19 25/51/19
f 20/64/21 27/63/21 270/498/26 17/499/26
f 270/35/11 27/58/11 19/57/11 14/36/11
f 8/21/10 17/499/26 270/498/26 10/22/10
f 273/500/156 274/501/157 275/502/158
f 276/503/159 275/502/158 274/501/157
f 276/503/159 277/504/160 275/502/158
f 276/503/159 274/501/157 278/505/11
f 276/503/159 279/506/161 277/504/160
f 276/503/159 278/505/11 280/507/11
f 276/503/159 281/508/162 279/506/161
f 276/503/159 280/507/11 282/509/11
f 276/503/159 282/509/11 283/510/11
f 276/503/159 284/511/163 281/508/162
f 276/503/159 285/512/164 284/511/163
f 276/503/159 286/513/165 285/512/164
f 276/503/159 287/514/166 286/513/165
f 276/503/159 288/515/167 287/514/166
f 276/503/159 289/516/168 288/515/167
f 276/503/159 290/517/169 289/516/168
f 490/518/170 275/519/171 491/520/172 489/521/173
f 328/522/174 326/523/175 530/524/176 532/525/177
f 306/526/178 307/527/179 305/528/180 304/529/181
f 292/530/182 291/531/183 295/532/184
f 300/533/185 301/534/186 299/535/187 298/536/188
f 298/536/188 299/535/187 297/537/189 296/538/190
f 296/538/190 297/537/189 295/532/184 291/531/183
f 302/539/191 303/540/192 301/534/186 300/533/185
f 304/529/181 305/528/180 303/540/192 302/539/191
f 292/541/193 294/542/193 293/543/194 291/544/195
f 507/545/196 506/546/197 504/547/198 505/548/199
f 507/545/196 509/549/200 508/550/201 506/546/197
f 587/551/202 588/552/203 586/553/204 585/554/205
f 320/555/206 321/556/207 319/557/208 318/558/209
f 609/559/210 610/560/211 608/561/212 607/562/213
f 519/563/214 521/564/215 520/565/216 518/566/217
f 334/567/218 335/568/219 333/569/220 332/570/221
f 332/570/221 333/569/220 331/571/222 330/572/223
f 330/572/223 331/571/222 329/573/224 328/574/225
f 509/549/200 511/575/226 510/576/227 508/550/201
f 328/574/225 329/573/224 327/577/228 326/578/229
f 326/578/229 327/577/228 325/579/230 324/580/231
f 324/580/231 325/579/230 323/581/232 322/582/233
f 322/582/233 323/581/232 321/556/207 320/555/206
f 318/558/209 319/557/208 317/583/234 316/584/235
f 352/585/236 353/586/237 351/587/238 350/588/239
f 396/589/240 397/590/241 395/591/242 394/592/243
f 569/593/244 568/594/245 566/595/246 567/596/247
f 438/597/248 437/598/249 435/599/250 436/600/251
f 358/601/252 359/602/253 357/603/254 356/604/255
f 404/605/256 405/606/257 403/607/258 402/608/259
f 380/609/260 381/610/261 379/611/262 378/612/263
f 621/613/264 622/614/265 620/615/266 619/616/267
f 625/617/268 626/618/269 624/619/270 623/620/271
f 392/621/272 393/622/273 391/623/274 390/624/275
f 434/625/276 433/626/277 431/627/278 432/628/279
f 537/629/280 536/630/281 534/631/282 535/632/283
f 398/633/284 399/634/285 397/590/241 396/589/240
f 649/635/286 650/636/287 648/637/288 647/638/289
f 613/639/290 611/640/291 407/641/292 409/642/293
f 571/643/294 570/644/295 568/594/245 569/593/244
f 661/645/296 662/646/297 660/647/298 659/648/299
f 348/649/300 349/650/301 347/651/302 346/652/303
f 424/653/304 426/654/305 425/655/306 423/656/307
f 507/657/308 505/658/309 301/659/310 303/660/311
f 386/661/312 387/662/313 385/663/314 384/664/315
f 517/665/316 515/666/317 311/667/318 313/668/319
f 511/669/320 307/670/321 309/671/322 513/672/323
f 414/673/324 416/674/325 415/675/326 413/676/327
f 378/612/263 379/611/262 377/677/328 376/678/329
f 529/679/330 527/680/331 323/681/332 325/682/333
f 545/683/334 543/684/335 339/685/336 341/686/337
f 641/687/338 642/688/339 640/689/340 639/690/341
f 376/678/329 377/677/328 375/691/342 374/692/343
f 533/693/344 531/694/345 327/695/346 329/696/347
f 517/697/348 519/563/214 518/566/217 516/698/349
f 525/699/350 523/700/351 319/701/352 321/702/353
f 294/703/354 292/704/354 295/705/355 499/706/356
f 408/707/357 407/708/358 406/709/359
f 617/710/360 618/711/361 616/712/362 615/713/363
f 382/714/364 383/715/365 381/610/261 380/609/260
f 509/716/366 507/657/308 303/660/311 305/717/367
f 354/718/368 355/719/369 353/586/237 352/585/236
f 388/720/370 389/721/371 387/662/313 386/661/312
f 356/604/255 357/603/254 355/719/369 354/718/368
f 525/722/372 527/723/373 526/724/374 524/725/375
f 623/620/271 624/619/270 622/614/265 621/613/264
f 577/726/376 576/727/377 574/728/378 575/729/379
f 515/730/380 514/731/381 512/732/382 513/733/383
f 402/608/259 403/607/258 401/734/384 400/735/385
f 547/736/386 545/683/334 341/686/337 343/737/387
f 555/738/388 553/739/389 349/740/390 351/741/391
f 344/742/392 345/743/393 343/744/394 342/745/395
f 533/746/396 532/747/397 530/748/398 531/749/399
f 645/750/400 646/751/401 644/752/402 643/753/403
f 440/754/404 442/755/405 441/756/406 439/757/407
f 567/596/247 566/595/246 564/758/408 565/759/409
f 587/760/410 585/761/411 381/762/412 383/763/413
f 573/764/414 572/765/415 570/644/295 571/643/294
f 322/766/416 320/767/417 524/768/418 526/769/419
f 674/770/420 675/771/421 496/772/422 497/773/423
f 675/771/421 676/774/424 495/775/425 496/772/422
f 677/776/426 678/777/427 493/778/428 494/779/429
f 629/780/430 627/781/431 423/782/432 425/783/433
f 667/784/434 668/785/435 666/786/436 665/787/437
f 306/788/438 304/789/439 508/790/440 510/791/441
f 348/792/442 346/793/443 550/794/444 552/795/445
f 691/796/446 692/797/447 672/798/448 671/799/449
f 690/800/450 693/801/451 692/797/447 691/796/446
f 472/802/452 474/803/453 473/804/454 471/805/455
f 689/806/456 694/807/457 693/801/451 690/800/450
f 704/808/458 274/809/459 273/810/460 703/811/461
f 686/812/462 685/813/463 698/814/464 697/815/465
f 334/816/466 332/817/467 536/818/468 538/819/469
f 620/820/470 622/821/471 418/822/472 416/823/473
f 486/824/474 484/825/475 699/826/476 700/827/477
f 727/828/478 673/829/479 289/830/480 725/831/481
f 275/832/171 277/833/482 491/834/172
f 680/835/483 273/836/460 702/837/484 681/838/485
f 288/839/486 498/840/487 497/841/488 287/842/489
f 279/843/490 281/844/491 493/845/492 492/846/493
f 281/844/491 284/847/494 494/848/495 493/845/492
f 284/847/494 285/849/496 495/850/497 494/848/495
f 277/833/482 279/843/490 492/846/493 491/834/172
f 289/851/498 498/840/487 288/839/486
f 293/852/499 294/853/500 499/854/501
f 503/855/502 502/856/503 500/857/504 501/858/505
f 308/859/506 309/860/507 307/527/179 306/526/178
f 501/858/505 500/857/504 293/852/499 499/854/501
f 505/548/199 504/547/198 502/856/503 503/855/502
f 490/861/508 488/862/509 701/863/510 702/864/511
f 312/865/512 313/866/513 311/867/514 310/868/515
f 338/869/516 339/870/517 337/871/518 336/872/519
f 671/799/449 672/798/448 670/873/520 669/874/521
f 631/875/522 632/876/523 630/877/524 629/878/525
f 521/564/215 523/879/526 522/880/527 520/565/216
f 579/881/528 581/882/529 580/883/530 578/884/531
f 557/885/532 559/886/533 558/887/534 556/888/535
f 418/889/536 420/890/537 419/891/538 417/892/539
f 360/893/540 361/894/541 359/602/253 358/601/252
f 366/895/542 367/896/543 365/897/544 364/898/545
f 557/899/546 555/738/388 351/741/391 353/900/547
f 637/901/548 638/902/549 636/903/550 635/904/551
f 531/694/345 529/679/330 325/682/333 327/695/346
f 440/754/404 439/757/407 437/598/249 438/597/248
f 296/905/552 500/906/553 502/907/554 298/908/555
f 686/812/462 697/815/465 696/909/556 687/910/557
f 338/911/558 336/912/559 540/913/560 542/914/561
f 655/915/562 656/916/563 654/917/564 653/918/565
f 406/709/359 407/708/358 405/606/257 404/605/256
f 511/575/226 513/733/383 512/732/382 510/576/227
f 555/919/566 554/920/567 552/921/568 553/922/569
f 585/554/205 586/553/204 584/923/570 583/924/571
f 589/925/572 590/926/573 588/552/203 587/551/202
f 593/927/574 595/928/575 594/929/576 592/930/577
f 547/931/578 549/932/579 548/933/580 546/934/581
f 426/654/305 428/935/582 427/936/583 425/655/306
f 535/937/584 533/693/344 329/696/347 331/938/585
f 320/767/417 318/939/586 522/940/587 524/768/418
f 657/941/588 658/942/589 656/916/563 655/915/562
f 597/943/590 595/944/591 391/945/592 393/946/593
f 571/947/594 569/948/595 365/949/596 367/950/597
f 639/690/341 640/689/340 638/902/549 637/901/548
f 422/951/598 424/653/304 423/656/307 421/952/599
f 611/953/600 612/954/601 610/560/211 609/559/210
f 591/955/602 593/927/574 592/930/577 590/926/573
f 553/922/569 552/921/568 550/956/603 551/957/604
f 583/924/571 584/923/570 582/958/605
f 336/872/519 337/871/518 335/568/219 334/567/218
f 583/924/571 582/958/605 580/883/530 581/882/529
f 590/926/573 589/925/572 591/955/602
f 549/932/579 551/957/604 550/956/603 548/933/580
f 316/584/235 317/583/234 315/959/606 314/960/607
f 603/961/608 602/962/609 600/963/610 601/964/611
f 601/964/611 600/963/610 598/965/612 599/966/613
f 579/881/528 578/884/531 576/727/377 577/726/376
f 340/967/614 341/968/615 339/870/517 338/869/516
f 602/962/609 603/961/608 604/969/616
f 523/879/526 525/722/372 524/725/375 522/880/527
f 605/970/617 606/971/618 604/969/616 603/961/608
f 607/562/213 608/561/212 606/971/618 605/970/617
f 597/972/619 596/973/620 594/929/576 595/928/575
f 599/966/613 598/965/612 596/973/620 597/972/619
f 613/974/621 614/975/622 612/954/601 611/953/600
f 275/976/623 490/861/508 702/864/511 273/977/623
f 503/978/624 299/979/625 301/659/310 505/658/309
f 416/674/325 418/889/536 417/892/539 415/675/326
f 342/745/395 343/744/394 341/968/615 340/967/614
f 390/624/275 391/623/274 389/721/371 388/720/370
f 561/980/626 563/981/627 562/982/628 560/983/629
f 428/935/582 430/984/630 429/985/631 427/936/583
f 551/986/632 549/987/633 345/988/634 347/989/635
f 553/739/389 551/986/632 347/989/635 349/740/390
f 362/990/636 363/991/637 361/894/541 360/893/540
f 364/898/545 365/897/544 363/991/637 362/990/636
f 400/735/385 401/734/384 399/634/285 398/633/284
f 565/759/409 564/758/408 562/982/628 563/981/627
f 529/992/638 531/749/399 530/748/398 528/993/639
f 539/994/640 538/995/641 536/630/281 537/629/280
f 579/996/642 577/997/643 373/998/644 375/999/645
f 577/997/643 575/1000/646 371/1001/647 373/998/644
f 563/1002/648 561/1003/649 357/1004/650 359/1005/651
f 454/1006/652 456/1007/653 455/1008/654 453/1009/655
f 561/1003/649 559/1010/656 355/1011/657 357/1004/650
f 611/640/291 609/1012/658 405/1013/659 407/641/292
f 617/1014/660 615/1015/661 411/1016/662 413/1017/663
f 539/994/640 541/1018/664 540/1019/665 538/995/641
f 460/1020/666 462/1021/667 461/1022/668 459/1023/669
f 661/1024/670 659/1025/671 455/1026/672 457/1027/673
f 669/1028/674 667/1029/675 463/1030/676 465/1031/677
f 468/1032/678 467/1033/679 465/1034/680 466/1035/681
f 296/905/552 291/1036/195 293/1037/194 500/906/553
f 498/1038/682 289/1039/683 673/1040/684
f 444/1041/685 446/1042/686 445/1043/687 443/1044/688
f 547/931/578 546/934/581 544/1045/689 545/1046/690
f 314/1047/691 312/1048/692 516/1049/693 518/1050/694
f 374/692/343 375/691/342 373/1051/695 372/1052/696
f 621/1053/697 619/1054/698 415/1055/699 417/1056/700
f 623/1057/701 621/1053/697 417/1056/700 419/1058/702
f 627/781/431 625/1059/703 421/1060/704 423/782/432
f 639/1061/705 637/1062/706 433/1063/707 435/1064/708
f 685/1065/709 686/1066/710 479/1067/711 482/1068/712
f 687/1069/713 688/1070/714 475/1071/715 477/1072/716
f 354/1073/717 352/1074/718 556/1075/719 558/1076/720
f 681/1077/721 682/1078/722 487/1079/723 489/1080/724
f 686/1066/710 687/1069/713 477/1072/716 479/1067/711
f 304/789/439 302/1081/725 506/1082/726 508/790/440
f 312/1048/692 310/1083/727 514/1084/728 516/1049/693
f 690/1085/729 691/1086/730 469/1087/731 471/1088/732
f 688/1070/714 689/1089/733 473/1090/734 475/1071/715
f 350/1091/735 348/792/442 552/795/445 554/1092/736
f 466/1035/681 465/1034/680 463/1093/737 464/1094/738
f 528/1095/739 530/524/176 326/523/175 324/1096/740
f 352/1074/718 350/1091/735 554/1092/736 556/1075/719
f 665/1097/741 663/1098/742 459/1099/743 461/1100/744
f 657/1101/745 655/1102/746 451/1103/747 453/1104/748
f 655/1102/746 653/1105/749 449/1106/750 451/1103/747
f 653/1105/749 651/1107/751 447/1108/752 449/1106/750
f 462/1021/667 464/1094/738 463/1093/737 461/1022/668
f 663/1098/742 661/1024/670 457/1027/673 459/1099/743
f 665/787/437 666/786/436 664/1109/753 663/1110/754
f 659/1025/671 657/1101/745 453/1104/748 455/1026/672
f 625/1059/703 623/1057/701 419/1058/702 421/1060/704
f 635/1111/755 633/1112/756 429/1113/757 431/1114/758
f 645/1115/759 643/1116/760 439/1117/761 441/1118/762
f 595/944/591 593/1119/763 389/1120/764 391/945/592
f 647/1121/765 645/1115/759 441/1118/762 443/1122/766
f 637/1062/706 635/1111/755 431/1114/758 433/1063/707
f 641/1123/767 639/1061/705 435/1064/708 437/1124/768
f 643/1116/760 641/1123/767 437/1124/768 439/1117/761
f 680/1125/769 681/1077/721 489/1080/724 491/1126/770
f 526/769/419 528/1095/739 324/1096/740 322/766/416
f 298/908/555 502/907/554 504/1127/771 300/1128/772
f 679/1129/773 680/1125/769 491/1126/770 492/1130/774
f 651/1107/751 649/1131/775 445/1132/776 447/1108/752
f 631/1133/777 629/780/430 425/783/433 427/1134/778
f 663/1110/754 664/1109/753 662/646/297 661/645/296
f 372/1052/696 373/1051/695 371/1135/779 370/1136/780
f 603/1137/781 601/1138/782 397/1139/783 399/1140/784
f 591/1141/785 589/1142/786 385/1143/787 387/1144/788
f 370/1136/780 371/1135/779 369/1145/789 368/1146/790
f 456/1007/653 458/1147/791 457/1148/792 455/1008/654
f 615/1149/661 613/639/290 409/642/293 411/1150/662
f 346/652/303 347/651/302 345/743/393 344/742/392
f 458/1147/791 460/1020/666 459/1023/669 457/1148/792
f 601/1138/782 599/1151/793 395/1152/794 397/1139/783
f 607/1153/795 605/1154/796 401/1155/797 403/1156/798
f 619/1054/698 617/1014/660 413/1017/663 415/1055/699
f 593/1119/763 591/1141/785 387/1144/788 389/1120/764
f 676/774/424 677/776/426 494/779/429 495/775/425
f 633/1112/756 631/1133/777 427/1134/778 429/1113/757
f 605/1154/796 603/1137/781 399/1140/784 401/1155/797
f 609/1012/658 607/1153/795 403/1156/798 405/1013/659
f 653/918/565 654/917/564 652/1157/799 651/1158/800
f 573/1159/801 571/947/594 367/950/597 369/1160/802
f 581/1161/803 579/996/642 375/999/645 377/1162/804
f 442/755/405 444/1041/685 443/1044/688 441/756/406
f 583/1163/805 581/1161/803 377/1162/804 379/1164/806
f 448/1165/807 450/1166/808 449/1167/809 447/1168/810
f 450/1166/808 452/1169/811 451/1170/812 449/1167/809
f 488/1171/813 490/518/170 489/521/173 487/1172/814
f 448/1173/815 446/1174/816 650/1175/817 652/1176/818
f 558/1076/720 560/1177/819 356/1178/820 354/1073/717
f 328/522/174 532/525/177 534/1179/821 330/1180/822
f 346/793/443 344/1181/823 548/1182/824 550/794/444
f 476/1183/825 478/1184/826 477/1185/827 475/1186/828
f 330/1180/822 534/1179/821 536/818/468 332/817/467
f 481/1187/829 482/1188/830 479/1189/831 480/1190/832
f 560/1177/819 562/1191/833 358/1192/834 356/1178/820
f 382/1193/835 380/1194/836 584/1195/837 586/1196/838
f 344/1181/823 342/1197/839 546/1198/840 548/1182/824
f 380/1194/836 378/1199/841 582/1200/842 584/1195/837
f 545/1046/690 544/1045/689 542/1201/843 543/1202/844
f 680/1203/483 703/1204/461 273/1205/460
f 688/1206/845 695/1207/846 694/807/457 689/806/456
f 715/1208/847 282/1209/848 280/1210/849 712/1211/850
f 679/1212/851 705/1213/852 703/1204/461 680/1203/483
f 724/1214/853 723/1215/854 719/1216/855 722/1217/856
f 730/1218/857 736/1219/858 729/1220/859 727/1221/478
f 705/1222/852 709/1223/860 706/1224/861 703/1225/461
f 708/1226/862 777/1227/863 709/1223/860 705/1222/852
f 711/1228/864 714/1229/865 710/1230/866 706/1224/861
f 738/1231/867 739/1232/868 736/1219/858 730/1218/857
f 708/1226/862 782/1233/869 781/1234/870 777/1227/863
f 723/1235/854 290/1236/871 276/1237/872 719/1238/855
f 704/808/458 707/1239/873 278/1240/874 274/809/459
f 729/1220/859 736/1219/858 734/1241/875 731/1242/876
f 712/1211/850 280/1210/849 278/1240/874 707/1239/873
f 713/1243/877 716/1244/878 712/1245/850 707/1246/873
f 716/1244/878 713/1243/877 764/1247/879 761/1248/880
f 777/1227/863 776/1249/881 773/1250/882 709/1223/860
f 723/1215/854 724/1214/853 726/1251/883 725/1252/481
f 719/1238/855 276/1237/872 283/1253/884 717/1254/885
f 716/1244/878 718/1255/886 715/1256/847 712/1245/850
f 710/1230/866 713/1243/877 707/1246/873 704/1257/458
f 729/1258/859 674/1259/887 673/829/479 727/828/478
f 677/1260/888 782/1261/869 708/1262/862 678/1263/889
f 728/1264/890 738/1231/867 730/1218/857 726/1251/883
f 731/1265/876 675/1266/891 674/1259/887 729/1258/859
f 717/1267/885 715/1256/847 718/1255/886 720/1268/892
f 734/1241/875 737/1269/893 735/1270/894 733/1271/895
f 675/1266/891 731/1265/876 732/1272/896 676/1273/897
f 676/1273/897 732/1272/896 782/1261/869 677/1260/888
f 717/1267/885 720/1268/892 722/1217/856 719/1216/855
f 731/1242/876 734/1241/875 733/1271/895 732/1274/896
f 716/1244/878 761/1248/880 721/1275/898 718/1255/886
f 714/1229/865 764/1247/879 713/1243/877 710/1230/866
f 721/1275/898 757/1276/899 720/1268/892 718/1255/886
f 753/1277/900 754/1278/901 750/1279/902 752/1280/903
f 765/1281/904 768/1282/905 767/1283/906 766/1284/907
f 768/1282/905 770/1285/908 769/1286/909 767/1283/906
f 714/1229/865 711/1228/864 770/1285/908 768/1282/905
f 754/1278/901 755/1287/910 751/1288/911 750/1279/902
f 737/1269/893 739/1232/868 745/1289/912 740/1290/913
f 740/1290/913 745/1289/912 744/1291/914 742/1292/915
f 739/1232/868 738/1231/867 747/1293/916 745/1289/912
f 745/1289/912 747/1293/916 746/1294/917 744/1291/914
f 753/1277/900 757/1276/899 758/1295/918 754/1278/901
f 736/1219/858 739/1232/868 737/1269/893 734/1241/875
f 752/1280/903 750/1279/902 749/1296/919 728/1264/890
f 722/1217/856 753/1277/900 752/1280/903 724/1214/853
f 771/1297/920 772/1298/921 769/1286/909 770/1285/908
f 776/1249/881 774/1299/922 771/1297/920 773/1250/882
f 754/1278/901 758/1295/918 756/1300/923 755/1287/910
f 761/1248/880 762/1301/924 760/1302/925 721/1275/898
f 765/1281/904 766/1284/907 763/1303/926 762/1301/924
f 781/1234/870 733/1271/895 735/1270/894 778/1304/927
f 779/1305/928 778/1304/927 735/1270/894 741/1306/929
f 741/1306/929 740/1290/913 742/1292/915 743/1307/930
f 780/1308/931 779/1305/928 741/1306/929 743/1307/930
f 740/1290/913 741/1306/929 735/1270/894 737/1269/893
f 779/1305/928 780/1308/931 775/1309/932 774/1299/922
f 757/1276/899 721/1275/898 760/1302/925 758/1295/918
f 774/1299/922 775/1309/932 772/1298/921 771/1297/920
f 764/1247/879 714/1229/865 768/1282/905 765/1281/904
f 762/1301/924 763/1303/926 759/1310/933 760/1302/925
f 738/1231/867 728/1264/890 749/1296/919 747/1293/916
f 724/1214/853 752/1280/903 728/1264/890 726/1251/883
f 764/1247/879 765/1281/904 762/1301/924 761/1248/880
f 720/1268/892 757/1276/899 753/1277/900 722/1217/856
f 758/1295/918 760/1302/925 759/1310/933 756/1300/923
f 750/1279/902 751/1288/911 748/1311/934 749/1296/919
f 773/1250/882 771/1297/920 770/1285/908 711/1228/864
f 777/1227/863 781/1234/870 778/1304/927 776/1249/881
f 782/1233/869 732/1274/896 733/1271/895 781/1234/870
f 726/1251/883 730/1218/857 727/1221/478 725/1252/481
f 706/1224/861 710/1230/866 704/1257/458 703/1225/461
f 368/1146/790 369/1145/789 367/896/543 366/895/542
f 575/1000/646 573/1159/801 369/1160/802 371/1001/647
f 316/1312/935 314/1047/691 518/1050/694 520/1313/936
f 565/1314/937 563/1002/648 359/1005/651 361/1315/938
f 651/1158/800 652/1157/799 650/636/287 649/635/286
f 569/948/595 567/1316/939 363/1317/940 365/949/596
f 589/1142/786 587/760/410 383/763/413 385/1143/787
f 673/1040/684 674/770/420 497/773/423 498/1038/682
f 643/753/403 644/752/402 642/688/339 641/687/338
f 394/592/243 395/591/242 393/622/273 392/621/272
f 527/723/373 529/992/638 528/993/639 526/724/374
f 527/680/331 525/699/350 321/702/353 323/681/332
f 629/878/525 630/877/524 628/1318/941 627/1319/942
f 633/1320/943 634/1321/944 632/876/523 631/875/522
f 541/1322/945 539/1323/946 335/1324/947 337/1325/948
f 635/904/551 636/903/550 634/1321/944 633/1320/943
f 535/632/283 534/631/282 532/747/397 533/746/396
f 436/600/251 435/599/250 433/626/277 434/625/276
f 575/729/379 574/728/378 572/765/415 573/764/414
f 535/937/584 331/938/585 333/1326/949 537/1327/950
f 539/1323/946 537/1327/950 333/1326/949 335/1324/947
f 543/684/335 541/1322/945 337/1325/948 339/685/336
f 430/984/630 432/628/279 431/627/278 429/985/631
f 549/987/633 547/736/386 343/737/387 345/988/634
f 420/890/537 422/951/598 421/952/599 419/891/538
f 501/1328/951 297/1329/952 299/979/625 503/978/624
f 519/1330/953 517/665/316 313/668/319 315/1331/954
f 615/713/363 616/712/362 614/975/622 613/974/621
f 559/886/533 561/980/626 560/983/629 558/887/534
f 410/1332/955 412/1333/956 411/1334/957 409/1335/958
f 523/700/351 521/1336/959 317/1337/960 319/701/352
f 515/666/317 513/672/323 309/671/322 311/667/318
f 619/616/267 620/615/266 618/711/361 617/710/360
f 412/1333/956 414/673/324 413/676/327 411/1334/957
f 511/669/320 509/716/366 305/717/367 307/670/321
f 384/664/315 385/663/314 383/715/365 382/714/364
f 521/1336/959 519/1330/953 315/1331/954 317/1337/960
f 408/707/357 410/1332/955 409/1335/958 407/708/358
f 456/1338/961 454/1339/962 658/1340/963 660/1341/964
f 454/1339/962 452/1342/965 656/1343/966 658/1340/963
f 436/1344/967 434/1345/968 638/1346/969 640/1347/970
f 442/1348/971 440/1349/972 644/1350/973 646/1351/974
f 442/1348/971 646/1351/974 648/1352/975 444/1353/976
f 630/1354/977 632/1355/978 428/1356/979 426/1357/980
f 426/1357/980 424/1358/981 628/1359/982 630/1354/977
f 430/1360/983 428/1356/979 632/1355/978 634/1361/984
f 432/1362/985 430/1360/983 634/1361/984 636/1363/986
f 434/1345/968 432/1362/985 636/1363/986 638/1346/969
f 438/1364/987 436/1344/967 640/1347/970 642/1365/988
f 440/1349/972 438/1364/987 642/1365/988 644/1350/973
f 654/1366/989 656/1343/966 452/1342/965 450/1367/990
f 652/1176/818 654/1366/989 450/1367/990 448/1173/815
f 446/1174/816 444/1353/976 648/1352/975 650/1175/817
f 402/1368/991 400/1369/992 604/1370/993 606/1371/994
f 400/1369/992 398/1372/995 602/1373/996 604/1370/993
f 372/1374/997 370/1375/998 574/1376/999 576/1377/1000
f 394/1378/1001 392/1379/1002 596/1380/1003 598/1381/1004
f 368/1382/1005 366/1383/1006 570/1384/1007 572/1385/1008
f 392/1379/1002 390/1386/1009 594/1387/1010 596/1380/1003
f 486/1388/1011 488/1171/813 487/1172/814 485/1389/1012
f 598/1381/1004 600/1390/1013 396/1391/1014 394/1378/1001
f 398/1372/995 396/1391/1014 600/1390/1013 602/1373/996
f 424/1358/981 422/1392/1015 626/1393/1016 628/1359/982
f 406/1394/1017 404/1395/1018 608/1396/1019 610/1397/1020
f 404/1398/1018 402/1368/991 606/1371/994 608/1399/1019
f 408/1400/1021 406/1394/1017 610/1397/1020 612/1401/1022
f 422/1392/1015 420/1402/1023 624/1403/1024 626/1393/1016
f 622/821/471 624/1403/1024 420/1402/1023 418/822/472
f 488/862/509 486/824/474 700/827/477 701/863/510
f 416/823/473 414/1404/1025 618/1405/1026 620/820/470
f 378/1199/841 376/1406/1027 580/1407/1028 582/1200/842
f 336/912/559 334/816/466 538/819/469 540/913/560
f 699/1408/1029 698/814/464 685/813/463 684/1409/1030
f 481/1187/829 484/1410/1031 483/1411/1032 482/1188/830
f 384/1412/1033 382/1193/835 586/1196/838 588/1413/1034
f 360/1414/1035 358/1192/834 562/1191/833 564/1415/1036
f 681/838/485 702/837/484 701/1416/1037 682/1417/1038
f 366/1383/1006 364/1418/1039 568/1419/1040 570/1384/1007
f 370/1375/998 368/1382/1005 572/1385/1008 574/1376/999
f 410/1420/1041 408/1400/1021 612/1401/1022 614/1421/1042
f 412/1422/1043 410/1420/1041 614/1421/1042 616/1423/1044
f 414/1404/1025 412/1422/1043 616/1423/1044 618/1405/1026
f 756/1424/1045 789/1425/1045 788/1426/1046 755/1427/1046
f 390/1386/1009 388/1428/1047 592/1429/1048 594/1387/1010
f 543/1202/844 542/1201/843 540/1019/665 541/1018/664
f 470/1430/1049 469/1431/1050 467/1033/679 468/1032/678
f 308/1432/1051 306/788/438 510/791/441 512/1433/1052
f 671/1434/1053 669/1028/674 465/1031/677 467/1435/1054
f 691/1086/730 671/1434/1053 467/1435/1054 469/1087/731
f 515/730/380 517/697/348 516/698/349 514/731/381
f 474/803/453 476/1183/825 475/1186/828 473/804/454
f 484/1410/1031 486/1388/1011 485/1389/1012 483/1411/1032
f 362/1436/1055 566/1437/1056 568/1419/1040 364/1418/1039
f 360/1414/1035 564/1415/1036 566/1437/1056 362/1436/1055
f 682/1417/1038 701/1416/1037 700/1438/1057 683/1439/1058
f 386/1440/1059 384/1412/1033 588/1413/1034 590/1441/1060
f 478/1184/826 480/1190/832 479/1189/831 477/1185/827
f 472/802/452 471/805/455 469/1431/1050 470/1430/1049
f 669/874/521 670/873/520 668/785/435 667/784/434
f 310/1083/727 308/1432/1051 512/1433/1052 514/1084/728
f 678/777/427 679/1129/773 492/1130/774 493/778/428
f 567/1316/939 565/1314/937 361/1315/938 363/1317/940
f 318/939/586 316/1312/935 520/1313/936 522/940/587
f 452/1169/811 454/1006/652 453/1009/655 451/1170/812
f 659/648/299 660/647/298 658/942/589 657/941/588
f 683/1442/1061 684/1443/1062 483/1444/1063 485/1445/1064
f 300/1128/772 504/1127/771 506/1082/726 302/1081/725
f 684/1443/1062 685/1065/709 482/1068/712 483/1444/1063
f 682/1078/722 683/1442/1061 485/1445/1064 487/1079/723
f 689/1089/733 690/1085/729 471/1088/732 473/1090/734
f 667/1029/675 665/1097/741 461/1100/744 463/1030/676
f 649/1131/775 647/1121/765 443/1122/766 445/1132/776
f 599/1151/793 597/943/590 393/946/593 395/1152/794
f 501/1328/951 499/706/356 295/705/355 297/1329/952
f 310/868/515 311/867/514 309/860/507 308/859/506
f 374/1446/1065 372/1374/997 576/1377/1000 578/1447/1066
f 698/1448/1067 699/826/476 484/825/475 481/1449/1068
f 697/1450/1069 698/1448/1067 481/1449/1068 480/1451/1070
f 470/1452/1071 468/1453/1072 672/1454/1073 692/1455/1074
f 478/1456/1075 476/1457/1076 695/1458/1077 696/1459/1078
f 468/1453/1072 466/1460/1079 670/1461/1080 672/1454/1073
f 464/1462/1081 462/1463/1082 666/1464/1083 668/1465/1084
f 466/1460/1079 464/1462/1081 668/1465/1084 670/1461/1080
f 480/1451/1070 478/1456/1075 696/1459/1078 697/1450/1069
f 472/1466/1085 470/1452/1071 692/1455/1074 693/1467/1086
f 472/1466/1085 693/1467/1086 694/1468/1087 474/1469/1088
f 474/1469/1088 694/1468/1087 695/1458/1077 476/1457/1076
f 462/1463/1082 460/1470/1089 664/1471/1090 666/1464/1083
f 662/1472/1091 664/1471/1090 460/1470/1089 458/1473/1092
f 458/1473/1092 456/1338/961 660/1341/964 662/1472/1091
f 350/588/239 351/587/238 349/650/301 348/649/300
f 555/919/566 557/885/532 556/888/535 554/920/567
f 627/1319/942 628/1318/941 626/618/269 625/617/268
f 717/1254/885 283/1253/884 282/1209/848 715/1208/847
f 725/831/481 289/830/480 290/1236/871 723/1235/854
f 559/1010/656 557/899/546 353/900/547 355/1011/657
f 446/1042/686 448/1165/807 447/1168/810 445/1043/687
f 747/1293/916 749/1296/919 748/1311/934 746/1294/917
f 709/1223/860 773/1250/882 711/1228/864 706/1224/861
f 286/1474/1093 287/842/489 497/841/488 496/1475/1094
f 687/910/557 696/909/556 695/1207/846 688/1206/845
f 340/1476/1095 338/911/558 542/914/561 544/1477/1096
f 590/1441/1060 592/1429/1048 388/1428/1047 386/1440/1059
f 285/849/496 286/1474/1093 496/1475/1094 495/850/497
f 700/1438/1057 699/1408/1029 684/1409/1030 683/1439/1058
f 678/1263/889 708/1262/862 705/1213/852 679/1212/851
f 647/638/289 648/637/288 646/751/401 645/750/400
f 585/761/411 583/1163/805 379/1164/806 381/762/412
f 755/1427/1046 788/1426/1046 787/1478/1097 751/1479/1097
f 767/1480/1098 769/1481/1099 794/1482/1099 793/1483/1098
f 759/1484/1100 790/1485/1100 789/1425/1045 756/1424/1045
f 759/1484/1100 763/1486/1101 791/1487/1101 790/1485/1100
f 775/1488/1102 796/1489/1102 795/1490/1103 772/1491/1103
f 769/1481/1099 772/1491/1103 795/1490/1103 794/1482/1099
f 787/1478/1097 785/1492/1104 748/1493/1104 751/1479/1097
f 766/1494/1105 767/1480/1098 793/1483/1098 792/1495/1105
f 798/1496/1106 797/1497/1107 780/1498/1107 743/1499/1106
f 785/1492/1104 783/1500/1108 746/1501/1108 748/1493/1104
f 783/1500/1108 784/1502/1109 744/1503/1109 746/1501/1108
f 763/1486/1101 766/1494/1105 792/1495/1105 791/1487/1101
f 797/1497/1107 796/1489/1102 775/1488/1102 780/1498/1107
f 784/1502/1109 786/1504/1110 742/1505/1110 744/1503/1109
f 786/1504/1110 798/1496/1106 743/1499/1106 742/1505/1110
f 376/1406/1027 374/1446/1065 578/1447/1066 580/1407/1028
f 342/1197/839 340/1476/1095 544/1477/1096 546/1198/840
f 314/960/607 315/959/606 313/866/513 312/865/512
f 778/1304/927 779/1305/928 774/1299/922 776/1249/881
f 815/1506/1111 816/1507/1112 812/1508/1113 811/1509/1114
f 817/1510/1115 818/1511/1116 803/1512/1117 801/1513/1118
f 819/1514/1119 820/1515/1120 810/1516/1121 809/1517/1122
f 821/1518/1123 822/1519/1124 807/1520/1125 806/1521/1126
f 823/1522/1127 824/1523/1128 800/1524/1129 802/1525/1130
f 825/1526/1131 821/1518/1123 806/1521/1126 805/1527/1132
f 826/1528/1133 819/1514/1119 809/1517/1122 808/1529/1134
f 818/1511/1116 827/1530/1135 804/1531/1136 803/1512/1117
f 828/1532/1137 817/1510/1115 801/1513/1118 799/1533/1138
f 820/1515/1120 815/1506/1111 811/1509/1114 810/1516/1121
f 829/1534/1139 830/1535/1140 814/1536/1141 813/1537/1142
f 822/1519/1124 826/1528/1133 808/1529/1134 807/1520/1125
f 830/1535/1140 823/1522/1127 802/1525/1130 814/1536/1141
f 824/1523/1128 828/1532/1137 799/1533/1138 800/1524/1129
f 827/1530/1135 825/1526/1131 805/1527/1132 804/1531/1136
f 816/1507/1112 829/1534/1139 813/1537/1142 812/1508/1113
f 796/1489/1143 797/1497/1144 829/1534/1139 816/1507/1112
f 788/1426/1145 789/1425/1146 825/1526/1131 827/1530/1135
f 784/1502/1147 783/1500/1148 828/1532/1137 824/1523/1128
f 798/1496/1149 786/1504/1150 823/1522/1127 830/1535/1140
f 791/1487/1151 792/1495/1152 826/1528/1133 822/1519/1124
f 797/1497/1144 798/1496/1149 830/1535/1140 829/1534/1139
f 794/1482/1153 795/1490/1154 815/1506/1111 820/1515/1120
f 783/1500/1148 785/1492/1155 817/1510/1115 828/1532/1137
f 787/1478/1156 788/1426/1145 827/1530/1135 818/1511/1116
f 792/1495/1152 793/1483/1157 819/1514/1119 826/1528/1133
f 789/1425/1146 790/1485/1158 821/1518/1123 825/1526/1131
f 786/1504/1150 784/1502/1147 824/1523/1128 823/1522/1127
f 790/1485/1158 791/1487/1151 822/1519/1124 821/1518/1123
f 793/1483/1157 794/1482/1153 820/1515/1120 819/1514/1119
f 785/1492/1155 787/1478/1156 818/1511/1116 817/1510/1115
f 795/1490/1154 796/1489/1143 816/1507/1112 815/1506/1111
f 802/1525/8 800/1524/8 831/1538/8
f 800/1524/8 799/1533/8 831/1538/8
f 799/1533/8 801/1513/8 831/1538/8
f 801/1513/8 803/1512/8 831/1538/8
f 803/1512/8 804/1531/8 831/1538/8
f 804/1531/8 805/1527/8 831/1538/8
f 805/1527/8 806/1521/8 831/1538/8
f 806/1521/8 807/1520/8 831/1538/8
f 807/1520/8 808/1529/8 831/1538/8
f 808/1529/8 809/1517/8 831/1538/8
f 809/1517/8 810/1516/8 831/1538/8
f 810/1516/8 811/1509/8 831/1538/8
f 811/1509/8 812/1508/8 831/1538/8
f 812/1508/8 813/1537/8 831/1538/8
f 813/1537/8 814/1536/8 831/1538/8
f 814/1536/8 802/1525/8 831/1538/8
f 833/1539/1159 844/1540/1160 835/1541/1161 832/1542/1162
f 832/1543/1162 834/1544/1163 850/1545/1164 833/1546/1159
f 834/1547/1163 832/1548/1162 836/1549/1165
f 832/1548/1162 835/1550/1161 836/1549/1165
f 838/1551/1166 837/1552/1167 836/1549/1165
f 837/1552/1167 840/1553/1168 836/1549/1165
f 835/1550/1161 841/1554/1169 836/1549/1165
f 839/1555/1170 838/1551/1166 836/1549/1165
f 841/1554/1169 839/1555/1170 836/1549/1165
f 840/1553/1168 834/1547/1163 836/1549/1165
f 839/1556/1170 841/1557/1169 842/1558/1171 843/1559/1172
f 844/1540/1160 842/1558/1171 841/1557/1169 835/1541/1161
f 843/1559/1172 842/1558/1171 845/1560/1173 846/1561/1174
f 844/1540/1160 847/1562/1175 845/1560/1173 842/1558/1171
f 844/1540/1160 833/1539/1159 848/1563/1176 847/1562/1175
f 850/1545/1164 849/1564/1177 848/1565/1176 833/1546/1159
f 850/1545/1164 852/1566/1178 851/1567/1179 849/1564/1177
f 852/1566/1178 854/1568/1180 853/1569/1181 851/1567/1179
f 856/1570/1182 855/1571/1183 853/1569/1181 854/1568/1180
f 843/1559/1172 846/1561/1174 855/1571/1183 856/1570/1182
f 837/1572/1167 838/1573/1166 856/1570/1182 854/1568/1180
f 839/1556/1170 843/1559/1172 856/1570/1182 838/1573/1166
f 854/1568/1180 852/1566/1178 840/1574/1168 837/1572/1167
f 834/1544/1163 840/1574/1168 852/1566/1178 850/1545/1164
f 859/1575/1184 886/1576/1185 858/1577/1186 857/1578/1186
f 857/1579/1186 858/1580/1186 862/1581/1187 860/1582/1188
f 861/1583/1189 860/1582/1188 862/1581/1187 863/1584/1190
f 864/1585/1191 867/1586/1192 863/1587/1192 862/1588/1191
f 862/1588/1191 858/1589/1193 866/1590/1193 864/1585/1191
f 869/1591/1194 867/1586/1194 864/1585/1195 865/1592/1195
f 864/1585/1195 866/1590/1196 888/1593/1196 865/1592/1195
f 868/1594/1197 881/1595/1197 863/1587/1192 867/1586/1192
f 869/1591/1194 870/1596/1198 868/1594/1198 867/1586/1194
f 871/1597/1199 878/1598/1199 868/1594/1198 870/1596/1198
f 872/1599/1200 874/1600/1201 887/1601/1201 873/1602/1200
f 876/1603/1202 875/1604/1202 872/1599/1200 873/1602/1200
f 871/1597/1199 875/1604/1202 876/1603/1202 878/1598/1199
f 876/1603/1203 873/1602/1204 885/1605/1204 877/1606/1203
f 876/1603/1203 877/1606/1203 879/1607/1205 878/1598/1205
f 868/1594/1197 878/1598/1205 879/1607/1205 881/1595/1197
f 880/1608/1206 879/1609/1206 877/1610/1207 883/1611/1208
f 882/1612/1209 881/1613/1210 879/1609/1206 880/1608/1206
f 882/1612/1209 861/1583/1189 863/1584/1190 881/1613/1210
f 883/1611/1208 877/1610/1207 885/1614/1211 884/1615/1212
f 884/1615/1212 885/1614/1211 886/1576/1185 859/1575/1184
f 885/1605/1204 873/1602/1204 887/1601/1213 886/1616/1213
f 858/1589/1193 886/1616/1213 887/1601/1213 866/1590/1193
f 888/1593/1196 866/1590/1196 887/1601/1201 874/1600/1201
f 889/1617/1214 891/1618/1215 946/1619/1216 890/1620/1217
f 895/1621/1218 893/1622/1219 889/1617/1214 890/1620/1217
f 889/1617/1214 892/1623/1220 934/1624/1221 891/1618/1215
f 893/1622/1219 894/1625/1222 892/1623/1220 889/1617/1214
f 893/1622/1219 896/1626/1223 897/1627/1224 894/1625/1222
f 895/1621/1218 898/1628/1225 896/1626/1223 893/1622/1219
f 899/1629/1226 902/1630/1227 897/1627/1224 896/1626/1223
f 901/1631/1228 899/1629/1226 896/1626/1223 898/1628/1225
f 944/1632/1229 900/1633/1230 899/1629/1226 901/1631/1228
f 899/1629/1226 900/1633/1230 904/1634/1231 902/1630/1227
f 897/1627/1224 902/1630/1227 903/1635/1232 939/1636/1233
f 902/1630/1227 904/1634/1231 906/1637/1234 903/1635/1232
f 906/1638/1234 904/1639/1231 905/1640/1235 907/1641/1236
f 904/1639/1231 900/1642/1230 942/1643/1237 905/1640/1235
f 903/1635/1232 906/1637/1234 908/1644/1238 911/1645/1239
f 908/1646/1238 906/1638/1234 907/1641/1236 909/1647/1240
f 910/1648/1241 908/1646/1238 909/1647/1240 927/1649/1242
f 913/1650/1243 911/1645/1239 908/1644/1238 910/1651/1241
f 939/1636/1233 903/1635/1232 911/1645/1239 912/1652/1244
f 912/1652/1244 911/1645/1239 913/1650/1243 915/1653/1245
f 914/1654/1246 917/1655/1247 915/1653/1245 913/1650/1243
f 914/1654/1246 913/1650/1243 910/1651/1241 928/1656/1248
f 916/1657/1249 938/1658/1250 912/1652/1244 915/1653/1245
f 919/1659/1251 916/1657/1249 915/1653/1245 917/1655/1247
f 917/1660/1247 914/1661/1246 918/1662/1252
f 919/1663/1251 917/1660/1247 918/1662/1252
f 920/1664/1253 919/1663/1251 918/1662/1252
f 920/1665/1253 921/1666/1254 916/1657/1249 919/1659/1251
f 920/1665/1253 922/1667/1255 923/1668/1256 921/1666/1254
f 922/1669/1255 920/1664/1253 918/1662/1252
f 922/1667/1255 924/1670/1257 925/1671/1258 923/1668/1256
f 924/1672/1257 922/1669/1255 918/1662/1252
f 926/1673/1259 927/1649/1242 925/1671/1258 924/1670/1257
f 926/1674/1259 924/1672/1257 918/1662/1252
f 928/1675/1248 910/1648/1241 927/1649/1242 926/1673/1259
f 928/1676/1248 926/1674/1259 918/1662/1252
f 914/1661/1246 928/1676/1248 918/1662/1252
f 927/1649/1242 909/1647/1240 929/1677/1260 925/1671/1258
f 923/1668/1256 925/1671/1258 929/1677/1260 930/1678/1261
f 930/1678/1261 929/1677/1260 931/1679/1262 933/1680/1263
f 909/1647/1240 907/1641/1236 931/1679/1262 929/1677/1260
f 907/1641/1236 905/1640/1235 932/1681/1264 931/1679/1262
f 933/1680/1263 931/1679/1262 932/1681/1264 934/1624/1221
f 892/1623/1220 935/1682/1265 933/1680/1263 934/1624/1221
f 935/1682/1265 936/1683/1266 930/1678/1261 933/1680/1263
f 894/1625/1222 937/1684/1267 935/1682/1265 892/1623/1220
f 937/1684/1267 938/1658/1250 936/1683/1266 935/1682/1265
f 938/1658/1250 937/1684/1267 939/1636/1233 912/1652/1244
f 937/1684/1267 894/1625/1222 897/1627/1224 939/1636/1233
f 938/1658/1250 916/1657/1249 921/1666/1254 936/1683/1266
f 936/1683/1266 921/1666/1254 923/1668/1256 930/1678/1261
f 932/1681/1264 940/1685/1268 891/1618/1215 934/1624/1221
f 942/1643/1237 940/1685/1268 932/1681/1264 905/1640/1235
f 940/1685/1268 942/1643/1237 943/1686/1269 941/1687/1270
f 940/1685/1268 941/1687/1270 946/1619/1216 891/1618/1215
f 944/1688/1229 943/1686/1269 942/1643/1237 900/1642/1230
f 941/1689/1270 943/1690/1269 945/1691/1271
f 943/1690/1269 944/1692/1229 945/1691/1271
f 944/1692/1229 901/1693/1228 945/1691/1271
f 946/1694/1216 941/1689/1270 945/1691/1271
f 895/1695/1218 890/1696/1217 945/1691/1271
f 898/1697/1225 895/1695/1218 945/1691/1271
f 890/1696/1217 946/1694/1216 945/1691/1271
f 901/1693/1228 898/1697/1225 945/1691/1271
f 950/1698/1272 947/1699/1272 948/1700/1272
f 947/1699/1272 951/1701/1272 948/1700/1272
f 952/1702/1273 951/1703/1273 947/1704/1274 949/1705/1274
f 949/1705/1274 947/1704/1274 950/1706/1275 968/1707/1275
f 951/1701/1272 953/1708/1272 948/1700/1272
f 952/1709/1273 955/1710/1276 953/1711/1276 951/1712/1273
f 953/1708/1272 954/1713/1272 948/1700/1272
f 954/1714/1277 953/1711/1276 955/1710/1276 956/1715/1277
f 956/1715/1278 955/1710/1279 957/1716/1279 959/1717/1278
f 955/1710/1279 952/1709/1280 960/1718/1280 957/1716/1279
f 959/1717/1281 957/1716/1282 958/1719/1282 1005/1720/1281
f 957/1716/1282 960/1718/1283 962/1721/1283 958/1719/1282
f 952/1702/1280 949/1705/1284 961/1722/1284 960/1723/1280
f 961/1722/1285 963/1724/1285 962/1725/1283 960/1723/1283
f 966/1726/1286 964/1727/1286 963/1724/1285 961/1722/1285
f 966/1726/1286 967/1728/1287 965/1729/1287 964/1727/1286
f 968/1707/1288 969/1730/1289 967/1728/1289 966/1726/1288
f 949/1705/1284 968/1707/1288 966/1726/1288 961/1722/1284
f 950/1706/1275 971/1731/1290 969/1730/1290 968/1707/1275
f 970/1732/1291 1011/1733/1291 967/1728/1289 969/1730/1289
f 971/1731/1290 972/1734/1292 970/1732/1292 969/1730/1290
f 972/1735/1272 971/1736/1272 948/1700/1272
f 971/1736/1272 950/1698/1272 948/1700/1272
f 973/1737/1272 972/1735/1272 948/1700/1272
f 970/1732/1292 972/1734/1292 973/1738/1293 974/1739/1293
f 975/1740/1272 973/1737/1272 948/1700/1272
f 974/1739/1293 973/1738/1293 975/1741/1294 977/1742/1294
f 976/1743/1272 975/1740/1272 948/1700/1272
f 975/1741/1294 976/1744/1295 978/1745/1295 977/1742/1294
f 978/1745/1296 982/1746/1296 979/1747/1297 977/1742/1297
f 974/1739/1298 977/1742/1297 979/1747/1297 980/1748/1298
f 979/1747/1299 981/1749/1299 1009/1750/1300 980/1748/1300
f 979/1747/1299 982/1746/1301 984/1751/1301 981/1749/1299
f 982/1746/1296 978/1745/1296 1008/1752/1302 983/1753/1302
f 982/1746/1301 983/1753/1303 985/1754/1303 984/1751/1301
f 988/1755/1304 986/1756/1304 985/1754/1303 983/1753/1303
f 990/1757/1305 987/1758/1305 986/1756/1304 988/1755/1304
f 1008/1752/1302 989/1759/1306 988/1755/1306 983/1753/1302
f 989/1759/1306 991/1760/1307 990/1757/1307 988/1755/1306
f 990/1757/1305 992/1761/1308 994/1762/1308 987/1758/1305
f 991/1760/1307 995/1763/1309 992/1761/1309 990/1757/1307
f 992/1761/1308 993/1764/1310 1004/1765/1310 994/1762/1308
f 992/1761/1309 995/1763/1309 996/1766/1311 993/1764/1311
f 998/1767/1312 997/1768/1313 995/1763/1313 991/1760/1312
f 997/1768/1313 999/1769/1314 996/1766/1314 995/1763/1313
f 997/1770/1272 998/1771/1272 948/1700/1272
f 999/1772/1272 997/1770/1272 948/1700/1272
f 1000/1773/1315 1001/1774/1315 996/1766/1314 999/1769/1314
f 1000/1775/1272 999/1772/1272 948/1700/1272
f 954/1713/1272 1000/1775/1272 948/1700/1272
f 954/1714/1277 956/1715/1277 1001/1774/1315 1000/1773/1315
f 1002/1776/1316 1001/1774/1316 956/1715/1278 959/1717/1278
f 996/1766/1311 1001/1774/1316 1002/1776/1316 993/1764/1311
f 1003/1777/1317 1002/1776/1317 959/1717/1281 1005/1720/1281
f 1004/1765/1310 993/1764/1310 1002/1776/1317 1003/1777/1317
f 998/1767/1312 991/1760/1312 989/1759/1318 1006/1778/1318
f 998/1771/1272 1006/1779/1272 948/1700/1272
f 1006/1779/1272 1007/1780/1272 948/1700/1272
f 1006/1778/1318 989/1759/1318 1008/1752/1319 1007/1781/1319
f 976/1744/1295 1007/1781/1319 1008/1752/1319 978/1745/1295
f 1007/1780/1272 976/1743/1272 948/1700/1272
f 980/1748/1300 1009/1750/1300 1010/1782/1320 1011/1733/1320
f 967/1728/1287 1011/1733/1320 1010/1782/1320 965/1729/1287
f 1011/1733/1291 970/1732/1291 974/1739/1298 980/1748/1298
