{"cameraMode":{"drawMode":0,"name":"Shaded","section":"Shading Mode"},"sceneLighting":true,"audioPlay":false,"sceneViewState":{"m_AlwaysRefresh":false,"showFog":true,"showSkybox":true,"showFlares":true,"showImageEffects":true,"showParticleSystems":true,"showVisualEffectGraphs":true,"m_FxEnabled":true},"in2DMode":false,"pivot":{"x":16.583555221557618,"y":18.496910095214845,"z":68.00244903564453},"rotation":{"x":0.14616896212100984,"y":-0.6107834577560425,"z":0.11619571596384049,"w":0.7696836590766907},"size":24.96843910217285,"orthographic":true}