{"cameraMode":{"drawMode":0,"name":"Shaded","section":"Shading Mode"},"sceneLighting":true,"audioPlay":false,"sceneViewState":{"m_AlwaysRefresh":false,"showFog":true,"showSkybox":true,"showFlares":true,"showImageEffects":true,"showParticleSystems":true,"showVisualEffectGraphs":true,"m_FxEnabled":true},"in2DMode":false,"pivot":{"x":7.1540679931640629,"y":2.191213846206665,"z":20.89995002746582},"rotation":{"x":0.05817016214132309,"y":-0.00721073430031538,"z":0.0004769194929394871,"w":0.9984199404716492},"size":6.021503925323486,"orthographic":true}