{"cameraMode":{"drawMode":0,"name":"Shaded","section":"Shading Mode"},"sceneLighting":true,"audioPlay":false,"sceneViewState":{"m_AlwaysRefresh":false,"showFog":true,"showSkybox":true,"showFlares":true,"showImageEffects":true,"showParticleSystems":true,"showVisualEffectGraphs":true,"m_FxEnabled":true},"in2DMode":false,"pivot":{"x":15.055163383483887,"y":8.056161880493164,"z":-8.400007247924805},"rotation":{"x":0.13690294325351716,"y":-0.03327995538711548,"z":0.004796045366674662,"w":0.990175187587738},"size":23.556690216064454,"orthographic":true}