# Blender 4.0.2
# www.blender.org
o bell_01
v -0.057505 0.000000 0.000000
v -0.055434 0.007659 0.000000
v -0.050761 0.015801 -0.000000
v -0.048238 0.035411 -0.000000
v -0.045291 0.057239 -0.000000
v -0.040768 0.076203 -0.000000
v -0.034745 0.091999 -0.000000
v -0.019990 0.110175 -0.000000
v -0.007252 0.116686 -0.000000
v -0.012982 0.114736 -0.000000
v -0.027684 0.103028 -0.000000
v -0.055545 0.000000 0.014883
v -0.053545 0.007659 0.014347
v -0.049032 0.015801 0.013138
v -0.046595 0.035411 0.012485
v -0.043748 0.057239 0.011722
v -0.039379 0.076203 0.010551
v -0.033561 0.091999 0.008993
v -0.019309 0.110175 0.005174
v -0.007001 0.116686 0.002047
v -0.012540 0.114736 0.003360
v -0.026741 0.103028 0.007165
v -0.049801 0.000000 0.028752
v -0.048007 0.007659 0.027717
v -0.043961 0.015801 0.025381
v -0.041775 0.035411 0.024119
v -0.039223 0.057239 0.022646
v -0.035306 0.076203 0.020384
v -0.030090 0.091999 0.017372
v -0.017312 0.110175 0.009995
v -0.006311 0.116673 0.003963
v -0.011243 0.114736 0.006491
v -0.023975 0.103028 0.013842
v -0.040662 0.000000 0.040662
v -0.039198 0.007659 0.039198
v -0.035894 0.015801 0.035894
v -0.034110 0.035411 0.034110
v -0.032026 0.057239 0.032026
v -0.028827 0.076203 0.028827
v -0.024568 0.091999 0.024568
v -0.014135 0.110175 0.014135
v -0.005393 0.116504 0.005389
v -0.009180 0.114736 0.009180
v -0.019576 0.103028 0.019576
v -0.028752 -0.000000 0.049801
v -0.027717 0.007659 0.048007
v -0.025381 0.015801 0.043961
v -0.024119 0.035411 0.041775
v -0.022646 0.057239 0.039223
v -0.020384 0.076203 0.035306
v -0.017372 0.091999 0.030090
v -0.009995 0.110175 0.017312
v -0.003982 0.116673 0.006290
v -0.006491 0.114736 0.011243
v -0.013842 0.103028 0.023975
v -0.014883 -0.000000 0.055545
v -0.014347 0.007659 0.053545
v -0.013138 0.015801 0.049032
v -0.012485 0.035411 0.046595
v -0.011722 0.057239 0.043748
v -0.010551 0.076203 0.039379
v -0.008993 0.091999 0.033561
v -0.005174 0.110175 0.019309
v -0.002064 0.116686 0.006967
v -0.003360 0.114736 0.012540
v -0.007165 0.103028 0.026741
v 0.000000 -0.000000 0.057505
v 0.000000 0.007659 0.055434
v 0.000000 0.015801 0.050761
v 0.000000 0.035411 0.048238
v 0.000000 0.057239 0.045291
v 0.000000 0.076203 0.040768
v -0.000000 0.091999 0.034745
v -0.000000 0.110175 0.019990
v -0.000000 0.116686 0.007213
v -0.000000 0.114736 0.012982
v -0.000000 0.103028 0.027684
v 0.014883 0.000000 0.055545
v 0.014347 0.007659 0.053545
v 0.013138 0.015801 0.049032
v 0.012485 0.035411 0.046595
v 0.011722 0.057239 0.043748
v 0.010551 0.076203 0.039379
v 0.008993 0.091999 0.033561
v 0.005174 0.110175 0.019309
v 0.002064 0.116686 0.006967
v 0.003360 0.114736 0.012540
v 0.007165 0.103028 0.026741
v 0.028752 0.000000 0.049801
v 0.027717 0.007659 0.048007
v 0.025381 0.015801 0.043961
v 0.024119 0.035411 0.041775
v 0.022646 0.057239 0.039223
v 0.020384 0.076203 0.035306
v 0.017372 0.091999 0.030090
v 0.009995 0.110175 0.017312
v 0.003982 0.116673 0.006290
v 0.006491 0.114736 0.011243
v 0.013842 0.103028 0.023975
v 0.040662 0.000000 0.040662
v 0.039198 0.007659 0.039198
v 0.035894 0.015801 0.035894
v 0.034110 0.035411 0.034110
v 0.032026 0.057239 0.032026
v 0.028827 0.076203 0.028827
v 0.024568 0.091999 0.024568
v 0.014135 0.110175 0.014135
v 0.005393 0.116504 0.005389
v 0.009180 0.114736 0.009180
v 0.019576 0.103028 0.019576
v 0.049801 -0.000000 0.028752
v 0.048007 0.007659 0.027717
v 0.043961 0.015801 0.025381
v 0.041775 0.035411 0.024119
v 0.039223 0.057239 0.022646
v 0.035306 0.076203 0.020384
v 0.030090 0.091999 0.017372
v 0.017312 0.110175 0.009995
v 0.006311 0.116673 0.003963
v 0.011243 0.114736 0.006491
v 0.023975 0.103028 0.013842
v 0.055545 0.000000 0.014883
v 0.053545 0.007659 0.014347
v 0.049032 0.015801 0.013138
v 0.046595 0.035411 0.012485
v 0.043748 0.057239 0.011722
v 0.039379 0.076203 0.010551
v 0.033561 0.091999 0.008993
v 0.019309 0.110175 0.005174
v 0.007001 0.116686 0.002047
v 0.012540 0.114736 0.003360
v 0.026741 0.103028 0.007165
v 0.057505 0.000000 -0.000000
v 0.055434 0.007659 -0.000000
v 0.050761 0.015801 -0.000000
v 0.048238 0.035411 -0.000000
v 0.045291 0.057239 -0.000000
v 0.040768 0.076203 -0.000000
v 0.034745 0.091999 -0.000000
v 0.019990 0.110175 0.000000
v 0.007252 0.116686 0.000000
v 0.012982 0.114736 0.000000
v 0.027684 0.103028 0.000000
v 0.055545 0.000000 -0.014883
v 0.053545 0.007659 -0.014347
v 0.049032 0.015801 -0.013138
v 0.046595 0.035411 -0.012485
v 0.043748 0.057239 -0.011722
v 0.039379 0.076203 -0.010551
v 0.033561 0.091999 -0.008993
v 0.019309 0.110175 -0.005174
v 0.007001 0.116686 -0.002047
v 0.012540 0.114736 -0.003360
v 0.026741 0.103028 -0.007165
v 0.049801 0.000000 -0.028752
v 0.048007 0.007659 -0.027717
v 0.043961 0.015801 -0.025381
v 0.041775 0.035411 -0.024119
v 0.039223 0.057239 -0.022646
v 0.035306 0.076203 -0.020384
v 0.030090 0.091999 -0.017372
v 0.017312 0.110175 -0.009995
v 0.006311 0.116673 -0.003963
v 0.011243 0.114736 -0.006491
v 0.023975 0.103028 -0.013842
v 0.040662 -0.000000 -0.040662
v 0.039198 0.007659 -0.039198
v 0.035894 0.015801 -0.035894
v 0.034110 0.035411 -0.034110
v 0.032026 0.057239 -0.032026
v 0.028827 0.076203 -0.028827
v 0.024568 0.091999 -0.024568
v 0.014135 0.110175 -0.014135
v 0.005393 0.116504 -0.005389
v 0.009180 0.114736 -0.009180
v 0.019576 0.103028 -0.019576
v 0.028752 -0.000000 -0.049801
v 0.027717 0.007659 -0.048007
v 0.025381 0.015801 -0.043961
v 0.024119 0.035411 -0.041775
v 0.022646 0.057239 -0.039223
v 0.020384 0.076203 -0.035306
v 0.017372 0.091999 -0.030090
v 0.009995 0.110175 -0.017312
v 0.003982 0.116673 -0.006290
v 0.006491 0.114736 -0.011243
v 0.013842 0.103028 -0.023975
v 0.014883 -0.000000 -0.055545
v 0.014347 0.007659 -0.053545
v 0.013138 0.015801 -0.049032
v 0.012485 0.035411 -0.046595
v 0.011722 0.057239 -0.043748
v 0.010551 0.076203 -0.039379
v 0.008993 0.091999 -0.033561
v 0.005174 0.110175 -0.019309
v 0.002064 0.116686 -0.006967
v 0.003360 0.114736 -0.012540
v 0.007165 0.103028 -0.026741
v 0.000000 -0.000000 -0.057505
v 0.000000 0.007659 -0.055434
v 0.000000 0.015801 -0.050761
v 0.000000 0.035411 -0.048238
v 0.000000 0.057239 -0.045291
v 0.000000 0.076203 -0.040768
v 0.000000 0.091999 -0.034745
v 0.000000 0.110175 -0.019990
v 0.000000 0.116686 -0.007213
v 0.000000 0.114736 -0.012982
v 0.000000 0.103028 -0.027684
v -0.014883 -0.000000 -0.055545
v -0.014347 0.007659 -0.053545
v -0.013138 0.015801 -0.049032
v -0.012485 0.035411 -0.046595
v -0.011722 0.057239 -0.043748
v -0.010551 0.076203 -0.039379
v -0.008993 0.091999 -0.033561
v -0.005174 0.110175 -0.019309
v -0.002064 0.116686 -0.006967
v -0.003360 0.114736 -0.012540
v -0.007165 0.103028 -0.026741
v -0.028752 0.000000 -0.049801
v -0.027717 0.007659 -0.048007
v -0.025381 0.015801 -0.043961
v -0.024119 0.035411 -0.041775
v -0.022646 0.057239 -0.039223
v -0.020384 0.076203 -0.035306
v -0.017372 0.091999 -0.030090
v -0.009995 0.110175 -0.017312
v -0.003982 0.116673 -0.006290
v -0.006491 0.114736 -0.011243
v -0.013842 0.103028 -0.023975
v -0.040662 0.000000 -0.040662
v -0.039198 0.007659 -0.039198
v -0.035894 0.015801 -0.035894
v -0.034110 0.035411 -0.034110
v -0.032026 0.057239 -0.032026
v -0.028827 0.076203 -0.028827
v -0.024568 0.091999 -0.024568
v -0.014135 0.110175 -0.014135
v -0.005393 0.116504 -0.005389
v -0.009180 0.114736 -0.009180
v -0.019576 0.103028 -0.019576
v -0.049801 0.000000 -0.028752
v -0.048007 0.007659 -0.027717
v -0.043961 0.015801 -0.025381
v -0.041775 0.035411 -0.024119
v -0.039223 0.057239 -0.022646
v -0.035306 0.076203 -0.020384
v -0.030090 0.091999 -0.017372
v -0.017312 0.110175 -0.009995
v -0.006311 0.116673 -0.003963
v -0.011243 0.114736 -0.006491
v -0.023975 0.103028 -0.013842
v -0.055545 0.000000 -0.014883
v -0.053545 0.007659 -0.014347
v -0.049032 0.015801 -0.013138
v -0.046595 0.035411 -0.012485
v -0.043748 0.057239 -0.011722
v -0.039379 0.076203 -0.010551
v -0.033561 0.091999 -0.008993
v -0.019309 0.110175 -0.005174
v -0.007001 0.116686 -0.002047
v -0.012540 0.114736 -0.003360
v -0.026741 0.103028 -0.007165
v -0.066121 0.001581 0.000000
v -0.065069 0.007318 -0.000000
v -0.059199 0.015937 -0.000000
v -0.056936 0.036477 -0.000000
v -0.053915 0.058840 -0.000000
v -0.049156 0.078778 -0.000000
v -0.042611 0.095929 -0.000000
v -0.025653 0.117331 -0.000032
v -0.009627 0.125231 -0.000005
v -0.017037 0.122636 -0.000007
v -0.034405 0.108628 0.000000
v -0.063868 0.001581 0.017113
v -0.062852 0.007318 0.016841
v -0.057182 0.015937 0.015322
v -0.054996 0.036477 0.014736
v -0.052078 0.058840 0.013954
v -0.047481 0.078778 0.012723
v -0.041159 0.095929 0.011029
v -0.024770 0.117331 0.006670
v -0.009291 0.125215 0.002722
v -0.016458 0.122636 0.004403
v -0.033232 0.108628 0.008905
v -0.057263 0.001581 0.033061
v -0.056351 0.007318 0.032534
v -0.051268 0.015937 0.029600
v -0.049308 0.036477 0.028468
v -0.046692 0.058840 0.026958
v -0.042570 0.078778 0.024578
v -0.036902 0.095929 0.021305
v -0.022232 0.117331 0.012799
v -0.008368 0.125170 0.005260
v -0.014758 0.122636 0.008513
v -0.029795 0.108628 0.017202
v -0.046755 0.001581 0.046755
v -0.046011 0.007318 0.046011
v -0.041860 0.015937 0.041860
v -0.040260 0.036477 0.040260
v -0.038124 0.058840 0.038124
v -0.034759 0.078778 0.034759
v -0.030130 0.095929 0.030130
v -0.018162 0.117331 0.018116
v -0.007172 0.125127 0.007155
v -0.012042 0.122636 0.012052
v -0.024328 0.108628 0.024328
v -0.033061 0.001581 0.057263
v -0.032534 0.007318 0.056351
v -0.029600 0.015937 0.051268
v -0.028468 0.036477 0.049308
v -0.026958 0.058840 0.046692
v -0.024578 0.078778 0.042570
v -0.021305 0.095929 0.036902
v -0.012854 0.117331 0.022200
v -0.005286 0.125171 0.008341
v -0.008525 0.122636 0.014751
v -0.017202 0.108628 0.029795
v -0.017113 0.001581 0.063868
v -0.016841 0.007318 0.062852
v -0.015322 0.015937 0.057182
v -0.014736 0.036477 0.054996
v -0.013954 0.058840 0.052078
v -0.012723 0.078778 0.047481
v -0.011029 0.095929 0.041159
v -0.006670 0.117331 0.024770
v -0.002745 0.125222 0.009247
v -0.004416 0.122636 0.016455
v -0.008905 0.108628 0.033232
v 0.000000 0.001581 0.066121
v 0.000000 0.007318 0.065069
v 0.000000 0.015937 0.059199
v 0.000000 0.036477 0.056936
v 0.000000 0.058840 0.053915
v -0.000000 0.078778 0.049156
v -0.000000 0.095929 0.042611
v -0.000032 0.117331 0.025653
v 0.000005 0.125242 0.009578
v -0.000007 0.122636 0.017037
v 0.000000 0.108628 0.034405
v 0.017114 0.001581 0.063868
v 0.016841 0.007318 0.062852
v 0.015322 0.015937 0.057182
v 0.014736 0.036477 0.054996
v 0.013954 0.058840 0.052078
v 0.012723 0.078778 0.047481
v 0.011029 0.095929 0.041159
v 0.006670 0.117331 0.024770
v 0.002745 0.125222 0.009247
v 0.004416 0.122636 0.016455
v 0.008905 0.108628 0.033232
v 0.033061 0.001581 0.057263
v 0.032534 0.007318 0.056351
v 0.029600 0.015937 0.051268
v 0.028468 0.036477 0.049308
v 0.026958 0.058840 0.046692
v 0.024578 0.078778 0.042570
v 0.021305 0.095929 0.036902
v 0.012854 0.117331 0.022200
v 0.005286 0.125171 0.008341
v 0.008525 0.122636 0.014751
v 0.017202 0.108628 0.029795
v 0.046755 0.001581 0.046755
v 0.046011 0.007318 0.046011
v 0.041860 0.015937 0.041860
v 0.040260 0.036477 0.040260
v 0.038124 0.058840 0.038124
v 0.034759 0.078778 0.034759
v 0.030130 0.095929 0.030130
v 0.018116 0.117331 0.018162
v 0.007172 0.125127 0.007155
v 0.012042 0.122636 0.012052
v 0.024328 0.108628 0.024328
v 0.057263 0.001581 0.033061
v 0.056351 0.007318 0.032534
v 0.051268 0.015937 0.029600
v 0.049308 0.036477 0.028468
v 0.046692 0.058840 0.026958
v 0.042570 0.078778 0.024578
v 0.036902 0.095929 0.021305
v 0.022200 0.117331 0.012854
v 0.008368 0.125170 0.005260
v 0.014758 0.122636 0.008513
v 0.029795 0.108628 0.017202
v 0.063868 0.001581 0.017113
v 0.062852 0.007318 0.016841
v 0.057182 0.015937 0.015322
v 0.054996 0.036477 0.014736
v 0.052078 0.058840 0.013954
v 0.047481 0.078778 0.012723
v 0.041159 0.095929 0.011029
v 0.024787 0.117331 0.006608
v 0.009291 0.125215 0.002722
v 0.016458 0.122636 0.004403
v 0.033232 0.108628 0.008905
v 0.066121 0.001581 -0.000000
v 0.065069 0.007318 -0.000000
v 0.059199 0.015937 -0.000000
v 0.056936 0.036477 -0.000000
v 0.053915 0.058840 -0.000000
v 0.049156 0.078778 -0.000000
v 0.042611 0.095929 -0.000000
v 0.025653 0.117331 -0.000032
v 0.009627 0.125231 -0.000005
v 0.017037 0.122636 0.000007
v 0.034405 0.108628 -0.000000
v 0.063868 0.001581 -0.017113
v 0.062852 0.007318 -0.016841
v 0.057182 0.015937 -0.015322
v 0.054996 0.036477 -0.014736
v 0.052078 0.058840 -0.013954
v 0.047481 0.078778 -0.012723
v 0.041159 0.095929 -0.011029
v 0.024787 0.117331 -0.006608
v 0.009291 0.125215 -0.002722
v 0.016458 0.122636 -0.004403
v 0.033232 0.108628 -0.008905
v 0.057263 0.001581 -0.033061
v 0.056351 0.007318 -0.032534
v 0.051268 0.015937 -0.029600
v 0.049308 0.036477 -0.028468
v 0.046692 0.058840 -0.026958
v 0.042570 0.078778 -0.024578
v 0.036902 0.095929 -0.021305
v 0.022200 0.117331 -0.012854
v 0.008368 0.125170 -0.005260
v 0.014758 0.122636 -0.008513
v 0.029795 0.108628 -0.017202
v 0.046755 0.001581 -0.046755
v 0.046011 0.007318 -0.046011
v 0.041860 0.015937 -0.041860
v 0.040260 0.036477 -0.040260
v 0.038124 0.058840 -0.038124
v 0.034759 0.078778 -0.034759
v 0.030130 0.095929 -0.030131
v 0.018116 0.117331 -0.018162
v 0.007172 0.125127 -0.007155
v 0.012052 0.122636 -0.012042
v 0.024328 0.108628 -0.024328
v 0.033061 0.001581 -0.057263
v 0.032534 0.007318 -0.056351
v 0.029600 0.015937 -0.051268
v 0.028468 0.036477 -0.049308
v 0.026958 0.058840 -0.046692
v 0.024578 0.078778 -0.042570
v 0.021305 0.095929 -0.036902
v 0.012854 0.117331 -0.022200
v 0.005286 0.125171 -0.008341
v 0.008513 0.122636 -0.014758
v 0.017202 0.108628 -0.029795
v 0.017113 0.001581 -0.063868
v 0.016841 0.007318 -0.062852
v 0.015322 0.015937 -0.057182
v 0.014736 0.036477 -0.054996
v 0.013954 0.058840 -0.052078
v 0.012723 0.078778 -0.047481
v 0.011029 0.095929 -0.041159
v 0.006608 0.117331 -0.024787
v 0.002745 0.125222 -0.009247
v 0.004416 0.122636 -0.016455
v 0.008905 0.108628 -0.033232
v -0.000000 0.001581 -0.066121
v -0.000000 0.007318 -0.065069
v -0.000000 0.015937 -0.059199
v 0.000000 0.036477 -0.056936
v 0.000000 0.058840 -0.053915
v 0.000000 0.078778 -0.049156
v 0.000000 0.095929 -0.042611
v 0.000032 0.117331 -0.025653
v 0.000005 0.125242 -0.009578
v 0.000007 0.122636 -0.017037
v -0.000000 0.108628 -0.034405
v -0.017113 0.001581 -0.063868
v -0.016841 0.007318 -0.062852
v -0.015322 0.015937 -0.057182
v -0.014736 0.036477 -0.054996
v -0.013954 0.058840 -0.052078
v -0.012723 0.078778 -0.047481
v -0.011029 0.095929 -0.041159
v -0.006608 0.117331 -0.024787
v -0.002745 0.125222 -0.009247
v -0.004416 0.122636 -0.016455
v -0.008905 0.108628 -0.033232
v -0.033061 0.001581 -0.057263
v -0.032534 0.007318 -0.056351
v -0.029600 0.015937 -0.051268
v -0.028468 0.036477 -0.049308
v -0.026958 0.058840 -0.046692
v -0.024578 0.078778 -0.042570
v -0.021305 0.095929 -0.036902
v -0.012799 0.117331 -0.022232
v -0.005286 0.125171 -0.008341
v -0.008513 0.122636 -0.014758
v -0.017202 0.108628 -0.029795
v -0.046755 0.001581 -0.046755
v -0.046011 0.007318 -0.046011
v -0.041860 0.015937 -0.041860
v -0.040260 0.036477 -0.040260
v -0.038124 0.058840 -0.038124
v -0.034759 0.078778 -0.034759
v -0.030131 0.095929 -0.030130
v -0.018162 0.117331 -0.018116
v -0.007172 0.125127 -0.007155
v -0.012052 0.122636 -0.012042
v -0.024328 0.108628 -0.024328
v -0.057263 0.001581 -0.033061
v -0.056351 0.007318 -0.032534
v -0.051268 0.015937 -0.029600
v -0.049308 0.036477 -0.028468
v -0.046692 0.058840 -0.026958
v -0.042570 0.078778 -0.024578
v -0.036902 0.095929 -0.021305
v -0.022232 0.117331 -0.012799
v -0.008368 0.125170 -0.005260
v -0.014751 0.122636 -0.008525
v -0.029795 0.108628 -0.017202
v -0.063868 0.001581 -0.017113
v -0.062852 0.007318 -0.016841
v -0.057182 0.015937 -0.015322
v -0.054996 0.036477 -0.014736
v -0.052078 0.058840 -0.013954
v -0.047481 0.078778 -0.012723
v -0.041159 0.095929 -0.011029
v -0.024787 0.117331 -0.006608
v -0.009291 0.125215 -0.002722
v -0.016458 0.122636 -0.004403
v -0.033232 0.108628 -0.008905
v -0.005211 0.125711 -0.005109
v -0.005792 0.125897 -0.002608
v -0.006030 0.125974 0.000007
v -0.005792 0.125897 0.002608
v -0.005211 0.125711 0.005109
v -0.002698 0.125921 -0.005633
v -0.003008 0.126180 -0.002859
v -0.003139 0.126249 0.000004
v -0.003008 0.126180 0.002859
v -0.002698 0.125921 0.005633
v -0.000008 0.126011 -0.005851
v -0.000004 0.126260 -0.002975
v -0.000028 0.126460 0.000036
v -0.000004 0.126260 0.002975
v 0.000008 0.126011 0.005851
v 0.002698 0.125921 -0.005633
v 0.003008 0.126180 -0.002859
v 0.003139 0.126249 -0.000004
v 0.003008 0.126180 0.002859
v 0.002698 0.125921 0.005633
v 0.005211 0.125711 -0.005109
v 0.005792 0.125897 -0.002608
v 0.006030 0.125974 0.000007
v 0.005792 0.125897 0.002608
v 0.005211 0.125711 0.005109
v -0.003910 0.117154 -0.003836
v -0.004326 0.117193 -0.001948
v -0.004491 0.117193 -0.000000
v -0.004326 0.117193 0.001948
v -0.003910 0.117154 0.003836
v -0.002014 0.117193 -0.004203
v -0.002243 0.117232 -0.002134
v -0.002333 0.117232 -0.000000
v -0.002243 0.117232 0.002134
v -0.002014 0.117193 0.004203
v 0.000000 0.117193 -0.004352
v 0.000000 0.117232 -0.002210
v 0.000000 0.117232 0.000000
v -0.000000 0.117232 0.002210
v -0.000000 0.117193 0.004352
v 0.002014 0.117193 -0.004203
v 0.002243 0.117232 -0.002134
v 0.002333 0.117232 0.000000
v 0.002243 0.117232 0.002134
v 0.002014 0.117193 0.004203
v 0.003910 0.117154 -0.003836
v 0.004326 0.117193 -0.001948
v 0.004491 0.117193 0.000000
v 0.004326 0.117193 0.001948
v 0.003910 0.117154 0.003836
v -0.018423 0.118760 0.002409
v -0.016967 0.119756 0.004173
v -0.014979 0.121116 0.004819
v -0.012990 0.122477 0.004173
v -0.011535 0.123473 0.002409
v -0.011002 0.123837 0.000000
v -0.011535 0.123473 -0.002409
v -0.012990 0.122477 -0.004173
v -0.014979 0.121116 -0.004819
v -0.016967 0.119756 -0.004173
v -0.018423 0.118760 -0.002409
v -0.018956 0.118396 -0.000000
v -0.022294 0.123652 0.002409
v -0.020777 0.124553 0.004173
v -0.018706 0.125784 0.004819
v -0.016635 0.127015 0.004173
v -0.015119 0.127916 0.002409
v -0.014564 0.128246 0.000000
v -0.015119 0.127916 -0.002409
v -0.016635 0.127015 -0.004173
v -0.018706 0.125784 -0.004819
v -0.020777 0.124553 -0.004173
v -0.022294 0.123652 -0.002409
v -0.022849 0.123322 -0.000000
v -0.025056 0.130195 0.002409
v -0.023357 0.130668 0.004173
v -0.021036 0.131316 0.004819
v -0.018715 0.131963 0.004173
v -0.017016 0.132437 0.002409
v -0.016394 0.132610 0.000000
v -0.017016 0.132437 -0.002409
v -0.018715 0.131963 -0.004173
v -0.021036 0.131316 -0.004819
v -0.023357 0.130668 -0.004173
v -0.025056 0.130195 -0.002409
v -0.025678 0.130021 -0.000000
v -0.026116 0.137379 0.002409
v -0.024353 0.137444 0.004173
v -0.021945 0.137532 0.004819
v -0.019538 0.137620 0.004173
v -0.017775 0.137684 0.002409
v -0.017130 0.137708 0.000000
v -0.017775 0.137684 -0.002409
v -0.019538 0.137620 -0.004173
v -0.021945 0.137532 -0.004819
v -0.024353 0.137444 -0.004173
v -0.026116 0.137379 -0.002409
v -0.026761 0.137356 -0.000000
v -0.025587 0.144728 0.002409
v -0.023850 0.144419 0.004173
v -0.021478 0.143998 0.004819
v -0.019106 0.143577 0.004173
v -0.017369 0.143269 0.002409
v -0.016733 0.143156 0.000000
v -0.017369 0.143269 -0.002409
v -0.019106 0.143577 -0.004173
v -0.021478 0.143998 -0.004819
v -0.023850 0.144419 -0.004173
v -0.025587 0.144728 -0.002409
v -0.026222 0.144841 -0.000000
v -0.023537 0.151865 0.002409
v -0.021905 0.151195 0.004173
v -0.019677 0.150280 0.004819
v -0.017448 0.149365 0.004173
v -0.015816 0.148696 0.002409
v -0.015219 0.148450 0.000000
v -0.015816 0.148696 -0.002409
v -0.017448 0.149365 -0.004173
v -0.019677 0.150280 -0.004819
v -0.021905 0.151195 -0.004173
v -0.023537 0.151865 -0.002409
v -0.024134 0.152110 -0.000000
v -0.019963 0.158393 0.002409
v -0.018535 0.157358 0.004173
v -0.016585 0.155943 0.004819
v -0.014634 0.154529 0.004173
v -0.013206 0.153494 0.002409
v -0.012684 0.153115 0.000000
v -0.013206 0.153494 -0.002409
v -0.014634 0.154529 -0.004173
v -0.016585 0.155943 -0.004819
v -0.018535 0.157358 -0.004173
v -0.019963 0.158393 -0.002409
v -0.020486 0.158772 -0.000000
v -0.014819 0.163839 0.002409
v -0.013731 0.162450 0.004173
v -0.012246 0.160553 0.004819
v -0.010760 0.158657 0.004173
v -0.009673 0.157268 0.002409
v -0.009275 0.156760 0.000000
v -0.009673 0.157268 -0.002409
v -0.010760 0.158657 -0.004173
v -0.012246 0.160553 -0.004819
v -0.013731 0.162450 -0.004173
v -0.014819 0.163839 -0.002409
v -0.015217 0.164347 -0.000000
v -0.008115 0.167603 0.002409
v -0.007518 0.165943 0.004173
v -0.006703 0.163676 0.004819
v 0.000000 0.164876 0.004819
v 0.018423 0.118760 0.002409
v 0.016967 0.119756 0.004173
v 0.014979 0.121116 0.004819
v 0.012990 0.122477 0.004173
v 0.011535 0.123473 0.002409
v 0.000000 0.164876 -0.004819
v 0.000000 0.169049 -0.002409
v 0.000000 0.169694 -0.000000
v 0.000000 0.162462 0.004173
v 0.000000 0.160695 0.002409
v 0.000000 0.160048 0.000000
v 0.000000 0.160695 -0.002409
v 0.000000 0.162462 -0.004173
v 0.011002 0.123837 0.000000
v 0.011535 0.123473 -0.002409
v 0.012990 0.122477 -0.004173
v 0.014979 0.121116 -0.004819
v 0.016967 0.119756 -0.004173
v 0.018423 0.118760 -0.002409
v 0.018956 0.118396 -0.000000
v 0.022294 0.123652 0.002409
v 0.020777 0.124553 0.004173
v 0.018706 0.125784 0.004819
v 0.016635 0.127015 0.004173
v 0.015119 0.127916 0.002409
v 0.014564 0.128246 0.000000
v 0.015119 0.127916 -0.002409
v 0.016635 0.127015 -0.004173
v 0.018706 0.125784 -0.004819
v 0.020777 0.124553 -0.004173
v 0.022294 0.123652 -0.002409
v 0.022849 0.123322 -0.000000
v 0.025056 0.130195 0.002409
v 0.023357 0.130668 0.004173
v 0.021036 0.131316 0.004819
v 0.018715 0.131963 0.004173
v 0.017016 0.132437 0.002409
v 0.016394 0.132610 0.000000
v 0.017016 0.132437 -0.002409
v 0.018715 0.131963 -0.004173
v 0.021036 0.131316 -0.004819
v 0.023357 0.130668 -0.004173
v 0.025056 0.130195 -0.002409
v 0.025678 0.130021 -0.000000
v 0.026116 0.137379 0.002409
v 0.024353 0.137444 0.004173
v 0.021945 0.137532 0.004819
v 0.019538 0.137620 0.004173
v 0.017775 0.137684 0.002409
v 0.017130 0.137708 0.000000
v 0.017775 0.137684 -0.002409
v 0.019538 0.137620 -0.004173
v 0.021945 0.137532 -0.004819
v 0.024353 0.137444 -0.004173
v 0.026116 0.137379 -0.002409
v 0.026761 0.137356 -0.000000
v 0.025587 0.144728 0.002409
v 0.023850 0.144419 0.004173
v 0.021478 0.143998 0.004819
v 0.019106 0.143577 0.004173
v 0.017369 0.143269 0.002409
v 0.016733 0.143156 0.000000
v 0.017369 0.143269 -0.002409
v 0.019106 0.143577 -0.004173
v 0.021478 0.143998 -0.004819
v 0.023850 0.144419 -0.004173
v 0.025587 0.144728 -0.002409
v 0.026222 0.144841 -0.000000
v 0.023537 0.151865 0.002409
v 0.021905 0.151195 0.004173
v 0.019677 0.150280 0.004819
v 0.017448 0.149365 0.004173
v 0.015816 0.148696 0.002409
v 0.015219 0.148450 0.000000
v 0.015816 0.148696 -0.002409
v 0.017448 0.149365 -0.004173
v 0.019677 0.150280 -0.004819
v 0.021905 0.151195 -0.004173
v 0.023537 0.151865 -0.002409
v 0.024134 0.152110 -0.000000
v 0.019963 0.158393 0.002409
v 0.018535 0.157358 0.004173
v 0.016585 0.155943 0.004819
v 0.014634 0.154529 0.004173
v 0.013206 0.153494 0.002409
v 0.012684 0.153115 0.000000
v 0.013206 0.153494 -0.002409
v 0.014634 0.154529 -0.004173
v 0.016585 0.155943 -0.004819
v 0.018535 0.157358 -0.004173
v 0.019963 0.158393 -0.002409
v 0.020486 0.158772 -0.000000
v 0.014819 0.163839 0.002409
v 0.013731 0.162450 0.004173
v 0.012246 0.160553 0.004819
v 0.010760 0.158657 0.004173
v 0.009673 0.157268 0.002409
v 0.009275 0.156760 0.000000
v 0.009673 0.157268 -0.002409
v 0.010760 0.158657 -0.004173
v 0.012246 0.160553 -0.004819
v 0.013731 0.162450 -0.004173
v 0.014819 0.163839 -0.002409
v 0.015217 0.164347 -0.000000
v 0.008115 0.167603 0.002409
v 0.007518 0.165943 0.004173
v 0.006703 0.163676 0.004819
v 0.005888 0.161408 0.004173
v 0.005292 0.159749 0.002409
v 0.005073 0.159141 0.000000
v 0.005292 0.159749 -0.002409
v 0.005888 0.161408 -0.004173
v 0.006703 0.163676 -0.004819
v 0.007518 0.165943 -0.004173
v 0.008115 0.167603 -0.002409
v 0.008333 0.168210 -0.000000
v 0.000000 0.169049 0.002409
v 0.000000 0.167285 0.004173
v 0.000000 0.167285 -0.004173
v -0.005888 0.161408 0.004173
v -0.005292 0.159749 0.002409
v -0.005073 0.159141 0.000000
v -0.005292 0.159749 -0.002409
v -0.005888 0.161408 -0.004173
v -0.006703 0.163676 -0.004819
v -0.007518 0.165943 -0.004173
v -0.008115 0.167603 -0.002409
v -0.008333 0.168210 -0.000000
vn 0.9653 -0.2610 -0.0000
vn 0.9255 -0.3788 -0.0000
vn 0.8939 -0.3788 -0.2395
vn 0.9324 -0.2610 -0.2498
vn 0.8015 -0.3788 -0.4627
vn 0.8360 -0.2610 -0.4827
vn 0.6544 -0.3788 -0.6544
vn 0.6826 -0.2610 -0.6826
vn 0.4627 -0.3788 -0.8015
vn 0.4827 -0.2610 -0.8360
vn 0.2395 -0.3788 -0.8939
vn 0.2498 -0.2610 -0.9324
vn -0.0000 -0.3788 -0.9255
vn -0.0000 -0.2610 -0.9653
vn -0.2395 -0.3788 -0.8939
vn -0.2498 -0.2610 -0.9324
vn -0.4627 -0.3788 -0.8015
vn -0.4827 -0.2610 -0.8360
vn -0.6544 -0.3788 -0.6544
vn -0.6826 -0.2610 -0.6826
vn -0.8015 -0.3788 -0.4627
vn -0.8360 -0.2610 -0.4827
vn -0.8939 -0.3788 -0.2395
vn -0.9324 -0.2610 -0.2498
vn -0.9255 -0.3788 -0.0000
vn -0.9653 -0.2610 -0.0000
vn -0.8939 -0.3788 0.2395
vn -0.9324 -0.2610 0.2498
vn -0.8015 -0.3788 0.4627
vn -0.8360 -0.2610 0.4827
vn -0.6544 -0.3788 0.6544
vn -0.6826 -0.2610 0.6826
vn -0.4627 -0.3788 0.8015
vn -0.4827 -0.2610 0.8360
vn -0.2395 -0.3788 0.8939
vn -0.2498 -0.2610 0.9324
vn -0.0000 -0.3788 0.9255
vn -0.0000 -0.2610 0.9653
vn 0.2395 -0.3788 0.8939
vn 0.2498 -0.2610 0.9324
vn 0.4627 -0.3788 0.8015
vn 0.4827 -0.2610 0.8360
vn 0.6544 -0.3788 0.6544
vn 0.6826 -0.2610 0.6826
vn 0.8015 -0.3788 0.4627
vn 0.8360 -0.2610 0.4827
vn 0.8939 -0.3788 0.2395
vn 0.9324 -0.2610 0.2498
vn 0.8673 -0.4977 -0.0000
vn 0.8378 -0.4977 -0.2245
vn 0.7511 -0.4977 -0.4337
vn 0.6133 -0.4977 -0.6133
vn 0.4337 -0.4977 -0.7511
vn 0.2245 -0.4977 -0.8378
vn -0.0000 -0.4977 -0.8673
vn -0.2245 -0.4977 -0.8378
vn -0.4337 -0.4977 -0.7511
vn -0.6133 -0.4977 -0.6133
vn -0.7511 -0.4977 -0.4337
vn -0.8378 -0.4977 -0.2245
vn -0.8673 -0.4977 -0.0000
vn -0.8378 -0.4977 0.2245
vn -0.7511 -0.4977 0.4337
vn -0.6133 -0.4977 0.6133
vn -0.4337 -0.4977 0.7511
vn -0.2245 -0.4977 0.8378
vn -0.0000 -0.4977 0.8673
vn 0.2245 -0.4977 0.8378
vn 0.4337 -0.4977 0.7511
vn 0.6133 -0.4977 0.6133
vn 0.7511 -0.4977 0.4337
vn 0.8378 -0.4977 0.2245
vn 0.9914 -0.1307 -0.0000
vn 0.9832 -0.1824 -0.0000
vn 0.9497 -0.1824 -0.2545
vn 0.9576 -0.1307 -0.2566
vn 0.8515 -0.1824 -0.4916
vn 0.8586 -0.1307 -0.4957
vn 0.6952 -0.1824 -0.6952
vn 0.7010 -0.1307 -0.7010
vn 0.4916 -0.1824 -0.8515
vn 0.4957 -0.1307 -0.8586
vn 0.2545 -0.1824 -0.9497
vn 0.2566 -0.1307 -0.9576
vn -0.0000 -0.1824 -0.9832
vn -0.0000 -0.1307 -0.9914
vn -0.2545 -0.1824 -0.9497
vn -0.2566 -0.1307 -0.9576
vn -0.4916 -0.1824 -0.8515
vn -0.4957 -0.1307 -0.8586
vn -0.6952 -0.1824 -0.6952
vn -0.7010 -0.1307 -0.7010
vn -0.8515 -0.1824 -0.4916
vn -0.8586 -0.1307 -0.4957
vn -0.9497 -0.1824 -0.2545
vn -0.9576 -0.1307 -0.2566
vn -0.9832 -0.1824 -0.0000
vn -0.9914 -0.1307 -0.0000
vn -0.9497 -0.1824 0.2545
vn -0.9576 -0.1307 0.2566
vn -0.8515 -0.1824 0.4916
vn -0.8586 -0.1307 0.4957
vn -0.6952 -0.1824 0.6952
vn -0.7010 -0.1307 0.7010
vn -0.4916 -0.1824 0.8515
vn -0.4957 -0.1307 0.8586
vn -0.2545 -0.1824 0.9497
vn -0.2566 -0.1307 0.9576
vn -0.0000 -0.1824 0.9832
vn -0.0000 -0.1307 0.9914
vn 0.2545 -0.1824 0.9497
vn 0.2566 -0.1307 0.9576
vn 0.4916 -0.1824 0.8515
vn 0.4957 -0.1307 0.8586
vn 0.6952 -0.1824 0.6952
vn 0.7010 -0.1307 0.7010
vn 0.8515 -0.1824 0.4916
vn 0.8586 -0.1307 0.4957
vn 0.9497 -0.1824 0.2545
vn 0.9576 -0.1307 0.2566
vn 0.9560 -0.2933 -0.0000
vn 0.9235 -0.2933 -0.2474
vn 0.8279 -0.2933 -0.4780
vn 0.6760 -0.2933 -0.6760
vn 0.4780 -0.2933 -0.8279
vn 0.2474 -0.2933 -0.9235
vn -0.0000 -0.2933 -0.9560
vn -0.2474 -0.2933 -0.9235
vn -0.4780 -0.2933 -0.8279
vn -0.6760 -0.2933 -0.6760
vn -0.8279 -0.2933 -0.4780
vn -0.9235 -0.2933 -0.2474
vn -0.9560 -0.2933 -0.0000
vn -0.9235 -0.2933 0.2474
vn -0.8279 -0.2933 0.4780
vn -0.6760 -0.2933 0.6760
vn -0.4780 -0.2933 0.8279
vn -0.2474 -0.2933 0.9235
vn -0.0000 -0.2933 0.9560
vn 0.2474 -0.2933 0.9235
vn 0.4780 -0.2933 0.8279
vn 0.6760 -0.2933 0.6760
vn 0.8279 -0.2933 0.4780
vn 0.9235 -0.2933 0.2474
vn 0.8947 -0.4467 -0.0000
vn 0.8642 -0.4467 -0.2316
vn 0.7748 -0.4467 -0.4473
vn 0.6326 -0.4467 -0.6326
vn 0.4473 -0.4467 -0.7748
vn 0.2316 -0.4467 -0.8642
vn -0.0000 -0.4467 -0.8947
vn -0.2316 -0.4467 -0.8642
vn -0.4473 -0.4467 -0.7748
vn -0.6326 -0.4467 -0.6326
vn -0.7748 -0.4467 -0.4473
vn -0.8642 -0.4467 -0.2316
vn -0.8947 -0.4467 -0.0000
vn -0.8642 -0.4467 0.2316
vn -0.7748 -0.4467 0.4473
vn -0.6326 -0.4467 0.6326
vn -0.4473 -0.4467 0.7748
vn -0.2316 -0.4467 0.8642
vn -0.0000 -0.4467 0.8947
vn 0.2316 -0.4467 0.8642
vn 0.4473 -0.4467 0.7748
vn 0.6326 -0.4467 0.6326
vn 0.7748 -0.4467 0.4473
vn 0.8642 -0.4467 0.2316
vn 0.7718 -0.6359 -0.0000
vn 0.6197 -0.7849 -0.0000
vn 0.5985 -0.7849 -0.1604
vn 0.7455 -0.6359 -0.1997
vn 0.5366 -0.7849 -0.3098
vn 0.6684 -0.6359 -0.3859
vn 0.4382 -0.7849 -0.4382
vn 0.5457 -0.6359 -0.5457
vn 0.3098 -0.7849 -0.5366
vn 0.3859 -0.6359 -0.6684
vn 0.1604 -0.7849 -0.5985
vn 0.1997 -0.6359 -0.7455
vn -0.0000 -0.7849 -0.6197
vn -0.0000 -0.6359 -0.7718
vn -0.1604 -0.7849 -0.5985
vn -0.1997 -0.6359 -0.7455
vn -0.3098 -0.7849 -0.5366
vn -0.3859 -0.6359 -0.6684
vn -0.4382 -0.7849 -0.4382
vn -0.5457 -0.6359 -0.5457
vn -0.5366 -0.7849 -0.3098
vn -0.6684 -0.6359 -0.3859
vn -0.5985 -0.7849 -0.1604
vn -0.7455 -0.6359 -0.1997
vn -0.6197 -0.7849 -0.0000
vn -0.7718 -0.6359 -0.0000
vn -0.5985 -0.7849 0.1604
vn -0.7455 -0.6359 0.1997
vn -0.5366 -0.7849 0.3098
vn -0.6684 -0.6359 0.3859
vn -0.4382 -0.7849 0.4382
vn -0.5457 -0.6359 0.5457
vn -0.3098 -0.7849 0.5366
vn -0.3859 -0.6359 0.6684
vn -0.1604 -0.7849 0.5985
vn -0.1997 -0.6359 0.7455
vn -0.0000 -0.7849 0.6197
vn -0.0000 -0.6359 0.7718
vn 0.1604 -0.7849 0.5985
vn 0.1997 -0.6359 0.7455
vn 0.3098 -0.7849 0.5366
vn 0.3859 -0.6359 0.6684
vn 0.4382 -0.7849 0.4382
vn 0.5457 -0.6359 0.5457
vn 0.5366 -0.7849 0.3098
vn 0.6684 -0.6359 0.3859
vn 0.5985 -0.7849 0.1604
vn 0.7455 -0.6359 0.1997
vn 0.4457 -0.8952 -0.0000
vn 0.2588 -0.9659 -0.0000
vn 0.2547 -0.9650 -0.0628
vn 0.4317 -0.8947 -0.1143
vn 0.2382 -0.9603 -0.1456
vn 0.3847 -0.8949 -0.2261
vn 0.2197 -0.9505 -0.2198
vn 0.3162 -0.8944 -0.3162
vn 0.1436 -0.9608 -0.2370
vn 0.2257 -0.8951 -0.3846
vn 0.0608 -0.9659 -0.2518
vn 0.1139 -0.8950 -0.4312
vn -0.0000 -0.9669 -0.2551
vn -0.0000 -0.8955 -0.4450
vn -0.0608 -0.9659 -0.2518
vn -0.1139 -0.8950 -0.4312
vn -0.1436 -0.9608 -0.2370
vn -0.2257 -0.8951 -0.3846
vn -0.2197 -0.9505 -0.2198
vn -0.3162 -0.8944 -0.3162
vn -0.2382 -0.9603 -0.1456
vn -0.3847 -0.8949 -0.2261
vn -0.2547 -0.9650 -0.0628
vn -0.4317 -0.8947 -0.1143
vn -0.2588 -0.9659 -0.0000
vn -0.4457 -0.8952 -0.0000
vn -0.2547 -0.9650 0.0628
vn -0.4317 -0.8947 0.1143
vn -0.2382 -0.9603 0.1456
vn -0.3847 -0.8949 0.2261
vn -0.2197 -0.9505 0.2198
vn -0.3162 -0.8945 0.3162
vn -0.1436 -0.9608 0.2370
vn -0.2257 -0.8951 0.3846
vn -0.0608 -0.9659 0.2518
vn -0.1139 -0.8950 0.4312
vn -0.0000 -0.9669 0.2551
vn -0.0000 -0.8955 0.4450
vn 0.0608 -0.9659 0.2518
vn 0.1139 -0.8950 0.4312
vn 0.1436 -0.9608 0.2370
vn 0.2257 -0.8951 0.3846
vn 0.2197 -0.9505 0.2198
vn 0.3162 -0.8944 0.3162
vn 0.2382 -0.9603 0.1456
vn 0.3847 -0.8949 0.2261
vn 0.2547 -0.9650 0.0628
vn 0.4317 -0.8947 0.1143
vn 0.9918 -0.1276 -0.0000
vn 0.9580 -0.1276 -0.2567
vn 0.8589 -0.1276 -0.4959
vn 0.7013 -0.1276 -0.7013
vn 0.4959 -0.1276 -0.8589
vn 0.2567 -0.1276 -0.9580
vn -0.0000 -0.1276 -0.9918
vn -0.2567 -0.1276 -0.9580
vn -0.4959 -0.1276 -0.8589
vn -0.7013 -0.1276 -0.7013
vn -0.8589 -0.1276 -0.4959
vn -0.9580 -0.1276 -0.2567
vn -0.9918 -0.1276 -0.0000
vn -0.9580 -0.1276 0.2567
vn -0.8589 -0.1276 0.4959
vn -0.7013 -0.1276 0.7013
vn -0.4959 -0.1276 0.8589
vn -0.2567 -0.1276 0.9580
vn -0.0000 -0.1276 0.9918
vn 0.2567 -0.1276 0.9580
vn 0.4959 -0.1276 0.8589
vn 0.7013 -0.1276 0.7013
vn 0.8589 -0.1276 0.4959
vn 0.9580 -0.1276 0.2567
vn -0.9836 0.1805 -0.0000
vn -0.9501 0.1805 0.2546
vn -0.8518 0.1805 0.4918
vn -0.6955 0.1805 0.6955
vn -0.4918 0.1805 0.8518
vn -0.2546 0.1805 0.9501
vn -0.0000 0.1805 0.9836
vn 0.2546 0.1805 0.9501
vn 0.4918 0.1805 0.8518
vn 0.6955 0.1805 0.6955
vn 0.8518 0.1805 0.4918
vn 0.9501 0.1805 0.2546
vn 0.9836 0.1805 -0.0000
vn 0.9501 0.1805 -0.2546
vn 0.8518 0.1805 -0.4918
vn 0.6955 0.1805 -0.6955
vn 0.4918 0.1805 -0.8518
vn 0.2546 0.1805 -0.9501
vn -0.0000 0.1805 -0.9836
vn -0.2546 0.1805 -0.9501
vn -0.4918 0.1805 -0.8518
vn -0.6955 0.1805 -0.6955
vn -0.8518 0.1805 -0.4918
vn -0.9501 0.1805 -0.2546
vn -0.8265 0.5629 -0.0000
vn -0.7984 0.5629 0.2139
vn -0.9037 0.3532 0.2421
vn -0.9356 0.3532 -0.0000
vn -0.7158 0.5629 0.4133
vn -0.8102 0.3532 0.4678
vn -0.5845 0.5629 0.5845
vn -0.6615 0.3532 0.6615
vn -0.4133 0.5629 0.7158
vn -0.4678 0.3532 0.8102
vn -0.2139 0.5629 0.7984
vn -0.2421 0.3532 0.9037
vn -0.0000 0.5629 0.8265
vn -0.0000 0.3532 0.9356
vn 0.2139 0.5629 0.7984
vn 0.2421 0.3532 0.9037
vn 0.4133 0.5629 0.7158
vn 0.4678 0.3532 0.8102
vn 0.5845 0.5629 0.5845
vn 0.6615 0.3532 0.6615
vn 0.7158 0.5629 0.4133
vn 0.8102 0.3532 0.4678
vn 0.7984 0.5629 0.2139
vn 0.9037 0.3532 0.2421
vn 0.8265 0.5629 -0.0000
vn 0.9356 0.3532 -0.0000
vn 0.7984 0.5629 -0.2139
vn 0.9037 0.3532 -0.2421
vn 0.7158 0.5629 -0.4133
vn 0.8102 0.3532 -0.4678
vn 0.5845 0.5629 -0.5845
vn 0.6615 0.3532 -0.6615
vn 0.4133 0.5629 -0.7158
vn 0.4678 0.3532 -0.8102
vn 0.2139 0.5629 -0.7984
vn 0.2421 0.3532 -0.9037
vn -0.0000 0.5629 -0.8265
vn -0.0000 0.3532 -0.9356
vn -0.2139 0.5629 -0.7984
vn -0.2421 0.3532 -0.9037
vn -0.4133 0.5629 -0.7158
vn -0.4678 0.3532 -0.8102
vn -0.5845 0.5629 -0.5845
vn -0.6615 0.3532 -0.6615
vn -0.7158 0.5629 -0.4133
vn -0.8102 0.3532 -0.4678
vn -0.7984 0.5629 -0.2139
vn -0.9037 0.3532 -0.2421
vn -0.9926 0.1216 -0.0000
vn -0.9588 0.1216 0.2569
vn -0.9497 0.1825 0.2545
vn -0.9832 0.1825 -0.0000
vn -0.8596 0.1216 0.4963
vn -0.8515 0.1825 0.4916
vn -0.7019 0.1216 0.7019
vn -0.6952 0.1825 0.6952
vn -0.4963 0.1216 0.8596
vn -0.4916 0.1825 0.8515
vn -0.2569 0.1216 0.9588
vn -0.2545 0.1825 0.9497
vn -0.0000 0.1216 0.9926
vn -0.0000 0.1825 0.9832
vn 0.2569 0.1216 0.9588
vn 0.2545 0.1825 0.9497
vn 0.4963 0.1216 0.8596
vn 0.4916 0.1825 0.8515
vn 0.7019 0.1216 0.7019
vn 0.6952 0.1825 0.6952
vn 0.8596 0.1216 0.4963
vn 0.8515 0.1825 0.4916
vn 0.9588 0.1216 0.2569
vn 0.9497 0.1825 0.2545
vn 0.9926 0.1216 -0.0000
vn 0.9832 0.1825 -0.0000
vn 0.9588 0.1216 -0.2569
vn 0.9497 0.1825 -0.2545
vn 0.8596 0.1216 -0.4963
vn 0.8515 0.1825 -0.4916
vn 0.7019 0.1216 -0.7019
vn 0.6952 0.1825 -0.6952
vn 0.4963 0.1216 -0.8596
vn 0.4916 0.1825 -0.8515
vn 0.2569 0.1216 -0.9588
vn 0.2545 0.1825 -0.9497
vn -0.0000 0.1216 -0.9926
vn -0.0000 0.1825 -0.9832
vn -0.2569 0.1216 -0.9588
vn -0.2545 0.1825 -0.9497
vn -0.4963 0.1216 -0.8596
vn -0.4916 0.1825 -0.8515
vn -0.7019 0.1216 -0.7019
vn -0.6952 0.1825 -0.6952
vn -0.8596 0.1216 -0.4963
vn -0.8515 0.1825 -0.4916
vn -0.9588 0.1216 -0.2569
vn -0.9497 0.1825 -0.2545
vn -0.9234 0.2935 0.2474
vn -0.9560 0.2935 -0.0000
vn -0.8279 0.2935 0.4780
vn -0.6760 0.2935 0.6760
vn -0.4780 0.2935 0.8279
vn -0.2474 0.2935 0.9234
vn -0.0000 0.2935 0.9560
vn 0.2474 0.2935 0.9234
vn 0.4780 0.2935 0.8279
vn 0.6760 0.2935 0.6760
vn 0.8279 0.2935 0.4780
vn 0.9234 0.2935 0.2474
vn 0.9560 0.2935 -0.0000
vn 0.9234 0.2935 -0.2474
vn 0.8279 0.2935 -0.4780
vn 0.6760 0.2935 -0.6760
vn 0.4780 0.2935 -0.8279
vn 0.2474 0.2935 -0.9234
vn -0.0000 0.2935 -0.9560
vn -0.2474 0.2935 -0.9234
vn -0.4780 0.2935 -0.8279
vn -0.6760 0.2935 -0.6760
vn -0.8279 0.2935 -0.4780
vn -0.9234 0.2935 -0.2474
vn -0.8633 0.4486 0.2313
vn -0.8937 0.4486 -0.0000
vn -0.7740 0.4486 0.4469
vn -0.6319 0.4486 0.6319
vn -0.4469 0.4486 0.7740
vn -0.2313 0.4486 0.8633
vn -0.0000 0.4486 0.8937
vn 0.2313 0.4486 0.8633
vn 0.4469 0.4486 0.7740
vn 0.6319 0.4486 0.6319
vn 0.7740 0.4486 0.4469
vn 0.8633 0.4486 0.2313
vn 0.8937 0.4486 -0.0000
vn 0.8633 0.4486 -0.2313
vn 0.7740 0.4486 -0.4469
vn 0.6319 0.4486 -0.6319
vn 0.4469 0.4486 -0.7740
vn 0.2313 0.4486 -0.8633
vn -0.0000 0.4486 -0.8937
vn -0.2313 0.4486 -0.8633
vn -0.4469 0.4486 -0.7740
vn -0.6319 0.4486 -0.6319
vn -0.7740 0.4486 -0.4469
vn -0.8633 0.4486 -0.2313
vn -0.7805 0.6252 0.0001
vn -0.7539 0.6252 0.2019
vn -0.6033 0.7809 0.1618
vn -0.6247 0.7809 -0.0002
vn -0.6759 0.6252 0.3902
vn -0.5411 0.7809 0.3120
vn -0.5519 0.6252 0.5518
vn -0.4421 0.7809 0.4413
vn -0.3903 0.6252 0.6758
vn -0.3128 0.7809 0.5407
vn -0.2021 0.6252 0.7538
vn -0.1622 0.7809 0.6032
vn -0.0000 0.6253 0.7804
vn -0.0003 0.7809 0.6246
vn 0.2020 0.6253 0.7538
vn 0.1620 0.7809 0.6033
vn 0.3903 0.6252 0.6759
vn 0.3126 0.7809 0.5408
vn 0.5519 0.6252 0.5519
vn 0.4415 0.7809 0.4419
vn 0.6758 0.6253 0.3902
vn 0.5408 0.7809 0.3126
vn 0.7538 0.6253 0.2020
vn 0.6035 0.7809 0.1613
vn 0.7805 0.6252 -0.0000
vn 0.6247 0.7809 -0.0003
vn 0.7538 0.6252 -0.2021
vn 0.6034 0.7809 -0.1615
vn 0.6758 0.6253 -0.3902
vn 0.5408 0.7809 -0.3126
vn 0.5519 0.6252 -0.5519
vn 0.4414 0.7809 -0.4419
vn 0.3902 0.6252 -0.6759
vn 0.3125 0.7809 -0.5409
vn 0.2021 0.6252 -0.7538
vn 0.1615 0.7809 -0.6034
vn -0.0000 0.6252 -0.7805
vn 0.0003 0.7809 -0.6246
vn -0.2019 0.6252 -0.7539
vn -0.1611 0.7809 -0.6035
vn -0.3902 0.6253 -0.6759
vn -0.3120 0.7809 -0.5411
vn -0.5518 0.6253 -0.5518
vn -0.4419 0.7809 -0.4415
vn -0.6759 0.6252 -0.3901
vn -0.5412 0.7809 -0.3119
vn -0.7539 0.6252 -0.2020
vn -0.6035 0.7809 -0.1614
vn -0.4369 0.8995 -0.0000
vn -0.4225 0.8993 0.1130
vn -0.2587 0.9630 0.0762
vn -0.2688 0.9632 -0.0001
vn -0.3809 0.8985 0.2182
vn -0.2323 0.9623 0.1418
vn -0.3111 0.8980 0.3110
vn -0.1977 0.9602 0.1975
vn -0.2183 0.8986 0.3807
vn -0.1424 0.9622 0.2321
vn -0.1133 0.8994 0.4221
vn -0.0768 0.9631 0.2580
vn -0.0001 0.8997 0.4366
vn 0.0001 0.9634 0.2680
vn 0.1132 0.8994 0.4222
vn 0.0769 0.9631 0.2581
vn 0.2182 0.8986 0.3807
vn 0.1424 0.9622 0.2321
vn 0.3110 0.8981 0.3111
vn 0.1977 0.9602 0.1975
vn 0.3809 0.8985 0.2183
vn 0.2323 0.9623 0.1418
vn 0.4225 0.8993 0.1131
vn 0.2587 0.9630 0.0762
vn 0.4368 0.8995 -0.0000
vn 0.2688 0.9632 -0.0000
vn 0.4224 0.8993 -0.1132
vn 0.2587 0.9630 -0.0762
vn 0.3810 0.8985 -0.2182
vn 0.2323 0.9623 -0.1418
vn 0.3110 0.8981 -0.3110
vn 0.1977 0.9602 -0.1975
vn 0.2180 0.8986 -0.3808
vn 0.1424 0.9622 -0.2321
vn 0.1132 0.8994 -0.4221
vn 0.0769 0.9631 -0.2580
vn 0.0001 0.8997 -0.4365
vn 0.0001 0.9634 -0.2680
vn -0.1130 0.8995 -0.4222
vn -0.0768 0.9631 -0.2581
vn -0.2181 0.8985 -0.3808
vn -0.1424 0.9622 -0.2321
vn -0.3111 0.8980 -0.3110
vn -0.1977 0.9602 -0.1975
vn -0.3809 0.8985 -0.2182
vn -0.2323 0.9623 -0.1418
vn -0.4224 0.8993 -0.1131
vn -0.2586 0.9630 -0.0762
vn -0.1805 -0.9836 -0.0000
vn -0.1743 -0.9836 0.0467
vn -0.1563 -0.9836 0.0902
vn -0.1276 -0.9836 0.1276
vn -0.0902 -0.9836 0.1563
vn -0.0467 -0.9836 0.1743
vn -0.0000 -0.9836 0.1805
vn 0.0467 -0.9836 0.1743
vn 0.0902 -0.9836 0.1563
vn 0.1276 -0.9836 0.1276
vn 0.1563 -0.9836 0.0902
vn 0.1743 -0.9836 0.0467
vn 0.1805 -0.9836 -0.0000
vn 0.1743 -0.9836 -0.0467
vn 0.1563 -0.9836 -0.0902
vn 0.1276 -0.9836 -0.1276
vn 0.0902 -0.9836 -0.1563
vn 0.0467 -0.9836 -0.1743
vn -0.0000 -0.9836 -0.1805
vn -0.0467 -0.9836 -0.1743
vn -0.0902 -0.9836 -0.1563
vn -0.1276 -0.9836 -0.1276
vn -0.1563 -0.9836 -0.0902
vn -0.1743 -0.9836 -0.0467
vn -0.1294 0.9834 -0.1269
vn -0.0689 0.9874 -0.1421
vn -0.0001 0.9892 -0.1464
vn 0.0688 0.9875 -0.1421
vn 0.1294 0.9834 -0.1269
vn -0.1458 0.9871 -0.0662
vn -0.0734 0.9949 -0.0693
vn -0.0000 0.9976 -0.0697
vn 0.0733 0.9949 -0.0692
vn 0.1458 0.9871 -0.0662
vn -0.1506 0.9886 0.0001
vn -0.0746 0.9972 -0.0000
vn -0.0005 1.0000 0.0006
vn 0.0743 0.9972 -0.0001
vn 0.1506 0.9886 0.0001
vn -0.1458 0.9871 0.0663
vn -0.0735 0.9949 0.0695
vn -0.0000 0.9975 0.0700
vn 0.0734 0.9949 0.0693
vn 0.1458 0.9871 0.0663
vn -0.1294 0.9834 0.1269
vn -0.0688 0.9875 0.1422
vn 0.0001 0.9892 0.1464
vn 0.0689 0.9875 0.1421
vn 0.1294 0.9834 0.1269
vn 0.1123 -0.9873 0.1127
vn 0.0268 -0.9942 0.1041
vn -0.0000 -0.9948 0.1019
vn -0.0268 -0.9942 0.1041
vn -0.1123 -0.9873 0.1127
vn 0.1067 -0.9939 0.0287
vn 0.0109 -0.9999 0.0111
vn -0.0000 -1.0000 0.0095
vn -0.0109 -0.9999 0.0111
vn -0.1067 -0.9939 0.0287
vn 0.1055 -0.9944 -0.0000
vn 0.0095 -1.0000 -0.0000
vn -0.0000 -1.0000 -0.0000
vn -0.0095 -1.0000 -0.0000
vn -0.1055 -0.9944 -0.0000
vn 0.1067 -0.9939 -0.0287
vn 0.0109 -0.9999 -0.0111
vn -0.0000 -1.0000 -0.0095
vn -0.0109 -0.9999 -0.0111
vn -0.1067 -0.9939 -0.0287
vn 0.1123 -0.9873 -0.1127
vn 0.0268 -0.9942 -0.1041
vn -0.0000 -0.9948 -0.1019
vn -0.0268 -0.9942 -0.1041
vn -0.1123 -0.9873 -0.1127
vn -0.7844 -0.6202 -0.0000
vn -0.8606 -0.5092 -0.0000
vn -0.7496 -0.4437 -0.4912
vn -0.6777 -0.5364 -0.5030
vn -0.6777 -0.5364 0.5030
vn -0.7496 -0.4437 0.4912
vn -0.3862 -0.3066 0.8700
vn -0.4437 -0.2629 0.8567
vn 0.0094 0.0079 0.9999
vn -0.0195 -0.0114 0.9997
vn 0.3988 0.3205 0.8592
vn 0.4138 0.2465 0.8763
vn 0.7781 0.6281 -0.0000
vn 0.8586 0.5126 -0.0000
vn 0.7382 0.4404 0.5110
vn 0.6777 0.5464 0.4922
vn 0.6777 0.5464 -0.4922
vn 0.7382 0.4404 -0.5110
vn 0.3988 0.3205 -0.8592
vn 0.4138 0.2465 -0.8763
vn 0.0094 0.0080 -0.9999
vn -0.0195 -0.0114 -0.9997
vn -0.3862 -0.3066 -0.8700
vn -0.4437 -0.2629 -0.8567
vn -0.9630 -0.2697 -0.0000
vn -0.8388 -0.2348 -0.4912
vn -0.8388 -0.2348 0.4912
vn -0.4962 -0.1388 0.8570
vn -0.0201 -0.0057 0.9998
vn 0.4663 0.1296 0.8751
vn 0.8293 0.2300 0.5093
vn 0.9637 0.2671 -0.0000
vn 0.8293 0.2300 -0.5093
vn 0.4663 0.1296 -0.8751
vn -0.0201 -0.0057 -0.9998
vn -0.4962 -0.1388 -0.8570
vn -0.9993 -0.0373 -0.0000
vn -0.8698 -0.0324 -0.4923
vn -0.8698 -0.0324 0.4923
vn -0.5130 -0.0191 0.8582
vn -0.0179 -0.0007 0.9998
vn 0.4862 0.0175 0.8737
vn 0.8610 0.0306 0.5077
vn 0.9994 0.0354 -0.0000
vn 0.8610 0.0306 -0.5077
vn 0.4862 0.0175 -0.8737
vn -0.0179 -0.0007 -0.9998
vn -0.5130 -0.0191 -0.8582
vn -0.9846 0.1749 -0.0000
vn -0.8568 0.1522 -0.4926
vn -0.8568 0.1522 0.4926
vn -0.5048 0.0896 0.8586
vn -0.0168 0.0030 0.9999
vn 0.4796 -0.0851 0.8733
vn 0.8485 -0.1506 0.5074
vn 0.9846 -0.1748 -0.0000
vn 0.8485 -0.1506 -0.5074
vn 0.4796 -0.0851 -0.8733
vn -0.0168 0.0030 -0.9999
vn -0.5048 0.0896 -0.8586
vn -0.9248 0.3805 -0.0000
vn -0.8050 0.3311 -0.4922
vn -0.8050 0.3311 0.4922
vn -0.4749 0.1953 0.8581
vn -0.0168 0.0070 0.9998
vn 0.4500 -0.1844 0.8738
vn 0.7973 -0.3263 0.5078
vn 0.9255 -0.3786 -0.0000
vn 0.7973 -0.3263 -0.5078
vn 0.4500 -0.1844 -0.8738
vn -0.0168 0.0070 -0.9998
vn -0.4749 0.1953 -0.8581
vn -0.8086 0.5883 -0.0000
vn -0.7045 0.5124 -0.4910
vn -0.7045 0.5124 0.4910
vn -0.4170 0.3031 0.8569
vn -0.0169 0.0125 0.9998
vn 0.3922 -0.2837 0.8750
vn 0.6978 -0.5039 0.5091
vn 0.8109 -0.5851 -0.0000
vn 0.6978 -0.5039 -0.5091
vn 0.3922 -0.2837 -0.8750
vn -0.0169 0.0125 -0.9998
vn -0.4170 0.3031 -0.8569
vn -0.6152 0.7884 -0.0000
vn -0.5365 0.6874 -0.4896
vn -0.5365 0.6874 0.4896
vn -0.3189 0.4084 0.8553
vn -0.0152 0.0197 0.9997
vn 0.2969 -0.3782 0.8768
vn 0.5314 -0.6755 0.5112
vn 0.6187 -0.7856 -0.0000
vn 0.5314 -0.6755 -0.5112
vn 0.2969 -0.3782 -0.8768
vn -0.0152 0.0197 -0.9997
vn -0.3189 0.4084 -0.8553
vn 0.2912 -0.8077 0.5127
vn -0.0000 -0.8580 0.5136
vn -0.0000 -0.4770 0.8789
vn 0.1621 -0.4501 0.8782
vn -0.1755 0.4896 0.8541
vn -0.2942 0.8214 0.4885
vn -0.0093 0.0261 0.9996
vn 0.3393 -0.9407 -0.0000
vn 0.1621 -0.4501 -0.8782
vn 0.2912 -0.8077 -0.5127
vn -0.1755 0.4896 -0.8541
vn -0.0093 0.0261 -0.9996
vn -0.3372 0.9414 -0.0000
vn -0.2942 0.8214 -0.4885
vn -0.0000 0.5210 0.8536
vn -0.0000 0.8728 0.4881
vn -0.0000 0.5210 -0.8536
vn -0.0000 0.0293 -0.9996
vn -0.0000 1.0000 -0.0000
vn -0.0000 0.8728 -0.4881
vn -0.0000 -0.4770 -0.8789
vn -0.0000 -0.8580 -0.5136
vn -0.0000 0.0293 0.9996
vn 0.6777 -0.5364 0.5030
vn 0.7844 -0.6202 -0.0000
vn 0.8606 -0.5092 -0.0000
vn 0.7496 -0.4437 0.4912
vn 0.3862 -0.3066 0.8700
vn 0.4437 -0.2629 0.8567
vn -0.0094 0.0079 0.9999
vn 0.0195 -0.0114 0.9997
vn -0.3988 0.3205 0.8592
vn -0.4138 0.2465 0.8763
vn -0.7781 0.6281 -0.0000
vn -0.6777 0.5464 0.4922
vn -0.7382 0.4404 0.5110
vn -0.8586 0.5126 -0.0000
vn -0.6777 0.5464 -0.4922
vn -0.7382 0.4404 -0.5110
vn -0.3988 0.3205 -0.8592
vn -0.4138 0.2465 -0.8763
vn -0.0094 0.0080 -0.9999
vn 0.0195 -0.0114 -0.9997
vn 0.3862 -0.3066 -0.8700
vn 0.4437 -0.2629 -0.8567
vn 0.6777 -0.5364 -0.5030
vn 0.7496 -0.4437 -0.4912
vn 0.9630 -0.2697 -0.0000
vn 0.8388 -0.2348 0.4912
vn 0.4962 -0.1388 0.8570
vn 0.0201 -0.0057 0.9998
vn -0.4663 0.1296 0.8751
vn -0.8293 0.2300 0.5093
vn -0.9637 0.2671 -0.0000
vn -0.8293 0.2300 -0.5093
vn -0.4663 0.1296 -0.8751
vn 0.0201 -0.0057 -0.9998
vn 0.4962 -0.1388 -0.8570
vn 0.8388 -0.2348 -0.4912
vn 0.9993 -0.0373 -0.0000
vn 0.8698 -0.0324 0.4923
vn 0.5130 -0.0191 0.8582
vn 0.0179 -0.0007 0.9998
vn -0.4862 0.0175 0.8737
vn -0.8610 0.0306 0.5077
vn -0.9994 0.0354 -0.0000
vn -0.8610 0.0306 -0.5077
vn -0.4862 0.0175 -0.8737
vn 0.0179 -0.0007 -0.9998
vn 0.5130 -0.0191 -0.8582
vn 0.8698 -0.0324 -0.4923
vn 0.9846 0.1749 -0.0000
vn 0.8568 0.1522 0.4926
vn 0.5048 0.0896 0.8586
vn 0.0168 0.0030 0.9999
vn -0.4796 -0.0851 0.8733
vn -0.8485 -0.1506 0.5074
vn -0.9846 -0.1748 -0.0000
vn -0.8485 -0.1506 -0.5074
vn -0.4796 -0.0851 -0.8733
vn 0.0168 0.0030 -0.9999
vn 0.5048 0.0896 -0.8586
vn 0.8568 0.1522 -0.4926
vn 0.9248 0.3805 -0.0000
vn 0.8050 0.3311 0.4922
vn 0.4749 0.1953 0.8581
vn 0.0168 0.0070 0.9998
vn -0.4500 -0.1844 0.8738
vn -0.7973 -0.3263 0.5078
vn -0.9255 -0.3786 -0.0000
vn -0.7973 -0.3263 -0.5078
vn -0.4500 -0.1844 -0.8738
vn 0.0168 0.0070 -0.9998
vn 0.4749 0.1953 -0.8581
vn 0.8050 0.3311 -0.4922
vn 0.8086 0.5883 -0.0000
vn 0.7045 0.5124 0.4910
vn 0.4170 0.3031 0.8569
vn 0.0169 0.0125 0.9998
vn -0.3922 -0.2837 0.8750
vn -0.6978 -0.5039 0.5091
vn -0.8109 -0.5851 -0.0000
vn -0.6978 -0.5039 -0.5091
vn -0.3922 -0.2837 -0.8750
vn 0.0169 0.0125 -0.9998
vn 0.4170 0.3031 -0.8569
vn 0.7045 0.5124 -0.4910
vn 0.6152 0.7884 -0.0000
vn 0.5365 0.6874 0.4896
vn 0.3189 0.4084 0.8553
vn 0.0152 0.0197 0.9997
vn -0.2969 -0.3782 0.8768
vn -0.5314 -0.6755 0.5112
vn -0.6187 -0.7856 -0.0000
vn -0.5314 -0.6755 -0.5112
vn -0.2969 -0.3782 -0.8768
vn 0.0152 0.0197 -0.9997
vn 0.3189 0.4084 -0.8553
vn 0.5365 0.6874 -0.4896
vn 0.3372 0.9414 -0.0000
vn 0.2942 0.8214 0.4885
vn 0.1755 0.4896 0.8541
vn 0.0093 0.0261 0.9996
vn -0.1621 -0.4501 0.8782
vn -0.2912 -0.8077 0.5127
vn -0.3393 -0.9407 -0.0000
vn -0.2912 -0.8077 -0.5127
vn -0.1621 -0.4501 -0.8782
vn 0.0093 0.0261 -0.9996
vn 0.1755 0.4896 -0.8541
vn 0.2942 0.8214 -0.4885
vt 0.463959 0.439145
vt 0.463959 0.451598
vt 0.425702 0.451598
vt 0.425702 0.439145
vt 0.387446 0.451598
vt 0.387446 0.439145
vt 0.349190 0.451598
vt 0.349190 0.439145
vt 0.310934 0.451598
vt 0.310934 0.439145
vt 0.272678 0.451598
vt 0.272678 0.439145
vt 0.234422 0.451598
vt 0.234422 0.439145
vt 0.196166 0.451598
vt 0.196166 0.439145
vt 0.157910 0.451598
vt 0.157910 0.439145
vt 0.119654 0.451598
vt 0.119654 0.439145
vt 0.081398 0.451598
vt 0.081398 0.439145
vt 0.043142 0.451598
vt 0.043142 0.439145
vt 0.004885 0.451598
vt 0.004885 0.439145
vt 0.923032 0.439145
vt 0.923032 0.451598
vt 0.884776 0.451598
vt 0.884776 0.439145
vt 0.846520 0.451598
vt 0.846520 0.439145
vt 0.808264 0.451598
vt 0.808264 0.439145
vt 0.770007 0.451598
vt 0.770007 0.439145
vt 0.731752 0.451598
vt 0.731752 0.439145
vt 0.693495 0.451598
vt 0.693495 0.439145
vt 0.655239 0.451598
vt 0.655239 0.439145
vt 0.616983 0.451598
vt 0.616983 0.439145
vt 0.578727 0.451598
vt 0.578727 0.439145
vt 0.540471 0.451598
vt 0.540471 0.439145
vt 0.502215 0.451598
vt 0.502215 0.439145
vt 0.463959 0.492497
vt 0.425702 0.492497
vt 0.387446 0.492497
vt 0.349190 0.492497
vt 0.310934 0.492497
vt 0.272678 0.492497
vt 0.234422 0.492497
vt 0.196166 0.492497
vt 0.157910 0.492497
vt 0.119654 0.492497
vt 0.081398 0.492497
vt 0.043142 0.492497
vt 0.004885 0.492497
vt 0.923032 0.492497
vt 0.884776 0.492497
vt 0.846520 0.492497
vt 0.808264 0.492497
vt 0.770007 0.492497
vt 0.731752 0.492497
vt 0.693495 0.492497
vt 0.655239 0.492497
vt 0.616983 0.492497
vt 0.578727 0.492497
vt 0.540471 0.492497
vt 0.502215 0.492497
vt 0.463959 0.553440
vt 0.463959 0.621333
vt 0.425702 0.621333
vt 0.425702 0.553440
vt 0.387446 0.621333
vt 0.387446 0.553440
vt 0.349190 0.621333
vt 0.349190 0.553440
vt 0.310934 0.621333
vt 0.310934 0.553440
vt 0.272678 0.621333
vt 0.272678 0.553440
vt 0.234422 0.621333
vt 0.234422 0.553440
vt 0.196166 0.621333
vt 0.196166 0.553440
vt 0.157910 0.621333
vt 0.157910 0.553440
vt 0.119654 0.621333
vt 0.119654 0.553440
vt 0.081398 0.621333
vt 0.081398 0.553440
vt 0.043142 0.621333
vt 0.043142 0.553440
vt 0.004885 0.621333
vt 0.004885 0.553440
vt 0.923032 0.553440
vt 0.923032 0.621333
vt 0.884776 0.621333
vt 0.884776 0.553440
vt 0.846520 0.621333
vt 0.846520 0.553440
vt 0.808264 0.621333
vt 0.808264 0.553440
vt 0.770007 0.621333
vt 0.770007 0.553440
vt 0.731752 0.621333
vt 0.731752 0.553440
vt 0.693495 0.621333
vt 0.693495 0.553440
vt 0.655239 0.621333
vt 0.655239 0.553440
vt 0.616983 0.621333
vt 0.616983 0.553440
vt 0.578727 0.621333
vt 0.578727 0.553440
vt 0.540471 0.621333
vt 0.540471 0.553440
vt 0.502215 0.621333
vt 0.502215 0.553440
vt 0.463959 0.681426
vt 0.425702 0.681425
vt 0.387446 0.681425
vt 0.349190 0.681425
vt 0.310934 0.681425
vt 0.272678 0.681425
vt 0.234422 0.681425
vt 0.196166 0.681425
vt 0.157910 0.681425
vt 0.119654 0.681425
vt 0.081398 0.681425
vt 0.043142 0.681425
vt 0.004885 0.681425
vt 0.923032 0.681426
vt 0.884776 0.681426
vt 0.846520 0.681426
vt 0.808264 0.681426
vt 0.770007 0.681426
vt 0.731752 0.681426
vt 0.693495 0.681426
vt 0.655239 0.681426
vt 0.616983 0.681426
vt 0.578727 0.681426
vt 0.540471 0.681426
vt 0.502215 0.681426
vt 0.463959 0.733534
vt 0.425702 0.733534
vt 0.387446 0.733534
vt 0.349190 0.733534
vt 0.310934 0.733534
vt 0.272678 0.733534
vt 0.234422 0.733534
vt 0.196166 0.733534
vt 0.157910 0.733534
vt 0.119654 0.733534
vt 0.081398 0.733534
vt 0.043142 0.733534
vt 0.004885 0.733534
vt 0.923032 0.733534
vt 0.884776 0.733534
vt 0.846520 0.733534
vt 0.808263 0.733534
vt 0.770007 0.733534
vt 0.731752 0.733534
vt 0.693495 0.733534
vt 0.655239 0.733534
vt 0.616983 0.733534
vt 0.578727 0.733534
vt 0.540471 0.733534
vt 0.502215 0.733534
vt 0.573133 0.880249
vt 0.538582 0.880066
vt 0.536350 0.863898
vt 0.569772 0.855132
vt 0.530009 0.848857
vt 0.560024 0.831740
vt 0.519993 0.835971
vt 0.544555 0.811669
vt 0.506981 0.826115
vt 0.524416 0.796285
vt 0.491863 0.819964
vt 0.500984 0.786638
vt 0.475670 0.817935
vt 0.475854 0.783384
vt 0.459503 0.820166
vt 0.450737 0.786745
vt 0.444461 0.826507
vt 0.427345 0.796492
vt 0.431575 0.836523
vt 0.407274 0.811961
vt 0.421719 0.849535
vt 0.391889 0.832099
vt 0.415567 0.864653
vt 0.382241 0.855531
vt 0.413538 0.880846
vt 0.378987 0.880662
vt 0.415770 0.897013
vt 0.382348 0.905778
vt 0.422111 0.912054
vt 0.392095 0.929171
vt 0.432127 0.924940
vt 0.407565 0.949243
vt 0.445139 0.934796
vt 0.427703 0.964627
vt 0.460257 0.940948
vt 0.451136 0.974274
vt 0.476450 0.942977
vt 0.476266 0.977528
vt 0.492618 0.940745
vt 0.501383 0.974167
vt 0.507659 0.934405
vt 0.524775 0.964420
vt 0.520545 0.924389
vt 0.544847 0.948951
vt 0.530401 0.911376
vt 0.560232 0.928812
vt 0.536553 0.896259
vt 0.569879 0.905380
vt 0.513650 0.880066
vt 0.496484 0.880244
vt 0.495704 0.874490
vt 0.512266 0.870358
vt 0.493691 0.869133
vt 0.508412 0.861329
vt 0.491163 0.865050
vt 0.502363 0.853602
vt 0.487071 0.862652
vt 0.494513 0.847716
vt 0.481667 0.860787
vt 0.485405 0.844048
vt 0.475850 0.860139
vt 0.475670 0.842867
vt 0.470047 0.860907
vt 0.465963 0.844251
vt 0.464683 0.862884
vt 0.456933 0.848105
vt 0.460642 0.865367
vt 0.449206 0.854153
vt 0.458198 0.869501
vt 0.443319 0.862003
vt 0.456297 0.874898
vt 0.439652 0.871111
vt 0.455636 0.880667
vt 0.438470 0.880846
vt 0.456416 0.886422
vt 0.439854 0.890553
vt 0.458429 0.891778
vt 0.443708 0.899583
vt 0.460958 0.895861
vt 0.449757 0.907309
vt 0.465050 0.898260
vt 0.457607 0.913195
vt 0.470453 0.900125
vt 0.466715 0.916863
vt 0.476271 0.900772
vt 0.476450 0.918045
vt 0.482073 0.900004
vt 0.486158 0.916660
vt 0.487437 0.898028
vt 0.495187 0.912807
vt 0.491479 0.895545
vt 0.502914 0.906758
vt 0.493922 0.891410
vt 0.508801 0.898909
vt 0.495824 0.886013
vt 0.512469 0.889801
vt 0.463959 0.773901
vt 0.425702 0.773900
vt 0.387446 0.773900
vt 0.349190 0.773900
vt 0.310934 0.773900
vt 0.272678 0.773900
vt 0.234422 0.773900
vt 0.196166 0.773900
vt 0.157910 0.773900
vt 0.119654 0.773900
vt 0.081398 0.773900
vt 0.043142 0.773900
vt 0.004885 0.773900
vt 0.923032 0.773901
vt 0.884776 0.773901
vt 0.846520 0.773901
vt 0.808263 0.773901
vt 0.770008 0.773901
vt 0.731751 0.773901
vt 0.693495 0.773901
vt 0.655239 0.773901
vt 0.616983 0.773901
vt 0.578727 0.773901
vt 0.540471 0.773901
vt 0.502215 0.773901
vt 0.499970 0.006860
vt 0.541251 0.006860
vt 0.541251 0.025172
vt 0.499970 0.025172
vt 0.582488 0.006860
vt 0.582488 0.025172
vt 0.623747 0.006860
vt 0.623747 0.025172
vt 0.665006 0.006860
vt 0.665006 0.025172
vt 0.706265 0.006860
vt 0.706265 0.025172
vt 0.747524 0.006860
vt 0.747524 0.025172
vt 0.788805 0.006860
vt 0.788805 0.025172
vt 0.830064 0.006860
vt 0.830064 0.025172
vt 0.871301 0.006860
vt 0.871301 0.025172
vt 0.912560 0.006860
vt 0.912560 0.025172
vt 0.953841 0.006860
vt 0.953841 0.025172
vt 0.995100 0.006860
vt 0.995100 0.025172
vt 0.004884 0.006860
vt 0.046121 0.006860
vt 0.046121 0.025171
vt 0.004884 0.025171
vt 0.087402 0.006860
vt 0.087402 0.025172
vt 0.128661 0.006860
vt 0.128661 0.025172
vt 0.169898 0.006860
vt 0.169898 0.025172
vt 0.211179 0.006860
vt 0.211179 0.025172
vt 0.252416 0.006860
vt 0.252416 0.025172
vt 0.293675 0.006860
vt 0.293675 0.025172
vt 0.334934 0.006860
vt 0.334934 0.025172
vt 0.376215 0.006860
vt 0.376215 0.025172
vt 0.417474 0.006860
vt 0.417474 0.025172
vt 0.458733 0.006860
vt 0.458733 0.025172
vt 0.541251 0.057912
vt 0.499970 0.057912
vt 0.582488 0.057912
vt 0.623747 0.057912
vt 0.665006 0.057912
vt 0.706265 0.057912
vt 0.747524 0.057912
vt 0.788805 0.057912
vt 0.830064 0.057912
vt 0.871301 0.057912
vt 0.912560 0.057912
vt 0.953841 0.057912
vt 0.995100 0.057912
vt 0.046121 0.057912
vt 0.004884 0.057912
vt 0.087402 0.057912
vt 0.128661 0.057912
vt 0.169898 0.057912
vt 0.211179 0.057912
vt 0.252416 0.057912
vt 0.293675 0.057912
vt 0.334934 0.057912
vt 0.376215 0.057912
vt 0.417474 0.057912
vt 0.458733 0.057912
vt 0.499970 0.122788
vt 0.541251 0.122788
vt 0.541251 0.193637
vt 0.499970 0.193637
vt 0.582488 0.122788
vt 0.582488 0.193637
vt 0.623747 0.122788
vt 0.623747 0.193637
vt 0.665006 0.122788
vt 0.665006 0.193637
vt 0.706265 0.122788
vt 0.706265 0.193637
vt 0.747524 0.122788
vt 0.747524 0.193637
vt 0.788805 0.122788
vt 0.788805 0.193637
vt 0.830064 0.122788
vt 0.830064 0.193637
vt 0.871301 0.122788
vt 0.871301 0.193637
vt 0.912560 0.122788
vt 0.912560 0.193637
vt 0.953841 0.122788
vt 0.953841 0.193637
vt 0.995100 0.122788
vt 0.995100 0.193637
vt 0.004884 0.122788
vt 0.046121 0.122788
vt 0.046121 0.193637
vt 0.004884 0.193637
vt 0.087402 0.122788
vt 0.087402 0.193637
vt 0.128661 0.122788
vt 0.128661 0.193637
vt 0.169898 0.122788
vt 0.169898 0.193637
vt 0.211179 0.122788
vt 0.211179 0.193637
vt 0.252416 0.122788
vt 0.252416 0.193637
vt 0.293675 0.122788
vt 0.293675 0.193637
vt 0.334934 0.122788
vt 0.334934 0.193637
vt 0.376215 0.122788
vt 0.376215 0.193637
vt 0.417474 0.122788
vt 0.417474 0.193637
vt 0.458733 0.122788
vt 0.458733 0.193637
vt 0.541251 0.257992
vt 0.499970 0.257992
vt 0.582488 0.257992
vt 0.623747 0.257992
vt 0.665006 0.257992
vt 0.706265 0.257992
vt 0.747524 0.257992
vt 0.788805 0.257992
vt 0.830064 0.257992
vt 0.871301 0.257992
vt 0.912560 0.257992
vt 0.953841 0.257992
vt 0.995100 0.257992
vt 0.046121 0.257992
vt 0.004884 0.257992
vt 0.087402 0.257992
vt 0.128661 0.257992
vt 0.169898 0.257992
vt 0.211179 0.257992
vt 0.252416 0.257992
vt 0.293675 0.257992
vt 0.334934 0.257992
vt 0.376215 0.257992
vt 0.417474 0.257992
vt 0.458733 0.257992
vt 0.541251 0.315628
vt 0.499970 0.315628
vt 0.582488 0.315628
vt 0.623747 0.315628
vt 0.665006 0.315628
vt 0.706265 0.315628
vt 0.747524 0.315628
vt 0.788805 0.315628
vt 0.830064 0.315628
vt 0.871301 0.315628
vt 0.912560 0.315628
vt 0.953841 0.315628
vt 0.995100 0.315628
vt 0.046121 0.315628
vt 0.004884 0.315628
vt 0.087402 0.315628
vt 0.128661 0.315628
vt 0.169898 0.315628
vt 0.211179 0.315628
vt 0.252416 0.315628
vt 0.293675 0.315628
vt 0.334934 0.315628
vt 0.376215 0.315628
vt 0.417474 0.315628
vt 0.458733 0.315628
vt 0.499970 0.363098
vt 0.541251 0.363098
vt 0.541251 0.401850
vt 0.499970 0.401850
vt 0.582488 0.363098
vt 0.582488 0.401850
vt 0.623747 0.363098
vt 0.623747 0.401850
vt 0.665006 0.363099
vt 0.665006 0.401850
vt 0.706265 0.363099
vt 0.706265 0.401850
vt 0.747524 0.363099
vt 0.747524 0.401850
vt 0.788805 0.363099
vt 0.788805 0.401850
vt 0.830064 0.363099
vt 0.830064 0.401850
vt 0.871301 0.363099
vt 0.871301 0.401850
vt 0.912560 0.363099
vt 0.912560 0.401850
vt 0.953841 0.363099
vt 0.953841 0.401850
vt 0.995100 0.363099
vt 0.995100 0.401850
vt 0.004884 0.363098
vt 0.046121 0.363098
vt 0.046121 0.401850
vt 0.004884 0.401850
vt 0.087402 0.363098
vt 0.087402 0.401850
vt 0.128661 0.363098
vt 0.128661 0.401850
vt 0.169898 0.363098
vt 0.169898 0.401850
vt 0.211179 0.363098
vt 0.211179 0.401850
vt 0.252416 0.363098
vt 0.252416 0.401850
vt 0.293675 0.363098
vt 0.293675 0.401850
vt 0.334934 0.363098
vt 0.334934 0.401850
vt 0.376215 0.363098
vt 0.376215 0.401850
vt 0.417474 0.363098
vt 0.417474 0.401850
vt 0.458733 0.363098
vt 0.458733 0.401850
vt 0.667606 0.815201
vt 0.681172 0.817078
vt 0.675632 0.840139
vt 0.667508 0.839104
vt 0.693782 0.822377
vt 0.683180 0.842904
vt 0.704652 0.830777
vt 0.688811 0.846465
vt 0.712904 0.841624
vt 0.692313 0.852088
vt 0.718132 0.854256
vt 0.694990 0.859655
vt 0.719934 0.867801
vt 0.695975 0.867840
vt 0.718134 0.881383
vt 0.694985 0.875992
vt 0.712929 0.894012
vt 0.692304 0.883554
vt 0.704657 0.904879
vt 0.688794 0.889178
vt 0.693770 0.913271
vt 0.683155 0.892733
vt 0.681110 0.918575
vt 0.675591 0.895493
vt 0.667551 0.920451
vt 0.667457 0.896520
vt 0.653924 0.918715
vt 0.659349 0.895525
vt 0.641188 0.913504
vt 0.651771 0.892787
vt 0.630177 0.905183
vt 0.646104 0.889228
vt 0.621691 0.894225
vt 0.642599 0.883587
vt 0.616313 0.881509
vt 0.639950 0.875981
vt 0.614319 0.867802
vt 0.639099 0.867802
vt 0.616314 0.854050
vt 0.639962 0.859596
vt 0.621714 0.841351
vt 0.642623 0.851999
vt 0.630247 0.830393
vt 0.646143 0.846362
vt 0.641222 0.822108
vt 0.651813 0.842815
vt 0.654007 0.816896
vt 0.659399 0.840086
vt 0.667806 0.782622
vt 0.689963 0.785816
vt 0.710098 0.794419
vt 0.727544 0.807926
vt 0.740931 0.825452
vt 0.749376 0.845833
vt 0.752302 0.867708
vt 0.749447 0.889816
vt 0.740974 0.910215
vt 0.727744 0.927663
vt 0.710291 0.941295
vt 0.689657 0.950064
vt 0.667605 0.953074
vt 0.645708 0.950325
vt 0.624863 0.941838
vt 0.607072 0.928337
vt 0.593393 0.910859
vt 0.584539 0.889950
vt 0.581618 0.867845
vt 0.584595 0.845551
vt 0.593304 0.824812
vt 0.607246 0.806925
vt 0.625212 0.793539
vt 0.645932 0.785303
vt 0.425702 0.412142
vt 0.463959 0.412142
vt 0.387446 0.412142
vt 0.349190 0.412142
vt 0.310934 0.412142
vt 0.272678 0.412142
vt 0.234422 0.412142
vt 0.196166 0.412142
vt 0.157910 0.412142
vt 0.119654 0.412142
vt 0.081398 0.412142
vt 0.043142 0.412142
vt 0.004885 0.412142
vt 0.884776 0.412142
vt 0.923032 0.412142
vt 0.846520 0.412142
vt 0.808263 0.412142
vt 0.770008 0.412142
vt 0.731751 0.412142
vt 0.693495 0.412142
vt 0.655239 0.412142
vt 0.616983 0.412142
vt 0.578727 0.412142
vt 0.540471 0.412142
vt 0.502215 0.412142
vt 0.652362 0.852337
vt 0.650868 0.859812
vt 0.650255 0.867769
vt 0.650853 0.875778
vt 0.652334 0.883260
vt 0.659795 0.850671
vt 0.659078 0.858930
vt 0.658734 0.867787
vt 0.659060 0.876673
vt 0.659762 0.884936
vt 0.667523 0.850000
vt 0.667505 0.858560
vt 0.667588 0.867728
vt 0.667461 0.877057
vt 0.667489 0.885620
vt 0.675201 0.850707
vt 0.675901 0.858957
vt 0.676232 0.867804
vt 0.675886 0.876674
vt 0.675174 0.884923
vt 0.682612 0.852396
vt 0.684102 0.859858
vt 0.684722 0.867845
vt 0.684092 0.875782
vt 0.682595 0.883240
vt 0.487083 0.891044
vt 0.481808 0.892133
vt 0.476186 0.892615
vt 0.470555 0.892250
vt 0.465259 0.891270
vt 0.488194 0.885771
vt 0.482383 0.886349
vt 0.476124 0.886626
vt 0.469861 0.886479
vt 0.464039 0.886021
vt 0.488608 0.880326
vt 0.482575 0.880388
vt 0.476060 0.880456
vt 0.469545 0.880523
vt 0.463512 0.880586
vt 0.488081 0.874890
vt 0.482259 0.874433
vt 0.475996 0.874285
vt 0.469737 0.874562
vt 0.463926 0.875140
vt 0.486862 0.869641
vt 0.481565 0.868661
vt 0.475934 0.868296
vt 0.470312 0.868778
vt 0.465037 0.869867
vt 0.006432 0.829852
vt 0.025125 0.829852
vt 0.025125 0.837658
vt 0.006432 0.837658
vt 0.006432 0.822047
vt 0.025125 0.822047
vt 0.006432 0.814241
vt 0.025125 0.814241
vt 0.006432 0.806435
vt 0.025125 0.806435
vt 0.006432 0.798629
vt 0.025125 0.798629
vt 0.006432 0.783017
vt 0.025125 0.783017
vt 0.025125 0.790823
vt 0.006432 0.790823
vt 0.006432 0.868882
vt 0.025125 0.868882
vt 0.025125 0.876688
vt 0.006432 0.876688
vt 0.006432 0.861076
vt 0.025125 0.861076
vt 0.006432 0.853270
vt 0.025125 0.853270
vt 0.006432 0.845464
vt 0.025125 0.845464
vt 0.043908 0.829852
vt 0.043908 0.837658
vt 0.043908 0.822047
vt 0.043908 0.814241
vt 0.043908 0.806435
vt 0.043908 0.798629
vt 0.043908 0.790823
vt 0.043908 0.783017
vt 0.043908 0.868882
vt 0.043908 0.876688
vt 0.043908 0.861076
vt 0.043908 0.853270
vt 0.043908 0.845464
vt 0.063568 0.829852
vt 0.063568 0.837658
vt 0.063568 0.822047
vt 0.063568 0.814241
vt 0.063568 0.806435
vt 0.063568 0.798629
vt 0.063568 0.790823
vt 0.063568 0.783017
vt 0.063568 0.868882
vt 0.063568 0.876688
vt 0.063568 0.861076
vt 0.063568 0.853270
vt 0.063568 0.845464
vt 0.083856 0.829852
vt 0.083856 0.837658
vt 0.083856 0.822047
vt 0.083856 0.814241
vt 0.083856 0.806435
vt 0.083856 0.798629
vt 0.083856 0.790823
vt 0.083856 0.783017
vt 0.083856 0.868882
vt 0.083856 0.876688
vt 0.083856 0.861076
vt 0.083856 0.853270
vt 0.083856 0.845464
vt 0.104308 0.829852
vt 0.104308 0.837658
vt 0.104308 0.822047
vt 0.104308 0.814241
vt 0.104308 0.806435
vt 0.104308 0.798629
vt 0.104308 0.790823
vt 0.104308 0.783017
vt 0.104308 0.868882
vt 0.104308 0.876688
vt 0.104308 0.861076
vt 0.104308 0.853270
vt 0.104308 0.845464
vt 0.124499 0.829852
vt 0.124499 0.837658
vt 0.124499 0.822047
vt 0.124499 0.814241
vt 0.124499 0.806435
vt 0.124499 0.798629
vt 0.124499 0.790823
vt 0.124499 0.783017
vt 0.124499 0.868882
vt 0.124499 0.876688
vt 0.124499 0.861076
vt 0.124499 0.853270
vt 0.124499 0.845464
vt 0.144472 0.829852
vt 0.144472 0.837658
vt 0.144472 0.822047
vt 0.144472 0.814241
vt 0.144472 0.806435
vt 0.144472 0.798629
vt 0.144472 0.790823
vt 0.144472 0.783017
vt 0.144472 0.868882
vt 0.144472 0.876688
vt 0.144472 0.861076
vt 0.144472 0.853270
vt 0.144472 0.845464
vt 0.164699 0.790823
vt 0.186008 0.790823
vt 0.186008 0.798629
vt 0.164699 0.798629
vt 0.164699 0.814241
vt 0.164699 0.822047
vt 0.164699 0.806435
vt 0.164699 0.783017
vt 0.164699 0.861076
vt 0.164699 0.868882
vt 0.164699 0.845464
vt 0.164699 0.853270
vt 0.164699 0.829852
vt 0.164699 0.837658
vt 0.186008 0.814241
vt 0.186008 0.822047
vt 0.186008 0.845464
vt 0.186008 0.853270
vt 0.186008 0.829852
vt 0.186008 0.837658
vt 0.186008 0.861076
vt 0.186008 0.868882
vt 0.186008 0.783017
vt 0.186008 0.806435
vt 0.365806 0.822047
vt 0.365806 0.829852
vt 0.347076 0.829852
vt 0.347076 0.822047
vt 0.365806 0.814241
vt 0.347076 0.814241
vt 0.365806 0.806435
vt 0.347076 0.806435
vt 0.365806 0.798629
vt 0.347076 0.798629
vt 0.365806 0.783017
vt 0.365806 0.790823
vt 0.347076 0.790823
vt 0.347076 0.783017
vt 0.186008 0.876688
vt 0.164699 0.876688
vt 0.365806 0.868882
vt 0.365806 0.876688
vt 0.347076 0.876688
vt 0.347076 0.868882
vt 0.365806 0.861076
vt 0.347076 0.861076
vt 0.365806 0.853270
vt 0.347076 0.853270
vt 0.365806 0.845464
vt 0.347076 0.845464
vt 0.365806 0.837658
vt 0.347076 0.837658
vt 0.328140 0.829852
vt 0.328140 0.822047
vt 0.328140 0.814241
vt 0.328140 0.806435
vt 0.328140 0.798629
vt 0.328140 0.790823
vt 0.328140 0.783017
vt 0.328140 0.876688
vt 0.328140 0.868882
vt 0.328140 0.861076
vt 0.328140 0.853270
vt 0.328140 0.845464
vt 0.328140 0.837658
vt 0.308344 0.829852
vt 0.308344 0.822047
vt 0.308344 0.814241
vt 0.308344 0.806435
vt 0.308344 0.798629
vt 0.308344 0.790823
vt 0.308344 0.783017
vt 0.308344 0.876688
vt 0.308344 0.868882
vt 0.308344 0.861076
vt 0.308344 0.853270
vt 0.308344 0.845464
vt 0.308344 0.837658
vt 0.287933 0.829852
vt 0.287933 0.822047
vt 0.287933 0.814241
vt 0.287933 0.806435
vt 0.287933 0.798629
vt 0.287933 0.790823
vt 0.287933 0.783017
vt 0.287933 0.876688
vt 0.287933 0.868882
vt 0.287933 0.861076
vt 0.287933 0.853270
vt 0.287933 0.845464
vt 0.287933 0.837658
vt 0.267358 0.829852
vt 0.267358 0.822047
vt 0.267358 0.814241
vt 0.267358 0.806435
vt 0.267358 0.798629
vt 0.267358 0.790823
vt 0.267358 0.783017
vt 0.267358 0.876688
vt 0.267358 0.868882
vt 0.267358 0.861076
vt 0.267358 0.853270
vt 0.267358 0.845464
vt 0.267358 0.837658
vt 0.247028 0.829852
vt 0.247028 0.822047
vt 0.247028 0.814241
vt 0.247028 0.806435
vt 0.247028 0.798629
vt 0.247028 0.790823
vt 0.247028 0.783017
vt 0.247028 0.876688
vt 0.247028 0.868882
vt 0.247028 0.861076
vt 0.247028 0.853270
vt 0.247028 0.845464
vt 0.247028 0.837658
vt 0.227056 0.829852
vt 0.227056 0.822047
vt 0.227056 0.814241
vt 0.227056 0.806435
vt 0.227056 0.798629
vt 0.227056 0.790823
vt 0.227056 0.783017
vt 0.227056 0.876688
vt 0.227056 0.868882
vt 0.227056 0.861076
vt 0.227056 0.853270
vt 0.227056 0.845464
vt 0.227056 0.837658
vt 0.207517 0.829852
vt 0.207517 0.822047
vt 0.207517 0.814241
vt 0.207517 0.806435
vt 0.207517 0.798629
vt 0.207517 0.790823
vt 0.207517 0.783017
vt 0.207517 0.876688
vt 0.207517 0.868882
vt 0.207517 0.861076
vt 0.207517 0.853270
vt 0.207517 0.845464
vt 0.207517 0.837658
s 1
f 1/1/1 2/2/2 13/3/3 12/4/4
f 12/4/4 13/3/3 24/5/5 23/6/6
f 23/6/6 24/5/5 35/7/7 34/8/8
f 34/8/8 35/7/7 46/9/9 45/10/10
f 45/10/10 46/9/9 57/11/11 56/12/12
f 56/12/12 57/11/11 68/13/13 67/14/14
f 67/14/14 68/13/13 79/15/15 78/16/16
f 78/16/16 79/15/15 90/17/17 89/18/18
f 89/18/18 90/17/17 101/19/19 100/20/20
f 100/20/20 101/19/19 112/21/21 111/22/22
f 111/22/22 112/21/21 123/23/23 122/24/24
f 122/24/24 123/23/23 134/25/25 133/26/26
f 133/27/26 134/28/25 145/29/27 144/30/28
f 144/30/28 145/29/27 156/31/29 155/32/30
f 155/32/30 156/31/29 167/33/31 166/34/32
f 166/34/32 167/33/31 178/35/33 177/36/34
f 177/36/34 178/35/33 189/37/35 188/38/36
f 188/38/36 189/37/35 200/39/37 199/40/38
f 199/40/38 200/39/37 211/41/39 210/42/40
f 210/42/40 211/41/39 222/43/41 221/44/42
f 221/44/42 222/43/41 233/45/43 232/46/44
f 232/46/44 233/45/43 244/47/45 243/48/46
f 243/48/46 244/47/45 255/49/47 254/50/48
f 254/50/48 255/49/47 2/2/2 1/1/1
f 2/2/2 3/51/49 14/52/50 13/3/3
f 13/3/3 14/52/50 25/53/51 24/5/5
f 24/5/5 25/53/51 36/54/52 35/7/7
f 35/7/7 36/54/52 47/55/53 46/9/9
f 46/9/9 47/55/53 58/56/54 57/11/11
f 57/11/11 58/56/54 69/57/55 68/13/13
f 68/13/13 69/57/55 80/58/56 79/15/15
f 79/15/15 80/58/56 91/59/57 90/17/17
f 90/17/17 91/59/57 102/60/58 101/19/19
f 101/19/19 102/60/58 113/61/59 112/21/21
f 112/21/21 113/61/59 124/62/60 123/23/23
f 123/23/23 124/62/60 135/63/61 134/25/25
f 134/28/25 135/64/61 146/65/62 145/29/27
f 145/29/27 146/65/62 157/66/63 156/31/29
f 156/31/29 157/66/63 168/67/64 167/33/31
f 167/33/31 168/67/64 179/68/65 178/35/33
f 178/35/33 179/68/65 190/69/66 189/37/35
f 189/37/35 190/69/66 201/70/67 200/39/37
f 200/39/37 201/70/67 212/71/68 211/41/39
f 211/41/39 212/71/68 223/72/69 222/43/41
f 222/43/41 223/72/69 234/73/70 233/45/43
f 233/45/43 234/73/70 245/74/71 244/47/45
f 244/47/45 245/74/71 256/75/72 255/49/47
f 255/49/47 256/75/72 3/51/49 2/2/2
f 4/76/73 5/77/74 16/78/75 15/79/76
f 15/79/76 16/78/75 27/80/77 26/81/78
f 26/81/78 27/80/77 38/82/79 37/83/80
f 37/83/80 38/82/79 49/84/81 48/85/82
f 48/85/82 49/84/81 60/86/83 59/87/84
f 59/87/84 60/86/83 71/88/85 70/89/86
f 70/89/86 71/88/85 82/90/87 81/91/88
f 81/91/88 82/90/87 93/92/89 92/93/90
f 92/93/90 93/92/89 104/94/91 103/95/92
f 103/95/92 104/94/91 115/96/93 114/97/94
f 114/97/94 115/96/93 126/98/95 125/99/96
f 125/99/96 126/98/95 137/100/97 136/101/98
f 136/102/98 137/103/97 148/104/99 147/105/100
f 147/105/100 148/104/99 159/106/101 158/107/102
f 158/107/102 159/106/101 170/108/103 169/109/104
f 169/109/104 170/108/103 181/110/105 180/111/106
f 180/111/106 181/110/105 192/112/107 191/113/108
f 191/113/108 192/112/107 203/114/109 202/115/110
f 202/115/110 203/114/109 214/116/111 213/117/112
f 213/117/112 214/116/111 225/118/113 224/119/114
f 224/119/114 225/118/113 236/120/115 235/121/116
f 235/121/116 236/120/115 247/122/117 246/123/118
f 246/123/118 247/122/117 258/124/119 257/125/120
f 257/125/120 258/124/119 5/77/74 4/76/73
f 5/77/74 6/126/121 17/127/122 16/78/75
f 16/78/75 17/127/122 28/128/123 27/80/77
f 27/80/77 28/128/123 39/129/124 38/82/79
f 38/82/79 39/129/124 50/130/125 49/84/81
f 49/84/81 50/130/125 61/131/126 60/86/83
f 60/86/83 61/131/126 72/132/127 71/88/85
f 71/88/85 72/132/127 83/133/128 82/90/87
f 82/90/87 83/133/128 94/134/129 93/92/89
f 93/92/89 94/134/129 105/135/130 104/94/91
f 104/94/91 105/135/130 116/136/131 115/96/93
f 115/96/93 116/136/131 127/137/132 126/98/95
f 126/98/95 127/137/132 138/138/133 137/100/97
f 137/103/97 138/139/133 149/140/134 148/104/99
f 148/104/99 149/140/134 160/141/135 159/106/101
f 159/106/101 160/141/135 171/142/136 170/108/103
f 170/108/103 171/142/136 182/143/137 181/110/105
f 181/110/105 182/143/137 193/144/138 192/112/107
f 192/112/107 193/144/138 204/145/139 203/114/109
f 203/114/109 204/145/139 215/146/140 214/116/111
f 214/116/111 215/146/140 226/147/141 225/118/113
f 225/118/113 226/147/141 237/148/142 236/120/115
f 236/120/115 237/148/142 248/149/143 247/122/117
f 247/122/117 248/149/143 259/150/144 258/124/119
f 258/124/119 259/150/144 6/126/121 5/77/74
f 6/126/121 7/151/145 18/152/146 17/127/122
f 17/127/122 18/152/146 29/153/147 28/128/123
f 28/128/123 29/153/147 40/154/148 39/129/124
f 39/129/124 40/154/148 51/155/149 50/130/125
f 50/130/125 51/155/149 62/156/150 61/131/126
f 61/131/126 62/156/150 73/157/151 72/132/127
f 72/132/127 73/157/151 84/158/152 83/133/128
f 83/133/128 84/158/152 95/159/153 94/134/129
f 94/134/129 95/159/153 106/160/154 105/135/130
f 105/135/130 106/160/154 117/161/155 116/136/131
f 116/136/131 117/161/155 128/162/156 127/137/132
f 127/137/132 128/162/156 139/163/157 138/138/133
f 138/139/133 139/164/157 150/165/158 149/140/134
f 149/140/134 150/165/158 161/166/159 160/141/135
f 160/141/135 161/166/159 172/167/160 171/142/136
f 171/142/136 172/167/160 183/168/161 182/143/137
f 182/143/137 183/168/161 194/169/162 193/144/138
f 193/144/138 194/169/162 205/170/163 204/145/139
f 204/145/139 205/170/163 216/171/164 215/146/140
f 215/146/140 216/171/164 227/172/165 226/147/141
f 226/147/141 227/172/165 238/173/166 237/148/142
f 237/148/142 238/173/166 249/174/167 248/149/143
f 248/149/143 249/174/167 260/175/168 259/150/144
f 259/150/144 260/175/168 7/151/145 6/126/121
f 11/176/169 8/177/170 19/178/171 22/179/172
f 22/179/172 19/178/171 30/180/173 33/181/174
f 33/181/174 30/180/173 41/182/175 44/183/176
f 44/183/176 41/182/175 52/184/177 55/185/178
f 55/185/178 52/184/177 63/186/179 66/187/180
f 66/187/180 63/186/179 74/188/181 77/189/182
f 77/189/182 74/188/181 85/190/183 88/191/184
f 88/191/184 85/190/183 96/192/185 99/193/186
f 99/193/186 96/192/185 107/194/187 110/195/188
f 110/195/188 107/194/187 118/196/189 121/197/190
f 121/197/190 118/196/189 129/198/191 132/199/192
f 132/199/192 129/198/191 140/200/193 143/201/194
f 143/201/194 140/200/193 151/202/195 154/203/196
f 154/203/196 151/202/195 162/204/197 165/205/198
f 165/205/198 162/204/197 173/206/199 176/207/200
f 176/207/200 173/206/199 184/208/201 187/209/202
f 187/209/202 184/208/201 195/210/203 198/211/204
f 198/211/204 195/210/203 206/212/205 209/213/206
f 209/213/206 206/212/205 217/214/207 220/215/208
f 220/215/208 217/214/207 228/216/209 231/217/210
f 231/217/210 228/216/209 239/218/211 242/219/212
f 242/219/212 239/218/211 250/220/213 253/221/214
f 253/221/214 250/220/213 261/222/215 264/223/216
f 264/223/216 261/222/215 8/177/170 11/176/169
f 10/224/217 9/225/218 20/226/219 21/227/220
f 21/227/220 20/226/219 31/228/221 32/229/222
f 32/229/222 31/228/221 42/230/223 43/231/224
f 43/231/224 42/230/223 53/232/225 54/233/226
f 54/233/226 53/232/225 64/234/227 65/235/228
f 65/235/228 64/234/227 75/236/229 76/237/230
f 76/237/230 75/236/229 86/238/231 87/239/232
f 87/239/232 86/238/231 97/240/233 98/241/234
f 98/241/234 97/240/233 108/242/235 109/243/236
f 109/243/236 108/242/235 119/244/237 120/245/238
f 120/245/238 119/244/237 130/246/239 131/247/240
f 131/247/240 130/246/239 141/248/241 142/249/242
f 142/249/242 141/248/241 152/250/243 153/251/244
f 153/251/244 152/250/243 163/252/245 164/253/246
f 164/253/246 163/252/245 174/254/247 175/255/248
f 175/255/248 174/254/247 185/256/249 186/257/250
f 186/257/250 185/256/249 196/258/251 197/259/252
f 197/259/252 196/258/251 207/260/253 208/261/254
f 208/261/254 207/260/253 218/262/255 219/263/256
f 219/263/256 218/262/255 229/264/257 230/265/258
f 230/265/258 229/264/257 240/266/259 241/267/260
f 241/267/260 240/266/259 251/268/261 252/269/262
f 252/269/262 251/268/261 262/270/263 263/271/264
f 263/271/264 262/270/263 9/225/218 10/224/217
f 8/177/170 10/224/217 21/227/220 19/178/171
f 19/178/171 21/227/220 32/229/222 30/180/173
f 30/180/173 32/229/222 43/231/224 41/182/175
f 41/182/175 43/231/224 54/233/226 52/184/177
f 52/184/177 54/233/226 65/235/228 63/186/179
f 63/186/179 65/235/228 76/237/230 74/188/181
f 74/188/181 76/237/230 87/239/232 85/190/183
f 85/190/183 87/239/232 98/241/234 96/192/185
f 96/192/185 98/241/234 109/243/236 107/194/187
f 107/194/187 109/243/236 120/245/238 118/196/189
f 118/196/189 120/245/238 131/247/240 129/198/191
f 129/198/191 131/247/240 142/249/242 140/200/193
f 140/200/193 142/249/242 153/251/244 151/202/195
f 151/202/195 153/251/244 164/253/246 162/204/197
f 162/204/197 164/253/246 175/255/248 173/206/199
f 173/206/199 175/255/248 186/257/250 184/208/201
f 184/208/201 186/257/250 197/259/252 195/210/203
f 195/210/203 197/259/252 208/261/254 206/212/205
f 206/212/205 208/261/254 219/263/256 217/214/207
f 217/214/207 219/263/256 230/265/258 228/216/209
f 228/216/209 230/265/258 241/267/260 239/218/211
f 239/218/211 241/267/260 252/269/262 250/220/213
f 250/220/213 252/269/262 263/271/264 261/222/215
f 261/222/215 263/271/264 10/224/217 8/177/170
f 7/151/145 11/272/169 22/273/172 18/152/146
f 18/152/146 22/273/172 33/274/174 29/153/147
f 29/153/147 33/274/174 44/275/176 40/154/148
f 40/154/148 44/275/176 55/276/178 51/155/149
f 51/155/149 55/276/178 66/277/180 62/156/150
f 62/156/150 66/277/180 77/278/182 73/157/151
f 73/157/151 77/278/182 88/279/184 84/158/152
f 84/158/152 88/279/184 99/280/186 95/159/153
f 95/159/153 99/280/186 110/281/188 106/160/154
f 106/160/154 110/281/188 121/282/190 117/161/155
f 117/161/155 121/282/190 132/283/192 128/162/156
f 128/162/156 132/283/192 143/284/194 139/163/157
f 139/164/157 143/285/194 154/286/196 150/165/158
f 150/165/158 154/286/196 165/287/198 161/166/159
f 161/166/159 165/287/198 176/288/200 172/167/160
f 172/167/160 176/288/200 187/289/202 183/168/161
f 183/168/161 187/289/202 198/290/204 194/169/162
f 194/169/162 198/290/204 209/291/206 205/170/163
f 205/170/163 209/291/206 220/292/208 216/171/164
f 216/171/164 220/292/208 231/293/210 227/172/165
f 227/172/165 231/293/210 242/294/212 238/173/166
f 238/173/166 242/294/212 253/295/214 249/174/167
f 249/174/167 253/295/214 264/296/216 260/175/168
f 260/175/168 264/296/216 11/272/169 7/151/145
f 3/51/265 4/76/73 15/79/76 14/52/266
f 14/52/266 15/79/76 26/81/78 25/53/267
f 25/53/267 26/81/78 37/83/80 36/54/268
f 36/54/268 37/83/80 48/85/82 47/55/269
f 47/55/269 48/85/82 59/87/84 58/56/270
f 58/56/270 59/87/84 70/89/86 69/57/271
f 69/57/271 70/89/86 81/91/88 80/58/272
f 80/58/272 81/91/88 92/93/90 91/59/273
f 91/59/273 92/93/90 103/95/92 102/60/274
f 102/60/274 103/95/92 114/97/94 113/61/275
f 113/61/275 114/97/94 125/99/96 124/62/276
f 124/62/276 125/99/96 136/101/98 135/63/277
f 135/64/277 136/102/98 147/105/100 146/65/278
f 146/65/278 147/105/100 158/107/102 157/66/279
f 157/66/279 158/107/102 169/109/104 168/67/280
f 168/67/280 169/109/104 180/111/106 179/68/281
f 179/68/281 180/111/106 191/113/108 190/69/282
f 190/69/282 191/113/108 202/115/110 201/70/283
f 201/70/283 202/115/110 213/117/112 212/71/284
f 212/71/284 213/117/112 224/119/114 223/72/285
f 223/72/285 224/119/114 235/121/116 234/73/286
f 234/73/286 235/121/116 246/123/118 245/74/287
f 245/74/287 246/123/118 257/125/120 256/75/288
f 256/75/288 257/125/120 4/76/73 3/51/265
f 265/297/289 276/298/290 277/299/290 266/300/289
f 276/298/290 287/301/291 288/302/291 277/299/290
f 287/301/291 298/303/292 299/304/292 288/302/291
f 298/303/292 309/305/293 310/306/293 299/304/292
f 309/305/293 320/307/294 321/308/294 310/306/293
f 320/307/294 331/309/295 332/310/295 321/308/294
f 331/309/295 342/311/296 343/312/296 332/310/295
f 342/311/296 353/313/297 354/314/297 343/312/296
f 353/313/297 364/315/298 365/316/298 354/314/297
f 364/315/298 375/317/299 376/318/299 365/316/298
f 375/317/299 386/319/300 387/320/300 376/318/299
f 386/319/300 397/321/301 398/322/301 387/320/300
f 397/323/301 408/324/302 409/325/302 398/326/301
f 408/324/302 419/327/303 420/328/303 409/325/302
f 419/327/303 430/329/304 431/330/304 420/328/303
f 430/329/304 441/331/305 442/332/305 431/330/304
f 441/331/305 452/333/306 453/334/306 442/332/305
f 452/333/306 463/335/307 464/336/307 453/334/306
f 463/335/307 474/337/308 475/338/308 464/336/307
f 474/337/308 485/339/309 486/340/309 475/338/308
f 485/339/309 496/341/310 497/342/310 486/340/309
f 496/341/310 507/343/311 508/344/311 497/342/310
f 507/343/311 518/345/312 519/346/312 508/344/311
f 518/345/312 265/297/289 266/300/289 519/346/312
f 266/300/313 277/299/314 278/347/315 267/348/316
f 277/299/314 288/302/317 289/349/318 278/347/315
f 288/302/317 299/304/319 300/350/320 289/349/318
f 299/304/319 310/306/321 311/351/322 300/350/320
f 310/306/321 321/308/323 322/352/324 311/351/322
f 321/308/323 332/310/325 333/353/326 322/352/324
f 332/310/325 343/312/327 344/354/328 333/353/326
f 343/312/327 354/314/329 355/355/330 344/354/328
f 354/314/329 365/316/331 366/356/332 355/355/330
f 365/316/331 376/318/333 377/357/334 366/356/332
f 376/318/333 387/320/335 388/358/336 377/357/334
f 387/320/335 398/322/337 399/359/338 388/358/336
f 398/326/337 409/325/339 410/360/340 399/361/338
f 409/325/339 420/328/341 421/362/342 410/360/340
f 420/328/341 431/330/343 432/363/344 421/362/342
f 431/330/343 442/332/345 443/364/346 432/363/344
f 442/332/345 453/334/347 454/365/348 443/364/346
f 453/334/347 464/336/349 465/366/350 454/365/348
f 464/336/349 475/338/351 476/367/352 465/366/350
f 475/338/351 486/340/353 487/368/354 476/367/352
f 486/340/353 497/342/355 498/369/356 487/368/354
f 497/342/355 508/344/357 509/370/358 498/369/356
f 508/344/357 519/346/359 520/371/360 509/370/358
f 519/346/359 266/300/313 267/348/316 520/371/360
f 268/372/361 279/373/362 280/374/363 269/375/364
f 279/373/362 290/376/365 291/377/366 280/374/363
f 290/376/365 301/378/367 302/379/368 291/377/366
f 301/378/367 312/380/369 313/381/370 302/379/368
f 312/380/369 323/382/371 324/383/372 313/381/370
f 323/382/371 334/384/373 335/385/374 324/383/372
f 334/384/373 345/386/375 346/387/376 335/385/374
f 345/386/375 356/388/377 357/389/378 346/387/376
f 356/388/377 367/390/379 368/391/380 357/389/378
f 367/390/379 378/392/381 379/393/382 368/391/380
f 378/392/381 389/394/383 390/395/384 379/393/382
f 389/394/383 400/396/385 401/397/386 390/395/384
f 400/398/385 411/399/387 412/400/388 401/401/386
f 411/399/387 422/402/389 423/403/390 412/400/388
f 422/402/389 433/404/391 434/405/392 423/403/390
f 433/404/391 444/406/393 445/407/394 434/405/392
f 444/406/393 455/408/395 456/409/396 445/407/394
f 455/408/395 466/410/397 467/411/398 456/409/396
f 466/410/397 477/412/399 478/413/400 467/411/398
f 477/412/399 488/414/401 489/415/402 478/413/400
f 488/414/401 499/416/403 500/417/404 489/415/402
f 499/416/403 510/418/405 511/419/406 500/417/404
f 510/418/405 521/420/407 522/421/408 511/419/406
f 521/420/407 268/372/361 269/375/364 522/421/408
f 269/375/364 280/374/363 281/422/409 270/423/410
f 280/374/363 291/377/366 292/424/411 281/422/409
f 291/377/366 302/379/368 303/425/412 292/424/411
f 302/379/368 313/381/370 314/426/413 303/425/412
f 313/381/370 324/383/372 325/427/414 314/426/413
f 324/383/372 335/385/374 336/428/415 325/427/414
f 335/385/374 346/387/376 347/429/416 336/428/415
f 346/387/376 357/389/378 358/430/417 347/429/416
f 357/389/378 368/391/380 369/431/418 358/430/417
f 368/391/380 379/393/382 380/432/419 369/431/418
f 379/393/382 390/395/384 391/433/420 380/432/419
f 390/395/384 401/397/386 402/434/421 391/433/420
f 401/401/386 412/400/388 413/435/422 402/436/421
f 412/400/388 423/403/390 424/437/423 413/435/422
f 423/403/390 434/405/392 435/438/424 424/437/423
f 434/405/392 445/407/394 446/439/425 435/438/424
f 445/407/394 456/409/396 457/440/426 446/439/425
f 456/409/396 467/411/398 468/441/427 457/440/426
f 467/411/398 478/413/400 479/442/428 468/441/427
f 478/413/400 489/415/402 490/443/429 479/442/428
f 489/415/402 500/417/404 501/444/430 490/443/429
f 500/417/404 511/419/406 512/445/431 501/444/430
f 511/419/406 522/421/408 523/446/432 512/445/431
f 522/421/408 269/375/364 270/423/410 523/446/432
f 270/423/410 281/422/409 282/447/433 271/448/434
f 281/422/409 292/424/411 293/449/435 282/447/433
f 292/424/411 303/425/412 304/450/436 293/449/435
f 303/425/412 314/426/413 315/451/437 304/450/436
f 314/426/413 325/427/414 326/452/438 315/451/437
f 325/427/414 336/428/415 337/453/439 326/452/438
f 336/428/415 347/429/416 348/454/440 337/453/439
f 347/429/416 358/430/417 359/455/441 348/454/440
f 358/430/417 369/431/418 370/456/442 359/455/441
f 369/431/418 380/432/419 381/457/443 370/456/442
f 380/432/419 391/433/420 392/458/444 381/457/443
f 391/433/420 402/434/421 403/459/445 392/458/444
f 402/436/421 413/435/422 414/460/446 403/461/445
f 413/435/422 424/437/423 425/462/447 414/460/446
f 424/437/423 435/438/424 436/463/448 425/462/447
f 435/438/424 446/439/425 447/464/449 436/463/448
f 446/439/425 457/440/426 458/465/450 447/464/449
f 457/440/426 468/441/427 469/466/451 458/465/450
f 468/441/427 479/442/428 480/467/452 469/466/451
f 479/442/428 490/443/429 491/468/453 480/467/452
f 490/443/429 501/444/430 502/469/454 491/468/453
f 501/444/430 512/445/431 513/470/455 502/469/454
f 512/445/431 523/446/432 524/471/456 513/470/455
f 523/446/432 270/423/410 271/448/434 524/471/456
f 275/472/457 286/473/458 283/474/459 272/475/460
f 286/473/458 297/476/461 294/477/462 283/474/459
f 297/476/461 308/478/463 305/479/464 294/477/462
f 308/478/463 319/480/465 316/481/466 305/479/464
f 319/480/465 330/482/467 327/483/468 316/481/466
f 330/482/467 341/484/469 338/485/470 327/483/468
f 341/484/469 352/486/471 349/487/472 338/485/470
f 352/486/471 363/488/473 360/489/474 349/487/472
f 363/488/473 374/490/475 371/491/476 360/489/474
f 374/490/475 385/492/477 382/493/478 371/491/476
f 385/492/477 396/494/479 393/495/480 382/493/478
f 396/494/479 407/496/481 404/497/482 393/495/480
f 407/498/481 418/499/483 415/500/484 404/501/482
f 418/499/483 429/502/485 426/503/486 415/500/484
f 429/502/485 440/504/487 437/505/488 426/503/486
f 440/504/487 451/506/489 448/507/490 437/505/488
f 451/506/489 462/508/491 459/509/492 448/507/490
f 462/508/491 473/510/493 470/511/494 459/509/492
f 473/510/493 484/512/495 481/513/496 470/511/494
f 484/512/495 495/514/497 492/515/498 481/513/496
f 495/514/497 506/516/499 503/517/500 492/515/498
f 506/516/499 517/518/501 514/519/502 503/517/500
f 517/518/501 528/520/503 525/521/504 514/519/502
f 528/520/503 275/472/457 272/475/460 525/521/504
f 274/522/505 285/523/506 284/524/507 273/525/508
f 285/523/506 296/526/509 295/527/510 284/524/507
f 296/526/509 307/528/511 306/529/512 295/527/510
f 307/528/511 318/530/513 317/531/514 306/529/512
f 318/530/513 329/532/515 328/533/516 317/531/514
f 329/532/515 340/534/517 339/535/518 328/533/516
f 340/534/517 351/536/519 350/537/520 339/535/518
f 351/536/519 362/538/521 361/539/522 350/537/520
f 362/538/521 373/540/523 372/541/524 361/539/522
f 373/540/523 384/542/525 383/543/526 372/541/524
f 384/542/525 395/544/527 394/545/528 383/543/526
f 395/544/527 406/546/529 405/547/530 394/545/528
f 406/546/529 417/548/531 416/549/532 405/547/530
f 417/548/531 428/550/533 427/551/534 416/549/532
f 428/550/533 439/552/535 438/553/536 427/551/534
f 439/552/535 450/554/537 449/555/538 438/553/536
f 450/554/537 461/556/539 460/557/540 449/555/538
f 461/556/539 472/558/541 471/559/542 460/557/540
f 472/558/541 483/560/543 482/561/544 471/559/542
f 483/560/543 494/562/545 493/563/546 482/561/544
f 494/562/545 505/564/547 504/565/548 493/563/546
f 505/564/547 516/566/549 515/567/550 504/565/548
f 516/566/549 527/568/551 526/569/552 515/567/550
f 527/568/551 274/522/505 273/525/508 526/569/552
f 272/570/460 283/571/459 285/523/506 274/522/505
f 283/571/459 294/572/462 296/526/509 285/523/506
f 294/572/462 305/573/464 307/528/511 296/526/509
f 305/573/464 316/574/466 318/530/513 307/528/511
f 316/574/466 327/575/468 329/532/515 318/530/513
f 327/575/468 338/576/470 340/534/517 329/532/515
f 338/576/470 349/577/472 351/536/519 340/534/517
f 349/577/472 360/578/474 362/538/521 351/536/519
f 360/578/474 371/579/476 373/540/523 362/538/521
f 371/579/476 382/580/478 384/542/525 373/540/523
f 382/580/478 393/581/480 395/544/527 384/542/525
f 393/581/480 404/582/482 406/546/529 395/544/527
f 404/582/482 415/583/484 417/548/531 406/546/529
f 415/583/484 426/584/486 428/550/533 417/548/531
f 426/584/486 437/585/488 439/552/535 428/550/533
f 437/585/488 448/586/490 450/554/537 439/552/535
f 448/586/490 459/587/492 461/556/539 450/554/537
f 459/587/492 470/588/494 472/558/541 461/556/539
f 470/588/494 481/589/496 483/560/543 472/558/541
f 481/589/496 492/590/498 494/562/545 483/560/543
f 492/590/498 503/591/500 505/564/547 494/562/545
f 503/591/500 514/592/502 516/566/549 505/564/547
f 514/592/502 525/593/504 527/568/551 516/566/549
f 525/593/504 272/570/460 274/522/505 527/568/551
f 271/448/434 282/447/433 286/473/458 275/472/457
f 282/447/433 293/449/435 297/476/461 286/473/458
f 293/449/435 304/450/436 308/478/463 297/476/461
f 304/450/436 315/451/437 319/480/465 308/478/463
f 315/451/437 326/452/438 330/482/467 319/480/465
f 326/452/438 337/453/439 341/484/469 330/482/467
f 337/453/439 348/454/440 352/486/471 341/484/469
f 348/454/440 359/455/441 363/488/473 352/486/471
f 359/455/441 370/456/442 374/490/475 363/488/473
f 370/456/442 381/457/443 385/492/477 374/490/475
f 381/457/443 392/458/444 396/494/479 385/492/477
f 392/458/444 403/459/445 407/496/481 396/494/479
f 403/461/445 414/460/446 418/499/483 407/498/481
f 414/460/446 425/462/447 429/502/485 418/499/483
f 425/462/447 436/463/448 440/504/487 429/502/485
f 436/463/448 447/464/449 451/506/489 440/504/487
f 447/464/449 458/465/450 462/508/491 451/506/489
f 458/465/450 469/466/451 473/510/493 462/508/491
f 469/466/451 480/467/452 484/512/495 473/510/493
f 480/467/452 491/468/453 495/514/497 484/512/495
f 491/468/453 502/469/454 506/516/499 495/514/497
f 502/469/454 513/470/455 517/518/501 506/516/499
f 513/470/455 524/471/456 528/520/503 517/518/501
f 524/471/456 271/448/434 275/472/457 528/520/503
f 267/348/316 278/347/315 279/373/362 268/372/361
f 278/347/315 289/349/318 290/376/365 279/373/362
f 289/349/318 300/350/320 301/378/367 290/376/365
f 300/350/320 311/351/322 312/380/369 301/378/367
f 311/351/322 322/352/324 323/382/371 312/380/369
f 322/352/324 333/353/326 334/384/373 323/382/371
f 333/353/326 344/354/328 345/386/375 334/384/373
f 344/354/328 355/355/330 356/388/377 345/386/375
f 355/355/330 366/356/332 367/390/379 356/388/377
f 366/356/332 377/357/334 378/392/381 367/390/379
f 377/357/334 388/358/336 389/394/383 378/392/381
f 388/358/336 399/359/338 400/396/385 389/394/383
f 399/361/338 410/360/340 411/399/387 400/398/385
f 410/360/340 421/362/342 422/402/389 411/399/387
f 421/362/342 432/363/344 433/404/391 422/402/389
f 432/363/344 443/364/346 444/406/393 433/404/391
f 443/364/346 454/365/348 455/408/395 444/406/393
f 454/365/348 465/366/350 466/410/397 455/408/395
f 465/366/350 476/367/352 477/412/399 466/410/397
f 476/367/352 487/368/354 488/414/401 477/412/399
f 487/368/354 498/369/356 499/416/403 488/414/401
f 498/369/356 509/370/358 510/418/405 499/416/403
f 509/370/358 520/371/360 521/420/407 510/418/405
f 520/371/360 267/348/316 268/372/361 521/420/407
f 1/1/553 12/4/554 276/594/554 265/595/553
f 12/4/554 23/6/555 287/596/555 276/594/554
f 23/6/555 34/8/556 298/597/556 287/596/555
f 34/8/556 45/10/557 309/598/557 298/597/556
f 45/10/557 56/12/558 320/599/558 309/598/557
f 56/12/558 67/14/559 331/600/559 320/599/558
f 67/14/559 78/16/560 342/601/560 331/600/559
f 78/16/560 89/18/561 353/602/561 342/601/560
f 89/18/561 100/20/562 364/603/562 353/602/561
f 100/20/562 111/22/563 375/604/563 364/603/562
f 111/22/563 122/24/564 386/605/564 375/604/563
f 122/24/564 133/26/565 397/606/565 386/605/564
f 133/27/565 144/30/566 408/607/566 397/608/565
f 144/30/566 155/32/567 419/609/567 408/607/566
f 155/32/567 166/34/568 430/610/568 419/609/567
f 166/34/568 177/36/569 441/611/569 430/610/568
f 177/36/569 188/38/570 452/612/570 441/611/569
f 188/38/570 199/40/571 463/613/571 452/612/570
f 199/40/571 210/42/572 474/614/572 463/613/571
f 210/42/572 221/44/573 485/615/573 474/614/572
f 221/44/573 232/46/574 496/616/574 485/615/573
f 232/46/574 243/48/575 507/617/575 496/616/574
f 243/48/575 254/50/576 518/618/576 507/617/575
f 254/50/576 1/1/553 265/595/553 518/618/576
f 515/567/550 529/619/577 493/563/546 504/565/548
f 529/619/577 534/620/578 482/561/544 493/563/546
f 534/620/578 539/621/579 471/559/542 482/561/544
f 539/621/579 544/622/580 460/557/540 471/559/542
f 544/622/580 549/623/581 449/555/538 460/557/540
f 549/623/581 427/551/534 438/553/536 449/555/538
f 526/569/552 530/624/582 529/619/577 515/567/550
f 530/624/582 535/625/583 534/620/578 529/619/577
f 535/625/583 540/626/584 539/621/579 534/620/578
f 540/626/584 545/627/585 544/622/580 539/621/579
f 545/627/585 550/628/586 549/623/581 544/622/580
f 550/628/586 416/549/532 427/551/534 549/623/581
f 273/525/508 531/629/587 530/624/582 526/569/552
f 531/629/587 536/630/588 535/625/583 530/624/582
f 536/630/588 541/631/589 540/626/584 535/625/583
f 541/631/589 546/632/590 545/627/585 540/626/584
f 546/632/590 551/633/591 550/628/586 545/627/585
f 551/633/591 405/547/530 416/549/532 550/628/586
f 284/524/507 532/634/592 531/629/587 273/525/508
f 532/634/592 537/635/593 536/630/588 531/629/587
f 537/635/593 542/636/594 541/631/589 536/630/588
f 542/636/594 547/637/595 546/632/590 541/631/589
f 547/637/595 552/638/596 551/633/591 546/632/590
f 552/638/596 394/545/528 405/547/530 551/633/591
f 295/527/510 533/639/597 532/634/592 284/524/507
f 533/639/597 538/640/598 537/635/593 532/634/592
f 538/640/598 543/641/599 542/636/594 537/635/593
f 543/641/599 548/642/600 547/637/595 542/636/594
f 548/642/600 553/643/601 552/638/596 547/637/595
f 553/643/601 383/543/526 394/545/528 552/638/596
f 306/529/512 317/531/514 533/639/597 295/527/510
f 317/531/514 328/533/516 538/640/598 533/639/597
f 328/533/516 339/535/518 543/641/599 538/640/598
f 339/535/518 350/537/520 548/642/600 543/641/599
f 350/537/520 361/539/522 553/643/601 548/642/600
f 361/539/522 372/541/524 383/543/526 553/643/601
f 240/266/259 229/264/257 554/644/602 251/268/261
f 229/264/257 218/262/255 559/645/603 554/644/602
f 218/262/255 207/260/253 564/646/604 559/645/603
f 207/260/253 196/258/251 569/647/605 564/646/604
f 196/258/251 185/256/249 574/648/606 569/647/605
f 185/256/249 174/254/247 163/252/245 574/648/606
f 251/268/261 554/644/602 555/649/607 262/270/263
f 554/644/602 559/645/603 560/650/608 555/649/607
f 559/645/603 564/646/604 565/651/609 560/650/608
f 564/646/604 569/647/605 570/652/610 565/651/609
f 569/647/605 574/648/606 575/653/611 570/652/610
f 574/648/606 163/252/245 152/250/243 575/653/611
f 262/270/263 555/649/607 556/654/612 9/225/218
f 555/649/607 560/650/608 561/655/613 556/654/612
f 560/650/608 565/651/609 566/656/614 561/655/613
f 565/651/609 570/652/610 571/657/615 566/656/614
f 570/652/610 575/653/611 576/658/616 571/657/615
f 575/653/611 152/250/243 141/248/241 576/658/616
f 9/225/218 556/654/612 557/659/617 20/226/219
f 556/654/612 561/655/613 562/660/618 557/659/617
f 561/655/613 566/656/614 567/661/619 562/660/618
f 566/656/614 571/657/615 572/662/620 567/661/619
f 571/657/615 576/658/616 577/663/621 572/662/620
f 576/658/616 141/248/241 130/246/239 577/663/621
f 20/226/219 557/659/617 558/664/622 31/228/221
f 557/659/617 562/660/618 563/665/623 558/664/622
f 562/660/618 567/661/619 568/666/624 563/665/623
f 567/661/619 572/662/620 573/667/625 568/666/624
f 572/662/620 577/663/621 578/668/626 573/667/625
f 577/663/621 130/246/239 119/244/237 578/668/626
f 31/228/221 558/664/622 53/232/225 42/230/223
f 558/664/622 563/665/623 64/234/227 53/232/225
f 563/665/623 568/666/624 75/236/229 64/234/227
f 568/666/624 573/667/625 86/238/231 75/236/229
f 573/667/625 578/668/626 97/240/233 86/238/231
f 578/668/626 119/244/237 108/242/235 97/240/233
f 590/669/627 602/670/628 601/671/629 589/672/630
f 579/673/631 591/674/632 602/670/628 590/669/627
f 580/675/633 592/676/634 591/674/632 579/673/631
f 581/677/635 593/678/636 592/676/634 580/675/633
f 582/679/637 594/680/638 593/678/636 581/677/635
f 584/681/639 596/682/640 595/683/641 583/684/642
f 583/684/642 595/683/641 594/680/638 582/679/637
f 585/685/643 597/686/644 596/687/640 584/688/639
f 586/689/645 598/690/646 597/686/644 585/685/643
f 587/691/647 599/692/648 598/690/646 586/689/645
f 588/693/649 600/694/650 599/692/648 587/691/647
f 589/672/630 601/671/629 600/694/650 588/693/649
f 602/670/628 614/695/651 613/696/652 601/671/629
f 591/674/632 603/697/653 614/695/651 602/670/628
f 592/676/634 604/698/654 603/697/653 591/674/632
f 593/678/636 605/699/655 604/698/654 592/676/634
f 594/680/638 606/700/656 605/699/655 593/678/636
f 595/683/641 607/701/657 606/700/656 594/680/638
f 596/682/640 608/702/658 607/701/657 595/683/641
f 597/686/644 609/703/659 608/704/658 596/687/640
f 598/690/646 610/705/660 609/703/659 597/686/644
f 599/692/648 611/706/661 610/705/660 598/690/646
f 600/694/650 612/707/662 611/706/661 599/692/648
f 601/671/629 613/696/652 612/707/662 600/694/650
f 614/695/651 626/708/663 625/709/664 613/696/652
f 603/697/653 615/710/665 626/708/663 614/695/651
f 604/698/654 616/711/666 615/710/665 603/697/653
f 605/699/655 617/712/667 616/711/666 604/698/654
f 606/700/656 618/713/668 617/712/667 605/699/655
f 607/701/657 619/714/669 618/713/668 606/700/656
f 608/702/658 620/715/670 619/714/669 607/701/657
f 609/703/659 621/716/671 620/717/670 608/704/658
f 610/705/660 622/718/672 621/716/671 609/703/659
f 611/706/661 623/719/673 622/718/672 610/705/660
f 612/707/662 624/720/674 623/719/673 611/706/661
f 613/696/652 625/709/664 624/720/674 612/707/662
f 626/708/663 638/721/675 637/722/676 625/709/664
f 615/710/665 627/723/677 638/721/675 626/708/663
f 616/711/666 628/724/678 627/723/677 615/710/665
f 617/712/667 629/725/679 628/724/678 616/711/666
f 618/713/668 630/726/680 629/725/679 617/712/667
f 619/714/669 631/727/681 630/726/680 618/713/668
f 620/715/670 632/728/682 631/727/681 619/714/669
f 621/716/671 633/729/683 632/730/682 620/717/670
f 622/718/672 634/731/684 633/729/683 621/716/671
f 623/719/673 635/732/685 634/731/684 622/718/672
f 624/720/674 636/733/686 635/732/685 623/719/673
f 625/709/664 637/722/676 636/733/686 624/720/674
f 638/721/675 650/734/687 649/735/688 637/722/676
f 627/723/677 639/736/689 650/734/687 638/721/675
f 628/724/678 640/737/690 639/736/689 627/723/677
f 629/725/679 641/738/691 640/737/690 628/724/678
f 630/726/680 642/739/692 641/738/691 629/725/679
f 631/727/681 643/740/693 642/739/692 630/726/680
f 632/728/682 644/741/694 643/740/693 631/727/681
f 633/729/683 645/742/695 644/743/694 632/730/682
f 634/731/684 646/744/696 645/742/695 633/729/683
f 635/732/685 647/745/697 646/744/696 634/731/684
f 636/733/686 648/746/698 647/745/697 635/732/685
f 637/722/676 649/735/688 648/746/698 636/733/686
f 650/734/687 662/747/699 661/748/700 649/735/688
f 639/736/689 651/749/701 662/747/699 650/734/687
f 640/737/690 652/750/702 651/749/701 639/736/689
f 641/738/691 653/751/703 652/750/702 640/737/690
f 642/739/692 654/752/704 653/751/703 641/738/691
f 643/740/693 655/753/705 654/752/704 642/739/692
f 644/741/694 656/754/706 655/753/705 643/740/693
f 645/742/695 657/755/707 656/756/706 644/743/694
f 646/744/696 658/757/708 657/755/707 645/742/695
f 647/745/697 659/758/709 658/757/708 646/744/696
f 648/746/698 660/759/710 659/758/709 647/745/697
f 649/735/688 661/748/700 660/759/710 648/746/698
f 662/747/699 674/760/711 673/761/712 661/748/700
f 651/749/701 663/762/713 674/760/711 662/747/699
f 652/750/702 664/763/714 663/762/713 651/749/701
f 653/751/703 665/764/715 664/763/714 652/750/702
f 654/752/704 666/765/716 665/764/715 653/751/703
f 655/753/705 667/766/717 666/765/716 654/752/704
f 656/754/706 668/767/718 667/766/717 655/753/705
f 657/755/707 669/768/719 668/769/718 656/756/706
f 658/757/708 670/770/720 669/768/719 657/755/707
f 659/758/709 671/771/721 670/770/720 658/757/708
f 660/759/710 672/772/722 671/771/721 659/758/709
f 661/748/700 673/761/712 672/772/722 660/759/710
f 799/773/723 688/774/724 687/775/725 798/776/726
f 664/763/714 676/777/727 675/778/728 663/762/713
f 666/765/716 798/776/726 677/779/729 665/764/715
f 668/767/718 800/780/730 799/773/723 667/766/717
f 670/770/720 802/781/731 801/782/732 669/768/719
f 672/772/722 804/783/733 803/784/734 671/771/721
f 674/760/711 806/785/735 805/786/736 673/761/712
f 676/777/727 796/787/737 795/788/738 675/778/728
f 804/783/733 797/789/739 684/790/740 803/784/734
f 806/785/735 686/791/741 685/792/742 805/786/736
f 802/781/731 691/793/743 690/794/744 801/782/732
f 800/780/730 689/795/614 688/774/724 799/773/723
f 798/776/726 687/775/725 678/796/745 677/779/729
f 663/762/713 675/778/728 806/785/735 674/760/711
f 665/764/715 677/779/729 676/777/727 664/763/714
f 679/797/746 698/798/747 710/799/748 699/800/749
f 680/801/750 679/797/746 699/800/749 700/802/751
f 681/803/752 680/801/750 700/802/751 701/804/753
f 682/805/754 681/803/752 701/804/753 702/806/755
f 692/807/756 683/808/757 703/809/758 704/810/759
f 683/808/757 682/805/754 702/806/755 703/809/758
f 805/786/736 685/792/742 797/789/739 804/783/733
f 803/784/734 684/790/740 691/793/743 802/781/731
f 801/782/732 690/794/744 689/811/614 800/812/730
f 677/779/729 678/796/745 796/787/737 676/777/727
f 675/778/728 795/788/738 686/791/741 806/785/735
f 673/761/712 805/786/736 804/783/733 672/772/722
f 671/771/721 803/784/734 802/781/731 670/770/720
f 669/768/719 801/782/732 800/812/730 668/769/718
f 667/766/717 799/773/723 798/776/726 666/765/716
f 693/813/760 692/814/756 704/815/759 705/816/761
f 694/817/762 693/813/760 705/816/761 706/818/763
f 695/819/764 694/817/762 706/818/763 707/820/765
f 696/821/766 695/819/764 707/820/765 708/822/767
f 697/823/768 696/821/766 708/822/767 709/824/769
f 698/798/747 697/823/768 709/824/769 710/799/748
f 699/800/749 710/799/748 722/825/770 711/826/771
f 700/802/751 699/800/749 711/826/771 712/827/772
f 701/804/753 700/802/751 712/827/772 713/828/773
f 702/806/755 701/804/753 713/828/773 714/829/774
f 703/809/758 702/806/755 714/829/774 715/830/775
f 704/810/759 703/809/758 715/830/775 716/831/776
f 705/816/761 704/815/759 716/832/776 717/833/777
f 706/818/763 705/816/761 717/833/777 718/834/778
f 707/820/765 706/818/763 718/834/778 719/835/779
f 708/822/767 707/820/765 719/835/779 720/836/780
f 709/824/769 708/822/767 720/836/780 721/837/781
f 710/799/748 709/824/769 721/837/781 722/825/770
f 711/826/771 722/825/770 734/838/782 723/839/783
f 712/827/772 711/826/771 723/839/783 724/840/784
f 713/828/773 712/827/772 724/840/784 725/841/785
f 714/829/774 713/828/773 725/841/785 726/842/786
f 715/830/775 714/829/774 726/842/786 727/843/787
f 716/831/776 715/830/775 727/843/787 728/844/788
f 717/833/777 716/832/776 728/845/788 729/846/789
f 718/834/778 717/833/777 729/846/789 730/847/790
f 719/835/779 718/834/778 730/847/790 731/848/791
f 720/836/780 719/835/779 731/848/791 732/849/792
f 721/837/781 720/836/780 732/849/792 733/850/793
f 722/825/770 721/837/781 733/850/793 734/838/782
f 723/839/783 734/838/782 746/851/794 735/852/795
f 724/840/784 723/839/783 735/852/795 736/853/796
f 725/841/785 724/840/784 736/853/796 737/854/797
f 726/842/786 725/841/785 737/854/797 738/855/798
f 727/843/787 726/842/786 738/855/798 739/856/799
f 728/844/788 727/843/787 739/856/799 740/857/800
f 729/846/789 728/845/788 740/858/800 741/859/801
f 730/847/790 729/846/789 741/859/801 742/860/802
f 731/848/791 730/847/790 742/860/802 743/861/803
f 732/849/792 731/848/791 743/861/803 744/862/804
f 733/850/793 732/849/792 744/862/804 745/863/805
f 734/838/782 733/850/793 745/863/805 746/851/794
f 735/852/795 746/851/794 758/864/806 747/865/807
f 736/853/796 735/852/795 747/865/807 748/866/808
f 737/854/797 736/853/796 748/866/808 749/867/809
f 738/855/798 737/854/797 749/867/809 750/868/810
f 739/856/799 738/855/798 750/868/810 751/869/811
f 740/857/800 739/856/799 751/869/811 752/870/812
f 741/859/801 740/858/800 752/871/812 753/872/813
f 742/860/802 741/859/801 753/872/813 754/873/814
f 743/861/803 742/860/802 754/873/814 755/874/815
f 744/862/804 743/861/803 755/874/815 756/875/816
f 745/863/805 744/862/804 756/875/816 757/876/817
f 746/851/794 745/863/805 757/876/817 758/864/806
f 747/865/807 758/864/806 770/877/818 759/878/819
f 748/866/808 747/865/807 759/878/819 760/879/820
f 749/867/809 748/866/808 760/879/820 761/880/821
f 750/868/810 749/867/809 761/880/821 762/881/822
f 751/869/811 750/868/810 762/881/822 763/882/823
f 752/870/812 751/869/811 763/882/823 764/883/824
f 753/872/813 752/871/812 764/884/824 765/885/825
f 754/873/814 753/872/813 765/885/825 766/886/826
f 755/874/815 754/873/814 766/886/826 767/887/827
f 756/875/816 755/874/815 767/887/827 768/888/828
f 757/876/817 756/875/816 768/888/828 769/889/829
f 758/864/806 757/876/817 769/889/829 770/877/818
f 759/878/819 770/877/818 782/890/830 771/891/831
f 760/879/820 759/878/819 771/891/831 772/892/832
f 761/880/821 760/879/820 772/892/832 773/893/833
f 762/881/822 761/880/821 773/893/833 774/894/834
f 763/882/823 762/881/822 774/894/834 775/895/835
f 764/883/824 763/882/823 775/895/835 776/896/836
f 765/885/825 764/884/824 776/897/836 777/898/837
f 766/886/826 765/885/825 777/898/837 778/899/838
f 767/887/827 766/886/826 778/899/838 779/900/839
f 768/888/828 767/887/827 779/900/839 780/901/840
f 769/889/829 768/888/828 780/901/840 781/902/841
f 770/877/818 769/889/829 781/902/841 782/890/830
f 771/891/831 782/890/830 794/903/842 783/904/843
f 772/892/832 771/891/831 783/904/843 784/905/844
f 773/893/833 772/892/832 784/905/844 785/906/845
f 774/894/834 773/893/833 785/906/845 786/907/846
f 775/895/835 774/894/834 786/907/846 787/908/847
f 776/896/836 775/895/835 787/908/847 788/909/848
f 777/898/837 776/897/836 788/910/848 789/911/849
f 778/899/838 777/898/837 789/911/849 790/912/850
f 779/900/839 778/899/838 790/912/850 791/913/851
f 780/901/840 779/900/839 791/913/851 792/914/852
f 781/902/841 780/901/840 792/914/852 793/915/853
f 782/890/830 781/902/841 793/915/853 794/903/842
f 783/904/843 794/903/842 686/791/741 795/788/738
f 784/905/844 783/904/843 795/788/738 796/787/737
f 785/906/845 784/905/844 796/787/737 678/796/745
f 792/914/852 791/913/851 684/790/740 797/789/739
f 793/915/853 792/914/852 797/789/739 685/792/742
f 794/903/842 793/915/853 685/792/742 686/791/741
f 791/913/851 790/912/850 691/793/743 684/790/740
f 790/912/850 789/911/849 690/794/744 691/793/743
f 789/911/849 788/910/848 689/811/614 690/794/744
f 788/909/848 787/908/847 688/774/724 689/795/614
f 787/908/847 786/907/846 687/775/725 688/774/724
f 786/907/846 785/906/845 678/796/745 687/775/725
