# Blender 4.0.2
# www.blender.org
o wooden_boat_01
v -0.035973 1.215390 3.399664
v -0.035973 0.983220 3.294960
v -0.035973 0.756468 3.179327
v -0.035973 0.538188 3.047963
v -0.035973 0.343225 2.884437
v -0.035973 0.184493 2.685358
v -0.035973 0.074421 2.455749
v -0.035973 0.025245 2.206032
v -0.035973 0.013924 1.951643
v -0.035973 0.000000 -0.000000
v -0.035973 -0.002304 -2.182613
v -0.035973 0.005227 -2.410699
v -0.035973 0.057833 -2.632765
v -0.035973 0.159192 -2.837228
v -0.035973 0.309025 -3.009366
v -0.035973 0.491525 -3.146382
v -0.035973 0.692093 -3.255253
v -0.035973 0.900797 -3.347572
v -0.035973 1.112939 -3.431690
v 0.035973 1.215390 3.399664
v 0.035973 0.983220 3.294960
v 0.035973 0.756468 3.179327
v 0.035973 0.538188 3.047963
v 0.035973 0.343225 2.884437
v 0.035973 0.184493 2.685358
v 0.035973 0.074421 2.455749
v 0.035973 0.025245 2.206032
v 0.035973 0.013924 1.951643
v 0.035973 0.000000 0.000000
v 0.035973 -0.002304 -2.182613
v 0.035973 0.005227 -2.410699
v 0.035973 0.057833 -2.632765
v 0.035973 0.159192 -2.837228
v 0.035973 0.309025 -3.009366
v 0.035973 0.491525 -3.146382
v 0.035973 0.692093 -3.255253
v 0.035973 0.900797 -3.347572
v 0.035973 1.112939 -3.431690
v -0.035973 0.955236 -3.204034
v -0.035973 1.110477 -3.256738
v -0.035973 0.754248 -3.128814
v -0.035973 0.567774 -3.027593
v -0.035973 0.405442 -2.905719
v -0.035973 0.279585 -2.761127
v -0.035973 0.191108 -2.584657
v -0.035973 0.145460 -2.391965
v -0.035973 0.124566 -2.180338
v -0.035973 0.126867 -0.000732
v -0.035973 0.140770 1.948009
v -0.035973 0.165412 2.189208
v -0.035973 0.209090 2.411012
v -0.035973 0.304527 2.610091
v -0.035973 0.444501 2.785645
v -0.035973 0.620215 2.933026
v -0.035973 0.824823 3.056162
v -0.035973 1.044168 3.141950
v -0.035973 1.207668 3.192662
v 0.035973 0.955236 -3.204034
v 0.035973 1.110477 -3.256738
v 0.035973 0.754248 -3.128814
v 0.035973 0.567774 -3.027593
v 0.035973 0.405442 -2.905719
v 0.035973 0.279585 -2.761127
v 0.035973 0.191108 -2.584657
v 0.035973 0.145460 -2.391965
v 0.035973 0.124566 -2.180338
v 0.035973 0.126867 -0.000732
v 0.035973 0.140770 1.948009
v 0.035973 0.165412 2.189208
v 0.035973 0.209090 2.411012
v 0.035973 0.304527 2.610091
v 0.035973 0.444501 2.785645
v 0.035973 0.620215 2.933026
v 0.035973 0.824823 3.056162
v 0.035973 1.044168 3.141950
v 0.035973 1.207668 3.192662
v -0.035973 1.003194 3.236398
v -0.035973 0.871047 3.169488
v -0.035973 0.751027 3.109269
v -0.035973 0.624735 3.033996
v -0.035973 0.433751 2.888434
v -0.035973 0.229332 2.648211
v -0.035973 0.142317 2.442111
v -0.035973 0.104123 2.210071
v -0.519575 0.826199 2.317599
v -0.035973 0.090325 1.956560
v -0.035973 0.085831 1.658453
v -0.035973 0.079852 0.853731
v -0.035973 0.073684 -2.235477
v -0.035973 0.100781 -2.480610
v -0.035973 0.177109 -2.724373
v -0.035973 0.342707 -2.943978
v -0.035973 0.476230 -3.055400
v -0.035973 0.610886 -3.140710
v -0.035973 0.714719 -3.188007
v -0.035973 0.850506 -3.246001
v -0.468941 0.678219 2.304762
v -0.619818 0.784117 2.016006
v -0.777722 0.700199 1.291948
v -0.841353 0.628732 -0.000580
v -0.804214 0.629232 -0.816579
v -0.631913 0.674154 -1.952820
v -0.244040 0.784674 -2.894893
v -0.035973 0.077909 -0.000580
v -0.035973 0.076295 -0.810515
v -0.035973 0.073172 -1.945078
v -0.035973 0.082828 1.290572
v -0.820634 0.665767 0.871502
v -0.831044 0.628903 -0.395155
v -0.709906 0.650489 -1.592970
v -0.535296 0.703097 -2.269928
v -0.709175 0.740999 1.658576
v -0.248834 0.928211 2.873444
v -0.035973 0.077111 -0.394651
v -0.035973 0.074252 -1.587656
v -0.035973 0.126637 -2.589875
v -0.035973 0.250282 -2.840141
v -0.833676 0.639915 0.425783
v -0.035973 0.078728 0.424824
v -0.796356 0.445451 -0.000580
v -0.785797 0.441594 -0.394920
v -0.756564 0.445609 -0.814583
v -0.652606 0.473510 -1.591075
v -0.572126 0.503390 -1.950564
v -0.479809 0.541391 -2.267823
v -0.767345 0.483609 0.865994
v -0.718977 0.524949 1.291522
v -0.655488 0.571903 1.658538
v -0.571381 0.623812 2.006477
v -0.790299 0.457621 0.425468
v -0.222131 0.796610 2.845480
v -0.216193 0.645705 -2.871776
v -0.712736 0.311631 -0.000580
v -0.699350 0.308480 -0.394821
v -0.670131 0.314014 -0.813107
v -0.566986 0.354405 -1.590464
v -0.490418 0.388683 -1.948815
v -0.683279 0.353669 0.861545
v -0.566454 0.443393 1.658507
v -0.705145 0.328071 0.425162
v -0.633116 0.396457 1.291177
v -0.487753 0.497366 1.997754
v -0.183090 0.673235 2.806383
v -0.401173 0.426843 -2.262469
v -0.180037 0.535953 -2.842148
v -0.586530 0.217134 -0.000580
v -0.575966 0.212031 -0.394761
v -0.547516 0.217577 -0.812163
v -0.456344 0.254566 -1.589214
v -0.387559 0.293518 -1.947786
v -0.559289 0.250776 0.858700
v -0.454530 0.336096 1.658487
v -0.582261 0.228188 0.424709
v -0.513678 0.289485 1.290957
v -0.385412 0.387588 1.989002
v -0.315108 0.331435 -2.256022
v -0.377287 0.137594 -0.000580
v -0.371415 0.134354 -0.394706
v -0.352953 0.139013 -0.811339
v -0.295934 0.168975 -1.588469
v -0.252416 0.197452 -1.946532
v -0.364573 0.160794 0.856216
v -0.298266 0.231353 1.658898
v -0.374056 0.145419 0.424955
v -0.335646 0.194278 1.290765
v -0.254316 0.271722 1.976308
v -0.205711 0.227260 -2.248080
v -0.180737 0.092261 -0.000580
v -0.181213 0.091872 -0.394829
v -0.176100 0.096227 -0.810927
v -0.145725 0.110214 -1.588080
v -0.129748 0.122708 -1.945152
v -0.173729 0.109403 0.854753
v -0.142426 0.146753 1.658461
v -0.178006 0.100880 0.424889
v -0.159652 0.127356 1.290373
v -0.122117 0.165711 1.962945
v -0.110172 0.135538 -2.239797
v -0.089791 0.305886 -2.767580
v -0.138403 0.428858 -2.807585
v -0.155865 0.261483 -2.519854
v -0.233931 0.376557 -2.539640
v -0.146493 0.554786 2.765598
v -0.092019 0.394178 2.706591
v -0.763124 0.636686 -1.225714
v -0.035973 0.075271 -1.216266
v -0.712309 0.455931 -1.222870
v -0.624806 0.330140 -1.220932
v -0.506491 0.233322 -1.219232
v -0.328232 0.151807 -1.217756
v -0.161284 0.101612 -1.217016
v -0.411763 0.738864 -2.576208
v -0.363995 0.588323 -2.566340
v -0.305607 0.475675 -2.554371
v -0.077909 0.154429 -2.496054
v -0.397734 0.551362 2.287138
v -0.070940 0.209980 2.456368
v -0.207810 0.309971 2.241921
v -0.315613 0.443371 2.265930
v -0.098769 0.185168 2.218350
v -0.035973 0.323315 2.773053
v -0.035973 0.178306 2.541402
v -0.396892 0.874799 2.596274
v -0.353922 0.735230 2.577449
v -0.294145 0.610864 2.552412
v -0.234692 0.498991 2.526322
v -0.151319 0.351478 2.490790
v -0.708513 0.522828 1.291507
v -0.561059 0.622593 2.006121
v -0.785983 0.443113 -0.000580
v -0.775354 0.439284 -0.394916
v -0.746077 0.443361 -0.814523
v -0.642151 0.471773 -1.591050
v -0.559566 0.502550 -1.950340
v -0.756954 0.481533 0.865813
v -0.645027 0.570306 1.658537
v -0.779697 0.455457 0.425455
v -0.215048 0.793853 2.837306
v -0.469334 0.539826 -2.267523
v -0.208601 0.643372 -2.865386
v -0.701778 0.453920 -1.222791
v -0.351914 0.586595 -2.566475
v -0.459683 0.676775 2.302528
v -0.345357 0.733815 2.574331
v -0.178678 0.670041 2.798777
v -0.621922 0.397594 1.291172
v -0.476982 0.498434 1.997537
v -0.391142 0.428153 -2.261635
v -0.701374 0.313077 -0.000580
v -0.688030 0.309878 -0.394819
v -0.658858 0.315412 -0.813084
v -0.556009 0.354070 -1.590434
v -0.477941 0.388982 -1.948816
v -0.671972 0.354907 0.861475
v -0.555445 0.444523 1.658507
v -0.693824 0.329384 0.425151
v -0.171659 0.535771 -2.835011
v -0.613414 0.330852 -1.220920
v -0.295661 0.477006 -2.554100
v -0.388153 0.552078 2.284708
v -0.285630 0.610913 2.548460
v -0.140746 0.551985 2.757871
v -0.500695 0.292090 1.290944
v -0.374369 0.388791 1.988141
v -0.306190 0.333267 -2.255037
v -0.570638 0.220802 -0.000580
v -0.560957 0.215825 -0.394757
v -0.533186 0.221311 -0.812107
v -0.442746 0.257823 -1.589163
v -0.375294 0.294531 -1.947701
v -0.545175 0.253735 0.858531
v -0.441779 0.338054 1.658515
v -0.565147 0.231636 0.424725
v -0.130010 0.428681 -2.800917
v -0.223616 0.377946 -2.537596
v -0.491682 0.236856 -1.219132
v -0.306075 0.443258 2.264081
v -0.226034 0.497570 2.522807
v -0.321097 0.197106 1.290732
v -0.243223 0.271319 1.975203
v -0.193721 0.228379 -2.247395
v -0.361038 0.142207 -0.000580
v -0.355691 0.139203 -0.394716
v -0.338332 0.143837 -0.811305
v -0.283570 0.172478 -1.588438
v -0.239814 0.199467 -1.946418
v -0.348796 0.164906 0.856095
v -0.285015 0.232720 1.658862
v -0.358131 0.150098 0.424949
v -0.082370 0.304883 -2.761179
v -0.314430 0.156018 -1.217695
v -0.146069 0.260832 -2.517887
v -0.198798 0.309189 2.239937
v -0.085082 0.392550 2.701299
v -0.142771 0.350855 2.488852
v -0.166405 0.098004 -0.000580
v -0.166847 0.097585 -0.394816
v -0.162093 0.101579 -0.810898
v -0.133842 0.114445 -1.588050
v -0.120958 0.124518 -1.945105
v -0.159887 0.114082 0.854682
v -0.131085 0.149237 1.658461
v -0.163865 0.106076 0.424885
v -0.146796 0.130987 1.290387
v -0.112025 0.167164 1.962137
v -0.100778 0.138421 -2.239079
v -0.148313 0.106515 -1.216963
v -0.070772 0.157422 -2.494974
v -0.064627 0.211807 2.453642
v -0.090256 0.186111 2.216437
v -0.012612 1.011055 3.221119
v -0.009312 0.888985 3.150749
v -0.009642 0.767786 3.092481
v -0.008723 0.643187 3.018523
v -0.007094 0.453564 2.875134
v -0.005089 0.257669 2.639140
v -0.010212 0.155184 2.438364
v -0.012083 0.120548 2.207328
v -0.494442 0.835376 2.306342
v -0.015474 0.110956 1.954763
v -0.019761 0.110001 1.657219
v -0.027710 0.107682 0.853181
v -0.015823 0.094681 -2.233347
v -0.012813 0.117993 -2.477221
v -0.007069 0.208744 -2.715593
v -0.006289 0.364780 -2.930626
v -0.006515 0.499783 -3.039353
v -0.006719 0.634253 -3.121373
v -0.008492 0.732222 -3.169156
v -0.012252 0.857396 -3.230808
v -0.449745 0.703240 2.292645
v -0.593615 0.792866 2.007084
v -0.750477 0.708951 1.287118
v -0.813163 0.635572 -0.000544
v -0.776252 0.636536 -0.814089
v -0.605454 0.683290 -1.945156
v -0.219976 0.792083 -2.880470
v -0.031128 0.106504 -0.000760
v -0.030083 0.104702 -0.810321
v -0.020470 0.097829 -1.944201
v -0.024197 0.109415 1.289668
v -0.792877 0.673836 0.868844
v -0.802914 0.635856 -0.393845
v -0.682794 0.659214 -1.587397
v -0.509565 0.712088 -2.259939
v -0.682333 0.749659 1.651766
v -0.225200 0.936427 2.858765
v -0.031206 0.105718 -0.394605
v -0.024767 0.101069 -1.587155
v -0.011216 0.141175 -2.585513
v -0.010114 0.260820 -2.832234
v -0.805583 0.647048 0.424676
v -0.029905 0.107096 0.424501
v -0.772342 0.469809 -0.000907
v -0.761907 0.465962 -0.393802
v -0.733025 0.470163 -0.812149
v -0.630980 0.499326 -1.585353
v -0.551408 0.529431 -1.942650
v -0.459873 0.566718 -2.257587
v -0.744337 0.508207 0.862392
v -0.696912 0.549640 1.285620
v -0.634154 0.596981 1.650587
v -0.550825 0.648950 1.996451
v -0.766679 0.482278 0.423704
v -0.204283 0.821109 2.830208
v -0.197508 0.669899 -2.856827
v -0.696903 0.342681 -0.001170
v -0.683646 0.339544 -0.393976
v -0.654743 0.344787 -0.810981
v -0.551219 0.383104 -1.585229
v -0.475366 0.417833 -1.941831
v -0.667620 0.384209 0.857848
v -0.551621 0.473240 1.651184
v -0.689419 0.358949 0.423164
v -0.617777 0.426609 1.285531
v -0.472935 0.526786 1.988501
v -0.166181 0.698539 2.791890
v -0.386449 0.456697 -2.253341
v -0.163786 0.565066 -2.827584
v -0.578543 0.248636 -0.001146
v -0.568193 0.243775 -0.394331
v -0.539610 0.249389 -0.810633
v -0.447223 0.285846 -1.585026
v -0.376839 0.323922 -1.941762
v -0.550172 0.281985 0.855676
v -0.444065 0.366490 1.652108
v -0.573701 0.259496 0.423134
v -0.504049 0.320441 1.286186
v -0.373887 0.417081 1.980863
v -0.303424 0.361903 -2.248289
v -0.375221 0.168368 -0.001018
v -0.369562 0.165232 -0.394547
v -0.350728 0.170054 -0.810400
v -0.290964 0.200030 -1.585612
v -0.244506 0.227952 -1.942172
v -0.360884 0.191527 0.854099
v -0.290031 0.260963 1.654066
v -0.371436 0.176212 0.423942
v -0.330090 0.224646 1.287269
v -0.242779 0.300115 1.969988
v -0.194025 0.256710 -2.242006
v -0.182363 0.122775 -0.000896
v -0.182727 0.122422 -0.394669
v -0.176998 0.126877 -0.810451
v -0.143255 0.141393 -1.586600
v -0.122947 0.154116 -1.942674
v -0.173429 0.139957 0.853562
v -0.136636 0.177409 1.655695
v -0.179211 0.131354 0.424233
v -0.157029 0.158033 1.288379
v -0.112760 0.196145 1.959189
v -0.100957 0.168362 -2.236006
v -0.072500 0.333349 -2.756546
v -0.122294 0.458081 -2.795016
v -0.140488 0.289477 -2.511141
v -0.220582 0.406695 -2.529397
v -0.128743 0.579538 2.752091
v -0.074120 0.420251 2.695018
v -0.735486 0.644644 -1.221894
v -0.027947 0.103170 -1.215922
v -0.689456 0.480842 -1.219019
v -0.609572 0.360007 -1.217440
v -0.498065 0.265045 -1.216592
v -0.325051 0.182964 -1.216062
v -0.161021 0.132516 -1.216189
v -0.386899 0.747231 -2.563771
v -0.344420 0.612535 -2.553509
v -0.290085 0.505242 -2.542411
v -0.066304 0.189507 -2.490009
v -0.383061 0.580408 2.275807
v -0.057066 0.242989 2.449375
v -0.193367 0.337239 2.233903
v -0.302177 0.471380 2.255883
v -0.086811 0.216128 2.213063
v -0.009974 0.333124 2.764722
v -0.009450 0.189156 2.536884
v -0.372668 0.883761 2.583050
v -0.335715 0.760062 2.563551
v -0.279353 0.638848 2.539491
v -0.218755 0.525150 2.514515
v -0.135080 0.378187 2.480939
v -0.690539 0.548392 1.286006
v -0.544230 0.648406 1.997029
v -0.767031 0.468581 -0.000959
v -0.756531 0.464775 -0.393972
v -0.727601 0.468997 -0.812379
v -0.625131 0.498287 -1.585950
v -0.542867 0.529210 -1.943366
v -0.738485 0.507135 0.862286
v -0.627850 0.596144 1.651359
v -0.761071 0.481143 0.423682
v -0.197588 0.818428 2.822958
v -0.452420 0.565808 -2.258428
v -0.190470 0.667791 -2.851449
v -0.683870 0.479820 -1.219358
v -0.334044 0.611198 -2.554739
v -0.443083 0.702319 2.291364
v -0.328707 0.759009 2.561442
v -0.161889 0.695016 2.785483
v -0.611066 0.427385 1.286289
v -0.464993 0.527763 1.989444
v -0.378976 0.457813 -2.253908
v -0.692015 0.343385 -0.001186
v -0.678617 0.340196 -0.394290
v -0.649229 0.345601 -0.811468
v -0.544128 0.382820 -1.586016
v -0.466140 0.417995 -1.942840
v -0.661700 0.384950 0.858315
v -0.544135 0.474132 1.652064
v -0.684054 0.359593 0.423424
v -0.155934 0.564701 -2.822058
v -0.603050 0.360508 -1.218128
v -0.281842 0.506503 -2.543729
v -0.375101 0.581037 2.274657
v -0.271128 0.638803 2.536618
v -0.122862 0.576867 2.745745
v -0.494870 0.322409 1.287234
v -0.364062 0.418232 1.981238
v -0.295081 0.363536 -2.248599
v -0.567811 0.251195 -0.001117
v -0.558277 0.246344 -0.394667
v -0.530091 0.251934 -0.811190
v -0.437079 0.288454 -1.586133
v -0.366624 0.324647 -1.942977
v -0.540611 0.284078 0.856257
v -0.433870 0.368106 1.653328
v -0.561547 0.261954 0.423580
v -0.113638 0.457991 -2.790035
v -0.209742 0.408157 -2.528646
v -0.487590 0.267562 -1.217412
v -0.292958 0.471410 2.255392
v -0.210159 0.523889 2.512393
v -0.317362 0.227195 1.288233
v -0.232182 0.299861 1.970487
v -0.181823 0.257999 -2.242906
v -0.361211 0.172347 -0.000973
v -0.356109 0.169418 -0.394701
v -0.338342 0.174206 -0.810799
v -0.280154 0.203186 -1.586647
v -0.232130 0.229949 -1.943432
v -0.347506 0.195079 0.854601
v -0.277906 0.262351 1.655343
v -0.358071 0.180236 0.424207
v -0.064182 0.332366 -2.751679
v -0.313312 0.186578 -1.216699
v -0.130630 0.289014 -2.510977
v -0.184164 0.336595 2.233740
v -0.065996 0.418669 2.691322
v -0.125580 0.377598 2.480783
v -0.169425 0.127949 -0.000809
v -0.169914 0.127525 -0.394755
v -0.164210 0.131743 -0.810756
v -0.132121 0.145418 -1.587541
v -0.115060 0.155789 -1.944145
v -0.159930 0.144503 0.854020
v -0.124233 0.180109 1.656973
v -0.165784 0.136215 0.424468
v -0.143804 0.161735 1.289312
v -0.100949 0.197809 1.959957
v -0.091980 0.171023 -2.236939
v -0.148883 0.137082 -1.216706
v -0.058391 0.192462 -2.490839
v -0.048231 0.245772 2.448567
v -0.076144 0.217464 2.212928
v 0.034805 1.003194 3.236398
v 0.034805 0.871047 3.169488
v 0.034805 0.751027 3.109269
v 0.034805 0.624735 3.033996
v 0.034805 0.433751 2.888434
v 0.034805 0.229332 2.648211
v 0.034805 0.142317 2.442111
v 0.034805 0.104123 2.210071
v 0.518407 0.826199 2.317599
v 0.034805 0.090325 1.956560
v 0.034805 0.085831 1.658453
v 0.034805 0.079852 0.853731
v 0.034805 0.073684 -2.235477
v 0.034805 0.100781 -2.480610
v 0.034805 0.177109 -2.724373
v 0.034805 0.342707 -2.943978
v 0.034805 0.476230 -3.055400
v 0.034805 0.610886 -3.140710
v 0.034805 0.714719 -3.188007
v 0.034805 0.850506 -3.246001
v 0.467772 0.678219 2.304762
v 0.618649 0.784117 2.016006
v 0.776554 0.700199 1.291948
v 0.840185 0.628732 -0.000580
v 0.803046 0.629232 -0.816579
v 0.630745 0.674154 -1.952820
v 0.242872 0.784674 -2.894893
v 0.034805 0.077909 -0.000580
v 0.034805 0.076295 -0.810515
v 0.034805 0.073172 -1.945078
v 0.034805 0.082828 1.290572
v 0.819465 0.665767 0.871503
v 0.829876 0.628903 -0.395155
v 0.708738 0.650489 -1.592970
v 0.534128 0.703097 -2.269928
v 0.708006 0.740999 1.658576
v 0.247666 0.928211 2.873444
v 0.034805 0.077111 -0.394651
v 0.034805 0.074252 -1.587656
v 0.034805 0.126637 -2.589875
v 0.034805 0.250282 -2.840141
v 0.832508 0.639915 0.425783
v 0.034805 0.078728 0.424824
v 0.795188 0.445451 -0.000580
v 0.784629 0.441594 -0.394920
v 0.755396 0.445609 -0.814583
v 0.651438 0.473510 -1.591075
v 0.570958 0.503390 -1.950564
v 0.478641 0.541391 -2.267823
v 0.766176 0.483609 0.865995
v 0.717808 0.524949 1.291522
v 0.654320 0.571903 1.658538
v 0.570212 0.623812 2.006477
v 0.789131 0.457621 0.425468
v 0.220962 0.796610 2.845480
v 0.215026 0.645705 -2.871776
v 0.711568 0.311631 -0.000580
v 0.698182 0.308480 -0.394821
v 0.668963 0.314014 -0.813107
v 0.565818 0.354405 -1.590464
v 0.489250 0.388683 -1.948815
v 0.682110 0.353669 0.861545
v 0.565285 0.443393 1.658507
v 0.703977 0.328071 0.425162
v 0.631948 0.396457 1.291177
v 0.486584 0.497366 1.997754
v 0.181921 0.673235 2.806383
v 0.400005 0.426843 -2.262469
v 0.178870 0.535953 -2.842148
v 0.585362 0.217134 -0.000580
v 0.574798 0.212031 -0.394761
v 0.546348 0.217577 -0.812163
v 0.455176 0.254566 -1.589214
v 0.386391 0.293518 -1.947786
v 0.558121 0.250776 0.858700
v 0.453361 0.336096 1.658487
v 0.581093 0.228188 0.424709
v 0.512510 0.289485 1.290957
v 0.384244 0.387588 1.989002
v 0.313940 0.331435 -2.256022
v 0.376119 0.137594 -0.000580
v 0.370247 0.134354 -0.394706
v 0.351785 0.139013 -0.811339
v 0.294766 0.168975 -1.588469
v 0.251248 0.197452 -1.946532
v 0.363404 0.160794 0.856216
v 0.297097 0.231353 1.658898
v 0.372888 0.145419 0.424955
v 0.334478 0.194278 1.290765
v 0.253148 0.271722 1.976308
v 0.204543 0.227260 -2.248080
v 0.179569 0.092261 -0.000580
v 0.180045 0.091872 -0.394829
v 0.174932 0.096227 -0.810927
v 0.144557 0.110214 -1.588080
v 0.128580 0.122708 -1.945152
v 0.172561 0.109403 0.854753
v 0.141257 0.146753 1.658461
v 0.176838 0.100880 0.424889
v 0.158484 0.127356 1.290373
v 0.120948 0.165711 1.962945
v 0.109005 0.135538 -2.239797
v 0.088623 0.305886 -2.767580
v 0.137235 0.428858 -2.807585
v 0.154697 0.261483 -2.519854
v 0.232763 0.376557 -2.539640
v 0.145324 0.554786 2.765598
v 0.090851 0.394178 2.706591
v 0.761956 0.636686 -1.225714
v 0.034805 0.075271 -1.216266
v 0.711141 0.455931 -1.222870
v 0.623638 0.330140 -1.220932
v 0.505323 0.233322 -1.219232
v 0.327064 0.151807 -1.217756
v 0.160116 0.101612 -1.217016
v 0.410595 0.738864 -2.576208
v 0.362828 0.588323 -2.566340
v 0.304439 0.475675 -2.554371
v 0.076741 0.154429 -2.496054
v 0.396565 0.551362 2.287138
v 0.069771 0.209980 2.456368
v 0.206641 0.309971 2.241921
v 0.314445 0.443371 2.265930
v 0.097601 0.185168 2.218350
v 0.034805 0.323315 2.773053
v 0.034805 0.178306 2.541402
v 0.395723 0.874799 2.596274
v 0.352753 0.735230 2.577449
v 0.292977 0.610864 2.552412
v 0.233524 0.498991 2.526322
v 0.150150 0.351478 2.490790
v 0.707344 0.522828 1.291507
v 0.559890 0.622593 2.006121
v 0.784815 0.443113 -0.000580
v 0.774186 0.439284 -0.394915
v 0.744909 0.443361 -0.814523
v 0.640983 0.471773 -1.591050
v 0.558398 0.502550 -1.950340
v 0.755786 0.481533 0.865813
v 0.643859 0.570306 1.658537
v 0.778529 0.455457 0.425455
v 0.213880 0.793853 2.837306
v 0.468166 0.539826 -2.267523
v 0.207433 0.643372 -2.865386
v 0.700610 0.453920 -1.222791
v 0.350746 0.586595 -2.566475
v 0.458515 0.676775 2.302528
v 0.344189 0.733815 2.574331
v 0.177509 0.670041 2.798777
v 0.620754 0.397594 1.291172
v 0.475813 0.498434 1.997537
v 0.389975 0.428153 -2.261635
v 0.700206 0.313077 -0.000580
v 0.686862 0.309878 -0.394819
v 0.657690 0.315412 -0.813084
v 0.554841 0.354070 -1.590434
v 0.476773 0.388982 -1.948816
v 0.670803 0.354907 0.861475
v 0.554277 0.444523 1.658507
v 0.692655 0.329384 0.425151
v 0.170491 0.535771 -2.835011
v 0.612246 0.330852 -1.220920
v 0.294493 0.477006 -2.554100
v 0.386985 0.552078 2.284708
v 0.284462 0.610913 2.548460
v 0.139577 0.551985 2.757871
v 0.499527 0.292090 1.290944
v 0.373200 0.388791 1.988141
v 0.305022 0.333267 -2.255037
v 0.569469 0.220802 -0.000580
v 0.559789 0.215825 -0.394757
v 0.532018 0.221311 -0.812106
v 0.441578 0.257823 -1.589163
v 0.374126 0.294531 -1.947701
v 0.544006 0.253735 0.858531
v 0.440611 0.338054 1.658515
v 0.563979 0.231636 0.424725
v 0.128842 0.428681 -2.800917
v 0.222448 0.377946 -2.537596
v 0.490514 0.236856 -1.219132
v 0.304907 0.443258 2.264081
v 0.224865 0.497570 2.522807
v 0.319928 0.197106 1.290732
v 0.242054 0.271319 1.975203
v 0.192553 0.228379 -2.247395
v 0.359870 0.142207 -0.000580
v 0.354523 0.139203 -0.394716
v 0.337164 0.143837 -0.811305
v 0.282402 0.172478 -1.588438
v 0.238646 0.199467 -1.946418
v 0.347627 0.164906 0.856095
v 0.283846 0.232720 1.658862
v 0.356962 0.150098 0.424949
v 0.081202 0.304883 -2.761179
v 0.313262 0.156018 -1.217695
v 0.144901 0.260832 -2.517887
v 0.197630 0.309189 2.239937
v 0.083914 0.392550 2.701299
v 0.141602 0.350855 2.488852
v 0.165236 0.098004 -0.000580
v 0.165679 0.097585 -0.394816
v 0.160925 0.101579 -0.810898
v 0.132674 0.114445 -1.588050
v 0.119790 0.124518 -1.945105
v 0.158719 0.114082 0.854682
v 0.129917 0.149237 1.658461
v 0.162697 0.106076 0.424885
v 0.145627 0.130987 1.290387
v 0.110857 0.167164 1.962137
v 0.099610 0.138421 -2.239079
v 0.147145 0.106515 -1.216963
v 0.069604 0.157422 -2.494974
v 0.063459 0.211807 2.453642
v 0.089088 0.186111 2.216437
v 0.011443 1.011055 3.221119
v 0.008144 0.888985 3.150749
v 0.008474 0.767786 3.092481
v 0.007554 0.643187 3.018523
v 0.005925 0.453564 2.875134
v 0.003920 0.257669 2.639140
v 0.009043 0.155184 2.438364
v 0.010915 0.120548 2.207328
v 0.493273 0.835376 2.306342
v 0.014306 0.110956 1.954763
v 0.018593 0.110001 1.657219
v 0.026542 0.107682 0.853181
v 0.014655 0.094681 -2.233347
v 0.011645 0.117993 -2.477221
v 0.005901 0.208744 -2.715593
v 0.005122 0.364780 -2.930626
v 0.005347 0.499783 -3.039353
v 0.005552 0.634253 -3.121373
v 0.007325 0.732222 -3.169156
v 0.011084 0.857396 -3.230808
v 0.448577 0.703240 2.292645
v 0.592446 0.792866 2.007084
v 0.749308 0.708951 1.287118
v 0.811995 0.635572 -0.000543
v 0.775084 0.636536 -0.814089
v 0.604287 0.683290 -1.945156
v 0.218808 0.792083 -2.880470
v 0.029960 0.106504 -0.000760
v 0.028915 0.104702 -0.810321
v 0.019302 0.097829 -1.944201
v 0.023028 0.109415 1.289668
v 0.791708 0.673836 0.868844
v 0.801746 0.635856 -0.393844
v 0.681626 0.659214 -1.587397
v 0.508397 0.712088 -2.259939
v 0.681164 0.749659 1.651766
v 0.224031 0.936427 2.858765
v 0.030038 0.105718 -0.394605
v 0.023600 0.101069 -1.587155
v 0.010048 0.141175 -2.585513
v 0.008946 0.260820 -2.832234
v 0.804415 0.647048 0.424676
v 0.028737 0.107096 0.424501
v 0.771174 0.469809 -0.000907
v 0.760738 0.465962 -0.393802
v 0.731857 0.470163 -0.812149
v 0.629812 0.499326 -1.585353
v 0.550240 0.529431 -1.942650
v 0.458706 0.566718 -2.257587
v 0.743168 0.508207 0.862392
v 0.695744 0.549640 1.285620
v 0.632986 0.596981 1.650587
v 0.549656 0.648950 1.996451
v 0.765511 0.482278 0.423704
v 0.203115 0.821109 2.830208
v 0.196341 0.669899 -2.856827
v 0.695735 0.342681 -0.001170
v 0.682478 0.339544 -0.393976
v 0.653575 0.344787 -0.810981
v 0.550052 0.383104 -1.585229
v 0.474198 0.417833 -1.941831
v 0.666452 0.384209 0.857848
v 0.550453 0.473240 1.651184
v 0.688251 0.358949 0.423164
v 0.616609 0.426609 1.285531
v 0.471767 0.526786 1.988501
v 0.165012 0.698539 2.791890
v 0.385281 0.456697 -2.253341
v 0.162619 0.565066 -2.827584
v 0.577375 0.248636 -0.001146
v 0.567025 0.243775 -0.394331
v 0.538442 0.249389 -0.810633
v 0.446056 0.285846 -1.585026
v 0.375671 0.323922 -1.941762
v 0.549004 0.281985 0.855676
v 0.442897 0.366490 1.652108
v 0.572533 0.259496 0.423134
v 0.502880 0.320441 1.286186
v 0.372718 0.417081 1.980863
v 0.302256 0.361903 -2.248289
v 0.374053 0.168368 -0.001018
v 0.368394 0.165232 -0.394547
v 0.349560 0.170054 -0.810400
v 0.289796 0.200030 -1.585612
v 0.243338 0.227952 -1.942172
v 0.359716 0.191527 0.854099
v 0.288862 0.260963 1.654066
v 0.370268 0.176212 0.423942
v 0.328922 0.224646 1.287269
v 0.241611 0.300115 1.969988
v 0.192857 0.256710 -2.242006
v 0.181194 0.122775 -0.000896
v 0.181558 0.122422 -0.394669
v 0.175830 0.126877 -0.810451
v 0.142088 0.141393 -1.586600
v 0.121780 0.154116 -1.942674
v 0.172261 0.139957 0.853562
v 0.135467 0.177409 1.655695
v 0.178043 0.131354 0.424233
v 0.155860 0.158033 1.288379
v 0.111591 0.196145 1.959189
v 0.099789 0.168362 -2.236006
v 0.071332 0.333349 -2.756546
v 0.121126 0.458081 -2.795016
v 0.139320 0.289477 -2.511141
v 0.219414 0.406695 -2.529397
v 0.127574 0.579538 2.752091
v 0.072951 0.420251 2.695018
v 0.734318 0.644644 -1.221894
v 0.026779 0.103170 -1.215922
v 0.688288 0.480842 -1.219019
v 0.608404 0.360007 -1.217440
v 0.496897 0.265045 -1.216592
v 0.323883 0.182964 -1.216062
v 0.159853 0.132516 -1.216189
v 0.385732 0.747231 -2.563771
v 0.343252 0.612535 -2.553509
v 0.288917 0.505242 -2.542411
v 0.065136 0.189507 -2.490009
v 0.381893 0.580408 2.275807
v 0.055897 0.242989 2.449375
v 0.192199 0.337239 2.233903
v 0.301008 0.471380 2.255883
v 0.085643 0.216128 2.213063
v 0.008805 0.333124 2.764722
v 0.008281 0.189156 2.536884
v 0.371499 0.883761 2.583050
v 0.334546 0.760062 2.563551
v 0.278185 0.638848 2.539491
v 0.217587 0.525150 2.514515
v 0.133911 0.378187 2.480939
v 0.689370 0.548392 1.286006
v 0.543061 0.648406 1.997029
v 0.765863 0.468581 -0.000959
v 0.755363 0.464775 -0.393972
v 0.726433 0.468997 -0.812379
v 0.623963 0.498287 -1.585950
v 0.541699 0.529210 -1.943366
v 0.737316 0.507135 0.862286
v 0.626681 0.596144 1.651359
v 0.759903 0.481143 0.423682
v 0.196419 0.818428 2.822958
v 0.451253 0.565808 -2.258428
v 0.189303 0.667791 -2.851449
v 0.682702 0.479820 -1.219358
v 0.332876 0.611198 -2.554739
v 0.441914 0.702319 2.291364
v 0.327538 0.759009 2.561442
v 0.160720 0.695016 2.785483
v 0.609898 0.427385 1.286289
v 0.463824 0.527763 1.989444
v 0.377809 0.457813 -2.253908
v 0.690847 0.343385 -0.001186
v 0.677448 0.340196 -0.394290
v 0.648061 0.345601 -0.811468
v 0.542961 0.382820 -1.586016
v 0.464972 0.417995 -1.942840
v 0.660531 0.384950 0.858315
v 0.542966 0.474132 1.652064
v 0.682886 0.359593 0.423424
v 0.154767 0.564701 -2.822058
v 0.601882 0.360508 -1.218128
v 0.280674 0.506503 -2.543729
v 0.373932 0.581037 2.274657
v 0.269959 0.638803 2.536618
v 0.121693 0.576867 2.745745
v 0.493702 0.322409 1.287234
v 0.362894 0.418232 1.981238
v 0.293914 0.363536 -2.248599
v 0.566643 0.251195 -0.001117
v 0.557109 0.246344 -0.394667
v 0.528923 0.251934 -0.811190
v 0.435911 0.288454 -1.586133
v 0.365456 0.324647 -1.942977
v 0.539443 0.284078 0.856257
v 0.432702 0.368106 1.653328
v 0.560379 0.261954 0.423580
v 0.112470 0.457991 -2.790035
v 0.208574 0.408157 -2.528646
v 0.486422 0.267562 -1.217412
v 0.291789 0.471410 2.255392
v 0.208991 0.523889 2.512393
v 0.316194 0.227195 1.288233
v 0.231014 0.299861 1.970487
v 0.180656 0.257999 -2.242906
v 0.360043 0.172347 -0.000973
v 0.354941 0.169418 -0.394701
v 0.337174 0.174206 -0.810799
v 0.278986 0.203186 -1.586647
v 0.230962 0.229949 -1.943432
v 0.346338 0.195079 0.854601
v 0.276737 0.262351 1.655343
v 0.356903 0.180236 0.424207
v 0.063014 0.332366 -2.751679
v 0.312144 0.186578 -1.216699
v 0.129462 0.289014 -2.510977
v 0.182996 0.336595 2.233740
v 0.064828 0.418669 2.691322
v 0.124412 0.377598 2.480783
v 0.168257 0.127949 -0.000809
v 0.168746 0.127525 -0.394755
v 0.163042 0.131743 -0.810756
v 0.130953 0.145418 -1.587541
v 0.113892 0.155789 -1.944145
v 0.158762 0.144503 0.854020
v 0.123065 0.180109 1.656973
v 0.164616 0.136215 0.424468
v 0.142635 0.161735 1.289312
v 0.099780 0.197809 1.959957
v 0.090812 0.171023 -2.236939
v 0.147715 0.137082 -1.216706
v 0.057223 0.192462 -2.490839
v 0.047063 0.245772 2.448567
v 0.074975 0.217464 2.212928
v -0.000584 0.256565 1.301723
v -0.000584 0.256565 1.268164
v -0.107377 0.263762 1.268163
v -0.344555 0.336443 1.301695
v -0.344555 0.336443 1.268135
v -0.107377 0.263762 1.301723
v -0.641913 0.618573 1.301592
v -0.641913 0.618573 1.268033
v -0.608818 0.556421 1.301610
v -0.550388 0.477851 1.301626
v -0.550388 0.477851 1.268067
v -0.608818 0.556421 1.268051
v -0.454889 0.396973 1.301666
v -0.454890 0.396973 1.268106
v -0.000584 0.234610 0.440761
v -0.000584 0.234610 0.407201
v -0.114794 0.240038 0.440761
v -0.114794 0.240038 0.407201
v -0.380826 0.292016 0.440761
v -0.380826 0.292016 0.407201
v -0.243986 0.257508 0.440761
v -0.243986 0.257508 0.407201
v -0.718396 0.574641 0.440630
v -0.718396 0.574641 0.407070
v -0.674301 0.490152 0.440670
v -0.605926 0.410132 0.440712
v -0.605926 0.410132 0.407153
v -0.674301 0.490152 0.407110
v -0.509229 0.343900 0.440737
v -0.509229 0.343900 0.407177
v -0.226829 0.291922 1.268153
v -0.226829 0.291922 1.301712
v -0.000584 0.098990 1.301723
v -0.000584 0.098990 1.268164
v -0.108479 0.150607 1.268164
v -0.376046 0.254374 1.301698
v -0.376047 0.254374 1.268139
v -0.108479 0.145600 1.301723
v -0.706578 0.589215 1.301592
v -0.706578 0.589215 1.268033
v -0.672415 0.524396 1.301609
v -0.604121 0.420886 1.301628
v -0.604122 0.420888 1.268069
v -0.672416 0.524397 1.268049
v -0.490050 0.321795 1.301672
v -0.490051 0.321796 1.268112
v -0.000584 0.099629 0.440761
v -0.000584 0.099629 0.407201
v -0.120431 0.125687 0.440761
v -0.120431 0.125687 0.407201
v -0.399425 0.194513 0.440761
v -0.399425 0.194513 0.407201
v -0.255745 0.155308 0.440761
v -0.255745 0.155308 0.407201
v -0.780275 0.545985 0.440630
v -0.780275 0.545985 0.407071
v -0.741911 0.448724 0.440672
v -0.668933 0.348591 0.440717
v -0.668935 0.348593 0.407158
v -0.741913 0.448727 0.407113
v -0.557835 0.262321 0.440739
v -0.557836 0.262322 0.407180
v -0.248349 0.203501 1.268152
v -0.248349 0.203501 1.301712
v -0.000584 0.254330 -1.240242
v -0.000584 0.254330 -1.206682
v -0.111741 0.259361 -1.206681
v -0.331404 0.317873 -1.240219
v -0.331404 0.317873 -1.206659
v -0.111741 0.259361 -1.240241
v -0.624020 0.566124 -1.240110
v -0.624020 0.566124 -1.206551
v -0.585753 0.490929 -1.240141
v -0.518620 0.416162 -1.240156
v -0.518620 0.416162 -1.206597
v -0.585754 0.490929 -1.206582
v -0.434679 0.360536 -1.240191
v -0.434679 0.360536 -1.206632
v -0.000584 0.229035 -0.412125
v -0.000584 0.229035 -0.378565
v -0.114794 0.234462 -0.412125
v -0.114794 0.234462 -0.378565
v -0.384199 0.284512 -0.412125
v -0.384199 0.284512 -0.378565
v -0.245106 0.252808 -0.412125
v -0.245106 0.252808 -0.378565
v -0.705747 0.562167 -0.408826
v -0.705747 0.562167 -0.375267
v -0.664102 0.471690 -0.412037
v -0.600587 0.392343 -0.412081
v -0.600587 0.392343 -0.378522
v -0.664102 0.471690 -0.378478
v -0.501387 0.329098 -0.412103
v -0.501387 0.329098 -0.378544
v -0.221980 0.281682 -1.206671
v -0.221980 0.281682 -1.240231
v -0.000584 0.098990 -1.240242
v -0.000584 0.098990 -1.206682
v -0.128060 0.130227 -1.206681
v -0.376559 0.210524 -1.240219
v -0.376559 0.210525 -1.206660
v -0.128060 0.130227 -1.240240
v -0.711396 0.543120 -1.240111
v -0.711396 0.543120 -1.206551
v -0.661451 0.440417 -1.240142
v -0.589009 0.347273 -1.240156
v -0.589010 0.347274 -1.206597
v -0.661452 0.440418 -1.206582
v -0.492091 0.270532 -1.240191
v -0.492093 0.270534 -1.206632
v -0.000584 0.100207 -0.412125
v -0.000584 0.100207 -0.378565
v -0.120431 0.120781 -0.412125
v -0.120431 0.120781 -0.378565
v -0.406339 0.183447 -0.412123
v -0.406340 0.183448 -0.378564
v -0.261657 0.142411 -0.412124
v -0.261657 0.142411 -0.378565
v -0.784867 0.545985 -0.411994
v -0.784867 0.545985 -0.378434
v -0.738217 0.433031 -0.412068
v -0.663138 0.326227 -0.412512
v -0.663140 0.326229 -0.378952
v -0.738219 0.433034 -0.378509
v -0.556593 0.244695 -0.412103
v -0.556594 0.244696 -0.378544
v -0.247228 0.161943 -1.206671
v -0.247227 0.161942 -1.240230
v 0.106208 0.263762 1.268163
v 0.343387 0.336443 1.301695
v 0.343387 0.336443 1.268135
v 0.106208 0.263762 1.301723
v 0.640744 0.618573 1.301592
v 0.640744 0.618573 1.268033
v 0.607650 0.556421 1.301610
v 0.549220 0.477851 1.301626
v 0.549220 0.477851 1.268067
v 0.607650 0.556421 1.268051
v 0.453721 0.396973 1.301666
v 0.453721 0.396973 1.268106
v 0.113626 0.240038 0.440761
v 0.113626 0.240038 0.407201
v 0.379658 0.292016 0.440761
v 0.379658 0.292016 0.407201
v 0.242818 0.257508 0.440761
v 0.242818 0.257508 0.407201
v 0.717228 0.574641 0.440630
v 0.717228 0.574641 0.407071
v 0.673132 0.490152 0.440670
v 0.604757 0.410132 0.440712
v 0.604757 0.410132 0.407153
v 0.673132 0.490152 0.407111
v 0.508061 0.343900 0.440737
v 0.508061 0.343900 0.407178
v 0.225661 0.291922 1.268153
v 0.225661 0.291922 1.301712
v 0.107311 0.150607 1.268164
v 0.374878 0.254374 1.301698
v 0.374878 0.254374 1.268139
v 0.107311 0.145600 1.301723
v 0.705410 0.589215 1.301592
v 0.705410 0.589215 1.268033
v 0.671247 0.524396 1.301609
v 0.602953 0.420886 1.301628
v 0.602954 0.420888 1.268069
v 0.671248 0.524397 1.268049
v 0.488881 0.321795 1.301672
v 0.488883 0.321796 1.268112
v 0.119263 0.125687 0.440761
v 0.119263 0.125687 0.407201
v 0.398257 0.194513 0.440761
v 0.398257 0.194513 0.407201
v 0.254577 0.155308 0.440761
v 0.254577 0.155308 0.407201
v 0.779107 0.545985 0.440630
v 0.779107 0.545985 0.407071
v 0.740742 0.448724 0.440673
v 0.667764 0.348591 0.440717
v 0.667767 0.348593 0.407158
v 0.740745 0.448727 0.407113
v 0.556667 0.262321 0.440739
v 0.556668 0.262322 0.407180
v 0.247181 0.203501 1.268152
v 0.247180 0.203501 1.301712
v 0.110573 0.259361 -1.206681
v 0.330236 0.317873 -1.240219
v 0.330236 0.317873 -1.206659
v 0.110573 0.259361 -1.240241
v 0.622852 0.566124 -1.240110
v 0.622852 0.566124 -1.206551
v 0.584586 0.490929 -1.240141
v 0.517453 0.416162 -1.240156
v 0.517453 0.416162 -1.206597
v 0.584586 0.490929 -1.206582
v 0.433511 0.360536 -1.240191
v 0.433511 0.360536 -1.206632
v 0.113626 0.234462 -0.412125
v 0.113626 0.234462 -0.378565
v 0.383031 0.284512 -0.412125
v 0.383031 0.284512 -0.378565
v 0.243938 0.252808 -0.412125
v 0.243938 0.252808 -0.378565
v 0.704579 0.562167 -0.408826
v 0.704579 0.562167 -0.375267
v 0.662934 0.471690 -0.412037
v 0.599419 0.392343 -0.412081
v 0.599419 0.392343 -0.378522
v 0.662934 0.471690 -0.378478
v 0.500219 0.329098 -0.412103
v 0.500219 0.329098 -0.378544
v 0.220812 0.281682 -1.206671
v 0.220812 0.281682 -1.240231
v 0.126892 0.130227 -1.206681
v 0.375391 0.210524 -1.240219
v 0.375391 0.210525 -1.206660
v 0.126892 0.130227 -1.240240
v 0.710228 0.543120 -1.240111
v 0.710228 0.543120 -1.206551
v 0.660283 0.440417 -1.240142
v 0.587841 0.347273 -1.240156
v 0.587842 0.347274 -1.206597
v 0.660284 0.440418 -1.206582
v 0.490923 0.270532 -1.240191
v 0.490925 0.270534 -1.206632
v 0.119263 0.120781 -0.412125
v 0.119263 0.120781 -0.378565
v 0.405171 0.183447 -0.412123
v 0.405172 0.183448 -0.378564
v 0.260489 0.142411 -0.412124
v 0.260489 0.142411 -0.378565
v 0.783699 0.545985 -0.411994
v 0.783699 0.545985 -0.378434
v 0.737049 0.433031 -0.412068
v 0.661970 0.326227 -0.412511
v 0.661972 0.326229 -0.378952
v 0.737051 0.433034 -0.378508
v 0.555425 0.244695 -0.412103
v 0.555426 0.244696 -0.378544
v 0.246060 0.161943 -1.206671
v 0.246059 0.161942 -1.240230
vn -0.0000 -0.5402 -0.8415
vn -0.0000 -0.6811 -0.7322
vn -0.0000 -0.4853 0.8744
vn -0.0000 -0.4328 0.9015
vn -0.0000 0.4148 0.9099
vn -0.0000 0.3360 0.9418
vn -0.0000 -0.4412 -0.8974
vn -0.0000 -0.5809 0.8140
vn -0.0000 -0.3866 -0.9222
vn -0.0000 -0.7158 0.6983
vn -0.0000 -0.3686 -0.9296
vn -0.0000 -0.8472 0.5312
vn -0.0000 0.9999 0.0141
vn -0.0000 -0.9490 0.3153
vn -0.0000 -0.9929 0.1192
vn -0.0000 -0.9997 0.0258
vn -0.0000 -1.0000 0.0041
vn -0.0000 -0.9999 -0.0160
vn -0.0000 -0.9912 -0.1324
vn -0.0000 -0.9406 -0.3395
vn -0.0000 -0.8319 -0.5549
vn -0.0000 0.3305 -0.9438
vn -0.0000 0.2962 -0.9551
vn -0.0000 0.4415 -0.8973
vn -0.0000 0.5809 -0.8140
vn -0.0000 0.7158 -0.6983
vn -0.0000 0.8472 -0.5312
vn -0.0000 0.9490 -0.3153
vn -0.0000 0.9891 -0.1476
vn -0.0000 0.9985 -0.0544
vn -0.0000 1.0000 -0.0041
vn -0.0000 0.9988 0.0487
vn -0.0000 0.9863 0.1648
vn -0.0000 0.9398 0.3417
vn -0.0000 0.8307 0.5568
vn -0.0000 0.6811 0.7322
vn -0.0000 0.9993 -0.0373
vn -0.0000 0.5402 0.8415
vn 1.0000 -0.0000 -0.0000
vn -1.0000 -0.0000 -0.0000
vn -0.0000 0.3215 0.9469
vn -0.0000 -0.4111 0.9116
vn 0.0035 -0.9911 0.1333
vn -0.0377 -0.9863 0.1604
vn -0.0378 -0.9862 0.1610
vn 0.0059 -0.9912 0.1324
vn -0.1643 -0.9864 -0.0016
vn -0.1644 -0.9864 -0.0016
vn -0.1670 -0.9859 0.0062
vn -0.2027 -0.9792 -0.0067
vn -0.2030 -0.9792 -0.0067
vn -0.2757 -0.9612 -0.0118
vn -0.2763 -0.9610 -0.0118
vn -0.5307 -0.8470 -0.0299
vn -0.5320 -0.8462 -0.0301
vn -0.3854 -0.9226 -0.0172
vn -0.3846 -0.9229 -0.0172
vn -0.8867 -0.3099 -0.3433
vn -0.9118 -0.3148 -0.2636
vn -0.9117 -0.3148 -0.2641
vn -0.8864 -0.3097 -0.3440
vn -0.2091 -0.9778 0.0111
vn -0.2843 -0.9585 0.0189
vn -0.2845 -0.9585 0.0189
vn -0.9567 -0.2769 0.0897
vn -0.9391 -0.3015 0.1649
vn -0.9386 -0.3016 0.1676
vn -0.9557 -0.2790 0.0934
vn -0.4040 -0.9142 0.0310
vn -0.4047 -0.9139 0.0311
vn -0.5562 -0.8300 0.0423
vn -0.5559 -0.8302 0.0423
vn -0.9254 -0.2987 0.2334
vn -0.9040 -0.3007 0.3040
vn -0.9016 -0.3019 0.3098
vn -0.9249 -0.2983 0.2356
vn -0.9718 -0.2358 -0.0010
vn -0.9718 -0.2358 -0.0015
vn -0.9686 -0.2457 0.0378
vn -0.9685 -0.2462 0.0385
vn -0.1486 -0.9746 0.1675
vn -0.1148 -0.9735 0.1977
vn -0.1185 -0.9741 0.1926
vn -0.1535 -0.9743 0.1649
vn -0.1959 -0.9762 0.0931
vn -0.1831 -0.9735 0.1373
vn -0.1847 -0.9736 0.1345
vn -0.1960 -0.9763 0.0916
vn -0.1232 -0.9757 -0.1812
vn -0.1038 -0.9861 -0.1295
vn -0.1052 -0.9867 -0.1241
vn -0.1162 -0.9785 -0.1706
vn -0.9343 -0.3005 -0.1918
vn -0.9342 -0.3007 -0.1921
vn -0.9526 -0.2744 -0.1318
vn -0.9527 -0.2742 -0.1314
vn -0.9640 -0.2518 -0.0858
vn -0.9698 -0.2397 -0.0453
vn -0.9698 -0.2397 -0.0451
vn -0.8187 -0.2953 0.4926
vn -0.8130 -0.3280 0.4812
vn -0.8099 -0.3435 0.4755
vn -0.8560 -0.2878 -0.4295
vn -0.8573 -0.2890 -0.4261
vn -0.8554 -0.4516 -0.2539
vn -0.8725 -0.4114 -0.2637
vn -0.8920 -0.3573 -0.2770
vn -0.8646 -0.3165 0.3902
vn -0.8675 -0.3156 0.3845
vn 0.1101 -0.9876 -0.1119
vn 0.0425 -0.9941 -0.0994
vn 0.0306 -0.9947 -0.0986
vn 0.1012 -0.9888 -0.1093
vn 0.1083 -0.9916 0.0703
vn 0.1028 -0.9898 0.0983
vn 0.1031 -0.9900 0.0961
vn 0.1087 -0.9917 0.0685
vn 0.1009 -0.9873 0.1225
vn 0.1037 -0.9842 0.1435
vn 0.1029 -0.9847 0.1406
vn 0.1009 -0.9878 0.1190
vn -0.8688 -0.4952 0.0047
vn -0.8688 -0.4952 0.0040
vn -0.8652 -0.4988 0.0518
vn -0.8651 -0.4989 0.0525
vn -0.8437 -0.5053 0.1810
vn -0.8440 -0.5052 0.1800
vn -0.8279 -0.5057 0.2425
vn -0.8278 -0.5057 0.2430
vn -0.8577 -0.5024 0.1093
vn -0.8574 -0.5024 0.1119
vn -0.8201 -0.5096 -0.2602
vn -0.8200 -0.5093 -0.2613
vn -0.8296 -0.5224 -0.1970
vn -0.8298 -0.5227 -0.1955
vn -0.8424 -0.5214 -0.1361
vn -0.8422 -0.5216 -0.1368
vn -0.8560 -0.5095 -0.0883
vn -0.8561 -0.5093 -0.0878
vn -0.8654 -0.4992 -0.0443
vn -0.8655 -0.4991 -0.0437
vn -0.8297 -0.3472 0.4371
vn -0.8246 -0.3671 0.4304
vn -0.8376 -0.3127 0.4479
vn -0.0778 -0.9658 0.2473
vn -0.0721 -0.9633 0.2584
vn -0.0720 -0.9629 0.2600
vn -0.0782 -0.9659 0.2468
vn -0.8207 -0.3981 -0.4097
vn -0.8265 -0.3087 -0.4707
vn -0.8253 -0.3217 -0.4641
vn -0.8204 -0.4040 -0.4046
vn -0.8180 -0.2376 -0.5239
vn -0.8308 -0.2578 -0.4932
vn -0.8280 -0.2533 -0.5002
vn 0.1519 -0.9821 0.1118
vn 0.1022 -0.9829 0.1534
vn 0.1083 -0.9830 0.1479
vn 0.1569 -0.9817 0.1081
vn 0.2011 -0.9781 0.0539
vn 0.1862 -0.9791 0.0822
vn 0.1888 -0.9788 0.0794
vn 0.2011 -0.9782 0.0526
vn 0.1608 -0.9821 -0.0978
vn 0.1483 -0.9854 -0.0833
vn 0.1517 -0.9851 -0.0809
vn 0.1563 -0.9830 -0.0966
vn -0.6530 -0.7572 0.0111
vn -0.6530 -0.7573 0.0106
vn -0.6647 -0.7451 0.0543
vn -0.6648 -0.7450 0.0545
vn -0.6944 -0.6980 0.1748
vn -0.6947 -0.6976 0.1756
vn -0.7126 -0.6614 0.2339
vn -0.7123 -0.6621 0.2330
vn -0.6791 -0.7258 0.1093
vn -0.6792 -0.7257 0.1097
vn -0.7112 -0.6615 -0.2380
vn -0.7123 -0.6595 -0.2401
vn -0.6910 -0.7003 -0.1791
vn -0.6904 -0.7015 -0.1765
vn -0.6725 -0.7303 -0.1199
vn -0.6731 -0.7296 -0.1212
vn -0.6606 -0.7467 -0.0776
vn -0.6605 -0.7470 -0.0764
vn -0.6538 -0.7559 -0.0340
vn -0.6536 -0.7561 -0.0330
vn 0.0787 -0.9921 -0.0977
vn 0.1685 -0.9836 -0.0642
vn 0.1763 -0.9824 -0.0617
vn 0.0857 -0.9918 -0.0947
vn 0.2445 -0.9686 0.0439
vn 0.1839 -0.9803 0.0715
vn 0.1884 -0.9796 0.0700
vn 0.2459 -0.9683 0.0430
vn 0.0930 -0.9905 0.1015
vn 0.1012 -0.9900 0.0987
vn -0.3992 -0.9168 0.0131
vn -0.3991 -0.9168 0.0129
vn -0.4184 -0.9074 0.0390
vn -0.4182 -0.9075 0.0389
vn -0.5116 -0.8481 0.1376
vn -0.5134 -0.8468 0.1390
vn -0.5878 -0.7865 0.1896
vn -0.5854 -0.7887 0.1881
vn -0.4568 -0.8857 0.0833
vn -0.4564 -0.8859 0.0829
vn -0.6057 -0.7744 -0.1827
vn -0.6096 -0.7710 -0.1845
vn -0.5248 -0.8412 -0.1305
vn -0.5214 -0.8437 -0.1277
vn -0.4603 -0.8840 -0.0817
vn -0.4621 -0.8829 -0.0828
vn -0.4210 -0.9056 -0.0506
vn -0.4201 -0.9061 -0.0495
vn -0.4000 -0.9164 -0.0162
vn -0.3998 -0.9165 -0.0154
vn 0.2124 -0.9762 0.0434
vn 0.1593 -0.9857 0.0551
vn 0.1595 -0.9857 0.0551
vn 0.2150 -0.9757 0.0430
vn 0.3148 -0.9489 0.0220
vn 0.2703 -0.9622 0.0339
vn 0.2719 -0.9617 0.0336
vn 0.3153 -0.9487 0.0218
vn 0.2954 -0.9550 -0.0278
vn 0.2652 -0.9639 -0.0231
vn 0.2663 -0.9636 -0.0229
vn 0.2935 -0.9556 -0.0278
vn -0.2648 -0.9642 0.0115
vn -0.2739 -0.9614 0.0255
vn -0.2739 -0.9614 0.0254
vn -0.4000 -0.9126 0.0846
vn -0.4018 -0.9118 0.0851
vn -0.5181 -0.8474 0.1163
vn -0.5159 -0.8488 0.1157
vn -0.3154 -0.9476 0.0506
vn -0.3150 -0.9478 0.0503
vn -0.5689 -0.8155 -0.1064
vn -0.5724 -0.8129 -0.1072
vn -0.4310 -0.8995 -0.0720
vn -0.4276 -0.9012 -0.0710
vn -0.3386 -0.9399 -0.0446
vn -0.3402 -0.9393 -0.0451
vn -0.2897 -0.9568 -0.0266
vn -0.2890 -0.9570 -0.0262
vn -0.2679 -0.9634 -0.0076
vn -0.2678 -0.9634 -0.0074
vn -0.7969 -0.5199 -0.3076
vn -0.7909 -0.5325 -0.3014
vn -0.7066 -0.6669 -0.2366
vn -0.7062 -0.6674 -0.2364
vn -0.7806 -0.5039 -0.3698
vn -0.7786 -0.5104 -0.3652
vn -0.7429 -0.6007 -0.2953
vn -0.7426 -0.6014 -0.2947
vn -0.0805 -0.9633 -0.2561
vn -0.1048 -0.9633 -0.2472
vn -0.0980 -0.9633 -0.2497
vn -0.8664 -0.3416 -0.3642
vn -0.8440 -0.4055 -0.3510
vn -0.8518 -0.3846 -0.3556
vn 0.0139 -0.9889 -0.1477
vn 0.0142 -0.9890 -0.1473
vn 0.0197 -0.9818 -0.1888
vn 0.0074 -0.9828 -0.1844
vn -0.8258 -0.3717 -0.4242
vn -0.8171 -0.3952 -0.4197
vn 0.3638 -0.9312 -0.0243
vn 0.3629 -0.9315 -0.0244
vn 0.3892 -0.9209 -0.0200
vn -0.7591 -0.5460 0.3545
vn -0.7303 -0.6176 0.2919
vn -0.7299 -0.6187 0.2906
vn -0.7561 -0.5532 0.3497
vn -0.8433 -0.3182 -0.4332
vn -0.8594 -0.3370 0.3845
vn -0.8482 -0.3740 0.3752
vn -0.8400 -0.3981 0.3688
vn -0.8165 -0.4744 -0.3290
vn -0.8165 -0.4741 -0.3294
vn -0.7490 -0.5957 0.2900
vn -0.6704 -0.7024 0.2389
vn -0.6683 -0.7049 0.2376
vn -0.7432 -0.6049 0.2859
vn -0.8925 -0.4306 0.1345
vn -0.8818 -0.4548 0.1251
vn -0.9180 -0.3621 0.1615
vn -0.8079 -0.4819 0.3393
vn -0.8011 -0.4976 0.3326
vn -0.8163 -0.2854 0.5022
vn -0.8056 -0.2711 0.5269
vn -0.8133 -0.2813 0.5093
vn -0.7988 -0.4465 0.4031
vn -0.7934 -0.4604 0.3981
vn -0.0933 -0.9696 0.2263
vn -0.0945 -0.9698 0.2247
vn -0.8338 -0.3076 0.4584
vn -0.8361 -0.3104 0.4523
vn 0.2446 -0.9675 0.0644
vn 0.2576 -0.9645 0.0588
vn 0.1744 -0.9820 0.0720
vn 0.1695 -0.9830 0.0708
vn -0.8868 -0.3694 0.2776
vn -0.8761 -0.4034 0.2641
vn -0.8963 -0.3370 0.2883
vn -0.0431 -0.9809 0.1895
vn -0.0491 -0.9757 0.2137
vn -0.0511 -0.9742 0.2197
vn -0.0431 -0.9810 0.1893
vn -0.8064 -0.4511 0.3823
vn -0.8025 -0.4049 0.4382
vn -0.8027 -0.3987 0.4435
vn -0.8058 -0.4480 0.3873
vn -0.8159 -0.4878 0.3104
vn -0.8155 -0.4866 0.3133
vn -0.1333 -0.9665 -0.2193
vn -0.1289 -0.9651 -0.2278
vn -0.1460 -0.9852 -0.0901
vn -0.1387 -0.9859 -0.0938
vn -0.1857 -0.9806 -0.0621
vn -0.1874 -0.9804 -0.0600
vn 0.0348 -0.9804 -0.1940
vn -0.2154 -0.9765 -0.0099
vn -0.2152 -0.9765 -0.0107
vn -0.2139 -0.9767 0.0173
vn -0.2138 -0.9767 0.0175
vn -0.2057 -0.9780 -0.0348
vn -0.2050 -0.9781 -0.0359
vn -0.2035 -0.9778 0.0493
vn -0.2033 -0.9778 0.0499
vn -0.0718 -0.9623 0.2623
vn -0.1077 -0.9505 0.2916
vn 0.0409 -0.9765 0.2115
vn 0.0443 -0.9767 0.2098
vn -0.0557 -0.9633 0.2628
vn 0.1050 -0.9809 0.1636
vn 0.1050 -0.9806 0.1653
vn 0.0088 -0.9970 -0.0769
vn 0.0068 -0.9967 -0.0809
vn 0.0517 -0.9976 -0.0463
vn 0.0582 -0.9974 -0.0434
vn 0.1286 -0.9773 -0.1686
vn 0.1268 -0.9784 -0.1634
vn 0.1282 -0.9819 -0.1391
vn 0.1314 -0.9825 -0.1319
vn -0.8289 -0.2748 -0.4873
vn 0.1237 -0.9923 0.0041
vn 0.1236 -0.9923 0.0036
vn 0.1226 -0.9922 0.0241
vn 0.1087 -0.9940 -0.0157
vn 0.1069 -0.9941 -0.0171
vn 0.1165 -0.9922 0.0441
vn 0.1163 -0.9922 0.0445
vn -0.1437 -0.9395 0.3111
vn -0.0841 -0.9579 0.2747
vn -0.0536 -0.9705 0.2351
vn -0.0499 -0.9713 0.2327
vn -0.0839 -0.9610 0.2635
vn 0.0303 -0.9805 0.1943
vn 0.0256 -0.9803 0.1960
vn 0.2018 -0.9784 -0.0459
vn 0.1942 -0.9796 -0.0512
vn 0.2369 -0.9713 -0.0190
vn 0.2377 -0.9712 -0.0181
vn -0.0842 -0.9552 0.2836
vn 0.1104 -0.9830 -0.1464
vn 0.1171 -0.9824 -0.1455
vn 0.1533 -0.9802 -0.1252
vn 0.1575 -0.9800 -0.1217
vn 0.1327 -0.9746 -0.1806
vn 0.2414 -0.9704 0.0114
vn 0.2418 -0.9703 0.0110
vn 0.2227 -0.9747 0.0206
vn 0.2455 -0.9694 -0.0040
vn 0.2451 -0.9695 -0.0048
vn 0.2060 -0.9781 0.0314
vn 0.2057 -0.9781 0.0318
vn -0.7466 -0.6376 0.1897
vn -0.8318 -0.5024 0.2358
vn -0.8421 -0.4815 0.2429
vn -0.7553 -0.6261 0.1936
vn -0.0540 -0.9721 0.2282
vn 0.2520 -0.9672 -0.0332
vn 0.2471 -0.9683 -0.0354
vn 0.2924 -0.9562 -0.0155
vn 0.2934 -0.9559 -0.0151
vn -0.8954 -0.3326 -0.2961
vn -0.8054 -0.5531 -0.2130
vn -0.7122 -0.6857 -0.1504
vn -0.7148 -0.6827 -0.1516
vn -0.8129 -0.5386 -0.2214
vn 0.2935 -0.9559 0.0071
vn 0.2939 -0.9558 0.0070
vn 0.2806 -0.9597 0.0137
vn 0.3033 -0.9529 -0.0041
vn 0.3033 -0.9529 -0.0046
vn 0.2724 -0.9619 0.0217
vn 0.2722 -0.9620 0.0219
vn -0.6379 -0.7554 0.1499
vn -0.6421 -0.7516 0.1511
vn -0.8154 -0.5716 0.0922
vn -0.8230 -0.5599 0.0953
vn -0.7055 -0.7060 0.0621
vn -0.7001 -0.7114 0.0611
vn 0.2946 -0.9547 0.0426
vn 0.3139 -0.9494 -0.0128
vn 0.3121 -0.9500 -0.0131
vn 0.3500 -0.9367 -0.0032
vn 0.3503 -0.9366 -0.0031
vn -0.8087 -0.5750 -0.1243
vn -0.8726 -0.4573 -0.1716
vn -0.8645 -0.4755 -0.1628
vn -0.7889 -0.6039 -0.1138
vn -0.6867 -0.7235 -0.0713
vn -0.6913 -0.7188 -0.0733
vn 0.3647 -0.9311 0.0083
vn 0.3456 -0.9382 0.0155
vn 0.3458 -0.9382 0.0155
vn 0.3593 -0.9332 -0.0022
vn 0.3594 -0.9332 -0.0022
vn 0.3670 -0.9302 -0.0023
vn 0.3671 -0.9302 -0.0022
vn 0.0969 -0.9842 -0.1481
vn -0.9216 -0.3501 0.1673
vn -0.8970 -0.3194 0.3057
vn 0.0090 0.9911 -0.1331
vn -0.0025 0.9917 -0.1288
vn 0.0537 0.9856 -0.1606
vn 0.0553 0.9849 -0.1640
vn 0.1652 0.9863 0.0018
vn 0.1678 0.9858 -0.0064
vn 0.1678 0.9858 -0.0065
vn 0.1653 0.9862 0.0018
vn 0.2040 0.9789 0.0074
vn 0.2044 0.9789 0.0074
vn 0.2777 0.9606 0.0131
vn 0.2786 0.9603 0.0131
vn 0.5353 0.8440 0.0340
vn 0.3877 0.9216 0.0195
vn 0.3893 0.9209 0.0196
vn 0.5380 0.8423 0.0344
vn 0.8863 0.3108 0.3433
vn 0.8860 0.3107 0.3442
vn 0.9114 0.3158 0.2638
vn 0.9116 0.3158 0.2632
vn 0.2100 0.9776 -0.0118
vn 0.2862 0.9580 -0.0201
vn 0.2865 0.9579 -0.0202
vn 0.2102 0.9776 -0.0118
vn 0.9566 0.2774 -0.0889
vn 0.9555 0.2799 -0.0931
vn 0.9382 0.3029 -0.1674
vn 0.9388 0.3028 -0.1644
vn 0.4064 0.9131 -0.0332
vn 0.5585 0.8283 -0.0458
vn 0.5603 0.8270 -0.0459
vn 0.4082 0.9123 -0.0333
vn 0.9253 0.2992 -0.2331
vn 0.9248 0.2987 -0.2356
vn 0.9014 0.3026 -0.3098
vn 0.9041 0.3012 -0.3032
vn 0.9718 0.2357 0.0011
vn 0.9685 0.2459 -0.0381
vn 0.9687 0.2453 -0.0373
vn 0.9718 0.2357 0.0017
vn 0.1439 0.9751 -0.1687
vn 0.1537 0.9743 -0.1648
vn 0.1128 0.9753 -0.1902
vn 0.1068 0.9744 -0.1978
vn 0.1879 0.9778 -0.0928
vn 0.1879 0.9779 -0.0913
vn 0.1818 0.9741 -0.1342
vn 0.1803 0.9738 -0.1387
vn 0.1229 0.9756 0.1820
vn 0.1063 0.9807 0.1643
vn 0.0913 0.9886 0.1195
vn 0.0885 0.9880 0.1266
vn 0.9340 0.3014 0.1916
vn 0.9342 0.3012 0.1911
vn 0.9525 0.2747 0.1312
vn 0.9640 0.2520 0.0855
vn 0.9640 0.2519 0.0854
vn 0.9527 0.2744 0.1307
vn 0.9698 0.2398 0.0449
vn 0.9698 0.2399 0.0452
vn 0.8092 0.2930 -0.5092
vn 0.8054 0.3410 -0.4848
vn 0.8069 0.3261 -0.4926
vn 0.8553 0.2889 0.4301
vn 0.8568 0.2903 0.4263
vn 0.8319 0.4947 0.2512
vn 0.8902 0.3635 0.2746
vn 0.8579 0.4376 0.2693
vn 0.8638 0.3187 -0.3902
vn 0.8672 0.3175 -0.3837
vn -0.1085 0.9874 0.1152
vn -0.0916 0.9895 0.1119
vn -0.0140 0.9945 0.1036
vn -0.0330 0.9939 0.1048
vn -0.1142 0.9910 -0.0702
vn -0.1150 0.9911 -0.0666
vn -0.1078 0.9897 -0.0943
vn -0.1066 0.9894 -0.0982
vn -0.1038 0.9870 -0.1225
vn -0.1037 0.9877 -0.1172
vn -0.1028 0.9849 -0.1395
vn -0.1022 0.9842 -0.1445
vn 0.8686 0.4955 -0.0047
vn 0.8648 0.4994 -0.0523
vn 0.8649 0.4993 -0.0516
vn 0.8686 0.4955 -0.0039
vn 0.8434 0.5061 -0.1807
vn 0.8272 0.5066 -0.2431
vn 0.8273 0.5066 -0.2426
vn 0.8436 0.5060 -0.1796
vn 0.8570 0.5030 -0.1117
vn 0.8574 0.5030 -0.1090
vn 0.8198 0.5097 0.2612
vn 0.8297 0.5227 0.1957
vn 0.8295 0.5225 0.1972
vn 0.8196 0.5094 0.2623
vn 0.8426 0.5211 0.1358
vn 0.8563 0.5091 0.0871
vn 0.8562 0.5092 0.0876
vn 0.8424 0.5213 0.1364
vn 0.8654 0.4993 0.0433
vn 0.8653 0.4994 0.0440
vn 0.8179 0.3575 -0.4507
vn 0.8217 0.3257 -0.4676
vn 0.8155 0.3744 -0.4414
vn 0.0825 0.9647 -0.2500
vn 0.0823 0.9652 -0.2484
vn 0.0932 0.9604 -0.2625
vn 0.0896 0.9609 -0.2619
vn 0.8183 0.3991 0.4136
vn 0.8180 0.4051 0.4083
vn 0.8143 0.3316 0.4764
vn 0.8122 0.3220 0.4865
vn 0.8027 0.2687 0.5324
vn 0.8190 0.2712 0.5057
vn 0.8242 0.2720 0.4967
vn -0.1438 0.9832 -0.1124
vn -0.1529 0.9825 -0.1064
vn -0.1001 0.9843 -0.1454
vn -0.0885 0.9840 -0.1549
vn -0.2047 0.9774 -0.0537
vn -0.2044 0.9775 -0.0513
vn -0.1912 0.9785 -0.0774
vn -0.1853 0.9792 -0.0824
vn -0.1435 0.9842 0.1034
vn -0.1348 0.9857 0.1010
vn -0.1392 0.9869 0.0817
vn -0.1316 0.9875 0.0869
vn 0.6530 0.7573 -0.0114
vn 0.6646 0.7451 -0.0552
vn 0.6646 0.7452 -0.0550
vn 0.6529 0.7574 -0.0108
vn 0.6945 0.6977 -0.1760
vn 0.7126 0.6612 -0.2346
vn 0.7129 0.6605 -0.2357
vn 0.6947 0.6972 -0.1769
vn 0.6790 0.7257 -0.1106
vn 0.6790 0.7258 -0.1103
vn 0.7104 0.6614 0.2406
vn 0.6902 0.7014 0.1780
vn 0.6909 0.7000 0.1808
vn 0.7115 0.6594 0.2428
vn 0.6719 0.7307 0.1208
vn 0.6600 0.7473 0.0769
vn 0.6601 0.7471 0.0781
vn 0.6726 0.7299 0.1222
vn 0.6535 0.7562 0.0332
vn 0.6537 0.7560 0.0343
vn -0.0722 0.9928 0.0953
vn -0.0876 0.9922 0.0888
vn -0.1765 0.9826 0.0576
vn -0.1622 0.9848 0.0619
vn -0.2466 0.9682 -0.0432
vn -0.2495 0.9675 -0.0413
vn -0.1910 0.9793 -0.0674
vn -0.1825 0.9807 -0.0700
vn -0.0867 0.9912 -0.1000
vn -0.1034 0.9901 -0.0947
vn 0.3991 0.9168 -0.0133
vn 0.4182 0.9075 -0.0397
vn 0.4184 0.9074 -0.0399
vn 0.3990 0.9169 -0.0132
vn 0.5120 0.8475 -0.1399
vn 0.5855 0.7877 -0.1916
vn 0.5884 0.7851 -0.1934
vn 0.5140 0.8460 -0.1415
vn 0.4566 0.8857 -0.0842
vn 0.4571 0.8854 -0.0848
vn 0.6058 0.7731 0.1879
vn 0.5214 0.8432 0.1307
vn 0.5251 0.8404 0.1339
vn 0.6102 0.7691 0.1902
vn 0.4603 0.8839 0.0835
vn 0.4200 0.9061 0.0506
vn 0.4210 0.9056 0.0516
vn 0.4622 0.8827 0.0847
vn 0.3997 0.9165 0.0158
vn 0.3999 0.9164 0.0166
vn -0.2028 0.9783 -0.0417
vn -0.2102 0.9768 -0.0407
vn -0.1541 0.9866 -0.0540
vn -0.1497 0.9871 -0.0559
vn -0.3108 0.9502 -0.0212
vn -0.3123 0.9498 -0.0207
vn -0.2686 0.9627 -0.0320
vn -0.2643 0.9639 -0.0327
vn -0.2830 0.9585 0.0344
vn -0.2737 0.9612 0.0333
vn -0.2682 0.9631 0.0219
vn -0.2618 0.9648 0.0241
vn 0.2649 0.9642 -0.0116
vn 0.2738 0.9614 -0.0260
vn 0.2739 0.9614 -0.0261
vn 0.2649 0.9642 -0.0115
vn 0.3991 0.9127 -0.0873
vn 0.5141 0.8493 -0.1201
vn 0.5175 0.8471 -0.1211
vn 0.4016 0.9116 -0.0880
vn 0.3146 0.9478 -0.0518
vn 0.3153 0.9476 -0.0522
vn 0.5661 0.8165 0.1134
vn 0.4266 0.9013 0.0753
vn 0.4307 0.8992 0.0766
vn 0.5710 0.8129 0.1145
vn 0.3383 0.9399 0.0467
vn 0.2888 0.9570 0.0273
vn 0.2895 0.9568 0.0276
vn 0.3401 0.9392 0.0473
vn 0.2677 0.9635 0.0078
vn 0.2678 0.9634 0.0080
vn 0.7939 0.5197 0.3157
vn 0.7053 0.6656 0.2440
vn 0.7064 0.6641 0.2448
vn 0.7886 0.5310 0.3101
vn 0.7773 0.5040 0.3766
vn 0.7408 0.6013 0.2994
vn 0.7412 0.6005 0.3001
vn 0.7755 0.5100 0.3722
vn 0.0969 0.9632 0.2508
vn 0.1120 0.9621 0.2487
vn 0.1163 0.9617 0.2481
vn 0.8414 0.3565 0.4061
vn 0.8352 0.3944 0.3832
vn 0.8320 0.4107 0.3729
vn 0.0007 0.9883 0.1524
vn 0.0200 0.9829 0.1828
vn 0.0174 0.9831 0.1824
vn -0.0072 0.9897 0.1429
vn 0.8109 0.3775 0.4472
vn 0.8059 0.3976 0.4387
vn -0.3351 0.9422 0.0082
vn -0.3275 0.9447 0.0178
vn -0.3510 0.9363 -0.0123
vn 0.7577 0.5451 -0.3588
vn 0.7551 0.5518 -0.3541
vn 0.7301 0.6171 -0.2935
vn 0.7304 0.6161 -0.2948
vn 0.8215 0.3267 0.4673
vn 0.8390 0.3538 -0.4134
vn 0.8298 0.4047 -0.3843
vn 0.8336 0.3857 -0.3954
vn 0.8151 0.4748 0.3318
vn 0.8151 0.4745 0.3322
vn 0.7459 0.5969 -0.2956
vn 0.7408 0.6049 -0.2920
vn 0.6677 0.7037 -0.2429
vn 0.6691 0.7021 -0.2438
vn 0.8974 0.4145 -0.1509
vn 0.9258 0.3199 -0.2015
vn 0.8839 0.4493 -0.1298
vn 0.8039 0.4842 -0.3454
vn 0.7976 0.4989 -0.3390
vn 0.8094 0.2994 -0.5052
vn 0.8031 0.3006 -0.5144
vn 0.7891 0.3031 -0.5342
vn 0.7947 0.4495 -0.4079
vn 0.7900 0.4619 -0.4031
vn 0.0893 0.9707 -0.2230
vn 0.0879 0.9703 -0.2255
vn 0.8328 0.3094 -0.4590
vn 0.8354 0.3127 -0.4520
vn -0.2583 0.9654 -0.0370
vn -0.1729 0.9819 -0.0771
vn -0.1674 0.9830 -0.0755
vn -0.2516 0.9668 -0.0441
vn 0.8757 0.3894 -0.2856
vn 0.8954 0.3488 -0.2769
vn 0.8567 0.4387 -0.2714
vn 0.0686 0.9780 -0.1971
vn 0.0669 0.9791 -0.1922
vn 0.0837 0.9735 -0.2130
vn 0.0819 0.9737 -0.2128
vn 0.8058 0.4511 -0.3836
vn 0.8053 0.4477 -0.3887
vn 0.8019 0.3972 -0.4464
vn 0.8018 0.4036 -0.4407
vn 0.8150 0.4887 -0.3113
vn 0.8146 0.4874 -0.3144
vn 0.1364 0.9630 0.2325
vn 0.1410 0.9653 0.2200
vn 0.1475 0.9849 0.0901
vn 0.1909 0.9797 0.0610
vn 0.1892 0.9798 0.0647
vn 0.1324 0.9866 0.0950
vn 0.0100 0.9834 0.1814
vn 0.2173 0.9761 0.0098
vn 0.2158 0.9763 -0.0178
vn 0.2159 0.9763 -0.0175
vn 0.2169 0.9761 0.0112
vn 0.2060 0.9779 0.0349
vn 0.2047 0.9781 0.0367
vn 0.1998 0.9786 -0.0494
vn 0.1995 0.9786 -0.0499
vn 0.0990 0.9596 -0.2634
vn 0.1935 0.9298 -0.3132
vn 0.1344 0.9491 -0.2848
vn 0.0036 0.9746 -0.2240
vn -0.0026 0.9752 -0.2212
vn -0.0899 0.9813 -0.1703
vn -0.0926 0.9818 -0.1660
vn 0.0019 0.9970 0.0769
vn -0.0654 0.9971 0.0398
vn -0.0505 0.9977 0.0453
vn 0.0071 0.9964 0.0846
vn -0.0903 0.9804 0.1749
vn -0.1224 0.9834 0.1338
vn -0.1095 0.9829 0.1484
vn -0.0916 0.9807 0.1725
vn 0.8061 0.2970 0.5118
vn -0.1366 0.9906 -0.0053
vn -0.1327 0.9909 -0.0241
vn -0.1327 0.9909 -0.0240
vn -0.1367 0.9906 -0.0042
vn -0.1236 0.9922 0.0127
vn -0.1200 0.9927 0.0152
vn -0.1243 0.9913 -0.0432
vn -0.1237 0.9913 -0.0441
vn 0.2440 0.9095 -0.3366
vn 0.1198 0.9538 -0.2754
vn 0.1146 0.9566 -0.2681
vn 0.0739 0.9686 -0.2374
vn 0.0710 0.9693 -0.2355
vn -0.0060 0.9803 -0.1974
vn -0.0202 0.9812 -0.1921
vn -0.2044 0.9780 0.0426
vn -0.2423 0.9701 0.0164
vn -0.2416 0.9702 0.0177
vn -0.1887 0.9807 0.0517
vn 0.1257 0.9506 -0.2837
vn -0.0885 0.9860 0.1414
vn -0.1409 0.9822 0.1244
vn -0.1325 0.9825 0.1311
vn -0.0923 0.9855 0.1424
vn -0.0848 0.9790 0.1852
vn -0.2476 0.9688 -0.0116
vn -0.2275 0.9736 -0.0201
vn -0.2483 0.9686 -0.0109
vn -0.2501 0.9682 0.0031
vn -0.2492 0.9684 0.0046
vn -0.2087 0.9775 -0.0306
vn -0.2082 0.9776 -0.0315
vn 0.7437 0.6383 -0.1988
vn 0.7518 0.6275 -0.2027
vn 0.8235 0.5005 -0.2670
vn 0.8174 0.5155 -0.2571
vn 0.0920 0.9725 -0.2141
vn -0.2547 0.9666 0.0301
vn -0.2970 0.9548 0.0138
vn -0.2953 0.9553 0.0144
vn -0.2445 0.9690 0.0341
vn 0.8937 0.2906 0.3418
vn 0.7875 0.5703 0.2336
vn 0.7916 0.5606 0.2431
vn 0.7104 0.6852 0.1609
vn 0.7085 0.6873 0.1600
vn -0.2958 0.9552 -0.0070
vn -0.2827 0.9591 -0.0134
vn -0.2964 0.9550 -0.0068
vn -0.3066 0.9518 0.0036
vn -0.3066 0.9518 0.0044
vn -0.2762 0.9609 -0.0211
vn -0.2760 0.9609 -0.0214
vn 0.6393 0.7526 -0.1579
vn 0.6363 0.7554 -0.1569
vn 0.8188 0.5655 -0.0988
vn 0.7044 0.7067 -0.0662
vn 0.7078 0.7033 -0.0669
vn 0.8248 0.5562 -0.1013
vn -0.2997 0.9540 0.0083
vn -0.3184 0.9479 0.0104
vn -0.3502 0.9367 0.0021
vn -0.3497 0.9368 0.0025
vn -0.3131 0.9497 0.0113
vn 0.8191 0.5560 0.1408
vn 0.8786 0.4318 0.2039
vn 0.8906 0.3914 0.2317
vn 0.7963 0.5931 0.1189
vn 0.6966 0.7129 0.0801
vn 0.6937 0.7159 0.0788
vn -0.3632 0.9317 -0.0080
vn -0.3428 0.9393 -0.0149
vn -0.3422 0.9395 -0.0149
vn -0.3630 0.9317 -0.0082
vn -0.3585 0.9335 0.0020
vn -0.3582 0.9336 0.0018
vn -0.3667 0.9303 0.0021
vn -0.0681 0.9883 0.1364
vn 0.9319 0.2818 -0.2285
vn 0.8933 0.2919 -0.3417
vn -0.3431 0.9392 -0.0153
vn -0.3436 0.9391 -0.0050
vn -0.3435 0.9391 -0.0049
vn -0.3430 0.9392 -0.0153
vn -0.3067 0.9506 -0.0477
vn -0.3180 0.9472 -0.0406
vn -0.3289 0.9440 -0.0276
vn -0.3288 0.9440 -0.0276
vn -0.2395 0.9708 -0.0136
vn -0.2534 0.9667 -0.0354
vn -0.2533 0.9667 -0.0353
vn -0.2547 0.9670 -0.0112
vn -0.2416 0.9703 -0.0100
vn -0.2546 0.9670 -0.0113
vn -0.3198 0.9475 -0.0087
vn -0.3030 0.9530 -0.0050
vn -0.3029 0.9530 -0.0050
vn -0.2819 0.9582 -0.0490
vn -0.2817 0.9582 -0.0490
vn -0.2774 0.9607 -0.0065
vn -0.2772 0.9608 -0.0065
vn -0.3209 0.9470 -0.0151
vn -0.3319 0.9433 -0.0019
vn -0.3259 0.9454 -0.0039
vn -0.3318 0.9433 -0.0019
vn -0.3071 0.9515 -0.0190
vn -0.2937 0.9559 -0.0068
vn -0.2937 0.9559 -0.0066
vn -0.2905 0.9569 0.0067
vn -0.0035 -0.9911 0.1333
vn -0.0059 -0.9912 0.1324
vn 0.0378 -0.9862 0.1610
vn 0.0377 -0.9863 0.1604
vn 0.1643 -0.9864 -0.0016
vn 0.1670 -0.9859 0.0062
vn 0.1644 -0.9864 -0.0016
vn 0.2027 -0.9792 -0.0067
vn 0.2030 -0.9792 -0.0067
vn 0.2757 -0.9612 -0.0118
vn 0.2763 -0.9610 -0.0118
vn 0.5307 -0.8470 -0.0299
vn 0.3846 -0.9229 -0.0172
vn 0.3854 -0.9226 -0.0172
vn 0.5320 -0.8462 -0.0301
vn 0.8867 -0.3099 -0.3433
vn 0.8864 -0.3097 -0.3440
vn 0.9117 -0.3148 -0.2641
vn 0.9118 -0.3148 -0.2636
vn 0.2091 -0.9778 0.0111
vn 0.2845 -0.9585 0.0189
vn 0.2843 -0.9585 0.0189
vn 0.9567 -0.2769 0.0897
vn 0.9557 -0.2790 0.0934
vn 0.9386 -0.3016 0.1676
vn 0.9391 -0.3015 0.1649
vn 0.4040 -0.9142 0.0310
vn 0.5559 -0.8302 0.0423
vn 0.5562 -0.8300 0.0423
vn 0.4047 -0.9139 0.0311
vn 0.9254 -0.2987 0.2334
vn 0.9249 -0.2983 0.2356
vn 0.9016 -0.3019 0.3098
vn 0.9040 -0.3007 0.3040
vn 0.9718 -0.2358 -0.0010
vn 0.9685 -0.2462 0.0385
vn 0.9686 -0.2457 0.0378
vn 0.9718 -0.2358 -0.0015
vn 0.1486 -0.9746 0.1675
vn 0.1535 -0.9743 0.1649
vn 0.1185 -0.9741 0.1926
vn 0.1148 -0.9735 0.1977
vn 0.1959 -0.9762 0.0931
vn 0.1960 -0.9763 0.0916
vn 0.1847 -0.9736 0.1345
vn 0.1831 -0.9735 0.1373
vn 0.1232 -0.9757 -0.1812
vn 0.1162 -0.9785 -0.1706
vn 0.1052 -0.9867 -0.1241
vn 0.1038 -0.9861 -0.1295
vn 0.9342 -0.3007 -0.1921
vn 0.9343 -0.3005 -0.1918
vn 0.9526 -0.2744 -0.1318
vn 0.9640 -0.2518 -0.0858
vn 0.9527 -0.2742 -0.1314
vn 0.9698 -0.2397 -0.0451
vn 0.9698 -0.2397 -0.0453
vn 0.8187 -0.2953 0.4926
vn 0.8099 -0.3435 0.4755
vn 0.8130 -0.3280 0.4812
vn 0.8560 -0.2878 -0.4295
vn 0.8573 -0.2890 -0.4261
vn 0.8554 -0.4516 -0.2539
vn 0.8920 -0.3573 -0.2770
vn 0.8725 -0.4114 -0.2637
vn 0.8646 -0.3165 0.3902
vn 0.8675 -0.3156 0.3845
vn -0.1101 -0.9876 -0.1119
vn -0.1012 -0.9888 -0.1093
vn -0.0306 -0.9947 -0.0986
vn -0.0425 -0.9941 -0.0994
vn -0.1083 -0.9916 0.0703
vn -0.1087 -0.9917 0.0685
vn -0.1031 -0.9900 0.0961
vn -0.1028 -0.9898 0.0983
vn -0.1009 -0.9873 0.1225
vn -0.1009 -0.9878 0.1190
vn -0.1029 -0.9847 0.1406
vn -0.1037 -0.9842 0.1435
vn 0.8688 -0.4952 0.0047
vn 0.8651 -0.4989 0.0525
vn 0.8652 -0.4988 0.0518
vn 0.8688 -0.4952 0.0040
vn 0.8437 -0.5053 0.1810
vn 0.8278 -0.5057 0.2430
vn 0.8279 -0.5057 0.2425
vn 0.8440 -0.5052 0.1800
vn 0.8574 -0.5024 0.1119
vn 0.8577 -0.5024 0.1093
vn 0.8201 -0.5096 -0.2602
vn 0.8298 -0.5227 -0.1955
vn 0.8296 -0.5224 -0.1970
vn 0.8200 -0.5093 -0.2613
vn 0.8424 -0.5214 -0.1361
vn 0.8561 -0.5093 -0.0878
vn 0.8560 -0.5095 -0.0883
vn 0.8422 -0.5216 -0.1368
vn 0.8655 -0.4991 -0.0437
vn 0.8654 -0.4992 -0.0443
vn 0.8297 -0.3472 0.4371
vn 0.8376 -0.3127 0.4479
vn 0.8246 -0.3671 0.4304
vn 0.0778 -0.9658 0.2473
vn 0.0782 -0.9659 0.2468
vn 0.0720 -0.9629 0.2600
vn 0.0721 -0.9633 0.2584
vn 0.8207 -0.3981 -0.4097
vn 0.8204 -0.4040 -0.4046
vn 0.8253 -0.3217 -0.4641
vn 0.8265 -0.3087 -0.4707
vn 0.8180 -0.2376 -0.5239
vn 0.8280 -0.2533 -0.5002
vn 0.8308 -0.2578 -0.4932
vn -0.1519 -0.9821 0.1118
vn -0.1569 -0.9817 0.1081
vn -0.1083 -0.9830 0.1479
vn -0.1022 -0.9829 0.1534
vn -0.2011 -0.9781 0.0539
vn -0.2011 -0.9782 0.0526
vn -0.1888 -0.9788 0.0794
vn -0.1862 -0.9791 0.0822
vn -0.1608 -0.9821 -0.0978
vn -0.1563 -0.9830 -0.0966
vn -0.1517 -0.9851 -0.0809
vn -0.1483 -0.9854 -0.0833
vn 0.6530 -0.7572 0.0111
vn 0.6648 -0.7450 0.0545
vn 0.6647 -0.7451 0.0543
vn 0.6530 -0.7573 0.0106
vn 0.6944 -0.6980 0.1748
vn 0.7123 -0.6621 0.2330
vn 0.7126 -0.6614 0.2339
vn 0.6947 -0.6976 0.1756
vn 0.6792 -0.7257 0.1097
vn 0.6791 -0.7258 0.1093
vn 0.7112 -0.6615 -0.2380
vn 0.6904 -0.7015 -0.1765
vn 0.6910 -0.7003 -0.1791
vn 0.7123 -0.6595 -0.2401
vn 0.6725 -0.7303 -0.1199
vn 0.6605 -0.7470 -0.0764
vn 0.6606 -0.7467 -0.0776
vn 0.6731 -0.7296 -0.1212
vn 0.6536 -0.7561 -0.0330
vn 0.6538 -0.7559 -0.0340
vn -0.0787 -0.9921 -0.0977
vn -0.0857 -0.9918 -0.0947
vn -0.1763 -0.9824 -0.0617
vn -0.1685 -0.9836 -0.0642
vn -0.2445 -0.9686 0.0439
vn -0.2459 -0.9683 0.0430
vn -0.1884 -0.9796 0.0700
vn -0.1839 -0.9803 0.0715
vn -0.0930 -0.9905 0.1015
vn -0.1012 -0.9900 0.0987
vn 0.3992 -0.9168 0.0131
vn 0.4182 -0.9075 0.0389
vn 0.4184 -0.9074 0.0390
vn 0.3991 -0.9168 0.0129
vn 0.5116 -0.8481 0.1376
vn 0.5854 -0.7887 0.1881
vn 0.5878 -0.7865 0.1896
vn 0.5134 -0.8468 0.1390
vn 0.4564 -0.8859 0.0829
vn 0.4568 -0.8857 0.0833
vn 0.6057 -0.7744 -0.1827
vn 0.5214 -0.8437 -0.1277
vn 0.5248 -0.8412 -0.1305
vn 0.6096 -0.7710 -0.1845
vn 0.4603 -0.8840 -0.0817
vn 0.4201 -0.9061 -0.0495
vn 0.4210 -0.9056 -0.0506
vn 0.4621 -0.8829 -0.0828
vn 0.3998 -0.9165 -0.0154
vn 0.4000 -0.9164 -0.0162
vn -0.2124 -0.9762 0.0434
vn -0.2150 -0.9757 0.0430
vn -0.1595 -0.9857 0.0551
vn -0.1593 -0.9857 0.0551
vn -0.3148 -0.9489 0.0220
vn -0.3153 -0.9487 0.0218
vn -0.2719 -0.9617 0.0336
vn -0.2703 -0.9622 0.0339
vn -0.2954 -0.9550 -0.0278
vn -0.2935 -0.9556 -0.0278
vn -0.2663 -0.9636 -0.0229
vn -0.2652 -0.9639 -0.0231
vn 0.2648 -0.9642 0.0115
vn 0.2739 -0.9614 0.0254
vn 0.2739 -0.9614 0.0255
vn 0.4000 -0.9126 0.0846
vn 0.5159 -0.8488 0.1157
vn 0.5181 -0.8474 0.1163
vn 0.4018 -0.9118 0.0851
vn 0.3150 -0.9478 0.0503
vn 0.3154 -0.9476 0.0506
vn 0.5689 -0.8155 -0.1064
vn 0.4276 -0.9012 -0.0710
vn 0.4310 -0.8995 -0.0720
vn 0.5724 -0.8129 -0.1072
vn 0.3386 -0.9399 -0.0446
vn 0.2890 -0.9570 -0.0262
vn 0.2897 -0.9568 -0.0266
vn 0.3402 -0.9393 -0.0451
vn 0.2678 -0.9634 -0.0074
vn 0.2679 -0.9634 -0.0076
vn 0.7969 -0.5199 -0.3076
vn 0.7062 -0.6674 -0.2364
vn 0.7066 -0.6669 -0.2366
vn 0.7909 -0.5325 -0.3014
vn 0.7806 -0.5039 -0.3698
vn 0.7426 -0.6014 -0.2947
vn 0.7429 -0.6007 -0.2953
vn 0.7786 -0.5104 -0.3652
vn 0.0805 -0.9633 -0.2561
vn 0.0980 -0.9633 -0.2497
vn 0.1048 -0.9633 -0.2472
vn 0.8664 -0.3416 -0.3642
vn 0.8518 -0.3846 -0.3556
vn 0.8440 -0.4055 -0.3510
vn -0.0139 -0.9889 -0.1477
vn -0.0074 -0.9828 -0.1844
vn -0.0197 -0.9818 -0.1888
vn -0.0142 -0.9890 -0.1473
vn 0.8258 -0.3717 -0.4242
vn 0.8171 -0.3952 -0.4197
vn -0.3638 -0.9312 -0.0243
vn -0.3629 -0.9315 -0.0244
vn -0.3892 -0.9209 -0.0200
vn 0.7591 -0.5460 0.3545
vn 0.7561 -0.5532 0.3497
vn 0.7299 -0.6187 0.2906
vn 0.7303 -0.6176 0.2919
vn 0.8433 -0.3182 -0.4332
vn 0.8594 -0.3370 0.3845
vn 0.8400 -0.3981 0.3688
vn 0.8481 -0.3740 0.3752
vn 0.8165 -0.4744 -0.3290
vn 0.8165 -0.4741 -0.3294
vn 0.7490 -0.5957 0.2900
vn 0.7432 -0.6049 0.2859
vn 0.6683 -0.7049 0.2376
vn 0.6704 -0.7024 0.2389
vn 0.8925 -0.4306 0.1345
vn 0.9180 -0.3621 0.1615
vn 0.8818 -0.4548 0.1251
vn 0.8079 -0.4819 0.3393
vn 0.8011 -0.4976 0.3326
vn 0.8163 -0.2854 0.5022
vn 0.8133 -0.2813 0.5093
vn 0.8056 -0.2711 0.5269
vn 0.7988 -0.4465 0.4031
vn 0.7934 -0.4604 0.3981
vn 0.0945 -0.9698 0.2247
vn 0.0933 -0.9696 0.2263
vn 0.8338 -0.3076 0.4584
vn 0.8361 -0.3104 0.4523
vn -0.2446 -0.9675 0.0644
vn -0.1695 -0.9830 0.0708
vn -0.1744 -0.9820 0.0720
vn -0.2576 -0.9645 0.0588
vn 0.8868 -0.3694 0.2776
vn 0.8963 -0.3370 0.2883
vn 0.8761 -0.4034 0.2641
vn 0.0431 -0.9809 0.1895
vn 0.0431 -0.9810 0.1893
vn 0.0511 -0.9742 0.2197
vn 0.0491 -0.9757 0.2137
vn 0.8064 -0.4511 0.3823
vn 0.8058 -0.4480 0.3873
vn 0.8027 -0.3987 0.4435
vn 0.8025 -0.4049 0.4382
vn 0.8159 -0.4878 0.3104
vn 0.8155 -0.4866 0.3133
vn 0.1289 -0.9651 -0.2278
vn 0.1333 -0.9665 -0.2193
vn 0.1460 -0.9852 -0.0901
vn 0.1874 -0.9804 -0.0600
vn 0.1857 -0.9806 -0.0621
vn 0.1387 -0.9859 -0.0938
vn -0.0348 -0.9804 -0.1940
vn 0.2154 -0.9765 -0.0099
vn 0.2138 -0.9767 0.0175
vn 0.2139 -0.9767 0.0173
vn 0.2152 -0.9765 -0.0107
vn 0.2057 -0.9780 -0.0348
vn 0.2050 -0.9781 -0.0359
vn 0.2035 -0.9778 0.0493
vn 0.2033 -0.9778 0.0499
vn 0.0718 -0.9623 0.2623
vn 0.1077 -0.9505 0.2916
vn 0.0557 -0.9633 0.2628
vn -0.0443 -0.9767 0.2098
vn -0.0409 -0.9765 0.2115
vn -0.1050 -0.9806 0.1653
vn -0.1050 -0.9809 0.1636
vn -0.0088 -0.9970 -0.0769
vn -0.0582 -0.9974 -0.0434
vn -0.0517 -0.9976 -0.0463
vn -0.0068 -0.9967 -0.0809
vn -0.1286 -0.9773 -0.1686
vn -0.1314 -0.9825 -0.1319
vn -0.1282 -0.9819 -0.1391
vn -0.1268 -0.9784 -0.1634
vn 0.8289 -0.2748 -0.4873
vn -0.1237 -0.9923 0.0041
vn -0.1226 -0.9922 0.0241
vn -0.1236 -0.9923 0.0036
vn -0.1087 -0.9940 -0.0157
vn -0.1069 -0.9941 -0.0171
vn -0.1165 -0.9922 0.0441
vn -0.1163 -0.9922 0.0445
vn 0.1437 -0.9395 0.3111
vn 0.0841 -0.9579 0.2747
vn 0.0839 -0.9610 0.2635
vn 0.0499 -0.9713 0.2327
vn 0.0536 -0.9705 0.2351
vn -0.0256 -0.9803 0.1960
vn -0.0303 -0.9805 0.1943
vn -0.2018 -0.9784 -0.0459
vn -0.2377 -0.9712 -0.0181
vn -0.2369 -0.9713 -0.0190
vn -0.1942 -0.9796 -0.0512
vn 0.0842 -0.9552 0.2836
vn -0.1104 -0.9830 -0.1464
vn -0.1575 -0.9800 -0.1217
vn -0.1533 -0.9802 -0.1252
vn -0.1171 -0.9824 -0.1455
vn -0.1327 -0.9746 -0.1806
vn -0.2414 -0.9704 0.0114
vn -0.2227 -0.9747 0.0206
vn -0.2418 -0.9703 0.0110
vn -0.2455 -0.9694 -0.0040
vn -0.2451 -0.9695 -0.0048
vn -0.2060 -0.9781 0.0314
vn -0.2057 -0.9781 0.0318
vn 0.7466 -0.6376 0.1897
vn 0.7553 -0.6261 0.1936
vn 0.8421 -0.4815 0.2429
vn 0.8318 -0.5024 0.2358
vn 0.0540 -0.9721 0.2282
vn -0.2520 -0.9672 -0.0332
vn -0.2934 -0.9559 -0.0151
vn -0.2924 -0.9562 -0.0155
vn -0.2471 -0.9683 -0.0354
vn 0.8954 -0.3326 -0.2961
vn 0.8054 -0.5531 -0.2130
vn 0.8129 -0.5386 -0.2214
vn 0.7148 -0.6827 -0.1516
vn 0.7122 -0.6857 -0.1504
vn -0.2935 -0.9559 0.0071
vn -0.2806 -0.9597 0.0137
vn -0.2939 -0.9558 0.0070
vn -0.3033 -0.9529 -0.0041
vn -0.3033 -0.9529 -0.0046
vn -0.2724 -0.9619 0.0217
vn -0.2722 -0.9620 0.0219
vn 0.6421 -0.7516 0.1511
vn 0.6379 -0.7554 0.1499
vn 0.8154 -0.5716 0.0922
vn 0.7001 -0.7114 0.0611
vn 0.7055 -0.7060 0.0621
vn 0.8230 -0.5599 0.0953
vn -0.2946 -0.9547 0.0426
vn -0.3139 -0.9494 -0.0128
vn -0.3503 -0.9366 -0.0031
vn -0.3500 -0.9367 -0.0032
vn -0.3121 -0.9500 -0.0131
vn 0.8087 -0.5750 -0.1243
vn 0.8645 -0.4755 -0.1628
vn 0.8726 -0.4573 -0.1716
vn 0.7889 -0.6039 -0.1138
vn 0.6913 -0.7188 -0.0733
vn 0.6867 -0.7235 -0.0713
vn -0.3647 -0.9311 0.0083
vn -0.3458 -0.9382 0.0155
vn -0.3456 -0.9382 0.0155
vn -0.3594 -0.9332 -0.0022
vn -0.3593 -0.9332 -0.0022
vn -0.3671 -0.9302 -0.0022
vn -0.3670 -0.9302 -0.0023
vn -0.0969 -0.9842 -0.1481
vn 0.9216 -0.3501 0.1673
vn 0.8970 -0.3194 0.3057
vn -0.0090 0.9911 -0.1331
vn -0.0553 0.9849 -0.1640
vn -0.0537 0.9856 -0.1606
vn 0.0025 0.9917 -0.1288
vn -0.1652 0.9863 0.0018
vn -0.1653 0.9862 0.0018
vn -0.1678 0.9858 -0.0065
vn -0.1678 0.9858 -0.0064
vn -0.2040 0.9789 0.0074
vn -0.2044 0.9789 0.0074
vn -0.2777 0.9606 0.0131
vn -0.2786 0.9603 0.0131
vn -0.5353 0.8440 0.0340
vn -0.5380 0.8423 0.0344
vn -0.3893 0.9209 0.0196
vn -0.3877 0.9216 0.0195
vn -0.8863 0.3108 0.3433
vn -0.9116 0.3158 0.2632
vn -0.9114 0.3158 0.2638
vn -0.8860 0.3107 0.3442
vn -0.2100 0.9776 -0.0118
vn -0.2102 0.9776 -0.0118
vn -0.2865 0.9579 -0.0202
vn -0.2862 0.9580 -0.0201
vn -0.9566 0.2774 -0.0889
vn -0.9388 0.3028 -0.1644
vn -0.9382 0.3029 -0.1674
vn -0.9555 0.2799 -0.0931
vn -0.4064 0.9131 -0.0332
vn -0.4082 0.9123 -0.0333
vn -0.5603 0.8270 -0.0459
vn -0.5585 0.8283 -0.0458
vn -0.9253 0.2992 -0.2331
vn -0.9041 0.3012 -0.3032
vn -0.9014 0.3026 -0.3098
vn -0.9248 0.2987 -0.2356
vn -0.9718 0.2357 0.0011
vn -0.9718 0.2357 0.0017
vn -0.9687 0.2453 -0.0373
vn -0.9685 0.2459 -0.0381
vn -0.1439 0.9751 -0.1687
vn -0.1068 0.9744 -0.1978
vn -0.1128 0.9753 -0.1902
vn -0.1537 0.9743 -0.1648
vn -0.1879 0.9778 -0.0928
vn -0.1803 0.9738 -0.1387
vn -0.1818 0.9741 -0.1342
vn -0.1879 0.9779 -0.0913
vn -0.1229 0.9756 0.1820
vn -0.0885 0.9880 0.1266
vn -0.0913 0.9886 0.1195
vn -0.1063 0.9807 0.1643
vn -0.9342 0.3012 0.1911
vn -0.9340 0.3014 0.1916
vn -0.9525 0.2747 0.1312
vn -0.9527 0.2744 0.1307
vn -0.9640 0.2519 0.0854
vn -0.9640 0.2520 0.0855
vn -0.9698 0.2399 0.0452
vn -0.9698 0.2398 0.0449
vn -0.8092 0.2930 -0.5092
vn -0.8069 0.3261 -0.4926
vn -0.8054 0.3410 -0.4848
vn -0.8553 0.2889 0.4301
vn -0.8568 0.2903 0.4263
vn -0.8319 0.4947 0.2512
vn -0.8579 0.4376 0.2693
vn -0.8902 0.3635 0.2746
vn -0.8638 0.3187 -0.3902
vn -0.8672 0.3175 -0.3837
vn 0.1085 0.9874 0.1152
vn 0.0330 0.9939 0.1048
vn 0.0140 0.9945 0.1036
vn 0.0916 0.9895 0.1119
vn 0.1142 0.9910 -0.0702
vn 0.1066 0.9894 -0.0982
vn 0.1078 0.9897 -0.0943
vn 0.1150 0.9911 -0.0666
vn 0.1038 0.9870 -0.1225
vn 0.1022 0.9842 -0.1445
vn 0.1028 0.9849 -0.1395
vn 0.1037 0.9877 -0.1172
vn -0.8686 0.4955 -0.0047
vn -0.8686 0.4955 -0.0039
vn -0.8649 0.4993 -0.0516
vn -0.8648 0.4994 -0.0523
vn -0.8434 0.5061 -0.1807
vn -0.8436 0.5060 -0.1796
vn -0.8273 0.5066 -0.2426
vn -0.8272 0.5066 -0.2431
vn -0.8574 0.5030 -0.1090
vn -0.8570 0.5030 -0.1117
vn -0.8198 0.5097 0.2612
vn -0.8196 0.5094 0.2623
vn -0.8295 0.5225 0.1972
vn -0.8297 0.5227 0.1957
vn -0.8426 0.5211 0.1358
vn -0.8424 0.5213 0.1364
vn -0.8562 0.5092 0.0876
vn -0.8563 0.5091 0.0871
vn -0.8653 0.4994 0.0440
vn -0.8654 0.4993 0.0433
vn -0.8179 0.3575 -0.4507
vn -0.8155 0.3744 -0.4414
vn -0.8217 0.3257 -0.4676
vn -0.0825 0.9647 -0.2500
vn -0.0896 0.9609 -0.2619
vn -0.0932 0.9604 -0.2625
vn -0.0823 0.9652 -0.2484
vn -0.8183 0.3991 0.4136
vn -0.8122 0.3220 0.4865
vn -0.8143 0.3316 0.4764
vn -0.8180 0.4051 0.4083
vn -0.8027 0.2687 0.5324
vn -0.8242 0.2720 0.4967
vn -0.8190 0.2712 0.5057
vn 0.1438 0.9832 -0.1124
vn 0.0885 0.9840 -0.1549
vn 0.1001 0.9843 -0.1454
vn 0.1529 0.9825 -0.1064
vn 0.2047 0.9774 -0.0537
vn 0.1853 0.9792 -0.0824
vn 0.1912 0.9785 -0.0774
vn 0.2044 0.9775 -0.0513
vn 0.1435 0.9842 0.1034
vn 0.1316 0.9875 0.0869
vn 0.1392 0.9869 0.0817
vn 0.1348 0.9857 0.1010
vn -0.6530 0.7573 -0.0114
vn -0.6529 0.7574 -0.0108
vn -0.6646 0.7452 -0.0550
vn -0.6646 0.7451 -0.0552
vn -0.6945 0.6977 -0.1760
vn -0.6947 0.6972 -0.1769
vn -0.7129 0.6605 -0.2357
vn -0.7126 0.6612 -0.2346
vn -0.6790 0.7258 -0.1103
vn -0.6790 0.7257 -0.1106
vn -0.7104 0.6614 0.2406
vn -0.7115 0.6594 0.2428
vn -0.6909 0.7000 0.1808
vn -0.6902 0.7014 0.1780
vn -0.6719 0.7307 0.1208
vn -0.6726 0.7299 0.1222
vn -0.6601 0.7471 0.0781
vn -0.6600 0.7473 0.0769
vn -0.6537 0.7560 0.0343
vn -0.6535 0.7562 0.0332
vn 0.0722 0.9928 0.0953
vn 0.1622 0.9848 0.0619
vn 0.1765 0.9826 0.0576
vn 0.0876 0.9922 0.0888
vn 0.2466 0.9682 -0.0432
vn 0.1825 0.9807 -0.0700
vn 0.1910 0.9793 -0.0674
vn 0.2495 0.9675 -0.0413
vn 0.0867 0.9912 -0.1000
vn 0.1034 0.9901 -0.0947
vn -0.3991 0.9168 -0.0133
vn -0.3990 0.9169 -0.0132
vn -0.4184 0.9074 -0.0399
vn -0.4182 0.9075 -0.0397
vn -0.5120 0.8475 -0.1399
vn -0.5140 0.8460 -0.1415
vn -0.5884 0.7851 -0.1934
vn -0.5855 0.7877 -0.1916
vn -0.4571 0.8854 -0.0848
vn -0.4566 0.8857 -0.0842
vn -0.6058 0.7731 0.1879
vn -0.6102 0.7691 0.1902
vn -0.5251 0.8404 0.1339
vn -0.5214 0.8432 0.1307
vn -0.4603 0.8839 0.0835
vn -0.4622 0.8827 0.0847
vn -0.4210 0.9056 0.0516
vn -0.4200 0.9061 0.0506
vn -0.3999 0.9164 0.0166
vn -0.3997 0.9165 0.0158
vn 0.2028 0.9783 -0.0417
vn 0.1497 0.9871 -0.0559
vn 0.1541 0.9866 -0.0540
vn 0.2102 0.9768 -0.0407
vn 0.3108 0.9502 -0.0212
vn 0.2643 0.9639 -0.0327
vn 0.2686 0.9627 -0.0320
vn 0.3123 0.9498 -0.0207
vn 0.2830 0.9585 0.0344
vn 0.2618 0.9648 0.0241
vn 0.2682 0.9631 0.0219
vn 0.2737 0.9612 0.0333
vn -0.2649 0.9642 -0.0116
vn -0.2649 0.9642 -0.0115
vn -0.2739 0.9614 -0.0261
vn -0.2738 0.9614 -0.0260
vn -0.3991 0.9127 -0.0873
vn -0.4016 0.9116 -0.0880
vn -0.5175 0.8471 -0.1211
vn -0.5141 0.8493 -0.1201
vn -0.3153 0.9476 -0.0522
vn -0.3146 0.9478 -0.0518
vn -0.5661 0.8165 0.1134
vn -0.5710 0.8129 0.1145
vn -0.4307 0.8992 0.0766
vn -0.4266 0.9013 0.0753
vn -0.3383 0.9399 0.0467
vn -0.3401 0.9392 0.0473
vn -0.2895 0.9568 0.0276
vn -0.2888 0.9570 0.0273
vn -0.2678 0.9634 0.0080
vn -0.2677 0.9635 0.0078
vn -0.7939 0.5197 0.3157
vn -0.7886 0.5310 0.3101
vn -0.7064 0.6641 0.2448
vn -0.7053 0.6656 0.2440
vn -0.7773 0.5040 0.3766
vn -0.7755 0.5100 0.3722
vn -0.7412 0.6005 0.3001
vn -0.7408 0.6013 0.2994
vn -0.0969 0.9632 0.2508
vn -0.1163 0.9617 0.2481
vn -0.1120 0.9621 0.2487
vn -0.8414 0.3565 0.4061
vn -0.8320 0.4107 0.3729
vn -0.8352 0.3944 0.3832
vn -0.0007 0.9883 0.1524
vn 0.0072 0.9897 0.1429
vn -0.0174 0.9831 0.1824
vn -0.0200 0.9829 0.1828
vn -0.8109 0.3775 0.4472
vn -0.8059 0.3976 0.4387
vn 0.3351 0.9422 0.0082
vn 0.3275 0.9447 0.0178
vn 0.3510 0.9363 -0.0123
vn -0.7577 0.5451 -0.3588
vn -0.7304 0.6161 -0.2948
vn -0.7301 0.6171 -0.2935
vn -0.7551 0.5518 -0.3541
vn -0.8215 0.3267 0.4673
vn -0.8390 0.3538 -0.4134
vn -0.8336 0.3857 -0.3954
vn -0.8298 0.4047 -0.3843
vn -0.8151 0.4748 0.3318
vn -0.8151 0.4745 0.3322
vn -0.7459 0.5969 -0.2956
vn -0.6691 0.7021 -0.2438
vn -0.6677 0.7037 -0.2429
vn -0.7408 0.6049 -0.2920
vn -0.8974 0.4145 -0.1509
vn -0.8839 0.4493 -0.1298
vn -0.9258 0.3199 -0.2015
vn -0.8039 0.4842 -0.3454
vn -0.7976 0.4989 -0.3390
vn -0.8094 0.2994 -0.5052
vn -0.7891 0.3031 -0.5342
vn -0.8031 0.3006 -0.5144
vn -0.7947 0.4495 -0.4079
vn -0.7900 0.4619 -0.4031
vn -0.0879 0.9703 -0.2255
vn -0.0893 0.9707 -0.2230
vn -0.8328 0.3094 -0.4590
vn -0.8354 0.3127 -0.4520
vn 0.2583 0.9654 -0.0370
vn 0.2516 0.9668 -0.0441
vn 0.1674 0.9830 -0.0755
vn 0.1729 0.9819 -0.0771
vn -0.8757 0.3894 -0.2856
vn -0.8567 0.4387 -0.2714
vn -0.8954 0.3488 -0.2769
vn -0.0686 0.9780 -0.1971
vn -0.0819 0.9737 -0.2128
vn -0.0837 0.9735 -0.2130
vn -0.0669 0.9791 -0.1922
vn -0.8058 0.4511 -0.3836
vn -0.8018 0.4036 -0.4407
vn -0.8019 0.3972 -0.4464
vn -0.8053 0.4477 -0.3887
vn -0.8150 0.4887 -0.3113
vn -0.8146 0.4874 -0.3144
vn -0.1410 0.9653 0.2200
vn -0.1364 0.9630 0.2325
vn -0.1475 0.9849 0.0901
vn -0.1324 0.9866 0.0950
vn -0.1892 0.9798 0.0647
vn -0.1909 0.9797 0.0610
vn -0.0100 0.9834 0.1814
vn -0.2173 0.9761 0.0098
vn -0.2169 0.9761 0.0112
vn -0.2159 0.9763 -0.0175
vn -0.2158 0.9763 -0.0178
vn -0.2060 0.9779 0.0349
vn -0.2047 0.9781 0.0367
vn -0.1998 0.9786 -0.0494
vn -0.1995 0.9786 -0.0499
vn -0.0990 0.9596 -0.2634
vn -0.1935 0.9298 -0.3132
vn 0.0026 0.9752 -0.2212
vn -0.0036 0.9746 -0.2240
vn -0.1344 0.9491 -0.2848
vn 0.0926 0.9818 -0.1660
vn 0.0899 0.9813 -0.1703
vn -0.0019 0.9970 0.0769
vn -0.0071 0.9964 0.0846
vn 0.0505 0.9977 0.0453
vn 0.0654 0.9971 0.0398
vn 0.0903 0.9804 0.1749
vn 0.0916 0.9807 0.1725
vn 0.1095 0.9829 0.1484
vn 0.1224 0.9834 0.1338
vn -0.8061 0.2970 0.5118
vn 0.1366 0.9906 -0.0053
vn 0.1367 0.9906 -0.0042
vn 0.1327 0.9909 -0.0240
vn 0.1327 0.9909 -0.0241
vn 0.1236 0.9922 0.0127
vn 0.1200 0.9927 0.0152
vn 0.1243 0.9913 -0.0432
vn 0.1237 0.9913 -0.0441
vn -0.2440 0.9095 -0.3366
vn -0.1198 0.9538 -0.2754
vn -0.0710 0.9693 -0.2355
vn -0.0739 0.9686 -0.2374
vn -0.1146 0.9566 -0.2681
vn 0.0202 0.9812 -0.1921
vn 0.0060 0.9803 -0.1974
vn 0.2044 0.9780 0.0426
vn 0.1887 0.9807 0.0517
vn 0.2416 0.9702 0.0177
vn 0.2423 0.9701 0.0164
vn -0.1257 0.9506 -0.2837
vn 0.0885 0.9860 0.1414
vn 0.0923 0.9855 0.1424
vn 0.1325 0.9825 0.1311
vn 0.1409 0.9822 0.1244
vn 0.0848 0.9790 0.1852
vn 0.2476 0.9688 -0.0116
vn 0.2483 0.9686 -0.0109
vn 0.2275 0.9736 -0.0201
vn 0.2501 0.9682 0.0031
vn 0.2492 0.9684 0.0046
vn 0.2087 0.9775 -0.0306
vn 0.2082 0.9776 -0.0315
vn -0.7437 0.6383 -0.1988
vn -0.8174 0.5155 -0.2571
vn -0.8235 0.5005 -0.2670
vn -0.7518 0.6275 -0.2027
vn -0.0920 0.9725 -0.2141
vn 0.2547 0.9666 0.0301
vn 0.2445 0.9690 0.0341
vn 0.2953 0.9553 0.0144
vn 0.2970 0.9548 0.0138
vn -0.8937 0.2906 0.3418
vn -0.7875 0.5703 0.2336
vn -0.7085 0.6873 0.1600
vn -0.7104 0.6852 0.1609
vn -0.7916 0.5606 0.2431
vn 0.2958 0.9552 -0.0070
vn 0.2964 0.9550 -0.0068
vn 0.2827 0.9591 -0.0134
vn 0.3066 0.9518 0.0036
vn 0.3066 0.9518 0.0044
vn 0.2762 0.9609 -0.0211
vn 0.2760 0.9609 -0.0214
vn -0.6363 0.7554 -0.1569
vn -0.6393 0.7526 -0.1579
vn -0.8188 0.5655 -0.0988
vn -0.8248 0.5562 -0.1013
vn -0.7078 0.7033 -0.0669
vn -0.7044 0.7067 -0.0662
vn 0.2997 0.9540 0.0083
vn 0.3184 0.9479 0.0104
vn 0.3131 0.9497 0.0113
vn 0.3497 0.9368 0.0025
vn 0.3502 0.9367 0.0022
vn -0.8191 0.5560 0.1408
vn -0.8906 0.3914 0.2317
vn -0.8786 0.4318 0.2039
vn -0.7963 0.5931 0.1189
vn -0.6937 0.7159 0.0788
vn -0.6966 0.7129 0.0801
vn 0.3632 0.9317 -0.0080
vn 0.3630 0.9317 -0.0082
vn 0.3422 0.9395 -0.0149
vn 0.3428 0.9393 -0.0149
vn 0.3582 0.9336 0.0018
vn 0.3585 0.9335 0.0020
vn 0.3667 0.9303 0.0021
vn 0.0681 0.9883 0.1364
vn -0.9319 0.2818 -0.2285
vn -0.8933 0.2919 -0.3417
vn 0.3431 0.9392 -0.0153
vn 0.3430 0.9392 -0.0153
vn 0.3435 0.9391 -0.0049
vn 0.3436 0.9391 -0.0050
vn 0.3067 0.9506 -0.0477
vn 0.3180 0.9472 -0.0406
vn 0.3289 0.9440 -0.0276
vn 0.3288 0.9440 -0.0276
vn 0.2395 0.9708 -0.0136
vn 0.2533 0.9667 -0.0353
vn 0.2534 0.9667 -0.0354
vn 0.2547 0.9670 -0.0112
vn 0.2546 0.9670 -0.0113
vn 0.2416 0.9703 -0.0100
vn 0.3198 0.9475 -0.0087
vn 0.3029 0.9530 -0.0050
vn 0.3030 0.9530 -0.0050
vn 0.2819 0.9582 -0.0490
vn 0.2817 0.9582 -0.0490
vn 0.2772 0.9608 -0.0065
vn 0.2774 0.9607 -0.0065
vn 0.3209 0.9470 -0.0151
vn 0.3319 0.9433 -0.0019
vn 0.3318 0.9433 -0.0019
vn 0.3259 0.9454 -0.0039
vn 0.3071 0.9515 -0.0190
vn 0.2937 0.9559 -0.0068
vn 0.2937 0.9559 -0.0066
vn 0.2905 0.9569 0.0067
vn -0.0000 1.0000 -0.0000
vn 0.1488 0.9889 -0.0000
vn 0.2922 0.9564 -0.0000
vn 0.4184 0.9083 -0.0000
vn 0.8449 0.5349 -0.0000
vn 0.8827 0.4700 -0.0000
vn 0.5665 0.8241 -0.0000
vn 0.7291 0.6844 -0.0000
vn 0.0908 0.9959 -0.0000
vn 0.1896 0.9819 -0.0000
vn 0.3103 0.9506 -0.0000
vn 0.8287 0.5598 -0.0000
vn 0.8287 0.5597 -0.0000
vn 0.8865 0.4627 -0.0000
vn 0.4726 0.8813 -0.0000
vn 0.4727 0.8812 -0.0000
vn 0.6685 0.7437 -0.0000
vn 0.6684 0.7438 -0.0000
vn -0.4133 -0.9081 -0.0677
vn -0.3913 -0.9177 -0.0685
vn -0.3896 -0.9184 -0.0685
vn -0.3689 -0.9288 -0.0346
vn -0.4409 -0.8976 -0.0000
vn -0.8607 -0.5091 -0.0000
vn -0.8847 -0.4663 -0.0000
vn -0.5848 -0.8112 -0.0000
vn -0.7522 -0.6589 -0.0000
vn -0.0000 -1.0000 -0.0000
vn -0.2132 -0.9770 -0.0000
vn -0.2386 -0.9711 -0.0000
vn -0.3292 -0.9443 -0.0000
vn -0.8762 -0.4819 -0.0000
vn -0.9302 -0.3669 -0.0000
vn -0.8763 -0.4818 -0.0000
vn -0.5076 -0.8616 -0.0000
vn -0.7178 -0.6963 -0.0000
vn -0.7178 -0.6962 -0.0000
vn -0.0000 -0.0000 -1.0000
vn 0.0001 -0.0001 -1.0000
vn 0.0001 -0.0000 -1.0000
vn -0.0000 -0.0000 1.0000
vn -0.0001 -0.0000 1.0000
vn -0.4134 0.9106 -0.0000
vn -0.0001 0.0001 1.0000
vn -0.0002 0.0002 1.0000
vn 0.0001 -0.0002 -1.0000
vn -0.0001 0.0002 1.0000
vn 0.0002 -0.0002 -1.0000
vn -0.4202 0.9074 -0.0000
vn 0.0002 -0.0004 -1.0000
vn 0.0002 -0.0003 -1.0000
vn -0.0002 0.0004 1.0000
vn 0.1222 0.9925 -0.0000
vn 0.2567 0.9665 -0.0000
vn 0.3481 0.9374 -0.0000
vn 0.8246 0.5656 -0.0000
vn 0.8912 0.4535 -0.0000
vn 0.8247 0.5656 -0.0000
vn 0.4693 0.8831 -0.0000
vn 0.6535 0.7569 -0.0000
vn 0.4693 0.8830 -0.0000
vn 0.0935 0.9956 -0.0000
vn 0.1810 0.9835 -0.0000
vn 0.2896 0.9571 -0.0000
vn 0.8502 0.5265 -0.0000
vn 0.9084 0.4181 -0.0000
vn 0.8515 0.5243 -0.0000
vn 0.4489 0.8936 -0.0000
vn 0.6681 0.7441 -0.0000
vn 0.6681 0.7440 -0.0000
vn -0.2476 -0.9689 -0.0000
vn -0.3048 -0.9524 -0.0000
vn -0.4070 -0.9134 -0.0000
vn -0.8489 -0.5285 -0.0000
vn -0.8993 -0.4373 -0.0000
vn -0.5433 -0.8395 -0.0000
vn -0.7102 -0.7040 -0.0000
vn -0.1603 -0.9871 -0.0000
vn -0.2125 -0.9772 -0.0000
vn -0.3257 -0.9455 -0.0000
vn -0.8765 -0.4815 -0.0000
vn -0.8766 -0.4812 -0.0000
vn -0.9243 -0.3817 -0.0000
vn -0.4971 -0.8677 -0.0000
vn -0.4969 -0.8678 -0.0000
vn -0.7213 -0.6926 -0.0000
vn -0.7213 -0.6927 -0.0000
vn 0.0001 -0.0001 1.0000
vn 0.0001 -0.0000 1.0000
vn -0.0001 -0.0000 -1.0000
vn -0.2546 0.9670 -0.0000
vn -0.0001 0.0001 -1.0000
vn -0.0002 0.0001 -1.0000
vn 0.0001 -0.0003 1.0000
vn 0.0001 -0.0002 1.0000
vn -0.0001 0.0002 -1.0000
vn -0.0001 0.0003 -1.0000
vn -0.0002 0.0002 -1.0000
vn 0.0002 -0.0002 1.0000
vn 0.0002 -0.0001 1.0000
vn -0.2004 0.9797 -0.0000
vn 0.0012 0.0005 -1.0000
vn 0.0011 0.0004 -1.0000
vn -0.0131 -0.0218 0.9997
vn -0.0071 -0.0127 0.9999
vn -0.0067 -0.0121 0.9999
vn 0.0067 0.0121 -0.9999
vn 0.0071 0.0127 -0.9999
vn 0.0131 0.0218 -0.9997
vn 0.0017 0.0021 -1.0000
vn 0.0017 0.0020 -1.0000
vn -0.0017 -0.0021 1.0000
vn -0.0017 -0.0020 1.0000
vn -0.0012 -0.0005 1.0000
vn -0.0011 -0.0004 1.0000
vn -0.1488 0.9889 -0.0000
vn -0.0908 0.9959 -0.0000
vn -0.8449 0.5349 -0.0000
vn -0.8827 0.4700 -0.0000
vn -0.8287 0.5598 -0.0000
vn -0.8865 0.4627 -0.0000
vn -0.8287 0.5597 -0.0000
vn -0.1896 0.9819 -0.0000
vn -0.6684 0.7438 -0.0000
vn -0.6685 0.7437 -0.0000
vn -0.3103 0.9506 -0.0000
vn -0.4726 0.8813 -0.0000
vn -0.4727 0.8812 -0.0000
vn -0.7291 0.6844 -0.0000
vn -0.2922 0.9564 -0.0000
vn -0.4184 0.9083 -0.0000
vn -0.5665 0.8241 -0.0000
vn 0.0001 0.0001 1.0000
vn 0.0002 0.0002 1.0000
vn 0.0002 0.0003 1.0000
vn 0.0002 0.0004 1.0000
vn 0.5076 -0.8616 -0.0000
vn 0.7178 -0.6962 -0.0000
vn 0.7178 -0.6963 -0.0000
vn 0.4134 0.9106 -0.0000
vn 0.2132 -0.9770 -0.0000
vn 0.2386 -0.9711 -0.0000
vn -0.0002 -0.0002 -1.0000
vn 0.4133 -0.9081 -0.0677
vn 0.3896 -0.9184 -0.0685
vn 0.3913 -0.9177 -0.0685
vn -0.0001 -0.0002 -1.0000
vn -0.0001 -0.0001 -1.0000
vn 0.3689 -0.9288 -0.0346
vn 0.4409 -0.8976 -0.0000
vn 0.3292 -0.9443 -0.0000
vn 0.0001 0.0002 1.0000
vn 0.5848 -0.8112 -0.0000
vn 0.4202 0.9074 -0.0000
vn 0.8762 -0.4819 -0.0000
vn 0.8763 -0.4818 -0.0000
vn 0.9302 -0.3669 -0.0000
vn 0.7522 -0.6589 -0.0000
vn -0.0002 -0.0003 -1.0000
vn 0.8607 -0.5091 -0.0000
vn 0.8847 -0.4663 -0.0000
vn -0.0002 -0.0004 -1.0000
vn -0.1222 0.9925 -0.0000
vn -0.4489 0.8936 -0.0000
vn -0.6681 0.7440 -0.0000
vn -0.6681 0.7441 -0.0000
vn -0.8246 0.5656 -0.0000
vn -0.8247 0.5656 -0.0000
vn -0.8912 0.4535 -0.0000
vn -0.0935 0.9956 -0.0000
vn -0.1810 0.9835 -0.0000
vn -0.8502 0.5265 -0.0000
vn -0.8515 0.5243 -0.0000
vn -0.9084 0.4181 -0.0000
vn -0.4693 0.8831 -0.0000
vn -0.4693 0.8830 -0.0000
vn -0.6535 0.7569 -0.0000
vn -0.2896 0.9571 -0.0000
vn -0.2567 0.9665 -0.0000
vn -0.3481 0.9374 -0.0000
vn 0.4070 -0.9134 -0.0000
vn 0.5433 -0.8395 -0.0000
vn 0.1603 -0.9871 -0.0000
vn 0.2125 -0.9772 -0.0000
vn 0.3257 -0.9455 -0.0000
vn 0.3048 -0.9524 -0.0000
vn 0.7213 -0.6927 -0.0000
vn 0.8765 -0.4815 -0.0000
vn 0.8766 -0.4812 -0.0000
vn 0.7213 -0.6926 -0.0000
vn 0.0011 -0.0004 1.0000
vn 0.0012 -0.0005 1.0000
vn 0.2476 -0.9689 -0.0000
vn 0.0067 -0.0121 0.9999
vn 0.0017 -0.0021 1.0000
vn 0.0017 -0.0020 1.0000
vn 0.0071 -0.0127 0.9999
vn -0.0001 -0.0003 1.0000
vn -0.0001 -0.0002 1.0000
vn 0.0002 0.0002 -1.0000
vn 0.0001 0.0002 -1.0000
vn 0.0001 0.0001 -1.0000
vn 0.0002 0.0001 -1.0000
vn 0.0131 -0.0218 0.9997
vn -0.0002 -0.0002 1.0000
vn 0.4971 -0.8677 -0.0000
vn 0.4969 -0.8678 -0.0000
vn -0.0067 0.0121 -0.9999
vn -0.0131 0.0218 -0.9997
vn -0.0071 0.0127 -0.9999
vn 0.9243 -0.3817 -0.0000
vn -0.0011 0.0004 -1.0000
vn -0.0017 0.0021 -1.0000
vn -0.0017 0.0020 -1.0000
vn -0.0012 0.0005 -1.0000
vn -0.0001 -0.0001 1.0000
vn 0.7102 -0.7040 -0.0000
vn 0.8489 -0.5285 -0.0000
vn 0.2546 0.9670 -0.0000
vn 0.8993 -0.4373 -0.0000
vn 0.0001 0.0003 -1.0000
vn 0.2004 0.9797 -0.0000
vt 0.089659 0.641791
vt 0.089659 0.632882
vt 0.117917 0.632882
vt 0.117917 0.641791
vt 0.932054 0.641793
vt 0.932054 0.632884
vt 0.963573 0.632884
vt 0.963573 0.641793
vt 0.051757 0.652886
vt 0.051757 0.661794
vt 0.025185 0.661794
vt 0.025185 0.652886
vt 0.061400 0.641791
vt 0.061400 0.632882
vt 0.900508 0.641793
vt 0.900508 0.632884
vt 0.033141 0.641791
vt 0.033141 0.632882
vt 0.868999 0.641793
vt 0.868999 0.632884
vt 0.004882 0.641791
vt 0.004882 0.632882
vt 0.837470 0.641793
vt 0.837470 0.632884
vt 0.009876 0.471978
vt 0.009876 0.450310
vt 0.018786 0.450310
vt 0.018786 0.471978
vt 0.805940 0.641793
vt 0.805940 0.632884
vt 0.774425 0.641793
vt 0.774425 0.632884
vt 0.742893 0.641793
vt 0.742893 0.632884
vt 0.501220 0.641792
vt 0.501220 0.632883
vt 0.230952 0.641791
vt 0.230953 0.632882
vt 0.202694 0.641791
vt 0.202694 0.632882
vt 0.174435 0.641791
vt 0.174435 0.632882
vt 0.146177 0.641791
vt 0.146177 0.632882
vt 0.913654 0.652885
vt 0.934850 0.652885
vt 0.934850 0.661794
vt 0.913654 0.661794
vt 0.884491 0.661794
vt 0.884491 0.652885
vt 0.854922 0.661794
vt 0.854922 0.652885
vt 0.826525 0.661794
vt 0.826525 0.652885
vt 0.798724 0.661794
vt 0.798724 0.652886
vt 0.771388 0.661794
vt 0.771388 0.652886
vt 0.743396 0.661794
vt 0.743396 0.652886
vt 0.713375 0.661794
vt 0.713375 0.652886
vt 0.472074 0.661794
vt 0.472074 0.652886
vt 0.202193 0.661794
vt 0.202193 0.652886
vt 0.175862 0.661794
vt 0.175862 0.652886
vt 0.151342 0.661794
vt 0.151342 0.652886
vt 0.126899 0.661794
vt 0.126899 0.652886
vt 0.103163 0.661794
vt 0.103163 0.652886
vt 0.815315 0.325825
vt 0.806406 0.325825
vt 0.806406 0.300173
vt 0.815315 0.300173
vt 0.078029 0.661794
vt 0.078029 0.652886
vt 0.030210 0.576883
vt 0.030210 0.594279
vt 0.004880 0.594279
vt 0.004880 0.576883
vt 0.059358 0.576883
vt 0.059358 0.594279
vt 0.088714 0.576883
vt 0.088714 0.594279
vt 0.117489 0.576883
vt 0.117489 0.594279
vt 0.145988 0.576883
vt 0.145988 0.594279
vt 0.174264 0.576883
vt 0.174264 0.594279
vt 0.202847 0.576883
vt 0.202847 0.594279
vt 0.232414 0.576883
vt 0.232414 0.594279
vt 0.464407 0.576883
vt 0.464407 0.594279
vt 0.723863 0.576883
vt 0.723863 0.594279
vt 0.750085 0.576883
vt 0.750085 0.594279
vt 0.775437 0.576883
vt 0.775437 0.594279
vt 0.800751 0.576883
vt 0.800751 0.594279
vt 0.825727 0.576883
vt 0.825726 0.594279
vt 0.851373 0.576883
vt 0.851373 0.594279
vt 0.877567 0.576883
vt 0.877567 0.594279
vt 0.903904 0.576883
vt 0.903904 0.594279
vt 0.927229 0.576883
vt 0.927229 0.594279
vt 0.030206 0.622281
vt 0.004879 0.622281
vt 0.004879 0.604887
vt 0.030206 0.604887
vt 0.059350 0.622281
vt 0.059350 0.604887
vt 0.088703 0.622281
vt 0.088703 0.604887
vt 0.117475 0.622281
vt 0.117475 0.604887
vt 0.145970 0.622281
vt 0.145970 0.604887
vt 0.174243 0.622281
vt 0.174243 0.604887
vt 0.202823 0.622281
vt 0.202823 0.604887
vt 0.232386 0.622281
vt 0.232386 0.604887
vt 0.464351 0.622281
vt 0.464351 0.604887
vt 0.723776 0.622281
vt 0.723776 0.604887
vt 0.749995 0.622281
vt 0.749995 0.604887
vt 0.775344 0.622281
vt 0.775344 0.604887
vt 0.800655 0.622281
vt 0.800655 0.604887
vt 0.825628 0.622281
vt 0.825628 0.604887
vt 0.851272 0.622281
vt 0.851272 0.604887
vt 0.877462 0.622281
vt 0.877462 0.604887
vt 0.903796 0.622281
vt 0.903796 0.604887
vt 0.927118 0.622281
vt 0.927118 0.604887
vt 0.004885 0.661794
vt 0.004885 0.652886
vt 0.995110 0.632884
vt 0.995110 0.641793
vt 0.670692 0.205319
vt 0.704530 0.209271
vt 0.704463 0.210410
vt 0.670493 0.206688
vt 0.371189 0.169132
vt 0.370458 0.152076
vt 0.421514 0.150880
vt 0.421620 0.167841
vt 0.317867 0.172013
vt 0.316538 0.155453
vt 0.265694 0.175795
vt 0.263968 0.160786
vt 0.171956 0.187692
vt 0.169762 0.174923
vt 0.215914 0.167343
vt 0.217947 0.180929
vt 0.141647 0.265449
vt 0.182498 0.264134
vt 0.182502 0.286316
vt 0.141643 0.286316
vt 0.475904 0.168313
vt 0.476410 0.151574
vt 0.531513 0.154315
vt 0.530545 0.170729
vt 0.527924 0.263454
vt 0.579830 0.264047
vt 0.580830 0.286316
vt 0.529575 0.286316
vt 0.586036 0.174407
vt 0.587581 0.158994
vt 0.634888 0.164377
vt 0.633109 0.178989
vt 0.625100 0.265046
vt 0.668549 0.266392
vt 0.670559 0.286316
vt 0.626048 0.286316
vt 0.423441 0.286316
vt 0.422963 0.263207
vt 0.474646 0.263338
vt 0.475436 0.286316
vt 0.625365 0.263895
vt 0.668814 0.265263
vt 0.528081 0.262202
vt 0.580063 0.262833
vt 0.141278 0.264292
vt 0.182080 0.262688
vt 0.227782 0.263458
vt 0.227715 0.286316
vt 0.273170 0.286316
vt 0.273422 0.263233
vt 0.323540 0.262945
vt 0.323493 0.286316
vt 0.374865 0.262847
vt 0.375160 0.286316
vt 0.823443 0.271633
vt 0.778261 0.269299
vt 0.774562 0.254512
vt 0.815381 0.258019
vt 0.101012 0.286316
vt 0.102007 0.267113
vt 0.072624 0.203325
vt 0.069727 0.220593
vt 0.058683 0.213289
vt 0.708881 0.286316
vt 0.706928 0.267635
vt 0.140067 0.246784
vt 0.180657 0.244897
vt 0.181103 0.246344
vt 0.140403 0.247949
vt 0.527528 0.243028
vt 0.580263 0.243814
vt 0.579980 0.245103
vt 0.527339 0.244388
vt 0.625985 0.244711
vt 0.668771 0.246558
vt 0.668411 0.247764
vt 0.625656 0.245949
vt 0.422892 0.261863
vt 0.422517 0.243519
vt 0.474384 0.243864
vt 0.474708 0.261913
vt 0.226585 0.245074
vt 0.227511 0.262179
vt 0.273251 0.261909
vt 0.272681 0.244042
vt 0.323034 0.243351
vt 0.323450 0.261654
vt 0.374345 0.243149
vt 0.374785 0.261604
vt 0.773926 0.253512
vt 0.770187 0.239111
vt 0.805690 0.243461
vt 0.742824 0.267875
vt 0.778763 0.270620
vt 0.742796 0.268998
vt 0.101487 0.265799
vt 0.060727 0.267894
vt 0.063256 0.254376
vt 0.102142 0.251063
vt 0.008059 0.286316
vt 0.016218 0.270738
vt 0.060415 0.269211
vt 0.057202 0.286316
vt 0.627547 0.225102
vt 0.669511 0.227679
vt 0.669204 0.228989
vt 0.627159 0.226602
vt 0.527828 0.222696
vt 0.581366 0.223665
vt 0.581053 0.225227
vt 0.527632 0.224447
vt 0.138462 0.230394
vt 0.178341 0.227118
vt 0.178767 0.228583
vt 0.138735 0.231480
vt 0.422483 0.242088
vt 0.422189 0.223713
vt 0.474447 0.223990
vt 0.474467 0.242414
vt 0.224718 0.226407
vt 0.226293 0.243753
vt 0.272456 0.242646
vt 0.271186 0.224793
vt 0.321937 0.223770
vt 0.322900 0.241977
vt 0.373597 0.223573
vt 0.374263 0.241784
vt 0.136037 0.210480
vt 0.174971 0.205910
vt 0.175372 0.207482
vt 0.136403 0.211961
vt 0.529060 0.195647
vt 0.583654 0.198191
vt 0.583354 0.200005
vt 0.528868 0.197669
vt 0.630317 0.201443
vt 0.629973 0.203064
vt 0.422167 0.221680
vt 0.421857 0.195574
vt 0.475109 0.195873
vt 0.474558 0.221812
vt 0.221413 0.203317
vt 0.224338 0.224709
vt 0.270899 0.222913
vt 0.268549 0.199957
vt 0.319933 0.197294
vt 0.321760 0.221954
vt 0.372392 0.196061
vt 0.373502 0.221680
vt 0.671909 0.183645
vt 0.671747 0.184924
vt 0.632854 0.180445
vt 0.585808 0.176093
vt 0.530397 0.172579
vt 0.134124 0.193339
vt 0.172193 0.188829
vt 0.134349 0.194571
vt 0.421840 0.193445
vt 0.421627 0.169814
vt 0.475825 0.170234
vt 0.475200 0.193781
vt 0.218220 0.182540
vt 0.221093 0.201717
vt 0.268289 0.198147
vt 0.265922 0.177569
vt 0.318034 0.173926
vt 0.319752 0.195362
vt 0.371278 0.171109
vt 0.372296 0.194000
vt 0.101362 0.234017
vt 0.101514 0.216968
vt 0.101687 0.249965
vt 0.101631 0.235281
vt 0.033075 0.242417
vt 0.046439 0.225560
vt 0.069369 0.221788
vt 0.066476 0.237884
vt 0.101344 0.215737
vt 0.063544 0.253000
vt 0.066178 0.239211
vt 0.101544 0.198500
vt 0.101708 0.199481
vt 0.705823 0.248452
vt 0.704901 0.232324
vt 0.022538 0.258612
vt 0.769594 0.238008
vt 0.764171 0.217771
vt 0.787546 0.220961
vt 0.705067 0.231168
vt 0.734094 0.192237
vt 0.733557 0.182744
vt 0.745626 0.188164
vt 0.738746 0.234540
vt 0.736395 0.214160
vt 0.832527 0.286316
vt 0.782732 0.286316
vt 0.740674 0.250699
vt 0.738764 0.235702
vt 0.706998 0.266496
vt 0.745358 0.286316
vt 0.734191 0.193132
vt 0.704225 0.189005
vt 0.704238 0.187899
vt 0.763889 0.216696
vt 0.758397 0.195498
vt 0.773647 0.207254
vt 0.736511 0.213081
vt 0.705692 0.249629
vt 0.740689 0.251844
vt 0.704865 0.175431
vt 0.672961 0.169842
vt 0.088642 0.194979
vt 0.101972 0.189854
vt 0.132542 0.181650
vt 0.168948 0.347369
vt 0.169321 0.348637
vt 0.135043 0.351698
vt 0.134754 0.350559
vt 0.465259 0.315614
vt 0.415925 0.314479
vt 0.416066 0.296883
vt 0.465911 0.297897
vt 0.517671 0.317875
vt 0.518849 0.300492
vt 0.569348 0.320746
vt 0.570935 0.304652
vt 0.663343 0.330574
vt 0.617038 0.324906
vt 0.619042 0.309923
vt 0.665634 0.316210
vt 0.693977 0.406416
vt 0.694183 0.425341
vt 0.653267 0.425341
vt 0.653063 0.405230
vt 0.362822 0.314543
vt 0.309000 0.316099
vt 0.308210 0.298769
vt 0.362439 0.297090
vt 0.311068 0.404721
vt 0.309228 0.425341
vt 0.258433 0.425341
vt 0.259619 0.405183
vt 0.253950 0.318610
vt 0.206798 0.322055
vt 0.205098 0.305859
vt 0.252551 0.301993
vt 0.214498 0.406109
vt 0.213350 0.425341
vt 0.168759 0.425341
vt 0.171002 0.407392
vt 0.414037 0.425341
vt 0.362786 0.425341
vt 0.363712 0.404786
vt 0.414596 0.404662
vt 0.214259 0.405478
vt 0.170750 0.406736
vt 0.310933 0.404047
vt 0.259406 0.404489
vt 0.694312 0.405672
vt 0.653367 0.404301
vt 0.608065 0.425341
vt 0.607804 0.404651
vt 0.562738 0.425341
vt 0.512711 0.425341
vt 0.512638 0.404311
vt 0.562367 0.404480
vt 0.461591 0.425341
vt 0.461928 0.404273
vt 0.014864 0.411385
vt 0.022926 0.397470
vt 0.064518 0.395360
vt 0.060668 0.410248
vt 0.734879 0.425341
vt 0.733751 0.407965
vt 0.764065 0.343918
vt 0.778290 0.351803
vt 0.766628 0.361579
vt 0.130407 0.425341
vt 0.132560 0.408583
vt 0.695426 0.388930
vt 0.695076 0.389716
vt 0.654251 0.388235
vt 0.654644 0.387198
vt 0.311580 0.386346
vt 0.311769 0.387034
vt 0.259586 0.387441
vt 0.259314 0.386723
vt 0.213759 0.387220
vt 0.214066 0.388017
vt 0.171262 0.389630
vt 0.170877 0.388805
vt 0.414659 0.403939
vt 0.363662 0.403966
vt 0.364038 0.386821
vt 0.415075 0.386558
vt 0.608015 0.403961
vt 0.608831 0.387150
vt 0.562487 0.403778
vt 0.512709 0.403651
vt 0.513084 0.386193
vt 0.562970 0.386550
vt 0.462001 0.403651
vt 0.462413 0.386163
vt 0.065081 0.394412
vt 0.032653 0.382883
vt 0.068930 0.379747
vt 0.096451 0.408992
vt 0.096509 0.409910
vt 0.060287 0.411477
vt 0.734296 0.406882
vt 0.733526 0.392645
vt 0.772566 0.395837
vt 0.775254 0.408936
vt 0.828744 0.425341
vt 0.778722 0.425341
vt 0.775481 0.410136
vt 0.820479 0.410547
vt 0.212273 0.368118
vt 0.212712 0.369286
vt 0.170570 0.371078
vt 0.170173 0.369976
vt 0.311349 0.366960
vt 0.311570 0.368122
vt 0.258642 0.368390
vt 0.258283 0.367335
vt 0.697079 0.372620
vt 0.696679 0.373556
vt 0.656386 0.371026
vt 0.656910 0.369821
vt 0.415103 0.385917
vt 0.363954 0.386093
vt 0.364022 0.368062
vt 0.415371 0.368000
vt 0.609097 0.386334
vt 0.610576 0.369427
vt 0.563151 0.385759
vt 0.513184 0.385537
vt 0.514044 0.367767
vt 0.564282 0.368328
vt 0.462488 0.385570
vt 0.463117 0.367834
vt 0.699641 0.352389
vt 0.699075 0.353827
vt 0.659716 0.350177
vt 0.660298 0.348640
vt 0.310275 0.340582
vt 0.310498 0.342260
vt 0.256544 0.343767
vt 0.256167 0.342207
vt 0.209576 0.344461
vt 0.210037 0.345919
vt 0.415387 0.366614
vt 0.363911 0.366526
vt 0.363470 0.341074
vt 0.415698 0.341031
vt 0.610947 0.368213
vt 0.613643 0.346870
vt 0.564569 0.367011
vt 0.514221 0.366582
vt 0.515832 0.342276
vt 0.566686 0.344276
vt 0.463207 0.366606
vt 0.464206 0.341446
vt 0.207227 0.323637
vt 0.167975 0.327060
vt 0.167583 0.325584
vt 0.309188 0.317874
vt 0.254278 0.320321
vt 0.701642 0.335663
vt 0.701217 0.336764
vt 0.662887 0.331590
vt 0.415709 0.339220
vt 0.363376 0.339332
vt 0.362913 0.316332
vt 0.415927 0.316225
vt 0.614047 0.345499
vt 0.616666 0.326398
vt 0.566977 0.342761
vt 0.516027 0.340662
vt 0.517496 0.319593
vt 0.569084 0.322383
vt 0.464299 0.339712
vt 0.465173 0.317343
vt 0.734512 0.375775
vt 0.734302 0.358202
vt 0.734073 0.391796
vt 0.734055 0.377069
vt 0.803693 0.382495
vt 0.769713 0.379421
vt 0.766739 0.362770
vt 0.790337 0.365346
vt 0.734719 0.356997
vt 0.772437 0.394623
vt 0.769787 0.380661
vt 0.734697 0.340574
vt 0.734270 0.341585
vt 0.133707 0.390279
vt 0.134701 0.373905
vt 0.814162 0.398842
vt 0.050886 0.360237
vt 0.074883 0.358355
vt 0.069340 0.378708
vt 0.134388 0.372790
vt 0.104642 0.333486
vt 0.092604 0.326092
vt 0.104844 0.320970
vt 0.100459 0.375621
vt 0.102877 0.355044
vt 0.056218 0.425341
vt 0.005684 0.425341
vt 0.098615 0.392131
vt 0.100588 0.376718
vt 0.132483 0.407772
vt 0.093769 0.425341
vt 0.134876 0.329282
vt 0.135182 0.330651
vt 0.104878 0.334616
vt 0.074931 0.357226
vt 0.064678 0.345408
vt 0.080046 0.335312
vt 0.102509 0.353914
vt 0.133915 0.391245
vt 0.098692 0.393197
vt 0.133981 0.314328
vt 0.166468 0.309827
vt 0.748260 0.333880
vt 0.734719 0.329152
vt 0.703517 0.321641
vt 0.723688 0.699859
vt 0.761734 0.699859
vt 0.761734 0.703452
vt 0.723688 0.703452
vt 0.592011 0.699859
vt 0.638346 0.699859
vt 0.638346 0.703452
vt 0.592011 0.703452
vt 0.684144 0.699859
vt 0.684144 0.703452
vt 0.431671 0.699859
vt 0.484423 0.699859
vt 0.484423 0.703452
vt 0.431671 0.703452
vt 0.330659 0.699859
vt 0.382875 0.699859
vt 0.382875 0.703452
vt 0.330659 0.703452
vt 0.188390 0.699859
vt 0.233945 0.699859
vt 0.233945 0.703452
vt 0.188390 0.703452
vt 0.539638 0.699859
vt 0.539638 0.703452
vt 0.279817 0.699859
vt 0.279817 0.703452
vt 0.147337 0.699859
vt 0.147337 0.703452
vt 0.801100 0.699859
vt 0.853979 0.699859
vt 0.853979 0.703452
vt 0.801100 0.703452
vt 0.106367 0.699859
vt 0.106367 0.703452
vt 0.061553 0.699859
vt 0.061553 0.703452
vt 0.010419 0.699859
vt 0.010419 0.703452
vt 0.167496 0.059328
vt 0.167695 0.060697
vt 0.133725 0.064420
vt 0.133658 0.063281
vt 0.467000 0.023141
vt 0.416570 0.021850
vt 0.416675 0.004888
vt 0.467731 0.006085
vt 0.520323 0.026022
vt 0.521652 0.009462
vt 0.572496 0.029804
vt 0.574222 0.014795
vt 0.666234 0.041702
vt 0.620243 0.034938
vt 0.622276 0.021352
vt 0.668428 0.028933
vt 0.696543 0.119459
vt 0.696547 0.140326
vt 0.655689 0.140326
vt 0.655692 0.118144
vt 0.362285 0.022322
vt 0.307644 0.024738
vt 0.306675 0.008324
vt 0.361779 0.005583
vt 0.310265 0.117464
vt 0.308614 0.140326
vt 0.257359 0.140326
vt 0.258359 0.118057
vt 0.252152 0.028416
vt 0.205079 0.032998
vt 0.203300 0.018386
vt 0.250607 0.013003
vt 0.213088 0.119056
vt 0.212140 0.140326
vt 0.167628 0.140326
vt 0.169639 0.120401
vt 0.414748 0.140326
vt 0.362753 0.140326
vt 0.363543 0.117348
vt 0.415226 0.117217
vt 0.212823 0.117905
vt 0.169373 0.119273
vt 0.310107 0.116212
vt 0.258125 0.116843
vt 0.696912 0.118301
vt 0.656110 0.116698
vt 0.610476 0.140326
vt 0.610408 0.117468
vt 0.565020 0.140326
vt 0.514696 0.140326
vt 0.514649 0.116955
vt 0.564768 0.117243
vt 0.463029 0.140326
vt 0.463324 0.116857
vt 0.014745 0.125643
vt 0.022806 0.112029
vt 0.063625 0.108522
vt 0.059926 0.123309
vt 0.737179 0.140326
vt 0.736183 0.121123
vt 0.765567 0.057335
vt 0.779507 0.067299
vt 0.768464 0.074603
vt 0.129307 0.140326
vt 0.131260 0.121645
vt 0.698124 0.100793
vt 0.697787 0.101959
vt 0.657087 0.100353
vt 0.657533 0.098907
vt 0.310661 0.097038
vt 0.310850 0.098397
vt 0.258208 0.099113
vt 0.257925 0.097824
vt 0.212203 0.098720
vt 0.212532 0.099959
vt 0.169777 0.101774
vt 0.169416 0.100567
vt 0.415297 0.115872
vt 0.363481 0.115923
vt 0.363804 0.097873
vt 0.415673 0.097528
vt 0.610679 0.116189
vt 0.611605 0.099084
vt 0.564939 0.115919
vt 0.514740 0.115664
vt 0.515156 0.097361
vt 0.565509 0.098051
vt 0.463404 0.115614
vt 0.463844 0.097159
vt 0.064261 0.107522
vt 0.032497 0.097470
vt 0.068000 0.093120
vt 0.095363 0.121884
vt 0.095392 0.123008
vt 0.059424 0.124630
vt 0.736704 0.119809
vt 0.736048 0.105072
vt 0.774935 0.108386
vt 0.777464 0.121904
vt 0.830132 0.140326
vt 0.780989 0.140326
vt 0.777776 0.123221
vt 0.821973 0.124747
vt 0.210641 0.079112
vt 0.211029 0.080611
vt 0.168984 0.082999
vt 0.168677 0.081689
vt 0.310361 0.076706
vt 0.310557 0.078456
vt 0.257135 0.079237
vt 0.256823 0.077674
vt 0.699728 0.084404
vt 0.699456 0.085490
vt 0.659423 0.082592
vt 0.659850 0.081128
vt 0.415707 0.096098
vt 0.363722 0.096424
vt 0.363742 0.077999
vt 0.416000 0.077722
vt 0.611897 0.097763
vt 0.613472 0.080416
vt 0.565734 0.096655
vt 0.515290 0.095987
vt 0.516253 0.077779
vt 0.567004 0.078802
vt 0.463927 0.095794
vt 0.464593 0.077583
vt 0.702154 0.064490
vt 0.701788 0.065971
vt 0.662819 0.061491
vt 0.663220 0.059919
vt 0.309128 0.049656
vt 0.309321 0.051678
vt 0.254834 0.054015
vt 0.254534 0.052200
vt 0.207872 0.055453
vt 0.208216 0.057073
vt 0.416022 0.075689
vt 0.363631 0.075821
vt 0.363080 0.049882
vt 0.416332 0.049583
vt 0.613852 0.078718
vt 0.616778 0.057327
vt 0.567291 0.076923
vt 0.516430 0.075963
vt 0.518257 0.051303
vt 0.569641 0.053966
vt 0.464687 0.075689
vt 0.465798 0.050071
vt 0.205334 0.034455
vt 0.166441 0.038933
vt 0.166279 0.037654
vt 0.307792 0.026588
vt 0.252380 0.030102
vt 0.704066 0.047348
vt 0.703841 0.048580
vt 0.665997 0.042838
vt 0.416349 0.047454
vt 0.362989 0.047790
vt 0.362363 0.024243
vt 0.416562 0.023824
vt 0.617097 0.055727
vt 0.619970 0.036549
vt 0.569901 0.052157
vt 0.518438 0.049372
vt 0.520156 0.027935
vt 0.572268 0.031578
vt 0.465893 0.048010
vt 0.466911 0.025118
vt 0.736829 0.088027
vt 0.736677 0.070978
vt 0.736504 0.103974
vt 0.736559 0.089291
vt 0.805115 0.096427
vt 0.771715 0.091893
vt 0.768822 0.075798
vt 0.791752 0.079570
vt 0.736846 0.069747
vt 0.774647 0.107010
vt 0.772012 0.093221
vt 0.736647 0.052509
vt 0.736483 0.053491
vt 0.132364 0.102461
vt 0.133287 0.086333
vt 0.815653 0.112622
vt 0.050641 0.074970
vt 0.074017 0.071780
vt 0.068593 0.092018
vt 0.133121 0.085177
vt 0.104094 0.046246
vt 0.092561 0.042173
vt 0.104630 0.036754
vt 0.099441 0.088549
vt 0.101793 0.068169
vt 0.055455 0.140326
vt 0.005661 0.140326
vt 0.097514 0.104708
vt 0.099423 0.089712
vt 0.131190 0.120506
vt 0.092830 0.140326
vt 0.133949 0.041909
vt 0.133962 0.043015
vt 0.103996 0.047142
vt 0.074298 0.070706
vt 0.064540 0.061263
vt 0.079790 0.049507
vt 0.101676 0.067090
vt 0.132495 0.103638
vt 0.097498 0.105853
vt 0.133323 0.029440
vt 0.165227 0.023851
vt 0.749549 0.048988
vt 0.736218 0.043864
vt 0.705648 0.035659
vt 0.668580 0.487437
vt 0.702734 0.490665
vt 0.702428 0.491801
vt 0.668187 0.488702
vt 0.372438 0.455605
vt 0.371787 0.437887
vt 0.421629 0.436879
vt 0.421770 0.454471
vt 0.320014 0.457859
vt 0.318838 0.440472
vt 0.268319 0.460716
vt 0.266737 0.444619
vt 0.174322 0.470466
vt 0.172045 0.456093
vt 0.218622 0.449868
vt 0.220613 0.464850
vt 0.143568 0.546379
vt 0.184591 0.545199
vt 0.184361 0.565331
vt 0.143344 0.565331
vt 0.474855 0.454533
vt 0.475238 0.437086
vt 0.529440 0.438764
vt 0.528650 0.456088
vt 0.526654 0.544669
vt 0.578057 0.545141
vt 0.579202 0.565331
vt 0.528426 0.565331
vt 0.583677 0.458616
vt 0.585084 0.442001
vt 0.632538 0.445914
vt 0.630817 0.462099
vt 0.623131 0.546076
vt 0.666573 0.547351
vt 0.668722 0.565331
vt 0.624237 0.565331
vt 0.423686 0.565331
vt 0.423132 0.544646
vt 0.474016 0.544755
vt 0.474924 0.565331
vt 0.623329 0.545440
vt 0.666764 0.546702
vt 0.526781 0.543997
vt 0.578250 0.544443
vt 0.143199 0.545631
vt 0.184223 0.544271
vt 0.229902 0.544634
vt 0.229628 0.565331
vt 0.274999 0.565331
vt 0.275380 0.544470
vt 0.325111 0.544305
vt 0.325040 0.565331
vt 0.375814 0.544264
vt 0.376146 0.565331
vt 0.822232 0.551440
vt 0.776593 0.550257
vt 0.772763 0.535406
vt 0.814232 0.537557
vt 0.102558 0.565331
vt 0.103735 0.547929
vt 0.073239 0.483641
vt 0.070722 0.501363
vt 0.059000 0.491600
vt 0.707009 0.565331
vt 0.704906 0.548552
vt 0.142063 0.528855
vt 0.182914 0.527145
vt 0.183352 0.528181
vt 0.142435 0.529646
vt 0.526100 0.526300
vt 0.578310 0.526691
vt 0.578078 0.527412
vt 0.525954 0.526989
vt 0.623805 0.527207
vt 0.666606 0.528813
vt 0.666256 0.529633
vt 0.623529 0.528005
vt 0.423066 0.543923
vt 0.422648 0.526540
vt 0.473682 0.526786
vt 0.474065 0.543933
vt 0.228843 0.527121
vt 0.229659 0.543948
vt 0.275231 0.543770
vt 0.274748 0.526534
vt 0.324650 0.526186
vt 0.325025 0.543646
vt 0.375317 0.526156
vt 0.375730 0.543643
vt 0.772226 0.534459
vt 0.768398 0.519827
vt 0.804578 0.522997
vt 0.740952 0.548972
vt 0.777033 0.551493
vt 0.740902 0.549881
vt 0.103153 0.546826
vt 0.062075 0.548877
vt 0.064782 0.535740
vt 0.103944 0.532558
vt 0.008335 0.565331
vt 0.016644 0.550487
vt 0.061875 0.550073
vt 0.058546 0.565331
vt 0.625282 0.508129
vt 0.667314 0.510012
vt 0.666920 0.511110
vt 0.624860 0.509296
vt 0.526306 0.506927
vt 0.579319 0.507319
vt 0.578992 0.508375
vt 0.526107 0.508090
vt 0.140435 0.512514
vt 0.180668 0.509742
vt 0.181174 0.510949
vt 0.140813 0.513456
vt 0.422617 0.525899
vt 0.422337 0.507986
vt 0.473679 0.508033
vt 0.473753 0.526057
vt 0.227092 0.509375
vt 0.228553 0.526306
vt 0.274529 0.525744
vt 0.273398 0.508309
vt 0.323659 0.507757
vt 0.324520 0.525531
vt 0.374595 0.507826
vt 0.375226 0.525563
vt 0.137906 0.492246
vt 0.177308 0.488546
vt 0.177867 0.490086
vt 0.138455 0.493691
vt 0.527373 0.480561
vt 0.581442 0.482203
vt 0.581062 0.483763
vt 0.527155 0.482239
vt 0.627997 0.484491
vt 0.627526 0.485946
vt 0.422321 0.506598
vt 0.422001 0.481020
vt 0.474213 0.481053
vt 0.473780 0.506496
vt 0.223987 0.486817
vt 0.226678 0.508163
vt 0.273093 0.506992
vt 0.270977 0.484251
vt 0.321855 0.482263
vt 0.323466 0.506573
vt 0.373492 0.481438
vt 0.374496 0.506598
vt 0.669993 0.465683
vt 0.669587 0.467154
vt 0.630357 0.463675
vt 0.583339 0.460326
vt 0.528461 0.457863
vt 0.135946 0.475499
vt 0.174727 0.471490
vt 0.136354 0.476601
vt 0.421989 0.479208
vt 0.421768 0.456217
vt 0.474765 0.456321
vt 0.474305 0.479312
vt 0.220975 0.466344
vt 0.223589 0.485444
vt 0.270684 0.482735
vt 0.268581 0.462353
vt 0.320189 0.459577
vt 0.321657 0.480649
vt 0.372524 0.457334
vt 0.373398 0.479704
vt 0.102943 0.515627
vt 0.103175 0.498022
vt 0.103396 0.531700
vt 0.103396 0.516928
vt 0.033551 0.522346
vt 0.046929 0.505172
vt 0.070623 0.502574
vt 0.067607 0.519271
vt 0.102796 0.496816
vt 0.064890 0.534522
vt 0.067537 0.520520
vt 0.102790 0.480300
vt 0.103226 0.481316
vt 0.703757 0.530297
vt 0.702747 0.513965
vt 0.023021 0.538738
vt 0.767967 0.518791
vt 0.762436 0.498482
vt 0.786374 0.500362
vt 0.703071 0.512856
vt 0.732785 0.473731
vt 0.732616 0.461259
vt 0.744790 0.466386
vt 0.736950 0.515694
vt 0.734535 0.495173
vt 0.831347 0.565331
vt 0.781064 0.565331
vt 0.738773 0.532175
vt 0.736820 0.516788
vt 0.704974 0.547751
vt 0.743584 0.565331
vt 0.732553 0.474857
vt 0.702334 0.470811
vt 0.702652 0.469444
vt 0.762401 0.497357
vt 0.757293 0.475594
vt 0.772593 0.485585
vt 0.734908 0.494051
vt 0.703556 0.531256
vt 0.738700 0.533235
vt 0.703547 0.454543
vt 0.671129 0.449958
vt 0.089197 0.473548
vt 0.102773 0.468823
vt 0.134097 0.461429
vt 0.138705 0.672879
vt 0.138705 0.676472
vt 0.100660 0.676472
vt 0.100660 0.672879
vt 0.270383 0.672879
vt 0.270383 0.676472
vt 0.224047 0.676472
vt 0.224047 0.672879
vt 0.178250 0.672879
vt 0.178250 0.676472
vt 0.430722 0.672879
vt 0.430722 0.676472
vt 0.377970 0.676472
vt 0.377970 0.672879
vt 0.531733 0.672879
vt 0.531733 0.676472
vt 0.479518 0.676472
vt 0.479518 0.672879
vt 0.674001 0.672879
vt 0.674001 0.676472
vt 0.628447 0.676472
vt 0.628447 0.672879
vt 0.322756 0.672879
vt 0.322756 0.676472
vt 0.582575 0.676472
vt 0.582575 0.672879
vt 0.715055 0.672879
vt 0.715055 0.676472
vt 0.061294 0.672879
vt 0.061294 0.676472
vt 0.008415 0.676472
vt 0.008415 0.672879
vt 0.756024 0.672879
vt 0.756024 0.676472
vt 0.800838 0.672879
vt 0.800838 0.676472
vt 0.851972 0.672879
vt 0.851972 0.676472
vt 0.101868 0.162287
vt 0.101868 0.166443
vt 0.088614 0.166443
vt 0.088614 0.162287
vt 0.073417 0.162289
vt 0.073417 0.166444
vt 0.057832 0.166446
vt 0.057832 0.162291
vt 0.014627 0.162301
vt 0.014627 0.166457
vt 0.005908 0.166459
vt 0.005908 0.162303
vt 0.042249 0.162294
vt 0.042249 0.166450
vt 0.026752 0.166455
vt 0.026752 0.162299
vt 0.109190 0.436869
vt 0.109190 0.441026
vt 0.095027 0.441026
vt 0.095027 0.436869
vt 0.078878 0.436869
vt 0.078878 0.441026
vt 0.061397 0.441026
vt 0.061397 0.436869
vt 0.016686 0.436880
vt 0.016686 0.441037
vt 0.004881 0.441042
vt 0.004881 0.436885
vt 0.044242 0.436872
vt 0.044242 0.441029
vt 0.029724 0.441032
vt 0.029724 0.436875
vt 0.114791 0.155077
vt 0.100239 0.155076
vt 0.099982 0.150883
vt 0.114791 0.150921
vt 0.081496 0.155163
vt 0.064478 0.155277
vt 0.064449 0.151122
vt 0.081468 0.151008
vt 0.014018 0.155609
vt 0.004946 0.155669
vt 0.004918 0.151513
vt 0.013989 0.151454
vt 0.048079 0.155385
vt 0.029371 0.155507
vt 0.029343 0.151352
vt 0.048051 0.151230
vt 0.382379 0.691059
vt 0.367186 0.691059
vt 0.367186 0.686901
vt 0.382379 0.686901
vt 0.350028 0.691059
vt 0.331580 0.691059
vt 0.331580 0.686901
vt 0.350028 0.686901
vt 0.277463 0.691048
vt 0.264512 0.691043
vt 0.264512 0.686885
vt 0.277463 0.686891
vt 0.310235 0.691056
vt 0.292811 0.691053
vt 0.292811 0.686896
vt 0.310235 0.686899
vt 0.325700 0.760458
vt 0.312475 0.759567
vt 0.312475 0.740053
vt 0.325836 0.746445
vt 0.355072 0.769459
vt 0.340493 0.763946
vt 0.343158 0.752995
vt 0.358972 0.759296
vt 0.499724 0.760776
vt 0.484930 0.764263
vt 0.482266 0.753313
vt 0.499587 0.746142
vt 0.088381 0.459106
vt 0.084224 0.459106
vt 0.084224 0.450310
vt 0.088381 0.450310
vt 0.470351 0.769777
vt 0.456687 0.777273
vt 0.452332 0.767963
vt 0.466451 0.759613
vt 0.391897 0.804398
vt 0.387799 0.796701
vt 0.395675 0.792736
vt 0.399906 0.800763
vt 0.437624 0.797020
vt 0.433525 0.804717
vt 0.425517 0.801081
vt 0.429748 0.793054
vt 0.444860 0.787290
vt 0.438206 0.780235
vt 0.380563 0.786971
vt 0.368736 0.776955
vt 0.373091 0.767645
vt 0.387217 0.779917
vt 0.730647 0.732879
vt 0.716504 0.733552
vt 0.715806 0.719391
vt 0.730647 0.716164
vt 0.528172 0.729438
vt 0.514029 0.728766
vt 0.514029 0.712052
vt 0.528870 0.715278
vt 0.700505 0.735715
vt 0.699049 0.723059
vt 0.561115 0.735875
vt 0.544170 0.731602
vt 0.545626 0.718946
vt 0.563418 0.723801
vt 0.683560 0.739988
vt 0.681257 0.727914
vt 0.102300 0.458758
vt 0.098145 0.458758
vt 0.098145 0.450316
vt 0.102300 0.450316
vt 0.667660 0.746413
vt 0.661640 0.736311
vt 0.602916 0.770872
vt 0.597456 0.760410
vt 0.605829 0.755280
vt 0.610579 0.767324
vt 0.647218 0.764524
vt 0.641757 0.774987
vt 0.634095 0.771438
vt 0.638845 0.759394
vt 0.655685 0.754615
vt 0.647883 0.746994
vt 0.588989 0.750501
vt 0.577015 0.742300
vt 0.583034 0.732198
vt 0.596792 0.742881
vt 0.512949 0.759885
vt 0.512949 0.740370
vt 0.737970 0.439100
vt 0.724196 0.439100
vt 0.724196 0.434946
vt 0.737970 0.434946
vt 0.710273 0.439098
vt 0.696006 0.439097
vt 0.696006 0.434943
vt 0.710273 0.434944
vt 0.657271 0.439088
vt 0.646827 0.439084
vt 0.646827 0.434929
vt 0.657271 0.434933
vt 0.682175 0.439094
vt 0.669710 0.439089
vt 0.669710 0.434935
vt 0.682175 0.434940
vt 0.846786 0.691866
vt 0.832629 0.691866
vt 0.832629 0.687711
vt 0.846786 0.687711
vt 0.816336 0.691866
vt 0.798673 0.691866
vt 0.798673 0.687711
vt 0.816336 0.687711
vt 0.755998 0.691856
vt 0.743666 0.691458
vt 0.743666 0.687303
vt 0.755998 0.687701
vt 0.783148 0.691864
vt 0.768582 0.691861
vt 0.768582 0.687706
vt 0.783148 0.687709
vt 0.621737 0.686866
vt 0.621737 0.691021
vt 0.605486 0.691021
vt 0.605486 0.686866
vt 0.590218 0.686867
vt 0.590218 0.691023
vt 0.573112 0.691024
vt 0.573112 0.686869
vt 0.527076 0.686878
vt 0.527075 0.691033
vt 0.512935 0.691037
vt 0.512935 0.686882
vt 0.556993 0.686872
vt 0.556992 0.691027
vt 0.541686 0.691032
vt 0.541686 0.686877
vt 0.130480 0.686931
vt 0.130480 0.691087
vt 0.115421 0.691087
vt 0.115421 0.686931
vt 0.097728 0.686931
vt 0.097728 0.691087
vt 0.079104 0.691087
vt 0.079104 0.686931
vt 0.026229 0.686938
vt 0.026228 0.691094
vt 0.011094 0.691103
vt 0.011094 0.686947
vt 0.059010 0.686933
vt 0.059010 0.691089
vt 0.042395 0.691039
vt 0.042396 0.686883
vt 0.718591 0.766706
vt 0.716570 0.750714
vt 0.732357 0.746846
vt 0.732357 0.766083
vt 0.691389 0.773952
vt 0.685796 0.760658
vt 0.701813 0.754642
vt 0.704939 0.769470
vt 0.121109 0.764653
vt 0.123130 0.748661
vt 0.137888 0.752589
vt 0.134761 0.767417
vt 0.792673 0.311361
vt 0.792673 0.300175
vt 0.796828 0.300175
vt 0.796828 0.311361
vt 0.148313 0.771899
vt 0.153904 0.758605
vt 0.168212 0.766037
vt 0.161102 0.777183
vt 0.655152 0.804695
vt 0.644331 0.801847
vt 0.650516 0.789128
vt 0.659890 0.795383
vt 0.179811 0.793331
vt 0.189186 0.787075
vt 0.195371 0.799794
vt 0.184550 0.802643
vt 0.171498 0.784072
vt 0.180214 0.775540
vt 0.668204 0.786124
vt 0.659487 0.777593
vt 0.671489 0.768090
vt 0.678599 0.779236
vt 0.105979 0.731737
vt 0.105979 0.715784
vt 0.120819 0.718332
vt 0.120121 0.732409
vt 0.293912 0.730219
vt 0.293215 0.716141
vt 0.308055 0.713594
vt 0.308055 0.729547
vt 0.138307 0.721010
vt 0.136258 0.734681
vt 0.260551 0.736417
vt 0.257810 0.723901
vt 0.275726 0.718820
vt 0.277775 0.732491
vt 0.156223 0.726092
vt 0.153481 0.738607
vt 0.042470 0.460525
vt 0.042470 0.450507
vt 0.046627 0.450670
vt 0.046627 0.460688
vt 0.174829 0.733676
vt 0.167993 0.744128
vt 0.220730 0.770805
vt 0.210927 0.768792
vt 0.216712 0.754809
vt 0.225890 0.759595
vt 0.188142 0.761785
vt 0.197319 0.756998
vt 0.203105 0.770981
vt 0.193301 0.772994
vt 0.180277 0.751959
vt 0.188022 0.743772
vt 0.233755 0.749770
vt 0.226009 0.741583
vt 0.239203 0.731486
vt 0.246040 0.741938
vt 0.107344 0.764030
vt 0.107344 0.744793
vt 0.115122 0.162287
vt 0.115122 0.166443
vt 0.123354 0.436869
vt 0.123354 0.441026
vt 0.189109 0.162301
vt 0.197828 0.162303
vt 0.197828 0.166459
vt 0.189109 0.166457
vt 0.201695 0.436880
vt 0.213500 0.436885
vt 0.213500 0.441042
vt 0.201695 0.441037
vt 0.139503 0.436869
vt 0.139503 0.441026
vt 0.188657 0.436875
vt 0.188657 0.441032
vt 0.156984 0.436869
vt 0.174139 0.436872
vt 0.174139 0.441029
vt 0.156984 0.441026
vt 0.176984 0.162299
vt 0.176984 0.166455
vt 0.130319 0.162289
vt 0.145904 0.162291
vt 0.145904 0.166446
vt 0.130319 0.166444
vt 0.161488 0.162294
vt 0.161488 0.166450
vt 0.526312 0.746142
vt 0.526175 0.760776
vt 0.555548 0.769777
vt 0.559448 0.759613
vt 0.573566 0.767963
vt 0.569212 0.777274
vt 0.805609 0.754615
vt 0.813411 0.746994
vt 0.822448 0.759394
vt 0.814076 0.764524
vt 0.454523 0.691056
vt 0.454523 0.686899
vt 0.471947 0.686896
vt 0.471946 0.691053
vt 0.070301 0.459114
vt 0.070301 0.450313
vt 0.074460 0.450313
vt 0.074460 0.459114
vt 0.299249 0.760458
vt 0.299113 0.746445
vt 0.397571 0.686901
vt 0.397571 0.691059
vt 0.414729 0.686901
vt 0.414729 0.691059
vt 0.777734 0.739988
vt 0.780037 0.727914
vt 0.799654 0.736311
vt 0.793635 0.746413
vt 0.244387 0.786971
vt 0.237732 0.779917
vt 0.251859 0.767645
vt 0.256213 0.776955
vt 0.129599 0.150883
vt 0.129343 0.155077
vt 0.237150 0.796701
vt 0.229274 0.792735
vt 0.466944 0.735875
vt 0.464641 0.723801
vt 0.482433 0.718946
vt 0.483889 0.731602
vt 0.269877 0.769459
vt 0.265977 0.759296
vt 0.281791 0.752995
vt 0.284457 0.763946
vt 0.148085 0.155163
vt 0.148114 0.151008
vt 0.165133 0.151122
vt 0.165104 0.155277
vt 0.827199 0.771438
vt 0.819537 0.774987
vt 0.433178 0.691059
vt 0.433178 0.686901
vt 0.581039 0.787289
vt 0.587693 0.780235
vt 0.596151 0.793054
vt 0.588275 0.797020
vt 0.181531 0.151230
vt 0.181503 0.155385
vt 0.499887 0.729438
vt 0.499189 0.715278
vt 0.600382 0.801081
vt 0.592373 0.804717
vt 0.781098 0.308623
vt 0.781098 0.300181
vt 0.785253 0.300181
vt 0.785253 0.308623
vt 0.487295 0.691048
vt 0.487295 0.686891
vt 0.500246 0.686885
vt 0.500246 0.691042
vt 0.200239 0.151352
vt 0.200210 0.155507
vt 0.439070 0.750501
vt 0.431267 0.742881
vt 0.445025 0.732198
vt 0.451044 0.742300
vt 0.760788 0.735715
vt 0.762244 0.723059
vt 0.430603 0.760410
vt 0.422230 0.755281
vt 0.215592 0.151454
vt 0.215564 0.155609
vt 0.745488 0.719391
vt 0.744790 0.733552
vt 0.233052 0.804398
vt 0.225044 0.800763
vt 0.224664 0.151514
vt 0.224636 0.155669
vt 0.425142 0.770872
vt 0.417480 0.767324
vt 0.543633 0.753313
vt 0.540968 0.764263
vt 0.751744 0.434946
vt 0.751744 0.439100
vt 0.910423 0.691864
vt 0.910423 0.687709
vt 0.924989 0.687706
vt 0.924989 0.691861
vt 0.818669 0.439088
vt 0.818669 0.434934
vt 0.829113 0.434929
vt 0.829113 0.439083
vt 0.860942 0.691866
vt 0.860942 0.687711
vt 0.877235 0.687711
vt 0.877235 0.691866
vt 0.937573 0.691856
vt 0.937573 0.687701
vt 0.949905 0.687303
vt 0.949905 0.691458
vt 0.793765 0.439094
vt 0.793765 0.434940
vt 0.806230 0.434935
vt 0.806230 0.439089
vt 0.894899 0.691866
vt 0.894899 0.687711
vt 0.765667 0.439098
vt 0.765667 0.434944
vt 0.779933 0.434943
vt 0.779933 0.439097
vt 0.670362 0.686869
vt 0.686482 0.686872
vt 0.686482 0.691027
vt 0.670363 0.691024
vt 0.746122 0.766706
vt 0.748143 0.750714
vt 0.075699 0.734681
vt 0.058475 0.738607
vt 0.055734 0.726092
vt 0.073650 0.721010
vt 0.145538 0.686931
vt 0.145538 0.691087
vt 0.163231 0.686931
vt 0.181855 0.686931
vt 0.181855 0.691087
vt 0.163231 0.691087
vt 0.653256 0.686867
vt 0.653256 0.691023
vt 0.218563 0.686883
vt 0.234731 0.686938
vt 0.234731 0.691094
vt 0.218564 0.691039
vt 0.370072 0.741938
vt 0.355560 0.736417
vt 0.358302 0.723901
vt 0.376908 0.731486
vt 0.637988 0.686866
vt 0.637988 0.691021
vt 0.390221 0.759596
vt 0.382356 0.749770
vt 0.390102 0.741583
vt 0.399399 0.754809
vt 0.809562 0.804695
vt 0.804823 0.795383
vt 0.814198 0.789128
vt 0.820383 0.801847
vt 0.093578 0.764653
vt 0.091557 0.748661
vt 0.043190 0.784072
vt 0.034876 0.793331
vt 0.025501 0.787075
vt 0.034473 0.775540
vt 0.066375 0.771899
vt 0.053585 0.777183
vt 0.046475 0.766037
vt 0.060783 0.758605
vt 0.338336 0.732491
vt 0.340385 0.718820
vt 0.395381 0.770805
vt 0.405184 0.768792
vt 0.796510 0.786124
vt 0.805227 0.777593
vt 0.201949 0.686933
vt 0.201949 0.691089
vt 0.322199 0.730219
vt 0.322897 0.716141
vt 0.023815 0.761785
vt 0.018656 0.772994
vt 0.008852 0.770981
vt 0.014638 0.756998
vt 0.249864 0.686947
vt 0.249864 0.691103
vt 0.043964 0.744128
vt 0.031680 0.751959
vt 0.023934 0.743772
vt 0.037128 0.733676
vt 0.773325 0.773952
vt 0.759774 0.769470
vt 0.762901 0.754642
vt 0.778917 0.760658
vt 0.091836 0.732409
vt 0.091138 0.718332
vt 0.786114 0.779235
vt 0.793224 0.768090
vt 0.701788 0.686877
vt 0.701788 0.691032
vt 0.716398 0.686878
vt 0.716398 0.691033
vt 0.032708 0.461493
vt 0.028556 0.461493
vt 0.028556 0.450313
vt 0.032708 0.450313
vt 0.730539 0.686882
vt 0.730539 0.691037
vt 0.030137 0.802643
vt 0.019316 0.799794
vt 0.079926 0.767418
vt 0.076799 0.752589
vt 0.060542 0.460512
vt 0.056390 0.460675
vt 0.056390 0.450669
vt 0.060542 0.450506
s 1
f 16/1/1 35/2/1 34/3/2 15/4/2
f 3/5/3 22/6/3 21/7/4 2/8/4
f 41/9/5 60/10/5 58/11/6 39/12/6
f 17/13/7 36/14/7 35/2/1 16/1/1
f 4/15/8 23/16/8 22/6/3 3/5/3
f 18/17/9 37/18/9 36/14/7 17/13/7
f 5/19/10 24/20/10 23/16/8 4/15/8
f 19/21/11 38/22/11 37/18/9 18/17/9
f 6/23/12 25/24/12 24/20/10 5/19/10
f 19/25/13 40/26/13 59/27/13 38/28/13
f 7/29/14 26/30/14 25/24/12 6/23/12
f 8/31/15 27/32/15 26/30/14 7/29/14
f 9/33/16 28/34/16 27/32/15 8/31/15
f 10/35/17 29/36/17 28/34/16 9/33/16
f 11/37/18 30/38/18 29/36/17 10/35/17
f 12/39/19 31/40/19 30/38/18 11/37/18
f 13/41/20 32/42/20 31/40/19 12/39/19
f 14/43/21 33/44/21 32/42/20 13/41/20
f 15/4/2 34/3/2 33/44/21 14/43/21
f 56/45/22 57/46/23 76/47/23 75/48/22
f 56/45/22 75/48/22 74/49/24 55/50/24
f 55/50/24 74/49/24 73/51/25 54/52/25
f 54/52/25 73/51/25 72/53/26 53/54/26
f 53/54/26 72/53/26 71/55/27 52/56/27
f 52/56/27 71/55/27 70/57/28 51/58/28
f 51/58/28 70/57/28 69/59/29 50/60/29
f 50/60/29 69/59/29 68/61/30 49/62/30
f 49/62/30 68/61/30 67/63/31 48/64/31
f 48/64/31 67/63/31 66/65/32 47/66/32
f 47/66/32 66/65/32 65/67/33 46/68/33
f 46/68/33 65/67/33 64/69/34 45/70/34
f 45/70/34 64/69/34 63/71/35 44/72/35
f 44/72/35 63/71/35 62/73/36 43/74/36
f 1/75/37 20/76/37 76/77/37 57/78/37
f 43/74/36 62/73/36 61/79/38 42/80/38
f 21/81/39 75/82/39 76/83/39 20/84/39
f 22/85/39 74/86/39 75/82/39 21/81/39
f 23/87/39 73/88/39 74/86/39 22/85/39
f 24/89/39 72/90/39 73/88/39 23/87/39
f 25/91/39 71/92/39 72/90/39 24/89/39
f 26/93/39 70/94/39 71/92/39 25/91/39
f 27/95/39 69/96/39 70/94/39 26/93/39
f 28/97/39 68/98/39 69/96/39 27/95/39
f 29/99/39 67/100/39 68/98/39 28/97/39
f 30/101/39 66/102/39 67/100/39 29/99/39
f 31/103/39 65/104/39 66/102/39 30/101/39
f 32/105/39 64/106/39 65/104/39 31/103/39
f 33/107/39 63/108/39 64/106/39 32/105/39
f 34/109/39 62/110/39 63/108/39 33/107/39
f 35/111/39 61/112/39 62/110/39 34/109/39
f 36/113/39 60/114/39 61/112/39 35/111/39
f 37/115/39 58/116/39 60/114/39 36/113/39
f 38/117/39 59/118/39 58/116/39 37/115/39
f 42/80/38 61/79/38 60/10/5 41/9/5
f 2/119/40 1/120/40 57/121/40 56/122/40
f 3/123/40 2/119/40 56/122/40 55/124/40
f 4/125/40 3/123/40 55/124/40 54/126/40
f 5/127/40 4/125/40 54/126/40 53/128/40
f 6/129/40 5/127/40 53/128/40 52/130/40
f 7/131/40 6/129/40 52/130/40 51/132/40
f 8/133/40 7/131/40 51/132/40 50/134/40
f 9/135/40 8/133/40 50/134/40 49/136/40
f 10/137/40 9/135/40 49/136/40 48/138/40
f 11/139/40 10/137/40 48/138/40 47/140/40
f 12/141/40 11/139/40 47/140/40 46/142/40
f 13/143/40 12/141/40 46/142/40 45/144/40
f 14/145/40 13/143/40 45/144/40 44/146/40
f 15/147/40 14/145/40 44/146/40 43/148/40
f 16/149/40 15/147/40 43/148/40 42/150/40
f 17/151/40 16/149/40 42/150/40 41/152/40
f 18/153/40 17/151/40 41/152/40 39/154/40
f 19/155/40 18/153/40 39/154/40 40/156/40
f 59/157/41 40/158/41 39/12/6 58/11/6
f 2/8/4 21/7/4 20/159/42 1/160/42
f 260/161/43 273/162/44 198/163/45 166/164/46
f 277/165/47 114/166/48 104/167/49 276/168/49
f 278/169/50 105/170/51 114/166/48 277/165/47
f 287/171/52 186/172/53 105/170/51 278/169/50
f 280/173/54 106/174/55 115/175/56 279/176/57
f 125/177/58 124/178/59 102/179/60 111/180/61
f 283/181/62 119/182/62 88/183/63 281/184/64
f 126/185/65 127/186/66 99/187/67 108/188/68
f 284/189/69 107/190/70 87/191/71 282/192/72
f 128/193/73 129/194/74 98/195/75 112/196/76
f 276/168/49 104/167/49 119/182/62 283/181/62
f 100/197/77 120/198/78 130/199/79 118/200/80
f 216/201/81 209/202/82 129/194/83 128/193/84
f 99/187/67 127/186/66 128/193/73 112/196/76
f 215/203/85 208/204/86 127/186/87 126/185/88
f 118/200/80 130/199/79 126/185/65 108/188/68
f 219/205/89 214/206/90 124/178/91 125/177/92
f 102/179/60 124/178/59 123/207/93 110/208/94
f 185/209/95 187/210/96 122/211/97 101/212/97
f 101/212/97 122/211/97 121/213/98 109/214/99
f 109/214/99 121/213/98 120/198/78 100/197/77
f 78/215/100 218/216/101 143/217/102 79/218/100
f 192/219/103 193/220/104 125/177/58 111/180/61
f 91/221/105 270/222/106 117/223/107
f 85/224/108 98/195/75 129/194/74 97/225/109
f 228/226/110 233/227/111 137/228/112 144/229/113
f 234/230/114 226/231/115 141/232/116 138/233/117
f 235/234/118 227/235/119 142/236/120 139/237/121
f 210/238/122 133/239/123 140/240/124 217/241/125
f 208/204/126 141/232/127 139/237/128 216/201/129
f 217/241/125 140/240/124 138/233/130 215/203/131
f 214/206/132 137/228/133 136/242/134 213/243/135
f 221/244/136 188/245/137 135/246/138 212/247/139
f 212/247/139 135/246/138 134/248/140 211/249/141
f 211/249/141 134/248/140 133/239/123 210/238/122
f 225/250/142 183/251/143 80/252/144 79/218/144
f 224/253/145 218/216/146 131/254/147 204/255/148
f 222/256/149 220/257/150 145/258/151 194/259/152
f 96/260/153 95/261/153 132/262/154 103/263/155
f 252/264/156 244/265/157 155/266/158 152/267/159
f 251/268/160 243/269/161 154/270/162 151/271/163
f 245/272/164 250/273/165 150/274/166 156/275/167
f 229/276/168 146/277/169 153/278/170 236/279/171
f 226/231/172 154/270/173 152/267/174 235/234/175
f 236/279/171 153/278/170 151/271/176 234/230/177
f 233/227/178 150/274/179 149/280/180 232/281/181
f 238/282/182 189/283/183 148/284/184 231/285/185
f 231/285/185 148/284/184 147/286/186 230/287/187
f 230/287/187 147/286/186 146/277/169 229/276/168
f 261/288/188 266/289/189 161/290/190 167/291/191
f 267/292/192 259/293/193 165/294/194 162/295/195
f 268/296/196 260/161/43 166/164/46 163/297/197
f 246/298/198 157/299/199 164/300/200 253/301/201
f 243/269/202 165/294/203 163/297/204 252/264/205
f 253/301/201 164/300/200 162/295/206 251/268/207
f 250/273/208 161/290/209 160/302/210 249/303/211
f 256/304/212 190/305/213 159/306/214 248/307/215
f 248/307/215 159/306/214 158/308/216 247/309/217
f 247/309/217 158/308/216 157/299/199 246/298/198
f 282/192/218 285/310/219 177/311/220 174/312/221
f 281/184/222 284/189/223 176/313/224 173/314/225
f 286/315/226 280/173/227 172/316/228 178/317/229
f 262/318/230 168/319/230 175/320/231 269/321/232
f 259/293/233 176/313/234 174/312/235 268/296/236
f 269/321/232 175/320/231 173/314/237 267/292/238
f 266/289/239 172/316/240 171/322/241 265/323/242
f 271/324/243 191/325/244 170/326/245 264/327/246
f 264/327/246 170/326/245 169/328/247 263/329/248
f 263/329/248 169/328/247 168/319/230 262/318/230
f 255/330/249 181/331/250 167/291/251 245/272/252
f 239/332/253 182/333/254 156/275/255 228/226/256
f 95/261/257 220/257/258 132/262/259
f 93/334/260 92/335/260 179/336/261 254/337/262
f 272/338/263 181/331/264 179/336/265 270/222/266
f 237/339/267 180/340/268 182/333/254 239/332/253
f 254/337/262 179/336/261 181/331/250 255/330/249
f 103/263/155 132/262/154 193/220/104 192/219/103
f 272/338/263 261/288/188 167/291/191 181/331/264
f 288/341/269 286/315/226 178/317/229 195/342/270
f 288/341/269 195/342/270 91/221/271
f 240/343/272 227/235/273 155/266/274 199/344/275
f 94/345/276 93/334/276 180/340/268 237/339/267
f 80/252/277 242/346/278 184/347/279 81/348/277
f 265/323/242 171/322/241 191/325/244 271/324/243
f 249/303/211 160/302/210 190/305/213 256/304/212
f 232/281/181 149/280/180 189/283/183 238/282/182
f 213/243/135 136/242/134 188/245/137 221/244/136
f 110/208/94 123/207/93 187/210/96 185/209/95
f 279/176/57 115/175/56 186/172/53 287/171/52
f 219/205/280 222/256/149 194/259/152 144/229/281
f 257/349/282 244/265/283 166/164/284 198/163/285
f 289/350/286 83/351/287 202/352/288
f 258/353/289 257/349/282 198/163/285 207/354/290
f 131/254/291 78/215/292 77/355/292 113/356/293
f 241/357/294 240/343/272 199/344/275 206/358/295
f 209/202/82 223/359/296 97/225/297 129/194/83
f 203/360/298 85/224/108 97/225/109 204/255/299
f 289/350/300 197/361/301 200/362/302 290/363/303
f 290/363/303 200/362/302 177/311/220 285/310/219
f 274/364/304 82/365/305 201/366/306
f 275/367/307 274/364/308 184/347/309 207/354/310
f 113/356/293 203/360/298 204/255/299 131/254/291
f 225/250/142 241/357/294 206/358/295 183/251/143
f 242/346/278 258/353/289 207/354/290 184/347/279
f 223/359/296 224/253/145 204/255/148 97/225/297
f 273/162/44 275/367/307 207/354/310 198/163/45
f 196/368/311 205/369/312 224/253/313 223/359/314
f 142/236/315 196/368/311 223/359/314 209/202/316
f 125/177/92 193/220/317 222/256/318 219/205/89
f 123/207/319 213/243/320 221/244/321 187/210/322
f 270/222/266 179/336/265 92/335/323
f 193/220/317 132/262/259 220/257/258 222/256/318
f 205/369/312 143/217/102 218/216/101 224/253/313
f 121/213/324 211/249/325 210/238/326 120/198/327
f 122/211/328 212/247/329 211/249/325 121/213/324
f 187/210/322 221/244/321 212/247/329 122/211/328
f 124/178/91 214/206/90 213/243/320 123/207/319
f 130/199/330 217/241/331 215/203/85 126/185/88
f 127/186/87 208/204/86 216/201/81 128/193/84
f 120/198/327 210/238/326 217/241/331 130/199/330
f 78/215/332 131/254/147 218/216/146
f 144/229/281 137/228/133 214/206/132 219/205/280
f 138/233/130 141/232/127 208/204/126 215/203/131
f 139/237/128 142/236/315 209/202/316 216/201/129
f 143/217/333 205/369/334 241/357/335 225/250/336
f 205/369/334 196/368/337 240/343/338 241/357/335
f 136/242/339 232/281/340 238/282/341 188/245/342
f 196/368/337 142/236/120 227/235/119 240/343/338
f 145/258/343 237/339/344 239/332/345 194/259/346
f 94/345/347 145/258/151 220/257/150 95/261/347
f 194/259/346 239/332/345 228/226/110 144/229/113
f 134/248/348 230/287/349 229/276/350 133/239/350
f 135/246/351 231/285/352 230/287/349 134/248/348
f 188/245/342 238/282/341 231/285/352 135/246/351
f 137/228/112 233/227/111 232/281/340 136/242/339
f 140/240/353 236/279/354 234/230/114 138/233/117
f 141/232/116 226/231/115 235/234/118 139/237/121
f 133/239/350 229/276/350 236/279/354 140/240/353
f 143/217/333 225/250/336 79/218/355
f 152/267/174 155/266/274 227/235/273 235/234/175
f 151/271/176 154/270/173 226/231/172 234/230/177
f 156/275/255 150/274/179 233/227/178 228/226/256
f 183/251/356 206/358/357 258/353/358 242/346/359
f 206/358/357 199/344/360 257/349/361 258/353/358
f 199/344/360 155/266/158 244/265/157 257/349/361
f 149/280/362 249/303/363 256/304/364 189/283/365
f 80/252/366 183/251/356 242/346/359
f 180/340/367 254/337/368 255/330/369 182/333/370
f 94/345/371 237/339/344 145/258/343
f 182/333/370 255/330/369 245/272/164 156/275/167
f 147/286/372 247/309/373 246/298/374 146/277/374
f 148/284/375 248/307/376 247/309/373 147/286/372
f 189/283/365 256/304/364 248/307/376 148/284/375
f 150/274/166 250/273/165 249/303/363 149/280/362
f 153/278/377 253/301/378 251/268/160 151/271/163
f 154/270/162 243/269/161 252/264/156 152/267/159
f 146/277/374 246/298/374 253/301/378 153/278/377
f 167/291/251 161/290/209 250/273/208 245/272/252
f 162/295/206 165/294/203 243/269/202 251/268/207
f 163/297/204 166/164/284 244/265/283 252/264/205
f 200/362/379 197/361/380 275/367/381 273/162/382
f 197/361/380 82/365/305 274/364/304 275/367/381
f 81/348/383 184/347/309 274/364/308
f 160/302/384 265/323/385 271/324/386 190/305/387
f 270/222/106 92/335/388 117/223/107
f 195/342/389 178/317/390 261/288/391 272/338/392
f 195/342/389 272/338/392 270/222/106 91/221/105
f 158/308/393 263/329/394 262/318/395 157/299/395
f 159/306/396 264/327/397 263/329/394 158/308/393
f 190/305/387 271/324/386 264/327/397 159/306/396
f 161/290/190 266/289/189 265/323/385 160/302/384
f 164/300/398 269/321/399 267/292/192 162/295/195
f 165/294/194 259/293/193 268/296/196 163/297/197
f 157/299/395 262/318/395 269/321/399 164/300/398
f 174/312/235 177/311/400 260/161/401 268/296/236
f 173/314/237 176/313/234 259/293/233 267/292/238
f 178/317/390 172/316/240 266/289/239 261/288/391
f 177/311/400 200/362/379 273/162/382 260/161/401
f 84/370/402 290/363/403 285/310/404 86/371/405
f 83/351/287 289/350/286 290/363/403 84/370/402
f 82/365/406 197/361/301 289/350/300
f 171/322/407 279/176/408 287/171/409 191/325/410
f 288/341/411 91/221/412 116/372/413
f 90/373/414 89/374/415 286/315/416 288/341/411
f 89/374/415 106/174/55 280/173/54 286/315/416
f 88/183/63 107/190/70 284/189/69 281/184/64
f 87/191/71 86/371/405 285/310/404 282/192/72
f 168/319/417 276/168/417 283/181/418 175/320/419
f 176/313/224 284/189/223 282/192/218 174/312/221
f 175/320/419 283/181/418 281/184/222 173/314/225
f 172/316/228 280/173/227 279/176/408 171/322/407
f 191/325/410 287/171/409 278/169/420 170/326/421
f 170/326/421 278/169/420 277/165/422 169/328/423
f 169/328/423 277/165/422 276/168/417 168/319/417
f 90/373/414 288/341/411 116/372/413
f 93/334/424 254/337/368 180/340/367
f 82/365/425 289/350/286 202/352/288
f 81/348/426 274/364/304 201/366/306
f 474/375/427 380/376/428 412/377/429 487/378/430
f 491/379/431 490/380/432 318/381/433 328/382/434
f 492/383/435 491/379/431 328/382/434 319/384/436
f 501/385/437 492/383/435 319/384/436 400/386/438
f 494/387/439 493/388/440 329/389/441 320/390/442
f 339/391/443 325/392/444 316/393/445 338/394/446
f 497/395/447 495/396/448 302/397/449 333/398/450
f 340/399/451 322/400/452 313/401/453 341/402/454
f 498/403/455 496/404/456 301/405/457 321/406/458
f 342/407/459 326/408/460 312/409/461 343/410/462
f 490/380/432 497/395/447 333/398/450 318/381/433
f 314/411/463 332/412/464 344/413/465 334/414/466
f 430/415/467 342/407/468 343/410/469 423/416/470
f 313/401/453 326/408/460 342/407/459 341/402/454
f 429/417/471 340/399/472 341/402/473 422/418/474
f 332/412/464 322/400/452 340/399/451 344/413/465
f 433/419/475 339/391/476 338/394/477 428/420/478
f 316/393/445 324/421/479 337/422/480 338/394/446
f 399/423/481 315/424/482 336/425/483 401/426/484
f 315/424/482 323/427/485 335/428/486 336/425/483
f 323/427/485 314/411/463 334/414/466 335/428/486
f 292/429/487 293/430/487 357/431/488 432/432/489
f 406/433/490 325/392/444 339/391/443 407/434/491
f 305/435/492 331/436/493 484/437/494
f 299/438/495 311/439/496 343/410/462 312/409/461
f 442/440/497 358/441/498 351/442/499 447/443/500
f 448/444/501 352/445/502 355/446/503 440/447/504
f 449/448/505 353/449/506 356/450/507 441/451/508
f 424/452/509 431/453/510 354/454/511 347/455/512
f 422/418/513 430/415/514 353/449/515 355/446/516
f 431/453/510 429/417/517 352/445/518 354/454/511
f 428/420/519 427/456/520 350/457/521 351/442/522
f 435/458/523 426/459/524 349/460/525 402/461/526
f 426/459/524 425/462/527 348/463/528 349/460/525
f 425/462/527 424/452/509 347/455/512 348/463/528
f 439/464/529 293/430/530 294/465/530 397/466/531
f 438/467/532 418/468/533 345/469/534 432/432/535
f 436/470/536 408/471/537 359/472/538 434/473/539
f 310/474/540 317/475/541 346/476/542 309/477/540
f 466/478/543 366/479/544 369/480/545 458/481/546
f 465/482/547 365/483/548 368/484/549 457/485/550
f 459/486/551 370/487/552 364/488/553 464/489/554
f 443/490/555 450/491/556 367/492/557 360/493/558
f 440/447/559 449/448/560 366/479/561 368/484/562
f 450/491/556 448/444/563 365/483/564 367/492/557
f 447/443/565 446/494/566 363/495/567 364/488/568
f 452/496/569 445/497/570 362/498/571 403/499/572
f 445/497/570 444/500/573 361/501/574 362/498/571
f 444/500/573 443/490/555 360/493/558 361/501/574
f 475/502/575 381/503/576 375/504/577 480/505/578
f 481/506/579 376/507/580 379/508/581 473/509/582
f 482/510/583 377/511/584 380/376/428 474/375/427
f 460/512/585 467/513/586 378/514/587 371/515/588
f 457/485/589 466/478/590 377/511/591 379/508/592
f 467/513/586 465/482/593 376/507/594 378/514/587
f 464/489/595 463/516/596 374/517/597 375/504/598
f 470/518/599 462/519/600 373/520/601 404/521/602
f 462/519/600 461/522/603 372/523/604 373/520/601
f 461/522/603 460/512/585 371/515/588 372/523/604
f 496/404/605 388/524/606 391/525/607 499/526/608
f 495/396/609 387/527/610 390/528/611 498/403/612
f 500/529/613 392/530/614 386/531/615 494/387/616
f 476/532/617 483/533/618 389/534/619 382/535/620
f 473/509/621 482/510/622 388/524/623 390/528/624
f 483/533/618 481/506/625 387/527/626 389/534/619
f 480/505/627 479/536/628 385/537/629 386/531/630
f 485/538/631 478/539/632 384/540/633 405/541/634
f 478/539/632 477/542/635 383/543/636 384/540/633
f 477/542/635 476/532/617 382/535/620 383/543/636
f 469/544/637 459/486/638 381/503/639 395/545/640
f 453/546/641 442/440/642 370/487/643 396/547/644
f 309/477/645 346/476/646 434/473/647
f 307/548/648 468/549/649 393/550/650 306/551/648
f 486/552/651 484/437/652 393/550/653 395/545/654
f 451/553/655 453/546/641 396/547/644 394/554/656
f 468/549/649 469/544/637 395/545/640 393/550/650
f 317/475/541 406/433/490 407/434/491 346/476/542
f 486/552/651 395/545/654 381/503/576 475/502/575
f 502/555/657 409/556/658 392/530/614 500/529/613
f 502/555/657 305/435/659 409/556/658
f 454/557/660 413/558/661 369/480/662 441/451/663
f 308/559/664 451/553/655 394/554/656 307/548/664
f 294/465/665 295/560/665 398/561/666 456/562/667
f 479/536/628 485/538/631 405/541/634 385/537/629
f 463/516/596 470/518/599 404/521/602 374/517/597
f 446/494/566 452/496/569 403/499/572 363/495/567
f 427/456/520 435/458/523 402/461/526 350/457/521
f 324/421/479 399/423/481 401/426/484 337/422/480
f 493/388/440 501/385/437 400/386/438 329/389/441
f 433/419/668 358/441/669 408/471/537 436/470/536
f 471/563/670 412/377/671 380/376/672 458/481/673
f 503/564/674 416/565/675 297/566/676
f 472/567/677 421/568/678 412/377/671 471/563/670
f 345/469/679 327/569/680 291/570/681 292/429/681
f 455/571/682 420/572/683 413/558/661 454/557/660
f 423/416/470 343/410/469 311/439/684 437/573/685
f 417/574/686 418/468/687 311/439/496 299/438/495
f 503/564/688 504/575/689 414/576/690 411/577/691
f 504/575/689 499/526/608 391/525/607 414/576/690
f 488/578/692 415/579/693 296/580/694
f 489/581/695 421/568/696 398/561/697 488/578/698
f 327/569/680 345/469/679 418/468/687 417/574/686
f 439/464/529 397/466/531 420/572/683 455/571/682
f 456/562/667 398/561/666 421/568/678 472/567/677
f 437/573/685 311/439/684 418/468/533 438/467/532
f 487/378/430 412/377/429 421/568/696 489/581/695
f 410/582/699 437/573/700 438/467/701 419/583/702
f 356/450/703 423/416/704 437/573/700 410/582/699
f 339/391/476 433/419/475 436/470/705 407/434/706
f 337/422/707 401/426/708 435/458/709 427/456/710
f 484/437/652 306/551/711 393/550/653
f 407/434/706 436/470/705 434/473/647 346/476/646
f 419/583/702 438/467/701 432/432/489 357/431/488
f 335/428/712 334/414/713 424/452/714 425/462/715
f 336/425/716 335/428/712 425/462/715 426/459/717
f 401/426/708 336/425/716 426/459/717 435/458/709
f 338/394/477 337/422/707 427/456/710 428/420/478
f 344/413/718 340/399/472 429/417/471 431/453/719
f 341/402/473 342/407/468 430/415/467 422/418/474
f 334/414/713 344/413/718 431/453/719 424/452/714
f 292/429/720 432/432/535 345/469/534
f 358/441/669 433/419/668 428/420/519 351/442/522
f 352/445/518 429/417/517 422/418/513 355/446/516
f 353/449/515 430/415/514 423/416/704 356/450/703
f 357/431/721 439/464/722 455/571/723 419/583/724
f 419/583/724 455/571/723 454/557/725 410/582/726
f 350/457/727 402/461/728 452/496/729 446/494/730
f 410/582/726 454/557/725 441/451/508 356/450/507
f 359/472/731 408/471/732 453/546/733 451/553/734
f 308/559/735 309/477/735 434/473/539 359/472/538
f 408/471/732 358/441/498 442/440/497 453/546/733
f 348/463/736 347/455/737 443/490/738 444/500/739
f 349/460/740 348/463/736 444/500/739 445/497/741
f 402/461/728 349/460/740 445/497/741 452/496/729
f 351/442/499 350/457/727 446/494/730 447/443/500
f 354/454/742 352/445/502 448/444/501 450/491/743
f 355/446/503 353/449/506 449/448/505 440/447/504
f 347/455/737 354/454/742 450/491/743 443/490/738
f 357/431/721 293/430/744 439/464/722
f 366/479/561 449/448/560 441/451/663 369/480/662
f 365/483/564 448/444/563 440/447/559 368/484/562
f 370/487/643 442/440/642 447/443/565 364/488/568
f 397/466/745 456/562/746 472/567/747 420/572/748
f 420/572/748 472/567/747 471/563/749 413/558/750
f 413/558/750 471/563/749 458/481/546 369/480/545
f 363/495/751 403/499/752 470/518/753 463/516/754
f 294/465/755 456/562/746 397/466/745
f 394/554/756 396/547/757 469/544/758 468/549/759
f 308/559/760 359/472/731 451/553/734
f 396/547/757 370/487/552 459/486/551 469/544/758
f 361/501/761 360/493/762 460/512/762 461/522/763
f 362/498/764 361/501/761 461/522/763 462/519/765
f 403/499/752 362/498/764 462/519/765 470/518/753
f 364/488/553 363/495/751 463/516/754 464/489/554
f 367/492/766 365/483/548 465/482/547 467/513/767
f 368/484/549 366/479/544 466/478/543 457/485/550
f 360/493/762 367/492/766 467/513/767 460/512/762
f 381/503/639 459/486/638 464/489/595 375/504/598
f 376/507/594 465/482/593 457/485/589 379/508/592
f 377/511/591 466/478/590 458/481/673 380/376/672
f 414/576/768 487/378/769 489/581/770 411/577/771
f 411/577/771 489/581/770 488/578/692 296/580/694
f 295/560/772 488/578/698 398/561/697
f 374/517/773 404/521/774 485/538/775 479/536/776
f 484/437/494 331/436/493 306/551/777
f 409/556/778 486/552/779 475/502/780 392/530/781
f 409/556/778 305/435/492 484/437/494 486/552/779
f 372/523/782 371/515/783 476/532/783 477/542/784
f 373/520/785 372/523/782 477/542/784 478/539/786
f 404/521/774 373/520/785 478/539/786 485/538/775
f 375/504/577 374/517/773 479/536/776 480/505/578
f 378/514/787 376/507/580 481/506/579 483/533/788
f 379/508/581 377/511/584 482/510/583 473/509/582
f 371/515/783 378/514/787 483/533/788 476/532/783
f 388/524/623 482/510/622 474/375/789 391/525/790
f 387/527/626 481/506/625 473/509/621 390/528/624
f 392/530/781 475/502/780 480/505/627 386/531/630
f 391/525/790 474/375/789 487/378/769 414/576/768
f 298/584/791 300/585/792 499/526/793 504/575/794
f 297/566/676 298/584/791 504/575/794 503/564/674
f 296/580/795 503/564/688 411/577/691
f 385/537/796 405/541/797 501/385/798 493/388/799
f 502/555/800 330/586/801 305/435/802
f 304/587/803 502/555/800 500/529/804 303/588/805
f 303/588/805 500/529/804 494/387/439 320/390/442
f 302/397/449 495/396/448 498/403/455 321/406/458
f 301/405/457 496/404/456 499/526/793 300/585/792
f 382/535/806 389/534/807 497/395/808 490/380/809
f 390/528/611 388/524/606 496/404/605 498/403/612
f 389/534/807 387/527/610 495/396/609 497/395/808
f 386/531/615 385/537/796 493/388/799 494/387/616
f 405/541/797 384/540/810 492/383/811 501/385/798
f 384/540/810 383/543/812 491/379/812 492/383/811
f 383/543/812 382/535/806 490/380/809 491/379/812
f 304/587/803 330/586/801 502/555/800
f 307/548/813 394/554/756 468/549/759
f 296/580/814 416/565/675 503/564/674
f 295/560/815 415/579/693 488/578/692
f 85/589/816 203/590/817 417/591/818 299/592/819
f 99/593/820 112/594/821 326/595/821 313/596/820
f 98/597/822 85/589/816 299/592/819 312/598/823
f 100/599/824 118/600/825 332/601/826 314/602/824
f 101/603/827 109/604/828 323/605/828 315/606/829
f 102/607/830 110/608/831 324/609/832 316/610/830
f 108/611/833 99/593/820 313/596/820 322/612/834
f 109/604/828 100/599/824 314/602/824 323/605/828
f 110/608/831 185/613/835 399/614/836 324/609/832
f 111/615/837 102/607/830 316/610/830 325/616/837
f 112/594/821 98/597/822 312/598/823 326/595/821
f 113/617/838 77/618/839 291/619/839 327/620/840
f 118/600/825 108/611/833 322/612/834 332/601/826
f 185/613/835 101/603/827 315/606/829 399/614/836
f 192/621/841 111/615/837 325/616/837 406/622/841
f 103/623/842 192/621/841 406/622/841 317/624/843
f 203/590/817 113/617/838 327/620/840 417/591/818
f 96/625/844 103/623/842 317/624/843 310/626/844
f 688/627/845 594/628/846 626/629/847 701/630/848
f 705/631/849 704/632/850 532/633/850 542/634/851
f 706/635/852 705/631/849 542/634/851 533/636/853
f 715/637/854 706/635/852 533/636/853 614/638/855
f 708/639/856 707/640/857 543/641/858 534/642/859
f 553/643/860 539/644/861 530/645/862 552/646/863
f 711/647/864 709/648/865 516/649/866 547/650/864
f 554/651/867 536/652/868 527/653/869 555/654/870
f 712/655/871 710/656/872 515/657/873 535/658/874
f 556/659/875 540/660/876 526/661/877 557/662/878
f 704/632/850 711/647/864 547/650/864 532/633/850
f 528/663/879 546/664/880 558/665/881 548/666/882
f 644/667/883 556/659/884 557/662/885 637/668/886
f 527/653/869 540/660/876 556/659/875 555/654/870
f 643/669/887 554/651/888 555/654/889 636/670/890
f 546/664/880 536/652/868 554/651/867 558/665/881
f 647/671/891 553/643/892 552/646/893 642/672/894
f 530/645/862 538/673/895 551/674/896 552/646/863
f 613/675/897 529/676/898 550/677/898 615/678/899
f 529/676/898 537/679/900 549/680/901 550/677/898
f 537/679/900 528/663/879 548/666/882 549/680/901
f 506/681/902 507/682/902 571/683/903 646/684/904
f 620/685/905 539/644/861 553/643/860 621/686/906
f 519/687/907 545/688/908 698/689/909
f 513/690/910 525/691/911 557/662/878 526/661/877
f 656/692/912 572/693/913 565/694/914 661/695/915
f 662/696/916 566/697/917 569/698/918 654/699/919
f 663/700/920 567/701/921 570/702/922 655/703/923
f 638/704/924 645/705/925 568/706/926 561/707/927
f 636/670/928 644/667/929 567/701/930 569/698/931
f 645/705/925 643/669/932 566/697/933 568/706/926
f 642/672/934 641/708/935 564/709/936 565/694/937
f 649/710/938 640/711/939 563/712/940 616/713/941
f 640/711/939 639/714/942 562/715/943 563/712/940
f 639/714/942 638/704/924 561/707/927 562/715/943
f 653/716/944 507/682/945 508/717/945 611/718/946
f 652/719/947 632/720/948 559/721/949 646/684/950
f 650/722/951 622/723/952 573/724/953 648/725/954
f 524/726/955 531/727/956 560/728/957 523/729/955
f 680/730/958 580/731/959 583/732/960 672/733/961
f 679/734/962 579/735/963 582/736/964 671/737/965
f 673/738/966 584/739/967 578/740/968 678/741/969
f 657/742/970 664/743/971 581/744/972 574/745/973
f 654/699/974 663/700/975 580/731/976 582/736/977
f 664/743/971 662/696/978 579/735/979 581/744/972
f 661/695/980 660/746/981 577/747/982 578/740/983
f 666/748/984 659/749/985 576/750/986 617/751/987
f 659/749/985 658/752/988 575/753/989 576/750/986
f 658/752/988 657/742/970 574/745/973 575/753/989
f 689/754/990 595/755/991 589/756/992 694/757/993
f 695/758/994 590/759/995 593/760/996 687/761/997
f 696/762/998 591/763/999 594/628/846 688/627/845
f 674/764/1000 681/765/1001 592/766/1002 585/767/1003
f 671/737/1004 680/730/1005 591/763/1006 593/760/1007
f 681/765/1001 679/734/1008 590/759/1009 592/766/1002
f 678/741/1010 677/768/1011 588/769/1012 589/756/1013
f 684/770/1014 676/771/1015 587/772/1016 618/773/1017
f 676/771/1015 675/774/1018 586/775/1019 587/772/1016
f 675/774/1018 674/764/1000 585/767/1003 586/775/1019
f 710/656/1020 602/776/1021 605/777/1022 713/778/1023
f 709/648/1024 601/779/1025 604/780/1026 712/655/1027
f 714/781/1028 606/782/1029 600/783/1030 708/639/1031
f 690/784/1032 697/785/1033 603/786/1034 596/787/1032
f 687/761/1035 696/762/1036 602/776/1037 604/780/1038
f 697/785/1033 695/758/1039 601/779/1040 603/786/1034
f 694/757/1041 693/788/1042 599/789/1043 600/783/1044
f 699/790/1045 692/791/1046 598/792/1047 619/793/1048
f 692/791/1046 691/794/1049 597/795/1050 598/792/1047
f 691/794/1049 690/784/1032 596/787/1032 597/795/1050
f 683/796/1051 673/738/1052 595/755/1053 609/797/1054
f 667/798/1055 656/692/1056 584/739/1057 610/799/1058
f 523/729/1059 560/728/1060 648/725/1061
f 521/800/1062 682/801/1063 607/802/1064 520/803/1062
f 700/804/1065 698/689/1066 607/802/1067 609/797/1068
f 665/805/1069 667/798/1055 610/799/1058 608/806/1070
f 682/801/1063 683/796/1051 609/797/1054 607/802/1064
f 531/727/956 620/685/905 621/686/906 560/728/957
f 700/804/1065 609/797/1068 595/755/991 689/754/990
f 716/807/1071 623/808/1072 606/782/1029 714/781/1028
f 716/807/1071 519/687/1073 623/808/1072
f 668/809/1074 627/810/1075 583/732/1076 655/703/1077
f 522/811/1078 665/805/1069 608/806/1070 521/800/1078
f 508/717/1079 509/812/1079 612/813/1080 670/814/1081
f 693/788/1042 699/790/1045 619/793/1048 599/789/1043
f 677/768/1011 684/770/1014 618/773/1017 588/769/1012
f 660/746/981 666/748/984 617/751/987 577/747/982
f 641/708/935 649/710/938 616/713/941 564/709/936
f 538/673/895 613/675/897 615/678/899 551/674/896
f 707/640/857 715/637/854 614/638/855 543/641/858
f 647/671/1082 572/693/1083 622/723/952 650/722/951
f 685/815/1084 626/629/1085 594/628/1086 672/733/1087
f 717/816/1088 630/817/1089 511/818/1090
f 686/819/1091 635/820/1092 626/629/1085 685/815/1084
f 559/721/1093 541/821/1094 505/822/1095 506/681/1095
f 669/823/1096 634/824/1097 627/810/1075 668/809/1074
f 637/668/886 557/662/885 525/691/1098 651/825/1099
f 631/826/1100 632/720/1101 525/691/911 513/690/910
f 717/816/1102 718/827/1103 628/828/1104 625/829/1105
f 718/827/1103 713/778/1023 605/777/1022 628/828/1104
f 702/830/1106 629/831/1107 510/832/1108
f 703/833/1109 635/820/1110 612/813/1111 702/830/1112
f 541/821/1094 559/721/1093 632/720/1101 631/826/1100
f 653/716/944 611/718/946 634/824/1097 669/823/1096
f 670/814/1081 612/813/1080 635/820/1092 686/819/1091
f 651/825/1099 525/691/1098 632/720/948 652/719/947
f 701/630/848 626/629/847 635/820/1110 703/833/1109
f 624/834/1113 651/825/1114 652/719/1115 633/835/1116
f 570/702/1117 637/668/1118 651/825/1114 624/834/1113
f 553/643/892 647/671/891 650/722/1119 621/686/1120
f 551/674/1121 615/678/1122 649/710/1123 641/708/1124
f 698/689/1066 520/803/1125 607/802/1067
f 621/686/1120 650/722/1119 648/725/1061 560/728/1060
f 633/835/1116 652/719/1115 646/684/904 571/683/903
f 549/680/1126 548/666/1127 638/704/1128 639/714/1129
f 550/677/1130 549/680/1126 639/714/1129 640/711/1131
f 615/678/1122 550/677/1130 640/711/1131 649/710/1123
f 552/646/893 551/674/1121 641/708/1124 642/672/894
f 558/665/1132 554/651/888 643/669/887 645/705/1133
f 555/654/889 556/659/884 644/667/883 636/670/890
f 548/666/1127 558/665/1132 645/705/1133 638/704/1128
f 506/681/1134 646/684/950 559/721/949
f 572/693/1083 647/671/1082 642/672/934 565/694/937
f 566/697/933 643/669/932 636/670/928 569/698/931
f 567/701/930 644/667/929 637/668/1118 570/702/1117
f 571/683/1135 653/716/1136 669/823/1137 633/835/1138
f 633/835/1138 669/823/1137 668/809/1139 624/834/1140
f 564/709/1141 616/713/1142 666/748/1143 660/746/1144
f 624/834/1140 668/809/1139 655/703/923 570/702/922
f 573/724/1145 622/723/1146 667/798/1147 665/805/1148
f 522/811/1149 523/729/1149 648/725/954 573/724/953
f 622/723/1146 572/693/913 656/692/912 667/798/1147
f 562/715/1150 561/707/1151 657/742/1151 658/752/1152
f 563/712/1153 562/715/1150 658/752/1152 659/749/1154
f 616/713/1142 563/712/1153 659/749/1154 666/748/1143
f 565/694/914 564/709/1141 660/746/1144 661/695/915
f 568/706/1155 566/697/917 662/696/916 664/743/1156
f 569/698/918 567/701/921 663/700/920 654/699/919
f 561/707/1151 568/706/1155 664/743/1156 657/742/1151
f 571/683/1135 507/682/1157 653/716/1136
f 580/731/976 663/700/975 655/703/1077 583/732/1076
f 579/735/979 662/696/978 654/699/974 582/736/977
f 584/739/1057 656/692/1056 661/695/980 578/740/983
f 611/718/1158 670/814/1159 686/819/1160 634/824/1161
f 634/824/1161 686/819/1160 685/815/1162 627/810/1163
f 627/810/1163 685/815/1162 672/733/961 583/732/960
f 577/747/1164 617/751/1165 684/770/1166 677/768/1167
f 508/717/1168 670/814/1159 611/718/1158
f 608/806/1169 610/799/1170 683/796/1171 682/801/1172
f 522/811/1173 573/724/1145 665/805/1148
f 610/799/1170 584/739/967 673/738/966 683/796/1171
f 575/753/1174 574/745/1175 674/764/1175 675/774/1176
f 576/750/1177 575/753/1174 675/774/1176 676/771/1178
f 617/751/1165 576/750/1177 676/771/1178 684/770/1166
f 578/740/968 577/747/1164 677/768/1167 678/741/969
f 581/744/1179 579/735/963 679/734/962 681/765/1180
f 582/736/964 580/731/959 680/730/958 671/737/965
f 574/745/1175 581/744/1179 681/765/1180 674/764/1175
f 595/755/1053 673/738/1052 678/741/1010 589/756/1013
f 590/759/1009 679/734/1008 671/737/1004 593/760/1007
f 591/763/1006 680/730/1005 672/733/1087 594/628/1086
f 628/828/1181 701/630/1182 703/833/1183 625/829/1184
f 625/829/1184 703/833/1183 702/830/1106 510/832/1108
f 509/812/1185 702/830/1112 612/813/1111
f 588/769/1186 618/773/1187 699/790/1188 693/788/1189
f 698/689/909 545/688/908 520/803/1190
f 623/808/1191 700/804/1192 689/754/1193 606/782/1194
f 623/808/1191 519/687/907 698/689/909 700/804/1192
f 586/775/1195 585/767/1196 690/784/1196 691/794/1197
f 587/772/1198 586/775/1195 691/794/1197 692/791/1199
f 618/773/1187 587/772/1198 692/791/1199 699/790/1188
f 589/756/992 588/769/1186 693/788/1189 694/757/993
f 592/766/1200 590/759/995 695/758/994 697/785/1201
f 593/760/996 591/763/999 696/762/998 687/761/997
f 585/767/1196 592/766/1200 697/785/1201 690/784/1196
f 602/776/1037 696/762/1036 688/627/1202 605/777/1203
f 601/779/1040 695/758/1039 687/761/1035 604/780/1038
f 606/782/1194 689/754/1193 694/757/1041 600/783/1044
f 605/777/1203 688/627/1202 701/630/1182 628/828/1181
f 512/836/1204 514/837/1205 713/778/1206 718/827/1207
f 511/818/1090 512/836/1204 718/827/1207 717/816/1088
f 510/832/1208 717/816/1102 625/829/1105
f 599/789/1209 619/793/1210 715/637/1211 707/640/1212
f 716/807/1213 544/838/1214 519/687/1215
f 518/839/1216 716/807/1213 714/781/1217 517/840/1218
f 517/840/1218 714/781/1217 708/639/856 534/642/859
f 516/649/866 709/648/865 712/655/871 535/658/874
f 515/657/873 710/656/872 713/778/1206 514/837/1205
f 596/787/1219 603/786/1220 711/647/1221 704/632/1219
f 604/780/1026 602/776/1021 710/656/1020 712/655/1027
f 603/786/1220 601/779/1025 709/648/1024 711/647/1221
f 600/783/1030 599/789/1209 707/640/1212 708/639/1031
f 619/793/1210 598/792/1222 706/635/1223 715/637/1211
f 598/792/1222 597/795/1224 705/631/1225 706/635/1223
f 597/795/1224 596/787/1219 704/632/1219 705/631/1225
f 518/839/1216 544/838/1214 716/807/1213
f 521/800/1226 608/806/1169 682/801/1172
f 510/832/1227 630/817/1089 717/816/1088
f 509/812/1228 629/831/1107 702/830/1106
f 902/841/1229 915/842/1230 840/843/1231 808/844/1232
f 919/845/1233 756/846/1234 746/847/1235 918/848/1236
f 920/849/1237 747/850/1238 756/846/1234 919/845/1233
f 929/851/1239 828/852/1240 747/850/1238 920/849/1237
f 922/853/1241 748/854/1242 757/855/1243 921/856/1244
f 767/857/1245 766/858/1246 744/859/1247 753/860/1248
f 925/861/1249 761/862/1250 730/863/1251 923/864/1252
f 768/865/1253 769/866/1254 741/867/1255 750/868/1256
f 926/869/1257 749/870/1258 729/871/1259 924/872/1260
f 770/873/1261 771/874/1262 740/875/1263 754/876/1264
f 918/848/1236 746/847/1235 761/862/1250 925/861/1249
f 742/877/1265 762/878/1266 772/879/1267 760/880/1268
f 858/881/1269 851/882/1270 771/874/1271 770/873/1272
f 741/867/1255 769/866/1254 770/873/1261 754/876/1264
f 857/883/1273 850/884/1274 769/866/1275 768/865/1276
f 760/880/1268 772/879/1267 768/865/1253 750/868/1256
f 861/885/1277 856/886/1278 766/858/1279 767/857/1280
f 744/859/1247 766/858/1246 765/887/1281 752/888/1282
f 827/889/1283 829/890/1284 764/891/1285 743/892/1286
f 743/892/1286 764/891/1285 763/893/1287 751/894/1288
f 751/894/1288 763/893/1287 762/878/1266 742/877/1265
f 720/895/1289 860/896/1290 785/897/1291 721/898/1289
f 834/899/1292 835/900/1293 767/857/1245 753/860/1248
f 733/901/1294 912/902/1295 759/903/1296
f 727/904/1297 740/875/1263 771/874/1262 739/905/1298
f 870/906/1299 875/907/1300 779/908/1301 786/909/1302
f 876/910/1303 868/911/1304 783/912/1305 780/913/1306
f 877/914/1307 869/915/1308 784/916/1309 781/917/1310
f 852/918/1311 775/919/1312 782/920/1313 859/921/1314
f 850/884/1315 783/912/1316 781/917/1317 858/881/1318
f 859/921/1314 782/920/1313 780/913/1319 857/883/1320
f 856/886/1321 779/908/1322 778/922/1323 855/923/1324
f 863/924/1325 830/925/1326 777/926/1327 854/927/1328
f 854/927/1328 777/926/1327 776/928/1329 853/929/1330
f 853/929/1330 776/928/1329 775/919/1312 852/918/1311
f 867/930/1331 825/931/1332 722/932/1333 721/898/1333
f 866/933/1334 860/896/1335 773/934/1336 846/935/1337
f 864/936/1338 862/937/1339 787/938/1340 836/939/1341
f 738/940/1342 737/941/1342 774/942/1343 745/943/1344
f 894/944/1345 886/945/1346 797/946/1347 794/947/1348
f 893/948/1349 885/949/1350 796/950/1351 793/951/1352
f 887/952/1353 892/953/1354 792/954/1355 798/955/1356
f 871/956/1357 788/957/1358 795/958/1359 878/959/1360
f 868/911/1361 796/950/1362 794/947/1363 877/914/1364
f 878/959/1360 795/958/1359 793/951/1365 876/910/1366
f 875/907/1367 792/954/1368 791/960/1369 874/961/1370
f 880/962/1371 831/963/1372 790/964/1373 873/965/1374
f 873/965/1374 790/964/1373 789/966/1375 872/967/1376
f 872/967/1376 789/966/1375 788/957/1358 871/956/1357
f 903/968/1377 908/969/1378 803/970/1379 809/971/1380
f 909/972/1381 901/973/1382 807/974/1383 804/975/1384
f 910/976/1385 902/841/1229 808/844/1232 805/977/1386
f 888/978/1387 799/979/1388 806/980/1389 895/981/1390
f 885/949/1391 807/974/1392 805/977/1393 894/944/1394
f 895/981/1390 806/980/1389 804/975/1395 893/948/1396
f 892/953/1397 803/970/1398 802/982/1399 891/983/1400
f 898/984/1401 832/985/1402 801/986/1403 890/987/1404
f 890/987/1404 801/986/1403 800/988/1405 889/989/1406
f 889/989/1406 800/988/1405 799/979/1388 888/978/1387
f 924/872/1407 927/990/1408 819/991/1409 816/992/1410
f 923/864/1411 926/869/1412 818/993/1413 815/994/1414
f 928/995/1415 922/853/1416 814/996/1417 820/997/1418
f 904/998/1419 810/999/1420 817/1000/1421 911/1001/1422
f 901/973/1423 818/993/1424 816/992/1425 910/976/1426
f 911/1001/1422 817/1000/1421 815/994/1427 909/972/1428
f 908/969/1429 814/996/1430 813/1002/1431 907/1003/1432
f 913/1004/1433 833/1005/1434 812/1006/1435 906/1007/1436
f 906/1007/1436 812/1006/1435 811/1008/1437 905/1009/1438
f 905/1009/1438 811/1008/1437 810/999/1420 904/998/1419
f 897/1010/1439 823/1011/1440 809/971/1441 887/952/1442
f 881/1012/1443 824/1013/1444 798/955/1445 870/906/1446
f 737/941/1447 862/937/1448 774/942/1449
f 735/1014/1450 734/1015/1450 821/1016/1451 896/1017/1452
f 914/1018/1453 823/1011/1454 821/1016/1455 912/902/1456
f 879/1019/1457 822/1020/1458 824/1013/1444 881/1012/1443
f 896/1017/1452 821/1016/1451 823/1011/1440 897/1010/1439
f 745/943/1344 774/942/1343 835/900/1293 834/899/1292
f 914/1018/1453 903/968/1377 809/971/1380 823/1011/1454
f 930/1021/1459 928/995/1415 820/997/1418 837/1022/1460
f 930/1021/1459 837/1022/1460 733/901/1461
f 882/1023/1462 869/915/1463 797/946/1464 841/1024/1465
f 736/1025/1466 735/1014/1466 822/1020/1458 879/1019/1457
f 722/932/1467 884/1026/1468 826/1027/1469 723/1028/1467
f 907/1003/1432 813/1002/1431 833/1005/1434 913/1004/1433
f 891/983/1400 802/982/1399 832/985/1402 898/984/1401
f 874/961/1370 791/960/1369 831/963/1372 880/962/1371
f 855/923/1324 778/922/1323 830/925/1326 863/924/1325
f 752/888/1282 765/887/1281 829/890/1284 827/889/1283
f 921/856/1244 757/855/1243 828/852/1240 929/851/1239
f 861/885/1470 864/936/1338 836/939/1341 786/909/1471
f 899/1029/1472 886/945/1473 808/844/1474 840/843/1475
f 931/1030/1476 725/1031/1477 844/1032/1478
f 900/1033/1479 899/1029/1472 840/843/1475 849/1034/1480
f 773/934/1481 720/895/1482 719/1035/1482 755/1036/1483
f 883/1037/1484 882/1023/1462 841/1024/1465 848/1038/1485
f 851/882/1270 865/1039/1486 739/905/1487 771/874/1271
f 845/1040/1488 727/904/1297 739/905/1298 846/935/1489
f 931/1030/1490 839/1041/1491 842/1042/1492 932/1043/1493
f 932/1043/1493 842/1042/1492 819/991/1409 927/990/1408
f 916/1044/1494 724/1045/1495 843/1046/1496
f 917/1047/1497 916/1044/1498 826/1027/1499 849/1034/1500
f 755/1036/1483 845/1040/1488 846/935/1489 773/934/1481
f 867/930/1331 883/1037/1484 848/1038/1485 825/931/1332
f 884/1026/1468 900/1033/1479 849/1034/1480 826/1027/1469
f 865/1039/1486 866/933/1334 846/935/1337 739/905/1487
f 915/842/1230 917/1047/1497 849/1034/1500 840/843/1231
f 838/1048/1501 847/1049/1502 866/933/1503 865/1039/1504
f 784/916/1505 838/1048/1501 865/1039/1504 851/882/1506
f 767/857/1280 835/900/1507 864/936/1508 861/885/1277
f 765/887/1509 855/923/1510 863/924/1511 829/890/1512
f 912/902/1456 821/1016/1455 734/1015/1513
f 835/900/1507 774/942/1449 862/937/1448 864/936/1508
f 847/1049/1502 785/897/1291 860/896/1290 866/933/1503
f 763/893/1514 853/929/1515 852/918/1516 762/878/1517
f 764/891/1518 854/927/1519 853/929/1515 763/893/1514
f 829/890/1512 863/924/1511 854/927/1519 764/891/1518
f 766/858/1279 856/886/1278 855/923/1510 765/887/1509
f 772/879/1520 859/921/1521 857/883/1273 768/865/1276
f 769/866/1275 850/884/1274 858/881/1269 770/873/1272
f 762/878/1517 852/918/1516 859/921/1521 772/879/1520
f 720/895/1522 773/934/1336 860/896/1335
f 786/909/1471 779/908/1322 856/886/1321 861/885/1470
f 780/913/1319 783/912/1316 850/884/1315 857/883/1320
f 781/917/1317 784/916/1505 851/882/1506 858/881/1318
f 785/897/1523 847/1049/1524 883/1037/1525 867/930/1526
f 847/1049/1524 838/1048/1527 882/1023/1528 883/1037/1525
f 778/922/1529 874/961/1530 880/962/1531 830/925/1532
f 838/1048/1527 784/916/1309 869/915/1308 882/1023/1528
f 787/938/1533 879/1019/1534 881/1012/1535 836/939/1536
f 736/1025/1537 787/938/1340 862/937/1339 737/941/1537
f 836/939/1536 881/1012/1535 870/906/1299 786/909/1302
f 776/928/1538 872/967/1539 871/956/1540 775/919/1541
f 777/926/1542 873/965/1543 872/967/1539 776/928/1538
f 830/925/1532 880/962/1531 873/965/1543 777/926/1542
f 779/908/1301 875/907/1300 874/961/1530 778/922/1529
f 782/920/1544 878/959/1545 876/910/1303 780/913/1306
f 783/912/1305 868/911/1304 877/914/1307 781/917/1310
f 775/919/1541 871/956/1540 878/959/1545 782/920/1544
f 785/897/1523 867/930/1526 721/898/1546
f 794/947/1363 797/946/1464 869/915/1463 877/914/1364
f 793/951/1365 796/950/1362 868/911/1361 876/910/1366
f 798/955/1445 792/954/1368 875/907/1367 870/906/1446
f 825/931/1547 848/1038/1548 900/1033/1549 884/1026/1550
f 848/1038/1548 841/1024/1551 899/1029/1552 900/1033/1549
f 841/1024/1551 797/946/1347 886/945/1346 899/1029/1552
f 791/960/1553 891/983/1554 898/984/1555 831/963/1556
f 722/932/1557 825/931/1547 884/1026/1550
f 822/1020/1558 896/1017/1559 897/1010/1560 824/1013/1561
f 736/1025/1562 879/1019/1534 787/938/1533
f 824/1013/1561 897/1010/1560 887/952/1353 798/955/1356
f 789/966/1563 889/989/1564 888/978/1565 788/957/1565
f 790/964/1566 890/987/1567 889/989/1564 789/966/1563
f 831/963/1556 898/984/1555 890/987/1567 790/964/1566
f 792/954/1355 892/953/1354 891/983/1554 791/960/1553
f 795/958/1568 895/981/1569 893/948/1349 793/951/1352
f 796/950/1351 885/949/1350 894/944/1345 794/947/1348
f 788/957/1565 888/978/1565 895/981/1569 795/958/1568
f 809/971/1441 803/970/1398 892/953/1397 887/952/1442
f 804/975/1395 807/974/1392 885/949/1391 893/948/1396
f 805/977/1393 808/844/1474 886/945/1473 894/944/1394
f 842/1042/1570 839/1041/1571 917/1047/1572 915/842/1573
f 839/1041/1571 724/1045/1495 916/1044/1494 917/1047/1572
f 723/1028/1574 826/1027/1499 916/1044/1498
f 802/982/1575 907/1003/1576 913/1004/1577 832/985/1578
f 912/902/1295 734/1015/1579 759/903/1296
f 837/1022/1580 820/997/1581 903/968/1582 914/1018/1583
f 837/1022/1580 914/1018/1583 912/902/1295 733/901/1294
f 800/988/1584 905/1009/1585 904/998/1586 799/979/1586
f 801/986/1587 906/1007/1588 905/1009/1585 800/988/1584
f 832/985/1578 913/1004/1577 906/1007/1588 801/986/1587
f 803/970/1379 908/969/1378 907/1003/1576 802/982/1575
f 806/980/1589 911/1001/1590 909/972/1381 804/975/1384
f 807/974/1383 901/973/1382 910/976/1385 805/977/1386
f 799/979/1586 904/998/1586 911/1001/1590 806/980/1589
f 816/992/1425 819/991/1591 902/841/1592 910/976/1426
f 815/994/1427 818/993/1424 901/973/1423 909/972/1428
f 820/997/1581 814/996/1430 908/969/1429 903/968/1582
f 819/991/1591 842/1042/1570 915/842/1573 902/841/1592
f 726/1050/1593 932/1043/1594 927/990/1595 728/1051/1596
f 725/1031/1477 931/1030/1476 932/1043/1594 726/1050/1593
f 724/1045/1597 839/1041/1491 931/1030/1490
f 813/1002/1598 921/856/1599 929/851/1600 833/1005/1601
f 930/1021/1602 733/901/1603 758/1052/1604
f 732/1053/1605 731/1054/1606 928/995/1607 930/1021/1602
f 731/1054/1606 748/854/1242 922/853/1241 928/995/1607
f 730/863/1251 749/870/1258 926/869/1257 923/864/1252
f 729/871/1259 728/1051/1596 927/990/1595 924/872/1260
f 810/999/1608 918/848/1609 925/861/1610 817/1000/1611
f 818/993/1413 926/869/1412 924/872/1407 816/992/1410
f 817/1000/1611 925/861/1610 923/864/1411 815/994/1414
f 814/996/1417 922/853/1416 921/856/1599 813/1002/1598
f 833/1005/1601 929/851/1600 920/849/1612 812/1006/1613
f 812/1006/1613 920/849/1612 919/845/1614 811/1008/1614
f 811/1008/1614 919/845/1614 918/848/1609 810/999/1608
f 732/1053/1605 930/1021/1602 758/1052/1604
f 735/1014/1615 896/1017/1559 822/1020/1558
f 724/1045/1616 931/1030/1476 844/1032/1478
f 723/1028/1617 916/1044/1494 843/1046/1496
f 513/1055/1618 727/1056/1619 845/1057/1620 631/1058/1621
f 527/1059/1622 741/1060/1622 754/1061/1623 540/1062/1623
f 526/1063/1624 740/1064/1625 727/1056/1619 513/1055/1618
f 528/1065/1626 742/1066/1626 760/1067/1627 546/1068/1628
f 529/1069/1629 743/1070/1630 751/1071/1631 537/1072/1631
f 530/1073/1632 744/1074/1632 752/1075/1633 538/1076/1634
f 536/1077/1635 750/1078/1636 741/1060/1622 527/1059/1622
f 537/1072/1631 751/1071/1631 742/1066/1626 528/1065/1626
f 538/1076/1634 752/1075/1633 827/1079/1637 613/1080/1638
f 539/1081/1639 753/1082/1639 744/1074/1632 530/1073/1632
f 540/1062/1623 754/1061/1623 740/1064/1625 526/1063/1624
f 541/1083/1640 755/1084/1641 719/1085/1642 505/1086/1642
f 546/1068/1628 760/1067/1627 750/1078/1636 536/1077/1635
f 613/1080/1638 827/1079/1637 743/1070/1630 529/1069/1629
f 620/1087/1643 834/1088/1643 753/1082/1639 539/1081/1639
f 531/1089/1644 745/1090/1645 834/1088/1643 620/1087/1643
f 631/1058/1621 845/1057/1620 755/1084/1641 541/1083/1640
f 524/1091/1646 738/1092/1646 745/1090/1645 531/1089/1644
f 933/1093/1647 934/1094/1647 935/1095/1648 938/1096/1648
f 964/1097/1649 963/1098/1649 937/1099/1650 936/1100/1650
f 941/1101/1651 944/1102/1651 940/1103/1652 939/1104/1652
f 945/1105/1653 946/1106/1653 943/1107/1654 942/1108/1654
f 942/1108/1654 943/1107/1654 944/1102/1651 941/1101/1651
f 936/1100/1650 937/1099/1650 946/1106/1653 945/1105/1653
f 947/1109/1647 948/1110/1647 950/1111/1655 949/1112/1655
f 953/1113/1656 954/1114/1656 952/1115/1657 951/1116/1657
f 949/1112/1655 950/1111/1655 954/1114/1656 953/1113/1656
f 957/1117/1658 960/1118/1659 956/1119/1660 955/1120/1660
f 961/1121/1661 962/1122/1662 959/1123/1663 958/1124/1664
f 958/1124/1664 959/1123/1663 960/1118/1659 957/1117/1658
f 951/1116/1657 952/1115/1657 962/1122/1662 961/1121/1661
f 938/1096/1648 935/1095/1648 963/1098/1649 964/1097/1649
f 965/1125/1665 970/1126/1666 967/1127/1667 966/1128/1665
f 996/1129/1668 968/1130/1669 969/1131/1669 995/1132/1668
f 973/1133/1670 971/1134/1671 972/1135/1671 976/1136/1670
f 977/1137/1672 974/1138/1673 975/1139/1673 978/1140/1672
f 974/1138/1673 973/1133/1670 976/1136/1670 975/1139/1673
f 968/1130/1669 977/1137/1672 978/1140/1672 969/1131/1669
f 979/1141/1674 981/1142/1675 982/1143/1675 980/1144/1674
f 985/1145/1676 983/1146/1677 984/1147/1677 986/1148/1676
f 981/1142/1675 985/1145/1676 986/1148/1676 982/1143/1675
f 989/1149/1678 987/1150/1679 988/1151/1679 992/1152/1680
f 993/1153/1681 990/1154/1682 991/1155/1683 994/1156/1681
f 990/1154/1682 989/1149/1678 992/1152/1680 991/1155/1683
f 983/1146/1677 993/1153/1681 994/1156/1681 984/1147/1677
f 970/1126/1666 996/1129/1668 995/1132/1668 967/1127/1667
f 935/1157/1684 934/1158/1684 966/1159/1684 967/1160/1684
f 937/1161/1685 963/1162/1686 995/1163/1686 969/1164/1685
f 938/1165/1687 964/1166/1688 996/1167/1688 970/1168/1687
f 939/1169/1689 940/1170/1689 972/1171/1689 971/1172/1689
f 936/1173/1690 945/1174/1691 977/1175/1691 968/1176/1690
f 940/1177/1692 944/1178/1692 976/1179/1692 972/1180/1692
f 941/1181/1693 939/1182/1693 971/1183/1693 973/1184/1693
f 942/1185/1691 941/1181/1693 973/1184/1693 974/1186/1691
f 943/1187/1694 946/1188/1694 978/1189/1694 975/1190/1694
f 944/1178/1692 943/1187/1694 975/1190/1694 976/1179/1692
f 945/1174/1691 942/1185/1691 974/1186/1691 977/1175/1691
f 946/1188/1694 937/1161/1685 969/1164/1685 978/1189/1694
f 947/1191/1687 949/1192/1687 981/1193/1687 979/1194/1687
f 950/1195/1684 948/1196/1684 980/1197/1684 982/1198/1684
f 949/1192/1687 953/1199/1687 985/1200/1687 981/1193/1687
f 952/1201/1686 954/1202/1684 986/1203/1684 984/1204/1686
f 953/1199/1687 951/1205/1688 983/1206/1688 985/1200/1687
f 954/1202/1684 950/1195/1684 982/1198/1684 986/1203/1684
f 955/1207/1695 956/1208/1695 988/1209/1695 987/1210/1695
f 951/1205/1688 961/1211/1690 993/1212/1690 983/1206/1688
f 956/1213/1696 960/1214/1697 992/1215/1697 988/1216/1696
f 957/1217/1698 955/1218/1698 987/1219/1698 989/1220/1698
f 958/1221/1691 957/1217/1698 989/1220/1698 990/1222/1691
f 959/1223/1694 962/1224/1685 994/1225/1685 991/1226/1694
f 960/1214/1697 959/1223/1694 991/1226/1694 992/1215/1697
f 961/1211/1690 958/1221/1691 990/1222/1691 993/1212/1690
f 962/1224/1685 952/1201/1686 984/1204/1686 994/1225/1685
f 964/1166/1688 936/1173/1690 968/1176/1690 996/1167/1688
f 933/1227/1687 938/1165/1687 970/1168/1687 965/1228/1687
f 963/1162/1686 935/1157/1684 967/1160/1684 995/1163/1686
f 997/1229/1647 1002/1230/1699 999/1231/1699 998/1232/1647
f 1028/1233/1700 1000/1234/1701 1001/1235/1701 1027/1236/1700
f 1005/1237/1702 1003/1238/1703 1004/1239/1703 1008/1240/1704
f 1009/1241/1705 1006/1242/1706 1007/1243/1706 1010/1244/1707
f 1006/1242/1706 1005/1237/1702 1008/1240/1704 1007/1243/1706
f 1000/1234/1701 1009/1241/1705 1010/1244/1707 1001/1235/1701
f 1011/1245/1647 1013/1246/1708 1014/1247/1708 1012/1248/1647
f 1017/1249/1709 1015/1250/1710 1016/1251/1710 1018/1252/1709
f 1013/1246/1708 1017/1249/1709 1018/1252/1709 1014/1247/1708
f 1021/1253/1711 1019/1254/1712 1020/1255/1712 1024/1256/1713
f 1025/1257/1714 1022/1258/1715 1023/1259/1716 1026/1260/1714
f 1022/1258/1715 1021/1253/1711 1024/1256/1713 1023/1259/1716
f 1015/1250/1710 1025/1257/1714 1026/1260/1714 1016/1251/1710
f 1002/1230/1699 1028/1233/1700 1027/1236/1700 999/1231/1699
f 1029/1261/1674 1030/1262/1674 1031/1263/1717 1034/1264/1717
f 1060/1265/1718 1059/1266/1718 1033/1267/1719 1032/1268/1719
f 1037/1269/1720 1040/1270/1720 1036/1271/1721 1035/1272/1721
f 1041/1273/1722 1042/1274/1722 1039/1275/1723 1038/1276/1723
f 1038/1276/1723 1039/1275/1723 1040/1270/1720 1037/1269/1720
f 1032/1268/1719 1033/1267/1719 1042/1274/1722 1041/1273/1722
f 1043/1277/1674 1044/1278/1674 1046/1279/1724 1045/1280/1724
f 1049/1281/1725 1050/1282/1725 1048/1283/1726 1047/1284/1726
f 1045/1280/1724 1046/1279/1724 1050/1282/1725 1049/1281/1725
f 1053/1285/1727 1056/1286/1728 1052/1287/1729 1051/1288/1729
f 1057/1289/1730 1058/1290/1731 1055/1291/1732 1054/1292/1733
f 1054/1292/1733 1055/1291/1732 1056/1286/1728 1053/1285/1727
f 1047/1284/1726 1048/1283/1726 1058/1290/1731 1057/1289/1730
f 1034/1264/1717 1031/1263/1717 1059/1266/1718 1060/1265/1718
f 999/1293/1687 1031/1294/1687 1030/1295/1687 998/1296/1687
f 1001/1297/1734 1033/1298/1734 1059/1299/1735 1027/1300/1735
f 1002/1301/1684 1034/1302/1684 1060/1303/1736 1028/1304/1736
f 1003/1305/1737 1035/1306/1737 1036/1307/1737 1004/1308/1737
f 1000/1309/1738 1032/1310/1738 1041/1311/1739 1009/1312/1739
f 1004/1313/1740 1036/1314/1740 1040/1315/1741 1008/1316/1741
f 1005/1317/1742 1037/1318/1742 1035/1319/1743 1003/1320/1743
f 1006/1321/1744 1038/1322/1744 1037/1318/1742 1005/1317/1742
f 1007/1323/1745 1039/1324/1746 1042/1325/1745 1010/1326/1746
f 1008/1316/1741 1040/1315/1741 1039/1324/1746 1007/1323/1745
f 1009/1312/1739 1041/1311/1739 1038/1322/1744 1006/1321/1744
f 1010/1326/1746 1042/1325/1745 1033/1298/1734 1001/1297/1734
f 1011/1327/1684 1043/1328/1684 1045/1329/1684 1013/1330/1684
f 1014/1331/1687 1046/1332/1687 1044/1333/1687 1012/1334/1687
f 1013/1330/1684 1045/1329/1684 1049/1335/1684 1017/1336/1684
f 1016/1337/1735 1048/1338/1735 1050/1339/1687 1018/1340/1687
f 1017/1336/1684 1049/1335/1684 1047/1341/1736 1015/1342/1736
f 1018/1340/1687 1050/1339/1687 1046/1332/1687 1014/1331/1687
f 1019/1343/1747 1051/1344/1747 1052/1345/1747 1020/1346/1747
f 1015/1342/1736 1047/1341/1736 1057/1347/1748 1025/1348/1749
f 1020/1349/1750 1052/1350/1750 1056/1351/1751 1024/1352/1752
f 1021/1353/1753 1053/1354/1754 1051/1355/1755 1019/1356/1755
f 1022/1357/1756 1054/1358/1757 1053/1354/1754 1021/1353/1753
f 1023/1359/1758 1055/1360/1759 1058/1361/1760 1026/1362/1761
f 1024/1352/1752 1056/1351/1751 1055/1360/1759 1023/1359/1758
f 1025/1348/1749 1057/1347/1748 1054/1358/1757 1022/1357/1756
f 1026/1362/1761 1058/1361/1760 1048/1338/1735 1016/1337/1735
f 1028/1304/1736 1060/1303/1736 1032/1310/1738 1000/1309/1738
f 997/1363/1684 1029/1364/1684 1034/1302/1684 1002/1301/1684
f 1027/1300/1735 1059/1299/1735 1031/1294/1687 999/1293/1687
f 933/1093/1647 1064/1365/1762 1061/1366/1762 934/1094/1647
f 947/1109/1647 1073/1367/1763 1074/1368/1763 948/1110/1647
f 1067/1369/1764 1065/1370/1765 1066/1371/1765 1070/1372/1764
f 1081/1373/1766 1079/1374/1767 1080/1375/1767 1084/1376/1768
f 1073/1367/1763 1077/1377/1769 1078/1378/1769 1074/1368/1763
f 1082/1379/1770 1081/1373/1766 1084/1376/1768 1083/1380/1771
f 1075/1381/1772 1085/1382/1773 1086/1383/1774 1076/1384/1772
f 1068/1385/1775 1067/1369/1764 1070/1372/1764 1069/1386/1775
f 1085/1382/1773 1082/1379/1770 1083/1380/1771 1086/1383/1774
f 1088/1387/1776 1062/1388/1777 1063/1389/1777 1087/1390/1776
f 1062/1388/1777 1071/1391/1778 1072/1392/1778 1063/1389/1777
f 1071/1391/1778 1068/1385/1775 1069/1386/1775 1072/1392/1778
f 1077/1377/1769 1075/1381/1772 1076/1384/1772 1078/1378/1769
f 1064/1365/1762 1088/1387/1776 1087/1390/1776 1061/1366/1762
f 933/1227/1687 965/1228/1687 1092/1393/1687 1064/1394/1687
f 1062/1395/1779 1090/1396/1779 1099/1397/1780 1071/1398/1780
f 1082/1399/1780 1110/1400/1780 1109/1401/1781 1081/1402/1782
f 1113/1403/1783 1114/1404/1783 1111/1405/1784 1110/1406/1785
f 1065/1407/1786 1093/1408/1786 1094/1409/1786 1066/1410/1786
f 1061/1411/1684 1089/1412/1684 966/1159/1684 934/1158/1684
f 979/1141/1674 980/1144/1674 1102/1413/1787 1101/1414/1787
f 1101/1414/1787 1102/1413/1787 1106/1415/1788 1105/1416/1788
f 1075/1417/1735 1103/1418/1735 1113/1419/1779 1085/1420/1779
f 1069/1421/1789 1097/1422/1789 1100/1423/1789 1072/1424/1789
f 965/1125/1790 966/1128/1790 1089/1425/1791 1092/1426/1792
f 1070/1427/1793 1098/1428/1793 1097/1422/1789 1069/1421/1789
f 1076/1429/1736 1104/1430/1736 1106/1431/1684 1078/1432/1684
f 1063/1433/1794 1091/1434/1794 1115/1435/1736 1087/1436/1736
f 1116/1437/1795 1115/1438/1795 1091/1439/1796 1090/1440/1796
f 1081/1402/1782 1109/1401/1781 1107/1441/1782 1079/1442/1782
f 1103/1443/1797 1104/1444/1797 1114/1404/1783 1113/1403/1783
f 1068/1445/1780 1096/1446/1780 1095/1447/1798 1067/1448/1798
f 1090/1440/1796 1091/1439/1796 1100/1449/1799 1099/1450/1799
f 1074/1451/1684 1102/1452/1684 980/1197/1684 948/1196/1684
f 1067/1448/1798 1095/1447/1798 1093/1453/1798 1065/1454/1798
f 1079/1455/1800 1107/1456/1800 1108/1457/1800 1080/1458/1800
f 1109/1459/1801 1112/1460/1802 1108/1461/1803 1107/1462/1803
f 1085/1420/1779 1113/1419/1779 1110/1400/1780 1082/1399/1780
f 1099/1450/1799 1100/1449/1799 1097/1463/1804 1096/1464/1804
f 1072/1424/1789 1100/1423/1789 1091/1434/1794 1063/1433/1794
f 1105/1416/1788 1106/1415/1788 1104/1444/1797 1103/1443/1797
f 1083/1465/1789 1111/1466/1789 1114/1467/1794 1086/1468/1794
f 1092/1426/1792 1089/1425/1791 1115/1438/1795 1116/1437/1795
f 1077/1469/1687 1105/1470/1687 1103/1418/1735 1075/1417/1735
f 1084/1471/1805 1112/1472/1805 1111/1466/1789 1083/1465/1789
f 1096/1464/1804 1097/1463/1804 1098/1473/1806 1095/1474/1806
f 1086/1468/1794 1114/1467/1794 1104/1430/1736 1076/1429/1736
f 947/1191/1687 979/1194/1687 1101/1475/1687 1073/1476/1687
f 1110/1406/1785 1111/1405/1784 1112/1460/1802 1109/1459/1801
f 1066/1477/1793 1094/1478/1793 1098/1428/1793 1070/1427/1793
f 1095/1474/1806 1098/1473/1806 1094/1479/1807 1093/1480/1807
f 1080/1481/1808 1108/1482/1808 1112/1472/1805 1084/1471/1805
f 1071/1398/1780 1099/1397/1780 1096/1446/1780 1068/1445/1780
f 1064/1394/1687 1092/1393/1687 1116/1483/1735 1088/1484/1735
f 1073/1476/1687 1101/1475/1687 1105/1470/1687 1077/1469/1687
f 1088/1484/1735 1116/1483/1735 1090/1396/1779 1062/1395/1779
f 1087/1436/1736 1115/1435/1736 1089/1412/1684 1061/1411/1684
f 1078/1432/1684 1106/1431/1684 1102/1452/1684 1074/1451/1684
f 997/1229/1647 998/1232/1647 1117/1485/1809 1120/1486/1809
f 1141/1487/1810 1142/1488/1810 1139/1489/1811 1138/1490/1812
f 1123/1491/1813 1126/1492/1814 1122/1493/1815 1121/1494/1815
f 1129/1495/1816 1130/1496/1816 1134/1497/1817 1133/1498/1817
f 1011/1245/1647 1012/1248/1647 1130/1496/1816 1129/1495/1816
f 1137/1499/1818 1140/1500/1819 1136/1501/1820 1135/1502/1820
f 1127/1503/1821 1128/1504/1822 1125/1505/1823 1124/1506/1823
f 1131/1507/1824 1132/1508/1824 1142/1488/1810 1141/1487/1810
f 1138/1490/1812 1139/1489/1811 1140/1500/1819 1137/1499/1818
f 1144/1509/1825 1143/1510/1825 1119/1511/1826 1118/1512/1826
f 1124/1506/1823 1125/1505/1823 1126/1492/1814 1123/1491/1813
f 1133/1498/1817 1134/1497/1817 1132/1508/1824 1131/1507/1824
f 1118/1512/1826 1119/1511/1826 1128/1504/1822 1127/1503/1821
f 1120/1486/1809 1117/1485/1809 1143/1510/1825 1144/1509/1825
f 1146/1513/1827 1155/1514/1828 1156/1515/1828 1147/1516/1827
f 1117/1517/1687 998/1296/1687 1030/1295/1687 1145/1518/1687
f 1133/1519/1684 1131/1520/1686 1159/1521/1686 1161/1522/1684
f 1043/1277/1674 1157/1523/1829 1158/1524/1829 1044/1278/1674
f 1161/1525/1830 1159/1526/1831 1160/1527/1831 1162/1528/1830
f 1172/1529/1832 1146/1513/1827 1147/1516/1827 1171/1530/1832
f 1157/1523/1829 1161/1525/1830 1162/1528/1830 1158/1524/1829
f 1166/1531/1833 1165/1532/1834 1168/1533/1835 1167/1534/1836
f 1142/1535/1837 1132/1536/1688 1160/1537/1688 1170/1538/1838
f 1029/1261/1674 1148/1539/1839 1145/1540/1839 1030/1262/1674
f 1140/1541/1840 1139/1542/1841 1167/1543/1842 1168/1544/1843
f 1122/1545/1844 1126/1546/1845 1154/1547/1845 1150/1548/1844
f 997/1363/1684 1120/1549/1684 1148/1550/1684 1029/1364/1684
f 1124/1551/1846 1123/1552/1847 1151/1553/1847 1152/1554/1846
f 1118/1555/1848 1127/1556/1849 1155/1557/1849 1146/1558/1848
f 1132/1536/1688 1134/1559/1687 1162/1560/1687 1160/1537/1688
f 1136/1561/1850 1140/1541/1840 1168/1544/1843 1164/1562/1850
f 1126/1546/1845 1125/1563/1851 1153/1564/1851 1154/1547/1845
f 1159/1526/1831 1169/1565/1852 1170/1566/1853 1160/1527/1831
f 1130/1567/1687 1012/1334/1687 1044/1333/1687 1158/1568/1687
f 1127/1556/1849 1124/1551/1846 1152/1554/1846 1155/1557/1849
f 1137/1569/1854 1135/1570/1855 1163/1571/1855 1165/1572/1856
f 1165/1532/1834 1163/1573/1857 1164/1574/1857 1168/1533/1835
f 1141/1575/1858 1138/1576/1859 1166/1577/1860 1169/1578/1861
f 1119/1579/1862 1143/1580/1688 1171/1581/1688 1147/1582/1862
f 1011/1327/1684 1129/1583/1684 1157/1584/1684 1043/1328/1684
f 1148/1539/1839 1172/1529/1832 1171/1530/1832 1145/1540/1839
f 1125/1563/1851 1128/1585/1851 1156/1586/1851 1153/1564/1851
f 1169/1565/1852 1166/1531/1833 1167/1534/1836 1170/1566/1853
f 1155/1514/1828 1152/1587/1863 1153/1588/1863 1156/1515/1828
f 1138/1576/1859 1137/1569/1854 1165/1572/1856 1166/1577/1860
f 1152/1587/1863 1151/1589/1864 1154/1590/1864 1153/1588/1863
f 1143/1580/1688 1117/1517/1687 1145/1518/1687 1171/1581/1688
f 1131/1520/1686 1141/1575/1858 1169/1578/1861 1159/1521/1686
f 1121/1591/1865 1122/1592/1865 1150/1593/1865 1149/1594/1865
f 1128/1585/1851 1119/1579/1862 1147/1582/1862 1156/1586/1851
f 1151/1589/1864 1149/1595/1866 1150/1596/1866 1154/1590/1864
f 1139/1542/1841 1142/1535/1837 1170/1538/1838 1167/1543/1842
f 1123/1552/1847 1121/1597/1867 1149/1598/1867 1151/1553/1847
f 1120/1549/1684 1144/1599/1686 1172/1600/1686 1148/1550/1684
f 1135/1601/1868 1136/1602/1868 1164/1603/1868 1163/1604/1868
f 1144/1599/1686 1118/1555/1848 1146/1558/1848 1172/1600/1686
f 1129/1583/1684 1133/1519/1684 1161/1522/1684 1157/1584/1684
f 1134/1559/1687 1130/1567/1687 1158/1568/1687 1162/1560/1687
