# Blender 4.0.2
# www.blender.org
o hubcap_01
v 0.177450 0.014484 0.069644
v 0.165088 0.014484 -0.095313
v 0.129659 0.014484 -0.139739
v 0.028411 0.014484 -0.188498
v 0.031023 0.029186 -0.094100
v 0.092913 0.029186 -0.034416
v 0.054228 0.029186 -0.082925
v 0.084838 0.029186 0.051185
v 0.098644 0.029186 -0.009306
v 0.012878 0.029186 0.098242
v 0.068779 0.029186 0.071321
v 0.020995 0.019547 0.043597
v 0.082710 0.014484 0.171749
v 0.047176 0.019547 0.010768
v 0.185848 0.014484 0.042419
v 0.037832 0.019547 -0.030170
v 0.149038 0.014484 -0.118854
v 0.000000 0.019547 -0.048389
v 0.000000 0.014484 -0.190627
v -0.000000 0.019547 0.048390
v 0.010768 0.019547 -0.047176
v 0.020995 0.019547 -0.043597
v 0.048389 0.019547 0.000000
v 0.047176 0.019547 -0.010768
v 0.030170 0.019547 0.037832
v 0.037832 0.019547 0.030170
v 0.000000 0.030446 -0.094100
v 0.073571 0.030446 -0.058671
v 0.091741 0.030998 0.020939
v 0.043597 0.019547 -0.020995
v 0.040829 0.030446 0.084782
v 0.043597 0.019547 0.020995
v 0.010768 0.019547 0.047176
v 0.030170 0.019547 -0.037832
v -0.000000 0.032514 0.068326
v 0.015965 0.032604 -0.066360
v 0.029646 0.032514 -0.061560
v 0.068249 0.032604 -0.000799
v 0.066613 0.032514 -0.015204
v 0.043177 0.032604 0.052861
v 0.053420 0.032514 0.042601
v 0.041928 0.032604 -0.053857
v 0.061836 0.032604 -0.028892
v 0.014408 0.032604 0.066715
v 0.061143 0.032604 0.030331
v 0.000000 0.032575 -0.068159
v 0.053289 0.032575 -0.042497
v 0.066451 0.032575 0.015167
v 0.029573 0.032575 0.061410
v 0.037908 0.010451 -0.101611
v 0.103199 0.010448 -0.033867
v 0.055958 0.010449 -0.093059
v 0.137210 0.002813 -0.066970
v 0.090509 0.010457 0.059573
v 0.107349 0.010453 -0.014426
v 0.009884 0.010455 0.107940
v 0.078229 0.010455 0.075037
v 0.069407 0.029186 0.064106
v 0.077943 0.029186 0.053402
v 0.072201 0.029186 0.057578
v 0.093395 0.029186 -0.014295
v 0.090348 0.029186 -0.027643
v 0.090033 0.029186 -0.020549
v 0.047054 0.029186 -0.081932
v 0.034719 0.029186 -0.087872
v 0.040068 0.029186 -0.083203
v 0.006845 0.029186 0.094234
v -0.000000 0.029186 0.092348
v 0.084437 0.010213 0.060265
v 0.077545 0.010213 0.068964
v 0.079457 0.010220 0.063400
v 0.099884 0.010214 -0.028670
v 0.102142 0.010213 -0.017722
v 0.099065 0.010220 -0.022797
v 0.039960 0.010211 -0.095745
v 0.050101 0.010212 -0.090981
v 0.044180 0.010220 -0.091549
v 0.005556 0.010213 0.103613
v -0.000000 0.010220 0.101651
v 0.014203 0.032168 0.077578
v 0.020863 0.032168 -0.076058
v 0.000000 0.031991 -0.078955
v 0.078793 0.032168 -0.003416
v 0.072472 0.032168 -0.031110
v 0.051797 0.032168 0.059473
v 0.069508 0.032168 0.037264
v 0.046456 0.032168 -0.063733
v 0.076975 0.031991 0.017569
v 0.034257 0.031991 0.071136
v 0.061729 0.031991 -0.049227
v 0.061931 0.031842 0.049388
v 0.077226 0.031842 -0.017626
v 0.034369 0.031842 -0.071368
v -0.000000 0.031842 0.079212
v 0.000000 0.028605 -0.118594
v 0.026662 0.027865 -0.117477
v 0.033407 0.009282 -0.118445
v 0.093036 0.028541 -0.074187
v 0.108767 0.027798 -0.052643
v 0.075531 0.027797 -0.094319
v 0.113679 0.009229 -0.047962
v 0.072061 0.009229 -0.100148
v 0.108070 0.027977 0.052017
v 0.115555 0.028615 0.026601
v 0.119934 0.027977 0.000035
v 0.107629 0.009357 0.058875
v 0.122513 0.009357 -0.006334
v 0.026784 0.027932 0.117087
v 0.051286 0.028667 0.106503
v 0.074838 0.027932 0.093946
v 0.021132 0.009331 0.120951
v 0.081383 0.009331 0.091936
v 0.000000 0.026201 -0.143659
v 0.025347 0.025399 -0.141774
v 0.031686 0.004650 -0.140260
v 0.112430 0.026177 -0.089651
v 0.126749 0.025368 -0.068642
v 0.095127 0.025368 -0.108293
v 0.129474 0.004633 -0.062719
v 0.089967 0.004633 -0.112259
v 0.130750 0.025159 0.055978
v 0.137958 0.025863 0.031716
v 0.142376 0.025114 0.005726
v 0.128744 0.004898 0.061952
v 0.142870 0.004898 0.000062
v 0.038492 0.025531 0.138297
v 0.062091 0.026304 0.128942
v 0.084118 0.025531 0.116325
v 0.032176 0.004722 0.139889
v 0.089300 0.004722 0.112379
v 0.066882 0.030514 0.053337
v 0.083400 0.030514 -0.019036
v 0.037117 0.030514 -0.077073
v -0.000000 0.030514 0.085545
v 0.083046 0.030595 -0.025899
v 0.086060 0.030595 -0.012698
v 0.043729 0.030595 -0.075201
v 0.031530 0.030595 -0.081076
v 0.063585 0.030595 0.059367
v 0.072027 0.030595 0.048780
v 0.006770 0.030595 0.086727
v 0.056188 0.014484 0.182158
v 0.107384 0.014484 0.157503
v 0.190094 0.014484 0.014246
v 0.190094 0.014484 -0.014246
v 0.185848 0.014484 -0.042418
v 0.177450 0.014484 -0.069644
v 0.152679 0.002813 -0.011442
v 0.149268 0.002813 -0.034070
v 0.142523 0.002813 -0.055936
v 0.107384 0.014484 -0.157503
v 0.082710 0.014484 -0.171749
v 0.056188 0.014484 -0.182158
v 0.086248 0.002813 -0.126503
v 0.066431 0.002813 -0.137945
v 0.045129 0.002813 -0.146305
v -0.000000 0.014484 0.190627
v 0.028411 0.014484 0.188498
v -0.000000 0.002813 0.153107
v 0.022819 0.002813 0.151397
v 0.104139 0.002813 0.112235
v 0.119704 0.002813 0.095461
v 0.132595 0.002813 0.076554
v 0.129659 0.014484 0.139739
v 0.149038 0.014484 0.118854
v 0.165088 0.014484 0.095313
v 0.096816 0.015016 -0.142003
v 0.074570 0.015016 -0.154847
v 0.050659 0.015016 -0.164231
v 0.171386 0.015016 -0.012844
v 0.167558 0.015016 -0.038244
v 0.159987 0.015016 -0.062790
v 0.116899 0.015016 0.125987
v 0.134371 0.015016 0.107157
v 0.148841 0.015016 0.085934
v -0.000000 0.015016 0.171867
v 0.025615 0.015016 0.169947
v 0.152679 0.002813 0.000805
v 0.157779 0.015016 0.067373
v 0.100793 0.015016 0.138832
v 0.137908 0.002813 0.065520
v 0.095823 0.002813 -0.118868
v 0.151048 0.015016 -0.081350
v 0.171386 0.015016 0.007757
v 0.112741 0.015016 -0.129303
v 0.033190 0.002813 -0.149030
v 0.034759 0.002813 0.148672
v 0.045699 0.015016 0.165363
v 0.094565 0.002813 0.119871
v 0.030575 0.015016 -0.168815
v 0.115984 0.020933 -0.126722
v 0.026760 0.020933 -0.169690
v 0.074496 0.020933 0.154692
v 0.149354 0.020933 -0.084878
v 0.167391 0.020933 0.038206
v 0.159481 0.020933 0.063849
v 0.134237 0.020933 -0.107050
v 0.000000 0.020933 -0.171695
v 0.162033 0.012978 -0.012143
v 0.158413 0.012978 -0.036157
v 0.151255 0.012978 -0.059363
v 0.091532 0.012978 -0.134253
v 0.070501 0.012978 -0.146396
v 0.047894 0.012978 -0.155268
v -0.000000 0.012978 0.162487
v 0.024217 0.012978 0.160672
v 0.110519 0.012978 0.119111
v 0.127038 0.012978 0.101309
v 0.140718 0.012978 0.081244
v 0.147844 0.012978 0.066447
v 0.097679 0.012978 0.129351
v 0.162033 0.012978 0.004281
v 0.104282 0.012978 -0.124085
v 0.040229 0.012978 0.157018
v 0.031882 0.012978 -0.158923
v 0.171390 0.020933 0.011670
v 0.049516 0.020933 0.164496
v 0.097736 0.020933 0.141275
v 0.144129 0.012978 -0.074160
v 0.000000 0.019547 0.000000
v 0.010768 0.019547 0.000000
v 0.020995 0.019547 0.000000
v 0.030170 0.019547 0.000000
v 0.037832 0.019547 0.000000
v 0.043597 0.019547 0.000000
v -0.177450 0.014484 0.069644
v -0.165088 0.014484 -0.095313
v -0.129659 0.014484 -0.139739
v -0.028411 0.014484 -0.188498
v -0.031023 0.029186 -0.094100
v -0.092913 0.029186 -0.034416
v -0.054228 0.029186 -0.082925
v -0.084838 0.029186 0.051185
v -0.098644 0.029186 -0.009306
v -0.012878 0.029186 0.098242
v -0.068779 0.029186 0.071321
v -0.020995 0.019547 0.043597
v -0.082710 0.014484 0.171749
v -0.047176 0.019547 0.010768
v -0.185848 0.014484 0.042418
v -0.037832 0.019547 -0.030170
v -0.149038 0.014484 -0.118854
v -0.010768 0.019547 -0.047176
v -0.020995 0.019547 -0.043597
v -0.048389 0.019547 0.000000
v -0.047176 0.019547 -0.010768
v -0.030170 0.019547 0.037832
v -0.037832 0.019547 0.030170
v -0.073571 0.030446 -0.058671
v -0.091741 0.030998 0.020939
v -0.043597 0.019547 -0.020995
v -0.040829 0.030446 0.084782
v -0.043597 0.019547 0.020995
v -0.010768 0.019547 0.047176
v -0.030170 0.019547 -0.037832
v -0.015965 0.032604 -0.066360
v -0.029646 0.032514 -0.061560
v -0.068249 0.032604 -0.000799
v -0.066613 0.032514 -0.015204
v -0.043177 0.032604 0.052861
v -0.053420 0.032514 0.042601
v -0.041928 0.032604 -0.053857
v -0.061836 0.032604 -0.028892
v -0.014408 0.032604 0.066715
v -0.061143 0.032604 0.030331
v -0.053289 0.032575 -0.042497
v -0.066451 0.032575 0.015167
v -0.029573 0.032575 0.061410
v -0.037908 0.010451 -0.101611
v -0.103199 0.010448 -0.033867
v -0.055958 0.010449 -0.093059
v -0.137210 0.002813 -0.066970
v -0.090509 0.010457 0.059573
v -0.107349 0.010453 -0.014426
v -0.009884 0.010455 0.107940
v -0.078230 0.010455 0.075037
v -0.069407 0.029186 0.064106
v -0.077943 0.029186 0.053402
v -0.072201 0.029186 0.057578
v -0.093395 0.029186 -0.014296
v -0.090348 0.029186 -0.027643
v -0.090033 0.029186 -0.020549
v -0.047054 0.029186 -0.081932
v -0.034719 0.029186 -0.087872
v -0.040068 0.029186 -0.083203
v -0.006845 0.029186 0.094234
v -0.084437 0.010213 0.060265
v -0.077545 0.010213 0.068964
v -0.079457 0.010220 0.063400
v -0.099884 0.010214 -0.028670
v -0.102142 0.010213 -0.017722
v -0.099065 0.010220 -0.022797
v -0.039960 0.010211 -0.095745
v -0.050101 0.010212 -0.090981
v -0.044180 0.010220 -0.091549
v -0.005556 0.010213 0.103613
v -0.014203 0.032168 0.077578
v -0.020863 0.032168 -0.076058
v -0.078793 0.032168 -0.003416
v -0.072472 0.032168 -0.031110
v -0.051797 0.032168 0.059473
v -0.069508 0.032168 0.037264
v -0.046456 0.032168 -0.063733
v -0.076975 0.031991 0.017569
v -0.034257 0.031991 0.071136
v -0.061729 0.031991 -0.049227
v -0.061931 0.031842 0.049388
v -0.077226 0.031842 -0.017626
v -0.034369 0.031842 -0.071368
v -0.026662 0.027865 -0.117477
v -0.033407 0.009282 -0.118445
v -0.093036 0.028541 -0.074187
v -0.108767 0.027798 -0.052643
v -0.075531 0.027798 -0.094319
v -0.113679 0.009229 -0.047962
v -0.072061 0.009229 -0.100148
v -0.108070 0.027977 0.052017
v -0.115555 0.028615 0.026601
v -0.119934 0.027977 0.000035
v -0.107629 0.009357 0.058875
v -0.122513 0.009357 -0.006334
v -0.026784 0.027932 0.117087
v -0.051286 0.028667 0.106503
v -0.074838 0.027932 0.093946
v -0.021132 0.009331 0.120951
v -0.081383 0.009331 0.091936
v -0.025347 0.025399 -0.141774
v -0.031686 0.004650 -0.140260
v -0.112430 0.026177 -0.089651
v -0.126749 0.025368 -0.068642
v -0.095127 0.025368 -0.108293
v -0.129474 0.004633 -0.062720
v -0.089967 0.004633 -0.112259
v -0.130750 0.025159 0.055978
v -0.137958 0.025863 0.031716
v -0.142376 0.025114 0.005726
v -0.128744 0.004898 0.061952
v -0.142870 0.004898 0.000062
v -0.038492 0.025531 0.138297
v -0.062091 0.026304 0.128942
v -0.084118 0.025531 0.116325
v -0.032176 0.004722 0.139889
v -0.089300 0.004722 0.112379
v -0.066882 0.030514 0.053336
v -0.083400 0.030514 -0.019036
v -0.037117 0.030514 -0.077073
v -0.083046 0.030595 -0.025899
v -0.086060 0.030595 -0.012698
v -0.043729 0.030595 -0.075201
v -0.031530 0.030595 -0.081076
v -0.063585 0.030595 0.059367
v -0.072027 0.030595 0.048780
v -0.006770 0.030595 0.086727
v -0.056188 0.014484 0.182158
v -0.107384 0.014484 0.157503
v -0.190094 0.014484 0.014246
v -0.190094 0.014484 -0.014246
v -0.185848 0.014484 -0.042419
v -0.177450 0.014484 -0.069644
v -0.152679 0.002813 -0.011442
v -0.149268 0.002813 -0.034070
v -0.142523 0.002813 -0.055936
v -0.107384 0.014484 -0.157503
v -0.082710 0.014484 -0.171749
v -0.056188 0.014484 -0.182158
v -0.086248 0.002813 -0.126503
v -0.066431 0.002813 -0.137945
v -0.045129 0.002813 -0.146305
v -0.028411 0.014484 0.188498
v -0.022819 0.002813 0.151397
v -0.104139 0.002813 0.112235
v -0.119704 0.002813 0.095461
v -0.132595 0.002813 0.076554
v -0.129659 0.014484 0.139739
v -0.149038 0.014484 0.118854
v -0.165088 0.014484 0.095313
v -0.096816 0.015016 -0.142003
v -0.074570 0.015016 -0.154847
v -0.050659 0.015016 -0.164231
v -0.171386 0.015016 -0.012844
v -0.167558 0.015016 -0.038244
v -0.159986 0.015016 -0.062790
v -0.116899 0.015016 0.125987
v -0.134371 0.015016 0.107157
v -0.148841 0.015016 0.085933
v -0.025615 0.015016 0.169947
v -0.152679 0.002813 0.000805
v -0.157779 0.015016 0.067373
v -0.100793 0.015016 0.138832
v -0.137908 0.002813 0.065520
v -0.095823 0.002813 -0.118868
v -0.151048 0.015016 -0.081350
v -0.171386 0.015016 0.007757
v -0.112741 0.015016 -0.129303
v 0.161394 0.016886 -0.093765
v 0.145961 0.016886 -0.116400
v 0.127328 0.016886 -0.136483
v 0.027319 0.016886 -0.184644
v 0.000000 0.016886 -0.186692
v -0.033190 0.002813 -0.149030
v -0.034759 0.002813 0.148672
v -0.045699 0.015016 0.165363
v -0.094565 0.002813 0.119871
v -0.030575 0.015016 -0.168815
v -0.115984 0.020933 -0.126722
v -0.026760 0.020933 -0.169690
v -0.074496 0.020933 0.154692
v -0.149354 0.020933 -0.084878
v 0.081002 0.016886 0.168203
v 0.055501 0.016886 0.178212
v 0.104728 0.016886 0.154506
v 0.182011 0.016886 0.041543
v 0.173936 0.016886 0.067721
v 0.186094 0.016886 0.014453
v -0.167391 0.020933 0.038206
v -0.159481 0.020933 0.063849
v -0.134237 0.020933 -0.107050
v -0.162033 0.012978 -0.012143
v -0.158413 0.012978 -0.036157
v -0.151255 0.012978 -0.059363
v -0.091532 0.012978 -0.134253
v -0.070500 0.012978 -0.146396
v -0.047894 0.012978 -0.155268
v -0.024217 0.012978 0.160672
v -0.110519 0.012978 0.119111
v -0.127038 0.012978 0.101309
v -0.140718 0.012978 0.081244
v -0.147844 0.012978 0.066447
v -0.097679 0.012978 0.129351
v -0.162033 0.012978 0.004281
v -0.104282 0.012978 -0.124086
v -0.040229 0.012978 0.157018
v -0.031882 0.012978 -0.158923
v -0.171390 0.020933 0.011670
v 0.177197 0.010012 0.069544
v 0.164853 0.010012 -0.095178
v 0.129475 0.010012 -0.139541
v 0.028371 0.010012 -0.188230
v 0.029039 0.025597 -0.093159
v 0.090942 0.025595 -0.035381
v 0.054730 0.025596 -0.080789
v 0.084361 0.025598 0.049040
v 0.097283 0.025598 -0.007581
v 0.014258 0.025598 0.096533
v 0.066583 0.025598 0.071334
v 0.021556 0.015884 0.044761
v 0.082592 0.010012 0.171504
v 0.048428 0.015904 0.011053
v 0.185583 0.010012 0.042357
v 0.038842 0.015884 -0.030975
v 0.148826 0.010012 -0.118685
v 0.000000 0.015884 -0.049681
v 0.000000 0.010012 -0.190356
v -0.000000 0.015884 0.049681
v 0.011055 0.015884 -0.048435
v 0.021556 0.015884 -0.044761
v 0.049681 0.015884 0.000000
v 0.048428 0.015904 -0.011053
v 0.030975 0.015884 0.038842
v 0.038842 0.015884 0.030975
v 0.000000 0.026778 -0.093739
v 0.073286 0.026778 -0.058443
v 0.091392 0.026778 0.020860
v 0.044761 0.015884 -0.021556
v 0.040673 0.026778 0.084458
v 0.044761 0.015884 0.021556
v 0.011055 0.015884 0.048435
v 0.030975 0.015884 -0.038842
v -0.000000 0.028978 0.071608
v 0.017130 0.029118 -0.069428
v 0.031070 0.028978 -0.064517
v 0.071499 0.029118 -0.001251
v 0.069813 0.028978 -0.015934
v 0.045557 0.029118 0.055120
v 0.055986 0.028978 0.044647
v 0.043601 0.029118 -0.056680
v 0.064961 0.029118 -0.029895
v 0.014690 0.029118 0.069984
v 0.063875 0.029118 0.032149
v 0.000000 0.029071 -0.071364
v 0.055795 0.029071 -0.044495
v 0.069575 0.029071 0.015880
v 0.030964 0.029071 0.064297
v 0.034760 0.008820 -0.100560
v 0.100419 0.008818 -0.035682
v 0.057107 0.008820 -0.089944
v 0.137227 -0.000549 -0.070451
v 0.090176 0.008822 0.056273
v 0.105615 0.008819 -0.011598
v 0.012259 0.008821 0.105624
v 0.074938 0.008822 0.075449
v 0.067187 0.025741 0.063594
v 0.076948 0.025741 0.051353
v 0.070473 0.025651 0.056203
v 0.091606 0.025740 -0.012887
v 0.088129 0.025742 -0.028154
v 0.087878 0.025650 -0.020071
v 0.047055 0.025741 -0.079655
v 0.032944 0.025741 -0.086446
v 0.039116 0.025649 -0.081212
v 0.007828 0.025741 0.092179
v -0.000000 0.025651 0.090140
v 0.083210 0.008427 0.057218
v 0.074300 0.008428 0.068452
v 0.076862 0.008333 0.061339
v 0.096748 0.008430 -0.029642
v 0.099704 0.008424 -0.015520
v 0.095825 0.008330 -0.022102
v 0.037262 0.008424 -0.093872
v 0.050341 0.008427 -0.087705
v 0.042760 0.008329 -0.088555
v 0.007177 0.008427 0.100756
v -0.000000 0.008332 0.098337
v 0.000000 0.024933 -0.118282
v 0.024328 0.024237 -0.116845
v 0.030060 0.007841 -0.117855
v 0.092790 0.024869 -0.073992
v 0.106816 0.024172 -0.054078
v 0.076496 0.024171 -0.092097
v 0.111132 0.007791 -0.050214
v 0.073690 0.007792 -0.097164
v 0.107940 0.024342 0.049621
v 0.115213 0.024945 0.026522
v 0.118786 0.024324 0.002149
v 0.107787 0.007901 0.055486
v 0.121206 0.007929 -0.003188
v 0.028610 0.024301 0.115509
v 0.051154 0.024994 0.106228
v 0.072466 0.024301 0.094389
v 0.023888 0.007885 0.118965
v 0.078112 0.007885 0.092851
v 0.000000 0.022549 -0.143156
v 0.022928 0.021778 -0.141339
v 0.028211 0.003373 -0.140272
v 0.112037 0.022524 -0.089337
v 0.124903 0.021747 -0.070265
v 0.096300 0.021747 -0.106138
v 0.127317 0.003356 -0.065444
v 0.092155 0.003360 -0.109556
v 0.130848 0.021553 0.053510
v 0.137468 0.022213 0.031604
v 0.141388 0.021534 0.008063
v 0.129505 0.003621 0.058563
v 0.142093 0.003695 0.003472
v 0.040479 0.021906 0.136854
v 0.061873 0.022651 0.128490
v 0.081751 0.021906 0.116978
v 0.035308 0.003446 0.138385
v 0.086172 0.003446 0.113891
v 0.066358 0.026890 0.052918
v 0.082746 0.026890 -0.018886
v 0.036826 0.026890 -0.076469
v -0.000000 0.026890 0.084874
v 0.082402 0.026968 -0.025907
v 0.085483 0.026968 -0.012412
v 0.043594 0.026968 -0.074571
v 0.031122 0.026968 -0.080577
v 0.063001 0.026968 0.059094
v 0.071632 0.026968 0.048272
v 0.006921 0.026968 0.086101
v 0.056108 0.010012 0.181898
v 0.107231 0.010012 0.157278
v 0.189823 0.010012 0.014225
v 0.189823 0.010012 -0.014226
v 0.185583 0.010012 -0.042359
v 0.177197 0.010012 -0.069545
v 0.155055 -0.000000 -0.011620
v 0.151592 -0.000000 -0.034600
v 0.144742 -0.000000 -0.056807
v 0.107231 0.010012 -0.157280
v 0.082592 0.010012 -0.171505
v 0.056108 0.010012 -0.181899
v 0.087591 -0.000000 -0.128472
v 0.067465 -0.000000 -0.140092
v 0.045832 -0.000000 -0.148582
v -0.000000 0.010012 0.190355
v 0.028371 0.010012 0.188229
v -0.000000 0.000000 0.155490
v 0.023175 0.000000 0.153754
v 0.105760 -0.000000 0.113982
v 0.121567 -0.000000 0.096947
v 0.134658 -0.000000 0.077745
v 0.129475 0.010012 0.139540
v 0.148826 0.010012 0.118684
v 0.164853 0.010012 0.095177
v 0.096998 0.011319 -0.142270
v 0.074710 0.011319 -0.155138
v 0.050754 0.011319 -0.164540
v 0.171708 0.011319 -0.012868
v 0.167873 0.011319 -0.038316
v 0.160287 0.011319 -0.062908
v 0.117119 0.011319 0.126224
v 0.134623 0.011319 0.107359
v 0.149121 0.011319 0.086095
v -0.000000 0.011319 0.172190
v 0.025664 0.011319 0.170266
v 0.154176 -0.000553 0.004062
v 0.158250 0.011298 0.065279
v 0.098852 0.011299 0.139755
v 0.140627 -0.000568 0.063307
v 0.099234 -0.000534 -0.118114
v 0.149701 0.011298 -0.083024
v 0.170879 0.011300 0.009863
v 0.114039 0.011293 -0.127659
v 0.030476 -0.000550 -0.151213
v 0.038161 -0.000555 0.149448
v 0.047632 0.011299 0.164421
v 0.093052 -0.000555 0.123015
v 0.028426 0.011298 -0.168806
v 0.117753 0.017345 -0.123513
v 0.023112 0.017346 -0.169072
v 0.074120 0.017334 0.153912
v 0.146596 0.017345 -0.087345
v 0.166581 0.017324 0.038021
v 0.159711 0.017331 0.060172
v 0.133561 0.017334 -0.106512
v 0.000000 0.017334 -0.170831
v 0.163673 0.009554 -0.012266
v 0.160017 0.009554 -0.036523
v 0.152787 0.009554 -0.059964
v 0.092459 0.009554 -0.135613
v 0.071214 0.009554 -0.147878
v 0.048379 0.009554 -0.156840
v -0.000000 0.009554 0.164132
v 0.024463 0.009554 0.162299
v 0.111638 0.009554 0.120318
v 0.128324 0.009554 0.102335
v 0.142143 0.009554 0.082066
v 0.149482 0.009068 0.064215
v 0.095872 0.009083 0.131454
v 0.162513 0.009052 0.007067
v 0.106728 0.009088 -0.122823
v 0.043000 0.009083 0.156915
v 0.029347 0.009087 -0.160038
v 0.169985 0.017329 0.015084
v 0.052534 0.017346 0.162354
v 0.094179 0.017346 0.142299
v 0.143421 0.009088 -0.076837
v 0.000000 0.015864 0.000000
v 0.010768 0.015864 0.000000
v 0.020995 0.015864 0.000000
v 0.030170 0.015864 0.000000
v 0.037832 0.015864 0.000000
v 0.043597 0.015864 0.000000
v -0.049516 0.020933 0.164496
v -0.097736 0.020933 0.141275
v -0.144129 0.012978 -0.074160
v -0.010768 0.019547 0.000000
v -0.020995 0.019547 0.000000
v -0.030170 0.019547 0.000000
v -0.037832 0.019547 0.000000
v -0.043597 0.019547 0.000000
v -0.161394 0.016886 -0.093765
v -0.145961 0.016886 -0.116400
v -0.127328 0.016886 -0.136483
v -0.027319 0.016886 -0.184644
v -0.081002 0.016886 0.168203
v -0.055501 0.016886 0.178212
v -0.104728 0.016886 0.154506
v -0.182011 0.016886 0.041543
v -0.173936 0.016886 0.067721
v -0.186094 0.016886 0.014453
v -0.177197 0.010012 0.069544
v -0.164853 0.010012 -0.095179
v -0.129475 0.010012 -0.139541
v -0.028371 0.010012 -0.188230
v -0.029039 0.025597 -0.093159
v -0.090942 0.025595 -0.035381
v -0.054730 0.025596 -0.080789
v -0.084361 0.025598 0.049040
v -0.097283 0.025598 -0.007581
v -0.014258 0.025598 0.096533
v -0.066583 0.025598 0.071334
v -0.021556 0.015884 0.044761
v -0.082592 0.010012 0.171504
v -0.048428 0.015904 0.011053
v -0.185583 0.010012 0.042357
v -0.038842 0.015884 -0.030975
v -0.148826 0.010012 -0.118685
v -0.011055 0.015884 -0.048435
v -0.021556 0.015884 -0.044761
v -0.049681 0.015884 0.000000
v -0.048428 0.015904 -0.011053
v -0.030975 0.015884 0.038842
v -0.038842 0.015884 0.030975
v -0.073286 0.026778 -0.058443
v -0.091392 0.026778 0.020860
v -0.044761 0.015884 -0.021556
v -0.040673 0.026778 0.084458
v -0.044761 0.015884 0.021556
v -0.011055 0.015884 0.048435
v -0.030975 0.015884 -0.038842
v -0.017130 0.029118 -0.069428
v -0.031070 0.028978 -0.064517
v -0.071499 0.029118 -0.001251
v -0.069813 0.028978 -0.015934
v -0.045557 0.029118 0.055120
v -0.055986 0.028978 0.044647
v -0.043601 0.029118 -0.056680
v -0.064961 0.029118 -0.029895
v -0.014690 0.029118 0.069984
v -0.063875 0.029118 0.032149
v -0.055795 0.029071 -0.044495
v -0.069575 0.029071 0.015880
v -0.030964 0.029071 0.064297
v -0.034760 0.008820 -0.100560
v -0.100419 0.008818 -0.035682
v -0.057107 0.008820 -0.089944
v -0.137227 -0.000549 -0.070451
v -0.090176 0.008822 0.056273
v -0.105615 0.008819 -0.011598
v -0.012259 0.008821 0.105624
v -0.074938 0.008822 0.075449
v -0.067188 0.025741 0.063594
v -0.076948 0.025741 0.051353
v -0.070473 0.025651 0.056203
v -0.091606 0.025740 -0.012887
v -0.088129 0.025742 -0.028155
v -0.087878 0.025650 -0.020071
v -0.047055 0.025741 -0.079655
v -0.032944 0.025741 -0.086446
v -0.039116 0.025649 -0.081212
v -0.007828 0.025741 0.092179
v -0.083210 0.008427 0.057218
v -0.074300 0.008428 0.068452
v -0.076862 0.008333 0.061339
v -0.096748 0.008430 -0.029643
v -0.099704 0.008425 -0.015520
v -0.095825 0.008330 -0.022102
v -0.037261 0.008424 -0.093872
v -0.050341 0.008427 -0.087705
v -0.042760 0.008329 -0.088555
v -0.007177 0.008427 0.100756
v -0.024328 0.024237 -0.116845
v -0.030060 0.007841 -0.117855
v -0.092790 0.024869 -0.073992
v -0.106816 0.024172 -0.054078
v -0.076496 0.024171 -0.092097
v -0.111132 0.007791 -0.050214
v -0.073690 0.007792 -0.097164
v -0.107940 0.024342 0.049621
v -0.115213 0.024945 0.026522
v -0.118786 0.024324 0.002149
v -0.107787 0.007901 0.055486
v -0.121206 0.007929 -0.003188
v -0.028610 0.024301 0.115509
v -0.051154 0.024994 0.106228
v -0.072466 0.024301 0.094389
v -0.023888 0.007885 0.118965
v -0.078112 0.007885 0.092851
v -0.022928 0.021778 -0.141339
v -0.028211 0.003373 -0.140272
v -0.112037 0.022524 -0.089337
v -0.124903 0.021747 -0.070265
v -0.096300 0.021747 -0.106138
v -0.127317 0.003356 -0.065444
v -0.092155 0.003360 -0.109557
v -0.130848 0.021553 0.053510
v -0.137468 0.022213 0.031604
v -0.141388 0.021534 0.008063
v -0.129505 0.003621 0.058563
v -0.142093 0.003695 0.003472
v -0.040479 0.021906 0.136854
v -0.061873 0.022651 0.128490
v -0.081751 0.021906 0.116978
v -0.035308 0.003446 0.138385
v -0.086172 0.003446 0.113891
v -0.066358 0.026890 0.052918
v -0.082746 0.026890 -0.018886
v -0.036826 0.026890 -0.076469
v -0.082402 0.026969 -0.025907
v -0.085483 0.026969 -0.012412
v -0.043594 0.026968 -0.074571
v -0.031122 0.026968 -0.080577
v -0.063001 0.026969 0.059094
v -0.071632 0.026969 0.048272
v -0.006921 0.026969 0.086101
v -0.056108 0.010012 0.181898
v -0.107231 0.010012 0.157278
v -0.189823 0.010012 0.014224
v -0.189823 0.010012 -0.014226
v -0.185583 0.010012 -0.042359
v -0.177197 0.010012 -0.069545
v -0.155055 0.000000 -0.011620
v -0.151592 0.000000 -0.034600
v -0.144742 0.000000 -0.056807
v -0.107231 0.010012 -0.157280
v -0.082592 0.010012 -0.171505
v -0.056108 0.010012 -0.181899
v -0.087591 0.000000 -0.128472
v -0.067465 0.000000 -0.140092
v -0.045832 -0.000000 -0.148582
v -0.028371 0.010012 0.188229
v -0.023175 0.000000 0.153754
v -0.105760 0.000000 0.113982
v 0.157864 0.013416 -0.096318
v 0.144731 0.013475 -0.115420
v 0.129003 0.013416 -0.132506
v 0.023123 0.013416 -0.183476
v 0.000000 0.013475 -0.185118
v -0.121567 0.000000 0.096947
v -0.134659 0.000000 0.077745
v -0.129475 0.010012 0.139540
v -0.148826 0.010012 0.118684
v -0.164853 0.010012 0.095177
v -0.096998 0.011319 -0.142270
v -0.074710 0.011319 -0.155138
v -0.050754 0.011319 -0.164540
v -0.171708 0.011319 -0.012868
v 0.080320 0.013475 0.166786
v 0.058774 0.013416 0.175339
v 0.100441 0.013416 0.155274
v 0.180477 0.013475 0.041193
v 0.173731 0.013416 0.063371
v 0.184022 0.013416 0.018284
v -0.167873 0.011319 -0.038316
v -0.160287 0.011319 -0.062908
v -0.117119 0.011319 0.126224
v -0.134623 0.011319 0.107358
v -0.149121 0.011319 0.086095
v -0.025664 0.011319 0.170266
v -0.154176 -0.000553 0.004062
v -0.158250 0.011298 0.065279
v -0.098852 0.011299 0.139755
v -0.140627 -0.000568 0.063307
v -0.099233 -0.000534 -0.118114
v -0.149701 0.011298 -0.083024
v -0.170879 0.011300 0.009863
v -0.114038 0.011293 -0.127659
v -0.030476 -0.000550 -0.151213
v -0.038161 -0.000555 0.149448
v -0.047632 0.011299 0.164421
v -0.093052 -0.000554 0.123015
v -0.028426 0.011298 -0.168806
v -0.117753 0.017345 -0.123513
v -0.023112 0.017346 -0.169072
v -0.074120 0.017334 0.153912
v -0.146596 0.017346 -0.087345
v -0.166581 0.017324 0.038021
v -0.159711 0.017331 0.060172
v -0.133561 0.017334 -0.106512
v -0.163673 0.009554 -0.012266
v -0.160017 0.009554 -0.036523
v -0.152787 0.009554 -0.059964
v -0.092459 0.009554 -0.135613
v -0.071214 0.009554 -0.147878
v -0.048379 0.009554 -0.156840
v -0.024463 0.009554 0.162299
v -0.111638 0.009554 0.120318
v -0.128324 0.009554 0.102335
v -0.142143 0.009554 0.082066
v -0.149482 0.009068 0.064215
v -0.095873 0.009083 0.131454
v -0.162513 0.009052 0.007067
v -0.106728 0.009088 -0.122823
v -0.043000 0.009083 0.156915
v -0.029347 0.009087 -0.160038
v -0.169985 0.017329 0.015084
v -0.052534 0.017346 0.162354
v -0.094179 0.017346 0.142299
v -0.143421 0.009088 -0.076837
v -0.010768 0.015864 0.000000
v -0.020995 0.015864 0.000000
v -0.030170 0.015864 0.000000
v -0.037832 0.015864 0.000000
v -0.043597 0.015864 0.000000
v -0.157864 0.013416 -0.096318
v -0.144731 0.013476 -0.115420
v -0.129003 0.013416 -0.132506
v -0.023123 0.013416 -0.183476
v -0.080320 0.013476 0.166786
v -0.058774 0.013416 0.175339
v -0.100441 0.013416 0.155274
v -0.180477 0.013476 0.041193
v -0.173731 0.013416 0.063371
v -0.184022 0.013416 0.018284
vn 0.3131 0.9163 -0.2497
vn 0.3313 0.9161 -0.2259
vn 0.4314 0.8529 -0.2941
vn 0.4074 0.8535 -0.3249
vn -0.0000 0.9163 -0.4004
vn 0.0300 0.9161 -0.3999
vn 0.0390 0.8529 -0.5206
vn -0.0000 0.8535 -0.5210
vn -0.0221 0.9987 -0.0458
vn -0.0516 0.9929 -0.1071
vn -0.0459 0.9951 -0.0873
vn -0.0280 0.9988 -0.0392
vn -0.7562 0.3493 0.5533
vn -0.6349 0.4049 0.6580
vn -0.6566 0.3985 0.6404
vn -0.7618 0.3451 0.5482
vn 0.0422 0.9953 0.0876
vn -0.0094 0.9934 0.1141
vn 0.0035 0.9961 0.0882
vn 0.0360 0.9966 0.0747
vn 0.3904 0.9163 0.0891
vn 0.3832 0.9161 0.1182
vn 0.4989 0.8529 0.1539
vn 0.5080 0.8535 0.1159
vn -0.0364 0.3515 0.9355
vn 0.1190 0.4051 0.9065
vn 0.0922 0.3988 0.9124
vn -0.0445 0.3473 0.9367
vn -0.5730 0.3425 -0.7446
vn -0.6169 0.2988 -0.7282
vn -0.4509 0.3429 -0.8241
vn -0.4438 0.3471 -0.8262
vn 0.5009 0.4050 -0.7649
vn 0.3674 0.3455 -0.8635
vn 0.3596 0.3402 -0.8689
vn 0.4795 0.3988 -0.7817
vn 0.1737 0.9163 0.3608
vn 0.1465 0.9161 0.3733
vn 0.1907 0.8529 0.4860
vn 0.2261 0.8535 0.4694
vn 0.2005 0.9161 0.3473
vn 0.2610 0.8529 0.4522
vn 0.3965 0.9161 0.0598
vn 0.5163 0.8529 0.0778
vn 0.2940 0.9161 -0.2728
vn 0.3827 0.8529 -0.3551
vn -0.4944 0.8360 0.2379
vn -0.4305 0.8348 0.3433
vn -0.4934 0.8360 0.2402
vn -0.3419 0.8360 0.4291
vn -0.3440 0.8360 0.4276
vn -0.5368 0.8348 -0.1225
vn -0.5487 0.8360 0.0002
vn -0.5488 0.8360 -0.0023
vn 0.0221 0.9987 -0.0458
vn 0.0280 0.9988 -0.0392
vn 0.0459 0.9951 -0.0873
vn 0.0516 0.9929 -0.1071
vn -0.1219 0.8360 -0.5350
vn -0.2389 0.8348 -0.4961
vn -0.1244 0.8360 -0.5345
vn -0.3422 0.8360 -0.4289
vn -0.3403 0.8360 -0.4305
vn 0.0929 0.9929 0.0741
vn 0.0728 0.9955 0.0603
vn 0.0422 0.9988 0.0232
vn 0.0397 0.9987 0.0317
vn -0.0000 0.8376 -0.5463
vn -0.5326 0.8376 0.1216
vn -0.4140 0.4338 0.8003
vn -0.4427 0.4326 0.7854
vn 0.3683 0.4338 0.8223
vn 0.3391 0.4327 0.8353
vn 0.7815 0.4048 0.4747
vn 0.8710 0.4337 0.2308
vn 0.8620 0.4325 0.2643
vn 0.7684 0.3975 0.5016
vn -0.4943 0.8360 -0.2382
vn -0.4954 0.8360 -0.2360
vn -0.0292 0.4340 -0.9005
vn -0.2886 0.4046 -0.8677
vn -0.3176 0.3974 -0.8609
vn -0.0631 0.4327 -0.8993
vn 0.0917 0.9955 -0.0227
vn 0.0791 0.9967 0.0181
vn 0.0914 0.9956 0.0208
vn 0.1097 0.9931 -0.0410
vn 0.0749 0.9951 0.0642
vn 0.0397 0.9958 0.0825
vn 0.0951 0.9934 0.0638
vn -0.2370 0.8376 0.4922
vn -0.4271 0.8376 -0.3406
vn 0.1471 0.9821 0.1173
vn 0.0954 0.9848 0.1451
vn 0.1074 0.9846 0.1380
vn 0.1423 0.9833 0.1135
vn -0.0000 0.9958 -0.0916
vn 0.0396 0.9951 -0.0903
vn 0.0581 0.9934 -0.0993
vn -0.0000 0.9952 -0.0981
vn 0.0716 0.9958 -0.0571
vn 0.0953 0.9951 -0.0254
vn 0.1144 0.9933 -0.0169
vn 0.0773 0.9951 -0.0617
vn 0.0809 0.9931 0.0846
vn 0.0035 0.9951 0.0986
vn -0.0000 0.9929 0.1188
vn 0.0082 0.9988 0.0475
vn -0.0000 0.9987 0.0508
vn -0.2005 0.9161 0.3473
vn -0.2610 0.8529 0.4522
vn -0.2261 0.8535 0.4694
vn -0.1737 0.9163 0.3608
vn 0.1158 0.9929 -0.0264
vn 0.0445 0.9988 -0.0185
vn 0.0496 0.9987 -0.0113
vn 0.0419 0.9933 -0.1077
vn -0.1223 0.8360 0.5349
vn -0.1198 0.8360 0.5355
vn 0.8560 0.3406 -0.3890
vn 0.8495 0.2997 -0.4342
vn 0.9036 0.3451 -0.2537
vn 0.9041 0.3493 -0.2461
vn 0.0874 0.9959 -0.0240
vn 0.0665 0.9964 -0.0530
vn 0.6904 0.4343 -0.5785
vn 0.6705 0.4331 -0.6024
vn 0.2319 0.3227 -0.9176
vn 0.1946 0.2807 -0.9399
vn 0.0320 0.9988 0.0360
vn 0.0481 0.9988 -0.0026
vn 0.0668 0.9961 0.0578
vn 0.8579 0.4047 -0.3165
vn 0.7196 0.4343 -0.5419
vn 0.7390 0.4330 -0.5161
vn 0.8702 0.3979 -0.2906
vn 0.7066 0.3472 0.6166
vn 0.7030 0.3431 0.6230
vn 0.5750 0.2998 0.7612
vn 0.6004 0.3410 0.7234
vn 0.1329 0.9907 0.0305
vn 0.1383 0.9904 0.0023
vn 0.1048 0.9944 -0.0164
vn 0.0987 0.9949 0.0228
vn 0.0591 0.9907 0.1228
vn 0.0856 0.9906 0.1065
vn 0.8723 0.4497 -0.1918
vn 0.8733 0.4497 -0.1876
vn 0.8839 0.4337 0.1748
vn 0.8902 0.4326 0.1429
vn 0.6996 0.4493 0.5557
vn 0.6991 0.4493 0.5562
vn 0.3846 0.4499 -0.8060
vn 0.3828 0.4499 -0.8069
vn -0.0000 0.4493 0.8934
vn 0.9103 0.4050 -0.0861
vn 0.9101 0.3985 -0.1140
vn 0.0483 0.9988 0.0110
vn 0.0215 0.9988 0.0446
vn -0.0000 0.9988 -0.0495
vn 0.0132 0.9988 -0.0463
vn 0.0387 0.9988 -0.0309
vn 0.1566 0.9846 -0.0778
vn 0.1774 0.9833 -0.0405
vn 0.0369 0.9846 -0.1710
vn 0.0790 0.9833 -0.1640
vn -0.0000 0.9821 0.1881
vn -0.0540 0.9848 0.1651
vn -0.0410 0.9846 0.1700
vn -0.0000 0.9833 0.1820
vn 0.0428 0.9959 -0.0799
vn 0.9221 0.3480 -0.1692
vn 0.9249 0.3439 -0.1622
vn 0.9536 0.2999 0.0246
vn 0.9399 0.3411 -0.0189
vn 0.1255 0.9904 0.0582
vn 0.0868 0.9944 0.0605
vn 0.0299 0.9906 0.1333
vn -0.2290 0.2983 0.9266
vn -0.1837 0.3388 0.9227
vn -0.8691 0.2996 0.3937
vn -0.8378 0.3405 0.4268
vn -0.0000 1.0000 -0.0000
vn 0.1239 0.9906 -0.0580
vn 0.1065 0.9907 -0.0850
vn 0.8499 0.5226 -0.0680
vn 0.9039 0.4262 0.0365
vn 0.8509 0.5214 -0.0638
vn 0.0841 0.9906 -0.1079
vn -0.5933 0.4324 -0.6790
vn -0.4692 0.5365 -0.7014
vn -0.4741 0.5348 -0.6994
vn 0.5830 0.5226 0.6220
vn 0.5347 0.4262 0.7297
vn 0.5804 0.5214 0.6255
vn -0.9132 0.2837 0.2926
vn -0.8294 0.4256 0.3619
vn 0.7999 0.4257 -0.4230
vn 0.7978 0.2838 -0.5319
vn 0.8385 0.5338 -0.1094
vn 0.4834 0.2855 0.8275
vn 0.7955 0.5223 -0.3073
vn 0.7947 0.5211 -0.3114
vn -0.7362 0.5222 0.4305
vn -0.7390 0.5210 0.4272
vn 0.8029 0.5338 -0.2653
vn -0.0799 0.5338 0.8418
vn -0.1233 0.5235 0.8431
vn -0.1279 0.5223 0.8431
vn 0.0317 0.9906 -0.1334
vn -0.0000 0.9906 -0.1366
vn -0.0000 0.9964 -0.0845
vn 0.0356 0.9959 -0.0826
vn 0.1627 0.9848 0.0607
vn 0.1585 0.9846 0.0740
vn 0.0230 0.9848 -0.1721
vn 0.0816 0.9821 -0.1695
vn 0.1489 0.9848 -0.0894
vn 0.1834 0.9821 -0.0419
vn 0.1203 0.9848 -0.1253
vn 0.1107 0.9846 -0.1354
vn 0.1729 0.9848 0.0159
vn 0.1749 0.9846 0.0021
vn 0.0177 0.9996 -0.0222
vn 0.0160 0.9996 -0.0234
vn 0.0264 0.9996 -0.0104
vn 0.0256 0.9996 -0.0123
vn -0.2784 0.8948 -0.3491
vn -0.3304 0.8741 -0.3560
vn -0.4999 0.6782 -0.5387
vn -0.4588 0.6772 -0.5753
vn 0.0042 0.9996 0.0280
vn 0.0063 0.9996 0.0277
vn -0.4843 0.8741 0.0363
vn -0.4735 0.8741 0.1081
vn -0.7165 0.6782 0.1635
vn -0.7328 0.6782 0.0549
vn -0.4521 0.8741 0.1774
vn -0.6841 0.6782 0.2685
vn 0.0245 0.9996 0.0142
vn 0.0256 0.9996 0.0123
vn -0.2736 0.8741 0.4013
vn -0.2107 0.8741 0.4376
vn -0.3189 0.6782 0.6621
vn -0.4140 0.6782 0.6072
vn -0.1432 0.8741 0.4641
vn -0.2166 0.6782 0.7022
vn -0.0000 0.8741 -0.4857
vn -0.0724 0.8741 -0.4803
vn -0.1095 0.6782 -0.7267
vn -0.0000 0.6782 -0.7349
vn -0.3797 0.8741 -0.3028
vn -0.5746 0.6782 -0.4582
vn -0.4206 0.8741 -0.2429
vn -0.6364 0.6782 -0.3674
vn 0.0123 0.9996 -0.0255
vn 0.0084 0.9996 -0.0271
vn -0.4023 0.8948 0.1937
vn -0.6630 0.6772 0.3193
vn 0.0276 0.9996 -0.0063
vn 0.0283 0.9996 -0.0021
vn 0.0284 0.9996 -0.0000
vn -0.4023 0.8948 -0.1937
vn -0.6630 0.6772 -0.3193
vn 0.0222 0.9996 0.0177
vn 0.0193 0.9996 0.0208
vn 0.0177 0.9996 0.0222
vn -0.0993 0.8948 -0.4353
vn -0.1637 0.6772 -0.7174
vn -0.0000 0.9996 0.0283
vn -0.4465 0.8948 -0.0000
vn -0.7358 0.6772 -0.0000
vn -0.0993 0.8948 0.4353
vn -0.1637 0.6772 0.7174
vn 0.0063 0.9996 -0.0277
vn -0.2793 0.8940 0.3503
vn -0.1327 0.9771 0.1664
vn -0.1196 0.9772 0.1754
vn 0.9486 0.2853 0.1373
vn -0.4243 0.5509 -0.7187
vn 0.6083 0.5338 0.5874
vn -0.3303 0.2792 0.9016
vn -0.2290 0.4283 0.8741
vn -0.7080 0.5338 0.4624
vn 0.1850 0.4133 -0.8916
vn 0.2619 0.5170 -0.8149
vn 0.2584 0.5151 -0.8172
vn 0.2932 0.5338 -0.7931
vn 0.1022 0.2591 -0.9604
vn -0.7036 0.2837 -0.6515
vn -0.4588 0.6772 0.5753
vn -0.0626 0.9772 0.2029
vn -0.0474 0.9771 0.2076
vn -0.2129 0.9771 -0.0000
vn -0.2117 0.9772 0.0159
vn -0.0316 0.9772 -0.2100
vn -0.0474 0.9771 -0.2076
vn -0.1839 0.9772 -0.1062
vn -0.1918 0.9771 -0.0924
vn -0.1977 0.9772 0.0776
vn -0.1918 0.9771 0.0924
vn -0.1660 0.9772 -0.1324
vn -0.1444 0.9772 -0.1556
vn -0.0000 0.9772 -0.2123
vn -0.0921 0.9772 0.1913
vn -0.2070 0.9772 0.0472
vn -0.1327 0.9771 -0.1664
vn 0.1703 0.9760 -0.1358
vn 0.1531 0.9764 -0.1526
vn 0.2032 0.9780 0.0463
vn 0.2039 0.9787 0.0242
vn 0.0948 0.9759 0.1968
vn 0.1146 0.9762 0.1839
vn 0.0723 0.9762 0.2043
vn 0.1947 0.9786 0.0668
vn 0.0238 0.9763 -0.2149
vn -0.0000 0.9760 -0.2179
vn 0.1829 0.9764 -0.1153
vn -0.0856 0.9906 0.1065
vn -0.1146 0.9762 0.1839
vn -0.0948 0.9759 0.1968
vn -0.0591 0.9907 0.1228
vn -0.0816 0.9821 -0.1695
vn -0.0790 0.9833 -0.1640
vn -0.1107 0.9846 -0.1354
vn -0.1203 0.9848 -0.1253
vn -0.0917 0.9955 -0.0227
vn -0.1097 0.9931 -0.0410
vn -0.0914 0.9956 0.0208
vn -0.0791 0.9967 0.0181
vn -0.0809 0.9931 0.0846
vn -0.0728 0.9955 0.0603
vn 0.6349 0.4049 0.6580
vn 0.6566 0.3985 0.6404
vn 0.4427 0.4326 0.7854
vn 0.4140 0.4338 0.8003
vn 0.1196 0.9772 0.1754
vn 0.2736 0.8741 0.4013
vn 0.2107 0.8741 0.4376
vn 0.0921 0.9772 0.1913
vn 0.4943 0.8360 -0.2382
vn 0.4954 0.8360 -0.2360
vn 0.5368 0.8348 -0.1225
vn -0.2032 0.9780 0.0463
vn -0.3904 0.9163 0.0891
vn -0.3832 0.9161 0.1182
vn -0.1947 0.9786 0.0668
vn -0.1329 0.9907 0.0305
vn -0.1255 0.9904 0.0582
vn -0.0238 0.9763 -0.2149
vn -0.0317 0.9906 -0.1334
vn -0.3965 0.9161 0.0598
vn -0.5163 0.8529 0.0778
vn -0.5080 0.8535 0.1159
vn 0.3419 0.8360 0.4291
vn 0.3440 0.8360 0.4276
vn 0.2370 0.8376 0.4922
vn -0.0481 0.9988 -0.0026
vn -0.0483 0.9988 0.0110
vn 0.7362 0.5222 0.4305
vn 0.7390 0.5210 0.4272
vn 0.8294 0.4256 0.3619
vn 0.8378 0.3405 0.4268
vn -0.3131 0.9163 -0.2497
vn -0.4074 0.8535 -0.3249
vn -0.4314 0.8529 -0.2941
vn -0.3313 0.9161 -0.2259
vn 0.1244 0.8360 -0.5345
vn 0.1219 0.8360 -0.5350
vn -0.0749 0.9951 0.0642
vn -0.0951 0.9934 0.0638
vn -0.0422 0.9953 0.0876
vn -0.0397 0.9958 0.0825
vn -0.0929 0.9929 0.0741
vn -0.0397 0.9987 0.0317
vn -0.0422 0.9988 0.0232
vn 0.5730 0.3425 -0.7446
vn 0.4438 0.3471 -0.8262
vn 0.4509 0.3429 -0.8241
vn 0.6169 0.2988 -0.7282
vn -0.0390 0.8529 -0.5206
vn -0.0300 0.9161 -0.3999
vn 0.0364 0.3515 0.9355
vn 0.0445 0.3473 0.9367
vn -0.0922 0.3988 0.9124
vn -0.1190 0.4051 0.9065
vn 0.4944 0.8360 0.2379
vn 0.4934 0.8360 0.2402
vn 0.4305 0.8348 0.3433
vn -0.2039 0.9787 0.0242
vn 0.2129 0.9771 -0.0000
vn 0.4465 0.8948 -0.0000
vn 0.4843 0.8741 0.0363
vn 0.2117 0.9772 0.0159
vn -0.1048 0.9944 -0.0164
vn -0.0987 0.9949 0.0228
vn -0.2940 0.9161 -0.2728
vn -0.3827 0.8529 -0.3551
vn -0.5009 0.4050 -0.7649
vn -0.4795 0.3988 -0.7817
vn -0.3596 0.3402 -0.8689
vn -0.3674 0.3455 -0.8635
vn -0.6904 0.4343 -0.5785
vn -0.6705 0.4331 -0.6024
vn -0.2319 0.3227 -0.9176
vn -0.1946 0.2807 -0.9399
vn -0.0360 0.9966 0.0747
vn -0.0668 0.9961 0.0578
vn -0.8839 0.4337 0.1748
vn -0.8902 0.4326 0.1429
vn -0.9101 0.3985 -0.1140
vn -0.9103 0.4050 -0.0861
vn -0.3828 0.4499 -0.8069
vn 0.0631 0.4327 -0.8993
vn 0.0292 0.4340 -0.9005
vn -0.3846 0.4499 -0.8060
vn -0.0369 0.9846 -0.1710
vn -0.1531 0.9764 -0.1526
vn -0.1703 0.9760 -0.1358
vn 0.7562 0.3493 0.5533
vn 0.7618 0.3451 0.5482
vn 0.5488 0.8360 -0.0023
vn 0.5487 0.8360 0.0002
vn -0.0320 0.9988 0.0360
vn -0.0215 0.9988 0.0446
vn -0.0082 0.9988 0.0475
vn -0.0035 0.9951 0.0986
vn 0.0094 0.9934 0.1141
vn -0.0716 0.9958 -0.0571
vn -0.0773 0.9951 -0.0617
vn -0.1144 0.9933 -0.0169
vn -0.0953 0.9951 -0.0254
vn -0.8560 0.3406 -0.3890
vn -0.9041 0.3493 -0.2461
vn -0.9036 0.3451 -0.2537
vn -0.8495 0.2997 -0.4342
vn -0.4989 0.8529 0.1539
vn -0.0665 0.9964 -0.0530
vn -0.0874 0.9959 -0.0240
vn -0.1158 0.9929 -0.0264
vn -0.0496 0.9987 -0.0113
vn -0.0445 0.9988 -0.0185
vn 0.4271 0.8376 -0.3406
vn -0.7815 0.4048 0.4747
vn -0.7684 0.3975 0.5016
vn -0.8620 0.4325 0.2643
vn -0.8710 0.4337 0.2308
vn 0.2886 0.4046 -0.8677
vn 0.3176 0.3974 -0.8609
vn -0.7066 0.3472 0.6166
vn -0.7030 0.3431 0.6230
vn -0.0868 0.9944 0.0605
vn -0.0035 0.9961 0.0882
vn 0.5326 0.8376 0.1216
vn -0.0356 0.9959 -0.0826
vn -0.6991 0.4493 0.5562
vn -0.6996 0.4493 0.5557
vn -0.1907 0.8529 0.4860
vn -0.1465 0.9161 0.3733
vn -0.0299 0.9906 0.1333
vn -0.0723 0.9762 0.2043
vn 0.1198 0.8360 0.5355
vn 0.1223 0.8360 0.5349
vn -0.8499 0.5226 -0.0680
vn -0.8509 0.5214 -0.0638
vn -0.9039 0.4262 0.0365
vn -0.9399 0.3411 -0.0189
vn 0.2389 0.8348 -0.4961
vn 0.0410 0.9846 0.1700
vn 0.0540 0.9848 0.1651
vn 0.3403 0.8360 -0.4305
vn 0.3422 0.8360 -0.4289
vn -0.8733 0.4497 -0.1876
vn -0.8723 0.4497 -0.1918
vn -0.0419 0.9933 -0.1077
vn 0.3797 0.8741 -0.3028
vn 0.5746 0.6782 -0.4582
vn 0.6364 0.6782 -0.3674
vn 0.4206 0.8741 -0.2429
vn -0.0428 0.9959 -0.0799
vn -0.0581 0.9934 -0.0993
vn -0.0396 0.9951 -0.0903
vn -0.0284 0.9996 -0.0000
vn -0.0283 0.9996 -0.0021
vn -0.1834 0.9821 -0.0419
vn -0.1774 0.9833 -0.0405
vn -0.1749 0.9846 0.0021
vn -0.1729 0.9848 0.0159
vn 0.4243 0.5509 -0.7187
vn 0.4692 0.5365 -0.7014
vn 0.4741 0.5348 -0.6994
vn 0.2070 0.9772 0.0472
vn 0.4735 0.8741 0.1081
vn 0.4521 0.8741 0.1774
vn 0.1977 0.9772 0.0776
vn 0.1660 0.9772 -0.1324
vn 0.1839 0.9772 -0.1062
vn 0.1233 0.5235 0.8431
vn 0.1279 0.5223 0.8431
vn 0.2290 0.4283 0.8741
vn 0.1837 0.3388 0.9227
vn 0.1432 0.8741 0.4641
vn 0.2166 0.6782 0.7022
vn 0.1637 0.6772 0.7174
vn 0.0993 0.8948 0.4353
vn 0.0724 0.8741 -0.4803
vn 0.0316 0.9772 -0.2100
vn -0.1471 0.9821 0.1173
vn -0.1423 0.9833 0.1135
vn -0.1074 0.9846 0.1380
vn -0.0954 0.9848 0.1451
vn -0.0193 0.9996 0.0208
vn -0.0222 0.9996 0.0177
vn -0.0387 0.9988 -0.0309
vn 0.7080 0.5338 0.4624
vn -0.0132 0.9988 -0.0463
vn 0.4023 0.8948 0.1937
vn 0.1918 0.9771 0.0924
vn -0.7390 0.4330 -0.5161
vn -0.7196 0.4343 -0.5419
vn -0.3683 0.4338 0.8223
vn -0.3391 0.4327 0.8353
vn 0.2793 0.8940 0.3503
vn 0.1327 0.9771 0.1664
vn 0.3303 0.2792 0.9016
vn 0.2290 0.2983 0.9266
vn 0.0626 0.9772 0.2029
vn 0.0474 0.9771 0.2076
vn -0.1829 0.9764 -0.1153
vn -0.9221 0.3480 -0.1692
vn -0.9536 0.2999 0.0246
vn -0.9249 0.3439 -0.1622
vn -0.1383 0.9904 0.0023
vn 0.4023 0.8948 -0.1937
vn 0.1918 0.9771 -0.0924
vn -0.8029 0.5338 -0.2653
vn -0.7955 0.5223 -0.3073
vn -0.7947 0.5211 -0.3114
vn -0.5830 0.5226 0.6220
vn -0.5804 0.5214 0.6255
vn -0.5347 0.4262 0.7297
vn -0.6004 0.3410 0.7234
vn 0.0799 0.5338 0.8418
vn -0.1585 0.9846 0.0740
vn -0.1627 0.9848 0.0607
vn 0.7328 0.6782 0.0549
vn 0.7165 0.6782 0.1635
vn -0.0245 0.9996 0.0142
vn -0.0256 0.9996 0.0123
vn 0.3304 0.8741 -0.3560
vn 0.4999 0.6782 -0.5387
vn -0.0160 0.9996 -0.0234
vn -0.0123 0.9996 -0.0255
vn -0.8385 0.5338 -0.1094
vn 0.6841 0.6782 0.2685
vn 0.6630 0.6772 0.3193
vn 0.8691 0.2996 0.3937
vn -0.1239 0.9906 -0.0580
vn -0.1065 0.9907 -0.0850
vn -0.7999 0.4257 -0.4230
vn -0.7978 0.2838 -0.5319
vn -0.1489 0.9848 -0.0894
vn -0.1566 0.9846 -0.0778
vn 0.5933 0.4324 -0.6790
vn -0.8579 0.4047 -0.3165
vn -0.8702 0.3979 -0.2906
vn -0.6083 0.5338 0.5874
vn -0.4834 0.2855 0.8275
vn -0.5750 0.2998 0.7612
vn -0.9486 0.2853 0.1373
vn 0.7036 0.2837 -0.6515
vn 0.1327 0.9771 -0.1664
vn 0.2784 0.8948 -0.3491
vn 0.1444 0.9772 -0.1556
vn -0.0042 0.9996 0.0280
vn -0.1850 0.4133 -0.8916
vn -0.2584 0.5151 -0.8172
vn -0.2619 0.5170 -0.8149
vn 0.7358 0.6772 -0.0000
vn -0.0276 0.9996 -0.0063
vn -0.2932 0.5338 -0.7931
vn -0.0264 0.9996 -0.0104
vn -0.0230 0.9848 -0.1721
vn -0.0084 0.9996 -0.0271
vn 0.4140 0.6782 0.6072
vn 0.3189 0.6782 0.6621
vn 0.4588 0.6772 -0.5753
vn -0.0177 0.9996 0.0222
vn 0.6630 0.6772 -0.3193
vn -0.0841 0.9906 -0.1079
vn 0.3267 -0.9085 0.2605
vn 0.3602 -0.9000 0.2453
vn 0.4567 -0.8334 0.3114
vn 0.4313 -0.8340 0.3440
vn 0.1095 0.6782 -0.7267
vn 0.1637 0.6772 -0.7174
vn 0.0993 0.8948 -0.4353
vn -0.0063 0.9996 -0.0277
vn 0.9132 0.2837 0.2926
vn -0.0063 0.9996 0.0277
vn -0.0177 0.9996 -0.0222
vn 0.4588 0.6772 0.5753
vn -0.1022 0.2591 -0.9604
vn -0.0256 0.9996 -0.0123
vn 0.0474 0.9771 -0.2076
vn -0.3267 -0.9085 0.2605
vn -0.4313 -0.8340 0.3440
vn -0.4567 -0.8334 0.3114
vn -0.3602 -0.9000 0.2453
vn -0.0000 -0.9085 0.4179
vn -0.0000 -0.8341 0.5516
vn -0.0413 -0.8334 0.5512
vn -0.0328 -0.9000 0.4346
vn -0.4020 -0.8577 0.3206
vn -0.3203 -0.8555 0.4068
vn -0.3228 -0.8557 0.4045
vn 0.7576 -0.3386 -0.5581
vn 0.7637 -0.3341 -0.5524
vn 0.6573 -0.3886 -0.6457
vn 0.6328 -0.3960 -0.6653
vn -0.0402 -0.9957 -0.0834
vn -0.0361 -0.9965 -0.0751
vn -0.0017 -0.9960 -0.0892
vn -0.0001 -0.9939 -0.1102
vn -0.4073 -0.9086 -0.0929
vn -0.5379 -0.8340 -0.1228
vn -0.5282 -0.8333 -0.1629
vn -0.4163 -0.9001 -0.1288
vn 0.0334 -0.3408 -0.9395
vn 0.0423 -0.3362 -0.9409
vn -0.0957 -0.3888 -0.9163
vn -0.1260 -0.3961 -0.9095
vn 0.5710 -0.3374 0.7484
vn 0.4431 -0.3362 0.8310
vn 0.4509 -0.3317 0.8287
vn 0.6224 -0.2802 0.7308
vn -0.5087 -0.3961 0.7644
vn -0.4847 -0.3891 0.7834
vn -0.3640 -0.3289 0.8714
vn -0.3726 -0.3347 0.8655
vn -0.1813 -0.9085 -0.3765
vn -0.2394 -0.8340 -0.4971
vn -0.2020 -0.8333 -0.5146
vn -0.1590 -0.9000 -0.4058
vn -0.2182 -0.9000 -0.3773
vn -0.2764 -0.8333 -0.4788
vn -0.4309 -0.9001 -0.0645
vn -0.5466 -0.8333 -0.0824
vn -0.3193 -0.9001 0.2966
vn -0.4053 -0.8333 0.3760
vn -0.0000 -0.8541 -0.5202
vn 0.1153 -0.8557 -0.5045
vn 0.1121 -0.8555 -0.5054
vn 0.5171 -0.8559 -0.0002
vn 0.5069 -0.8542 0.1157
vn 0.5173 -0.8558 0.0032
vn 0.3228 -0.8557 0.4045
vn 0.2257 -0.8541 0.4687
vn 0.3203 -0.8555 0.4068
vn 0.4662 -0.8558 0.2244
vn 0.4678 -0.8557 0.2214
vn 0.1150 -0.8557 0.5046
vn 0.1183 -0.8555 0.5040
vn 0.4020 -0.8577 0.3206
vn 0.3225 -0.8557 -0.4048
vn 0.4067 -0.8541 -0.3243
vn 0.3253 -0.8555 -0.4028
vn 0.4417 -0.4237 -0.7908
vn 0.4090 -0.4251 -0.8074
vn -0.3441 -0.4237 -0.8379
vn -0.3770 -0.4251 -0.8229
vn -0.7883 -0.3959 -0.4711
vn -0.7737 -0.3875 -0.5013
vn -0.8671 -0.4236 -0.2623
vn -0.8770 -0.4250 -0.2243
vn 0.4663 -0.8558 -0.2240
vn 0.4650 -0.8557 -0.2271
vn 0.0215 -0.4253 0.9048
vn 0.0599 -0.4238 0.9038
vn 0.3160 -0.3875 0.8660
vn 0.2835 -0.3957 0.8735
vn -0.1274 -0.9916 0.0205
vn -0.1076 -0.9939 0.0242
vn -0.0904 -0.9957 -0.0205
vn -0.1143 -0.9931 -0.0261
vn -0.0955 -0.9916 -0.0869
vn -0.0861 -0.9939 -0.0688
vn -0.0509 -0.9931 -0.1056
vn 0.5010 -0.8579 -0.1144
vn -0.1697 -0.9762 -0.1353
vn -0.1367 -0.9846 -0.1090
vn -0.1115 -0.9859 -0.1250
vn -0.1112 -0.9851 -0.1315
vn -0.0000 -0.9931 0.1173
vn -0.0000 -0.9956 0.0934
vn -0.0478 -0.9938 0.1000
vn -0.0483 -0.9916 0.1197
vn -0.0917 -0.9931 0.0731
vn -0.0736 -0.9956 0.0587
vn -0.1084 -0.9938 0.0253
vn -0.1237 -0.9916 0.0369
vn -0.0862 -0.9939 -0.0683
vn -0.1059 -0.9916 -0.0737
vn -0.0084 -0.9916 -0.1288
vn -0.0000 -0.8577 0.5142
vn -0.0635 -0.9916 0.1124
vn -0.0488 -0.9938 0.1001
vn 0.2231 -0.8577 -0.4633
vn -0.8593 -0.3360 0.3856
vn -0.9087 -0.3386 0.2442
vn -0.9081 -0.3341 0.2525
vn -0.8535 -0.2818 0.4384
vn -0.0667 -0.9964 0.0532
vn -0.0887 -0.9958 0.0224
vn -0.6984 -0.4257 0.5753
vn -0.6761 -0.4242 0.6024
vn -0.2367 -0.3170 0.9184
vn -0.1944 -0.2615 0.9454
vn -0.0687 -0.9960 -0.0570
vn -0.8592 -0.3958 0.3242
vn -0.8731 -0.3880 0.2951
vn -0.7404 -0.4241 0.5215
vn -0.7182 -0.4256 0.5505
vn -0.7115 -0.3364 -0.6170
vn -0.6048 -0.3365 -0.7218
vn -0.5768 -0.2820 -0.7667
vn -0.7075 -0.3320 -0.6240
vn -0.1328 -0.9907 -0.0307
vn -0.0929 -0.9954 -0.0215
vn -0.0969 -0.9952 0.0148
vn -0.1380 -0.9904 -0.0007
vn -0.0592 -0.9906 -0.1230
vn -0.0873 -0.9906 -0.1050
vn -0.8778 -0.4404 0.1885
vn -0.8767 -0.4404 0.1933
vn -0.8865 -0.4250 -0.1832
vn -0.7027 -0.4400 -0.5591
vn -0.7032 -0.4400 -0.5586
vn -0.8938 -0.4236 -0.1471
vn -0.3847 -0.4406 0.8111
vn -0.3868 -0.4406 0.8101
vn -0.0000 -0.4401 -0.8980
vn -0.9147 -0.3886 0.1112
vn -0.9148 -0.3960 0.0799
vn -0.1547 -0.9859 0.0642
vn -0.1373 -0.9900 0.0313
vn -0.1705 -0.9846 0.0389
vn -0.0463 -0.9859 0.1610
vn -0.0611 -0.9900 0.1269
vn -0.0759 -0.9846 0.1576
vn -0.0000 -0.9762 -0.2170
vn -0.0000 -0.9846 -0.1749
vn 0.0282 -0.9859 -0.1651
vn 0.0335 -0.9851 -0.1689
vn -0.0416 -0.9958 0.0815
vn -0.9254 -0.3372 0.1728
vn -0.9414 -0.3366 0.0233
vn -0.9590 -0.2821 -0.0266
vn -0.9284 -0.3327 0.1652
vn -0.1247 -0.9904 -0.0600
vn -0.0805 -0.9952 -0.0556
vn -0.0277 -0.9906 -0.1337
vn 0.1797 -0.3336 -0.9254
vn 0.2325 -0.2798 -0.9315
vn 0.8372 -0.3359 -0.4316
vn 0.8748 -0.2817 -0.3942
vn -0.0000 -1.0000 -0.0000
vn -0.0000 -1.0000 -0.0004
vn -0.1248 -0.9906 0.0560
vn -0.1068 -0.9906 0.0851
vn -0.7437 -0.6633 0.0829
vn -0.7432 -0.6639 0.0830
vn -0.8905 -0.4544 -0.0215
vn -0.0824 -0.9906 0.1092
vn 0.5743 -0.4595 0.6775
vn 0.3939 -0.6712 0.6280
vn 0.3935 -0.6716 0.6278
vn -0.5285 -0.6634 -0.5297
vn -0.5283 -0.6639 -0.5292
vn -0.5381 -0.4544 -0.7098
vn 0.9168 -0.2631 -0.3005
vn 0.8110 -0.4536 -0.3695
vn -0.7943 -0.4538 0.4039
vn -0.8062 -0.2632 0.5298
vn -0.6337 -0.7645 0.1187
vn -0.4922 -0.2651 -0.8291
vn -0.7061 -0.6634 0.2476
vn -0.7065 -0.6628 0.2480
vn 0.6344 -0.6627 -0.3979
vn 0.6338 -0.6633 -0.3978
vn -0.6224 -0.7645 0.1680
vn 0.0252 -0.7645 -0.6441
vn 0.0863 -0.6644 -0.7424
vn 0.0861 -0.6647 -0.7421
vn -0.0339 -0.9906 0.1328
vn -0.0377 -0.9959 0.0827
vn -0.0000 -0.9964 0.0849
vn -0.0000 -0.9906 0.1369
vn -0.1529 -0.9851 -0.0791
vn -0.1467 -0.9859 -0.0809
vn -0.0432 -0.9851 0.1667
vn -0.0941 -0.9762 0.1956
vn -0.1573 -0.9851 0.0703
vn -0.2117 -0.9762 0.0481
vn -0.1034 -0.9851 0.1377
vn -0.0970 -0.9859 0.1366
vn -0.1721 -0.9851 0.0051
vn -0.1673 -0.9859 0.0093
vn -0.1101 -0.9900 -0.0878
vn -0.0000 -0.9900 -0.1408
vn 0.0366 -0.9982 -0.0479
vn 0.0387 -0.9976 -0.0573
vn -0.0403 -0.9975 0.0579
vn -0.0447 -0.9976 0.0534
vn -0.0655 -0.9975 0.0264
vn 0.0645 -0.9976 -0.0251
vn 0.0545 -0.9982 -0.0251
vn -0.0622 -0.9976 0.0316
vn 0.2906 -0.8779 0.3806
vn 0.4480 -0.6640 0.5987
vn 0.4964 -0.6683 0.5540
vn 0.3304 -0.8706 0.3644
vn -0.0112 -0.9975 -0.0697
vn 0.0101 -0.9976 0.0685
vn 0.0123 -0.9982 0.0588
vn -0.0170 -0.9976 -0.0677
vn 0.4911 -0.8706 -0.0311
vn 0.7425 -0.6685 -0.0424
vn 0.7230 -0.6708 -0.1650
vn 0.4784 -0.8713 -0.1092
vn 0.6877 -0.6683 -0.2837
vn 0.4558 -0.8706 -0.1849
vn -0.0615 -0.9975 -0.0347
vn 0.0600 -0.9976 0.0349
vn 0.0539 -0.9982 0.0273
vn -0.0635 -0.9976 -0.0289
vn 0.2815 -0.8707 -0.4033
vn 0.4295 -0.6684 -0.6073
vn 0.3218 -0.6708 -0.6682
vn 0.2129 -0.8713 -0.4421
vn 0.2069 -0.6683 -0.7145
vn 0.1396 -0.8706 -0.4717
vn -0.0000 -0.8713 0.4907
vn -0.0000 -0.6708 0.7416
vn 0.1237 -0.6683 0.7335
vn 0.0789 -0.8706 0.4855
vn 0.5798 -0.6708 0.4624
vn 0.3837 -0.8713 0.3060
vn 0.6505 -0.6685 0.3604
vn 0.4288 -0.8706 0.2411
vn -0.0312 -0.9974 0.0647
vn 0.0282 -0.9979 -0.0586
vn 0.0206 -0.9976 -0.0660
vn -0.0202 -0.9975 0.0677
vn 0.6636 -0.6639 -0.3449
vn 0.4267 -0.8780 -0.2167
vn -0.0700 -0.9974 0.0160
vn 0.0634 -0.9979 -0.0145
vn -0.0705 -0.9975 0.0046
vn 0.0693 -0.9976 -0.0055
vn -0.0697 -0.9976 -0.0015
vn 0.0613 -0.9981 -0.0012
vn 0.6832 -0.6643 0.3032
vn 0.4362 -0.8776 0.1989
vn -0.0561 -0.9974 -0.0448
vn 0.0509 -0.9979 0.0406
vn -0.0475 -0.9975 -0.0522
vn 0.0472 -0.9976 0.0506
vn -0.0423 -0.9976 -0.0555
vn 0.0383 -0.9982 0.0463
vn 0.1888 -0.6640 0.7235
vn 0.1164 -0.8779 0.4645
vn -0.0000 -0.9974 -0.0718
vn -0.0000 -0.9979 0.0651
vn 0.4806 -0.8769 0.0102
vn 0.7472 -0.6642 0.0235
vn 0.1440 -0.6639 -0.7338
vn 0.0966 -0.8780 -0.4688
vn 0.0144 -0.9982 -0.0582
vn -0.0140 -0.9976 0.0683
vn 0.3073 -0.8770 -0.3694
vn -0.9553 -0.2648 -0.1315
vn 0.2928 -0.7702 0.5666
vn -0.4879 -0.7645 -0.4214
vn 0.3275 -0.2578 -0.9090
vn 0.2131 -0.4567 -0.8637
vn 0.5195 -0.7644 -0.3819
vn -0.1936 -0.4412 0.8763
vn -0.2507 -0.6579 0.7102
vn -0.2507 -0.6586 0.7095
vn -0.2562 -0.7642 0.5920
vn -0.1077 -0.2372 0.9655
vn 0.7039 -0.2621 0.6601
vn 0.4837 -0.6641 -0.5701
vn -0.1522 -0.9763 0.1536
vn -0.1712 -0.9757 0.1365
vn -0.2040 -0.9787 -0.0233
vn -0.2043 -0.9778 -0.0467
vn -0.1157 -0.9762 -0.1832
vn -0.0952 -0.9756 -0.1977
vn -0.0711 -0.9762 -0.2047
vn -0.1941 -0.9786 -0.0678
vn -0.0000 -0.9757 0.2191
vn -0.0251 -0.9763 0.2148
vn -0.1836 -0.9763 0.1142
vn 0.0001 -1.0000 -0.0000
vn 0.0001 -1.0000 -0.0004
vn 0.0002 -1.0000 -0.0000
vn 0.0002 -1.0000 -0.0005
vn 0.0004 -1.0000 -0.0000
vn 0.0003 -1.0000 0.0006
vn 0.0002 -1.0000 0.0005
vn 0.0029 -1.0000 -0.0000
vn 0.0012 -1.0000 0.0008
vn 0.0054 -1.0000 -0.0000
vn 0.0054 -1.0000 0.0012
vn 0.0012 -1.0000 -0.0008
vn 0.0003 -1.0000 -0.0006
vn 0.0001 -1.0000 0.0004
vn -0.0000 -1.0000 0.0004
vn 0.0054 -1.0000 -0.0012
vn 0.2160 -0.5986 0.7714
vn 0.2161 -0.5987 0.7712
vn -0.2135 -0.7582 0.6160
vn -0.1705 -0.7410 0.6495
vn -0.0054 -1.0000 -0.0012
vn -0.0012 -1.0000 -0.0008
vn -0.0029 -1.0000 -0.0000
vn -0.0054 -1.0000 -0.0000
vn 0.8671 -0.4236 -0.2623
vn 0.8770 -0.4250 -0.2243
vn 0.8767 -0.4404 0.1933
vn 0.8778 -0.4404 0.1885
vn -0.6789 -0.0607 0.7317
vn -0.5623 -0.0607 0.8247
vn 0.8593 -0.3360 0.3856
vn 0.8535 -0.2818 0.4384
vn 0.9081 -0.3341 0.2525
vn 0.9087 -0.3386 0.2442
vn 0.0941 -0.9762 0.1956
vn 0.1034 -0.9851 0.1377
vn 0.0970 -0.9859 0.1366
vn 0.0759 -0.9846 0.1576
vn 0.4363 -0.7413 -0.5099
vn 0.4604 -0.7587 -0.4608
vn 0.5016 -0.8646 -0.0304
vn 0.4972 -0.8672 -0.0277
vn -0.4324 -0.8992 -0.0668
vn -0.4329 -0.8990 -0.0657
vn -0.3363 -0.9156 -0.2204
vn -0.3403 -0.9154 -0.2148
vn 0.1268 -0.7413 -0.6591
vn 0.0733 -0.7587 -0.6473
vn 0.5294 -0.5983 -0.6015
vn 0.5294 -0.5981 -0.6017
vn -0.4331 -0.0607 0.8993
vn -0.2942 -0.0607 0.9538
vn -0.4375 -0.8645 0.2475
vn -0.4348 -0.8670 0.2434
vn 0.0861 -0.9939 -0.0688
vn 0.0402 -0.9957 -0.0834
vn 0.0361 -0.9965 -0.0751
vn 0.0687 -0.9960 -0.0570
vn 0.1248 -0.9906 0.0560
vn 0.1068 -0.9906 0.0851
vn 0.0667 -0.9964 0.0532
vn 0.0887 -0.9958 0.0224
vn -0.3837 -0.8713 0.3060
vn -0.4288 -0.8706 0.2411
vn -0.6505 -0.6685 0.3604
vn -0.5798 -0.6708 0.4624
vn 0.0509 -0.9931 -0.1056
vn 0.0084 -0.9916 -0.1288
vn 0.0001 -0.9939 -0.1102
vn -0.5710 -0.3374 0.7484
vn -0.6224 -0.2802 0.7308
vn -0.4509 -0.3317 0.8287
vn -0.4431 -0.3362 0.8310
vn 0.3193 -0.9001 0.2966
vn 0.4053 -0.8333 0.3760
vn -0.3253 -0.8555 -0.4028
vn -0.3225 -0.8557 -0.4048
vn -0.2231 -0.8577 -0.4633
vn 0.7883 -0.3959 -0.4711
vn 0.7737 -0.3875 -0.5013
vn -0.4662 -0.8558 0.2244
vn -0.4678 -0.8557 0.2214
vn 0.0635 -0.9916 0.1124
vn 0.0917 -0.9931 0.0731
vn 0.0736 -0.9956 0.0587
vn 0.0488 -0.9938 0.1001
vn 0.3801 -0.9154 0.1321
vn 0.3820 -0.9156 0.1255
vn 0.3214 -0.8990 0.2975
vn 0.3218 -0.8992 0.2964
vn -0.4331 -0.0604 -0.8993
vn -0.5623 -0.0604 -0.8247
vn 0.1237 -0.9916 0.0369
vn 0.1084 -0.9938 0.0253
vn -0.0282 -0.9859 -0.1651
vn -0.1121 -0.8555 -0.5054
vn -0.1153 -0.8557 -0.5045
vn 0.1697 -0.9762 -0.1353
vn 0.1112 -0.9851 -0.1315
vn 0.1115 -0.9859 -0.1250
vn 0.1367 -0.9846 -0.1090
vn 0.1143 -0.9931 -0.0261
vn 0.1059 -0.9916 -0.0737
vn 0.0862 -0.9939 -0.0683
vn 0.0904 -0.9957 -0.0205
vn 0.0416 -0.9958 0.0815
vn 0.9254 -0.3372 0.1728
vn 0.8592 -0.3958 0.3242
vn 0.8731 -0.3880 0.2951
vn 0.9284 -0.3327 0.1652
vn 0.9148 -0.3960 0.0799
vn 0.9147 -0.3886 0.1112
vn 0.1529 -0.9851 -0.0791
vn 0.1467 -0.9859 -0.0809
vn 0.0955 -0.9916 -0.0869
vn -0.9292 -0.0606 0.3647
vn -0.8644 -0.0607 0.4991
vn -0.3992 -0.9156 0.0482
vn -0.3980 -0.9157 0.0550
vn -0.4186 -0.8993 -0.1268
vn -0.4186 -0.8994 -0.1257
vn 0.4604 -0.8681 -0.1856
vn 0.4656 -0.8654 -0.1851
vn 0.6126 -0.7596 0.2184
vn 0.6120 -0.7423 0.2729
vn -0.0334 -0.3408 -0.9395
vn 0.1260 -0.3961 -0.9095
vn 0.0957 -0.3888 -0.9163
vn -0.0423 -0.3362 -0.9409
vn 0.1274 -0.9916 0.0205
vn 0.1076 -0.9939 0.0242
vn 0.0824 -0.9906 0.1092
vn -0.2882 -0.8672 -0.4061
vn -0.2889 -0.8646 -0.4112
vn 0.8865 -0.4250 -0.1832
vn 0.8938 -0.4236 -0.1471
vn 0.7032 -0.4400 -0.5585
vn 0.7027 -0.4400 -0.5591
vn 0.6984 -0.4257 0.5753
vn 0.6761 -0.4242 0.6024
vn 0.0592 -0.9906 -0.1230
vn 0.0873 -0.9906 -0.1050
vn 0.1813 -0.9085 -0.3765
vn 0.1590 -0.9000 -0.4058
vn 0.2020 -0.8333 -0.5146
vn 0.2394 -0.8340 -0.4971
vn 0.2182 -0.9000 -0.3773
vn 0.2764 -0.8333 -0.4788
vn 0.3441 -0.4237 -0.8379
vn 0.3770 -0.4251 -0.8229
vn 0.7182 -0.4256 0.5505
vn 0.7404 -0.4241 0.5215
vn -0.1150 -0.8557 0.5046
vn -0.1183 -0.8555 0.5040
vn -0.2257 -0.8541 0.4687
vn 0.1324 -0.9149 0.3815
vn 0.1386 -0.9150 0.3789
vn -0.0333 -0.8986 0.4375
vn -0.0322 -0.8988 0.4372
vn 0.1705 -0.9846 0.0389
vn 0.1673 -0.9859 0.0093
vn 0.1373 -0.9900 0.0313
vn 0.6337 -0.7645 0.1187
vn 0.7437 -0.6633 0.0829
vn 0.7432 -0.6639 0.0830
vn 0.1721 -0.9851 0.0051
vn -0.6328 -0.3960 -0.6653
vn -0.4090 -0.4251 -0.8074
vn -0.4417 -0.4237 -0.7908
vn -0.6573 -0.3886 -0.6457
vn -0.4558 -0.8706 -0.1849
vn -0.4267 -0.8780 -0.2167
vn -0.6636 -0.6639 -0.3449
vn -0.6877 -0.6683 -0.2837
vn 0.7115 -0.3364 -0.6170
vn 0.7075 -0.3320 -0.6240
vn -0.0215 -0.4253 0.9048
vn -0.2835 -0.3957 0.8735
vn -0.3160 -0.3875 0.8660
vn -0.0599 -0.4238 0.9038
vn 0.5087 -0.3961 0.7644
vn 0.3726 -0.3347 0.8655
vn 0.3640 -0.3289 0.8714
vn 0.4847 -0.3891 0.7834
vn -0.4067 -0.8541 -0.3243
vn -0.5010 -0.8579 -0.1144
vn -0.5173 -0.8558 0.0032
vn -0.5171 -0.8559 -0.0002
vn 0.0483 -0.9916 0.1197
vn 0.0478 -0.9938 0.1000
vn 0.4309 -0.9001 -0.0645
vn 0.4073 -0.9086 -0.0929
vn 0.5379 -0.8340 -0.1228
vn 0.5466 -0.8333 -0.0824
vn 0.0611 -0.9900 0.1269
vn 0.4922 -0.2651 -0.8291
vn 0.5381 -0.4544 -0.7098
vn 0.6048 -0.3365 -0.7218
vn 0.5768 -0.2820 -0.7667
vn -0.2186 -0.8996 -0.3780
vn -0.2197 -0.8994 -0.3778
vn -0.0365 -0.9191 -0.3924
vn -0.0443 -0.9188 -0.3923
vn -0.2906 -0.8779 0.3806
vn -0.3304 -0.8706 0.3644
vn -0.4964 -0.6683 0.5540
vn -0.4480 -0.6640 0.5987
vn -0.4650 -0.8557 -0.2271
vn -0.4663 -0.8558 -0.2240
vn -0.0335 -0.9851 -0.1689
vn 0.9590 -0.2821 -0.0266
vn 0.9414 -0.3366 0.0233
vn 0.3868 -0.4406 0.8101
vn 0.3847 -0.4406 0.8111
vn -0.6789 -0.0605 -0.7317
vn -0.7804 -0.0605 -0.6224
vn -0.7804 -0.0605 -0.6223
vn 0.0432 -0.9851 0.1667
vn 0.0463 -0.9859 0.1610
vn 0.1328 -0.9907 -0.0307
vn 0.1380 -0.9904 -0.0007
vn 0.0969 -0.9952 0.0148
vn 0.0929 -0.9954 -0.0215
vn -0.2044 -0.8771 -0.4347
vn -0.2049 -0.8771 -0.4345
vn 0.0232 -0.8792 -0.4759
vn 0.0284 -0.8798 -0.4744
vn -0.0002 -1.0000 0.0005
vn -0.0002 -1.0000 -0.0000
vn -0.0001 -1.0000 -0.0000
vn -0.0001 -1.0000 0.0004
vn 0.2879 -0.9158 -0.2800
vn 0.2923 -0.9160 -0.2749
vn 0.6695 -0.7423 0.0271
vn 0.6452 -0.7601 0.0774
vn 0.3317 -0.8644 0.3777
vn 0.3267 -0.8672 0.3757
vn -0.0101 -0.9976 0.0685
vn -0.0789 -0.8706 0.4855
vn -0.7804 -0.0607 0.6223
vn -0.1488 -0.0607 0.9870
vn -0.0000 -0.0608 0.9982
vn 0.2234 -0.8793 0.4205
vn 0.2273 -0.8799 0.4172
vn 0.1651 -0.8997 -0.4040
vn 0.1642 -0.8996 -0.4048
vn 0.5966 -0.6464 -0.4757
vn -0.1906 -0.8793 0.4364
vn -0.1856 -0.8799 0.4374
vn -0.9168 -0.2631 -0.3005
vn -0.8110 -0.4536 -0.3695
vn -0.8372 -0.3359 -0.4316
vn -0.8748 -0.2817 -0.3942
vn 0.5285 -0.6634 -0.5297
vn 0.5283 -0.6639 -0.5292
vn 0.7943 -0.4538 0.4039
vn 0.7065 -0.6628 0.2480
vn 0.7061 -0.6634 0.2476
vn 0.3311 -0.6464 0.6875
vn 0.0805 -0.9952 -0.0556
vn -0.0797 -0.8670 0.4919
vn -0.0782 -0.8645 0.4965
vn -0.2032 -0.9157 0.3466
vn -0.2092 -0.9156 0.3434
vn 0.1398 -0.8717 -0.4697
vn 0.1362 -0.8744 -0.4657
vn 0.7439 -0.6464 0.1698
vn 0.7377 -0.5988 0.3118
vn 0.7377 -0.5987 0.3121
vn -0.3577 -0.8995 0.2508
vn -0.3568 -0.8997 0.2515
vn -0.1488 -0.0604 -0.9870
vn -0.2942 -0.0604 -0.9538
vn 0.7053 -0.5969 -0.3823
vn 0.7055 -0.5968 -0.3822
vn 0.4677 -0.5996 0.6494
vn 0.4675 -0.5997 0.6495
vn 0.0312 -0.9974 0.0647
vn 0.0202 -0.9975 0.0677
vn -0.0206 -0.9976 -0.0660
vn -0.0282 -0.9979 -0.0586
vn -0.4784 -0.8713 -0.1092
vn -0.7230 -0.6708 -0.1650
vn -0.0472 -0.9976 0.0506
vn -0.0509 -0.9979 0.0406
vn 0.0403 -0.9975 0.0579
vn -0.0387 -0.9976 -0.0573
vn 0.1247 -0.9904 -0.0600
vn 0.1941 -0.9786 -0.0678
vn 0.2043 -0.9778 -0.0467
vn -0.0012 -1.0000 0.0008
vn -0.0054 -1.0000 0.0012
vn 0.2117 -0.9762 0.0481
vn 0.1157 -0.9762 -0.1832
vn 0.0952 -0.9756 -0.1977
vn 0.2040 -0.9787 -0.0233
vn -0.0000 -0.0604 -0.9982
vn -0.4704 -0.8771 -0.0972
vn -0.4702 -0.8771 -0.0984
vn -0.3634 -0.8793 -0.3078
vn -0.3595 -0.8799 -0.3108
vn -0.0123 -0.9982 0.0588
vn -0.1164 -0.8779 0.4645
vn 0.0700 -0.9974 0.0160
vn 0.0655 -0.9975 0.0264
vn -0.0645 -0.9976 -0.0251
vn -0.0634 -0.9979 -0.0145
vn -0.2129 -0.8713 -0.4421
vn -0.1396 -0.8706 -0.4717
vn -0.2069 -0.6683 -0.7145
vn -0.3218 -0.6708 -0.6682
vn -0.3764 -0.8772 0.2982
vn -0.3762 -0.8772 0.2984
vn -0.4682 -0.8793 0.0870
vn -0.4680 -0.8799 0.0818
vn 0.0622 -0.9976 0.0316
vn -0.0545 -0.9982 -0.0251
vn -0.2815 -0.8707 -0.4033
vn -0.4295 -0.6684 -0.6073
vn -0.4911 -0.8706 -0.0311
vn -0.7425 -0.6685 -0.0424
vn -0.1237 -0.6683 0.7335
vn 0.4018 -0.7409 0.5382
vn 0.3491 -0.7581 0.5509
vn -0.9292 -0.0605 -0.3647
vn -0.9731 -0.0605 -0.2221
vn 0.1404 -0.5981 -0.7891
vn 0.1402 -0.5982 -0.7890
vn 0.5932 -0.7453 -0.3045
vn 0.5458 -0.7652 -0.3415
vn 0.8007 -0.5978 0.0388
vn 0.8008 -0.5977 0.0385
vn 0.0339 -0.9906 0.1328
vn 0.0251 -0.9763 0.2148
vn -0.0000 -0.6464 -0.7630
vn -0.3833 -0.8793 -0.2828
vn -0.3854 -0.8798 -0.2782
vn 0.1547 -0.9859 0.0642
vn -0.0383 -0.9982 0.0463
vn -0.9954 -0.0606 -0.0746
vn -0.9954 -0.0606 0.0746
vn -0.0600 -0.9976 0.0349
vn -0.0539 -0.9982 0.0273
vn -0.4362 -0.8776 0.1989
vn -0.4553 -0.8799 0.1360
vn -0.4580 -0.8792 0.1312
vn 0.4163 -0.9001 -0.1287
vn -0.0693 -0.9976 -0.0055
vn 0.1712 -0.9757 0.1365
vn 0.1836 -0.9763 0.1142
vn -0.0000 -0.8771 0.4802
vn 0.0112 -0.9975 -0.0697
vn 0.0170 -0.9976 -0.0677
vn -0.0000 0.8348 0.5506
vn -0.0366 -0.9982 -0.0479
vn 0.0447 -0.9976 0.0534
vn 0.1573 -0.9851 0.0703
vn 0.0615 -0.9975 -0.0347
vn 0.0635 -0.9976 -0.0289
vn -0.9731 -0.0606 0.2221
vn 0.0328 -0.9000 0.4346
vn 0.0377 -0.9959 0.0827
vn 0.1522 -0.9763 0.1536
vn 0.0711 -0.9762 -0.2047
vn -0.8644 -0.0605 -0.4991
vn -0.0252 -0.7645 -0.6441
vn -0.0861 -0.6647 -0.7421
vn -0.0863 -0.6644 -0.7424
vn 0.9731 -0.0606 0.2221
vn 0.9292 -0.0606 0.3647
vn 0.7804 -0.0605 -0.6223
vn 0.8644 -0.0605 -0.4991
vn 0.7804 -0.0605 -0.6224
vn 0.1488 -0.0604 -0.9870
vn 0.6789 -0.0605 -0.7317
vn 0.4553 -0.8799 0.1360
vn 0.4704 -0.8771 -0.0972
vn 0.4702 -0.8771 -0.0984
vn 0.4580 -0.8792 0.1312
vn 0.3595 -0.8799 -0.3108
vn 0.3634 -0.8793 -0.3078
vn 0.3764 -0.8772 0.2982
vn 0.4680 -0.8799 0.0818
vn 0.4682 -0.8793 0.0870
vn 0.3762 -0.8772 0.2984
vn 0.1856 -0.8799 0.4374
vn 0.1906 -0.8793 0.4364
vn 0.3854 -0.8798 -0.2782
vn 0.2044 -0.8771 -0.4347
vn 0.2049 -0.8771 -0.4345
vn 0.3833 -0.8793 -0.2828
vn -0.0284 -0.8798 -0.4744
vn -0.0232 -0.8792 -0.4759
vn -0.2273 -0.8799 0.4172
vn -0.2234 -0.8793 0.4205
vn 0.4324 -0.8992 -0.0668
vn 0.4329 -0.8990 -0.0657
vn 0.0322 -0.8988 0.4372
vn 0.0333 -0.8986 0.4375
vn 0.2186 -0.8996 -0.3780
vn 0.2197 -0.8994 -0.3778
vn 0.3568 -0.8997 0.2515
vn 0.3577 -0.8995 0.2508
vn 0.4186 -0.8994 -0.1257
vn 0.4186 -0.8993 -0.1268
vn -0.1651 -0.8997 -0.4040
vn -0.1642 -0.8996 -0.4048
vn -0.3218 -0.8992 0.2964
vn -0.3214 -0.8990 0.2975
vn 0.4348 -0.8670 0.2434
vn 0.3992 -0.9156 0.0482
vn 0.3980 -0.9157 0.0550
vn 0.4375 -0.8645 0.2475
vn 0.0797 -0.8670 0.4919
vn 0.2092 -0.9156 0.3434
vn 0.2032 -0.9157 0.3466
vn 0.0782 -0.8645 0.4965
vn -0.4018 -0.7409 0.5382
vn -0.3491 -0.7581 0.5509
vn -0.2879 -0.9158 -0.2800
vn -0.4604 -0.8681 -0.1856
vn -0.4656 -0.8654 -0.1851
vn -0.2923 -0.9160 -0.2749
vn -0.3267 -0.8672 0.3757
vn -0.1324 -0.9149 0.3815
vn -0.1386 -0.9150 0.3789
vn -0.3317 -0.8644 0.3777
vn 0.0443 -0.9188 -0.3923
vn -0.1362 -0.8744 -0.4657
vn -0.1398 -0.8717 -0.4697
vn 0.0365 -0.9191 -0.3924
vn -0.4972 -0.8672 -0.0277
vn -0.3801 -0.9154 0.1321
vn -0.3820 -0.9156 0.1255
vn -0.5016 -0.8646 -0.0304
vn 0.3403 -0.9154 -0.2148
vn 0.2882 -0.8672 -0.4061
vn 0.2889 -0.8646 -0.4112
vn 0.3363 -0.9156 -0.2204
vn 0.2942 -0.0607 0.9538
vn 0.1488 -0.0607 0.9870
vn 0.9954 -0.0606 -0.0746
vn 0.9954 -0.0606 0.0746
vn 0.9731 -0.0605 -0.2221
vn 0.9292 -0.0605 -0.3647
vn -0.8008 -0.5977 0.0385
vn -0.7439 -0.6464 0.1698
vn -0.8007 -0.5978 0.0388
vn -0.7377 -0.5987 0.3121
vn -0.7377 -0.5988 0.3118
vn 0.4331 -0.0604 -0.8993
vn 0.5623 -0.0604 -0.8247
vn 0.2942 -0.0604 -0.9538
vn -0.4677 -0.5996 0.6494
vn -0.3311 -0.6464 0.6875
vn -0.4675 -0.5997 0.6495
vn -0.2160 -0.5986 0.7714
vn -0.2161 -0.5987 0.7712
vn -0.1404 -0.5981 -0.7891
vn -0.1402 -0.5982 -0.7890
vn -0.5294 -0.5981 -0.6017
vn -0.5966 -0.6464 -0.4757
vn -0.5294 -0.5983 -0.6015
vn -0.7055 -0.5968 -0.3822
vn -0.7053 -0.5969 -0.3823
vn 0.6789 -0.0607 0.7317
vn 0.5623 -0.0607 0.8247
vn 0.7804 -0.0607 0.6223
vn 0.8644 -0.0607 0.4991
vn -0.5932 -0.7453 -0.3045
vn -0.5458 -0.7652 -0.3415
vn -0.6695 -0.7423 0.0271
vn -0.6452 -0.7601 0.0774
vn -0.6120 -0.7423 0.2729
vn -0.6126 -0.7596 0.2184
vn 0.1705 -0.7410 0.6495
vn 0.2135 -0.7582 0.6160
vn -0.4363 -0.7413 -0.5099
vn -0.4604 -0.7587 -0.4608
vn -0.1268 -0.7413 -0.6591
vn -0.0733 -0.7587 -0.6473
vn 0.4331 -0.0607 0.8993
vn 0.0277 -0.9906 -0.1337
vn 0.0017 -0.9960 -0.0892
vn 0.5282 -0.8333 -0.1629
vn -0.5069 -0.8542 0.1157
vn 0.2367 -0.3170 0.9184
vn 0.1944 -0.2615 0.9454
vn 0.6224 -0.7645 0.1680
vn 0.1101 -0.9900 -0.0878
vn 0.4879 -0.7645 -0.4214
vn -0.6338 -0.6633 -0.3978
vn -0.5195 -0.7644 -0.3819
vn -0.6344 -0.6627 -0.3979
vn 0.0561 -0.9974 -0.0448
vn -0.1888 -0.6640 0.7235
vn -0.0003 -1.0000 -0.0006
vn -0.0002 -1.0000 -0.0005
vn -0.0004 -1.0000 -0.0000
vn -0.0966 -0.8780 -0.4688
vn -0.1440 -0.6639 -0.7338
vn -0.3073 -0.8770 -0.3694
vn 0.0423 -0.9976 -0.0555
vn 0.0475 -0.9975 -0.0522
vn -0.4806 -0.8769 0.0102
vn -0.7472 -0.6642 0.0235
vn 0.1936 -0.4412 0.8763
vn 0.1077 -0.2372 0.9655
vn -0.4837 -0.6641 -0.5701
vn -0.5743 -0.4595 0.6775
vn -0.7039 -0.2621 0.6601
vn 0.2562 -0.7642 0.5920
vn 0.2507 -0.6579 0.7102
vn 0.2507 -0.6586 0.7095
vn -0.0613 -0.9981 -0.0012
vn -0.2325 -0.2798 -0.9315
vn -0.1797 -0.3336 -0.9254
vn -0.0003 -1.0000 0.0006
vn -0.2928 -0.7702 0.5666
vn -0.3939 -0.6712 0.6280
vn -0.3935 -0.6716 0.6278
vn 0.0140 -0.9976 0.0683
vn -0.0144 -0.9982 -0.0582
vn 0.0705 -0.9975 0.0046
vn -0.0001 -1.0000 -0.0004
vn 0.0697 -0.9976 -0.0015
vn -0.6832 -0.6643 0.3032
vn -0.7576 -0.3386 -0.5581
vn -0.7637 -0.3341 -0.5524
vn 0.9553 -0.2648 -0.1315
vn 0.8905 -0.4544 -0.0215
vn -0.3275 -0.2578 -0.9090
vn -0.2131 -0.4567 -0.8637
vn 0.8062 -0.2632 0.5298
vn 0.0413 -0.8334 0.5512
vt 0.870336 0.742529
vt 0.893070 0.709917
vt 0.899218 0.712785
vt 0.875549 0.746732
vt 0.656464 0.844157
vt 0.696139 0.841599
vt 0.697731 0.848194
vt 0.656429 0.850854
vt 0.614374 0.660449
vt 0.607421 0.674696
vt 0.589942 0.663469
vt 0.596601 0.649158
vt 0.911302 0.846366
vt 0.911302 0.814439
vt 0.938265 0.821163
vt 0.936916 0.848391
vt 0.717888 0.448336
vt 0.677415 0.428398
vt 0.697812 0.401109
vt 0.733285 0.416772
vt 0.924187 0.511970
vt 0.912873 0.473878
vt 0.918946 0.470860
vt 0.930720 0.510515
vt 0.005859 0.892181
vt 0.005859 0.860486
vt 0.032861 0.867213
vt 0.031328 0.894468
vt 0.470655 0.859861
vt 0.471646 0.887400
vt 0.439694 0.885369
vt 0.437717 0.859861
vt 0.699432 0.901857
vt 0.731144 0.901857
vt 0.733526 0.927246
vt 0.706105 0.928897
vt 0.777562 0.326039
vt 0.740707 0.311134
vt 0.742134 0.304502
vt 0.780499 0.320021
vt 0.811990 0.345916
vt 0.816340 0.340710
vt 0.930106 0.551264
vt 0.936885 0.551419
vt 0.843293 0.771668
vt 0.847400 0.777067
vt 0.736482 0.153570
vt 0.723229 0.174350
vt 0.695846 0.152205
vt 0.704237 0.139139
vt 0.705652 0.191558
vt 0.684851 0.163101
vt 0.743735 0.085949
vt 0.746509 0.110451
vt 0.711226 0.109246
vt 0.709496 0.093747
vt 0.700477 0.660900
vt 0.718372 0.649799
vt 0.724879 0.664179
vt 0.707282 0.675221
vt 0.663996 0.008191
vt 0.687058 0.016063
vt 0.672101 0.047727
vt 0.657491 0.042712
vt 0.707808 0.028836
vt 0.685270 0.055676
vt 0.748242 0.499992
vt 0.759127 0.517693
vt 0.746915 0.527700
vt 0.735796 0.509814
vt 0.642137 0.040929
vt 0.642137 0.005883
vt 0.743848 0.132549
vt 0.709530 0.124531
vt 0.911302 0.804580
vt 0.939308 0.808211
vt 0.005859 0.850625
vt 0.033903 0.854235
vt 0.660356 0.901857
vt 0.670222 0.901857
vt 0.666120 0.929896
vt 0.653071 0.928739
vt 0.735490 0.062834
vt 0.704478 0.079206
vt 0.394905 0.859861
vt 0.404767 0.859861
vt 0.411983 0.886727
vt 0.398853 0.887861
vt 0.772300 0.576833
vt 0.769830 0.546347
vt 0.791351 0.541553
vt 0.801404 0.585561
vt 0.733558 0.485298
vt 0.708185 0.468223
vt 0.758511 0.467967
vt 0.686712 0.203040
vt 0.671709 0.171267
vt 0.696287 0.066305
vt 0.723466 0.044315
vt 0.763530 0.487924
vt 0.771813 0.494065
vt 0.763039 0.500866
vt 0.755627 0.494163
vt 0.657294 0.685947
vt 0.687607 0.681887
vt 0.702296 0.708482
vt 0.657178 0.708075
vt 0.747174 0.643246
vt 0.762899 0.617018
vt 0.792846 0.622118
vt 0.764400 0.657133
vt 0.781777 0.497438
vt 0.679112 0.458731
vt 0.658493 0.456202
vt 0.679321 0.474514
vt 0.658411 0.472055
vt 0.506155 0.344328
vt 0.501860 0.339077
vt 0.537914 0.318761
vt 0.540787 0.324810
vt 0.769955 0.597480
vt 0.747468 0.613711
vt 0.754513 0.593868
vt 0.736217 0.692366
vt 0.665838 0.210231
vt 0.657070 0.176200
vt 0.005858 0.756345
vt 0.033494 0.754978
vt 0.031478 0.787466
vt 0.005859 0.789493
vt 0.815752 0.648778
vt 0.792639 0.679890
vt 0.689566 0.901857
vt 0.692979 0.929923
vt 0.762923 0.901857
vt 0.765024 0.928506
vt 0.720989 0.494846
vt 0.756998 0.572954
vt 0.767460 0.435093
vt 0.365706 0.859861
vt 0.375569 0.859861
vt 0.371972 0.887868
vt 0.358826 0.886796
vt 0.627395 0.901857
vt 0.625407 0.927376
vt 0.593440 0.929408
vt 0.594442 0.901857
vt 0.858929 0.526171
vt 0.865320 0.563931
vt 0.832420 0.572082
vt 0.826142 0.533477
vt 0.749200 0.384150
vt 0.781181 0.402488
vt 0.679894 0.901857
vt 0.679501 0.929878
vt 0.005859 0.831290
vt 0.033891 0.827629
vt 0.033860 0.840920
vt 0.005859 0.840957
vt 0.385237 0.859861
vt 0.385431 0.887828
vt 0.911302 0.794915
vt 0.939269 0.794915
vt 0.005859 0.821429
vt 0.032833 0.814686
vt 0.754506 0.549760
vt 0.701301 0.482331
vt 0.657377 0.670248
vt 0.680571 0.667759
vt 0.734954 0.633395
vt 0.782983 0.590408
vt 0.779116 0.599624
vt 0.720934 0.680993
vt 0.711320 0.683718
vt 0.658595 0.436724
vt 0.668563 0.434081
vt 0.668404 0.445181
vt 0.658542 0.446794
vt 0.767140 0.709081
vt 0.333277 0.859861
vt 0.331278 0.885423
vt 0.298895 0.887436
vt 0.299975 0.859861
vt 0.848806 0.490828
vt 0.815578 0.496464
vt 0.715065 0.370227
vt 0.032757 0.926032
vt 0.005859 0.923763
vt 0.938933 0.880872
vt 0.911302 0.879507
vt 0.657001 0.109421
vt 0.641727 0.177828
vt 0.641809 0.109389
vt 0.841892 0.672278
vt 0.820787 0.702575
vt 0.261431 0.859861
vt 0.273661 0.875601
vt 0.260548 0.869585
vt 0.795649 0.729640
vt 0.496765 0.875663
vt 0.509032 0.859861
vt 0.509859 0.869767
vt 0.556051 0.901857
vt 0.568302 0.917589
vt 0.555173 0.911584
vt 0.940298 0.894087
vt 0.927086 0.906487
vt 0.021647 0.729357
vt 0.034863 0.741759
vt 0.234274 0.862080
vt 0.240322 0.859861
vt 0.580722 0.930756
vt 0.005858 0.717141
vt 0.015590 0.716247
vt 0.911302 0.918702
vt 0.921031 0.919595
vt 0.008074 0.689986
vt 0.005858 0.696034
vt 0.008110 0.991887
vt 0.005860 0.985836
vt 0.005860 0.964729
vt 0.015515 0.965526
vt 0.693638 0.777932
vt 0.656799 0.780297
vt 0.656990 0.743760
vt 0.695743 0.742455
vt 0.759479 0.478442
vt 0.750828 0.485398
vt 0.725789 0.690977
vt 0.715641 0.692814
vt 0.793813 0.592843
vt 0.788920 0.601918
vt 0.707807 0.699521
vt 0.703134 0.689450
vt 0.789277 0.612223
vt 0.778492 0.609596
vt 0.990804 0.252918
vt 0.990804 0.280723
vt 0.962774 0.280723
vt 0.962774 0.252918
vt 0.966750 0.107416
vt 0.966750 0.135574
vt 0.938963 0.135574
vt 0.938963 0.107416
vt 0.859588 0.194504
vt 0.887747 0.194504
vt 0.887747 0.212578
vt 0.859588 0.212578
vt 0.107416 0.109999
vt 0.135573 0.109999
vt 0.135573 0.137785
vt 0.107416 0.137785
vt 0.924721 0.034019
vt 0.924721 0.070717
vt 0.906647 0.070717
vt 0.906647 0.034018
vt 0.924721 0.107416
vt 0.906647 0.107416
vt 0.961146 0.152474
vt 0.989305 0.152474
vt 0.989305 0.180261
vt 0.961146 0.180261
vt 0.962774 0.238688
vt 0.926079 0.238688
vt 0.926079 0.220625
vt 0.962774 0.220625
vt 0.889384 0.238688
vt 0.889384 0.220625
vt 0.070718 0.152028
vt 0.107416 0.152028
vt 0.107416 0.170101
vt 0.070718 0.170101
vt 0.924446 0.194504
vt 0.924446 0.212578
vt 0.961146 0.194504
vt 0.961146 0.212578
vt 0.926079 0.280723
vt 0.889384 0.280723
vt 0.889384 0.252917
vt 0.926079 0.252918
vt 0.924721 0.135573
vt 0.906647 0.135574
vt 0.966750 0.070717
vt 0.938963 0.070717
vt 0.966749 0.034018
vt 0.938963 0.034019
vt 0.966749 0.005861
vt 0.938963 0.005861
vt 0.989305 0.194504
vt 0.989305 0.212578
vt 0.924446 0.152474
vt 0.924446 0.180261
vt 0.887747 0.152474
vt 0.887747 0.180261
vt 0.859588 0.152474
vt 0.859588 0.180261
vt 0.135574 0.152028
vt 0.135573 0.170101
vt 0.070718 0.109999
vt 0.070718 0.137785
vt 0.924721 0.005861
vt 0.906648 0.005861
vt 0.861229 0.238688
vt 0.861229 0.220624
vt 0.861229 0.280723
vt 0.861229 0.252918
vt 0.990804 0.238688
vt 0.286071 0.888783
vt 0.536188 0.862082
vt 0.530141 0.859861
vt 0.528883 0.904078
vt 0.534935 0.901857
vt 0.034238 0.940103
vt 0.021185 0.952429
vt 0.913517 0.945851
vt 0.911302 0.939805
vt 0.791296 0.916947
vt 0.803666 0.901857
vt 0.804410 0.911481
vt 0.830841 0.904127
vt 0.824783 0.901858
vt 0.779042 0.929966
vt 0.484356 0.888763
vt 0.990804 0.220625
vt 0.852813 0.728404
vt 0.826242 0.756908
vt 0.902225 0.516861
vt 0.907944 0.555391
vt 0.767692 0.346266
vt 0.801396 0.365825
vt 0.731534 0.331736
vt 0.891054 0.479544
vt 0.695466 0.819054
vt 0.656582 0.821650
vt 0.875027 0.696389
vt 0.672182 0.109444
vt 0.685175 0.109452
vt 0.696077 0.109442
vt 0.704329 0.109385
vt 0.536374 0.401215
vt 0.516541 0.364346
vt 0.550446 0.345138
vt 0.568543 0.383211
vt 0.598877 0.692201
vt 0.603295 0.683151
vt 0.611420 0.688968
vt 0.606641 0.698989
vt 0.543439 0.575631
vt 0.514246 0.584052
vt 0.524760 0.540155
vt 0.546229 0.545173
vt 0.534795 0.496147
vt 0.557229 0.516635
vt 0.911302 0.775390
vt 0.938264 0.768667
vt 0.939308 0.781618
vt 0.911302 0.785249
vt 0.887846 0.321823
vt 0.887846 0.307595
vt 0.924537 0.307595
vt 0.924537 0.321823
vt 0.548901 0.063301
vt 0.579975 0.079735
vt 0.574856 0.094316
vt 0.540714 0.086406
vt 0.626600 0.109361
vt 0.626430 0.176026
vt 0.579723 0.139466
vt 0.579968 0.109415
vt 0.588213 0.109351
vt 0.587917 0.152273
vt 0.414159 0.514301
vt 0.392253 0.509180
vt 0.403966 0.471212
vt 0.425722 0.477107
vt 0.457352 0.524066
vt 0.467846 0.488833
vt 0.617727 0.818647
vt 0.619986 0.777545
vt 0.599116 0.109327
vt 0.612129 0.109337
vt 0.611835 0.171053
vt 0.598784 0.162976
vt 0.385922 0.548406
vt 0.379142 0.548490
vt 0.385736 0.507657
vt 0.578076 0.191097
vt 0.596741 0.202581
vt 0.558782 0.571913
vt 0.561514 0.548746
vt 0.911302 0.671128
vt 0.921031 0.670235
vt 0.927086 0.683343
vt 0.911302 0.710322
vt 0.443670 0.740287
vt 0.438413 0.744435
vt 0.415101 0.710242
vt 0.421279 0.707439
vt 0.626829 0.042635
vt 0.620265 0.008186
vt 0.583132 0.484511
vt 0.558364 0.466924
vt 0.599185 0.447717
vt 0.608680 0.467702
vt 0.568299 0.499052
vt 0.580643 0.509005
vt 0.569334 0.526769
vt 0.611657 0.861857
vt 0.644598 0.861857
vt 0.642621 0.887368
vt 0.610667 0.889399
vt 0.615157 0.847761
vt 0.616817 0.841182
vt 0.979281 0.846195
vt 0.953809 0.848483
vt 0.952276 0.821225
vt 0.979281 0.814498
vt 0.547780 0.153515
vt 0.560783 0.174054
vt 0.408037 0.552766
vt 0.241759 0.694879
vt 0.241759 0.680637
vt 0.269916 0.680637
vt 0.269916 0.694879
vt 0.483376 0.570248
vt 0.490058 0.531714
vt 0.470405 0.769709
vt 0.466242 0.775064
vt 0.348410 0.899855
vt 0.341737 0.926896
vt 0.314315 0.925245
vt 0.316697 0.899855
vt 0.358276 0.899855
vt 0.354862 0.927922
vt 0.284917 0.899855
vt 0.282817 0.926505
vt 0.584118 0.415996
vt 0.549755 0.433961
vt 0.979281 0.785299
vt 0.951246 0.781637
vt 0.952305 0.768694
vt 0.979281 0.775436
vt 0.696888 0.889827
vt 0.683466 0.889859
vt 0.687413 0.861857
vt 0.697082 0.861857
vt 0.593710 0.680325
vt 0.487610 0.755128
vt 0.461339 0.726348
vt 0.588199 0.066651
vt 0.599194 0.055812
vt 0.911302 0.743463
vt 0.936916 0.741438
vt 0.573079 0.109528
vt 0.537982 0.110734
vt 0.595600 0.494186
vt 0.615415 0.481881
vt 0.637473 0.474295
vt 0.637849 0.458516
vt 0.639863 0.428201
vt 0.567867 0.642303
vt 0.550497 0.656008
vt 0.522419 0.620696
vt 0.552418 0.615911
vt 0.979281 0.710346
vt 0.979281 0.743498
vt 0.953659 0.741470
vt 0.951643 0.708979
vt 0.397925 0.468131
vt 0.522020 0.678467
vt 0.499234 0.647114
vt 0.545567 0.596300
vt 0.561045 0.592851
vt 0.567883 0.612764
vt 0.560850 0.044678
vt 0.387486 0.899855
vt 0.394772 0.926738
vt 0.381723 0.927895
vt 0.377620 0.899855
vt 0.677551 0.861857
vt 0.670335 0.888725
vt 0.420449 0.899854
vt 0.422437 0.925375
vt 0.501009 0.494818
vt 0.619751 0.400702
vt 0.574666 0.125005
vt 0.540564 0.132692
vt 0.618254 0.742048
vt 0.979281 0.794967
vt 0.951278 0.794929
vt 0.576436 0.303642
vt 0.577794 0.310289
vt 0.602820 0.369643
vt 0.586752 0.330985
vt 0.617399 0.209933
vt 0.820898 0.861857
vt 0.821781 0.871582
vt 0.808666 0.877598
vt 0.782350 0.861857
vt 0.612301 0.047699
vt 0.597201 0.016129
vt 0.648698 0.445078
vt 0.648655 0.433977
vt 0.576470 0.029051
vt 0.368342 0.927877
vt 0.367948 0.899855
vt 0.578308 0.691536
vt 0.783638 0.238863
vt 0.783638 0.256937
vt 0.746940 0.256937
vt 0.746940 0.238863
vt 0.547210 0.707926
vt 0.612057 0.708008
vt 0.627025 0.681568
vt 0.241759 0.722664
vt 0.269916 0.722664
vt 0.526556 0.600539
vt 0.536384 0.598348
vt 0.536904 0.608326
vt 0.526091 0.610839
vt 0.546120 0.864079
vt 0.552167 0.861858
vt 0.573277 0.861858
vt 0.572451 0.871765
vt 0.306614 0.694879
vt 0.306614 0.680637
vt 0.343312 0.680637
vt 0.343312 0.694879
vt 0.783638 0.224620
vt 0.746940 0.224620
vt 0.979281 0.918751
vt 0.969624 0.919548
vt 0.963954 0.906449
vt 0.979281 0.877779
vt 0.961228 0.307595
vt 0.961228 0.289533
vt 0.989381 0.289534
vt 0.989381 0.307595
vt 0.034020 0.152028
vt 0.034020 0.137785
vt 0.553138 0.486825
vt 0.560975 0.493146
vt 0.553494 0.499771
vt 0.544792 0.492880
vt 0.820336 0.196835
vt 0.820336 0.224621
vt 0.783638 0.196835
vt 0.580191 0.632579
vt 0.911302 0.650025
vt 0.913517 0.643979
vt 0.634210 0.667513
vt 0.371469 0.680637
vt 0.371468 0.694879
vt 0.710349 0.889866
vt 0.706752 0.861857
vt 0.979281 0.804636
vt 0.951235 0.808245
vt 0.859819 0.307595
vt 0.859819 0.321823
vt 0.950900 0.894122
vt 0.952381 0.880049
vt 0.961228 0.321823
vt 0.989381 0.321823
vt 0.439464 0.694100
vt 0.749046 0.861857
vt 0.783431 0.889434
vt 0.751045 0.887421
vt 0.450566 0.561752
vt 0.718783 0.238863
vt 0.718783 0.224621
vt 0.977066 0.643982
vt 0.979281 0.650030
vt 0.979281 0.671138
vt 0.969549 0.670245
vt 0.491794 0.899854
vt 0.492671 0.909583
vt 0.479543 0.915587
vt 0.453403 0.899854
vt 0.977030 0.945911
vt 0.979281 0.939859
vt 0.565864 0.484433
vt 0.557287 0.477387
vt 0.269916 0.662564
vt 0.306614 0.662564
vt 0.746940 0.196835
vt 0.718783 0.196835
vt 0.820336 0.238863
vt 0.820336 0.256937
vt 0.887846 0.349626
vt 0.924537 0.349626
vt 0.848057 0.864076
vt 0.842008 0.861857
vt 0.343311 0.662564
vt 0.371469 0.662564
vt 0.938933 0.708957
vt 0.472850 0.670339
vt 0.493635 0.700855
vt 0.963491 0.683356
vt 0.950274 0.695760
vt 0.521759 0.591413
vt 0.532615 0.589093
vt 0.585546 0.877660
vt 0.716614 0.861857
vt 0.723496 0.888793
vt 0.518963 0.902076
vt 0.512911 0.899854
vt 0.467123 0.928754
vt 0.454405 0.927407
vt 0.796256 0.890780
vt 0.597955 0.890761
vt 0.848493 0.224621
vt 0.848493 0.238863
vt 0.034020 0.109999
vt 0.256543 0.914945
vt 0.243429 0.909479
vt 0.244173 0.899855
vt 0.241759 0.662564
vt 0.306614 0.722664
vt 0.216998 0.902125
vt 0.223055 0.899855
vt 0.343311 0.722664
vt 0.588749 0.690257
vt 0.961228 0.349626
vt 0.887846 0.289533
vt 0.924537 0.289533
vt 0.848493 0.256937
vt 0.848493 0.196835
vt 0.718783 0.256937
vt 0.518487 0.728184
vt 0.500499 0.443655
vt 0.519572 0.415740
vt 0.531017 0.414881
vt 0.507721 0.449301
vt 0.034020 0.170101
vt 0.005862 0.170101
vt 0.005862 0.152028
vt 0.989381 0.349626
vt 0.940298 0.695743
vt 0.005862 0.137785
vt 0.005862 0.109999
vt 0.859819 0.349626
vt 0.859819 0.289533
vt 0.268798 0.927965
vt 0.371468 0.722664
vt 0.075226 0.446811
vt 0.068090 0.452578
vt 0.044221 0.418511
vt 0.055689 0.419185
vt 0.288586 0.547957
vt 0.288652 0.557138
vt 0.247105 0.554581
vt 0.254782 0.546025
vt 0.339629 0.233016
vt 0.328689 0.222281
vt 0.352411 0.195172
vt 0.367647 0.210401
vt 0.005903 0.366079
vt 0.028038 0.363932
vt 0.029912 0.391454
vt 0.005902 0.398843
vt 0.226320 0.152965
vt 0.210725 0.121213
vt 0.243538 0.107296
vt 0.264774 0.134914
vt 0.021270 0.217519
vt 0.012319 0.215563
vt 0.023953 0.175685
vt 0.030590 0.185039
vt 0.187475 0.810987
vt 0.165456 0.813419
vt 0.163434 0.785887
vt 0.187475 0.778500
vt 0.585673 0.265809
vt 0.619224 0.265809
vt 0.617128 0.287855
vt 0.584621 0.289734
vt 0.408112 0.848562
vt 0.415439 0.824499
vt 0.443148 0.826670
vt 0.440625 0.848562
vt 0.166752 0.031747
vt 0.162704 0.023512
vt 0.201214 0.007765
vt 0.198021 0.018800
vt 0.137400 0.048593
vt 0.126712 0.044381
vt 0.016186 0.250926
vt 0.006250 0.256659
vt 0.098181 0.471750
vt 0.096396 0.483058
vt 0.287418 0.380049
vt 0.262407 0.377328
vt 0.272016 0.342625
vt 0.287238 0.344210
vt 0.182463 0.278370
vt 0.185009 0.253363
vt 0.219977 0.261054
vt 0.218446 0.276244
vt 0.219578 0.195956
vt 0.240735 0.182386
vt 0.256447 0.214545
vt 0.243584 0.222714
vt 0.193168 0.229599
vt 0.224853 0.246605
vt 0.264432 0.173979
vt 0.270832 0.209385
vt 0.204569 0.211360
vt 0.232863 0.233585
vt 0.223706 0.358960
vt 0.205770 0.341304
vt 0.233725 0.318765
vt 0.244543 0.329574
vt 0.031356 0.405172
vt 0.005902 0.409522
vt 0.161988 0.772136
vt 0.187475 0.767817
vt 0.364491 0.848562
vt 0.356594 0.824591
vt 0.370364 0.823070
vt 0.375161 0.848562
vt 0.192292 0.320051
vt 0.225429 0.305879
vt 0.663682 0.265809
vt 0.659043 0.291277
vt 0.645177 0.289769
vt 0.653011 0.265809
vt 0.144688 0.287912
vt 0.153024 0.246331
vt 0.188559 0.172362
vt 0.220208 0.291460
vt 0.185147 0.299731
vt 0.182914 0.194345
vt 0.189101 0.199220
vt 0.181483 0.206081
vt 0.173578 0.201513
vt 0.287622 0.412828
vt 0.245126 0.412380
vt 0.180259 0.361903
vt 0.154119 0.328425
vt 0.162814 0.205039
vt 0.285825 0.171557
vt 0.286033 0.207552
vt 0.207518 0.394476
vt 0.242071 0.370219
vt 0.257511 0.337687
vt 0.187475 0.668352
vt 0.187475 0.702107
vt 0.165333 0.699958
vt 0.163448 0.666937
vt 0.151841 0.384869
vt 0.131066 0.355956
vt 0.397421 0.848562
vt 0.401546 0.823064
vt 0.472992 0.848562
vt 0.475122 0.825602
vt 0.179667 0.138685
vt 0.696619 0.265809
vt 0.704152 0.289807
vt 0.690249 0.291273
vt 0.685938 0.265809
vt 0.330696 0.848562
vt 0.297142 0.848562
vt 0.296091 0.824616
vt 0.328596 0.826506
vt 0.085350 0.231198
vt 0.118107 0.238364
vt 0.113120 0.273974
vt 0.079789 0.265601
vt 0.194748 0.088697
vt 0.165748 0.105611
vt 0.385866 0.822879
vt 0.386286 0.848562
vt 0.187475 0.745562
vt 0.187475 0.756689
vt 0.161809 0.756637
vt 0.162000 0.741176
vt 0.674609 0.291457
vt 0.674807 0.265809
vt 0.031539 0.420646
vt 0.005902 0.420646
vt 0.163455 0.727473
vt 0.187475 0.734883
vt 0.161998 0.294812
vt 0.165998 0.304244
vt 0.223754 0.385242
vt 0.233632 0.388006
vt 0.285665 0.143989
vt 0.285706 0.151875
vt 0.275585 0.150183
vt 0.274235 0.141146
vt 0.175758 0.411244
vt 0.729882 0.265809
vt 0.763789 0.265809
vt 0.764917 0.289774
vt 0.732003 0.287894
vt 0.094580 0.199077
vt 0.128327 0.204516
vt 0.225858 0.076070
vt 0.187475 0.843177
vt 0.164191 0.845491
vt 0.005902 0.332335
vt 0.029924 0.330922
vt 0.809176 0.078040
vt 0.824814 0.078040
vt 0.824814 0.150191
vt 0.808759 0.148382
vt 0.104643 0.379906
vt 0.123770 0.407556
vt 0.802411 0.265809
vt 0.804003 0.276835
vt 0.792173 0.281940
vt 0.146803 0.432073
vt 0.557491 0.282003
vt 0.545690 0.277075
vt 0.547229 0.265809
vt 0.258681 0.848562
vt 0.257094 0.837533
vt 0.268933 0.832438
vt 0.034117 0.314348
vt 0.022076 0.303272
vt 0.171295 0.639279
vt 0.159251 0.650357
vt 0.830877 0.273338
vt 0.822943 0.265809
vt 0.280024 0.820440
vt 0.176440 0.627444
vt 0.187475 0.629051
vt 0.005902 0.293046
vt 0.016934 0.291440
vt 0.179951 0.600575
vt 0.187475 0.608511
vt 0.179893 0.912746
vt 0.176511 0.885804
vt 0.187475 0.884333
vt 0.187474 0.904832
vt 0.254578 0.483033
vt 0.252273 0.447033
vt 0.287877 0.448785
vt 0.288137 0.485278
vt 0.187682 0.183610
vt 0.193972 0.190210
vt 0.218691 0.392847
vt 0.230235 0.395127
vt 0.152925 0.295620
vt 0.158328 0.306056
vt 0.239306 0.402656
vt 0.242018 0.393927
vt 0.158088 0.317826
vt 0.166601 0.314485
vt 0.005863 0.652895
vt 0.036954 0.652895
vt 0.036954 0.680082
vt 0.005863 0.680082
vt 0.056984 0.556804
vt 0.056984 0.583983
vt 0.025739 0.583983
vt 0.025739 0.556804
vt 0.725782 0.549684
vt 0.725782 0.566287
vt 0.694534 0.566287
vt 0.694534 0.549684
vt 0.620602 0.573424
vt 0.620602 0.600594
vt 0.589352 0.600594
vt 0.589352 0.573424
vt 0.131006 0.596452
vt 0.131006 0.613042
vt 0.093995 0.613042
vt 0.093995 0.596452
vt 0.056983 0.613042
vt 0.056983 0.596452
vt 0.620521 0.510044
vt 0.620521 0.537213
vt 0.589263 0.537213
vt 0.589263 0.510044
vt 0.036954 0.640446
vt 0.036954 0.623857
vt 0.073960 0.623857
vt 0.073960 0.640446
vt 0.110966 0.623857
vt 0.110966 0.640446
vt 0.657610 0.613061
vt 0.657610 0.629664
vt 0.620602 0.629664
vt 0.620602 0.613061
vt 0.657528 0.566287
vt 0.657528 0.549684
vt 0.620521 0.566287
vt 0.620521 0.549684
vt 0.073960 0.680082
vt 0.073960 0.652895
vt 0.110966 0.652894
vt 0.110966 0.680082
vt 0.025739 0.613042
vt 0.025739 0.596452
vt 0.093995 0.556804
vt 0.093995 0.583983
vt 0.131006 0.556804
vt 0.131006 0.583983
vt 0.162329 0.556804
vt 0.162329 0.583983
vt 0.589263 0.566287
vt 0.589263 0.549684
vt 0.657528 0.510044
vt 0.657528 0.537213
vt 0.694534 0.510044
vt 0.694534 0.537213
vt 0.725782 0.510044
vt 0.725782 0.537213
vt 0.589352 0.629664
vt 0.589352 0.613061
vt 0.657610 0.573424
vt 0.657610 0.600594
vt 0.162329 0.596452
vt 0.162329 0.613042
vt 0.142208 0.623857
vt 0.142208 0.640446
vt 0.142208 0.652894
vt 0.142208 0.680081
vt 0.005863 0.640446
vt 0.781090 0.293948
vt 0.518797 0.273304
vt 0.526699 0.265809
vt 0.230207 0.841028
vt 0.238143 0.848562
vt 0.159802 0.862847
vt 0.171634 0.873928
vt 0.005902 0.272512
vt 0.013424 0.264578
vt 0.503419 0.832920
vt 0.515325 0.837637
vt 0.513907 0.848562
vt 0.542343 0.840953
vt 0.534430 0.848562
vt 0.492436 0.821176
vt 0.568569 0.293908
vt 0.005863 0.623857
vt 0.115183 0.458014
vt 0.091997 0.433253
vt 0.037493 0.255610
vt 0.042261 0.222108
vt 0.147035 0.068224
vt 0.176268 0.051108
vt 0.207677 0.038420
vt 0.051886 0.189662
vt 0.288431 0.526376
vt 0.254612 0.524150
vt 0.072681 0.405432
vt 0.794322 0.078040
vt 0.793508 0.143046
vt 0.780998 0.078040
vt 0.779829 0.134450
vt 0.769870 0.078040
vt 0.768404 0.033055
vt 0.779829 0.021630
vt 0.761498 0.078040
vt 0.759808 0.046735
vt 0.752663 0.078040
vt 0.754481 0.061987
vt 0.759808 0.109345
vt 0.768404 0.123026
vt 0.793508 0.013034
vt 0.808759 0.007698
vt 0.824814 0.005889
vt 0.754481 0.094093
vt 0.260243 0.766373
vt 0.260243 0.772044
vt 0.241215 0.772044
vt 0.241215 0.766373
vt 0.895146 0.094093
vt 0.889820 0.109345
vt 0.888131 0.078040
vt 0.896965 0.078040
vt 0.415294 0.783072
vt 0.410498 0.808565
vt 0.399372 0.808564
vt 0.399792 0.782881
vt 0.241490 0.955862
vt 0.241490 0.962370
vt 0.200133 0.962370
vt 0.200133 0.955862
vt 0.197244 0.672341
vt 0.221268 0.670927
vt 0.219383 0.703942
vt 0.197244 0.706091
vt 0.344742 0.394403
vt 0.335772 0.402013
vt 0.332966 0.393332
vt 0.341269 0.387326
vt 0.047054 0.689856
vt 0.052593 0.689856
vt 0.052593 0.704998
vt 0.047054 0.704998
vt 0.854811 0.456027
vt 0.854811 0.461567
vt 0.830159 0.461567
vt 0.830159 0.456027
vt 0.288321 0.005858
vt 0.293992 0.005858
vt 0.293992 0.024859
vt 0.288321 0.024859
vt 0.158776 0.955862
vt 0.158776 0.962370
vt 0.117419 0.962370
vt 0.117419 0.955862
vt 0.239112 0.632038
vt 0.239112 0.626501
vt 0.253879 0.626501
vt 0.253879 0.632038
vt 0.383191 0.171102
vt 0.345122 0.152232
vt 0.360279 0.120248
vt 0.391596 0.137285
vt 0.470030 0.377289
vt 0.451368 0.405219
vt 0.422962 0.383007
vt 0.443244 0.353791
vt 0.921831 0.398200
vt 0.958837 0.398200
vt 0.958837 0.414802
vt 0.921831 0.414802
vt 0.331058 0.181856
vt 0.307248 0.173728
vt 0.306421 0.134712
vt 0.423322 0.581860
vt 0.424374 0.605782
vt 0.391870 0.603903
vt 0.389775 0.581860
vt 0.477967 0.468941
vt 0.479933 0.480209
vt 0.329663 0.329117
vt 0.350802 0.358189
vt 0.332606 0.369666
vt 0.316780 0.337358
vt 0.421167 0.808565
vt 0.429064 0.784593
vt 0.379311 0.228505
vt 0.347799 0.245961
vt 0.368467 0.340326
vt 0.394216 0.360525
vt 0.367482 0.393497
vt 0.840452 0.078040
vt 0.840869 0.148382
vt 0.047054 0.737009
vt 0.052593 0.737009
vt 0.052593 0.761678
vt 0.047054 0.761678
vt 0.779134 0.955862
vt 0.779134 0.962370
vt 0.737777 0.962370
vt 0.737777 0.955862
vt 0.381606 0.318913
vt 0.419756 0.326676
vt 0.295802 0.150077
vt 0.302390 0.342466
vt 0.312384 0.377022
vt 0.389102 0.193098
vt 0.398498 0.200162
vt 0.390656 0.204816
vt 0.382962 0.198042
vt 0.387823 0.252177
vt 0.409264 0.203545
vt 0.419724 0.244659
vt 0.399486 0.409741
vt 0.279129 0.581859
vt 0.312388 0.581860
vt 0.304856 0.605855
vt 0.277008 0.603942
vt 0.197244 0.738862
vt 0.221260 0.731453
vt 0.384211 0.182385
vt 0.377981 0.189070
vt 0.365562 0.955862
vt 0.365562 0.962370
vt 0.324204 0.962370
vt 0.324204 0.955862
vt 0.285843 0.632038
vt 0.285843 0.626501
vt 0.310830 0.626501
vt 0.310830 0.632038
vt 0.405686 0.632038
vt 0.405686 0.626502
vt 0.420351 0.626501
vt 0.420351 0.632038
vt 0.197244 0.814955
vt 0.197244 0.782473
vt 0.221282 0.789859
vt 0.219260 0.817386
vt 0.390774 0.277142
vt 0.428780 0.286106
vt 0.428750 0.430085
vt 0.798153 0.456027
vt 0.798153 0.461567
vt 0.783012 0.461567
vt 0.783012 0.456027
vt 0.197244 0.749540
vt 0.222716 0.745155
vt 0.222907 0.760614
vt 0.197244 0.760665
vt 0.388237 0.808565
vt 0.384112 0.783066
vt 0.375799 0.087498
vt 0.405046 0.104006
vt 0.402994 0.030141
vt 0.371536 0.017635
vt 0.368186 0.006644
vt 0.406925 0.021848
vt 0.432590 0.046575
vt 0.443220 0.042210
vt 0.222727 0.776110
vt 0.197244 0.771791
vt 0.323068 0.581860
vt 0.318758 0.607320
vt 0.301224 0.209222
vt 0.315643 0.214255
vt 0.916919 0.456027
vt 0.916919 0.461567
vt 0.892351 0.461567
vt 0.892351 0.456027
vt 0.407621 0.302744
vt 0.407142 0.312967
vt 0.388423 0.298526
vt 0.178144 0.589387
vt 0.186077 0.581859
vt 0.206607 0.581859
vt 0.205015 0.592884
vt 0.415668 0.316192
vt 0.005902 0.442449
vt 0.005902 0.431770
vt 0.031356 0.436121
vt 0.029912 0.449838
vt 0.102962 0.799947
vt 0.102962 0.831189
vt 0.086374 0.831189
vt 0.086374 0.799947
vt 0.454962 0.808565
vt 0.457063 0.786509
vt 0.345322 0.581860
vt 0.355992 0.581860
vt 0.363824 0.605817
vt 0.349960 0.607325
vt 0.377547 0.808564
vt 0.345032 0.808564
vt 0.342510 0.786672
vt 0.370219 0.784502
vt 0.340360 0.318239
vt 0.353249 0.290802
vt 0.354777 0.275602
vt 0.330088 0.411777
vt 0.556600 0.246953
vt 0.550957 0.213645
vt 0.559872 0.211540
vt 0.566628 0.252517
vt 0.505635 0.780441
vt 0.516726 0.792440
vt 0.488517 0.808565
vt 0.489568 0.784618
vt 0.891896 0.433400
vt 0.891896 0.427859
vt 0.916541 0.427859
vt 0.916541 0.433400
vt 0.853578 0.398200
vt 0.884826 0.398200
vt 0.884826 0.414802
vt 0.853578 0.414802
vt 0.348361 0.305274
vt 0.297052 0.141035
vt 0.244097 0.605822
vt 0.245225 0.581859
vt 0.334197 0.581860
vt 0.334396 0.607505
vt 0.696419 0.955862
vt 0.696419 0.962370
vt 0.655062 0.962370
vt 0.655062 0.955862
vt 0.356267 0.391998
vt 0.351114 0.384451
vt 0.487133 0.228394
vt 0.493270 0.262691
vt 0.460094 0.271624
vt 0.454506 0.236108
vt 0.329861 0.632038
vt 0.329861 0.626501
vt 0.339441 0.626501
vt 0.339441 0.632038
vt 0.869800 0.021630
vt 0.868631 0.078040
vt 0.855306 0.078040
vt 0.856119 0.013034
vt 0.374093 0.632038
vt 0.374093 0.626501
vt 0.964186 0.456027
vt 0.964186 0.461567
vt 0.948065 0.461567
vt 0.948065 0.456027
vt 0.694618 0.600594
vt 0.694618 0.613061
vt 0.282847 0.955862
vt 0.282847 0.962370
vt 0.076061 0.955862
vt 0.076061 0.962370
vt 0.034704 0.962370
vt 0.034704 0.955862
vt 0.052593 0.770974
vt 0.047054 0.770974
vt 0.348866 0.632038
vt 0.348866 0.626501
vt 0.293992 0.056330
vt 0.288321 0.056330
vt 0.883068 0.461567
vt 0.883068 0.456027
vt 0.034117 0.526944
vt 0.022076 0.538020
vt 0.005902 0.508958
vt 0.029923 0.510371
vt 0.526978 0.808565
vt 0.528566 0.797535
vt 0.213422 0.643272
vt 0.197244 0.633046
vt 0.208277 0.631439
vt 0.291771 0.766373
vt 0.291772 0.772044
vt 0.443726 0.202444
vt 0.797384 0.433399
vt 0.797384 0.427859
vt 0.828938 0.427859
vt 0.828938 0.433400
vt 0.947648 0.427859
vt 0.947648 0.433400
vt 0.257423 0.056362
vt 0.263100 0.056362
vt 0.263100 0.087805
vt 0.257423 0.087805
vt 0.854096 0.427859
vt 0.854096 0.433399
vt 0.861848 0.955862
vt 0.861848 0.962370
vt 0.820491 0.962370
vt 0.820491 0.955862
vt 0.293992 0.087800
vt 0.288321 0.087800
vt 0.323301 0.766373
vt 0.323301 0.772044
vt 0.779574 0.849903
vt 0.742571 0.849903
vt 0.742572 0.822719
vt 0.779574 0.822719
vt 0.102962 0.762938
vt 0.086374 0.762938
vt 0.884826 0.385729
vt 0.921831 0.385729
vt 0.816577 0.849903
vt 0.816577 0.822719
vt 0.477368 0.196441
vt 0.519886 0.186314
vt 0.530052 0.218585
vt 0.889820 0.046735
vt 0.895146 0.061987
vt 0.415303 0.304468
vt 0.423231 0.066346
vt 0.393751 0.049641
vt 0.535381 0.251993
vt 0.903205 0.955862
vt 0.903205 0.962370
vt 0.872971 0.433400
vt 0.872971 0.427859
vt 0.882540 0.427859
vt 0.882540 0.433400
vt 0.725867 0.600594
vt 0.725867 0.613061
vt 0.142607 0.762938
vt 0.142607 0.799947
vt 0.115430 0.799947
vt 0.115430 0.762938
vt 0.779574 0.810271
vt 0.742572 0.810271
vt 0.742572 0.793684
vt 0.779574 0.793684
vt 0.873577 0.456027
vt 0.873577 0.461567
vt 0.864091 0.461567
vt 0.864091 0.456027
vt 0.142607 0.831190
vt 0.115430 0.831189
vt 0.816577 0.810271
vt 0.816577 0.793684
vt 0.102962 0.725929
vt 0.086374 0.725930
vt 0.694618 0.629664
vt 0.782733 0.433400
vt 0.782733 0.427859
vt 0.572348 0.955862
vt 0.572348 0.962370
vt 0.530991 0.962370
vt 0.530991 0.955862
vt 0.323264 0.756046
vt 0.323264 0.750372
vt 0.342290 0.750372
vt 0.342290 0.756046
vt 0.257423 0.005857
vt 0.263100 0.005857
vt 0.263100 0.024919
vt 0.257423 0.024919
vt 0.321659 0.482552
vt 0.322215 0.523666
vt 0.291754 0.756046
vt 0.291754 0.750372
vt 0.263100 0.106779
vt 0.257423 0.106779
vt 0.320264 0.626501
vt 0.320264 0.632038
vt 0.411508 0.293261
vt 0.853578 0.385729
vt 0.489634 0.955862
vt 0.489634 0.962370
vt 0.448276 0.962370
vt 0.448276 0.955862
vt 0.958837 0.385729
vt 0.990095 0.385729
vt 0.990095 0.398200
vt 0.863435 0.433400
vt 0.863435 0.427859
vt 0.541096 0.181335
vt 0.115431 0.725929
vt 0.483525 0.430380
vt 0.502374 0.402274
vt 0.052593 0.780476
vt 0.047054 0.780476
vt 0.694618 0.573424
vt 0.725867 0.573424
vt 0.641579 0.212805
vt 0.847665 0.822719
vt 0.847665 0.849903
vt 0.420606 0.293959
vt 0.958837 0.358561
vt 0.990095 0.358561
vt 0.406919 0.955862
vt 0.406919 0.962370
vt 0.322359 0.545541
vt 0.323446 0.446524
vt 0.840869 0.007698
vt 0.460759 0.455491
vt 0.362157 0.037397
vt 0.613705 0.962370
vt 0.613705 0.955862
vt 0.204824 0.916700
vt 0.197244 0.908787
vt 0.197244 0.888290
vt 0.208205 0.889761
vt 0.293992 0.106823
vt 0.288321 0.106823
vt 0.342331 0.766373
vt 0.342331 0.772044
vt 0.963775 0.427859
vt 0.963775 0.433400
vt 0.396719 0.980363
vt 0.355361 0.980363
vt 0.355361 0.973855
vt 0.396719 0.973855
vt 0.644862 0.980363
vt 0.603505 0.980363
vt 0.603505 0.973855
vt 0.644862 0.973855
vt 0.893007 0.980363
vt 0.851649 0.980363
vt 0.851649 0.973855
vt 0.893007 0.973855
vt 0.686219 0.980363
vt 0.686219 0.973855
vt 0.883395 0.447854
vt 0.873848 0.447854
vt 0.873848 0.442306
vt 0.883395 0.442306
vt 0.864266 0.447854
vt 0.864266 0.442306
vt 0.065465 0.780336
vt 0.065465 0.770859
vt 0.071001 0.770859
vt 0.071001 0.780336
vt 0.065465 0.789818
vt 0.071001 0.789818
vt 0.319763 0.643378
vt 0.329358 0.643378
vt 0.329358 0.648914
vt 0.319763 0.648914
vt 0.338938 0.643378
vt 0.338938 0.648914
vt 0.047054 0.789979
vt 0.052593 0.789979
vt 0.065465 0.761587
vt 0.071001 0.761587
vt 0.065465 0.799092
vt 0.071001 0.799092
vt 0.854899 0.447854
vt 0.854899 0.442306
vt 0.892745 0.447854
vt 0.892745 0.442306
vt 0.310331 0.643378
vt 0.310331 0.648914
vt 0.348361 0.643378
vt 0.348361 0.648914
vt 0.047054 0.799275
vt 0.052593 0.799275
vt 0.253387 0.643378
vt 0.285346 0.643378
vt 0.285346 0.648914
vt 0.253387 0.648914
vt 0.949526 0.447854
vt 0.917934 0.447854
vt 0.917934 0.442306
vt 0.949526 0.442306
vt 0.964194 0.447854
vt 0.964194 0.442306
vt 0.373585 0.643378
vt 0.405174 0.643378
vt 0.405174 0.648914
vt 0.373585 0.648914
vt 0.065465 0.854754
vt 0.065465 0.823636
vt 0.071001 0.823636
vt 0.071001 0.854754
vt 0.830225 0.447854
vt 0.799080 0.447854
vt 0.799080 0.442306
vt 0.830225 0.442306
vt 0.047054 0.855954
vt 0.047054 0.823943
vt 0.052593 0.823943
vt 0.052593 0.855954
vt 0.065465 0.736958
vt 0.065465 0.704982
vt 0.071001 0.704982
vt 0.071001 0.736958
vt 0.107217 0.980363
vt 0.065860 0.980363
vt 0.065860 0.973855
vt 0.107217 0.973855
vt 0.479433 0.980363
vt 0.438076 0.980363
vt 0.438076 0.973855
vt 0.479433 0.973855
vt 0.520790 0.980363
vt 0.520790 0.973855
vt 0.562148 0.980363
vt 0.562148 0.973855
vt 0.278547 0.024906
vt 0.278547 0.056325
vt 0.272875 0.056325
vt 0.272875 0.024906
vt 0.278547 0.087744
vt 0.272875 0.087744
vt 0.768935 0.980363
vt 0.727577 0.980363
vt 0.727577 0.973855
vt 0.768935 0.973855
vt 0.810292 0.980363
vt 0.810292 0.973855
vt 0.323306 0.740042
vt 0.291775 0.740042
vt 0.291775 0.734371
vt 0.323306 0.734371
vt 0.260245 0.740042
vt 0.260245 0.734371
vt 0.024503 0.980363
vt 0.024503 0.973855
vt 0.260243 0.756046
vt 0.260243 0.750372
vt 0.309432 0.024856
vt 0.309432 0.056326
vt 0.303760 0.056326
vt 0.303761 0.024856
vt 0.309432 0.087796
vt 0.303760 0.087796
vt 0.231289 0.980363
vt 0.189932 0.980363
vt 0.189932 0.973855
vt 0.231289 0.973855
vt 0.272647 0.980363
vt 0.272647 0.973855
vt 0.314004 0.980363
vt 0.314004 0.973855
vt 0.278547 0.005858
vt 0.272875 0.005858
vt 0.309432 0.106819
vt 0.303760 0.106819
vt 0.342336 0.740042
vt 0.342336 0.734371
vt 0.241217 0.740042
vt 0.241217 0.734371
vt 0.241217 0.756046
vt 0.241217 0.750372
vt 0.309432 0.005855
vt 0.303760 0.005855
vt 0.148575 0.980363
vt 0.148575 0.973855
vt 0.238623 0.643378
vt 0.238623 0.648914
vt 0.419837 0.643378
vt 0.419837 0.648914
vt 0.065465 0.870860
vt 0.071001 0.870860
vt 0.782934 0.447854
vt 0.782934 0.442306
vt 0.047054 0.871096
vt 0.052593 0.871096
vt 0.065465 0.689855
vt 0.071001 0.689855
vt 0.278547 0.106703
vt 0.272875 0.106703
vt 0.344506 0.075310
vt 0.327266 0.106792
vt 0.547574 0.171873
vt 0.352869 0.260408
vt 0.312666 0.808564
vt 0.310535 0.785604
vt 0.204767 0.604575
vt 0.197244 0.612509
vt 0.555452 0.801031
vt 0.547516 0.808565
vt 0.016934 0.549852
vt 0.013423 0.576714
vt 0.005902 0.568781
vt 0.005902 0.548247
vt 0.921831 0.358561
vt 0.725867 0.629664
vt 0.881225 0.123026
vt 0.869800 0.134450
vt 0.879758 0.078040
vt 0.711333 0.810271
vt 0.711333 0.793684
vt 0.847665 0.810271
vt 0.853578 0.358561
vt 0.884826 0.358561
vt 0.102962 0.694609
vt 0.086374 0.694609
vt 0.282238 0.792922
vt 0.293221 0.781178
vt 0.847665 0.793684
vt 0.451501 0.598051
vt 0.440424 0.609955
vt 0.243314 0.800955
vt 0.270332 0.797639
vt 0.271750 0.808564
vt 0.251226 0.808564
vt 0.115431 0.694609
vt 0.220524 0.849454
vt 0.197244 0.847140
vt 0.881225 0.033055
vt 0.490191 0.589354
vt 0.463301 0.593124
vt 0.461761 0.581860
vt 0.482289 0.581860
vt 0.711333 0.849903
vt 0.711333 0.822719
vt 0.142607 0.725930
vt 0.856119 0.143046
vt 0.142607 0.694609
vt 0.990095 0.414802
vt 0.005902 0.475214
vt 0.028038 0.477361
vt 0.227925 0.609995
vt 0.216844 0.597989
vt 0.224912 0.866807
vt 0.213083 0.877887
vt 0.225464 0.654349
vt 0.330158 0.553986
s 1
f 396/1/1 395/2/2 2/3/3 17/4/4
f 399/5/5 398/6/6 4/7/7 19/8/8
f 257/9/9 309/10/10 303/11/11 262/12/12
f 108/13/13 10/14/14 56/15/15 111/16/16
f 31/17/17 10/18/18 108/19/19 109/20/20
f 412/21/21 413/22/22 1/23/23 15/24/24
f 103/25/25 8/26/26 54/27/27 106/28/28
f 118/29/29 120/30/30 102/31/31 100/32/32
f 9/33/33 105/34/34 107/35/35 55/36/36
f 409/37/37 410/38/38 142/39/39 13/40/40
f 411/41/41 409/37/37 13/40/40 143/42/42
f 414/43/43 412/21/21 15/24/24 144/44/44
f 397/45/45 396/1/1 17/4/4 3/46/46
f 43/47/47 47/48/48 16/49/48 30/50/49
f 47/48/48 42/51/50 34/52/51 16/49/48
f 48/53/52 38/54/53 23/55/54 14/56/52
f 37/57/55 42/58/56 87/59/57 93/60/58
f 44/61/59 49/62/60 12/63/60 33/64/61
f 49/62/60 40/65/62 25/66/63 12/63/60
f 91/67/64 86/68/65 45/69/66 41/70/67
f 33/64/61 20/71/68 35/72/68 44/61/59
f 39/73/69 43/47/47 30/50/49 24/74/69
f 10/14/14 67/75/70 78/76/71 56/15/15
f 8/26/26 59/77/72 69/78/73 54/27/27
f 6/79/74 62/80/75 72/81/76 51/82/77
f 45/83/78 48/53/52 14/56/52 32/84/79
f 64/85/80 7/86/81 52/87/82 76/88/83
f 83/89/84 88/90/85 29/91/86 9/92/87
f 85/93/88 89/94/89 31/17/17 11/95/90
f 42/51/50 37/96/91 22/97/91 34/52/51
f 32/84/79 26/98/92 41/99/92 45/83/78
f 60/100/93 59/101/94 140/102/95 131/103/96
f 82/104/97 81/105/98 5/106/99 27/107/100
f 90/108/101 84/109/102 6/110/103 28/111/104
f 88/90/85 86/68/65 8/112/105 29/91/86
f 89/94/89 80/113/106 10/18/18 31/17/17
f 94/114/107 80/113/106 44/115/108 35/116/109
f 659/117/110 355/118/111 238/119/112 657/120/113
f 92/121/114 84/109/102 43/122/115 39/123/116
f 87/59/57 90/108/101 28/111/104 7/124/117
f 26/98/92 25/66/63 40/65/62 41/99/92
f 37/96/91 36/125/118 21/126/119 22/97/91
f 24/74/69 23/55/54 38/54/53 39/73/69
f 128/127/120 130/128/121 112/129/122 110/130/123
f 28/111/104 6/110/103 99/131/124 98/132/125
f 61/133/126 9/33/33 55/36/36 73/134/127
f 123/135/128 125/136/129 107/35/35 105/34/34
f 41/70/67 40/137/130 85/93/88 91/67/64
f 39/123/116 38/138/131 83/89/84 92/121/114
f 11/95/90 31/17/17 109/20/20 110/139/132
f 5/140/133 65/141/134 75/142/135 50/143/136
f 99/144/137 101/145/138 119/146/139 117/147/140
f 122/148/141 123/149/142 105/150/143 104/151/144
f 127/152/145 128/153/146 110/139/132 109/20/20
f 72/81/76 62/80/75 63/154/147 74/155/148
f 74/155/148 63/154/147 61/133/126 73/134/127
f 58/156/149 70/157/150 71/158/151 60/159/152
f 60/159/152 71/158/151 69/78/73 59/77/72
f 75/142/135 65/141/134 66/160/153 77/161/154
f 77/161/154 66/160/153 64/85/80 76/88/83
f 78/76/71 67/75/70 68/162/155 79/163/155
f 58/156/149 11/164/156 57/165/157 70/157/150
f 38/138/131 48/166/158 88/90/85 83/89/84
f 40/137/130 49/167/159 89/94/89 85/93/88
f 46/168/160 36/169/161 81/105/98 82/104/97
f 47/170/162 43/122/115 84/109/102 90/108/101
f 48/166/158 45/69/66 86/68/65 88/90/85
f 49/167/159 44/115/108 80/113/106 89/94/89
f 42/58/56 47/170/162 90/108/101 87/59/57
f 136/171/163 132/172/164 92/121/114 83/89/84
f 137/173/165 133/174/166 93/60/58 87/59/57
f 68/175/167 67/176/168 141/177/169 134/178/170
f 7/124/117 28/111/104 98/132/125 100/179/171
f 96/180/172 97/181/173 115/182/174 114/183/175
f 121/184/176 122/148/141 104/151/144 103/185/177
f 7/86/81 100/32/32 102/31/31 52/87/82
f 99/144/137 6/79/74 51/82/77 101/145/138
f 126/186/178 127/152/145 109/20/20 108/19/19
f 9/92/87 29/91/86 104/151/144 105/150/143
f 29/91/86 8/112/105 103/185/177 104/151/144
f 103/25/25 106/28/28 124/187/179 121/188/180
f 11/164/156 110/130/123 112/129/122 57/165/157
f 108/13/13 111/16/16 129/189/181 126/190/182
f 221/191/183 21/126/183 18/192/183 220/193/183
f 96/180/172 5/140/133 50/143/136 97/181/173
f 117/194/184 116/195/185 98/132/125 99/131/124
f 192/196/186 114/183/175 215/197/187 190/198/188
f 116/195/185 118/199/189 100/179/171 98/132/125
f 213/200/190 118/29/29 191/201/191 185/202/192
f 194/203/193 117/147/140 219/204/194 183/205/195
f 187/206/196 214/207/197 126/190/182 129/189/181
f 211/208/198 189/209/199 130/128/121 128/127/120
f 4/210/200 398/211/200 192/196/186 190/198/188
f 53/212/201 219/204/194 117/147/140 119/146/139
f 211/208/198 128/127/120 218/213/202 180/214/203
f 217/215/204 126/190/182 214/207/197 188/216/205
f 143/217/206 180/214/203 218/213/202 411/218/206
f 1/219/207 413/220/207 196/221/208 179/222/209
f 114/223/210 113/224/211 95/225/212 96/226/213
f 58/227/214 139/228/215 85/93/88 11/95/90
f 67/176/168 10/18/18 80/113/106 141/177/169
f 64/229/216 66/230/217 133/174/166 137/173/165
f 61/231/218 63/232/219 132/172/164 136/171/163
f 65/233/220 5/106/99 81/105/98 138/234/221
f 59/101/94 8/112/105 86/68/65 140/102/95
f 62/235/222 6/110/103 84/109/102 135/236/223
f 132/172/164 135/236/223 84/109/102 92/121/114
f 93/60/58 81/105/98 36/169/161 37/57/55
f 133/174/166 138/234/221 81/105/98 93/60/58
f 131/103/96 91/67/64 85/93/88 139/228/215
f 131/103/96 140/102/95 86/68/65 91/67/64
f 134/178/170 141/177/169 80/113/106 94/114/107
f 60/100/93 131/103/96 139/228/215 58/227/214
f 63/232/219 62/235/222 135/236/223 132/172/164
f 9/92/87 61/231/218 136/171/163 83/89/84
f 7/124/117 64/229/216 137/173/165 87/59/57
f 66/230/217 65/233/220 138/234/221 133/174/166
f 185/237/224 3/238/224 151/239/225 167/240/225
f 147/241/226 2/242/227 183/243/227 172/244/226
f 211/245/228 207/246/229 161/247/230 189/248/231
f 158/249/232 142/250/233 188/251/233 177/252/232
f 199/253/234 200/254/235 149/255/236 148/256/237
f 200/254/235 201/257/238 150/258/239 149/255/236
f 166/259/240 1/260/241 179/261/241 175/262/240
f 202/263/242 203/264/243 155/265/244 154/266/245
f 203/264/243 204/267/246 156/268/247 155/265/244
f 205/269/248 206/270/249 160/271/250 159/272/251
f 207/246/229 208/273/252 162/274/253 161/247/230
f 208/273/252 209/275/254 163/276/255 162/274/253
f 152/277/256 153/278/257 169/279/257 168/280/256
f 151/239/225 152/277/256 168/280/256 167/240/225
f 201/257/238 219/281/258 53/282/259 150/258/239
f 146/283/260 147/241/226 172/244/226 171/284/260
f 145/285/261 146/283/260 171/284/260 170/286/261
f 144/287/262 145/285/261 170/286/261 184/288/262
f 209/275/254 210/289/263 181/290/264 163/276/255
f 165/291/265 166/259/240 175/262/240 174/292/265
f 164/293/266 165/291/265 174/292/265 173/294/266
f 143/295/267 164/293/266 173/294/266 180/296/267
f 206/270/249 214/297/268 187/298/269 160/271/250
f 157/299/270 158/249/232 177/252/232 176/300/270
f 212/301/271 199/253/234 148/256/237 178/302/272
f 204/267/246 215/303/273 186/304/274 156/268/247
f 153/278/257 4/305/275 190/306/275 169/279/257
f 213/307/276 185/237/277 167/240/278 202/263/242
f 186/308/279 215/197/187 114/183/175 115/182/174
f 3/309/280 185/202/192 191/201/191 397/310/280
f 2/311/281 395/312/281 194/203/193 183/205/195
f 181/313/282 210/314/283 121/188/180 124/187/179
f 196/221/208 121/188/180 210/314/283 179/222/209
f 188/216/205 142/315/284 410/316/284 217/215/204
f 212/317/285 123/135/128 216/318/286 184/319/287
f 144/320/288 184/319/287 216/318/286 414/321/288
f 212/317/285 178/322/289 125/136/129 123/135/128
f 213/200/190 182/323/290 120/30/30 118/29/29
f 182/324/291 213/307/276 202/263/242 154/266/245
f 169/279/292 190/306/293 215/303/273 204/267/246
f 184/288/294 170/286/295 199/253/234 212/301/271
f 177/252/296 188/251/297 214/297/268 206/270/249
f 175/262/298 179/261/299 210/289/263 209/275/254
f 172/244/300 183/243/301 219/281/258 201/257/238
f 174/292/302 175/262/298 209/275/254 208/273/252
f 173/294/303 174/292/302 208/273/252 207/246/229
f 176/300/304 177/252/296 206/270/249 205/269/248
f 168/280/305 169/279/292 204/267/246 203/264/243
f 167/240/278 168/280/305 203/264/243 202/263/242
f 171/284/306 172/244/300 201/257/238 200/254/235
f 170/286/295 171/284/306 200/254/235 199/253/234
f 180/296/307 173/294/303 207/246/229 211/245/228
f 118/199/189 116/195/185 197/325/308 191/326/309
f 123/149/142 122/148/141 195/327/310 216/328/311
f 128/153/146 127/152/145 193/329/312 218/330/313
f 127/152/145 126/186/178 217/331/314 193/329/312
f 122/148/141 121/184/176 196/332/315 195/327/310
f 113/224/211 114/223/210 192/333/316 198/334/317
f 116/195/185 117/194/184 194/335/318 197/325/308
f 222/336/183 22/97/183 21/126/183 221/191/183
f 223/337/183 34/52/183 22/97/183 222/336/183
f 224/338/183 223/337/183 25/66/183 26/98/183
f 225/339/183 224/338/183 26/98/183 32/84/183
f 23/55/183 225/339/183 32/84/183 14/56/183
f 30/50/183 16/49/183 224/338/183 225/339/183
f 16/49/183 34/52/183 223/337/183 224/338/183
f 25/66/183 223/337/183 222/336/183 12/63/183
f 12/63/183 222/336/183 221/191/183 33/64/183
f 33/64/183 221/191/183 220/193/183 20/71/183
f 24/74/183 30/50/183 225/339/183 23/55/183
f 341/340/319 646/341/320 407/342/321 340/343/322
f 285/344/323 346/345/324 350/346/325 284/347/326
f 299/348/327 234/349/328 250/350/329 304/351/330
f 304/351/330 250/350/329 233/352/331 302/353/332
f 235/354/333 275/355/334 296/356/335 286/357/336
f 377/358/337 421/359/338 422/360/339 378/361/340
f 265/362/341 253/363/342 239/364/343 267/365/343
f 648/366/183 220/193/183 18/192/183 243/367/183
f 251/368/183 652/369/183 651/370/183 241/371/183
f 415/372/344 660/373/345 661/374/346 416/375/347
f 335/376/348 415/372/344 416/375/347 334/377/349
f 113/224/211 198/334/317 406/378/350 327/379/351
f 650/380/183 649/381/183 244/382/183 255/383/183
f 662/384/352 356/385/353 240/386/354 660/373/345
f 262/387/355 255/383/356 244/382/357 257/388/357
f 258/389/358 299/348/327 304/351/330 267/390/359
f 645/391/360 402/392/361 432/393/362 339/394/363
f 654/395/364 242/396/365 227/397/366 653/398/367
f 254/399/368 264/400/369 35/72/68 20/71/68
f 301/401/370 236/402/371 252/403/372 305/404/373
f 307/405/374 261/406/375 265/407/376 302/353/332
f 331/408/377 314/409/378 316/410/379 333/411/380
f 399/5/5 19/8/8 229/412/381 656/413/382
f 317/414/383 320/415/384 273/416/385 233/417/386
f 263/418/387 251/368/388 241/371/389 266/419/389
f 296/356/335 79/163/155 68/162/155 286/357/336
f 434/420/390 662/384/352 660/373/345 415/372/344
f 393/421/391 430/422/392 418/423/393 380/424/394
f 234/349/328 319/425/395 318/426/396 250/350/329
f 655/427/397 228/428/398 242/396/365 654/395/364
f 234/429/399 274/430/400 321/431/401 319/432/402
f 280/433/403 291/434/404 274/430/400 234/429/399
f 336/435/405 319/432/402 321/431/401 338/436/406
f 340/343/322 323/437/407 324/438/408 341/340/319
f 277/439/409 288/440/410 276/441/411 236/442/412
f 295/443/413 294/444/414 283/445/415 285/446/416
f 349/447/417 303/11/11 309/10/10 346/345/324
f 254/399/183 20/71/183 220/193/183 648/366/183
f 405/448/418 655/427/397 654/395/364 417/449/419
f 651/370/183 248/450/183 247/451/183 650/380/183
f 236/402/371 324/438/408 323/437/407 252/403/372
f 322/452/420 325/453/421 275/355/334 235/354/333
f 266/419/389 241/371/389 255/383/356 262/387/355
f 267/365/343 239/364/343 245/454/422 258/455/423
f 260/456/424 301/401/370 305/404/373 268/457/425
f 241/371/183 651/370/183 650/380/183 255/383/183
f 94/114/107 35/116/109 264/458/426 297/459/427
f 305/404/373 252/403/372 235/460/428 297/459/427
f 306/461/429 249/462/430 231/463/431 300/464/432
f 341/465/433 324/466/434 326/467/435 343/468/436
f 660/373/345 240/386/354 226/469/437 661/374/346
f 249/462/430 312/470/438 313/471/439 231/463/431
f 261/406/375 307/405/374 301/401/370 260/456/424
f 308/472/440 259/473/441 263/474/442 300/464/432
f 253/363/342 265/362/341 261/475/443 248/450/443
f 231/476/444 270/477/445 290/478/446 281/479/447
f 646/341/320 659/117/110 657/120/113 407/342/321
f 232/480/448 271/481/449 316/410/379 314/409/378
f 313/482/450 315/483/451 270/477/445 231/476/444
f 267/390/359 304/351/330 302/353/332 265/407/376
f 334/377/349 317/484/452 318/426/396 335/376/348
f 259/473/441 308/472/440 299/348/327 258/389/358
f 252/403/372 323/437/407 322/485/453 235/460/428
f 246/486/454 259/487/454 258/455/423 245/454/422
f 327/379/351 310/488/455 95/225/212 113/224/211
f 277/439/409 279/489/456 289/490/457 288/440/410
f 657/120/113 238/119/112 354/491/458 658/492/459
f 339/493/460 322/485/453 323/437/407 340/343/322
f 268/457/425 305/404/373 297/459/427 264/458/426
f 407/342/321 657/120/113 658/492/459 645/494/461
f 27/107/100 5/106/99 96/226/213 95/225/212
f 257/388/357 244/382/357 243/367/462 256/495/463
f 406/496/464 404/497/465 433/498/466 327/499/467
f 264/400/369 254/399/368 237/500/468 268/501/468
f 259/487/454 246/486/454 251/368/388 263/418/387
f 68/175/167 134/178/170 353/502/469 286/503/470
f 283/445/415 294/444/414 271/481/449 232/480/448
f 268/501/468 237/500/468 247/451/471 260/504/472
f 290/478/446 292/505/473 282/506/474 281/479/447
f 303/11/11 232/507/475 249/462/430 306/461/429
f 292/505/473 291/434/404 280/433/403 282/506/474
f 426/508/476 372/509/477 373/510/478 427/511/479
f 232/507/475 314/512/480 312/470/438 249/462/430
f 82/104/97 27/107/100 230/513/481 298/514/482
f 356/515/483 393/421/483 380/424/484 357/516/484
f 248/450/443 261/475/443 260/504/472 247/451/471
f 282/517/485 345/518/486 347/519/487 281/520/488
f 228/521/489 655/522/489 405/523/490 394/524/491
f 652/369/183 253/363/183 248/450/183 651/370/183
f 281/520/488 347/519/487 300/464/432 231/463/431
f 381/525/492 419/526/493 420/527/494 382/528/495
f 384/529/496 426/508/476 427/511/479 385/530/497
f 416/531/498 388/532/499 428/533/500 334/534/501
f 423/535/502 368/536/503 400/537/504 433/538/505
f 198/334/317 399/5/5 656/413/382 406/378/350
f 176/300/304 205/269/248 424/539/506 386/540/507
f 279/541/508 344/542/509 352/543/510 278/544/511
f 374/545/512 383/546/512 384/529/513 375/547/513
f 266/548/514 306/461/429 300/464/432 263/474/442
f 402/392/361 645/391/360 658/549/515 354/550/515
f 46/168/160 82/104/97 298/514/482 256/551/516
f 262/12/12 303/11/11 306/461/429 266/548/514
f 382/528/495 420/527/494 647/552/517 392/553/518
f 293/554/519 295/443/413 285/446/416 284/555/520
f 279/489/456 278/556/521 287/557/522 289/490/457
f 233/417/386 273/416/385 287/557/522 278/556/521
f 431/558/523 421/359/338 377/358/337 394/559/524
f 390/560/525 337/561/526 334/534/501 428/533/500
f 379/562/527 423/535/502 433/538/505 404/563/528
f 417/449/419 654/395/364 653/398/367 408/564/529
f 247/451/183 237/500/183 649/381/183 650/380/183
f 310/565/530 327/499/467 328/566/531 311/567/532
f 378/361/340 422/360/339 423/535/502 379/562/527
f 335/376/348 318/426/396 319/425/395 336/568/533
f 385/530/497 427/511/479 428/569/534 388/570/535
f 355/571/536 659/572/536 646/573/537 389/574/538
f 408/575/539 392/576/540 647/577/541 330/578/542
f 278/544/511 352/543/510 302/353/332 233/352/331
f 226/579/543 388/532/499 416/531/498 661/580/543
f 344/542/509 351/581/544 301/401/370 307/405/374
f 279/541/508 277/582/545 351/581/544 344/542/509
f 317/414/383 334/534/501 337/561/526 320/415/384
f 418/423/393 360/583/546 361/584/547 419/526/493
f 376/585/548 385/530/548 388/570/549 226/586/549
f 425/587/550 371/588/551 372/509/477 426/508/476
f 363/589/552 377/358/552 378/361/553 364/590/553
f 286/503/470 353/502/469 297/459/427 235/460/428
f 277/582/545 236/402/371 301/401/370 351/581/544
f 229/591/554 404/497/465 406/496/464 656/592/554
f 420/527/494 362/593/555 272/594/556 647/552/517
f 322/452/420 339/394/363 342/595/557 325/453/421
f 330/596/558 313/471/439 312/470/438 329/597/559
f 429/598/560 341/465/433 343/468/436 403/599/561
f 280/600/562 348/601/563 345/518/486 282/517/485
f 429/598/560 389/574/538 646/573/537 341/465/433
f 431/602/564 394/524/491 405/523/490 331/408/377
f 230/603/565 269/604/566 293/554/519 284/555/520
f 329/597/559 417/449/419 408/564/529 330/596/558
f 250/350/329 318/426/396 317/484/452 233/352/331
f 227/605/567 392/576/540 408/575/539 653/606/567
f 246/486/183 245/454/183 652/369/183 251/368/183
f 272/607/568 332/608/569 330/578/542 647/577/541
f 400/609/570 328/566/531 327/499/467 433/498/466
f 431/602/564 331/408/377 333/411/380 391/610/571
f 340/343/322 407/342/321 645/494/461 339/493/460
f 389/611/572 429/612/573 425/587/550 383/546/574
f 344/542/509 307/405/374 302/353/332 352/543/510
f 383/546/574 425/587/550 426/508/476 384/529/496
f 27/107/100 95/225/212 310/488/455 230/513/481
f 157/299/270 176/300/270 386/540/575 369/613/575
f 313/482/450 330/578/542 332/608/569 315/483/451
f 345/518/486 308/472/440 300/464/432 347/519/487
f 430/614/576 393/615/577 434/616/578 336/435/405
f 430/422/392 387/617/579 360/583/546 418/423/393
f 357/516/484 380/424/484 381/525/580 358/618/580
f 346/345/324 309/10/10 298/514/482 350/346/325
f 356/619/581 662/620/581 434/616/578 393/615/577
f 284/347/326 350/346/325 298/514/482 230/513/481
f 358/618/580 381/525/580 382/528/582 359/621/582
f 283/622/583 349/447/417 346/345/324 285/344/323
f 364/590/553 378/361/553 379/562/584 365/623/584
f 421/359/338 366/624/585 367/625/586 422/360/339
f 309/10/10 257/9/9 256/551/516 298/514/482
f 429/612/573 403/626/587 371/588/551 425/587/550
f 355/627/588 389/611/588 383/546/512 374/545/512
f 134/178/170 94/114/107 297/459/427 353/502/469
f 427/511/479 373/510/478 390/628/589 428/569/534
f 329/597/559 312/470/438 314/512/480 331/629/590
f 868/630/591 867/631/592 664/632/593 679/633/594
f 424/539/506 370/634/595 401/635/596 432/636/597
f 365/623/584 379/562/584 404/563/598 229/637/598
f 310/565/530 311/567/532 269/604/566 230/603/565
f 236/442/412 276/441/411 326/467/435 324/466/434
f 401/638/599 342/595/557 339/394/363 432/393/362
f 422/360/339 367/625/586 368/536/503 423/535/502
f 369/613/575 386/540/575 402/639/600 354/640/600
f 394/559/601 377/358/552 363/589/552 228/641/601
f 391/642/602 366/624/585 421/359/338 431/558/523
f 232/507/475 303/11/11 349/447/417 283/622/583
f 430/614/576 336/435/405 338/436/406 387/643/603
f 375/547/513 384/529/513 385/530/548 376/585/548
f 359/621/582 382/528/582 392/553/604 227/644/604
f 419/526/493 361/584/547 362/593/555 420/527/494
f 205/269/248 159/272/251 370/634/595 424/539/506
f 386/540/507 424/539/506 432/636/597 402/639/605
f 348/601/563 299/348/327 308/472/440 345/518/486
f 191/326/309 197/325/308 396/1/1 397/45/45
f 197/325/308 194/335/318 395/2/2 396/1/1
f 234/349/328 299/348/327 348/601/563 280/600/562
f 198/334/317 192/333/316 398/6/6 399/5/5
f 331/629/590 405/448/418 417/449/419 329/597/559
f 336/568/533 434/420/390 415/372/344 335/376/348
f 245/454/183 239/364/183 253/363/183 652/369/183
f 380/424/394 418/423/393 419/526/493 381/525/492
f 237/500/183 254/399/183 648/366/183 649/381/183
f 649/381/183 648/366/183 243/367/183 244/382/183
f 218/330/313 193/329/312 409/37/37 411/41/41
f 193/329/312 217/331/314 410/38/38 409/37/37
f 216/328/311 195/327/310 412/21/21 414/43/43
f 195/327/310 196/332/315 413/22/22 412/21/21
f 797/645/606 451/646/607 436/647/608 796/648/609
f 800/649/610 453/650/611 438/651/612 799/652/613
f 685/653/614 684/654/615 697/655/616 698/656/614
f 527/657/617 530/658/618 490/659/619 444/660/620
f 465/661/621 528/662/622 527/663/623 444/664/624
f 813/665/625 449/666/626 435/667/627 814/668/628
f 522/669/629 525/670/630 488/671/631 442/672/632
f 537/673/633 519/674/634 521/675/635 539/676/636
f 443/677/637 489/678/638 526/679/639 524/680/640
f 810/681/641 447/682/642 561/683/643 811/684/644
f 812/685/645 562/686/646 447/682/642 810/681/641
f 815/687/647 563/688/648 449/666/626 813/665/625
f 798/689/649 437/690/650 451/646/607 797/645/606
f 480/691/651 470/692/652 455/693/653 452/694/651
f 472/695/654 482/696/655 448/697/655 457/698/656
f 474/699/657 483/700/658 446/701/658 459/702/659
f 482/696/655 479/703/660 466/704/661 448/697/655
f 483/700/658 478/705/662 467/706/663 446/701/658
f 475/707/664 460/708/664 466/704/661 479/703/660
f 476/709/665 481/710/666 450/711/666 468/712/667
f 444/660/620 490/659/619 512/713/668 501/714/669
f 442/672/632 488/671/631 503/715/670 493/716/671
f 440/717/672 485/718/673 506/719/674 496/720/675
f 481/710/666 477/721/676 464/722/677 450/711/666
f 498/723/678 510/724/679 486/725/680 441/726/681
f 472/695/682 443/727/683 463/728/684 482/696/685
f 474/699/686 445/729/687 465/661/621 483/700/688
f 472/695/654 457/698/656 458/730/689 473/731/689
f 474/699/657 459/702/659 460/708/664 475/707/664
f 494/732/690 550/733/691 559/734/692 493/735/693
f 480/691/694 461/736/695 439/737/696 470/692/697
f 481/710/698 462/738/699 440/739/700 477/721/701
f 482/696/685 463/728/684 442/740/702 479/703/703
f 483/700/688 465/661/621 444/664/624 478/705/704
f 469/741/705 454/742/705 467/706/663 478/705/662
f 476/709/706 441/743/707 462/738/699 481/710/698
f 470/692/652 471/744/708 456/745/708 455/693/653
f 471/744/708 476/709/665 468/712/667 456/745/708
f 473/731/689 458/730/689 464/722/677 477/721/676
f 547/746/709 529/747/710 531/748/711 549/749/712
f 462/738/699 517/750/713 518/751/714 440/739/700
f 495/752/715 507/753/716 489/678/638 443/677/637
f 542/754/717 524/680/640 526/679/639 544/755/718
f 445/729/687 529/756/719 528/662/622 465/661/621
f 439/757/720 484/758/721 509/759/722 499/760/723
f 518/761/724 536/762/725 538/763/726 520/764/727
f 541/765/728 523/766/729 524/767/730 542/768/731
f 546/769/732 528/662/622 529/756/719 547/770/733
f 506/719/674 508/771/734 497/772/735 496/720/675
f 508/771/734 507/753/716 495/752/715 497/772/735
f 492/773/736 494/774/737 505/775/738 504/776/739
f 494/774/737 493/716/671 503/715/670 505/775/738
f 509/759/722 511/777/740 500/778/741 499/760/723
f 511/777/740 510/724/679 498/723/678 500/778/741
f 512/713/668 513/779/742 502/780/742 501/714/669
f 492/773/736 504/776/739 491/781/743 445/782/744
f 555/783/745 472/695/682 473/731/746 551/784/747
f 556/785/748 476/709/706 471/744/749 552/786/750
f 502/787/751 553/788/752 560/789/753 501/790/754
f 441/743/707 519/791/755 517/750/713 462/738/699
f 515/792/756 533/793/757 534/794/758 516/795/759
f 540/796/760 522/797/761 523/766/729 541/765/728
f 441/726/681 486/725/680 521/675/635 519/674/634
f 518/761/724 520/764/727 485/718/673 440/717/672
f 545/798/762 527/663/623 528/662/622 546/769/732
f 443/727/683 524/767/730 523/766/729 463/728/684
f 463/728/684 523/766/729 522/797/761 442/740/702
f 522/669/629 540/799/763 543/800/764 525/670/630
f 445/782/744 491/781/743 531/748/711 529/747/710
f 527/657/617 545/801/765 548/802/766 530/658/618
f 640/803/767 639/804/767 452/805/768 455/806/768
f 515/792/756 516/795/759 484/758/721 439/757/720
f 536/807/769 518/751/714 517/750/713 535/808/770
f 611/809/771 609/810/772 634/811/773 533/793/757
f 535/808/770 517/750/713 519/791/755 537/812/774
f 632/813/775 604/814/776 610/815/777 537/673/633
f 613/816/778 602/817/779 638/818/780 536/762/725
f 606/819/781 548/802/766 545/801/765 633/820/782
f 630/821/783 547/746/709 549/749/712 608/822/784
f 438/823/785 609/810/772 611/809/771 799/824/785
f 487/825/786 538/763/726 536/762/725 638/818/780
f 630/821/783 599/826/787 637/827/788 547/746/709
f 636/828/789 607/829/790 633/820/782 545/801/765
f 562/830/791 812/831/791 637/827/788 599/826/787
f 435/832/792 598/833/793 615/834/794 814/835/792
f 533/836/795 515/837/796 514/838/797 532/839/798
f 492/840/799 445/729/687 474/699/686 558/841/800
f 501/790/754 560/789/753 478/705/704 444/664/624
f 498/842/801 556/785/748 552/786/750 500/843/802
f 495/844/803 555/783/745 551/784/747 497/845/804
f 499/846/805 557/847/806 470/692/697 439/737/696
f 493/735/693 559/734/692 479/703/703 442/740/702
f 496/848/807 554/849/808 477/721/701 440/739/700
f 551/784/747 473/731/746 477/721/701 554/849/808
f 552/786/750 471/744/749 470/692/697 557/847/806
f 550/733/691 558/841/800 474/699/686 475/707/809
f 550/733/691 475/707/809 479/703/703 559/734/692
f 553/788/752 469/741/810 478/705/704 560/789/753
f 494/732/690 492/840/799 558/841/800 550/733/691
f 497/845/804 551/784/747 554/849/808 496/848/807
f 443/727/683 472/695/682 555/783/745 495/844/803
f 441/743/707 476/709/706 556/785/748 498/842/801
f 500/843/802 552/786/750 557/847/806 499/846/805
f 604/850/811 586/851/812 570/852/813 437/853/814
f 566/854/815 591/855/816 602/856/817 436/857/818
f 630/858/819 608/859/820 580/860/821 626/861/822
f 577/862/823 596/863/824 607/864/825 561/865/826
f 618/866/827 567/867/828 568/868/829 619/869/830
f 619/869/830 568/868/829 569/870/831 620/871/832
f 585/872/833 594/873/834 598/874/835 435/875/836
f 621/876/837 573/877/838 574/878/839 622/879/840
f 622/879/840 574/878/839 575/880/841 623/881/842
f 624/882/843 578/883/844 579/884/845 625/885/846
f 626/861/822 580/860/821 581/886/847 627/887/848
f 627/887/848 581/886/847 582/888/849 628/889/850
f 571/890/851 587/891/852 588/892/853 572/893/854
f 570/852/813 586/851/812 587/891/852 571/890/851
f 620/871/832 569/870/831 487/894/855 638/895/856
f 565/896/857 590/897/858 591/855/816 566/854/815
f 564/898/859 589/899/860 590/897/858 565/896/857
f 563/900/861 603/901/862 589/899/860 564/898/859
f 628/889/850 582/888/849 600/902/863 629/903/864
f 584/904/865 593/905/866 594/873/834 585/872/833
f 583/906/867 592/907/868 593/905/866 584/904/865
f 562/908/869 599/909/870 592/907/868 583/906/867
f 625/885/846 579/884/845 606/910/871 633/911/872
f 576/912/873 595/913/874 596/863/824 577/862/823
f 631/914/875 597/915/876 567/867/828 618/866/827
f 623/881/842 575/880/841 605/916/877 634/917/878
f 572/893/854 588/892/853 609/918/879 438/919/880
f 632/920/881 621/876/837 586/851/812 604/850/811
f 605/921/882 534/794/758 533/793/757 634/811/773
f 437/922/883 798/923/883 610/815/777 604/814/776
f 436/924/884 602/817/779 613/816/778 796/925/884
f 600/926/885 543/800/764 540/799/763 629/927/886
f 615/834/794 598/833/793 629/927/886 540/799/763
f 607/829/790 636/828/789 811/928/887 561/929/887
f 631/930/888 603/931/889 635/932/890 542/754/717
f 563/933/891 815/934/891 635/932/890 603/931/889
f 631/930/888 542/754/717 544/755/718 597/935/892
f 632/813/775 537/673/633 539/676/636 601/936/893
f 601/937/894 573/877/838 621/876/837 632/920/881
f 588/892/853 623/881/842 634/917/878 609/918/879
f 603/901/862 631/914/875 618/866/827 589/899/860
f 596/863/824 625/885/846 633/911/872 607/864/825
f 594/873/834 628/889/850 629/903/864 598/874/835
f 591/855/816 620/871/832 638/895/856 602/856/817
f 593/905/866 627/887/848 628/889/850 594/873/834
f 592/907/868 626/861/822 627/887/848 593/905/866
f 595/913/874 624/882/843 625/885/846 596/863/824
f 587/891/852 622/879/840 623/881/842 588/892/853
f 586/851/812 621/876/837 622/879/840 587/891/852
f 590/897/858 619/869/830 620/871/832 591/855/816
f 589/899/860 618/866/827 619/869/830 590/897/858
f 599/909/870 630/858/819 626/861/822 592/907/868
f 537/812/774 610/938/895 616/939/896 535/808/770
f 542/768/731 635/940/897 614/941/898 541/765/728
f 547/770/733 637/942/899 612/943/900 546/769/732
f 546/769/732 612/943/900 636/944/901 545/798/762
f 541/765/728 614/941/898 615/945/902 540/796/760
f 532/839/798 617/946/903 611/947/904 533/836/795
f 535/808/770 616/939/896 613/948/905 536/807/769
f 641/949/906 640/803/767 455/806/768 456/950/907
f 642/951/908 641/949/906 456/950/907 468/952/909
f 643/953/910 460/954/911 459/955/912 642/951/908
f 644/956/913 466/957/914 460/954/911 643/953/910
f 457/958/915 448/959/916 466/957/914 644/956/913
f 464/960/917 644/956/913 643/953/910 450/961/918
f 450/961/918 643/953/910 642/951/908 468/952/909
f 459/955/912 446/962/919 641/949/906 642/951/908
f 446/962/919 467/963/920 640/803/767 641/949/906
f 467/963/920 454/964/920 639/804/767 640/803/767
f 458/965/921 457/958/915 644/956/913 464/960/917
f 368/966/922 792/967/923 830/968/924 400/969/925
f 683/970/926 688/971/927 866/972/928 682/973/929
f 727/974/930 718/975/931 719/976/932 729/977/933
f 374/978/934 803/979/934 779/980/935 355/981/935
f 765/982/936 767/983/937 750/984/938 748/985/939
f 722/986/940 721/987/941 774/988/942 770/989/943
f 401/990/944 831/991/945 766/992/946 342/993/947
f 276/994/948 713/995/949 750/996/950 326/997/951
f 403/998/952 833/999/953 795/1000/954 371/1001/955
f 238/1002/956 675/1003/956 778/1004/957 354/1005/957
f 400/1006/925 830/1007/924 752/1008/958 328/1009/959
f 673/1010/960 689/1011/961 747/1012/962 748/1013/963
f 754/1014/964 753/1015/965 736/1016/966 737/1017/967
f 850/1018/968 851/1019/969 802/1020/970 801/1021/971
f 705/1022/972 701/1023/973 672/1024/974 689/1011/961
f 755/1025/975 757/1026/976 740/1027/977 738/1028/978
f 869/1029/979 868/630/591 679/633/594 665/1030/980
f 692/1031/981 699/1032/982 694/1033/983 681/1034/983
f 668/1035/984 718/975/931 727/974/930 707/1036/985
f 698/656/614 702/1037/986 690/1038/987 685/653/614
f 699/1032/988 703/1039/989 686/1040/990 669/1041/991
f 862/1042/767 680/1043/768 452/805/768 639/804/767
f 325/1044/992 749/1045/993 712/1046/994 275/1047/995
f 364/1048/996 788/1049/996 787/1050/997 363/1051/997
f 703/1039/989 700/1052/998 668/1053/999 686/1040/990
f 553/788/752 777/1054/1000 701/1023/973 469/741/810
f 680/1055/1001 681/1034/983 694/1033/983 693/1056/1002
f 716/1057/1003 715/1058/1004 776/1059/1005 768/1060/1006
f 704/1061/1007 702/1037/1008 670/1062/1009 687/1063/1010
f 669/1041/991 686/1040/990 736/1016/966 738/1064/1011
f 734/1065/1012 667/1066/1013 706/1067/1014 735/1068/1015
f 673/1069/1016 748/985/939 750/984/938 713/1070/1017
f 714/1071/1018 775/1072/1019 697/655/1020 673/1010/960
f 226/1073/1021 663/1074/1021 805/1075/1022 376/1076/1022
f 311/1077/1023 735/1078/1024 706/1079/1025 269/1080/1026
f 333/1081/1027 757/1082/1028 826/1083/1029 391/1084/1030
f 741/1085/1031 670/1086/1032 710/1087/1033 744/1088/1034
f 695/1089/1035 704/1061/1007 687/1063/1010 671/1090/1036
f 753/1015/965 755/1091/1037 738/1064/1011 736/1016/966
f 343/1092/1038 767/1093/1039 833/1094/953 403/1095/952
f 714/1096/1040 725/1097/1041 726/1098/1042 716/1099/1043
f 729/977/933 719/976/932 717/1100/1044 728/1101/1045
f 764/1102/1046 765/1103/1047 748/1013/963 747/1012/962
f 871/1104/1048 872/1105/1049 778/1106/1050 675/1107/1051
f 873/1108/1052 871/1104/1048 675/1107/1051 779/1109/1053
f 716/1099/1043 726/1098/1042 724/1110/1054 715/1111/1055
f 667/1066/1013 721/1112/1056 730/1113/1057 706/1067/1014
f 469/741/705 701/1023/1058 691/1114/1059 454/742/705
f 674/1115/1060 705/1022/1060 697/655/616 684/654/615
f 320/1116/1061 744/1117/1062 710/1118/1063 273/1119/1064
f 769/1120/1065 771/1121/1066 700/1052/998 696/1122/1067
f 666/1123/1068 870/1124/1068 836/1125/1069 834/1126/1070
f 718/1127/1071 668/1053/999 700/1052/998 771/1121/1066
f 672/1128/1072 723/1129/1073 733/1130/1074 712/1131/1075
f 670/1086/1032 715/1111/1055 724/1110/1054 710/1087/1033
f 714/1096/1040 673/1069/1016 713/1070/1017 725/1097/1041
f 844/1132/1076 861/1133/1077 709/1134/1078 786/1135/1079
f 737/1136/1080 668/1035/984 707/1036/985 739/1137/1081
f 701/1023/1058 705/1022/1060 674/1115/1060 691/1114/1059
f 697/655/1020 705/1022/972 689/1011/961 673/1010/960
f 720/1138/1082 669/1139/1083 708/1140/1084 731/1141/1085
f 671/1142/1086 743/1143/1087 745/1144/1088 711/1145/1089
f 703/1039/1090 699/1032/982 692/1031/981 678/1146/1090
f 683/1147/1091 682/1148/1092 695/1089/1093 696/1122/1091
f 480/691/694 693/1056/1094 667/1149/1095 461/736/695
f 693/1056/1002 480/691/651 452/694/651 680/1055/1001
f 876/1150/1096 874/1151/1097 677/1152/1098 780/1153/1099
f 770/989/943 774/988/942 693/1056/1094 694/1033/1100
f 709/1154/1101 861/1155/1102 754/1156/1103 756/1157/1104
f 274/1158/1105 711/1159/1106 745/1160/1107 321/1161/1108
f 461/736/695 514/838/797 515/837/796 439/737/696
f 733/1130/1074 723/1129/1073 502/780/742 513/779/742
f 853/1162/1109 849/1163/1110 795/1164/1111 833/1165/1112
f 688/1166/1113 683/1147/1091 696/1122/1091 700/1052/1114
f 723/1167/1115 672/1024/974 701/1023/973 777/1054/1000
f 686/1040/990 668/1053/999 737/1017/967 736/1016/966
f 734/1065/1012 735/1068/1015 752/1168/1116 751/1169/1117
f 730/1113/1057 721/1112/1056 722/1170/1118 732/1171/1119
f 669/1139/1083 738/1028/978 740/1027/977 708/1140/1084
f 228/1172/1120 665/1173/1120 679/1174/1121 242/1175/1122
f 720/1176/1123 722/986/940 770/989/943 773/1177/1124
f 759/1178/1125 760/1179/1126 743/1180/1127 742/1181/1128
f 295/1182/1129 732/1183/1130 731/1184/1131 294/1185/1132
f 732/1171/1119 722/1170/1118 720/1138/1082 731/1141/1085
f 684/1186/1133 864/1187/1134 863/1188/1135 674/1189/1136
f 316/1190/1137 740/1191/1138 757/1082/1028 333/1081/1027
f 390/1192/1139 825/1193/1140 761/1194/1141 337/1195/1142
f 595/913/874 821/1196/1143 848/1197/1144 624/882/843
f 375/1198/1145 804/1199/1145 803/979/934 374/978/934
f 369/1200/1146 793/1201/1146 576/1202/1147 157/1203/1147
f 342/993/947 766/992/946 749/1045/993 325/1044/992
f 275/1047/995 712/1046/994 733/1204/1148 296/1205/1149
f 271/1206/1150 708/1207/1151 740/1191/1138 316/1190/1137
f 371/1001/955 795/1000/954 801/1208/1152 372/1209/1152
f 737/1136/1080 739/1137/1081 756/1157/1104 754/1156/1103
f 273/1119/1064 710/1118/1063 724/1210/1153 287/1211/1154
f 831/1212/1155 856/1213/1156 763/1214/1157 766/1215/1158
f 326/997/951 750/996/950 767/1093/1039 343/1092/1038
f 838/1216/1159 754/1156/1103 861/1155/1102 827/1217/1160
f 853/1218/1161 765/982/936 860/1219/1162 824/1220/1163
f 367/1221/1164 791/1222/1164 792/967/923 368/966/922
f 687/1063/1010 670/1062/1009 741/1223/1165 742/1181/1128
f 671/1090/1036 687/1063/1010 742/1181/1128 743/1180/1127
f 332/1224/1166 756/1225/1167 739/1226/1168 315/1227/1169
f 321/1161/1108 745/1160/1107 762/1228/1170 338/1229/1171
f 361/1230/1172 785/1231/1172 786/1232/1173 362/1233/1174
f 315/1227/1169 739/1226/1168 707/1234/1175 270/1235/1176
f 229/1236/1177 666/1237/1177 789/1238/1178 365/1239/1178
f 721/987/941 667/1149/1095 693/1056/1094 774/988/942
f 372/1209/1152 801/1208/1152 802/1240/1179 373/1241/1180
f 773/1177/1124 770/989/943 694/1033/1100 699/1032/988
f 366/1242/1181 790/1243/1182 791/1222/1164 367/1221/1164
f 788/1244/1183 789/1245/1184 808/1246/1185 807/1247/1186
f 843/1248/1187 844/1132/1076 786/1135/1079 785/1249/1188
f 818/1250/1189 819/1251/1190 850/1018/968 849/1163/1110
f 787/1252/1191 788/1244/1183 807/1247/1186 806/1253/1192
f 759/1178/1125 758/1254/1193 840/1255/1194 839/1256/1195
f 682/973/929 866/972/928 690/1257/1196 676/1258/1197
f 719/1259/1198 718/1127/1071 771/1121/1066 769/1120/1065
f 860/1260/1199 837/1261/1200 871/1104/1048 873/1108/1052
f 858/1262/1201 839/1256/1195 874/1151/1097 876/1150/1096
f 19/1263/1202 453/1264/1202 666/1237/1177 229/1236/1177
f 292/1265/1203 729/1266/1204 728/1267/1205 291/1268/1206
f 821/1196/1143 832/1269/1207 856/1270/1208 848/1197/1144
f 782/1271/1209 783/1272/1210 817/1273/1211 816/1274/1212
f 846/1275/1213 847/1276/1214 792/1277/1215 791/1278/1216
f 289/1279/1217 726/1280/1218 725/1281/1219 288/1282/1220
f 669/1041/991 720/1176/1123 773/1177/1124 699/1032/988
f 783/1272/1210 664/1283/1221 827/1284/1222 817/1273/1211
f 845/1285/1223 846/1275/1213 791/1278/1216 790/1286/1224
f 817/1273/1211 827/1284/1222 861/1133/1077 844/1132/1076
f 849/1163/1110 850/1018/968 801/1021/971 795/1164/1111
f 842/1287/1225 843/1248/1187 785/1249/1188 784/1288/1226
f 355/981/935 779/980/935 675/1003/956 238/1002/956
f 716/1057/1003 768/1060/1006 775/1072/1019 714/1071/1018
f 337/1195/1142 761/1194/1141 744/1117/1062 320/1116/1061
f 363/1051/997 787/1050/997 665/1173/1120 228/1172/1120
f 624/882/843 848/1197/1144 794/1289/1227 578/883/844
f 272/1290/1228 709/1291/1229 756/1225/1167 332/1224/1166
f 359/1292/1230 783/1293/1230 782/1294/1231 358/1295/1231
f 370/1296/1232 794/1297/1233 831/1298/945 401/1299/944
f 387/1300/1234 822/1301/1235 784/1302/1236 360/1303/1237
f 532/839/798 751/1304/1238 836/1305/1239 617/946/903
f 159/1306/1240 578/1307/1240 794/1297/1233 370/1296/1232
f 362/1233/1174 786/1232/1173 709/1308/1229 272/1309/1228
f 269/1080/1026 706/1079/1025 730/1310/1241 293/1311/1242
f 772/1312/1243 769/1120/1065 696/1122/1067 695/1089/1035
f 807/1247/1186 808/1246/1185 847/1276/1214 846/1275/1213
f 354/1005/957 778/1004/957 793/1201/1146 369/1200/1146
f 294/1185/1132 731/1184/1131 708/1207/1151 271/1206/1150
f 293/1311/1242 730/1310/1241 732/1183/1130 295/1182/1129
f 824/1313/1244 818/1250/1189 849/1163/1110 853/1162/1109
f 357/1314/1245 781/1315/1245 780/1316/1246 356/1317/1246
f 819/1251/1190 820/1318/1247 851/1019/969 850/1018/968
f 287/1211/1154 724/1210/1153 726/1280/1218 289/1279/1217
f 820/1318/1247 823/1319/1248 852/1320/1249 851/1019/969
f 290/1321/1250 727/1322/1251 729/1266/1204 292/1265/1203
f 839/1256/1195 840/1255/1194 875/1323/1252 874/1151/1097
f 809/1324/1253 816/1274/1212 843/1248/1187 842/1287/1225
f 841/1325/1254 838/1326/1255 867/631/592 868/630/591
f 291/1268/1206 728/1267/1205 711/1159/1106 274/1158/1105
f 753/1015/965 754/1014/964 838/1326/1255 841/1325/1254
f 296/1205/1149 733/1204/1148 513/1327/1256 79/1328/1256
f 793/1329/1257 778/1330/1258 832/1269/1207 821/1196/1143
f 256/495/463 243/367/462 18/192/1259 46/1331/1259
f 270/1235/1176 707/1234/1175 727/1322/1251 290/1321/1250
f 328/1009/959 752/1008/958 735/1078/1024 311/1077/1023
f 829/1332/1260 665/1333/1261 787/1252/1191 806/1253/1192
f 671/1090/1036 717/1334/1262 772/1312/1243 695/1089/1035
f 805/1335/1263 663/1336/1264 823/1319/1248 820/1318/1247
f 240/1337/1265 677/1338/1265 663/1074/1021 226/1073/1021
f 617/946/903 836/1305/1239 870/1339/1266 800/649/610
f 461/736/695 667/1149/1095 734/1340/1267 514/838/797
f 360/1303/1237 784/1302/1236 785/1231/1172 361/1230/1172
f 691/1341/920 862/1042/767 639/804/767 454/964/920
f 358/1295/1231 782/1294/1231 781/1315/1245 357/1314/1245
f 288/1282/1220 725/1281/1219 713/995/949 276/994/948
f 835/1342/1268 841/1325/1254 868/630/591 869/1029/979
f 837/1261/1200 859/1343/1269 872/1105/1049 871/1104/1048
f 242/1175/1122 679/1174/1121 664/1344/1270 227/1345/1270
f 365/1239/1178 789/1238/1178 788/1049/996 364/1048/996
f 663/1346/1271 875/1347/1271 840/1348/1272 823/1349/1273
f 610/938/895 798/689/649 797/645/606 616/939/896
f 616/939/896 797/645/606 796/648/609 613/948/905
f 674/1189/1136 863/1188/1135 862/1042/767 691/1341/920
f 617/946/903 800/649/610 799/652/613 611/947/904
f 373/1241/1180 802/1240/1179 825/1350/1140 390/1351/1139
f 391/1352/1030 826/1353/1029 790/1243/1182 366/1242/1181
f 338/1229/1171 762/1228/1170 822/1354/1235 387/1355/1234
f 376/1076/1022 805/1075/1022 804/1199/1145 375/1198/1145
f 227/1345/1270 664/1344/1270 783/1293/1230 359/1292/1230
f 356/1317/1246 780/1316/1246 677/1338/1265 240/1337/1265
f 637/942/899 812/685/645 810/681/641 612/943/900
f 612/943/900 810/681/641 811/684/644 636/944/901
f 635/940/897 815/687/647 813/665/625 614/941/898
f 614/941/898 813/665/625 814/668/628 615/945/902
f 15/1356/1274 1/1357/1275 435/1358/1275 449/1359/1274
f 17/1360/1276 2/1361/1277 436/1362/1277 451/1363/1278
f 19/1364/1202 4/1365/1279 438/1366/1279 453/1367/1202
f 3/1368/1280 17/1360/1276 451/1363/1278 437/1369/1280
f 72/1370/1281 74/1371/1282 508/1372/1283 506/1373/1284
f 74/1371/1282 73/1374/1285 507/1375/1286 508/1372/1283
f 71/1376/1287 70/1377/1288 504/1378/1289 505/1379/1290
f 69/1380/1291 71/1376/1287 505/1379/1290 503/1381/1292
f 75/1382/1293 77/1383/1294 511/1384/1295 509/1385/1296
f 77/1383/1294 76/1386/1297 510/1387/1298 511/1384/1295
f 78/1388/1299 79/1328/1256 513/1327/1256 512/1389/1300
f 70/1377/1288 57/1390/1301 491/1391/1302 504/1378/1289
f 54/1392/1303 69/1380/1291 503/1381/1292 488/1393/1304
f 73/1374/1285 55/1394/1305 489/1395/1306 507/1375/1286
f 51/1396/1307 72/1370/1281 506/1373/1284 485/1397/1308
f 50/1398/1309 75/1382/1293 509/1385/1296 484/1399/1310
f 76/1386/1297 52/1400/1311 486/1401/1312 510/1387/1298
f 56/1402/1313 78/1388/1299 512/1389/1300 490/1403/1314
f 115/1404/1315 97/1405/1316 516/1406/1317 534/1407/1318
f 119/1408/1319 101/1409/1320 520/1410/1321 538/1411/1322
f 53/1412/1323 119/1408/1319 538/1411/1322 487/1413/1324
f 102/1414/1325 120/1415/1326 539/1416/1327 521/1417/1328
f 124/1418/1329 106/1419/1330 525/1420/1331 543/1421/1332
f 107/1422/1333 125/1423/1334 544/1424/1335 526/1425/1336
f 129/1426/1337 111/1427/1338 530/1428/1339 548/1429/1340
f 112/1430/1341 130/1431/1342 549/1432/1343 531/1433/1344
f 142/1434/1345 158/1435/1346 577/1436/1346 561/1437/1345
f 145/1438/1347 144/1439/1348 563/1440/1348 564/1441/1347
f 146/1442/1349 145/1438/1347 564/1441/1347 565/1443/1349
f 147/1444/1350 146/1442/1349 565/1443/1349 566/1445/1350
f 148/1446/1351 149/1447/1352 568/1448/1352 567/1449/1353
f 149/1447/1352 150/1450/1354 569/1451/1355 568/1448/1352
f 152/1452/1356 151/1453/1357 570/1454/1357 571/1455/1356
f 153/1456/1358 152/1452/1356 571/1455/1356 572/1457/1358
f 154/1458/1359 155/1459/1360 574/1460/1360 573/1461/1361
f 155/1459/1360 156/1462/1362 575/1463/1363 574/1460/1360
f 158/1435/1346 157/1464/1147 576/1465/1147 577/1436/1346
f 159/1306/1240 160/1466/1364 579/1467/1365 578/1307/1240
f 161/1468/1366 162/1469/1367 581/1470/1367 580/1471/1368
f 162/1469/1367 163/1472/1369 582/1473/1370 581/1470/1367
f 164/1474/1371 143/1475/1372 562/1476/1372 583/1477/1371
f 165/1478/1373 164/1474/1371 583/1477/1371 584/1479/1373
f 166/1480/1374 165/1478/1373 584/1479/1373 585/1481/1374
f 178/1482/1375 148/1446/1351 567/1449/1353 597/1483/1376
f 163/1472/1369 181/1484/1377 600/1485/1378 582/1473/1370
f 182/1486/1379 154/1458/1359 573/1461/1361 601/1487/1380
f 156/1462/1362 186/1488/1381 605/1489/1382 575/1463/1363
f 160/1466/1364 187/1490/1383 606/1491/1384 579/1467/1365
f 189/1492/1385 161/1468/1366 580/1471/1368 608/1493/1386
f 13/1494/1387 142/1434/1345 561/1437/1345 447/1495/1387
f 143/1475/1372 13/1494/1387 447/1495/1387 562/1476/1372
f 144/1439/1348 15/1356/1274 449/1359/1274 563/1440/1348
f 186/1496/1381 115/1404/1315 534/1407/1318 605/1497/1382
f 120/1415/1326 182/1498/1379 601/1499/1380 539/1416/1327
f 181/1500/1377 124/1418/1329 543/1421/1332 600/1501/1378
f 125/1423/1334 178/1502/1375 597/1503/1376 544/1424/1335
f 187/1504/1383 129/1426/1337 548/1429/1340 606/1505/1384
f 130/1431/1342 189/1506/1385 608/1507/1386 549/1432/1343
f 4/1365/1279 153/1456/1358 572/1457/1358 438/1366/1279
f 2/1361/1277 147/1444/1350 566/1445/1350 436/1362/1277
f 1/1357/1275 166/1480/1374 585/1481/1374 435/1358/1275
f 151/1453/1357 3/1368/1280 437/1369/1280 570/1454/1357
f 150/1450/1354 53/1508/1323 487/1509/1324 569/1451/1355
f 763/1510/1388 764/1102/1046 747/1012/962 746/1511/1389
f 502/787/751 723/1167/1115 777/1054/1000 553/788/752
f 874/1151/1097 875/1323/1252 663/1512/1390 677/1152/1098
f 700/1052/1114 703/1039/1090 678/1146/1090 688/1166/1113
f 676/1513/1391 690/1038/987 702/1037/986 704/1061/1391
f 676/1513/1391 704/1061/1391 695/1089/1093 682/1148/1092
f 760/1514/1392 762/1515/1393 745/1144/1088 743/1143/1087
f 779/1516/1394 824/1220/1163 860/1219/1162 873/1517/1394
f 768/1060/1006 776/1059/1005 702/1037/1008 698/656/1395
f 768/1060/1006 698/656/1395 697/655/1020 775/1072/1019
f 664/1518/1396 867/1519/1396 838/1216/1159 827/1217/1160
f 832/1520/1397 778/1521/1398 872/1522/1398 859/1523/1399
f 804/1524/1400 805/1335/1263 820/1318/1247 819/1251/1190
f 848/1197/1144 856/1270/1208 831/1525/1401 794/1289/1227
f 760/1179/1126 759/1178/1125 839/1256/1195 858/1262/1201
f 678/1526/1402 692/1527/1403 864/1187/1134 865/1528/1404
f 847/1276/1214 857/1529/1405 830/1530/1406 792/1277/1215
f 855/1531/1407 829/1332/1260 806/1253/1192 845/1285/1223
f 779/1532/1408 803/1533/1409 818/1250/1189 824/1313/1244
f 854/1534/1410 842/1287/1225 784/1288/1226 822/1535/1411
f 854/1536/1412 822/1537/1413 762/1515/1393 760/1514/1392
f 826/1538/1414 855/1531/1407 845/1285/1223 790/1286/1224
f 855/1539/1415 826/1540/1416 757/1026/976 755/1025/975
f 780/1541/1417 828/1542/1418 858/1543/1419 876/1544/1417
f 828/1545/1420 809/1324/1253 842/1287/1225 854/1534/1410
f 764/1102/1046 763/1510/1388 859/1343/1269 837/1261/1200
f 755/1091/1037 753/1015/965 841/1325/1254 835/1342/1268
f 741/1085/1031 744/1088/1034 761/1546/1421 758/1547/1422
f 816/1274/1212 817/1273/1211 844/1132/1076 843/1248/1187
f 576/912/873 793/1329/1257 821/1196/1143 595/913/874
f 803/1533/1409 804/1524/1400 819/1251/1190 818/1250/1189
f 688/971/927 678/1526/1402 865/1528/1404 866/972/928
f 866/972/928 865/1528/1404 685/1548/1423 690/1257/1196
f 765/1103/1047 764/1102/1046 837/1261/1200 860/1260/1199
f 865/1528/1404 864/1187/1134 684/1186/1133 685/1548/1423
f 665/1549/1424 829/1550/1425 835/1551/1426 869/1552/1424
f 789/1245/1184 666/1553/1427 834/1554/1428 808/1246/1185
f 781/1555/1429 782/1271/1209 816/1274/1212 809/1324/1253
f 864/1187/1134 692/1527/1403 681/1556/1430 863/1188/1135
f 808/1246/1185 834/1554/1428 857/1529/1405 847/1276/1214
f 806/1253/1192 807/1247/1186 846/1275/1213 845/1285/1223
f 863/1188/1135 681/1556/1430 680/1043/768 862/1042/767
f 780/1557/1431 781/1555/1429 809/1324/1253 828/1545/1420
f 851/1019/969 852/1320/1249 825/1558/1432 802/1020/970
f 746/1559/1433 672/1128/1072 712/1131/1075 749/1560/1434
f 689/1011/961 672/1024/974 746/1511/1389 747/1012/962
f 830/1561/1435 857/1562/1436 751/1169/1117 752/1168/1116
f 825/1563/1437 852/1564/1438 758/1547/1422 761/1546/1421
f 97/1405/1316 50/1398/1309 484/1399/1310 516/1406/1317
f 101/1409/1320 51/1396/1307 485/1397/1308 520/1410/1321
f 52/1400/1311 102/1414/1325 521/1417/1328 486/1401/1312
f 106/1419/1330 54/1392/1303 488/1393/1304 525/1420/1331
f 55/1394/1305 107/1422/1333 526/1425/1336 489/1395/1306
f 111/1427/1338 56/1402/1313 490/1403/1314 530/1428/1339
f 57/1390/1301 112/1430/1341 531/1433/1344 491/1391/1302
f 717/1334/1262 719/1259/1198 769/1120/1065 772/1312/1243
f 715/1058/1004 670/1062/1009 702/1037/1008 776/1059/1005
f 853/1218/1161 833/1565/1439 767/983/937 765/982/936
f 859/1523/1399 763/1214/1157 856/1213/1156 832/1520/1397
f 751/1304/1238 532/839/798 514/838/797 734/1340/1267
f 758/1254/1193 759/1178/1125 742/1181/1128 741/1223/1165
f 746/1559/1433 749/1560/1434 766/1215/1158 763/1214/1157
f 836/1125/1069 751/1169/1117 857/1562/1436 834/1126/1070
f 855/1539/1415 755/1025/975 835/1551/1426 829/1550/1425
f 800/649/610 870/1339/1266 666/1566/1440 453/650/611
f 717/1100/1044 671/1142/1086 711/1145/1089 728/1101/1045
f 840/1348/1272 758/1547/1422 852/1564/1438 823/1349/1273
f 854/1536/1412 760/1514/1392 858/1543/1419 828/1542/1418
f 36/125/118 46/1331/1259 18/192/1259 21/126/119
