# Blender 4.0.2
# www.blender.org
o abacus
v -0.131097 0.000000 0.033216
v -0.131097 0.000000 -0.033216
v -0.118766 -0.000000 -0.033216
v -0.118766 -0.000000 0.033216
v -0.131097 0.240657 0.022507
v -0.131097 0.256136 0.006341
v -0.131097 0.246581 0.021070
v -0.131097 0.251602 0.017493
v -0.131097 0.254958 0.012321
v -0.131097 0.256136 -0.006341
v -0.131097 0.240657 -0.022507
v -0.131097 0.254958 -0.012321
v -0.131097 0.251602 -0.017493
v -0.131097 0.246581 -0.021070
v -0.118766 0.240657 -0.022507
v -0.118766 0.256136 -0.006341
v -0.118766 0.246581 -0.021070
v -0.118766 0.251602 -0.017493
v -0.118766 0.254958 -0.012321
v -0.118766 0.256136 0.006341
v -0.118766 0.240657 0.022507
v -0.118766 0.254958 0.012321
v -0.118766 0.251602 0.017493
v -0.118766 0.246581 0.021070
v 0.131097 0.000000 0.033216
v 0.131097 0.000000 -0.033216
v 0.118766 -0.000000 -0.033216
v 0.118766 -0.000000 0.033216
v 0.131097 0.240657 0.022507
v 0.131097 0.256136 0.006341
v 0.131097 0.246581 0.021070
v 0.131097 0.251602 0.017493
v 0.131097 0.254958 0.012321
v 0.131097 0.256136 -0.006341
v 0.131097 0.240657 -0.022507
v 0.131097 0.254958 -0.012321
v 0.131097 0.251602 -0.017493
v 0.131097 0.246581 -0.021070
v 0.118766 0.240657 -0.022507
v 0.118766 0.256136 -0.006341
v 0.118766 0.246581 -0.021070
v 0.118766 0.251602 -0.017493
v 0.118766 0.254958 -0.012321
v 0.118766 0.256136 0.006341
v 0.118766 0.240657 0.022507
v 0.118766 0.254958 0.012321
v 0.118766 0.251602 0.017493
v 0.118766 0.246581 0.021070
v -0.119603 0.234959 -0.007581
v 0.119603 0.234959 -0.007581
v -0.119603 0.232058 -0.007004
v 0.119603 0.232058 -0.007004
v -0.119603 0.229599 -0.005360
v 0.119603 0.229599 -0.005360
v -0.119603 0.227955 -0.002901
v 0.119603 0.227955 -0.002901
v -0.119603 0.227378 0.000000
v 0.119603 0.227378 0.000000
v -0.119603 0.227955 0.002901
v 0.119603 0.227955 0.002901
v -0.119603 0.229599 0.005360
v 0.119603 0.229599 0.005360
v -0.119603 0.232058 0.007004
v 0.119603 0.232058 0.007004
v -0.119603 0.234959 0.007581
v 0.119603 0.234959 0.007581
v -0.119603 0.237860 0.007004
v 0.119603 0.237860 0.007004
v -0.119603 0.240319 0.005360
v 0.119603 0.240319 0.005360
v -0.119603 0.241962 0.002901
v 0.119603 0.241962 0.002901
v -0.119603 0.242539 -0.000000
v 0.119603 0.242539 -0.000000
v -0.119603 0.241962 -0.002901
v 0.119603 0.241962 -0.002901
v -0.119603 0.240319 -0.005360
v 0.119603 0.240319 -0.005360
v -0.119603 0.237860 -0.007004
v 0.119603 0.237860 -0.007004
v -0.119603 0.196187 -0.004450
v 0.119603 0.196187 -0.004450
v -0.119603 0.194484 -0.004111
v 0.119603 0.194484 -0.004111
v -0.119603 0.193040 -0.003147
v 0.119603 0.193040 -0.003147
v -0.119603 0.192075 -0.001703
v 0.119603 0.192075 -0.001703
v -0.119603 0.191737 0.000000
v 0.119603 0.191737 0.000000
v -0.119603 0.192075 0.001703
v 0.119603 0.192075 0.001703
v -0.119603 0.193040 0.003147
v 0.119603 0.193040 0.003147
v -0.119603 0.194484 0.004111
v 0.119603 0.194484 0.004111
v -0.119603 0.196187 0.004450
v 0.119603 0.196187 0.004450
v -0.119603 0.197889 0.004111
v 0.119603 0.197889 0.004111
v -0.119603 0.199333 0.003147
v 0.119603 0.199333 0.003147
v -0.119603 0.200298 0.001703
v 0.119603 0.200298 0.001703
v -0.119603 0.200636 -0.000000
v 0.119603 0.200636 -0.000000
v -0.119603 0.200298 -0.001703
v 0.119603 0.200298 -0.001703
v -0.119603 0.199333 -0.003147
v 0.119603 0.199333 -0.003147
v -0.119603 0.197889 -0.004111
v 0.119603 0.197889 -0.004111
v -0.119603 0.154091 -0.004450
v 0.119603 0.154091 -0.004450
v -0.119603 0.152388 -0.004111
v 0.119603 0.152388 -0.004111
v -0.119603 0.150944 -0.003147
v 0.119603 0.150944 -0.003147
v -0.119603 0.149980 -0.001703
v 0.119603 0.149980 -0.001703
v -0.119603 0.149641 0.000000
v 0.119603 0.149641 0.000000
v -0.119603 0.149980 0.001703
v 0.119603 0.149980 0.001703
v -0.119603 0.150944 0.003147
v 0.119603 0.150944 0.003147
v -0.119603 0.152388 0.004111
v 0.119603 0.152388 0.004111
v -0.119603 0.154091 0.004450
v 0.119603 0.154091 0.004450
v -0.119603 0.155794 0.004111
v 0.119603 0.155794 0.004111
v -0.119603 0.157237 0.003147
v 0.119603 0.157237 0.003147
v -0.119603 0.158202 0.001703
v 0.119603 0.158202 0.001703
v -0.119603 0.158541 -0.000000
v 0.119603 0.158541 -0.000000
v -0.119603 0.158202 -0.001703
v 0.119603 0.158202 -0.001703
v -0.119603 0.157237 -0.003147
v 0.119603 0.157237 -0.003147
v -0.119603 0.155794 -0.004111
v 0.119603 0.155794 -0.004111
v -0.119603 0.111995 -0.004450
v 0.119603 0.111995 -0.004450
v -0.119603 0.110293 -0.004111
v 0.119603 0.110293 -0.004111
v -0.119603 0.108849 -0.003147
v 0.119603 0.108849 -0.003147
v -0.119603 0.107884 -0.001703
v 0.119603 0.107884 -0.001703
v -0.119603 0.107546 0.000000
v 0.119603 0.107546 0.000000
v -0.119603 0.107884 0.001703
v 0.119603 0.107884 0.001703
v -0.119603 0.108849 0.003147
v 0.119603 0.108849 0.003147
v -0.119603 0.110293 0.004111
v 0.119603 0.110293 0.004111
v -0.119603 0.111995 0.004450
v 0.119603 0.111995 0.004450
v -0.119603 0.113698 0.004111
v 0.119603 0.113698 0.004111
v -0.119603 0.115142 0.003147
v 0.119603 0.115142 0.003147
v -0.119603 0.116107 0.001703
v 0.119603 0.116107 0.001703
v -0.119603 0.116445 -0.000000
v 0.119603 0.116445 -0.000000
v -0.119603 0.116107 -0.001703
v 0.119603 0.116107 -0.001703
v -0.119603 0.115142 -0.003147
v 0.119603 0.115142 -0.003147
v -0.119603 0.113698 -0.004111
v 0.119603 0.113698 -0.004111
v -0.119603 0.069900 -0.004450
v 0.119603 0.069900 -0.004450
v -0.119603 0.068197 -0.004111
v 0.119603 0.068197 -0.004111
v -0.119603 0.066753 -0.003147
v 0.119603 0.066753 -0.003147
v -0.119603 0.065789 -0.001703
v 0.119603 0.065789 -0.001703
v -0.119603 0.065450 0.000000
v 0.119603 0.065450 0.000000
v -0.119603 0.065789 0.001703
v 0.119603 0.065789 0.001703
v -0.119603 0.066753 0.003147
v 0.119603 0.066753 0.003147
v -0.119603 0.068197 0.004111
v 0.119603 0.068197 0.004111
v -0.119603 0.069900 0.004450
v 0.119603 0.069900 0.004450
v -0.119603 0.071603 0.004111
v 0.119603 0.071603 0.004111
v -0.119603 0.073046 0.003147
v 0.119603 0.073046 0.003147
v -0.119603 0.074011 0.001703
v 0.119603 0.074011 0.001703
v -0.119603 0.074350 -0.000000
v 0.119603 0.074350 -0.000000
v -0.119603 0.074011 -0.001703
v 0.119603 0.074011 -0.001703
v -0.119603 0.073046 -0.003147
v 0.119603 0.073046 -0.003147
v -0.119603 0.071603 -0.004111
v 0.119603 0.071603 -0.004111
v -0.119603 0.027804 -0.004450
v 0.119603 0.027804 -0.004450
v -0.119603 0.026101 -0.004111
v 0.119603 0.026101 -0.004111
v -0.119603 0.024658 -0.003147
v 0.119603 0.024658 -0.003147
v -0.119603 0.023693 -0.001703
v 0.119603 0.023693 -0.001703
v -0.119603 0.023354 0.000000
v 0.119603 0.023354 0.000000
v -0.119603 0.023693 0.001703
v 0.119603 0.023693 0.001703
v -0.119603 0.024658 0.003147
v 0.119603 0.024658 0.003147
v -0.119603 0.026101 0.004111
v 0.119603 0.026101 0.004111
v -0.119603 0.027804 0.004450
v 0.119603 0.027804 0.004450
v -0.119603 0.029507 0.004111
v 0.119603 0.029507 0.004111
v -0.119603 0.030951 0.003147
v 0.119603 0.030951 0.003147
v -0.119603 0.031915 0.001703
v 0.119603 0.031915 0.001703
v -0.119603 0.032254 -0.000000
v 0.119603 0.032254 -0.000000
v -0.119603 0.031915 -0.001703
v 0.119603 0.031915 -0.001703
v -0.119603 0.030951 -0.003147
v 0.119603 0.030951 -0.003147
v -0.119603 0.029507 -0.004111
v 0.119603 0.029507 -0.004111
v -0.100704 0.027804 0.008789
v -0.104398 0.027804 0.011483
v -0.113111 0.027804 0.011483
v -0.118643 0.027804 0.004435
v -0.098866 0.026107 0.004098
v -0.100704 0.024441 0.008120
v -0.104398 0.023410 0.010609
v -0.108754 0.023048 0.011483
v -0.113111 0.023410 0.010609
v -0.116804 0.024441 0.008120
v -0.118643 0.026107 0.004098
v -0.098866 0.024668 0.003136
v -0.100704 0.021590 0.006215
v -0.104398 0.019684 0.008120
v -0.108754 0.019015 0.008789
v -0.113111 0.019684 0.008120
v -0.116804 0.021590 0.006215
v -0.118643 0.024668 0.003136
v -0.098866 0.023707 0.001697
v -0.100704 0.019684 0.003363
v -0.104398 0.017195 0.004394
v -0.108754 0.016321 0.004757
v -0.113111 0.017195 0.004394
v -0.116804 0.019684 0.003363
v -0.118643 0.023707 0.001697
v -0.098866 0.023369 -0.000000
v -0.100704 0.019015 -0.000000
v -0.104398 0.016321 -0.000000
v -0.108754 0.015375 -0.000000
v -0.113111 0.016321 -0.000000
v -0.116804 0.019015 -0.000000
v -0.118643 0.023369 -0.000000
v -0.098866 0.023707 -0.001697
v -0.100704 0.019684 -0.003363
v -0.104398 0.017195 -0.004394
v -0.108754 0.016321 -0.004757
v -0.113111 0.017195 -0.004394
v -0.116804 0.019684 -0.003363
v -0.118643 0.023707 -0.001697
v -0.098866 0.024668 -0.003136
v -0.100704 0.021590 -0.006215
v -0.104398 0.019684 -0.008120
v -0.108754 0.019015 -0.008789
v -0.113111 0.019684 -0.008120
v -0.116804 0.021590 -0.006215
v -0.118643 0.024668 -0.003136
v -0.098866 0.026107 -0.004098
v -0.100704 0.024441 -0.008120
v -0.104398 0.023410 -0.010609
v -0.108754 0.023048 -0.011483
v -0.113111 0.023410 -0.010609
v -0.116804 0.024441 -0.008120
v -0.118643 0.026107 -0.004098
v -0.098866 0.027804 -0.004435
v -0.100704 0.027804 -0.008789
v -0.104398 0.027804 -0.011483
v -0.108754 0.027804 -0.012429
v -0.113111 0.027804 -0.011483
v -0.116804 0.027804 -0.008789
v -0.118643 0.027804 -0.004435
v -0.098866 0.029501 -0.004098
v -0.100704 0.031168 -0.008120
v -0.104398 0.032199 -0.010609
v -0.108754 0.032561 -0.011483
v -0.113111 0.032199 -0.010609
v -0.116804 0.031168 -0.008120
v -0.118643 0.029501 -0.004098
v -0.098866 0.030940 -0.003136
v -0.100704 0.034019 -0.006215
v -0.104398 0.035924 -0.008120
v -0.108754 0.036593 -0.008789
v -0.113111 0.035924 -0.008120
v -0.116804 0.034019 -0.006215
v -0.118643 0.030940 -0.003136
v -0.098866 0.031902 -0.001697
v -0.100704 0.035924 -0.003363
v -0.104398 0.038413 -0.004394
v -0.108754 0.039288 -0.004757
v -0.113111 0.038413 -0.004394
v -0.116804 0.035924 -0.003363
v -0.118643 0.031902 -0.001697
v -0.098866 0.032239 0.000000
v -0.100704 0.036593 0.000000
v -0.104398 0.039288 0.000000
v -0.108754 0.040234 0.000000
v -0.113111 0.039288 0.000000
v -0.116804 0.036593 0.000000
v -0.118643 0.032239 0.000000
v -0.098866 0.031902 0.001697
v -0.100704 0.035924 0.003363
v -0.104398 0.038413 0.004394
v -0.108754 0.039288 0.004757
v -0.113111 0.038413 0.004394
v -0.116804 0.035924 0.003363
v -0.118643 0.031902 0.001697
v -0.098866 0.030940 0.003136
v -0.100704 0.034019 0.006215
v -0.104398 0.035924 0.008120
v -0.108754 0.036593 0.008789
v -0.113111 0.035924 0.008120
v -0.116804 0.034019 0.006215
v -0.118643 0.030940 0.003136
v -0.098866 0.029501 0.004098
v -0.100704 0.031168 0.008120
v -0.104398 0.032199 0.010609
v -0.108754 0.032561 0.011483
v -0.113111 0.032199 0.010609
v -0.116804 0.031168 0.008120
v -0.118643 0.029501 0.004098
v -0.098866 0.027804 0.004435
v -0.108754 0.027804 0.012429
v -0.116804 0.027804 0.008789
v -0.080928 0.027804 0.008789
v -0.084621 0.027804 0.011483
v -0.080928 0.024441 0.008120
v -0.079089 0.027804 0.004435
v -0.080928 0.031168 0.008120
v -0.079089 0.029501 0.004098
v -0.084621 0.032199 0.010609
v -0.080928 0.034019 0.006215
v -0.079089 0.030940 0.003136
v -0.084621 0.035924 0.008120
v -0.080928 0.035924 0.003363
v -0.079089 0.031902 0.001697
v -0.084621 0.038413 0.004394
v -0.080928 0.036593 0.000000
v -0.079089 0.032239 0.000000
v -0.084621 0.039288 0.000000
v -0.080928 0.035924 -0.003363
v -0.079089 0.031902 -0.001697
v -0.084621 0.038413 -0.004394
v -0.080928 0.034019 -0.006215
v -0.079089 0.030940 -0.003136
v -0.084621 0.035924 -0.008120
v -0.080928 0.031168 -0.008120
v -0.079089 0.029501 -0.004098
v -0.084621 0.032199 -0.010609
v -0.080928 0.027804 -0.008789
v -0.079089 0.027804 -0.004435
v -0.084621 0.027804 -0.011483
v -0.080928 0.024441 -0.008120
v -0.079089 0.026107 -0.004098
v -0.084621 0.023410 -0.010609
v -0.080928 0.021590 -0.006215
v -0.079089 0.024668 -0.003136
v -0.084621 0.019684 -0.008120
v -0.080928 0.019684 -0.003363
v -0.079089 0.023707 -0.001697
v -0.084621 0.017195 -0.004394
v -0.080928 0.019015 -0.000000
v -0.079089 0.023369 -0.000000
v -0.084621 0.016321 -0.000000
v -0.080928 0.019684 0.003363
v -0.079089 0.023707 0.001697
v -0.084621 0.017195 0.004394
v -0.080928 0.021590 0.006215
v -0.079089 0.024668 0.003136
v -0.084621 0.019684 0.008120
v -0.088977 0.019015 0.008789
v -0.084621 0.023410 0.010609
v -0.088977 0.023048 0.011483
v -0.093334 0.023410 0.010609
v -0.088977 0.027804 0.012429
v -0.088977 0.032561 0.011483
v -0.093334 0.027804 0.011483
v -0.097027 0.027804 0.008789
v -0.093334 0.032199 0.010609
v -0.097027 0.031168 0.008120
v -0.093334 0.035924 0.008120
v -0.088977 0.036593 0.008789
v -0.097027 0.034019 0.006215
v -0.093334 0.038413 0.004394
v -0.088977 0.039288 0.004757
v -0.097027 0.035924 0.003363
v -0.093334 0.039288 0.000000
v -0.088977 0.040234 0.000000
v -0.097027 0.036593 0.000000
v -0.093334 0.038413 -0.004394
v -0.088977 0.039288 -0.004757
v -0.097027 0.035924 -0.003363
v -0.093334 0.035924 -0.008120
v -0.088977 0.036593 -0.008789
v -0.097027 0.034019 -0.006215
v -0.093334 0.032199 -0.010609
v -0.088977 0.032561 -0.011483
v -0.097027 0.031168 -0.008120
v -0.093334 0.027804 -0.011483
v -0.088977 0.027804 -0.012429
v -0.097027 0.027804 -0.008789
v -0.093334 0.023410 -0.010609
v -0.088977 0.023048 -0.011483
v -0.097027 0.024441 -0.008120
v -0.093334 0.019684 -0.008120
v -0.088977 0.019015 -0.008789
v -0.097027 0.021590 -0.006215
v -0.093334 0.017195 -0.004394
v -0.088977 0.016321 -0.004757
v -0.097027 0.019684 -0.003363
v -0.093334 0.016321 -0.000000
v -0.088977 0.015375 -0.000000
v -0.097027 0.019015 -0.000000
v -0.093334 0.017195 0.004394
v -0.088977 0.016321 0.004757
v -0.097027 0.019684 0.003363
v -0.093334 0.019684 0.008120
v -0.097027 0.021590 0.006215
v -0.098866 0.024668 0.003136
v -0.097027 0.024441 0.008120
v -0.098866 0.026107 0.004098
v -0.098866 0.027804 0.004435
v -0.098866 0.029501 0.004098
v -0.098866 0.030940 0.003136
v -0.098866 0.031902 0.001697
v -0.098866 0.032239 0.000000
v -0.098866 0.031902 -0.001697
v -0.098866 0.030940 -0.003136
v -0.098866 0.029501 -0.004098
v -0.098866 0.027804 -0.004435
v -0.098866 0.026107 -0.004098
v -0.098866 0.024668 -0.003136
v -0.098866 0.023707 -0.001697
v -0.098866 0.023369 -0.000000
v -0.098866 0.023707 0.001697
v -0.079089 0.026107 0.004098
v -0.061151 0.027804 0.008789
v -0.064844 0.027804 0.011483
v -0.061151 0.024441 0.008120
v -0.059312 0.027804 0.004435
v -0.061151 0.031168 0.008120
v -0.059312 0.029501 0.004098
v -0.064844 0.032199 0.010609
v -0.061151 0.034019 0.006215
v -0.059312 0.030940 0.003136
v -0.064844 0.035924 0.008120
v -0.061151 0.035924 0.003363
v -0.059312 0.031902 0.001697
v -0.064844 0.038413 0.004394
v -0.061151 0.036593 0.000000
v -0.059312 0.032239 0.000000
v -0.064844 0.039288 0.000000
v -0.061151 0.035924 -0.003363
v -0.059312 0.031902 -0.001697
v -0.064844 0.038413 -0.004394
v -0.061151 0.034019 -0.006215
v -0.059312 0.030940 -0.003136
v -0.064844 0.035924 -0.008120
v -0.061151 0.031168 -0.008120
v -0.059312 0.029501 -0.004098
v -0.064844 0.032199 -0.010609
v -0.061151 0.027804 -0.008789
v -0.059312 0.027804 -0.004435
v -0.064844 0.027804 -0.011483
v -0.061151 0.024441 -0.008120
v -0.059312 0.026107 -0.004098
v -0.064844 0.023410 -0.010609
v -0.061151 0.021590 -0.006215
v -0.059312 0.024668 -0.003136
v -0.064844 0.019684 -0.008120
v -0.061151 0.019684 -0.003363
v -0.059312 0.023707 -0.001697
v -0.064844 0.017195 -0.004394
v -0.061151 0.019015 -0.000000
v -0.059312 0.023369 -0.000000
v -0.064844 0.016321 -0.000000
v -0.061151 0.019684 0.003363
v -0.059312 0.023707 0.001697
v -0.064844 0.017195 0.004394
v -0.061151 0.021590 0.006215
v -0.059312 0.024668 0.003136
v -0.064844 0.019684 0.008120
v -0.069201 0.019015 0.008789
v -0.064844 0.023410 0.010609
v -0.069201 0.023048 0.011483
v -0.073557 0.023410 0.010609
v -0.069201 0.027804 0.012429
v -0.069201 0.032561 0.011483
v -0.073557 0.027804 0.011483
v -0.077250 0.027804 0.008789
v -0.073557 0.032199 0.010609
v -0.077250 0.031168 0.008120
v -0.073557 0.035924 0.008120
v -0.069201 0.036593 0.008789
v -0.077250 0.034019 0.006215
v -0.073557 0.038413 0.004394
v -0.069201 0.039288 0.004757
v -0.077250 0.035924 0.003363
v -0.073557 0.039288 0.000000
v -0.069201 0.040234 0.000000
v -0.077250 0.036593 0.000000
v -0.073557 0.038413 -0.004394
v -0.069201 0.039288 -0.004757
v -0.077250 0.035924 -0.003363
v -0.073557 0.035924 -0.008120
v -0.069201 0.036593 -0.008789
v -0.077250 0.034019 -0.006215
v -0.073557 0.032199 -0.010609
v -0.069201 0.032561 -0.011483
v -0.077250 0.031168 -0.008120
v -0.073557 0.027804 -0.011483
v -0.069201 0.027804 -0.012429
v -0.077250 0.027804 -0.008789
v -0.073557 0.023410 -0.010609
v -0.069201 0.023048 -0.011483
v -0.077250 0.024441 -0.008120
v -0.073557 0.019684 -0.008120
v -0.069201 0.019015 -0.008789
v -0.077250 0.021590 -0.006215
v -0.073557 0.017195 -0.004394
v -0.069201 0.016321 -0.004757
v -0.077250 0.019684 -0.003363
v -0.073557 0.016321 -0.000000
v -0.069201 0.015375 -0.000000
v -0.077250 0.019015 -0.000000
v -0.073557 0.017195 0.004394
v -0.069201 0.016321 0.004757
v -0.077250 0.019684 0.003363
v -0.073557 0.019684 0.008120
v -0.077250 0.021590 0.006215
v -0.079089 0.024668 0.003136
v -0.077250 0.024441 0.008120
v -0.079089 0.026107 0.004098
v -0.079089 0.027804 0.004435
v -0.079089 0.029501 0.004098
v -0.079089 0.030940 0.003136
v -0.079089 0.031902 0.001697
v -0.079089 0.032239 0.000000
v -0.079089 0.031902 -0.001697
v -0.079089 0.030940 -0.003136
v -0.079089 0.029501 -0.004098
v -0.079089 0.027804 -0.004435
v -0.079089 0.026107 -0.004098
v -0.079089 0.024668 -0.003136
v -0.079089 0.023707 -0.001697
v -0.079089 0.023369 -0.000000
v -0.079089 0.023707 0.001697
v -0.059312 0.026107 0.004098
v -0.041374 0.027804 0.008789
v -0.045067 0.027804 0.011483
v -0.041374 0.024441 0.008120
v -0.039535 0.027804 0.004435
v -0.041374 0.031168 0.008120
v -0.039535 0.029501 0.004098
v -0.045067 0.032199 0.010609
v -0.041374 0.034019 0.006215
v -0.039535 0.030940 0.003136
v -0.045067 0.035924 0.008120
v -0.041374 0.035924 0.003363
v -0.039535 0.031902 0.001697
v -0.045067 0.038413 0.004394
v -0.041374 0.036593 0.000000
v -0.039535 0.032239 0.000000
v -0.045067 0.039288 0.000000
v -0.041374 0.035924 -0.003363
v -0.039535 0.031902 -0.001697
v -0.045067 0.038413 -0.004394
v -0.041374 0.034019 -0.006215
v -0.039535 0.030940 -0.003136
v -0.045067 0.035924 -0.008120
v -0.041374 0.031168 -0.008120
v -0.039535 0.029501 -0.004098
v -0.045067 0.032199 -0.010609
v -0.041374 0.027804 -0.008789
v -0.039535 0.027804 -0.004435
v -0.045067 0.027804 -0.011483
v -0.041374 0.024441 -0.008120
v -0.039535 0.026107 -0.004098
v -0.045067 0.023410 -0.010609
v -0.041374 0.021590 -0.006215
v -0.039535 0.024668 -0.003136
v -0.045067 0.019684 -0.008120
v -0.041374 0.019684 -0.003363
v -0.039535 0.023707 -0.001697
v -0.045067 0.017195 -0.004394
v -0.041374 0.019015 -0.000000
v -0.039535 0.023369 -0.000000
v -0.045067 0.016321 -0.000000
v -0.041374 0.019684 0.003363
v -0.039535 0.023707 0.001697
v -0.045067 0.017195 0.004394
v -0.041374 0.021590 0.006215
v -0.039535 0.024668 0.003136
v -0.045067 0.019684 0.008120
v -0.049424 0.019015 0.008789
v -0.045067 0.023410 0.010609
v -0.049424 0.023048 0.011483
v -0.053780 0.023410 0.010609
v -0.049424 0.027804 0.012429
v -0.049424 0.032561 0.011483
v -0.053780 0.027804 0.011483
v -0.057474 0.027804 0.008789
v -0.053780 0.032199 0.010609
v -0.057474 0.031168 0.008120
v -0.053780 0.035924 0.008120
v -0.049424 0.036593 0.008789
v -0.057474 0.034019 0.006215
v -0.053780 0.038413 0.004394
v -0.049424 0.039288 0.004757
v -0.057474 0.035924 0.003363
v -0.053780 0.039288 0.000000
v -0.049424 0.040234 0.000000
v -0.057474 0.036593 0.000000
v -0.053780 0.038413 -0.004394
v -0.049424 0.039288 -0.004757
v -0.057474 0.035924 -0.003363
v -0.053780 0.035924 -0.008120
v -0.049424 0.036593 -0.008789
v -0.057474 0.034019 -0.006215
v -0.053780 0.032199 -0.010609
v -0.049424 0.032561 -0.011483
v -0.057474 0.031168 -0.008120
v -0.053780 0.027804 -0.011483
v -0.049424 0.027804 -0.012429
v -0.057474 0.027804 -0.008789
v -0.053780 0.023410 -0.010609
v -0.049424 0.023048 -0.011483
v -0.057474 0.024441 -0.008120
v -0.053780 0.019684 -0.008120
v -0.049424 0.019015 -0.008789
v -0.057474 0.021590 -0.006215
v -0.053780 0.017195 -0.004394
v -0.049424 0.016321 -0.004757
v -0.057474 0.019684 -0.003363
v -0.053780 0.016321 -0.000000
v -0.049424 0.015375 -0.000000
v -0.057474 0.019015 -0.000000
v -0.053780 0.017195 0.004394
v -0.049424 0.016321 0.004757
v -0.057474 0.019684 0.003363
v -0.053780 0.019684 0.008120
v -0.057474 0.021590 0.006215
v -0.059312 0.024668 0.003136
v -0.057474 0.024441 0.008120
v -0.059312 0.026107 0.004098
v -0.059312 0.027804 0.004435
v -0.059312 0.029501 0.004098
v -0.059312 0.030940 0.003136
v -0.059312 0.031902 0.001697
v -0.059312 0.032239 0.000000
v -0.059312 0.031902 -0.001697
v -0.059312 0.030940 -0.003136
v -0.059312 0.029501 -0.004098
v -0.059312 0.027804 -0.004435
v -0.059312 0.026107 -0.004098
v -0.059312 0.024668 -0.003136
v -0.059312 0.023707 -0.001697
v -0.059312 0.023369 -0.000000
v -0.059312 0.023707 0.001697
v -0.039535 0.026107 0.004098
v -0.021597 0.027804 0.008789
v -0.025290 0.027804 0.011483
v -0.021597 0.024441 0.008120
v -0.019759 0.027804 0.004435
v -0.021597 0.031168 0.008120
v -0.019759 0.029501 0.004098
v -0.025290 0.032199 0.010609
v -0.021597 0.034019 0.006215
v -0.019759 0.030940 0.003136
v -0.025290 0.035924 0.008120
v -0.021597 0.035924 0.003363
v -0.019759 0.031902 0.001697
v -0.025290 0.038413 0.004394
v -0.021597 0.036593 0.000000
v -0.019759 0.032239 0.000000
v -0.025290 0.039288 0.000000
v -0.021597 0.035924 -0.003363
v -0.019759 0.031902 -0.001697
v -0.025290 0.038413 -0.004394
v -0.021597 0.034019 -0.006215
v -0.019759 0.030940 -0.003136
v -0.025290 0.035924 -0.008120
v -0.021597 0.031168 -0.008120
v -0.019759 0.029501 -0.004098
v -0.025290 0.032199 -0.010609
v -0.021597 0.027804 -0.008789
v -0.019759 0.027804 -0.004435
v -0.025290 0.027804 -0.011483
v -0.021597 0.024441 -0.008120
v -0.019759 0.026107 -0.004098
v -0.025290 0.023410 -0.010609
v -0.021597 0.021590 -0.006215
v -0.019759 0.024668 -0.003136
v -0.025290 0.019684 -0.008120
v -0.021597 0.019684 -0.003363
v -0.019759 0.023707 -0.001697
v -0.025290 0.017195 -0.004394
v -0.021597 0.019015 -0.000000
v -0.019759 0.023369 -0.000000
v -0.025290 0.016321 -0.000000
v -0.021597 0.019684 0.003363
v -0.019759 0.023707 0.001697
v -0.025290 0.017195 0.004394
v -0.021597 0.021590 0.006215
v -0.019759 0.024668 0.003136
v -0.025290 0.019684 0.008120
v -0.029647 0.019015 0.008789
v -0.025290 0.023410 0.010609
v -0.029647 0.023048 0.011483
v -0.034003 0.023410 0.010609
v -0.029647 0.027804 0.012429
v -0.029647 0.032561 0.011483
v -0.034003 0.027804 0.011483
v -0.037697 0.027804 0.008789
v -0.034003 0.032199 0.010609
v -0.037697 0.031168 0.008120
v -0.034003 0.035924 0.008120
v -0.029647 0.036593 0.008789
v -0.037697 0.034019 0.006215
v -0.034003 0.038413 0.004394
v -0.029647 0.039287 0.004757
v -0.037697 0.035924 0.003363
v -0.034003 0.039288 0.000000
v -0.029647 0.040234 0.000000
v -0.037697 0.036593 0.000000
v -0.034003 0.038413 -0.004394
v -0.029647 0.039288 -0.004757
v -0.037697 0.035924 -0.003363
v -0.034003 0.035924 -0.008120
v -0.029647 0.036593 -0.008789
v -0.037697 0.034019 -0.006215
v -0.034003 0.032199 -0.010609
v -0.029647 0.032561 -0.011483
v -0.037697 0.031168 -0.008120
v -0.034003 0.027804 -0.011483
v -0.029647 0.027804 -0.012429
v -0.037697 0.027804 -0.008789
v -0.034003 0.023410 -0.010609
v -0.029647 0.023048 -0.011483
v -0.037697 0.024441 -0.008120
v -0.034003 0.019684 -0.008120
v -0.029647 0.019015 -0.008789
v -0.037697 0.021590 -0.006215
v -0.034003 0.017195 -0.004394
v -0.029647 0.016321 -0.004757
v -0.037697 0.019684 -0.003363
v -0.034003 0.016321 -0.000000
v -0.029647 0.015375 -0.000000
v -0.037697 0.019015 -0.000000
v -0.034003 0.017195 0.004394
v -0.029647 0.016321 0.004757
v -0.037697 0.019684 0.003363
v -0.034003 0.019684 0.008120
v -0.037697 0.021590 0.006215
v -0.039535 0.024668 0.003136
v -0.037697 0.024441 0.008120
v -0.039535 0.026107 0.004098
v -0.039535 0.027804 0.004435
v -0.039535 0.029501 0.004098
v -0.039535 0.030940 0.003136
v -0.039535 0.031902 0.001697
v -0.039535 0.032239 0.000000
v -0.039535 0.031902 -0.001697
v -0.039535 0.030940 -0.003136
v -0.039535 0.029501 -0.004098
v -0.039535 0.027804 -0.004435
v -0.039535 0.026107 -0.004098
v -0.039535 0.024668 -0.003136
v -0.039535 0.023707 -0.001697
v -0.039535 0.023369 -0.000000
v -0.039535 0.023707 0.001697
v -0.019759 0.026107 0.004098
v 0.037724 0.027804 0.008789
v 0.034031 0.027804 0.011483
v 0.037724 0.024441 0.008120
v 0.039562 0.027804 0.004435
v 0.037724 0.031168 0.008120
v 0.039562 0.029501 0.004098
v 0.034031 0.032199 0.010609
v 0.037724 0.034019 0.006215
v 0.039562 0.030940 0.003136
v 0.034031 0.035924 0.008120
v 0.037724 0.035924 0.003363
v 0.039562 0.031902 0.001697
v 0.034031 0.038413 0.004394
v 0.037724 0.036593 0.000000
v 0.039562 0.032239 0.000000
v 0.034031 0.039288 0.000000
v 0.037724 0.035924 -0.003363
v 0.039562 0.031902 -0.001697
v 0.034031 0.038413 -0.004394
v 0.037724 0.034019 -0.006215
v 0.039562 0.030940 -0.003136
v 0.034031 0.035924 -0.008120
v 0.037724 0.031168 -0.008120
v 0.039562 0.029501 -0.004098
v 0.034031 0.032199 -0.010609
v 0.037724 0.027804 -0.008789
v 0.039562 0.027804 -0.004435
v 0.034031 0.027804 -0.011483
v 0.037724 0.024441 -0.008120
v 0.039562 0.026107 -0.004098
v 0.034031 0.023410 -0.010609
v 0.037724 0.021590 -0.006215
v 0.039562 0.024668 -0.003136
v 0.034031 0.019684 -0.008120
v 0.037724 0.019684 -0.003363
v 0.039562 0.023707 -0.001697
v 0.034031 0.017195 -0.004394
v 0.037724 0.019015 -0.000000
v 0.039562 0.023369 -0.000000
v 0.034031 0.016321 -0.000000
v 0.037724 0.019684 0.003363
v 0.039562 0.023707 0.001697
v 0.034031 0.017195 0.004394
v 0.037724 0.021590 0.006215
v 0.039562 0.024668 0.003136
v 0.034031 0.019684 0.008120
v 0.029674 0.019015 0.008789
v 0.034031 0.023410 0.010609
v 0.029674 0.023048 0.011483
v 0.025317 0.023410 0.010609
v 0.029674 0.027804 0.012429
v 0.029674 0.032561 0.011483
v 0.025317 0.027804 0.011483
v 0.021624 0.027804 0.008789
v 0.025317 0.032199 0.010609
v 0.021624 0.031168 0.008120
v 0.025317 0.035924 0.008120
v 0.029674 0.036593 0.008789
v 0.021624 0.034019 0.006215
v 0.025317 0.038413 0.004394
v 0.029674 0.039288 0.004757
v 0.021624 0.035924 0.003363
v 0.025317 0.039288 0.000000
v 0.029674 0.040234 0.000000
v 0.021624 0.036593 0.000000
v 0.025317 0.038413 -0.004394
v 0.029674 0.039288 -0.004757
v 0.021624 0.035924 -0.003363
v 0.025317 0.035924 -0.008120
v 0.029674 0.036593 -0.008789
v 0.021624 0.034019 -0.006215
v 0.025317 0.032199 -0.010609
v 0.029674 0.032561 -0.011483
v 0.021624 0.031168 -0.008120
v 0.025317 0.027804 -0.011483
v 0.029674 0.027804 -0.012429
v 0.021624 0.027804 -0.008789
v 0.025317 0.023410 -0.010609
v 0.029674 0.023048 -0.011483
v 0.021624 0.024441 -0.008120
v 0.025317 0.019684 -0.008120
v 0.029674 0.019015 -0.008789
v 0.021624 0.021590 -0.006215
v 0.025317 0.017195 -0.004394
v 0.029674 0.016321 -0.004757
v 0.021624 0.019684 -0.003363
v 0.025317 0.016321 -0.000000
v 0.029674 0.015375 -0.000000
v 0.021624 0.019015 -0.000000
v 0.025317 0.017195 0.004394
v 0.029674 0.016321 0.004757
v 0.021624 0.019684 0.003363
v 0.025317 0.019684 0.008120
v 0.021624 0.021590 0.006215
v 0.019786 0.024668 0.003136
v 0.021624 0.024441 0.008120
v 0.019786 0.026107 0.004098
v 0.019786 0.027804 0.004435
v 0.019786 0.029501 0.004098
v 0.019786 0.030940 0.003136
v 0.019786 0.031902 0.001697
v 0.019786 0.032239 0.000000
v 0.019786 0.031902 -0.001697
v 0.019786 0.030940 -0.003136
v 0.019786 0.029501 -0.004098
v 0.019786 0.027804 -0.004435
v 0.019786 0.026107 -0.004098
v 0.019786 0.024668 -0.003136
v 0.019786 0.023707 -0.001697
v 0.019786 0.023369 -0.000000
v 0.019786 0.023707 0.001697
v 0.039562 0.026107 0.004098
v 0.057501 0.027804 0.008789
v 0.053807 0.027804 0.011483
v 0.057501 0.024441 0.008120
v 0.059339 0.027804 0.004435
v 0.057501 0.031168 0.008120
v 0.059339 0.029501 0.004098
v 0.053807 0.032199 0.010609
v 0.057501 0.034019 0.006215
v 0.059339 0.030940 0.003136
v 0.053807 0.035924 0.008120
v 0.057501 0.035924 0.003363
v 0.059339 0.031902 0.001697
v 0.053807 0.038413 0.004394
v 0.057501 0.036593 0.000000
v 0.059339 0.032239 0.000000
v 0.053807 0.039288 0.000000
v 0.057501 0.035924 -0.003363
v 0.059339 0.031902 -0.001697
v 0.053807 0.038413 -0.004394
v 0.057501 0.034019 -0.006215
v 0.059339 0.030940 -0.003136
v 0.053807 0.035924 -0.008120
v 0.057501 0.031168 -0.008120
v 0.059339 0.029501 -0.004098
v 0.053807 0.032199 -0.010609
v 0.057501 0.027804 -0.008789
v 0.059339 0.027804 -0.004435
v 0.053807 0.027804 -0.011483
v 0.057501 0.024441 -0.008120
v 0.059339 0.026107 -0.004098
v 0.053807 0.023410 -0.010609
v 0.057501 0.021590 -0.006215
v 0.059339 0.024668 -0.003136
v 0.053807 0.019684 -0.008120
v 0.057501 0.019684 -0.003363
v 0.059339 0.023707 -0.001697
v 0.053807 0.017195 -0.004394
v 0.057501 0.019015 -0.000000
v 0.059339 0.023369 -0.000000
v 0.053807 0.016321 -0.000000
v 0.057501 0.019684 0.003363
v 0.059339 0.023707 0.001697
v 0.053807 0.017195 0.004394
v 0.057501 0.021590 0.006215
v 0.059339 0.024668 0.003136
v 0.053807 0.019684 0.008120
v 0.049451 0.019015 0.008789
v 0.053807 0.023410 0.010609
v 0.049451 0.023048 0.011483
v 0.045094 0.023410 0.010609
v 0.049451 0.027804 0.012429
v 0.049451 0.032561 0.011483
v 0.045094 0.027804 0.011483
v 0.041401 0.027804 0.008789
v 0.045094 0.032199 0.010609
v 0.041401 0.031168 0.008120
v 0.045094 0.035924 0.008120
v 0.049451 0.036593 0.008789
v 0.041401 0.034019 0.006215
v 0.045094 0.038413 0.004394
v 0.049451 0.039288 0.004757
v 0.041401 0.035924 0.003363
v 0.045094 0.039288 0.000000
v 0.049451 0.040234 0.000000
v 0.041401 0.036593 0.000000
v 0.045094 0.038413 -0.004394
v 0.049451 0.039288 -0.004757
v 0.041401 0.035924 -0.003363
v 0.045094 0.035924 -0.008120
v 0.049451 0.036593 -0.008789
v 0.041401 0.034019 -0.006215
v 0.045094 0.032199 -0.010609
v 0.049451 0.032561 -0.011483
v 0.041401 0.031168 -0.008120
v 0.045094 0.027804 -0.011483
v 0.049451 0.027804 -0.012429
v 0.041401 0.027804 -0.008789
v 0.045094 0.023410 -0.010609
v 0.049451 0.023048 -0.011483
v 0.041401 0.024441 -0.008120
v 0.045094 0.019684 -0.008120
v 0.049451 0.019015 -0.008789
v 0.041401 0.021590 -0.006215
v 0.045094 0.017195 -0.004394
v 0.049451 0.016321 -0.004757
v 0.041401 0.019684 -0.003363
v 0.045094 0.016321 -0.000000
v 0.049451 0.015375 -0.000000
v 0.041401 0.019015 -0.000000
v 0.045094 0.017195 0.004394
v 0.049451 0.016321 0.004757
v 0.041401 0.019684 0.003363
v 0.045094 0.019684 0.008120
v 0.041401 0.021590 0.006215
v 0.039562 0.024668 0.003136
v 0.041401 0.024441 0.008120
v 0.039562 0.026107 0.004098
v 0.039562 0.027804 0.004435
v 0.039562 0.029501 0.004098
v 0.039562 0.030940 0.003136
v 0.039562 0.031902 0.001697
v 0.039562 0.032239 0.000000
v 0.039562 0.031902 -0.001697
v 0.039562 0.030940 -0.003136
v 0.039562 0.029501 -0.004098
v 0.039562 0.027804 -0.004435
v 0.039562 0.026107 -0.004098
v 0.039562 0.024668 -0.003136
v 0.039562 0.023707 -0.001697
v 0.039562 0.023369 -0.000000
v 0.039562 0.023707 0.001697
v 0.059339 0.026107 0.004098
v 0.077277 0.027804 0.008789
v 0.073584 0.027804 0.011483
v 0.077277 0.024441 0.008120
v 0.079116 0.027804 0.004435
v 0.077277 0.031168 0.008120
v 0.079116 0.029501 0.004098
v 0.073584 0.032199 0.010609
v 0.077277 0.034019 0.006215
v 0.079116 0.030940 0.003136
v 0.073584 0.035924 0.008120
v 0.077277 0.035924 0.003363
v 0.079116 0.031902 0.001697
v 0.073584 0.038413 0.004394
v 0.077277 0.036593 0.000000
v 0.079116 0.032239 0.000000
v 0.073584 0.039288 0.000000
v 0.077277 0.035924 -0.003363
v 0.079116 0.031902 -0.001697
v 0.073584 0.038413 -0.004394
v 0.077277 0.034019 -0.006215
v 0.079116 0.030940 -0.003136
v 0.073584 0.035924 -0.008120
v 0.077277 0.031168 -0.008120
v 0.079116 0.029501 -0.004098
v 0.073584 0.032199 -0.010609
v 0.077277 0.027804 -0.008789
v 0.079116 0.027804 -0.004435
v 0.073584 0.027804 -0.011483
v 0.077277 0.024441 -0.008120
v 0.079116 0.026107 -0.004098
v 0.073584 0.023410 -0.010609
v 0.077277 0.021590 -0.006215
v 0.079116 0.024668 -0.003136
v 0.073584 0.019684 -0.008120
v 0.077277 0.019684 -0.003363
v 0.079116 0.023707 -0.001697
v 0.073584 0.017195 -0.004394
v 0.077277 0.019015 -0.000000
v 0.079116 0.023369 -0.000000
v 0.073584 0.016321 -0.000000
v 0.077277 0.019684 0.003363
v 0.079116 0.023707 0.001697
v 0.073584 0.017195 0.004394
v 0.077277 0.021590 0.006215
v 0.079116 0.024668 0.003136
v 0.073584 0.019684 0.008120
v 0.069228 0.019015 0.008789
v 0.073584 0.023410 0.010609
v 0.069228 0.023048 0.011483
v 0.064871 0.023410 0.010609
v 0.069228 0.027804 0.012429
v 0.069228 0.032561 0.011483
v 0.064871 0.027804 0.011483
v 0.061178 0.027804 0.008789
v 0.064871 0.032199 0.010609
v 0.061178 0.031168 0.008120
v 0.064871 0.035924 0.008120
v 0.069228 0.036593 0.008789
v 0.061178 0.034019 0.006215
v 0.064871 0.038413 0.004394
v 0.069228 0.039288 0.004757
v 0.061178 0.035924 0.003363
v 0.064871 0.039288 0.000000
v 0.069228 0.040234 0.000000
v 0.061178 0.036593 0.000000
v 0.064871 0.038413 -0.004394
v 0.069228 0.039288 -0.004757
v 0.061178 0.035924 -0.003363
v 0.064871 0.035924 -0.008120
v 0.069228 0.036593 -0.008789
v 0.061178 0.034019 -0.006215
v 0.064871 0.032199 -0.010609
v 0.069228 0.032561 -0.011483
v 0.061178 0.031168 -0.008120
v 0.064871 0.027804 -0.011483
v 0.069228 0.027804 -0.012429
v 0.061178 0.027804 -0.008789
v 0.064871 0.023410 -0.010609
v 0.069228 0.023048 -0.011483
v 0.061178 0.024441 -0.008120
v 0.064871 0.019684 -0.008120
v 0.069228 0.019015 -0.008789
v 0.061178 0.021590 -0.006215
v 0.064871 0.017195 -0.004394
v 0.069228 0.016321 -0.004757
v 0.061178 0.019684 -0.003363
v 0.064871 0.016321 -0.000000
v 0.069228 0.015375 -0.000000
v 0.061178 0.019015 -0.000000
v 0.064871 0.017195 0.004394
v 0.069228 0.016321 0.004757
v 0.061178 0.019684 0.003363
v 0.064871 0.019684 0.008120
v 0.061178 0.021590 0.006215
v 0.059339 0.024668 0.003136
v 0.061178 0.024441 0.008120
v 0.059339 0.026107 0.004098
v 0.059339 0.027804 0.004435
v 0.059339 0.029501 0.004098
v 0.059339 0.030940 0.003136
v 0.059339 0.031902 0.001697
v 0.059339 0.032239 0.000000
v 0.059339 0.031902 -0.001697
v 0.059339 0.030940 -0.003136
v 0.059339 0.029501 -0.004098
v 0.059339 0.027804 -0.004435
v 0.059339 0.026107 -0.004098
v 0.059339 0.024668 -0.003136
v 0.059339 0.023707 -0.001697
v 0.059339 0.023369 -0.000000
v 0.059339 0.023707 0.001697
v 0.079116 0.026107 0.004098
v 0.097054 0.027804 0.008789
v 0.093361 0.027804 0.011483
v 0.097054 0.024441 0.008120
v 0.098893 0.027804 0.004435
v 0.097054 0.031168 0.008120
v 0.098893 0.029501 0.004098
v 0.093361 0.032199 0.010609
v 0.097054 0.034019 0.006215
v 0.098893 0.030940 0.003136
v 0.093361 0.035924 0.008120
v 0.097054 0.035924 0.003363
v 0.098893 0.031902 0.001697
v 0.093361 0.038413 0.004394
v 0.097054 0.036593 0.000000
v 0.098893 0.032239 0.000000
v 0.093361 0.039288 0.000000
v 0.097054 0.035924 -0.003363
v 0.098893 0.031902 -0.001697
v 0.093361 0.038413 -0.004394
v 0.097054 0.034019 -0.006215
v 0.098893 0.030940 -0.003136
v 0.093361 0.035924 -0.008120
v 0.097054 0.031168 -0.008120
v 0.098893 0.029501 -0.004098
v 0.093361 0.032199 -0.010609
v 0.097054 0.027804 -0.008789
v 0.098893 0.027804 -0.004435
v 0.093361 0.027804 -0.011483
v 0.097054 0.024441 -0.008120
v 0.098893 0.026107 -0.004098
v 0.093361 0.023410 -0.010609
v 0.097054 0.021590 -0.006215
v 0.098893 0.024668 -0.003136
v 0.093361 0.019684 -0.008120
v 0.097054 0.019684 -0.003363
v 0.098893 0.023707 -0.001697
v 0.093361 0.017195 -0.004394
v 0.097054 0.019015 -0.000000
v 0.098893 0.023369 -0.000000
v 0.093361 0.016321 -0.000000
v 0.097054 0.019684 0.003363
v 0.098893 0.023707 0.001697
v 0.093361 0.017195 0.004394
v 0.097054 0.021590 0.006215
v 0.098893 0.024668 0.003136
v 0.093361 0.019684 0.008120
v 0.089004 0.019015 0.008789
v 0.093361 0.023410 0.010609
v 0.089004 0.023048 0.011483
v 0.084648 0.023410 0.010609
v 0.089004 0.027804 0.012429
v 0.089004 0.032561 0.011483
v 0.084648 0.027804 0.011483
v 0.080955 0.027804 0.008789
v 0.084648 0.032199 0.010609
v 0.080955 0.031168 0.008120
v 0.084648 0.035924 0.008120
v 0.089004 0.036593 0.008789
v 0.080955 0.034019 0.006215
v 0.084648 0.038413 0.004394
v 0.089004 0.039287 0.004757
v 0.080955 0.035924 0.003363
v 0.084648 0.039288 0.000000
v 0.089004 0.040234 0.000000
v 0.080955 0.036593 0.000000
v 0.084648 0.038413 -0.004394
v 0.089004 0.039288 -0.004757
v 0.080955 0.035924 -0.003363
v 0.084648 0.035924 -0.008120
v 0.089004 0.036593 -0.008789
v 0.080955 0.034019 -0.006215
v 0.084648 0.032199 -0.010609
v 0.089004 0.032561 -0.011483
v 0.080955 0.031168 -0.008120
v 0.084648 0.027804 -0.011483
v 0.089004 0.027804 -0.012429
v 0.080955 0.027804 -0.008789
v 0.084648 0.023410 -0.010609
v 0.089004 0.023048 -0.011483
v 0.080955 0.024441 -0.008120
v 0.084648 0.019684 -0.008120
v 0.089004 0.019015 -0.008789
v 0.080955 0.021590 -0.006215
v 0.084648 0.017195 -0.004394
v 0.089004 0.016321 -0.004757
v 0.080955 0.019684 -0.003363
v 0.084648 0.016321 -0.000000
v 0.089004 0.015375 -0.000000
v 0.080955 0.019015 -0.000000
v 0.084648 0.017195 0.004394
v 0.089004 0.016321 0.004757
v 0.080955 0.019684 0.003363
v 0.084648 0.019684 0.008120
v 0.080955 0.021590 0.006215
v 0.079116 0.024668 0.003136
v 0.080955 0.024441 0.008120
v 0.079116 0.026107 0.004098
v 0.079116 0.027804 0.004435
v 0.079116 0.029501 0.004098
v 0.079116 0.030940 0.003136
v 0.079116 0.031902 0.001697
v 0.079116 0.032239 0.000000
v 0.079116 0.031902 -0.001697
v 0.079116 0.030940 -0.003136
v 0.079116 0.029501 -0.004098
v 0.079116 0.027804 -0.004435
v 0.079116 0.026107 -0.004098
v 0.079116 0.024668 -0.003136
v 0.079116 0.023707 -0.001697
v 0.079116 0.023369 -0.000000
v 0.079116 0.023707 0.001697
v 0.098893 0.026107 0.004098
v 0.116831 0.027804 0.008789
v 0.113138 0.027804 0.011483
v 0.116831 0.024441 0.008120
v 0.118670 0.027804 0.004435
v 0.116831 0.031168 0.008120
v 0.118670 0.029501 0.004098
v 0.113138 0.032199 0.010609
v 0.116831 0.034019 0.006215
v 0.118670 0.030940 0.003136
v 0.113138 0.035924 0.008120
v 0.116831 0.035924 0.003363
v 0.118670 0.031902 0.001697
v 0.113138 0.038413 0.004394
v 0.116831 0.036593 0.000000
v 0.118670 0.032239 0.000000
v 0.113138 0.039287 0.000000
v 0.116831 0.035924 -0.003363
v 0.118670 0.031902 -0.001697
v 0.113138 0.038413 -0.004394
v 0.116831 0.034019 -0.006215
v 0.118670 0.030940 -0.003136
v 0.113138 0.035924 -0.008120
v 0.116831 0.031168 -0.008120
v 0.118670 0.029501 -0.004098
v 0.113138 0.032199 -0.010609
v 0.116831 0.027804 -0.008789
v 0.118670 0.027804 -0.004435
v 0.113138 0.027804 -0.011483
v 0.116831 0.024441 -0.008120
v 0.118670 0.026107 -0.004098
v 0.113138 0.023410 -0.010609
v 0.116831 0.021590 -0.006215
v 0.118670 0.024668 -0.003136
v 0.113138 0.019684 -0.008120
v 0.116831 0.019684 -0.003363
v 0.118670 0.023707 -0.001697
v 0.113138 0.017195 -0.004394
v 0.116831 0.019015 -0.000000
v 0.118670 0.023369 -0.000000
v 0.113138 0.016321 -0.000000
v 0.116831 0.019684 0.003363
v 0.118670 0.023707 0.001697
v 0.113138 0.017195 0.004394
v 0.116831 0.021590 0.006215
v 0.118670 0.024668 0.003136
v 0.113138 0.019684 0.008120
v 0.108781 0.019015 0.008789
v 0.113138 0.023410 0.010609
v 0.108781 0.023048 0.011483
v 0.104425 0.023410 0.010609
v 0.108781 0.027804 0.012429
v 0.108781 0.032561 0.011483
v 0.104425 0.027804 0.011483
v 0.100731 0.027804 0.008789
v 0.104425 0.032199 0.010609
v 0.100731 0.031168 0.008120
v 0.104425 0.035924 0.008120
v 0.108781 0.036593 0.008789
v 0.100731 0.034019 0.006215
v 0.104425 0.038413 0.004394
v 0.108781 0.039287 0.004757
v 0.100731 0.035924 0.003363
v 0.104425 0.039288 0.000000
v 0.108781 0.040234 0.000000
v 0.100731 0.036593 0.000000
v 0.104425 0.038413 -0.004394
v 0.108781 0.039288 -0.004757
v 0.100731 0.035924 -0.003363
v 0.104425 0.035924 -0.008120
v 0.108781 0.036593 -0.008789
v 0.100731 0.034019 -0.006215
v 0.104425 0.032199 -0.010609
v 0.108781 0.032561 -0.011483
v 0.100731 0.031168 -0.008120
v 0.104425 0.027804 -0.011483
v 0.108781 0.027804 -0.012429
v 0.100731 0.027804 -0.008789
v 0.104425 0.023410 -0.010609
v 0.108781 0.023048 -0.011483
v 0.100731 0.024441 -0.008120
v 0.104425 0.019684 -0.008120
v 0.108781 0.019015 -0.008789
v 0.100731 0.021590 -0.006215
v 0.104425 0.017195 -0.004394
v 0.108781 0.016321 -0.004757
v 0.100731 0.019684 -0.003363
v 0.104425 0.016321 -0.000000
v 0.108781 0.015375 -0.000000
v 0.100731 0.019015 -0.000000
v 0.104425 0.017195 0.004394
v 0.108781 0.016321 0.004757
v 0.100731 0.019684 0.003363
v 0.104425 0.019684 0.008120
v 0.100731 0.021590 0.006215
v 0.098893 0.024668 0.003136
v 0.100731 0.024441 0.008120
v 0.098893 0.026107 0.004098
v 0.098893 0.027804 0.004435
v 0.098893 0.029501 0.004098
v 0.098893 0.030940 0.003136
v 0.098893 0.031902 0.001697
v 0.098893 0.032239 0.000000
v 0.098893 0.031902 -0.001697
v 0.098893 0.030940 -0.003136
v 0.098893 0.029501 -0.004098
v 0.098893 0.027804 -0.004435
v 0.098893 0.026107 -0.004098
v 0.098893 0.024668 -0.003136
v 0.098893 0.023707 -0.001697
v 0.098893 0.023369 -0.000000
v 0.098893 0.023707 0.001697
v 0.118670 0.026107 0.004098
v -0.100704 0.196187 0.008789
v -0.104398 0.196187 0.011483
v -0.100704 0.192823 0.008120
v -0.098866 0.196187 0.004435
v -0.100704 0.199550 0.008120
v -0.098866 0.197884 0.004098
v -0.104398 0.200581 0.010609
v -0.100704 0.202401 0.006215
v -0.098866 0.199323 0.003136
v -0.104398 0.204306 0.008120
v -0.100704 0.204306 0.003363
v -0.098866 0.200284 0.001697
v -0.104398 0.206796 0.004394
v -0.100704 0.204975 0.000000
v -0.098866 0.200622 0.000000
v -0.104398 0.207670 0.000000
v -0.100704 0.204306 -0.003363
v -0.098866 0.200284 -0.001697
v -0.104398 0.206796 -0.004394
v -0.100704 0.202401 -0.006215
v -0.098866 0.199323 -0.003136
v -0.104398 0.204306 -0.008120
v -0.100704 0.199550 -0.008120
v -0.098866 0.197884 -0.004098
v -0.104398 0.200581 -0.010609
v -0.100704 0.196187 -0.008789
v -0.098866 0.196187 -0.004435
v -0.104398 0.196187 -0.011483
v -0.100704 0.192823 -0.008120
v -0.098866 0.194489 -0.004098
v -0.104398 0.191792 -0.010609
v -0.100704 0.189972 -0.006215
v -0.098866 0.193050 -0.003136
v -0.104398 0.188067 -0.008120
v -0.100704 0.188067 -0.003363
v -0.098866 0.192089 -0.001697
v -0.104398 0.185577 -0.004394
v -0.100704 0.187398 -0.000000
v -0.098866 0.191751 -0.000000
v -0.104398 0.184703 -0.000000
v -0.100704 0.188067 0.003363
v -0.098866 0.192089 0.001697
v -0.104398 0.185577 0.004394
v -0.100704 0.189972 0.006215
v -0.098866 0.193050 0.003136
v -0.104398 0.188067 0.008120
v -0.108754 0.187398 0.008789
v -0.104398 0.191792 0.010609
v -0.108754 0.191430 0.011483
v -0.113111 0.191792 0.010609
v -0.108754 0.196187 0.012429
v -0.108754 0.200943 0.011483
v -0.113111 0.196187 0.011483
v -0.116804 0.196187 0.008789
v -0.113111 0.200581 0.010609
v -0.116804 0.199550 0.008120
v -0.113111 0.204306 0.008120
v -0.108754 0.204975 0.008789
v -0.116804 0.202401 0.006215
v -0.113111 0.206796 0.004394
v -0.108754 0.207670 0.004757
v -0.116804 0.204306 0.003363
v -0.113111 0.207670 0.000000
v -0.108754 0.208616 0.000000
v -0.116804 0.204975 0.000000
v -0.113111 0.206796 -0.004394
v -0.108754 0.207670 -0.004757
v -0.116804 0.204306 -0.003363
v -0.113111 0.204306 -0.008120
v -0.108754 0.204975 -0.008789
v -0.116804 0.202401 -0.006215
v -0.113111 0.200581 -0.010609
v -0.108754 0.200943 -0.011483
v -0.116804 0.199550 -0.008120
v -0.113111 0.196187 -0.011483
v -0.108754 0.196187 -0.012429
v -0.116804 0.196187 -0.008789
v -0.113111 0.191792 -0.010609
v -0.108754 0.191430 -0.011483
v -0.116804 0.192823 -0.008120
v -0.113111 0.188067 -0.008120
v -0.108754 0.187398 -0.008789
v -0.116804 0.189972 -0.006215
v -0.113111 0.185577 -0.004394
v -0.108754 0.184703 -0.004757
v -0.116804 0.188067 -0.003363
v -0.113111 0.184703 -0.000000
v -0.108754 0.183757 -0.000000
v -0.116804 0.187398 -0.000000
v -0.113111 0.185577 0.004394
v -0.108754 0.184703 0.004757
v -0.116804 0.188067 0.003363
v -0.113111 0.188067 0.008120
v -0.116804 0.189972 0.006215
v -0.118643 0.193050 0.003136
v -0.116804 0.192823 0.008120
v -0.118643 0.194489 0.004098
v -0.118643 0.196187 0.004435
v -0.118643 0.197884 0.004098
v -0.118643 0.199323 0.003136
v -0.118643 0.200284 0.001697
v -0.118643 0.200622 0.000000
v -0.118643 0.200284 -0.001697
v -0.118643 0.199323 -0.003136
v -0.118643 0.197884 -0.004098
v -0.118643 0.196187 -0.004435
v -0.118643 0.194489 -0.004098
v -0.118643 0.193050 -0.003136
v -0.118643 0.192089 -0.001697
v -0.118643 0.191751 -0.000000
v -0.118643 0.192089 0.001697
v -0.098866 0.194489 0.004098
v -0.080928 0.196187 0.008789
v -0.084621 0.196187 0.011483
v -0.080928 0.192823 0.008120
v -0.079089 0.196187 0.004435
v -0.080928 0.199550 0.008120
v -0.079089 0.197884 0.004098
v -0.084621 0.200581 0.010609
v -0.080928 0.202401 0.006215
v -0.079089 0.199323 0.003136
v -0.084621 0.204306 0.008120
v -0.080928 0.204306 0.003363
v -0.079089 0.200284 0.001697
v -0.084621 0.206796 0.004394
v -0.080928 0.204975 0.000000
v -0.079089 0.200622 0.000000
v -0.084621 0.207670 0.000000
v -0.080928 0.204306 -0.003363
v -0.079089 0.200284 -0.001697
v -0.084621 0.206796 -0.004394
v -0.080928 0.202401 -0.006215
v -0.079089 0.199323 -0.003136
v -0.084621 0.204306 -0.008120
v -0.080928 0.199550 -0.008120
v -0.079089 0.197884 -0.004098
v -0.084621 0.200581 -0.010609
v -0.080928 0.196187 -0.008789
v -0.079089 0.196187 -0.004435
v -0.084621 0.196187 -0.011483
v -0.080928 0.192823 -0.008120
v -0.079089 0.194489 -0.004098
v -0.084621 0.191792 -0.010609
v -0.080928 0.189972 -0.006215
v -0.079089 0.193050 -0.003136
v -0.084621 0.188067 -0.008120
v -0.080928 0.188067 -0.003363
v -0.079089 0.192089 -0.001697
v -0.084621 0.185577 -0.004394
v -0.080928 0.187398 -0.000000
v -0.079089 0.191751 -0.000000
v -0.084621 0.184703 -0.000000
v -0.080928 0.188067 0.003363
v -0.079089 0.192089 0.001697
v -0.084621 0.185577 0.004394
v -0.080928 0.189972 0.006215
v -0.079089 0.193050 0.003136
v -0.084621 0.188067 0.008120
v -0.088977 0.187398 0.008789
v -0.084621 0.191792 0.010609
v -0.088977 0.191430 0.011483
v -0.093334 0.191792 0.010609
v -0.088977 0.196186 0.012429
v -0.088977 0.200943 0.011483
v -0.093334 0.196187 0.011483
v -0.097027 0.196187 0.008789
v -0.093334 0.200581 0.010609
v -0.097027 0.199550 0.008120
v -0.093334 0.204306 0.008120
v -0.088977 0.204975 0.008789
v -0.097027 0.202401 0.006215
v -0.093334 0.206796 0.004394
v -0.088977 0.207670 0.004757
v -0.097027 0.204306 0.003363
v -0.093334 0.207670 0.000000
v -0.088977 0.208616 0.000000
v -0.097027 0.204975 0.000000
v -0.093334 0.206796 -0.004394
v -0.088977 0.207670 -0.004757
v -0.097027 0.204306 -0.003363
v -0.093334 0.204306 -0.008120
v -0.088977 0.204975 -0.008789
v -0.097027 0.202401 -0.006215
v -0.093334 0.200581 -0.010609
v -0.088977 0.200943 -0.011483
v -0.097027 0.199550 -0.008120
v -0.093334 0.196187 -0.011483
v -0.088977 0.196187 -0.012429
v -0.097027 0.196187 -0.008789
v -0.093334 0.191792 -0.010609
v -0.088977 0.191430 -0.011483
v -0.097027 0.192823 -0.008120
v -0.093334 0.188067 -0.008120
v -0.088977 0.187398 -0.008789
v -0.097027 0.189972 -0.006215
v -0.093334 0.185577 -0.004394
v -0.088977 0.184703 -0.004757
v -0.097027 0.188067 -0.003363
v -0.093334 0.184703 -0.000000
v -0.088977 0.183757 -0.000000
v -0.097027 0.187398 -0.000000
v -0.093334 0.185577 0.004394
v -0.088977 0.184703 0.004757
v -0.097027 0.188067 0.003363
v -0.093334 0.188067 0.008120
v -0.097027 0.189972 0.006215
v -0.098866 0.193050 0.003136
v -0.097027 0.192823 0.008120
v -0.098866 0.194489 0.004098
v -0.098866 0.196187 0.004435
v -0.098866 0.197884 0.004098
v -0.098866 0.199323 0.003136
v -0.098866 0.200284 0.001697
v -0.098866 0.200622 0.000000
v -0.098866 0.200284 -0.001697
v -0.098866 0.199323 -0.003136
v -0.098866 0.197884 -0.004098
v -0.098866 0.196187 -0.004435
v -0.098866 0.194489 -0.004098
v -0.098866 0.193050 -0.003136
v -0.098866 0.192089 -0.001697
v -0.098866 0.191751 -0.000000
v -0.098866 0.192089 0.001697
v -0.079089 0.194489 0.004098
v -0.061151 0.196187 0.008789
v -0.064844 0.196187 0.011483
v -0.061151 0.192823 0.008120
v -0.059312 0.196187 0.004435
v -0.061151 0.199550 0.008120
v -0.059312 0.197884 0.004098
v -0.064844 0.200581 0.010609
v -0.061151 0.202401 0.006215
v -0.059312 0.199323 0.003136
v -0.064844 0.204306 0.008120
v -0.061151 0.204306 0.003363
v -0.059312 0.200284 0.001697
v -0.064844 0.206796 0.004394
v -0.061151 0.204975 0.000000
v -0.059312 0.200622 0.000000
v -0.064844 0.207670 0.000000
v -0.061151 0.204306 -0.003363
v -0.059312 0.200284 -0.001697
v -0.064844 0.206796 -0.004394
v -0.061151 0.202401 -0.006215
v -0.059312 0.199323 -0.003136
v -0.064844 0.204306 -0.008120
v -0.061151 0.199550 -0.008120
v -0.059312 0.197884 -0.004098
v -0.064844 0.200581 -0.010609
v -0.061151 0.196187 -0.008789
v -0.059312 0.196187 -0.004435
v -0.064844 0.196187 -0.011483
v -0.061151 0.192823 -0.008120
v -0.059312 0.194489 -0.004098
v -0.064844 0.191792 -0.010609
v -0.061151 0.189972 -0.006215
v -0.059312 0.193050 -0.003136
v -0.064844 0.188067 -0.008120
v -0.061151 0.188067 -0.003363
v -0.059312 0.192089 -0.001697
v -0.064844 0.185577 -0.004394
v -0.061151 0.187398 -0.000000
v -0.059312 0.191751 -0.000000
v -0.064844 0.184703 -0.000000
v -0.061151 0.188067 0.003363
v -0.059312 0.192089 0.001697
v -0.064844 0.185577 0.004394
v -0.061151 0.189972 0.006215
v -0.059312 0.193050 0.003136
v -0.064844 0.188067 0.008120
v -0.069201 0.187398 0.008789
v -0.064844 0.191792 0.010609
v -0.069201 0.191430 0.011483
v -0.073557 0.191792 0.010609
v -0.069201 0.196186 0.012429
v -0.069201 0.200943 0.011483
v -0.073557 0.196187 0.011483
v -0.077250 0.196187 0.008789
v -0.073557 0.200581 0.010609
v -0.077250 0.199550 0.008120
v -0.073557 0.204306 0.008120
v -0.069201 0.204975 0.008789
v -0.077250 0.202401 0.006215
v -0.073557 0.206796 0.004394
v -0.069201 0.207670 0.004757
v -0.077250 0.204306 0.003363
v -0.073557 0.207670 0.000000
v -0.069201 0.208616 0.000000
v -0.077250 0.204975 0.000000
v -0.073557 0.206796 -0.004394
v -0.069201 0.207670 -0.004757
v -0.077250 0.204306 -0.003363
v -0.073557 0.204306 -0.008120
v -0.069201 0.204975 -0.008789
v -0.077250 0.202401 -0.006215
v -0.073557 0.200581 -0.010609
v -0.069201 0.200943 -0.011483
v -0.077250 0.199550 -0.008120
v -0.073557 0.196187 -0.011483
v -0.069201 0.196187 -0.012429
v -0.077250 0.196187 -0.008789
v -0.073557 0.191792 -0.010609
v -0.069201 0.191430 -0.011483
v -0.077250 0.192823 -0.008120
v -0.073557 0.188067 -0.008120
v -0.069201 0.187398 -0.008789
v -0.077250 0.189972 -0.006215
v -0.073557 0.185577 -0.004394
v -0.069201 0.184703 -0.004757
v -0.077250 0.188067 -0.003363
v -0.073557 0.184703 -0.000000
v -0.069201 0.183757 -0.000000
v -0.077250 0.187398 -0.000000
v -0.073557 0.185577 0.004394
v -0.069201 0.184703 0.004757
v -0.077250 0.188067 0.003363
v -0.073557 0.188067 0.008120
v -0.077250 0.189972 0.006215
v -0.079089 0.193050 0.003136
v -0.077250 0.192823 0.008120
v -0.079089 0.194489 0.004098
v -0.079089 0.196187 0.004435
v -0.079089 0.197884 0.004098
v -0.079089 0.199323 0.003136
v -0.079089 0.200284 0.001697
v -0.079089 0.200622 0.000000
v -0.079089 0.200284 -0.001697
v -0.079089 0.199323 -0.003136
v -0.079089 0.197884 -0.004098
v -0.079089 0.196187 -0.004435
v -0.079089 0.194489 -0.004098
v -0.079089 0.193050 -0.003136
v -0.079089 0.192089 -0.001697
v -0.079089 0.191751 -0.000000
v -0.079089 0.192089 0.001697
v -0.059312 0.194489 0.004098
v -0.041374 0.196187 0.008789
v -0.045067 0.196187 0.011483
v -0.041374 0.192823 0.008120
v -0.039535 0.196187 0.004435
v -0.041374 0.199550 0.008120
v -0.039535 0.197884 0.004098
v -0.045067 0.200581 0.010609
v -0.041374 0.202401 0.006215
v -0.039535 0.199323 0.003136
v -0.045067 0.204306 0.008120
v -0.041374 0.204306 0.003363
v -0.039535 0.200284 0.001697
v -0.045067 0.206796 0.004394
v -0.041374 0.204975 0.000000
v -0.039535 0.200622 0.000000
v -0.045067 0.207670 0.000000
v -0.041374 0.204306 -0.003363
v -0.039535 0.200284 -0.001697
v -0.045067 0.206796 -0.004394
v -0.041374 0.202401 -0.006215
v -0.039535 0.199323 -0.003136
v -0.045067 0.204306 -0.008120
v -0.041374 0.199550 -0.008120
v -0.039535 0.197884 -0.004098
v -0.045067 0.200581 -0.010609
v -0.041374 0.196187 -0.008789
v -0.039535 0.196187 -0.004435
v -0.045067 0.196187 -0.011483
v -0.041374 0.192823 -0.008120
v -0.039535 0.194489 -0.004098
v -0.045067 0.191792 -0.010609
v -0.041374 0.189972 -0.006215
v -0.039535 0.193050 -0.003136
v -0.045067 0.188067 -0.008120
v -0.041374 0.188067 -0.003363
v -0.039535 0.192089 -0.001697
v -0.045067 0.185577 -0.004394
v -0.041374 0.187398 -0.000000
v -0.039535 0.191751 -0.000000
v -0.045067 0.184703 -0.000000
v -0.041374 0.188067 0.003363
v -0.039535 0.192089 0.001697
v -0.045067 0.185577 0.004394
v -0.041374 0.189972 0.006215
v -0.039535 0.193050 0.003136
v -0.045067 0.188067 0.008120
v -0.049424 0.187398 0.008789
v -0.045067 0.191792 0.010609
v -0.049424 0.191430 0.011483
v -0.053780 0.191792 0.010609
v -0.049424 0.196186 0.012429
v -0.049424 0.200943 0.011483
v -0.053780 0.196187 0.011483
v -0.057474 0.196187 0.008789
v -0.053780 0.200581 0.010609
v -0.057474 0.199550 0.008120
v -0.053780 0.204306 0.008120
v -0.049424 0.204975 0.008789
v -0.057474 0.202401 0.006215
v -0.053780 0.206796 0.004394
v -0.049424 0.207670 0.004757
v -0.057474 0.204306 0.003363
v -0.053780 0.207670 0.000000
v -0.049424 0.208616 0.000000
v -0.057474 0.204975 0.000000
v -0.053780 0.206796 -0.004394
v -0.049424 0.207670 -0.004757
v -0.057474 0.204306 -0.003363
v -0.053780 0.204306 -0.008120
v -0.049424 0.204975 -0.008789
v -0.057474 0.202401 -0.006215
v -0.053780 0.200581 -0.010609
v -0.049424 0.200943 -0.011483
v -0.057474 0.199550 -0.008120
v -0.053780 0.196187 -0.011483
v -0.049424 0.196187 -0.012429
v -0.057474 0.196187 -0.008789
v -0.053780 0.191792 -0.010609
v -0.049424 0.191430 -0.011483
v -0.057474 0.192823 -0.008120
v -0.053780 0.188067 -0.008120
v -0.049424 0.187398 -0.008789
v -0.057474 0.189972 -0.006215
v -0.053780 0.185577 -0.004394
v -0.049424 0.184703 -0.004757
v -0.057474 0.188067 -0.003363
v -0.053780 0.184703 -0.000000
v -0.049424 0.183757 -0.000000
v -0.057474 0.187398 -0.000000
v -0.053780 0.185577 0.004394
v -0.049424 0.184703 0.004757
v -0.057474 0.188067 0.003363
v -0.053780 0.188067 0.008120
v -0.057474 0.189972 0.006215
v -0.059312 0.193050 0.003136
v -0.057474 0.192823 0.008120
v -0.059312 0.194489 0.004098
v -0.059312 0.196187 0.004435
v -0.059312 0.197884 0.004098
v -0.059312 0.199323 0.003136
v -0.059312 0.200284 0.001697
v -0.059312 0.200622 0.000000
v -0.059312 0.200284 -0.001697
v -0.059312 0.199323 -0.003136
v -0.059312 0.197884 -0.004098
v -0.059312 0.196187 -0.004435
v -0.059312 0.194489 -0.004098
v -0.059312 0.193050 -0.003136
v -0.059312 0.192089 -0.001697
v -0.059312 0.191751 -0.000000
v -0.059312 0.192089 0.001697
v -0.039535 0.194489 0.004098
v -0.021597 0.196187 0.008789
v -0.025290 0.196187 0.011483
v -0.021597 0.192823 0.008120
v -0.019759 0.196187 0.004435
v -0.021597 0.199550 0.008120
v -0.019759 0.197884 0.004098
v -0.025290 0.200581 0.010609
v -0.021597 0.202401 0.006215
v -0.019759 0.199323 0.003136
v -0.025290 0.204306 0.008120
v -0.021597 0.204306 0.003363
v -0.019759 0.200284 0.001697
v -0.025290 0.206796 0.004394
v -0.021597 0.204975 0.000000
v -0.019759 0.200622 0.000000
v -0.025290 0.207670 0.000000
v -0.021597 0.204306 -0.003363
v -0.019759 0.200284 -0.001697
v -0.025290 0.206796 -0.004394
v -0.021597 0.202401 -0.006215
v -0.019759 0.199323 -0.003136
v -0.025290 0.204306 -0.008120
v -0.021597 0.199550 -0.008120
v -0.019759 0.197884 -0.004098
v -0.025290 0.200581 -0.010609
v -0.021597 0.196187 -0.008789
v -0.019759 0.196187 -0.004435
v -0.025290 0.196187 -0.011483
v -0.021597 0.192823 -0.008120
v -0.019759 0.194489 -0.004098
v -0.025290 0.191792 -0.010609
v -0.021597 0.189972 -0.006215
v -0.019759 0.193050 -0.003136
v -0.025290 0.188067 -0.008120
v -0.021597 0.188067 -0.003363
v -0.019759 0.192089 -0.001697
v -0.025290 0.185577 -0.004394
v -0.021597 0.187398 -0.000000
v -0.019759 0.191751 -0.000000
v -0.025290 0.184703 -0.000000
v -0.021597 0.188067 0.003363
v -0.019759 0.192089 0.001697
v -0.025290 0.185577 0.004394
v -0.021597 0.189972 0.006215
v -0.019759 0.193050 0.003136
v -0.025290 0.188067 0.008120
v -0.029647 0.187398 0.008789
v -0.025290 0.191792 0.010609
v -0.029647 0.191430 0.011483
v -0.034003 0.191792 0.010609
v -0.029647 0.196186 0.012429
v -0.029647 0.200943 0.011483
v -0.034003 0.196187 0.011483
v -0.037697 0.196187 0.008789
v -0.034003 0.200581 0.010609
v -0.037697 0.199550 0.008120
v -0.034003 0.204306 0.008120
v -0.029647 0.204975 0.008789
v -0.037697 0.202401 0.006215
v -0.034003 0.206796 0.004394
v -0.029647 0.207670 0.004757
v -0.037697 0.204306 0.003363
v -0.034003 0.207670 0.000000
v -0.029647 0.208616 0.000000
v -0.037697 0.204975 0.000000
v -0.034003 0.206796 -0.004394
v -0.029647 0.207670 -0.004757
v -0.037697 0.204306 -0.003363
v -0.034003 0.204306 -0.008120
v -0.029647 0.204975 -0.008789
v -0.037697 0.202401 -0.006215
v -0.034003 0.200581 -0.010609
v -0.029647 0.200943 -0.011483
v -0.037697 0.199550 -0.008120
v -0.034003 0.196187 -0.011483
v -0.029647 0.196187 -0.012429
v -0.037697 0.196187 -0.008789
v -0.034003 0.191792 -0.010609
v -0.029647 0.191430 -0.011483
v -0.037697 0.192823 -0.008120
v -0.034003 0.188067 -0.008120
v -0.029647 0.187398 -0.008789
v -0.037697 0.189972 -0.006215
v -0.034003 0.185577 -0.004394
v -0.029647 0.184703 -0.004757
v -0.037697 0.188067 -0.003363
v -0.034003 0.184703 -0.000000
v -0.029647 0.183757 -0.000000
v -0.037697 0.187398 -0.000000
v -0.034003 0.185577 0.004394
v -0.029647 0.184703 0.004757
v -0.037697 0.188067 0.003363
v -0.034003 0.188067 0.008120
v -0.037697 0.189972 0.006215
v -0.039535 0.193050 0.003136
v -0.037697 0.192823 0.008120
v -0.039535 0.194489 0.004098
v -0.039535 0.196187 0.004435
v -0.039535 0.197884 0.004098
v -0.039535 0.199323 0.003136
v -0.039535 0.200284 0.001697
v -0.039535 0.200622 0.000000
v -0.039535 0.200284 -0.001697
v -0.039535 0.199323 -0.003136
v -0.039535 0.197884 -0.004098
v -0.039535 0.196187 -0.004435
v -0.039535 0.194489 -0.004098
v -0.039535 0.193050 -0.003136
v -0.039535 0.192089 -0.001697
v -0.039535 0.191751 -0.000000
v -0.039535 0.192089 0.001697
v -0.019759 0.194489 0.004098
v 0.037724 0.196187 0.008789
v 0.034031 0.196187 0.011483
v 0.037724 0.192823 0.008120
v 0.039562 0.196187 0.004435
v 0.037724 0.199550 0.008120
v 0.039562 0.197884 0.004098
v 0.034031 0.200581 0.010609
v 0.037724 0.202401 0.006215
v 0.039562 0.199323 0.003136
v 0.034031 0.204306 0.008120
v 0.037724 0.204306 0.003363
v 0.039562 0.200284 0.001697
v 0.034031 0.206796 0.004394
v 0.037724 0.204975 0.000000
v 0.039562 0.200622 0.000000
v 0.034031 0.207670 0.000000
v 0.037724 0.204306 -0.003363
v 0.039562 0.200284 -0.001697
v 0.034031 0.206796 -0.004394
v 0.037724 0.202401 -0.006215
v 0.039562 0.199323 -0.003136
v 0.034031 0.204306 -0.008120
v 0.037724 0.199550 -0.008120
v 0.039562 0.197884 -0.004098
v 0.034031 0.200581 -0.010609
v 0.037724 0.196187 -0.008789
v 0.039562 0.196187 -0.004435
v 0.034031 0.196187 -0.011483
v 0.037724 0.192823 -0.008120
v 0.039562 0.194489 -0.004098
v 0.034031 0.191792 -0.010609
v 0.037724 0.189972 -0.006215
v 0.039562 0.193050 -0.003136
v 0.034031 0.188067 -0.008120
v 0.037724 0.188067 -0.003363
v 0.039562 0.192089 -0.001697
v 0.034031 0.185577 -0.004394
v 0.037724 0.187398 -0.000000
v 0.039562 0.191751 -0.000000
v 0.034031 0.184703 -0.000000
v 0.037724 0.188067 0.003363
v 0.039562 0.192089 0.001697
v 0.034031 0.185577 0.004394
v 0.037724 0.189972 0.006215
v 0.039562 0.193050 0.003136
v 0.034031 0.188067 0.008120
v 0.029674 0.187398 0.008789
v 0.034031 0.191792 0.010609
v 0.029674 0.191430 0.011483
v 0.025317 0.191792 0.010609
v 0.029674 0.196187 0.012429
v 0.029674 0.200943 0.011483
v 0.025317 0.196187 0.011483
v 0.021624 0.196187 0.008789
v 0.025317 0.200581 0.010609
v 0.021624 0.199550 0.008120
v 0.025317 0.204306 0.008120
v 0.029674 0.204975 0.008789
v 0.021624 0.202401 0.006215
v 0.025317 0.206796 0.004394
v 0.029674 0.207670 0.004757
v 0.021624 0.204306 0.003363
v 0.025317 0.207670 0.000000
v 0.029674 0.208616 0.000000
v 0.021624 0.204975 0.000000
v 0.025317 0.206796 -0.004394
v 0.029674 0.207670 -0.004757
v 0.021624 0.204306 -0.003363
v 0.025317 0.204306 -0.008120
v 0.029674 0.204975 -0.008789
v 0.021624 0.202401 -0.006215
v 0.025317 0.200581 -0.010609
v 0.029674 0.200943 -0.011483
v 0.021624 0.199550 -0.008120
v 0.025317 0.196187 -0.011483
v 0.029674 0.196187 -0.012429
v 0.021624 0.196187 -0.008789
v 0.025317 0.191792 -0.010609
v 0.029674 0.191430 -0.011483
v 0.021624 0.192823 -0.008120
v 0.025317 0.188067 -0.008120
v 0.029674 0.187398 -0.008789
v 0.021624 0.189972 -0.006215
v 0.025317 0.185577 -0.004394
v 0.029674 0.184703 -0.004757
v 0.021624 0.188067 -0.003363
v 0.025317 0.184703 -0.000000
v 0.029674 0.183757 -0.000000
v 0.021624 0.187398 -0.000000
v 0.025317 0.185577 0.004394
v 0.029674 0.184703 0.004757
v 0.021624 0.188067 0.003363
v 0.025317 0.188067 0.008120
v 0.021624 0.189972 0.006215
v 0.019786 0.193050 0.003136
v 0.021624 0.192823 0.008120
v 0.019786 0.194489 0.004098
v 0.019786 0.196187 0.004435
v 0.019786 0.197884 0.004098
v 0.019786 0.199323 0.003136
v 0.019786 0.200284 0.001697
v 0.019786 0.200622 0.000000
v 0.019786 0.200284 -0.001697
v 0.019786 0.199323 -0.003136
v 0.019786 0.197884 -0.004098
v 0.019786 0.196187 -0.004435
v 0.019786 0.194489 -0.004098
v 0.019786 0.193050 -0.003136
v 0.019786 0.192089 -0.001697
v 0.019786 0.191751 -0.000000
v 0.019786 0.192089 0.001697
v 0.039562 0.194489 0.004098
v 0.057501 0.196187 0.008789
v 0.053807 0.196187 0.011483
v 0.057501 0.192823 0.008120
v 0.059339 0.196187 0.004435
v 0.057501 0.199550 0.008120
v 0.059339 0.197884 0.004098
v 0.053807 0.200581 0.010609
v 0.057501 0.202401 0.006215
v 0.059339 0.199323 0.003136
v 0.053807 0.204306 0.008120
v 0.057501 0.204306 0.003363
v 0.059339 0.200284 0.001697
v 0.053807 0.206796 0.004394
v 0.057501 0.204975 0.000000
v 0.059339 0.200622 0.000000
v 0.053807 0.207670 0.000000
v 0.057501 0.204306 -0.003363
v 0.059339 0.200284 -0.001697
v 0.053807 0.206796 -0.004394
v 0.057501 0.202401 -0.006215
v 0.059339 0.199323 -0.003136
v 0.053807 0.204306 -0.008120
v 0.057501 0.199550 -0.008120
v 0.059339 0.197884 -0.004098
v 0.053807 0.200581 -0.010609
v 0.057501 0.196187 -0.008789
v 0.059339 0.196187 -0.004435
v 0.053807 0.196187 -0.011483
v 0.057501 0.192823 -0.008120
v 0.059339 0.194489 -0.004098
v 0.053807 0.191792 -0.010609
v 0.057501 0.189972 -0.006215
v 0.059339 0.193050 -0.003136
v 0.053807 0.188067 -0.008120
v 0.057501 0.188067 -0.003363
v 0.059339 0.192089 -0.001697
v 0.053807 0.185577 -0.004394
v 0.057501 0.187398 -0.000000
v 0.059339 0.191751 -0.000000
v 0.053807 0.184703 -0.000000
v 0.057501 0.188067 0.003363
v 0.059339 0.192089 0.001697
v 0.053807 0.185577 0.004394
v 0.057501 0.189972 0.006215
v 0.059339 0.193050 0.003136
v 0.053807 0.188067 0.008120
v 0.049451 0.187398 0.008789
v 0.053807 0.191792 0.010609
v 0.049451 0.191430 0.011483
v 0.045094 0.191792 0.010609
v 0.049451 0.196187 0.012429
v 0.049451 0.200943 0.011483
v 0.045094 0.196187 0.011483
v 0.041401 0.196187 0.008789
v 0.045094 0.200581 0.010609
v 0.041401 0.199550 0.008120
v 0.045094 0.204306 0.008120
v 0.049451 0.204975 0.008789
v 0.041401 0.202401 0.006215
v 0.045094 0.206796 0.004394
v 0.049451 0.207670 0.004757
v 0.041401 0.204306 0.003363
v 0.045094 0.207670 0.000000
v 0.049451 0.208616 0.000000
v 0.041401 0.204975 0.000000
v 0.045094 0.206796 -0.004394
v 0.049451 0.207670 -0.004757
v 0.041401 0.204306 -0.003363
v 0.045094 0.204306 -0.008120
v 0.049451 0.204975 -0.008789
v 0.041401 0.202401 -0.006215
v 0.045094 0.200581 -0.010609
v 0.049451 0.200943 -0.011483
v 0.041401 0.199550 -0.008120
v 0.045094 0.196187 -0.011483
v 0.049451 0.196187 -0.012429
v 0.041401 0.196187 -0.008789
v 0.045094 0.191792 -0.010609
v 0.049451 0.191430 -0.011483
v 0.041401 0.192823 -0.008120
v 0.045094 0.188067 -0.008120
v 0.049451 0.187398 -0.008789
v 0.041401 0.189972 -0.006215
v 0.045094 0.185577 -0.004394
v 0.049451 0.184703 -0.004757
v 0.041401 0.188067 -0.003363
v 0.045094 0.184703 -0.000000
v 0.049451 0.183757 -0.000000
v 0.041401 0.187398 -0.000000
v 0.045094 0.185577 0.004394
v 0.049451 0.184703 0.004757
v 0.041401 0.188067 0.003363
v 0.045094 0.188067 0.008120
v 0.041401 0.189972 0.006215
v 0.039562 0.193050 0.003136
v 0.041401 0.192823 0.008120
v 0.039562 0.194489 0.004098
v 0.039562 0.196187 0.004435
v 0.039562 0.197884 0.004098
v 0.039562 0.199323 0.003136
v 0.039562 0.200284 0.001697
v 0.039562 0.200622 0.000000
v 0.039562 0.200284 -0.001697
v 0.039562 0.199323 -0.003136
v 0.039562 0.197884 -0.004098
v 0.039562 0.196187 -0.004435
v 0.039562 0.194489 -0.004098
v 0.039562 0.193050 -0.003136
v 0.039562 0.192089 -0.001697
v 0.039562 0.191751 -0.000000
v 0.039562 0.192089 0.001697
v 0.059339 0.194489 0.004098
v 0.077277 0.196187 0.008789
v 0.073584 0.196187 0.011483
v 0.077277 0.192823 0.008120
v 0.079116 0.196187 0.004435
v 0.077277 0.199550 0.008120
v 0.079116 0.197884 0.004098
v 0.073584 0.200581 0.010609
v 0.077277 0.202401 0.006215
v 0.079116 0.199323 0.003136
v 0.073584 0.204306 0.008120
v 0.077277 0.204306 0.003363
v 0.079116 0.200284 0.001697
v 0.073584 0.206796 0.004394
v 0.077277 0.204975 0.000000
v 0.079116 0.200622 0.000000
v 0.073584 0.207670 0.000000
v 0.077277 0.204306 -0.003363
v 0.079116 0.200284 -0.001697
v 0.073584 0.206796 -0.004394
v 0.077277 0.202401 -0.006215
v 0.079116 0.199323 -0.003136
v 0.073584 0.204306 -0.008120
v 0.077277 0.199550 -0.008120
v 0.079116 0.197884 -0.004098
v 0.073584 0.200581 -0.010609
v 0.077277 0.196187 -0.008789
v 0.079116 0.196187 -0.004435
v 0.073584 0.196187 -0.011483
v 0.077277 0.192823 -0.008120
v 0.079116 0.194489 -0.004098
v 0.073584 0.191792 -0.010609
v 0.077277 0.189972 -0.006215
v 0.079116 0.193050 -0.003136
v 0.073584 0.188067 -0.008120
v 0.077277 0.188067 -0.003363
v 0.079116 0.192089 -0.001697
v 0.073584 0.185577 -0.004394
v 0.077277 0.187398 -0.000000
v 0.079116 0.191751 -0.000000
v 0.073584 0.184703 -0.000000
v 0.077277 0.188067 0.003363
v 0.079116 0.192089 0.001697
v 0.073584 0.185577 0.004394
v 0.077277 0.189972 0.006215
v 0.079116 0.193050 0.003136
v 0.073584 0.188067 0.008120
v 0.069228 0.187398 0.008789
v 0.073584 0.191792 0.010609
v 0.069228 0.191430 0.011483
v 0.064871 0.191792 0.010609
v 0.069228 0.196187 0.012429
v 0.069228 0.200943 0.011483
v 0.064871 0.196187 0.011483
v 0.061178 0.196187 0.008789
v 0.064871 0.200581 0.010609
v 0.061178 0.199550 0.008120
v 0.064871 0.204306 0.008120
v 0.069228 0.204975 0.008789
v 0.061178 0.202401 0.006215
v 0.064871 0.206796 0.004394
v 0.069228 0.207670 0.004757
v 0.061178 0.204306 0.003363
v 0.064871 0.207670 0.000000
v 0.069228 0.208616 0.000000
v 0.061178 0.204975 0.000000
v 0.064871 0.206796 -0.004394
v 0.069228 0.207670 -0.004757
v 0.061178 0.204306 -0.003363
v 0.064871 0.204306 -0.008120
v 0.069228 0.204975 -0.008789
v 0.061178 0.202401 -0.006215
v 0.064871 0.200581 -0.010609
v 0.069228 0.200943 -0.011483
v 0.061178 0.199550 -0.008120
v 0.064871 0.196187 -0.011483
v 0.069228 0.196187 -0.012429
v 0.061178 0.196187 -0.008789
v 0.064871 0.191792 -0.010609
v 0.069228 0.191430 -0.011483
v 0.061178 0.192823 -0.008120
v 0.064871 0.188067 -0.008120
v 0.069228 0.187398 -0.008789
v 0.061178 0.189972 -0.006215
v 0.064871 0.185577 -0.004394
v 0.069228 0.184703 -0.004757
v 0.061178 0.188067 -0.003363
v 0.064871 0.184703 -0.000000
v 0.069228 0.183757 -0.000000
v 0.061178 0.187398 -0.000000
v 0.064871 0.185577 0.004394
v 0.069228 0.184703 0.004757
v 0.061178 0.188067 0.003363
v 0.064871 0.188067 0.008120
v 0.061178 0.189972 0.006215
v 0.059339 0.193050 0.003136
v 0.061178 0.192823 0.008120
v 0.059339 0.194489 0.004098
v 0.059339 0.196187 0.004435
v 0.059339 0.197884 0.004098
v 0.059339 0.199323 0.003136
v 0.059339 0.200284 0.001697
v 0.059339 0.200622 0.000000
v 0.059339 0.200284 -0.001697
v 0.059339 0.199323 -0.003136
v 0.059339 0.197884 -0.004098
v 0.059339 0.196187 -0.004435
v 0.059339 0.194489 -0.004098
v 0.059339 0.193050 -0.003136
v 0.059339 0.192089 -0.001697
v 0.059339 0.191751 -0.000000
v 0.059339 0.192089 0.001697
v 0.079116 0.194489 0.004098
v 0.097054 0.196187 0.008789
v 0.093361 0.196187 0.011483
v 0.097054 0.192823 0.008120
v 0.098893 0.196187 0.004435
v 0.097054 0.199550 0.008120
v 0.098893 0.197884 0.004098
v 0.093361 0.200581 0.010609
v 0.097054 0.202401 0.006215
v 0.098893 0.199323 0.003136
v 0.093361 0.204306 0.008120
v 0.097054 0.204306 0.003363
v 0.098893 0.200284 0.001697
v 0.093361 0.206796 0.004394
v 0.097054 0.204975 0.000000
v 0.098893 0.200622 0.000000
v 0.093361 0.207670 0.000000
v 0.097054 0.204306 -0.003363
v 0.098893 0.200284 -0.001697
v 0.093361 0.206796 -0.004394
v 0.097054 0.202401 -0.006215
v 0.098893 0.199323 -0.003136
v 0.093361 0.204306 -0.008120
v 0.097054 0.199550 -0.008120
v 0.098893 0.197884 -0.004098
v 0.093361 0.200581 -0.010609
v 0.097054 0.196187 -0.008789
v 0.098893 0.196187 -0.004435
v 0.093361 0.196187 -0.011483
v 0.097054 0.192823 -0.008120
v 0.098893 0.194489 -0.004098
v 0.093361 0.191792 -0.010609
v 0.097054 0.189972 -0.006215
v 0.098893 0.193050 -0.003136
v 0.093361 0.188067 -0.008120
v 0.097054 0.188067 -0.003363
v 0.098893 0.192089 -0.001697
v 0.093361 0.185577 -0.004394
v 0.097054 0.187398 -0.000000
v 0.098893 0.191751 -0.000000
v 0.093361 0.184703 -0.000000
v 0.097054 0.188067 0.003363
v 0.098893 0.192089 0.001697
v 0.093361 0.185577 0.004394
v 0.097054 0.189972 0.006215
v 0.098893 0.193050 0.003136
v 0.093361 0.188067 0.008120
v 0.089004 0.187398 0.008789
v 0.093361 0.191792 0.010609
v 0.089004 0.191430 0.011483
v 0.084648 0.191792 0.010609
v 0.089004 0.196187 0.012429
v 0.089004 0.200943 0.011483
v 0.084648 0.196187 0.011483
v 0.080955 0.196187 0.008789
v 0.084648 0.200581 0.010609
v 0.080955 0.199550 0.008120
v 0.084648 0.204306 0.008120
v 0.089004 0.204975 0.008789
v 0.080955 0.202401 0.006215
v 0.084648 0.206796 0.004394
v 0.089004 0.207670 0.004757
v 0.080955 0.204306 0.003363
v 0.084648 0.207670 0.000000
v 0.089004 0.208616 0.000000
v 0.080955 0.204975 0.000000
v 0.084648 0.206796 -0.004394
v 0.089004 0.207670 -0.004757
v 0.080955 0.204306 -0.003363
v 0.084648 0.204306 -0.008120
v 0.089004 0.204975 -0.008789
v 0.080955 0.202401 -0.006215
v 0.084648 0.200581 -0.010609
v 0.089004 0.200943 -0.011483
v 0.080955 0.199550 -0.008120
v 0.084648 0.196187 -0.011483
v 0.089004 0.196187 -0.012429
v 0.080955 0.196187 -0.008789
v 0.084648 0.191792 -0.010609
v 0.089004 0.191430 -0.011483
v 0.080955 0.192823 -0.008120
v 0.084648 0.188067 -0.008120
v 0.089004 0.187398 -0.008789
v 0.080955 0.189972 -0.006215
v 0.084648 0.185577 -0.004394
v 0.089004 0.184703 -0.004757
v 0.080955 0.188067 -0.003363
v 0.084648 0.184703 -0.000000
v 0.089004 0.183757 -0.000000
v 0.080955 0.187398 -0.000000
v 0.084648 0.185577 0.004394
v 0.089004 0.184703 0.004757
v 0.080955 0.188067 0.003363
v 0.084648 0.188067 0.008120
v 0.080955 0.189972 0.006215
v 0.079116 0.193050 0.003136
v 0.080955 0.192823 0.008120
v 0.079116 0.194489 0.004098
v 0.079116 0.196187 0.004435
v 0.079116 0.197884 0.004098
v 0.079116 0.199323 0.003136
v 0.079116 0.200284 0.001697
v 0.079116 0.200622 0.000000
v 0.079116 0.200284 -0.001697
v 0.079116 0.199323 -0.003136
v 0.079116 0.197884 -0.004098
v 0.079116 0.196187 -0.004435
v 0.079116 0.194489 -0.004098
v 0.079116 0.193050 -0.003136
v 0.079116 0.192089 -0.001697
v 0.079116 0.191751 -0.000000
v 0.079116 0.192089 0.001697
v 0.098893 0.194489 0.004098
v 0.116831 0.196187 0.008789
v 0.113138 0.196187 0.011483
v 0.116831 0.192823 0.008120
v 0.118670 0.196187 0.004435
v 0.116831 0.199550 0.008120
v 0.118670 0.197884 0.004098
v 0.113138 0.200581 0.010609
v 0.116831 0.202401 0.006215
v 0.118670 0.199323 0.003136
v 0.113138 0.204306 0.008120
v 0.116831 0.204306 0.003363
v 0.118670 0.200284 0.001697
v 0.113138 0.206796 0.004394
v 0.116831 0.204975 0.000000
v 0.118670 0.200622 0.000000
v 0.113138 0.207670 0.000000
v 0.116831 0.204306 -0.003363
v 0.118670 0.200284 -0.001697
v 0.113138 0.206796 -0.004394
v 0.116831 0.202401 -0.006215
v 0.118670 0.199323 -0.003136
v 0.113138 0.204306 -0.008120
v 0.116831 0.199550 -0.008120
v 0.118670 0.197884 -0.004098
v 0.113138 0.200581 -0.010609
v 0.116831 0.196187 -0.008789
v 0.118670 0.196187 -0.004435
v 0.113138 0.196187 -0.011483
v 0.116831 0.192823 -0.008120
v 0.118670 0.194489 -0.004098
v 0.113138 0.191792 -0.010609
v 0.116831 0.189972 -0.006215
v 0.118670 0.193050 -0.003136
v 0.113138 0.188067 -0.008120
v 0.116831 0.188067 -0.003363
v 0.118670 0.192089 -0.001697
v 0.113138 0.185577 -0.004394
v 0.116831 0.187398 -0.000000
v 0.118670 0.191751 -0.000000
v 0.113138 0.184703 -0.000000
v 0.116831 0.188067 0.003363
v 0.118670 0.192089 0.001697
v 0.113138 0.185577 0.004394
v 0.116831 0.189972 0.006215
v 0.118670 0.193050 0.003136
v 0.113138 0.188067 0.008120
v 0.108781 0.187398 0.008789
v 0.113138 0.191792 0.010609
v 0.108781 0.191430 0.011483
v 0.104425 0.191792 0.010609
v 0.108781 0.196186 0.012429
v 0.108781 0.200943 0.011483
v 0.104425 0.196187 0.011483
v 0.100731 0.196187 0.008789
v 0.104425 0.200581 0.010609
v 0.100731 0.199550 0.008120
v 0.104425 0.204306 0.008120
v 0.108781 0.204975 0.008789
v 0.100731 0.202401 0.006215
v 0.104425 0.206796 0.004394
v 0.108781 0.207670 0.004757
v 0.100731 0.204306 0.003363
v 0.104425 0.207670 0.000000
v 0.108781 0.208616 0.000000
v 0.100731 0.204975 0.000000
v 0.104425 0.206796 -0.004394
v 0.108781 0.207670 -0.004757
v 0.100731 0.204306 -0.003363
v 0.104425 0.204306 -0.008120
v 0.108781 0.204975 -0.008789
v 0.100731 0.202401 -0.006215
v 0.104425 0.200581 -0.010609
v 0.108781 0.200943 -0.011483
v 0.100731 0.199550 -0.008120
v 0.104425 0.196187 -0.011483
v 0.108781 0.196187 -0.012429
v 0.100731 0.196187 -0.008789
v 0.104425 0.191792 -0.010609
v 0.108781 0.191430 -0.011483
v 0.100731 0.192823 -0.008120
v 0.104425 0.188067 -0.008120
v 0.108781 0.187398 -0.008789
v 0.100731 0.189972 -0.006215
v 0.104425 0.185577 -0.004394
v 0.108781 0.184703 -0.004757
v 0.100731 0.188067 -0.003363
v 0.104425 0.184703 -0.000000
v 0.108781 0.183757 -0.000000
v 0.100731 0.187398 -0.000000
v 0.104425 0.185577 0.004394
v 0.108781 0.184703 0.004757
v 0.100731 0.188067 0.003363
v 0.104425 0.188067 0.008120
v 0.100731 0.189972 0.006215
v 0.098893 0.193050 0.003136
v 0.100731 0.192823 0.008120
v 0.098893 0.194489 0.004098
v 0.098893 0.196187 0.004435
v 0.098893 0.197884 0.004098
v 0.098893 0.199323 0.003136
v 0.098893 0.200284 0.001697
v 0.098893 0.200622 0.000000
v 0.098893 0.200284 -0.001697
v 0.098893 0.199323 -0.003136
v 0.098893 0.197884 -0.004098
v 0.098893 0.196187 -0.004435
v 0.098893 0.194489 -0.004098
v 0.098893 0.193050 -0.003136
v 0.098893 0.192089 -0.001697
v 0.098893 0.191751 -0.000000
v 0.098893 0.192089 0.001697
v 0.118670 0.194489 0.004098
v -0.080928 0.154091 0.008789
v -0.084621 0.154091 0.011483
v -0.080928 0.150728 0.008120
v -0.079089 0.154091 0.004435
v -0.080928 0.157454 0.008120
v -0.079089 0.155788 0.004098
v -0.084621 0.158485 0.010609
v -0.080928 0.160306 0.006215
v -0.079089 0.157227 0.003136
v -0.084621 0.162211 0.008120
v -0.080928 0.162211 0.003363
v -0.079089 0.158188 0.001697
v -0.084621 0.164700 0.004394
v -0.080928 0.162880 0.000000
v -0.079089 0.158526 0.000000
v -0.084621 0.165574 0.000000
v -0.080928 0.162211 -0.003363
v -0.079089 0.158188 -0.001697
v -0.084621 0.164700 -0.004394
v -0.080928 0.160306 -0.006215
v -0.079089 0.157227 -0.003136
v -0.084621 0.162211 -0.008120
v -0.080928 0.157454 -0.008120
v -0.079089 0.155788 -0.004098
v -0.084621 0.158485 -0.010609
v -0.080928 0.154091 -0.008789
v -0.079089 0.154091 -0.004435
v -0.084621 0.154091 -0.011483
v -0.080928 0.150728 -0.008120
v -0.079089 0.152394 -0.004098
v -0.084621 0.149696 -0.010609
v -0.080928 0.147876 -0.006215
v -0.079089 0.150955 -0.003136
v -0.084621 0.145971 -0.008120
v -0.080928 0.145971 -0.003363
v -0.079089 0.149993 -0.001697
v -0.084621 0.143482 -0.004394
v -0.080928 0.145302 -0.000000
v -0.079089 0.149656 -0.000000
v -0.084621 0.142608 -0.000000
v -0.080928 0.145971 0.003363
v -0.079089 0.149993 0.001697
v -0.084621 0.143482 0.004394
v -0.080928 0.147876 0.006215
v -0.079089 0.150955 0.003136
v -0.084621 0.145971 0.008120
v -0.088977 0.145302 0.008789
v -0.084621 0.149696 0.010609
v -0.088977 0.149334 0.011483
v -0.093334 0.149696 0.010609
v -0.088977 0.154091 0.012429
v -0.088977 0.158847 0.011483
v -0.093334 0.154091 0.011483
v -0.097027 0.154091 0.008789
v -0.093334 0.158485 0.010609
v -0.097027 0.157454 0.008120
v -0.093334 0.162211 0.008120
v -0.088977 0.162880 0.008789
v -0.097027 0.160306 0.006215
v -0.093334 0.164700 0.004394
v -0.088977 0.165574 0.004757
v -0.097027 0.162211 0.003363
v -0.093334 0.165574 0.000000
v -0.088977 0.166520 0.000000
v -0.097027 0.162880 0.000000
v -0.093334 0.164700 -0.004394
v -0.088977 0.165574 -0.004757
v -0.097027 0.162211 -0.003363
v -0.093334 0.162211 -0.008120
v -0.088977 0.162880 -0.008789
v -0.097027 0.160306 -0.006215
v -0.093334 0.158485 -0.010609
v -0.088977 0.158847 -0.011483
v -0.097027 0.157454 -0.008120
v -0.093334 0.154091 -0.011483
v -0.088977 0.154091 -0.012429
v -0.097027 0.154091 -0.008789
v -0.093334 0.149696 -0.010609
v -0.088977 0.149334 -0.011483
v -0.097027 0.150728 -0.008120
v -0.093334 0.145971 -0.008120
v -0.088977 0.145302 -0.008789
v -0.097027 0.147876 -0.006215
v -0.093334 0.143482 -0.004394
v -0.088977 0.142608 -0.004757
v -0.097027 0.145971 -0.003363
v -0.093334 0.142608 -0.000000
v -0.088977 0.141662 -0.000000
v -0.097027 0.145302 -0.000000
v -0.093334 0.143482 0.004394
v -0.088977 0.142608 0.004757
v -0.097027 0.145971 0.003363
v -0.093334 0.145971 0.008120
v -0.097027 0.147876 0.006215
v -0.098866 0.150955 0.003136
v -0.097027 0.150728 0.008120
v -0.098866 0.152394 0.004098
v -0.098866 0.154091 0.004435
v -0.098866 0.155788 0.004098
v -0.098866 0.157227 0.003136
v -0.098866 0.158188 0.001697
v -0.098866 0.158526 0.000000
v -0.098866 0.158188 -0.001697
v -0.098866 0.157227 -0.003136
v -0.098866 0.155788 -0.004098
v -0.098866 0.154091 -0.004435
v -0.098866 0.152394 -0.004098
v -0.098866 0.150955 -0.003136
v -0.098866 0.149993 -0.001697
v -0.098866 0.149656 -0.000000
v -0.098866 0.149993 0.001697
v -0.079089 0.152394 0.004098
v -0.100704 0.154091 0.008789
v -0.104398 0.154091 0.011483
v -0.100704 0.150728 0.008120
v -0.098866 0.154091 0.004435
v -0.100704 0.157454 0.008120
v -0.098866 0.155788 0.004098
v -0.104398 0.158485 0.010609
v -0.100704 0.160306 0.006215
v -0.098866 0.157227 0.003136
v -0.104398 0.162211 0.008120
v -0.100704 0.162211 0.003363
v -0.098866 0.158188 0.001697
v -0.104398 0.164700 0.004394
v -0.100704 0.162880 0.000000
v -0.098866 0.158526 0.000000
v -0.104398 0.165574 0.000000
v -0.100704 0.162211 -0.003363
v -0.098866 0.158188 -0.001697
v -0.104398 0.164700 -0.004394
v -0.100704 0.160306 -0.006215
v -0.098866 0.157227 -0.003136
v -0.104398 0.162211 -0.008120
v -0.100704 0.157454 -0.008120
v -0.098866 0.155788 -0.004098
v -0.104398 0.158485 -0.010609
v -0.100704 0.154091 -0.008789
v -0.098866 0.154091 -0.004435
v -0.104398 0.154091 -0.011483
v -0.100704 0.150728 -0.008120
v -0.098866 0.152394 -0.004098
v -0.104398 0.149696 -0.010609
v -0.100704 0.147876 -0.006215
v -0.098866 0.150955 -0.003136
v -0.104398 0.145971 -0.008120
v -0.100704 0.145971 -0.003363
v -0.098866 0.149993 -0.001697
v -0.104398 0.143482 -0.004394
v -0.100704 0.145302 -0.000000
v -0.098866 0.149656 -0.000000
v -0.104398 0.142608 -0.000000
v -0.100704 0.145971 0.003363
v -0.098866 0.149993 0.001697
v -0.104398 0.143482 0.004394
v -0.100704 0.147876 0.006215
v -0.098866 0.150955 0.003136
v -0.104398 0.145971 0.008120
v -0.108754 0.145302 0.008789
v -0.104398 0.149696 0.010609
v -0.108754 0.149334 0.011483
v -0.113111 0.149696 0.010609
v -0.108754 0.154091 0.012429
v -0.108754 0.158847 0.011483
v -0.113111 0.154091 0.011483
v -0.116804 0.154091 0.008789
v -0.113111 0.158485 0.010609
v -0.116804 0.157454 0.008120
v -0.113111 0.162211 0.008120
v -0.108754 0.162880 0.008789
v -0.116804 0.160306 0.006215
v -0.113111 0.164700 0.004394
v -0.108754 0.165574 0.004757
v -0.116804 0.162211 0.003363
v -0.113111 0.165574 0.000000
v -0.108754 0.166520 0.000000
v -0.116804 0.162880 0.000000
v -0.113111 0.164700 -0.004394
v -0.108754 0.165574 -0.004757
v -0.116804 0.162211 -0.003363
v -0.113111 0.162211 -0.008120
v -0.108754 0.162880 -0.008789
v -0.116804 0.160306 -0.006215
v -0.113111 0.158485 -0.010609
v -0.108754 0.158847 -0.011483
v -0.116804 0.157454 -0.008120
v -0.113111 0.154091 -0.011483
v -0.108754 0.154091 -0.012429
v -0.116804 0.154091 -0.008789
v -0.113111 0.149696 -0.010609
v -0.108754 0.149334 -0.011483
v -0.116804 0.150728 -0.008120
v -0.113111 0.145971 -0.008120
v -0.108754 0.145302 -0.008789
v -0.116804 0.147876 -0.006215
v -0.113111 0.143482 -0.004394
v -0.108754 0.142608 -0.004757
v -0.116804 0.145971 -0.003363
v -0.113111 0.142608 -0.000000
v -0.108754 0.141662 -0.000000
v -0.116804 0.145302 -0.000000
v -0.113111 0.143482 0.004394
v -0.108754 0.142608 0.004757
v -0.116804 0.145971 0.003363
v -0.113111 0.145971 0.008120
v -0.116804 0.147876 0.006215
v -0.118643 0.150955 0.003136
v -0.116804 0.150728 0.008120
v -0.118643 0.152394 0.004098
v -0.118643 0.154091 0.004435
v -0.118643 0.155788 0.004098
v -0.118643 0.157227 0.003136
v -0.118643 0.158188 0.001697
v -0.118643 0.158526 0.000000
v -0.118643 0.158188 -0.001697
v -0.118643 0.157227 -0.003136
v -0.118643 0.155788 -0.004098
v -0.118643 0.154091 -0.004435
v -0.118643 0.152394 -0.004098
v -0.118643 0.150955 -0.003136
v -0.118643 0.149993 -0.001697
v -0.118643 0.149656 -0.000000
v -0.118643 0.149993 0.001697
v -0.098866 0.152394 0.004098
v -0.061151 0.154091 0.008789
v -0.064844 0.154091 0.011483
v -0.061151 0.150728 0.008120
v -0.059312 0.154091 0.004435
v -0.061151 0.157454 0.008120
v -0.059312 0.155788 0.004098
v -0.064844 0.158485 0.010609
v -0.061151 0.160306 0.006215
v -0.059312 0.157227 0.003136
v -0.064844 0.162211 0.008120
v -0.061151 0.162211 0.003363
v -0.059312 0.158188 0.001697
v -0.064844 0.164700 0.004394
v -0.061151 0.162880 0.000000
v -0.059312 0.158526 0.000000
v -0.064844 0.165574 0.000000
v -0.061151 0.162211 -0.003363
v -0.059312 0.158188 -0.001697
v -0.064844 0.164700 -0.004394
v -0.061151 0.160306 -0.006215
v -0.059312 0.157227 -0.003136
v -0.064844 0.162211 -0.008120
v -0.061151 0.157454 -0.008120
v -0.059312 0.155788 -0.004098
v -0.064844 0.158485 -0.010609
v -0.061151 0.154091 -0.008789
v -0.059312 0.154091 -0.004435
v -0.064844 0.154091 -0.011483
v -0.061151 0.150728 -0.008120
v -0.059312 0.152394 -0.004098
v -0.064844 0.149696 -0.010609
v -0.061151 0.147876 -0.006215
v -0.059312 0.150955 -0.003136
v -0.064844 0.145971 -0.008120
v -0.061151 0.145971 -0.003363
v -0.059312 0.149993 -0.001697
v -0.064844 0.143482 -0.004394
v -0.061151 0.145302 -0.000000
v -0.059312 0.149656 -0.000000
v -0.064844 0.142608 -0.000000
v -0.061151 0.145971 0.003363
v -0.059312 0.149993 0.001697
v -0.064844 0.143482 0.004394
v -0.061151 0.147876 0.006215
v -0.059312 0.150955 0.003136
v -0.064844 0.145971 0.008120
v -0.069201 0.145302 0.008789
v -0.064844 0.149696 0.010609
v -0.069201 0.149334 0.011483
v -0.073557 0.149696 0.010609
v -0.069201 0.154091 0.012429
v -0.069201 0.158847 0.011483
v -0.073557 0.154091 0.011483
v -0.077250 0.154091 0.008789
v -0.073557 0.158485 0.010609
v -0.077250 0.157454 0.008120
v -0.073557 0.162211 0.008120
v -0.069201 0.162880 0.008789
v -0.077250 0.160306 0.006215
v -0.073557 0.164700 0.004394
v -0.069201 0.165574 0.004757
v -0.077250 0.162211 0.003363
v -0.073557 0.165574 0.000000
v -0.069201 0.166520 0.000000
v -0.077250 0.162880 0.000000
v -0.073557 0.164700 -0.004394
v -0.069201 0.165574 -0.004757
v -0.077250 0.162211 -0.003363
v -0.073557 0.162211 -0.008120
v -0.069201 0.162880 -0.008789
v -0.077250 0.160306 -0.006215
v -0.073557 0.158485 -0.010609
v -0.069201 0.158847 -0.011483
v -0.077250 0.157454 -0.008120
v -0.073557 0.154091 -0.011483
v -0.069201 0.154091 -0.012429
v -0.077250 0.154091 -0.008789
v -0.073557 0.149696 -0.010609
v -0.069201 0.149334 -0.011483
v -0.077250 0.150728 -0.008120
v -0.073557 0.145971 -0.008120
v -0.069201 0.145302 -0.008789
v -0.077250 0.147876 -0.006215
v -0.073557 0.143482 -0.004394
v -0.069201 0.142608 -0.004757
v -0.077250 0.145971 -0.003363
v -0.073557 0.142608 -0.000000
v -0.069201 0.141662 -0.000000
v -0.077250 0.145302 -0.000000
v -0.073557 0.143482 0.004394
v -0.069201 0.142608 0.004757
v -0.077250 0.145971 0.003363
v -0.073557 0.145971 0.008120
v -0.077250 0.147876 0.006215
v -0.079089 0.150955 0.003136
v -0.077250 0.150728 0.008120
v -0.079089 0.152394 0.004098
v -0.079089 0.154091 0.004435
v -0.079089 0.155788 0.004098
v -0.079089 0.157227 0.003136
v -0.079089 0.158188 0.001697
v -0.079089 0.158526 0.000000
v -0.079089 0.158188 -0.001697
v -0.079089 0.157227 -0.003136
v -0.079089 0.155788 -0.004098
v -0.079089 0.154091 -0.004435
v -0.079089 0.152394 -0.004098
v -0.079089 0.150955 -0.003136
v -0.079089 0.149993 -0.001697
v -0.079089 0.149656 -0.000000
v -0.079089 0.149993 0.001697
v -0.059312 0.152394 0.004098
v -0.041374 0.154091 0.008789
v -0.045067 0.154091 0.011483
v -0.041374 0.150728 0.008120
v -0.039535 0.154091 0.004435
v -0.041374 0.157454 0.008120
v -0.039535 0.155788 0.004098
v -0.045067 0.158485 0.010609
v -0.041374 0.160306 0.006215
v -0.039535 0.157227 0.003136
v -0.045067 0.162211 0.008120
v -0.041374 0.162211 0.003363
v -0.039535 0.158188 0.001697
v -0.045067 0.164700 0.004394
v -0.041374 0.162880 0.000000
v -0.039535 0.158526 0.000000
v -0.045067 0.165574 0.000000
v -0.041374 0.162211 -0.003363
v -0.039535 0.158188 -0.001697
v -0.045067 0.164700 -0.004394
v -0.041374 0.160306 -0.006215
v -0.039535 0.157227 -0.003136
v -0.045067 0.162211 -0.008120
v -0.041374 0.157454 -0.008120
v -0.039535 0.155788 -0.004098
v -0.045067 0.158485 -0.010609
v -0.041374 0.154091 -0.008789
v -0.039535 0.154091 -0.004435
v -0.045067 0.154091 -0.011483
v -0.041374 0.150728 -0.008120
v -0.039535 0.152394 -0.004098
v -0.045067 0.149696 -0.010609
v -0.041374 0.147876 -0.006215
v -0.039535 0.150955 -0.003136
v -0.045067 0.145971 -0.008120
v -0.041374 0.145971 -0.003363
v -0.039535 0.149993 -0.001697
v -0.045067 0.143482 -0.004394
v -0.041374 0.145302 -0.000000
v -0.039535 0.149656 -0.000000
v -0.045067 0.142608 -0.000000
v -0.041374 0.145971 0.003363
v -0.039535 0.149993 0.001697
v -0.045067 0.143482 0.004394
v -0.041374 0.147876 0.006215
v -0.039535 0.150955 0.003136
v -0.045067 0.145971 0.008120
v -0.049424 0.145302 0.008789
v -0.045067 0.149696 0.010609
v -0.049424 0.149334 0.011483
v -0.053780 0.149696 0.010609
v -0.049424 0.154091 0.012429
v -0.049424 0.158847 0.011483
v -0.053780 0.154091 0.011483
v -0.057474 0.154091 0.008789
v -0.053780 0.158485 0.010609
v -0.057474 0.157454 0.008120
v -0.053780 0.162211 0.008120
v -0.049424 0.162880 0.008789
v -0.057474 0.160306 0.006215
v -0.053780 0.164700 0.004394
v -0.049424 0.165574 0.004757
v -0.057474 0.162211 0.003363
v -0.053780 0.165574 0.000000
v -0.049424 0.166520 0.000000
v -0.057474 0.162880 0.000000
v -0.053780 0.164700 -0.004394
v -0.049424 0.165574 -0.004757
v -0.057474 0.162211 -0.003363
v -0.053780 0.162211 -0.008120
v -0.049424 0.162880 -0.008789
v -0.057474 0.160306 -0.006215
v -0.053780 0.158485 -0.010609
v -0.049424 0.158847 -0.011483
v -0.057474 0.157454 -0.008120
v -0.053780 0.154091 -0.011483
v -0.049424 0.154091 -0.012429
v -0.057474 0.154091 -0.008789
v -0.053780 0.149696 -0.010609
v -0.049424 0.149334 -0.011483
v -0.057474 0.150728 -0.008120
v -0.053780 0.145971 -0.008120
v -0.049424 0.145302 -0.008789
v -0.057474 0.147876 -0.006215
v -0.053780 0.143482 -0.004394
v -0.049424 0.142608 -0.004757
v -0.057474 0.145971 -0.003363
v -0.053780 0.142608 -0.000000
v -0.049424 0.141662 -0.000000
v -0.057474 0.145302 -0.000000
v -0.053780 0.143482 0.004394
v -0.049424 0.142608 0.004757
v -0.057474 0.145971 0.003363
v -0.053780 0.145971 0.008120
v -0.057474 0.147876 0.006215
v -0.059312 0.150955 0.003136
v -0.057474 0.150728 0.008120
v -0.059312 0.152394 0.004098
v -0.059312 0.154091 0.004435
v -0.059312 0.155788 0.004098
v -0.059312 0.157227 0.003136
v -0.059312 0.158188 0.001697
v -0.059312 0.158526 0.000000
v -0.059312 0.158188 -0.001697
v -0.059312 0.157227 -0.003136
v -0.059312 0.155788 -0.004098
v -0.059312 0.154091 -0.004435
v -0.059312 0.152394 -0.004098
v -0.059312 0.150955 -0.003136
v -0.059312 0.149993 -0.001697
v -0.059312 0.149656 -0.000000
v -0.059312 0.149993 0.001697
v -0.039535 0.152394 0.004098
v -0.021597 0.154091 0.008789
v -0.025290 0.154091 0.011483
v -0.021597 0.150728 0.008120
v -0.019759 0.154091 0.004435
v -0.021597 0.157454 0.008120
v -0.019759 0.155788 0.004098
v -0.025290 0.158485 0.010609
v -0.021597 0.160306 0.006215
v -0.019759 0.157227 0.003136
v -0.025290 0.162211 0.008120
v -0.021597 0.162211 0.003363
v -0.019759 0.158188 0.001697
v -0.025290 0.164700 0.004394
v -0.021597 0.162880 0.000000
v -0.019759 0.158526 0.000000
v -0.025290 0.165574 0.000000
v -0.021597 0.162211 -0.003363
v -0.019759 0.158188 -0.001697
v -0.025290 0.164700 -0.004394
v -0.021597 0.160306 -0.006215
v -0.019759 0.157227 -0.003136
v -0.025290 0.162211 -0.008120
v -0.021597 0.157454 -0.008120
v -0.019759 0.155788 -0.004098
v -0.025290 0.158485 -0.010609
v -0.021597 0.154091 -0.008789
v -0.019759 0.154091 -0.004435
v -0.025290 0.154091 -0.011483
v -0.021597 0.150728 -0.008120
v -0.019759 0.152394 -0.004098
v -0.025290 0.149696 -0.010609
v -0.021597 0.147876 -0.006215
v -0.019759 0.150955 -0.003136
v -0.025290 0.145971 -0.008120
v -0.021597 0.145971 -0.003363
v -0.019759 0.149993 -0.001697
v -0.025290 0.143482 -0.004394
v -0.021597 0.145302 -0.000000
v -0.019759 0.149656 -0.000000
v -0.025290 0.142608 -0.000000
v -0.021597 0.145971 0.003363
v -0.019759 0.149993 0.001697
v -0.025290 0.143482 0.004394
v -0.021597 0.147876 0.006215
v -0.019759 0.150955 0.003136
v -0.025290 0.145971 0.008120
v -0.029647 0.145302 0.008789
v -0.025290 0.149696 0.010609
v -0.029647 0.149334 0.011483
v -0.034003 0.149696 0.010609
v -0.029647 0.154091 0.012429
v -0.029647 0.158847 0.011483
v -0.034003 0.154091 0.011483
v -0.037697 0.154091 0.008789
v -0.034003 0.158485 0.010609
v -0.037697 0.157454 0.008120
v -0.034003 0.162211 0.008120
v -0.029647 0.162880 0.008789
v -0.037697 0.160306 0.006215
v -0.034003 0.164700 0.004394
v -0.029647 0.165574 0.004757
v -0.037697 0.162211 0.003363
v -0.034003 0.165574 0.000000
v -0.029647 0.166520 0.000000
v -0.037697 0.162880 0.000000
v -0.034003 0.164700 -0.004394
v -0.029647 0.165574 -0.004757
v -0.037697 0.162211 -0.003363
v -0.034003 0.162211 -0.008120
v -0.029647 0.162880 -0.008789
v -0.037697 0.160306 -0.006215
v -0.034003 0.158485 -0.010609
v -0.029647 0.158847 -0.011483
v -0.037697 0.157454 -0.008120
v -0.034003 0.154091 -0.011483
v -0.029647 0.154091 -0.012429
v -0.037697 0.154091 -0.008789
v -0.034003 0.149696 -0.010609
v -0.029647 0.149334 -0.011483
v -0.037697 0.150728 -0.008120
v -0.034003 0.145971 -0.008120
v -0.029647 0.145302 -0.008789
v -0.037697 0.147876 -0.006215
v -0.034003 0.143482 -0.004394
v -0.029647 0.142608 -0.004757
v -0.037697 0.145971 -0.003363
v -0.034003 0.142608 -0.000000
v -0.029647 0.141662 -0.000000
v -0.037697 0.145302 -0.000000
v -0.034003 0.143482 0.004394
v -0.029647 0.142608 0.004757
v -0.037697 0.145971 0.003363
v -0.034003 0.145971 0.008120
v -0.037697 0.147876 0.006215
v -0.039535 0.150955 0.003136
v -0.037697 0.150728 0.008120
v -0.039535 0.152394 0.004098
v -0.039535 0.154091 0.004435
v -0.039535 0.155788 0.004098
v -0.039535 0.157227 0.003136
v -0.039535 0.158188 0.001697
v -0.039535 0.158526 0.000000
v -0.039535 0.158188 -0.001697
v -0.039535 0.157227 -0.003136
v -0.039535 0.155788 -0.004098
v -0.039535 0.154091 -0.004435
v -0.039535 0.152394 -0.004098
v -0.039535 0.150955 -0.003136
v -0.039535 0.149993 -0.001697
v -0.039535 0.149656 -0.000000
v -0.039535 0.149993 0.001697
v -0.019759 0.152394 0.004098
v 0.037724 0.154091 0.008789
v 0.034031 0.154091 0.011483
v 0.037724 0.150728 0.008120
v 0.039562 0.154091 0.004435
v 0.037724 0.157454 0.008120
v 0.039562 0.155788 0.004098
v 0.034031 0.158485 0.010609
v 0.037724 0.160306 0.006215
v 0.039562 0.157227 0.003136
v 0.034031 0.162211 0.008120
v 0.037724 0.162211 0.003363
v 0.039562 0.158188 0.001697
v 0.034031 0.164700 0.004394
v 0.037724 0.162880 0.000000
v 0.039562 0.158526 0.000000
v 0.034031 0.165574 0.000000
v 0.037724 0.162211 -0.003363
v 0.039562 0.158188 -0.001697
v 0.034031 0.164700 -0.004394
v 0.037724 0.160306 -0.006215
v 0.039562 0.157227 -0.003136
v 0.034031 0.162211 -0.008120
v 0.037724 0.157454 -0.008120
v 0.039562 0.155788 -0.004098
v 0.034031 0.158485 -0.010609
v 0.037724 0.154091 -0.008789
v 0.039562 0.154091 -0.004435
v 0.034031 0.154091 -0.011483
v 0.037724 0.150728 -0.008120
v 0.039562 0.152394 -0.004098
v 0.034031 0.149696 -0.010609
v 0.037724 0.147876 -0.006215
v 0.039562 0.150955 -0.003136
v 0.034031 0.145971 -0.008120
v 0.037724 0.145971 -0.003363
v 0.039562 0.149993 -0.001697
v 0.034031 0.143482 -0.004394
v 0.037724 0.145302 -0.000000
v 0.039562 0.149656 -0.000000
v 0.034031 0.142608 -0.000000
v 0.037724 0.145971 0.003363
v 0.039562 0.149993 0.001697
v 0.034031 0.143482 0.004394
v 0.037724 0.147876 0.006215
v 0.039562 0.150955 0.003136
v 0.034031 0.145971 0.008120
v 0.029674 0.145302 0.008789
v 0.034031 0.149696 0.010609
v 0.029674 0.149334 0.011483
v 0.025317 0.149696 0.010609
v 0.029674 0.154091 0.012429
v 0.029674 0.158847 0.011483
v 0.025317 0.154091 0.011483
v 0.021624 0.154091 0.008789
v 0.025317 0.158485 0.010609
v 0.021624 0.157454 0.008120
v 0.025317 0.162211 0.008120
v 0.029674 0.162880 0.008789
v 0.021624 0.160306 0.006215
v 0.025317 0.164700 0.004394
v 0.029674 0.165574 0.004757
v 0.021624 0.162211 0.003363
v 0.025317 0.165574 0.000000
v 0.029674 0.166520 0.000000
v 0.021624 0.162880 0.000000
v 0.025317 0.164700 -0.004394
v 0.029674 0.165574 -0.004757
v 0.021624 0.162211 -0.003363
v 0.025317 0.162211 -0.008120
v 0.029674 0.162880 -0.008789
v 0.021624 0.160306 -0.006215
v 0.025317 0.158485 -0.010609
v 0.029674 0.158847 -0.011483
v 0.021624 0.157454 -0.008120
v 0.025317 0.154091 -0.011483
v 0.029674 0.154091 -0.012429
v 0.021624 0.154091 -0.008789
v 0.025317 0.149696 -0.010609
v 0.029674 0.149334 -0.011483
v 0.021624 0.150728 -0.008120
v 0.025317 0.145971 -0.008120
v 0.029674 0.145302 -0.008789
v 0.021624 0.147876 -0.006215
v 0.025317 0.143482 -0.004394
v 0.029674 0.142608 -0.004757
v 0.021624 0.145971 -0.003363
v 0.025317 0.142608 -0.000000
v 0.029674 0.141662 -0.000000
v 0.021624 0.145302 -0.000000
v 0.025317 0.143482 0.004394
v 0.029674 0.142608 0.004757
v 0.021624 0.145971 0.003363
v 0.025317 0.145971 0.008120
v 0.021624 0.147876 0.006215
v 0.019786 0.150955 0.003136
v 0.021624 0.150728 0.008120
v 0.019786 0.152394 0.004098
v 0.019786 0.154091 0.004435
v 0.019786 0.155788 0.004098
v 0.019786 0.157227 0.003136
v 0.019786 0.158188 0.001697
v 0.019786 0.158526 0.000000
v 0.019786 0.158188 -0.001697
v 0.019786 0.157227 -0.003136
v 0.019786 0.155788 -0.004098
v 0.019786 0.154091 -0.004435
v 0.019786 0.152394 -0.004098
v 0.019786 0.150955 -0.003136
v 0.019786 0.149993 -0.001697
v 0.019786 0.149656 -0.000000
v 0.019786 0.149993 0.001697
v 0.039562 0.152394 0.004098
v 0.057501 0.154091 0.008789
v 0.053807 0.154091 0.011483
v 0.057501 0.150728 0.008120
v 0.059339 0.154091 0.004435
v 0.057501 0.157454 0.008120
v 0.059339 0.155788 0.004098
v 0.053807 0.158485 0.010609
v 0.057501 0.160306 0.006215
v 0.059339 0.157227 0.003136
v 0.053807 0.162211 0.008120
v 0.057501 0.162211 0.003363
v 0.059339 0.158188 0.001697
v 0.053807 0.164700 0.004394
v 0.057501 0.162880 0.000000
v 0.059339 0.158526 0.000000
v 0.053807 0.165574 0.000000
v 0.057501 0.162211 -0.003363
v 0.059339 0.158188 -0.001697
v 0.053807 0.164700 -0.004394
v 0.057501 0.160306 -0.006215
v 0.059339 0.157227 -0.003136
v 0.053807 0.162211 -0.008120
v 0.057501 0.157454 -0.008120
v 0.059339 0.155788 -0.004098
v 0.053807 0.158485 -0.010609
v 0.057501 0.154091 -0.008789
v 0.059339 0.154091 -0.004435
v 0.053807 0.154091 -0.011483
v 0.057501 0.150728 -0.008120
v 0.059339 0.152394 -0.004098
v 0.053807 0.149696 -0.010609
v 0.057501 0.147876 -0.006215
v 0.059339 0.150955 -0.003136
v 0.053807 0.145971 -0.008120
v 0.057501 0.145971 -0.003363
v 0.059339 0.149993 -0.001697
v 0.053807 0.143482 -0.004394
v 0.057501 0.145302 -0.000000
v 0.059339 0.149656 -0.000000
v 0.053807 0.142608 -0.000000
v 0.057501 0.145971 0.003363
v 0.059339 0.149993 0.001697
v 0.053807 0.143482 0.004394
v 0.057501 0.147876 0.006215
v 0.059339 0.150955 0.003136
v 0.053807 0.145971 0.008120
v 0.049451 0.145302 0.008789
v 0.053807 0.149696 0.010609
v 0.049451 0.149334 0.011483
v 0.045094 0.149696 0.010609
v 0.049451 0.154091 0.012429
v 0.049451 0.158847 0.011483
v 0.045094 0.154091 0.011483
v 0.041401 0.154091 0.008789
v 0.045094 0.158485 0.010609
v 0.041401 0.157454 0.008120
v 0.045094 0.162211 0.008120
v 0.049451 0.162880 0.008789
v 0.041401 0.160306 0.006215
v 0.045094 0.164700 0.004394
v 0.049451 0.165574 0.004757
v 0.041401 0.162211 0.003363
v 0.045094 0.165574 0.000000
v 0.049451 0.166520 0.000000
v 0.041401 0.162880 0.000000
v 0.045094 0.164700 -0.004394
v 0.049451 0.165574 -0.004757
v 0.041401 0.162211 -0.003363
v 0.045094 0.162211 -0.008120
v 0.049451 0.162880 -0.008789
v 0.041401 0.160306 -0.006215
v 0.045094 0.158485 -0.010609
v 0.049451 0.158847 -0.011483
v 0.041401 0.157454 -0.008120
v 0.045094 0.154091 -0.011483
v 0.049451 0.154091 -0.012429
v 0.041401 0.154091 -0.008789
v 0.045094 0.149696 -0.010609
v 0.049451 0.149334 -0.011483
v 0.041401 0.150728 -0.008120
v 0.045094 0.145971 -0.008120
v 0.049451 0.145302 -0.008789
v 0.041401 0.147876 -0.006215
v 0.045094 0.143482 -0.004394
v 0.049451 0.142608 -0.004757
v 0.041401 0.145971 -0.003363
v 0.045094 0.142608 -0.000000
v 0.049451 0.141662 -0.000000
v 0.041401 0.145302 -0.000000
v 0.045094 0.143482 0.004394
v 0.049451 0.142608 0.004757
v 0.041401 0.145971 0.003363
v 0.045094 0.145971 0.008120
v 0.041401 0.147876 0.006215
v 0.039562 0.150955 0.003136
v 0.041401 0.150728 0.008120
v 0.039562 0.152394 0.004098
v 0.039562 0.154091 0.004435
v 0.039562 0.155788 0.004098
v 0.039562 0.157227 0.003136
v 0.039562 0.158188 0.001697
v 0.039562 0.158526 0.000000
v 0.039562 0.158188 -0.001697
v 0.039562 0.157227 -0.003136
v 0.039562 0.155788 -0.004098
v 0.039562 0.154091 -0.004435
v 0.039562 0.152394 -0.004098
v 0.039562 0.150955 -0.003136
v 0.039562 0.149993 -0.001697
v 0.039562 0.149656 -0.000000
v 0.039562 0.149993 0.001697
v 0.059339 0.152394 0.004098
v 0.077277 0.154091 0.008789
v 0.073584 0.154091 0.011483
v 0.077277 0.150728 0.008120
v 0.079116 0.154091 0.004435
v 0.077277 0.157454 0.008120
v 0.079116 0.155788 0.004098
v 0.073584 0.158485 0.010609
v 0.077277 0.160306 0.006215
v 0.079116 0.157227 0.003136
v 0.073584 0.162211 0.008120
v 0.077277 0.162211 0.003363
v 0.079116 0.158188 0.001697
v 0.073584 0.164700 0.004394
v 0.077277 0.162880 0.000000
v 0.079116 0.158526 0.000000
v 0.073584 0.165574 0.000000
v 0.077277 0.162211 -0.003363
v 0.079116 0.158188 -0.001697
v 0.073584 0.164700 -0.004394
v 0.077277 0.160306 -0.006215
v 0.079116 0.157227 -0.003136
v 0.073584 0.162211 -0.008120
v 0.077277 0.157454 -0.008120
v 0.079116 0.155788 -0.004098
v 0.073584 0.158485 -0.010609
v 0.077277 0.154091 -0.008789
v 0.079116 0.154091 -0.004435
v 0.073584 0.154091 -0.011483
v 0.077277 0.150728 -0.008120
v 0.079116 0.152394 -0.004098
v 0.073584 0.149696 -0.010609
v 0.077277 0.147876 -0.006215
v 0.079116 0.150955 -0.003136
v 0.073584 0.145971 -0.008120
v 0.077277 0.145971 -0.003363
v 0.079116 0.149993 -0.001697
v 0.073584 0.143482 -0.004394
v 0.077277 0.145302 -0.000000
v 0.079116 0.149656 -0.000000
v 0.073584 0.142608 -0.000000
v 0.077277 0.145971 0.003363
v 0.079116 0.149993 0.001697
v 0.073584 0.143482 0.004394
v 0.077277 0.147876 0.006215
v 0.079116 0.150955 0.003136
v 0.073584 0.145971 0.008120
v 0.069228 0.145302 0.008789
v 0.073584 0.149696 0.010609
v 0.069228 0.149334 0.011483
v 0.064871 0.149696 0.010609
v 0.069228 0.154091 0.012429
v 0.069228 0.158847 0.011483
v 0.064871 0.154091 0.011483
v 0.061178 0.154091 0.008789
v 0.064871 0.158485 0.010609
v 0.061178 0.157454 0.008120
v 0.064871 0.162211 0.008120
v 0.069228 0.162880 0.008789
v 0.061178 0.160306 0.006215
v 0.064871 0.164700 0.004394
v 0.069228 0.165574 0.004757
v 0.061178 0.162211 0.003363
v 0.064871 0.165574 0.000000
v 0.069228 0.166520 0.000000
v 0.061178 0.162880 0.000000
v 0.064871 0.164700 -0.004394
v 0.069228 0.165574 -0.004757
v 0.061178 0.162211 -0.003363
v 0.064871 0.162211 -0.008120
v 0.069228 0.162880 -0.008789
v 0.061178 0.160306 -0.006215
v 0.064871 0.158485 -0.010609
v 0.069228 0.158847 -0.011483
v 0.061178 0.157454 -0.008120
v 0.064871 0.154091 -0.011483
v 0.069228 0.154091 -0.012429
v 0.061178 0.154091 -0.008789
v 0.064871 0.149696 -0.010609
v 0.069228 0.149334 -0.011483
v 0.061178 0.150728 -0.008120
v 0.064871 0.145971 -0.008120
v 0.069228 0.145302 -0.008789
v 0.061178 0.147876 -0.006215
v 0.064871 0.143482 -0.004394
v 0.069228 0.142608 -0.004757
v 0.061178 0.145971 -0.003363
v 0.064871 0.142608 -0.000000
v 0.069228 0.141662 -0.000000
v 0.061178 0.145302 -0.000000
v 0.064871 0.143482 0.004394
v 0.069228 0.142608 0.004757
v 0.061178 0.145971 0.003363
v 0.064871 0.145971 0.008120
v 0.061178 0.147876 0.006215
v 0.059339 0.150955 0.003136
v 0.061178 0.150728 0.008120
v 0.059339 0.152394 0.004098
v 0.059339 0.154091 0.004435
v 0.059339 0.155788 0.004098
v 0.059339 0.157227 0.003136
v 0.059339 0.158188 0.001697
v 0.059339 0.158526 0.000000
v 0.059339 0.158188 -0.001697
v 0.059339 0.157227 -0.003136
v 0.059339 0.155788 -0.004098
v 0.059339 0.154091 -0.004435
v 0.059339 0.152394 -0.004098
v 0.059339 0.150955 -0.003136
v 0.059339 0.149993 -0.001697
v 0.059339 0.149656 -0.000000
v 0.059339 0.149993 0.001697
v 0.079116 0.152394 0.004098
v 0.097054 0.154091 0.008789
v 0.093361 0.154091 0.011483
v 0.097054 0.150728 0.008120
v 0.098893 0.154091 0.004435
v 0.097054 0.157454 0.008120
v 0.098893 0.155788 0.004098
v 0.093361 0.158485 0.010609
v 0.097054 0.160306 0.006215
v 0.098893 0.157227 0.003136
v 0.093361 0.162211 0.008120
v 0.097054 0.162211 0.003363
v 0.098893 0.158188 0.001697
v 0.093361 0.164700 0.004394
v 0.097054 0.162880 0.000000
v 0.098893 0.158526 0.000000
v 0.093361 0.165574 0.000000
v 0.097054 0.162211 -0.003363
v 0.098893 0.158188 -0.001697
v 0.093361 0.164700 -0.004394
v 0.097054 0.160306 -0.006215
v 0.098893 0.157227 -0.003136
v 0.093361 0.162211 -0.008120
v 0.097054 0.157454 -0.008120
v 0.098893 0.155788 -0.004098
v 0.093361 0.158485 -0.010609
v 0.097054 0.154091 -0.008789
v 0.098893 0.154091 -0.004435
v 0.093361 0.154091 -0.011483
v 0.097054 0.150728 -0.008120
v 0.098893 0.152394 -0.004098
v 0.093361 0.149696 -0.010609
v 0.097054 0.147876 -0.006215
v 0.098893 0.150955 -0.003136
v 0.093361 0.145971 -0.008120
v 0.097054 0.145971 -0.003363
v 0.098893 0.149993 -0.001697
v 0.093361 0.143482 -0.004394
v 0.097054 0.145302 -0.000000
v 0.098893 0.149656 -0.000000
v 0.093361 0.142608 -0.000000
v 0.097054 0.145971 0.003363
v 0.098893 0.149993 0.001697
v 0.093361 0.143482 0.004394
v 0.097054 0.147876 0.006215
v 0.098893 0.150955 0.003136
v 0.093361 0.145971 0.008120
v 0.089004 0.145302 0.008789
v 0.093361 0.149696 0.010609
v 0.089004 0.149334 0.011483
v 0.084648 0.149696 0.010609
v 0.089004 0.154091 0.012429
v 0.089004 0.158847 0.011483
v 0.084648 0.154091 0.011483
v 0.080955 0.154091 0.008789
v 0.084648 0.158485 0.010609
v 0.080955 0.157454 0.008120
v 0.084648 0.162211 0.008120
v 0.089004 0.162880 0.008789
v 0.080955 0.160306 0.006215
v 0.084648 0.164700 0.004394
v 0.089004 0.165574 0.004757
v 0.080955 0.162211 0.003363
v 0.084648 0.165574 0.000000
v 0.089004 0.166520 0.000000
v 0.080955 0.162880 0.000000
v 0.084648 0.164700 -0.004394
v 0.089004 0.165574 -0.004757
v 0.080955 0.162211 -0.003363
v 0.084648 0.162211 -0.008120
v 0.089004 0.162880 -0.008789
v 0.080955 0.160306 -0.006215
v 0.084648 0.158485 -0.010609
v 0.089004 0.158847 -0.011483
v 0.080955 0.157454 -0.008120
v 0.084648 0.154091 -0.011483
v 0.089004 0.154091 -0.012429
v 0.080955 0.154091 -0.008789
v 0.084648 0.149696 -0.010609
v 0.089004 0.149334 -0.011483
v 0.080955 0.150728 -0.008120
v 0.084648 0.145971 -0.008120
v 0.089004 0.145302 -0.008789
v 0.080955 0.147876 -0.006215
v 0.084648 0.143482 -0.004394
v 0.089004 0.142608 -0.004757
v 0.080955 0.145971 -0.003363
v 0.084648 0.142608 -0.000000
v 0.089004 0.141662 -0.000000
v 0.080955 0.145302 -0.000000
v 0.084648 0.143482 0.004394
v 0.089004 0.142608 0.004757
v 0.080955 0.145971 0.003363
v 0.084648 0.145971 0.008120
v 0.080955 0.147876 0.006215
v 0.079116 0.150955 0.003136
v 0.080955 0.150728 0.008120
v 0.079116 0.152394 0.004098
v 0.079116 0.154091 0.004435
v 0.079116 0.155788 0.004098
v 0.079116 0.157227 0.003136
v 0.079116 0.158188 0.001697
v 0.079116 0.158526 0.000000
v 0.079116 0.158188 -0.001697
v 0.079116 0.157227 -0.003136
v 0.079116 0.155788 -0.004098
v 0.079116 0.154091 -0.004435
v 0.079116 0.152394 -0.004098
v 0.079116 0.150955 -0.003136
v 0.079116 0.149993 -0.001697
v 0.079116 0.149656 -0.000000
v 0.079116 0.149993 0.001697
v 0.098893 0.152394 0.004098
v 0.116831 0.154091 0.008789
v 0.113138 0.154091 0.011483
v 0.116831 0.150728 0.008120
v 0.118670 0.154091 0.004435
v 0.116831 0.157454 0.008120
v 0.118670 0.155788 0.004098
v 0.113138 0.158485 0.010609
v 0.116831 0.160306 0.006215
v 0.118670 0.157227 0.003136
v 0.113138 0.162211 0.008120
v 0.116831 0.162211 0.003363
v 0.118670 0.158188 0.001697
v 0.113138 0.164700 0.004394
v 0.116831 0.162880 0.000000
v 0.118670 0.158526 0.000000
v 0.113138 0.165574 0.000000
v 0.116831 0.162211 -0.003363
v 0.118670 0.158188 -0.001697
v 0.113138 0.164700 -0.004394
v 0.116831 0.160306 -0.006215
v 0.118670 0.157227 -0.003136
v 0.113138 0.162211 -0.008120
v 0.116831 0.157454 -0.008120
v 0.118670 0.155788 -0.004098
v 0.113138 0.158485 -0.010609
v 0.116831 0.154091 -0.008789
v 0.118670 0.154091 -0.004435
v 0.113138 0.154091 -0.011483
v 0.116831 0.150728 -0.008120
v 0.118670 0.152394 -0.004098
v 0.113138 0.149696 -0.010609
v 0.116831 0.147876 -0.006215
v 0.118670 0.150955 -0.003136
v 0.113138 0.145971 -0.008120
v 0.116831 0.145971 -0.003363
v 0.118670 0.149993 -0.001697
v 0.113138 0.143482 -0.004394
v 0.116831 0.145302 -0.000000
v 0.118670 0.149656 -0.000000
v 0.113138 0.142608 -0.000000
v 0.116831 0.145971 0.003363
v 0.118670 0.149993 0.001697
v 0.113138 0.143482 0.004394
v 0.116831 0.147876 0.006215
v 0.118670 0.150955 0.003136
v 0.113138 0.145971 0.008120
v 0.108781 0.145302 0.008789
v 0.113138 0.149696 0.010609
v 0.108781 0.149334 0.011483
v 0.104425 0.149696 0.010609
v 0.108781 0.154091 0.012429
v 0.108781 0.158847 0.011483
v 0.104425 0.154091 0.011483
v 0.100731 0.154091 0.008789
v 0.104425 0.158485 0.010609
v 0.100731 0.157454 0.008120
v 0.104425 0.162211 0.008120
v 0.108781 0.162880 0.008789
v 0.100731 0.160306 0.006215
v 0.104425 0.164700 0.004394
v 0.108781 0.165574 0.004757
v 0.100731 0.162211 0.003363
v 0.104425 0.165574 0.000000
v 0.108781 0.166520 0.000000
v 0.100731 0.162880 0.000000
v 0.104425 0.164700 -0.004394
v 0.108781 0.165574 -0.004757
v 0.100731 0.162211 -0.003363
v 0.104425 0.162211 -0.008120
v 0.108781 0.162880 -0.008789
v 0.100731 0.160306 -0.006215
v 0.104425 0.158485 -0.010609
v 0.108781 0.158847 -0.011483
v 0.100731 0.157454 -0.008120
v 0.104425 0.154091 -0.011483
v 0.108781 0.154091 -0.012429
v 0.100731 0.154091 -0.008789
v 0.104425 0.149696 -0.010609
v 0.108781 0.149334 -0.011483
v 0.100731 0.150728 -0.008120
v 0.104425 0.145971 -0.008120
v 0.108781 0.145302 -0.008789
v 0.100731 0.147876 -0.006215
v 0.104425 0.143482 -0.004394
v 0.108781 0.142608 -0.004757
v 0.100731 0.145971 -0.003363
v 0.104425 0.142608 -0.000000
v 0.108781 0.141662 -0.000000
v 0.100731 0.145302 -0.000000
v 0.104425 0.143482 0.004394
v 0.108781 0.142608 0.004757
v 0.100731 0.145971 0.003363
v 0.104425 0.145971 0.008120
v 0.100731 0.147876 0.006215
v 0.098893 0.150955 0.003136
v 0.100731 0.150728 0.008120
v 0.098893 0.152394 0.004098
v 0.098893 0.154091 0.004435
v 0.098893 0.155788 0.004098
v 0.098893 0.157227 0.003136
v 0.098893 0.158188 0.001697
v 0.098893 0.158526 0.000000
v 0.098893 0.158188 -0.001697
v 0.098893 0.157227 -0.003136
v 0.098893 0.155788 -0.004098
v 0.098893 0.154091 -0.004435
v 0.098893 0.152394 -0.004098
v 0.098893 0.150955 -0.003136
v 0.098893 0.149993 -0.001697
v 0.098893 0.149656 -0.000000
v 0.098893 0.149993 0.001697
v 0.118670 0.152394 0.004098
v -0.100704 0.111995 0.008789
v -0.104398 0.111995 0.011483
v -0.100704 0.108632 0.008120
v -0.098866 0.111995 0.004435
v -0.100704 0.115359 0.008120
v -0.098866 0.113693 0.004098
v -0.104398 0.116390 0.010609
v -0.100704 0.118210 0.006215
v -0.098866 0.115132 0.003136
v -0.104398 0.120115 0.008120
v -0.100704 0.120115 0.003363
v -0.098866 0.116093 0.001697
v -0.104398 0.122605 0.004394
v -0.100704 0.120784 0.000000
v -0.098866 0.116431 0.000000
v -0.104398 0.123479 0.000000
v -0.100704 0.120115 -0.003363
v -0.098866 0.116093 -0.001697
v -0.104398 0.122605 -0.004394
v -0.100704 0.118210 -0.006215
v -0.098866 0.115132 -0.003136
v -0.104398 0.120115 -0.008120
v -0.100704 0.115359 -0.008120
v -0.098866 0.113693 -0.004098
v -0.104398 0.116390 -0.010609
v -0.100704 0.111995 -0.008789
v -0.098866 0.111995 -0.004435
v -0.104398 0.111995 -0.011483
v -0.100704 0.108632 -0.008120
v -0.098866 0.110298 -0.004098
v -0.104398 0.107601 -0.010609
v -0.100704 0.105781 -0.006215
v -0.098866 0.108859 -0.003136
v -0.104398 0.103875 -0.008120
v -0.100704 0.103875 -0.003363
v -0.098866 0.107898 -0.001697
v -0.104398 0.101386 -0.004394
v -0.100704 0.103206 -0.000000
v -0.098866 0.107560 -0.000000
v -0.104398 0.100512 -0.000000
v -0.100704 0.103875 0.003363
v -0.098866 0.107898 0.001697
v -0.104398 0.101386 0.004394
v -0.100704 0.105781 0.006215
v -0.098866 0.108859 0.003136
v -0.104398 0.103875 0.008120
v -0.108754 0.103206 0.008789
v -0.104398 0.107601 0.010609
v -0.108754 0.107239 0.011483
v -0.113111 0.107601 0.010609
v -0.108754 0.111995 0.012429
v -0.108754 0.116752 0.011483
v -0.113111 0.111995 0.011483
v -0.116804 0.111995 0.008789
v -0.113111 0.116390 0.010609
v -0.116804 0.115359 0.008120
v -0.113111 0.120115 0.008120
v -0.108754 0.120784 0.008789
v -0.116804 0.118210 0.006215
v -0.113111 0.122605 0.004394
v -0.108754 0.123479 0.004757
v -0.116804 0.120115 0.003363
v -0.113111 0.123479 0.000000
v -0.108754 0.124425 0.000000
v -0.116804 0.120784 0.000000
v -0.113111 0.122605 -0.004394
v -0.108754 0.123479 -0.004757
v -0.116804 0.120115 -0.003363
v -0.113111 0.120115 -0.008120
v -0.108754 0.120784 -0.008789
v -0.116804 0.118210 -0.006215
v -0.113111 0.116390 -0.010609
v -0.108754 0.116752 -0.011483
v -0.116804 0.115359 -0.008120
v -0.113111 0.111995 -0.011483
v -0.108754 0.111995 -0.012429
v -0.116804 0.111995 -0.008789
v -0.113111 0.107601 -0.010609
v -0.108754 0.107239 -0.011483
v -0.116804 0.108632 -0.008120
v -0.113111 0.103875 -0.008120
v -0.108754 0.103206 -0.008789
v -0.116804 0.105781 -0.006215
v -0.113111 0.101386 -0.004394
v -0.108754 0.100512 -0.004757
v -0.116804 0.103875 -0.003363
v -0.113111 0.100512 -0.000000
v -0.108754 0.099566 -0.000000
v -0.116804 0.103206 -0.000000
v -0.113111 0.101386 0.004394
v -0.108754 0.100512 0.004757
v -0.116804 0.103875 0.003363
v -0.113111 0.103875 0.008120
v -0.116804 0.105781 0.006215
v -0.118643 0.108859 0.003136
v -0.116804 0.108632 0.008120
v -0.118643 0.110298 0.004098
v -0.118643 0.111995 0.004435
v -0.118643 0.113693 0.004098
v -0.118643 0.115132 0.003136
v -0.118643 0.116093 0.001697
v -0.118643 0.116431 0.000000
v -0.118643 0.116093 -0.001697
v -0.118643 0.115132 -0.003136
v -0.118643 0.113693 -0.004098
v -0.118643 0.111995 -0.004435
v -0.118643 0.110298 -0.004098
v -0.118643 0.108859 -0.003136
v -0.118643 0.107898 -0.001697
v -0.118643 0.107560 -0.000000
v -0.118643 0.107898 0.001697
v -0.098866 0.110298 0.004098
v -0.080928 0.111995 0.008789
v -0.084621 0.111995 0.011483
v -0.080928 0.108632 0.008120
v -0.079089 0.111995 0.004435
v -0.080928 0.115359 0.008120
v -0.079089 0.113693 0.004098
v -0.084621 0.116390 0.010609
v -0.080928 0.118210 0.006215
v -0.079089 0.115132 0.003136
v -0.084621 0.120115 0.008120
v -0.080928 0.120115 0.003363
v -0.079089 0.116093 0.001697
v -0.084621 0.122605 0.004394
v -0.080928 0.120784 0.000000
v -0.079089 0.116431 0.000000
v -0.084621 0.123479 0.000000
v -0.080928 0.120115 -0.003363
v -0.079089 0.116093 -0.001697
v -0.084621 0.122605 -0.004394
v -0.080928 0.118210 -0.006215
v -0.079089 0.115132 -0.003136
v -0.084621 0.120115 -0.008120
v -0.080928 0.115359 -0.008120
v -0.079089 0.113693 -0.004098
v -0.084621 0.116390 -0.010609
v -0.080928 0.111995 -0.008789
v -0.079089 0.111995 -0.004435
v -0.084621 0.111995 -0.011483
v -0.080928 0.108632 -0.008120
v -0.079089 0.110298 -0.004098
v -0.084621 0.107601 -0.010609
v -0.080928 0.105781 -0.006215
v -0.079089 0.108859 -0.003136
v -0.084621 0.103875 -0.008120
v -0.080928 0.103875 -0.003363
v -0.079089 0.107898 -0.001697
v -0.084621 0.101386 -0.004394
v -0.080928 0.103206 -0.000000
v -0.079089 0.107560 -0.000000
v -0.084621 0.100512 -0.000000
v -0.080928 0.103875 0.003363
v -0.079089 0.107898 0.001697
v -0.084621 0.101386 0.004394
v -0.080928 0.105781 0.006215
v -0.079089 0.108859 0.003136
v -0.084621 0.103875 0.008120
v -0.088977 0.103206 0.008789
v -0.084621 0.107601 0.010609
v -0.088977 0.107239 0.011483
v -0.093334 0.107601 0.010609
v -0.088977 0.111995 0.012429
v -0.088977 0.116752 0.011483
v -0.093334 0.111995 0.011483
v -0.097027 0.111995 0.008789
v -0.093334 0.116390 0.010609
v -0.097027 0.115359 0.008120
v -0.093334 0.120115 0.008120
v -0.088977 0.120784 0.008789
v -0.097027 0.118210 0.006215
v -0.093334 0.122605 0.004394
v -0.088977 0.123479 0.004757
v -0.097027 0.120115 0.003363
v -0.093334 0.123479 0.000000
v -0.088977 0.124425 0.000000
v -0.097027 0.120784 0.000000
v -0.093334 0.122605 -0.004394
v -0.088977 0.123479 -0.004757
v -0.097027 0.120115 -0.003363
v -0.093334 0.120115 -0.008120
v -0.088977 0.120784 -0.008789
v -0.097027 0.118210 -0.006215
v -0.093334 0.116390 -0.010609
v -0.088977 0.116752 -0.011483
v -0.097027 0.115359 -0.008120
v -0.093334 0.111995 -0.011483
v -0.088977 0.111995 -0.012429
v -0.097027 0.111995 -0.008789
v -0.093334 0.107601 -0.010609
v -0.088977 0.107239 -0.011483
v -0.097027 0.108632 -0.008120
v -0.093334 0.103875 -0.008120
v -0.088977 0.103206 -0.008789
v -0.097027 0.105781 -0.006215
v -0.093334 0.101386 -0.004394
v -0.088977 0.100512 -0.004757
v -0.097027 0.103875 -0.003363
v -0.093334 0.100512 -0.000000
v -0.088977 0.099566 -0.000000
v -0.097027 0.103206 -0.000000
v -0.093334 0.101386 0.004394
v -0.088977 0.100512 0.004757
v -0.097027 0.103875 0.003363
v -0.093334 0.103875 0.008120
v -0.097027 0.105781 0.006215
v -0.098866 0.108859 0.003136
v -0.097027 0.108632 0.008120
v -0.098866 0.110298 0.004098
v -0.098866 0.111995 0.004435
v -0.098866 0.113693 0.004098
v -0.098866 0.115132 0.003136
v -0.098866 0.116093 0.001697
v -0.098866 0.116431 0.000000
v -0.098866 0.116093 -0.001697
v -0.098866 0.115132 -0.003136
v -0.098866 0.113693 -0.004098
v -0.098866 0.111995 -0.004435
v -0.098866 0.110298 -0.004098
v -0.098866 0.108859 -0.003136
v -0.098866 0.107898 -0.001697
v -0.098866 0.107560 -0.000000
v -0.098866 0.107898 0.001697
v -0.079089 0.110298 0.004098
v -0.061151 0.111995 0.008789
v -0.064844 0.111995 0.011483
v -0.061151 0.108632 0.008120
v -0.059312 0.111995 0.004435
v -0.061151 0.115359 0.008120
v -0.059312 0.113693 0.004098
v -0.064844 0.116390 0.010609
v -0.061151 0.118210 0.006215
v -0.059312 0.115132 0.003136
v -0.064844 0.120115 0.008120
v -0.061151 0.120115 0.003363
v -0.059312 0.116093 0.001697
v -0.064844 0.122605 0.004394
v -0.061151 0.120784 0.000000
v -0.059312 0.116431 0.000000
v -0.064844 0.123479 0.000000
v -0.061151 0.120115 -0.003363
v -0.059312 0.116093 -0.001697
v -0.064844 0.122605 -0.004394
v -0.061151 0.118210 -0.006215
v -0.059312 0.115132 -0.003136
v -0.064844 0.120115 -0.008120
v -0.061151 0.115359 -0.008120
v -0.059312 0.113693 -0.004098
v -0.064844 0.116390 -0.010609
v -0.061151 0.111995 -0.008789
v -0.059312 0.111995 -0.004435
v -0.064844 0.111995 -0.011483
v -0.061151 0.108632 -0.008120
v -0.059312 0.110298 -0.004098
v -0.064844 0.107601 -0.010609
v -0.061151 0.105781 -0.006215
v -0.059312 0.108859 -0.003136
v -0.064844 0.103875 -0.008120
v -0.061151 0.103875 -0.003363
v -0.059312 0.107898 -0.001697
v -0.064844 0.101386 -0.004394
v -0.061151 0.103206 -0.000000
v -0.059312 0.107560 -0.000000
v -0.064844 0.100512 -0.000000
v -0.061151 0.103875 0.003363
v -0.059312 0.107898 0.001697
v -0.064844 0.101386 0.004394
v -0.061151 0.105781 0.006215
v -0.059312 0.108859 0.003136
v -0.064844 0.103875 0.008120
v -0.069201 0.103206 0.008789
v -0.064844 0.107601 0.010609
v -0.069201 0.107239 0.011483
v -0.073557 0.107601 0.010609
v -0.069201 0.111995 0.012429
v -0.069201 0.116752 0.011483
v -0.073557 0.111995 0.011483
v -0.077250 0.111995 0.008789
v -0.073557 0.116390 0.010609
v -0.077250 0.115359 0.008120
v -0.073557 0.120115 0.008120
v -0.069201 0.120784 0.008789
v -0.077250 0.118210 0.006215
v -0.073557 0.122605 0.004394
v -0.069201 0.123479 0.004757
v -0.077250 0.120115 0.003363
v -0.073557 0.123479 0.000000
v -0.069201 0.124425 0.000000
v -0.077250 0.120784 0.000000
v -0.073557 0.122605 -0.004394
v -0.069201 0.123479 -0.004757
v -0.077250 0.120115 -0.003363
v -0.073557 0.120115 -0.008120
v -0.069201 0.120784 -0.008789
v -0.077250 0.118210 -0.006215
v -0.073557 0.116390 -0.010609
v -0.069201 0.116752 -0.011483
v -0.077250 0.115359 -0.008120
v -0.073557 0.111995 -0.011483
v -0.069201 0.111995 -0.012429
v -0.077250 0.111995 -0.008789
v -0.073557 0.107601 -0.010609
v -0.069201 0.107239 -0.011483
v -0.077250 0.108632 -0.008120
v -0.073557 0.103875 -0.008120
v -0.069201 0.103206 -0.008789
v -0.077250 0.105781 -0.006215
v -0.073557 0.101386 -0.004394
v -0.069201 0.100512 -0.004757
v -0.077250 0.103875 -0.003363
v -0.073557 0.100512 -0.000000
v -0.069201 0.099566 -0.000000
v -0.077250 0.103206 -0.000000
v -0.073557 0.101386 0.004394
v -0.069201 0.100512 0.004757
v -0.077250 0.103875 0.003363
v -0.073557 0.103875 0.008120
v -0.077250 0.105781 0.006215
v -0.079089 0.108859 0.003136
v -0.077250 0.108632 0.008120
v -0.079089 0.110298 0.004098
v -0.079089 0.111995 0.004435
v -0.079089 0.113693 0.004098
v -0.079089 0.115132 0.003136
v -0.079089 0.116093 0.001697
v -0.079089 0.116431 0.000000
v -0.079089 0.116093 -0.001697
v -0.079089 0.115132 -0.003136
v -0.079089 0.113693 -0.004098
v -0.079089 0.111995 -0.004435
v -0.079089 0.110298 -0.004098
v -0.079089 0.108859 -0.003136
v -0.079089 0.107898 -0.001697
v -0.079089 0.107560 -0.000000
v -0.079089 0.107898 0.001697
v -0.059312 0.110298 0.004098
v -0.041374 0.111995 0.008789
v -0.045067 0.111995 0.011483
v -0.041374 0.108632 0.008120
v -0.039535 0.111995 0.004435
v -0.041374 0.115359 0.008120
v -0.039535 0.113693 0.004098
v -0.045067 0.116390 0.010609
v -0.041374 0.118210 0.006215
v -0.039535 0.115131 0.003136
v -0.045067 0.120115 0.008120
v -0.041374 0.120115 0.003363
v -0.039535 0.116093 0.001697
v -0.045067 0.122605 0.004394
v -0.041374 0.120784 0.000000
v -0.039535 0.116431 0.000000
v -0.045067 0.123479 0.000000
v -0.041374 0.120115 -0.003363
v -0.039535 0.116093 -0.001697
v -0.045067 0.122605 -0.004394
v -0.041374 0.118210 -0.006215
v -0.039535 0.115132 -0.003136
v -0.045067 0.120115 -0.008120
v -0.041374 0.115359 -0.008120
v -0.039535 0.113693 -0.004098
v -0.045067 0.116390 -0.010609
v -0.041374 0.111995 -0.008789
v -0.039535 0.111995 -0.004435
v -0.045067 0.111995 -0.011483
v -0.041374 0.108632 -0.008120
v -0.039535 0.110298 -0.004098
v -0.045067 0.107601 -0.010609
v -0.041374 0.105781 -0.006215
v -0.039535 0.108859 -0.003136
v -0.045067 0.103875 -0.008120
v -0.041374 0.103875 -0.003363
v -0.039535 0.107898 -0.001697
v -0.045067 0.101386 -0.004394
v -0.041374 0.103206 -0.000000
v -0.039535 0.107560 -0.000000
v -0.045067 0.100512 -0.000000
v -0.041374 0.103875 0.003363
v -0.039535 0.107898 0.001697
v -0.045067 0.101386 0.004394
v -0.041374 0.105781 0.006215
v -0.039535 0.108859 0.003136
v -0.045067 0.103875 0.008120
v -0.049424 0.103206 0.008789
v -0.045067 0.107601 0.010609
v -0.049424 0.107239 0.011483
v -0.053780 0.107601 0.010609
v -0.049424 0.111995 0.012429
v -0.049424 0.116752 0.011483
v -0.053780 0.111995 0.011483
v -0.057474 0.111995 0.008789
v -0.053780 0.116390 0.010609
v -0.057474 0.115359 0.008120
v -0.053780 0.120115 0.008120
v -0.049424 0.120784 0.008789
v -0.057474 0.118210 0.006215
v -0.053780 0.122605 0.004394
v -0.049424 0.123479 0.004757
v -0.057474 0.120115 0.003363
v -0.053780 0.123479 0.000000
v -0.049424 0.124425 0.000000
v -0.057474 0.120784 0.000000
v -0.053780 0.122605 -0.004394
v -0.049424 0.123479 -0.004757
v -0.057474 0.120115 -0.003363
v -0.053780 0.120115 -0.008120
v -0.049424 0.120784 -0.008789
v -0.057474 0.118210 -0.006215
v -0.053780 0.116390 -0.010609
v -0.049424 0.116752 -0.011483
v -0.057474 0.115359 -0.008120
v -0.053780 0.111995 -0.011483
v -0.049424 0.111995 -0.012429
v -0.057474 0.111995 -0.008789
v -0.053780 0.107601 -0.010609
v -0.049424 0.107239 -0.011483
v -0.057474 0.108632 -0.008120
v -0.053780 0.103875 -0.008120
v -0.049424 0.103206 -0.008789
v -0.057474 0.105781 -0.006215
v -0.053780 0.101386 -0.004394
v -0.049424 0.100512 -0.004757
v -0.057474 0.103875 -0.003363
v -0.053780 0.100512 -0.000000
v -0.049424 0.099566 -0.000000
v -0.057474 0.103206 -0.000000
v -0.053780 0.101386 0.004394
v -0.049424 0.100512 0.004757
v -0.057474 0.103875 0.003363
v -0.053780 0.103875 0.008120
v -0.057474 0.105781 0.006215
v -0.059312 0.108859 0.003136
v -0.057474 0.108632 0.008120
v -0.059312 0.110298 0.004098
v -0.059312 0.111995 0.004435
v -0.059312 0.113693 0.004098
v -0.059312 0.115132 0.003136
v -0.059312 0.116093 0.001697
v -0.059312 0.116431 0.000000
v -0.059312 0.116093 -0.001697
v -0.059312 0.115132 -0.003136
v -0.059312 0.113693 -0.004098
v -0.059312 0.111995 -0.004435
v -0.059312 0.110298 -0.004098
v -0.059312 0.108859 -0.003136
v -0.059312 0.107898 -0.001697
v -0.059312 0.107560 -0.000000
v -0.059312 0.107898 0.001697
v -0.039535 0.110298 0.004098
v -0.021597 0.111995 0.008789
v -0.025290 0.111995 0.011483
v -0.021597 0.108632 0.008120
v -0.019759 0.111995 0.004435
v -0.021597 0.115359 0.008120
v -0.019759 0.113693 0.004098
v -0.025290 0.116390 0.010609
v -0.021597 0.118210 0.006215
v -0.019759 0.115131 0.003136
v -0.025290 0.120115 0.008120
v -0.021597 0.120115 0.003363
v -0.019759 0.116093 0.001697
v -0.025290 0.122605 0.004394
v -0.021597 0.120784 0.000000
v -0.019759 0.116431 0.000000
v -0.025290 0.123479 0.000000
v -0.021597 0.120115 -0.003363
v -0.019759 0.116093 -0.001697
v -0.025290 0.122605 -0.004394
v -0.021597 0.118210 -0.006215
v -0.019759 0.115132 -0.003136
v -0.025290 0.120115 -0.008120
v -0.021597 0.115359 -0.008120
v -0.019759 0.113693 -0.004098
v -0.025290 0.116390 -0.010609
v -0.021597 0.111995 -0.008789
v -0.019759 0.111995 -0.004435
v -0.025290 0.111995 -0.011483
v -0.021597 0.108632 -0.008120
v -0.019759 0.110298 -0.004098
v -0.025290 0.107601 -0.010609
v -0.021597 0.105781 -0.006215
v -0.019759 0.108859 -0.003136
v -0.025290 0.103875 -0.008120
v -0.021597 0.103875 -0.003363
v -0.019759 0.107898 -0.001697
v -0.025290 0.101386 -0.004394
v -0.021597 0.103206 -0.000000
v -0.019759 0.107560 -0.000000
v -0.025290 0.100512 -0.000000
v -0.021597 0.103875 0.003363
v -0.019759 0.107898 0.001697
v -0.025290 0.101386 0.004394
v -0.021597 0.105781 0.006215
v -0.019759 0.108859 0.003136
v -0.025290 0.103875 0.008120
v -0.029647 0.103206 0.008789
v -0.025290 0.107601 0.010609
v -0.029647 0.107239 0.011483
v -0.034003 0.107601 0.010609
v -0.029647 0.111995 0.012429
v -0.029647 0.116752 0.011483
v -0.034003 0.111995 0.011483
v -0.037697 0.111995 0.008789
v -0.034003 0.116390 0.010609
v -0.037697 0.115359 0.008120
v -0.034003 0.120115 0.008120
v -0.029647 0.120784 0.008789
v -0.037697 0.118210 0.006215
v -0.034003 0.122605 0.004394
v -0.029647 0.123479 0.004757
v -0.037697 0.120115 0.003363
v -0.034003 0.123479 0.000000
v -0.029647 0.124425 0.000000
v -0.037697 0.120784 0.000000
v -0.034003 0.122605 -0.004394
v -0.029647 0.123479 -0.004757
v -0.037697 0.120115 -0.003363
v -0.034003 0.120115 -0.008120
v -0.029647 0.120784 -0.008789
v -0.037697 0.118210 -0.006215
v -0.034003 0.116390 -0.010609
v -0.029647 0.116752 -0.011483
v -0.037697 0.115359 -0.008120
v -0.034003 0.111995 -0.011483
v -0.029647 0.111995 -0.012429
v -0.037697 0.111995 -0.008789
v -0.034003 0.107601 -0.010609
v -0.029647 0.107239 -0.011483
v -0.037697 0.108632 -0.008120
v -0.034003 0.103875 -0.008120
v -0.029647 0.103206 -0.008789
v -0.037697 0.105781 -0.006215
v -0.034003 0.101386 -0.004394
v -0.029647 0.100512 -0.004757
v -0.037697 0.103875 -0.003363
v -0.034003 0.100512 -0.000000
v -0.029647 0.099566 -0.000000
v -0.037697 0.103206 -0.000000
v -0.034003 0.101386 0.004394
v -0.029647 0.100512 0.004757
v -0.037697 0.103875 0.003363
v -0.034003 0.103875 0.008120
v -0.037697 0.105781 0.006215
v -0.039535 0.108859 0.003136
v -0.037697 0.108632 0.008120
v -0.039535 0.110298 0.004098
v -0.039535 0.111995 0.004435
v -0.039535 0.113693 0.004098
v -0.039535 0.115131 0.003136
v -0.039535 0.116093 0.001697
v -0.039535 0.116431 0.000000
v -0.039535 0.116093 -0.001697
v -0.039535 0.115132 -0.003136
v -0.039535 0.113693 -0.004098
v -0.039535 0.111995 -0.004435
v -0.039535 0.110298 -0.004098
v -0.039535 0.108859 -0.003136
v -0.039535 0.107898 -0.001697
v -0.039535 0.107560 -0.000000
v -0.039535 0.107898 0.001697
v -0.019759 0.110298 0.004098
v 0.037724 0.111995 0.008789
v 0.034031 0.111995 0.011483
v 0.037724 0.108632 0.008120
v 0.039562 0.111995 0.004435
v 0.037724 0.115359 0.008120
v 0.039562 0.113693 0.004098
v 0.034031 0.116390 0.010609
v 0.037724 0.118210 0.006215
v 0.039562 0.115132 0.003136
v 0.034031 0.120115 0.008120
v 0.037724 0.120115 0.003363
v 0.039562 0.116093 0.001697
v 0.034031 0.122605 0.004394
v 0.037724 0.120784 0.000000
v 0.039562 0.116431 0.000000
v 0.034031 0.123479 0.000000
v 0.037724 0.120115 -0.003363
v 0.039562 0.116093 -0.001697
v 0.034031 0.122605 -0.004394
v 0.037724 0.118210 -0.006215
v 0.039562 0.115132 -0.003136
v 0.034031 0.120115 -0.008120
v 0.037724 0.115359 -0.008120
v 0.039562 0.113693 -0.004098
v 0.034031 0.116390 -0.010609
v 0.037724 0.111995 -0.008789
v 0.039562 0.111995 -0.004435
v 0.034031 0.111995 -0.011483
v 0.037724 0.108632 -0.008120
v 0.039562 0.110298 -0.004098
v 0.034031 0.107601 -0.010609
v 0.037724 0.105781 -0.006215
v 0.039562 0.108859 -0.003136
v 0.034031 0.103875 -0.008120
v 0.037724 0.103875 -0.003363
v 0.039562 0.107898 -0.001697
v 0.034031 0.101386 -0.004394
v 0.037724 0.103206 -0.000000
v 0.039562 0.107560 -0.000000
v 0.034031 0.100512 -0.000000
v 0.037724 0.103875 0.003363
v 0.039562 0.107898 0.001697
v 0.034031 0.101386 0.004394
v 0.037724 0.105781 0.006215
v 0.039562 0.108859 0.003136
v 0.034031 0.103875 0.008120
v 0.029674 0.103206 0.008789
v 0.034031 0.107601 0.010609
v 0.029674 0.107239 0.011483
v 0.025317 0.107601 0.010609
v 0.029674 0.111995 0.012429
v 0.029674 0.116752 0.011483
v 0.025317 0.111995 0.011483
v 0.021624 0.111995 0.008789
v 0.025317 0.116390 0.010609
v 0.021624 0.115359 0.008120
v 0.025317 0.120115 0.008120
v 0.029674 0.120784 0.008789
v 0.021624 0.118210 0.006215
v 0.025317 0.122605 0.004394
v 0.029674 0.123479 0.004757
v 0.021624 0.120115 0.003363
v 0.025317 0.123479 0.000000
v 0.029674 0.124425 0.000000
v 0.021624 0.120784 0.000000
v 0.025317 0.122605 -0.004394
v 0.029674 0.123479 -0.004757
v 0.021624 0.120115 -0.003363
v 0.025317 0.120115 -0.008120
v 0.029674 0.120784 -0.008789
v 0.021624 0.118210 -0.006215
v 0.025317 0.116390 -0.010609
v 0.029674 0.116752 -0.011483
v 0.021624 0.115359 -0.008120
v 0.025317 0.111995 -0.011483
v 0.029674 0.111995 -0.012429
v 0.021624 0.111995 -0.008789
v 0.025317 0.107601 -0.010609
v 0.029674 0.107239 -0.011483
v 0.021624 0.108632 -0.008120
v 0.025317 0.103875 -0.008120
v 0.029674 0.103206 -0.008789
v 0.021624 0.105781 -0.006215
v 0.025317 0.101386 -0.004394
v 0.029674 0.100512 -0.004757
v 0.021624 0.103875 -0.003363
v 0.025317 0.100512 -0.000000
v 0.029674 0.099566 -0.000000
v 0.021624 0.103206 -0.000000
v 0.025317 0.101386 0.004394
v 0.029674 0.100512 0.004757
v 0.021624 0.103875 0.003363
v 0.025317 0.103875 0.008120
v 0.021624 0.105781 0.006215
v 0.019786 0.108859 0.003136
v 0.021624 0.108632 0.008120
v 0.019786 0.110298 0.004098
v 0.019786 0.111995 0.004435
v 0.019786 0.113693 0.004098
v 0.019786 0.115132 0.003136
v 0.019786 0.116093 0.001697
v 0.019786 0.116431 0.000000
v 0.019786 0.116093 -0.001697
v 0.019786 0.115132 -0.003136
v 0.019786 0.113693 -0.004098
v 0.019786 0.111995 -0.004435
v 0.019786 0.110298 -0.004098
v 0.019786 0.108859 -0.003136
v 0.019786 0.107898 -0.001697
v 0.019786 0.107560 -0.000000
v 0.019786 0.107898 0.001697
v 0.039562 0.110298 0.004098
v 0.057501 0.111995 0.008789
v 0.053807 0.111995 0.011483
v 0.057501 0.108632 0.008120
v 0.059339 0.111995 0.004435
v 0.057501 0.115359 0.008120
v 0.059339 0.113693 0.004098
v 0.053807 0.116390 0.010609
v 0.057501 0.118210 0.006215
v 0.059339 0.115131 0.003136
v 0.053807 0.120115 0.008120
v 0.057501 0.120115 0.003363
v 0.059339 0.116093 0.001697
v 0.053807 0.122605 0.004394
v 0.057501 0.120784 0.000000
v 0.059339 0.116431 0.000000
v 0.053807 0.123479 0.000000
v 0.057501 0.120115 -0.003363
v 0.059339 0.116093 -0.001697
v 0.053807 0.122605 -0.004394
v 0.057501 0.118210 -0.006215
v 0.059339 0.115132 -0.003136
v 0.053807 0.120115 -0.008120
v 0.057501 0.115359 -0.008120
v 0.059339 0.113693 -0.004098
v 0.053807 0.116390 -0.010609
v 0.057501 0.111995 -0.008789
v 0.059339 0.111995 -0.004435
v 0.053807 0.111995 -0.011483
v 0.057501 0.108632 -0.008120
v 0.059339 0.110298 -0.004098
v 0.053807 0.107601 -0.010609
v 0.057501 0.105781 -0.006215
v 0.059339 0.108859 -0.003136
v 0.053807 0.103875 -0.008120
v 0.057501 0.103875 -0.003363
v 0.059339 0.107898 -0.001697
v 0.053807 0.101386 -0.004394
v 0.057501 0.103206 -0.000000
v 0.059339 0.107560 -0.000000
v 0.053807 0.100512 -0.000000
v 0.057501 0.103875 0.003363
v 0.059339 0.107898 0.001697
v 0.053807 0.101386 0.004394
v 0.057501 0.105781 0.006215
v 0.059339 0.108859 0.003136
v 0.053807 0.103875 0.008120
v 0.049451 0.103206 0.008789
v 0.053807 0.107601 0.010609
v 0.049451 0.107239 0.011483
v 0.045094 0.107601 0.010609
v 0.049451 0.111995 0.012429
v 0.049451 0.116752 0.011483
v 0.045094 0.111995 0.011483
v 0.041401 0.111995 0.008789
v 0.045094 0.116390 0.010609
v 0.041401 0.115359 0.008120
v 0.045094 0.120115 0.008120
v 0.049451 0.120784 0.008789
v 0.041401 0.118210 0.006215
v 0.045094 0.122605 0.004394
v 0.049451 0.123479 0.004757
v 0.041401 0.120115 0.003363
v 0.045094 0.123479 0.000000
v 0.049451 0.124425 0.000000
v 0.041401 0.120784 0.000000
v 0.045094 0.122605 -0.004394
v 0.049451 0.123479 -0.004757
v 0.041401 0.120115 -0.003363
v 0.045094 0.120115 -0.008120
v 0.049451 0.120784 -0.008789
v 0.041401 0.118210 -0.006215
v 0.045094 0.116390 -0.010609
v 0.049451 0.116752 -0.011483
v 0.041401 0.115359 -0.008120
v 0.045094 0.111995 -0.011483
v 0.049451 0.111995 -0.012429
v 0.041401 0.111995 -0.008789
v 0.045094 0.107601 -0.010609
v 0.049451 0.107239 -0.011483
v 0.041401 0.108632 -0.008120
v 0.045094 0.103875 -0.008120
v 0.049451 0.103206 -0.008789
v 0.041401 0.105781 -0.006215
v 0.045094 0.101386 -0.004394
v 0.049451 0.100512 -0.004757
v 0.041401 0.103875 -0.003363
v 0.045094 0.100512 -0.000000
v 0.049451 0.099566 -0.000000
v 0.041401 0.103206 -0.000000
v 0.045094 0.101386 0.004394
v 0.049451 0.100512 0.004757
v 0.041401 0.103875 0.003363
v 0.045094 0.103875 0.008120
v 0.041401 0.105781 0.006215
v 0.039562 0.108859 0.003136
v 0.041401 0.108632 0.008120
v 0.039562 0.110298 0.004098
v 0.039562 0.111995 0.004435
v 0.039562 0.113693 0.004098
v 0.039562 0.115132 0.003136
v 0.039562 0.116093 0.001697
v 0.039562 0.116431 0.000000
v 0.039562 0.116093 -0.001697
v 0.039562 0.115132 -0.003136
v 0.039562 0.113693 -0.004098
v 0.039562 0.111995 -0.004435
v 0.039562 0.110298 -0.004098
v 0.039562 0.108859 -0.003136
v 0.039562 0.107898 -0.001697
v 0.039562 0.107560 -0.000000
v 0.039562 0.107898 0.001697
v 0.059339 0.110298 0.004098
v 0.077277 0.111995 0.008789
v 0.073584 0.111995 0.011483
v 0.077277 0.108632 0.008120
v 0.079116 0.111995 0.004435
v 0.077277 0.115359 0.008120
v 0.079116 0.113693 0.004098
v 0.073584 0.116390 0.010609
v 0.077277 0.118210 0.006215
v 0.079116 0.115131 0.003136
v 0.073584 0.120115 0.008120
v 0.077277 0.120115 0.003363
v 0.079116 0.116093 0.001697
v 0.073584 0.122605 0.004394
v 0.077277 0.120784 0.000000
v 0.079116 0.116431 0.000000
v 0.073584 0.123479 0.000000
v 0.077277 0.120115 -0.003363
v 0.079116 0.116093 -0.001697
v 0.073584 0.122605 -0.004394
v 0.077277 0.118210 -0.006215
v 0.079116 0.115132 -0.003136
v 0.073584 0.120115 -0.008120
v 0.077277 0.115359 -0.008120
v 0.079116 0.113693 -0.004098
v 0.073584 0.116390 -0.010609
v 0.077277 0.111995 -0.008789
v 0.079116 0.111995 -0.004435
v 0.073584 0.111995 -0.011483
v 0.077277 0.108632 -0.008120
v 0.079116 0.110298 -0.004098
v 0.073584 0.107601 -0.010609
v 0.077277 0.105781 -0.006215
v 0.079116 0.108859 -0.003136
v 0.073584 0.103875 -0.008120
v 0.077277 0.103875 -0.003363
v 0.079116 0.107898 -0.001697
v 0.073584 0.101386 -0.004394
v 0.077277 0.103206 -0.000000
v 0.079116 0.107560 -0.000000
v 0.073584 0.100512 -0.000000
v 0.077277 0.103875 0.003363
v 0.079116 0.107898 0.001697
v 0.073584 0.101386 0.004394
v 0.077277 0.105781 0.006215
v 0.079116 0.108859 0.003136
v 0.073584 0.103875 0.008120
v 0.069228 0.103206 0.008789
v 0.073584 0.107601 0.010609
v 0.069228 0.107239 0.011483
v 0.064871 0.107601 0.010609
v 0.069228 0.111995 0.012429
v 0.069228 0.116752 0.011483
v 0.064871 0.111995 0.011483
v 0.061178 0.111995 0.008789
v 0.064871 0.116390 0.010609
v 0.061178 0.115359 0.008120
v 0.064871 0.120115 0.008120
v 0.069228 0.120784 0.008789
v 0.061178 0.118210 0.006215
v 0.064871 0.122605 0.004394
v 0.069228 0.123479 0.004757
v 0.061178 0.120115 0.003363
v 0.064871 0.123479 0.000000
v 0.069228 0.124425 0.000000
v 0.061178 0.120784 0.000000
v 0.064871 0.122605 -0.004394
v 0.069228 0.123479 -0.004757
v 0.061178 0.120115 -0.003363
v 0.064871 0.120115 -0.008120
v 0.069228 0.120784 -0.008789
v 0.061178 0.118210 -0.006215
v 0.064871 0.116390 -0.010609
v 0.069228 0.116752 -0.011483
v 0.061178 0.115359 -0.008120
v 0.064871 0.111995 -0.011483
v 0.069228 0.111995 -0.012429
v 0.061178 0.111995 -0.008789
v 0.064871 0.107601 -0.010609
v 0.069228 0.107239 -0.011483
v 0.061178 0.108632 -0.008120
v 0.064871 0.103875 -0.008120
v 0.069228 0.103206 -0.008789
v 0.061178 0.105781 -0.006215
v 0.064871 0.101386 -0.004394
v 0.069228 0.100512 -0.004757
v 0.061178 0.103875 -0.003363
v 0.064871 0.100512 -0.000000
v 0.069228 0.099566 -0.000000
v 0.061178 0.103206 -0.000000
v 0.064871 0.101386 0.004394
v 0.069228 0.100512 0.004757
v 0.061178 0.103875 0.003363
v 0.064871 0.103875 0.008120
v 0.061178 0.105781 0.006215
v 0.059339 0.108859 0.003136
v 0.061178 0.108632 0.008120
v 0.059339 0.110298 0.004098
v 0.059339 0.111995 0.004435
v 0.059339 0.113693 0.004098
v 0.059339 0.115131 0.003136
v 0.059339 0.116093 0.001697
v 0.059339 0.116431 0.000000
v 0.059339 0.116093 -0.001697
v 0.059339 0.115132 -0.003136
v 0.059339 0.113693 -0.004098
v 0.059339 0.111995 -0.004435
v 0.059339 0.110298 -0.004098
v 0.059339 0.108859 -0.003136
v 0.059339 0.107898 -0.001697
v 0.059339 0.107560 -0.000000
v 0.059339 0.107898 0.001697
v 0.079116 0.110298 0.004098
v 0.097054 0.111995 0.008789
v 0.093361 0.111995 0.011483
v 0.097054 0.108632 0.008120
v 0.098893 0.111995 0.004435
v 0.097054 0.115359 0.008120
v 0.098893 0.113693 0.004098
v 0.093361 0.116390 0.010609
v 0.097054 0.118210 0.006215
v 0.098893 0.115131 0.003136
v 0.093361 0.120115 0.008120
v 0.097054 0.120115 0.003363
v 0.098893 0.116093 0.001697
v 0.093361 0.122605 0.004394
v 0.097054 0.120784 0.000000
v 0.098893 0.116431 0.000000
v 0.093361 0.123479 0.000000
v 0.097054 0.120115 -0.003363
v 0.098893 0.116093 -0.001697
v 0.093361 0.122605 -0.004394
v 0.097054 0.118210 -0.006215
v 0.098893 0.115132 -0.003136
v 0.093361 0.120115 -0.008120
v 0.097054 0.115359 -0.008120
v 0.098893 0.113693 -0.004098
v 0.093361 0.116390 -0.010609
v 0.097054 0.111995 -0.008789
v 0.098893 0.111995 -0.004435
v 0.093361 0.111995 -0.011483
v 0.097054 0.108632 -0.008120
v 0.098893 0.110298 -0.004098
v 0.093361 0.107601 -0.010609
v 0.097054 0.105781 -0.006215
v 0.098893 0.108859 -0.003136
v 0.093361 0.103875 -0.008120
v 0.097054 0.103875 -0.003363
v 0.098893 0.107898 -0.001697
v 0.093361 0.101386 -0.004394
v 0.097054 0.103206 -0.000000
v 0.098893 0.107560 -0.000000
v 0.093361 0.100512 -0.000000
v 0.097054 0.103875 0.003363
v 0.098893 0.107898 0.001697
v 0.093361 0.101386 0.004394
v 0.097054 0.105781 0.006215
v 0.098893 0.108859 0.003136
v 0.093361 0.103875 0.008120
v 0.089004 0.103206 0.008789
v 0.093361 0.107601 0.010609
v 0.089004 0.107239 0.011483
v 0.084648 0.107601 0.010609
v 0.089004 0.111995 0.012429
v 0.089004 0.116752 0.011483
v 0.084648 0.111995 0.011483
v 0.080955 0.111995 0.008789
v 0.084648 0.116390 0.010609
v 0.080955 0.115359 0.008120
v 0.084648 0.120115 0.008120
v 0.089004 0.120784 0.008789
v 0.080955 0.118210 0.006215
v 0.084648 0.122605 0.004394
v 0.089004 0.123479 0.004757
v 0.080955 0.120115 0.003363
v 0.084648 0.123479 0.000000
v 0.089004 0.124425 0.000000
v 0.080955 0.120784 0.000000
v 0.084648 0.122605 -0.004394
v 0.089004 0.123479 -0.004757
v 0.080955 0.120115 -0.003363
v 0.084648 0.120115 -0.008120
v 0.089004 0.120784 -0.008789
v 0.080955 0.118210 -0.006215
v 0.084648 0.116390 -0.010609
v 0.089004 0.116752 -0.011483
v 0.080955 0.115359 -0.008120
v 0.084648 0.111995 -0.011483
v 0.089004 0.111995 -0.012429
v 0.080955 0.111995 -0.008789
v 0.084648 0.107601 -0.010609
v 0.089004 0.107239 -0.011483
v 0.080955 0.108632 -0.008120
v 0.084648 0.103875 -0.008120
v 0.089004 0.103206 -0.008789
v 0.080955 0.105781 -0.006215
v 0.084648 0.101386 -0.004394
v 0.089004 0.100512 -0.004757
v 0.080955 0.103875 -0.003363
v 0.084648 0.100512 -0.000000
v 0.089004 0.099566 -0.000000
v 0.080955 0.103206 -0.000000
v 0.084648 0.101386 0.004394
v 0.089004 0.100512 0.004757
v 0.080955 0.103875 0.003363
v 0.084648 0.103875 0.008120
v 0.080955 0.105781 0.006215
v 0.079116 0.108859 0.003136
v 0.080955 0.108632 0.008120
v 0.079116 0.110298 0.004098
v 0.079116 0.111995 0.004435
v 0.079116 0.113693 0.004098
v 0.079116 0.115131 0.003136
v 0.079116 0.116093 0.001697
v 0.079116 0.116431 0.000000
v 0.079116 0.116093 -0.001697
v 0.079116 0.115132 -0.003136
v 0.079116 0.113693 -0.004098
v 0.079116 0.111995 -0.004435
v 0.079116 0.110298 -0.004098
v 0.079116 0.108859 -0.003136
v 0.079116 0.107898 -0.001697
v 0.079116 0.107560 -0.000000
v 0.079116 0.107898 0.001697
v 0.098893 0.110298 0.004098
v 0.116831 0.111995 0.008789
v 0.113138 0.111995 0.011483
v 0.116831 0.108632 0.008120
v 0.118670 0.111995 0.004435
v 0.116831 0.115359 0.008120
v 0.118670 0.113693 0.004098
v 0.113138 0.116390 0.010609
v 0.116831 0.118210 0.006215
v 0.118670 0.115131 0.003136
v 0.113138 0.120115 0.008120
v 0.116831 0.120115 0.003363
v 0.118670 0.116093 0.001697
v 0.113138 0.122605 0.004394
v 0.116831 0.120784 0.000000
v 0.118670 0.116431 0.000000
v 0.113138 0.123479 0.000000
v 0.116831 0.120115 -0.003363
v 0.118670 0.116093 -0.001697
v 0.113138 0.122605 -0.004394
v 0.116831 0.118210 -0.006215
v 0.118670 0.115132 -0.003136
v 0.113138 0.120115 -0.008120
v 0.116831 0.115359 -0.008120
v 0.118670 0.113693 -0.004098
v 0.113138 0.116390 -0.010609
v 0.116831 0.111995 -0.008789
v 0.118670 0.111995 -0.004435
v 0.113138 0.111995 -0.011483
v 0.116831 0.108632 -0.008120
v 0.118670 0.110298 -0.004098
v 0.113138 0.107601 -0.010609
v 0.116831 0.105781 -0.006215
v 0.118670 0.108859 -0.003136
v 0.113138 0.103875 -0.008120
v 0.116831 0.103875 -0.003363
v 0.118670 0.107898 -0.001697
v 0.113138 0.101386 -0.004394
v 0.116831 0.103206 -0.000000
v 0.118670 0.107560 -0.000000
v 0.113138 0.100512 -0.000000
v 0.116831 0.103875 0.003363
v 0.118670 0.107898 0.001697
v 0.113138 0.101386 0.004394
v 0.116831 0.105781 0.006215
v 0.118670 0.108859 0.003136
v 0.113138 0.103875 0.008120
v 0.108781 0.103206 0.008789
v 0.113138 0.107601 0.010609
v 0.108781 0.107239 0.011483
v 0.104425 0.107601 0.010609
v 0.108781 0.111995 0.012429
v 0.108781 0.116752 0.011483
v 0.104425 0.111995 0.011483
v 0.100731 0.111995 0.008789
v 0.104425 0.116390 0.010609
v 0.100731 0.115359 0.008120
v 0.104425 0.120115 0.008120
v 0.108781 0.120784 0.008789
v 0.100731 0.118210 0.006215
v 0.104425 0.122605 0.004394
v 0.108781 0.123479 0.004757
v 0.100731 0.120115 0.003363
v 0.104425 0.123479 0.000000
v 0.108781 0.124425 0.000000
v 0.100731 0.120784 0.000000
v 0.104425 0.122605 -0.004394
v 0.108781 0.123479 -0.004757
v 0.100731 0.120115 -0.003363
v 0.104425 0.120115 -0.008120
v 0.108781 0.120784 -0.008789
v 0.100731 0.118210 -0.006215
v 0.104425 0.116390 -0.010609
v 0.108781 0.116752 -0.011483
v 0.100731 0.115359 -0.008120
v 0.104425 0.111995 -0.011483
v 0.108781 0.111995 -0.012429
v 0.100731 0.111995 -0.008789
v 0.104425 0.107601 -0.010609
v 0.108781 0.107239 -0.011483
v 0.100731 0.108632 -0.008120
v 0.104425 0.103875 -0.008120
v 0.108781 0.103206 -0.008789
v 0.100731 0.105781 -0.006215
v 0.104425 0.101386 -0.004394
v 0.108781 0.100512 -0.004757
v 0.100731 0.103875 -0.003363
v 0.104425 0.100512 -0.000000
v 0.108781 0.099566 -0.000000
v 0.100731 0.103206 -0.000000
v 0.104425 0.101386 0.004394
v 0.108781 0.100512 0.004757
v 0.100731 0.103875 0.003363
v 0.104425 0.103875 0.008120
v 0.100731 0.105781 0.006215
v 0.098893 0.108859 0.003136
v 0.100731 0.108632 0.008120
v 0.098893 0.110298 0.004098
v 0.098893 0.111995 0.004435
v 0.098893 0.113693 0.004098
v 0.098893 0.115131 0.003136
v 0.098893 0.116093 0.001697
v 0.098893 0.116431 0.000000
v 0.098893 0.116093 -0.001697
v 0.098893 0.115132 -0.003136
v 0.098893 0.113693 -0.004098
v 0.098893 0.111995 -0.004435
v 0.098893 0.110298 -0.004098
v 0.098893 0.108859 -0.003136
v 0.098893 0.107898 -0.001697
v 0.098893 0.107560 -0.000000
v 0.098893 0.107898 0.001697
v 0.118670 0.110298 0.004098
v -0.100704 0.069900 0.008789
v -0.104398 0.069900 0.011483
v -0.100704 0.066536 0.008120
v -0.098866 0.069900 0.004435
v -0.100704 0.073263 0.008120
v -0.098866 0.071597 0.004098
v -0.104398 0.074294 0.010609
v -0.100704 0.076115 0.006215
v -0.098866 0.073036 0.003136
v -0.104398 0.078020 0.008120
v -0.100704 0.078020 0.003363
v -0.098866 0.073997 0.001697
v -0.104398 0.080509 0.004394
v -0.100704 0.078689 0.000000
v -0.098866 0.074335 0.000000
v -0.104398 0.081383 0.000000
v -0.100704 0.078020 -0.003363
v -0.098866 0.073997 -0.001697
v -0.104398 0.080509 -0.004394
v -0.100704 0.076115 -0.006215
v -0.098866 0.073036 -0.003136
v -0.104398 0.078020 -0.008120
v -0.100704 0.073263 -0.008120
v -0.098866 0.071597 -0.004098
v -0.104398 0.074294 -0.010609
v -0.100704 0.069900 -0.008789
v -0.098866 0.069900 -0.004435
v -0.104398 0.069900 -0.011483
v -0.100704 0.066536 -0.008120
v -0.098866 0.068203 -0.004098
v -0.104398 0.065505 -0.010609
v -0.100704 0.063685 -0.006215
v -0.098866 0.066764 -0.003136
v -0.104398 0.061780 -0.008120
v -0.100704 0.061780 -0.003363
v -0.098866 0.065802 -0.001697
v -0.104398 0.059291 -0.004394
v -0.100704 0.061111 -0.000000
v -0.098866 0.065465 -0.000000
v -0.104398 0.058417 -0.000000
v -0.100704 0.061780 0.003363
v -0.098866 0.065802 0.001697
v -0.104398 0.059291 0.004394
v -0.100704 0.063685 0.006215
v -0.098866 0.066764 0.003136
v -0.104398 0.061780 0.008120
v -0.108754 0.061111 0.008789
v -0.104398 0.065505 0.010609
v -0.108754 0.065143 0.011483
v -0.113111 0.065505 0.010609
v -0.108754 0.069900 0.012429
v -0.108754 0.074656 0.011483
v -0.113111 0.069900 0.011483
v -0.116804 0.069900 0.008789
v -0.113111 0.074294 0.010609
v -0.116804 0.073263 0.008120
v -0.113111 0.078020 0.008120
v -0.108754 0.078689 0.008789
v -0.116804 0.076115 0.006215
v -0.113111 0.080509 0.004394
v -0.108754 0.081383 0.004757
v -0.116804 0.078020 0.003363
v -0.113111 0.081383 0.000000
v -0.108754 0.082329 0.000000
v -0.116804 0.078689 0.000000
v -0.113111 0.080509 -0.004394
v -0.108754 0.081383 -0.004757
v -0.116804 0.078020 -0.003363
v -0.113111 0.078020 -0.008120
v -0.108754 0.078689 -0.008789
v -0.116804 0.076115 -0.006215
v -0.113111 0.074294 -0.010609
v -0.108754 0.074656 -0.011483
v -0.116804 0.073263 -0.008120
v -0.113111 0.069900 -0.011483
v -0.108754 0.069900 -0.012429
v -0.116804 0.069900 -0.008789
v -0.113111 0.065505 -0.010609
v -0.108754 0.065143 -0.011483
v -0.116804 0.066536 -0.008120
v -0.113111 0.061780 -0.008120
v -0.108754 0.061111 -0.008789
v -0.116804 0.063685 -0.006215
v -0.113111 0.059291 -0.004394
v -0.108754 0.058417 -0.004757
v -0.116804 0.061780 -0.003363
v -0.113111 0.058417 -0.000000
v -0.108754 0.057470 -0.000000
v -0.116804 0.061111 -0.000000
v -0.113111 0.059291 0.004394
v -0.108754 0.058417 0.004757
v -0.116804 0.061780 0.003363
v -0.113111 0.061780 0.008120
v -0.116804 0.063685 0.006215
v -0.118643 0.066764 0.003136
v -0.116804 0.066536 0.008120
v -0.118643 0.068203 0.004098
v -0.118643 0.069900 0.004435
v -0.118643 0.071597 0.004098
v -0.118643 0.073036 0.003136
v -0.118643 0.073997 0.001697
v -0.118643 0.074335 0.000000
v -0.118643 0.073997 -0.001697
v -0.118643 0.073036 -0.003136
v -0.118643 0.071597 -0.004098
v -0.118643 0.069900 -0.004435
v -0.118643 0.068203 -0.004098
v -0.118643 0.066764 -0.003136
v -0.118643 0.065802 -0.001697
v -0.118643 0.065465 -0.000000
v -0.118643 0.065802 0.001697
v -0.098866 0.068203 0.004098
v -0.080928 0.069900 0.008789
v -0.084621 0.069900 0.011483
v -0.080928 0.066536 0.008120
v -0.079089 0.069900 0.004435
v -0.080928 0.073263 0.008120
v -0.079089 0.071597 0.004098
v -0.084621 0.074294 0.010609
v -0.080928 0.076115 0.006215
v -0.079089 0.073036 0.003136
v -0.084621 0.078020 0.008120
v -0.080928 0.078020 0.003363
v -0.079089 0.073997 0.001697
v -0.084621 0.080509 0.004394
v -0.080928 0.078689 0.000000
v -0.079089 0.074335 0.000000
v -0.084621 0.081383 0.000000
v -0.080928 0.078020 -0.003363
v -0.079089 0.073997 -0.001697
v -0.084621 0.080509 -0.004394
v -0.080928 0.076115 -0.006215
v -0.079089 0.073036 -0.003136
v -0.084621 0.078020 -0.008120
v -0.080928 0.073263 -0.008120
v -0.079089 0.071597 -0.004098
v -0.084621 0.074294 -0.010609
v -0.080928 0.069900 -0.008789
v -0.079089 0.069900 -0.004435
v -0.084621 0.069900 -0.011483
v -0.080928 0.066536 -0.008120
v -0.079089 0.068203 -0.004098
v -0.084621 0.065505 -0.010609
v -0.080928 0.063685 -0.006215
v -0.079089 0.066764 -0.003136
v -0.084621 0.061780 -0.008120
v -0.080928 0.061780 -0.003363
v -0.079089 0.065802 -0.001697
v -0.084621 0.059291 -0.004394
v -0.080928 0.061111 -0.000000
v -0.079089 0.065465 -0.000000
v -0.084621 0.058417 -0.000000
v -0.080928 0.061780 0.003363
v -0.079089 0.065802 0.001697
v -0.084621 0.059291 0.004394
v -0.080928 0.063685 0.006215
v -0.079089 0.066764 0.003136
v -0.084621 0.061780 0.008120
v -0.088977 0.061111 0.008789
v -0.084621 0.065505 0.010609
v -0.088977 0.065143 0.011483
v -0.093334 0.065505 0.010609
v -0.088977 0.069900 0.012429
v -0.088977 0.074656 0.011483
v -0.093334 0.069900 0.011483
v -0.097027 0.069900 0.008789
v -0.093334 0.074294 0.010609
v -0.097027 0.073263 0.008120
v -0.093334 0.078020 0.008120
v -0.088977 0.078689 0.008789
v -0.097027 0.076115 0.006215
v -0.093334 0.080509 0.004394
v -0.088977 0.081383 0.004757
v -0.097027 0.078020 0.003363
v -0.093334 0.081383 0.000000
v -0.088977 0.082329 0.000000
v -0.097027 0.078689 0.000000
v -0.093334 0.080509 -0.004394
v -0.088977 0.081383 -0.004757
v -0.097027 0.078020 -0.003363
v -0.093334 0.078020 -0.008120
v -0.088977 0.078689 -0.008789
v -0.097027 0.076115 -0.006215
v -0.093334 0.074294 -0.010609
v -0.088977 0.074656 -0.011483
v -0.097027 0.073263 -0.008120
v -0.093334 0.069900 -0.011483
v -0.088977 0.069900 -0.012429
v -0.097027 0.069900 -0.008789
v -0.093334 0.065505 -0.010609
v -0.088977 0.065143 -0.011483
v -0.097027 0.066536 -0.008120
v -0.093334 0.061780 -0.008120
v -0.088977 0.061111 -0.008789
v -0.097027 0.063685 -0.006215
v -0.093334 0.059291 -0.004394
v -0.088977 0.058417 -0.004757
v -0.097027 0.061780 -0.003363
v -0.093334 0.058417 -0.000000
v -0.088977 0.057470 -0.000000
v -0.097027 0.061111 -0.000000
v -0.093334 0.059291 0.004394
v -0.088977 0.058417 0.004757
v -0.097027 0.061780 0.003363
v -0.093334 0.061780 0.008120
v -0.097027 0.063685 0.006215
v -0.098866 0.066764 0.003136
v -0.097027 0.066536 0.008120
v -0.098866 0.068203 0.004098
v -0.098866 0.069900 0.004435
v -0.098866 0.071597 0.004098
v -0.098866 0.073036 0.003136
v -0.098866 0.073997 0.001697
v -0.098866 0.074335 0.000000
v -0.098866 0.073997 -0.001697
v -0.098866 0.073036 -0.003136
v -0.098866 0.071597 -0.004098
v -0.098866 0.069900 -0.004435
v -0.098866 0.068203 -0.004098
v -0.098866 0.066764 -0.003136
v -0.098866 0.065802 -0.001697
v -0.098866 0.065465 -0.000000
v -0.098866 0.065802 0.001697
v -0.079089 0.068203 0.004098
v -0.061151 0.069900 0.008789
v -0.064844 0.069900 0.011483
v -0.061151 0.066536 0.008120
v -0.059312 0.069900 0.004435
v -0.061151 0.073263 0.008120
v -0.059312 0.071597 0.004098
v -0.064844 0.074294 0.010609
v -0.061151 0.076115 0.006215
v -0.059312 0.073036 0.003136
v -0.064844 0.078020 0.008120
v -0.061151 0.078020 0.003363
v -0.059312 0.073997 0.001697
v -0.064844 0.080509 0.004394
v -0.061151 0.078689 0.000000
v -0.059312 0.074335 0.000000
v -0.064844 0.081383 0.000000
v -0.061151 0.078020 -0.003363
v -0.059312 0.073997 -0.001697
v -0.064844 0.080509 -0.004394
v -0.061151 0.076115 -0.006215
v -0.059312 0.073036 -0.003136
v -0.064844 0.078020 -0.008120
v -0.061151 0.073263 -0.008120
v -0.059312 0.071597 -0.004098
v -0.064844 0.074294 -0.010609
v -0.061151 0.069900 -0.008789
v -0.059312 0.069900 -0.004435
v -0.064844 0.069900 -0.011483
v -0.061151 0.066536 -0.008120
v -0.059312 0.068203 -0.004098
v -0.064844 0.065505 -0.010609
v -0.061151 0.063685 -0.006215
v -0.059312 0.066764 -0.003136
v -0.064844 0.061780 -0.008120
v -0.061151 0.061780 -0.003363
v -0.059312 0.065802 -0.001697
v -0.064844 0.059291 -0.004394
v -0.061151 0.061111 -0.000000
v -0.059312 0.065465 -0.000000
v -0.064844 0.058417 -0.000000
v -0.061151 0.061780 0.003363
v -0.059312 0.065802 0.001697
v -0.064844 0.059291 0.004394
v -0.061151 0.063685 0.006215
v -0.059312 0.066764 0.003136
v -0.064844 0.061780 0.008120
v -0.069201 0.061111 0.008789
v -0.064844 0.065505 0.010609
v -0.069201 0.065143 0.011483
v -0.073557 0.065505 0.010609
v -0.069201 0.069900 0.012429
v -0.069201 0.074656 0.011483
v -0.073557 0.069900 0.011483
v -0.077250 0.069900 0.008789
v -0.073557 0.074294 0.010609
v -0.077250 0.073263 0.008120
v -0.073557 0.078020 0.008120
v -0.069201 0.078689 0.008789
v -0.077250 0.076115 0.006215
v -0.073557 0.080509 0.004394
v -0.069201 0.081383 0.004757
v -0.077250 0.078020 0.003363
v -0.073557 0.081383 0.000000
v -0.069201 0.082329 0.000000
v -0.077250 0.078689 0.000000
v -0.073557 0.080509 -0.004394
v -0.069201 0.081383 -0.004757
v -0.077250 0.078020 -0.003363
v -0.073557 0.078020 -0.008120
v -0.069201 0.078689 -0.008789
v -0.077250 0.076115 -0.006215
v -0.073557 0.074294 -0.010609
v -0.069201 0.074656 -0.011483
v -0.077250 0.073263 -0.008120
v -0.073557 0.069900 -0.011483
v -0.069201 0.069900 -0.012429
v -0.077250 0.069900 -0.008789
v -0.073557 0.065505 -0.010609
v -0.069201 0.065143 -0.011483
v -0.077250 0.066536 -0.008120
v -0.073557 0.061780 -0.008120
v -0.069201 0.061111 -0.008789
v -0.077250 0.063685 -0.006215
v -0.073557 0.059291 -0.004394
v -0.069201 0.058417 -0.004757
v -0.077250 0.061780 -0.003363
v -0.073557 0.058417 -0.000000
v -0.069201 0.057470 -0.000000
v -0.077250 0.061111 -0.000000
v -0.073557 0.059291 0.004394
v -0.069201 0.058417 0.004757
v -0.077250 0.061780 0.003363
v -0.073557 0.061780 0.008120
v -0.077250 0.063685 0.006215
v -0.079089 0.066764 0.003136
v -0.077250 0.066536 0.008120
v -0.079089 0.068203 0.004098
v -0.079089 0.069900 0.004435
v -0.079089 0.071597 0.004098
v -0.079089 0.073036 0.003136
v -0.079089 0.073997 0.001697
v -0.079089 0.074335 0.000000
v -0.079089 0.073997 -0.001697
v -0.079089 0.073036 -0.003136
v -0.079089 0.071597 -0.004098
v -0.079089 0.069900 -0.004435
v -0.079089 0.068203 -0.004098
v -0.079089 0.066764 -0.003136
v -0.079089 0.065802 -0.001697
v -0.079089 0.065465 -0.000000
v -0.079089 0.065802 0.001697
v -0.059312 0.068203 0.004098
v -0.041374 0.069900 0.008789
v -0.045067 0.069900 0.011483
v -0.041374 0.066536 0.008120
v -0.039535 0.069900 0.004435
v -0.041374 0.073263 0.008120
v -0.039535 0.071597 0.004098
v -0.045067 0.074294 0.010609
v -0.041374 0.076114 0.006215
v -0.039535 0.073036 0.003136
v -0.045067 0.078020 0.008120
v -0.041374 0.078020 0.003363
v -0.039535 0.073997 0.001697
v -0.045067 0.080509 0.004394
v -0.041374 0.078689 0.000000
v -0.039535 0.074335 0.000000
v -0.045067 0.081383 0.000000
v -0.041374 0.078020 -0.003363
v -0.039535 0.073997 -0.001697
v -0.045067 0.080509 -0.004394
v -0.041374 0.076115 -0.006215
v -0.039535 0.073036 -0.003136
v -0.045067 0.078020 -0.008120
v -0.041374 0.073263 -0.008120
v -0.039535 0.071597 -0.004098
v -0.045067 0.074294 -0.010609
v -0.041374 0.069900 -0.008789
v -0.039535 0.069900 -0.004435
v -0.045067 0.069900 -0.011483
v -0.041374 0.066536 -0.008120
v -0.039535 0.068203 -0.004098
v -0.045067 0.065505 -0.010609
v -0.041374 0.063685 -0.006215
v -0.039535 0.066764 -0.003136
v -0.045067 0.061780 -0.008120
v -0.041374 0.061780 -0.003363
v -0.039535 0.065802 -0.001697
v -0.045067 0.059291 -0.004394
v -0.041374 0.061111 -0.000000
v -0.039535 0.065465 -0.000000
v -0.045067 0.058417 -0.000000
v -0.041374 0.061780 0.003363
v -0.039535 0.065802 0.001697
v -0.045067 0.059291 0.004394
v -0.041374 0.063685 0.006215
v -0.039535 0.066764 0.003136
v -0.045067 0.061780 0.008120
v -0.049424 0.061111 0.008789
v -0.045067 0.065505 0.010609
v -0.049424 0.065143 0.011483
v -0.053780 0.065505 0.010609
v -0.049424 0.069900 0.012429
v -0.049424 0.074656 0.011483
v -0.053780 0.069900 0.011483
v -0.057474 0.069900 0.008789
v -0.053780 0.074294 0.010609
v -0.057474 0.073263 0.008120
v -0.053780 0.078020 0.008120
v -0.049424 0.078689 0.008789
v -0.057474 0.076115 0.006215
v -0.053780 0.080509 0.004394
v -0.049424 0.081383 0.004757
v -0.057474 0.078020 0.003363
v -0.053780 0.081383 0.000000
v -0.049424 0.082329 0.000000
v -0.057474 0.078689 0.000000
v -0.053780 0.080509 -0.004394
v -0.049424 0.081383 -0.004757
v -0.057474 0.078020 -0.003363
v -0.053780 0.078020 -0.008120
v -0.049424 0.078689 -0.008789
v -0.057474 0.076115 -0.006215
v -0.053780 0.074294 -0.010609
v -0.049424 0.074656 -0.011483
v -0.057474 0.073263 -0.008120
v -0.053780 0.069900 -0.011483
v -0.049424 0.069900 -0.012429
v -0.057474 0.069900 -0.008789
v -0.053780 0.065505 -0.010609
v -0.049424 0.065143 -0.011483
v -0.057474 0.066536 -0.008120
v -0.053780 0.061780 -0.008120
v -0.049424 0.061111 -0.008789
v -0.057474 0.063685 -0.006215
v -0.053780 0.059291 -0.004394
v -0.049424 0.058417 -0.004757
v -0.057474 0.061780 -0.003363
v -0.053780 0.058417 -0.000000
v -0.049424 0.057470 -0.000000
v -0.057474 0.061111 -0.000000
v -0.053780 0.059291 0.004394
v -0.049424 0.058417 0.004757
v -0.057474 0.061780 0.003363
v -0.053780 0.061780 0.008120
v -0.057474 0.063685 0.006215
v -0.059312 0.066764 0.003136
v -0.057474 0.066536 0.008120
v -0.059312 0.068203 0.004098
v -0.059312 0.069900 0.004435
v -0.059312 0.071597 0.004098
v -0.059312 0.073036 0.003136
v -0.059312 0.073997 0.001697
v -0.059312 0.074335 0.000000
v -0.059312 0.073997 -0.001697
v -0.059312 0.073036 -0.003136
v -0.059312 0.071597 -0.004098
v -0.059312 0.069900 -0.004435
v -0.059312 0.068203 -0.004098
v -0.059312 0.066764 -0.003136
v -0.059312 0.065802 -0.001697
v -0.059312 0.065465 -0.000000
v -0.059312 0.065802 0.001697
v -0.039535 0.068203 0.004098
v -0.021597 0.069900 0.008789
v -0.025290 0.069900 0.011483
v -0.021597 0.066536 0.008120
v -0.019759 0.069900 0.004435
v -0.021597 0.073263 0.008120
v -0.019759 0.071597 0.004098
v -0.025290 0.074294 0.010609
v -0.021597 0.076114 0.006215
v -0.019759 0.073036 0.003136
v -0.025290 0.078020 0.008120
v -0.021597 0.078020 0.003363
v -0.019759 0.073997 0.001697
v -0.025290 0.080509 0.004394
v -0.021597 0.078689 0.000000
v -0.019759 0.074335 0.000000
v -0.025290 0.081383 0.000000
v -0.021597 0.078020 -0.003363
v -0.019759 0.073997 -0.001697
v -0.025290 0.080509 -0.004394
v -0.021597 0.076115 -0.006215
v -0.019759 0.073036 -0.003136
v -0.025290 0.078020 -0.008120
v -0.021597 0.073263 -0.008120
v -0.019759 0.071597 -0.004098
v -0.025290 0.074294 -0.010609
v -0.021597 0.069900 -0.008789
v -0.019759 0.069900 -0.004435
v -0.025290 0.069900 -0.011483
v -0.021597 0.066536 -0.008120
v -0.019759 0.068203 -0.004098
v -0.025290 0.065505 -0.010609
v -0.021597 0.063685 -0.006215
v -0.019759 0.066764 -0.003136
v -0.025290 0.061780 -0.008120
v -0.021597 0.061780 -0.003363
v -0.019759 0.065802 -0.001697
v -0.025290 0.059291 -0.004394
v -0.021597 0.061111 -0.000000
v -0.019759 0.065465 -0.000000
v -0.025290 0.058417 -0.000000
v -0.021597 0.061780 0.003363
v -0.019759 0.065802 0.001697
v -0.025290 0.059291 0.004394
v -0.021597 0.063685 0.006215
v -0.019759 0.066764 0.003136
v -0.025290 0.061780 0.008120
v -0.029647 0.061111 0.008789
v -0.025290 0.065505 0.010609
v -0.029647 0.065143 0.011483
v -0.034003 0.065505 0.010609
v -0.029647 0.069900 0.012429
v -0.029647 0.074656 0.011483
v -0.034003 0.069900 0.011483
v -0.037697 0.069900 0.008789
v -0.034003 0.074294 0.010609
v -0.037697 0.073263 0.008120
v -0.034003 0.078020 0.008120
v -0.029647 0.078689 0.008789
v -0.037697 0.076114 0.006215
v -0.034003 0.080509 0.004394
v -0.029647 0.081383 0.004757
v -0.037697 0.078020 0.003363
v -0.034003 0.081383 0.000000
v -0.029647 0.082329 0.000000
v -0.037697 0.078689 0.000000
v -0.034003 0.080509 -0.004394
v -0.029647 0.081383 -0.004757
v -0.037697 0.078020 -0.003363
v -0.034003 0.078020 -0.008120
v -0.029647 0.078689 -0.008789
v -0.037697 0.076115 -0.006215
v -0.034003 0.074294 -0.010609
v -0.029647 0.074656 -0.011483
v -0.037697 0.073263 -0.008120
v -0.034003 0.069900 -0.011483
v -0.029647 0.069900 -0.012429
v -0.037697 0.069900 -0.008789
v -0.034003 0.065505 -0.010609
v -0.029647 0.065143 -0.011483
v -0.037697 0.066536 -0.008120
v -0.034003 0.061780 -0.008120
v -0.029647 0.061111 -0.008789
v -0.037697 0.063685 -0.006215
v -0.034003 0.059291 -0.004394
v -0.029647 0.058417 -0.004757
v -0.037697 0.061780 -0.003363
v -0.034003 0.058417 -0.000000
v -0.029647 0.057470 -0.000000
v -0.037697 0.061111 -0.000000
v -0.034003 0.059291 0.004394
v -0.029647 0.058417 0.004757
v -0.037697 0.061780 0.003363
v -0.034003 0.061780 0.008120
v -0.037697 0.063685 0.006215
v -0.039535 0.066764 0.003136
v -0.037697 0.066536 0.008120
v -0.039535 0.068203 0.004098
v -0.039535 0.069900 0.004435
v -0.039535 0.071597 0.004098
v -0.039535 0.073036 0.003136
v -0.039535 0.073997 0.001697
v -0.039535 0.074335 0.000000
v -0.039535 0.073997 -0.001697
v -0.039535 0.073036 -0.003136
v -0.039535 0.071597 -0.004098
v -0.039535 0.069900 -0.004435
v -0.039535 0.068203 -0.004098
v -0.039535 0.066764 -0.003136
v -0.039535 0.065802 -0.001697
v -0.039535 0.065465 -0.000000
v -0.039535 0.065802 0.001697
v -0.019759 0.068203 0.004098
v 0.037724 0.069900 0.008789
v 0.034031 0.069900 0.011483
v 0.037724 0.066536 0.008120
v 0.039562 0.069900 0.004435
v 0.037724 0.073263 0.008120
v 0.039562 0.071597 0.004098
v 0.034031 0.074294 0.010609
v 0.037724 0.076115 0.006215
v 0.039562 0.073036 0.003136
v 0.034031 0.078020 0.008120
v 0.037724 0.078020 0.003363
v 0.039562 0.073997 0.001697
v 0.034031 0.080509 0.004394
v 0.037724 0.078689 0.000000
v 0.039562 0.074335 0.000000
v 0.034031 0.081383 0.000000
v 0.037724 0.078020 -0.003363
v 0.039562 0.073997 -0.001697
v 0.034031 0.080509 -0.004394
v 0.037724 0.076115 -0.006215
v 0.039562 0.073036 -0.003136
v 0.034031 0.078020 -0.008120
v 0.037724 0.073263 -0.008120
v 0.039562 0.071597 -0.004098
v 0.034031 0.074294 -0.010609
v 0.037724 0.069900 -0.008789
v 0.039562 0.069900 -0.004435
v 0.034031 0.069900 -0.011483
v 0.037724 0.066536 -0.008120
v 0.039562 0.068203 -0.004098
v 0.034031 0.065505 -0.010609
v 0.037724 0.063685 -0.006215
v 0.039562 0.066764 -0.003136
v 0.034031 0.061780 -0.008120
v 0.037724 0.061780 -0.003363
v 0.039562 0.065802 -0.001697
v 0.034031 0.059291 -0.004394
v 0.037724 0.061111 -0.000000
v 0.039562 0.065465 -0.000000
v 0.034031 0.058417 -0.000000
v 0.037724 0.061780 0.003363
v 0.039562 0.065802 0.001697
v 0.034031 0.059291 0.004394
v 0.037724 0.063685 0.006215
v 0.039562 0.066764 0.003136
v 0.034031 0.061780 0.008120
v 0.029674 0.061111 0.008789
v 0.034031 0.065505 0.010609
v 0.029674 0.065143 0.011483
v 0.025317 0.065505 0.010609
v 0.029674 0.069900 0.012429
v 0.029674 0.074656 0.011483
v 0.025317 0.069900 0.011483
v 0.021624 0.069900 0.008789
v 0.025317 0.074294 0.010609
v 0.021624 0.073263 0.008120
v 0.025317 0.078020 0.008120
v 0.029674 0.078689 0.008789
v 0.021624 0.076115 0.006215
v 0.025317 0.080509 0.004394
v 0.029674 0.081383 0.004757
v 0.021624 0.078020 0.003363
v 0.025317 0.081383 0.000000
v 0.029674 0.082329 0.000000
v 0.021624 0.078689 0.000000
v 0.025317 0.080509 -0.004394
v 0.029674 0.081383 -0.004757
v 0.021624 0.078020 -0.003363
v 0.025317 0.078020 -0.008120
v 0.029674 0.078689 -0.008789
v 0.021624 0.076115 -0.006215
v 0.025317 0.074294 -0.010609
v 0.029674 0.074656 -0.011483
v 0.021624 0.073263 -0.008120
v 0.025317 0.069900 -0.011483
v 0.029674 0.069900 -0.012429
v 0.021624 0.069900 -0.008789
v 0.025317 0.065505 -0.010609
v 0.029674 0.065143 -0.011483
v 0.021624 0.066536 -0.008120
v 0.025317 0.061780 -0.008120
v 0.029674 0.061111 -0.008789
v 0.021624 0.063685 -0.006215
v 0.025317 0.059291 -0.004394
v 0.029674 0.058417 -0.004757
v 0.021624 0.061780 -0.003363
v 0.025317 0.058417 -0.000000
v 0.029674 0.057470 -0.000000
v 0.021624 0.061111 -0.000000
v 0.025317 0.059291 0.004394
v 0.029674 0.058417 0.004757
v 0.021624 0.061780 0.003363
v 0.025317 0.061780 0.008120
v 0.021624 0.063685 0.006215
v 0.019786 0.066764 0.003136
v 0.021624 0.066536 0.008120
v 0.019786 0.068203 0.004098
v 0.019786 0.069900 0.004435
v 0.019786 0.071597 0.004098
v 0.019786 0.073036 0.003136
v 0.019786 0.073997 0.001697
v 0.019786 0.074335 0.000000
v 0.019786 0.073997 -0.001697
v 0.019786 0.073036 -0.003136
v 0.019786 0.071597 -0.004098
v 0.019786 0.069900 -0.004435
v 0.019786 0.068203 -0.004098
v 0.019786 0.066764 -0.003136
v 0.019786 0.065802 -0.001697
v 0.019786 0.065465 -0.000000
v 0.019786 0.065802 0.001697
v 0.039562 0.068203 0.004098
v 0.057501 0.069900 0.008789
v 0.053807 0.069900 0.011483
v 0.057501 0.066536 0.008120
v 0.059339 0.069900 0.004435
v 0.057501 0.073263 0.008120
v 0.059339 0.071597 0.004098
v 0.053807 0.074294 0.010609
v 0.057501 0.076115 0.006215
v 0.059339 0.073036 0.003136
v 0.053807 0.078020 0.008120
v 0.057501 0.078020 0.003363
v 0.059339 0.073997 0.001697
v 0.053807 0.080509 0.004394
v 0.057501 0.078689 0.000000
v 0.059339 0.074335 0.000000
v 0.053807 0.081383 0.000000
v 0.057501 0.078020 -0.003363
v 0.059339 0.073997 -0.001697
v 0.053807 0.080509 -0.004394
v 0.057501 0.076115 -0.006215
v 0.059339 0.073036 -0.003136
v 0.053807 0.078020 -0.008120
v 0.057501 0.073263 -0.008120
v 0.059339 0.071597 -0.004098
v 0.053807 0.074294 -0.010609
v 0.057501 0.069900 -0.008789
v 0.059339 0.069900 -0.004435
v 0.053807 0.069900 -0.011483
v 0.057501 0.066536 -0.008120
v 0.059339 0.068203 -0.004098
v 0.053807 0.065505 -0.010609
v 0.057501 0.063685 -0.006215
v 0.059339 0.066764 -0.003136
v 0.053807 0.061780 -0.008120
v 0.057501 0.061780 -0.003363
v 0.059339 0.065802 -0.001697
v 0.053807 0.059291 -0.004394
v 0.057501 0.061111 -0.000000
v 0.059339 0.065465 -0.000000
v 0.053807 0.058417 -0.000000
v 0.057501 0.061780 0.003363
v 0.059339 0.065802 0.001697
v 0.053807 0.059291 0.004394
v 0.057501 0.063685 0.006215
v 0.059339 0.066764 0.003136
v 0.053807 0.061780 0.008120
v 0.049451 0.061111 0.008789
v 0.053807 0.065505 0.010609
v 0.049451 0.065143 0.011483
v 0.045094 0.065505 0.010609
v 0.049451 0.069900 0.012429
v 0.049451 0.074656 0.011483
v 0.045094 0.069900 0.011483
v 0.041401 0.069900 0.008789
v 0.045094 0.074294 0.010609
v 0.041401 0.073263 0.008120
v 0.045094 0.078020 0.008120
v 0.049451 0.078689 0.008789
v 0.041401 0.076115 0.006215
v 0.045094 0.080509 0.004394
v 0.049451 0.081383 0.004757
v 0.041401 0.078020 0.003363
v 0.045094 0.081383 0.000000
v 0.049451 0.082329 0.000000
v 0.041401 0.078689 0.000000
v 0.045094 0.080509 -0.004394
v 0.049451 0.081383 -0.004757
v 0.041401 0.078020 -0.003363
v 0.045094 0.078020 -0.008120
v 0.049451 0.078689 -0.008789
v 0.041401 0.076115 -0.006215
v 0.045094 0.074294 -0.010609
v 0.049451 0.074656 -0.011483
v 0.041401 0.073263 -0.008120
v 0.045094 0.069900 -0.011483
v 0.049451 0.069900 -0.012429
v 0.041401 0.069900 -0.008789
v 0.045094 0.065505 -0.010609
v 0.049451 0.065143 -0.011483
v 0.041401 0.066536 -0.008120
v 0.045094 0.061780 -0.008120
v 0.049451 0.061111 -0.008789
v 0.041401 0.063685 -0.006215
v 0.045094 0.059291 -0.004394
v 0.049451 0.058417 -0.004757
v 0.041401 0.061780 -0.003363
v 0.045094 0.058417 -0.000000
v 0.049451 0.057470 -0.000000
v 0.041401 0.061111 -0.000000
v 0.045094 0.059291 0.004394
v 0.049451 0.058417 0.004757
v 0.041401 0.061780 0.003363
v 0.045094 0.061780 0.008120
v 0.041401 0.063685 0.006215
v 0.039562 0.066764 0.003136
v 0.041401 0.066536 0.008120
v 0.039562 0.068203 0.004098
v 0.039562 0.069900 0.004435
v 0.039562 0.071597 0.004098
v 0.039562 0.073036 0.003136
v 0.039562 0.073997 0.001697
v 0.039562 0.074335 0.000000
v 0.039562 0.073997 -0.001697
v 0.039562 0.073036 -0.003136
v 0.039562 0.071597 -0.004098
v 0.039562 0.069900 -0.004435
v 0.039562 0.068203 -0.004098
v 0.039562 0.066764 -0.003136
v 0.039562 0.065802 -0.001697
v 0.039562 0.065465 -0.000000
v 0.039562 0.065802 0.001697
v 0.059339 0.068203 0.004098
v 0.077277 0.069900 0.008789
v 0.073584 0.069900 0.011483
v 0.077277 0.066536 0.008120
v 0.079116 0.069900 0.004435
v 0.077277 0.073263 0.008120
v 0.079116 0.071597 0.004098
v 0.073584 0.074294 0.010609
v 0.077277 0.076115 0.006215
v 0.079116 0.073036 0.003136
v 0.073584 0.078020 0.008120
v 0.077277 0.078020 0.003363
v 0.079116 0.073997 0.001697
v 0.073584 0.080509 0.004394
v 0.077277 0.078689 0.000000
v 0.079116 0.074335 0.000000
v 0.073584 0.081383 0.000000
v 0.077277 0.078020 -0.003363
v 0.079116 0.073997 -0.001697
v 0.073584 0.080509 -0.004394
v 0.077277 0.076115 -0.006215
v 0.079116 0.073036 -0.003136
v 0.073584 0.078020 -0.008120
v 0.077277 0.073263 -0.008120
v 0.079116 0.071597 -0.004098
v 0.073584 0.074294 -0.010609
v 0.077277 0.069900 -0.008789
v 0.079116 0.069900 -0.004435
v 0.073584 0.069900 -0.011483
v 0.077277 0.066536 -0.008120
v 0.079116 0.068203 -0.004098
v 0.073584 0.065505 -0.010609
v 0.077277 0.063685 -0.006215
v 0.079116 0.066764 -0.003136
v 0.073584 0.061780 -0.008120
v 0.077277 0.061780 -0.003363
v 0.079116 0.065802 -0.001697
v 0.073584 0.059291 -0.004394
v 0.077277 0.061111 -0.000000
v 0.079116 0.065465 -0.000000
v 0.073584 0.058417 -0.000000
v 0.077277 0.061780 0.003363
v 0.079116 0.065802 0.001697
v 0.073584 0.059291 0.004394
v 0.077277 0.063685 0.006215
v 0.079116 0.066764 0.003136
v 0.073584 0.061780 0.008120
v 0.069228 0.061111 0.008789
v 0.073584 0.065505 0.010609
v 0.069228 0.065143 0.011483
v 0.064871 0.065505 0.010609
v 0.069228 0.069900 0.012429
v 0.069228 0.074656 0.011483
v 0.064871 0.069900 0.011483
v 0.061178 0.069900 0.008789
v 0.064871 0.074294 0.010609
v 0.061178 0.073263 0.008120
v 0.064871 0.078020 0.008120
v 0.069228 0.078689 0.008789
v 0.061178 0.076115 0.006215
v 0.064871 0.080509 0.004394
v 0.069228 0.081383 0.004757
v 0.061178 0.078020 0.003363
v 0.064871 0.081383 0.000000
v 0.069228 0.082329 0.000000
v 0.061178 0.078689 0.000000
v 0.064871 0.080509 -0.004394
v 0.069228 0.081383 -0.004757
v 0.061178 0.078020 -0.003363
v 0.064871 0.078020 -0.008120
v 0.069228 0.078689 -0.008789
v 0.061178 0.076115 -0.006215
v 0.064871 0.074294 -0.010609
v 0.069228 0.074656 -0.011483
v 0.061178 0.073263 -0.008120
v 0.064871 0.069900 -0.011483
v 0.069228 0.069900 -0.012429
v 0.061178 0.069900 -0.008789
v 0.064871 0.065505 -0.010609
v 0.069228 0.065143 -0.011483
v 0.061178 0.066536 -0.008120
v 0.064871 0.061780 -0.008120
v 0.069228 0.061111 -0.008789
v 0.061178 0.063685 -0.006215
v 0.064871 0.059291 -0.004394
v 0.069228 0.058417 -0.004757
v 0.061178 0.061780 -0.003363
v 0.064871 0.058417 -0.000000
v 0.069228 0.057470 -0.000000
v 0.061178 0.061111 -0.000000
v 0.064871 0.059291 0.004394
v 0.069228 0.058417 0.004757
v 0.061178 0.061780 0.003363
v 0.064871 0.061780 0.008120
v 0.061178 0.063685 0.006215
v 0.059339 0.066764 0.003136
v 0.061178 0.066536 0.008120
v 0.059339 0.068203 0.004098
v 0.059339 0.069900 0.004435
v 0.059339 0.071597 0.004098
v 0.059339 0.073036 0.003136
v 0.059339 0.073997 0.001697
v 0.059339 0.074335 0.000000
v 0.059339 0.073997 -0.001697
v 0.059339 0.073036 -0.003136
v 0.059339 0.071597 -0.004098
v 0.059339 0.069900 -0.004435
v 0.059339 0.068203 -0.004098
v 0.059339 0.066764 -0.003136
v 0.059339 0.065802 -0.001697
v 0.059339 0.065465 -0.000000
v 0.059339 0.065802 0.001697
v 0.079116 0.068203 0.004098
v 0.097054 0.069900 0.008789
v 0.093361 0.069900 0.011483
v 0.097054 0.066536 0.008120
v 0.098893 0.069900 0.004435
v 0.097054 0.073263 0.008120
v 0.098893 0.071597 0.004098
v 0.093361 0.074294 0.010609
v 0.097054 0.076115 0.006215
v 0.098893 0.073036 0.003136
v 0.093361 0.078020 0.008120
v 0.097054 0.078020 0.003363
v 0.098893 0.073997 0.001697
v 0.093361 0.080509 0.004394
v 0.097054 0.078689 0.000000
v 0.098893 0.074335 0.000000
v 0.093361 0.081383 0.000000
v 0.097054 0.078020 -0.003363
v 0.098893 0.073997 -0.001697
v 0.093361 0.080509 -0.004394
v 0.097054 0.076115 -0.006215
v 0.098893 0.073036 -0.003136
v 0.093361 0.078020 -0.008120
v 0.097054 0.073263 -0.008120
v 0.098893 0.071597 -0.004098
v 0.093361 0.074294 -0.010609
v 0.097054 0.069900 -0.008789
v 0.098893 0.069900 -0.004435
v 0.093361 0.069900 -0.011483
v 0.097054 0.066536 -0.008120
v 0.098893 0.068203 -0.004098
v 0.093361 0.065505 -0.010609
v 0.097054 0.063685 -0.006215
v 0.098893 0.066764 -0.003136
v 0.093361 0.061780 -0.008120
v 0.097054 0.061780 -0.003363
v 0.098893 0.065802 -0.001697
v 0.093361 0.059291 -0.004394
v 0.097054 0.061111 -0.000000
v 0.098893 0.065465 -0.000000
v 0.093361 0.058417 -0.000000
v 0.097054 0.061780 0.003363
v 0.098893 0.065802 0.001697
v 0.093361 0.059291 0.004394
v 0.097054 0.063685 0.006215
v 0.098893 0.066764 0.003136
v 0.093361 0.061780 0.008120
v 0.089004 0.061111 0.008789
v 0.093361 0.065505 0.010609
v 0.089004 0.065143 0.011483
v 0.084648 0.065505 0.010609
v 0.089004 0.069900 0.012429
v 0.089004 0.074656 0.011483
v 0.084648 0.069900 0.011483
v 0.080955 0.069900 0.008789
v 0.084648 0.074294 0.010609
v 0.080955 0.073263 0.008120
v 0.084648 0.078020 0.008120
v 0.089004 0.078689 0.008789
v 0.080955 0.076115 0.006215
v 0.084648 0.080509 0.004394
v 0.089004 0.081383 0.004757
v 0.080955 0.078020 0.003363
v 0.084648 0.081383 0.000000
v 0.089004 0.082329 0.000000
v 0.080955 0.078689 0.000000
v 0.084648 0.080509 -0.004394
v 0.089004 0.081383 -0.004757
v 0.080955 0.078020 -0.003363
v 0.084648 0.078020 -0.008120
v 0.089004 0.078689 -0.008789
v 0.080955 0.076115 -0.006215
v 0.084648 0.074294 -0.010609
v 0.089004 0.074656 -0.011483
v 0.080955 0.073263 -0.008120
v 0.084648 0.069900 -0.011483
v 0.089004 0.069900 -0.012429
v 0.080955 0.069900 -0.008789
v 0.084648 0.065505 -0.010609
v 0.089004 0.065143 -0.011483
v 0.080955 0.066536 -0.008120
v 0.084648 0.061780 -0.008120
v 0.089004 0.061111 -0.008789
v 0.080955 0.063685 -0.006215
v 0.084648 0.059291 -0.004394
v 0.089004 0.058417 -0.004757
v 0.080955 0.061780 -0.003363
v 0.084648 0.058417 -0.000000
v 0.089004 0.057470 -0.000000
v 0.080955 0.061111 -0.000000
v 0.084648 0.059291 0.004394
v 0.089004 0.058417 0.004757
v 0.080955 0.061780 0.003363
v 0.084648 0.061780 0.008120
v 0.080955 0.063685 0.006215
v 0.079116 0.066764 0.003136
v 0.080955 0.066536 0.008120
v 0.079116 0.068203 0.004098
v 0.079116 0.069900 0.004435
v 0.079116 0.071597 0.004098
v 0.079116 0.073036 0.003136
v 0.079116 0.073997 0.001697
v 0.079116 0.074335 0.000000
v 0.079116 0.073997 -0.001697
v 0.079116 0.073036 -0.003136
v 0.079116 0.071597 -0.004098
v 0.079116 0.069900 -0.004435
v 0.079116 0.068203 -0.004098
v 0.079116 0.066764 -0.003136
v 0.079116 0.065802 -0.001697
v 0.079116 0.065465 -0.000000
v 0.079116 0.065802 0.001697
v 0.098893 0.068203 0.004098
v 0.116831 0.069900 0.008789
v 0.113138 0.069900 0.011483
v 0.116831 0.066536 0.008120
v 0.118670 0.069900 0.004435
v 0.116831 0.073263 0.008120
v 0.118670 0.071597 0.004098
v 0.113138 0.074294 0.010609
v 0.116831 0.076114 0.006215
v 0.118670 0.073036 0.003136
v 0.113138 0.078020 0.008120
v 0.116831 0.078020 0.003363
v 0.118670 0.073997 0.001697
v 0.113138 0.080509 0.004394
v 0.116831 0.078689 0.000000
v 0.118670 0.074335 0.000000
v 0.113138 0.081383 0.000000
v 0.116831 0.078020 -0.003363
v 0.118670 0.073997 -0.001697
v 0.113138 0.080509 -0.004394
v 0.116831 0.076115 -0.006215
v 0.118670 0.073036 -0.003136
v 0.113138 0.078020 -0.008120
v 0.116831 0.073263 -0.008120
v 0.118670 0.071597 -0.004098
v 0.113138 0.074294 -0.010609
v 0.116831 0.069900 -0.008789
v 0.118670 0.069900 -0.004435
v 0.113138 0.069900 -0.011483
v 0.116831 0.066536 -0.008120
v 0.118670 0.068203 -0.004098
v 0.113138 0.065505 -0.010609
v 0.116831 0.063685 -0.006215
v 0.118670 0.066764 -0.003136
v 0.113138 0.061780 -0.008120
v 0.116831 0.061780 -0.003363
v 0.118670 0.065802 -0.001697
v 0.113138 0.059291 -0.004394
v 0.116831 0.061111 -0.000000
v 0.118670 0.065465 -0.000000
v 0.113138 0.058417 -0.000000
v 0.116831 0.061780 0.003363
v 0.118670 0.065802 0.001697
v 0.113138 0.059291 0.004394
v 0.116831 0.063685 0.006215
v 0.118670 0.066764 0.003136
v 0.113138 0.061780 0.008120
v 0.108781 0.061111 0.008789
v 0.113138 0.065505 0.010609
v 0.108781 0.065143 0.011483
v 0.104425 0.065505 0.010609
v 0.108781 0.069900 0.012429
v 0.108781 0.074656 0.011483
v 0.104425 0.069900 0.011483
v 0.100731 0.069900 0.008789
v 0.104425 0.074294 0.010609
v 0.100731 0.073263 0.008120
v 0.104425 0.078020 0.008120
v 0.108781 0.078689 0.008789
v 0.100731 0.076115 0.006215
v 0.104425 0.080509 0.004394
v 0.108781 0.081383 0.004757
v 0.100731 0.078020 0.003363
v 0.104425 0.081383 0.000000
v 0.108781 0.082329 0.000000
v 0.100731 0.078689 0.000000
v 0.104425 0.080509 -0.004394
v 0.108781 0.081383 -0.004757
v 0.100731 0.078020 -0.003363
v 0.104425 0.078020 -0.008120
v 0.108781 0.078689 -0.008789
v 0.100731 0.076115 -0.006215
v 0.104425 0.074294 -0.010609
v 0.108781 0.074656 -0.011483
v 0.100731 0.073263 -0.008120
v 0.104425 0.069900 -0.011483
v 0.108781 0.069900 -0.012429
v 0.100731 0.069900 -0.008789
v 0.104425 0.065505 -0.010609
v 0.108781 0.065143 -0.011483
v 0.100731 0.066536 -0.008120
v 0.104425 0.061780 -0.008120
v 0.108781 0.061111 -0.008789
v 0.100731 0.063685 -0.006215
v 0.104425 0.059291 -0.004394
v 0.108781 0.058417 -0.004757
v 0.100731 0.061780 -0.003363
v 0.104425 0.058417 -0.000000
v 0.108781 0.057470 -0.000000
v 0.100731 0.061111 -0.000000
v 0.104425 0.059291 0.004394
v 0.108781 0.058417 0.004757
v 0.100731 0.061780 0.003363
v 0.104425 0.061780 0.008120
v 0.100731 0.063685 0.006215
v 0.098893 0.066764 0.003136
v 0.100731 0.066536 0.008120
v 0.098893 0.068203 0.004098
v 0.098893 0.069900 0.004435
v 0.098893 0.071597 0.004098
v 0.098893 0.073036 0.003136
v 0.098893 0.073997 0.001697
v 0.098893 0.074335 0.000000
v 0.098893 0.073997 -0.001697
v 0.098893 0.073036 -0.003136
v 0.098893 0.071597 -0.004098
v 0.098893 0.069900 -0.004435
v 0.098893 0.068203 -0.004098
v 0.098893 0.066764 -0.003136
v 0.098893 0.065802 -0.001697
v 0.098893 0.065465 -0.000000
v 0.098893 0.065802 0.001697
v 0.118670 0.068203 0.004098
vn -0.0000 0.0445 -0.9990
vn -0.0000 0.1407 -0.9900
vn -0.0000 0.9953 0.0971
vn -0.0000 0.9953 -0.0971
vn 1.0000 -0.0000 -0.0000
vn -0.0000 0.0445 0.9990
vn -0.0000 0.1407 0.9900
vn -0.0000 -1.0000 -0.0000
vn -1.0000 -0.0000 -0.0000
vn -0.0000 0.4154 -0.9096
vn -0.0000 0.7223 -0.6916
vn -0.0000 0.9268 -0.3756
vn -0.0000 0.4154 0.9096
vn -0.0000 0.7223 0.6916
vn -0.0000 0.9268 0.3756
vn -0.0000 -0.0000 -1.0000
vn -0.0000 -0.3827 -0.9239
vn -0.0000 -0.7071 -0.7071
vn -0.0000 -0.9239 -0.3827
vn -0.0000 -0.9239 0.3827
vn -0.0000 -0.7071 0.7071
vn -0.0000 -0.3827 0.9239
vn -0.0000 -0.0000 1.0000
vn -0.0000 0.3827 0.9239
vn -0.0000 0.7071 0.7071
vn -0.0000 0.9239 0.3827
vn -0.0000 1.0000 -0.0000
vn -0.0000 0.9239 -0.3827
vn -0.0000 0.7071 -0.7071
vn -0.0000 0.3827 -0.9239
vn -0.9212 -0.0000 0.3890
vn -0.9212 -0.1489 0.3594
vn -0.7678 -0.2452 0.5919
vn -0.7678 -0.0000 0.6407
vn -0.4003 -0.0000 0.9164
vn -0.4003 -0.3507 0.8466
vn 0.4003 -0.0000 0.9164
vn 0.4003 -0.3507 0.8466
vn 0.7678 -0.2452 0.5919
vn 0.7678 -0.0000 0.6407
vn 0.9212 -0.1489 0.3594
vn 0.9212 -0.0000 0.3890
vn -0.7678 -0.4530 0.4530
vn -0.4003 -0.6480 0.6480
vn 0.4003 -0.6480 0.6480
vn 0.7678 -0.4530 0.4530
vn 0.9212 -0.2751 0.2751
vn -0.9212 -0.2751 0.2751
vn -0.7678 -0.5919 0.2452
vn -0.4003 -0.8466 0.3507
vn 0.4003 -0.8466 0.3507
vn 0.7678 -0.5919 0.2452
vn 0.9212 -0.3594 0.1489
vn -0.9212 -0.3594 0.1489
vn -0.9212 -0.3890 -0.0000
vn -0.7678 -0.6407 -0.0000
vn -0.4003 -0.9164 -0.0000
vn 0.4003 -0.9164 -0.0000
vn 0.7678 -0.6407 -0.0000
vn 0.9212 -0.3890 -0.0000
vn -0.4003 -0.8466 -0.3507
vn 0.4003 -0.8466 -0.3507
vn 0.7678 -0.5919 -0.2452
vn -0.7678 -0.5919 -0.2452
vn 0.9212 -0.3594 -0.1489
vn -0.9212 -0.3594 -0.1489
vn -0.7678 -0.4530 -0.4530
vn -0.4003 -0.6480 -0.6480
vn 0.4003 -0.6480 -0.6480
vn 0.7678 -0.4530 -0.4530
vn 0.9212 -0.2751 -0.2751
vn -0.9212 -0.2751 -0.2751
vn 0.4003 -0.3507 -0.8466
vn 0.7678 -0.2452 -0.5919
vn 0.9212 -0.1489 -0.3594
vn -0.9212 -0.1489 -0.3594
vn -0.7678 -0.2452 -0.5919
vn -0.4003 -0.3507 -0.8466
vn -0.9212 -0.0000 -0.3890
vn -0.7678 -0.0000 -0.6407
vn -0.4003 -0.0000 -0.9164
vn 0.4003 -0.0000 -0.9164
vn 0.7678 -0.0000 -0.6407
vn 0.9212 -0.0000 -0.3890
vn 0.4003 0.3507 -0.8466
vn 0.7678 0.2452 -0.5919
vn -0.7678 0.2452 -0.5919
vn -0.4003 0.3507 -0.8466
vn 0.9212 0.1489 -0.3594
vn -0.9212 0.1489 -0.3594
vn -0.7678 0.4530 -0.4530
vn -0.4003 0.6480 -0.6480
vn 0.4003 0.6480 -0.6480
vn 0.7678 0.4530 -0.4530
vn 0.9212 0.2751 -0.2751
vn -0.9212 0.2751 -0.2751
vn 0.7678 0.5919 -0.2452
vn 0.9212 0.3594 -0.1489
vn -0.9212 0.3594 -0.1489
vn -0.7678 0.5919 -0.2452
vn -0.4003 0.8466 -0.3507
vn 0.4003 0.8466 -0.3507
vn -0.9212 0.3890 -0.0000
vn -0.7678 0.6407 -0.0000
vn -0.4003 0.9164 -0.0000
vn 0.4003 0.9164 -0.0000
vn 0.7678 0.6407 -0.0000
vn 0.9212 0.3890 -0.0000
vn -0.7678 0.5919 0.2452
vn -0.4003 0.8466 0.3507
vn 0.4003 0.8466 0.3507
vn 0.7678 0.5919 0.2452
vn 0.9212 0.3594 0.1489
vn -0.9212 0.3594 0.1489
vn -0.7678 0.4530 0.4530
vn -0.4003 0.6480 0.6480
vn 0.4003 0.6480 0.6480
vn 0.7678 0.4530 0.4530
vn 0.9212 0.2751 0.2751
vn -0.9212 0.2751 0.2751
vn -0.9212 0.1489 0.3594
vn -0.7678 0.2452 0.5919
vn -0.4003 0.3507 0.8466
vn 0.4003 0.3507 0.8466
vn 0.7678 0.2452 0.5919
vn 0.9212 0.1489 0.3594
vt 0.529719 0.895554
vt 0.006742 0.895554
vt 0.006742 0.868783
vt 0.529719 0.868785
vt 0.648309 0.566147
vt 0.648309 0.592917
vt 0.620776 0.592917
vt 0.620776 0.566147
vt 0.561531 0.489947
vt 0.561531 0.436449
vt 0.564089 0.449432
vt 0.564089 0.476964
vt 0.006301 0.901783
vt 0.529279 0.901783
vt 0.529278 0.928553
vt 0.006301 0.928551
vt 0.033977 0.278455
vt 0.007207 0.278455
vt 0.007207 0.134235
vt 0.033977 0.134235
vt 0.556430 0.157485
vt 0.556430 0.255206
vt 0.567543 0.592917
vt 0.567543 0.566147
vt 0.580775 0.566147
vt 0.580775 0.592917
vt 0.594159 0.566147
vt 0.594159 0.592917
vt 0.607544 0.566147
vt 0.607544 0.592917
vt 0.701542 0.566147
vt 0.701542 0.592917
vt 0.688310 0.592917
vt 0.688310 0.566147
vt 0.674925 0.592917
vt 0.674925 0.566147
vt 0.661541 0.592917
vt 0.661541 0.566147
vt 0.587477 0.179596
vt 0.590034 0.192579
vt 0.590035 0.220111
vt 0.587477 0.233094
vt 0.569290 0.160603
vt 0.569290 0.252087
vt 0.580192 0.168368
vt 0.580192 0.244323
vt 0.554247 0.501176
vt 0.554247 0.425221
vt 0.543345 0.508940
vt 0.543345 0.417457
vt 0.530485 0.512059
vt 0.530485 0.414338
vt 0.008032 0.535308
vt 0.008032 0.391088
vt 0.007143 0.994737
vt 0.007143 0.967967
vt 0.530120 0.967968
vt 0.530120 0.994737
vt 0.648218 0.557593
vt 0.620686 0.557593
vt 0.620686 0.530822
vt 0.648218 0.530822
vt 0.009757 0.363068
vt 0.007199 0.350085
vt 0.007199 0.322553
vt 0.009757 0.309570
vt 0.529374 0.935078
vt 0.529374 0.961849
vt 0.006397 0.961848
vt 0.006397 0.935079
vt 0.563260 0.148682
vt 0.563260 0.004461
vt 0.590031 0.004461
vt 0.590031 0.148682
vt 0.040807 0.125432
vt 0.040807 0.027711
vt 0.567452 0.530822
vt 0.580685 0.530823
vt 0.580685 0.557593
vt 0.567452 0.557593
vt 0.594069 0.530822
vt 0.594069 0.557593
vt 0.607453 0.530822
vt 0.607453 0.557593
vt 0.701452 0.557593
vt 0.688219 0.557593
vt 0.688219 0.530822
vt 0.701452 0.530823
vt 0.674835 0.557593
vt 0.674835 0.530822
vt 0.661451 0.557593
vt 0.661451 0.530822
vt 0.009761 0.049823
vt 0.009761 0.103321
vt 0.007203 0.090338
vt 0.007203 0.062806
vt 0.027948 0.122314
vt 0.027948 0.030830
vt 0.017046 0.114549
vt 0.017046 0.038595
vt 0.017041 0.374297
vt 0.017041 0.298342
vt 0.027943 0.382061
vt 0.027943 0.290577
vt 0.040803 0.385180
vt 0.040803 0.287459
vt 0.563256 0.408430
vt 0.563256 0.264209
vt 0.676310 0.522944
vt 0.676308 0.003673
vt 0.682729 0.003673
vt 0.682730 0.522944
vt 0.689149 0.003672
vt 0.689155 0.522944
vt 0.695570 0.003672
vt 0.695580 0.522944
vt 0.701991 0.003672
vt 0.701999 0.522944
vt 0.599243 0.522943
vt 0.599257 0.003672
vt 0.605678 0.003672
vt 0.605663 0.522944
vt 0.612099 0.003672
vt 0.612088 0.522944
vt 0.618520 0.003673
vt 0.618513 0.522944
vt 0.624941 0.003673
vt 0.624933 0.522944
vt 0.631362 0.003673
vt 0.631352 0.522944
vt 0.637782 0.003673
vt 0.637777 0.522944
vt 0.644203 0.003673
vt 0.644202 0.522944
vt 0.650624 0.003673
vt 0.650621 0.522944
vt 0.657045 0.003673
vt 0.657041 0.522944
vt 0.663466 0.003673
vt 0.663466 0.522944
vt 0.669887 0.003673
vt 0.669891 0.522944
vt 0.007679 0.652001
vt 0.527116 0.652017
vt 0.527116 0.655788
vt 0.007679 0.655767
vt 0.527115 0.659558
vt 0.007679 0.659533
vt 0.527115 0.663328
vt 0.007679 0.663300
vt 0.527115 0.667099
vt 0.007679 0.667066
vt 0.007679 0.606805
vt 0.527115 0.606774
vt 0.527115 0.610544
vt 0.007679 0.610571
vt 0.527116 0.614314
vt 0.007679 0.614338
vt 0.527116 0.618085
vt 0.007679 0.618104
vt 0.527116 0.621855
vt 0.007679 0.621870
vt 0.527116 0.625625
vt 0.007680 0.625637
vt 0.527116 0.629396
vt 0.007680 0.629403
vt 0.527116 0.633166
vt 0.007680 0.633169
vt 0.527116 0.636936
vt 0.007680 0.636936
vt 0.527116 0.640707
vt 0.007680 0.640702
vt 0.527116 0.644477
vt 0.007680 0.644468
vt 0.527116 0.648247
vt 0.007680 0.648234
vt 0.006966 0.781732
vt 0.526403 0.781751
vt 0.526402 0.785521
vt 0.006966 0.785498
vt 0.526402 0.789292
vt 0.006966 0.789265
vt 0.526402 0.793062
vt 0.006966 0.793031
vt 0.526402 0.796832
vt 0.006965 0.796797
vt 0.006965 0.736537
vt 0.526402 0.736507
vt 0.526403 0.740278
vt 0.006966 0.740303
vt 0.526403 0.744048
vt 0.006966 0.744069
vt 0.526403 0.747818
vt 0.006966 0.747836
vt 0.526403 0.751589
vt 0.006966 0.751602
vt 0.526403 0.755359
vt 0.006966 0.755368
vt 0.526403 0.759129
vt 0.006966 0.759134
vt 0.526403 0.762900
vt 0.006966 0.762901
vt 0.526403 0.766670
vt 0.006966 0.766667
vt 0.526403 0.770440
vt 0.006966 0.770433
vt 0.526403 0.774210
vt 0.006966 0.774200
vt 0.526403 0.777981
vt 0.006966 0.777966
vt 0.527555 0.556389
vt 0.008119 0.556371
vt 0.008119 0.552601
vt 0.527555 0.552623
vt 0.008119 0.548830
vt 0.527555 0.548856
vt 0.008120 0.545060
vt 0.527556 0.545090
vt 0.008120 0.541290
vt 0.527556 0.541324
vt 0.527556 0.601585
vt 0.008119 0.601615
vt 0.008119 0.597845
vt 0.527556 0.597818
vt 0.008119 0.594074
vt 0.527555 0.594052
vt 0.008119 0.590304
vt 0.527555 0.590286
vt 0.008119 0.586534
vt 0.527555 0.586519
vt 0.008119 0.582763
vt 0.527555 0.582753
vt 0.008119 0.578993
vt 0.527555 0.578987
vt 0.008119 0.575222
vt 0.527555 0.575221
vt 0.008119 0.571452
vt 0.527555 0.571454
vt 0.008119 0.567682
vt 0.527555 0.567688
vt 0.008119 0.563912
vt 0.527555 0.563922
vt 0.008119 0.560141
vt 0.527555 0.560155
vt 0.526676 0.686568
vt 0.007239 0.686550
vt 0.007239 0.682780
vt 0.526676 0.682802
vt 0.007239 0.679010
vt 0.526676 0.679036
vt 0.007240 0.675239
vt 0.526676 0.675269
vt 0.007240 0.671469
vt 0.526676 0.671503
vt 0.526676 0.731764
vt 0.007239 0.731794
vt 0.007239 0.728024
vt 0.526676 0.727998
vt 0.007239 0.724253
vt 0.526676 0.724231
vt 0.007239 0.720483
vt 0.526676 0.720465
vt 0.007239 0.716713
vt 0.526676 0.716699
vt 0.007239 0.712942
vt 0.526675 0.712932
vt 0.007239 0.709172
vt 0.526675 0.709166
vt 0.007239 0.705402
vt 0.526675 0.705400
vt 0.007239 0.701631
vt 0.526675 0.701633
vt 0.007239 0.697861
vt 0.526675 0.697867
vt 0.007239 0.694091
vt 0.526675 0.694101
vt 0.007239 0.690320
vt 0.526675 0.690334
vt 0.007204 0.847463
vt 0.526641 0.847481
vt 0.526640 0.851251
vt 0.007204 0.851229
vt 0.526640 0.855021
vt 0.007204 0.854995
vt 0.526640 0.858792
vt 0.007203 0.858762
vt 0.526640 0.862562
vt 0.007203 0.862528
vt 0.007203 0.802267
vt 0.526640 0.802237
vt 0.526641 0.806008
vt 0.007203 0.806033
vt 0.526641 0.809778
vt 0.007204 0.809800
vt 0.526641 0.813548
vt 0.007204 0.813566
vt 0.526641 0.817319
vt 0.007204 0.817332
vt 0.526641 0.821089
vt 0.007204 0.821098
vt 0.526641 0.824859
vt 0.007204 0.824865
vt 0.526641 0.828629
vt 0.007204 0.828631
vt 0.526641 0.832400
vt 0.007204 0.832397
vt 0.526641 0.836170
vt 0.007204 0.836164
vt 0.526641 0.839940
vt 0.007204 0.839930
vt 0.526641 0.843711
vt 0.007204 0.843696
vt 0.763163 0.075364
vt 0.763163 0.081236
vt 0.771214 0.081236
vt 0.771214 0.075364
vt 0.779002 0.075364
vt 0.779002 0.081236
vt 0.786596 0.081236
vt 0.786596 0.075364
vt 0.794190 0.075364
vt 0.794190 0.081236
vt 0.801978 0.081236
vt 0.801978 0.075364
vt 0.810028 0.081236
vt 0.810028 0.075364
vt 0.771214 0.087108
vt 0.779002 0.087108
vt 0.786596 0.087108
vt 0.794190 0.087108
vt 0.801978 0.087108
vt 0.810028 0.087108
vt 0.763163 0.087108
vt 0.771214 0.092980
vt 0.779002 0.092980
vt 0.786596 0.092980
vt 0.794190 0.092980
vt 0.801978 0.092980
vt 0.810028 0.092980
vt 0.763163 0.092980
vt 0.763163 0.098852
vt 0.771214 0.098852
vt 0.779002 0.098852
vt 0.786596 0.098852
vt 0.794190 0.098852
vt 0.801978 0.098852
vt 0.810028 0.098852
vt 0.779002 0.004897
vt 0.779002 0.010769
vt 0.786596 0.010769
vt 0.786596 0.004897
vt 0.794190 0.004897
vt 0.794190 0.010769
vt 0.801978 0.010769
vt 0.801978 0.004897
vt 0.771214 0.004897
vt 0.771214 0.010769
vt 0.810028 0.010769
vt 0.810028 0.004897
vt 0.763163 0.004897
vt 0.763163 0.010769
vt 0.771214 0.016642
vt 0.779002 0.016642
vt 0.786596 0.016642
vt 0.794190 0.016642
vt 0.801978 0.016642
vt 0.810028 0.016642
vt 0.763163 0.016642
vt 0.786596 0.022514
vt 0.794190 0.022514
vt 0.801978 0.022514
vt 0.810028 0.022514
vt 0.763163 0.022514
vt 0.771214 0.022514
vt 0.779002 0.022514
vt 0.763163 0.028386
vt 0.771214 0.028386
vt 0.779002 0.028386
vt 0.786596 0.028386
vt 0.794190 0.028386
vt 0.801978 0.028386
vt 0.810028 0.028386
vt 0.794190 0.034258
vt 0.801978 0.034258
vt 0.771214 0.034258
vt 0.779002 0.034258
vt 0.786596 0.034258
vt 0.810028 0.034258
vt 0.763163 0.034258
vt 0.771214 0.040130
vt 0.779002 0.040130
vt 0.786596 0.040130
vt 0.794190 0.040130
vt 0.801978 0.040130
vt 0.810028 0.040130
vt 0.763163 0.040130
vt 0.801978 0.046002
vt 0.810028 0.046002
vt 0.763163 0.046002
vt 0.771214 0.046002
vt 0.779002 0.046002
vt 0.786596 0.046002
vt 0.794190 0.046002
vt 0.763163 0.051875
vt 0.771214 0.051875
vt 0.779002 0.051875
vt 0.786596 0.051875
vt 0.794190 0.051875
vt 0.801978 0.051875
vt 0.810028 0.051875
vt 0.771214 0.057747
vt 0.779002 0.057747
vt 0.786596 0.057747
vt 0.794190 0.057747
vt 0.801978 0.057747
vt 0.810028 0.057747
vt 0.763163 0.057747
vt 0.771214 0.063619
vt 0.779002 0.063619
vt 0.786596 0.063619
vt 0.794190 0.063619
vt 0.801978 0.063619
vt 0.810028 0.063619
vt 0.763163 0.063619
vt 0.763163 0.069491
vt 0.771214 0.069491
vt 0.779002 0.069491
vt 0.786596 0.069491
vt 0.794190 0.069491
vt 0.801978 0.069491
vt 0.810028 0.069491
vt 0.846129 0.069492
vt 0.846129 0.075365
vt 0.853917 0.075365
vt 0.853917 0.069492
vt 0.846129 0.081237
vt 0.853917 0.081237
vt 0.861968 0.081237
vt 0.861968 0.075365
vt 0.861968 0.069492
vt 0.853917 0.063620
vt 0.861968 0.063620
vt 0.846129 0.063620
vt 0.853917 0.057748
vt 0.861968 0.057748
vt 0.846129 0.057748
vt 0.853917 0.051876
vt 0.861968 0.051876
vt 0.846129 0.051876
vt 0.853917 0.046004
vt 0.861968 0.046004
vt 0.846129 0.046004
vt 0.853917 0.040131
vt 0.861968 0.040131
vt 0.846129 0.040131
vt 0.853917 0.034259
vt 0.861968 0.034259
vt 0.846129 0.034259
vt 0.853917 0.028387
vt 0.861968 0.028387
vt 0.846129 0.028387
vt 0.853917 0.022515
vt 0.861968 0.022515
vt 0.846129 0.022515
vt 0.853917 0.016642
vt 0.861968 0.016642
vt 0.846129 0.016642
vt 0.853917 0.010770
vt 0.861968 0.010770
vt 0.846129 0.010770
vt 0.853917 0.004898
vt 0.861968 0.004898
vt 0.846129 0.004898
vt 0.853917 0.092981
vt 0.853917 0.098854
vt 0.861968 0.098854
vt 0.861968 0.092981
vt 0.846129 0.092981
vt 0.846129 0.098854
vt 0.853917 0.087109
vt 0.861968 0.087109
vt 0.846129 0.087109
vt 0.838535 0.087109
vt 0.838535 0.092981
vt 0.838535 0.081237
vt 0.838535 0.075365
vt 0.830941 0.081237
vt 0.830941 0.087109
vt 0.830941 0.075365
vt 0.838535 0.069492
vt 0.830941 0.069492
vt 0.823153 0.075365
vt 0.823153 0.081237
vt 0.823153 0.069492
vt 0.830941 0.063620
vt 0.838535 0.063620
vt 0.823153 0.063620
vt 0.830941 0.057748
vt 0.838535 0.057748
vt 0.823153 0.057748
vt 0.830941 0.051876
vt 0.838535 0.051876
vt 0.823153 0.051876
vt 0.830941 0.046004
vt 0.838535 0.046004
vt 0.823153 0.046004
vt 0.830941 0.040131
vt 0.838535 0.040131
vt 0.823153 0.040131
vt 0.830941 0.034259
vt 0.838535 0.034259
vt 0.823153 0.034259
vt 0.830941 0.028387
vt 0.838535 0.028387
vt 0.823153 0.028387
vt 0.830941 0.022515
vt 0.838535 0.022515
vt 0.823153 0.022515
vt 0.830941 0.016642
vt 0.838535 0.016642
vt 0.823153 0.016642
vt 0.830941 0.010770
vt 0.838535 0.010770
vt 0.823153 0.010770
vt 0.830941 0.004898
vt 0.838535 0.004898
vt 0.823153 0.004898
vt 0.830941 0.092981
vt 0.830941 0.098854
vt 0.838535 0.098854
vt 0.823153 0.092981
vt 0.823153 0.098854
vt 0.823153 0.087109
vt 0.815102 0.087109
vt 0.815102 0.092981
vt 0.815102 0.081237
vt 0.815102 0.075365
vt 0.815102 0.069492
vt 0.815102 0.063620
vt 0.815102 0.057748
vt 0.815102 0.051876
vt 0.815102 0.046004
vt 0.815102 0.040131
vt 0.815102 0.034259
vt 0.815102 0.028387
vt 0.815102 0.022515
vt 0.815102 0.016642
vt 0.815102 0.010770
vt 0.815102 0.004898
vt 0.815102 0.098854
vt 0.794255 0.168503
vt 0.794255 0.174376
vt 0.802043 0.174376
vt 0.802043 0.168503
vt 0.794255 0.180248
vt 0.802043 0.180248
vt 0.810093 0.180248
vt 0.810093 0.174376
vt 0.810093 0.168503
vt 0.802043 0.162631
vt 0.810093 0.162631
vt 0.794255 0.162631
vt 0.802043 0.156759
vt 0.810093 0.156759
vt 0.794255 0.156759
vt 0.802043 0.150887
vt 0.810093 0.150887
vt 0.794255 0.150887
vt 0.802043 0.145015
vt 0.810093 0.145015
vt 0.794255 0.145015
vt 0.802043 0.139142
vt 0.810093 0.139142
vt 0.794255 0.139142
vt 0.802043 0.133270
vt 0.810093 0.133270
vt 0.794255 0.133270
vt 0.802043 0.127398
vt 0.810093 0.127398
vt 0.794255 0.127398
vt 0.802043 0.121526
vt 0.810093 0.121526
vt 0.794255 0.121526
vt 0.802043 0.115654
vt 0.810093 0.115654
vt 0.794255 0.115654
vt 0.802043 0.109781
vt 0.810093 0.109781
vt 0.794255 0.109781
vt 0.802043 0.103909
vt 0.810093 0.103909
vt 0.794255 0.103909
vt 0.802043 0.191992
vt 0.802043 0.197865
vt 0.810093 0.197865
vt 0.810093 0.191992
vt 0.794255 0.191992
vt 0.794255 0.197865
vt 0.802043 0.186120
vt 0.810093 0.186120
vt 0.794255 0.186120
vt 0.786661 0.186120
vt 0.786661 0.191992
vt 0.786661 0.180248
vt 0.786661 0.174376
vt 0.779066 0.180248
vt 0.779066 0.186120
vt 0.779066 0.174376
vt 0.786661 0.168503
vt 0.779066 0.168503
vt 0.771279 0.174376
vt 0.771279 0.180248
vt 0.771279 0.168503
vt 0.779066 0.162631
vt 0.786661 0.162631
vt 0.771279 0.162631
vt 0.779066 0.156759
vt 0.786661 0.156759
vt 0.771279 0.156759
vt 0.779066 0.150887
vt 0.786661 0.150887
vt 0.771279 0.150887
vt 0.779066 0.145015
vt 0.786661 0.145015
vt 0.771279 0.145015
vt 0.779066 0.139142
vt 0.786661 0.139142
vt 0.771279 0.139142
vt 0.779066 0.133270
vt 0.786661 0.133270
vt 0.771279 0.133270
vt 0.779066 0.127398
vt 0.786661 0.127398
vt 0.771279 0.127398
vt 0.779066 0.121526
vt 0.786661 0.121526
vt 0.771279 0.121526
vt 0.779066 0.115654
vt 0.786661 0.115654
vt 0.771279 0.115654
vt 0.779066 0.109781
vt 0.786661 0.109781
vt 0.771279 0.109781
vt 0.779066 0.103909
vt 0.786661 0.103909
vt 0.771279 0.103909
vt 0.779066 0.191992
vt 0.779066 0.197865
vt 0.786661 0.197865
vt 0.771279 0.191992
vt 0.771279 0.197865
vt 0.771279 0.186120
vt 0.763228 0.186120
vt 0.763228 0.191992
vt 0.763228 0.180248
vt 0.763228 0.174376
vt 0.763228 0.168503
vt 0.763228 0.162631
vt 0.763228 0.156759
vt 0.763228 0.150887
vt 0.763228 0.145015
vt 0.763228 0.139142
vt 0.763228 0.133270
vt 0.763228 0.127398
vt 0.763228 0.121526
vt 0.763228 0.115654
vt 0.763228 0.109781
vt 0.763228 0.103909
vt 0.763228 0.197865
vt 0.898068 0.069491
vt 0.898068 0.075364
vt 0.905856 0.075364
vt 0.905856 0.069491
vt 0.898068 0.081236
vt 0.905856 0.081236
vt 0.913907 0.081236
vt 0.913907 0.075364
vt 0.913907 0.069491
vt 0.905856 0.063619
vt 0.913907 0.063619
vt 0.898068 0.063619
vt 0.905856 0.057747
vt 0.913907 0.057747
vt 0.898068 0.057747
vt 0.905856 0.051875
vt 0.913907 0.051875
vt 0.898068 0.051875
vt 0.905856 0.046002
vt 0.913907 0.046002
vt 0.898068 0.046002
vt 0.905856 0.040130
vt 0.913907 0.040130
vt 0.898068 0.040130
vt 0.905856 0.034258
vt 0.913907 0.034258
vt 0.898068 0.034258
vt 0.905856 0.028386
vt 0.913907 0.028386
vt 0.898068 0.028386
vt 0.905856 0.022514
vt 0.913907 0.022514
vt 0.898068 0.022514
vt 0.905856 0.016641
vt 0.913907 0.016641
vt 0.898068 0.016641
vt 0.905856 0.010769
vt 0.913907 0.010769
vt 0.898068 0.010769
vt 0.905856 0.004897
vt 0.913907 0.004897
vt 0.898068 0.004897
vt 0.905856 0.092980
vt 0.905856 0.098852
vt 0.913907 0.098852
vt 0.913907 0.092980
vt 0.898068 0.092980
vt 0.898068 0.098852
vt 0.905856 0.087108
vt 0.913907 0.087108
vt 0.898068 0.087108
vt 0.890474 0.087108
vt 0.890474 0.092980
vt 0.890474 0.081236
vt 0.890474 0.075364
vt 0.882879 0.081236
vt 0.882879 0.087108
vt 0.882879 0.075364
vt 0.890474 0.069491
vt 0.882879 0.069491
vt 0.875092 0.075364
vt 0.875092 0.081236
vt 0.875092 0.069491
vt 0.882879 0.063619
vt 0.890474 0.063619
vt 0.875092 0.063619
vt 0.882879 0.057747
vt 0.890474 0.057747
vt 0.875092 0.057747
vt 0.882879 0.051875
vt 0.890474 0.051875
vt 0.875092 0.051875
vt 0.882879 0.046002
vt 0.890474 0.046002
vt 0.875092 0.046002
vt 0.882879 0.040130
vt 0.890474 0.040130
vt 0.875092 0.040130
vt 0.882879 0.034258
vt 0.890474 0.034258
vt 0.875092 0.034258
vt 0.882879 0.028386
vt 0.890474 0.028386
vt 0.875092 0.028386
vt 0.882879 0.022514
vt 0.890474 0.022514
vt 0.875092 0.022514
vt 0.882879 0.016641
vt 0.890474 0.016641
vt 0.875092 0.016641
vt 0.882879 0.010769
vt 0.890474 0.010769
vt 0.875092 0.010769
vt 0.882879 0.004897
vt 0.890474 0.004897
vt 0.875092 0.004897
vt 0.882879 0.092980
vt 0.882879 0.098852
vt 0.890474 0.098852
vt 0.875092 0.092980
vt 0.875092 0.098852
vt 0.875092 0.087108
vt 0.867041 0.087108
vt 0.867041 0.092980
vt 0.867041 0.081236
vt 0.867041 0.075364
vt 0.867041 0.069491
vt 0.867041 0.063619
vt 0.867041 0.057747
vt 0.867041 0.051875
vt 0.867041 0.046002
vt 0.867041 0.040130
vt 0.867041 0.034258
vt 0.867041 0.028386
vt 0.867041 0.022514
vt 0.867041 0.016641
vt 0.867041 0.010769
vt 0.867041 0.004897
vt 0.867041 0.098852
vt 0.742316 0.168505
vt 0.742316 0.174377
vt 0.750103 0.174377
vt 0.750103 0.168505
vt 0.742316 0.180249
vt 0.750103 0.180249
vt 0.758154 0.180249
vt 0.758154 0.174377
vt 0.758154 0.168505
vt 0.750103 0.162633
vt 0.758154 0.162633
vt 0.742316 0.162633
vt 0.750103 0.156761
vt 0.758154 0.156761
vt 0.742316 0.156761
vt 0.750103 0.150888
vt 0.758154 0.150888
vt 0.742316 0.150888
vt 0.750103 0.145016
vt 0.758154 0.145016
vt 0.742316 0.145016
vt 0.750103 0.139144
vt 0.758154 0.139144
vt 0.742316 0.139144
vt 0.750103 0.133272
vt 0.758154 0.133272
vt 0.742316 0.133272
vt 0.750103 0.127400
vt 0.758154 0.127400
vt 0.742316 0.127400
vt 0.750103 0.121527
vt 0.758154 0.121527
vt 0.742316 0.121527
vt 0.750103 0.115655
vt 0.758154 0.115655
vt 0.742316 0.115655
vt 0.750103 0.109783
vt 0.758154 0.109783
vt 0.742316 0.109783
vt 0.750103 0.103911
vt 0.758154 0.103911
vt 0.742316 0.103911
vt 0.750103 0.191994
vt 0.750103 0.197866
vt 0.758154 0.197866
vt 0.758154 0.191994
vt 0.742316 0.191994
vt 0.742316 0.197866
vt 0.750103 0.186122
vt 0.758154 0.186122
vt 0.742316 0.186122
vt 0.734722 0.186122
vt 0.734722 0.191994
vt 0.734722 0.180249
vt 0.734722 0.174377
vt 0.727128 0.180249
vt 0.727128 0.186122
vt 0.727128 0.174377
vt 0.734722 0.168505
vt 0.727128 0.168505
vt 0.719340 0.174377
vt 0.719340 0.180249
vt 0.719340 0.168505
vt 0.727128 0.162633
vt 0.734722 0.162633
vt 0.719340 0.162633
vt 0.727128 0.156761
vt 0.734722 0.156761
vt 0.719340 0.156761
vt 0.727128 0.150888
vt 0.734722 0.150888
vt 0.719340 0.150888
vt 0.727128 0.145016
vt 0.734722 0.145016
vt 0.719340 0.145016
vt 0.727128 0.139144
vt 0.734722 0.139144
vt 0.719340 0.139144
vt 0.727128 0.133272
vt 0.734722 0.133272
vt 0.719340 0.133272
vt 0.727128 0.127400
vt 0.734722 0.127400
vt 0.719340 0.127400
vt 0.727128 0.121527
vt 0.734722 0.121527
vt 0.719340 0.121527
vt 0.727128 0.115655
vt 0.734722 0.115655
vt 0.719340 0.115655
vt 0.727128 0.109783
vt 0.734722 0.109783
vt 0.719340 0.109783
vt 0.727128 0.103911
vt 0.734722 0.103911
vt 0.719340 0.103911
vt 0.727128 0.191994
vt 0.727128 0.197866
vt 0.734722 0.197866
vt 0.719340 0.191994
vt 0.719340 0.197866
vt 0.719340 0.186122
vt 0.711289 0.186122
vt 0.711289 0.191994
vt 0.711289 0.180249
vt 0.711289 0.174377
vt 0.711289 0.168505
vt 0.711289 0.162633
vt 0.711289 0.156761
vt 0.711289 0.150888
vt 0.711289 0.145016
vt 0.711289 0.139144
vt 0.711289 0.133272
vt 0.711289 0.127400
vt 0.711289 0.121527
vt 0.711289 0.115655
vt 0.711289 0.109783
vt 0.711289 0.103911
vt 0.711289 0.197866
vt 0.742251 0.069492
vt 0.742251 0.075365
vt 0.750039 0.075365
vt 0.750039 0.069492
vt 0.742251 0.081237
vt 0.750039 0.081237
vt 0.758090 0.081237
vt 0.758090 0.075365
vt 0.758090 0.069492
vt 0.750039 0.063620
vt 0.758090 0.063620
vt 0.742251 0.063620
vt 0.750039 0.057748
vt 0.758090 0.057748
vt 0.742251 0.057748
vt 0.750039 0.051876
vt 0.758090 0.051876
vt 0.742251 0.051876
vt 0.750039 0.046004
vt 0.758090 0.046004
vt 0.742251 0.046004
vt 0.750039 0.040131
vt 0.758090 0.040131
vt 0.742251 0.040131
vt 0.750039 0.034259
vt 0.758090 0.034259
vt 0.742251 0.034259
vt 0.750039 0.028387
vt 0.758090 0.028387
vt 0.742251 0.028387
vt 0.750039 0.022515
vt 0.758090 0.022515
vt 0.742251 0.022515
vt 0.750039 0.016642
vt 0.758090 0.016642
vt 0.742251 0.016642
vt 0.750039 0.010770
vt 0.758090 0.010770
vt 0.742251 0.010770
vt 0.750039 0.004898
vt 0.758090 0.004898
vt 0.742251 0.004898
vt 0.750039 0.092981
vt 0.750039 0.098854
vt 0.758090 0.098854
vt 0.758090 0.092981
vt 0.742251 0.092981
vt 0.742251 0.098854
vt 0.750039 0.087109
vt 0.758090 0.087109
vt 0.742251 0.087109
vt 0.734657 0.087109
vt 0.734657 0.092981
vt 0.734657 0.081237
vt 0.734657 0.075365
vt 0.727063 0.081237
vt 0.727063 0.087109
vt 0.727063 0.075365
vt 0.734657 0.069492
vt 0.727063 0.069492
vt 0.719275 0.075365
vt 0.719275 0.081237
vt 0.719275 0.069492
vt 0.727063 0.063620
vt 0.734657 0.063620
vt 0.719275 0.063620
vt 0.727063 0.057748
vt 0.734657 0.057748
vt 0.719275 0.057748
vt 0.727063 0.051876
vt 0.734657 0.051876
vt 0.719275 0.051876
vt 0.727063 0.046004
vt 0.734657 0.046004
vt 0.719275 0.046004
vt 0.727063 0.040131
vt 0.734657 0.040131
vt 0.719275 0.040131
vt 0.727063 0.034259
vt 0.734657 0.034259
vt 0.719275 0.034259
vt 0.727063 0.028387
vt 0.734657 0.028387
vt 0.719275 0.028387
vt 0.727063 0.022515
vt 0.734657 0.022515
vt 0.719275 0.022515
vt 0.727063 0.016642
vt 0.734657 0.016642
vt 0.719275 0.016642
vt 0.727063 0.010770
vt 0.734657 0.010770
vt 0.719275 0.010770
vt 0.727063 0.004898
vt 0.734657 0.004898
vt 0.719275 0.004898
vt 0.727063 0.092981
vt 0.727063 0.098854
vt 0.734657 0.098854
vt 0.719275 0.092981
vt 0.719275 0.098854
vt 0.719275 0.087109
vt 0.711224 0.087109
vt 0.711224 0.092981
vt 0.711224 0.081237
vt 0.711224 0.075365
vt 0.711224 0.069492
vt 0.711224 0.063620
vt 0.711224 0.057748
vt 0.711224 0.051876
vt 0.711224 0.046004
vt 0.711224 0.040131
vt 0.711224 0.034259
vt 0.711224 0.028387
vt 0.711224 0.022515
vt 0.711224 0.016642
vt 0.711224 0.010770
vt 0.711224 0.004898
vt 0.711224 0.098854
vt 0.846194 0.168507
vt 0.846194 0.174379
vt 0.853981 0.174379
vt 0.853981 0.168507
vt 0.846194 0.180252
vt 0.853981 0.180252
vt 0.862032 0.180252
vt 0.862032 0.174379
vt 0.862032 0.168507
vt 0.853981 0.162635
vt 0.862032 0.162635
vt 0.846194 0.162635
vt 0.853981 0.156763
vt 0.862032 0.156763
vt 0.846194 0.156763
vt 0.853981 0.150891
vt 0.862032 0.150891
vt 0.846194 0.150891
vt 0.853981 0.145018
vt 0.862032 0.145018
vt 0.846194 0.145018
vt 0.853981 0.139146
vt 0.862032 0.139146
vt 0.846194 0.139146
vt 0.853981 0.133274
vt 0.862032 0.133274
vt 0.846194 0.133274
vt 0.853981 0.127402
vt 0.862032 0.127402
vt 0.846194 0.127402
vt 0.853981 0.121529
vt 0.862032 0.121529
vt 0.846194 0.121529
vt 0.853981 0.115657
vt 0.862032 0.115657
vt 0.846194 0.115657
vt 0.853981 0.109785
vt 0.862032 0.109785
vt 0.846194 0.109785
vt 0.853981 0.103913
vt 0.862032 0.103913
vt 0.846194 0.103913
vt 0.853981 0.191996
vt 0.853981 0.197868
vt 0.862032 0.197868
vt 0.862032 0.191996
vt 0.846194 0.191996
vt 0.846194 0.197868
vt 0.853981 0.186124
vt 0.862032 0.186124
vt 0.846194 0.186124
vt 0.838600 0.186124
vt 0.838600 0.191996
vt 0.838600 0.180252
vt 0.838600 0.174379
vt 0.831005 0.180252
vt 0.831005 0.186124
vt 0.831005 0.174379
vt 0.838600 0.168507
vt 0.831005 0.168507
vt 0.823218 0.174379
vt 0.823218 0.180252
vt 0.823218 0.168507
vt 0.831005 0.162635
vt 0.838600 0.162635
vt 0.823218 0.162635
vt 0.831005 0.156763
vt 0.838600 0.156763
vt 0.823218 0.156763
vt 0.831005 0.150891
vt 0.838600 0.150891
vt 0.823218 0.150891
vt 0.831005 0.145018
vt 0.838600 0.145018
vt 0.823218 0.145018
vt 0.831005 0.139146
vt 0.838600 0.139146
vt 0.823218 0.139146
vt 0.831005 0.133274
vt 0.838600 0.133274
vt 0.823218 0.133274
vt 0.831005 0.127402
vt 0.838600 0.127402
vt 0.823218 0.127402
vt 0.831005 0.121529
vt 0.838600 0.121529
vt 0.823218 0.121529
vt 0.831005 0.115657
vt 0.838600 0.115657
vt 0.823218 0.115657
vt 0.831005 0.109785
vt 0.838600 0.109785
vt 0.823218 0.109785
vt 0.831005 0.103913
vt 0.838600 0.103913
vt 0.823218 0.103913
vt 0.831005 0.191996
vt 0.831005 0.197868
vt 0.838600 0.197868
vt 0.823218 0.191996
vt 0.823218 0.197868
vt 0.823218 0.186124
vt 0.815167 0.186124
vt 0.815167 0.191996
vt 0.815167 0.180252
vt 0.815167 0.174379
vt 0.815167 0.168507
vt 0.815167 0.162635
vt 0.815167 0.156763
vt 0.815167 0.150891
vt 0.815167 0.145018
vt 0.815167 0.139146
vt 0.815167 0.133274
vt 0.815167 0.127402
vt 0.815167 0.121529
vt 0.815167 0.115657
vt 0.815167 0.109785
vt 0.815167 0.103913
vt 0.815167 0.197868
vt 0.950007 0.069491
vt 0.950007 0.075363
vt 0.957795 0.075363
vt 0.957795 0.069491
vt 0.950007 0.081235
vt 0.957795 0.081235
vt 0.965845 0.081235
vt 0.965845 0.075363
vt 0.965845 0.069491
vt 0.957795 0.063619
vt 0.965845 0.063619
vt 0.950007 0.063619
vt 0.957795 0.057746
vt 0.965845 0.057746
vt 0.950007 0.057746
vt 0.957795 0.051874
vt 0.965845 0.051874
vt 0.950007 0.051874
vt 0.957795 0.046002
vt 0.965845 0.046002
vt 0.950007 0.046002
vt 0.957795 0.040130
vt 0.965845 0.040130
vt 0.950007 0.040130
vt 0.957795 0.034257
vt 0.965845 0.034257
vt 0.950007 0.034257
vt 0.957795 0.028385
vt 0.965845 0.028385
vt 0.950007 0.028385
vt 0.957795 0.022513
vt 0.965845 0.022513
vt 0.950007 0.022513
vt 0.957795 0.016641
vt 0.965845 0.016641
vt 0.950007 0.016641
vt 0.957795 0.010769
vt 0.965845 0.010769
vt 0.950007 0.010769
vt 0.957795 0.004896
vt 0.965845 0.004896
vt 0.950007 0.004896
vt 0.957795 0.092979
vt 0.957795 0.098852
vt 0.965845 0.098852
vt 0.965845 0.092979
vt 0.950007 0.092979
vt 0.950007 0.098852
vt 0.957795 0.087107
vt 0.965845 0.087107
vt 0.950007 0.087107
vt 0.942413 0.087107
vt 0.942413 0.092979
vt 0.942413 0.081235
vt 0.942413 0.075363
vt 0.934819 0.081235
vt 0.934819 0.087107
vt 0.934819 0.075363
vt 0.942413 0.069491
vt 0.934819 0.069491
vt 0.927031 0.075363
vt 0.927031 0.081235
vt 0.927031 0.069491
vt 0.934819 0.063619
vt 0.942413 0.063619
vt 0.927031 0.063619
vt 0.934819 0.057746
vt 0.942413 0.057746
vt 0.927031 0.057746
vt 0.934819 0.051874
vt 0.942413 0.051874
vt 0.927031 0.051874
vt 0.934819 0.046002
vt 0.942413 0.046002
vt 0.927031 0.046002
vt 0.934819 0.040130
vt 0.942413 0.040130
vt 0.927031 0.040130
vt 0.934819 0.034257
vt 0.942413 0.034257
vt 0.927031 0.034257
vt 0.934819 0.028385
vt 0.942413 0.028385
vt 0.927031 0.028385
vt 0.934819 0.022513
vt 0.942413 0.022513
vt 0.927031 0.022513
vt 0.934819 0.016641
vt 0.942413 0.016641
vt 0.927031 0.016641
vt 0.934819 0.010769
vt 0.942413 0.010769
vt 0.927031 0.010769
vt 0.934819 0.004896
vt 0.942413 0.004896
vt 0.927031 0.004896
vt 0.934819 0.092979
vt 0.934819 0.098852
vt 0.942413 0.098852
vt 0.927031 0.092979
vt 0.927031 0.098852
vt 0.927031 0.087107
vt 0.918980 0.087107
vt 0.918980 0.092979
vt 0.918980 0.081235
vt 0.918980 0.075363
vt 0.918980 0.069491
vt 0.918980 0.063619
vt 0.918980 0.057746
vt 0.918980 0.051874
vt 0.918980 0.046002
vt 0.918980 0.040130
vt 0.918980 0.034257
vt 0.918980 0.028385
vt 0.918980 0.022513
vt 0.918980 0.016641
vt 0.918980 0.010769
vt 0.918980 0.004896
vt 0.918980 0.098852
vt 0.898133 0.168503
vt 0.898133 0.174376
vt 0.905921 0.174376
vt 0.905921 0.168503
vt 0.898133 0.180248
vt 0.905921 0.180248
vt 0.913971 0.180248
vt 0.913971 0.174376
vt 0.913971 0.168503
vt 0.905921 0.162631
vt 0.913971 0.162631
vt 0.898133 0.162631
vt 0.905921 0.156759
vt 0.913971 0.156759
vt 0.898133 0.156759
vt 0.905921 0.150887
vt 0.913971 0.150887
vt 0.898133 0.150887
vt 0.905921 0.145015
vt 0.913971 0.145015
vt 0.898133 0.145015
vt 0.905921 0.139142
vt 0.913971 0.139142
vt 0.898133 0.139142
vt 0.905921 0.133270
vt 0.913971 0.133270
vt 0.898133 0.133270
vt 0.905921 0.127398
vt 0.913971 0.127398
vt 0.898133 0.127398
vt 0.905921 0.121526
vt 0.913971 0.121526
vt 0.898133 0.121526
vt 0.905921 0.115654
vt 0.913971 0.115654
vt 0.898133 0.115654
vt 0.905921 0.109781
vt 0.913971 0.109781
vt 0.898133 0.109781
vt 0.905921 0.103909
vt 0.913971 0.103909
vt 0.898133 0.103909
vt 0.905921 0.191992
vt 0.905921 0.197865
vt 0.913971 0.197865
vt 0.913971 0.191992
vt 0.898133 0.191992
vt 0.898133 0.197865
vt 0.905921 0.186120
vt 0.913971 0.186120
vt 0.898133 0.186120
vt 0.890539 0.186120
vt 0.890539 0.191992
vt 0.890539 0.180248
vt 0.890539 0.174376
vt 0.882944 0.180248
vt 0.882944 0.186120
vt 0.882944 0.174376
vt 0.890539 0.168503
vt 0.882944 0.168503
vt 0.875157 0.174376
vt 0.875157 0.180248
vt 0.875157 0.168503
vt 0.882944 0.162631
vt 0.890539 0.162631
vt 0.875157 0.162631
vt 0.882944 0.156759
vt 0.890539 0.156759
vt 0.875157 0.156759
vt 0.882944 0.150887
vt 0.890539 0.150887
vt 0.875157 0.150887
vt 0.882944 0.145015
vt 0.890539 0.145015
vt 0.875157 0.145015
vt 0.882944 0.139142
vt 0.890539 0.139142
vt 0.875157 0.139142
vt 0.882944 0.133270
vt 0.890539 0.133270
vt 0.875157 0.133270
vt 0.882944 0.127398
vt 0.890539 0.127398
vt 0.875157 0.127398
vt 0.882944 0.121526
vt 0.890539 0.121526
vt 0.875157 0.121526
vt 0.882944 0.115654
vt 0.890539 0.115654
vt 0.875157 0.115654
vt 0.882944 0.109781
vt 0.890539 0.109781
vt 0.875157 0.109781
vt 0.882944 0.103909
vt 0.890539 0.103909
vt 0.875157 0.103909
vt 0.882944 0.191992
vt 0.882944 0.197865
vt 0.890539 0.197865
vt 0.875157 0.191992
vt 0.875157 0.197865
vt 0.875157 0.186120
vt 0.867106 0.186120
vt 0.867106 0.191992
vt 0.867106 0.180248
vt 0.867106 0.174376
vt 0.867106 0.168503
vt 0.867106 0.162631
vt 0.867106 0.156759
vt 0.867106 0.150887
vt 0.867106 0.145015
vt 0.867106 0.139142
vt 0.867106 0.133270
vt 0.867106 0.127398
vt 0.867106 0.121526
vt 0.867106 0.115654
vt 0.867106 0.109781
vt 0.867106 0.103909
vt 0.867106 0.197865
vt 0.950072 0.168506
vt 0.950072 0.174378
vt 0.957859 0.174378
vt 0.957859 0.168506
vt 0.950072 0.180250
vt 0.957859 0.180250
vt 0.965910 0.180250
vt 0.965910 0.174378
vt 0.965910 0.168506
vt 0.957859 0.162633
vt 0.965910 0.162633
vt 0.950072 0.162633
vt 0.957859 0.156761
vt 0.965910 0.156761
vt 0.950072 0.156761
vt 0.957859 0.150889
vt 0.965910 0.150889
vt 0.950072 0.150889
vt 0.957859 0.145017
vt 0.965910 0.145017
vt 0.950072 0.145017
vt 0.957859 0.139144
vt 0.965910 0.139144
vt 0.950072 0.139144
vt 0.957859 0.133272
vt 0.965910 0.133272
vt 0.950072 0.133272
vt 0.957859 0.127400
vt 0.965910 0.127400
vt 0.950072 0.127400
vt 0.957859 0.121528
vt 0.965910 0.121528
vt 0.950072 0.121528
vt 0.957859 0.115656
vt 0.965910 0.115656
vt 0.950072 0.115656
vt 0.957859 0.109783
vt 0.965910 0.109783
vt 0.950072 0.109783
vt 0.957859 0.103911
vt 0.965910 0.103911
vt 0.950072 0.103911
vt 0.957859 0.191994
vt 0.957859 0.197867
vt 0.965910 0.197867
vt 0.965910 0.191994
vt 0.950072 0.191994
vt 0.950072 0.197867
vt 0.957859 0.186122
vt 0.965910 0.186122
vt 0.950072 0.186122
vt 0.942477 0.186122
vt 0.942477 0.191994
vt 0.942477 0.180250
vt 0.942477 0.174378
vt 0.934883 0.180250
vt 0.934883 0.186122
vt 0.934883 0.174378
vt 0.942477 0.168506
vt 0.934883 0.168506
vt 0.927096 0.174378
vt 0.927096 0.180250
vt 0.927096 0.168506
vt 0.934883 0.162633
vt 0.942477 0.162633
vt 0.927096 0.162633
vt 0.934883 0.156761
vt 0.942477 0.156761
vt 0.927096 0.156761
vt 0.934883 0.150889
vt 0.942477 0.150889
vt 0.927096 0.150889
vt 0.934883 0.145017
vt 0.942477 0.145017
vt 0.927096 0.145017
vt 0.934883 0.139144
vt 0.942477 0.139144
vt 0.927096 0.139144
vt 0.934883 0.133272
vt 0.942477 0.133272
vt 0.927096 0.133272
vt 0.934883 0.127400
vt 0.942477 0.127400
vt 0.927096 0.127400
vt 0.934883 0.121528
vt 0.942477 0.121528
vt 0.927096 0.121528
vt 0.934883 0.115656
vt 0.942477 0.115656
vt 0.927096 0.115656
vt 0.934883 0.109783
vt 0.942477 0.109783
vt 0.927096 0.109783
vt 0.934883 0.103911
vt 0.942477 0.103911
vt 0.927096 0.103911
vt 0.934883 0.191994
vt 0.934883 0.197867
vt 0.942477 0.197867
vt 0.927096 0.191994
vt 0.927096 0.197867
vt 0.927096 0.186122
vt 0.919045 0.186122
vt 0.919045 0.191994
vt 0.919045 0.180250
vt 0.919045 0.174378
vt 0.919045 0.168506
vt 0.919045 0.162633
vt 0.919045 0.156761
vt 0.919045 0.150889
vt 0.919045 0.145017
vt 0.919045 0.139144
vt 0.919045 0.133272
vt 0.919045 0.127400
vt 0.919045 0.121528
vt 0.919045 0.115656
vt 0.919045 0.109783
vt 0.919045 0.103911
vt 0.919045 0.197867
vt 0.898121 0.962047
vt 0.898121 0.967919
vt 0.905908 0.967919
vt 0.905908 0.962047
vt 0.898121 0.973791
vt 0.905908 0.973791
vt 0.913959 0.973791
vt 0.913959 0.967919
vt 0.913959 0.962047
vt 0.905908 0.956175
vt 0.913959 0.956175
vt 0.898121 0.956175
vt 0.905908 0.950302
vt 0.913959 0.950302
vt 0.898121 0.950302
vt 0.905908 0.944430
vt 0.913959 0.944430
vt 0.898121 0.944430
vt 0.905908 0.938558
vt 0.913959 0.938558
vt 0.898121 0.938558
vt 0.905908 0.932686
vt 0.913959 0.932686
vt 0.898121 0.932686
vt 0.905908 0.926814
vt 0.913959 0.926814
vt 0.898121 0.926814
vt 0.905908 0.920941
vt 0.913959 0.920941
vt 0.898121 0.920941
vt 0.905908 0.915069
vt 0.913959 0.915069
vt 0.898121 0.915069
vt 0.905908 0.909197
vt 0.913959 0.909197
vt 0.898121 0.909197
vt 0.905908 0.903325
vt 0.913959 0.903325
vt 0.898121 0.903325
vt 0.905908 0.897452
vt 0.913959 0.897452
vt 0.898121 0.897452
vt 0.905908 0.985536
vt 0.905908 0.991408
vt 0.913959 0.991408
vt 0.913959 0.985536
vt 0.898121 0.985536
vt 0.898121 0.991408
vt 0.905908 0.979663
vt 0.913959 0.979663
vt 0.898121 0.979663
vt 0.890526 0.979663
vt 0.890526 0.985536
vt 0.890526 0.973791
vt 0.890526 0.967919
vt 0.882932 0.973791
vt 0.882932 0.979663
vt 0.882932 0.967919
vt 0.890526 0.962047
vt 0.882932 0.962047
vt 0.875144 0.967919
vt 0.875144 0.973791
vt 0.875144 0.962047
vt 0.882932 0.956175
vt 0.890526 0.956175
vt 0.875144 0.956175
vt 0.882932 0.950302
vt 0.890526 0.950302
vt 0.875145 0.950302
vt 0.882932 0.944430
vt 0.890526 0.944430
vt 0.875145 0.944430
vt 0.882932 0.938558
vt 0.890526 0.938558
vt 0.875145 0.938558
vt 0.882932 0.932686
vt 0.890526 0.932686
vt 0.875145 0.932686
vt 0.882932 0.926814
vt 0.890526 0.926814
vt 0.875145 0.926814
vt 0.882932 0.920941
vt 0.890526 0.920941
vt 0.875145 0.920941
vt 0.882932 0.915069
vt 0.890526 0.915069
vt 0.875145 0.915069
vt 0.882932 0.909197
vt 0.890526 0.909197
vt 0.875145 0.909197
vt 0.882932 0.903325
vt 0.890526 0.903325
vt 0.875145 0.903325
vt 0.882932 0.897452
vt 0.890526 0.897452
vt 0.875145 0.897452
vt 0.882932 0.985536
vt 0.882932 0.991408
vt 0.890526 0.991408
vt 0.875144 0.985536
vt 0.875144 0.991408
vt 0.875144 0.979663
vt 0.867094 0.979663
vt 0.867094 0.985536
vt 0.867094 0.973791
vt 0.867094 0.967919
vt 0.867094 0.962047
vt 0.867094 0.956175
vt 0.867094 0.950302
vt 0.867094 0.944430
vt 0.867094 0.938558
vt 0.867094 0.932686
vt 0.867094 0.926814
vt 0.867094 0.920941
vt 0.867094 0.915069
vt 0.867094 0.909197
vt 0.867094 0.903325
vt 0.867094 0.897452
vt 0.867094 0.991408
vt 0.950060 0.962048
vt 0.950060 0.967921
vt 0.957847 0.967921
vt 0.957847 0.962048
vt 0.950060 0.973793
vt 0.957847 0.973793
vt 0.965898 0.973793
vt 0.965898 0.967921
vt 0.965898 0.962048
vt 0.957847 0.956176
vt 0.965898 0.956176
vt 0.950060 0.956176
vt 0.957847 0.950304
vt 0.965898 0.950304
vt 0.950060 0.950304
vt 0.957847 0.944432
vt 0.965898 0.944432
vt 0.950060 0.944432
vt 0.957847 0.938560
vt 0.965898 0.938560
vt 0.950060 0.938560
vt 0.957847 0.932687
vt 0.965898 0.932687
vt 0.950060 0.932687
vt 0.957847 0.926815
vt 0.965898 0.926815
vt 0.950060 0.926815
vt 0.957847 0.920943
vt 0.965898 0.920943
vt 0.950060 0.920943
vt 0.957847 0.915071
vt 0.965898 0.915071
vt 0.950060 0.915071
vt 0.957847 0.909199
vt 0.965898 0.909199
vt 0.950060 0.909199
vt 0.957847 0.903326
vt 0.965898 0.903326
vt 0.950060 0.903326
vt 0.957847 0.897454
vt 0.965898 0.897454
vt 0.950060 0.897454
vt 0.957847 0.985537
vt 0.957847 0.991409
vt 0.965898 0.991409
vt 0.965898 0.985537
vt 0.950060 0.985537
vt 0.950060 0.991409
vt 0.957847 0.979665
vt 0.965898 0.979665
vt 0.950060 0.979665
vt 0.942465 0.979665
vt 0.942465 0.985537
vt 0.942465 0.973793
vt 0.942465 0.967921
vt 0.934871 0.973793
vt 0.934871 0.979665
vt 0.934871 0.967921
vt 0.942465 0.962048
vt 0.934871 0.962048
vt 0.927083 0.967921
vt 0.927083 0.973793
vt 0.927083 0.962048
vt 0.934871 0.956176
vt 0.942465 0.956176
vt 0.927083 0.956176
vt 0.934871 0.950304
vt 0.942465 0.950304
vt 0.927083 0.950304
vt 0.934871 0.944432
vt 0.942465 0.944432
vt 0.927083 0.944432
vt 0.934871 0.938560
vt 0.942465 0.938560
vt 0.927083 0.938560
vt 0.934871 0.932687
vt 0.942465 0.932687
vt 0.927083 0.932687
vt 0.934871 0.926815
vt 0.942465 0.926815
vt 0.927083 0.926815
vt 0.934871 0.920943
vt 0.942465 0.920943
vt 0.927083 0.920943
vt 0.934871 0.915071
vt 0.942465 0.915071
vt 0.927083 0.915071
vt 0.934871 0.909199
vt 0.942465 0.909199
vt 0.927083 0.909199
vt 0.934871 0.903326
vt 0.942465 0.903326
vt 0.927083 0.903326
vt 0.934871 0.897454
vt 0.942465 0.897454
vt 0.927083 0.897454
vt 0.934871 0.985537
vt 0.934871 0.991409
vt 0.942465 0.991409
vt 0.927083 0.985537
vt 0.927083 0.991409
vt 0.927083 0.979665
vt 0.919033 0.979665
vt 0.919033 0.985537
vt 0.919033 0.973793
vt 0.919033 0.967921
vt 0.919033 0.962048
vt 0.919033 0.956176
vt 0.919033 0.950304
vt 0.919033 0.944432
vt 0.919033 0.938560
vt 0.919033 0.932687
vt 0.919033 0.926815
vt 0.919033 0.920943
vt 0.919033 0.915071
vt 0.919033 0.909199
vt 0.919033 0.903326
vt 0.919033 0.897454
vt 0.919033 0.991409
vt 0.742304 0.962048
vt 0.742304 0.967921
vt 0.750091 0.967921
vt 0.750091 0.962048
vt 0.742304 0.973793
vt 0.750091 0.973793
vt 0.758142 0.973793
vt 0.758142 0.967921
vt 0.758142 0.962048
vt 0.750091 0.956176
vt 0.758142 0.956176
vt 0.742304 0.956176
vt 0.750091 0.950304
vt 0.758142 0.950304
vt 0.742304 0.950304
vt 0.750091 0.944432
vt 0.758142 0.944432
vt 0.742304 0.944432
vt 0.750091 0.938560
vt 0.758142 0.938560
vt 0.742304 0.938560
vt 0.750091 0.932687
vt 0.758142 0.932687
vt 0.742304 0.932687
vt 0.750091 0.926815
vt 0.758142 0.926815
vt 0.742304 0.926815
vt 0.750091 0.920943
vt 0.758142 0.920943
vt 0.742304 0.920943
vt 0.750091 0.915071
vt 0.758142 0.915071
vt 0.742304 0.915071
vt 0.750091 0.909199
vt 0.758142 0.909199
vt 0.742304 0.909199
vt 0.750091 0.903326
vt 0.758142 0.903326
vt 0.742304 0.903326
vt 0.750091 0.897454
vt 0.758142 0.897454
vt 0.742304 0.897454
vt 0.750091 0.985537
vt 0.750091 0.991409
vt 0.758142 0.991409
vt 0.758142 0.985537
vt 0.742304 0.985537
vt 0.742304 0.991409
vt 0.750091 0.979665
vt 0.758142 0.979665
vt 0.742304 0.979665
vt 0.734709 0.979665
vt 0.734709 0.985537
vt 0.734709 0.973793
vt 0.734709 0.967921
vt 0.727115 0.973793
vt 0.727115 0.979665
vt 0.727115 0.967921
vt 0.734709 0.962048
vt 0.727115 0.962048
vt 0.719328 0.967921
vt 0.719328 0.973793
vt 0.719328 0.962048
vt 0.727115 0.956176
vt 0.734709 0.956176
vt 0.719328 0.956176
vt 0.727115 0.950304
vt 0.734709 0.950304
vt 0.719328 0.950304
vt 0.727115 0.944432
vt 0.734709 0.944432
vt 0.719328 0.944432
vt 0.727115 0.938560
vt 0.734709 0.938560
vt 0.719328 0.938560
vt 0.727115 0.932687
vt 0.734709 0.932687
vt 0.719328 0.932687
vt 0.727115 0.926815
vt 0.734709 0.926815
vt 0.719328 0.926815
vt 0.727115 0.920943
vt 0.734709 0.920943
vt 0.719328 0.920943
vt 0.727115 0.915071
vt 0.734709 0.915071
vt 0.719328 0.915071
vt 0.727115 0.909199
vt 0.734709 0.909199
vt 0.719328 0.909199
vt 0.727115 0.903326
vt 0.734709 0.903326
vt 0.719328 0.903326
vt 0.727115 0.897454
vt 0.734709 0.897454
vt 0.719328 0.897454
vt 0.727115 0.985537
vt 0.727115 0.991409
vt 0.734709 0.991409
vt 0.719328 0.985537
vt 0.719328 0.991409
vt 0.719328 0.979665
vt 0.711277 0.979665
vt 0.711277 0.985537
vt 0.711277 0.973793
vt 0.711277 0.967921
vt 0.711277 0.962048
vt 0.711277 0.956176
vt 0.711277 0.950304
vt 0.711277 0.944432
vt 0.711277 0.938560
vt 0.711277 0.932687
vt 0.711277 0.926815
vt 0.711277 0.920943
vt 0.711277 0.915071
vt 0.711277 0.909199
vt 0.711277 0.903326
vt 0.711277 0.897454
vt 0.711277 0.991409
vt 0.846367 0.863772
vt 0.846367 0.869644
vt 0.854154 0.869644
vt 0.854154 0.863772
vt 0.846367 0.875516
vt 0.854154 0.875516
vt 0.862205 0.875516
vt 0.862205 0.869644
vt 0.862205 0.863772
vt 0.854154 0.857900
vt 0.862205 0.857900
vt 0.846367 0.857900
vt 0.854154 0.852027
vt 0.862205 0.852027
vt 0.846367 0.852027
vt 0.854154 0.846155
vt 0.862205 0.846155
vt 0.846367 0.846155
vt 0.854154 0.840283
vt 0.862205 0.840283
vt 0.846367 0.840283
vt 0.854154 0.834411
vt 0.862205 0.834411
vt 0.846367 0.834411
vt 0.854154 0.828539
vt 0.862205 0.828539
vt 0.846367 0.828539
vt 0.854154 0.822666
vt 0.862205 0.822666
vt 0.846367 0.822666
vt 0.854154 0.816794
vt 0.862205 0.816794
vt 0.846367 0.816794
vt 0.854154 0.810922
vt 0.862205 0.810922
vt 0.846367 0.810922
vt 0.854154 0.805050
vt 0.862205 0.805050
vt 0.846367 0.805050
vt 0.854154 0.799178
vt 0.862205 0.799178
vt 0.846367 0.799178
vt 0.854154 0.887261
vt 0.854154 0.893133
vt 0.862205 0.893133
vt 0.862205 0.887261
vt 0.846367 0.887261
vt 0.846367 0.893133
vt 0.854154 0.881389
vt 0.862205 0.881389
vt 0.846367 0.881389
vt 0.838772 0.881389
vt 0.838772 0.887261
vt 0.838772 0.875516
vt 0.838772 0.869644
vt 0.831178 0.875516
vt 0.831178 0.881389
vt 0.831178 0.869644
vt 0.838772 0.863772
vt 0.831178 0.863772
vt 0.823390 0.869644
vt 0.823390 0.875516
vt 0.823390 0.863772
vt 0.831178 0.857900
vt 0.838772 0.857900
vt 0.823390 0.857900
vt 0.831178 0.852027
vt 0.838772 0.852027
vt 0.823390 0.852027
vt 0.831178 0.846155
vt 0.838772 0.846155
vt 0.823390 0.846155
vt 0.831178 0.840283
vt 0.838772 0.840283
vt 0.823390 0.840283
vt 0.831178 0.834411
vt 0.838772 0.834411
vt 0.823390 0.834411
vt 0.831178 0.828539
vt 0.838772 0.828539
vt 0.823390 0.828539
vt 0.831178 0.822666
vt 0.838772 0.822666
vt 0.823390 0.822666
vt 0.831178 0.816794
vt 0.838772 0.816794
vt 0.823390 0.816794
vt 0.831178 0.810922
vt 0.838772 0.810922
vt 0.823390 0.810922
vt 0.831178 0.805050
vt 0.838772 0.805050
vt 0.823390 0.805050
vt 0.831178 0.799178
vt 0.838772 0.799178
vt 0.823390 0.799178
vt 0.831178 0.887261
vt 0.831178 0.893133
vt 0.838772 0.893133
vt 0.823390 0.887261
vt 0.823390 0.893133
vt 0.823390 0.881389
vt 0.815340 0.881389
vt 0.815340 0.887261
vt 0.815340 0.875516
vt 0.815340 0.869644
vt 0.815340 0.863772
vt 0.815340 0.857900
vt 0.815340 0.852027
vt 0.815340 0.846155
vt 0.815340 0.840283
vt 0.815340 0.834411
vt 0.815340 0.828539
vt 0.815340 0.822666
vt 0.815340 0.816794
vt 0.815340 0.810922
vt 0.815340 0.805050
vt 0.815340 0.799178
vt 0.815340 0.893133
vt 0.742489 0.863776
vt 0.742489 0.869648
vt 0.750276 0.869648
vt 0.750276 0.863776
vt 0.742489 0.875520
vt 0.750276 0.875520
vt 0.758327 0.875520
vt 0.758327 0.869648
vt 0.758327 0.863776
vt 0.750276 0.857903
vt 0.758327 0.857903
vt 0.742489 0.857903
vt 0.750276 0.852031
vt 0.758327 0.852031
vt 0.742489 0.852031
vt 0.750276 0.846159
vt 0.758327 0.846159
vt 0.742489 0.846159
vt 0.750276 0.840287
vt 0.758327 0.840287
vt 0.742489 0.840287
vt 0.750276 0.834415
vt 0.758327 0.834415
vt 0.742489 0.834415
vt 0.750276 0.828542
vt 0.758327 0.828542
vt 0.742489 0.828542
vt 0.750276 0.822670
vt 0.758327 0.822670
vt 0.742489 0.822670
vt 0.750276 0.816798
vt 0.758327 0.816798
vt 0.742489 0.816798
vt 0.750276 0.810926
vt 0.758327 0.810926
vt 0.742489 0.810926
vt 0.750276 0.805053
vt 0.758327 0.805053
vt 0.742489 0.805053
vt 0.750276 0.799181
vt 0.758327 0.799181
vt 0.742489 0.799181
vt 0.750276 0.887264
vt 0.750276 0.893137
vt 0.758327 0.893137
vt 0.758327 0.887264
vt 0.742489 0.887264
vt 0.742489 0.893137
vt 0.750276 0.881392
vt 0.758327 0.881392
vt 0.742489 0.881392
vt 0.734894 0.881392
vt 0.734894 0.887264
vt 0.734894 0.875520
vt 0.734894 0.869648
vt 0.727300 0.875520
vt 0.727300 0.881392
vt 0.727300 0.869648
vt 0.734894 0.863776
vt 0.727300 0.863776
vt 0.719512 0.869648
vt 0.719512 0.875520
vt 0.719512 0.863776
vt 0.727300 0.857903
vt 0.734894 0.857903
vt 0.719512 0.857903
vt 0.727300 0.852031
vt 0.734894 0.852031
vt 0.719512 0.852031
vt 0.727300 0.846159
vt 0.734894 0.846159
vt 0.719512 0.846159
vt 0.727300 0.840287
vt 0.734894 0.840287
vt 0.719512 0.840287
vt 0.727300 0.834415
vt 0.734894 0.834415
vt 0.719512 0.834415
vt 0.727300 0.828542
vt 0.734894 0.828542
vt 0.719512 0.828542
vt 0.727300 0.822670
vt 0.734894 0.822670
vt 0.719512 0.822670
vt 0.727300 0.816798
vt 0.734894 0.816798
vt 0.719512 0.816798
vt 0.727300 0.810926
vt 0.734894 0.810926
vt 0.719512 0.810926
vt 0.727300 0.805053
vt 0.734894 0.805053
vt 0.719512 0.805053
vt 0.727300 0.799181
vt 0.734894 0.799181
vt 0.719512 0.799181
vt 0.727300 0.887264
vt 0.727300 0.893137
vt 0.734894 0.893137
vt 0.719512 0.887264
vt 0.719512 0.893137
vt 0.719512 0.881392
vt 0.711462 0.881392
vt 0.711462 0.887264
vt 0.711462 0.875520
vt 0.711462 0.869648
vt 0.711462 0.863776
vt 0.711462 0.857903
vt 0.711462 0.852031
vt 0.711462 0.846159
vt 0.711462 0.840287
vt 0.711462 0.834415
vt 0.711462 0.828542
vt 0.711462 0.822670
vt 0.711462 0.816798
vt 0.711462 0.810926
vt 0.711462 0.805053
vt 0.711462 0.799181
vt 0.711462 0.893137
vt 0.898305 0.863774
vt 0.898305 0.869646
vt 0.906093 0.869646
vt 0.906093 0.863774
vt 0.898305 0.875518
vt 0.906093 0.875518
vt 0.914144 0.875518
vt 0.914144 0.869646
vt 0.914144 0.863774
vt 0.906093 0.857902
vt 0.914144 0.857902
vt 0.898305 0.857902
vt 0.906093 0.852029
vt 0.914144 0.852029
vt 0.898305 0.852029
vt 0.906093 0.846157
vt 0.914144 0.846157
vt 0.898305 0.846157
vt 0.906093 0.840285
vt 0.914144 0.840285
vt 0.898305 0.840285
vt 0.906093 0.834413
vt 0.914144 0.834413
vt 0.898305 0.834413
vt 0.906093 0.828540
vt 0.914144 0.828540
vt 0.898305 0.828540
vt 0.906093 0.822668
vt 0.914144 0.822668
vt 0.898305 0.822668
vt 0.906093 0.816796
vt 0.914144 0.816796
vt 0.898305 0.816796
vt 0.906093 0.810924
vt 0.914144 0.810924
vt 0.898305 0.810924
vt 0.906093 0.805052
vt 0.914144 0.805052
vt 0.898305 0.805052
vt 0.906093 0.799179
vt 0.914144 0.799179
vt 0.898305 0.799179
vt 0.906093 0.887262
vt 0.906093 0.893135
vt 0.914144 0.893135
vt 0.914144 0.887262
vt 0.898305 0.887262
vt 0.898305 0.893135
vt 0.906093 0.881390
vt 0.914144 0.881390
vt 0.898305 0.881390
vt 0.890711 0.881390
vt 0.890711 0.887262
vt 0.890711 0.875518
vt 0.890711 0.869646
vt 0.883117 0.875518
vt 0.883117 0.881390
vt 0.883117 0.869646
vt 0.890711 0.863774
vt 0.883117 0.863774
vt 0.875329 0.869646
vt 0.875329 0.875518
vt 0.875329 0.863774
vt 0.883117 0.857902
vt 0.890711 0.857902
vt 0.875329 0.857902
vt 0.883117 0.852029
vt 0.890711 0.852029
vt 0.875329 0.852029
vt 0.883117 0.846157
vt 0.890711 0.846157
vt 0.875329 0.846157
vt 0.883117 0.840285
vt 0.890711 0.840285
vt 0.875329 0.840285
vt 0.883117 0.834413
vt 0.890711 0.834413
vt 0.875329 0.834413
vt 0.883117 0.828540
vt 0.890711 0.828540
vt 0.875329 0.828540
vt 0.883117 0.822668
vt 0.890711 0.822668
vt 0.875329 0.822668
vt 0.883117 0.816796
vt 0.890711 0.816796
vt 0.875329 0.816796
vt 0.883117 0.810924
vt 0.890711 0.810924
vt 0.875329 0.810924
vt 0.883117 0.805052
vt 0.890711 0.805052
vt 0.875329 0.805052
vt 0.883117 0.799179
vt 0.890711 0.799179
vt 0.875329 0.799179
vt 0.883117 0.887262
vt 0.883117 0.893135
vt 0.890711 0.893135
vt 0.875329 0.887262
vt 0.875329 0.893135
vt 0.875329 0.881390
vt 0.867279 0.881390
vt 0.867279 0.887262
vt 0.867279 0.875518
vt 0.867279 0.869646
vt 0.867279 0.863774
vt 0.867279 0.857902
vt 0.867279 0.852029
vt 0.867279 0.846157
vt 0.867279 0.840285
vt 0.867279 0.834413
vt 0.867279 0.828540
vt 0.867279 0.822668
vt 0.867279 0.816796
vt 0.867279 0.810924
vt 0.867279 0.805052
vt 0.867279 0.799179
vt 0.867279 0.893135
vt 0.794428 0.863773
vt 0.794428 0.869646
vt 0.802215 0.869646
vt 0.802215 0.863773
vt 0.794428 0.875518
vt 0.802215 0.875518
vt 0.810266 0.875518
vt 0.810266 0.869646
vt 0.810266 0.863773
vt 0.802215 0.857902
vt 0.810266 0.857902
vt 0.794428 0.857902
vt 0.802215 0.852029
vt 0.810266 0.852029
vt 0.794428 0.852029
vt 0.802215 0.846157
vt 0.810266 0.846157
vt 0.794428 0.846157
vt 0.802215 0.840285
vt 0.810266 0.840285
vt 0.794428 0.840285
vt 0.802215 0.834412
vt 0.810266 0.834412
vt 0.794428 0.834412
vt 0.802215 0.828540
vt 0.810266 0.828540
vt 0.794428 0.828540
vt 0.802215 0.822668
vt 0.810266 0.822668
vt 0.794428 0.822668
vt 0.802215 0.816796
vt 0.810266 0.816796
vt 0.794428 0.816796
vt 0.802215 0.810924
vt 0.810266 0.810924
vt 0.794428 0.810924
vt 0.802215 0.805052
vt 0.810266 0.805052
vt 0.794428 0.805052
vt 0.802215 0.799179
vt 0.810266 0.799179
vt 0.794428 0.799179
vt 0.802215 0.887262
vt 0.802215 0.893135
vt 0.810266 0.893135
vt 0.810266 0.887262
vt 0.794428 0.887262
vt 0.794428 0.893135
vt 0.802215 0.881390
vt 0.810266 0.881390
vt 0.794428 0.881390
vt 0.786833 0.881390
vt 0.786833 0.887262
vt 0.786833 0.875518
vt 0.786833 0.869646
vt 0.779239 0.875518
vt 0.779239 0.881390
vt 0.779239 0.869646
vt 0.786833 0.863773
vt 0.779239 0.863773
vt 0.771451 0.869646
vt 0.771451 0.875518
vt 0.771451 0.863773
vt 0.779239 0.857902
vt 0.786833 0.857902
vt 0.771451 0.857902
vt 0.779239 0.852029
vt 0.786833 0.852029
vt 0.771451 0.852029
vt 0.779239 0.846157
vt 0.786833 0.846157
vt 0.771451 0.846157
vt 0.779239 0.840285
vt 0.786833 0.840285
vt 0.771451 0.840285
vt 0.779239 0.834412
vt 0.786833 0.834412
vt 0.771451 0.834412
vt 0.779239 0.828540
vt 0.786833 0.828540
vt 0.771451 0.828540
vt 0.779239 0.822668
vt 0.786833 0.822668
vt 0.771451 0.822668
vt 0.779239 0.816796
vt 0.786833 0.816796
vt 0.771451 0.816796
vt 0.779239 0.810924
vt 0.786833 0.810924
vt 0.771451 0.810924
vt 0.779239 0.805052
vt 0.786833 0.805052
vt 0.771451 0.805052
vt 0.779239 0.799179
vt 0.786833 0.799179
vt 0.771451 0.799179
vt 0.779239 0.887262
vt 0.779239 0.893135
vt 0.786833 0.893135
vt 0.771451 0.887262
vt 0.771451 0.893135
vt 0.771451 0.881390
vt 0.763401 0.881390
vt 0.763401 0.887262
vt 0.763401 0.875518
vt 0.763401 0.869646
vt 0.763401 0.863773
vt 0.763401 0.857902
vt 0.763401 0.852029
vt 0.763401 0.846157
vt 0.763401 0.840285
vt 0.763401 0.834413
vt 0.763401 0.828540
vt 0.763401 0.822668
vt 0.763401 0.816796
vt 0.763401 0.810924
vt 0.763401 0.805052
vt 0.763401 0.799179
vt 0.763401 0.893135
vt 0.794243 0.962047
vt 0.794243 0.967919
vt 0.802030 0.967919
vt 0.802030 0.962047
vt 0.794243 0.973792
vt 0.802030 0.973792
vt 0.810081 0.973792
vt 0.810081 0.967919
vt 0.810081 0.962047
vt 0.802030 0.956175
vt 0.810081 0.956175
vt 0.794243 0.956175
vt 0.802030 0.950303
vt 0.810081 0.950303
vt 0.794243 0.950303
vt 0.802030 0.944431
vt 0.810081 0.944431
vt 0.794243 0.944431
vt 0.802030 0.938559
vt 0.810081 0.938559
vt 0.794243 0.938559
vt 0.802030 0.932686
vt 0.810081 0.932686
vt 0.794243 0.932686
vt 0.802030 0.926814
vt 0.810081 0.926814
vt 0.794243 0.926814
vt 0.802030 0.920942
vt 0.810081 0.920942
vt 0.794243 0.920942
vt 0.802030 0.915070
vt 0.810081 0.915070
vt 0.794243 0.915070
vt 0.802030 0.909197
vt 0.810081 0.909197
vt 0.794243 0.909197
vt 0.802030 0.903325
vt 0.810081 0.903325
vt 0.794243 0.903325
vt 0.802030 0.897453
vt 0.810081 0.897453
vt 0.794243 0.897453
vt 0.802030 0.985536
vt 0.802030 0.991409
vt 0.810081 0.991409
vt 0.810081 0.985536
vt 0.794243 0.985536
vt 0.794243 0.991409
vt 0.802030 0.979664
vt 0.810081 0.979664
vt 0.794243 0.979664
vt 0.786648 0.979664
vt 0.786648 0.985536
vt 0.786648 0.973792
vt 0.786648 0.967919
vt 0.779054 0.973792
vt 0.779054 0.979664
vt 0.779054 0.967919
vt 0.786648 0.962047
vt 0.779054 0.962047
vt 0.771266 0.967919
vt 0.771266 0.973792
vt 0.771266 0.962047
vt 0.779054 0.956175
vt 0.786648 0.956175
vt 0.771266 0.956175
vt 0.779054 0.950303
vt 0.786648 0.950303
vt 0.771266 0.950303
vt 0.779054 0.944431
vt 0.786648 0.944431
vt 0.771266 0.944431
vt 0.779054 0.938559
vt 0.786648 0.938559
vt 0.771266 0.938559
vt 0.779054 0.932686
vt 0.786648 0.932686
vt 0.771266 0.932686
vt 0.779054 0.926814
vt 0.786648 0.926814
vt 0.771266 0.926814
vt 0.779054 0.920942
vt 0.786648 0.920942
vt 0.771266 0.920942
vt 0.779054 0.915070
vt 0.786648 0.915070
vt 0.771266 0.915070
vt 0.779054 0.909197
vt 0.786648 0.909197
vt 0.771266 0.909197
vt 0.779054 0.903325
vt 0.786648 0.903325
vt 0.771266 0.903325
vt 0.779054 0.897453
vt 0.786648 0.897453
vt 0.771266 0.897453
vt 0.779054 0.985536
vt 0.779054 0.991409
vt 0.786648 0.991409
vt 0.771266 0.985536
vt 0.771266 0.991409
vt 0.771266 0.979664
vt 0.763216 0.979664
vt 0.763216 0.985536
vt 0.763216 0.973792
vt 0.763216 0.967919
vt 0.763216 0.962047
vt 0.763216 0.956175
vt 0.763216 0.950303
vt 0.763216 0.944431
vt 0.763216 0.938559
vt 0.763216 0.932686
vt 0.763216 0.926814
vt 0.763216 0.920942
vt 0.763216 0.915070
vt 0.763216 0.909197
vt 0.763216 0.903325
vt 0.763216 0.897453
vt 0.763216 0.991409
vt 0.950245 0.863774
vt 0.950245 0.869646
vt 0.958032 0.869646
vt 0.958032 0.863774
vt 0.950245 0.875518
vt 0.958032 0.875518
vt 0.966083 0.875518
vt 0.966083 0.869646
vt 0.966083 0.863774
vt 0.958032 0.857902
vt 0.966083 0.857902
vt 0.950245 0.857902
vt 0.958032 0.852030
vt 0.966083 0.852030
vt 0.950245 0.852030
vt 0.958032 0.846157
vt 0.966083 0.846157
vt 0.950245 0.846157
vt 0.958032 0.840285
vt 0.966083 0.840285
vt 0.950245 0.840285
vt 0.958032 0.834413
vt 0.966083 0.834413
vt 0.950245 0.834413
vt 0.958032 0.828541
vt 0.966083 0.828541
vt 0.950245 0.828541
vt 0.958032 0.822669
vt 0.966083 0.822669
vt 0.950245 0.822669
vt 0.958032 0.816796
vt 0.966083 0.816796
vt 0.950245 0.816796
vt 0.958032 0.810924
vt 0.966083 0.810924
vt 0.950245 0.810924
vt 0.958032 0.805052
vt 0.966083 0.805052
vt 0.950245 0.805052
vt 0.958032 0.799180
vt 0.966083 0.799180
vt 0.950245 0.799180
vt 0.958032 0.887263
vt 0.958032 0.893135
vt 0.966083 0.893135
vt 0.966083 0.887263
vt 0.950245 0.887263
vt 0.950245 0.893135
vt 0.958032 0.881391
vt 0.966083 0.881391
vt 0.950245 0.881391
vt 0.942650 0.881391
vt 0.942650 0.887263
vt 0.942650 0.875518
vt 0.942650 0.869646
vt 0.935056 0.875518
vt 0.935056 0.881391
vt 0.935056 0.869646
vt 0.942650 0.863774
vt 0.935056 0.863774
vt 0.927268 0.869646
vt 0.927268 0.875518
vt 0.927268 0.863774
vt 0.935056 0.857902
vt 0.942650 0.857902
vt 0.927268 0.857902
vt 0.935056 0.852030
vt 0.942650 0.852030
vt 0.927268 0.852030
vt 0.935056 0.846157
vt 0.942650 0.846157
vt 0.927268 0.846157
vt 0.935056 0.840285
vt 0.942650 0.840285
vt 0.927268 0.840285
vt 0.935056 0.834413
vt 0.942650 0.834413
vt 0.927268 0.834413
vt 0.935056 0.828541
vt 0.942650 0.828541
vt 0.927268 0.828541
vt 0.935056 0.822669
vt 0.942650 0.822669
vt 0.927268 0.822669
vt 0.935056 0.816796
vt 0.942650 0.816796
vt 0.927268 0.816796
vt 0.935056 0.810924
vt 0.942650 0.810924
vt 0.927268 0.810924
vt 0.935056 0.805052
vt 0.942650 0.805052
vt 0.927268 0.805052
vt 0.935056 0.799180
vt 0.942650 0.799180
vt 0.927268 0.799180
vt 0.935056 0.887263
vt 0.935056 0.893135
vt 0.942650 0.893135
vt 0.927268 0.887263
vt 0.927268 0.893135
vt 0.927268 0.881391
vt 0.919218 0.881391
vt 0.919218 0.887263
vt 0.919218 0.875518
vt 0.919218 0.869646
vt 0.919218 0.863774
vt 0.919218 0.857902
vt 0.919218 0.852030
vt 0.919218 0.846157
vt 0.919218 0.840285
vt 0.919218 0.834413
vt 0.919218 0.828541
vt 0.919218 0.822669
vt 0.919218 0.816796
vt 0.919218 0.810924
vt 0.919218 0.805052
vt 0.919218 0.799180
vt 0.919218 0.893135
vt 0.846182 0.962047
vt 0.846182 0.967919
vt 0.853969 0.967919
vt 0.853969 0.962047
vt 0.846182 0.973792
vt 0.853969 0.973792
vt 0.862020 0.973792
vt 0.862020 0.967919
vt 0.862020 0.962047
vt 0.853969 0.956175
vt 0.862020 0.956175
vt 0.846182 0.956175
vt 0.853969 0.950303
vt 0.862020 0.950303
vt 0.846182 0.950303
vt 0.853969 0.944431
vt 0.862020 0.944431
vt 0.846182 0.944431
vt 0.853969 0.938559
vt 0.862020 0.938559
vt 0.846182 0.938559
vt 0.853969 0.932686
vt 0.862020 0.932686
vt 0.846182 0.932686
vt 0.853969 0.926814
vt 0.862020 0.926814
vt 0.846182 0.926814
vt 0.853969 0.920942
vt 0.862020 0.920942
vt 0.846182 0.920942
vt 0.853969 0.915070
vt 0.862020 0.915070
vt 0.846182 0.915070
vt 0.853969 0.909197
vt 0.862020 0.909198
vt 0.846182 0.909197
vt 0.853969 0.903325
vt 0.862020 0.903325
vt 0.846182 0.903325
vt 0.853969 0.897453
vt 0.862020 0.897453
vt 0.846182 0.897453
vt 0.853969 0.985536
vt 0.853969 0.991408
vt 0.862020 0.991408
vt 0.862020 0.985536
vt 0.846182 0.985536
vt 0.846182 0.991408
vt 0.853969 0.979664
vt 0.862020 0.979664
vt 0.846182 0.979664
vt 0.838587 0.979664
vt 0.838587 0.985536
vt 0.838587 0.973792
vt 0.838587 0.967919
vt 0.830993 0.973792
vt 0.830993 0.979664
vt 0.830993 0.967919
vt 0.838587 0.962047
vt 0.830993 0.962047
vt 0.823206 0.967919
vt 0.823206 0.973792
vt 0.823206 0.962047
vt 0.830993 0.956175
vt 0.838587 0.956175
vt 0.823206 0.956175
vt 0.830993 0.950303
vt 0.838587 0.950303
vt 0.823206 0.950303
vt 0.830993 0.944431
vt 0.838587 0.944431
vt 0.823206 0.944431
vt 0.830993 0.938559
vt 0.838587 0.938559
vt 0.823206 0.938559
vt 0.830993 0.932686
vt 0.838587 0.932686
vt 0.823206 0.932686
vt 0.830993 0.926814
vt 0.838587 0.926814
vt 0.823206 0.926814
vt 0.830993 0.920942
vt 0.838587 0.920942
vt 0.823206 0.920942
vt 0.830993 0.915070
vt 0.838587 0.915070
vt 0.823206 0.915070
vt 0.830993 0.909197
vt 0.838587 0.909197
vt 0.823206 0.909197
vt 0.830993 0.903325
vt 0.838587 0.903325
vt 0.823206 0.903325
vt 0.830993 0.897453
vt 0.838587 0.897453
vt 0.823206 0.897453
vt 0.830993 0.985536
vt 0.830993 0.991408
vt 0.838587 0.991408
vt 0.823206 0.985536
vt 0.823206 0.991408
vt 0.823206 0.979664
vt 0.815155 0.979664
vt 0.815155 0.985536
vt 0.815155 0.973792
vt 0.815155 0.967919
vt 0.815155 0.962047
vt 0.815155 0.956175
vt 0.815155 0.950303
vt 0.815155 0.944431
vt 0.815155 0.938559
vt 0.815155 0.932686
vt 0.815155 0.926814
vt 0.815155 0.920942
vt 0.815155 0.915070
vt 0.815155 0.909197
vt 0.815155 0.903325
vt 0.815155 0.897453
vt 0.815155 0.991408
vt 0.950225 0.765097
vt 0.950225 0.770969
vt 0.958012 0.770969
vt 0.958012 0.765097
vt 0.950225 0.776841
vt 0.958012 0.776841
vt 0.966063 0.776841
vt 0.966063 0.770969
vt 0.966063 0.765097
vt 0.958012 0.759225
vt 0.966063 0.759225
vt 0.950225 0.759225
vt 0.958012 0.753353
vt 0.966063 0.753353
vt 0.950225 0.753353
vt 0.958012 0.747480
vt 0.966063 0.747480
vt 0.950225 0.747480
vt 0.958012 0.741608
vt 0.966063 0.741608
vt 0.950225 0.741608
vt 0.958012 0.735736
vt 0.966063 0.735736
vt 0.950225 0.735736
vt 0.958012 0.729864
vt 0.966063 0.729864
vt 0.950225 0.729864
vt 0.958012 0.723992
vt 0.966063 0.723992
vt 0.950225 0.723992
vt 0.958012 0.718119
vt 0.966063 0.718119
vt 0.950225 0.718119
vt 0.958012 0.712247
vt 0.966063 0.712247
vt 0.950225 0.712247
vt 0.958012 0.706375
vt 0.966063 0.706375
vt 0.950225 0.706375
vt 0.958012 0.700503
vt 0.966063 0.700503
vt 0.950225 0.700503
vt 0.958012 0.788586
vt 0.958012 0.794458
vt 0.966063 0.794458
vt 0.966063 0.788586
vt 0.950225 0.788586
vt 0.950225 0.794458
vt 0.958012 0.782714
vt 0.966063 0.782714
vt 0.950225 0.782714
vt 0.942630 0.782714
vt 0.942630 0.788586
vt 0.942630 0.776841
vt 0.942630 0.770969
vt 0.935036 0.776841
vt 0.935036 0.782714
vt 0.935036 0.770969
vt 0.942630 0.765097
vt 0.935036 0.765097
vt 0.927249 0.770969
vt 0.927249 0.776841
vt 0.927249 0.765097
vt 0.935036 0.759225
vt 0.942630 0.759225
vt 0.927249 0.759225
vt 0.935036 0.753353
vt 0.942630 0.753353
vt 0.927249 0.753353
vt 0.935036 0.747480
vt 0.942630 0.747480
vt 0.927249 0.747480
vt 0.935036 0.741608
vt 0.942630 0.741608
vt 0.927249 0.741608
vt 0.935036 0.735736
vt 0.942630 0.735736
vt 0.927249 0.735736
vt 0.935036 0.729864
vt 0.942630 0.729864
vt 0.927249 0.729864
vt 0.935036 0.723992
vt 0.942630 0.723992
vt 0.927249 0.723992
vt 0.935036 0.718119
vt 0.942630 0.718119
vt 0.927249 0.718119
vt 0.935036 0.712247
vt 0.942630 0.712247
vt 0.927249 0.712247
vt 0.935036 0.706375
vt 0.942630 0.706375
vt 0.927249 0.706375
vt 0.935036 0.700503
vt 0.942630 0.700503
vt 0.927249 0.700503
vt 0.935036 0.788586
vt 0.935036 0.794458
vt 0.942630 0.794458
vt 0.927249 0.788586
vt 0.927248 0.794458
vt 0.927249 0.782714
vt 0.919198 0.782714
vt 0.919198 0.788586
vt 0.919198 0.776841
vt 0.919198 0.770969
vt 0.919198 0.765097
vt 0.919198 0.759225
vt 0.919198 0.753353
vt 0.919198 0.747480
vt 0.919198 0.741608
vt 0.919198 0.735736
vt 0.919198 0.729864
vt 0.919198 0.723992
vt 0.919198 0.718119
vt 0.919198 0.712247
vt 0.919198 0.706375
vt 0.919198 0.700503
vt 0.919198 0.794458
vt 0.846347 0.765096
vt 0.846347 0.770968
vt 0.854135 0.770968
vt 0.854135 0.765096
vt 0.846347 0.776840
vt 0.854135 0.776840
vt 0.862185 0.776840
vt 0.862185 0.770968
vt 0.862185 0.765096
vt 0.854135 0.759224
vt 0.862185 0.759224
vt 0.846347 0.759224
vt 0.854135 0.753351
vt 0.862185 0.753351
vt 0.846347 0.753351
vt 0.854135 0.747479
vt 0.862185 0.747479
vt 0.846347 0.747479
vt 0.854135 0.741607
vt 0.862185 0.741607
vt 0.846347 0.741607
vt 0.854135 0.735735
vt 0.862185 0.735735
vt 0.846347 0.735735
vt 0.854135 0.729863
vt 0.862185 0.729863
vt 0.846347 0.729863
vt 0.854135 0.723990
vt 0.862185 0.723990
vt 0.846347 0.723990
vt 0.854135 0.718118
vt 0.862185 0.718118
vt 0.846347 0.718118
vt 0.854135 0.712246
vt 0.862185 0.712246
vt 0.846347 0.712246
vt 0.854135 0.706374
vt 0.862185 0.706374
vt 0.846347 0.706374
vt 0.854135 0.700502
vt 0.862185 0.700502
vt 0.846347 0.700502
vt 0.854135 0.788585
vt 0.854135 0.794457
vt 0.862185 0.794457
vt 0.862185 0.788585
vt 0.846347 0.788585
vt 0.846347 0.794457
vt 0.854135 0.782712
vt 0.862185 0.782712
vt 0.846347 0.782712
vt 0.838753 0.782712
vt 0.838753 0.788585
vt 0.838753 0.776840
vt 0.838753 0.770968
vt 0.831158 0.776840
vt 0.831158 0.782712
vt 0.831158 0.770968
vt 0.838753 0.765096
vt 0.831158 0.765096
vt 0.823371 0.770968
vt 0.823371 0.776840
vt 0.823371 0.765096
vt 0.831158 0.759224
vt 0.838753 0.759224
vt 0.823371 0.759224
vt 0.831158 0.753351
vt 0.838753 0.753351
vt 0.823371 0.753351
vt 0.831158 0.747479
vt 0.838753 0.747479
vt 0.823371 0.747479
vt 0.831158 0.741607
vt 0.838753 0.741607
vt 0.823371 0.741607
vt 0.831158 0.735735
vt 0.838753 0.735735
vt 0.823371 0.735735
vt 0.831158 0.729863
vt 0.838753 0.729863
vt 0.823371 0.729863
vt 0.831158 0.723990
vt 0.838753 0.723990
vt 0.823371 0.723990
vt 0.831158 0.718118
vt 0.838753 0.718118
vt 0.823371 0.718118
vt 0.831158 0.712246
vt 0.838753 0.712246
vt 0.823371 0.712246
vt 0.831158 0.706374
vt 0.838753 0.706374
vt 0.823371 0.706374
vt 0.831158 0.700502
vt 0.838753 0.700502
vt 0.823371 0.700502
vt 0.831158 0.788585
vt 0.831158 0.794457
vt 0.838753 0.794457
vt 0.823371 0.788585
vt 0.823371 0.794457
vt 0.823371 0.782712
vt 0.815320 0.782712
vt 0.815320 0.788585
vt 0.815320 0.776840
vt 0.815320 0.770968
vt 0.815320 0.765096
vt 0.815320 0.759224
vt 0.815320 0.753351
vt 0.815320 0.747479
vt 0.815320 0.741607
vt 0.815320 0.735735
vt 0.815320 0.729863
vt 0.815320 0.723990
vt 0.815320 0.718118
vt 0.815320 0.712246
vt 0.815320 0.706374
vt 0.815320 0.700502
vt 0.815320 0.794457
vt 0.794086 0.665625
vt 0.794086 0.671497
vt 0.801873 0.671497
vt 0.801873 0.665625
vt 0.794086 0.677370
vt 0.801873 0.677370
vt 0.809924 0.677370
vt 0.809924 0.671497
vt 0.809924 0.665625
vt 0.801873 0.659753
vt 0.809924 0.659753
vt 0.794086 0.659753
vt 0.801873 0.653881
vt 0.809924 0.653881
vt 0.794086 0.653881
vt 0.801873 0.648008
vt 0.809924 0.648008
vt 0.794086 0.648008
vt 0.801873 0.642136
vt 0.809924 0.642136
vt 0.794086 0.642136
vt 0.801873 0.636264
vt 0.809924 0.636264
vt 0.794086 0.636264
vt 0.801873 0.630392
vt 0.809924 0.630392
vt 0.794086 0.630392
vt 0.801873 0.624520
vt 0.809924 0.624520
vt 0.794086 0.624520
vt 0.801873 0.618648
vt 0.809924 0.618648
vt 0.794086 0.618648
vt 0.801873 0.612775
vt 0.809924 0.612775
vt 0.794086 0.612775
vt 0.801873 0.606903
vt 0.809924 0.606903
vt 0.794086 0.606903
vt 0.801873 0.601031
vt 0.809924 0.601031
vt 0.794086 0.601031
vt 0.801873 0.689114
vt 0.801873 0.694986
vt 0.809924 0.694986
vt 0.809924 0.689114
vt 0.794086 0.689114
vt 0.794086 0.694986
vt 0.801873 0.683242
vt 0.809924 0.683242
vt 0.794086 0.683242
vt 0.786491 0.683242
vt 0.786491 0.689114
vt 0.786491 0.677370
vt 0.786491 0.671497
vt 0.778897 0.677370
vt 0.778897 0.683242
vt 0.778897 0.671497
vt 0.786491 0.665625
vt 0.778897 0.665625
vt 0.771110 0.671497
vt 0.771110 0.677370
vt 0.771110 0.665625
vt 0.778897 0.659753
vt 0.786491 0.659753
vt 0.771110 0.659753
vt 0.778897 0.653881
vt 0.786491 0.653881
vt 0.771110 0.653881
vt 0.778897 0.648008
vt 0.786491 0.648008
vt 0.771110 0.648008
vt 0.778897 0.642136
vt 0.786491 0.642136
vt 0.771110 0.642136
vt 0.778897 0.636264
vt 0.786491 0.636264
vt 0.771110 0.636264
vt 0.778897 0.630392
vt 0.786491 0.630392
vt 0.771110 0.630392
vt 0.778897 0.624520
vt 0.786491 0.624520
vt 0.771110 0.624520
vt 0.778897 0.618648
vt 0.786491 0.618648
vt 0.771110 0.618648
vt 0.778897 0.612775
vt 0.786491 0.612775
vt 0.771110 0.612775
vt 0.778897 0.606903
vt 0.786491 0.606903
vt 0.771110 0.606903
vt 0.778897 0.601031
vt 0.786491 0.601031
vt 0.771110 0.601031
vt 0.778897 0.689114
vt 0.778897 0.694986
vt 0.786491 0.694986
vt 0.771110 0.689114
vt 0.771110 0.694986
vt 0.771110 0.683242
vt 0.763059 0.683242
vt 0.763059 0.689114
vt 0.763059 0.677370
vt 0.763059 0.671497
vt 0.763059 0.665625
vt 0.763059 0.659753
vt 0.763059 0.653881
vt 0.763059 0.648008
vt 0.763059 0.642136
vt 0.763059 0.636264
vt 0.763059 0.630392
vt 0.763059 0.624520
vt 0.763059 0.618648
vt 0.763059 0.612775
vt 0.763059 0.606903
vt 0.763059 0.601031
vt 0.763059 0.694986
vt 0.742469 0.765094
vt 0.742469 0.770966
vt 0.750257 0.770966
vt 0.750257 0.765094
vt 0.742469 0.776838
vt 0.750257 0.776838
vt 0.758307 0.776838
vt 0.758307 0.770966
vt 0.758307 0.765094
vt 0.750257 0.759222
vt 0.758307 0.759222
vt 0.742469 0.759222
vt 0.750257 0.753349
vt 0.758307 0.753349
vt 0.742469 0.753349
vt 0.750257 0.747477
vt 0.758307 0.747477
vt 0.742469 0.747477
vt 0.750257 0.741605
vt 0.758307 0.741605
vt 0.742469 0.741605
vt 0.750257 0.735733
vt 0.758307 0.735733
vt 0.742469 0.735733
vt 0.750257 0.729860
vt 0.758307 0.729860
vt 0.742469 0.729860
vt 0.750257 0.723988
vt 0.758307 0.723988
vt 0.742469 0.723988
vt 0.750257 0.718116
vt 0.758307 0.718116
vt 0.742469 0.718116
vt 0.750257 0.712244
vt 0.758307 0.712244
vt 0.742469 0.712244
vt 0.750257 0.706372
vt 0.758307 0.706372
vt 0.742469 0.706372
vt 0.750257 0.700499
vt 0.758307 0.700499
vt 0.742469 0.700499
vt 0.750257 0.788583
vt 0.750257 0.794455
vt 0.758307 0.794455
vt 0.758307 0.788583
vt 0.742469 0.788583
vt 0.742469 0.794455
vt 0.750257 0.782710
vt 0.758307 0.782710
vt 0.742469 0.782710
vt 0.734875 0.782710
vt 0.734875 0.788583
vt 0.734875 0.776838
vt 0.734875 0.770966
vt 0.727280 0.776838
vt 0.727280 0.782710
vt 0.727280 0.770966
vt 0.734875 0.765094
vt 0.727280 0.765094
vt 0.719493 0.770966
vt 0.719493 0.776838
vt 0.719493 0.765094
vt 0.727280 0.759222
vt 0.734875 0.759222
vt 0.719493 0.759222
vt 0.727280 0.753349
vt 0.734875 0.753349
vt 0.719493 0.753349
vt 0.727280 0.747477
vt 0.734875 0.747477
vt 0.719493 0.747477
vt 0.727280 0.741605
vt 0.734875 0.741605
vt 0.719493 0.741605
vt 0.727280 0.735733
vt 0.734875 0.735733
vt 0.719493 0.735733
vt 0.727280 0.729860
vt 0.734875 0.729860
vt 0.719493 0.729860
vt 0.727280 0.723988
vt 0.734875 0.723988
vt 0.719493 0.723988
vt 0.727280 0.718116
vt 0.734875 0.718116
vt 0.719493 0.718116
vt 0.727280 0.712244
vt 0.734875 0.712244
vt 0.719493 0.712244
vt 0.727280 0.706372
vt 0.734875 0.706372
vt 0.719493 0.706372
vt 0.727280 0.700499
vt 0.734875 0.700499
vt 0.719493 0.700499
vt 0.727280 0.788583
vt 0.727280 0.794455
vt 0.734875 0.794455
vt 0.719493 0.788583
vt 0.719493 0.794455
vt 0.719493 0.782710
vt 0.711442 0.782710
vt 0.711442 0.788583
vt 0.711442 0.776838
vt 0.711442 0.770966
vt 0.711442 0.765094
vt 0.711442 0.759222
vt 0.711442 0.753349
vt 0.711442 0.747477
vt 0.711442 0.741605
vt 0.711442 0.735733
vt 0.711442 0.729860
vt 0.711442 0.723988
vt 0.711442 0.718116
vt 0.711442 0.712244
vt 0.711442 0.706372
vt 0.711442 0.700499
vt 0.711442 0.794455
vt 0.897964 0.665625
vt 0.897964 0.671497
vt 0.905751 0.671497
vt 0.905751 0.665625
vt 0.897964 0.677370
vt 0.905751 0.677370
vt 0.913802 0.677370
vt 0.913802 0.671497
vt 0.913802 0.665625
vt 0.905751 0.659753
vt 0.913802 0.659753
vt 0.897964 0.659753
vt 0.905751 0.653881
vt 0.913802 0.653881
vt 0.897964 0.653881
vt 0.905751 0.648008
vt 0.913802 0.648008
vt 0.897964 0.648008
vt 0.905751 0.642136
vt 0.913802 0.642136
vt 0.897964 0.642136
vt 0.905751 0.636264
vt 0.913802 0.636264
vt 0.897964 0.636264
vt 0.905751 0.630392
vt 0.913802 0.630392
vt 0.897964 0.630392
vt 0.905751 0.624520
vt 0.913802 0.624520
vt 0.897964 0.624520
vt 0.905751 0.618648
vt 0.913802 0.618648
vt 0.897964 0.618648
vt 0.905751 0.612775
vt 0.913802 0.612775
vt 0.897964 0.612775
vt 0.905751 0.606903
vt 0.913802 0.606903
vt 0.897964 0.606903
vt 0.905751 0.601031
vt 0.913802 0.601031
vt 0.897964 0.601031
vt 0.905751 0.689114
vt 0.905751 0.694986
vt 0.913802 0.694986
vt 0.913802 0.689114
vt 0.897964 0.689114
vt 0.897964 0.694986
vt 0.905751 0.683242
vt 0.913802 0.683242
vt 0.897964 0.683242
vt 0.890369 0.683242
vt 0.890369 0.689114
vt 0.890369 0.677370
vt 0.890369 0.671497
vt 0.882775 0.677370
vt 0.882775 0.683242
vt 0.882775 0.671497
vt 0.890369 0.665625
vt 0.882775 0.665625
vt 0.874988 0.671497
vt 0.874988 0.677370
vt 0.874988 0.665625
vt 0.882775 0.659753
vt 0.890369 0.659753
vt 0.874988 0.659753
vt 0.882775 0.653881
vt 0.890369 0.653881
vt 0.874988 0.653881
vt 0.882775 0.648008
vt 0.890369 0.648008
vt 0.874988 0.648008
vt 0.882775 0.642136
vt 0.890369 0.642136
vt 0.874988 0.642136
vt 0.882775 0.636264
vt 0.890369 0.636264
vt 0.874988 0.636264
vt 0.882775 0.630392
vt 0.890369 0.630392
vt 0.874988 0.630392
vt 0.882775 0.624520
vt 0.890369 0.624520
vt 0.874988 0.624520
vt 0.882775 0.618648
vt 0.890369 0.618648
vt 0.874988 0.618648
vt 0.882775 0.612775
vt 0.890369 0.612775
vt 0.874988 0.612775
vt 0.882775 0.606903
vt 0.890369 0.606903
vt 0.874988 0.606903
vt 0.882775 0.601031
vt 0.890369 0.601031
vt 0.874988 0.601031
vt 0.882775 0.689114
vt 0.882775 0.694986
vt 0.890369 0.694986
vt 0.874988 0.689114
vt 0.874988 0.694986
vt 0.874988 0.683242
vt 0.866937 0.683242
vt 0.866937 0.689114
vt 0.866937 0.677370
vt 0.866937 0.671497
vt 0.866937 0.665625
vt 0.866937 0.659753
vt 0.866937 0.653881
vt 0.866937 0.648008
vt 0.866937 0.642136
vt 0.866937 0.636264
vt 0.866937 0.630392
vt 0.866937 0.624520
vt 0.866937 0.618648
vt 0.866937 0.612775
vt 0.866937 0.606903
vt 0.866937 0.601031
vt 0.866937 0.694986
vt 0.898286 0.765094
vt 0.898286 0.770966
vt 0.906073 0.770966
vt 0.906073 0.765094
vt 0.898286 0.776838
vt 0.906073 0.776838
vt 0.914124 0.776838
vt 0.914124 0.770966
vt 0.914124 0.765094
vt 0.906073 0.759222
vt 0.914124 0.759222
vt 0.898286 0.759222
vt 0.906073 0.753349
vt 0.914124 0.753349
vt 0.898286 0.753349
vt 0.906073 0.747477
vt 0.914124 0.747477
vt 0.898286 0.747477
vt 0.906073 0.741605
vt 0.914124 0.741605
vt 0.898286 0.741605
vt 0.906073 0.735733
vt 0.914124 0.735733
vt 0.898286 0.735733
vt 0.906073 0.729861
vt 0.914124 0.729861
vt 0.898286 0.729861
vt 0.906073 0.723988
vt 0.914124 0.723988
vt 0.898286 0.723988
vt 0.906073 0.718116
vt 0.914124 0.718116
vt 0.898286 0.718116
vt 0.906073 0.712244
vt 0.914124 0.712244
vt 0.898286 0.712244
vt 0.906073 0.706372
vt 0.914124 0.706372
vt 0.898286 0.706372
vt 0.906073 0.700499
vt 0.914124 0.700499
vt 0.898286 0.700499
vt 0.906073 0.788583
vt 0.906073 0.794455
vt 0.914124 0.794455
vt 0.914124 0.788583
vt 0.898286 0.788583
vt 0.898286 0.794455
vt 0.906073 0.782710
vt 0.914124 0.782710
vt 0.898286 0.782710
vt 0.890691 0.782710
vt 0.890691 0.788583
vt 0.890691 0.776838
vt 0.890691 0.770966
vt 0.883097 0.776838
vt 0.883097 0.782710
vt 0.883097 0.770966
vt 0.890691 0.765094
vt 0.883097 0.765094
vt 0.875310 0.770966
vt 0.875310 0.776838
vt 0.875310 0.765094
vt 0.883097 0.759222
vt 0.890691 0.759222
vt 0.875310 0.759222
vt 0.883097 0.753349
vt 0.890691 0.753349
vt 0.875310 0.753349
vt 0.883097 0.747477
vt 0.890691 0.747477
vt 0.875310 0.747477
vt 0.883097 0.741605
vt 0.890691 0.741605
vt 0.875310 0.741605
vt 0.883097 0.735733
vt 0.890691 0.735733
vt 0.875310 0.735733
vt 0.883097 0.729861
vt 0.890691 0.729861
vt 0.875310 0.729861
vt 0.883097 0.723988
vt 0.890691 0.723988
vt 0.875310 0.723988
vt 0.883097 0.718116
vt 0.890691 0.718116
vt 0.875310 0.718116
vt 0.883097 0.712244
vt 0.890691 0.712244
vt 0.875310 0.712244
vt 0.883097 0.706372
vt 0.890691 0.706372
vt 0.875310 0.706372
vt 0.883097 0.700499
vt 0.890691 0.700499
vt 0.875310 0.700499
vt 0.883097 0.788583
vt 0.883097 0.794455
vt 0.890691 0.794455
vt 0.875310 0.788583
vt 0.875310 0.794455
vt 0.875310 0.782710
vt 0.867259 0.782710
vt 0.867259 0.788583
vt 0.867259 0.776838
vt 0.867259 0.770966
vt 0.867259 0.765094
vt 0.867259 0.759222
vt 0.867259 0.753349
vt 0.867259 0.747477
vt 0.867259 0.741605
vt 0.867259 0.735733
vt 0.867259 0.729861
vt 0.867259 0.723988
vt 0.867259 0.718116
vt 0.867259 0.712244
vt 0.867259 0.706372
vt 0.867259 0.700499
vt 0.867259 0.794455
vt 0.742147 0.665627
vt 0.742147 0.671499
vt 0.749934 0.671499
vt 0.749934 0.665627
vt 0.742147 0.677372
vt 0.749934 0.677372
vt 0.757985 0.677372
vt 0.757985 0.671499
vt 0.757985 0.665627
vt 0.749934 0.659755
vt 0.757985 0.659755
vt 0.742147 0.659755
vt 0.749934 0.653883
vt 0.757985 0.653883
vt 0.742147 0.653883
vt 0.749934 0.648011
vt 0.757985 0.648011
vt 0.742147 0.648011
vt 0.749934 0.642138
vt 0.757985 0.642138
vt 0.742147 0.642138
vt 0.749934 0.636266
vt 0.757985 0.636266
vt 0.742147 0.636266
vt 0.749934 0.630394
vt 0.757985 0.630394
vt 0.742147 0.630394
vt 0.749934 0.624522
vt 0.757985 0.624522
vt 0.742147 0.624522
vt 0.749934 0.618650
vt 0.757985 0.618650
vt 0.742147 0.618650
vt 0.749934 0.612777
vt 0.757985 0.612777
vt 0.742147 0.612777
vt 0.749934 0.606905
vt 0.757985 0.606905
vt 0.742147 0.606905
vt 0.749934 0.601033
vt 0.757985 0.601033
vt 0.742147 0.601033
vt 0.749934 0.689116
vt 0.749934 0.694988
vt 0.757985 0.694988
vt 0.757985 0.689116
vt 0.742147 0.689116
vt 0.742147 0.694988
vt 0.749934 0.683244
vt 0.757985 0.683244
vt 0.742147 0.683244
vt 0.734552 0.683244
vt 0.734552 0.689116
vt 0.734552 0.677372
vt 0.734552 0.671499
vt 0.726958 0.677372
vt 0.726958 0.683244
vt 0.726958 0.671499
vt 0.734552 0.665627
vt 0.726958 0.665627
vt 0.719171 0.671499
vt 0.719171 0.677372
vt 0.719171 0.665627
vt 0.726958 0.659755
vt 0.734552 0.659755
vt 0.719171 0.659755
vt 0.726958 0.653883
vt 0.734552 0.653883
vt 0.719171 0.653883
vt 0.726958 0.648011
vt 0.734552 0.648011
vt 0.719171 0.648011
vt 0.726958 0.642138
vt 0.734552 0.642138
vt 0.719171 0.642138
vt 0.726958 0.636266
vt 0.734552 0.636266
vt 0.719171 0.636266
vt 0.726958 0.630394
vt 0.734552 0.630394
vt 0.719171 0.630394
vt 0.726958 0.624522
vt 0.734552 0.624522
vt 0.719171 0.624522
vt 0.726958 0.618650
vt 0.734552 0.618650
vt 0.719171 0.618650
vt 0.726958 0.612777
vt 0.734552 0.612777
vt 0.719171 0.612777
vt 0.726958 0.606905
vt 0.734552 0.606905
vt 0.719171 0.606905
vt 0.726958 0.601033
vt 0.734552 0.601033
vt 0.719171 0.601033
vt 0.726958 0.689116
vt 0.726958 0.694988
vt 0.734552 0.694988
vt 0.719171 0.689116
vt 0.719170 0.694988
vt 0.719171 0.683244
vt 0.711120 0.683244
vt 0.711120 0.689116
vt 0.711120 0.677372
vt 0.711120 0.671499
vt 0.711120 0.665627
vt 0.711120 0.659755
vt 0.711120 0.653883
vt 0.711120 0.648011
vt 0.711120 0.642138
vt 0.711120 0.636266
vt 0.711120 0.630394
vt 0.711120 0.624522
vt 0.711120 0.618650
vt 0.711120 0.612777
vt 0.711120 0.606905
vt 0.711120 0.601033
vt 0.711120 0.694988
vt 0.794408 0.765097
vt 0.794408 0.770969
vt 0.802195 0.770969
vt 0.802195 0.765097
vt 0.794408 0.776841
vt 0.802195 0.776841
vt 0.810246 0.776841
vt 0.810246 0.770969
vt 0.810246 0.765097
vt 0.802195 0.759225
vt 0.810246 0.759225
vt 0.794408 0.759225
vt 0.802195 0.753352
vt 0.810246 0.753352
vt 0.794408 0.753352
vt 0.802195 0.747480
vt 0.810246 0.747480
vt 0.794408 0.747480
vt 0.802195 0.741608
vt 0.810246 0.741608
vt 0.794408 0.741608
vt 0.802195 0.735736
vt 0.810246 0.735736
vt 0.794408 0.735736
vt 0.802195 0.729864
vt 0.810246 0.729864
vt 0.794408 0.729864
vt 0.802195 0.723992
vt 0.810246 0.723992
vt 0.794408 0.723992
vt 0.802195 0.718119
vt 0.810246 0.718119
vt 0.794408 0.718119
vt 0.802195 0.712247
vt 0.810246 0.712247
vt 0.794408 0.712247
vt 0.802195 0.706375
vt 0.810246 0.706375
vt 0.794408 0.706375
vt 0.802195 0.700503
vt 0.810246 0.700503
vt 0.794408 0.700503
vt 0.802195 0.788586
vt 0.802195 0.794458
vt 0.810246 0.794458
vt 0.810246 0.788586
vt 0.794408 0.788586
vt 0.794408 0.794458
vt 0.802195 0.782714
vt 0.810246 0.782714
vt 0.794408 0.782714
vt 0.786814 0.782714
vt 0.786814 0.788586
vt 0.786814 0.776841
vt 0.786814 0.770969
vt 0.779219 0.776841
vt 0.779219 0.782714
vt 0.779219 0.770969
vt 0.786814 0.765097
vt 0.779219 0.765097
vt 0.771432 0.770969
vt 0.771432 0.776841
vt 0.771432 0.765097
vt 0.779219 0.759225
vt 0.786814 0.759225
vt 0.771432 0.759225
vt 0.779219 0.753352
vt 0.786814 0.753352
vt 0.771432 0.753352
vt 0.779219 0.747480
vt 0.786814 0.747480
vt 0.771432 0.747480
vt 0.779219 0.741608
vt 0.786814 0.741608
vt 0.771432 0.741608
vt 0.779219 0.735736
vt 0.786814 0.735736
vt 0.771432 0.735736
vt 0.779219 0.729864
vt 0.786814 0.729864
vt 0.771432 0.729864
vt 0.779219 0.723992
vt 0.786814 0.723992
vt 0.771432 0.723992
vt 0.779219 0.718119
vt 0.786814 0.718119
vt 0.771432 0.718119
vt 0.779219 0.712247
vt 0.786814 0.712247
vt 0.771432 0.712247
vt 0.779219 0.706375
vt 0.786814 0.706375
vt 0.771432 0.706375
vt 0.779219 0.700503
vt 0.786814 0.700503
vt 0.771432 0.700503
vt 0.779219 0.788586
vt 0.779219 0.794458
vt 0.786814 0.794458
vt 0.771432 0.788586
vt 0.771432 0.794458
vt 0.771432 0.782714
vt 0.763381 0.782714
vt 0.763381 0.788586
vt 0.763381 0.776841
vt 0.763381 0.770969
vt 0.763381 0.765097
vt 0.763381 0.759225
vt 0.763381 0.753352
vt 0.763381 0.747480
vt 0.763381 0.741608
vt 0.763381 0.735736
vt 0.763381 0.729864
vt 0.763381 0.723992
vt 0.763381 0.718119
vt 0.763381 0.712247
vt 0.763381 0.706375
vt 0.763381 0.700503
vt 0.763381 0.794458
vt 0.846025 0.665623
vt 0.846025 0.671496
vt 0.853812 0.671496
vt 0.853812 0.665623
vt 0.846025 0.677368
vt 0.853812 0.677368
vt 0.861863 0.677368
vt 0.861863 0.671496
vt 0.861863 0.665623
vt 0.853812 0.659751
vt 0.861863 0.659751
vt 0.846025 0.659751
vt 0.853812 0.653879
vt 0.861863 0.653879
vt 0.846025 0.653879
vt 0.853812 0.648007
vt 0.861863 0.648007
vt 0.846025 0.648007
vt 0.853812 0.642135
vt 0.861863 0.642135
vt 0.846025 0.642135
vt 0.853812 0.636262
vt 0.861863 0.636263
vt 0.846025 0.636262
vt 0.853812 0.630390
vt 0.861863 0.630390
vt 0.846025 0.630390
vt 0.853812 0.624518
vt 0.861863 0.624518
vt 0.846025 0.624518
vt 0.853812 0.618646
vt 0.861863 0.618646
vt 0.846025 0.618646
vt 0.853812 0.612774
vt 0.861863 0.612774
vt 0.846025 0.612774
vt 0.853812 0.606902
vt 0.861863 0.606902
vt 0.846025 0.606902
vt 0.853812 0.601029
vt 0.861863 0.601029
vt 0.846025 0.601029
vt 0.853812 0.689112
vt 0.853812 0.694984
vt 0.861863 0.694984
vt 0.861863 0.689112
vt 0.846025 0.689112
vt 0.846025 0.694984
vt 0.853812 0.683240
vt 0.861863 0.683240
vt 0.846025 0.683240
vt 0.838431 0.683240
vt 0.838431 0.689112
vt 0.838431 0.677368
vt 0.838431 0.671496
vt 0.830836 0.677368
vt 0.830836 0.683240
vt 0.830836 0.671496
vt 0.838431 0.665623
vt 0.830836 0.665623
vt 0.823048 0.671496
vt 0.823048 0.677368
vt 0.823048 0.665623
vt 0.830836 0.659751
vt 0.838431 0.659751
vt 0.823048 0.659751
vt 0.830836 0.653879
vt 0.838431 0.653879
vt 0.823048 0.653879
vt 0.830836 0.648007
vt 0.838431 0.648007
vt 0.823048 0.648007
vt 0.830836 0.642135
vt 0.838431 0.642135
vt 0.823048 0.642135
vt 0.830836 0.636263
vt 0.838431 0.636263
vt 0.823048 0.636263
vt 0.830836 0.630390
vt 0.838431 0.630390
vt 0.823048 0.630390
vt 0.830836 0.624518
vt 0.838431 0.624518
vt 0.823048 0.624518
vt 0.830836 0.618646
vt 0.838431 0.618646
vt 0.823048 0.618646
vt 0.830836 0.612774
vt 0.838431 0.612774
vt 0.823048 0.612774
vt 0.830836 0.606902
vt 0.838431 0.606902
vt 0.823048 0.606902
vt 0.830836 0.601029
vt 0.838431 0.601029
vt 0.823048 0.601029
vt 0.830836 0.689112
vt 0.830836 0.694984
vt 0.838431 0.694984
vt 0.823048 0.689112
vt 0.823048 0.694984
vt 0.823048 0.683240
vt 0.814998 0.683240
vt 0.814998 0.689112
vt 0.814998 0.677368
vt 0.814998 0.671496
vt 0.814998 0.665623
vt 0.814998 0.659751
vt 0.814998 0.653879
vt 0.814998 0.648007
vt 0.814998 0.642135
vt 0.814998 0.636263
vt 0.814998 0.630390
vt 0.814998 0.624518
vt 0.814998 0.618646
vt 0.814998 0.612774
vt 0.814998 0.606902
vt 0.814998 0.601029
vt 0.814998 0.694984
vt 0.949903 0.665627
vt 0.949903 0.671499
vt 0.957690 0.671499
vt 0.957690 0.665627
vt 0.949903 0.677372
vt 0.957690 0.677372
vt 0.965741 0.677372
vt 0.965741 0.671499
vt 0.965741 0.665627
vt 0.957690 0.659755
vt 0.965741 0.659755
vt 0.949903 0.659755
vt 0.957690 0.653883
vt 0.965741 0.653883
vt 0.949903 0.653883
vt 0.957690 0.648011
vt 0.965741 0.648011
vt 0.949903 0.648011
vt 0.957690 0.642138
vt 0.965741 0.642138
vt 0.949903 0.642138
vt 0.957690 0.636266
vt 0.965741 0.636266
vt 0.949903 0.636266
vt 0.957690 0.630394
vt 0.965741 0.630394
vt 0.949903 0.630394
vt 0.957690 0.624522
vt 0.965741 0.624522
vt 0.949903 0.624522
vt 0.957690 0.618649
vt 0.965741 0.618649
vt 0.949903 0.618649
vt 0.957690 0.612777
vt 0.965741 0.612777
vt 0.949903 0.612777
vt 0.957690 0.606905
vt 0.965741 0.606905
vt 0.949903 0.606905
vt 0.957690 0.601033
vt 0.965741 0.601033
vt 0.949903 0.601033
vt 0.957690 0.689116
vt 0.957690 0.694988
vt 0.965741 0.694988
vt 0.965741 0.689116
vt 0.949903 0.689116
vt 0.949903 0.694988
vt 0.957690 0.683244
vt 0.965741 0.683244
vt 0.949903 0.683244
vt 0.942308 0.683244
vt 0.942308 0.689116
vt 0.942308 0.677372
vt 0.942308 0.671499
vt 0.934714 0.677372
vt 0.934714 0.683244
vt 0.934714 0.671499
vt 0.942308 0.665627
vt 0.934714 0.665627
vt 0.926926 0.671499
vt 0.926926 0.677372
vt 0.926926 0.665627
vt 0.934714 0.659755
vt 0.942308 0.659755
vt 0.926926 0.659755
vt 0.934714 0.653883
vt 0.942308 0.653883
vt 0.926926 0.653883
vt 0.934714 0.648011
vt 0.942308 0.648011
vt 0.926926 0.648011
vt 0.934714 0.642138
vt 0.942308 0.642138
vt 0.926926 0.642138
vt 0.934714 0.636266
vt 0.942308 0.636266
vt 0.926926 0.636266
vt 0.934714 0.630394
vt 0.942308 0.630394
vt 0.926926 0.630394
vt 0.934714 0.624522
vt 0.942308 0.624522
vt 0.926926 0.624522
vt 0.934714 0.618649
vt 0.942308 0.618649
vt 0.926926 0.618649
vt 0.934714 0.612777
vt 0.942308 0.612777
vt 0.926926 0.612777
vt 0.934714 0.606905
vt 0.942308 0.606905
vt 0.926926 0.606905
vt 0.934714 0.601033
vt 0.942308 0.601033
vt 0.926926 0.601033
vt 0.934714 0.689116
vt 0.934714 0.694988
vt 0.942308 0.694988
vt 0.926926 0.689116
vt 0.926926 0.694988
vt 0.926926 0.683244
vt 0.918875 0.683244
vt 0.918875 0.689116
vt 0.918875 0.677372
vt 0.918875 0.671499
vt 0.918875 0.665627
vt 0.918875 0.659755
vt 0.918875 0.653883
vt 0.918875 0.648011
vt 0.918875 0.642138
vt 0.918875 0.636266
vt 0.918875 0.630394
vt 0.918875 0.624522
vt 0.918875 0.618649
vt 0.918875 0.612777
vt 0.918875 0.606905
vt 0.918875 0.601033
vt 0.918875 0.694988
vt 0.793591 0.566307
vt 0.793591 0.572179
vt 0.801379 0.572179
vt 0.801379 0.566307
vt 0.793591 0.578051
vt 0.801379 0.578051
vt 0.809429 0.578051
vt 0.809429 0.572179
vt 0.809429 0.566307
vt 0.801379 0.560434
vt 0.809429 0.560434
vt 0.793591 0.560434
vt 0.801379 0.554562
vt 0.809429 0.554562
vt 0.793591 0.554562
vt 0.801379 0.548690
vt 0.809429 0.548690
vt 0.793591 0.548690
vt 0.801379 0.542818
vt 0.809429 0.542818
vt 0.793591 0.542818
vt 0.801379 0.536946
vt 0.809429 0.536946
vt 0.793591 0.536946
vt 0.801379 0.531073
vt 0.809429 0.531073
vt 0.793591 0.531073
vt 0.801379 0.525201
vt 0.809429 0.525201
vt 0.793591 0.525201
vt 0.801379 0.519329
vt 0.809429 0.519329
vt 0.793591 0.519329
vt 0.801379 0.513457
vt 0.809429 0.513457
vt 0.793591 0.513457
vt 0.801379 0.507585
vt 0.809429 0.507585
vt 0.793591 0.507585
vt 0.801379 0.501712
vt 0.809429 0.501712
vt 0.793591 0.501712
vt 0.801379 0.589795
vt 0.801379 0.595668
vt 0.809429 0.595668
vt 0.809429 0.589795
vt 0.793591 0.589795
vt 0.793591 0.595668
vt 0.801379 0.583923
vt 0.809429 0.583923
vt 0.793591 0.583923
vt 0.785997 0.583923
vt 0.785997 0.589795
vt 0.785997 0.578051
vt 0.785997 0.572179
vt 0.778403 0.578051
vt 0.778403 0.583923
vt 0.778403 0.572179
vt 0.785997 0.566307
vt 0.778403 0.566307
vt 0.770615 0.572179
vt 0.770615 0.578051
vt 0.770615 0.566307
vt 0.778403 0.560434
vt 0.785997 0.560434
vt 0.770615 0.560434
vt 0.778403 0.554562
vt 0.785997 0.554562
vt 0.770615 0.554562
vt 0.778403 0.548690
vt 0.785997 0.548690
vt 0.770615 0.548690
vt 0.778403 0.542818
vt 0.785997 0.542818
vt 0.770615 0.542818
vt 0.778403 0.536946
vt 0.785997 0.536946
vt 0.770615 0.536946
vt 0.778403 0.531073
vt 0.785997 0.531073
vt 0.770615 0.531073
vt 0.778403 0.525201
vt 0.785997 0.525201
vt 0.770615 0.525201
vt 0.778403 0.519329
vt 0.785997 0.519329
vt 0.770615 0.519329
vt 0.778403 0.513457
vt 0.785997 0.513457
vt 0.770615 0.513457
vt 0.778403 0.507585
vt 0.785997 0.507585
vt 0.770615 0.507585
vt 0.778403 0.501712
vt 0.785997 0.501712
vt 0.770615 0.501712
vt 0.778403 0.589795
vt 0.778403 0.595668
vt 0.785997 0.595668
vt 0.770615 0.589795
vt 0.770615 0.595668
vt 0.770615 0.583923
vt 0.762564 0.583923
vt 0.762564 0.589795
vt 0.762564 0.578051
vt 0.762564 0.572179
vt 0.762564 0.566307
vt 0.762564 0.560434
vt 0.762564 0.554562
vt 0.762564 0.548690
vt 0.762564 0.542818
vt 0.762564 0.536946
vt 0.762564 0.531073
vt 0.762564 0.525201
vt 0.762564 0.519329
vt 0.762564 0.513457
vt 0.762564 0.507585
vt 0.762564 0.501712
vt 0.762564 0.595668
vt 0.949408 0.566309
vt 0.949408 0.572181
vt 0.957196 0.572181
vt 0.957196 0.566309
vt 0.949408 0.578053
vt 0.957196 0.578053
vt 0.965246 0.578053
vt 0.965246 0.572181
vt 0.965246 0.566309
vt 0.957196 0.560436
vt 0.965246 0.560436
vt 0.949408 0.560436
vt 0.957196 0.554564
vt 0.965246 0.554564
vt 0.949408 0.554564
vt 0.957196 0.548692
vt 0.965246 0.548692
vt 0.949408 0.548692
vt 0.957196 0.542820
vt 0.965246 0.542820
vt 0.949408 0.542820
vt 0.957196 0.536948
vt 0.965246 0.536948
vt 0.949408 0.536948
vt 0.957196 0.531076
vt 0.965246 0.531076
vt 0.949408 0.531076
vt 0.957196 0.525203
vt 0.965246 0.525203
vt 0.949408 0.525203
vt 0.957196 0.519331
vt 0.965246 0.519331
vt 0.949408 0.519331
vt 0.957196 0.513459
vt 0.965246 0.513459
vt 0.949408 0.513459
vt 0.957196 0.507587
vt 0.965246 0.507587
vt 0.949408 0.507587
vt 0.957196 0.501714
vt 0.965246 0.501714
vt 0.949408 0.501714
vt 0.957196 0.589798
vt 0.957196 0.595670
vt 0.965246 0.595670
vt 0.965246 0.589798
vt 0.949408 0.589798
vt 0.949408 0.595670
vt 0.957196 0.583925
vt 0.965246 0.583925
vt 0.949408 0.583925
vt 0.941814 0.583925
vt 0.941814 0.589798
vt 0.941814 0.578053
vt 0.941814 0.572181
vt 0.934219 0.578053
vt 0.934219 0.583925
vt 0.934219 0.572181
vt 0.941814 0.566309
vt 0.934219 0.566309
vt 0.926432 0.572181
vt 0.926432 0.578053
vt 0.926432 0.566309
vt 0.934219 0.560436
vt 0.941814 0.560436
vt 0.926432 0.560436
vt 0.934219 0.554564
vt 0.941814 0.554564
vt 0.926432 0.554564
vt 0.934219 0.548692
vt 0.941814 0.548692
vt 0.926432 0.548692
vt 0.934219 0.542820
vt 0.941814 0.542820
vt 0.926432 0.542820
vt 0.934219 0.536948
vt 0.941814 0.536948
vt 0.926432 0.536948
vt 0.934219 0.531076
vt 0.941814 0.531076
vt 0.926432 0.531076
vt 0.934219 0.525203
vt 0.941814 0.525203
vt 0.926432 0.525203
vt 0.934219 0.519331
vt 0.941814 0.519331
vt 0.926432 0.519331
vt 0.934219 0.513459
vt 0.941814 0.513459
vt 0.926432 0.513459
vt 0.934219 0.507587
vt 0.941814 0.507587
vt 0.926432 0.507587
vt 0.934219 0.501714
vt 0.941814 0.501714
vt 0.926432 0.501714
vt 0.934219 0.589798
vt 0.934219 0.595670
vt 0.941814 0.595670
vt 0.926432 0.589798
vt 0.926432 0.595670
vt 0.926432 0.583925
vt 0.918381 0.583925
vt 0.918381 0.589798
vt 0.918381 0.578053
vt 0.918381 0.572181
vt 0.918381 0.566309
vt 0.918381 0.560436
vt 0.918381 0.554564
vt 0.918381 0.548692
vt 0.918381 0.542820
vt 0.918381 0.536948
vt 0.918381 0.531076
vt 0.918381 0.525203
vt 0.918381 0.519331
vt 0.918381 0.513459
vt 0.918381 0.507587
vt 0.918381 0.501714
vt 0.918381 0.595670
vt 0.741893 0.467905
vt 0.741893 0.473777
vt 0.749680 0.473777
vt 0.749680 0.467905
vt 0.741893 0.479650
vt 0.749680 0.479650
vt 0.757731 0.479650
vt 0.757731 0.473777
vt 0.757731 0.467905
vt 0.749680 0.462033
vt 0.757731 0.462033
vt 0.741893 0.462033
vt 0.749680 0.456161
vt 0.757731 0.456161
vt 0.741893 0.456161
vt 0.749680 0.450288
vt 0.757731 0.450288
vt 0.741893 0.450288
vt 0.749680 0.444416
vt 0.757731 0.444416
vt 0.741893 0.444416
vt 0.749680 0.438544
vt 0.757731 0.438544
vt 0.741893 0.438544
vt 0.749680 0.432672
vt 0.757731 0.432672
vt 0.741893 0.432672
vt 0.749680 0.426800
vt 0.757731 0.426800
vt 0.741893 0.426800
vt 0.749680 0.420927
vt 0.757731 0.420927
vt 0.741893 0.420927
vt 0.749680 0.415055
vt 0.757731 0.415055
vt 0.741893 0.415055
vt 0.749680 0.409183
vt 0.757731 0.409183
vt 0.741893 0.409183
vt 0.749680 0.403311
vt 0.757731 0.403311
vt 0.741893 0.403311
vt 0.749680 0.491394
vt 0.749680 0.497266
vt 0.757731 0.497266
vt 0.757731 0.491394
vt 0.741893 0.491394
vt 0.741893 0.497266
vt 0.749680 0.485522
vt 0.757731 0.485522
vt 0.741893 0.485522
vt 0.734298 0.485522
vt 0.734298 0.491394
vt 0.734298 0.479650
vt 0.734298 0.473777
vt 0.726704 0.479650
vt 0.726704 0.485522
vt 0.726704 0.473777
vt 0.734298 0.467905
vt 0.726704 0.467905
vt 0.718917 0.473777
vt 0.718917 0.479650
vt 0.718917 0.467905
vt 0.726704 0.462033
vt 0.734298 0.462033
vt 0.718917 0.462033
vt 0.726704 0.456161
vt 0.734298 0.456161
vt 0.718917 0.456161
vt 0.726704 0.450288
vt 0.734298 0.450288
vt 0.718917 0.450288
vt 0.726704 0.444416
vt 0.734298 0.444416
vt 0.718917 0.444416
vt 0.726704 0.438544
vt 0.734298 0.438544
vt 0.718917 0.438544
vt 0.726704 0.432672
vt 0.734298 0.432672
vt 0.718917 0.432672
vt 0.726704 0.426800
vt 0.734298 0.426800
vt 0.718917 0.426800
vt 0.726704 0.420927
vt 0.734298 0.420927
vt 0.718917 0.420927
vt 0.726704 0.415055
vt 0.734298 0.415055
vt 0.718917 0.415055
vt 0.726704 0.409183
vt 0.734298 0.409183
vt 0.718917 0.409183
vt 0.726704 0.403311
vt 0.734298 0.403311
vt 0.718917 0.403311
vt 0.726704 0.491394
vt 0.726704 0.497266
vt 0.734298 0.497266
vt 0.718917 0.491394
vt 0.718917 0.497266
vt 0.718917 0.485522
vt 0.710866 0.485522
vt 0.710866 0.491394
vt 0.710866 0.479650
vt 0.710866 0.473777
vt 0.710866 0.467905
vt 0.710866 0.462033
vt 0.710866 0.456161
vt 0.710866 0.450288
vt 0.710866 0.444416
vt 0.710866 0.438544
vt 0.710866 0.432672
vt 0.710866 0.426800
vt 0.710866 0.420927
vt 0.710866 0.415055
vt 0.710866 0.409183
vt 0.710866 0.403311
vt 0.710866 0.497266
vt 0.897469 0.566309
vt 0.897469 0.572181
vt 0.905257 0.572181
vt 0.905257 0.566309
vt 0.897469 0.578053
vt 0.905257 0.578053
vt 0.913307 0.578053
vt 0.913307 0.572181
vt 0.913307 0.566309
vt 0.905257 0.560437
vt 0.913307 0.560437
vt 0.897469 0.560437
vt 0.905257 0.554564
vt 0.913307 0.554564
vt 0.897469 0.554564
vt 0.905257 0.548692
vt 0.913307 0.548692
vt 0.897469 0.548692
vt 0.905257 0.542820
vt 0.913307 0.542820
vt 0.897469 0.542820
vt 0.905257 0.536948
vt 0.913307 0.536948
vt 0.897469 0.536948
vt 0.905257 0.531076
vt 0.913307 0.531076
vt 0.897469 0.531076
vt 0.905257 0.525203
vt 0.913307 0.525203
vt 0.897469 0.525203
vt 0.905257 0.519331
vt 0.913307 0.519331
vt 0.897469 0.519331
vt 0.905257 0.513459
vt 0.913307 0.513459
vt 0.897469 0.513459
vt 0.905257 0.507587
vt 0.913307 0.507587
vt 0.897469 0.507587
vt 0.905257 0.501714
vt 0.913307 0.501714
vt 0.897469 0.501714
vt 0.905257 0.589798
vt 0.905257 0.595670
vt 0.913307 0.595670
vt 0.913307 0.589798
vt 0.897469 0.589798
vt 0.897469 0.595670
vt 0.905257 0.583925
vt 0.913307 0.583925
vt 0.897469 0.583925
vt 0.889875 0.583925
vt 0.889875 0.589798
vt 0.889875 0.578053
vt 0.889875 0.572181
vt 0.882281 0.578053
vt 0.882281 0.583925
vt 0.882281 0.572181
vt 0.889875 0.566309
vt 0.882281 0.566309
vt 0.874493 0.572181
vt 0.874493 0.578053
vt 0.874493 0.566309
vt 0.882281 0.560437
vt 0.889875 0.560437
vt 0.874493 0.560437
vt 0.882281 0.554564
vt 0.889875 0.554564
vt 0.874493 0.554564
vt 0.882281 0.548692
vt 0.889875 0.548692
vt 0.874493 0.548692
vt 0.882281 0.542820
vt 0.889875 0.542820
vt 0.874493 0.542820
vt 0.882281 0.536948
vt 0.889875 0.536948
vt 0.874493 0.536948
vt 0.882281 0.531076
vt 0.889875 0.531076
vt 0.874493 0.531076
vt 0.882281 0.525203
vt 0.889875 0.525203
vt 0.874493 0.525203
vt 0.882281 0.519331
vt 0.889875 0.519331
vt 0.874493 0.519331
vt 0.882281 0.513459
vt 0.889875 0.513459
vt 0.874493 0.513459
vt 0.882281 0.507587
vt 0.889875 0.507587
vt 0.874493 0.507587
vt 0.882281 0.501714
vt 0.889875 0.501714
vt 0.874493 0.501714
vt 0.882281 0.589798
vt 0.882281 0.595670
vt 0.889875 0.595670
vt 0.874493 0.589798
vt 0.874493 0.595670
vt 0.874493 0.583925
vt 0.866442 0.583925
vt 0.866442 0.589798
vt 0.866442 0.578053
vt 0.866442 0.572181
vt 0.866442 0.566309
vt 0.866442 0.560437
vt 0.866442 0.554564
vt 0.866442 0.548692
vt 0.866442 0.542820
vt 0.866442 0.536948
vt 0.866442 0.531076
vt 0.866442 0.525203
vt 0.866442 0.519331
vt 0.866442 0.513459
vt 0.866442 0.507587
vt 0.866442 0.501714
vt 0.866442 0.595670
vt 0.793832 0.467906
vt 0.793832 0.473778
vt 0.801619 0.473778
vt 0.801619 0.467906
vt 0.793832 0.479650
vt 0.801619 0.479650
vt 0.809670 0.479650
vt 0.809670 0.473778
vt 0.809670 0.467906
vt 0.801619 0.462033
vt 0.809670 0.462033
vt 0.793832 0.462033
vt 0.801619 0.456161
vt 0.809670 0.456161
vt 0.793832 0.456161
vt 0.801619 0.450289
vt 0.809670 0.450289
vt 0.793832 0.450289
vt 0.801619 0.444417
vt 0.809670 0.444417
vt 0.793832 0.444417
vt 0.801619 0.438545
vt 0.809670 0.438545
vt 0.793832 0.438545
vt 0.801619 0.432672
vt 0.809670 0.432672
vt 0.793832 0.432672
vt 0.801619 0.426800
vt 0.809670 0.426800
vt 0.793832 0.426800
vt 0.801619 0.420928
vt 0.809670 0.420928
vt 0.793832 0.420928
vt 0.801619 0.415056
vt 0.809670 0.415056
vt 0.793832 0.415056
vt 0.801619 0.409184
vt 0.809670 0.409184
vt 0.793832 0.409184
vt 0.801619 0.403311
vt 0.809670 0.403311
vt 0.793832 0.403311
vt 0.801619 0.491395
vt 0.801619 0.497267
vt 0.809670 0.497267
vt 0.809670 0.491395
vt 0.793832 0.491395
vt 0.793832 0.497267
vt 0.801619 0.485522
vt 0.809670 0.485522
vt 0.793832 0.485522
vt 0.786237 0.485522
vt 0.786237 0.491395
vt 0.786237 0.479650
vt 0.786237 0.473778
vt 0.778643 0.479650
vt 0.778643 0.485522
vt 0.778643 0.473778
vt 0.786237 0.467906
vt 0.778643 0.467906
vt 0.770855 0.473778
vt 0.770855 0.479650
vt 0.770855 0.467906
vt 0.778643 0.462033
vt 0.786237 0.462033
vt 0.770855 0.462033
vt 0.778643 0.456161
vt 0.786237 0.456161
vt 0.770855 0.456161
vt 0.778643 0.450289
vt 0.786237 0.450289
vt 0.770855 0.450289
vt 0.778643 0.444417
vt 0.786237 0.444417
vt 0.770855 0.444417
vt 0.778643 0.438545
vt 0.786237 0.438545
vt 0.770855 0.438545
vt 0.778643 0.432672
vt 0.786237 0.432672
vt 0.770855 0.432672
vt 0.778643 0.426800
vt 0.786237 0.426800
vt 0.770855 0.426800
vt 0.778643 0.420928
vt 0.786237 0.420928
vt 0.770855 0.420928
vt 0.778643 0.415056
vt 0.786237 0.415056
vt 0.770855 0.415056
vt 0.778643 0.409184
vt 0.786237 0.409184
vt 0.770855 0.409184
vt 0.778643 0.403311
vt 0.786237 0.403311
vt 0.770855 0.403311
vt 0.778643 0.491395
vt 0.778643 0.497267
vt 0.786237 0.497267
vt 0.770855 0.491395
vt 0.770855 0.497267
vt 0.770855 0.485522
vt 0.762805 0.485522
vt 0.762805 0.491395
vt 0.762805 0.479650
vt 0.762805 0.473778
vt 0.762805 0.467906
vt 0.762805 0.462033
vt 0.762805 0.456161
vt 0.762805 0.450289
vt 0.762805 0.444417
vt 0.762805 0.438545
vt 0.762805 0.432672
vt 0.762805 0.426800
vt 0.762805 0.420928
vt 0.762805 0.415056
vt 0.762805 0.409184
vt 0.762805 0.403311
vt 0.762805 0.497267
vt 0.845530 0.566309
vt 0.845530 0.572181
vt 0.853318 0.572181
vt 0.853318 0.566309
vt 0.845530 0.578053
vt 0.853318 0.578053
vt 0.861368 0.578053
vt 0.861368 0.572181
vt 0.861368 0.566309
vt 0.853318 0.560437
vt 0.861368 0.560437
vt 0.845530 0.560437
vt 0.853318 0.554564
vt 0.861368 0.554564
vt 0.845530 0.554564
vt 0.853318 0.548692
vt 0.861368 0.548692
vt 0.845530 0.548692
vt 0.853318 0.542820
vt 0.861368 0.542820
vt 0.845530 0.542820
vt 0.853318 0.536948
vt 0.861368 0.536948
vt 0.845530 0.536948
vt 0.853318 0.531076
vt 0.861368 0.531076
vt 0.845530 0.531076
vt 0.853318 0.525203
vt 0.861368 0.525203
vt 0.845530 0.525203
vt 0.853318 0.519331
vt 0.861368 0.519331
vt 0.845530 0.519331
vt 0.853318 0.513459
vt 0.861368 0.513459
vt 0.845530 0.513459
vt 0.853318 0.507587
vt 0.861368 0.507587
vt 0.845530 0.507587
vt 0.853318 0.501714
vt 0.861368 0.501714
vt 0.845530 0.501714
vt 0.853318 0.589798
vt 0.853318 0.595670
vt 0.861368 0.595670
vt 0.861368 0.589798
vt 0.845530 0.589798
vt 0.845530 0.595670
vt 0.853318 0.583925
vt 0.861368 0.583925
vt 0.845530 0.583925
vt 0.837936 0.583925
vt 0.837936 0.589798
vt 0.837936 0.578053
vt 0.837936 0.572181
vt 0.830342 0.578053
vt 0.830342 0.583925
vt 0.830342 0.572181
vt 0.837936 0.566309
vt 0.830342 0.566309
vt 0.822554 0.572181
vt 0.822554 0.578053
vt 0.822554 0.566309
vt 0.830342 0.560437
vt 0.837936 0.560437
vt 0.822554 0.560437
vt 0.830342 0.554564
vt 0.837936 0.554564
vt 0.822554 0.554564
vt 0.830342 0.548692
vt 0.837936 0.548692
vt 0.822554 0.548692
vt 0.830342 0.542820
vt 0.837936 0.542820
vt 0.822554 0.542820
vt 0.830342 0.536948
vt 0.837936 0.536948
vt 0.822554 0.536948
vt 0.830342 0.531076
vt 0.837936 0.531076
vt 0.822554 0.531076
vt 0.830342 0.525203
vt 0.837936 0.525203
vt 0.822554 0.525203
vt 0.830342 0.519331
vt 0.837936 0.519331
vt 0.822554 0.519331
vt 0.830342 0.513459
vt 0.837936 0.513459
vt 0.822554 0.513459
vt 0.830342 0.507587
vt 0.837936 0.507587
vt 0.822554 0.507587
vt 0.830342 0.501714
vt 0.837936 0.501714
vt 0.822554 0.501714
vt 0.830342 0.589798
vt 0.830342 0.595670
vt 0.837936 0.595670
vt 0.822554 0.589798
vt 0.822554 0.595670
vt 0.822554 0.583925
vt 0.814503 0.583925
vt 0.814503 0.589798
vt 0.814503 0.578053
vt 0.814503 0.572181
vt 0.814503 0.566309
vt 0.814503 0.560437
vt 0.814503 0.554564
vt 0.814503 0.548692
vt 0.814503 0.542820
vt 0.814503 0.536948
vt 0.814503 0.531076
vt 0.814503 0.525203
vt 0.814503 0.519331
vt 0.814503 0.513459
vt 0.814503 0.507587
vt 0.814503 0.501714
vt 0.814503 0.595670
vt 0.897710 0.467904
vt 0.897710 0.473776
vt 0.905497 0.473776
vt 0.905497 0.467904
vt 0.897710 0.479649
vt 0.905497 0.479649
vt 0.913548 0.479649
vt 0.913548 0.473776
vt 0.913548 0.467904
vt 0.905497 0.462032
vt 0.913548 0.462032
vt 0.897710 0.462032
vt 0.905497 0.456160
vt 0.913548 0.456160
vt 0.897710 0.456160
vt 0.905497 0.450287
vt 0.913548 0.450287
vt 0.897710 0.450287
vt 0.905497 0.444415
vt 0.913548 0.444415
vt 0.897710 0.444415
vt 0.905497 0.438543
vt 0.913548 0.438543
vt 0.897710 0.438543
vt 0.905497 0.432671
vt 0.913548 0.432671
vt 0.897710 0.432671
vt 0.905497 0.426799
vt 0.913548 0.426799
vt 0.897710 0.426799
vt 0.905497 0.420926
vt 0.913548 0.420926
vt 0.897710 0.420926
vt 0.905497 0.415054
vt 0.913548 0.415054
vt 0.897710 0.415054
vt 0.905497 0.409182
vt 0.913548 0.409182
vt 0.897710 0.409182
vt 0.905497 0.403310
vt 0.913548 0.403310
vt 0.897710 0.403310
vt 0.905497 0.491393
vt 0.905497 0.497265
vt 0.913548 0.497265
vt 0.913548 0.491393
vt 0.897710 0.491393
vt 0.897710 0.497265
vt 0.905497 0.485521
vt 0.913548 0.485521
vt 0.897710 0.485521
vt 0.890115 0.485521
vt 0.890115 0.491393
vt 0.890115 0.479649
vt 0.890115 0.473776
vt 0.882521 0.479649
vt 0.882521 0.485521
vt 0.882521 0.473776
vt 0.890115 0.467904
vt 0.882521 0.467904
vt 0.874733 0.473776
vt 0.874733 0.479648
vt 0.874733 0.467904
vt 0.882521 0.462032
vt 0.890115 0.462032
vt 0.874733 0.462032
vt 0.882521 0.456160
vt 0.890115 0.456160
vt 0.874733 0.456160
vt 0.882521 0.450287
vt 0.890115 0.450287
vt 0.874733 0.450287
vt 0.882521 0.444415
vt 0.890115 0.444415
vt 0.874733 0.444415
vt 0.882521 0.438543
vt 0.890115 0.438543
vt 0.874733 0.438543
vt 0.882521 0.432671
vt 0.890115 0.432671
vt 0.874733 0.432671
vt 0.882521 0.426799
vt 0.890115 0.426799
vt 0.874733 0.426799
vt 0.882521 0.420926
vt 0.890115 0.420926
vt 0.874733 0.420926
vt 0.882521 0.415054
vt 0.890115 0.415054
vt 0.874733 0.415054
vt 0.882521 0.409182
vt 0.890115 0.409182
vt 0.874733 0.409182
vt 0.882521 0.403310
vt 0.890115 0.403310
vt 0.874733 0.403310
vt 0.882521 0.491393
vt 0.882521 0.497265
vt 0.890115 0.497265
vt 0.874733 0.491393
vt 0.874733 0.497265
vt 0.874733 0.485521
vt 0.866683 0.485521
vt 0.866683 0.491393
vt 0.866683 0.479648
vt 0.866683 0.473776
vt 0.866683 0.467904
vt 0.866683 0.462032
vt 0.866683 0.456160
vt 0.866683 0.450287
vt 0.866683 0.444415
vt 0.866683 0.438543
vt 0.866683 0.432671
vt 0.866683 0.426799
vt 0.866683 0.420926
vt 0.866683 0.415054
vt 0.866683 0.409182
vt 0.866683 0.403310
vt 0.866683 0.497265
vt 0.845771 0.467905
vt 0.845771 0.473777
vt 0.853558 0.473777
vt 0.853558 0.467905
vt 0.845771 0.479650
vt 0.853558 0.479650
vt 0.861609 0.479650
vt 0.861609 0.473777
vt 0.861609 0.467905
vt 0.853558 0.462033
vt 0.861609 0.462033
vt 0.845771 0.462033
vt 0.853558 0.456161
vt 0.861609 0.456161
vt 0.845771 0.456161
vt 0.853558 0.450289
vt 0.861609 0.450289
vt 0.845771 0.450289
vt 0.853558 0.444416
vt 0.861609 0.444416
vt 0.845771 0.444416
vt 0.853558 0.438544
vt 0.861609 0.438544
vt 0.845771 0.438544
vt 0.853558 0.432672
vt 0.861609 0.432672
vt 0.845771 0.432672
vt 0.853558 0.426800
vt 0.861609 0.426800
vt 0.845771 0.426800
vt 0.853558 0.420927
vt 0.861609 0.420927
vt 0.845771 0.420927
vt 0.853558 0.415055
vt 0.861609 0.415055
vt 0.845771 0.415055
vt 0.853558 0.409183
vt 0.861609 0.409183
vt 0.845771 0.409183
vt 0.853558 0.403311
vt 0.861609 0.403311
vt 0.845771 0.403311
vt 0.853558 0.491394
vt 0.853558 0.497266
vt 0.861609 0.497266
vt 0.861609 0.491394
vt 0.845771 0.491394
vt 0.845771 0.497266
vt 0.853558 0.485522
vt 0.861609 0.485522
vt 0.845771 0.485522
vt 0.838176 0.485522
vt 0.838176 0.491394
vt 0.838176 0.479650
vt 0.838176 0.473777
vt 0.830582 0.479650
vt 0.830582 0.485522
vt 0.830582 0.473777
vt 0.838176 0.467905
vt 0.830582 0.467905
vt 0.822794 0.473777
vt 0.822794 0.479650
vt 0.822794 0.467905
vt 0.830582 0.462033
vt 0.838176 0.462033
vt 0.822794 0.462033
vt 0.830582 0.456161
vt 0.838176 0.456161
vt 0.822794 0.456161
vt 0.830582 0.450289
vt 0.838176 0.450289
vt 0.822794 0.450289
vt 0.830582 0.444416
vt 0.838176 0.444416
vt 0.822794 0.444416
vt 0.830582 0.438544
vt 0.838176 0.438544
vt 0.822794 0.438544
vt 0.830582 0.432672
vt 0.838176 0.432672
vt 0.822794 0.432672
vt 0.830582 0.426800
vt 0.838176 0.426800
vt 0.822794 0.426800
vt 0.830582 0.420927
vt 0.838176 0.420927
vt 0.822794 0.420927
vt 0.830582 0.415055
vt 0.838176 0.415055
vt 0.822794 0.415055
vt 0.830582 0.409183
vt 0.838176 0.409183
vt 0.822794 0.409183
vt 0.830582 0.403311
vt 0.838176 0.403311
vt 0.822794 0.403311
vt 0.830582 0.491394
vt 0.830582 0.497266
vt 0.838176 0.497266
vt 0.822794 0.491394
vt 0.822794 0.497266
vt 0.822794 0.485522
vt 0.814744 0.485522
vt 0.814744 0.491394
vt 0.814744 0.479650
vt 0.814744 0.473777
vt 0.814744 0.467905
vt 0.814744 0.462033
vt 0.814744 0.456161
vt 0.814744 0.450289
vt 0.814744 0.444416
vt 0.814744 0.438544
vt 0.814744 0.432672
vt 0.814744 0.426800
vt 0.814744 0.420927
vt 0.814744 0.415055
vt 0.814744 0.409183
vt 0.814744 0.403311
vt 0.814744 0.497266
vt 0.949648 0.467904
vt 0.949648 0.473776
vt 0.957436 0.473776
vt 0.957436 0.467904
vt 0.949648 0.479648
vt 0.957436 0.479648
vt 0.965487 0.479648
vt 0.965487 0.473776
vt 0.965487 0.467904
vt 0.957436 0.462032
vt 0.965487 0.462032
vt 0.949648 0.462032
vt 0.957436 0.456160
vt 0.965487 0.456160
vt 0.949648 0.456160
vt 0.957436 0.450287
vt 0.965487 0.450287
vt 0.949648 0.450287
vt 0.957436 0.444415
vt 0.965487 0.444415
vt 0.949648 0.444415
vt 0.957436 0.438543
vt 0.965487 0.438543
vt 0.949648 0.438543
vt 0.957436 0.432671
vt 0.965487 0.432671
vt 0.949648 0.432671
vt 0.957436 0.426799
vt 0.965487 0.426799
vt 0.949648 0.426799
vt 0.957436 0.420926
vt 0.965487 0.420926
vt 0.949648 0.420926
vt 0.957436 0.415054
vt 0.965487 0.415054
vt 0.949648 0.415054
vt 0.957436 0.409182
vt 0.965487 0.409182
vt 0.949648 0.409182
vt 0.957436 0.403310
vt 0.965487 0.403310
vt 0.949648 0.403310
vt 0.957436 0.491393
vt 0.957436 0.497265
vt 0.965487 0.497265
vt 0.965487 0.491393
vt 0.949648 0.491393
vt 0.949648 0.497265
vt 0.957436 0.485521
vt 0.965487 0.485521
vt 0.949648 0.485521
vt 0.942054 0.485521
vt 0.942054 0.491393
vt 0.942054 0.479648
vt 0.942054 0.473776
vt 0.934460 0.479648
vt 0.934460 0.485521
vt 0.934460 0.473776
vt 0.942054 0.467904
vt 0.934460 0.467904
vt 0.926672 0.473776
vt 0.926672 0.479648
vt 0.926672 0.467904
vt 0.934460 0.462032
vt 0.942054 0.462032
vt 0.926672 0.462032
vt 0.934460 0.456160
vt 0.942054 0.456160
vt 0.926672 0.456160
vt 0.934460 0.450287
vt 0.942054 0.450287
vt 0.926672 0.450287
vt 0.934460 0.444415
vt 0.942054 0.444415
vt 0.926672 0.444415
vt 0.934460 0.438543
vt 0.942054 0.438543
vt 0.926672 0.438543
vt 0.934460 0.432671
vt 0.942054 0.432671
vt 0.926672 0.432671
vt 0.934460 0.426799
vt 0.942054 0.426799
vt 0.926672 0.426799
vt 0.934460 0.420926
vt 0.942054 0.420926
vt 0.926672 0.420926
vt 0.934460 0.415054
vt 0.942054 0.415054
vt 0.926672 0.415054
vt 0.934460 0.409182
vt 0.942054 0.409182
vt 0.926672 0.409182
vt 0.934460 0.403310
vt 0.942054 0.403310
vt 0.926672 0.403310
vt 0.934460 0.491393
vt 0.934460 0.497265
vt 0.942054 0.497265
vt 0.926672 0.491393
vt 0.926672 0.497265
vt 0.926672 0.485521
vt 0.918621 0.485521
vt 0.918621 0.491393
vt 0.918621 0.479648
vt 0.918621 0.473776
vt 0.918621 0.467904
vt 0.918621 0.462032
vt 0.918621 0.456160
vt 0.918621 0.450287
vt 0.918621 0.444415
vt 0.918621 0.438543
vt 0.918621 0.432671
vt 0.918621 0.426799
vt 0.918621 0.420926
vt 0.918621 0.415054
vt 0.918621 0.409182
vt 0.918621 0.403310
vt 0.918621 0.497265
vt 0.741652 0.566307
vt 0.741652 0.572179
vt 0.749440 0.572179
vt 0.749440 0.566307
vt 0.741652 0.578051
vt 0.749440 0.578051
vt 0.757491 0.578051
vt 0.757491 0.572179
vt 0.757491 0.566307
vt 0.749440 0.560434
vt 0.757491 0.560434
vt 0.741652 0.560434
vt 0.749440 0.554562
vt 0.757491 0.554562
vt 0.741652 0.554562
vt 0.749440 0.548690
vt 0.757491 0.548690
vt 0.741652 0.548690
vt 0.749440 0.542818
vt 0.757491 0.542818
vt 0.741652 0.542818
vt 0.749440 0.536946
vt 0.757491 0.536946
vt 0.741652 0.536946
vt 0.749440 0.531073
vt 0.757491 0.531073
vt 0.741652 0.531073
vt 0.749440 0.525201
vt 0.757491 0.525201
vt 0.741652 0.525201
vt 0.749440 0.519329
vt 0.757491 0.519329
vt 0.741652 0.519329
vt 0.749440 0.513457
vt 0.757491 0.513457
vt 0.741652 0.513457
vt 0.749440 0.507585
vt 0.757491 0.507585
vt 0.741652 0.507585
vt 0.749440 0.501712
vt 0.757491 0.501712
vt 0.741652 0.501712
vt 0.749440 0.589795
vt 0.749440 0.595668
vt 0.757491 0.595668
vt 0.757491 0.589795
vt 0.741652 0.589795
vt 0.741652 0.595668
vt 0.749440 0.583923
vt 0.757491 0.583923
vt 0.741652 0.583923
vt 0.734058 0.583923
vt 0.734058 0.589795
vt 0.734058 0.578051
vt 0.734058 0.572179
vt 0.726464 0.578051
vt 0.726464 0.583923
vt 0.726464 0.572179
vt 0.734058 0.566307
vt 0.726464 0.566307
vt 0.718676 0.572179
vt 0.718676 0.578051
vt 0.718676 0.566307
vt 0.726464 0.560434
vt 0.734058 0.560434
vt 0.718676 0.560434
vt 0.726464 0.554562
vt 0.734058 0.554562
vt 0.718676 0.554562
vt 0.726464 0.548690
vt 0.734058 0.548690
vt 0.718676 0.548690
vt 0.726464 0.542818
vt 0.734058 0.542818
vt 0.718676 0.542818
vt 0.726464 0.536946
vt 0.734058 0.536946
vt 0.718676 0.536946
vt 0.726464 0.531073
vt 0.734058 0.531073
vt 0.718676 0.531073
vt 0.726464 0.525201
vt 0.734058 0.525201
vt 0.718676 0.525201
vt 0.726464 0.519329
vt 0.734058 0.519329
vt 0.718676 0.519329
vt 0.726464 0.513457
vt 0.734058 0.513457
vt 0.718676 0.513457
vt 0.726464 0.507585
vt 0.734058 0.507585
vt 0.718676 0.507585
vt 0.726464 0.501712
vt 0.734058 0.501712
vt 0.718676 0.501712
vt 0.726464 0.589795
vt 0.726464 0.595668
vt 0.734058 0.595668
vt 0.718676 0.589795
vt 0.718676 0.595668
vt 0.718676 0.583923
vt 0.710625 0.583923
vt 0.710625 0.589795
vt 0.710625 0.578051
vt 0.710625 0.572179
vt 0.710625 0.566307
vt 0.710625 0.560434
vt 0.710625 0.554562
vt 0.710625 0.548690
vt 0.710625 0.542818
vt 0.710625 0.536946
vt 0.710625 0.531073
vt 0.710625 0.525201
vt 0.710625 0.519329
vt 0.710625 0.513457
vt 0.710625 0.507585
vt 0.710625 0.501712
vt 0.710625 0.595668
vt 0.897820 0.367775
vt 0.897820 0.373648
vt 0.905608 0.373648
vt 0.905608 0.367775
vt 0.897820 0.379520
vt 0.905608 0.379520
vt 0.913658 0.379520
vt 0.913658 0.373648
vt 0.913658 0.367775
vt 0.905608 0.361903
vt 0.913658 0.361903
vt 0.897820 0.361903
vt 0.905608 0.356031
vt 0.913658 0.356031
vt 0.897820 0.356031
vt 0.905608 0.350159
vt 0.913658 0.350159
vt 0.897820 0.350159
vt 0.905608 0.344287
vt 0.913658 0.344287
vt 0.897820 0.344287
vt 0.905608 0.338414
vt 0.913658 0.338414
vt 0.897820 0.338414
vt 0.905608 0.332542
vt 0.913658 0.332542
vt 0.897820 0.332542
vt 0.905608 0.326670
vt 0.913658 0.326670
vt 0.897820 0.326670
vt 0.905608 0.320798
vt 0.913658 0.320798
vt 0.897820 0.320798
vt 0.905608 0.314925
vt 0.913658 0.314925
vt 0.897820 0.314925
vt 0.905608 0.309053
vt 0.913658 0.309053
vt 0.897820 0.309053
vt 0.905608 0.303181
vt 0.913658 0.303181
vt 0.897820 0.303181
vt 0.905608 0.391264
vt 0.905608 0.397136
vt 0.913658 0.397136
vt 0.913658 0.391264
vt 0.897820 0.391264
vt 0.897820 0.397136
vt 0.905608 0.385392
vt 0.913658 0.385392
vt 0.897820 0.385392
vt 0.890226 0.385392
vt 0.890226 0.391264
vt 0.890226 0.379520
vt 0.890226 0.373648
vt 0.882631 0.379520
vt 0.882631 0.385392
vt 0.882631 0.373648
vt 0.890226 0.367775
vt 0.882631 0.367775
vt 0.874844 0.373648
vt 0.874844 0.379520
vt 0.874844 0.367775
vt 0.882631 0.361903
vt 0.890226 0.361903
vt 0.874844 0.361903
vt 0.882631 0.356031
vt 0.890226 0.356031
vt 0.874844 0.356031
vt 0.882631 0.350159
vt 0.890226 0.350159
vt 0.874844 0.350159
vt 0.882631 0.344287
vt 0.890226 0.344287
vt 0.874844 0.344287
vt 0.882631 0.338414
vt 0.890226 0.338414
vt 0.874844 0.338414
vt 0.882631 0.332542
vt 0.890226 0.332542
vt 0.874844 0.332542
vt 0.882631 0.326670
vt 0.890226 0.326670
vt 0.874844 0.326670
vt 0.882631 0.320798
vt 0.890226 0.320798
vt 0.874844 0.320798
vt 0.882631 0.314925
vt 0.890226 0.314925
vt 0.874844 0.314925
vt 0.882631 0.309053
vt 0.890226 0.309053
vt 0.874844 0.309053
vt 0.882631 0.303181
vt 0.890226 0.303181
vt 0.874844 0.303181
vt 0.882631 0.391264
vt 0.882631 0.397136
vt 0.890226 0.397136
vt 0.874844 0.391264
vt 0.874844 0.397136
vt 0.874844 0.385392
vt 0.866793 0.385392
vt 0.866793 0.391264
vt 0.866793 0.379520
vt 0.866793 0.373648
vt 0.866793 0.367775
vt 0.866793 0.361903
vt 0.866793 0.356031
vt 0.866793 0.350159
vt 0.866793 0.344287
vt 0.866793 0.338414
vt 0.866793 0.332542
vt 0.866793 0.326670
vt 0.866793 0.320798
vt 0.866793 0.314925
vt 0.866793 0.309053
vt 0.866793 0.303181
vt 0.866793 0.397136
vt 0.949759 0.367772
vt 0.949759 0.373644
vt 0.957547 0.373644
vt 0.957547 0.367772
vt 0.949759 0.379516
vt 0.957547 0.379516
vt 0.965597 0.379516
vt 0.965597 0.373644
vt 0.965597 0.367772
vt 0.957547 0.361899
vt 0.965597 0.361899
vt 0.949759 0.361899
vt 0.957547 0.356027
vt 0.965597 0.356027
vt 0.949759 0.356027
vt 0.957547 0.350155
vt 0.965597 0.350155
vt 0.949759 0.350155
vt 0.957547 0.344283
vt 0.965597 0.344283
vt 0.949759 0.344283
vt 0.957547 0.338411
vt 0.965597 0.338411
vt 0.949759 0.338411
vt 0.957547 0.332538
vt 0.965597 0.332538
vt 0.949759 0.332538
vt 0.957547 0.326666
vt 0.965597 0.326666
vt 0.949759 0.326666
vt 0.957547 0.320794
vt 0.965597 0.320794
vt 0.949759 0.320794
vt 0.957547 0.314922
vt 0.965597 0.314922
vt 0.949759 0.314922
vt 0.957547 0.309050
vt 0.965597 0.309050
vt 0.949759 0.309050
vt 0.957547 0.303177
vt 0.965597 0.303177
vt 0.949759 0.303177
vt 0.957547 0.391260
vt 0.957547 0.397133
vt 0.965597 0.397133
vt 0.965597 0.391260
vt 0.949759 0.391260
vt 0.949759 0.397133
vt 0.957547 0.385388
vt 0.965597 0.385388
vt 0.949759 0.385388
vt 0.942165 0.385388
vt 0.942165 0.391260
vt 0.942165 0.379516
vt 0.942165 0.373644
vt 0.934570 0.379516
vt 0.934570 0.385388
vt 0.934570 0.373644
vt 0.942165 0.367772
vt 0.934570 0.367772
vt 0.926783 0.373644
vt 0.926783 0.379516
vt 0.926783 0.367772
vt 0.934570 0.361899
vt 0.942165 0.361899
vt 0.926783 0.361899
vt 0.934570 0.356027
vt 0.942165 0.356027
vt 0.926783 0.356027
vt 0.934570 0.350155
vt 0.942165 0.350155
vt 0.926783 0.350155
vt 0.934570 0.344283
vt 0.942165 0.344283
vt 0.926783 0.344283
vt 0.934570 0.338411
vt 0.942165 0.338411
vt 0.926783 0.338411
vt 0.934570 0.332538
vt 0.942165 0.332538
vt 0.926783 0.332538
vt 0.934570 0.326666
vt 0.942165 0.326666
vt 0.926783 0.326666
vt 0.934570 0.320794
vt 0.942165 0.320794
vt 0.926783 0.320794
vt 0.934570 0.314922
vt 0.942165 0.314922
vt 0.926783 0.314922
vt 0.934570 0.309050
vt 0.942165 0.309050
vt 0.926783 0.309050
vt 0.934570 0.303177
vt 0.942165 0.303177
vt 0.926783 0.303177
vt 0.934570 0.391260
vt 0.934570 0.397133
vt 0.942165 0.397133
vt 0.926783 0.391260
vt 0.926783 0.397133
vt 0.926783 0.385388
vt 0.918732 0.385388
vt 0.918732 0.391260
vt 0.918732 0.379516
vt 0.918732 0.373644
vt 0.918732 0.367772
vt 0.918732 0.361899
vt 0.918732 0.356027
vt 0.918732 0.350155
vt 0.918732 0.344283
vt 0.918732 0.338411
vt 0.918732 0.332538
vt 0.918732 0.326666
vt 0.918732 0.320794
vt 0.918732 0.314922
vt 0.918732 0.309050
vt 0.918732 0.303177
vt 0.918732 0.397133
vt 0.742003 0.367775
vt 0.742003 0.373648
vt 0.749791 0.373648
vt 0.749791 0.367775
vt 0.742003 0.379520
vt 0.749791 0.379520
vt 0.757842 0.379520
vt 0.757842 0.373648
vt 0.757842 0.367775
vt 0.749791 0.361903
vt 0.757842 0.361903
vt 0.742003 0.361903
vt 0.749791 0.356031
vt 0.757842 0.356031
vt 0.742003 0.356031
vt 0.749791 0.350159
vt 0.757842 0.350159
vt 0.742003 0.350159
vt 0.749791 0.344287
vt 0.757842 0.344287
vt 0.742003 0.344287
vt 0.749791 0.338414
vt 0.757842 0.338414
vt 0.742003 0.338414
vt 0.749791 0.332542
vt 0.757842 0.332542
vt 0.742003 0.332542
vt 0.749791 0.326670
vt 0.757842 0.326670
vt 0.742003 0.326670
vt 0.749791 0.320798
vt 0.757842 0.320798
vt 0.742003 0.320798
vt 0.749791 0.314925
vt 0.757842 0.314925
vt 0.742003 0.314925
vt 0.749791 0.309053
vt 0.757842 0.309053
vt 0.742003 0.309053
vt 0.749791 0.303181
vt 0.757842 0.303181
vt 0.742003 0.303181
vt 0.749791 0.391264
vt 0.749791 0.397136
vt 0.757842 0.397136
vt 0.757842 0.391264
vt 0.742003 0.391264
vt 0.742003 0.397136
vt 0.749791 0.385392
vt 0.757842 0.385392
vt 0.742003 0.385392
vt 0.734409 0.385392
vt 0.734409 0.391264
vt 0.734409 0.379520
vt 0.734409 0.373648
vt 0.726815 0.379520
vt 0.726815 0.385392
vt 0.726815 0.373648
vt 0.734409 0.367775
vt 0.726815 0.367775
vt 0.719027 0.373648
vt 0.719027 0.379520
vt 0.719027 0.367775
vt 0.726815 0.361903
vt 0.734409 0.361903
vt 0.719027 0.361903
vt 0.726815 0.356031
vt 0.734409 0.356031
vt 0.719027 0.356031
vt 0.726815 0.350159
vt 0.734409 0.350159
vt 0.719027 0.350159
vt 0.726815 0.344287
vt 0.734409 0.344287
vt 0.719027 0.344287
vt 0.726815 0.338414
vt 0.734409 0.338414
vt 0.719027 0.338414
vt 0.726815 0.332542
vt 0.734409 0.332542
vt 0.719027 0.332542
vt 0.726815 0.326670
vt 0.734409 0.326670
vt 0.719027 0.326670
vt 0.726815 0.320798
vt 0.734409 0.320798
vt 0.719027 0.320798
vt 0.726815 0.314925
vt 0.734409 0.314925
vt 0.719027 0.314925
vt 0.726815 0.309053
vt 0.734409 0.309053
vt 0.719027 0.309053
vt 0.726815 0.303181
vt 0.734409 0.303181
vt 0.719027 0.303181
vt 0.726815 0.391264
vt 0.726815 0.397136
vt 0.734409 0.397136
vt 0.719027 0.391264
vt 0.719027 0.397136
vt 0.719027 0.385392
vt 0.710976 0.385392
vt 0.710976 0.391264
vt 0.710976 0.379520
vt 0.710976 0.373648
vt 0.710976 0.367775
vt 0.710976 0.361903
vt 0.710976 0.356031
vt 0.710976 0.350159
vt 0.710976 0.344287
vt 0.710976 0.338414
vt 0.710976 0.332542
vt 0.710976 0.326670
vt 0.710976 0.320798
vt 0.710976 0.314925
vt 0.710976 0.309053
vt 0.710976 0.303181
vt 0.710976 0.397136
vt 0.794488 0.268148
vt 0.794488 0.274020
vt 0.802276 0.274020
vt 0.802276 0.268148
vt 0.794488 0.279892
vt 0.802276 0.279892
vt 0.810327 0.279892
vt 0.810327 0.274020
vt 0.810327 0.268148
vt 0.802276 0.262276
vt 0.810327 0.262276
vt 0.794488 0.262276
vt 0.802276 0.256403
vt 0.810327 0.256403
vt 0.794488 0.256403
vt 0.802276 0.250531
vt 0.810327 0.250531
vt 0.794488 0.250531
vt 0.802276 0.244659
vt 0.810327 0.244659
vt 0.794488 0.244659
vt 0.802276 0.238787
vt 0.810327 0.238787
vt 0.794488 0.238787
vt 0.802276 0.232915
vt 0.810327 0.232915
vt 0.794488 0.232915
vt 0.802276 0.227042
vt 0.810327 0.227042
vt 0.794488 0.227042
vt 0.802276 0.221170
vt 0.810327 0.221170
vt 0.794488 0.221170
vt 0.802276 0.215298
vt 0.810327 0.215298
vt 0.794488 0.215298
vt 0.802276 0.209426
vt 0.810327 0.209426
vt 0.794488 0.209426
vt 0.802276 0.203553
vt 0.810327 0.203553
vt 0.794488 0.203553
vt 0.802276 0.291637
vt 0.802276 0.297509
vt 0.810327 0.297509
vt 0.810327 0.291637
vt 0.794488 0.291637
vt 0.794488 0.297509
vt 0.802276 0.285764
vt 0.810327 0.285764
vt 0.794488 0.285764
vt 0.786894 0.285764
vt 0.786894 0.291637
vt 0.786894 0.279892
vt 0.786894 0.274020
vt 0.779300 0.279892
vt 0.779300 0.285764
vt 0.779300 0.274020
vt 0.786894 0.268148
vt 0.779300 0.268148
vt 0.771512 0.274020
vt 0.771512 0.279892
vt 0.771512 0.268148
vt 0.779300 0.262276
vt 0.786894 0.262276
vt 0.771512 0.262276
vt 0.779300 0.256403
vt 0.786894 0.256403
vt 0.771512 0.256403
vt 0.779300 0.250531
vt 0.786894 0.250531
vt 0.771512 0.250531
vt 0.779300 0.244659
vt 0.786894 0.244659
vt 0.771512 0.244659
vt 0.779300 0.238787
vt 0.786894 0.238787
vt 0.771512 0.238787
vt 0.779300 0.232915
vt 0.786894 0.232915
vt 0.771512 0.232915
vt 0.779300 0.227042
vt 0.786894 0.227042
vt 0.771512 0.227042
vt 0.779300 0.221170
vt 0.786894 0.221170
vt 0.771512 0.221170
vt 0.779300 0.215298
vt 0.786894 0.215298
vt 0.771512 0.215298
vt 0.779300 0.209426
vt 0.786894 0.209426
vt 0.771512 0.209426
vt 0.779300 0.203553
vt 0.786894 0.203553
vt 0.771512 0.203553
vt 0.779300 0.291637
vt 0.779300 0.297509
vt 0.786894 0.297509
vt 0.771512 0.291637
vt 0.771512 0.297509
vt 0.771512 0.285764
vt 0.763461 0.285764
vt 0.763461 0.291637
vt 0.763461 0.279892
vt 0.763461 0.274020
vt 0.763461 0.268148
vt 0.763461 0.262276
vt 0.763461 0.256403
vt 0.763461 0.250531
vt 0.763461 0.244659
vt 0.763461 0.238787
vt 0.763461 0.232915
vt 0.763461 0.227042
vt 0.763461 0.221170
vt 0.763461 0.215298
vt 0.763461 0.209426
vt 0.763461 0.203553
vt 0.763461 0.297509
vt 0.950305 0.268149
vt 0.950305 0.274022
vt 0.958093 0.274022
vt 0.958093 0.268149
vt 0.950305 0.279894
vt 0.958093 0.279894
vt 0.966144 0.279894
vt 0.966144 0.274022
vt 0.966144 0.268149
vt 0.958093 0.262277
vt 0.966144 0.262277
vt 0.950305 0.262277
vt 0.958093 0.256405
vt 0.966144 0.256405
vt 0.950305 0.256405
vt 0.958093 0.250533
vt 0.966144 0.250533
vt 0.950305 0.250533
vt 0.958093 0.244660
vt 0.966144 0.244660
vt 0.950305 0.244660
vt 0.958093 0.238788
vt 0.966144 0.238788
vt 0.950305 0.238788
vt 0.958093 0.232916
vt 0.966144 0.232916
vt 0.950305 0.232916
vt 0.958093 0.227044
vt 0.966144 0.227044
vt 0.950305 0.227044
vt 0.958093 0.221172
vt 0.966144 0.221172
vt 0.950305 0.221172
vt 0.958093 0.215299
vt 0.966144 0.215299
vt 0.950305 0.215299
vt 0.958093 0.209427
vt 0.966144 0.209427
vt 0.950305 0.209427
vt 0.958093 0.203555
vt 0.966144 0.203555
vt 0.950305 0.203555
vt 0.958093 0.291638
vt 0.958093 0.297510
vt 0.966144 0.297510
vt 0.966144 0.291638
vt 0.950305 0.291638
vt 0.950305 0.297510
vt 0.958093 0.285766
vt 0.966144 0.285766
vt 0.950305 0.285766
vt 0.942711 0.285766
vt 0.942711 0.291638
vt 0.942711 0.279894
vt 0.942711 0.274022
vt 0.935117 0.279894
vt 0.935117 0.285766
vt 0.935117 0.274022
vt 0.942711 0.268149
vt 0.935117 0.268149
vt 0.927329 0.274022
vt 0.927329 0.279894
vt 0.927329 0.268149
vt 0.935117 0.262277
vt 0.942711 0.262277
vt 0.927329 0.262277
vt 0.935117 0.256405
vt 0.942711 0.256405
vt 0.927329 0.256405
vt 0.935117 0.250533
vt 0.942711 0.250533
vt 0.927329 0.250533
vt 0.935117 0.244660
vt 0.942711 0.244660
vt 0.927329 0.244660
vt 0.935117 0.238788
vt 0.942711 0.238788
vt 0.927329 0.238788
vt 0.935117 0.232916
vt 0.942711 0.232916
vt 0.927329 0.232916
vt 0.935117 0.227044
vt 0.942711 0.227044
vt 0.927329 0.227044
vt 0.935117 0.221172
vt 0.942711 0.221172
vt 0.927329 0.221172
vt 0.935117 0.215299
vt 0.942711 0.215299
vt 0.927329 0.215299
vt 0.935117 0.209427
vt 0.942711 0.209427
vt 0.927329 0.209427
vt 0.935117 0.203555
vt 0.942711 0.203555
vt 0.927329 0.203555
vt 0.935117 0.291638
vt 0.935117 0.297510
vt 0.942711 0.297510
vt 0.927329 0.291638
vt 0.927329 0.297510
vt 0.927329 0.285766
vt 0.919278 0.285766
vt 0.919278 0.291638
vt 0.919278 0.279894
vt 0.919278 0.274022
vt 0.919278 0.268149
vt 0.919278 0.262277
vt 0.919278 0.256405
vt 0.919278 0.250533
vt 0.919278 0.244660
vt 0.919278 0.238788
vt 0.919278 0.232916
vt 0.919278 0.227044
vt 0.919278 0.221172
vt 0.919278 0.215299
vt 0.919278 0.209427
vt 0.919278 0.203555
vt 0.919278 0.297510
vt 0.846427 0.268146
vt 0.846427 0.274018
vt 0.854215 0.274018
vt 0.854215 0.268146
vt 0.846427 0.279891
vt 0.854215 0.279891
vt 0.862266 0.279891
vt 0.862266 0.274018
vt 0.862266 0.268146
vt 0.854215 0.262274
vt 0.862266 0.262274
vt 0.846427 0.262274
vt 0.854215 0.256402
vt 0.862266 0.256402
vt 0.846427 0.256402
vt 0.854215 0.250530
vt 0.862266 0.250530
vt 0.846427 0.250530
vt 0.854215 0.244657
vt 0.862266 0.244657
vt 0.846427 0.244657
vt 0.854215 0.238785
vt 0.862266 0.238785
vt 0.846427 0.238785
vt 0.854215 0.232913
vt 0.862266 0.232913
vt 0.846427 0.232913
vt 0.854215 0.227041
vt 0.862266 0.227041
vt 0.846427 0.227041
vt 0.854215 0.221169
vt 0.862266 0.221169
vt 0.846427 0.221169
vt 0.854215 0.215296
vt 0.862266 0.215296
vt 0.846427 0.215296
vt 0.854215 0.209424
vt 0.862266 0.209424
vt 0.846427 0.209424
vt 0.854215 0.203552
vt 0.862266 0.203552
vt 0.846427 0.203552
vt 0.854215 0.291635
vt 0.854215 0.297507
vt 0.862266 0.297507
vt 0.862266 0.291635
vt 0.846427 0.291635
vt 0.846427 0.297507
vt 0.854215 0.285763
vt 0.862266 0.285763
vt 0.846427 0.285763
vt 0.838833 0.285763
vt 0.838833 0.291635
vt 0.838833 0.279891
vt 0.838833 0.274018
vt 0.831239 0.279891
vt 0.831239 0.285763
vt 0.831239 0.274018
vt 0.838833 0.268146
vt 0.831239 0.268146
vt 0.823451 0.274018
vt 0.823451 0.279891
vt 0.823451 0.268146
vt 0.831239 0.262274
vt 0.838833 0.262274
vt 0.823451 0.262274
vt 0.831239 0.256402
vt 0.838833 0.256402
vt 0.823451 0.256402
vt 0.831239 0.250530
vt 0.838833 0.250530
vt 0.823451 0.250530
vt 0.831239 0.244657
vt 0.838833 0.244657
vt 0.823451 0.244657
vt 0.831239 0.238785
vt 0.838833 0.238785
vt 0.823451 0.238785
vt 0.831239 0.232913
vt 0.838833 0.232913
vt 0.823451 0.232913
vt 0.831239 0.227041
vt 0.838833 0.227041
vt 0.823451 0.227041
vt 0.831239 0.221169
vt 0.838833 0.221169
vt 0.823451 0.221169
vt 0.831239 0.215296
vt 0.838833 0.215296
vt 0.823451 0.215296
vt 0.831239 0.209424
vt 0.838833 0.209424
vt 0.823451 0.209424
vt 0.831239 0.203552
vt 0.838833 0.203552
vt 0.823451 0.203552
vt 0.831239 0.291635
vt 0.831239 0.297507
vt 0.838833 0.297507
vt 0.823451 0.291635
vt 0.823451 0.297507
vt 0.823451 0.285763
vt 0.815400 0.285763
vt 0.815400 0.291635
vt 0.815400 0.279891
vt 0.815400 0.274018
vt 0.815400 0.268146
vt 0.815400 0.262274
vt 0.815400 0.256402
vt 0.815400 0.250530
vt 0.815400 0.244657
vt 0.815400 0.238785
vt 0.815400 0.232913
vt 0.815400 0.227041
vt 0.815400 0.221169
vt 0.815400 0.215296
vt 0.815400 0.209424
vt 0.815400 0.203552
vt 0.815400 0.297507
vt 0.742549 0.268148
vt 0.742549 0.274021
vt 0.750337 0.274021
vt 0.750337 0.268148
vt 0.742549 0.279893
vt 0.750337 0.279893
vt 0.758388 0.279893
vt 0.758388 0.274021
vt 0.758388 0.268148
vt 0.750337 0.262276
vt 0.758388 0.262276
vt 0.742549 0.262276
vt 0.750337 0.256404
vt 0.758388 0.256404
vt 0.742549 0.256404
vt 0.750337 0.250532
vt 0.758388 0.250532
vt 0.742549 0.250532
vt 0.750337 0.244659
vt 0.758388 0.244659
vt 0.742549 0.244659
vt 0.750337 0.238787
vt 0.758388 0.238787
vt 0.742549 0.238787
vt 0.750337 0.232915
vt 0.758388 0.232915
vt 0.742549 0.232915
vt 0.750337 0.227043
vt 0.758388 0.227043
vt 0.742549 0.227043
vt 0.750337 0.221171
vt 0.758388 0.221171
vt 0.742549 0.221171
vt 0.750337 0.215298
vt 0.758388 0.215298
vt 0.742549 0.215298
vt 0.750337 0.209426
vt 0.758388 0.209426
vt 0.742549 0.209426
vt 0.750337 0.203554
vt 0.758388 0.203554
vt 0.742549 0.203554
vt 0.750337 0.291637
vt 0.750337 0.297509
vt 0.758388 0.297509
vt 0.758388 0.291637
vt 0.742549 0.291637
vt 0.742549 0.297509
vt 0.750337 0.285765
vt 0.758388 0.285765
vt 0.742549 0.285765
vt 0.734955 0.285765
vt 0.734955 0.291637
vt 0.734955 0.279893
vt 0.734955 0.274021
vt 0.727361 0.279893
vt 0.727361 0.285765
vt 0.727361 0.274021
vt 0.734955 0.268148
vt 0.727361 0.268148
vt 0.719573 0.274021
vt 0.719573 0.279893
vt 0.719573 0.268148
vt 0.727361 0.262276
vt 0.734955 0.262276
vt 0.719573 0.262276
vt 0.727361 0.256404
vt 0.734955 0.256404
vt 0.719573 0.256404
vt 0.727361 0.250532
vt 0.734955 0.250532
vt 0.719573 0.250532
vt 0.727361 0.244659
vt 0.734955 0.244659
vt 0.719573 0.244659
vt 0.727361 0.238787
vt 0.734955 0.238787
vt 0.719573 0.238787
vt 0.727361 0.232915
vt 0.734955 0.232915
vt 0.719573 0.232915
vt 0.727361 0.227043
vt 0.734955 0.227043
vt 0.719573 0.227043
vt 0.727361 0.221171
vt 0.734955 0.221171
vt 0.719573 0.221171
vt 0.727361 0.215298
vt 0.734955 0.215298
vt 0.719573 0.215298
vt 0.727361 0.209426
vt 0.734955 0.209426
vt 0.719573 0.209426
vt 0.727361 0.203554
vt 0.734955 0.203554
vt 0.719573 0.203554
vt 0.727361 0.291637
vt 0.727361 0.297509
vt 0.734955 0.297509
vt 0.719573 0.291637
vt 0.719573 0.297509
vt 0.719573 0.285765
vt 0.711523 0.285765
vt 0.711523 0.291637
vt 0.711523 0.279893
vt 0.711523 0.274021
vt 0.711523 0.268148
vt 0.711523 0.262276
vt 0.711523 0.256404
vt 0.711523 0.250532
vt 0.711523 0.244659
vt 0.711523 0.238787
vt 0.711523 0.232915
vt 0.711523 0.227043
vt 0.711523 0.221171
vt 0.711523 0.215298
vt 0.711523 0.209426
vt 0.711523 0.203554
vt 0.711523 0.297509
vt 0.898366 0.268146
vt 0.898366 0.274018
vt 0.906154 0.274018
vt 0.906154 0.268146
vt 0.898366 0.279891
vt 0.906154 0.279891
vt 0.914205 0.279891
vt 0.914205 0.274018
vt 0.914205 0.268146
vt 0.906154 0.262274
vt 0.914205 0.262274
vt 0.898366 0.262274
vt 0.906154 0.256402
vt 0.914205 0.256402
vt 0.898366 0.256402
vt 0.906154 0.250530
vt 0.914205 0.250530
vt 0.898366 0.250530
vt 0.906154 0.244657
vt 0.914205 0.244657
vt 0.898366 0.244657
vt 0.906154 0.238785
vt 0.914205 0.238785
vt 0.898366 0.238785
vt 0.906154 0.232913
vt 0.914205 0.232913
vt 0.898366 0.232913
vt 0.906154 0.227041
vt 0.914205 0.227041
vt 0.898366 0.227041
vt 0.906154 0.221169
vt 0.914205 0.221169
vt 0.898366 0.221169
vt 0.906154 0.215296
vt 0.914205 0.215296
vt 0.898366 0.215296
vt 0.906154 0.209424
vt 0.914205 0.209424
vt 0.898366 0.209424
vt 0.906154 0.203552
vt 0.914205 0.203552
vt 0.898366 0.203552
vt 0.906154 0.291635
vt 0.906154 0.297507
vt 0.914205 0.297507
vt 0.914205 0.291635
vt 0.898366 0.291635
vt 0.898366 0.297507
vt 0.906154 0.285763
vt 0.914205 0.285763
vt 0.898366 0.285763
vt 0.890772 0.285763
vt 0.890772 0.291635
vt 0.890772 0.279891
vt 0.890772 0.274018
vt 0.883178 0.279891
vt 0.883178 0.285763
vt 0.883178 0.274018
vt 0.890772 0.268146
vt 0.883178 0.268146
vt 0.875390 0.274018
vt 0.875390 0.279891
vt 0.875390 0.268146
vt 0.883178 0.262274
vt 0.890772 0.262274
vt 0.875390 0.262274
vt 0.883178 0.256402
vt 0.890772 0.256402
vt 0.875390 0.256402
vt 0.883178 0.250530
vt 0.890772 0.250530
vt 0.875390 0.250530
vt 0.883178 0.244657
vt 0.890772 0.244657
vt 0.875390 0.244657
vt 0.883178 0.238785
vt 0.890772 0.238785
vt 0.875390 0.238785
vt 0.883178 0.232913
vt 0.890772 0.232913
vt 0.875390 0.232913
vt 0.883178 0.227041
vt 0.890772 0.227041
vt 0.875390 0.227041
vt 0.883178 0.221169
vt 0.890772 0.221169
vt 0.875390 0.221169
vt 0.883178 0.215296
vt 0.890772 0.215296
vt 0.875390 0.215296
vt 0.883178 0.209424
vt 0.890772 0.209424
vt 0.875390 0.209424
vt 0.883178 0.203552
vt 0.890772 0.203552
vt 0.875390 0.203552
vt 0.883178 0.291635
vt 0.883178 0.297507
vt 0.890772 0.297507
vt 0.875390 0.291635
vt 0.875390 0.297507
vt 0.875390 0.285763
vt 0.867339 0.285763
vt 0.867339 0.291635
vt 0.867339 0.279891
vt 0.867339 0.274018
vt 0.867339 0.268146
vt 0.867339 0.262274
vt 0.867339 0.256402
vt 0.867339 0.250530
vt 0.867339 0.244657
vt 0.867339 0.238785
vt 0.867339 0.232913
vt 0.867339 0.227041
vt 0.867339 0.221169
vt 0.867339 0.215296
vt 0.867339 0.209424
vt 0.867339 0.203552
vt 0.867339 0.297507
vt 0.793942 0.367772
vt 0.793942 0.373644
vt 0.801730 0.373644
vt 0.801730 0.367772
vt 0.793942 0.379516
vt 0.801730 0.379516
vt 0.809781 0.379516
vt 0.809781 0.373644
vt 0.809781 0.367772
vt 0.801730 0.361899
vt 0.809781 0.361899
vt 0.793942 0.361899
vt 0.801730 0.356027
vt 0.809781 0.356027
vt 0.793942 0.356027
vt 0.801730 0.350155
vt 0.809781 0.350155
vt 0.793942 0.350155
vt 0.801730 0.344283
vt 0.809781 0.344283
vt 0.793942 0.344283
vt 0.801730 0.338411
vt 0.809781 0.338411
vt 0.793942 0.338411
vt 0.801730 0.332538
vt 0.809781 0.332538
vt 0.793942 0.332538
vt 0.801730 0.326666
vt 0.809781 0.326666
vt 0.793942 0.326666
vt 0.801730 0.320794
vt 0.809781 0.320794
vt 0.793942 0.320794
vt 0.801730 0.314922
vt 0.809781 0.314922
vt 0.793942 0.314922
vt 0.801730 0.309050
vt 0.809781 0.309050
vt 0.793942 0.309050
vt 0.801730 0.303177
vt 0.809781 0.303177
vt 0.793942 0.303177
vt 0.801730 0.391260
vt 0.801730 0.397133
vt 0.809781 0.397133
vt 0.809781 0.391260
vt 0.793942 0.391260
vt 0.793942 0.397133
vt 0.801730 0.385388
vt 0.809781 0.385388
vt 0.793942 0.385388
vt 0.786348 0.385388
vt 0.786348 0.391260
vt 0.786348 0.379516
vt 0.786348 0.373644
vt 0.778754 0.379516
vt 0.778754 0.385388
vt 0.778754 0.373644
vt 0.786348 0.367772
vt 0.778754 0.367772
vt 0.770966 0.373644
vt 0.770966 0.379516
vt 0.770966 0.367772
vt 0.778754 0.361899
vt 0.786348 0.361899
vt 0.770966 0.361899
vt 0.778754 0.356027
vt 0.786348 0.356027
vt 0.770966 0.356027
vt 0.778754 0.350155
vt 0.786348 0.350155
vt 0.770966 0.350155
vt 0.778754 0.344283
vt 0.786348 0.344283
vt 0.770966 0.344283
vt 0.778754 0.338411
vt 0.786348 0.338411
vt 0.770966 0.338411
vt 0.778754 0.332538
vt 0.786348 0.332538
vt 0.770966 0.332538
vt 0.778754 0.326666
vt 0.786348 0.326666
vt 0.770966 0.326666
vt 0.778754 0.320794
vt 0.786348 0.320794
vt 0.770966 0.320794
vt 0.778754 0.314922
vt 0.786348 0.314922
vt 0.770966 0.314922
vt 0.778754 0.309050
vt 0.786348 0.309050
vt 0.770966 0.309050
vt 0.778754 0.303177
vt 0.786348 0.303177
vt 0.770966 0.303177
vt 0.778754 0.391260
vt 0.778754 0.397133
vt 0.786348 0.397133
vt 0.770966 0.391260
vt 0.770966 0.397133
vt 0.770966 0.385388
vt 0.762915 0.385388
vt 0.762915 0.391260
vt 0.762915 0.379516
vt 0.762915 0.373644
vt 0.762915 0.367772
vt 0.762915 0.361899
vt 0.762915 0.356027
vt 0.762915 0.350155
vt 0.762915 0.344283
vt 0.762915 0.338411
vt 0.762915 0.332538
vt 0.762915 0.326666
vt 0.762915 0.320794
vt 0.762915 0.314922
vt 0.762915 0.309050
vt 0.762915 0.303177
vt 0.762915 0.397133
vt 0.845881 0.367775
vt 0.845881 0.373647
vt 0.853669 0.373647
vt 0.853669 0.367775
vt 0.845881 0.379519
vt 0.853669 0.379519
vt 0.861719 0.379519
vt 0.861719 0.373647
vt 0.861719 0.367775
vt 0.853669 0.361902
vt 0.861719 0.361902
vt 0.845881 0.361902
vt 0.853669 0.356030
vt 0.861719 0.356030
vt 0.845881 0.356030
vt 0.853669 0.350158
vt 0.861719 0.350158
vt 0.845881 0.350158
vt 0.853669 0.344286
vt 0.861719 0.344286
vt 0.845881 0.344286
vt 0.853669 0.338414
vt 0.861719 0.338414
vt 0.845881 0.338414
vt 0.853669 0.332542
vt 0.861719 0.332542
vt 0.845881 0.332542
vt 0.853669 0.326669
vt 0.861719 0.326669
vt 0.845881 0.326669
vt 0.853669 0.320797
vt 0.861719 0.320797
vt 0.845881 0.320797
vt 0.853669 0.314925
vt 0.861719 0.314925
vt 0.845881 0.314925
vt 0.853669 0.309053
vt 0.861719 0.309053
vt 0.845881 0.309053
vt 0.853669 0.303180
vt 0.861719 0.303180
vt 0.845881 0.303180
vt 0.853669 0.391264
vt 0.853669 0.397136
vt 0.861719 0.397136
vt 0.861719 0.391264
vt 0.845881 0.391264
vt 0.845881 0.397136
vt 0.853669 0.385391
vt 0.861719 0.385391
vt 0.845881 0.385391
vt 0.838287 0.385391
vt 0.838287 0.391264
vt 0.838287 0.379519
vt 0.838287 0.373647
vt 0.830692 0.379519
vt 0.830692 0.385391
vt 0.830692 0.373647
vt 0.838287 0.367775
vt 0.830692 0.367775
vt 0.822905 0.373647
vt 0.822905 0.379519
vt 0.822905 0.367775
vt 0.830692 0.361902
vt 0.838287 0.361902
vt 0.822905 0.361902
vt 0.830692 0.356030
vt 0.838287 0.356030
vt 0.822905 0.356030
vt 0.830692 0.350158
vt 0.838287 0.350158
vt 0.822905 0.350158
vt 0.830692 0.344286
vt 0.838287 0.344286
vt 0.822905 0.344286
vt 0.830692 0.338414
vt 0.838287 0.338414
vt 0.822905 0.338414
vt 0.830692 0.332542
vt 0.838287 0.332542
vt 0.822905 0.332542
vt 0.830692 0.326669
vt 0.838287 0.326669
vt 0.822905 0.326669
vt 0.830692 0.320797
vt 0.838287 0.320797
vt 0.822905 0.320797
vt 0.830692 0.314925
vt 0.838287 0.314925
vt 0.822905 0.314925
vt 0.830692 0.309053
vt 0.838287 0.309053
vt 0.822905 0.309053
vt 0.830692 0.303180
vt 0.838287 0.303180
vt 0.822905 0.303180
vt 0.830692 0.391264
vt 0.830692 0.397136
vt 0.838287 0.397136
vt 0.822905 0.391264
vt 0.822905 0.397136
vt 0.822905 0.385391
vt 0.814854 0.385391
vt 0.814854 0.391264
vt 0.814854 0.379519
vt 0.814854 0.373647
vt 0.814854 0.367775
vt 0.814854 0.361902
vt 0.814854 0.356030
vt 0.814854 0.350158
vt 0.814854 0.344286
vt 0.814854 0.338414
vt 0.814854 0.332542
vt 0.814854 0.326669
vt 0.814854 0.320797
vt 0.814854 0.314925
vt 0.814854 0.309053
vt 0.814854 0.303180
vt 0.814854 0.397136
s 1
f 2/1/1 11/2/2 15/3/2 3/4/1
f 6/5/3 20/6/3 16/7/4 10/8/4
f 22/9/5 19/10/5 16/11/5 20/12/5
f 4/13/6 21/14/7 5/15/7 1/16/6
f 2/17/8 3/18/8 4/19/8 1/20/8
f 1/20/9 5/21/9 11/22/9 2/17/9
f 15/23/2 11/24/2 14/25/10 17/26/10
f 17/26/10 14/25/10 13/27/11 18/28/11
f 18/28/11 13/27/11 12/29/12 19/30/12
f 19/30/12 12/29/12 10/8/4 16/7/4
f 5/31/7 21/32/7 24/33/13 7/34/13
f 7/34/13 24/33/13 23/35/14 8/36/14
f 8/36/14 23/35/14 22/37/15 9/38/15
f 9/38/15 22/37/15 20/6/3 6/5/3
f 9/39/9 6/40/9 10/41/9 12/42/9
f 5/21/9 7/43/9 14/44/9 11/22/9
f 7/43/9 8/45/9 13/46/9 14/44/9
f 8/45/9 9/39/9 12/42/9 13/46/9
f 23/47/5 18/48/5 19/10/5 22/9/5
f 24/49/5 17/50/5 18/48/5 23/47/5
f 21/51/5 15/52/5 17/50/5 24/49/5
f 4/53/5 3/54/5 15/52/5 21/51/5
f 26/55/1 27/56/1 39/57/2 35/58/2
f 30/59/3 34/60/4 40/61/4 44/62/3
f 46/63/9 44/64/9 40/65/9 43/66/9
f 28/67/6 25/68/6 29/69/7 45/70/7
f 26/71/8 25/72/8 28/73/8 27/74/8
f 25/72/5 26/71/5 35/75/5 29/76/5
f 39/77/2 41/78/10 38/79/10 35/80/2
f 41/78/10 42/81/11 37/82/11 38/79/10
f 42/81/11 43/83/12 36/84/12 37/82/11
f 43/83/12 40/61/4 34/60/4 36/84/12
f 29/85/7 31/86/13 48/87/13 45/88/7
f 31/86/13 32/89/14 47/90/14 48/87/13
f 32/89/14 33/91/15 46/92/15 47/90/14
f 33/91/15 30/59/3 44/62/3 46/92/15
f 33/93/5 36/94/5 34/95/5 30/96/5
f 29/76/5 35/75/5 38/97/5 31/98/5
f 31/98/5 38/97/5 37/99/5 32/100/5
f 32/100/5 37/99/5 36/94/5 33/93/5
f 47/101/9 46/63/9 43/66/9 42/102/9
f 48/103/9 47/101/9 42/102/9 41/104/9
f 45/105/9 48/103/9 41/104/9 39/106/9
f 28/107/9 45/105/9 39/106/9 27/108/9
f 49/109/16 50/110/16 52/111/17 51/112/17
f 51/112/17 52/111/17 54/113/18 53/114/18
f 53/114/18 54/113/18 56/115/19 55/116/19
f 55/116/19 56/115/19 58/117/8 57/118/8
f 57/119/8 58/120/8 60/121/20 59/122/20
f 59/122/20 60/121/20 62/123/21 61/124/21
f 61/124/21 62/123/21 64/125/22 63/126/22
f 63/126/22 64/125/22 66/127/23 65/128/23
f 65/128/23 66/127/23 68/129/24 67/130/24
f 67/130/24 68/129/24 70/131/25 69/132/25
f 69/132/25 70/131/25 72/133/26 71/134/26
f 71/134/26 72/133/26 74/135/27 73/136/27
f 73/136/27 74/135/27 76/137/28 75/138/28
f 75/138/28 76/137/28 78/139/29 77/140/29
f 77/140/29 78/139/29 80/141/30 79/142/30
f 79/142/30 80/141/30 50/110/16 49/109/16
f 81/143/16 82/144/16 84/145/17 83/146/17
f 83/146/17 84/145/17 86/147/18 85/148/18
f 85/148/18 86/147/18 88/149/19 87/150/19
f 87/150/19 88/149/19 90/151/8 89/152/8
f 89/153/8 90/154/8 92/155/20 91/156/20
f 91/156/20 92/155/20 94/157/21 93/158/21
f 93/158/21 94/157/21 96/159/22 95/160/22
f 95/160/22 96/159/22 98/161/23 97/162/23
f 97/162/23 98/161/23 100/163/24 99/164/24
f 99/164/24 100/163/24 102/165/25 101/166/25
f 101/166/25 102/165/25 104/167/26 103/168/26
f 103/168/26 104/167/26 106/169/27 105/170/27
f 105/170/27 106/169/27 108/171/28 107/172/28
f 107/172/28 108/171/28 110/173/29 109/174/29
f 109/174/29 110/173/29 112/175/30 111/176/30
f 111/176/30 112/175/30 82/144/16 81/143/16
f 113/177/16 114/178/16 116/179/17 115/180/17
f 115/180/17 116/179/17 118/181/18 117/182/18
f 117/182/18 118/181/18 120/183/19 119/184/19
f 119/184/19 120/183/19 122/185/8 121/186/8
f 121/187/8 122/188/8 124/189/20 123/190/20
f 123/190/20 124/189/20 126/191/21 125/192/21
f 125/192/21 126/191/21 128/193/22 127/194/22
f 127/194/22 128/193/22 130/195/23 129/196/23
f 129/196/23 130/195/23 132/197/24 131/198/24
f 131/198/24 132/197/24 134/199/25 133/200/25
f 133/200/25 134/199/25 136/201/26 135/202/26
f 135/202/26 136/201/26 138/203/27 137/204/27
f 137/204/27 138/203/27 140/205/28 139/206/28
f 139/206/28 140/205/28 142/207/29 141/208/29
f 141/208/29 142/207/29 144/209/30 143/210/30
f 143/210/30 144/209/30 114/178/16 113/177/16
f 145/211/16 146/212/16 148/213/17 147/214/17
f 147/214/17 148/213/17 150/215/18 149/216/18
f 149/216/18 150/215/18 152/217/19 151/218/19
f 151/218/19 152/217/19 154/219/8 153/220/8
f 153/221/8 154/222/8 156/223/20 155/224/20
f 155/224/20 156/223/20 158/225/21 157/226/21
f 157/226/21 158/225/21 160/227/22 159/228/22
f 159/228/22 160/227/22 162/229/23 161/230/23
f 161/230/23 162/229/23 164/231/24 163/232/24
f 163/232/24 164/231/24 166/233/25 165/234/25
f 165/234/25 166/233/25 168/235/26 167/236/26
f 167/236/26 168/235/26 170/237/27 169/238/27
f 169/238/27 170/237/27 172/239/28 171/240/28
f 171/240/28 172/239/28 174/241/29 173/242/29
f 173/242/29 174/241/29 176/243/30 175/244/30
f 175/244/30 176/243/30 146/212/16 145/211/16
f 177/245/16 178/246/16 180/247/17 179/248/17
f 179/248/17 180/247/17 182/249/18 181/250/18
f 181/250/18 182/249/18 184/251/19 183/252/19
f 183/252/19 184/251/19 186/253/8 185/254/8
f 185/255/8 186/256/8 188/257/20 187/258/20
f 187/258/20 188/257/20 190/259/21 189/260/21
f 189/260/21 190/259/21 192/261/22 191/262/22
f 191/262/22 192/261/22 194/263/23 193/264/23
f 193/264/23 194/263/23 196/265/24 195/266/24
f 195/266/24 196/265/24 198/267/25 197/268/25
f 197/268/25 198/267/25 200/269/26 199/270/26
f 199/270/26 200/269/26 202/271/27 201/272/27
f 201/272/27 202/271/27 204/273/28 203/274/28
f 203/274/28 204/273/28 206/275/29 205/276/29
f 205/276/29 206/275/29 208/277/30 207/278/30
f 207/278/30 208/277/30 178/246/16 177/245/16
f 209/279/16 210/280/16 212/281/17 211/282/17
f 211/282/17 212/281/17 214/283/18 213/284/18
f 213/284/18 214/283/18 216/285/19 215/286/19
f 215/286/19 216/285/19 218/287/8 217/288/8
f 217/289/8 218/290/8 220/291/20 219/292/20
f 219/292/20 220/291/20 222/293/21 221/294/21
f 221/294/21 222/293/21 224/295/22 223/296/22
f 223/296/22 224/295/22 226/297/23 225/298/23
f 225/298/23 226/297/23 228/299/24 227/300/24
f 227/300/24 228/299/24 230/301/25 229/302/25
f 229/302/25 230/301/25 232/303/26 231/304/26
f 231/304/26 232/303/26 234/305/27 233/306/27
f 233/306/27 234/305/27 236/307/28 235/308/28
f 235/308/28 236/307/28 238/309/29 237/310/29
f 237/310/29 238/309/29 240/311/30 239/312/30
f 239/312/30 240/311/30 210/280/16 209/279/16
f 244/313/31 251/314/32 250/315/33 352/316/34
f 243/317/35 249/318/36 248/319/22 351/320/23
f 242/321/37 247/322/38 246/323/39 241/324/40
f 352/316/34 250/315/33 249/318/36 243/317/35
f 351/320/23 248/319/22 247/322/38 242/321/37
f 241/324/40 246/323/39 245/325/41 350/326/42
f 250/315/33 257/327/43 256/328/44 249/318/36
f 248/319/22 255/329/21 254/330/45 247/322/38
f 246/323/39 253/331/46 252/332/47 245/325/41
f 251/314/32 258/333/48 257/327/43 250/315/33
f 249/318/36 256/328/44 255/329/21 248/319/22
f 247/322/38 254/330/45 253/331/46 246/323/39
f 257/327/43 264/334/49 263/335/50 256/328/44
f 255/329/21 262/336/20 261/337/51 254/330/45
f 253/331/46 260/338/52 259/339/53 252/332/47
f 258/333/48 265/340/54 264/334/49 257/327/43
f 256/328/44 263/335/50 262/336/20 255/329/21
f 254/330/45 261/337/51 260/338/52 253/331/46
f 265/340/54 272/341/55 271/342/56 264/334/49
f 263/335/50 270/343/57 269/344/8 262/336/20
f 261/337/51 268/345/58 267/346/59 260/338/52
f 264/334/49 271/342/56 270/343/57 263/335/50
f 262/336/20 269/344/8 268/345/58 261/337/51
f 260/338/52 267/346/59 266/347/60 259/339/53
f 270/348/57 277/349/61 276/350/19 269/351/8
f 268/352/58 275/353/62 274/354/63 267/355/59
f 271/356/56 278/357/64 277/349/61 270/348/57
f 269/351/8 276/350/19 275/353/62 268/352/58
f 267/355/59 274/354/63 273/358/65 266/359/60
f 272/360/55 279/361/66 278/357/64 271/356/56
f 278/357/64 285/362/67 284/363/68 277/349/61
f 276/350/19 283/364/18 282/365/69 275/353/62
f 274/354/63 281/366/70 280/367/71 273/358/65
f 279/361/66 286/368/72 285/362/67 278/357/64
f 277/349/61 284/363/68 283/364/18 276/350/19
f 275/353/62 282/365/69 281/366/70 274/354/63
f 283/364/18 290/369/17 289/370/73 282/365/69
f 281/366/70 288/371/74 287/372/75 280/367/71
f 286/368/72 293/373/76 292/374/77 285/362/67
f 284/363/68 291/375/78 290/369/17 283/364/18
f 282/365/69 289/370/73 288/371/74 281/366/70
f 285/362/67 292/374/77 291/375/78 284/363/68
f 293/373/76 300/376/79 299/377/80 292/374/77
f 291/375/78 298/378/81 297/379/16 290/369/17
f 289/370/73 296/380/82 295/381/83 288/371/74
f 292/374/77 299/377/80 298/378/81 291/375/78
f 290/369/17 297/379/16 296/380/82 289/370/73
f 288/371/74 295/381/83 294/382/84 287/372/75
f 296/380/82 303/383/85 302/384/86 295/381/83
f 299/377/80 306/385/87 305/386/88 298/378/81
f 297/379/16 304/387/30 303/383/85 296/380/82
f 295/381/83 302/384/86 301/388/89 294/382/84
f 300/376/79 307/389/90 306/385/87 299/377/80
f 298/378/81 305/386/88 304/387/30 297/379/16
f 306/385/87 313/390/91 312/391/92 305/386/88
f 304/387/30 311/392/29 310/393/93 303/383/85
f 302/384/86 309/394/94 308/395/95 301/388/89
f 307/389/90 314/396/96 313/390/91 306/385/87
f 305/386/88 312/391/92 311/392/29 304/387/30
f 303/383/85 310/393/93 309/394/94 302/384/86
f 309/394/94 316/397/97 315/398/98 308/395/95
f 314/396/96 321/399/99 320/400/100 313/390/91
f 312/391/92 319/401/101 318/402/28 311/392/29
f 310/393/93 317/403/102 316/397/97 309/394/94
f 313/390/91 320/400/100 319/401/101 312/391/92
f 311/392/29 318/402/28 317/403/102 310/393/93
f 321/399/99 328/404/103 327/405/104 320/400/100
f 319/401/101 326/406/105 325/407/27 318/402/28
f 317/403/102 324/408/106 323/409/107 316/397/97
f 320/400/100 327/405/104 326/406/105 319/401/101
f 318/402/28 325/407/27 324/408/106 317/403/102
f 316/397/97 323/409/107 322/410/108 315/398/98
f 327/405/104 334/411/109 333/412/110 326/406/105
f 325/407/27 332/413/26 331/414/111 324/408/106
f 323/409/107 330/415/112 329/416/113 322/410/108
f 328/404/103 335/417/114 334/411/109 327/405/104
f 326/406/105 333/412/110 332/413/26 325/407/27
f 324/408/106 331/414/111 330/415/112 323/409/107
f 334/411/109 341/418/115 340/419/116 333/412/110
f 332/413/26 339/420/25 338/421/117 331/414/111
f 330/415/112 337/422/118 336/423/119 329/416/113
f 335/417/114 342/424/120 341/418/115 334/411/109
f 333/412/110 340/419/116 339/420/25 332/413/26
f 331/414/111 338/421/117 337/422/118 330/415/112
f 342/424/120 349/425/121 348/426/122 341/418/115
f 340/419/116 347/427/123 346/428/24 339/420/25
f 338/421/117 345/429/124 344/430/125 337/422/118
f 341/418/115 348/426/122 347/427/123 340/419/116
f 339/420/25 346/428/24 345/429/124 338/421/117
f 337/422/118 344/430/125 343/431/126 336/423/119
f 347/427/123 243/317/35 351/320/23 346/428/24
f 345/429/124 242/321/37 241/324/40 344/430/125
f 348/426/122 352/316/34 243/317/35 347/427/123
f 346/428/24 351/320/23 242/321/37 345/429/124
f 344/430/125 241/324/40 350/326/42 343/431/126
f 349/425/121 244/313/31 352/316/34 348/426/122
f 359/432/124 354/433/37 353/434/40 357/435/125
f 354/433/37 400/436/38 355/437/39 353/434/40
f 353/434/40 355/437/39 464/438/41 356/439/42
f 357/435/125 353/434/40 356/439/42 358/440/126
f 360/441/118 357/435/125 358/440/126 361/442/119
f 362/443/117 359/432/124 357/435/125 360/441/118
f 363/444/112 360/441/118 361/442/119 364/445/113
f 365/446/111 362/443/117 360/441/118 363/444/112
f 366/447/107 363/444/112 364/445/113 367/448/108
f 368/449/106 365/446/111 363/444/112 366/447/107
f 369/450/97 366/447/107 367/448/108 370/451/98
f 371/452/102 368/449/106 366/447/107 369/450/97
f 372/453/94 369/450/97 370/451/98 373/454/95
f 374/455/93 371/452/102 369/450/97 372/453/94
f 375/456/86 372/453/94 373/454/95 376/457/89
f 377/458/85 374/455/93 372/453/94 375/456/86
f 378/459/83 375/456/86 376/457/89 379/460/84
f 380/461/82 377/458/85 375/456/86 378/459/83
f 381/462/74 378/459/83 379/460/84 382/463/75
f 383/464/73 380/461/82 378/459/83 381/462/74
f 384/465/70 381/462/74 382/463/75 385/466/71
f 386/467/69 383/464/73 381/462/74 384/465/70
f 387/468/63 384/465/70 385/466/71 388/469/65
f 389/470/62 386/467/69 384/465/70 387/468/63
f 390/471/59 387/468/63 388/469/65 391/472/60
f 392/473/58 389/470/62 387/468/63 390/471/59
f 393/474/52 390/475/59 391/476/60 394/477/53
f 395/478/51 392/479/58 390/475/59 393/474/52
f 396/480/46 393/474/52 394/477/53 397/481/47
f 398/482/45 395/478/51 393/474/52 396/480/46
f 355/437/39 396/480/46 397/481/47 464/438/41
f 400/436/38 398/482/45 396/480/46 355/437/39
f 399/483/21 443/484/20 395/478/51 398/482/45
f 401/485/22 399/483/21 398/482/45 400/436/38
f 403/486/23 401/485/22 400/436/38 354/433/37
f 402/487/36 445/488/44 399/483/21 401/485/22
f 405/489/35 402/487/36 401/485/22 403/486/23
f 404/490/24 403/486/23 354/433/37 359/432/124
f 407/491/123 405/489/35 403/486/23 404/490/24
f 406/492/34 448/493/33 402/487/36 405/489/35
f 408/494/122 406/492/34 405/489/35 407/491/123
f 409/495/116 407/491/123 404/490/24 410/496/25
f 411/497/115 408/494/122 407/491/123 409/495/116
f 412/498/110 409/495/116 410/496/25 413/499/26
f 414/500/109 411/497/115 409/495/116 412/498/110
f 415/501/105 412/498/110 413/499/26 416/502/27
f 417/503/104 414/500/109 412/498/110 415/501/105
f 418/504/101 415/501/105 416/502/27 419/505/28
f 420/506/100 417/503/104 415/501/105 418/504/101
f 421/507/92 418/504/101 419/505/28 422/508/29
f 423/509/91 420/506/100 418/504/101 421/507/92
f 424/510/88 421/507/92 422/508/29 425/511/30
f 426/512/87 423/509/91 421/507/92 424/510/88
f 427/513/81 424/510/88 425/511/30 428/514/16
f 429/515/80 426/512/87 424/510/88 427/513/81
f 430/516/78 427/513/81 428/514/16 431/517/17
f 432/518/77 429/515/80 427/513/81 430/516/78
f 433/519/68 430/516/78 431/517/17 434/520/18
f 435/521/67 432/518/77 430/516/78 433/519/68
f 436/522/61 433/519/68 434/520/18 437/523/19
f 438/524/64 435/521/67 433/519/68 436/522/61
f 439/525/57 436/522/61 437/523/19 440/526/8
f 441/527/56 438/524/64 436/522/61 439/525/57
f 442/528/50 439/529/57 440/530/8 443/484/20
f 444/531/49 441/532/56 439/529/57 442/528/50
f 445/488/44 442/528/50 443/484/20 399/483/21
f 446/533/43 444/531/49 442/528/50 445/488/44
f 448/493/33 446/533/43 445/488/44 402/487/36
f 447/534/48 463/535/54 444/531/49 446/533/43
f 449/536/32 447/534/48 446/533/43 448/493/33
f 450/537/31 449/536/32 448/493/33 406/492/34
f 451/538/121 450/537/31 406/492/34 408/494/122
f 452/539/120 451/538/121 408/494/122 411/497/115
f 453/540/114 452/539/120 411/497/115 414/500/109
f 454/541/103 453/540/114 414/500/109 417/503/104
f 455/542/99 454/541/103 417/503/104 420/506/100
f 456/543/96 455/542/99 420/506/100 423/509/91
f 457/544/90 456/543/96 423/509/91 426/512/87
f 458/545/79 457/544/90 426/512/87 429/515/80
f 459/546/76 458/545/79 429/515/80 432/518/77
f 460/547/72 459/546/76 432/518/77 435/521/67
f 461/548/66 460/547/72 435/521/67 438/524/64
f 462/549/55 461/548/66 438/524/64 441/527/56
f 463/535/54 462/550/55 441/532/56 444/531/49
f 443/484/20 440/530/8 392/479/58 395/478/51
f 440/526/8 437/523/19 389/470/62 392/473/58
f 437/523/19 434/520/18 386/467/69 389/470/62
f 434/520/18 431/517/17 383/464/73 386/467/69
f 431/517/17 428/514/16 380/461/82 383/464/73
f 428/514/16 425/511/30 377/458/85 380/461/82
f 425/511/30 422/508/29 374/455/93 377/458/85
f 422/508/29 419/505/28 371/452/102 374/455/93
f 419/505/28 416/502/27 368/449/106 371/452/102
f 416/502/27 413/499/26 365/446/111 368/449/106
f 413/499/26 410/496/25 362/443/117 365/446/111
f 410/496/25 404/490/24 359/432/124 362/443/117
f 471/551/124 466/552/37 465/553/40 469/554/125
f 466/552/37 512/555/38 467/556/39 465/553/40
f 465/553/40 467/556/39 576/557/41 468/558/42
f 469/554/125 465/553/40 468/558/42 470/559/126
f 472/560/118 469/554/125 470/559/126 473/561/119
f 474/562/117 471/551/124 469/554/125 472/560/118
f 475/563/112 472/560/118 473/561/119 476/564/113
f 477/565/111 474/562/117 472/560/118 475/563/112
f 478/566/107 475/563/112 476/564/113 479/567/108
f 480/568/106 477/565/111 475/563/112 478/566/107
f 481/569/97 478/566/107 479/567/108 482/570/98
f 483/571/102 480/568/106 478/566/107 481/569/97
f 484/572/94 481/569/97 482/570/98 485/573/95
f 486/574/93 483/571/102 481/569/97 484/572/94
f 487/575/86 484/572/94 485/573/95 488/576/89
f 489/577/85 486/574/93 484/572/94 487/575/86
f 490/578/83 487/575/86 488/576/89 491/579/84
f 492/580/82 489/577/85 487/575/86 490/578/83
f 493/581/74 490/578/83 491/579/84 494/582/75
f 495/583/73 492/580/82 490/578/83 493/581/74
f 496/584/70 493/581/74 494/582/75 497/585/71
f 498/586/69 495/583/73 493/581/74 496/584/70
f 499/587/63 496/584/70 497/585/71 500/588/65
f 501/589/62 498/586/69 496/584/70 499/587/63
f 502/590/59 499/587/63 500/588/65 503/591/60
f 504/592/58 501/589/62 499/587/63 502/590/59
f 505/593/52 502/594/59 503/595/60 506/596/53
f 507/597/51 504/598/58 502/594/59 505/593/52
f 508/599/46 505/593/52 506/596/53 509/600/47
f 510/601/45 507/597/51 505/593/52 508/599/46
f 467/556/39 508/599/46 509/600/47 576/557/41
f 512/555/38 510/601/45 508/599/46 467/556/39
f 511/602/21 555/603/20 507/597/51 510/601/45
f 513/604/22 511/602/21 510/601/45 512/555/38
f 515/605/23 513/604/22 512/555/38 466/552/37
f 514/606/36 557/607/44 511/602/21 513/604/22
f 517/608/35 514/606/36 513/604/22 515/605/23
f 516/609/24 515/605/23 466/552/37 471/551/124
f 519/610/123 517/608/35 515/605/23 516/609/24
f 518/611/34 560/612/33 514/606/36 517/608/35
f 520/613/122 518/611/34 517/608/35 519/610/123
f 521/614/116 519/610/123 516/609/24 522/615/25
f 523/616/115 520/613/122 519/610/123 521/614/116
f 524/617/110 521/614/116 522/615/25 525/618/26
f 526/619/109 523/616/115 521/614/116 524/617/110
f 527/620/105 524/617/110 525/618/26 528/621/27
f 529/622/104 526/619/109 524/617/110 527/620/105
f 530/623/101 527/620/105 528/621/27 531/624/28
f 532/625/100 529/622/104 527/620/105 530/623/101
f 533/626/92 530/623/101 531/624/28 534/627/29
f 535/628/91 532/625/100 530/623/101 533/626/92
f 536/629/88 533/626/92 534/627/29 537/630/30
f 538/631/87 535/628/91 533/626/92 536/629/88
f 539/632/81 536/629/88 537/630/30 540/633/16
f 541/634/80 538/631/87 536/629/88 539/632/81
f 542/635/78 539/632/81 540/633/16 543/636/17
f 544/637/77 541/634/80 539/632/81 542/635/78
f 545/638/68 542/635/78 543/636/17 546/639/18
f 547/640/67 544/637/77 542/635/78 545/638/68
f 548/641/61 545/638/68 546/639/18 549/642/19
f 550/643/64 547/640/67 545/638/68 548/641/61
f 551/644/57 548/641/61 549/642/19 552/645/8
f 553/646/56 550/643/64 548/641/61 551/644/57
f 554/647/50 551/648/57 552/649/8 555/603/20
f 556/650/49 553/651/56 551/648/57 554/647/50
f 557/607/44 554/647/50 555/603/20 511/602/21
f 558/652/43 556/650/49 554/647/50 557/607/44
f 560/612/33 558/652/43 557/607/44 514/606/36
f 559/653/48 575/654/54 556/650/49 558/652/43
f 561/655/32 559/653/48 558/652/43 560/612/33
f 562/656/31 561/655/32 560/612/33 518/611/34
f 563/657/121 562/656/31 518/611/34 520/613/122
f 564/658/120 563/657/121 520/613/122 523/616/115
f 565/659/114 564/658/120 523/616/115 526/619/109
f 566/660/103 565/659/114 526/619/109 529/622/104
f 567/661/99 566/660/103 529/622/104 532/625/100
f 568/662/96 567/661/99 532/625/100 535/628/91
f 569/663/90 568/662/96 535/628/91 538/631/87
f 570/664/79 569/663/90 538/631/87 541/634/80
f 571/665/76 570/664/79 541/634/80 544/637/77
f 572/666/72 571/665/76 544/637/77 547/640/67
f 573/667/66 572/666/72 547/640/67 550/643/64
f 574/668/55 573/667/66 550/643/64 553/646/56
f 575/654/54 574/669/55 553/651/56 556/650/49
f 555/603/20 552/649/8 504/598/58 507/597/51
f 552/645/8 549/642/19 501/589/62 504/592/58
f 549/642/19 546/639/18 498/586/69 501/589/62
f 546/639/18 543/636/17 495/583/73 498/586/69
f 543/636/17 540/633/16 492/580/82 495/583/73
f 540/633/16 537/630/30 489/577/85 492/580/82
f 537/630/30 534/627/29 486/574/93 489/577/85
f 534/627/29 531/624/28 483/571/102 486/574/93
f 531/624/28 528/621/27 480/568/106 483/571/102
f 528/621/27 525/618/26 477/565/111 480/568/106
f 525/618/26 522/615/25 474/562/117 477/565/111
f 522/615/25 516/609/24 471/551/124 474/562/117
f 583/670/124 578/671/37 577/672/40 581/673/125
f 578/671/37 624/674/38 579/675/39 577/672/40
f 577/672/40 579/675/39 688/676/41 580/677/42
f 581/673/125 577/672/40 580/677/42 582/678/126
f 584/679/118 581/673/125 582/678/126 585/680/119
f 586/681/117 583/670/124 581/673/125 584/679/118
f 587/682/112 584/679/118 585/680/119 588/683/113
f 589/684/111 586/681/117 584/679/118 587/682/112
f 590/685/107 587/682/112 588/683/113 591/686/108
f 592/687/106 589/684/111 587/682/112 590/685/107
f 593/688/97 590/685/107 591/686/108 594/689/98
f 595/690/102 592/687/106 590/685/107 593/688/97
f 596/691/94 593/688/97 594/689/98 597/692/95
f 598/693/93 595/690/102 593/688/97 596/691/94
f 599/694/86 596/691/94 597/692/95 600/695/89
f 601/696/85 598/693/93 596/691/94 599/694/86
f 602/697/83 599/694/86 600/695/89 603/698/84
f 604/699/82 601/696/85 599/694/86 602/697/83
f 605/700/74 602/697/83 603/698/84 606/701/75
f 607/702/73 604/699/82 602/697/83 605/700/74
f 608/703/70 605/700/74 606/701/75 609/704/71
f 610/705/69 607/702/73 605/700/74 608/703/70
f 611/706/63 608/703/70 609/704/71 612/707/65
f 613/708/62 610/705/69 608/703/70 611/706/63
f 614/709/59 611/706/63 612/707/65 615/710/60
f 616/711/58 613/708/62 611/706/63 614/709/59
f 617/712/52 614/713/59 615/714/60 618/715/53
f 619/716/51 616/717/58 614/713/59 617/712/52
f 620/718/46 617/712/52 618/715/53 621/719/47
f 622/720/45 619/716/51 617/712/52 620/718/46
f 579/675/39 620/718/46 621/719/47 688/676/41
f 624/674/38 622/720/45 620/718/46 579/675/39
f 623/721/21 667/722/20 619/716/51 622/720/45
f 625/723/22 623/721/21 622/720/45 624/674/38
f 627/724/23 625/723/22 624/674/38 578/671/37
f 626/725/36 669/726/44 623/721/21 625/723/22
f 629/727/35 626/725/36 625/723/22 627/724/23
f 628/728/24 627/724/23 578/671/37 583/670/124
f 631/729/123 629/727/35 627/724/23 628/728/24
f 630/730/34 672/731/33 626/725/36 629/727/35
f 632/732/122 630/730/34 629/727/35 631/729/123
f 633/733/116 631/729/123 628/728/24 634/734/25
f 635/735/115 632/732/122 631/729/123 633/733/116
f 636/736/110 633/733/116 634/734/25 637/737/26
f 638/738/109 635/735/115 633/733/116 636/736/110
f 639/739/105 636/736/110 637/737/26 640/740/27
f 641/741/104 638/738/109 636/736/110 639/739/105
f 642/742/101 639/739/105 640/740/27 643/743/28
f 644/744/100 641/741/104 639/739/105 642/742/101
f 645/745/92 642/742/101 643/743/28 646/746/29
f 647/747/91 644/744/100 642/742/101 645/745/92
f 648/748/88 645/745/92 646/746/29 649/749/30
f 650/750/87 647/747/91 645/745/92 648/748/88
f 651/751/81 648/748/88 649/749/30 652/752/16
f 653/753/80 650/750/87 648/748/88 651/751/81
f 654/754/78 651/751/81 652/752/16 655/755/17
f 656/756/77 653/753/80 651/751/81 654/754/78
f 657/757/68 654/754/78 655/755/17 658/758/18
f 659/759/67 656/756/77 654/754/78 657/757/68
f 660/760/61 657/757/68 658/758/18 661/761/19
f 662/762/64 659/759/67 657/757/68 660/760/61
f 663/763/57 660/760/61 661/761/19 664/764/8
f 665/765/56 662/762/64 660/760/61 663/763/57
f 666/766/50 663/767/57 664/768/8 667/722/20
f 668/769/49 665/770/56 663/767/57 666/766/50
f 669/726/44 666/766/50 667/722/20 623/721/21
f 670/771/43 668/769/49 666/766/50 669/726/44
f 672/731/33 670/771/43 669/726/44 626/725/36
f 671/772/48 687/773/54 668/769/49 670/771/43
f 673/774/32 671/772/48 670/771/43 672/731/33
f 674/775/31 673/774/32 672/731/33 630/730/34
f 675/776/121 674/775/31 630/730/34 632/732/122
f 676/777/120 675/776/121 632/732/122 635/735/115
f 677/778/114 676/777/120 635/735/115 638/738/109
f 678/779/103 677/778/114 638/738/109 641/741/104
f 679/780/99 678/779/103 641/741/104 644/744/100
f 680/781/96 679/780/99 644/744/100 647/747/91
f 681/782/90 680/781/96 647/747/91 650/750/87
f 682/783/79 681/782/90 650/750/87 653/753/80
f 683/784/76 682/783/79 653/753/80 656/756/77
f 684/785/72 683/784/76 656/756/77 659/759/67
f 685/786/66 684/785/72 659/759/67 662/762/64
f 686/787/55 685/786/66 662/762/64 665/765/56
f 687/773/54 686/788/55 665/770/56 668/769/49
f 667/722/20 664/768/8 616/717/58 619/716/51
f 664/764/8 661/761/19 613/708/62 616/711/58
f 661/761/19 658/758/18 610/705/69 613/708/62
f 658/758/18 655/755/17 607/702/73 610/705/69
f 655/755/17 652/752/16 604/699/82 607/702/73
f 652/752/16 649/749/30 601/696/85 604/699/82
f 649/749/30 646/746/29 598/693/93 601/696/85
f 646/746/29 643/743/28 595/690/102 598/693/93
f 643/743/28 640/740/27 592/687/106 595/690/102
f 640/740/27 637/737/26 589/684/111 592/687/106
f 637/737/26 634/734/25 586/681/117 589/684/111
f 634/734/25 628/728/24 583/670/124 586/681/117
f 695/789/124 690/790/37 689/791/40 693/792/125
f 690/790/37 736/793/38 691/794/39 689/791/40
f 689/791/40 691/794/39 800/795/41 692/796/42
f 693/792/125 689/791/40 692/796/42 694/797/126
f 696/798/118 693/792/125 694/797/126 697/799/119
f 698/800/117 695/789/124 693/792/125 696/798/118
f 699/801/112 696/798/118 697/799/119 700/802/113
f 701/803/111 698/800/117 696/798/118 699/801/112
f 702/804/107 699/801/112 700/802/113 703/805/108
f 704/806/106 701/803/111 699/801/112 702/804/107
f 705/807/97 702/804/107 703/805/108 706/808/98
f 707/809/102 704/806/106 702/804/107 705/807/97
f 708/810/94 705/807/97 706/808/98 709/811/95
f 710/812/93 707/809/102 705/807/97 708/810/94
f 711/813/86 708/810/94 709/811/95 712/814/89
f 713/815/85 710/812/93 708/810/94 711/813/86
f 714/816/83 711/813/86 712/814/89 715/817/84
f 716/818/82 713/815/85 711/813/86 714/816/83
f 717/819/74 714/816/83 715/817/84 718/820/75
f 719/821/73 716/818/82 714/816/83 717/819/74
f 720/822/70 717/819/74 718/820/75 721/823/71
f 722/824/69 719/821/73 717/819/74 720/822/70
f 723/825/63 720/822/70 721/823/71 724/826/65
f 725/827/62 722/824/69 720/822/70 723/825/63
f 726/828/59 723/825/63 724/826/65 727/829/60
f 728/830/58 725/827/62 723/825/63 726/828/59
f 729/831/52 726/832/59 727/833/60 730/834/53
f 731/835/51 728/836/58 726/832/59 729/831/52
f 732/837/46 729/831/52 730/834/53 733/838/47
f 734/839/45 731/835/51 729/831/52 732/837/46
f 691/794/39 732/837/46 733/838/47 800/795/41
f 736/793/38 734/839/45 732/837/46 691/794/39
f 735/840/21 779/841/20 731/835/51 734/839/45
f 737/842/22 735/840/21 734/839/45 736/793/38
f 739/843/23 737/842/22 736/793/38 690/790/37
f 738/844/36 781/845/44 735/840/21 737/842/22
f 741/846/35 738/844/36 737/842/22 739/843/23
f 740/847/24 739/843/23 690/790/37 695/789/124
f 743/848/123 741/846/35 739/843/23 740/847/24
f 742/849/34 784/850/33 738/844/36 741/846/35
f 744/851/122 742/849/34 741/846/35 743/848/123
f 745/852/116 743/848/123 740/847/24 746/853/25
f 747/854/115 744/851/122 743/848/123 745/852/116
f 748/855/110 745/852/116 746/853/25 749/856/26
f 750/857/109 747/854/115 745/852/116 748/855/110
f 751/858/105 748/855/110 749/856/26 752/859/27
f 753/860/104 750/857/109 748/855/110 751/858/105
f 754/861/101 751/858/105 752/859/27 755/862/28
f 756/863/100 753/860/104 751/858/105 754/861/101
f 757/864/92 754/861/101 755/862/28 758/865/29
f 759/866/91 756/863/100 754/861/101 757/864/92
f 760/867/88 757/864/92 758/865/29 761/868/30
f 762/869/87 759/866/91 757/864/92 760/867/88
f 763/870/81 760/867/88 761/868/30 764/871/16
f 765/872/80 762/869/87 760/867/88 763/870/81
f 766/873/78 763/870/81 764/871/16 767/874/17
f 768/875/77 765/872/80 763/870/81 766/873/78
f 769/876/68 766/873/78 767/874/17 770/877/18
f 771/878/67 768/875/77 766/873/78 769/876/68
f 772/879/61 769/876/68 770/877/18 773/880/19
f 774/881/64 771/878/67 769/876/68 772/879/61
f 775/882/57 772/879/61 773/880/19 776/883/8
f 777/884/56 774/881/64 772/879/61 775/882/57
f 778/885/50 775/886/57 776/887/8 779/841/20
f 780/888/49 777/889/56 775/886/57 778/885/50
f 781/845/44 778/885/50 779/841/20 735/840/21
f 782/890/43 780/888/49 778/885/50 781/845/44
f 784/850/33 782/890/43 781/845/44 738/844/36
f 783/891/48 799/892/54 780/888/49 782/890/43
f 785/893/32 783/891/48 782/890/43 784/850/33
f 786/894/31 785/893/32 784/850/33 742/849/34
f 787/895/121 786/894/31 742/849/34 744/851/122
f 788/896/120 787/895/121 744/851/122 747/854/115
f 789/897/114 788/896/120 747/854/115 750/857/109
f 790/898/103 789/897/114 750/857/109 753/860/104
f 791/899/99 790/898/103 753/860/104 756/863/100
f 792/900/96 791/899/99 756/863/100 759/866/91
f 793/901/90 792/900/96 759/866/91 762/869/87
f 794/902/79 793/901/90 762/869/87 765/872/80
f 795/903/76 794/902/79 765/872/80 768/875/77
f 796/904/72 795/903/76 768/875/77 771/878/67
f 797/905/66 796/904/72 771/878/67 774/881/64
f 798/906/55 797/905/66 774/881/64 777/884/56
f 799/892/54 798/907/55 777/889/56 780/888/49
f 779/841/20 776/887/8 728/836/58 731/835/51
f 776/883/8 773/880/19 725/827/62 728/830/58
f 773/880/19 770/877/18 722/824/69 725/827/62
f 770/877/18 767/874/17 719/821/73 722/824/69
f 767/874/17 764/871/16 716/818/82 719/821/73
f 764/871/16 761/868/30 713/815/85 716/818/82
f 761/868/30 758/865/29 710/812/93 713/815/85
f 758/865/29 755/862/28 707/809/102 710/812/93
f 755/862/28 752/859/27 704/806/106 707/809/102
f 752/859/27 749/856/26 701/803/111 704/806/106
f 749/856/26 746/853/25 698/800/117 701/803/111
f 746/853/25 740/847/24 695/789/124 698/800/117
f 807/908/124 802/909/37 801/910/40 805/911/125
f 802/909/37 848/912/38 803/913/39 801/910/40
f 801/910/40 803/913/39 912/914/41 804/915/42
f 805/911/125 801/910/40 804/915/42 806/916/126
f 808/917/118 805/911/125 806/916/126 809/918/119
f 810/919/117 807/908/124 805/911/125 808/917/118
f 811/920/112 808/917/118 809/918/119 812/921/113
f 813/922/111 810/919/117 808/917/118 811/920/112
f 814/923/107 811/920/112 812/921/113 815/924/108
f 816/925/106 813/922/111 811/920/112 814/923/107
f 817/926/97 814/923/107 815/924/108 818/927/98
f 819/928/102 816/925/106 814/923/107 817/926/97
f 820/929/94 817/926/97 818/927/98 821/930/95
f 822/931/93 819/928/102 817/926/97 820/929/94
f 823/932/86 820/929/94 821/930/95 824/933/89
f 825/934/85 822/931/93 820/929/94 823/932/86
f 826/935/83 823/932/86 824/933/89 827/936/84
f 828/937/82 825/934/85 823/932/86 826/935/83
f 829/938/74 826/935/83 827/936/84 830/939/75
f 831/940/73 828/937/82 826/935/83 829/938/74
f 832/941/70 829/938/74 830/939/75 833/942/71
f 834/943/69 831/940/73 829/938/74 832/941/70
f 835/944/63 832/941/70 833/942/71 836/945/65
f 837/946/62 834/943/69 832/941/70 835/944/63
f 838/947/59 835/944/63 836/945/65 839/948/60
f 840/949/58 837/946/62 835/944/63 838/947/59
f 841/950/52 838/951/59 839/952/60 842/953/53
f 843/954/51 840/955/58 838/951/59 841/950/52
f 844/956/46 841/950/52 842/953/53 845/957/47
f 846/958/45 843/954/51 841/950/52 844/956/46
f 803/913/39 844/956/46 845/957/47 912/914/41
f 848/912/38 846/958/45 844/956/46 803/913/39
f 847/959/21 891/960/20 843/954/51 846/958/45
f 849/961/22 847/959/21 846/958/45 848/912/38
f 851/962/23 849/961/22 848/912/38 802/909/37
f 850/963/36 893/964/44 847/959/21 849/961/22
f 853/965/35 850/963/36 849/961/22 851/962/23
f 852/966/24 851/962/23 802/909/37 807/908/124
f 855/967/123 853/965/35 851/962/23 852/966/24
f 854/968/34 896/969/33 850/963/36 853/965/35
f 856/970/122 854/968/34 853/965/35 855/967/123
f 857/971/116 855/967/123 852/966/24 858/972/25
f 859/973/115 856/970/122 855/967/123 857/971/116
f 860/974/110 857/971/116 858/972/25 861/975/26
f 862/976/109 859/973/115 857/971/116 860/974/110
f 863/977/105 860/974/110 861/975/26 864/978/27
f 865/979/104 862/976/109 860/974/110 863/977/105
f 866/980/101 863/977/105 864/978/27 867/981/28
f 868/982/100 865/979/104 863/977/105 866/980/101
f 869/983/92 866/980/101 867/981/28 870/984/29
f 871/985/91 868/982/100 866/980/101 869/983/92
f 872/986/88 869/983/92 870/984/29 873/987/30
f 874/988/87 871/985/91 869/983/92 872/986/88
f 875/989/81 872/986/88 873/987/30 876/990/16
f 877/991/80 874/988/87 872/986/88 875/989/81
f 878/992/78 875/989/81 876/990/16 879/993/17
f 880/994/77 877/991/80 875/989/81 878/992/78
f 881/995/68 878/992/78 879/993/17 882/996/18
f 883/997/67 880/994/77 878/992/78 881/995/68
f 884/998/61 881/995/68 882/996/18 885/999/19
f 886/1000/64 883/997/67 881/995/68 884/998/61
f 887/1001/57 884/998/61 885/999/19 888/1002/8
f 889/1003/56 886/1000/64 884/998/61 887/1001/57
f 890/1004/50 887/1005/57 888/1006/8 891/960/20
f 892/1007/49 889/1008/56 887/1005/57 890/1004/50
f 893/964/44 890/1004/50 891/960/20 847/959/21
f 894/1009/43 892/1007/49 890/1004/50 893/964/44
f 896/969/33 894/1009/43 893/964/44 850/963/36
f 895/1010/48 911/1011/54 892/1007/49 894/1009/43
f 897/1012/32 895/1010/48 894/1009/43 896/969/33
f 898/1013/31 897/1012/32 896/969/33 854/968/34
f 899/1014/121 898/1013/31 854/968/34 856/970/122
f 900/1015/120 899/1014/121 856/970/122 859/973/115
f 901/1016/114 900/1015/120 859/973/115 862/976/109
f 902/1017/103 901/1016/114 862/976/109 865/979/104
f 903/1018/99 902/1017/103 865/979/104 868/982/100
f 904/1019/96 903/1018/99 868/982/100 871/985/91
f 905/1020/90 904/1019/96 871/985/91 874/988/87
f 906/1021/79 905/1020/90 874/988/87 877/991/80
f 907/1022/76 906/1021/79 877/991/80 880/994/77
f 908/1023/72 907/1022/76 880/994/77 883/997/67
f 909/1024/66 908/1023/72 883/997/67 886/1000/64
f 910/1025/55 909/1024/66 886/1000/64 889/1003/56
f 911/1011/54 910/1026/55 889/1008/56 892/1007/49
f 891/960/20 888/1006/8 840/955/58 843/954/51
f 888/1002/8 885/999/19 837/946/62 840/949/58
f 885/999/19 882/996/18 834/943/69 837/946/62
f 882/996/18 879/993/17 831/940/73 834/943/69
f 879/993/17 876/990/16 828/937/82 831/940/73
f 876/990/16 873/987/30 825/934/85 828/937/82
f 873/987/30 870/984/29 822/931/93 825/934/85
f 870/984/29 867/981/28 819/928/102 822/931/93
f 867/981/28 864/978/27 816/925/106 819/928/102
f 864/978/27 861/975/26 813/922/111 816/925/106
f 861/975/26 858/972/25 810/919/117 813/922/111
f 858/972/25 852/966/24 807/908/124 810/919/117
f 919/1027/124 914/1028/37 913/1029/40 917/1030/125
f 914/1028/37 960/1031/38 915/1032/39 913/1029/40
f 913/1029/40 915/1032/39 1024/1033/41 916/1034/42
f 917/1030/125 913/1029/40 916/1034/42 918/1035/126
f 920/1036/118 917/1030/125 918/1035/126 921/1037/119
f 922/1038/117 919/1027/124 917/1030/125 920/1036/118
f 923/1039/112 920/1036/118 921/1037/119 924/1040/113
f 925/1041/111 922/1038/117 920/1036/118 923/1039/112
f 926/1042/107 923/1039/112 924/1040/113 927/1043/108
f 928/1044/106 925/1041/111 923/1039/112 926/1042/107
f 929/1045/97 926/1042/107 927/1043/108 930/1046/98
f 931/1047/102 928/1044/106 926/1042/107 929/1045/97
f 932/1048/94 929/1045/97 930/1046/98 933/1049/95
f 934/1050/93 931/1047/102 929/1045/97 932/1048/94
f 935/1051/86 932/1048/94 933/1049/95 936/1052/89
f 937/1053/85 934/1050/93 932/1048/94 935/1051/86
f 938/1054/83 935/1051/86 936/1052/89 939/1055/84
f 940/1056/82 937/1053/85 935/1051/86 938/1054/83
f 941/1057/74 938/1054/83 939/1055/84 942/1058/75
f 943/1059/73 940/1056/82 938/1054/83 941/1057/74
f 944/1060/70 941/1057/74 942/1058/75 945/1061/71
f 946/1062/69 943/1059/73 941/1057/74 944/1060/70
f 947/1063/63 944/1060/70 945/1061/71 948/1064/65
f 949/1065/62 946/1062/69 944/1060/70 947/1063/63
f 950/1066/59 947/1063/63 948/1064/65 951/1067/60
f 952/1068/58 949/1065/62 947/1063/63 950/1066/59
f 953/1069/52 950/1070/59 951/1071/60 954/1072/53
f 955/1073/51 952/1074/58 950/1070/59 953/1069/52
f 956/1075/46 953/1069/52 954/1072/53 957/1076/47
f 958/1077/45 955/1073/51 953/1069/52 956/1075/46
f 915/1032/39 956/1075/46 957/1076/47 1024/1033/41
f 960/1031/38 958/1077/45 956/1075/46 915/1032/39
f 959/1078/21 1003/1079/20 955/1073/51 958/1077/45
f 961/1080/22 959/1078/21 958/1077/45 960/1031/38
f 963/1081/23 961/1080/22 960/1031/38 914/1028/37
f 962/1082/36 1005/1083/44 959/1078/21 961/1080/22
f 965/1084/35 962/1082/36 961/1080/22 963/1081/23
f 964/1085/24 963/1081/23 914/1028/37 919/1027/124
f 967/1086/123 965/1084/35 963/1081/23 964/1085/24
f 966/1087/34 1008/1088/33 962/1082/36 965/1084/35
f 968/1089/122 966/1087/34 965/1084/35 967/1086/123
f 969/1090/116 967/1086/123 964/1085/24 970/1091/25
f 971/1092/115 968/1089/122 967/1086/123 969/1090/116
f 972/1093/110 969/1090/116 970/1091/25 973/1094/26
f 974/1095/109 971/1092/115 969/1090/116 972/1093/110
f 975/1096/105 972/1093/110 973/1094/26 976/1097/27
f 977/1098/104 974/1095/109 972/1093/110 975/1096/105
f 978/1099/101 975/1096/105 976/1097/27 979/1100/28
f 980/1101/100 977/1098/104 975/1096/105 978/1099/101
f 981/1102/92 978/1099/101 979/1100/28 982/1103/29
f 983/1104/91 980/1101/100 978/1099/101 981/1102/92
f 984/1105/88 981/1102/92 982/1103/29 985/1106/30
f 986/1107/87 983/1104/91 981/1102/92 984/1105/88
f 987/1108/81 984/1105/88 985/1106/30 988/1109/16
f 989/1110/80 986/1107/87 984/1105/88 987/1108/81
f 990/1111/78 987/1108/81 988/1109/16 991/1112/17
f 992/1113/77 989/1110/80 987/1108/81 990/1111/78
f 993/1114/68 990/1111/78 991/1112/17 994/1115/18
f 995/1116/67 992/1113/77 990/1111/78 993/1114/68
f 996/1117/61 993/1114/68 994/1115/18 997/1118/19
f 998/1119/64 995/1116/67 993/1114/68 996/1117/61
f 999/1120/57 996/1117/61 997/1118/19 1000/1121/8
f 1001/1122/56 998/1119/64 996/1117/61 999/1120/57
f 1002/1123/50 999/1124/57 1000/1125/8 1003/1079/20
f 1004/1126/49 1001/1127/56 999/1124/57 1002/1123/50
f 1005/1083/44 1002/1123/50 1003/1079/20 959/1078/21
f 1006/1128/43 1004/1126/49 1002/1123/50 1005/1083/44
f 1008/1088/33 1006/1128/43 1005/1083/44 962/1082/36
f 1007/1129/48 1023/1130/54 1004/1126/49 1006/1128/43
f 1009/1131/32 1007/1129/48 1006/1128/43 1008/1088/33
f 1010/1132/31 1009/1131/32 1008/1088/33 966/1087/34
f 1011/1133/121 1010/1132/31 966/1087/34 968/1089/122
f 1012/1134/120 1011/1133/121 968/1089/122 971/1092/115
f 1013/1135/114 1012/1134/120 971/1092/115 974/1095/109
f 1014/1136/103 1013/1135/114 974/1095/109 977/1098/104
f 1015/1137/99 1014/1136/103 977/1098/104 980/1101/100
f 1016/1138/96 1015/1137/99 980/1101/100 983/1104/91
f 1017/1139/90 1016/1138/96 983/1104/91 986/1107/87
f 1018/1140/79 1017/1139/90 986/1107/87 989/1110/80
f 1019/1141/76 1018/1140/79 989/1110/80 992/1113/77
f 1020/1142/72 1019/1141/76 992/1113/77 995/1116/67
f 1021/1143/66 1020/1142/72 995/1116/67 998/1119/64
f 1022/1144/55 1021/1143/66 998/1119/64 1001/1122/56
f 1023/1130/54 1022/1145/55 1001/1127/56 1004/1126/49
f 1003/1079/20 1000/1125/8 952/1074/58 955/1073/51
f 1000/1121/8 997/1118/19 949/1065/62 952/1068/58
f 997/1118/19 994/1115/18 946/1062/69 949/1065/62
f 994/1115/18 991/1112/17 943/1059/73 946/1062/69
f 991/1112/17 988/1109/16 940/1056/82 943/1059/73
f 988/1109/16 985/1106/30 937/1053/85 940/1056/82
f 985/1106/30 982/1103/29 934/1050/93 937/1053/85
f 982/1103/29 979/1100/28 931/1047/102 934/1050/93
f 979/1100/28 976/1097/27 928/1044/106 931/1047/102
f 976/1097/27 973/1094/26 925/1041/111 928/1044/106
f 973/1094/26 970/1091/25 922/1038/117 925/1041/111
f 970/1091/25 964/1085/24 919/1027/124 922/1038/117
f 1031/1146/124 1026/1147/37 1025/1148/40 1029/1149/125
f 1026/1147/37 1072/1150/38 1027/1151/39 1025/1148/40
f 1025/1148/40 1027/1151/39 1136/1152/41 1028/1153/42
f 1029/1149/125 1025/1148/40 1028/1153/42 1030/1154/126
f 1032/1155/118 1029/1149/125 1030/1154/126 1033/1156/119
f 1034/1157/117 1031/1146/124 1029/1149/125 1032/1155/118
f 1035/1158/112 1032/1155/118 1033/1156/119 1036/1159/113
f 1037/1160/111 1034/1157/117 1032/1155/118 1035/1158/112
f 1038/1161/107 1035/1158/112 1036/1159/113 1039/1162/108
f 1040/1163/106 1037/1160/111 1035/1158/112 1038/1161/107
f 1041/1164/97 1038/1161/107 1039/1162/108 1042/1165/98
f 1043/1166/102 1040/1163/106 1038/1161/107 1041/1164/97
f 1044/1167/94 1041/1164/97 1042/1165/98 1045/1168/95
f 1046/1169/93 1043/1166/102 1041/1164/97 1044/1167/94
f 1047/1170/86 1044/1167/94 1045/1168/95 1048/1171/89
f 1049/1172/85 1046/1169/93 1044/1167/94 1047/1170/86
f 1050/1173/83 1047/1170/86 1048/1171/89 1051/1174/84
f 1052/1175/82 1049/1172/85 1047/1170/86 1050/1173/83
f 1053/1176/74 1050/1173/83 1051/1174/84 1054/1177/75
f 1055/1178/73 1052/1175/82 1050/1173/83 1053/1176/74
f 1056/1179/70 1053/1176/74 1054/1177/75 1057/1180/71
f 1058/1181/69 1055/1178/73 1053/1176/74 1056/1179/70
f 1059/1182/63 1056/1179/70 1057/1180/71 1060/1183/65
f 1061/1184/62 1058/1181/69 1056/1179/70 1059/1182/63
f 1062/1185/59 1059/1182/63 1060/1183/65 1063/1186/60
f 1064/1187/58 1061/1184/62 1059/1182/63 1062/1185/59
f 1065/1188/52 1062/1189/59 1063/1190/60 1066/1191/53
f 1067/1192/51 1064/1193/58 1062/1189/59 1065/1188/52
f 1068/1194/46 1065/1188/52 1066/1191/53 1069/1195/47
f 1070/1196/45 1067/1192/51 1065/1188/52 1068/1194/46
f 1027/1151/39 1068/1194/46 1069/1195/47 1136/1152/41
f 1072/1150/38 1070/1196/45 1068/1194/46 1027/1151/39
f 1071/1197/21 1115/1198/20 1067/1192/51 1070/1196/45
f 1073/1199/22 1071/1197/21 1070/1196/45 1072/1150/38
f 1075/1200/23 1073/1199/22 1072/1150/38 1026/1147/37
f 1074/1201/36 1117/1202/44 1071/1197/21 1073/1199/22
f 1077/1203/35 1074/1201/36 1073/1199/22 1075/1200/23
f 1076/1204/24 1075/1200/23 1026/1147/37 1031/1146/124
f 1079/1205/123 1077/1203/35 1075/1200/23 1076/1204/24
f 1078/1206/34 1120/1207/33 1074/1201/36 1077/1203/35
f 1080/1208/122 1078/1206/34 1077/1203/35 1079/1205/123
f 1081/1209/116 1079/1205/123 1076/1204/24 1082/1210/25
f 1083/1211/115 1080/1208/122 1079/1205/123 1081/1209/116
f 1084/1212/110 1081/1209/116 1082/1210/25 1085/1213/26
f 1086/1214/109 1083/1211/115 1081/1209/116 1084/1212/110
f 1087/1215/105 1084/1212/110 1085/1213/26 1088/1216/27
f 1089/1217/104 1086/1214/109 1084/1212/110 1087/1215/105
f 1090/1218/101 1087/1215/105 1088/1216/27 1091/1219/28
f 1092/1220/100 1089/1217/104 1087/1215/105 1090/1218/101
f 1093/1221/92 1090/1218/101 1091/1219/28 1094/1222/29
f 1095/1223/91 1092/1220/100 1090/1218/101 1093/1221/92
f 1096/1224/88 1093/1221/92 1094/1222/29 1097/1225/30
f 1098/1226/87 1095/1223/91 1093/1221/92 1096/1224/88
f 1099/1227/81 1096/1224/88 1097/1225/30 1100/1228/16
f 1101/1229/80 1098/1226/87 1096/1224/88 1099/1227/81
f 1102/1230/78 1099/1227/81 1100/1228/16 1103/1231/17
f 1104/1232/77 1101/1229/80 1099/1227/81 1102/1230/78
f 1105/1233/68 1102/1230/78 1103/1231/17 1106/1234/18
f 1107/1235/67 1104/1232/77 1102/1230/78 1105/1233/68
f 1108/1236/61 1105/1233/68 1106/1234/18 1109/1237/19
f 1110/1238/64 1107/1235/67 1105/1233/68 1108/1236/61
f 1111/1239/57 1108/1236/61 1109/1237/19 1112/1240/8
f 1113/1241/56 1110/1238/64 1108/1236/61 1111/1239/57
f 1114/1242/50 1111/1243/57 1112/1244/8 1115/1198/20
f 1116/1245/49 1113/1246/56 1111/1243/57 1114/1242/50
f 1117/1202/44 1114/1242/50 1115/1198/20 1071/1197/21
f 1118/1247/43 1116/1245/49 1114/1242/50 1117/1202/44
f 1120/1207/33 1118/1247/43 1117/1202/44 1074/1201/36
f 1119/1248/48 1135/1249/54 1116/1245/49 1118/1247/43
f 1121/1250/32 1119/1248/48 1118/1247/43 1120/1207/33
f 1122/1251/31 1121/1250/32 1120/1207/33 1078/1206/34
f 1123/1252/121 1122/1251/31 1078/1206/34 1080/1208/122
f 1124/1253/120 1123/1252/121 1080/1208/122 1083/1211/115
f 1125/1254/114 1124/1253/120 1083/1211/115 1086/1214/109
f 1126/1255/103 1125/1254/114 1086/1214/109 1089/1217/104
f 1127/1256/99 1126/1255/103 1089/1217/104 1092/1220/100
f 1128/1257/96 1127/1256/99 1092/1220/100 1095/1223/91
f 1129/1258/90 1128/1257/96 1095/1223/91 1098/1226/87
f 1130/1259/79 1129/1258/90 1098/1226/87 1101/1229/80
f 1131/1260/76 1130/1259/79 1101/1229/80 1104/1232/77
f 1132/1261/72 1131/1260/76 1104/1232/77 1107/1235/67
f 1133/1262/66 1132/1261/72 1107/1235/67 1110/1238/64
f 1134/1263/55 1133/1262/66 1110/1238/64 1113/1241/56
f 1135/1249/54 1134/1264/55 1113/1246/56 1116/1245/49
f 1115/1198/20 1112/1244/8 1064/1193/58 1067/1192/51
f 1112/1240/8 1109/1237/19 1061/1184/62 1064/1187/58
f 1109/1237/19 1106/1234/18 1058/1181/69 1061/1184/62
f 1106/1234/18 1103/1231/17 1055/1178/73 1058/1181/69
f 1103/1231/17 1100/1228/16 1052/1175/82 1055/1178/73
f 1100/1228/16 1097/1225/30 1049/1172/85 1052/1175/82
f 1097/1225/30 1094/1222/29 1046/1169/93 1049/1172/85
f 1094/1222/29 1091/1219/28 1043/1166/102 1046/1169/93
f 1091/1219/28 1088/1216/27 1040/1163/106 1043/1166/102
f 1088/1216/27 1085/1213/26 1037/1160/111 1040/1163/106
f 1085/1213/26 1082/1210/25 1034/1157/117 1037/1160/111
f 1082/1210/25 1076/1204/24 1031/1146/124 1034/1157/117
f 1143/1265/124 1138/1266/37 1137/1267/40 1141/1268/125
f 1138/1266/37 1184/1269/38 1139/1270/39 1137/1267/40
f 1137/1267/40 1139/1270/39 1248/1271/41 1140/1272/42
f 1141/1268/125 1137/1267/40 1140/1272/42 1142/1273/126
f 1144/1274/118 1141/1268/125 1142/1273/126 1145/1275/119
f 1146/1276/117 1143/1265/124 1141/1268/125 1144/1274/118
f 1147/1277/112 1144/1274/118 1145/1275/119 1148/1278/113
f 1149/1279/111 1146/1276/117 1144/1274/118 1147/1277/112
f 1150/1280/107 1147/1277/112 1148/1278/113 1151/1281/108
f 1152/1282/106 1149/1279/111 1147/1277/112 1150/1280/107
f 1153/1283/97 1150/1280/107 1151/1281/108 1154/1284/98
f 1155/1285/102 1152/1282/106 1150/1280/107 1153/1283/97
f 1156/1286/94 1153/1283/97 1154/1284/98 1157/1287/95
f 1158/1288/93 1155/1285/102 1153/1283/97 1156/1286/94
f 1159/1289/86 1156/1286/94 1157/1287/95 1160/1290/89
f 1161/1291/85 1158/1288/93 1156/1286/94 1159/1289/86
f 1162/1292/83 1159/1289/86 1160/1290/89 1163/1293/84
f 1164/1294/82 1161/1291/85 1159/1289/86 1162/1292/83
f 1165/1295/74 1162/1292/83 1163/1293/84 1166/1296/75
f 1167/1297/73 1164/1294/82 1162/1292/83 1165/1295/74
f 1168/1298/70 1165/1295/74 1166/1296/75 1169/1299/71
f 1170/1300/69 1167/1297/73 1165/1295/74 1168/1298/70
f 1171/1301/63 1168/1298/70 1169/1299/71 1172/1302/65
f 1173/1303/62 1170/1300/69 1168/1298/70 1171/1301/63
f 1174/1304/59 1171/1301/63 1172/1302/65 1175/1305/60
f 1176/1306/58 1173/1303/62 1171/1301/63 1174/1304/59
f 1177/1307/52 1174/1308/59 1175/1309/60 1178/1310/53
f 1179/1311/51 1176/1312/58 1174/1308/59 1177/1307/52
f 1180/1313/46 1177/1307/52 1178/1310/53 1181/1314/47
f 1182/1315/45 1179/1311/51 1177/1307/52 1180/1313/46
f 1139/1270/39 1180/1313/46 1181/1314/47 1248/1271/41
f 1184/1269/38 1182/1315/45 1180/1313/46 1139/1270/39
f 1183/1316/21 1227/1317/20 1179/1311/51 1182/1315/45
f 1185/1318/22 1183/1316/21 1182/1315/45 1184/1269/38
f 1187/1319/23 1185/1318/22 1184/1269/38 1138/1266/37
f 1186/1320/36 1229/1321/44 1183/1316/21 1185/1318/22
f 1189/1322/35 1186/1320/36 1185/1318/22 1187/1319/23
f 1188/1323/24 1187/1319/23 1138/1266/37 1143/1265/124
f 1191/1324/123 1189/1322/35 1187/1319/23 1188/1323/24
f 1190/1325/34 1232/1326/33 1186/1320/36 1189/1322/35
f 1192/1327/122 1190/1325/34 1189/1322/35 1191/1324/123
f 1193/1328/116 1191/1324/123 1188/1323/24 1194/1329/25
f 1195/1330/115 1192/1327/122 1191/1324/123 1193/1328/116
f 1196/1331/110 1193/1328/116 1194/1329/25 1197/1332/26
f 1198/1333/109 1195/1330/115 1193/1328/116 1196/1331/110
f 1199/1334/105 1196/1331/110 1197/1332/26 1200/1335/27
f 1201/1336/104 1198/1333/109 1196/1331/110 1199/1334/105
f 1202/1337/101 1199/1334/105 1200/1335/27 1203/1338/28
f 1204/1339/100 1201/1336/104 1199/1334/105 1202/1337/101
f 1205/1340/92 1202/1337/101 1203/1338/28 1206/1341/29
f 1207/1342/91 1204/1339/100 1202/1337/101 1205/1340/92
f 1208/1343/88 1205/1340/92 1206/1341/29 1209/1344/30
f 1210/1345/87 1207/1342/91 1205/1340/92 1208/1343/88
f 1211/1346/81 1208/1343/88 1209/1344/30 1212/1347/16
f 1213/1348/80 1210/1345/87 1208/1343/88 1211/1346/81
f 1214/1349/78 1211/1346/81 1212/1347/16 1215/1350/17
f 1216/1351/77 1213/1348/80 1211/1346/81 1214/1349/78
f 1217/1352/68 1214/1349/78 1215/1350/17 1218/1353/18
f 1219/1354/67 1216/1351/77 1214/1349/78 1217/1352/68
f 1220/1355/61 1217/1352/68 1218/1353/18 1221/1356/19
f 1222/1357/64 1219/1354/67 1217/1352/68 1220/1355/61
f 1223/1358/57 1220/1355/61 1221/1356/19 1224/1359/8
f 1225/1360/56 1222/1357/64 1220/1355/61 1223/1358/57
f 1226/1361/50 1223/1362/57 1224/1363/8 1227/1317/20
f 1228/1364/49 1225/1365/56 1223/1362/57 1226/1361/50
f 1229/1321/44 1226/1361/50 1227/1317/20 1183/1316/21
f 1230/1366/43 1228/1364/49 1226/1361/50 1229/1321/44
f 1232/1326/33 1230/1366/43 1229/1321/44 1186/1320/36
f 1231/1367/48 1247/1368/54 1228/1364/49 1230/1366/43
f 1233/1369/32 1231/1367/48 1230/1366/43 1232/1326/33
f 1234/1370/31 1233/1369/32 1232/1326/33 1190/1325/34
f 1235/1371/121 1234/1370/31 1190/1325/34 1192/1327/122
f 1236/1372/120 1235/1371/121 1192/1327/122 1195/1330/115
f 1237/1373/114 1236/1372/120 1195/1330/115 1198/1333/109
f 1238/1374/103 1237/1373/114 1198/1333/109 1201/1336/104
f 1239/1375/99 1238/1374/103 1201/1336/104 1204/1339/100
f 1240/1376/96 1239/1375/99 1204/1339/100 1207/1342/91
f 1241/1377/90 1240/1376/96 1207/1342/91 1210/1345/87
f 1242/1378/79 1241/1377/90 1210/1345/87 1213/1348/80
f 1243/1379/76 1242/1378/79 1213/1348/80 1216/1351/77
f 1244/1380/72 1243/1379/76 1216/1351/77 1219/1354/67
f 1245/1381/66 1244/1380/72 1219/1354/67 1222/1357/64
f 1246/1382/55 1245/1381/66 1222/1357/64 1225/1360/56
f 1247/1368/54 1246/1383/55 1225/1365/56 1228/1364/49
f 1227/1317/20 1224/1363/8 1176/1312/58 1179/1311/51
f 1224/1359/8 1221/1356/19 1173/1303/62 1176/1306/58
f 1221/1356/19 1218/1353/18 1170/1300/69 1173/1303/62
f 1218/1353/18 1215/1350/17 1167/1297/73 1170/1300/69
f 1215/1350/17 1212/1347/16 1164/1294/82 1167/1297/73
f 1212/1347/16 1209/1344/30 1161/1291/85 1164/1294/82
f 1209/1344/30 1206/1341/29 1158/1288/93 1161/1291/85
f 1206/1341/29 1203/1338/28 1155/1285/102 1158/1288/93
f 1203/1338/28 1200/1335/27 1152/1282/106 1155/1285/102
f 1200/1335/27 1197/1332/26 1149/1279/111 1152/1282/106
f 1197/1332/26 1194/1329/25 1146/1276/117 1149/1279/111
f 1194/1329/25 1188/1323/24 1143/1265/124 1146/1276/117
f 1255/1384/124 1250/1385/37 1249/1386/40 1253/1387/125
f 1250/1385/37 1296/1388/38 1251/1389/39 1249/1386/40
f 1249/1386/40 1251/1389/39 1360/1390/41 1252/1391/42
f 1253/1387/125 1249/1386/40 1252/1391/42 1254/1392/126
f 1256/1393/118 1253/1387/125 1254/1392/126 1257/1394/119
f 1258/1395/117 1255/1384/124 1253/1387/125 1256/1393/118
f 1259/1396/112 1256/1393/118 1257/1394/119 1260/1397/113
f 1261/1398/111 1258/1395/117 1256/1393/118 1259/1396/112
f 1262/1399/107 1259/1396/112 1260/1397/113 1263/1400/108
f 1264/1401/106 1261/1398/111 1259/1396/112 1262/1399/107
f 1265/1402/97 1262/1399/107 1263/1400/108 1266/1403/98
f 1267/1404/102 1264/1401/106 1262/1399/107 1265/1402/97
f 1268/1405/94 1265/1402/97 1266/1403/98 1269/1406/95
f 1270/1407/93 1267/1404/102 1265/1402/97 1268/1405/94
f 1271/1408/86 1268/1405/94 1269/1406/95 1272/1409/89
f 1273/1410/85 1270/1407/93 1268/1405/94 1271/1408/86
f 1274/1411/83 1271/1408/86 1272/1409/89 1275/1412/84
f 1276/1413/82 1273/1410/85 1271/1408/86 1274/1411/83
f 1277/1414/74 1274/1411/83 1275/1412/84 1278/1415/75
f 1279/1416/73 1276/1413/82 1274/1411/83 1277/1414/74
f 1280/1417/70 1277/1414/74 1278/1415/75 1281/1418/71
f 1282/1419/69 1279/1416/73 1277/1414/74 1280/1417/70
f 1283/1420/63 1280/1417/70 1281/1418/71 1284/1421/65
f 1285/1422/62 1282/1419/69 1280/1417/70 1283/1420/63
f 1286/1423/59 1283/1420/63 1284/1421/65 1287/1424/60
f 1288/1425/58 1285/1422/62 1283/1420/63 1286/1423/59
f 1289/1426/52 1286/1427/59 1287/1428/60 1290/1429/53
f 1291/1430/51 1288/1431/58 1286/1427/59 1289/1426/52
f 1292/1432/46 1289/1426/52 1290/1429/53 1293/1433/47
f 1294/1434/45 1291/1430/51 1289/1426/52 1292/1432/46
f 1251/1389/39 1292/1432/46 1293/1433/47 1360/1390/41
f 1296/1388/38 1294/1434/45 1292/1432/46 1251/1389/39
f 1295/1435/21 1339/1436/20 1291/1430/51 1294/1434/45
f 1297/1437/22 1295/1435/21 1294/1434/45 1296/1388/38
f 1299/1438/23 1297/1437/22 1296/1388/38 1250/1385/37
f 1298/1439/36 1341/1440/44 1295/1435/21 1297/1437/22
f 1301/1441/35 1298/1439/36 1297/1437/22 1299/1438/23
f 1300/1442/24 1299/1438/23 1250/1385/37 1255/1384/124
f 1303/1443/123 1301/1441/35 1299/1438/23 1300/1442/24
f 1302/1444/34 1344/1445/33 1298/1439/36 1301/1441/35
f 1304/1446/122 1302/1444/34 1301/1441/35 1303/1443/123
f 1305/1447/116 1303/1443/123 1300/1442/24 1306/1448/25
f 1307/1449/115 1304/1446/122 1303/1443/123 1305/1447/116
f 1308/1450/110 1305/1447/116 1306/1448/25 1309/1451/26
f 1310/1452/109 1307/1449/115 1305/1447/116 1308/1450/110
f 1311/1453/105 1308/1450/110 1309/1451/26 1312/1454/27
f 1313/1455/104 1310/1452/109 1308/1450/110 1311/1453/105
f 1314/1456/101 1311/1453/105 1312/1454/27 1315/1457/28
f 1316/1458/100 1313/1455/104 1311/1453/105 1314/1456/101
f 1317/1459/92 1314/1456/101 1315/1457/28 1318/1460/29
f 1319/1461/91 1316/1458/100 1314/1456/101 1317/1459/92
f 1320/1462/88 1317/1459/92 1318/1460/29 1321/1463/30
f 1322/1464/87 1319/1461/91 1317/1459/92 1320/1462/88
f 1323/1465/81 1320/1462/88 1321/1463/30 1324/1466/16
f 1325/1467/80 1322/1464/87 1320/1462/88 1323/1465/81
f 1326/1468/78 1323/1465/81 1324/1466/16 1327/1469/17
f 1328/1470/77 1325/1467/80 1323/1465/81 1326/1468/78
f 1329/1471/68 1326/1468/78 1327/1469/17 1330/1472/18
f 1331/1473/67 1328/1470/77 1326/1468/78 1329/1471/68
f 1332/1474/61 1329/1471/68 1330/1472/18 1333/1475/19
f 1334/1476/64 1331/1473/67 1329/1471/68 1332/1474/61
f 1335/1477/57 1332/1474/61 1333/1475/19 1336/1478/8
f 1337/1479/56 1334/1476/64 1332/1474/61 1335/1477/57
f 1338/1480/50 1335/1481/57 1336/1482/8 1339/1436/20
f 1340/1483/49 1337/1484/56 1335/1481/57 1338/1480/50
f 1341/1440/44 1338/1480/50 1339/1436/20 1295/1435/21
f 1342/1485/43 1340/1483/49 1338/1480/50 1341/1440/44
f 1344/1445/33 1342/1485/43 1341/1440/44 1298/1439/36
f 1343/1486/48 1359/1487/54 1340/1483/49 1342/1485/43
f 1345/1488/32 1343/1486/48 1342/1485/43 1344/1445/33
f 1346/1489/31 1345/1488/32 1344/1445/33 1302/1444/34
f 1347/1490/121 1346/1489/31 1302/1444/34 1304/1446/122
f 1348/1491/120 1347/1490/121 1304/1446/122 1307/1449/115
f 1349/1492/114 1348/1491/120 1307/1449/115 1310/1452/109
f 1350/1493/103 1349/1492/114 1310/1452/109 1313/1455/104
f 1351/1494/99 1350/1493/103 1313/1455/104 1316/1458/100
f 1352/1495/96 1351/1494/99 1316/1458/100 1319/1461/91
f 1353/1496/90 1352/1495/96 1319/1461/91 1322/1464/87
f 1354/1497/79 1353/1496/90 1322/1464/87 1325/1467/80
f 1355/1498/76 1354/1497/79 1325/1467/80 1328/1470/77
f 1356/1499/72 1355/1498/76 1328/1470/77 1331/1473/67
f 1357/1500/66 1356/1499/72 1331/1473/67 1334/1476/64
f 1358/1501/55 1357/1500/66 1334/1476/64 1337/1479/56
f 1359/1487/54 1358/1502/55 1337/1484/56 1340/1483/49
f 1339/1436/20 1336/1482/8 1288/1431/58 1291/1430/51
f 1336/1478/8 1333/1475/19 1285/1422/62 1288/1425/58
f 1333/1475/19 1330/1472/18 1282/1419/69 1285/1422/62
f 1330/1472/18 1327/1469/17 1279/1416/73 1282/1419/69
f 1327/1469/17 1324/1466/16 1276/1413/82 1279/1416/73
f 1324/1466/16 1321/1463/30 1273/1410/85 1276/1413/82
f 1321/1463/30 1318/1460/29 1270/1407/93 1273/1410/85
f 1318/1460/29 1315/1457/28 1267/1404/102 1270/1407/93
f 1315/1457/28 1312/1454/27 1264/1401/106 1267/1404/102
f 1312/1454/27 1309/1451/26 1261/1398/111 1264/1401/106
f 1309/1451/26 1306/1448/25 1258/1395/117 1261/1398/111
f 1306/1448/25 1300/1442/24 1255/1384/124 1258/1395/117
f 1367/1503/124 1362/1504/37 1361/1505/40 1365/1506/125
f 1362/1504/37 1408/1507/38 1363/1508/39 1361/1505/40
f 1361/1505/40 1363/1508/39 1472/1509/41 1364/1510/42
f 1365/1506/125 1361/1505/40 1364/1510/42 1366/1511/126
f 1368/1512/118 1365/1506/125 1366/1511/126 1369/1513/119
f 1370/1514/117 1367/1503/124 1365/1506/125 1368/1512/118
f 1371/1515/112 1368/1512/118 1369/1513/119 1372/1516/113
f 1373/1517/111 1370/1514/117 1368/1512/118 1371/1515/112
f 1374/1518/107 1371/1515/112 1372/1516/113 1375/1519/108
f 1376/1520/106 1373/1517/111 1371/1515/112 1374/1518/107
f 1377/1521/97 1374/1518/107 1375/1519/108 1378/1522/98
f 1379/1523/102 1376/1520/106 1374/1518/107 1377/1521/97
f 1380/1524/94 1377/1521/97 1378/1522/98 1381/1525/95
f 1382/1526/93 1379/1523/102 1377/1521/97 1380/1524/94
f 1383/1527/86 1380/1524/94 1381/1525/95 1384/1528/89
f 1385/1529/85 1382/1526/93 1380/1524/94 1383/1527/86
f 1386/1530/83 1383/1527/86 1384/1528/89 1387/1531/84
f 1388/1532/82 1385/1529/85 1383/1527/86 1386/1530/83
f 1389/1533/74 1386/1530/83 1387/1531/84 1390/1534/75
f 1391/1535/73 1388/1532/82 1386/1530/83 1389/1533/74
f 1392/1536/70 1389/1533/74 1390/1534/75 1393/1537/71
f 1394/1538/69 1391/1535/73 1389/1533/74 1392/1536/70
f 1395/1539/63 1392/1536/70 1393/1537/71 1396/1540/65
f 1397/1541/62 1394/1538/69 1392/1536/70 1395/1539/63
f 1398/1542/59 1395/1539/63 1396/1540/65 1399/1543/60
f 1400/1544/58 1397/1541/62 1395/1539/63 1398/1542/59
f 1401/1545/52 1398/1546/59 1399/1547/60 1402/1548/53
f 1403/1549/51 1400/1550/58 1398/1546/59 1401/1545/52
f 1404/1551/46 1401/1545/52 1402/1548/53 1405/1552/47
f 1406/1553/45 1403/1549/51 1401/1545/52 1404/1551/46
f 1363/1508/39 1404/1551/46 1405/1552/47 1472/1509/41
f 1408/1507/38 1406/1553/45 1404/1551/46 1363/1508/39
f 1407/1554/21 1451/1555/20 1403/1549/51 1406/1553/45
f 1409/1556/22 1407/1554/21 1406/1553/45 1408/1507/38
f 1411/1557/23 1409/1556/22 1408/1507/38 1362/1504/37
f 1410/1558/36 1453/1559/44 1407/1554/21 1409/1556/22
f 1413/1560/35 1410/1558/36 1409/1556/22 1411/1557/23
f 1412/1561/24 1411/1557/23 1362/1504/37 1367/1503/124
f 1415/1562/123 1413/1560/35 1411/1557/23 1412/1561/24
f 1414/1563/34 1456/1564/33 1410/1558/36 1413/1560/35
f 1416/1565/122 1414/1563/34 1413/1560/35 1415/1562/123
f 1417/1566/116 1415/1562/123 1412/1561/24 1418/1567/25
f 1419/1568/115 1416/1565/122 1415/1562/123 1417/1566/116
f 1420/1569/110 1417/1566/116 1418/1567/25 1421/1570/26
f 1422/1571/109 1419/1568/115 1417/1566/116 1420/1569/110
f 1423/1572/105 1420/1569/110 1421/1570/26 1424/1573/27
f 1425/1574/104 1422/1571/109 1420/1569/110 1423/1572/105
f 1426/1575/101 1423/1572/105 1424/1573/27 1427/1576/28
f 1428/1577/100 1425/1574/104 1423/1572/105 1426/1575/101
f 1429/1578/92 1426/1575/101 1427/1576/28 1430/1579/29
f 1431/1580/91 1428/1577/100 1426/1575/101 1429/1578/92
f 1432/1581/88 1429/1578/92 1430/1579/29 1433/1582/30
f 1434/1583/87 1431/1580/91 1429/1578/92 1432/1581/88
f 1435/1584/81 1432/1581/88 1433/1582/30 1436/1585/16
f 1437/1586/80 1434/1583/87 1432/1581/88 1435/1584/81
f 1438/1587/78 1435/1584/81 1436/1585/16 1439/1588/17
f 1440/1589/77 1437/1586/80 1435/1584/81 1438/1587/78
f 1441/1590/68 1438/1587/78 1439/1588/17 1442/1591/18
f 1443/1592/67 1440/1589/77 1438/1587/78 1441/1590/68
f 1444/1593/61 1441/1590/68 1442/1591/18 1445/1594/19
f 1446/1595/64 1443/1592/67 1441/1590/68 1444/1593/61
f 1447/1596/57 1444/1593/61 1445/1594/19 1448/1597/8
f 1449/1598/56 1446/1595/64 1444/1593/61 1447/1596/57
f 1450/1599/50 1447/1600/57 1448/1601/8 1451/1555/20
f 1452/1602/49 1449/1603/56 1447/1600/57 1450/1599/50
f 1453/1559/44 1450/1599/50 1451/1555/20 1407/1554/21
f 1454/1604/43 1452/1602/49 1450/1599/50 1453/1559/44
f 1456/1564/33 1454/1604/43 1453/1559/44 1410/1558/36
f 1455/1605/48 1471/1606/54 1452/1602/49 1454/1604/43
f 1457/1607/32 1455/1605/48 1454/1604/43 1456/1564/33
f 1458/1608/31 1457/1607/32 1456/1564/33 1414/1563/34
f 1459/1609/121 1458/1608/31 1414/1563/34 1416/1565/122
f 1460/1610/120 1459/1609/121 1416/1565/122 1419/1568/115
f 1461/1611/114 1460/1610/120 1419/1568/115 1422/1571/109
f 1462/1612/103 1461/1611/114 1422/1571/109 1425/1574/104
f 1463/1613/99 1462/1612/103 1425/1574/104 1428/1577/100
f 1464/1614/96 1463/1613/99 1428/1577/100 1431/1580/91
f 1465/1615/90 1464/1614/96 1431/1580/91 1434/1583/87
f 1466/1616/79 1465/1615/90 1434/1583/87 1437/1586/80
f 1467/1617/76 1466/1616/79 1437/1586/80 1440/1589/77
f 1468/1618/72 1467/1617/76 1440/1589/77 1443/1592/67
f 1469/1619/66 1468/1618/72 1443/1592/67 1446/1595/64
f 1470/1620/55 1469/1619/66 1446/1595/64 1449/1598/56
f 1471/1606/54 1470/1621/55 1449/1603/56 1452/1602/49
f 1451/1555/20 1448/1601/8 1400/1550/58 1403/1549/51
f 1448/1597/8 1445/1594/19 1397/1541/62 1400/1544/58
f 1445/1594/19 1442/1591/18 1394/1538/69 1397/1541/62
f 1442/1591/18 1439/1588/17 1391/1535/73 1394/1538/69
f 1439/1588/17 1436/1585/16 1388/1532/82 1391/1535/73
f 1436/1585/16 1433/1582/30 1385/1529/85 1388/1532/82
f 1433/1582/30 1430/1579/29 1382/1526/93 1385/1529/85
f 1430/1579/29 1427/1576/28 1379/1523/102 1382/1526/93
f 1427/1576/28 1424/1573/27 1376/1520/106 1379/1523/102
f 1424/1573/27 1421/1570/26 1373/1517/111 1376/1520/106
f 1421/1570/26 1418/1567/25 1370/1514/117 1373/1517/111
f 1418/1567/25 1412/1561/24 1367/1503/124 1370/1514/117
f 1479/1622/124 1474/1623/37 1473/1624/40 1477/1625/125
f 1474/1623/37 1520/1626/38 1475/1627/39 1473/1624/40
f 1473/1624/40 1475/1627/39 1584/1628/41 1476/1629/42
f 1477/1625/125 1473/1624/40 1476/1629/42 1478/1630/126
f 1480/1631/118 1477/1625/125 1478/1630/126 1481/1632/119
f 1482/1633/117 1479/1622/124 1477/1625/125 1480/1631/118
f 1483/1634/112 1480/1631/118 1481/1632/119 1484/1635/113
f 1485/1636/111 1482/1633/117 1480/1631/118 1483/1634/112
f 1486/1637/107 1483/1634/112 1484/1635/113 1487/1638/108
f 1488/1639/106 1485/1636/111 1483/1634/112 1486/1637/107
f 1489/1640/97 1486/1637/107 1487/1638/108 1490/1641/98
f 1491/1642/102 1488/1639/106 1486/1637/107 1489/1640/97
f 1492/1643/94 1489/1640/97 1490/1641/98 1493/1644/95
f 1494/1645/93 1491/1642/102 1489/1640/97 1492/1643/94
f 1495/1646/86 1492/1643/94 1493/1644/95 1496/1647/89
f 1497/1648/85 1494/1645/93 1492/1643/94 1495/1646/86
f 1498/1649/83 1495/1646/86 1496/1647/89 1499/1650/84
f 1500/1651/82 1497/1648/85 1495/1646/86 1498/1649/83
f 1501/1652/74 1498/1649/83 1499/1650/84 1502/1653/75
f 1503/1654/73 1500/1651/82 1498/1649/83 1501/1652/74
f 1504/1655/70 1501/1652/74 1502/1653/75 1505/1656/71
f 1506/1657/69 1503/1654/73 1501/1652/74 1504/1655/70
f 1507/1658/63 1504/1655/70 1505/1656/71 1508/1659/65
f 1509/1660/62 1506/1657/69 1504/1655/70 1507/1658/63
f 1510/1661/59 1507/1658/63 1508/1659/65 1511/1662/60
f 1512/1663/58 1509/1660/62 1507/1658/63 1510/1661/59
f 1513/1664/52 1510/1665/59 1511/1666/60 1514/1667/53
f 1515/1668/51 1512/1669/58 1510/1665/59 1513/1664/52
f 1516/1670/46 1513/1664/52 1514/1667/53 1517/1671/47
f 1518/1672/45 1515/1668/51 1513/1664/52 1516/1670/46
f 1475/1627/39 1516/1670/46 1517/1671/47 1584/1628/41
f 1520/1626/38 1518/1672/45 1516/1670/46 1475/1627/39
f 1519/1673/21 1563/1674/20 1515/1668/51 1518/1672/45
f 1521/1675/22 1519/1673/21 1518/1672/45 1520/1626/38
f 1523/1676/23 1521/1675/22 1520/1626/38 1474/1623/37
f 1522/1677/36 1565/1678/44 1519/1673/21 1521/1675/22
f 1525/1679/35 1522/1677/36 1521/1675/22 1523/1676/23
f 1524/1680/24 1523/1676/23 1474/1623/37 1479/1622/124
f 1527/1681/123 1525/1679/35 1523/1676/23 1524/1680/24
f 1526/1682/34 1568/1683/33 1522/1677/36 1525/1679/35
f 1528/1684/122 1526/1682/34 1525/1679/35 1527/1681/123
f 1529/1685/116 1527/1681/123 1524/1680/24 1530/1686/25
f 1531/1687/115 1528/1684/122 1527/1681/123 1529/1685/116
f 1532/1688/110 1529/1685/116 1530/1686/25 1533/1689/26
f 1534/1690/109 1531/1687/115 1529/1685/116 1532/1688/110
f 1535/1691/105 1532/1688/110 1533/1689/26 1536/1692/27
f 1537/1693/104 1534/1690/109 1532/1688/110 1535/1691/105
f 1538/1694/101 1535/1691/105 1536/1692/27 1539/1695/28
f 1540/1696/100 1537/1693/104 1535/1691/105 1538/1694/101
f 1541/1697/92 1538/1694/101 1539/1695/28 1542/1698/29
f 1543/1699/91 1540/1696/100 1538/1694/101 1541/1697/92
f 1544/1700/88 1541/1697/92 1542/1698/29 1545/1701/30
f 1546/1702/87 1543/1699/91 1541/1697/92 1544/1700/88
f 1547/1703/81 1544/1700/88 1545/1701/30 1548/1704/16
f 1549/1705/80 1546/1702/87 1544/1700/88 1547/1703/81
f 1550/1706/78 1547/1703/81 1548/1704/16 1551/1707/17
f 1552/1708/77 1549/1705/80 1547/1703/81 1550/1706/78
f 1553/1709/68 1550/1706/78 1551/1707/17 1554/1710/18
f 1555/1711/67 1552/1708/77 1550/1706/78 1553/1709/68
f 1556/1712/61 1553/1709/68 1554/1710/18 1557/1713/19
f 1558/1714/64 1555/1711/67 1553/1709/68 1556/1712/61
f 1559/1715/57 1556/1712/61 1557/1713/19 1560/1716/8
f 1561/1717/56 1558/1714/64 1556/1712/61 1559/1715/57
f 1562/1718/50 1559/1719/57 1560/1720/8 1563/1674/20
f 1564/1721/49 1561/1722/56 1559/1719/57 1562/1718/50
f 1565/1678/44 1562/1718/50 1563/1674/20 1519/1673/21
f 1566/1723/43 1564/1721/49 1562/1718/50 1565/1678/44
f 1568/1683/33 1566/1723/43 1565/1678/44 1522/1677/36
f 1567/1724/48 1583/1725/54 1564/1721/49 1566/1723/43
f 1569/1726/32 1567/1724/48 1566/1723/43 1568/1683/33
f 1570/1727/31 1569/1726/32 1568/1683/33 1526/1682/34
f 1571/1728/121 1570/1727/31 1526/1682/34 1528/1684/122
f 1572/1729/120 1571/1728/121 1528/1684/122 1531/1687/115
f 1573/1730/114 1572/1729/120 1531/1687/115 1534/1690/109
f 1574/1731/103 1573/1730/114 1534/1690/109 1537/1693/104
f 1575/1732/99 1574/1731/103 1537/1693/104 1540/1696/100
f 1576/1733/96 1575/1732/99 1540/1696/100 1543/1699/91
f 1577/1734/90 1576/1733/96 1543/1699/91 1546/1702/87
f 1578/1735/79 1577/1734/90 1546/1702/87 1549/1705/80
f 1579/1736/76 1578/1735/79 1549/1705/80 1552/1708/77
f 1580/1737/72 1579/1736/76 1552/1708/77 1555/1711/67
f 1581/1738/66 1580/1737/72 1555/1711/67 1558/1714/64
f 1582/1739/55 1581/1738/66 1558/1714/64 1561/1717/56
f 1583/1725/54 1582/1740/55 1561/1722/56 1564/1721/49
f 1563/1674/20 1560/1720/8 1512/1669/58 1515/1668/51
f 1560/1716/8 1557/1713/19 1509/1660/62 1512/1663/58
f 1557/1713/19 1554/1710/18 1506/1657/69 1509/1660/62
f 1554/1710/18 1551/1707/17 1503/1654/73 1506/1657/69
f 1551/1707/17 1548/1704/16 1500/1651/82 1503/1654/73
f 1548/1704/16 1545/1701/30 1497/1648/85 1500/1651/82
f 1545/1701/30 1542/1698/29 1494/1645/93 1497/1648/85
f 1542/1698/29 1539/1695/28 1491/1642/102 1494/1645/93
f 1539/1695/28 1536/1692/27 1488/1639/106 1491/1642/102
f 1536/1692/27 1533/1689/26 1485/1636/111 1488/1639/106
f 1533/1689/26 1530/1686/25 1482/1633/117 1485/1636/111
f 1530/1686/25 1524/1680/24 1479/1622/124 1482/1633/117
f 1591/1741/124 1586/1742/37 1585/1743/40 1589/1744/125
f 1586/1742/37 1632/1745/38 1587/1746/39 1585/1743/40
f 1585/1743/40 1587/1746/39 1696/1747/41 1588/1748/42
f 1589/1744/125 1585/1743/40 1588/1748/42 1590/1749/126
f 1592/1750/118 1589/1744/125 1590/1749/126 1593/1751/119
f 1594/1752/117 1591/1741/124 1589/1744/125 1592/1750/118
f 1595/1753/112 1592/1750/118 1593/1751/119 1596/1754/113
f 1597/1755/111 1594/1752/117 1592/1750/118 1595/1753/112
f 1598/1756/107 1595/1753/112 1596/1754/113 1599/1757/108
f 1600/1758/106 1597/1755/111 1595/1753/112 1598/1756/107
f 1601/1759/97 1598/1756/107 1599/1757/108 1602/1760/98
f 1603/1761/102 1600/1758/106 1598/1756/107 1601/1759/97
f 1604/1762/94 1601/1759/97 1602/1760/98 1605/1763/95
f 1606/1764/93 1603/1761/102 1601/1759/97 1604/1762/94
f 1607/1765/86 1604/1762/94 1605/1763/95 1608/1766/89
f 1609/1767/85 1606/1764/93 1604/1762/94 1607/1765/86
f 1610/1768/83 1607/1765/86 1608/1766/89 1611/1769/84
f 1612/1770/82 1609/1767/85 1607/1765/86 1610/1768/83
f 1613/1771/74 1610/1768/83 1611/1769/84 1614/1772/75
f 1615/1773/73 1612/1770/82 1610/1768/83 1613/1771/74
f 1616/1774/70 1613/1771/74 1614/1772/75 1617/1775/71
f 1618/1776/69 1615/1773/73 1613/1771/74 1616/1774/70
f 1619/1777/63 1616/1774/70 1617/1775/71 1620/1778/65
f 1621/1779/62 1618/1776/69 1616/1774/70 1619/1777/63
f 1622/1780/59 1619/1777/63 1620/1778/65 1623/1781/60
f 1624/1782/58 1621/1779/62 1619/1777/63 1622/1780/59
f 1625/1783/52 1622/1784/59 1623/1785/60 1626/1786/53
f 1627/1787/51 1624/1788/58 1622/1784/59 1625/1783/52
f 1628/1789/46 1625/1783/52 1626/1786/53 1629/1790/47
f 1630/1791/45 1627/1787/51 1625/1783/52 1628/1789/46
f 1587/1746/39 1628/1789/46 1629/1790/47 1696/1747/41
f 1632/1745/38 1630/1791/45 1628/1789/46 1587/1746/39
f 1631/1792/21 1675/1793/20 1627/1787/51 1630/1791/45
f 1633/1794/22 1631/1792/21 1630/1791/45 1632/1745/38
f 1635/1795/23 1633/1794/22 1632/1745/38 1586/1742/37
f 1634/1796/36 1677/1797/44 1631/1792/21 1633/1794/22
f 1637/1798/35 1634/1796/36 1633/1794/22 1635/1795/23
f 1636/1799/24 1635/1795/23 1586/1742/37 1591/1741/124
f 1639/1800/123 1637/1798/35 1635/1795/23 1636/1799/24
f 1638/1801/34 1680/1802/33 1634/1796/36 1637/1798/35
f 1640/1803/122 1638/1801/34 1637/1798/35 1639/1800/123
f 1641/1804/116 1639/1800/123 1636/1799/24 1642/1805/25
f 1643/1806/115 1640/1803/122 1639/1800/123 1641/1804/116
f 1644/1807/110 1641/1804/116 1642/1805/25 1645/1808/26
f 1646/1809/109 1643/1806/115 1641/1804/116 1644/1807/110
f 1647/1810/105 1644/1807/110 1645/1808/26 1648/1811/27
f 1649/1812/104 1646/1809/109 1644/1807/110 1647/1810/105
f 1650/1813/101 1647/1810/105 1648/1811/27 1651/1814/28
f 1652/1815/100 1649/1812/104 1647/1810/105 1650/1813/101
f 1653/1816/92 1650/1813/101 1651/1814/28 1654/1817/29
f 1655/1818/91 1652/1815/100 1650/1813/101 1653/1816/92
f 1656/1819/88 1653/1816/92 1654/1817/29 1657/1820/30
f 1658/1821/87 1655/1818/91 1653/1816/92 1656/1819/88
f 1659/1822/81 1656/1819/88 1657/1820/30 1660/1823/16
f 1661/1824/80 1658/1821/87 1656/1819/88 1659/1822/81
f 1662/1825/78 1659/1822/81 1660/1823/16 1663/1826/17
f 1664/1827/77 1661/1824/80 1659/1822/81 1662/1825/78
f 1665/1828/68 1662/1825/78 1663/1826/17 1666/1829/18
f 1667/1830/67 1664/1827/77 1662/1825/78 1665/1828/68
f 1668/1831/61 1665/1828/68 1666/1829/18 1669/1832/19
f 1670/1833/64 1667/1830/67 1665/1828/68 1668/1831/61
f 1671/1834/57 1668/1831/61 1669/1832/19 1672/1835/8
f 1673/1836/56 1670/1833/64 1668/1831/61 1671/1834/57
f 1674/1837/50 1671/1838/57 1672/1839/8 1675/1793/20
f 1676/1840/49 1673/1841/56 1671/1838/57 1674/1837/50
f 1677/1797/44 1674/1837/50 1675/1793/20 1631/1792/21
f 1678/1842/43 1676/1840/49 1674/1837/50 1677/1797/44
f 1680/1802/33 1678/1842/43 1677/1797/44 1634/1796/36
f 1679/1843/48 1695/1844/54 1676/1840/49 1678/1842/43
f 1681/1845/32 1679/1843/48 1678/1842/43 1680/1802/33
f 1682/1846/31 1681/1845/32 1680/1802/33 1638/1801/34
f 1683/1847/121 1682/1846/31 1638/1801/34 1640/1803/122
f 1684/1848/120 1683/1847/121 1640/1803/122 1643/1806/115
f 1685/1849/114 1684/1848/120 1643/1806/115 1646/1809/109
f 1686/1850/103 1685/1849/114 1646/1809/109 1649/1812/104
f 1687/1851/99 1686/1850/103 1649/1812/104 1652/1815/100
f 1688/1852/96 1687/1851/99 1652/1815/100 1655/1818/91
f 1689/1853/90 1688/1852/96 1655/1818/91 1658/1821/87
f 1690/1854/79 1689/1853/90 1658/1821/87 1661/1824/80
f 1691/1855/76 1690/1854/79 1661/1824/80 1664/1827/77
f 1692/1856/72 1691/1855/76 1664/1827/77 1667/1830/67
f 1693/1857/66 1692/1856/72 1667/1830/67 1670/1833/64
f 1694/1858/55 1693/1857/66 1670/1833/64 1673/1836/56
f 1695/1844/54 1694/1859/55 1673/1841/56 1676/1840/49
f 1675/1793/20 1672/1839/8 1624/1788/58 1627/1787/51
f 1672/1835/8 1669/1832/19 1621/1779/62 1624/1782/58
f 1669/1832/19 1666/1829/18 1618/1776/69 1621/1779/62
f 1666/1829/18 1663/1826/17 1615/1773/73 1618/1776/69
f 1663/1826/17 1660/1823/16 1612/1770/82 1615/1773/73
f 1660/1823/16 1657/1820/30 1609/1767/85 1612/1770/82
f 1657/1820/30 1654/1817/29 1606/1764/93 1609/1767/85
f 1654/1817/29 1651/1814/28 1603/1761/102 1606/1764/93
f 1651/1814/28 1648/1811/27 1600/1758/106 1603/1761/102
f 1648/1811/27 1645/1808/26 1597/1755/111 1600/1758/106
f 1645/1808/26 1642/1805/25 1594/1752/117 1597/1755/111
f 1642/1805/25 1636/1799/24 1591/1741/124 1594/1752/117
f 1703/1860/124 1698/1861/37 1697/1862/40 1701/1863/125
f 1698/1861/37 1744/1864/38 1699/1865/39 1697/1862/40
f 1697/1862/40 1699/1865/39 1808/1866/41 1700/1867/42
f 1701/1863/125 1697/1862/40 1700/1867/42 1702/1868/126
f 1704/1869/118 1701/1863/125 1702/1868/126 1705/1870/119
f 1706/1871/117 1703/1860/124 1701/1863/125 1704/1869/118
f 1707/1872/112 1704/1869/118 1705/1870/119 1708/1873/113
f 1709/1874/111 1706/1871/117 1704/1869/118 1707/1872/112
f 1710/1875/107 1707/1872/112 1708/1873/113 1711/1876/108
f 1712/1877/106 1709/1874/111 1707/1872/112 1710/1875/107
f 1713/1878/97 1710/1875/107 1711/1876/108 1714/1879/98
f 1715/1880/102 1712/1877/106 1710/1875/107 1713/1878/97
f 1716/1881/94 1713/1878/97 1714/1879/98 1717/1882/95
f 1718/1883/93 1715/1880/102 1713/1878/97 1716/1881/94
f 1719/1884/86 1716/1881/94 1717/1882/95 1720/1885/89
f 1721/1886/85 1718/1883/93 1716/1881/94 1719/1884/86
f 1722/1887/83 1719/1884/86 1720/1885/89 1723/1888/84
f 1724/1889/82 1721/1886/85 1719/1884/86 1722/1887/83
f 1725/1890/74 1722/1887/83 1723/1888/84 1726/1891/75
f 1727/1892/73 1724/1889/82 1722/1887/83 1725/1890/74
f 1728/1893/70 1725/1890/74 1726/1891/75 1729/1894/71
f 1730/1895/69 1727/1892/73 1725/1890/74 1728/1893/70
f 1731/1896/63 1728/1893/70 1729/1894/71 1732/1897/65
f 1733/1898/62 1730/1895/69 1728/1893/70 1731/1896/63
f 1734/1899/59 1731/1896/63 1732/1897/65 1735/1900/60
f 1736/1901/58 1733/1898/62 1731/1896/63 1734/1899/59
f 1737/1902/52 1734/1903/59 1735/1904/60 1738/1905/53
f 1739/1906/51 1736/1907/58 1734/1903/59 1737/1902/52
f 1740/1908/46 1737/1902/52 1738/1905/53 1741/1909/47
f 1742/1910/45 1739/1906/51 1737/1902/52 1740/1908/46
f 1699/1865/39 1740/1908/46 1741/1909/47 1808/1866/41
f 1744/1864/38 1742/1910/45 1740/1908/46 1699/1865/39
f 1743/1911/21 1787/1912/20 1739/1906/51 1742/1910/45
f 1745/1913/22 1743/1911/21 1742/1910/45 1744/1864/38
f 1747/1914/23 1745/1913/22 1744/1864/38 1698/1861/37
f 1746/1915/36 1789/1916/44 1743/1911/21 1745/1913/22
f 1749/1917/35 1746/1915/36 1745/1913/22 1747/1914/23
f 1748/1918/24 1747/1914/23 1698/1861/37 1703/1860/124
f 1751/1919/123 1749/1917/35 1747/1914/23 1748/1918/24
f 1750/1920/34 1792/1921/33 1746/1915/36 1749/1917/35
f 1752/1922/122 1750/1920/34 1749/1917/35 1751/1919/123
f 1753/1923/116 1751/1919/123 1748/1918/24 1754/1924/25
f 1755/1925/115 1752/1922/122 1751/1919/123 1753/1923/116
f 1756/1926/110 1753/1923/116 1754/1924/25 1757/1927/26
f 1758/1928/109 1755/1925/115 1753/1923/116 1756/1926/110
f 1759/1929/105 1756/1926/110 1757/1927/26 1760/1930/27
f 1761/1931/104 1758/1928/109 1756/1926/110 1759/1929/105
f 1762/1932/101 1759/1929/105 1760/1930/27 1763/1933/28
f 1764/1934/100 1761/1931/104 1759/1929/105 1762/1932/101
f 1765/1935/92 1762/1932/101 1763/1933/28 1766/1936/29
f 1767/1937/91 1764/1934/100 1762/1932/101 1765/1935/92
f 1768/1938/88 1765/1935/92 1766/1936/29 1769/1939/30
f 1770/1940/87 1767/1937/91 1765/1935/92 1768/1938/88
f 1771/1941/81 1768/1938/88 1769/1939/30 1772/1942/16
f 1773/1943/80 1770/1940/87 1768/1938/88 1771/1941/81
f 1774/1944/78 1771/1941/81 1772/1942/16 1775/1945/17
f 1776/1946/77 1773/1943/80 1771/1941/81 1774/1944/78
f 1777/1947/68 1774/1944/78 1775/1945/17 1778/1948/18
f 1779/1949/67 1776/1946/77 1774/1944/78 1777/1947/68
f 1780/1950/61 1777/1947/68 1778/1948/18 1781/1951/19
f 1782/1952/64 1779/1949/67 1777/1947/68 1780/1950/61
f 1783/1953/57 1780/1950/61 1781/1951/19 1784/1954/8
f 1785/1955/56 1782/1952/64 1780/1950/61 1783/1953/57
f 1786/1956/50 1783/1957/57 1784/1958/8 1787/1912/20
f 1788/1959/49 1785/1960/56 1783/1957/57 1786/1956/50
f 1789/1916/44 1786/1956/50 1787/1912/20 1743/1911/21
f 1790/1961/43 1788/1959/49 1786/1956/50 1789/1916/44
f 1792/1921/33 1790/1961/43 1789/1916/44 1746/1915/36
f 1791/1962/48 1807/1963/54 1788/1959/49 1790/1961/43
f 1793/1964/32 1791/1962/48 1790/1961/43 1792/1921/33
f 1794/1965/31 1793/1964/32 1792/1921/33 1750/1920/34
f 1795/1966/121 1794/1965/31 1750/1920/34 1752/1922/122
f 1796/1967/120 1795/1966/121 1752/1922/122 1755/1925/115
f 1797/1968/114 1796/1967/120 1755/1925/115 1758/1928/109
f 1798/1969/103 1797/1968/114 1758/1928/109 1761/1931/104
f 1799/1970/99 1798/1969/103 1761/1931/104 1764/1934/100
f 1800/1971/96 1799/1970/99 1764/1934/100 1767/1937/91
f 1801/1972/90 1800/1971/96 1767/1937/91 1770/1940/87
f 1802/1973/79 1801/1972/90 1770/1940/87 1773/1943/80
f 1803/1974/76 1802/1973/79 1773/1943/80 1776/1946/77
f 1804/1975/72 1803/1974/76 1776/1946/77 1779/1949/67
f 1805/1976/66 1804/1975/72 1779/1949/67 1782/1952/64
f 1806/1977/55 1805/1976/66 1782/1952/64 1785/1955/56
f 1807/1963/54 1806/1978/55 1785/1960/56 1788/1959/49
f 1787/1912/20 1784/1958/8 1736/1907/58 1739/1906/51
f 1784/1954/8 1781/1951/19 1733/1898/62 1736/1901/58
f 1781/1951/19 1778/1948/18 1730/1895/69 1733/1898/62
f 1778/1948/18 1775/1945/17 1727/1892/73 1730/1895/69
f 1775/1945/17 1772/1942/16 1724/1889/82 1727/1892/73
f 1772/1942/16 1769/1939/30 1721/1886/85 1724/1889/82
f 1769/1939/30 1766/1936/29 1718/1883/93 1721/1886/85
f 1766/1936/29 1763/1933/28 1715/1880/102 1718/1883/93
f 1763/1933/28 1760/1930/27 1712/1877/106 1715/1880/102
f 1760/1930/27 1757/1927/26 1709/1874/111 1712/1877/106
f 1757/1927/26 1754/1924/25 1706/1871/117 1709/1874/111
f 1754/1924/25 1748/1918/24 1703/1860/124 1706/1871/117
f 1815/1979/124 1810/1980/37 1809/1981/40 1813/1982/125
f 1810/1980/37 1856/1983/38 1811/1984/39 1809/1981/40
f 1809/1981/40 1811/1984/39 1920/1985/41 1812/1986/42
f 1813/1982/125 1809/1981/40 1812/1986/42 1814/1987/126
f 1816/1988/118 1813/1982/125 1814/1987/126 1817/1989/119
f 1818/1990/117 1815/1979/124 1813/1982/125 1816/1988/118
f 1819/1991/112 1816/1988/118 1817/1989/119 1820/1992/113
f 1821/1993/111 1818/1990/117 1816/1988/118 1819/1991/112
f 1822/1994/107 1819/1991/112 1820/1992/113 1823/1995/108
f 1824/1996/106 1821/1993/111 1819/1991/112 1822/1994/107
f 1825/1997/97 1822/1994/107 1823/1995/108 1826/1998/98
f 1827/1999/102 1824/1996/106 1822/1994/107 1825/1997/97
f 1828/2000/94 1825/1997/97 1826/1998/98 1829/2001/95
f 1830/2002/93 1827/1999/102 1825/1997/97 1828/2000/94
f 1831/2003/86 1828/2000/94 1829/2001/95 1832/2004/89
f 1833/2005/85 1830/2002/93 1828/2000/94 1831/2003/86
f 1834/2006/83 1831/2003/86 1832/2004/89 1835/2007/84
f 1836/2008/82 1833/2005/85 1831/2003/86 1834/2006/83
f 1837/2009/74 1834/2006/83 1835/2007/84 1838/2010/75
f 1839/2011/73 1836/2008/82 1834/2006/83 1837/2009/74
f 1840/2012/70 1837/2009/74 1838/2010/75 1841/2013/71
f 1842/2014/69 1839/2011/73 1837/2009/74 1840/2012/70
f 1843/2015/63 1840/2012/70 1841/2013/71 1844/2016/65
f 1845/2017/62 1842/2014/69 1840/2012/70 1843/2015/63
f 1846/2018/59 1843/2015/63 1844/2016/65 1847/2019/60
f 1848/2020/58 1845/2017/62 1843/2015/63 1846/2018/59
f 1849/2021/52 1846/2022/59 1847/2023/60 1850/2024/53
f 1851/2025/51 1848/2026/58 1846/2022/59 1849/2021/52
f 1852/2027/46 1849/2021/52 1850/2024/53 1853/2028/47
f 1854/2029/45 1851/2025/51 1849/2021/52 1852/2027/46
f 1811/1984/39 1852/2027/46 1853/2028/47 1920/1985/41
f 1856/1983/38 1854/2029/45 1852/2027/46 1811/1984/39
f 1855/2030/21 1899/2031/20 1851/2025/51 1854/2029/45
f 1857/2032/22 1855/2030/21 1854/2029/45 1856/1983/38
f 1859/2033/23 1857/2032/22 1856/1983/38 1810/1980/37
f 1858/2034/36 1901/2035/44 1855/2030/21 1857/2032/22
f 1861/2036/35 1858/2034/36 1857/2032/22 1859/2033/23
f 1860/2037/24 1859/2033/23 1810/1980/37 1815/1979/124
f 1863/2038/123 1861/2036/35 1859/2033/23 1860/2037/24
f 1862/2039/34 1904/2040/33 1858/2034/36 1861/2036/35
f 1864/2041/122 1862/2039/34 1861/2036/35 1863/2038/123
f 1865/2042/116 1863/2038/123 1860/2037/24 1866/2043/25
f 1867/2044/115 1864/2041/122 1863/2038/123 1865/2042/116
f 1868/2045/110 1865/2042/116 1866/2043/25 1869/2046/26
f 1870/2047/109 1867/2044/115 1865/2042/116 1868/2045/110
f 1871/2048/105 1868/2045/110 1869/2046/26 1872/2049/27
f 1873/2050/104 1870/2047/109 1868/2045/110 1871/2048/105
f 1874/2051/101 1871/2048/105 1872/2049/27 1875/2052/28
f 1876/2053/100 1873/2050/104 1871/2048/105 1874/2051/101
f 1877/2054/92 1874/2051/101 1875/2052/28 1878/2055/29
f 1879/2056/91 1876/2053/100 1874/2051/101 1877/2054/92
f 1880/2057/88 1877/2054/92 1878/2055/29 1881/2058/30
f 1882/2059/87 1879/2056/91 1877/2054/92 1880/2057/88
f 1883/2060/81 1880/2057/88 1881/2058/30 1884/2061/16
f 1885/2062/80 1882/2059/87 1880/2057/88 1883/2060/81
f 1886/2063/78 1883/2060/81 1884/2061/16 1887/2064/17
f 1888/2065/77 1885/2062/80 1883/2060/81 1886/2063/78
f 1889/2066/68 1886/2063/78 1887/2064/17 1890/2067/18
f 1891/2068/67 1888/2065/77 1886/2063/78 1889/2066/68
f 1892/2069/61 1889/2066/68 1890/2067/18 1893/2070/19
f 1894/2071/64 1891/2068/67 1889/2066/68 1892/2069/61
f 1895/2072/57 1892/2069/61 1893/2070/19 1896/2073/8
f 1897/2074/56 1894/2071/64 1892/2069/61 1895/2072/57
f 1898/2075/50 1895/2076/57 1896/2077/8 1899/2031/20
f 1900/2078/49 1897/2079/56 1895/2076/57 1898/2075/50
f 1901/2035/44 1898/2075/50 1899/2031/20 1855/2030/21
f 1902/2080/43 1900/2078/49 1898/2075/50 1901/2035/44
f 1904/2040/33 1902/2080/43 1901/2035/44 1858/2034/36
f 1903/2081/48 1919/2082/54 1900/2078/49 1902/2080/43
f 1905/2083/32 1903/2081/48 1902/2080/43 1904/2040/33
f 1906/2084/31 1905/2083/32 1904/2040/33 1862/2039/34
f 1907/2085/121 1906/2084/31 1862/2039/34 1864/2041/122
f 1908/2086/120 1907/2085/121 1864/2041/122 1867/2044/115
f 1909/2087/114 1908/2086/120 1867/2044/115 1870/2047/109
f 1910/2088/103 1909/2087/114 1870/2047/109 1873/2050/104
f 1911/2089/99 1910/2088/103 1873/2050/104 1876/2053/100
f 1912/2090/96 1911/2089/99 1876/2053/100 1879/2056/91
f 1913/2091/90 1912/2090/96 1879/2056/91 1882/2059/87
f 1914/2092/79 1913/2091/90 1882/2059/87 1885/2062/80
f 1915/2093/76 1914/2092/79 1885/2062/80 1888/2065/77
f 1916/2094/72 1915/2093/76 1888/2065/77 1891/2068/67
f 1917/2095/66 1916/2094/72 1891/2068/67 1894/2071/64
f 1918/2096/55 1917/2095/66 1894/2071/64 1897/2074/56
f 1919/2082/54 1918/2097/55 1897/2079/56 1900/2078/49
f 1899/2031/20 1896/2077/8 1848/2026/58 1851/2025/51
f 1896/2073/8 1893/2070/19 1845/2017/62 1848/2020/58
f 1893/2070/19 1890/2067/18 1842/2014/69 1845/2017/62
f 1890/2067/18 1887/2064/17 1839/2011/73 1842/2014/69
f 1887/2064/17 1884/2061/16 1836/2008/82 1839/2011/73
f 1884/2061/16 1881/2058/30 1833/2005/85 1836/2008/82
f 1881/2058/30 1878/2055/29 1830/2002/93 1833/2005/85
f 1878/2055/29 1875/2052/28 1827/1999/102 1830/2002/93
f 1875/2052/28 1872/2049/27 1824/1996/106 1827/1999/102
f 1872/2049/27 1869/2046/26 1821/1993/111 1824/1996/106
f 1869/2046/26 1866/2043/25 1818/1990/117 1821/1993/111
f 1866/2043/25 1860/2037/24 1815/1979/124 1818/1990/117
f 1927/2098/124 1922/2099/37 1921/2100/40 1925/2101/125
f 1922/2099/37 1968/2102/38 1923/2103/39 1921/2100/40
f 1921/2100/40 1923/2103/39 2032/2104/41 1924/2105/42
f 1925/2101/125 1921/2100/40 1924/2105/42 1926/2106/126
f 1928/2107/118 1925/2101/125 1926/2106/126 1929/2108/119
f 1930/2109/117 1927/2098/124 1925/2101/125 1928/2107/118
f 1931/2110/112 1928/2107/118 1929/2108/119 1932/2111/113
f 1933/2112/111 1930/2109/117 1928/2107/118 1931/2110/112
f 1934/2113/107 1931/2110/112 1932/2111/113 1935/2114/108
f 1936/2115/106 1933/2112/111 1931/2110/112 1934/2113/107
f 1937/2116/97 1934/2113/107 1935/2114/108 1938/2117/98
f 1939/2118/102 1936/2115/106 1934/2113/107 1937/2116/97
f 1940/2119/94 1937/2116/97 1938/2117/98 1941/2120/95
f 1942/2121/93 1939/2118/102 1937/2116/97 1940/2119/94
f 1943/2122/86 1940/2119/94 1941/2120/95 1944/2123/89
f 1945/2124/85 1942/2121/93 1940/2119/94 1943/2122/86
f 1946/2125/83 1943/2122/86 1944/2123/89 1947/2126/84
f 1948/2127/82 1945/2124/85 1943/2122/86 1946/2125/83
f 1949/2128/74 1946/2125/83 1947/2126/84 1950/2129/75
f 1951/2130/73 1948/2127/82 1946/2125/83 1949/2128/74
f 1952/2131/70 1949/2128/74 1950/2129/75 1953/2132/71
f 1954/2133/69 1951/2130/73 1949/2128/74 1952/2131/70
f 1955/2134/63 1952/2131/70 1953/2132/71 1956/2135/65
f 1957/2136/62 1954/2133/69 1952/2131/70 1955/2134/63
f 1958/2137/59 1955/2134/63 1956/2135/65 1959/2138/60
f 1960/2139/58 1957/2136/62 1955/2134/63 1958/2137/59
f 1961/2140/52 1958/2141/59 1959/2142/60 1962/2143/53
f 1963/2144/51 1960/2145/58 1958/2141/59 1961/2140/52
f 1964/2146/46 1961/2140/52 1962/2143/53 1965/2147/47
f 1966/2148/45 1963/2144/51 1961/2140/52 1964/2146/46
f 1923/2103/39 1964/2146/46 1965/2147/47 2032/2104/41
f 1968/2102/38 1966/2148/45 1964/2146/46 1923/2103/39
f 1967/2149/21 2011/2150/20 1963/2144/51 1966/2148/45
f 1969/2151/22 1967/2149/21 1966/2148/45 1968/2102/38
f 1971/2152/23 1969/2151/22 1968/2102/38 1922/2099/37
f 1970/2153/36 2013/2154/44 1967/2149/21 1969/2151/22
f 1973/2155/35 1970/2153/36 1969/2151/22 1971/2152/23
f 1972/2156/24 1971/2152/23 1922/2099/37 1927/2098/124
f 1975/2157/123 1973/2155/35 1971/2152/23 1972/2156/24
f 1974/2158/34 2016/2159/33 1970/2153/36 1973/2155/35
f 1976/2160/122 1974/2158/34 1973/2155/35 1975/2157/123
f 1977/2161/116 1975/2157/123 1972/2156/24 1978/2162/25
f 1979/2163/115 1976/2160/122 1975/2157/123 1977/2161/116
f 1980/2164/110 1977/2161/116 1978/2162/25 1981/2165/26
f 1982/2166/109 1979/2163/115 1977/2161/116 1980/2164/110
f 1983/2167/105 1980/2164/110 1981/2165/26 1984/2168/27
f 1985/2169/104 1982/2166/109 1980/2164/110 1983/2167/105
f 1986/2170/101 1983/2167/105 1984/2168/27 1987/2171/28
f 1988/2172/100 1985/2169/104 1983/2167/105 1986/2170/101
f 1989/2173/92 1986/2170/101 1987/2171/28 1990/2174/29
f 1991/2175/91 1988/2172/100 1986/2170/101 1989/2173/92
f 1992/2176/88 1989/2173/92 1990/2174/29 1993/2177/30
f 1994/2178/87 1991/2175/91 1989/2173/92 1992/2176/88
f 1995/2179/81 1992/2176/88 1993/2177/30 1996/2180/16
f 1997/2181/80 1994/2178/87 1992/2176/88 1995/2179/81
f 1998/2182/78 1995/2179/81 1996/2180/16 1999/2183/17
f 2000/2184/77 1997/2181/80 1995/2179/81 1998/2182/78
f 2001/2185/68 1998/2182/78 1999/2183/17 2002/2186/18
f 2003/2187/67 2000/2184/77 1998/2182/78 2001/2185/68
f 2004/2188/61 2001/2185/68 2002/2186/18 2005/2189/19
f 2006/2190/64 2003/2187/67 2001/2185/68 2004/2188/61
f 2007/2191/57 2004/2188/61 2005/2189/19 2008/2192/8
f 2009/2193/56 2006/2190/64 2004/2188/61 2007/2191/57
f 2010/2194/50 2007/2195/57 2008/2196/8 2011/2150/20
f 2012/2197/49 2009/2198/56 2007/2195/57 2010/2194/50
f 2013/2154/44 2010/2194/50 2011/2150/20 1967/2149/21
f 2014/2199/43 2012/2197/49 2010/2194/50 2013/2154/44
f 2016/2159/33 2014/2199/43 2013/2154/44 1970/2153/36
f 2015/2200/48 2031/2201/54 2012/2197/49 2014/2199/43
f 2017/2202/32 2015/2200/48 2014/2199/43 2016/2159/33
f 2018/2203/31 2017/2202/32 2016/2159/33 1974/2158/34
f 2019/2204/121 2018/2203/31 1974/2158/34 1976/2160/122
f 2020/2205/120 2019/2204/121 1976/2160/122 1979/2163/115
f 2021/2206/114 2020/2205/120 1979/2163/115 1982/2166/109
f 2022/2207/103 2021/2206/114 1982/2166/109 1985/2169/104
f 2023/2208/99 2022/2207/103 1985/2169/104 1988/2172/100
f 2024/2209/96 2023/2208/99 1988/2172/100 1991/2175/91
f 2025/2210/90 2024/2209/96 1991/2175/91 1994/2178/87
f 2026/2211/79 2025/2210/90 1994/2178/87 1997/2181/80
f 2027/2212/76 2026/2211/79 1997/2181/80 2000/2184/77
f 2028/2213/72 2027/2212/76 2000/2184/77 2003/2187/67
f 2029/2214/66 2028/2213/72 2003/2187/67 2006/2190/64
f 2030/2215/55 2029/2214/66 2006/2190/64 2009/2193/56
f 2031/2201/54 2030/2216/55 2009/2198/56 2012/2197/49
f 2011/2150/20 2008/2196/8 1960/2145/58 1963/2144/51
f 2008/2192/8 2005/2189/19 1957/2136/62 1960/2139/58
f 2005/2189/19 2002/2186/18 1954/2133/69 1957/2136/62
f 2002/2186/18 1999/2183/17 1951/2130/73 1954/2133/69
f 1999/2183/17 1996/2180/16 1948/2127/82 1951/2130/73
f 1996/2180/16 1993/2177/30 1945/2124/85 1948/2127/82
f 1993/2177/30 1990/2174/29 1942/2121/93 1945/2124/85
f 1990/2174/29 1987/2171/28 1939/2118/102 1942/2121/93
f 1987/2171/28 1984/2168/27 1936/2115/106 1939/2118/102
f 1984/2168/27 1981/2165/26 1933/2112/111 1936/2115/106
f 1981/2165/26 1978/2162/25 1930/2109/117 1933/2112/111
f 1978/2162/25 1972/2156/24 1927/2098/124 1930/2109/117
f 2039/2217/124 2034/2218/37 2033/2219/40 2037/2220/125
f 2034/2218/37 2080/2221/38 2035/2222/39 2033/2219/40
f 2033/2219/40 2035/2222/39 2144/2223/41 2036/2224/42
f 2037/2220/125 2033/2219/40 2036/2224/42 2038/2225/126
f 2040/2226/118 2037/2220/125 2038/2225/126 2041/2227/119
f 2042/2228/117 2039/2217/124 2037/2220/125 2040/2226/118
f 2043/2229/112 2040/2226/118 2041/2227/119 2044/2230/113
f 2045/2231/111 2042/2228/117 2040/2226/118 2043/2229/112
f 2046/2232/107 2043/2229/112 2044/2230/113 2047/2233/108
f 2048/2234/106 2045/2231/111 2043/2229/112 2046/2232/107
f 2049/2235/97 2046/2232/107 2047/2233/108 2050/2236/98
f 2051/2237/102 2048/2234/106 2046/2232/107 2049/2235/97
f 2052/2238/94 2049/2235/97 2050/2236/98 2053/2239/95
f 2054/2240/93 2051/2237/102 2049/2235/97 2052/2238/94
f 2055/2241/86 2052/2238/94 2053/2239/95 2056/2242/89
f 2057/2243/85 2054/2240/93 2052/2238/94 2055/2241/86
f 2058/2244/83 2055/2241/86 2056/2242/89 2059/2245/84
f 2060/2246/82 2057/2243/85 2055/2241/86 2058/2244/83
f 2061/2247/74 2058/2244/83 2059/2245/84 2062/2248/75
f 2063/2249/73 2060/2246/82 2058/2244/83 2061/2247/74
f 2064/2250/70 2061/2247/74 2062/2248/75 2065/2251/71
f 2066/2252/69 2063/2249/73 2061/2247/74 2064/2250/70
f 2067/2253/63 2064/2250/70 2065/2251/71 2068/2254/65
f 2069/2255/62 2066/2252/69 2064/2250/70 2067/2253/63
f 2070/2256/59 2067/2253/63 2068/2254/65 2071/2257/60
f 2072/2258/58 2069/2255/62 2067/2253/63 2070/2256/59
f 2073/2259/52 2070/2260/59 2071/2261/60 2074/2262/53
f 2075/2263/51 2072/2264/58 2070/2260/59 2073/2259/52
f 2076/2265/46 2073/2259/52 2074/2262/53 2077/2266/47
f 2078/2267/45 2075/2263/51 2073/2259/52 2076/2265/46
f 2035/2222/39 2076/2265/46 2077/2266/47 2144/2223/41
f 2080/2221/38 2078/2267/45 2076/2265/46 2035/2222/39
f 2079/2268/21 2123/2269/20 2075/2263/51 2078/2267/45
f 2081/2270/22 2079/2268/21 2078/2267/45 2080/2221/38
f 2083/2271/23 2081/2270/22 2080/2221/38 2034/2218/37
f 2082/2272/36 2125/2273/44 2079/2268/21 2081/2270/22
f 2085/2274/35 2082/2272/36 2081/2270/22 2083/2271/23
f 2084/2275/24 2083/2271/23 2034/2218/37 2039/2217/124
f 2087/2276/123 2085/2274/35 2083/2271/23 2084/2275/24
f 2086/2277/34 2128/2278/33 2082/2272/36 2085/2274/35
f 2088/2279/122 2086/2277/34 2085/2274/35 2087/2276/123
f 2089/2280/116 2087/2276/123 2084/2275/24 2090/2281/25
f 2091/2282/115 2088/2279/122 2087/2276/123 2089/2280/116
f 2092/2283/110 2089/2280/116 2090/2281/25 2093/2284/26
f 2094/2285/109 2091/2282/115 2089/2280/116 2092/2283/110
f 2095/2286/105 2092/2283/110 2093/2284/26 2096/2287/27
f 2097/2288/104 2094/2285/109 2092/2283/110 2095/2286/105
f 2098/2289/101 2095/2286/105 2096/2287/27 2099/2290/28
f 2100/2291/100 2097/2288/104 2095/2286/105 2098/2289/101
f 2101/2292/92 2098/2289/101 2099/2290/28 2102/2293/29
f 2103/2294/91 2100/2291/100 2098/2289/101 2101/2292/92
f 2104/2295/88 2101/2292/92 2102/2293/29 2105/2296/30
f 2106/2297/87 2103/2294/91 2101/2292/92 2104/2295/88
f 2107/2298/81 2104/2295/88 2105/2296/30 2108/2299/16
f 2109/2300/80 2106/2297/87 2104/2295/88 2107/2298/81
f 2110/2301/78 2107/2298/81 2108/2299/16 2111/2302/17
f 2112/2303/77 2109/2300/80 2107/2298/81 2110/2301/78
f 2113/2304/68 2110/2301/78 2111/2302/17 2114/2305/18
f 2115/2306/67 2112/2303/77 2110/2301/78 2113/2304/68
f 2116/2307/61 2113/2304/68 2114/2305/18 2117/2308/19
f 2118/2309/64 2115/2306/67 2113/2304/68 2116/2307/61
f 2119/2310/57 2116/2307/61 2117/2308/19 2120/2311/8
f 2121/2312/56 2118/2309/64 2116/2307/61 2119/2310/57
f 2122/2313/50 2119/2314/57 2120/2315/8 2123/2269/20
f 2124/2316/49 2121/2317/56 2119/2314/57 2122/2313/50
f 2125/2273/44 2122/2313/50 2123/2269/20 2079/2268/21
f 2126/2318/43 2124/2316/49 2122/2313/50 2125/2273/44
f 2128/2278/33 2126/2318/43 2125/2273/44 2082/2272/36
f 2127/2319/48 2143/2320/54 2124/2316/49 2126/2318/43
f 2129/2321/32 2127/2319/48 2126/2318/43 2128/2278/33
f 2130/2322/31 2129/2321/32 2128/2278/33 2086/2277/34
f 2131/2323/121 2130/2322/31 2086/2277/34 2088/2279/122
f 2132/2324/120 2131/2323/121 2088/2279/122 2091/2282/115
f 2133/2325/114 2132/2324/120 2091/2282/115 2094/2285/109
f 2134/2326/103 2133/2325/114 2094/2285/109 2097/2288/104
f 2135/2327/99 2134/2326/103 2097/2288/104 2100/2291/100
f 2136/2328/96 2135/2327/99 2100/2291/100 2103/2294/91
f 2137/2329/90 2136/2328/96 2103/2294/91 2106/2297/87
f 2138/2330/79 2137/2329/90 2106/2297/87 2109/2300/80
f 2139/2331/76 2138/2330/79 2109/2300/80 2112/2303/77
f 2140/2332/72 2139/2331/76 2112/2303/77 2115/2306/67
f 2141/2333/66 2140/2332/72 2115/2306/67 2118/2309/64
f 2142/2334/55 2141/2333/66 2118/2309/64 2121/2312/56
f 2143/2320/54 2142/2335/55 2121/2317/56 2124/2316/49
f 2123/2269/20 2120/2315/8 2072/2264/58 2075/2263/51
f 2120/2311/8 2117/2308/19 2069/2255/62 2072/2258/58
f 2117/2308/19 2114/2305/18 2066/2252/69 2069/2255/62
f 2114/2305/18 2111/2302/17 2063/2249/73 2066/2252/69
f 2111/2302/17 2108/2299/16 2060/2246/82 2063/2249/73
f 2108/2299/16 2105/2296/30 2057/2243/85 2060/2246/82
f 2105/2296/30 2102/2293/29 2054/2240/93 2057/2243/85
f 2102/2293/29 2099/2290/28 2051/2237/102 2054/2240/93
f 2099/2290/28 2096/2287/27 2048/2234/106 2051/2237/102
f 2096/2287/27 2093/2284/26 2045/2231/111 2048/2234/106
f 2093/2284/26 2090/2281/25 2042/2228/117 2045/2231/111
f 2090/2281/25 2084/2275/24 2039/2217/124 2042/2228/117
f 2151/2336/124 2146/2337/37 2145/2338/40 2149/2339/125
f 2146/2337/37 2192/2340/38 2147/2341/39 2145/2338/40
f 2145/2338/40 2147/2341/39 2256/2342/41 2148/2343/42
f 2149/2339/125 2145/2338/40 2148/2343/42 2150/2344/126
f 2152/2345/118 2149/2339/125 2150/2344/126 2153/2346/119
f 2154/2347/117 2151/2336/124 2149/2339/125 2152/2345/118
f 2155/2348/112 2152/2345/118 2153/2346/119 2156/2349/113
f 2157/2350/111 2154/2347/117 2152/2345/118 2155/2348/112
f 2158/2351/107 2155/2348/112 2156/2349/113 2159/2352/108
f 2160/2353/106 2157/2350/111 2155/2348/112 2158/2351/107
f 2161/2354/97 2158/2351/107 2159/2352/108 2162/2355/98
f 2163/2356/102 2160/2353/106 2158/2351/107 2161/2354/97
f 2164/2357/94 2161/2354/97 2162/2355/98 2165/2358/95
f 2166/2359/93 2163/2356/102 2161/2354/97 2164/2357/94
f 2167/2360/86 2164/2357/94 2165/2358/95 2168/2361/89
f 2169/2362/85 2166/2359/93 2164/2357/94 2167/2360/86
f 2170/2363/83 2167/2360/86 2168/2361/89 2171/2364/84
f 2172/2365/82 2169/2362/85 2167/2360/86 2170/2363/83
f 2173/2366/74 2170/2363/83 2171/2364/84 2174/2367/75
f 2175/2368/73 2172/2365/82 2170/2363/83 2173/2366/74
f 2176/2369/70 2173/2366/74 2174/2367/75 2177/2370/71
f 2178/2371/69 2175/2368/73 2173/2366/74 2176/2369/70
f 2179/2372/63 2176/2369/70 2177/2370/71 2180/2373/65
f 2181/2374/62 2178/2371/69 2176/2369/70 2179/2372/63
f 2182/2375/59 2179/2372/63 2180/2373/65 2183/2376/60
f 2184/2377/58 2181/2374/62 2179/2372/63 2182/2375/59
f 2185/2378/52 2182/2379/59 2183/2380/60 2186/2381/53
f 2187/2382/51 2184/2383/58 2182/2379/59 2185/2378/52
f 2188/2384/46 2185/2378/52 2186/2381/53 2189/2385/47
f 2190/2386/45 2187/2382/51 2185/2378/52 2188/2384/46
f 2147/2341/39 2188/2384/46 2189/2385/47 2256/2342/41
f 2192/2340/38 2190/2386/45 2188/2384/46 2147/2341/39
f 2191/2387/21 2235/2388/20 2187/2382/51 2190/2386/45
f 2193/2389/22 2191/2387/21 2190/2386/45 2192/2340/38
f 2195/2390/23 2193/2389/22 2192/2340/38 2146/2337/37
f 2194/2391/36 2237/2392/44 2191/2387/21 2193/2389/22
f 2197/2393/35 2194/2391/36 2193/2389/22 2195/2390/23
f 2196/2394/24 2195/2390/23 2146/2337/37 2151/2336/124
f 2199/2395/123 2197/2393/35 2195/2390/23 2196/2394/24
f 2198/2396/34 2240/2397/33 2194/2391/36 2197/2393/35
f 2200/2398/122 2198/2396/34 2197/2393/35 2199/2395/123
f 2201/2399/116 2199/2395/123 2196/2394/24 2202/2400/25
f 2203/2401/115 2200/2398/122 2199/2395/123 2201/2399/116
f 2204/2402/110 2201/2399/116 2202/2400/25 2205/2403/26
f 2206/2404/109 2203/2401/115 2201/2399/116 2204/2402/110
f 2207/2405/105 2204/2402/110 2205/2403/26 2208/2406/27
f 2209/2407/104 2206/2404/109 2204/2402/110 2207/2405/105
f 2210/2408/101 2207/2405/105 2208/2406/27 2211/2409/28
f 2212/2410/100 2209/2407/104 2207/2405/105 2210/2408/101
f 2213/2411/92 2210/2408/101 2211/2409/28 2214/2412/29
f 2215/2413/91 2212/2410/100 2210/2408/101 2213/2411/92
f 2216/2414/88 2213/2411/92 2214/2412/29 2217/2415/30
f 2218/2416/87 2215/2413/91 2213/2411/92 2216/2414/88
f 2219/2417/81 2216/2414/88 2217/2415/30 2220/2418/16
f 2221/2419/80 2218/2416/87 2216/2414/88 2219/2417/81
f 2222/2420/78 2219/2417/81 2220/2418/16 2223/2421/17
f 2224/2422/77 2221/2419/80 2219/2417/81 2222/2420/78
f 2225/2423/68 2222/2420/78 2223/2421/17 2226/2424/18
f 2227/2425/67 2224/2422/77 2222/2420/78 2225/2423/68
f 2228/2426/61 2225/2423/68 2226/2424/18 2229/2427/19
f 2230/2428/64 2227/2425/67 2225/2423/68 2228/2426/61
f 2231/2429/57 2228/2426/61 2229/2427/19 2232/2430/8
f 2233/2431/56 2230/2428/64 2228/2426/61 2231/2429/57
f 2234/2432/50 2231/2433/57 2232/2434/8 2235/2388/20
f 2236/2435/49 2233/2436/56 2231/2433/57 2234/2432/50
f 2237/2392/44 2234/2432/50 2235/2388/20 2191/2387/21
f 2238/2437/43 2236/2435/49 2234/2432/50 2237/2392/44
f 2240/2397/33 2238/2437/43 2237/2392/44 2194/2391/36
f 2239/2438/48 2255/2439/54 2236/2435/49 2238/2437/43
f 2241/2440/32 2239/2438/48 2238/2437/43 2240/2397/33
f 2242/2441/31 2241/2440/32 2240/2397/33 2198/2396/34
f 2243/2442/121 2242/2441/31 2198/2396/34 2200/2398/122
f 2244/2443/120 2243/2442/121 2200/2398/122 2203/2401/115
f 2245/2444/114 2244/2443/120 2203/2401/115 2206/2404/109
f 2246/2445/103 2245/2444/114 2206/2404/109 2209/2407/104
f 2247/2446/99 2246/2445/103 2209/2407/104 2212/2410/100
f 2248/2447/96 2247/2446/99 2212/2410/100 2215/2413/91
f 2249/2448/90 2248/2447/96 2215/2413/91 2218/2416/87
f 2250/2449/79 2249/2448/90 2218/2416/87 2221/2419/80
f 2251/2450/76 2250/2449/79 2221/2419/80 2224/2422/77
f 2252/2451/72 2251/2450/76 2224/2422/77 2227/2425/67
f 2253/2452/66 2252/2451/72 2227/2425/67 2230/2428/64
f 2254/2453/55 2253/2452/66 2230/2428/64 2233/2431/56
f 2255/2439/54 2254/2454/55 2233/2436/56 2236/2435/49
f 2235/2388/20 2232/2434/8 2184/2383/58 2187/2382/51
f 2232/2430/8 2229/2427/19 2181/2374/62 2184/2377/58
f 2229/2427/19 2226/2424/18 2178/2371/69 2181/2374/62
f 2226/2424/18 2223/2421/17 2175/2368/73 2178/2371/69
f 2223/2421/17 2220/2418/16 2172/2365/82 2175/2368/73
f 2220/2418/16 2217/2415/30 2169/2362/85 2172/2365/82
f 2217/2415/30 2214/2412/29 2166/2359/93 2169/2362/85
f 2214/2412/29 2211/2409/28 2163/2356/102 2166/2359/93
f 2211/2409/28 2208/2406/27 2160/2353/106 2163/2356/102
f 2208/2406/27 2205/2403/26 2157/2350/111 2160/2353/106
f 2205/2403/26 2202/2400/25 2154/2347/117 2157/2350/111
f 2202/2400/25 2196/2394/24 2151/2336/124 2154/2347/117
f 2263/2455/124 2258/2456/37 2257/2457/40 2261/2458/125
f 2258/2456/37 2304/2459/38 2259/2460/39 2257/2457/40
f 2257/2457/40 2259/2460/39 2368/2461/41 2260/2462/42
f 2261/2458/125 2257/2457/40 2260/2462/42 2262/2463/126
f 2264/2464/118 2261/2458/125 2262/2463/126 2265/2465/119
f 2266/2466/117 2263/2455/124 2261/2458/125 2264/2464/118
f 2267/2467/112 2264/2464/118 2265/2465/119 2268/2468/113
f 2269/2469/111 2266/2466/117 2264/2464/118 2267/2467/112
f 2270/2470/107 2267/2467/112 2268/2468/113 2271/2471/108
f 2272/2472/106 2269/2469/111 2267/2467/112 2270/2470/107
f 2273/2473/97 2270/2470/107 2271/2471/108 2274/2474/98
f 2275/2475/102 2272/2472/106 2270/2470/107 2273/2473/97
f 2276/2476/94 2273/2473/97 2274/2474/98 2277/2477/95
f 2278/2478/93 2275/2475/102 2273/2473/97 2276/2476/94
f 2279/2479/86 2276/2476/94 2277/2477/95 2280/2480/89
f 2281/2481/85 2278/2478/93 2276/2476/94 2279/2479/86
f 2282/2482/83 2279/2479/86 2280/2480/89 2283/2483/84
f 2284/2484/82 2281/2481/85 2279/2479/86 2282/2482/83
f 2285/2485/74 2282/2482/83 2283/2483/84 2286/2486/75
f 2287/2487/73 2284/2484/82 2282/2482/83 2285/2485/74
f 2288/2488/70 2285/2485/74 2286/2486/75 2289/2489/71
f 2290/2490/69 2287/2487/73 2285/2485/74 2288/2488/70
f 2291/2491/63 2288/2488/70 2289/2489/71 2292/2492/65
f 2293/2493/62 2290/2490/69 2288/2488/70 2291/2491/63
f 2294/2494/59 2291/2491/63 2292/2492/65 2295/2495/60
f 2296/2496/58 2293/2493/62 2291/2491/63 2294/2494/59
f 2297/2497/52 2294/2498/59 2295/2499/60 2298/2500/53
f 2299/2501/51 2296/2502/58 2294/2498/59 2297/2497/52
f 2300/2503/46 2297/2497/52 2298/2500/53 2301/2504/47
f 2302/2505/45 2299/2501/51 2297/2497/52 2300/2503/46
f 2259/2460/39 2300/2503/46 2301/2504/47 2368/2461/41
f 2304/2459/38 2302/2505/45 2300/2503/46 2259/2460/39
f 2303/2506/21 2347/2507/20 2299/2501/51 2302/2505/45
f 2305/2508/22 2303/2506/21 2302/2505/45 2304/2459/38
f 2307/2509/23 2305/2508/22 2304/2459/38 2258/2456/37
f 2306/2510/36 2349/2511/44 2303/2506/21 2305/2508/22
f 2309/2512/35 2306/2510/36 2305/2508/22 2307/2509/23
f 2308/2513/24 2307/2509/23 2258/2456/37 2263/2455/124
f 2311/2514/123 2309/2512/35 2307/2509/23 2308/2513/24
f 2310/2515/34 2352/2516/33 2306/2510/36 2309/2512/35
f 2312/2517/122 2310/2515/34 2309/2512/35 2311/2514/123
f 2313/2518/116 2311/2514/123 2308/2513/24 2314/2519/25
f 2315/2520/115 2312/2517/122 2311/2514/123 2313/2518/116
f 2316/2521/110 2313/2518/116 2314/2519/25 2317/2522/26
f 2318/2523/109 2315/2520/115 2313/2518/116 2316/2521/110
f 2319/2524/105 2316/2521/110 2317/2522/26 2320/2525/27
f 2321/2526/104 2318/2523/109 2316/2521/110 2319/2524/105
f 2322/2527/101 2319/2524/105 2320/2525/27 2323/2528/28
f 2324/2529/100 2321/2526/104 2319/2524/105 2322/2527/101
f 2325/2530/92 2322/2527/101 2323/2528/28 2326/2531/29
f 2327/2532/91 2324/2529/100 2322/2527/101 2325/2530/92
f 2328/2533/88 2325/2530/92 2326/2531/29 2329/2534/30
f 2330/2535/87 2327/2532/91 2325/2530/92 2328/2533/88
f 2331/2536/81 2328/2533/88 2329/2534/30 2332/2537/16
f 2333/2538/80 2330/2535/87 2328/2533/88 2331/2536/81
f 2334/2539/78 2331/2536/81 2332/2537/16 2335/2540/17
f 2336/2541/77 2333/2538/80 2331/2536/81 2334/2539/78
f 2337/2542/68 2334/2539/78 2335/2540/17 2338/2543/18
f 2339/2544/67 2336/2541/77 2334/2539/78 2337/2542/68
f 2340/2545/61 2337/2542/68 2338/2543/18 2341/2546/19
f 2342/2547/64 2339/2544/67 2337/2542/68 2340/2545/61
f 2343/2548/57 2340/2545/61 2341/2546/19 2344/2549/8
f 2345/2550/56 2342/2547/64 2340/2545/61 2343/2548/57
f 2346/2551/50 2343/2552/57 2344/2553/8 2347/2507/20
f 2348/2554/49 2345/2555/56 2343/2552/57 2346/2551/50
f 2349/2511/44 2346/2551/50 2347/2507/20 2303/2506/21
f 2350/2556/43 2348/2554/49 2346/2551/50 2349/2511/44
f 2352/2516/33 2350/2556/43 2349/2511/44 2306/2510/36
f 2351/2557/48 2367/2558/54 2348/2554/49 2350/2556/43
f 2353/2559/32 2351/2557/48 2350/2556/43 2352/2516/33
f 2354/2560/31 2353/2559/32 2352/2516/33 2310/2515/34
f 2355/2561/121 2354/2560/31 2310/2515/34 2312/2517/122
f 2356/2562/120 2355/2561/121 2312/2517/122 2315/2520/115
f 2357/2563/114 2356/2562/120 2315/2520/115 2318/2523/109
f 2358/2564/103 2357/2563/114 2318/2523/109 2321/2526/104
f 2359/2565/99 2358/2564/103 2321/2526/104 2324/2529/100
f 2360/2566/96 2359/2565/99 2324/2529/100 2327/2532/91
f 2361/2567/90 2360/2566/96 2327/2532/91 2330/2535/87
f 2362/2568/79 2361/2567/90 2330/2535/87 2333/2538/80
f 2363/2569/76 2362/2568/79 2333/2538/80 2336/2541/77
f 2364/2570/72 2363/2569/76 2336/2541/77 2339/2544/67
f 2365/2571/66 2364/2570/72 2339/2544/67 2342/2547/64
f 2366/2572/55 2365/2571/66 2342/2547/64 2345/2550/56
f 2367/2558/54 2366/2573/55 2345/2555/56 2348/2554/49
f 2347/2507/20 2344/2553/8 2296/2502/58 2299/2501/51
f 2344/2549/8 2341/2546/19 2293/2493/62 2296/2496/58
f 2341/2546/19 2338/2543/18 2290/2490/69 2293/2493/62
f 2338/2543/18 2335/2540/17 2287/2487/73 2290/2490/69
f 2335/2540/17 2332/2537/16 2284/2484/82 2287/2487/73
f 2332/2537/16 2329/2534/30 2281/2481/85 2284/2484/82
f 2329/2534/30 2326/2531/29 2278/2478/93 2281/2481/85
f 2326/2531/29 2323/2528/28 2275/2475/102 2278/2478/93
f 2323/2528/28 2320/2525/27 2272/2472/106 2275/2475/102
f 2320/2525/27 2317/2522/26 2269/2469/111 2272/2472/106
f 2317/2522/26 2314/2519/25 2266/2466/117 2269/2469/111
f 2314/2519/25 2308/2513/24 2263/2455/124 2266/2466/117
f 2375/2574/124 2370/2575/37 2369/2576/40 2373/2577/125
f 2370/2575/37 2416/2578/38 2371/2579/39 2369/2576/40
f 2369/2576/40 2371/2579/39 2480/2580/41 2372/2581/42
f 2373/2577/125 2369/2576/40 2372/2581/42 2374/2582/126
f 2376/2583/118 2373/2577/125 2374/2582/126 2377/2584/119
f 2378/2585/117 2375/2574/124 2373/2577/125 2376/2583/118
f 2379/2586/112 2376/2583/118 2377/2584/119 2380/2587/113
f 2381/2588/111 2378/2585/117 2376/2583/118 2379/2586/112
f 2382/2589/107 2379/2586/112 2380/2587/113 2383/2590/108
f 2384/2591/106 2381/2588/111 2379/2586/112 2382/2589/107
f 2385/2592/97 2382/2589/107 2383/2590/108 2386/2593/98
f 2387/2594/102 2384/2591/106 2382/2589/107 2385/2592/97
f 2388/2595/94 2385/2592/97 2386/2593/98 2389/2596/95
f 2390/2597/93 2387/2594/102 2385/2592/97 2388/2595/94
f 2391/2598/86 2388/2595/94 2389/2596/95 2392/2599/89
f 2393/2600/85 2390/2597/93 2388/2595/94 2391/2598/86
f 2394/2601/83 2391/2598/86 2392/2599/89 2395/2602/84
f 2396/2603/82 2393/2600/85 2391/2598/86 2394/2601/83
f 2397/2604/74 2394/2601/83 2395/2602/84 2398/2605/75
f 2399/2606/73 2396/2603/82 2394/2601/83 2397/2604/74
f 2400/2607/70 2397/2604/74 2398/2605/75 2401/2608/71
f 2402/2609/69 2399/2606/73 2397/2604/74 2400/2607/70
f 2403/2610/63 2400/2607/70 2401/2608/71 2404/2611/65
f 2405/2612/62 2402/2609/69 2400/2607/70 2403/2610/63
f 2406/2613/59 2403/2610/63 2404/2611/65 2407/2614/60
f 2408/2615/58 2405/2612/62 2403/2610/63 2406/2613/59
f 2409/2616/52 2406/2617/59 2407/2618/60 2410/2619/53
f 2411/2620/51 2408/2621/58 2406/2617/59 2409/2616/52
f 2412/2622/46 2409/2616/52 2410/2619/53 2413/2623/47
f 2414/2624/45 2411/2620/51 2409/2616/52 2412/2622/46
f 2371/2579/39 2412/2622/46 2413/2623/47 2480/2580/41
f 2416/2578/38 2414/2624/45 2412/2622/46 2371/2579/39
f 2415/2625/21 2459/2626/20 2411/2620/51 2414/2624/45
f 2417/2627/22 2415/2625/21 2414/2624/45 2416/2578/38
f 2419/2628/23 2417/2627/22 2416/2578/38 2370/2575/37
f 2418/2629/36 2461/2630/44 2415/2625/21 2417/2627/22
f 2421/2631/35 2418/2629/36 2417/2627/22 2419/2628/23
f 2420/2632/24 2419/2628/23 2370/2575/37 2375/2574/124
f 2423/2633/123 2421/2631/35 2419/2628/23 2420/2632/24
f 2422/2634/34 2464/2635/33 2418/2629/36 2421/2631/35
f 2424/2636/122 2422/2634/34 2421/2631/35 2423/2633/123
f 2425/2637/116 2423/2633/123 2420/2632/24 2426/2638/25
f 2427/2639/115 2424/2636/122 2423/2633/123 2425/2637/116
f 2428/2640/110 2425/2637/116 2426/2638/25 2429/2641/26
f 2430/2642/109 2427/2639/115 2425/2637/116 2428/2640/110
f 2431/2643/105 2428/2640/110 2429/2641/26 2432/2644/27
f 2433/2645/104 2430/2642/109 2428/2640/110 2431/2643/105
f 2434/2646/101 2431/2643/105 2432/2644/27 2435/2647/28
f 2436/2648/100 2433/2645/104 2431/2643/105 2434/2646/101
f 2437/2649/92 2434/2646/101 2435/2647/28 2438/2650/29
f 2439/2651/91 2436/2648/100 2434/2646/101 2437/2649/92
f 2440/2652/88 2437/2649/92 2438/2650/29 2441/2653/30
f 2442/2654/87 2439/2651/91 2437/2649/92 2440/2652/88
f 2443/2655/81 2440/2652/88 2441/2653/30 2444/2656/16
f 2445/2657/80 2442/2654/87 2440/2652/88 2443/2655/81
f 2446/2658/78 2443/2655/81 2444/2656/16 2447/2659/17
f 2448/2660/77 2445/2657/80 2443/2655/81 2446/2658/78
f 2449/2661/68 2446/2658/78 2447/2659/17 2450/2662/18
f 2451/2663/67 2448/2660/77 2446/2658/78 2449/2661/68
f 2452/2664/61 2449/2661/68 2450/2662/18 2453/2665/19
f 2454/2666/64 2451/2663/67 2449/2661/68 2452/2664/61
f 2455/2667/57 2452/2664/61 2453/2665/19 2456/2668/8
f 2457/2669/56 2454/2666/64 2452/2664/61 2455/2667/57
f 2458/2670/50 2455/2671/57 2456/2672/8 2459/2626/20
f 2460/2673/49 2457/2674/56 2455/2671/57 2458/2670/50
f 2461/2630/44 2458/2670/50 2459/2626/20 2415/2625/21
f 2462/2675/43 2460/2673/49 2458/2670/50 2461/2630/44
f 2464/2635/33 2462/2675/43 2461/2630/44 2418/2629/36
f 2463/2676/48 2479/2677/54 2460/2673/49 2462/2675/43
f 2465/2678/32 2463/2676/48 2462/2675/43 2464/2635/33
f 2466/2679/31 2465/2678/32 2464/2635/33 2422/2634/34
f 2467/2680/121 2466/2679/31 2422/2634/34 2424/2636/122
f 2468/2681/120 2467/2680/121 2424/2636/122 2427/2639/115
f 2469/2682/114 2468/2681/120 2427/2639/115 2430/2642/109
f 2470/2683/103 2469/2682/114 2430/2642/109 2433/2645/104
f 2471/2684/99 2470/2683/103 2433/2645/104 2436/2648/100
f 2472/2685/96 2471/2684/99 2436/2648/100 2439/2651/91
f 2473/2686/90 2472/2685/96 2439/2651/91 2442/2654/87
f 2474/2687/79 2473/2686/90 2442/2654/87 2445/2657/80
f 2475/2688/76 2474/2687/79 2445/2657/80 2448/2660/77
f 2476/2689/72 2475/2688/76 2448/2660/77 2451/2663/67
f 2477/2690/66 2476/2689/72 2451/2663/67 2454/2666/64
f 2478/2691/55 2477/2690/66 2454/2666/64 2457/2669/56
f 2479/2677/54 2478/2692/55 2457/2674/56 2460/2673/49
f 2459/2626/20 2456/2672/8 2408/2621/58 2411/2620/51
f 2456/2668/8 2453/2665/19 2405/2612/62 2408/2615/58
f 2453/2665/19 2450/2662/18 2402/2609/69 2405/2612/62
f 2450/2662/18 2447/2659/17 2399/2606/73 2402/2609/69
f 2447/2659/17 2444/2656/16 2396/2603/82 2399/2606/73
f 2444/2656/16 2441/2653/30 2393/2600/85 2396/2603/82
f 2441/2653/30 2438/2650/29 2390/2597/93 2393/2600/85
f 2438/2650/29 2435/2647/28 2387/2594/102 2390/2597/93
f 2435/2647/28 2432/2644/27 2384/2591/106 2387/2594/102
f 2432/2644/27 2429/2641/26 2381/2588/111 2384/2591/106
f 2429/2641/26 2426/2638/25 2378/2585/117 2381/2588/111
f 2426/2638/25 2420/2632/24 2375/2574/124 2378/2585/117
f 2487/2693/124 2482/2694/37 2481/2695/40 2485/2696/125
f 2482/2694/37 2528/2697/38 2483/2698/39 2481/2695/40
f 2481/2695/40 2483/2698/39 2592/2699/41 2484/2700/42
f 2485/2696/125 2481/2695/40 2484/2700/42 2486/2701/126
f 2488/2702/118 2485/2696/125 2486/2701/126 2489/2703/119
f 2490/2704/117 2487/2693/124 2485/2696/125 2488/2702/118
f 2491/2705/112 2488/2702/118 2489/2703/119 2492/2706/113
f 2493/2707/111 2490/2704/117 2488/2702/118 2491/2705/112
f 2494/2708/107 2491/2705/112 2492/2706/113 2495/2709/108
f 2496/2710/106 2493/2707/111 2491/2705/112 2494/2708/107
f 2497/2711/97 2494/2708/107 2495/2709/108 2498/2712/98
f 2499/2713/102 2496/2710/106 2494/2708/107 2497/2711/97
f 2500/2714/94 2497/2711/97 2498/2712/98 2501/2715/95
f 2502/2716/93 2499/2713/102 2497/2711/97 2500/2714/94
f 2503/2717/86 2500/2714/94 2501/2715/95 2504/2718/89
f 2505/2719/85 2502/2716/93 2500/2714/94 2503/2717/86
f 2506/2720/83 2503/2717/86 2504/2718/89 2507/2721/84
f 2508/2722/82 2505/2719/85 2503/2717/86 2506/2720/83
f 2509/2723/74 2506/2720/83 2507/2721/84 2510/2724/75
f 2511/2725/73 2508/2722/82 2506/2720/83 2509/2723/74
f 2512/2726/70 2509/2723/74 2510/2724/75 2513/2727/71
f 2514/2728/69 2511/2725/73 2509/2723/74 2512/2726/70
f 2515/2729/63 2512/2726/70 2513/2727/71 2516/2730/65
f 2517/2731/62 2514/2728/69 2512/2726/70 2515/2729/63
f 2518/2732/59 2515/2729/63 2516/2730/65 2519/2733/60
f 2520/2734/58 2517/2731/62 2515/2729/63 2518/2732/59
f 2521/2735/52 2518/2736/59 2519/2737/60 2522/2738/53
f 2523/2739/51 2520/2740/58 2518/2736/59 2521/2735/52
f 2524/2741/46 2521/2735/52 2522/2738/53 2525/2742/47
f 2526/2743/45 2523/2739/51 2521/2735/52 2524/2741/46
f 2483/2698/39 2524/2741/46 2525/2742/47 2592/2699/41
f 2528/2697/38 2526/2743/45 2524/2741/46 2483/2698/39
f 2527/2744/21 2571/2745/20 2523/2739/51 2526/2743/45
f 2529/2746/22 2527/2744/21 2526/2743/45 2528/2697/38
f 2531/2747/23 2529/2746/22 2528/2697/38 2482/2694/37
f 2530/2748/36 2573/2749/44 2527/2744/21 2529/2746/22
f 2533/2750/35 2530/2748/36 2529/2746/22 2531/2747/23
f 2532/2751/24 2531/2747/23 2482/2694/37 2487/2693/124
f 2535/2752/123 2533/2750/35 2531/2747/23 2532/2751/24
f 2534/2753/34 2576/2754/33 2530/2748/36 2533/2750/35
f 2536/2755/122 2534/2753/34 2533/2750/35 2535/2752/123
f 2537/2756/116 2535/2752/123 2532/2751/24 2538/2757/25
f 2539/2758/115 2536/2755/122 2535/2752/123 2537/2756/116
f 2540/2759/110 2537/2756/116 2538/2757/25 2541/2760/26
f 2542/2761/109 2539/2758/115 2537/2756/116 2540/2759/110
f 2543/2762/105 2540/2759/110 2541/2760/26 2544/2763/27
f 2545/2764/104 2542/2761/109 2540/2759/110 2543/2762/105
f 2546/2765/101 2543/2762/105 2544/2763/27 2547/2766/28
f 2548/2767/100 2545/2764/104 2543/2762/105 2546/2765/101
f 2549/2768/92 2546/2765/101 2547/2766/28 2550/2769/29
f 2551/2770/91 2548/2767/100 2546/2765/101 2549/2768/92
f 2552/2771/88 2549/2768/92 2550/2769/29 2553/2772/30
f 2554/2773/87 2551/2770/91 2549/2768/92 2552/2771/88
f 2555/2774/81 2552/2771/88 2553/2772/30 2556/2775/16
f 2557/2776/80 2554/2773/87 2552/2771/88 2555/2774/81
f 2558/2777/78 2555/2774/81 2556/2775/16 2559/2778/17
f 2560/2779/77 2557/2776/80 2555/2774/81 2558/2777/78
f 2561/2780/68 2558/2777/78 2559/2778/17 2562/2781/18
f 2563/2782/67 2560/2779/77 2558/2777/78 2561/2780/68
f 2564/2783/61 2561/2780/68 2562/2781/18 2565/2784/19
f 2566/2785/64 2563/2782/67 2561/2780/68 2564/2783/61
f 2567/2786/57 2564/2783/61 2565/2784/19 2568/2787/8
f 2569/2788/56 2566/2785/64 2564/2783/61 2567/2786/57
f 2570/2789/50 2567/2790/57 2568/2791/8 2571/2745/20
f 2572/2792/49 2569/2793/56 2567/2790/57 2570/2789/50
f 2573/2749/44 2570/2789/50 2571/2745/20 2527/2744/21
f 2574/2794/43 2572/2792/49 2570/2789/50 2573/2749/44
f 2576/2754/33 2574/2794/43 2573/2749/44 2530/2748/36
f 2575/2795/48 2591/2796/54 2572/2792/49 2574/2794/43
f 2577/2797/32 2575/2795/48 2574/2794/43 2576/2754/33
f 2578/2798/31 2577/2797/32 2576/2754/33 2534/2753/34
f 2579/2799/121 2578/2798/31 2534/2753/34 2536/2755/122
f 2580/2800/120 2579/2799/121 2536/2755/122 2539/2758/115
f 2581/2801/114 2580/2800/120 2539/2758/115 2542/2761/109
f 2582/2802/103 2581/2801/114 2542/2761/109 2545/2764/104
f 2583/2803/99 2582/2802/103 2545/2764/104 2548/2767/100
f 2584/2804/96 2583/2803/99 2548/2767/100 2551/2770/91
f 2585/2805/90 2584/2804/96 2551/2770/91 2554/2773/87
f 2586/2806/79 2585/2805/90 2554/2773/87 2557/2776/80
f 2587/2807/76 2586/2806/79 2557/2776/80 2560/2779/77
f 2588/2808/72 2587/2807/76 2560/2779/77 2563/2782/67
f 2589/2809/66 2588/2808/72 2563/2782/67 2566/2785/64
f 2590/2810/55 2589/2809/66 2566/2785/64 2569/2788/56
f 2591/2796/54 2590/2811/55 2569/2793/56 2572/2792/49
f 2571/2745/20 2568/2791/8 2520/2740/58 2523/2739/51
f 2568/2787/8 2565/2784/19 2517/2731/62 2520/2734/58
f 2565/2784/19 2562/2781/18 2514/2728/69 2517/2731/62
f 2562/2781/18 2559/2778/17 2511/2725/73 2514/2728/69
f 2559/2778/17 2556/2775/16 2508/2722/82 2511/2725/73
f 2556/2775/16 2553/2772/30 2505/2719/85 2508/2722/82
f 2553/2772/30 2550/2769/29 2502/2716/93 2505/2719/85
f 2550/2769/29 2547/2766/28 2499/2713/102 2502/2716/93
f 2547/2766/28 2544/2763/27 2496/2710/106 2499/2713/102
f 2544/2763/27 2541/2760/26 2493/2707/111 2496/2710/106
f 2541/2760/26 2538/2757/25 2490/2704/117 2493/2707/111
f 2538/2757/25 2532/2751/24 2487/2693/124 2490/2704/117
f 2599/2812/124 2594/2813/37 2593/2814/40 2597/2815/125
f 2594/2813/37 2640/2816/38 2595/2817/39 2593/2814/40
f 2593/2814/40 2595/2817/39 2704/2818/41 2596/2819/42
f 2597/2815/125 2593/2814/40 2596/2819/42 2598/2820/126
f 2600/2821/118 2597/2815/125 2598/2820/126 2601/2822/119
f 2602/2823/117 2599/2812/124 2597/2815/125 2600/2821/118
f 2603/2824/112 2600/2821/118 2601/2822/119 2604/2825/113
f 2605/2826/111 2602/2823/117 2600/2821/118 2603/2824/112
f 2606/2827/107 2603/2824/112 2604/2825/113 2607/2828/108
f 2608/2829/106 2605/2826/111 2603/2824/112 2606/2827/107
f 2609/2830/97 2606/2827/107 2607/2828/108 2610/2831/98
f 2611/2832/102 2608/2829/106 2606/2827/107 2609/2830/97
f 2612/2833/94 2609/2830/97 2610/2831/98 2613/2834/95
f 2614/2835/93 2611/2832/102 2609/2830/97 2612/2833/94
f 2615/2836/86 2612/2833/94 2613/2834/95 2616/2837/89
f 2617/2838/85 2614/2835/93 2612/2833/94 2615/2836/86
f 2618/2839/83 2615/2836/86 2616/2837/89 2619/2840/84
f 2620/2841/82 2617/2838/85 2615/2836/86 2618/2839/83
f 2621/2842/74 2618/2839/83 2619/2840/84 2622/2843/75
f 2623/2844/73 2620/2841/82 2618/2839/83 2621/2842/74
f 2624/2845/70 2621/2842/74 2622/2843/75 2625/2846/71
f 2626/2847/69 2623/2844/73 2621/2842/74 2624/2845/70
f 2627/2848/63 2624/2845/70 2625/2846/71 2628/2849/65
f 2629/2850/62 2626/2847/69 2624/2845/70 2627/2848/63
f 2630/2851/59 2627/2848/63 2628/2849/65 2631/2852/60
f 2632/2853/58 2629/2850/62 2627/2848/63 2630/2851/59
f 2633/2854/52 2630/2855/59 2631/2856/60 2634/2857/53
f 2635/2858/51 2632/2859/58 2630/2855/59 2633/2854/52
f 2636/2860/46 2633/2854/52 2634/2857/53 2637/2861/47
f 2638/2862/45 2635/2858/51 2633/2854/52 2636/2860/46
f 2595/2817/39 2636/2860/46 2637/2861/47 2704/2818/41
f 2640/2816/38 2638/2862/45 2636/2860/46 2595/2817/39
f 2639/2863/21 2683/2864/20 2635/2858/51 2638/2862/45
f 2641/2865/22 2639/2863/21 2638/2862/45 2640/2816/38
f 2643/2866/23 2641/2865/22 2640/2816/38 2594/2813/37
f 2642/2867/36 2685/2868/44 2639/2863/21 2641/2865/22
f 2645/2869/35 2642/2867/36 2641/2865/22 2643/2866/23
f 2644/2870/24 2643/2866/23 2594/2813/37 2599/2812/124
f 2647/2871/123 2645/2869/35 2643/2866/23 2644/2870/24
f 2646/2872/34 2688/2873/33 2642/2867/36 2645/2869/35
f 2648/2874/122 2646/2872/34 2645/2869/35 2647/2871/123
f 2649/2875/116 2647/2871/123 2644/2870/24 2650/2876/25
f 2651/2877/115 2648/2874/122 2647/2871/123 2649/2875/116
f 2652/2878/110 2649/2875/116 2650/2876/25 2653/2879/26
f 2654/2880/109 2651/2877/115 2649/2875/116 2652/2878/110
f 2655/2881/105 2652/2878/110 2653/2879/26 2656/2882/27
f 2657/2883/104 2654/2880/109 2652/2878/110 2655/2881/105
f 2658/2884/101 2655/2881/105 2656/2882/27 2659/2885/28
f 2660/2886/100 2657/2883/104 2655/2881/105 2658/2884/101
f 2661/2887/92 2658/2884/101 2659/2885/28 2662/2888/29
f 2663/2889/91 2660/2886/100 2658/2884/101 2661/2887/92
f 2664/2890/88 2661/2887/92 2662/2888/29 2665/2891/30
f 2666/2892/87 2663/2889/91 2661/2887/92 2664/2890/88
f 2667/2893/81 2664/2890/88 2665/2891/30 2668/2894/16
f 2669/2895/80 2666/2892/87 2664/2890/88 2667/2893/81
f 2670/2896/78 2667/2893/81 2668/2894/16 2671/2897/17
f 2672/2898/77 2669/2895/80 2667/2893/81 2670/2896/78
f 2673/2899/68 2670/2896/78 2671/2897/17 2674/2900/18
f 2675/2901/67 2672/2898/77 2670/2896/78 2673/2899/68
f 2676/2902/61 2673/2899/68 2674/2900/18 2677/2903/19
f 2678/2904/64 2675/2901/67 2673/2899/68 2676/2902/61
f 2679/2905/57 2676/2902/61 2677/2903/19 2680/2906/8
f 2681/2907/56 2678/2904/64 2676/2902/61 2679/2905/57
f 2682/2908/50 2679/2909/57 2680/2910/8 2683/2864/20
f 2684/2911/49 2681/2912/56 2679/2909/57 2682/2908/50
f 2685/2868/44 2682/2908/50 2683/2864/20 2639/2863/21
f 2686/2913/43 2684/2911/49 2682/2908/50 2685/2868/44
f 2688/2873/33 2686/2913/43 2685/2868/44 2642/2867/36
f 2687/2914/48 2703/2915/54 2684/2911/49 2686/2913/43
f 2689/2916/32 2687/2914/48 2686/2913/43 2688/2873/33
f 2690/2917/31 2689/2916/32 2688/2873/33 2646/2872/34
f 2691/2918/121 2690/2917/31 2646/2872/34 2648/2874/122
f 2692/2919/120 2691/2918/121 2648/2874/122 2651/2877/115
f 2693/2920/114 2692/2919/120 2651/2877/115 2654/2880/109
f 2694/2921/103 2693/2920/114 2654/2880/109 2657/2883/104
f 2695/2922/99 2694/2921/103 2657/2883/104 2660/2886/100
f 2696/2923/96 2695/2922/99 2660/2886/100 2663/2889/91
f 2697/2924/90 2696/2923/96 2663/2889/91 2666/2892/87
f 2698/2925/79 2697/2924/90 2666/2892/87 2669/2895/80
f 2699/2926/76 2698/2925/79 2669/2895/80 2672/2898/77
f 2700/2927/72 2699/2926/76 2672/2898/77 2675/2901/67
f 2701/2928/66 2700/2927/72 2675/2901/67 2678/2904/64
f 2702/2929/55 2701/2928/66 2678/2904/64 2681/2907/56
f 2703/2915/54 2702/2930/55 2681/2912/56 2684/2911/49
f 2683/2864/20 2680/2910/8 2632/2859/58 2635/2858/51
f 2680/2906/8 2677/2903/19 2629/2850/62 2632/2853/58
f 2677/2903/19 2674/2900/18 2626/2847/69 2629/2850/62
f 2674/2900/18 2671/2897/17 2623/2844/73 2626/2847/69
f 2671/2897/17 2668/2894/16 2620/2841/82 2623/2844/73
f 2668/2894/16 2665/2891/30 2617/2838/85 2620/2841/82
f 2665/2891/30 2662/2888/29 2614/2835/93 2617/2838/85
f 2662/2888/29 2659/2885/28 2611/2832/102 2614/2835/93
f 2659/2885/28 2656/2882/27 2608/2829/106 2611/2832/102
f 2656/2882/27 2653/2879/26 2605/2826/111 2608/2829/106
f 2653/2879/26 2650/2876/25 2602/2823/117 2605/2826/111
f 2650/2876/25 2644/2870/24 2599/2812/124 2602/2823/117
f 2711/2931/124 2706/2932/37 2705/2933/40 2709/2934/125
f 2706/2932/37 2752/2935/38 2707/2936/39 2705/2933/40
f 2705/2933/40 2707/2936/39 2816/2937/41 2708/2938/42
f 2709/2934/125 2705/2933/40 2708/2938/42 2710/2939/126
f 2712/2940/118 2709/2934/125 2710/2939/126 2713/2941/119
f 2714/2942/117 2711/2931/124 2709/2934/125 2712/2940/118
f 2715/2943/112 2712/2940/118 2713/2941/119 2716/2944/113
f 2717/2945/111 2714/2942/117 2712/2940/118 2715/2943/112
f 2718/2946/107 2715/2943/112 2716/2944/113 2719/2947/108
f 2720/2948/106 2717/2945/111 2715/2943/112 2718/2946/107
f 2721/2949/97 2718/2946/107 2719/2947/108 2722/2950/98
f 2723/2951/102 2720/2948/106 2718/2946/107 2721/2949/97
f 2724/2952/94 2721/2949/97 2722/2950/98 2725/2953/95
f 2726/2954/93 2723/2951/102 2721/2949/97 2724/2952/94
f 2727/2955/86 2724/2952/94 2725/2953/95 2728/2956/89
f 2729/2957/85 2726/2954/93 2724/2952/94 2727/2955/86
f 2730/2958/83 2727/2955/86 2728/2956/89 2731/2959/84
f 2732/2960/82 2729/2957/85 2727/2955/86 2730/2958/83
f 2733/2961/74 2730/2958/83 2731/2959/84 2734/2962/75
f 2735/2963/73 2732/2960/82 2730/2958/83 2733/2961/74
f 2736/2964/70 2733/2961/74 2734/2962/75 2737/2965/71
f 2738/2966/69 2735/2963/73 2733/2961/74 2736/2964/70
f 2739/2967/63 2736/2964/70 2737/2965/71 2740/2968/65
f 2741/2969/62 2738/2966/69 2736/2964/70 2739/2967/63
f 2742/2970/59 2739/2967/63 2740/2968/65 2743/2971/60
f 2744/2972/58 2741/2969/62 2739/2967/63 2742/2970/59
f 2745/2973/52 2742/2974/59 2743/2975/60 2746/2976/53
f 2747/2977/51 2744/2978/58 2742/2974/59 2745/2973/52
f 2748/2979/46 2745/2973/52 2746/2976/53 2749/2980/47
f 2750/2981/45 2747/2977/51 2745/2973/52 2748/2979/46
f 2707/2936/39 2748/2979/46 2749/2980/47 2816/2937/41
f 2752/2935/38 2750/2981/45 2748/2979/46 2707/2936/39
f 2751/2982/21 2795/2983/20 2747/2977/51 2750/2981/45
f 2753/2984/22 2751/2982/21 2750/2981/45 2752/2935/38
f 2755/2985/23 2753/2984/22 2752/2935/38 2706/2932/37
f 2754/2986/36 2797/2987/44 2751/2982/21 2753/2984/22
f 2757/2988/35 2754/2986/36 2753/2984/22 2755/2985/23
f 2756/2989/24 2755/2985/23 2706/2932/37 2711/2931/124
f 2759/2990/123 2757/2988/35 2755/2985/23 2756/2989/24
f 2758/2991/34 2800/2992/33 2754/2986/36 2757/2988/35
f 2760/2993/122 2758/2991/34 2757/2988/35 2759/2990/123
f 2761/2994/116 2759/2990/123 2756/2989/24 2762/2995/25
f 2763/2996/115 2760/2993/122 2759/2990/123 2761/2994/116
f 2764/2997/110 2761/2994/116 2762/2995/25 2765/2998/26
f 2766/2999/109 2763/2996/115 2761/2994/116 2764/2997/110
f 2767/3000/105 2764/2997/110 2765/2998/26 2768/3001/27
f 2769/3002/104 2766/2999/109 2764/2997/110 2767/3000/105
f 2770/3003/101 2767/3000/105 2768/3001/27 2771/3004/28
f 2772/3005/100 2769/3002/104 2767/3000/105 2770/3003/101
f 2773/3006/92 2770/3003/101 2771/3004/28 2774/3007/29
f 2775/3008/91 2772/3005/100 2770/3003/101 2773/3006/92
f 2776/3009/88 2773/3006/92 2774/3007/29 2777/3010/30
f 2778/3011/87 2775/3008/91 2773/3006/92 2776/3009/88
f 2779/3012/81 2776/3009/88 2777/3010/30 2780/3013/16
f 2781/3014/80 2778/3011/87 2776/3009/88 2779/3012/81
f 2782/3015/78 2779/3012/81 2780/3013/16 2783/3016/17
f 2784/3017/77 2781/3014/80 2779/3012/81 2782/3015/78
f 2785/3018/68 2782/3015/78 2783/3016/17 2786/3019/18
f 2787/3020/67 2784/3017/77 2782/3015/78 2785/3018/68
f 2788/3021/61 2785/3018/68 2786/3019/18 2789/3022/19
f 2790/3023/64 2787/3020/67 2785/3018/68 2788/3021/61
f 2791/3024/57 2788/3021/61 2789/3022/19 2792/3025/8
f 2793/3026/56 2790/3023/64 2788/3021/61 2791/3024/57
f 2794/3027/50 2791/3028/57 2792/3029/8 2795/2983/20
f 2796/3030/49 2793/3031/56 2791/3028/57 2794/3027/50
f 2797/2987/44 2794/3027/50 2795/2983/20 2751/2982/21
f 2798/3032/43 2796/3030/49 2794/3027/50 2797/2987/44
f 2800/2992/33 2798/3032/43 2797/2987/44 2754/2986/36
f 2799/3033/48 2815/3034/54 2796/3030/49 2798/3032/43
f 2801/3035/32 2799/3033/48 2798/3032/43 2800/2992/33
f 2802/3036/31 2801/3035/32 2800/2992/33 2758/2991/34
f 2803/3037/121 2802/3036/31 2758/2991/34 2760/2993/122
f 2804/3038/120 2803/3037/121 2760/2993/122 2763/2996/115
f 2805/3039/114 2804/3038/120 2763/2996/115 2766/2999/109
f 2806/3040/103 2805/3039/114 2766/2999/109 2769/3002/104
f 2807/3041/99 2806/3040/103 2769/3002/104 2772/3005/100
f 2808/3042/96 2807/3041/99 2772/3005/100 2775/3008/91
f 2809/3043/90 2808/3042/96 2775/3008/91 2778/3011/87
f 2810/3044/79 2809/3043/90 2778/3011/87 2781/3014/80
f 2811/3045/76 2810/3044/79 2781/3014/80 2784/3017/77
f 2812/3046/72 2811/3045/76 2784/3017/77 2787/3020/67
f 2813/3047/66 2812/3046/72 2787/3020/67 2790/3023/64
f 2814/3048/55 2813/3047/66 2790/3023/64 2793/3026/56
f 2815/3034/54 2814/3049/55 2793/3031/56 2796/3030/49
f 2795/2983/20 2792/3029/8 2744/2978/58 2747/2977/51
f 2792/3025/8 2789/3022/19 2741/2969/62 2744/2972/58
f 2789/3022/19 2786/3019/18 2738/2966/69 2741/2969/62
f 2786/3019/18 2783/3016/17 2735/2963/73 2738/2966/69
f 2783/3016/17 2780/3013/16 2732/2960/82 2735/2963/73
f 2780/3013/16 2777/3010/30 2729/2957/85 2732/2960/82
f 2777/3010/30 2774/3007/29 2726/2954/93 2729/2957/85
f 2774/3007/29 2771/3004/28 2723/2951/102 2726/2954/93
f 2771/3004/28 2768/3001/27 2720/2948/106 2723/2951/102
f 2768/3001/27 2765/2998/26 2717/2945/111 2720/2948/106
f 2765/2998/26 2762/2995/25 2714/2942/117 2717/2945/111
f 2762/2995/25 2756/2989/24 2711/2931/124 2714/2942/117
f 2823/3050/124 2818/3051/37 2817/3052/40 2821/3053/125
f 2818/3051/37 2864/3054/38 2819/3055/39 2817/3052/40
f 2817/3052/40 2819/3055/39 2928/3056/41 2820/3057/42
f 2821/3053/125 2817/3052/40 2820/3057/42 2822/3058/126
f 2824/3059/118 2821/3053/125 2822/3058/126 2825/3060/119
f 2826/3061/117 2823/3050/124 2821/3053/125 2824/3059/118
f 2827/3062/112 2824/3059/118 2825/3060/119 2828/3063/113
f 2829/3064/111 2826/3061/117 2824/3059/118 2827/3062/112
f 2830/3065/107 2827/3062/112 2828/3063/113 2831/3066/108
f 2832/3067/106 2829/3064/111 2827/3062/112 2830/3065/107
f 2833/3068/97 2830/3065/107 2831/3066/108 2834/3069/98
f 2835/3070/102 2832/3067/106 2830/3065/107 2833/3068/97
f 2836/3071/94 2833/3068/97 2834/3069/98 2837/3072/95
f 2838/3073/93 2835/3070/102 2833/3068/97 2836/3071/94
f 2839/3074/86 2836/3071/94 2837/3072/95 2840/3075/89
f 2841/3076/85 2838/3073/93 2836/3071/94 2839/3074/86
f 2842/3077/83 2839/3074/86 2840/3075/89 2843/3078/84
f 2844/3079/82 2841/3076/85 2839/3074/86 2842/3077/83
f 2845/3080/74 2842/3077/83 2843/3078/84 2846/3081/75
f 2847/3082/73 2844/3079/82 2842/3077/83 2845/3080/74
f 2848/3083/70 2845/3080/74 2846/3081/75 2849/3084/71
f 2850/3085/69 2847/3082/73 2845/3080/74 2848/3083/70
f 2851/3086/63 2848/3083/70 2849/3084/71 2852/3087/65
f 2853/3088/62 2850/3085/69 2848/3083/70 2851/3086/63
f 2854/3089/59 2851/3086/63 2852/3087/65 2855/3090/60
f 2856/3091/58 2853/3088/62 2851/3086/63 2854/3089/59
f 2857/3092/52 2854/3093/59 2855/3094/60 2858/3095/53
f 2859/3096/51 2856/3097/58 2854/3093/59 2857/3092/52
f 2860/3098/46 2857/3092/52 2858/3095/53 2861/3099/47
f 2862/3100/45 2859/3096/51 2857/3092/52 2860/3098/46
f 2819/3055/39 2860/3098/46 2861/3099/47 2928/3056/41
f 2864/3054/38 2862/3100/45 2860/3098/46 2819/3055/39
f 2863/3101/21 2907/3102/20 2859/3096/51 2862/3100/45
f 2865/3103/22 2863/3101/21 2862/3100/45 2864/3054/38
f 2867/3104/23 2865/3103/22 2864/3054/38 2818/3051/37
f 2866/3105/36 2909/3106/44 2863/3101/21 2865/3103/22
f 2869/3107/35 2866/3105/36 2865/3103/22 2867/3104/23
f 2868/3108/24 2867/3104/23 2818/3051/37 2823/3050/124
f 2871/3109/123 2869/3107/35 2867/3104/23 2868/3108/24
f 2870/3110/34 2912/3111/33 2866/3105/36 2869/3107/35
f 2872/3112/122 2870/3110/34 2869/3107/35 2871/3109/123
f 2873/3113/116 2871/3109/123 2868/3108/24 2874/3114/25
f 2875/3115/115 2872/3112/122 2871/3109/123 2873/3113/116
f 2876/3116/110 2873/3113/116 2874/3114/25 2877/3117/26
f 2878/3118/109 2875/3115/115 2873/3113/116 2876/3116/110
f 2879/3119/105 2876/3116/110 2877/3117/26 2880/3120/27
f 2881/3121/104 2878/3118/109 2876/3116/110 2879/3119/105
f 2882/3122/101 2879/3119/105 2880/3120/27 2883/3123/28
f 2884/3124/100 2881/3121/104 2879/3119/105 2882/3122/101
f 2885/3125/92 2882/3122/101 2883/3123/28 2886/3126/29
f 2887/3127/91 2884/3124/100 2882/3122/101 2885/3125/92
f 2888/3128/88 2885/3125/92 2886/3126/29 2889/3129/30
f 2890/3130/87 2887/3127/91 2885/3125/92 2888/3128/88
f 2891/3131/81 2888/3128/88 2889/3129/30 2892/3132/16
f 2893/3133/80 2890/3130/87 2888/3128/88 2891/3131/81
f 2894/3134/78 2891/3131/81 2892/3132/16 2895/3135/17
f 2896/3136/77 2893/3133/80 2891/3131/81 2894/3134/78
f 2897/3137/68 2894/3134/78 2895/3135/17 2898/3138/18
f 2899/3139/67 2896/3136/77 2894/3134/78 2897/3137/68
f 2900/3140/61 2897/3137/68 2898/3138/18 2901/3141/19
f 2902/3142/64 2899/3139/67 2897/3137/68 2900/3140/61
f 2903/3143/57 2900/3140/61 2901/3141/19 2904/3144/8
f 2905/3145/56 2902/3142/64 2900/3140/61 2903/3143/57
f 2906/3146/50 2903/3147/57 2904/3148/8 2907/3102/20
f 2908/3149/49 2905/3150/56 2903/3147/57 2906/3146/50
f 2909/3106/44 2906/3146/50 2907/3102/20 2863/3101/21
f 2910/3151/43 2908/3149/49 2906/3146/50 2909/3106/44
f 2912/3111/33 2910/3151/43 2909/3106/44 2866/3105/36
f 2911/3152/48 2927/3153/54 2908/3149/49 2910/3151/43
f 2913/3154/32 2911/3152/48 2910/3151/43 2912/3111/33
f 2914/3155/31 2913/3154/32 2912/3111/33 2870/3110/34
f 2915/3156/121 2914/3155/31 2870/3110/34 2872/3112/122
f 2916/3157/120 2915/3156/121 2872/3112/122 2875/3115/115
f 2917/3158/114 2916/3157/120 2875/3115/115 2878/3118/109
f 2918/3159/103 2917/3158/114 2878/3118/109 2881/3121/104
f 2919/3160/99 2918/3159/103 2881/3121/104 2884/3124/100
f 2920/3161/96 2919/3160/99 2884/3124/100 2887/3127/91
f 2921/3162/90 2920/3161/96 2887/3127/91 2890/3130/87
f 2922/3163/79 2921/3162/90 2890/3130/87 2893/3133/80
f 2923/3164/76 2922/3163/79 2893/3133/80 2896/3136/77
f 2924/3165/72 2923/3164/76 2896/3136/77 2899/3139/67
f 2925/3166/66 2924/3165/72 2899/3139/67 2902/3142/64
f 2926/3167/55 2925/3166/66 2902/3142/64 2905/3145/56
f 2927/3153/54 2926/3168/55 2905/3150/56 2908/3149/49
f 2907/3102/20 2904/3148/8 2856/3097/58 2859/3096/51
f 2904/3144/8 2901/3141/19 2853/3088/62 2856/3091/58
f 2901/3141/19 2898/3138/18 2850/3085/69 2853/3088/62
f 2898/3138/18 2895/3135/17 2847/3082/73 2850/3085/69
f 2895/3135/17 2892/3132/16 2844/3079/82 2847/3082/73
f 2892/3132/16 2889/3129/30 2841/3076/85 2844/3079/82
f 2889/3129/30 2886/3126/29 2838/3073/93 2841/3076/85
f 2886/3126/29 2883/3123/28 2835/3070/102 2838/3073/93
f 2883/3123/28 2880/3120/27 2832/3067/106 2835/3070/102
f 2880/3120/27 2877/3117/26 2829/3064/111 2832/3067/106
f 2877/3117/26 2874/3114/25 2826/3061/117 2829/3064/111
f 2874/3114/25 2868/3108/24 2823/3050/124 2826/3061/117
f 2935/3169/124 2930/3170/37 2929/3171/40 2933/3172/125
f 2930/3170/37 2976/3173/38 2931/3174/39 2929/3171/40
f 2929/3171/40 2931/3174/39 3040/3175/41 2932/3176/42
f 2933/3172/125 2929/3171/40 2932/3176/42 2934/3177/126
f 2936/3178/118 2933/3172/125 2934/3177/126 2937/3179/119
f 2938/3180/117 2935/3169/124 2933/3172/125 2936/3178/118
f 2939/3181/112 2936/3178/118 2937/3179/119 2940/3182/113
f 2941/3183/111 2938/3180/117 2936/3178/118 2939/3181/112
f 2942/3184/107 2939/3181/112 2940/3182/113 2943/3185/108
f 2944/3186/106 2941/3183/111 2939/3181/112 2942/3184/107
f 2945/3187/97 2942/3184/107 2943/3185/108 2946/3188/98
f 2947/3189/102 2944/3186/106 2942/3184/107 2945/3187/97
f 2948/3190/94 2945/3187/97 2946/3188/98 2949/3191/95
f 2950/3192/93 2947/3189/102 2945/3187/97 2948/3190/94
f 2951/3193/86 2948/3190/94 2949/3191/95 2952/3194/89
f 2953/3195/85 2950/3192/93 2948/3190/94 2951/3193/86
f 2954/3196/83 2951/3193/86 2952/3194/89 2955/3197/84
f 2956/3198/82 2953/3195/85 2951/3193/86 2954/3196/83
f 2957/3199/74 2954/3196/83 2955/3197/84 2958/3200/75
f 2959/3201/73 2956/3198/82 2954/3196/83 2957/3199/74
f 2960/3202/70 2957/3199/74 2958/3200/75 2961/3203/71
f 2962/3204/69 2959/3201/73 2957/3199/74 2960/3202/70
f 2963/3205/63 2960/3202/70 2961/3203/71 2964/3206/65
f 2965/3207/62 2962/3204/69 2960/3202/70 2963/3205/63
f 2966/3208/59 2963/3205/63 2964/3206/65 2967/3209/60
f 2968/3210/58 2965/3207/62 2963/3205/63 2966/3208/59
f 2969/3211/52 2966/3212/59 2967/3213/60 2970/3214/53
f 2971/3215/51 2968/3216/58 2966/3212/59 2969/3211/52
f 2972/3217/46 2969/3211/52 2970/3214/53 2973/3218/47
f 2974/3219/45 2971/3215/51 2969/3211/52 2972/3217/46
f 2931/3174/39 2972/3217/46 2973/3218/47 3040/3175/41
f 2976/3173/38 2974/3219/45 2972/3217/46 2931/3174/39
f 2975/3220/21 3019/3221/20 2971/3215/51 2974/3219/45
f 2977/3222/22 2975/3220/21 2974/3219/45 2976/3173/38
f 2979/3223/23 2977/3222/22 2976/3173/38 2930/3170/37
f 2978/3224/36 3021/3225/44 2975/3220/21 2977/3222/22
f 2981/3226/35 2978/3224/36 2977/3222/22 2979/3223/23
f 2980/3227/24 2979/3223/23 2930/3170/37 2935/3169/124
f 2983/3228/123 2981/3226/35 2979/3223/23 2980/3227/24
f 2982/3229/34 3024/3230/33 2978/3224/36 2981/3226/35
f 2984/3231/122 2982/3229/34 2981/3226/35 2983/3228/123
f 2985/3232/116 2983/3228/123 2980/3227/24 2986/3233/25
f 2987/3234/115 2984/3231/122 2983/3228/123 2985/3232/116
f 2988/3235/110 2985/3232/116 2986/3233/25 2989/3236/26
f 2990/3237/109 2987/3234/115 2985/3232/116 2988/3235/110
f 2991/3238/105 2988/3235/110 2989/3236/26 2992/3239/27
f 2993/3240/104 2990/3237/109 2988/3235/110 2991/3238/105
f 2994/3241/101 2991/3238/105 2992/3239/27 2995/3242/28
f 2996/3243/100 2993/3240/104 2991/3238/105 2994/3241/101
f 2997/3244/92 2994/3241/101 2995/3242/28 2998/3245/29
f 2999/3246/91 2996/3243/100 2994/3241/101 2997/3244/92
f 3000/3247/88 2997/3244/92 2998/3245/29 3001/3248/30
f 3002/3249/87 2999/3246/91 2997/3244/92 3000/3247/88
f 3003/3250/81 3000/3247/88 3001/3248/30 3004/3251/16
f 3005/3252/80 3002/3249/87 3000/3247/88 3003/3250/81
f 3006/3253/78 3003/3250/81 3004/3251/16 3007/3254/17
f 3008/3255/77 3005/3252/80 3003/3250/81 3006/3253/78
f 3009/3256/68 3006/3253/78 3007/3254/17 3010/3257/18
f 3011/3258/67 3008/3255/77 3006/3253/78 3009/3256/68
f 3012/3259/61 3009/3256/68 3010/3257/18 3013/3260/19
f 3014/3261/64 3011/3258/67 3009/3256/68 3012/3259/61
f 3015/3262/57 3012/3259/61 3013/3260/19 3016/3263/8
f 3017/3264/56 3014/3261/64 3012/3259/61 3015/3262/57
f 3018/3265/50 3015/3266/57 3016/3267/8 3019/3221/20
f 3020/3268/49 3017/3269/56 3015/3266/57 3018/3265/50
f 3021/3225/44 3018/3265/50 3019/3221/20 2975/3220/21
f 3022/3270/43 3020/3268/49 3018/3265/50 3021/3225/44
f 3024/3230/33 3022/3270/43 3021/3225/44 2978/3224/36
f 3023/3271/48 3039/3272/54 3020/3268/49 3022/3270/43
f 3025/3273/32 3023/3271/48 3022/3270/43 3024/3230/33
f 3026/3274/31 3025/3273/32 3024/3230/33 2982/3229/34
f 3027/3275/121 3026/3274/31 2982/3229/34 2984/3231/122
f 3028/3276/120 3027/3275/121 2984/3231/122 2987/3234/115
f 3029/3277/114 3028/3276/120 2987/3234/115 2990/3237/109
f 3030/3278/103 3029/3277/114 2990/3237/109 2993/3240/104
f 3031/3279/99 3030/3278/103 2993/3240/104 2996/3243/100
f 3032/3280/96 3031/3279/99 2996/3243/100 2999/3246/91
f 3033/3281/90 3032/3280/96 2999/3246/91 3002/3249/87
f 3034/3282/79 3033/3281/90 3002/3249/87 3005/3252/80
f 3035/3283/76 3034/3282/79 3005/3252/80 3008/3255/77
f 3036/3284/72 3035/3283/76 3008/3255/77 3011/3258/67
f 3037/3285/66 3036/3284/72 3011/3258/67 3014/3261/64
f 3038/3286/55 3037/3285/66 3014/3261/64 3017/3264/56
f 3039/3272/54 3038/3287/55 3017/3269/56 3020/3268/49
f 3019/3221/20 3016/3267/8 2968/3216/58 2971/3215/51
f 3016/3263/8 3013/3260/19 2965/3207/62 2968/3210/58
f 3013/3260/19 3010/3257/18 2962/3204/69 2965/3207/62
f 3010/3257/18 3007/3254/17 2959/3201/73 2962/3204/69
f 3007/3254/17 3004/3251/16 2956/3198/82 2959/3201/73
f 3004/3251/16 3001/3248/30 2953/3195/85 2956/3198/82
f 3001/3248/30 2998/3245/29 2950/3192/93 2953/3195/85
f 2998/3245/29 2995/3242/28 2947/3189/102 2950/3192/93
f 2995/3242/28 2992/3239/27 2944/3186/106 2947/3189/102
f 2992/3239/27 2989/3236/26 2941/3183/111 2944/3186/106
f 2989/3236/26 2986/3233/25 2938/3180/117 2941/3183/111
f 2986/3233/25 2980/3227/24 2935/3169/124 2938/3180/117
f 3047/3288/124 3042/3289/37 3041/3290/40 3045/3291/125
f 3042/3289/37 3088/3292/38 3043/3293/39 3041/3290/40
f 3041/3290/40 3043/3293/39 3152/3294/41 3044/3295/42
f 3045/3291/125 3041/3290/40 3044/3295/42 3046/3296/126
f 3048/3297/118 3045/3291/125 3046/3296/126 3049/3298/119
f 3050/3299/117 3047/3288/124 3045/3291/125 3048/3297/118
f 3051/3300/112 3048/3297/118 3049/3298/119 3052/3301/113
f 3053/3302/111 3050/3299/117 3048/3297/118 3051/3300/112
f 3054/3303/107 3051/3300/112 3052/3301/113 3055/3304/108
f 3056/3305/106 3053/3302/111 3051/3300/112 3054/3303/107
f 3057/3306/97 3054/3303/107 3055/3304/108 3058/3307/98
f 3059/3308/102 3056/3305/106 3054/3303/107 3057/3306/97
f 3060/3309/94 3057/3306/97 3058/3307/98 3061/3310/95
f 3062/3311/93 3059/3308/102 3057/3306/97 3060/3309/94
f 3063/3312/86 3060/3309/94 3061/3310/95 3064/3313/89
f 3065/3314/85 3062/3311/93 3060/3309/94 3063/3312/86
f 3066/3315/83 3063/3312/86 3064/3313/89 3067/3316/84
f 3068/3317/82 3065/3314/85 3063/3312/86 3066/3315/83
f 3069/3318/74 3066/3315/83 3067/3316/84 3070/3319/75
f 3071/3320/73 3068/3317/82 3066/3315/83 3069/3318/74
f 3072/3321/70 3069/3318/74 3070/3319/75 3073/3322/71
f 3074/3323/69 3071/3320/73 3069/3318/74 3072/3321/70
f 3075/3324/63 3072/3321/70 3073/3322/71 3076/3325/65
f 3077/3326/62 3074/3323/69 3072/3321/70 3075/3324/63
f 3078/3327/59 3075/3324/63 3076/3325/65 3079/3328/60
f 3080/3329/58 3077/3326/62 3075/3324/63 3078/3327/59
f 3081/3330/52 3078/3331/59 3079/3332/60 3082/3333/53
f 3083/3334/51 3080/3335/58 3078/3331/59 3081/3330/52
f 3084/3336/46 3081/3330/52 3082/3333/53 3085/3337/47
f 3086/3338/45 3083/3334/51 3081/3330/52 3084/3336/46
f 3043/3293/39 3084/3336/46 3085/3337/47 3152/3294/41
f 3088/3292/38 3086/3338/45 3084/3336/46 3043/3293/39
f 3087/3339/21 3131/3340/20 3083/3334/51 3086/3338/45
f 3089/3341/22 3087/3339/21 3086/3338/45 3088/3292/38
f 3091/3342/23 3089/3341/22 3088/3292/38 3042/3289/37
f 3090/3343/36 3133/3344/44 3087/3339/21 3089/3341/22
f 3093/3345/35 3090/3343/36 3089/3341/22 3091/3342/23
f 3092/3346/24 3091/3342/23 3042/3289/37 3047/3288/124
f 3095/3347/123 3093/3345/35 3091/3342/23 3092/3346/24
f 3094/3348/34 3136/3349/33 3090/3343/36 3093/3345/35
f 3096/3350/122 3094/3348/34 3093/3345/35 3095/3347/123
f 3097/3351/116 3095/3347/123 3092/3346/24 3098/3352/25
f 3099/3353/115 3096/3350/122 3095/3347/123 3097/3351/116
f 3100/3354/110 3097/3351/116 3098/3352/25 3101/3355/26
f 3102/3356/109 3099/3353/115 3097/3351/116 3100/3354/110
f 3103/3357/105 3100/3354/110 3101/3355/26 3104/3358/27
f 3105/3359/104 3102/3356/109 3100/3354/110 3103/3357/105
f 3106/3360/101 3103/3357/105 3104/3358/27 3107/3361/28
f 3108/3362/100 3105/3359/104 3103/3357/105 3106/3360/101
f 3109/3363/92 3106/3360/101 3107/3361/28 3110/3364/29
f 3111/3365/91 3108/3362/100 3106/3360/101 3109/3363/92
f 3112/3366/88 3109/3363/92 3110/3364/29 3113/3367/30
f 3114/3368/87 3111/3365/91 3109/3363/92 3112/3366/88
f 3115/3369/81 3112/3366/88 3113/3367/30 3116/3370/16
f 3117/3371/80 3114/3368/87 3112/3366/88 3115/3369/81
f 3118/3372/78 3115/3369/81 3116/3370/16 3119/3373/17
f 3120/3374/77 3117/3371/80 3115/3369/81 3118/3372/78
f 3121/3375/68 3118/3372/78 3119/3373/17 3122/3376/18
f 3123/3377/67 3120/3374/77 3118/3372/78 3121/3375/68
f 3124/3378/61 3121/3375/68 3122/3376/18 3125/3379/19
f 3126/3380/64 3123/3377/67 3121/3375/68 3124/3378/61
f 3127/3381/57 3124/3378/61 3125/3379/19 3128/3382/8
f 3129/3383/56 3126/3380/64 3124/3378/61 3127/3381/57
f 3130/3384/50 3127/3385/57 3128/3386/8 3131/3340/20
f 3132/3387/49 3129/3388/56 3127/3385/57 3130/3384/50
f 3133/3344/44 3130/3384/50 3131/3340/20 3087/3339/21
f 3134/3389/43 3132/3387/49 3130/3384/50 3133/3344/44
f 3136/3349/33 3134/3389/43 3133/3344/44 3090/3343/36
f 3135/3390/48 3151/3391/54 3132/3387/49 3134/3389/43
f 3137/3392/32 3135/3390/48 3134/3389/43 3136/3349/33
f 3138/3393/31 3137/3392/32 3136/3349/33 3094/3348/34
f 3139/3394/121 3138/3393/31 3094/3348/34 3096/3350/122
f 3140/3395/120 3139/3394/121 3096/3350/122 3099/3353/115
f 3141/3396/114 3140/3395/120 3099/3353/115 3102/3356/109
f 3142/3397/103 3141/3396/114 3102/3356/109 3105/3359/104
f 3143/3398/99 3142/3397/103 3105/3359/104 3108/3362/100
f 3144/3399/96 3143/3398/99 3108/3362/100 3111/3365/91
f 3145/3400/90 3144/3399/96 3111/3365/91 3114/3368/87
f 3146/3401/79 3145/3400/90 3114/3368/87 3117/3371/80
f 3147/3402/76 3146/3401/79 3117/3371/80 3120/3374/77
f 3148/3403/72 3147/3402/76 3120/3374/77 3123/3377/67
f 3149/3404/66 3148/3403/72 3123/3377/67 3126/3380/64
f 3150/3405/55 3149/3404/66 3126/3380/64 3129/3383/56
f 3151/3391/54 3150/3406/55 3129/3388/56 3132/3387/49
f 3131/3340/20 3128/3386/8 3080/3335/58 3083/3334/51
f 3128/3382/8 3125/3379/19 3077/3326/62 3080/3329/58
f 3125/3379/19 3122/3376/18 3074/3323/69 3077/3326/62
f 3122/3376/18 3119/3373/17 3071/3320/73 3074/3323/69
f 3119/3373/17 3116/3370/16 3068/3317/82 3071/3320/73
f 3116/3370/16 3113/3367/30 3065/3314/85 3068/3317/82
f 3113/3367/30 3110/3364/29 3062/3311/93 3065/3314/85
f 3110/3364/29 3107/3361/28 3059/3308/102 3062/3311/93
f 3107/3361/28 3104/3358/27 3056/3305/106 3059/3308/102
f 3104/3358/27 3101/3355/26 3053/3302/111 3056/3305/106
f 3101/3355/26 3098/3352/25 3050/3299/117 3053/3302/111
f 3098/3352/25 3092/3346/24 3047/3288/124 3050/3299/117
f 3159/3407/124 3154/3408/37 3153/3409/40 3157/3410/125
f 3154/3408/37 3200/3411/38 3155/3412/39 3153/3409/40
f 3153/3409/40 3155/3412/39 3264/3413/41 3156/3414/42
f 3157/3410/125 3153/3409/40 3156/3414/42 3158/3415/126
f 3160/3416/118 3157/3410/125 3158/3415/126 3161/3417/119
f 3162/3418/117 3159/3407/124 3157/3410/125 3160/3416/118
f 3163/3419/112 3160/3416/118 3161/3417/119 3164/3420/113
f 3165/3421/111 3162/3418/117 3160/3416/118 3163/3419/112
f 3166/3422/107 3163/3419/112 3164/3420/113 3167/3423/108
f 3168/3424/106 3165/3421/111 3163/3419/112 3166/3422/107
f 3169/3425/97 3166/3422/107 3167/3423/108 3170/3426/98
f 3171/3427/102 3168/3424/106 3166/3422/107 3169/3425/97
f 3172/3428/94 3169/3425/97 3170/3426/98 3173/3429/95
f 3174/3430/93 3171/3427/102 3169/3425/97 3172/3428/94
f 3175/3431/86 3172/3428/94 3173/3429/95 3176/3432/89
f 3177/3433/85 3174/3430/93 3172/3428/94 3175/3431/86
f 3178/3434/83 3175/3431/86 3176/3432/89 3179/3435/84
f 3180/3436/82 3177/3433/85 3175/3431/86 3178/3434/83
f 3181/3437/74 3178/3434/83 3179/3435/84 3182/3438/75
f 3183/3439/73 3180/3436/82 3178/3434/83 3181/3437/74
f 3184/3440/70 3181/3437/74 3182/3438/75 3185/3441/71
f 3186/3442/69 3183/3439/73 3181/3437/74 3184/3440/70
f 3187/3443/63 3184/3440/70 3185/3441/71 3188/3444/65
f 3189/3445/62 3186/3442/69 3184/3440/70 3187/3443/63
f 3190/3446/59 3187/3443/63 3188/3444/65 3191/3447/60
f 3192/3448/58 3189/3445/62 3187/3443/63 3190/3446/59
f 3193/3449/52 3190/3450/59 3191/3451/60 3194/3452/53
f 3195/3453/51 3192/3454/58 3190/3450/59 3193/3449/52
f 3196/3455/46 3193/3449/52 3194/3452/53 3197/3456/47
f 3198/3457/45 3195/3453/51 3193/3449/52 3196/3455/46
f 3155/3412/39 3196/3455/46 3197/3456/47 3264/3413/41
f 3200/3411/38 3198/3457/45 3196/3455/46 3155/3412/39
f 3199/3458/21 3243/3459/20 3195/3453/51 3198/3457/45
f 3201/3460/22 3199/3458/21 3198/3457/45 3200/3411/38
f 3203/3461/23 3201/3460/22 3200/3411/38 3154/3408/37
f 3202/3462/36 3245/3463/44 3199/3458/21 3201/3460/22
f 3205/3464/35 3202/3462/36 3201/3460/22 3203/3461/23
f 3204/3465/24 3203/3461/23 3154/3408/37 3159/3407/124
f 3207/3466/123 3205/3464/35 3203/3461/23 3204/3465/24
f 3206/3467/34 3248/3468/33 3202/3462/36 3205/3464/35
f 3208/3469/122 3206/3467/34 3205/3464/35 3207/3466/123
f 3209/3470/116 3207/3466/123 3204/3465/24 3210/3471/25
f 3211/3472/115 3208/3469/122 3207/3466/123 3209/3470/116
f 3212/3473/110 3209/3470/116 3210/3471/25 3213/3474/26
f 3214/3475/109 3211/3472/115 3209/3470/116 3212/3473/110
f 3215/3476/105 3212/3473/110 3213/3474/26 3216/3477/27
f 3217/3478/104 3214/3475/109 3212/3473/110 3215/3476/105
f 3218/3479/101 3215/3476/105 3216/3477/27 3219/3480/28
f 3220/3481/100 3217/3478/104 3215/3476/105 3218/3479/101
f 3221/3482/92 3218/3479/101 3219/3480/28 3222/3483/29
f 3223/3484/91 3220/3481/100 3218/3479/101 3221/3482/92
f 3224/3485/88 3221/3482/92 3222/3483/29 3225/3486/30
f 3226/3487/87 3223/3484/91 3221/3482/92 3224/3485/88
f 3227/3488/81 3224/3485/88 3225/3486/30 3228/3489/16
f 3229/3490/80 3226/3487/87 3224/3485/88 3227/3488/81
f 3230/3491/78 3227/3488/81 3228/3489/16 3231/3492/17
f 3232/3493/77 3229/3490/80 3227/3488/81 3230/3491/78
f 3233/3494/68 3230/3491/78 3231/3492/17 3234/3495/18
f 3235/3496/67 3232/3493/77 3230/3491/78 3233/3494/68
f 3236/3497/61 3233/3494/68 3234/3495/18 3237/3498/19
f 3238/3499/64 3235/3496/67 3233/3494/68 3236/3497/61
f 3239/3500/57 3236/3497/61 3237/3498/19 3240/3501/8
f 3241/3502/56 3238/3499/64 3236/3497/61 3239/3500/57
f 3242/3503/50 3239/3504/57 3240/3505/8 3243/3459/20
f 3244/3506/49 3241/3507/56 3239/3504/57 3242/3503/50
f 3245/3463/44 3242/3503/50 3243/3459/20 3199/3458/21
f 3246/3508/43 3244/3506/49 3242/3503/50 3245/3463/44
f 3248/3468/33 3246/3508/43 3245/3463/44 3202/3462/36
f 3247/3509/48 3263/3510/54 3244/3506/49 3246/3508/43
f 3249/3511/32 3247/3509/48 3246/3508/43 3248/3468/33
f 3250/3512/31 3249/3511/32 3248/3468/33 3206/3467/34
f 3251/3513/121 3250/3512/31 3206/3467/34 3208/3469/122
f 3252/3514/120 3251/3513/121 3208/3469/122 3211/3472/115
f 3253/3515/114 3252/3514/120 3211/3472/115 3214/3475/109
f 3254/3516/103 3253/3515/114 3214/3475/109 3217/3478/104
f 3255/3517/99 3254/3516/103 3217/3478/104 3220/3481/100
f 3256/3518/96 3255/3517/99 3220/3481/100 3223/3484/91
f 3257/3519/90 3256/3518/96 3223/3484/91 3226/3487/87
f 3258/3520/79 3257/3519/90 3226/3487/87 3229/3490/80
f 3259/3521/76 3258/3520/79 3229/3490/80 3232/3493/77
f 3260/3522/72 3259/3521/76 3232/3493/77 3235/3496/67
f 3261/3523/66 3260/3522/72 3235/3496/67 3238/3499/64
f 3262/3524/55 3261/3523/66 3238/3499/64 3241/3502/56
f 3263/3510/54 3262/3525/55 3241/3507/56 3244/3506/49
f 3243/3459/20 3240/3505/8 3192/3454/58 3195/3453/51
f 3240/3501/8 3237/3498/19 3189/3445/62 3192/3448/58
f 3237/3498/19 3234/3495/18 3186/3442/69 3189/3445/62
f 3234/3495/18 3231/3492/17 3183/3439/73 3186/3442/69
f 3231/3492/17 3228/3489/16 3180/3436/82 3183/3439/73
f 3228/3489/16 3225/3486/30 3177/3433/85 3180/3436/82
f 3225/3486/30 3222/3483/29 3174/3430/93 3177/3433/85
f 3222/3483/29 3219/3480/28 3171/3427/102 3174/3430/93
f 3219/3480/28 3216/3477/27 3168/3424/106 3171/3427/102
f 3216/3477/27 3213/3474/26 3165/3421/111 3168/3424/106
f 3213/3474/26 3210/3471/25 3162/3418/117 3165/3421/111
f 3210/3471/25 3204/3465/24 3159/3407/124 3162/3418/117
f 3271/3526/124 3266/3527/37 3265/3528/40 3269/3529/125
f 3266/3527/37 3312/3530/38 3267/3531/39 3265/3528/40
f 3265/3528/40 3267/3531/39 3376/3532/41 3268/3533/42
f 3269/3529/125 3265/3528/40 3268/3533/42 3270/3534/126
f 3272/3535/118 3269/3529/125 3270/3534/126 3273/3536/119
f 3274/3537/117 3271/3526/124 3269/3529/125 3272/3535/118
f 3275/3538/112 3272/3535/118 3273/3536/119 3276/3539/113
f 3277/3540/111 3274/3537/117 3272/3535/118 3275/3538/112
f 3278/3541/107 3275/3538/112 3276/3539/113 3279/3542/108
f 3280/3543/106 3277/3540/111 3275/3538/112 3278/3541/107
f 3281/3544/97 3278/3541/107 3279/3542/108 3282/3545/98
f 3283/3546/102 3280/3543/106 3278/3541/107 3281/3544/97
f 3284/3547/94 3281/3544/97 3282/3545/98 3285/3548/95
f 3286/3549/93 3283/3546/102 3281/3544/97 3284/3547/94
f 3287/3550/86 3284/3547/94 3285/3548/95 3288/3551/89
f 3289/3552/85 3286/3549/93 3284/3547/94 3287/3550/86
f 3290/3553/83 3287/3550/86 3288/3551/89 3291/3554/84
f 3292/3555/82 3289/3552/85 3287/3550/86 3290/3553/83
f 3293/3556/74 3290/3553/83 3291/3554/84 3294/3557/75
f 3295/3558/73 3292/3555/82 3290/3553/83 3293/3556/74
f 3296/3559/70 3293/3556/74 3294/3557/75 3297/3560/71
f 3298/3561/69 3295/3558/73 3293/3556/74 3296/3559/70
f 3299/3562/63 3296/3559/70 3297/3560/71 3300/3563/65
f 3301/3564/62 3298/3561/69 3296/3559/70 3299/3562/63
f 3302/3565/59 3299/3562/63 3300/3563/65 3303/3566/60
f 3304/3567/58 3301/3564/62 3299/3562/63 3302/3565/59
f 3305/3568/52 3302/3569/59 3303/3570/60 3306/3571/53
f 3307/3572/51 3304/3573/58 3302/3569/59 3305/3568/52
f 3308/3574/46 3305/3568/52 3306/3571/53 3309/3575/47
f 3310/3576/45 3307/3572/51 3305/3568/52 3308/3574/46
f 3267/3531/39 3308/3574/46 3309/3575/47 3376/3532/41
f 3312/3530/38 3310/3576/45 3308/3574/46 3267/3531/39
f 3311/3577/21 3355/3578/20 3307/3572/51 3310/3576/45
f 3313/3579/22 3311/3577/21 3310/3576/45 3312/3530/38
f 3315/3580/23 3313/3579/22 3312/3530/38 3266/3527/37
f 3314/3581/36 3357/3582/44 3311/3577/21 3313/3579/22
f 3317/3583/35 3314/3581/36 3313/3579/22 3315/3580/23
f 3316/3584/24 3315/3580/23 3266/3527/37 3271/3526/124
f 3319/3585/123 3317/3583/35 3315/3580/23 3316/3584/24
f 3318/3586/34 3360/3587/33 3314/3581/36 3317/3583/35
f 3320/3588/122 3318/3586/34 3317/3583/35 3319/3585/123
f 3321/3589/116 3319/3585/123 3316/3584/24 3322/3590/25
f 3323/3591/115 3320/3588/122 3319/3585/123 3321/3589/116
f 3324/3592/110 3321/3589/116 3322/3590/25 3325/3593/26
f 3326/3594/109 3323/3591/115 3321/3589/116 3324/3592/110
f 3327/3595/105 3324/3592/110 3325/3593/26 3328/3596/27
f 3329/3597/104 3326/3594/109 3324/3592/110 3327/3595/105
f 3330/3598/101 3327/3595/105 3328/3596/27 3331/3599/28
f 3332/3600/100 3329/3597/104 3327/3595/105 3330/3598/101
f 3333/3601/92 3330/3598/101 3331/3599/28 3334/3602/29
f 3335/3603/91 3332/3600/100 3330/3598/101 3333/3601/92
f 3336/3604/88 3333/3601/92 3334/3602/29 3337/3605/30
f 3338/3606/87 3335/3603/91 3333/3601/92 3336/3604/88
f 3339/3607/81 3336/3604/88 3337/3605/30 3340/3608/16
f 3341/3609/80 3338/3606/87 3336/3604/88 3339/3607/81
f 3342/3610/78 3339/3607/81 3340/3608/16 3343/3611/17
f 3344/3612/77 3341/3609/80 3339/3607/81 3342/3610/78
f 3345/3613/68 3342/3610/78 3343/3611/17 3346/3614/18
f 3347/3615/67 3344/3612/77 3342/3610/78 3345/3613/68
f 3348/3616/61 3345/3613/68 3346/3614/18 3349/3617/19
f 3350/3618/64 3347/3615/67 3345/3613/68 3348/3616/61
f 3351/3619/57 3348/3616/61 3349/3617/19 3352/3620/8
f 3353/3621/56 3350/3618/64 3348/3616/61 3351/3619/57
f 3354/3622/50 3351/3623/57 3352/3624/8 3355/3578/20
f 3356/3625/49 3353/3626/56 3351/3623/57 3354/3622/50
f 3357/3582/44 3354/3622/50 3355/3578/20 3311/3577/21
f 3358/3627/43 3356/3625/49 3354/3622/50 3357/3582/44
f 3360/3587/33 3358/3627/43 3357/3582/44 3314/3581/36
f 3359/3628/48 3375/3629/54 3356/3625/49 3358/3627/43
f 3361/3630/32 3359/3628/48 3358/3627/43 3360/3587/33
f 3362/3631/31 3361/3630/32 3360/3587/33 3318/3586/34
f 3363/3632/121 3362/3631/31 3318/3586/34 3320/3588/122
f 3364/3633/120 3363/3632/121 3320/3588/122 3323/3591/115
f 3365/3634/114 3364/3633/120 3323/3591/115 3326/3594/109
f 3366/3635/103 3365/3634/114 3326/3594/109 3329/3597/104
f 3367/3636/99 3366/3635/103 3329/3597/104 3332/3600/100
f 3368/3637/96 3367/3636/99 3332/3600/100 3335/3603/91
f 3369/3638/90 3368/3637/96 3335/3603/91 3338/3606/87
f 3370/3639/79 3369/3638/90 3338/3606/87 3341/3609/80
f 3371/3640/76 3370/3639/79 3341/3609/80 3344/3612/77
f 3372/3641/72 3371/3640/76 3344/3612/77 3347/3615/67
f 3373/3642/66 3372/3641/72 3347/3615/67 3350/3618/64
f 3374/3643/55 3373/3642/66 3350/3618/64 3353/3621/56
f 3375/3629/54 3374/3644/55 3353/3626/56 3356/3625/49
f 3355/3578/20 3352/3624/8 3304/3573/58 3307/3572/51
f 3352/3620/8 3349/3617/19 3301/3564/62 3304/3567/58
f 3349/3617/19 3346/3614/18 3298/3561/69 3301/3564/62
f 3346/3614/18 3343/3611/17 3295/3558/73 3298/3561/69
f 3343/3611/17 3340/3608/16 3292/3555/82 3295/3558/73
f 3340/3608/16 3337/3605/30 3289/3552/85 3292/3555/82
f 3337/3605/30 3334/3602/29 3286/3549/93 3289/3552/85
f 3334/3602/29 3331/3599/28 3283/3546/102 3286/3549/93
f 3331/3599/28 3328/3596/27 3280/3543/106 3283/3546/102
f 3328/3596/27 3325/3593/26 3277/3540/111 3280/3543/106
f 3325/3593/26 3322/3590/25 3274/3537/117 3277/3540/111
f 3322/3590/25 3316/3584/24 3271/3526/124 3274/3537/117
f 3383/3645/124 3378/3646/37 3377/3647/40 3381/3648/125
f 3378/3646/37 3424/3649/38 3379/3650/39 3377/3647/40
f 3377/3647/40 3379/3650/39 3488/3651/41 3380/3652/42
f 3381/3648/125 3377/3647/40 3380/3652/42 3382/3653/126
f 3384/3654/118 3381/3648/125 3382/3653/126 3385/3655/119
f 3386/3656/117 3383/3645/124 3381/3648/125 3384/3654/118
f 3387/3657/112 3384/3654/118 3385/3655/119 3388/3658/113
f 3389/3659/111 3386/3656/117 3384/3654/118 3387/3657/112
f 3390/3660/107 3387/3657/112 3388/3658/113 3391/3661/108
f 3392/3662/106 3389/3659/111 3387/3657/112 3390/3660/107
f 3393/3663/97 3390/3660/107 3391/3661/108 3394/3664/98
f 3395/3665/102 3392/3662/106 3390/3660/107 3393/3663/97
f 3396/3666/94 3393/3663/97 3394/3664/98 3397/3667/95
f 3398/3668/93 3395/3665/102 3393/3663/97 3396/3666/94
f 3399/3669/86 3396/3666/94 3397/3667/95 3400/3670/89
f 3401/3671/85 3398/3668/93 3396/3666/94 3399/3669/86
f 3402/3672/83 3399/3669/86 3400/3670/89 3403/3673/84
f 3404/3674/82 3401/3671/85 3399/3669/86 3402/3672/83
f 3405/3675/74 3402/3672/83 3403/3673/84 3406/3676/75
f 3407/3677/73 3404/3674/82 3402/3672/83 3405/3675/74
f 3408/3678/70 3405/3675/74 3406/3676/75 3409/3679/71
f 3410/3680/69 3407/3677/73 3405/3675/74 3408/3678/70
f 3411/3681/63 3408/3678/70 3409/3679/71 3412/3682/65
f 3413/3683/62 3410/3680/69 3408/3678/70 3411/3681/63
f 3414/3684/59 3411/3681/63 3412/3682/65 3415/3685/60
f 3416/3686/58 3413/3683/62 3411/3681/63 3414/3684/59
f 3417/3687/52 3414/3688/59 3415/3689/60 3418/3690/53
f 3419/3691/51 3416/3692/58 3414/3688/59 3417/3687/52
f 3420/3693/46 3417/3687/52 3418/3690/53 3421/3694/47
f 3422/3695/45 3419/3691/51 3417/3687/52 3420/3693/46
f 3379/3650/39 3420/3693/46 3421/3694/47 3488/3651/41
f 3424/3649/38 3422/3695/45 3420/3693/46 3379/3650/39
f 3423/3696/21 3467/3697/20 3419/3691/51 3422/3695/45
f 3425/3698/22 3423/3696/21 3422/3695/45 3424/3649/38
f 3427/3699/23 3425/3698/22 3424/3649/38 3378/3646/37
f 3426/3700/36 3469/3701/44 3423/3696/21 3425/3698/22
f 3429/3702/35 3426/3700/36 3425/3698/22 3427/3699/23
f 3428/3703/24 3427/3699/23 3378/3646/37 3383/3645/124
f 3431/3704/123 3429/3702/35 3427/3699/23 3428/3703/24
f 3430/3705/34 3472/3706/33 3426/3700/36 3429/3702/35
f 3432/3707/122 3430/3705/34 3429/3702/35 3431/3704/123
f 3433/3708/116 3431/3704/123 3428/3703/24 3434/3709/25
f 3435/3710/115 3432/3707/122 3431/3704/123 3433/3708/116
f 3436/3711/110 3433/3708/116 3434/3709/25 3437/3712/26
f 3438/3713/109 3435/3710/115 3433/3708/116 3436/3711/110
f 3439/3714/105 3436/3711/110 3437/3712/26 3440/3715/27
f 3441/3716/104 3438/3713/109 3436/3711/110 3439/3714/105
f 3442/3717/101 3439/3714/105 3440/3715/27 3443/3718/28
f 3444/3719/100 3441/3716/104 3439/3714/105 3442/3717/101
f 3445/3720/92 3442/3717/101 3443/3718/28 3446/3721/29
f 3447/3722/91 3444/3719/100 3442/3717/101 3445/3720/92
f 3448/3723/88 3445/3720/92 3446/3721/29 3449/3724/30
f 3450/3725/87 3447/3722/91 3445/3720/92 3448/3723/88
f 3451/3726/81 3448/3723/88 3449/3724/30 3452/3727/16
f 3453/3728/80 3450/3725/87 3448/3723/88 3451/3726/81
f 3454/3729/78 3451/3726/81 3452/3727/16 3455/3730/17
f 3456/3731/77 3453/3728/80 3451/3726/81 3454/3729/78
f 3457/3732/68 3454/3729/78 3455/3730/17 3458/3733/18
f 3459/3734/67 3456/3731/77 3454/3729/78 3457/3732/68
f 3460/3735/61 3457/3732/68 3458/3733/18 3461/3736/19
f 3462/3737/64 3459/3734/67 3457/3732/68 3460/3735/61
f 3463/3738/57 3460/3735/61 3461/3736/19 3464/3739/8
f 3465/3740/56 3462/3737/64 3460/3735/61 3463/3738/57
f 3466/3741/50 3463/3742/57 3464/3743/8 3467/3697/20
f 3468/3744/49 3465/3745/56 3463/3742/57 3466/3741/50
f 3469/3701/44 3466/3741/50 3467/3697/20 3423/3696/21
f 3470/3746/43 3468/3744/49 3466/3741/50 3469/3701/44
f 3472/3706/33 3470/3746/43 3469/3701/44 3426/3700/36
f 3471/3747/48 3487/3748/54 3468/3744/49 3470/3746/43
f 3473/3749/32 3471/3747/48 3470/3746/43 3472/3706/33
f 3474/3750/31 3473/3749/32 3472/3706/33 3430/3705/34
f 3475/3751/121 3474/3750/31 3430/3705/34 3432/3707/122
f 3476/3752/120 3475/3751/121 3432/3707/122 3435/3710/115
f 3477/3753/114 3476/3752/120 3435/3710/115 3438/3713/109
f 3478/3754/103 3477/3753/114 3438/3713/109 3441/3716/104
f 3479/3755/99 3478/3754/103 3441/3716/104 3444/3719/100
f 3480/3756/96 3479/3755/99 3444/3719/100 3447/3722/91
f 3481/3757/90 3480/3756/96 3447/3722/91 3450/3725/87
f 3482/3758/79 3481/3757/90 3450/3725/87 3453/3728/80
f 3483/3759/76 3482/3758/79 3453/3728/80 3456/3731/77
f 3484/3760/72 3483/3759/76 3456/3731/77 3459/3734/67
f 3485/3761/66 3484/3760/72 3459/3734/67 3462/3737/64
f 3486/3762/55 3485/3761/66 3462/3737/64 3465/3740/56
f 3487/3748/54 3486/3763/55 3465/3745/56 3468/3744/49
f 3467/3697/20 3464/3743/8 3416/3692/58 3419/3691/51
f 3464/3739/8 3461/3736/19 3413/3683/62 3416/3686/58
f 3461/3736/19 3458/3733/18 3410/3680/69 3413/3683/62
f 3458/3733/18 3455/3730/17 3407/3677/73 3410/3680/69
f 3455/3730/17 3452/3727/16 3404/3674/82 3407/3677/73
f 3452/3727/16 3449/3724/30 3401/3671/85 3404/3674/82
f 3449/3724/30 3446/3721/29 3398/3668/93 3401/3671/85
f 3446/3721/29 3443/3718/28 3395/3665/102 3398/3668/93
f 3443/3718/28 3440/3715/27 3392/3662/106 3395/3665/102
f 3440/3715/27 3437/3712/26 3389/3659/111 3392/3662/106
f 3437/3712/26 3434/3709/25 3386/3656/117 3389/3659/111
f 3434/3709/25 3428/3703/24 3383/3645/124 3386/3656/117
f 3495/3764/124 3490/3765/37 3489/3766/40 3493/3767/125
f 3490/3765/37 3536/3768/38 3491/3769/39 3489/3766/40
f 3489/3766/40 3491/3769/39 3600/3770/41 3492/3771/42
f 3493/3767/125 3489/3766/40 3492/3771/42 3494/3772/126
f 3496/3773/118 3493/3767/125 3494/3772/126 3497/3774/119
f 3498/3775/117 3495/3764/124 3493/3767/125 3496/3773/118
f 3499/3776/112 3496/3773/118 3497/3774/119 3500/3777/113
f 3501/3778/111 3498/3775/117 3496/3773/118 3499/3776/112
f 3502/3779/107 3499/3776/112 3500/3777/113 3503/3780/108
f 3504/3781/106 3501/3778/111 3499/3776/112 3502/3779/107
f 3505/3782/97 3502/3779/107 3503/3780/108 3506/3783/98
f 3507/3784/102 3504/3781/106 3502/3779/107 3505/3782/97
f 3508/3785/94 3505/3782/97 3506/3783/98 3509/3786/95
f 3510/3787/93 3507/3784/102 3505/3782/97 3508/3785/94
f 3511/3788/86 3508/3785/94 3509/3786/95 3512/3789/89
f 3513/3790/85 3510/3787/93 3508/3785/94 3511/3788/86
f 3514/3791/83 3511/3788/86 3512/3789/89 3515/3792/84
f 3516/3793/82 3513/3790/85 3511/3788/86 3514/3791/83
f 3517/3794/74 3514/3791/83 3515/3792/84 3518/3795/75
f 3519/3796/73 3516/3793/82 3514/3791/83 3517/3794/74
f 3520/3797/70 3517/3794/74 3518/3795/75 3521/3798/71
f 3522/3799/69 3519/3796/73 3517/3794/74 3520/3797/70
f 3523/3800/63 3520/3797/70 3521/3798/71 3524/3801/65
f 3525/3802/62 3522/3799/69 3520/3797/70 3523/3800/63
f 3526/3803/59 3523/3800/63 3524/3801/65 3527/3804/60
f 3528/3805/58 3525/3802/62 3523/3800/63 3526/3803/59
f 3529/3806/52 3526/3807/59 3527/3808/60 3530/3809/53
f 3531/3810/51 3528/3811/58 3526/3807/59 3529/3806/52
f 3532/3812/46 3529/3806/52 3530/3809/53 3533/3813/47
f 3534/3814/45 3531/3810/51 3529/3806/52 3532/3812/46
f 3491/3769/39 3532/3812/46 3533/3813/47 3600/3770/41
f 3536/3768/38 3534/3814/45 3532/3812/46 3491/3769/39
f 3535/3815/21 3579/3816/20 3531/3810/51 3534/3814/45
f 3537/3817/22 3535/3815/21 3534/3814/45 3536/3768/38
f 3539/3818/23 3537/3817/22 3536/3768/38 3490/3765/37
f 3538/3819/36 3581/3820/44 3535/3815/21 3537/3817/22
f 3541/3821/35 3538/3819/36 3537/3817/22 3539/3818/23
f 3540/3822/24 3539/3818/23 3490/3765/37 3495/3764/124
f 3543/3823/123 3541/3821/35 3539/3818/23 3540/3822/24
f 3542/3824/34 3584/3825/33 3538/3819/36 3541/3821/35
f 3544/3826/122 3542/3824/34 3541/3821/35 3543/3823/123
f 3545/3827/116 3543/3823/123 3540/3822/24 3546/3828/25
f 3547/3829/115 3544/3826/122 3543/3823/123 3545/3827/116
f 3548/3830/110 3545/3827/116 3546/3828/25 3549/3831/26
f 3550/3832/109 3547/3829/115 3545/3827/116 3548/3830/110
f 3551/3833/105 3548/3830/110 3549/3831/26 3552/3834/27
f 3553/3835/104 3550/3832/109 3548/3830/110 3551/3833/105
f 3554/3836/101 3551/3833/105 3552/3834/27 3555/3837/28
f 3556/3838/100 3553/3835/104 3551/3833/105 3554/3836/101
f 3557/3839/92 3554/3836/101 3555/3837/28 3558/3840/29
f 3559/3841/91 3556/3838/100 3554/3836/101 3557/3839/92
f 3560/3842/88 3557/3839/92 3558/3840/29 3561/3843/30
f 3562/3844/87 3559/3841/91 3557/3839/92 3560/3842/88
f 3563/3845/81 3560/3842/88 3561/3843/30 3564/3846/16
f 3565/3847/80 3562/3844/87 3560/3842/88 3563/3845/81
f 3566/3848/78 3563/3845/81 3564/3846/16 3567/3849/17
f 3568/3850/77 3565/3847/80 3563/3845/81 3566/3848/78
f 3569/3851/68 3566/3848/78 3567/3849/17 3570/3852/18
f 3571/3853/67 3568/3850/77 3566/3848/78 3569/3851/68
f 3572/3854/61 3569/3851/68 3570/3852/18 3573/3855/19
f 3574/3856/64 3571/3853/67 3569/3851/68 3572/3854/61
f 3575/3857/57 3572/3854/61 3573/3855/19 3576/3858/8
f 3577/3859/56 3574/3856/64 3572/3854/61 3575/3857/57
f 3578/3860/50 3575/3861/57 3576/3862/8 3579/3816/20
f 3580/3863/49 3577/3864/56 3575/3861/57 3578/3860/50
f 3581/3820/44 3578/3860/50 3579/3816/20 3535/3815/21
f 3582/3865/43 3580/3863/49 3578/3860/50 3581/3820/44
f 3584/3825/33 3582/3865/43 3581/3820/44 3538/3819/36
f 3583/3866/48 3599/3867/54 3580/3863/49 3582/3865/43
f 3585/3868/32 3583/3866/48 3582/3865/43 3584/3825/33
f 3586/3869/31 3585/3868/32 3584/3825/33 3542/3824/34
f 3587/3870/121 3586/3869/31 3542/3824/34 3544/3826/122
f 3588/3871/120 3587/3870/121 3544/3826/122 3547/3829/115
f 3589/3872/114 3588/3871/120 3547/3829/115 3550/3832/109
f 3590/3873/103 3589/3872/114 3550/3832/109 3553/3835/104
f 3591/3874/99 3590/3873/103 3553/3835/104 3556/3838/100
f 3592/3875/96 3591/3874/99 3556/3838/100 3559/3841/91
f 3593/3876/90 3592/3875/96 3559/3841/91 3562/3844/87
f 3594/3877/79 3593/3876/90 3562/3844/87 3565/3847/80
f 3595/3878/76 3594/3877/79 3565/3847/80 3568/3850/77
f 3596/3879/72 3595/3878/76 3568/3850/77 3571/3853/67
f 3597/3880/66 3596/3879/72 3571/3853/67 3574/3856/64
f 3598/3881/55 3597/3880/66 3574/3856/64 3577/3859/56
f 3599/3867/54 3598/3882/55 3577/3864/56 3580/3863/49
f 3579/3816/20 3576/3862/8 3528/3811/58 3531/3810/51
f 3576/3858/8 3573/3855/19 3525/3802/62 3528/3805/58
f 3573/3855/19 3570/3852/18 3522/3799/69 3525/3802/62
f 3570/3852/18 3567/3849/17 3519/3796/73 3522/3799/69
f 3567/3849/17 3564/3846/16 3516/3793/82 3519/3796/73
f 3564/3846/16 3561/3843/30 3513/3790/85 3516/3793/82
f 3561/3843/30 3558/3840/29 3510/3787/93 3513/3790/85
f 3558/3840/29 3555/3837/28 3507/3784/102 3510/3787/93
f 3555/3837/28 3552/3834/27 3504/3781/106 3507/3784/102
f 3552/3834/27 3549/3831/26 3501/3778/111 3504/3781/106
f 3549/3831/26 3546/3828/25 3498/3775/117 3501/3778/111
f 3546/3828/25 3540/3822/24 3495/3764/124 3498/3775/117
f 3607/3883/124 3602/3884/37 3601/3885/40 3605/3886/125
f 3602/3884/37 3648/3887/38 3603/3888/39 3601/3885/40
f 3601/3885/40 3603/3888/39 3712/3889/41 3604/3890/42
f 3605/3886/125 3601/3885/40 3604/3890/42 3606/3891/126
f 3608/3892/118 3605/3886/125 3606/3891/126 3609/3893/119
f 3610/3894/117 3607/3883/124 3605/3886/125 3608/3892/118
f 3611/3895/112 3608/3892/118 3609/3893/119 3612/3896/113
f 3613/3897/111 3610/3894/117 3608/3892/118 3611/3895/112
f 3614/3898/107 3611/3895/112 3612/3896/113 3615/3899/108
f 3616/3900/106 3613/3897/111 3611/3895/112 3614/3898/107
f 3617/3901/97 3614/3898/107 3615/3899/108 3618/3902/98
f 3619/3903/102 3616/3900/106 3614/3898/107 3617/3901/97
f 3620/3904/94 3617/3901/97 3618/3902/98 3621/3905/95
f 3622/3906/93 3619/3903/102 3617/3901/97 3620/3904/94
f 3623/3907/86 3620/3904/94 3621/3905/95 3624/3908/89
f 3625/3909/85 3622/3906/93 3620/3904/94 3623/3907/86
f 3626/3910/83 3623/3907/86 3624/3908/89 3627/3911/84
f 3628/3912/82 3625/3909/85 3623/3907/86 3626/3910/83
f 3629/3913/74 3626/3910/83 3627/3911/84 3630/3914/75
f 3631/3915/73 3628/3912/82 3626/3910/83 3629/3913/74
f 3632/3916/70 3629/3913/74 3630/3914/75 3633/3917/71
f 3634/3918/69 3631/3915/73 3629/3913/74 3632/3916/70
f 3635/3919/63 3632/3916/70 3633/3917/71 3636/3920/65
f 3637/3921/62 3634/3918/69 3632/3916/70 3635/3919/63
f 3638/3922/59 3635/3919/63 3636/3920/65 3639/3923/60
f 3640/3924/58 3637/3921/62 3635/3919/63 3638/3922/59
f 3641/3925/52 3638/3926/59 3639/3927/60 3642/3928/53
f 3643/3929/51 3640/3930/58 3638/3926/59 3641/3925/52
f 3644/3931/46 3641/3925/52 3642/3928/53 3645/3932/47
f 3646/3933/45 3643/3929/51 3641/3925/52 3644/3931/46
f 3603/3888/39 3644/3931/46 3645/3932/47 3712/3889/41
f 3648/3887/38 3646/3933/45 3644/3931/46 3603/3888/39
f 3647/3934/21 3691/3935/20 3643/3929/51 3646/3933/45
f 3649/3936/22 3647/3934/21 3646/3933/45 3648/3887/38
f 3651/3937/23 3649/3936/22 3648/3887/38 3602/3884/37
f 3650/3938/36 3693/3939/44 3647/3934/21 3649/3936/22
f 3653/3940/35 3650/3938/36 3649/3936/22 3651/3937/23
f 3652/3941/24 3651/3937/23 3602/3884/37 3607/3883/124
f 3655/3942/123 3653/3940/35 3651/3937/23 3652/3941/24
f 3654/3943/34 3696/3944/33 3650/3938/36 3653/3940/35
f 3656/3945/122 3654/3943/34 3653/3940/35 3655/3942/123
f 3657/3946/116 3655/3942/123 3652/3941/24 3658/3947/25
f 3659/3948/115 3656/3945/122 3655/3942/123 3657/3946/116
f 3660/3949/110 3657/3946/116 3658/3947/25 3661/3950/26
f 3662/3951/109 3659/3948/115 3657/3946/116 3660/3949/110
f 3663/3952/105 3660/3949/110 3661/3950/26 3664/3953/27
f 3665/3954/104 3662/3951/109 3660/3949/110 3663/3952/105
f 3666/3955/101 3663/3952/105 3664/3953/27 3667/3956/28
f 3668/3957/100 3665/3954/104 3663/3952/105 3666/3955/101
f 3669/3958/92 3666/3955/101 3667/3956/28 3670/3959/29
f 3671/3960/91 3668/3957/100 3666/3955/101 3669/3958/92
f 3672/3961/88 3669/3958/92 3670/3959/29 3673/3962/30
f 3674/3963/87 3671/3960/91 3669/3958/92 3672/3961/88
f 3675/3964/81 3672/3961/88 3673/3962/30 3676/3965/16
f 3677/3966/80 3674/3963/87 3672/3961/88 3675/3964/81
f 3678/3967/78 3675/3964/81 3676/3965/16 3679/3968/17
f 3680/3969/77 3677/3966/80 3675/3964/81 3678/3967/78
f 3681/3970/68 3678/3967/78 3679/3968/17 3682/3971/18
f 3683/3972/67 3680/3969/77 3678/3967/78 3681/3970/68
f 3684/3973/61 3681/3970/68 3682/3971/18 3685/3974/19
f 3686/3975/64 3683/3972/67 3681/3970/68 3684/3973/61
f 3687/3976/57 3684/3973/61 3685/3974/19 3688/3977/8
f 3689/3978/56 3686/3975/64 3684/3973/61 3687/3976/57
f 3690/3979/50 3687/3980/57 3688/3981/8 3691/3935/20
f 3692/3982/49 3689/3983/56 3687/3980/57 3690/3979/50
f 3693/3939/44 3690/3979/50 3691/3935/20 3647/3934/21
f 3694/3984/43 3692/3982/49 3690/3979/50 3693/3939/44
f 3696/3944/33 3694/3984/43 3693/3939/44 3650/3938/36
f 3695/3985/48 3711/3986/54 3692/3982/49 3694/3984/43
f 3697/3987/32 3695/3985/48 3694/3984/43 3696/3944/33
f 3698/3988/31 3697/3987/32 3696/3944/33 3654/3943/34
f 3699/3989/121 3698/3988/31 3654/3943/34 3656/3945/122
f 3700/3990/120 3699/3989/121 3656/3945/122 3659/3948/115
f 3701/3991/114 3700/3990/120 3659/3948/115 3662/3951/109
f 3702/3992/103 3701/3991/114 3662/3951/109 3665/3954/104
f 3703/3993/99 3702/3992/103 3665/3954/104 3668/3957/100
f 3704/3994/96 3703/3993/99 3668/3957/100 3671/3960/91
f 3705/3995/90 3704/3994/96 3671/3960/91 3674/3963/87
f 3706/3996/79 3705/3995/90 3674/3963/87 3677/3966/80
f 3707/3997/76 3706/3996/79 3677/3966/80 3680/3969/77
f 3708/3998/72 3707/3997/76 3680/3969/77 3683/3972/67
f 3709/3999/66 3708/3998/72 3683/3972/67 3686/3975/64
f 3710/4000/55 3709/3999/66 3686/3975/64 3689/3978/56
f 3711/3986/54 3710/4001/55 3689/3983/56 3692/3982/49
f 3691/3935/20 3688/3981/8 3640/3930/58 3643/3929/51
f 3688/3977/8 3685/3974/19 3637/3921/62 3640/3924/58
f 3685/3974/19 3682/3971/18 3634/3918/69 3637/3921/62
f 3682/3971/18 3679/3968/17 3631/3915/73 3634/3918/69
f 3679/3968/17 3676/3965/16 3628/3912/82 3631/3915/73
f 3676/3965/16 3673/3962/30 3625/3909/85 3628/3912/82
f 3673/3962/30 3670/3959/29 3622/3906/93 3625/3909/85
f 3670/3959/29 3667/3956/28 3619/3903/102 3622/3906/93
f 3667/3956/28 3664/3953/27 3616/3900/106 3619/3903/102
f 3664/3953/27 3661/3950/26 3613/3897/111 3616/3900/106
f 3661/3950/26 3658/3947/25 3610/3894/117 3613/3897/111
f 3658/3947/25 3652/3941/24 3607/3883/124 3610/3894/117
f 3719/4002/124 3714/4003/37 3713/4004/40 3717/4005/125
f 3714/4003/37 3760/4006/38 3715/4007/39 3713/4004/40
f 3713/4004/40 3715/4007/39 3824/4008/41 3716/4009/42
f 3717/4005/125 3713/4004/40 3716/4009/42 3718/4010/126
f 3720/4011/118 3717/4005/125 3718/4010/126 3721/4012/119
f 3722/4013/117 3719/4002/124 3717/4005/125 3720/4011/118
f 3723/4014/112 3720/4011/118 3721/4012/119 3724/4015/113
f 3725/4016/111 3722/4013/117 3720/4011/118 3723/4014/112
f 3726/4017/107 3723/4014/112 3724/4015/113 3727/4018/108
f 3728/4019/106 3725/4016/111 3723/4014/112 3726/4017/107
f 3729/4020/97 3726/4017/107 3727/4018/108 3730/4021/98
f 3731/4022/102 3728/4019/106 3726/4017/107 3729/4020/97
f 3732/4023/94 3729/4020/97 3730/4021/98 3733/4024/95
f 3734/4025/93 3731/4022/102 3729/4020/97 3732/4023/94
f 3735/4026/86 3732/4023/94 3733/4024/95 3736/4027/89
f 3737/4028/85 3734/4025/93 3732/4023/94 3735/4026/86
f 3738/4029/83 3735/4026/86 3736/4027/89 3739/4030/84
f 3740/4031/82 3737/4028/85 3735/4026/86 3738/4029/83
f 3741/4032/74 3738/4029/83 3739/4030/84 3742/4033/75
f 3743/4034/73 3740/4031/82 3738/4029/83 3741/4032/74
f 3744/4035/70 3741/4032/74 3742/4033/75 3745/4036/71
f 3746/4037/69 3743/4034/73 3741/4032/74 3744/4035/70
f 3747/4038/63 3744/4035/70 3745/4036/71 3748/4039/65
f 3749/4040/62 3746/4037/69 3744/4035/70 3747/4038/63
f 3750/4041/59 3747/4038/63 3748/4039/65 3751/4042/60
f 3752/4043/58 3749/4040/62 3747/4038/63 3750/4041/59
f 3753/4044/52 3750/4045/59 3751/4046/60 3754/4047/53
f 3755/4048/51 3752/4049/58 3750/4045/59 3753/4044/52
f 3756/4050/46 3753/4044/52 3754/4047/53 3757/4051/47
f 3758/4052/45 3755/4048/51 3753/4044/52 3756/4050/46
f 3715/4007/39 3756/4050/46 3757/4051/47 3824/4008/41
f 3760/4006/38 3758/4052/45 3756/4050/46 3715/4007/39
f 3759/4053/21 3803/4054/20 3755/4048/51 3758/4052/45
f 3761/4055/22 3759/4053/21 3758/4052/45 3760/4006/38
f 3763/4056/23 3761/4055/22 3760/4006/38 3714/4003/37
f 3762/4057/36 3805/4058/44 3759/4053/21 3761/4055/22
f 3765/4059/35 3762/4057/36 3761/4055/22 3763/4056/23
f 3764/4060/24 3763/4056/23 3714/4003/37 3719/4002/124
f 3767/4061/123 3765/4059/35 3763/4056/23 3764/4060/24
f 3766/4062/34 3808/4063/33 3762/4057/36 3765/4059/35
f 3768/4064/122 3766/4062/34 3765/4059/35 3767/4061/123
f 3769/4065/116 3767/4061/123 3764/4060/24 3770/4066/25
f 3771/4067/115 3768/4064/122 3767/4061/123 3769/4065/116
f 3772/4068/110 3769/4065/116 3770/4066/25 3773/4069/26
f 3774/4070/109 3771/4067/115 3769/4065/116 3772/4068/110
f 3775/4071/105 3772/4068/110 3773/4069/26 3776/4072/27
f 3777/4073/104 3774/4070/109 3772/4068/110 3775/4071/105
f 3778/4074/101 3775/4071/105 3776/4072/27 3779/4075/28
f 3780/4076/100 3777/4073/104 3775/4071/105 3778/4074/101
f 3781/4077/92 3778/4074/101 3779/4075/28 3782/4078/29
f 3783/4079/91 3780/4076/100 3778/4074/101 3781/4077/92
f 3784/4080/88 3781/4077/92 3782/4078/29 3785/4081/30
f 3786/4082/87 3783/4079/91 3781/4077/92 3784/4080/88
f 3787/4083/81 3784/4080/88 3785/4081/30 3788/4084/16
f 3789/4085/80 3786/4082/87 3784/4080/88 3787/4083/81
f 3790/4086/78 3787/4083/81 3788/4084/16 3791/4087/17
f 3792/4088/77 3789/4085/80 3787/4083/81 3790/4086/78
f 3793/4089/68 3790/4086/78 3791/4087/17 3794/4090/18
f 3795/4091/67 3792/4088/77 3790/4086/78 3793/4089/68
f 3796/4092/61 3793/4089/68 3794/4090/18 3797/4093/19
f 3798/4094/64 3795/4091/67 3793/4089/68 3796/4092/61
f 3799/4095/57 3796/4092/61 3797/4093/19 3800/4096/8
f 3801/4097/56 3798/4094/64 3796/4092/61 3799/4095/57
f 3802/4098/50 3799/4099/57 3800/4100/8 3803/4054/20
f 3804/4101/49 3801/4102/56 3799/4099/57 3802/4098/50
f 3805/4058/44 3802/4098/50 3803/4054/20 3759/4053/21
f 3806/4103/43 3804/4101/49 3802/4098/50 3805/4058/44
f 3808/4063/33 3806/4103/43 3805/4058/44 3762/4057/36
f 3807/4104/48 3823/4105/54 3804/4101/49 3806/4103/43
f 3809/4106/32 3807/4104/48 3806/4103/43 3808/4063/33
f 3810/4107/31 3809/4106/32 3808/4063/33 3766/4062/34
f 3811/4108/121 3810/4107/31 3766/4062/34 3768/4064/122
f 3812/4109/120 3811/4108/121 3768/4064/122 3771/4067/115
f 3813/4110/114 3812/4109/120 3771/4067/115 3774/4070/109
f 3814/4111/103 3813/4110/114 3774/4070/109 3777/4073/104
f 3815/4112/99 3814/4111/103 3777/4073/104 3780/4076/100
f 3816/4113/96 3815/4112/99 3780/4076/100 3783/4079/91
f 3817/4114/90 3816/4113/96 3783/4079/91 3786/4082/87
f 3818/4115/79 3817/4114/90 3786/4082/87 3789/4085/80
f 3819/4116/76 3818/4115/79 3789/4085/80 3792/4088/77
f 3820/4117/72 3819/4116/76 3792/4088/77 3795/4091/67
f 3821/4118/66 3820/4117/72 3795/4091/67 3798/4094/64
f 3822/4119/55 3821/4118/66 3798/4094/64 3801/4097/56
f 3823/4105/54 3822/4120/55 3801/4102/56 3804/4101/49
f 3803/4054/20 3800/4100/8 3752/4049/58 3755/4048/51
f 3800/4096/8 3797/4093/19 3749/4040/62 3752/4043/58
f 3797/4093/19 3794/4090/18 3746/4037/69 3749/4040/62
f 3794/4090/18 3791/4087/17 3743/4034/73 3746/4037/69
f 3791/4087/17 3788/4084/16 3740/4031/82 3743/4034/73
f 3788/4084/16 3785/4081/30 3737/4028/85 3740/4031/82
f 3785/4081/30 3782/4078/29 3734/4025/93 3737/4028/85
f 3782/4078/29 3779/4075/28 3731/4022/102 3734/4025/93
f 3779/4075/28 3776/4072/27 3728/4019/106 3731/4022/102
f 3776/4072/27 3773/4069/26 3725/4016/111 3728/4019/106
f 3773/4069/26 3770/4066/25 3722/4013/117 3725/4016/111
f 3770/4066/25 3764/4060/24 3719/4002/124 3722/4013/117
f 3831/4121/124 3826/4122/37 3825/4123/40 3829/4124/125
f 3826/4122/37 3872/4125/38 3827/4126/39 3825/4123/40
f 3825/4123/40 3827/4126/39 3936/4127/41 3828/4128/42
f 3829/4124/125 3825/4123/40 3828/4128/42 3830/4129/126
f 3832/4130/118 3829/4124/125 3830/4129/126 3833/4131/119
f 3834/4132/117 3831/4121/124 3829/4124/125 3832/4130/118
f 3835/4133/112 3832/4130/118 3833/4131/119 3836/4134/113
f 3837/4135/111 3834/4132/117 3832/4130/118 3835/4133/112
f 3838/4136/107 3835/4133/112 3836/4134/113 3839/4137/108
f 3840/4138/106 3837/4135/111 3835/4133/112 3838/4136/107
f 3841/4139/97 3838/4136/107 3839/4137/108 3842/4140/98
f 3843/4141/102 3840/4138/106 3838/4136/107 3841/4139/97
f 3844/4142/94 3841/4139/97 3842/4140/98 3845/4143/95
f 3846/4144/93 3843/4141/102 3841/4139/97 3844/4142/94
f 3847/4145/86 3844/4142/94 3845/4143/95 3848/4146/89
f 3849/4147/85 3846/4144/93 3844/4142/94 3847/4145/86
f 3850/4148/83 3847/4145/86 3848/4146/89 3851/4149/84
f 3852/4150/82 3849/4147/85 3847/4145/86 3850/4148/83
f 3853/4151/74 3850/4148/83 3851/4149/84 3854/4152/75
f 3855/4153/73 3852/4150/82 3850/4148/83 3853/4151/74
f 3856/4154/70 3853/4151/74 3854/4152/75 3857/4155/71
f 3858/4156/69 3855/4153/73 3853/4151/74 3856/4154/70
f 3859/4157/63 3856/4154/70 3857/4155/71 3860/4158/65
f 3861/4159/62 3858/4156/69 3856/4154/70 3859/4157/63
f 3862/4160/59 3859/4157/63 3860/4158/65 3863/4161/60
f 3864/4162/58 3861/4159/62 3859/4157/63 3862/4160/59
f 3865/4163/52 3862/4164/59 3863/4165/60 3866/4166/53
f 3867/4167/51 3864/4168/58 3862/4164/59 3865/4163/52
f 3868/4169/46 3865/4163/52 3866/4166/53 3869/4170/47
f 3870/4171/45 3867/4167/51 3865/4163/52 3868/4169/46
f 3827/4126/39 3868/4169/46 3869/4170/47 3936/4127/41
f 3872/4125/38 3870/4171/45 3868/4169/46 3827/4126/39
f 3871/4172/21 3915/4173/20 3867/4167/51 3870/4171/45
f 3873/4174/22 3871/4172/21 3870/4171/45 3872/4125/38
f 3875/4175/23 3873/4174/22 3872/4125/38 3826/4122/37
f 3874/4176/36 3917/4177/44 3871/4172/21 3873/4174/22
f 3877/4178/35 3874/4176/36 3873/4174/22 3875/4175/23
f 3876/4179/24 3875/4175/23 3826/4122/37 3831/4121/124
f 3879/4180/123 3877/4178/35 3875/4175/23 3876/4179/24
f 3878/4181/34 3920/4182/33 3874/4176/36 3877/4178/35
f 3880/4183/122 3878/4181/34 3877/4178/35 3879/4180/123
f 3881/4184/116 3879/4180/123 3876/4179/24 3882/4185/25
f 3883/4186/115 3880/4183/122 3879/4180/123 3881/4184/116
f 3884/4187/110 3881/4184/116 3882/4185/25 3885/4188/26
f 3886/4189/109 3883/4186/115 3881/4184/116 3884/4187/110
f 3887/4190/105 3884/4187/110 3885/4188/26 3888/4191/27
f 3889/4192/104 3886/4189/109 3884/4187/110 3887/4190/105
f 3890/4193/101 3887/4190/105 3888/4191/27 3891/4194/28
f 3892/4195/100 3889/4192/104 3887/4190/105 3890/4193/101
f 3893/4196/92 3890/4193/101 3891/4194/28 3894/4197/29
f 3895/4198/91 3892/4195/100 3890/4193/101 3893/4196/92
f 3896/4199/88 3893/4196/92 3894/4197/29 3897/4200/30
f 3898/4201/87 3895/4198/91 3893/4196/92 3896/4199/88
f 3899/4202/81 3896/4199/88 3897/4200/30 3900/4203/16
f 3901/4204/80 3898/4201/87 3896/4199/88 3899/4202/81
f 3902/4205/78 3899/4202/81 3900/4203/16 3903/4206/17
f 3904/4207/77 3901/4204/80 3899/4202/81 3902/4205/78
f 3905/4208/68 3902/4205/78 3903/4206/17 3906/4209/18
f 3907/4210/67 3904/4207/77 3902/4205/78 3905/4208/68
f 3908/4211/61 3905/4208/68 3906/4209/18 3909/4212/19
f 3910/4213/64 3907/4210/67 3905/4208/68 3908/4211/61
f 3911/4214/57 3908/4211/61 3909/4212/19 3912/4215/8
f 3913/4216/56 3910/4213/64 3908/4211/61 3911/4214/57
f 3914/4217/50 3911/4218/57 3912/4219/8 3915/4173/20
f 3916/4220/49 3913/4221/56 3911/4218/57 3914/4217/50
f 3917/4177/44 3914/4217/50 3915/4173/20 3871/4172/21
f 3918/4222/43 3916/4220/49 3914/4217/50 3917/4177/44
f 3920/4182/33 3918/4222/43 3917/4177/44 3874/4176/36
f 3919/4223/48 3935/4224/54 3916/4220/49 3918/4222/43
f 3921/4225/32 3919/4223/48 3918/4222/43 3920/4182/33
f 3922/4226/31 3921/4225/32 3920/4182/33 3878/4181/34
f 3923/4227/121 3922/4226/31 3878/4181/34 3880/4183/122
f 3924/4228/120 3923/4227/121 3880/4183/122 3883/4186/115
f 3925/4229/114 3924/4228/120 3883/4186/115 3886/4189/109
f 3926/4230/103 3925/4229/114 3886/4189/109 3889/4192/104
f 3927/4231/99 3926/4230/103 3889/4192/104 3892/4195/100
f 3928/4232/96 3927/4231/99 3892/4195/100 3895/4198/91
f 3929/4233/90 3928/4232/96 3895/4198/91 3898/4201/87
f 3930/4234/79 3929/4233/90 3898/4201/87 3901/4204/80
f 3931/4235/76 3930/4234/79 3901/4204/80 3904/4207/77
f 3932/4236/72 3931/4235/76 3904/4207/77 3907/4210/67
f 3933/4237/66 3932/4236/72 3907/4210/67 3910/4213/64
f 3934/4238/55 3933/4237/66 3910/4213/64 3913/4216/56
f 3935/4224/54 3934/4239/55 3913/4221/56 3916/4220/49
f 3915/4173/20 3912/4219/8 3864/4168/58 3867/4167/51
f 3912/4215/8 3909/4212/19 3861/4159/62 3864/4162/58
f 3909/4212/19 3906/4209/18 3858/4156/69 3861/4159/62
f 3906/4209/18 3903/4206/17 3855/4153/73 3858/4156/69
f 3903/4206/17 3900/4203/16 3852/4150/82 3855/4153/73
f 3900/4203/16 3897/4200/30 3849/4147/85 3852/4150/82
f 3897/4200/30 3894/4197/29 3846/4144/93 3849/4147/85
f 3894/4197/29 3891/4194/28 3843/4141/102 3846/4144/93
f 3891/4194/28 3888/4191/27 3840/4138/106 3843/4141/102
f 3888/4191/27 3885/4188/26 3837/4135/111 3840/4138/106
f 3885/4188/26 3882/4185/25 3834/4132/117 3837/4135/111
f 3882/4185/25 3876/4179/24 3831/4121/124 3834/4132/117
f 3943/4240/124 3938/4241/37 3937/4242/40 3941/4243/125
f 3938/4241/37 3984/4244/38 3939/4245/39 3937/4242/40
f 3937/4242/40 3939/4245/39 4048/4246/41 3940/4247/42
f 3941/4243/125 3937/4242/40 3940/4247/42 3942/4248/126
f 3944/4249/118 3941/4243/125 3942/4248/126 3945/4250/119
f 3946/4251/117 3943/4240/124 3941/4243/125 3944/4249/118
f 3947/4252/112 3944/4249/118 3945/4250/119 3948/4253/113
f 3949/4254/111 3946/4251/117 3944/4249/118 3947/4252/112
f 3950/4255/107 3947/4252/112 3948/4253/113 3951/4256/108
f 3952/4257/106 3949/4254/111 3947/4252/112 3950/4255/107
f 3953/4258/97 3950/4255/107 3951/4256/108 3954/4259/98
f 3955/4260/102 3952/4257/106 3950/4255/107 3953/4258/97
f 3956/4261/94 3953/4258/97 3954/4259/98 3957/4262/95
f 3958/4263/93 3955/4260/102 3953/4258/97 3956/4261/94
f 3959/4264/86 3956/4261/94 3957/4262/95 3960/4265/89
f 3961/4266/85 3958/4263/93 3956/4261/94 3959/4264/86
f 3962/4267/83 3959/4264/86 3960/4265/89 3963/4268/84
f 3964/4269/82 3961/4266/85 3959/4264/86 3962/4267/83
f 3965/4270/74 3962/4267/83 3963/4268/84 3966/4271/75
f 3967/4272/73 3964/4269/82 3962/4267/83 3965/4270/74
f 3968/4273/70 3965/4270/74 3966/4271/75 3969/4274/71
f 3970/4275/69 3967/4272/73 3965/4270/74 3968/4273/70
f 3971/4276/63 3968/4273/70 3969/4274/71 3972/4277/65
f 3973/4278/62 3970/4275/69 3968/4273/70 3971/4276/63
f 3974/4279/59 3971/4276/63 3972/4277/65 3975/4280/60
f 3976/4281/58 3973/4278/62 3971/4276/63 3974/4279/59
f 3977/4282/52 3974/4283/59 3975/4284/60 3978/4285/53
f 3979/4286/51 3976/4287/58 3974/4283/59 3977/4282/52
f 3980/4288/46 3977/4282/52 3978/4285/53 3981/4289/47
f 3982/4290/45 3979/4286/51 3977/4282/52 3980/4288/46
f 3939/4245/39 3980/4288/46 3981/4289/47 4048/4246/41
f 3984/4244/38 3982/4290/45 3980/4288/46 3939/4245/39
f 3983/4291/21 4027/4292/20 3979/4286/51 3982/4290/45
f 3985/4293/22 3983/4291/21 3982/4290/45 3984/4244/38
f 3987/4294/23 3985/4293/22 3984/4244/38 3938/4241/37
f 3986/4295/36 4029/4296/44 3983/4291/21 3985/4293/22
f 3989/4297/35 3986/4295/36 3985/4293/22 3987/4294/23
f 3988/4298/24 3987/4294/23 3938/4241/37 3943/4240/124
f 3991/4299/123 3989/4297/35 3987/4294/23 3988/4298/24
f 3990/4300/34 4032/4301/33 3986/4295/36 3989/4297/35
f 3992/4302/122 3990/4300/34 3989/4297/35 3991/4299/123
f 3993/4303/116 3991/4299/123 3988/4298/24 3994/4304/25
f 3995/4305/115 3992/4302/122 3991/4299/123 3993/4303/116
f 3996/4306/110 3993/4303/116 3994/4304/25 3997/4307/26
f 3998/4308/109 3995/4305/115 3993/4303/116 3996/4306/110
f 3999/4309/105 3996/4306/110 3997/4307/26 4000/4310/27
f 4001/4311/104 3998/4308/109 3996/4306/110 3999/4309/105
f 4002/4312/101 3999/4309/105 4000/4310/27 4003/4313/28
f 4004/4314/100 4001/4311/104 3999/4309/105 4002/4312/101
f 4005/4315/92 4002/4312/101 4003/4313/28 4006/4316/29
f 4007/4317/91 4004/4314/100 4002/4312/101 4005/4315/92
f 4008/4318/88 4005/4315/92 4006/4316/29 4009/4319/30
f 4010/4320/87 4007/4317/91 4005/4315/92 4008/4318/88
f 4011/4321/81 4008/4318/88 4009/4319/30 4012/4322/16
f 4013/4323/80 4010/4320/87 4008/4318/88 4011/4321/81
f 4014/4324/78 4011/4321/81 4012/4322/16 4015/4325/17
f 4016/4326/77 4013/4323/80 4011/4321/81 4014/4324/78
f 4017/4327/68 4014/4324/78 4015/4325/17 4018/4328/18
f 4019/4329/67 4016/4326/77 4014/4324/78 4017/4327/68
f 4020/4330/61 4017/4327/68 4018/4328/18 4021/4331/19
f 4022/4332/64 4019/4329/67 4017/4327/68 4020/4330/61
f 4023/4333/57 4020/4330/61 4021/4331/19 4024/4334/8
f 4025/4335/56 4022/4332/64 4020/4330/61 4023/4333/57
f 4026/4336/50 4023/4337/57 4024/4338/8 4027/4292/20
f 4028/4339/49 4025/4340/56 4023/4337/57 4026/4336/50
f 4029/4296/44 4026/4336/50 4027/4292/20 3983/4291/21
f 4030/4341/43 4028/4339/49 4026/4336/50 4029/4296/44
f 4032/4301/33 4030/4341/43 4029/4296/44 3986/4295/36
f 4031/4342/48 4047/4343/54 4028/4339/49 4030/4341/43
f 4033/4344/32 4031/4342/48 4030/4341/43 4032/4301/33
f 4034/4345/31 4033/4344/32 4032/4301/33 3990/4300/34
f 4035/4346/121 4034/4345/31 3990/4300/34 3992/4302/122
f 4036/4347/120 4035/4346/121 3992/4302/122 3995/4305/115
f 4037/4348/114 4036/4347/120 3995/4305/115 3998/4308/109
f 4038/4349/103 4037/4348/114 3998/4308/109 4001/4311/104
f 4039/4350/99 4038/4349/103 4001/4311/104 4004/4314/100
f 4040/4351/96 4039/4350/99 4004/4314/100 4007/4317/91
f 4041/4352/90 4040/4351/96 4007/4317/91 4010/4320/87
f 4042/4353/79 4041/4352/90 4010/4320/87 4013/4323/80
f 4043/4354/76 4042/4353/79 4013/4323/80 4016/4326/77
f 4044/4355/72 4043/4354/76 4016/4326/77 4019/4329/67
f 4045/4356/66 4044/4355/72 4019/4329/67 4022/4332/64
f 4046/4357/55 4045/4356/66 4022/4332/64 4025/4335/56
f 4047/4343/54 4046/4358/55 4025/4340/56 4028/4339/49
f 4027/4292/20 4024/4338/8 3976/4287/58 3979/4286/51
f 4024/4334/8 4021/4331/19 3973/4278/62 3976/4281/58
f 4021/4331/19 4018/4328/18 3970/4275/69 3973/4278/62
f 4018/4328/18 4015/4325/17 3967/4272/73 3970/4275/69
f 4015/4325/17 4012/4322/16 3964/4269/82 3967/4272/73
f 4012/4322/16 4009/4319/30 3961/4266/85 3964/4269/82
f 4009/4319/30 4006/4316/29 3958/4263/93 3961/4266/85
f 4006/4316/29 4003/4313/28 3955/4260/102 3958/4263/93
f 4003/4313/28 4000/4310/27 3952/4257/106 3955/4260/102
f 4000/4310/27 3997/4307/26 3949/4254/111 3952/4257/106
f 3997/4307/26 3994/4304/25 3946/4251/117 3949/4254/111
f 3994/4304/25 3988/4298/24 3943/4240/124 3946/4251/117
f 4055/4359/124 4050/4360/37 4049/4361/40 4053/4362/125
f 4050/4360/37 4096/4363/38 4051/4364/39 4049/4361/40
f 4049/4361/40 4051/4364/39 4160/4365/41 4052/4366/42
f 4053/4362/125 4049/4361/40 4052/4366/42 4054/4367/126
f 4056/4368/118 4053/4362/125 4054/4367/126 4057/4369/119
f 4058/4370/117 4055/4359/124 4053/4362/125 4056/4368/118
f 4059/4371/112 4056/4368/118 4057/4369/119 4060/4372/113
f 4061/4373/111 4058/4370/117 4056/4368/118 4059/4371/112
f 4062/4374/107 4059/4371/112 4060/4372/113 4063/4375/108
f 4064/4376/106 4061/4373/111 4059/4371/112 4062/4374/107
f 4065/4377/97 4062/4374/107 4063/4375/108 4066/4378/98
f 4067/4379/102 4064/4376/106 4062/4374/107 4065/4377/97
f 4068/4380/94 4065/4377/97 4066/4378/98 4069/4381/95
f 4070/4382/93 4067/4379/102 4065/4377/97 4068/4380/94
f 4071/4383/86 4068/4380/94 4069/4381/95 4072/4384/89
f 4073/4385/85 4070/4382/93 4068/4380/94 4071/4383/86
f 4074/4386/83 4071/4383/86 4072/4384/89 4075/4387/84
f 4076/4388/82 4073/4385/85 4071/4383/86 4074/4386/83
f 4077/4389/74 4074/4386/83 4075/4387/84 4078/4390/75
f 4079/4391/73 4076/4388/82 4074/4386/83 4077/4389/74
f 4080/4392/70 4077/4389/74 4078/4390/75 4081/4393/71
f 4082/4394/69 4079/4391/73 4077/4389/74 4080/4392/70
f 4083/4395/63 4080/4392/70 4081/4393/71 4084/4396/65
f 4085/4397/62 4082/4394/69 4080/4392/70 4083/4395/63
f 4086/4398/59 4083/4395/63 4084/4396/65 4087/4399/60
f 4088/4400/58 4085/4397/62 4083/4395/63 4086/4398/59
f 4089/4401/52 4086/4402/59 4087/4403/60 4090/4404/53
f 4091/4405/51 4088/4406/58 4086/4402/59 4089/4401/52
f 4092/4407/46 4089/4401/52 4090/4404/53 4093/4408/47
f 4094/4409/45 4091/4405/51 4089/4401/52 4092/4407/46
f 4051/4364/39 4092/4407/46 4093/4408/47 4160/4365/41
f 4096/4363/38 4094/4409/45 4092/4407/46 4051/4364/39
f 4095/4410/21 4139/4411/20 4091/4405/51 4094/4409/45
f 4097/4412/22 4095/4410/21 4094/4409/45 4096/4363/38
f 4099/4413/23 4097/4412/22 4096/4363/38 4050/4360/37
f 4098/4414/36 4141/4415/44 4095/4410/21 4097/4412/22
f 4101/4416/35 4098/4414/36 4097/4412/22 4099/4413/23
f 4100/4417/24 4099/4413/23 4050/4360/37 4055/4359/124
f 4103/4418/123 4101/4416/35 4099/4413/23 4100/4417/24
f 4102/4419/34 4144/4420/33 4098/4414/36 4101/4416/35
f 4104/4421/122 4102/4419/34 4101/4416/35 4103/4418/123
f 4105/4422/116 4103/4418/123 4100/4417/24 4106/4423/25
f 4107/4424/115 4104/4421/122 4103/4418/123 4105/4422/116
f 4108/4425/110 4105/4422/116 4106/4423/25 4109/4426/26
f 4110/4427/109 4107/4424/115 4105/4422/116 4108/4425/110
f 4111/4428/105 4108/4425/110 4109/4426/26 4112/4429/27
f 4113/4430/104 4110/4427/109 4108/4425/110 4111/4428/105
f 4114/4431/101 4111/4428/105 4112/4429/27 4115/4432/28
f 4116/4433/100 4113/4430/104 4111/4428/105 4114/4431/101
f 4117/4434/92 4114/4431/101 4115/4432/28 4118/4435/29
f 4119/4436/91 4116/4433/100 4114/4431/101 4117/4434/92
f 4120/4437/88 4117/4434/92 4118/4435/29 4121/4438/30
f 4122/4439/87 4119/4436/91 4117/4434/92 4120/4437/88
f 4123/4440/81 4120/4437/88 4121/4438/30 4124/4441/16
f 4125/4442/80 4122/4439/87 4120/4437/88 4123/4440/81
f 4126/4443/78 4123/4440/81 4124/4441/16 4127/4444/17
f 4128/4445/77 4125/4442/80 4123/4440/81 4126/4443/78
f 4129/4446/68 4126/4443/78 4127/4444/17 4130/4447/18
f 4131/4448/67 4128/4445/77 4126/4443/78 4129/4446/68
f 4132/4449/61 4129/4446/68 4130/4447/18 4133/4450/19
f 4134/4451/64 4131/4448/67 4129/4446/68 4132/4449/61
f 4135/4452/57 4132/4449/61 4133/4450/19 4136/4453/8
f 4137/4454/56 4134/4451/64 4132/4449/61 4135/4452/57
f 4138/4455/50 4135/4456/57 4136/4457/8 4139/4411/20
f 4140/4458/49 4137/4459/56 4135/4456/57 4138/4455/50
f 4141/4415/44 4138/4455/50 4139/4411/20 4095/4410/21
f 4142/4460/43 4140/4458/49 4138/4455/50 4141/4415/44
f 4144/4420/33 4142/4460/43 4141/4415/44 4098/4414/36
f 4143/4461/48 4159/4462/54 4140/4458/49 4142/4460/43
f 4145/4463/32 4143/4461/48 4142/4460/43 4144/4420/33
f 4146/4464/31 4145/4463/32 4144/4420/33 4102/4419/34
f 4147/4465/121 4146/4464/31 4102/4419/34 4104/4421/122
f 4148/4466/120 4147/4465/121 4104/4421/122 4107/4424/115
f 4149/4467/114 4148/4466/120 4107/4424/115 4110/4427/109
f 4150/4468/103 4149/4467/114 4110/4427/109 4113/4430/104
f 4151/4469/99 4150/4468/103 4113/4430/104 4116/4433/100
f 4152/4470/96 4151/4469/99 4116/4433/100 4119/4436/91
f 4153/4471/90 4152/4470/96 4119/4436/91 4122/4439/87
f 4154/4472/79 4153/4471/90 4122/4439/87 4125/4442/80
f 4155/4473/76 4154/4472/79 4125/4442/80 4128/4445/77
f 4156/4474/72 4155/4473/76 4128/4445/77 4131/4448/67
f 4157/4475/66 4156/4474/72 4131/4448/67 4134/4451/64
f 4158/4476/55 4157/4475/66 4134/4451/64 4137/4454/56
f 4159/4462/54 4158/4477/55 4137/4459/56 4140/4458/49
f 4139/4411/20 4136/4457/8 4088/4406/58 4091/4405/51
f 4136/4453/8 4133/4450/19 4085/4397/62 4088/4400/58
f 4133/4450/19 4130/4447/18 4082/4394/69 4085/4397/62
f 4130/4447/18 4127/4444/17 4079/4391/73 4082/4394/69
f 4127/4444/17 4124/4441/16 4076/4388/82 4079/4391/73
f 4124/4441/16 4121/4438/30 4073/4385/85 4076/4388/82
f 4121/4438/30 4118/4435/29 4070/4382/93 4073/4385/85
f 4118/4435/29 4115/4432/28 4067/4379/102 4070/4382/93
f 4115/4432/28 4112/4429/27 4064/4376/106 4067/4379/102
f 4112/4429/27 4109/4426/26 4061/4373/111 4064/4376/106
f 4109/4426/26 4106/4423/25 4058/4370/117 4061/4373/111
f 4106/4423/25 4100/4417/24 4055/4359/124 4058/4370/117
f 4167/4478/124 4162/4479/37 4161/4480/40 4165/4481/125
f 4162/4479/37 4208/4482/38 4163/4483/39 4161/4480/40
f 4161/4480/40 4163/4483/39 4272/4484/41 4164/4485/42
f 4165/4481/125 4161/4480/40 4164/4485/42 4166/4486/126
f 4168/4487/118 4165/4481/125 4166/4486/126 4169/4488/119
f 4170/4489/117 4167/4478/124 4165/4481/125 4168/4487/118
f 4171/4490/112 4168/4487/118 4169/4488/119 4172/4491/113
f 4173/4492/111 4170/4489/117 4168/4487/118 4171/4490/112
f 4174/4493/107 4171/4490/112 4172/4491/113 4175/4494/108
f 4176/4495/106 4173/4492/111 4171/4490/112 4174/4493/107
f 4177/4496/97 4174/4493/107 4175/4494/108 4178/4497/98
f 4179/4498/102 4176/4495/106 4174/4493/107 4177/4496/97
f 4180/4499/94 4177/4496/97 4178/4497/98 4181/4500/95
f 4182/4501/93 4179/4498/102 4177/4496/97 4180/4499/94
f 4183/4502/86 4180/4499/94 4181/4500/95 4184/4503/89
f 4185/4504/85 4182/4501/93 4180/4499/94 4183/4502/86
f 4186/4505/83 4183/4502/86 4184/4503/89 4187/4506/84
f 4188/4507/82 4185/4504/85 4183/4502/86 4186/4505/83
f 4189/4508/74 4186/4505/83 4187/4506/84 4190/4509/75
f 4191/4510/73 4188/4507/82 4186/4505/83 4189/4508/74
f 4192/4511/70 4189/4508/74 4190/4509/75 4193/4512/71
f 4194/4513/69 4191/4510/73 4189/4508/74 4192/4511/70
f 4195/4514/63 4192/4511/70 4193/4512/71 4196/4515/65
f 4197/4516/62 4194/4513/69 4192/4511/70 4195/4514/63
f 4198/4517/59 4195/4514/63 4196/4515/65 4199/4518/60
f 4200/4519/58 4197/4516/62 4195/4514/63 4198/4517/59
f 4201/4520/52 4198/4521/59 4199/4522/60 4202/4523/53
f 4203/4524/51 4200/4525/58 4198/4521/59 4201/4520/52
f 4204/4526/46 4201/4520/52 4202/4523/53 4205/4527/47
f 4206/4528/45 4203/4524/51 4201/4520/52 4204/4526/46
f 4163/4483/39 4204/4526/46 4205/4527/47 4272/4484/41
f 4208/4482/38 4206/4528/45 4204/4526/46 4163/4483/39
f 4207/4529/21 4251/4530/20 4203/4524/51 4206/4528/45
f 4209/4531/22 4207/4529/21 4206/4528/45 4208/4482/38
f 4211/4532/23 4209/4531/22 4208/4482/38 4162/4479/37
f 4210/4533/36 4253/4534/44 4207/4529/21 4209/4531/22
f 4213/4535/35 4210/4533/36 4209/4531/22 4211/4532/23
f 4212/4536/24 4211/4532/23 4162/4479/37 4167/4478/124
f 4215/4537/123 4213/4535/35 4211/4532/23 4212/4536/24
f 4214/4538/34 4256/4539/33 4210/4533/36 4213/4535/35
f 4216/4540/122 4214/4538/34 4213/4535/35 4215/4537/123
f 4217/4541/116 4215/4537/123 4212/4536/24 4218/4542/25
f 4219/4543/115 4216/4540/122 4215/4537/123 4217/4541/116
f 4220/4544/110 4217/4541/116 4218/4542/25 4221/4545/26
f 4222/4546/109 4219/4543/115 4217/4541/116 4220/4544/110
f 4223/4547/105 4220/4544/110 4221/4545/26 4224/4548/27
f 4225/4549/104 4222/4546/109 4220/4544/110 4223/4547/105
f 4226/4550/101 4223/4547/105 4224/4548/27 4227/4551/28
f 4228/4552/100 4225/4549/104 4223/4547/105 4226/4550/101
f 4229/4553/92 4226/4550/101 4227/4551/28 4230/4554/29
f 4231/4555/91 4228/4552/100 4226/4550/101 4229/4553/92
f 4232/4556/88 4229/4553/92 4230/4554/29 4233/4557/30
f 4234/4558/87 4231/4555/91 4229/4553/92 4232/4556/88
f 4235/4559/81 4232/4556/88 4233/4557/30 4236/4560/16
f 4237/4561/80 4234/4558/87 4232/4556/88 4235/4559/81
f 4238/4562/78 4235/4559/81 4236/4560/16 4239/4563/17
f 4240/4564/77 4237/4561/80 4235/4559/81 4238/4562/78
f 4241/4565/68 4238/4562/78 4239/4563/17 4242/4566/18
f 4243/4567/67 4240/4564/77 4238/4562/78 4241/4565/68
f 4244/4568/61 4241/4565/68 4242/4566/18 4245/4569/19
f 4246/4570/64 4243/4567/67 4241/4565/68 4244/4568/61
f 4247/4571/57 4244/4568/61 4245/4569/19 4248/4572/8
f 4249/4573/56 4246/4570/64 4244/4568/61 4247/4571/57
f 4250/4574/50 4247/4575/57 4248/4576/8 4251/4530/20
f 4252/4577/49 4249/4578/56 4247/4575/57 4250/4574/50
f 4253/4534/44 4250/4574/50 4251/4530/20 4207/4529/21
f 4254/4579/43 4252/4577/49 4250/4574/50 4253/4534/44
f 4256/4539/33 4254/4579/43 4253/4534/44 4210/4533/36
f 4255/4580/48 4271/4581/54 4252/4577/49 4254/4579/43
f 4257/4582/32 4255/4580/48 4254/4579/43 4256/4539/33
f 4258/4583/31 4257/4582/32 4256/4539/33 4214/4538/34
f 4259/4584/121 4258/4583/31 4214/4538/34 4216/4540/122
f 4260/4585/120 4259/4584/121 4216/4540/122 4219/4543/115
f 4261/4586/114 4260/4585/120 4219/4543/115 4222/4546/109
f 4262/4587/103 4261/4586/114 4222/4546/109 4225/4549/104
f 4263/4588/99 4262/4587/103 4225/4549/104 4228/4552/100
f 4264/4589/96 4263/4588/99 4228/4552/100 4231/4555/91
f 4265/4590/90 4264/4589/96 4231/4555/91 4234/4558/87
f 4266/4591/79 4265/4590/90 4234/4558/87 4237/4561/80
f 4267/4592/76 4266/4591/79 4237/4561/80 4240/4564/77
f 4268/4593/72 4267/4592/76 4240/4564/77 4243/4567/67
f 4269/4594/66 4268/4593/72 4243/4567/67 4246/4570/64
f 4270/4595/55 4269/4594/66 4246/4570/64 4249/4573/56
f 4271/4581/54 4270/4596/55 4249/4578/56 4252/4577/49
f 4251/4530/20 4248/4576/8 4200/4525/58 4203/4524/51
f 4248/4572/8 4245/4569/19 4197/4516/62 4200/4519/58
f 4245/4569/19 4242/4566/18 4194/4513/69 4197/4516/62
f 4242/4566/18 4239/4563/17 4191/4510/73 4194/4513/69
f 4239/4563/17 4236/4560/16 4188/4507/82 4191/4510/73
f 4236/4560/16 4233/4557/30 4185/4504/85 4188/4507/82
f 4233/4557/30 4230/4554/29 4182/4501/93 4185/4504/85
f 4230/4554/29 4227/4551/28 4179/4498/102 4182/4501/93
f 4227/4551/28 4224/4548/27 4176/4495/106 4179/4498/102
f 4224/4548/27 4221/4545/26 4173/4492/111 4176/4495/106
f 4221/4545/26 4218/4542/25 4170/4489/117 4173/4492/111
f 4218/4542/25 4212/4536/24 4167/4478/124 4170/4489/117
f 4279/4597/124 4274/4598/37 4273/4599/40 4277/4600/125
f 4274/4598/37 4320/4601/38 4275/4602/39 4273/4599/40
f 4273/4599/40 4275/4602/39 4384/4603/41 4276/4604/42
f 4277/4600/125 4273/4599/40 4276/4604/42 4278/4605/126
f 4280/4606/118 4277/4600/125 4278/4605/126 4281/4607/119
f 4282/4608/117 4279/4597/124 4277/4600/125 4280/4606/118
f 4283/4609/112 4280/4606/118 4281/4607/119 4284/4610/113
f 4285/4611/111 4282/4608/117 4280/4606/118 4283/4609/112
f 4286/4612/107 4283/4609/112 4284/4610/113 4287/4613/108
f 4288/4614/106 4285/4611/111 4283/4609/112 4286/4612/107
f 4289/4615/97 4286/4612/107 4287/4613/108 4290/4616/98
f 4291/4617/102 4288/4614/106 4286/4612/107 4289/4615/97
f 4292/4618/94 4289/4615/97 4290/4616/98 4293/4619/95
f 4294/4620/93 4291/4617/102 4289/4615/97 4292/4618/94
f 4295/4621/86 4292/4618/94 4293/4619/95 4296/4622/89
f 4297/4623/85 4294/4620/93 4292/4618/94 4295/4621/86
f 4298/4624/83 4295/4621/86 4296/4622/89 4299/4625/84
f 4300/4626/82 4297/4623/85 4295/4621/86 4298/4624/83
f 4301/4627/74 4298/4624/83 4299/4625/84 4302/4628/75
f 4303/4629/73 4300/4626/82 4298/4624/83 4301/4627/74
f 4304/4630/70 4301/4627/74 4302/4628/75 4305/4631/71
f 4306/4632/69 4303/4629/73 4301/4627/74 4304/4630/70
f 4307/4633/63 4304/4630/70 4305/4631/71 4308/4634/65
f 4309/4635/62 4306/4632/69 4304/4630/70 4307/4633/63
f 4310/4636/59 4307/4633/63 4308/4634/65 4311/4637/60
f 4312/4638/58 4309/4635/62 4307/4633/63 4310/4636/59
f 4313/4639/52 4310/4640/59 4311/4641/60 4314/4642/53
f 4315/4643/51 4312/4644/58 4310/4640/59 4313/4639/52
f 4316/4645/46 4313/4639/52 4314/4642/53 4317/4646/47
f 4318/4647/45 4315/4643/51 4313/4639/52 4316/4645/46
f 4275/4602/39 4316/4645/46 4317/4646/47 4384/4603/41
f 4320/4601/38 4318/4647/45 4316/4645/46 4275/4602/39
f 4319/4648/21 4363/4649/20 4315/4643/51 4318/4647/45
f 4321/4650/22 4319/4648/21 4318/4647/45 4320/4601/38
f 4323/4651/23 4321/4650/22 4320/4601/38 4274/4598/37
f 4322/4652/36 4365/4653/44 4319/4648/21 4321/4650/22
f 4325/4654/35 4322/4652/36 4321/4650/22 4323/4651/23
f 4324/4655/24 4323/4651/23 4274/4598/37 4279/4597/124
f 4327/4656/123 4325/4654/35 4323/4651/23 4324/4655/24
f 4326/4657/34 4368/4658/33 4322/4652/36 4325/4654/35
f 4328/4659/122 4326/4657/34 4325/4654/35 4327/4656/123
f 4329/4660/116 4327/4656/123 4324/4655/24 4330/4661/25
f 4331/4662/115 4328/4659/122 4327/4656/123 4329/4660/116
f 4332/4663/110 4329/4660/116 4330/4661/25 4333/4664/26
f 4334/4665/109 4331/4662/115 4329/4660/116 4332/4663/110
f 4335/4666/105 4332/4663/110 4333/4664/26 4336/4667/27
f 4337/4668/104 4334/4665/109 4332/4663/110 4335/4666/105
f 4338/4669/101 4335/4666/105 4336/4667/27 4339/4670/28
f 4340/4671/100 4337/4668/104 4335/4666/105 4338/4669/101
f 4341/4672/92 4338/4669/101 4339/4670/28 4342/4673/29
f 4343/4674/91 4340/4671/100 4338/4669/101 4341/4672/92
f 4344/4675/88 4341/4672/92 4342/4673/29 4345/4676/30
f 4346/4677/87 4343/4674/91 4341/4672/92 4344/4675/88
f 4347/4678/81 4344/4675/88 4345/4676/30 4348/4679/16
f 4349/4680/80 4346/4677/87 4344/4675/88 4347/4678/81
f 4350/4681/78 4347/4678/81 4348/4679/16 4351/4682/17
f 4352/4683/77 4349/4680/80 4347/4678/81 4350/4681/78
f 4353/4684/68 4350/4681/78 4351/4682/17 4354/4685/18
f 4355/4686/67 4352/4683/77 4350/4681/78 4353/4684/68
f 4356/4687/61 4353/4684/68 4354/4685/18 4357/4688/19
f 4358/4689/64 4355/4686/67 4353/4684/68 4356/4687/61
f 4359/4690/57 4356/4687/61 4357/4688/19 4360/4691/8
f 4361/4692/56 4358/4689/64 4356/4687/61 4359/4690/57
f 4362/4693/50 4359/4694/57 4360/4695/8 4363/4649/20
f 4364/4696/49 4361/4697/56 4359/4694/57 4362/4693/50
f 4365/4653/44 4362/4693/50 4363/4649/20 4319/4648/21
f 4366/4698/43 4364/4696/49 4362/4693/50 4365/4653/44
f 4368/4658/33 4366/4698/43 4365/4653/44 4322/4652/36
f 4367/4699/48 4383/4700/54 4364/4696/49 4366/4698/43
f 4369/4701/32 4367/4699/48 4366/4698/43 4368/4658/33
f 4370/4702/31 4369/4701/32 4368/4658/33 4326/4657/34
f 4371/4703/121 4370/4702/31 4326/4657/34 4328/4659/122
f 4372/4704/120 4371/4703/121 4328/4659/122 4331/4662/115
f 4373/4705/114 4372/4704/120 4331/4662/115 4334/4665/109
f 4374/4706/103 4373/4705/114 4334/4665/109 4337/4668/104
f 4375/4707/99 4374/4706/103 4337/4668/104 4340/4671/100
f 4376/4708/96 4375/4707/99 4340/4671/100 4343/4674/91
f 4377/4709/90 4376/4708/96 4343/4674/91 4346/4677/87
f 4378/4710/79 4377/4709/90 4346/4677/87 4349/4680/80
f 4379/4711/76 4378/4710/79 4349/4680/80 4352/4683/77
f 4380/4712/72 4379/4711/76 4352/4683/77 4355/4686/67
f 4381/4713/66 4380/4712/72 4355/4686/67 4358/4689/64
f 4382/4714/55 4381/4713/66 4358/4689/64 4361/4692/56
f 4383/4700/54 4382/4715/55 4361/4697/56 4364/4696/49
f 4363/4649/20 4360/4695/8 4312/4644/58 4315/4643/51
f 4360/4691/8 4357/4688/19 4309/4635/62 4312/4638/58
f 4357/4688/19 4354/4685/18 4306/4632/69 4309/4635/62
f 4354/4685/18 4351/4682/17 4303/4629/73 4306/4632/69
f 4351/4682/17 4348/4679/16 4300/4626/82 4303/4629/73
f 4348/4679/16 4345/4676/30 4297/4623/85 4300/4626/82
f 4345/4676/30 4342/4673/29 4294/4620/93 4297/4623/85
f 4342/4673/29 4339/4670/28 4291/4617/102 4294/4620/93
f 4339/4670/28 4336/4667/27 4288/4614/106 4291/4617/102
f 4336/4667/27 4333/4664/26 4285/4611/111 4288/4614/106
f 4333/4664/26 4330/4661/25 4282/4608/117 4285/4611/111
f 4330/4661/25 4324/4655/24 4279/4597/124 4282/4608/117
f 4391/4716/124 4386/4717/37 4385/4718/40 4389/4719/125
f 4386/4717/37 4432/4720/38 4387/4721/39 4385/4718/40
f 4385/4718/40 4387/4721/39 4496/4722/41 4388/4723/42
f 4389/4719/125 4385/4718/40 4388/4723/42 4390/4724/126
f 4392/4725/118 4389/4719/125 4390/4724/126 4393/4726/119
f 4394/4727/117 4391/4716/124 4389/4719/125 4392/4725/118
f 4395/4728/112 4392/4725/118 4393/4726/119 4396/4729/113
f 4397/4730/111 4394/4727/117 4392/4725/118 4395/4728/112
f 4398/4731/107 4395/4728/112 4396/4729/113 4399/4732/108
f 4400/4733/106 4397/4730/111 4395/4728/112 4398/4731/107
f 4401/4734/97 4398/4731/107 4399/4732/108 4402/4735/98
f 4403/4736/102 4400/4733/106 4398/4731/107 4401/4734/97
f 4404/4737/94 4401/4734/97 4402/4735/98 4405/4738/95
f 4406/4739/93 4403/4736/102 4401/4734/97 4404/4737/94
f 4407/4740/86 4404/4737/94 4405/4738/95 4408/4741/89
f 4409/4742/85 4406/4739/93 4404/4737/94 4407/4740/86
f 4410/4743/83 4407/4740/86 4408/4741/89 4411/4744/84
f 4412/4745/82 4409/4742/85 4407/4740/86 4410/4743/83
f 4413/4746/74 4410/4743/83 4411/4744/84 4414/4747/75
f 4415/4748/73 4412/4745/82 4410/4743/83 4413/4746/74
f 4416/4749/70 4413/4746/74 4414/4747/75 4417/4750/71
f 4418/4751/69 4415/4748/73 4413/4746/74 4416/4749/70
f 4419/4752/63 4416/4749/70 4417/4750/71 4420/4753/65
f 4421/4754/62 4418/4751/69 4416/4749/70 4419/4752/63
f 4422/4755/59 4419/4752/63 4420/4753/65 4423/4756/60
f 4424/4757/58 4421/4754/62 4419/4752/63 4422/4755/59
f 4425/4758/52 4422/4759/59 4423/4760/60 4426/4761/53
f 4427/4762/51 4424/4763/58 4422/4759/59 4425/4758/52
f 4428/4764/46 4425/4758/52 4426/4761/53 4429/4765/47
f 4430/4766/45 4427/4762/51 4425/4758/52 4428/4764/46
f 4387/4721/39 4428/4764/46 4429/4765/47 4496/4722/41
f 4432/4720/38 4430/4766/45 4428/4764/46 4387/4721/39
f 4431/4767/21 4475/4768/20 4427/4762/51 4430/4766/45
f 4433/4769/22 4431/4767/21 4430/4766/45 4432/4720/38
f 4435/4770/23 4433/4769/22 4432/4720/38 4386/4717/37
f 4434/4771/36 4477/4772/44 4431/4767/21 4433/4769/22
f 4437/4773/35 4434/4771/36 4433/4769/22 4435/4770/23
f 4436/4774/24 4435/4770/23 4386/4717/37 4391/4716/124
f 4439/4775/123 4437/4773/35 4435/4770/23 4436/4774/24
f 4438/4776/34 4480/4777/33 4434/4771/36 4437/4773/35
f 4440/4778/122 4438/4776/34 4437/4773/35 4439/4775/123
f 4441/4779/116 4439/4775/123 4436/4774/24 4442/4780/25
f 4443/4781/115 4440/4778/122 4439/4775/123 4441/4779/116
f 4444/4782/110 4441/4779/116 4442/4780/25 4445/4783/26
f 4446/4784/109 4443/4781/115 4441/4779/116 4444/4782/110
f 4447/4785/105 4444/4782/110 4445/4783/26 4448/4786/27
f 4449/4787/104 4446/4784/109 4444/4782/110 4447/4785/105
f 4450/4788/101 4447/4785/105 4448/4786/27 4451/4789/28
f 4452/4790/100 4449/4787/104 4447/4785/105 4450/4788/101
f 4453/4791/92 4450/4788/101 4451/4789/28 4454/4792/29
f 4455/4793/91 4452/4790/100 4450/4788/101 4453/4791/92
f 4456/4794/88 4453/4791/92 4454/4792/29 4457/4795/30
f 4458/4796/87 4455/4793/91 4453/4791/92 4456/4794/88
f 4459/4797/81 4456/4794/88 4457/4795/30 4460/4798/16
f 4461/4799/80 4458/4796/87 4456/4794/88 4459/4797/81
f 4462/4800/78 4459/4797/81 4460/4798/16 4463/4801/17
f 4464/4802/77 4461/4799/80 4459/4797/81 4462/4800/78
f 4465/4803/68 4462/4800/78 4463/4801/17 4466/4804/18
f 4467/4805/67 4464/4802/77 4462/4800/78 4465/4803/68
f 4468/4806/61 4465/4803/68 4466/4804/18 4469/4807/19
f 4470/4808/64 4467/4805/67 4465/4803/68 4468/4806/61
f 4471/4809/57 4468/4806/61 4469/4807/19 4472/4810/8
f 4473/4811/56 4470/4808/64 4468/4806/61 4471/4809/57
f 4474/4812/50 4471/4813/57 4472/4814/8 4475/4768/20
f 4476/4815/49 4473/4816/56 4471/4813/57 4474/4812/50
f 4477/4772/44 4474/4812/50 4475/4768/20 4431/4767/21
f 4478/4817/43 4476/4815/49 4474/4812/50 4477/4772/44
f 4480/4777/33 4478/4817/43 4477/4772/44 4434/4771/36
f 4479/4818/48 4495/4819/54 4476/4815/49 4478/4817/43
f 4481/4820/32 4479/4818/48 4478/4817/43 4480/4777/33
f 4482/4821/31 4481/4820/32 4480/4777/33 4438/4776/34
f 4483/4822/121 4482/4821/31 4438/4776/34 4440/4778/122
f 4484/4823/120 4483/4822/121 4440/4778/122 4443/4781/115
f 4485/4824/114 4484/4823/120 4443/4781/115 4446/4784/109
f 4486/4825/103 4485/4824/114 4446/4784/109 4449/4787/104
f 4487/4826/99 4486/4825/103 4449/4787/104 4452/4790/100
f 4488/4827/96 4487/4826/99 4452/4790/100 4455/4793/91
f 4489/4828/90 4488/4827/96 4455/4793/91 4458/4796/87
f 4490/4829/79 4489/4828/90 4458/4796/87 4461/4799/80
f 4491/4830/76 4490/4829/79 4461/4799/80 4464/4802/77
f 4492/4831/72 4491/4830/76 4464/4802/77 4467/4805/67
f 4493/4832/66 4492/4831/72 4467/4805/67 4470/4808/64
f 4494/4833/55 4493/4832/66 4470/4808/64 4473/4811/56
f 4495/4819/54 4494/4834/55 4473/4816/56 4476/4815/49
f 4475/4768/20 4472/4814/8 4424/4763/58 4427/4762/51
f 4472/4810/8 4469/4807/19 4421/4754/62 4424/4757/58
f 4469/4807/19 4466/4804/18 4418/4751/69 4421/4754/62
f 4466/4804/18 4463/4801/17 4415/4748/73 4418/4751/69
f 4463/4801/17 4460/4798/16 4412/4745/82 4415/4748/73
f 4460/4798/16 4457/4795/30 4409/4742/85 4412/4745/82
f 4457/4795/30 4454/4792/29 4406/4739/93 4409/4742/85
f 4454/4792/29 4451/4789/28 4403/4736/102 4406/4739/93
f 4451/4789/28 4448/4786/27 4400/4733/106 4403/4736/102
f 4448/4786/27 4445/4783/26 4397/4730/111 4400/4733/106
f 4445/4783/26 4442/4780/25 4394/4727/117 4397/4730/111
f 4442/4780/25 4436/4774/24 4391/4716/124 4394/4727/117
f 4503/4835/124 4498/4836/37 4497/4837/40 4501/4838/125
f 4498/4836/37 4544/4839/38 4499/4840/39 4497/4837/40
f 4497/4837/40 4499/4840/39 4608/4841/41 4500/4842/42
f 4501/4838/125 4497/4837/40 4500/4842/42 4502/4843/126
f 4504/4844/118 4501/4838/125 4502/4843/126 4505/4845/119
f 4506/4846/117 4503/4835/124 4501/4838/125 4504/4844/118
f 4507/4847/112 4504/4844/118 4505/4845/119 4508/4848/113
f 4509/4849/111 4506/4846/117 4504/4844/118 4507/4847/112
f 4510/4850/107 4507/4847/112 4508/4848/113 4511/4851/108
f 4512/4852/106 4509/4849/111 4507/4847/112 4510/4850/107
f 4513/4853/97 4510/4850/107 4511/4851/108 4514/4854/98
f 4515/4855/102 4512/4852/106 4510/4850/107 4513/4853/97
f 4516/4856/94 4513/4853/97 4514/4854/98 4517/4857/95
f 4518/4858/93 4515/4855/102 4513/4853/97 4516/4856/94
f 4519/4859/86 4516/4856/94 4517/4857/95 4520/4860/89
f 4521/4861/85 4518/4858/93 4516/4856/94 4519/4859/86
f 4522/4862/83 4519/4859/86 4520/4860/89 4523/4863/84
f 4524/4864/82 4521/4861/85 4519/4859/86 4522/4862/83
f 4525/4865/74 4522/4862/83 4523/4863/84 4526/4866/75
f 4527/4867/73 4524/4864/82 4522/4862/83 4525/4865/74
f 4528/4868/70 4525/4865/74 4526/4866/75 4529/4869/71
f 4530/4870/69 4527/4867/73 4525/4865/74 4528/4868/70
f 4531/4871/63 4528/4868/70 4529/4869/71 4532/4872/65
f 4533/4873/62 4530/4870/69 4528/4868/70 4531/4871/63
f 4534/4874/59 4531/4871/63 4532/4872/65 4535/4875/60
f 4536/4876/58 4533/4873/62 4531/4871/63 4534/4874/59
f 4537/4877/52 4534/4878/59 4535/4879/60 4538/4880/53
f 4539/4881/51 4536/4882/58 4534/4878/59 4537/4877/52
f 4540/4883/46 4537/4877/52 4538/4880/53 4541/4884/47
f 4542/4885/45 4539/4881/51 4537/4877/52 4540/4883/46
f 4499/4840/39 4540/4883/46 4541/4884/47 4608/4841/41
f 4544/4839/38 4542/4885/45 4540/4883/46 4499/4840/39
f 4543/4886/21 4587/4887/20 4539/4881/51 4542/4885/45
f 4545/4888/22 4543/4886/21 4542/4885/45 4544/4839/38
f 4547/4889/23 4545/4888/22 4544/4839/38 4498/4836/37
f 4546/4890/36 4589/4891/44 4543/4886/21 4545/4888/22
f 4549/4892/35 4546/4890/36 4545/4888/22 4547/4889/23
f 4548/4893/24 4547/4889/23 4498/4836/37 4503/4835/124
f 4551/4894/123 4549/4892/35 4547/4889/23 4548/4893/24
f 4550/4895/34 4592/4896/33 4546/4890/36 4549/4892/35
f 4552/4897/122 4550/4895/34 4549/4892/35 4551/4894/123
f 4553/4898/116 4551/4894/123 4548/4893/24 4554/4899/25
f 4555/4900/115 4552/4897/122 4551/4894/123 4553/4898/116
f 4556/4901/110 4553/4898/116 4554/4899/25 4557/4902/26
f 4558/4903/109 4555/4900/115 4553/4898/116 4556/4901/110
f 4559/4904/105 4556/4901/110 4557/4902/26 4560/4905/27
f 4561/4906/104 4558/4903/109 4556/4901/110 4559/4904/105
f 4562/4907/101 4559/4904/105 4560/4905/27 4563/4908/28
f 4564/4909/100 4561/4906/104 4559/4904/105 4562/4907/101
f 4565/4910/92 4562/4907/101 4563/4908/28 4566/4911/29
f 4567/4912/91 4564/4909/100 4562/4907/101 4565/4910/92
f 4568/4913/88 4565/4910/92 4566/4911/29 4569/4914/30
f 4570/4915/87 4567/4912/91 4565/4910/92 4568/4913/88
f 4571/4916/81 4568/4913/88 4569/4914/30 4572/4917/16
f 4573/4918/80 4570/4915/87 4568/4913/88 4571/4916/81
f 4574/4919/78 4571/4916/81 4572/4917/16 4575/4920/17
f 4576/4921/77 4573/4918/80 4571/4916/81 4574/4919/78
f 4577/4922/68 4574/4919/78 4575/4920/17 4578/4923/18
f 4579/4924/67 4576/4921/77 4574/4919/78 4577/4922/68
f 4580/4925/61 4577/4922/68 4578/4923/18 4581/4926/19
f 4582/4927/64 4579/4924/67 4577/4922/68 4580/4925/61
f 4583/4928/57 4580/4925/61 4581/4926/19 4584/4929/8
f 4585/4930/56 4582/4927/64 4580/4925/61 4583/4928/57
f 4586/4931/50 4583/4932/57 4584/4933/8 4587/4887/20
f 4588/4934/49 4585/4935/56 4583/4932/57 4586/4931/50
f 4589/4891/44 4586/4931/50 4587/4887/20 4543/4886/21
f 4590/4936/43 4588/4934/49 4586/4931/50 4589/4891/44
f 4592/4896/33 4590/4936/43 4589/4891/44 4546/4890/36
f 4591/4937/48 4607/4938/54 4588/4934/49 4590/4936/43
f 4593/4939/32 4591/4937/48 4590/4936/43 4592/4896/33
f 4594/4940/31 4593/4939/32 4592/4896/33 4550/4895/34
f 4595/4941/121 4594/4940/31 4550/4895/34 4552/4897/122
f 4596/4942/120 4595/4941/121 4552/4897/122 4555/4900/115
f 4597/4943/114 4596/4942/120 4555/4900/115 4558/4903/109
f 4598/4944/103 4597/4943/114 4558/4903/109 4561/4906/104
f 4599/4945/99 4598/4944/103 4561/4906/104 4564/4909/100
f 4600/4946/96 4599/4945/99 4564/4909/100 4567/4912/91
f 4601/4947/90 4600/4946/96 4567/4912/91 4570/4915/87
f 4602/4948/79 4601/4947/90 4570/4915/87 4573/4918/80
f 4603/4949/76 4602/4948/79 4573/4918/80 4576/4921/77
f 4604/4950/72 4603/4949/76 4576/4921/77 4579/4924/67
f 4605/4951/66 4604/4950/72 4579/4924/67 4582/4927/64
f 4606/4952/55 4605/4951/66 4582/4927/64 4585/4930/56
f 4607/4938/54 4606/4953/55 4585/4935/56 4588/4934/49
f 4587/4887/20 4584/4933/8 4536/4882/58 4539/4881/51
f 4584/4929/8 4581/4926/19 4533/4873/62 4536/4876/58
f 4581/4926/19 4578/4923/18 4530/4870/69 4533/4873/62
f 4578/4923/18 4575/4920/17 4527/4867/73 4530/4870/69
f 4575/4920/17 4572/4917/16 4524/4864/82 4527/4867/73
f 4572/4917/16 4569/4914/30 4521/4861/85 4524/4864/82
f 4569/4914/30 4566/4911/29 4518/4858/93 4521/4861/85
f 4566/4911/29 4563/4908/28 4515/4855/102 4518/4858/93
f 4563/4908/28 4560/4905/27 4512/4852/106 4515/4855/102
f 4560/4905/27 4557/4902/26 4509/4849/111 4512/4852/106
f 4557/4902/26 4554/4899/25 4506/4846/117 4509/4849/111
f 4554/4899/25 4548/4893/24 4503/4835/124 4506/4846/117
f 4615/4954/124 4610/4955/37 4609/4956/40 4613/4957/125
f 4610/4955/37 4656/4958/38 4611/4959/39 4609/4956/40
f 4609/4956/40 4611/4959/39 4720/4960/41 4612/4961/42
f 4613/4957/125 4609/4956/40 4612/4961/42 4614/4962/126
f 4616/4963/118 4613/4957/125 4614/4962/126 4617/4964/119
f 4618/4965/117 4615/4954/124 4613/4957/125 4616/4963/118
f 4619/4966/112 4616/4963/118 4617/4964/119 4620/4967/113
f 4621/4968/111 4618/4965/117 4616/4963/118 4619/4966/112
f 4622/4969/107 4619/4966/112 4620/4967/113 4623/4970/108
f 4624/4971/106 4621/4968/111 4619/4966/112 4622/4969/107
f 4625/4972/97 4622/4969/107 4623/4970/108 4626/4973/98
f 4627/4974/102 4624/4971/106 4622/4969/107 4625/4972/97
f 4628/4975/94 4625/4972/97 4626/4973/98 4629/4976/95
f 4630/4977/93 4627/4974/102 4625/4972/97 4628/4975/94
f 4631/4978/86 4628/4975/94 4629/4976/95 4632/4979/89
f 4633/4980/85 4630/4977/93 4628/4975/94 4631/4978/86
f 4634/4981/83 4631/4978/86 4632/4979/89 4635/4982/84
f 4636/4983/82 4633/4980/85 4631/4978/86 4634/4981/83
f 4637/4984/74 4634/4981/83 4635/4982/84 4638/4985/75
f 4639/4986/73 4636/4983/82 4634/4981/83 4637/4984/74
f 4640/4987/70 4637/4984/74 4638/4985/75 4641/4988/71
f 4642/4989/69 4639/4986/73 4637/4984/74 4640/4987/70
f 4643/4990/63 4640/4987/70 4641/4988/71 4644/4991/65
f 4645/4992/62 4642/4989/69 4640/4987/70 4643/4990/63
f 4646/4993/59 4643/4990/63 4644/4991/65 4647/4994/60
f 4648/4995/58 4645/4992/62 4643/4990/63 4646/4993/59
f 4649/4996/52 4646/4997/59 4647/4998/60 4650/4999/53
f 4651/5000/51 4648/5001/58 4646/4997/59 4649/4996/52
f 4652/5002/46 4649/4996/52 4650/4999/53 4653/5003/47
f 4654/5004/45 4651/5000/51 4649/4996/52 4652/5002/46
f 4611/4959/39 4652/5002/46 4653/5003/47 4720/4960/41
f 4656/4958/38 4654/5004/45 4652/5002/46 4611/4959/39
f 4655/5005/21 4699/5006/20 4651/5000/51 4654/5004/45
f 4657/5007/22 4655/5005/21 4654/5004/45 4656/4958/38
f 4659/5008/23 4657/5007/22 4656/4958/38 4610/4955/37
f 4658/5009/36 4701/5010/44 4655/5005/21 4657/5007/22
f 4661/5011/35 4658/5009/36 4657/5007/22 4659/5008/23
f 4660/5012/24 4659/5008/23 4610/4955/37 4615/4954/124
f 4663/5013/123 4661/5011/35 4659/5008/23 4660/5012/24
f 4662/5014/34 4704/5015/33 4658/5009/36 4661/5011/35
f 4664/5016/122 4662/5014/34 4661/5011/35 4663/5013/123
f 4665/5017/116 4663/5013/123 4660/5012/24 4666/5018/25
f 4667/5019/115 4664/5016/122 4663/5013/123 4665/5017/116
f 4668/5020/110 4665/5017/116 4666/5018/25 4669/5021/26
f 4670/5022/109 4667/5019/115 4665/5017/116 4668/5020/110
f 4671/5023/105 4668/5020/110 4669/5021/26 4672/5024/27
f 4673/5025/104 4670/5022/109 4668/5020/110 4671/5023/105
f 4674/5026/101 4671/5023/105 4672/5024/27 4675/5027/28
f 4676/5028/100 4673/5025/104 4671/5023/105 4674/5026/101
f 4677/5029/92 4674/5026/101 4675/5027/28 4678/5030/29
f 4679/5031/91 4676/5028/100 4674/5026/101 4677/5029/92
f 4680/5032/88 4677/5029/92 4678/5030/29 4681/5033/30
f 4682/5034/87 4679/5031/91 4677/5029/92 4680/5032/88
f 4683/5035/81 4680/5032/88 4681/5033/30 4684/5036/16
f 4685/5037/80 4682/5034/87 4680/5032/88 4683/5035/81
f 4686/5038/78 4683/5035/81 4684/5036/16 4687/5039/17
f 4688/5040/77 4685/5037/80 4683/5035/81 4686/5038/78
f 4689/5041/68 4686/5038/78 4687/5039/17 4690/5042/18
f 4691/5043/67 4688/5040/77 4686/5038/78 4689/5041/68
f 4692/5044/61 4689/5041/68 4690/5042/18 4693/5045/19
f 4694/5046/64 4691/5043/67 4689/5041/68 4692/5044/61
f 4695/5047/57 4692/5044/61 4693/5045/19 4696/5048/8
f 4697/5049/56 4694/5046/64 4692/5044/61 4695/5047/57
f 4698/5050/50 4695/5051/57 4696/5052/8 4699/5006/20
f 4700/5053/49 4697/5054/56 4695/5051/57 4698/5050/50
f 4701/5010/44 4698/5050/50 4699/5006/20 4655/5005/21
f 4702/5055/43 4700/5053/49 4698/5050/50 4701/5010/44
f 4704/5015/33 4702/5055/43 4701/5010/44 4658/5009/36
f 4703/5056/48 4719/5057/54 4700/5053/49 4702/5055/43
f 4705/5058/32 4703/5056/48 4702/5055/43 4704/5015/33
f 4706/5059/31 4705/5058/32 4704/5015/33 4662/5014/34
f 4707/5060/121 4706/5059/31 4662/5014/34 4664/5016/122
f 4708/5061/120 4707/5060/121 4664/5016/122 4667/5019/115
f 4709/5062/114 4708/5061/120 4667/5019/115 4670/5022/109
f 4710/5063/103 4709/5062/114 4670/5022/109 4673/5025/104
f 4711/5064/99 4710/5063/103 4673/5025/104 4676/5028/100
f 4712/5065/96 4711/5064/99 4676/5028/100 4679/5031/91
f 4713/5066/90 4712/5065/96 4679/5031/91 4682/5034/87
f 4714/5067/79 4713/5066/90 4682/5034/87 4685/5037/80
f 4715/5068/76 4714/5067/79 4685/5037/80 4688/5040/77
f 4716/5069/72 4715/5068/76 4688/5040/77 4691/5043/67
f 4717/5070/66 4716/5069/72 4691/5043/67 4694/5046/64
f 4718/5071/55 4717/5070/66 4694/5046/64 4697/5049/56
f 4719/5057/54 4718/5072/55 4697/5054/56 4700/5053/49
f 4699/5006/20 4696/5052/8 4648/5001/58 4651/5000/51
f 4696/5048/8 4693/5045/19 4645/4992/62 4648/4995/58
f 4693/5045/19 4690/5042/18 4642/4989/69 4645/4992/62
f 4690/5042/18 4687/5039/17 4639/4986/73 4642/4989/69
f 4687/5039/17 4684/5036/16 4636/4983/82 4639/4986/73
f 4684/5036/16 4681/5033/30 4633/4980/85 4636/4983/82
f 4681/5033/30 4678/5030/29 4630/4977/93 4633/4980/85
f 4678/5030/29 4675/5027/28 4627/4974/102 4630/4977/93
f 4675/5027/28 4672/5024/27 4624/4971/106 4627/4974/102
f 4672/5024/27 4669/5021/26 4621/4968/111 4624/4971/106
f 4669/5021/26 4666/5018/25 4618/4965/117 4621/4968/111
f 4666/5018/25 4660/5012/24 4615/4954/124 4618/4965/117
f 4727/5073/124 4722/5074/37 4721/5075/40 4725/5076/125
f 4722/5074/37 4768/5077/38 4723/5078/39 4721/5075/40
f 4721/5075/40 4723/5078/39 4832/5079/41 4724/5080/42
f 4725/5076/125 4721/5075/40 4724/5080/42 4726/5081/126
f 4728/5082/118 4725/5076/125 4726/5081/126 4729/5083/119
f 4730/5084/117 4727/5073/124 4725/5076/125 4728/5082/118
f 4731/5085/112 4728/5082/118 4729/5083/119 4732/5086/113
f 4733/5087/111 4730/5084/117 4728/5082/118 4731/5085/112
f 4734/5088/107 4731/5085/112 4732/5086/113 4735/5089/108
f 4736/5090/106 4733/5087/111 4731/5085/112 4734/5088/107
f 4737/5091/97 4734/5088/107 4735/5089/108 4738/5092/98
f 4739/5093/102 4736/5090/106 4734/5088/107 4737/5091/97
f 4740/5094/94 4737/5091/97 4738/5092/98 4741/5095/95
f 4742/5096/93 4739/5093/102 4737/5091/97 4740/5094/94
f 4743/5097/86 4740/5094/94 4741/5095/95 4744/5098/89
f 4745/5099/85 4742/5096/93 4740/5094/94 4743/5097/86
f 4746/5100/83 4743/5097/86 4744/5098/89 4747/5101/84
f 4748/5102/82 4745/5099/85 4743/5097/86 4746/5100/83
f 4749/5103/74 4746/5100/83 4747/5101/84 4750/5104/75
f 4751/5105/73 4748/5102/82 4746/5100/83 4749/5103/74
f 4752/5106/70 4749/5103/74 4750/5104/75 4753/5107/71
f 4754/5108/69 4751/5105/73 4749/5103/74 4752/5106/70
f 4755/5109/63 4752/5106/70 4753/5107/71 4756/5110/65
f 4757/5111/62 4754/5108/69 4752/5106/70 4755/5109/63
f 4758/5112/59 4755/5109/63 4756/5110/65 4759/5113/60
f 4760/5114/58 4757/5111/62 4755/5109/63 4758/5112/59
f 4761/5115/52 4758/5116/59 4759/5117/60 4762/5118/53
f 4763/5119/51 4760/5120/58 4758/5116/59 4761/5115/52
f 4764/5121/46 4761/5115/52 4762/5118/53 4765/5122/47
f 4766/5123/45 4763/5119/51 4761/5115/52 4764/5121/46
f 4723/5078/39 4764/5121/46 4765/5122/47 4832/5079/41
f 4768/5077/38 4766/5123/45 4764/5121/46 4723/5078/39
f 4767/5124/21 4811/5125/20 4763/5119/51 4766/5123/45
f 4769/5126/22 4767/5124/21 4766/5123/45 4768/5077/38
f 4771/5127/23 4769/5126/22 4768/5077/38 4722/5074/37
f 4770/5128/36 4813/5129/44 4767/5124/21 4769/5126/22
f 4773/5130/35 4770/5128/36 4769/5126/22 4771/5127/23
f 4772/5131/24 4771/5127/23 4722/5074/37 4727/5073/124
f 4775/5132/123 4773/5130/35 4771/5127/23 4772/5131/24
f 4774/5133/34 4816/5134/33 4770/5128/36 4773/5130/35
f 4776/5135/122 4774/5133/34 4773/5130/35 4775/5132/123
f 4777/5136/116 4775/5132/123 4772/5131/24 4778/5137/25
f 4779/5138/115 4776/5135/122 4775/5132/123 4777/5136/116
f 4780/5139/110 4777/5136/116 4778/5137/25 4781/5140/26
f 4782/5141/109 4779/5138/115 4777/5136/116 4780/5139/110
f 4783/5142/105 4780/5139/110 4781/5140/26 4784/5143/27
f 4785/5144/104 4782/5141/109 4780/5139/110 4783/5142/105
f 4786/5145/101 4783/5142/105 4784/5143/27 4787/5146/28
f 4788/5147/100 4785/5144/104 4783/5142/105 4786/5145/101
f 4789/5148/92 4786/5145/101 4787/5146/28 4790/5149/29
f 4791/5150/91 4788/5147/100 4786/5145/101 4789/5148/92
f 4792/5151/88 4789/5148/92 4790/5149/29 4793/5152/30
f 4794/5153/87 4791/5150/91 4789/5148/92 4792/5151/88
f 4795/5154/81 4792/5151/88 4793/5152/30 4796/5155/16
f 4797/5156/80 4794/5153/87 4792/5151/88 4795/5154/81
f 4798/5157/78 4795/5154/81 4796/5155/16 4799/5158/17
f 4800/5159/77 4797/5156/80 4795/5154/81 4798/5157/78
f 4801/5160/68 4798/5157/78 4799/5158/17 4802/5161/18
f 4803/5162/67 4800/5159/77 4798/5157/78 4801/5160/68
f 4804/5163/61 4801/5160/68 4802/5161/18 4805/5164/19
f 4806/5165/64 4803/5162/67 4801/5160/68 4804/5163/61
f 4807/5166/57 4804/5163/61 4805/5164/19 4808/5167/8
f 4809/5168/56 4806/5165/64 4804/5163/61 4807/5166/57
f 4810/5169/50 4807/5170/57 4808/5171/8 4811/5125/20
f 4812/5172/49 4809/5173/56 4807/5170/57 4810/5169/50
f 4813/5129/44 4810/5169/50 4811/5125/20 4767/5124/21
f 4814/5174/43 4812/5172/49 4810/5169/50 4813/5129/44
f 4816/5134/33 4814/5174/43 4813/5129/44 4770/5128/36
f 4815/5175/48 4831/5176/54 4812/5172/49 4814/5174/43
f 4817/5177/32 4815/5175/48 4814/5174/43 4816/5134/33
f 4818/5178/31 4817/5177/32 4816/5134/33 4774/5133/34
f 4819/5179/121 4818/5178/31 4774/5133/34 4776/5135/122
f 4820/5180/120 4819/5179/121 4776/5135/122 4779/5138/115
f 4821/5181/114 4820/5180/120 4779/5138/115 4782/5141/109
f 4822/5182/103 4821/5181/114 4782/5141/109 4785/5144/104
f 4823/5183/99 4822/5182/103 4785/5144/104 4788/5147/100
f 4824/5184/96 4823/5183/99 4788/5147/100 4791/5150/91
f 4825/5185/90 4824/5184/96 4791/5150/91 4794/5153/87
f 4826/5186/79 4825/5185/90 4794/5153/87 4797/5156/80
f 4827/5187/76 4826/5186/79 4797/5156/80 4800/5159/77
f 4828/5188/72 4827/5187/76 4800/5159/77 4803/5162/67
f 4829/5189/66 4828/5188/72 4803/5162/67 4806/5165/64
f 4830/5190/55 4829/5189/66 4806/5165/64 4809/5168/56
f 4831/5176/54 4830/5191/55 4809/5173/56 4812/5172/49
f 4811/5125/20 4808/5171/8 4760/5120/58 4763/5119/51
f 4808/5167/8 4805/5164/19 4757/5111/62 4760/5114/58
f 4805/5164/19 4802/5161/18 4754/5108/69 4757/5111/62
f 4802/5161/18 4799/5158/17 4751/5105/73 4754/5108/69
f 4799/5158/17 4796/5155/16 4748/5102/82 4751/5105/73
f 4796/5155/16 4793/5152/30 4745/5099/85 4748/5102/82
f 4793/5152/30 4790/5149/29 4742/5096/93 4745/5099/85
f 4790/5149/29 4787/5146/28 4739/5093/102 4742/5096/93
f 4787/5146/28 4784/5143/27 4736/5090/106 4739/5093/102
f 4784/5143/27 4781/5140/26 4733/5087/111 4736/5090/106
f 4781/5140/26 4778/5137/25 4730/5084/117 4733/5087/111
f 4778/5137/25 4772/5131/24 4727/5073/124 4730/5084/117
f 4839/5192/124 4834/5193/37 4833/5194/40 4837/5195/125
f 4834/5193/37 4880/5196/38 4835/5197/39 4833/5194/40
f 4833/5194/40 4835/5197/39 4944/5198/41 4836/5199/42
f 4837/5195/125 4833/5194/40 4836/5199/42 4838/5200/126
f 4840/5201/118 4837/5195/125 4838/5200/126 4841/5202/119
f 4842/5203/117 4839/5192/124 4837/5195/125 4840/5201/118
f 4843/5204/112 4840/5201/118 4841/5202/119 4844/5205/113
f 4845/5206/111 4842/5203/117 4840/5201/118 4843/5204/112
f 4846/5207/107 4843/5204/112 4844/5205/113 4847/5208/108
f 4848/5209/106 4845/5206/111 4843/5204/112 4846/5207/107
f 4849/5210/97 4846/5207/107 4847/5208/108 4850/5211/98
f 4851/5212/102 4848/5209/106 4846/5207/107 4849/5210/97
f 4852/5213/94 4849/5210/97 4850/5211/98 4853/5214/95
f 4854/5215/93 4851/5212/102 4849/5210/97 4852/5213/94
f 4855/5216/86 4852/5213/94 4853/5214/95 4856/5217/89
f 4857/5218/85 4854/5215/93 4852/5213/94 4855/5216/86
f 4858/5219/83 4855/5216/86 4856/5217/89 4859/5220/84
f 4860/5221/82 4857/5218/85 4855/5216/86 4858/5219/83
f 4861/5222/74 4858/5219/83 4859/5220/84 4862/5223/75
f 4863/5224/73 4860/5221/82 4858/5219/83 4861/5222/74
f 4864/5225/70 4861/5222/74 4862/5223/75 4865/5226/71
f 4866/5227/69 4863/5224/73 4861/5222/74 4864/5225/70
f 4867/5228/63 4864/5225/70 4865/5226/71 4868/5229/65
f 4869/5230/62 4866/5227/69 4864/5225/70 4867/5228/63
f 4870/5231/59 4867/5228/63 4868/5229/65 4871/5232/60
f 4872/5233/58 4869/5230/62 4867/5228/63 4870/5231/59
f 4873/5234/52 4870/5235/59 4871/5236/60 4874/5237/53
f 4875/5238/51 4872/5239/58 4870/5235/59 4873/5234/52
f 4876/5240/46 4873/5234/52 4874/5237/53 4877/5241/47
f 4878/5242/45 4875/5238/51 4873/5234/52 4876/5240/46
f 4835/5197/39 4876/5240/46 4877/5241/47 4944/5198/41
f 4880/5196/38 4878/5242/45 4876/5240/46 4835/5197/39
f 4879/5243/21 4923/5244/20 4875/5238/51 4878/5242/45
f 4881/5245/22 4879/5243/21 4878/5242/45 4880/5196/38
f 4883/5246/23 4881/5245/22 4880/5196/38 4834/5193/37
f 4882/5247/36 4925/5248/44 4879/5243/21 4881/5245/22
f 4885/5249/35 4882/5247/36 4881/5245/22 4883/5246/23
f 4884/5250/24 4883/5246/23 4834/5193/37 4839/5192/124
f 4887/5251/123 4885/5249/35 4883/5246/23 4884/5250/24
f 4886/5252/34 4928/5253/33 4882/5247/36 4885/5249/35
f 4888/5254/122 4886/5252/34 4885/5249/35 4887/5251/123
f 4889/5255/116 4887/5251/123 4884/5250/24 4890/5256/25
f 4891/5257/115 4888/5254/122 4887/5251/123 4889/5255/116
f 4892/5258/110 4889/5255/116 4890/5256/25 4893/5259/26
f 4894/5260/109 4891/5257/115 4889/5255/116 4892/5258/110
f 4895/5261/105 4892/5258/110 4893/5259/26 4896/5262/27
f 4897/5263/104 4894/5260/109 4892/5258/110 4895/5261/105
f 4898/5264/101 4895/5261/105 4896/5262/27 4899/5265/28
f 4900/5266/100 4897/5263/104 4895/5261/105 4898/5264/101
f 4901/5267/92 4898/5264/101 4899/5265/28 4902/5268/29
f 4903/5269/91 4900/5266/100 4898/5264/101 4901/5267/92
f 4904/5270/88 4901/5267/92 4902/5268/29 4905/5271/30
f 4906/5272/87 4903/5269/91 4901/5267/92 4904/5270/88
f 4907/5273/81 4904/5270/88 4905/5271/30 4908/5274/16
f 4909/5275/80 4906/5272/87 4904/5270/88 4907/5273/81
f 4910/5276/78 4907/5273/81 4908/5274/16 4911/5277/17
f 4912/5278/77 4909/5275/80 4907/5273/81 4910/5276/78
f 4913/5279/68 4910/5276/78 4911/5277/17 4914/5280/18
f 4915/5281/67 4912/5278/77 4910/5276/78 4913/5279/68
f 4916/5282/61 4913/5279/68 4914/5280/18 4917/5283/19
f 4918/5284/64 4915/5281/67 4913/5279/68 4916/5282/61
f 4919/5285/57 4916/5282/61 4917/5283/19 4920/5286/8
f 4921/5287/56 4918/5284/64 4916/5282/61 4919/5285/57
f 4922/5288/50 4919/5289/57 4920/5290/8 4923/5244/20
f 4924/5291/49 4921/5292/56 4919/5289/57 4922/5288/50
f 4925/5248/44 4922/5288/50 4923/5244/20 4879/5243/21
f 4926/5293/43 4924/5291/49 4922/5288/50 4925/5248/44
f 4928/5253/33 4926/5293/43 4925/5248/44 4882/5247/36
f 4927/5294/48 4943/5295/54 4924/5291/49 4926/5293/43
f 4929/5296/32 4927/5294/48 4926/5293/43 4928/5253/33
f 4930/5297/31 4929/5296/32 4928/5253/33 4886/5252/34
f 4931/5298/121 4930/5297/31 4886/5252/34 4888/5254/122
f 4932/5299/120 4931/5298/121 4888/5254/122 4891/5257/115
f 4933/5300/114 4932/5299/120 4891/5257/115 4894/5260/109
f 4934/5301/103 4933/5300/114 4894/5260/109 4897/5263/104
f 4935/5302/99 4934/5301/103 4897/5263/104 4900/5266/100
f 4936/5303/96 4935/5302/99 4900/5266/100 4903/5269/91
f 4937/5304/90 4936/5303/96 4903/5269/91 4906/5272/87
f 4938/5305/79 4937/5304/90 4906/5272/87 4909/5275/80
f 4939/5306/76 4938/5305/79 4909/5275/80 4912/5278/77
f 4940/5307/72 4939/5306/76 4912/5278/77 4915/5281/67
f 4941/5308/66 4940/5307/72 4915/5281/67 4918/5284/64
f 4942/5309/55 4941/5308/66 4918/5284/64 4921/5287/56
f 4943/5295/54 4942/5310/55 4921/5292/56 4924/5291/49
f 4923/5244/20 4920/5290/8 4872/5239/58 4875/5238/51
f 4920/5286/8 4917/5283/19 4869/5230/62 4872/5233/58
f 4917/5283/19 4914/5280/18 4866/5227/69 4869/5230/62
f 4914/5280/18 4911/5277/17 4863/5224/73 4866/5227/69
f 4911/5277/17 4908/5274/16 4860/5221/82 4863/5224/73
f 4908/5274/16 4905/5271/30 4857/5218/85 4860/5221/82
f 4905/5271/30 4902/5268/29 4854/5215/93 4857/5218/85
f 4902/5268/29 4899/5265/28 4851/5212/102 4854/5215/93
f 4899/5265/28 4896/5262/27 4848/5209/106 4851/5212/102
f 4896/5262/27 4893/5259/26 4845/5206/111 4848/5209/106
f 4893/5259/26 4890/5256/25 4842/5203/117 4845/5206/111
f 4890/5256/25 4884/5250/24 4839/5192/124 4842/5203/117
f 4951/5311/124 4946/5312/37 4945/5313/40 4949/5314/125
f 4946/5312/37 4992/5315/38 4947/5316/39 4945/5313/40
f 4945/5313/40 4947/5316/39 5056/5317/41 4948/5318/42
f 4949/5314/125 4945/5313/40 4948/5318/42 4950/5319/126
f 4952/5320/118 4949/5314/125 4950/5319/126 4953/5321/119
f 4954/5322/117 4951/5311/124 4949/5314/125 4952/5320/118
f 4955/5323/112 4952/5320/118 4953/5321/119 4956/5324/113
f 4957/5325/111 4954/5322/117 4952/5320/118 4955/5323/112
f 4958/5326/107 4955/5323/112 4956/5324/113 4959/5327/108
f 4960/5328/106 4957/5325/111 4955/5323/112 4958/5326/107
f 4961/5329/97 4958/5326/107 4959/5327/108 4962/5330/98
f 4963/5331/102 4960/5328/106 4958/5326/107 4961/5329/97
f 4964/5332/94 4961/5329/97 4962/5330/98 4965/5333/95
f 4966/5334/93 4963/5331/102 4961/5329/97 4964/5332/94
f 4967/5335/86 4964/5332/94 4965/5333/95 4968/5336/89
f 4969/5337/85 4966/5334/93 4964/5332/94 4967/5335/86
f 4970/5338/83 4967/5335/86 4968/5336/89 4971/5339/84
f 4972/5340/82 4969/5337/85 4967/5335/86 4970/5338/83
f 4973/5341/74 4970/5338/83 4971/5339/84 4974/5342/75
f 4975/5343/73 4972/5340/82 4970/5338/83 4973/5341/74
f 4976/5344/70 4973/5341/74 4974/5342/75 4977/5345/71
f 4978/5346/69 4975/5343/73 4973/5341/74 4976/5344/70
f 4979/5347/63 4976/5344/70 4977/5345/71 4980/5348/65
f 4981/5349/62 4978/5346/69 4976/5344/70 4979/5347/63
f 4982/5350/59 4979/5347/63 4980/5348/65 4983/5351/60
f 4984/5352/58 4981/5349/62 4979/5347/63 4982/5350/59
f 4985/5353/52 4982/5354/59 4983/5355/60 4986/5356/53
f 4987/5357/51 4984/5358/58 4982/5354/59 4985/5353/52
f 4988/5359/46 4985/5353/52 4986/5356/53 4989/5360/47
f 4990/5361/45 4987/5357/51 4985/5353/52 4988/5359/46
f 4947/5316/39 4988/5359/46 4989/5360/47 5056/5317/41
f 4992/5315/38 4990/5361/45 4988/5359/46 4947/5316/39
f 4991/5362/21 5035/5363/20 4987/5357/51 4990/5361/45
f 4993/5364/22 4991/5362/21 4990/5361/45 4992/5315/38
f 4995/5365/23 4993/5364/22 4992/5315/38 4946/5312/37
f 4994/5366/36 5037/5367/44 4991/5362/21 4993/5364/22
f 4997/5368/35 4994/5366/36 4993/5364/22 4995/5365/23
f 4996/5369/24 4995/5365/23 4946/5312/37 4951/5311/124
f 4999/5370/123 4997/5368/35 4995/5365/23 4996/5369/24
f 4998/5371/34 5040/5372/33 4994/5366/36 4997/5368/35
f 5000/5373/122 4998/5371/34 4997/5368/35 4999/5370/123
f 5001/5374/116 4999/5370/123 4996/5369/24 5002/5375/25
f 5003/5376/115 5000/5373/122 4999/5370/123 5001/5374/116
f 5004/5377/110 5001/5374/116 5002/5375/25 5005/5378/26
f 5006/5379/109 5003/5376/115 5001/5374/116 5004/5377/110
f 5007/5380/105 5004/5377/110 5005/5378/26 5008/5381/27
f 5009/5382/104 5006/5379/109 5004/5377/110 5007/5380/105
f 5010/5383/101 5007/5380/105 5008/5381/27 5011/5384/28
f 5012/5385/100 5009/5382/104 5007/5380/105 5010/5383/101
f 5013/5386/92 5010/5383/101 5011/5384/28 5014/5387/29
f 5015/5388/91 5012/5385/100 5010/5383/101 5013/5386/92
f 5016/5389/88 5013/5386/92 5014/5387/29 5017/5390/30
f 5018/5391/87 5015/5388/91 5013/5386/92 5016/5389/88
f 5019/5392/81 5016/5389/88 5017/5390/30 5020/5393/16
f 5021/5394/80 5018/5391/87 5016/5389/88 5019/5392/81
f 5022/5395/78 5019/5392/81 5020/5393/16 5023/5396/17
f 5024/5397/77 5021/5394/80 5019/5392/81 5022/5395/78
f 5025/5398/68 5022/5395/78 5023/5396/17 5026/5399/18
f 5027/5400/67 5024/5397/77 5022/5395/78 5025/5398/68
f 5028/5401/61 5025/5398/68 5026/5399/18 5029/5402/19
f 5030/5403/64 5027/5400/67 5025/5398/68 5028/5401/61
f 5031/5404/57 5028/5401/61 5029/5402/19 5032/5405/8
f 5033/5406/56 5030/5403/64 5028/5401/61 5031/5404/57
f 5034/5407/50 5031/5408/57 5032/5409/8 5035/5363/20
f 5036/5410/49 5033/5411/56 5031/5408/57 5034/5407/50
f 5037/5367/44 5034/5407/50 5035/5363/20 4991/5362/21
f 5038/5412/43 5036/5410/49 5034/5407/50 5037/5367/44
f 5040/5372/33 5038/5412/43 5037/5367/44 4994/5366/36
f 5039/5413/48 5055/5414/54 5036/5410/49 5038/5412/43
f 5041/5415/32 5039/5413/48 5038/5412/43 5040/5372/33
f 5042/5416/31 5041/5415/32 5040/5372/33 4998/5371/34
f 5043/5417/121 5042/5416/31 4998/5371/34 5000/5373/122
f 5044/5418/120 5043/5417/121 5000/5373/122 5003/5376/115
f 5045/5419/114 5044/5418/120 5003/5376/115 5006/5379/109
f 5046/5420/103 5045/5419/114 5006/5379/109 5009/5382/104
f 5047/5421/99 5046/5420/103 5009/5382/104 5012/5385/100
f 5048/5422/96 5047/5421/99 5012/5385/100 5015/5388/91
f 5049/5423/90 5048/5422/96 5015/5388/91 5018/5391/87
f 5050/5424/79 5049/5423/90 5018/5391/87 5021/5394/80
f 5051/5425/76 5050/5424/79 5021/5394/80 5024/5397/77
f 5052/5426/72 5051/5425/76 5024/5397/77 5027/5400/67
f 5053/5427/66 5052/5426/72 5027/5400/67 5030/5403/64
f 5054/5428/55 5053/5427/66 5030/5403/64 5033/5406/56
f 5055/5414/54 5054/5429/55 5033/5411/56 5036/5410/49
f 5035/5363/20 5032/5409/8 4984/5358/58 4987/5357/51
f 5032/5405/8 5029/5402/19 4981/5349/62 4984/5352/58
f 5029/5402/19 5026/5399/18 4978/5346/69 4981/5349/62
f 5026/5399/18 5023/5396/17 4975/5343/73 4978/5346/69
f 5023/5396/17 5020/5393/16 4972/5340/82 4975/5343/73
f 5020/5393/16 5017/5390/30 4969/5337/85 4972/5340/82
f 5017/5390/30 5014/5387/29 4966/5334/93 4969/5337/85
f 5014/5387/29 5011/5384/28 4963/5331/102 4966/5334/93
f 5011/5384/28 5008/5381/27 4960/5328/106 4963/5331/102
f 5008/5381/27 5005/5378/26 4957/5325/111 4960/5328/106
f 5005/5378/26 5002/5375/25 4954/5322/117 4957/5325/111
f 5002/5375/25 4996/5369/24 4951/5311/124 4954/5322/117
f 5063/5430/124 5058/5431/37 5057/5432/40 5061/5433/125
f 5058/5431/37 5104/5434/38 5059/5435/39 5057/5432/40
f 5057/5432/40 5059/5435/39 5168/5436/41 5060/5437/42
f 5061/5433/125 5057/5432/40 5060/5437/42 5062/5438/126
f 5064/5439/118 5061/5433/125 5062/5438/126 5065/5440/119
f 5066/5441/117 5063/5430/124 5061/5433/125 5064/5439/118
f 5067/5442/112 5064/5439/118 5065/5440/119 5068/5443/113
f 5069/5444/111 5066/5441/117 5064/5439/118 5067/5442/112
f 5070/5445/107 5067/5442/112 5068/5443/113 5071/5446/108
f 5072/5447/106 5069/5444/111 5067/5442/112 5070/5445/107
f 5073/5448/97 5070/5445/107 5071/5446/108 5074/5449/98
f 5075/5450/102 5072/5447/106 5070/5445/107 5073/5448/97
f 5076/5451/94 5073/5448/97 5074/5449/98 5077/5452/95
f 5078/5453/93 5075/5450/102 5073/5448/97 5076/5451/94
f 5079/5454/86 5076/5451/94 5077/5452/95 5080/5455/89
f 5081/5456/85 5078/5453/93 5076/5451/94 5079/5454/86
f 5082/5457/83 5079/5454/86 5080/5455/89 5083/5458/84
f 5084/5459/82 5081/5456/85 5079/5454/86 5082/5457/83
f 5085/5460/74 5082/5457/83 5083/5458/84 5086/5461/75
f 5087/5462/73 5084/5459/82 5082/5457/83 5085/5460/74
f 5088/5463/70 5085/5460/74 5086/5461/75 5089/5464/71
f 5090/5465/69 5087/5462/73 5085/5460/74 5088/5463/70
f 5091/5466/63 5088/5463/70 5089/5464/71 5092/5467/65
f 5093/5468/62 5090/5465/69 5088/5463/70 5091/5466/63
f 5094/5469/59 5091/5466/63 5092/5467/65 5095/5470/60
f 5096/5471/58 5093/5468/62 5091/5466/63 5094/5469/59
f 5097/5472/52 5094/5473/59 5095/5474/60 5098/5475/53
f 5099/5476/51 5096/5477/58 5094/5473/59 5097/5472/52
f 5100/5478/46 5097/5472/52 5098/5475/53 5101/5479/47
f 5102/5480/45 5099/5476/51 5097/5472/52 5100/5478/46
f 5059/5435/39 5100/5478/46 5101/5479/47 5168/5436/41
f 5104/5434/38 5102/5480/45 5100/5478/46 5059/5435/39
f 5103/5481/21 5147/5482/20 5099/5476/51 5102/5480/45
f 5105/5483/22 5103/5481/21 5102/5480/45 5104/5434/38
f 5107/5484/23 5105/5483/22 5104/5434/38 5058/5431/37
f 5106/5485/36 5149/5486/44 5103/5481/21 5105/5483/22
f 5109/5487/35 5106/5485/36 5105/5483/22 5107/5484/23
f 5108/5488/24 5107/5484/23 5058/5431/37 5063/5430/124
f 5111/5489/123 5109/5487/35 5107/5484/23 5108/5488/24
f 5110/5490/34 5152/5491/33 5106/5485/36 5109/5487/35
f 5112/5492/122 5110/5490/34 5109/5487/35 5111/5489/123
f 5113/5493/116 5111/5489/123 5108/5488/24 5114/5494/25
f 5115/5495/115 5112/5492/122 5111/5489/123 5113/5493/116
f 5116/5496/110 5113/5493/116 5114/5494/25 5117/5497/26
f 5118/5498/109 5115/5495/115 5113/5493/116 5116/5496/110
f 5119/5499/105 5116/5496/110 5117/5497/26 5120/5500/27
f 5121/5501/104 5118/5498/109 5116/5496/110 5119/5499/105
f 5122/5502/101 5119/5499/105 5120/5500/27 5123/5503/28
f 5124/5504/100 5121/5501/104 5119/5499/105 5122/5502/101
f 5125/5505/92 5122/5502/101 5123/5503/28 5126/5506/29
f 5127/5507/91 5124/5504/100 5122/5502/101 5125/5505/92
f 5128/5508/88 5125/5505/92 5126/5506/29 5129/5509/30
f 5130/5510/87 5127/5507/91 5125/5505/92 5128/5508/88
f 5131/5511/81 5128/5508/88 5129/5509/30 5132/5512/16
f 5133/5513/80 5130/5510/87 5128/5508/88 5131/5511/81
f 5134/5514/78 5131/5511/81 5132/5512/16 5135/5515/17
f 5136/5516/77 5133/5513/80 5131/5511/81 5134/5514/78
f 5137/5517/68 5134/5514/78 5135/5515/17 5138/5518/18
f 5139/5519/67 5136/5516/77 5134/5514/78 5137/5517/68
f 5140/5520/61 5137/5517/68 5138/5518/18 5141/5521/19
f 5142/5522/64 5139/5519/67 5137/5517/68 5140/5520/61
f 5143/5523/57 5140/5520/61 5141/5521/19 5144/5524/8
f 5145/5525/56 5142/5522/64 5140/5520/61 5143/5523/57
f 5146/5526/50 5143/5527/57 5144/5528/8 5147/5482/20
f 5148/5529/49 5145/5530/56 5143/5527/57 5146/5526/50
f 5149/5486/44 5146/5526/50 5147/5482/20 5103/5481/21
f 5150/5531/43 5148/5529/49 5146/5526/50 5149/5486/44
f 5152/5491/33 5150/5531/43 5149/5486/44 5106/5485/36
f 5151/5532/48 5167/5533/54 5148/5529/49 5150/5531/43
f 5153/5534/32 5151/5532/48 5150/5531/43 5152/5491/33
f 5154/5535/31 5153/5534/32 5152/5491/33 5110/5490/34
f 5155/5536/121 5154/5535/31 5110/5490/34 5112/5492/122
f 5156/5537/120 5155/5536/121 5112/5492/122 5115/5495/115
f 5157/5538/114 5156/5537/120 5115/5495/115 5118/5498/109
f 5158/5539/103 5157/5538/114 5118/5498/109 5121/5501/104
f 5159/5540/99 5158/5539/103 5121/5501/104 5124/5504/100
f 5160/5541/96 5159/5540/99 5124/5504/100 5127/5507/91
f 5161/5542/90 5160/5541/96 5127/5507/91 5130/5510/87
f 5162/5543/79 5161/5542/90 5130/5510/87 5133/5513/80
f 5163/5544/76 5162/5543/79 5133/5513/80 5136/5516/77
f 5164/5545/72 5163/5544/76 5136/5516/77 5139/5519/67
f 5165/5546/66 5164/5545/72 5139/5519/67 5142/5522/64
f 5166/5547/55 5165/5546/66 5142/5522/64 5145/5525/56
f 5167/5533/54 5166/5548/55 5145/5530/56 5148/5529/49
f 5147/5482/20 5144/5528/8 5096/5477/58 5099/5476/51
f 5144/5524/8 5141/5521/19 5093/5468/62 5096/5471/58
f 5141/5521/19 5138/5518/18 5090/5465/69 5093/5468/62
f 5138/5518/18 5135/5515/17 5087/5462/73 5090/5465/69
f 5135/5515/17 5132/5512/16 5084/5459/82 5087/5462/73
f 5132/5512/16 5129/5509/30 5081/5456/85 5084/5459/82
f 5129/5509/30 5126/5506/29 5078/5453/93 5081/5456/85
f 5126/5506/29 5123/5503/28 5075/5450/102 5078/5453/93
f 5123/5503/28 5120/5500/27 5072/5447/106 5075/5450/102
f 5120/5500/27 5117/5497/26 5069/5444/111 5072/5447/106
f 5117/5497/26 5114/5494/25 5066/5441/117 5069/5444/111
f 5114/5494/25 5108/5488/24 5063/5430/124 5066/5441/117
f 5175/5549/124 5170/5550/37 5169/5551/40 5173/5552/125
f 5170/5550/37 5216/5553/38 5171/5554/39 5169/5551/40
f 5169/5551/40 5171/5554/39 5280/5555/41 5172/5556/42
f 5173/5552/125 5169/5551/40 5172/5556/42 5174/5557/126
f 5176/5558/118 5173/5552/125 5174/5557/126 5177/5559/119
f 5178/5560/117 5175/5549/124 5173/5552/125 5176/5558/118
f 5179/5561/112 5176/5558/118 5177/5559/119 5180/5562/113
f 5181/5563/111 5178/5560/117 5176/5558/118 5179/5561/112
f 5182/5564/107 5179/5561/112 5180/5562/113 5183/5565/108
f 5184/5566/106 5181/5563/111 5179/5561/112 5182/5564/107
f 5185/5567/97 5182/5564/107 5183/5565/108 5186/5568/98
f 5187/5569/102 5184/5566/106 5182/5564/107 5185/5567/97
f 5188/5570/94 5185/5567/97 5186/5568/98 5189/5571/95
f 5190/5572/93 5187/5569/102 5185/5567/97 5188/5570/94
f 5191/5573/86 5188/5570/94 5189/5571/95 5192/5574/89
f 5193/5575/85 5190/5572/93 5188/5570/94 5191/5573/86
f 5194/5576/83 5191/5573/86 5192/5574/89 5195/5577/84
f 5196/5578/82 5193/5575/85 5191/5573/86 5194/5576/83
f 5197/5579/74 5194/5576/83 5195/5577/84 5198/5580/75
f 5199/5581/73 5196/5578/82 5194/5576/83 5197/5579/74
f 5200/5582/70 5197/5579/74 5198/5580/75 5201/5583/71
f 5202/5584/69 5199/5581/73 5197/5579/74 5200/5582/70
f 5203/5585/63 5200/5582/70 5201/5583/71 5204/5586/65
f 5205/5587/62 5202/5584/69 5200/5582/70 5203/5585/63
f 5206/5588/59 5203/5585/63 5204/5586/65 5207/5589/60
f 5208/5590/58 5205/5587/62 5203/5585/63 5206/5588/59
f 5209/5591/52 5206/5592/59 5207/5593/60 5210/5594/53
f 5211/5595/51 5208/5596/58 5206/5592/59 5209/5591/52
f 5212/5597/46 5209/5591/52 5210/5594/53 5213/5598/47
f 5214/5599/45 5211/5595/51 5209/5591/52 5212/5597/46
f 5171/5554/39 5212/5597/46 5213/5598/47 5280/5555/41
f 5216/5553/38 5214/5599/45 5212/5597/46 5171/5554/39
f 5215/5600/21 5259/5601/20 5211/5595/51 5214/5599/45
f 5217/5602/22 5215/5600/21 5214/5599/45 5216/5553/38
f 5219/5603/23 5217/5602/22 5216/5553/38 5170/5550/37
f 5218/5604/36 5261/5605/44 5215/5600/21 5217/5602/22
f 5221/5606/35 5218/5604/36 5217/5602/22 5219/5603/23
f 5220/5607/24 5219/5603/23 5170/5550/37 5175/5549/124
f 5223/5608/123 5221/5606/35 5219/5603/23 5220/5607/24
f 5222/5609/34 5264/5610/33 5218/5604/36 5221/5606/35
f 5224/5611/122 5222/5609/34 5221/5606/35 5223/5608/123
f 5225/5612/116 5223/5608/123 5220/5607/24 5226/5613/25
f 5227/5614/115 5224/5611/122 5223/5608/123 5225/5612/116
f 5228/5615/110 5225/5612/116 5226/5613/25 5229/5616/26
f 5230/5617/109 5227/5614/115 5225/5612/116 5228/5615/110
f 5231/5618/105 5228/5615/110 5229/5616/26 5232/5619/27
f 5233/5620/104 5230/5617/109 5228/5615/110 5231/5618/105
f 5234/5621/101 5231/5618/105 5232/5619/27 5235/5622/28
f 5236/5623/100 5233/5620/104 5231/5618/105 5234/5621/101
f 5237/5624/92 5234/5621/101 5235/5622/28 5238/5625/29
f 5239/5626/91 5236/5623/100 5234/5621/101 5237/5624/92
f 5240/5627/88 5237/5624/92 5238/5625/29 5241/5628/30
f 5242/5629/87 5239/5626/91 5237/5624/92 5240/5627/88
f 5243/5630/81 5240/5627/88 5241/5628/30 5244/5631/16
f 5245/5632/80 5242/5629/87 5240/5627/88 5243/5630/81
f 5246/5633/78 5243/5630/81 5244/5631/16 5247/5634/17
f 5248/5635/77 5245/5632/80 5243/5630/81 5246/5633/78
f 5249/5636/68 5246/5633/78 5247/5634/17 5250/5637/18
f 5251/5638/67 5248/5635/77 5246/5633/78 5249/5636/68
f 5252/5639/61 5249/5636/68 5250/5637/18 5253/5640/19
f 5254/5641/64 5251/5638/67 5249/5636/68 5252/5639/61
f 5255/5642/57 5252/5639/61 5253/5640/19 5256/5643/8
f 5257/5644/56 5254/5641/64 5252/5639/61 5255/5642/57
f 5258/5645/50 5255/5646/57 5256/5647/8 5259/5601/20
f 5260/5648/49 5257/5649/56 5255/5646/57 5258/5645/50
f 5261/5605/44 5258/5645/50 5259/5601/20 5215/5600/21
f 5262/5650/43 5260/5648/49 5258/5645/50 5261/5605/44
f 5264/5610/33 5262/5650/43 5261/5605/44 5218/5604/36
f 5263/5651/48 5279/5652/54 5260/5648/49 5262/5650/43
f 5265/5653/32 5263/5651/48 5262/5650/43 5264/5610/33
f 5266/5654/31 5265/5653/32 5264/5610/33 5222/5609/34
f 5267/5655/121 5266/5654/31 5222/5609/34 5224/5611/122
f 5268/5656/120 5267/5655/121 5224/5611/122 5227/5614/115
f 5269/5657/114 5268/5656/120 5227/5614/115 5230/5617/109
f 5270/5658/103 5269/5657/114 5230/5617/109 5233/5620/104
f 5271/5659/99 5270/5658/103 5233/5620/104 5236/5623/100
f 5272/5660/96 5271/5659/99 5236/5623/100 5239/5626/91
f 5273/5661/90 5272/5660/96 5239/5626/91 5242/5629/87
f 5274/5662/79 5273/5661/90 5242/5629/87 5245/5632/80
f 5275/5663/76 5274/5662/79 5245/5632/80 5248/5635/77
f 5276/5664/72 5275/5663/76 5248/5635/77 5251/5638/67
f 5277/5665/66 5276/5664/72 5251/5638/67 5254/5641/64
f 5278/5666/55 5277/5665/66 5254/5641/64 5257/5644/56
f 5279/5652/54 5278/5667/55 5257/5649/56 5260/5648/49
f 5259/5601/20 5256/5647/8 5208/5596/58 5211/5595/51
f 5256/5643/8 5253/5640/19 5205/5587/62 5208/5590/58
f 5253/5640/19 5250/5637/18 5202/5584/69 5205/5587/62
f 5250/5637/18 5247/5634/17 5199/5581/73 5202/5584/69
f 5247/5634/17 5244/5631/16 5196/5578/82 5199/5581/73
f 5244/5631/16 5241/5628/30 5193/5575/85 5196/5578/82
f 5241/5628/30 5238/5625/29 5190/5572/93 5193/5575/85
f 5238/5625/29 5235/5622/28 5187/5569/102 5190/5572/93
f 5235/5622/28 5232/5619/27 5184/5566/106 5187/5569/102
f 5232/5619/27 5229/5616/26 5181/5563/111 5184/5566/106
f 5229/5616/26 5226/5613/25 5178/5560/117 5181/5563/111
f 5226/5613/25 5220/5607/24 5175/5549/124 5178/5560/117
f 5287/5668/124 5282/5669/37 5281/5670/40 5285/5671/125
f 5282/5669/37 5328/5672/38 5283/5673/39 5281/5670/40
f 5281/5670/40 5283/5673/39 5392/5674/41 5284/5675/42
f 5285/5671/125 5281/5670/40 5284/5675/42 5286/5676/126
f 5288/5677/118 5285/5671/125 5286/5676/126 5289/5678/119
f 5290/5679/117 5287/5668/124 5285/5671/125 5288/5677/118
f 5291/5680/112 5288/5677/118 5289/5678/119 5292/5681/113
f 5293/5682/111 5290/5679/117 5288/5677/118 5291/5680/112
f 5294/5683/107 5291/5680/112 5292/5681/113 5295/5684/108
f 5296/5685/106 5293/5682/111 5291/5680/112 5294/5683/107
f 5297/5686/97 5294/5683/107 5295/5684/108 5298/5687/98
f 5299/5688/102 5296/5685/106 5294/5683/107 5297/5686/97
f 5300/5689/94 5297/5686/97 5298/5687/98 5301/5690/95
f 5302/5691/93 5299/5688/102 5297/5686/97 5300/5689/94
f 5303/5692/86 5300/5689/94 5301/5690/95 5304/5693/89
f 5305/5694/85 5302/5691/93 5300/5689/94 5303/5692/86
f 5306/5695/83 5303/5692/86 5304/5693/89 5307/5696/84
f 5308/5697/82 5305/5694/85 5303/5692/86 5306/5695/83
f 5309/5698/74 5306/5695/83 5307/5696/84 5310/5699/75
f 5311/5700/73 5308/5697/82 5306/5695/83 5309/5698/74
f 5312/5701/70 5309/5698/74 5310/5699/75 5313/5702/71
f 5314/5703/69 5311/5700/73 5309/5698/74 5312/5701/70
f 5315/5704/63 5312/5701/70 5313/5702/71 5316/5705/65
f 5317/5706/62 5314/5703/69 5312/5701/70 5315/5704/63
f 5318/5707/59 5315/5704/63 5316/5705/65 5319/5708/60
f 5320/5709/58 5317/5706/62 5315/5704/63 5318/5707/59
f 5321/5710/52 5318/5711/59 5319/5712/60 5322/5713/53
f 5323/5714/51 5320/5715/58 5318/5711/59 5321/5710/52
f 5324/5716/46 5321/5710/52 5322/5713/53 5325/5717/47
f 5326/5718/45 5323/5714/51 5321/5710/52 5324/5716/46
f 5283/5673/39 5324/5716/46 5325/5717/47 5392/5674/41
f 5328/5672/38 5326/5718/45 5324/5716/46 5283/5673/39
f 5327/5719/21 5371/5720/20 5323/5714/51 5326/5718/45
f 5329/5721/22 5327/5719/21 5326/5718/45 5328/5672/38
f 5331/5722/23 5329/5721/22 5328/5672/38 5282/5669/37
f 5330/5723/36 5373/5724/44 5327/5719/21 5329/5721/22
f 5333/5725/35 5330/5723/36 5329/5721/22 5331/5722/23
f 5332/5726/24 5331/5722/23 5282/5669/37 5287/5668/124
f 5335/5727/123 5333/5725/35 5331/5722/23 5332/5726/24
f 5334/5728/34 5376/5729/33 5330/5723/36 5333/5725/35
f 5336/5730/122 5334/5728/34 5333/5725/35 5335/5727/123
f 5337/5731/116 5335/5727/123 5332/5726/24 5338/5732/25
f 5339/5733/115 5336/5730/122 5335/5727/123 5337/5731/116
f 5340/5734/110 5337/5731/116 5338/5732/25 5341/5735/26
f 5342/5736/109 5339/5733/115 5337/5731/116 5340/5734/110
f 5343/5737/105 5340/5734/110 5341/5735/26 5344/5738/27
f 5345/5739/104 5342/5736/109 5340/5734/110 5343/5737/105
f 5346/5740/101 5343/5737/105 5344/5738/27 5347/5741/28
f 5348/5742/100 5345/5739/104 5343/5737/105 5346/5740/101
f 5349/5743/92 5346/5740/101 5347/5741/28 5350/5744/29
f 5351/5745/91 5348/5742/100 5346/5740/101 5349/5743/92
f 5352/5746/88 5349/5743/92 5350/5744/29 5353/5747/30
f 5354/5748/87 5351/5745/91 5349/5743/92 5352/5746/88
f 5355/5749/81 5352/5746/88 5353/5747/30 5356/5750/16
f 5357/5751/80 5354/5748/87 5352/5746/88 5355/5749/81
f 5358/5752/78 5355/5749/81 5356/5750/16 5359/5753/17
f 5360/5754/77 5357/5751/80 5355/5749/81 5358/5752/78
f 5361/5755/68 5358/5752/78 5359/5753/17 5362/5756/18
f 5363/5757/67 5360/5754/77 5358/5752/78 5361/5755/68
f 5364/5758/61 5361/5755/68 5362/5756/18 5365/5759/19
f 5366/5760/64 5363/5757/67 5361/5755/68 5364/5758/61
f 5367/5761/57 5364/5758/61 5365/5759/19 5368/5762/8
f 5369/5763/56 5366/5760/64 5364/5758/61 5367/5761/57
f 5370/5764/50 5367/5765/57 5368/5766/8 5371/5720/20
f 5372/5767/49 5369/5768/56 5367/5765/57 5370/5764/50
f 5373/5724/44 5370/5764/50 5371/5720/20 5327/5719/21
f 5374/5769/43 5372/5767/49 5370/5764/50 5373/5724/44
f 5376/5729/33 5374/5769/43 5373/5724/44 5330/5723/36
f 5375/5770/48 5391/5771/54 5372/5767/49 5374/5769/43
f 5377/5772/32 5375/5770/48 5374/5769/43 5376/5729/33
f 5378/5773/31 5377/5772/32 5376/5729/33 5334/5728/34
f 5379/5774/121 5378/5773/31 5334/5728/34 5336/5730/122
f 5380/5775/120 5379/5774/121 5336/5730/122 5339/5733/115
f 5381/5776/114 5380/5775/120 5339/5733/115 5342/5736/109
f 5382/5777/103 5381/5776/114 5342/5736/109 5345/5739/104
f 5383/5778/99 5382/5777/103 5345/5739/104 5348/5742/100
f 5384/5779/96 5383/5778/99 5348/5742/100 5351/5745/91
f 5385/5780/90 5384/5779/96 5351/5745/91 5354/5748/87
f 5386/5781/79 5385/5780/90 5354/5748/87 5357/5751/80
f 5387/5782/76 5386/5781/79 5357/5751/80 5360/5754/77
f 5388/5783/72 5387/5782/76 5360/5754/77 5363/5757/67
f 5389/5784/66 5388/5783/72 5363/5757/67 5366/5760/64
f 5390/5785/55 5389/5784/66 5366/5760/64 5369/5763/56
f 5391/5771/54 5390/5786/55 5369/5768/56 5372/5767/49
f 5371/5720/20 5368/5766/8 5320/5715/58 5323/5714/51
f 5368/5762/8 5365/5759/19 5317/5706/62 5320/5709/58
f 5365/5759/19 5362/5756/18 5314/5703/69 5317/5706/62
f 5362/5756/18 5359/5753/17 5311/5700/73 5314/5703/69
f 5359/5753/17 5356/5750/16 5308/5697/82 5311/5700/73
f 5356/5750/16 5353/5747/30 5305/5694/85 5308/5697/82
f 5353/5747/30 5350/5744/29 5302/5691/93 5305/5694/85
f 5350/5744/29 5347/5741/28 5299/5688/102 5302/5691/93
f 5347/5741/28 5344/5738/27 5296/5685/106 5299/5688/102
f 5344/5738/27 5341/5735/26 5293/5682/111 5296/5685/106
f 5341/5735/26 5338/5732/25 5290/5679/117 5293/5682/111
f 5338/5732/25 5332/5726/24 5287/5668/124 5290/5679/117
f 5399/5787/124 5394/5788/37 5393/5789/40 5397/5790/125
f 5394/5788/37 5440/5791/38 5395/5792/39 5393/5789/40
f 5393/5789/40 5395/5792/39 5504/5793/41 5396/5794/42
f 5397/5790/125 5393/5789/40 5396/5794/42 5398/5795/126
f 5400/5796/118 5397/5790/125 5398/5795/126 5401/5797/119
f 5402/5798/117 5399/5787/124 5397/5790/125 5400/5796/118
f 5403/5799/112 5400/5796/118 5401/5797/119 5404/5800/113
f 5405/5801/111 5402/5798/117 5400/5796/118 5403/5799/112
f 5406/5802/107 5403/5799/112 5404/5800/113 5407/5803/108
f 5408/5804/106 5405/5801/111 5403/5799/112 5406/5802/107
f 5409/5805/97 5406/5802/107 5407/5803/108 5410/5806/98
f 5411/5807/102 5408/5804/106 5406/5802/107 5409/5805/97
f 5412/5808/94 5409/5805/97 5410/5806/98 5413/5809/95
f 5414/5810/93 5411/5807/102 5409/5805/97 5412/5808/94
f 5415/5811/86 5412/5808/94 5413/5809/95 5416/5812/89
f 5417/5813/85 5414/5810/93 5412/5808/94 5415/5811/86
f 5418/5814/83 5415/5811/86 5416/5812/89 5419/5815/84
f 5420/5816/82 5417/5813/85 5415/5811/86 5418/5814/83
f 5421/5817/74 5418/5814/83 5419/5815/84 5422/5818/75
f 5423/5819/73 5420/5816/82 5418/5814/83 5421/5817/74
f 5424/5820/70 5421/5817/74 5422/5818/75 5425/5821/71
f 5426/5822/69 5423/5819/73 5421/5817/74 5424/5820/70
f 5427/5823/63 5424/5820/70 5425/5821/71 5428/5824/65
f 5429/5825/62 5426/5822/69 5424/5820/70 5427/5823/63
f 5430/5826/59 5427/5823/63 5428/5824/65 5431/5827/60
f 5432/5828/58 5429/5825/62 5427/5823/63 5430/5826/59
f 5433/5829/52 5430/5830/59 5431/5831/60 5434/5832/53
f 5435/5833/51 5432/5834/58 5430/5830/59 5433/5829/52
f 5436/5835/46 5433/5829/52 5434/5832/53 5437/5836/47
f 5438/5837/45 5435/5833/51 5433/5829/52 5436/5835/46
f 5395/5792/39 5436/5835/46 5437/5836/47 5504/5793/41
f 5440/5791/38 5438/5837/45 5436/5835/46 5395/5792/39
f 5439/5838/21 5483/5839/20 5435/5833/51 5438/5837/45
f 5441/5840/22 5439/5838/21 5438/5837/45 5440/5791/38
f 5443/5841/23 5441/5840/22 5440/5791/38 5394/5788/37
f 5442/5842/36 5485/5843/44 5439/5838/21 5441/5840/22
f 5445/5844/35 5442/5842/36 5441/5840/22 5443/5841/23
f 5444/5845/24 5443/5841/23 5394/5788/37 5399/5787/124
f 5447/5846/123 5445/5844/35 5443/5841/23 5444/5845/24
f 5446/5847/34 5488/5848/33 5442/5842/36 5445/5844/35
f 5448/5849/122 5446/5847/34 5445/5844/35 5447/5846/123
f 5449/5850/116 5447/5846/123 5444/5845/24 5450/5851/25
f 5451/5852/115 5448/5849/122 5447/5846/123 5449/5850/116
f 5452/5853/110 5449/5850/116 5450/5851/25 5453/5854/26
f 5454/5855/109 5451/5852/115 5449/5850/116 5452/5853/110
f 5455/5856/105 5452/5853/110 5453/5854/26 5456/5857/27
f 5457/5858/104 5454/5855/109 5452/5853/110 5455/5856/105
f 5458/5859/101 5455/5856/105 5456/5857/27 5459/5860/28
f 5460/5861/100 5457/5858/104 5455/5856/105 5458/5859/101
f 5461/5862/92 5458/5859/101 5459/5860/28 5462/5863/29
f 5463/5864/91 5460/5861/100 5458/5859/101 5461/5862/92
f 5464/5865/88 5461/5862/92 5462/5863/29 5465/5866/30
f 5466/5867/87 5463/5864/91 5461/5862/92 5464/5865/88
f 5467/5868/81 5464/5865/88 5465/5866/30 5468/5869/16
f 5469/5870/80 5466/5867/87 5464/5865/88 5467/5868/81
f 5470/5871/78 5467/5868/81 5468/5869/16 5471/5872/17
f 5472/5873/77 5469/5870/80 5467/5868/81 5470/5871/78
f 5473/5874/68 5470/5871/78 5471/5872/17 5474/5875/18
f 5475/5876/67 5472/5873/77 5470/5871/78 5473/5874/68
f 5476/5877/61 5473/5874/68 5474/5875/18 5477/5878/19
f 5478/5879/64 5475/5876/67 5473/5874/68 5476/5877/61
f 5479/5880/57 5476/5877/61 5477/5878/19 5480/5881/8
f 5481/5882/56 5478/5879/64 5476/5877/61 5479/5880/57
f 5482/5883/50 5479/5884/57 5480/5885/8 5483/5839/20
f 5484/5886/49 5481/5887/56 5479/5884/57 5482/5883/50
f 5485/5843/44 5482/5883/50 5483/5839/20 5439/5838/21
f 5486/5888/43 5484/5886/49 5482/5883/50 5485/5843/44
f 5488/5848/33 5486/5888/43 5485/5843/44 5442/5842/36
f 5487/5889/48 5503/5890/54 5484/5886/49 5486/5888/43
f 5489/5891/32 5487/5889/48 5486/5888/43 5488/5848/33
f 5490/5892/31 5489/5891/32 5488/5848/33 5446/5847/34
f 5491/5893/121 5490/5892/31 5446/5847/34 5448/5849/122
f 5492/5894/120 5491/5893/121 5448/5849/122 5451/5852/115
f 5493/5895/114 5492/5894/120 5451/5852/115 5454/5855/109
f 5494/5896/103 5493/5895/114 5454/5855/109 5457/5858/104
f 5495/5897/99 5494/5896/103 5457/5858/104 5460/5861/100
f 5496/5898/96 5495/5897/99 5460/5861/100 5463/5864/91
f 5497/5899/90 5496/5898/96 5463/5864/91 5466/5867/87
f 5498/5900/79 5497/5899/90 5466/5867/87 5469/5870/80
f 5499/5901/76 5498/5900/79 5469/5870/80 5472/5873/77
f 5500/5902/72 5499/5901/76 5472/5873/77 5475/5876/67
f 5501/5903/66 5500/5902/72 5475/5876/67 5478/5879/64
f 5502/5904/55 5501/5903/66 5478/5879/64 5481/5882/56
f 5503/5890/54 5502/5905/55 5481/5887/56 5484/5886/49
f 5483/5839/20 5480/5885/8 5432/5834/58 5435/5833/51
f 5480/5881/8 5477/5878/19 5429/5825/62 5432/5828/58
f 5477/5878/19 5474/5875/18 5426/5822/69 5429/5825/62
f 5474/5875/18 5471/5872/17 5423/5819/73 5426/5822/69
f 5471/5872/17 5468/5869/16 5420/5816/82 5423/5819/73
f 5468/5869/16 5465/5866/30 5417/5813/85 5420/5816/82
f 5465/5866/30 5462/5863/29 5414/5810/93 5417/5813/85
f 5462/5863/29 5459/5860/28 5411/5807/102 5414/5810/93
f 5459/5860/28 5456/5857/27 5408/5804/106 5411/5807/102
f 5456/5857/27 5453/5854/26 5405/5801/111 5408/5804/106
f 5453/5854/26 5450/5851/25 5402/5798/117 5405/5801/111
f 5450/5851/25 5444/5845/24 5399/5787/124 5402/5798/117
f 5511/5906/124 5506/5907/37 5505/5908/40 5509/5909/125
f 5506/5907/37 5552/5910/38 5507/5911/39 5505/5908/40
f 5505/5908/40 5507/5911/39 5616/5912/41 5508/5913/42
f 5509/5909/125 5505/5908/40 5508/5913/42 5510/5914/126
f 5512/5915/118 5509/5909/125 5510/5914/126 5513/5916/119
f 5514/5917/117 5511/5906/124 5509/5909/125 5512/5915/118
f 5515/5918/112 5512/5915/118 5513/5916/119 5516/5919/113
f 5517/5920/111 5514/5917/117 5512/5915/118 5515/5918/112
f 5518/5921/107 5515/5918/112 5516/5919/113 5519/5922/108
f 5520/5923/106 5517/5920/111 5515/5918/112 5518/5921/107
f 5521/5924/97 5518/5921/107 5519/5922/108 5522/5925/98
f 5523/5926/102 5520/5923/106 5518/5921/107 5521/5924/97
f 5524/5927/94 5521/5924/97 5522/5925/98 5525/5928/95
f 5526/5929/93 5523/5926/102 5521/5924/97 5524/5927/94
f 5527/5930/86 5524/5927/94 5525/5928/95 5528/5931/89
f 5529/5932/85 5526/5929/93 5524/5927/94 5527/5930/86
f 5530/5933/83 5527/5930/86 5528/5931/89 5531/5934/84
f 5532/5935/82 5529/5932/85 5527/5930/86 5530/5933/83
f 5533/5936/74 5530/5933/83 5531/5934/84 5534/5937/75
f 5535/5938/73 5532/5935/82 5530/5933/83 5533/5936/74
f 5536/5939/70 5533/5936/74 5534/5937/75 5537/5940/71
f 5538/5941/69 5535/5938/73 5533/5936/74 5536/5939/70
f 5539/5942/63 5536/5939/70 5537/5940/71 5540/5943/65
f 5541/5944/62 5538/5941/69 5536/5939/70 5539/5942/63
f 5542/5945/59 5539/5942/63 5540/5943/65 5543/5946/60
f 5544/5947/58 5541/5944/62 5539/5942/63 5542/5945/59
f 5545/5948/52 5542/5949/59 5543/5950/60 5546/5951/53
f 5547/5952/51 5544/5953/58 5542/5949/59 5545/5948/52
f 5548/5954/46 5545/5948/52 5546/5951/53 5549/5955/47
f 5550/5956/45 5547/5952/51 5545/5948/52 5548/5954/46
f 5507/5911/39 5548/5954/46 5549/5955/47 5616/5912/41
f 5552/5910/38 5550/5956/45 5548/5954/46 5507/5911/39
f 5551/5957/21 5595/5958/20 5547/5952/51 5550/5956/45
f 5553/5959/22 5551/5957/21 5550/5956/45 5552/5910/38
f 5555/5960/23 5553/5959/22 5552/5910/38 5506/5907/37
f 5554/5961/36 5597/5962/44 5551/5957/21 5553/5959/22
f 5557/5963/35 5554/5961/36 5553/5959/22 5555/5960/23
f 5556/5964/24 5555/5960/23 5506/5907/37 5511/5906/124
f 5559/5965/123 5557/5963/35 5555/5960/23 5556/5964/24
f 5558/5966/34 5600/5967/33 5554/5961/36 5557/5963/35
f 5560/5968/122 5558/5966/34 5557/5963/35 5559/5965/123
f 5561/5969/116 5559/5965/123 5556/5964/24 5562/5970/25
f 5563/5971/115 5560/5968/122 5559/5965/123 5561/5969/116
f 5564/5972/110 5561/5969/116 5562/5970/25 5565/5973/26
f 5566/5974/109 5563/5971/115 5561/5969/116 5564/5972/110
f 5567/5975/105 5564/5972/110 5565/5973/26 5568/5976/27
f 5569/5977/104 5566/5974/109 5564/5972/110 5567/5975/105
f 5570/5978/101 5567/5975/105 5568/5976/27 5571/5979/28
f 5572/5980/100 5569/5977/104 5567/5975/105 5570/5978/101
f 5573/5981/92 5570/5978/101 5571/5979/28 5574/5982/29
f 5575/5983/91 5572/5980/100 5570/5978/101 5573/5981/92
f 5576/5984/88 5573/5981/92 5574/5982/29 5577/5985/30
f 5578/5986/87 5575/5983/91 5573/5981/92 5576/5984/88
f 5579/5987/81 5576/5984/88 5577/5985/30 5580/5988/16
f 5581/5989/80 5578/5986/87 5576/5984/88 5579/5987/81
f 5582/5990/78 5579/5987/81 5580/5988/16 5583/5991/17
f 5584/5992/77 5581/5989/80 5579/5987/81 5582/5990/78
f 5585/5993/68 5582/5990/78 5583/5991/17 5586/5994/18
f 5587/5995/67 5584/5992/77 5582/5990/78 5585/5993/68
f 5588/5996/61 5585/5993/68 5586/5994/18 5589/5997/19
f 5590/5998/64 5587/5995/67 5585/5993/68 5588/5996/61
f 5591/5999/57 5588/5996/61 5589/5997/19 5592/6000/8
f 5593/6001/56 5590/5998/64 5588/5996/61 5591/5999/57
f 5594/6002/50 5591/6003/57 5592/6004/8 5595/5958/20
f 5596/6005/49 5593/6006/56 5591/6003/57 5594/6002/50
f 5597/5962/44 5594/6002/50 5595/5958/20 5551/5957/21
f 5598/6007/43 5596/6005/49 5594/6002/50 5597/5962/44
f 5600/5967/33 5598/6007/43 5597/5962/44 5554/5961/36
f 5599/6008/48 5615/6009/54 5596/6005/49 5598/6007/43
f 5601/6010/32 5599/6008/48 5598/6007/43 5600/5967/33
f 5602/6011/31 5601/6010/32 5600/5967/33 5558/5966/34
f 5603/6012/121 5602/6011/31 5558/5966/34 5560/5968/122
f 5604/6013/120 5603/6012/121 5560/5968/122 5563/5971/115
f 5605/6014/114 5604/6013/120 5563/5971/115 5566/5974/109
f 5606/6015/103 5605/6014/114 5566/5974/109 5569/5977/104
f 5607/6016/99 5606/6015/103 5569/5977/104 5572/5980/100
f 5608/6017/96 5607/6016/99 5572/5980/100 5575/5983/91
f 5609/6018/90 5608/6017/96 5575/5983/91 5578/5986/87
f 5610/6019/79 5609/6018/90 5578/5986/87 5581/5989/80
f 5611/6020/76 5610/6019/79 5581/5989/80 5584/5992/77
f 5612/6021/72 5611/6020/76 5584/5992/77 5587/5995/67
f 5613/6022/66 5612/6021/72 5587/5995/67 5590/5998/64
f 5614/6023/55 5613/6022/66 5590/5998/64 5593/6001/56
f 5615/6009/54 5614/6024/55 5593/6006/56 5596/6005/49
f 5595/5958/20 5592/6004/8 5544/5953/58 5547/5952/51
f 5592/6000/8 5589/5997/19 5541/5944/62 5544/5947/58
f 5589/5997/19 5586/5994/18 5538/5941/69 5541/5944/62
f 5586/5994/18 5583/5991/17 5535/5938/73 5538/5941/69
f 5583/5991/17 5580/5988/16 5532/5935/82 5535/5938/73
f 5580/5988/16 5577/5985/30 5529/5932/85 5532/5935/82
f 5577/5985/30 5574/5982/29 5526/5929/93 5529/5932/85
f 5574/5982/29 5571/5979/28 5523/5926/102 5526/5929/93
f 5571/5979/28 5568/5976/27 5520/5923/106 5523/5926/102
f 5568/5976/27 5565/5973/26 5517/5920/111 5520/5923/106
f 5565/5973/26 5562/5970/25 5514/5917/117 5517/5920/111
f 5562/5970/25 5556/5964/24 5511/5906/124 5514/5917/117
f 5623/6025/124 5618/6026/37 5617/6027/40 5621/6028/125
f 5618/6026/37 5664/6029/38 5619/6030/39 5617/6027/40
f 5617/6027/40 5619/6030/39 5728/6031/41 5620/6032/42
f 5621/6028/125 5617/6027/40 5620/6032/42 5622/6033/126
f 5624/6034/118 5621/6028/125 5622/6033/126 5625/6035/119
f 5626/6036/117 5623/6025/124 5621/6028/125 5624/6034/118
f 5627/6037/112 5624/6034/118 5625/6035/119 5628/6038/113
f 5629/6039/111 5626/6036/117 5624/6034/118 5627/6037/112
f 5630/6040/107 5627/6037/112 5628/6038/113 5631/6041/108
f 5632/6042/106 5629/6039/111 5627/6037/112 5630/6040/107
f 5633/6043/97 5630/6040/107 5631/6041/108 5634/6044/98
f 5635/6045/102 5632/6042/106 5630/6040/107 5633/6043/97
f 5636/6046/94 5633/6043/97 5634/6044/98 5637/6047/95
f 5638/6048/93 5635/6045/102 5633/6043/97 5636/6046/94
f 5639/6049/86 5636/6046/94 5637/6047/95 5640/6050/89
f 5641/6051/85 5638/6048/93 5636/6046/94 5639/6049/86
f 5642/6052/83 5639/6049/86 5640/6050/89 5643/6053/84
f 5644/6054/82 5641/6051/85 5639/6049/86 5642/6052/83
f 5645/6055/74 5642/6052/83 5643/6053/84 5646/6056/75
f 5647/6057/73 5644/6054/82 5642/6052/83 5645/6055/74
f 5648/6058/70 5645/6055/74 5646/6056/75 5649/6059/71
f 5650/6060/69 5647/6057/73 5645/6055/74 5648/6058/70
f 5651/6061/63 5648/6058/70 5649/6059/71 5652/6062/65
f 5653/6063/62 5650/6060/69 5648/6058/70 5651/6061/63
f 5654/6064/59 5651/6061/63 5652/6062/65 5655/6065/60
f 5656/6066/58 5653/6063/62 5651/6061/63 5654/6064/59
f 5657/6067/52 5654/6068/59 5655/6069/60 5658/6070/53
f 5659/6071/51 5656/6072/58 5654/6068/59 5657/6067/52
f 5660/6073/46 5657/6067/52 5658/6070/53 5661/6074/47
f 5662/6075/45 5659/6071/51 5657/6067/52 5660/6073/46
f 5619/6030/39 5660/6073/46 5661/6074/47 5728/6031/41
f 5664/6029/38 5662/6075/45 5660/6073/46 5619/6030/39
f 5663/6076/21 5707/6077/20 5659/6071/51 5662/6075/45
f 5665/6078/22 5663/6076/21 5662/6075/45 5664/6029/38
f 5667/6079/23 5665/6078/22 5664/6029/38 5618/6026/37
f 5666/6080/36 5709/6081/44 5663/6076/21 5665/6078/22
f 5669/6082/35 5666/6080/36 5665/6078/22 5667/6079/23
f 5668/6083/24 5667/6079/23 5618/6026/37 5623/6025/124
f 5671/6084/123 5669/6082/35 5667/6079/23 5668/6083/24
f 5670/6085/34 5712/6086/33 5666/6080/36 5669/6082/35
f 5672/6087/122 5670/6085/34 5669/6082/35 5671/6084/123
f 5673/6088/116 5671/6084/123 5668/6083/24 5674/6089/25
f 5675/6090/115 5672/6087/122 5671/6084/123 5673/6088/116
f 5676/6091/110 5673/6088/116 5674/6089/25 5677/6092/26
f 5678/6093/109 5675/6090/115 5673/6088/116 5676/6091/110
f 5679/6094/105 5676/6091/110 5677/6092/26 5680/6095/27
f 5681/6096/104 5678/6093/109 5676/6091/110 5679/6094/105
f 5682/6097/101 5679/6094/105 5680/6095/27 5683/6098/28
f 5684/6099/100 5681/6096/104 5679/6094/105 5682/6097/101
f 5685/6100/92 5682/6097/101 5683/6098/28 5686/6101/29
f 5687/6102/91 5684/6099/100 5682/6097/101 5685/6100/92
f 5688/6103/88 5685/6100/92 5686/6101/29 5689/6104/30
f 5690/6105/87 5687/6102/91 5685/6100/92 5688/6103/88
f 5691/6106/81 5688/6103/88 5689/6104/30 5692/6107/16
f 5693/6108/80 5690/6105/87 5688/6103/88 5691/6106/81
f 5694/6109/78 5691/6106/81 5692/6107/16 5695/6110/17
f 5696/6111/77 5693/6108/80 5691/6106/81 5694/6109/78
f 5697/6112/68 5694/6109/78 5695/6110/17 5698/6113/18
f 5699/6114/67 5696/6111/77 5694/6109/78 5697/6112/68
f 5700/6115/61 5697/6112/68 5698/6113/18 5701/6116/19
f 5702/6117/64 5699/6114/67 5697/6112/68 5700/6115/61
f 5703/6118/57 5700/6115/61 5701/6116/19 5704/6119/8
f 5705/6120/56 5702/6117/64 5700/6115/61 5703/6118/57
f 5706/6121/50 5703/6122/57 5704/6123/8 5707/6077/20
f 5708/6124/49 5705/6125/56 5703/6122/57 5706/6121/50
f 5709/6081/44 5706/6121/50 5707/6077/20 5663/6076/21
f 5710/6126/43 5708/6124/49 5706/6121/50 5709/6081/44
f 5712/6086/33 5710/6126/43 5709/6081/44 5666/6080/36
f 5711/6127/48 5727/6128/54 5708/6124/49 5710/6126/43
f 5713/6129/32 5711/6127/48 5710/6126/43 5712/6086/33
f 5714/6130/31 5713/6129/32 5712/6086/33 5670/6085/34
f 5715/6131/121 5714/6130/31 5670/6085/34 5672/6087/122
f 5716/6132/120 5715/6131/121 5672/6087/122 5675/6090/115
f 5717/6133/114 5716/6132/120 5675/6090/115 5678/6093/109
f 5718/6134/103 5717/6133/114 5678/6093/109 5681/6096/104
f 5719/6135/99 5718/6134/103 5681/6096/104 5684/6099/100
f 5720/6136/96 5719/6135/99 5684/6099/100 5687/6102/91
f 5721/6137/90 5720/6136/96 5687/6102/91 5690/6105/87
f 5722/6138/79 5721/6137/90 5690/6105/87 5693/6108/80
f 5723/6139/76 5722/6138/79 5693/6108/80 5696/6111/77
f 5724/6140/72 5723/6139/76 5696/6111/77 5699/6114/67
f 5725/6141/66 5724/6140/72 5699/6114/67 5702/6117/64
f 5726/6142/55 5725/6141/66 5702/6117/64 5705/6120/56
f 5727/6128/54 5726/6143/55 5705/6125/56 5708/6124/49
f 5707/6077/20 5704/6123/8 5656/6072/58 5659/6071/51
f 5704/6119/8 5701/6116/19 5653/6063/62 5656/6066/58
f 5701/6116/19 5698/6113/18 5650/6060/69 5653/6063/62
f 5698/6113/18 5695/6110/17 5647/6057/73 5650/6060/69
f 5695/6110/17 5692/6107/16 5644/6054/82 5647/6057/73
f 5692/6107/16 5689/6104/30 5641/6051/85 5644/6054/82
f 5689/6104/30 5686/6101/29 5638/6048/93 5641/6051/85
f 5686/6101/29 5683/6098/28 5635/6045/102 5638/6048/93
f 5683/6098/28 5680/6095/27 5632/6042/106 5635/6045/102
f 5680/6095/27 5677/6092/26 5629/6039/111 5632/6042/106
f 5677/6092/26 5674/6089/25 5626/6036/117 5629/6039/111
f 5674/6089/25 5668/6083/24 5623/6025/124 5626/6036/117
f 5735/6144/124 5730/6145/37 5729/6146/40 5733/6147/125
f 5730/6145/37 5776/6148/38 5731/6149/39 5729/6146/40
f 5729/6146/40 5731/6149/39 5840/6150/41 5732/6151/42
f 5733/6147/125 5729/6146/40 5732/6151/42 5734/6152/126
f 5736/6153/118 5733/6147/125 5734/6152/126 5737/6154/119
f 5738/6155/117 5735/6144/124 5733/6147/125 5736/6153/118
f 5739/6156/112 5736/6153/118 5737/6154/119 5740/6157/113
f 5741/6158/111 5738/6155/117 5736/6153/118 5739/6156/112
f 5742/6159/107 5739/6156/112 5740/6157/113 5743/6160/108
f 5744/6161/106 5741/6158/111 5739/6156/112 5742/6159/107
f 5745/6162/97 5742/6159/107 5743/6160/108 5746/6163/98
f 5747/6164/102 5744/6161/106 5742/6159/107 5745/6162/97
f 5748/6165/94 5745/6162/97 5746/6163/98 5749/6166/95
f 5750/6167/93 5747/6164/102 5745/6162/97 5748/6165/94
f 5751/6168/86 5748/6165/94 5749/6166/95 5752/6169/89
f 5753/6170/85 5750/6167/93 5748/6165/94 5751/6168/86
f 5754/6171/83 5751/6168/86 5752/6169/89 5755/6172/84
f 5756/6173/82 5753/6170/85 5751/6168/86 5754/6171/83
f 5757/6174/74 5754/6171/83 5755/6172/84 5758/6175/75
f 5759/6176/73 5756/6173/82 5754/6171/83 5757/6174/74
f 5760/6177/70 5757/6174/74 5758/6175/75 5761/6178/71
f 5762/6179/69 5759/6176/73 5757/6174/74 5760/6177/70
f 5763/6180/63 5760/6177/70 5761/6178/71 5764/6181/65
f 5765/6182/62 5762/6179/69 5760/6177/70 5763/6180/63
f 5766/6183/59 5763/6180/63 5764/6181/65 5767/6184/60
f 5768/6185/58 5765/6182/62 5763/6180/63 5766/6183/59
f 5769/6186/52 5766/6187/59 5767/6188/60 5770/6189/53
f 5771/6190/51 5768/6191/58 5766/6187/59 5769/6186/52
f 5772/6192/46 5769/6186/52 5770/6189/53 5773/6193/47
f 5774/6194/45 5771/6190/51 5769/6186/52 5772/6192/46
f 5731/6149/39 5772/6192/46 5773/6193/47 5840/6150/41
f 5776/6148/38 5774/6194/45 5772/6192/46 5731/6149/39
f 5775/6195/21 5819/6196/20 5771/6190/51 5774/6194/45
f 5777/6197/22 5775/6195/21 5774/6194/45 5776/6148/38
f 5779/6198/23 5777/6197/22 5776/6148/38 5730/6145/37
f 5778/6199/36 5821/6200/44 5775/6195/21 5777/6197/22
f 5781/6201/35 5778/6199/36 5777/6197/22 5779/6198/23
f 5780/6202/24 5779/6198/23 5730/6145/37 5735/6144/124
f 5783/6203/123 5781/6201/35 5779/6198/23 5780/6202/24
f 5782/6204/34 5824/6205/33 5778/6199/36 5781/6201/35
f 5784/6206/122 5782/6204/34 5781/6201/35 5783/6203/123
f 5785/6207/116 5783/6203/123 5780/6202/24 5786/6208/25
f 5787/6209/115 5784/6206/122 5783/6203/123 5785/6207/116
f 5788/6210/110 5785/6207/116 5786/6208/25 5789/6211/26
f 5790/6212/109 5787/6209/115 5785/6207/116 5788/6210/110
f 5791/6213/105 5788/6210/110 5789/6211/26 5792/6214/27
f 5793/6215/104 5790/6212/109 5788/6210/110 5791/6213/105
f 5794/6216/101 5791/6213/105 5792/6214/27 5795/6217/28
f 5796/6218/100 5793/6215/104 5791/6213/105 5794/6216/101
f 5797/6219/92 5794/6216/101 5795/6217/28 5798/6220/29
f 5799/6221/91 5796/6218/100 5794/6216/101 5797/6219/92
f 5800/6222/88 5797/6219/92 5798/6220/29 5801/6223/30
f 5802/6224/87 5799/6221/91 5797/6219/92 5800/6222/88
f 5803/6225/81 5800/6222/88 5801/6223/30 5804/6226/16
f 5805/6227/80 5802/6224/87 5800/6222/88 5803/6225/81
f 5806/6228/78 5803/6225/81 5804/6226/16 5807/6229/17
f 5808/6230/77 5805/6227/80 5803/6225/81 5806/6228/78
f 5809/6231/68 5806/6228/78 5807/6229/17 5810/6232/18
f 5811/6233/67 5808/6230/77 5806/6228/78 5809/6231/68
f 5812/6234/61 5809/6231/68 5810/6232/18 5813/6235/19
f 5814/6236/64 5811/6233/67 5809/6231/68 5812/6234/61
f 5815/6237/57 5812/6234/61 5813/6235/19 5816/6238/8
f 5817/6239/56 5814/6236/64 5812/6234/61 5815/6237/57
f 5818/6240/50 5815/6241/57 5816/6242/8 5819/6196/20
f 5820/6243/49 5817/6244/56 5815/6241/57 5818/6240/50
f 5821/6200/44 5818/6240/50 5819/6196/20 5775/6195/21
f 5822/6245/43 5820/6243/49 5818/6240/50 5821/6200/44
f 5824/6205/33 5822/6245/43 5821/6200/44 5778/6199/36
f 5823/6246/48 5839/6247/54 5820/6243/49 5822/6245/43
f 5825/6248/32 5823/6246/48 5822/6245/43 5824/6205/33
f 5826/6249/31 5825/6248/32 5824/6205/33 5782/6204/34
f 5827/6250/121 5826/6249/31 5782/6204/34 5784/6206/122
f 5828/6251/120 5827/6250/121 5784/6206/122 5787/6209/115
f 5829/6252/114 5828/6251/120 5787/6209/115 5790/6212/109
f 5830/6253/103 5829/6252/114 5790/6212/109 5793/6215/104
f 5831/6254/99 5830/6253/103 5793/6215/104 5796/6218/100
f 5832/6255/96 5831/6254/99 5796/6218/100 5799/6221/91
f 5833/6256/90 5832/6255/96 5799/6221/91 5802/6224/87
f 5834/6257/79 5833/6256/90 5802/6224/87 5805/6227/80
f 5835/6258/76 5834/6257/79 5805/6227/80 5808/6230/77
f 5836/6259/72 5835/6258/76 5808/6230/77 5811/6233/67
f 5837/6260/66 5836/6259/72 5811/6233/67 5814/6236/64
f 5838/6261/55 5837/6260/66 5814/6236/64 5817/6239/56
f 5839/6247/54 5838/6262/55 5817/6244/56 5820/6243/49
f 5819/6196/20 5816/6242/8 5768/6191/58 5771/6190/51
f 5816/6238/8 5813/6235/19 5765/6182/62 5768/6185/58
f 5813/6235/19 5810/6232/18 5762/6179/69 5765/6182/62
f 5810/6232/18 5807/6229/17 5759/6176/73 5762/6179/69
f 5807/6229/17 5804/6226/16 5756/6173/82 5759/6176/73
f 5804/6226/16 5801/6223/30 5753/6170/85 5756/6173/82
f 5801/6223/30 5798/6220/29 5750/6167/93 5753/6170/85
f 5798/6220/29 5795/6217/28 5747/6164/102 5750/6167/93
f 5795/6217/28 5792/6214/27 5744/6161/106 5747/6164/102
f 5792/6214/27 5789/6211/26 5741/6158/111 5744/6161/106
f 5789/6211/26 5786/6208/25 5738/6155/117 5741/6158/111
f 5786/6208/25 5780/6202/24 5735/6144/124 5738/6155/117
