# Blender 4.0.2
# www.blender.org
o fuse_box
v -0.190000 0.000000 0.120000
v -0.190000 0.090000 0.120000
v -0.190000 0.000000 -0.120000
v -0.190000 0.090000 -0.120000
v 0.190000 0.000000 0.120000
v 0.190000 0.090000 0.120000
v 0.190000 0.000000 -0.120000
v 0.190000 0.090000 -0.120000
v -0.145953 0.015770 0.120000
v -0.147453 0.021364 0.120000
v -0.141858 0.011674 0.120000
v -0.145953 0.026959 0.120000
v -0.141858 0.031054 0.120000
v -0.125074 0.021364 0.120000
v -0.126573 0.015770 0.120000
v -0.126573 0.026959 0.120000
v -0.136263 0.010175 0.120000
v -0.130669 0.011674 0.120000
v -0.130669 0.031054 0.120000
v -0.136263 0.032553 0.120000
v -0.190000 0.032342 -0.061364
v -0.190000 0.025689 -0.062687
v -0.190000 0.038995 -0.062687
v -0.190000 0.016281 -0.072095
v -0.190000 0.048403 -0.072095
v -0.190000 0.020050 -0.066456
v -0.190000 0.044635 -0.066456
v -0.190000 0.016281 -0.085401
v -0.190000 0.048403 -0.085401
v -0.190000 0.032342 -0.096133
v -0.190000 0.025689 -0.094809
v -0.190000 0.038995 -0.094809
v -0.190000 0.020050 -0.091041
v -0.190000 0.044635 -0.091041
v -0.190000 0.049727 -0.078748
v -0.190000 0.014958 -0.078748
v -0.136263 0.090000 0.120000
v -0.136617 0.000000 0.120000
v -0.190000 0.032342 0.120000
v -0.190000 0.000000 -0.023682
v -0.190000 0.090000 -0.023682
v 0.190000 0.000000 -0.023682
v 0.190000 0.090000 -0.023682
v -0.190000 0.032342 -0.023682
v -0.190000 0.013427 0.120000
v -0.190000 0.013427 -0.023682
v -0.190000 0.051210 0.120000
v -0.190000 0.054313 -0.023682
v -0.190000 0.090000 -0.078748
v -0.190000 0.000000 -0.078748
v 0.190000 0.000000 -0.078748
v 0.190000 0.090000 -0.078748
v -0.190000 0.000000 -0.056399
v 0.190000 0.000000 -0.056399
v 0.190000 0.090000 -0.056399
v -0.190000 0.031176 -0.120000
v 0.190000 0.031176 0.120000
v 0.190000 0.031176 -0.120000
v 0.190000 0.031176 -0.023682
v 0.190000 0.031176 -0.078748
v 0.190000 0.031176 -0.056399
v -0.091233 0.000000 0.120000
v -0.091233 0.000000 -0.120000
v -0.091233 0.090000 -0.120000
v -0.091233 0.090000 0.120000
v -0.091233 0.031176 -0.120000
v -0.091233 0.026270 0.120000
v 0.190000 0.015588 -0.023682
v 0.190000 0.015588 -0.078748
v 0.190000 0.015588 -0.056399
v -0.190000 0.015588 -0.120000
v 0.190000 0.015588 0.120000
v 0.190000 0.015588 -0.120000
v -0.091233 0.013135 0.120000
v -0.091233 0.015588 -0.120000
v -0.190000 0.057669 -0.120000
v 0.190000 0.057669 0.120000
v 0.190000 0.057669 -0.120000
v 0.190000 0.057669 -0.023682
v 0.190000 0.057669 -0.078748
v 0.190000 0.057669 -0.056399
v -0.091233 0.055216 0.120000
v -0.091233 0.057669 -0.120000
v -0.190000 0.090000 -0.055991
v -0.190000 0.090000 -0.100076
v -0.190000 0.000000 -0.099374
v 0.190000 0.000000 -0.099374
v 0.190000 0.090000 -0.099374
v 0.190000 0.031176 -0.099374
v 0.190000 0.015588 -0.099374
v 0.190000 0.057669 -0.099374
v -0.136617 0.000000 -0.120000
v -0.136334 0.031176 -0.120000
v -0.136092 0.057669 -0.120000
v -0.135798 0.090000 -0.120000
v -0.136475 0.015588 -0.120000
v -0.188000 0.002000 0.118000
v -0.188000 0.090000 0.118000
v -0.188000 0.002000 -0.118000
v -0.188000 0.090000 -0.118000
v 0.188000 0.002000 0.118000
v 0.188000 0.090000 0.118000
v 0.188000 0.002000 -0.118000
v 0.188000 0.090000 -0.118000
v -0.145953 0.015770 0.118000
v -0.147453 0.021364 0.118000
v -0.141858 0.011674 0.118000
v -0.145953 0.026959 0.118000
v -0.141858 0.031054 0.118000
v -0.125074 0.021364 0.118000
v -0.126573 0.015770 0.118000
v -0.126573 0.026959 0.118000
v -0.136263 0.010175 0.118000
v -0.130669 0.011674 0.118000
v -0.130669 0.031054 0.118000
v -0.136263 0.032553 0.118000
v -0.188000 0.032342 -0.061364
v -0.188000 0.025689 -0.062687
v -0.188000 0.038995 -0.062687
v -0.188000 0.016281 -0.072095
v -0.188000 0.048403 -0.072095
v -0.188000 0.020050 -0.066456
v -0.188000 0.044635 -0.066456
v -0.188000 0.016281 -0.085401
v -0.188000 0.048403 -0.085401
v -0.188000 0.032342 -0.096133
v -0.188000 0.025689 -0.094809
v -0.188000 0.038995 -0.094809
v -0.188000 0.020050 -0.091041
v -0.188000 0.044635 -0.091041
v -0.188000 0.049727 -0.078748
v -0.188000 0.014958 -0.078748
v -0.136263 0.090000 0.118000
v -0.136617 0.002000 0.118000
v -0.188000 0.032342 0.118000
v -0.188000 0.002000 -0.023682
v -0.188000 0.090000 -0.023682
v 0.188000 0.002000 -0.023682
v 0.188000 0.090000 -0.023682
v -0.188000 0.032342 -0.023682
v -0.188000 0.013427 0.118000
v -0.188000 0.013427 -0.023682
v -0.188000 0.051210 0.118000
v -0.188000 0.054313 -0.023682
v -0.188000 0.090000 -0.078748
v -0.188000 0.002000 -0.078748
v 0.188000 0.002000 -0.078748
v 0.188000 0.090000 -0.078748
v -0.188000 0.002000 -0.056399
v 0.188000 0.002000 -0.056399
v 0.188000 0.090000 -0.056399
v -0.188000 0.031176 -0.118000
v 0.188000 0.031176 0.118000
v 0.188000 0.031176 -0.118000
v 0.188000 0.031176 -0.023682
v 0.188000 0.031176 -0.078748
v 0.188000 0.031176 -0.056399
v -0.091233 0.002000 0.118000
v -0.091233 0.002000 -0.118000
v -0.091233 0.090000 -0.118000
v -0.091233 0.090000 0.118000
v -0.091233 0.002000 -0.023682
v -0.091233 0.002000 -0.078748
v -0.091233 0.002000 -0.056399
v -0.091233 0.031176 -0.118000
v -0.091233 0.026270 0.118000
v 0.188000 0.015588 -0.023682
v 0.188000 0.015588 -0.078748
v 0.188000 0.015588 -0.056399
v -0.188000 0.015588 -0.118000
v 0.188000 0.015588 0.118000
v 0.188000 0.015588 -0.118000
v -0.091233 0.013135 0.118000
v -0.091233 0.015588 -0.118000
v -0.188000 0.057669 -0.118000
v 0.188000 0.057669 0.118000
v 0.188000 0.057669 -0.118000
v 0.188000 0.057669 -0.023682
v 0.188000 0.057669 -0.078748
v 0.188000 0.057669 -0.056399
v -0.091233 0.055216 0.118000
v -0.091233 0.057669 -0.118000
v -0.188000 0.090000 -0.055991
v -0.188000 0.090000 -0.100076
v -0.188000 0.002000 -0.099374
v 0.188000 0.002000 -0.099374
v 0.188000 0.090000 -0.099374
v 0.188000 0.031176 -0.099374
v -0.091233 0.002000 -0.099374
v 0.188000 0.015588 -0.099374
v 0.188000 0.057669 -0.099374
v -0.136617 0.002000 -0.118000
v -0.136617 0.002000 -0.099374
v -0.136617 0.002000 -0.078748
v -0.136617 0.002000 -0.023682
v -0.136617 0.002000 -0.056399
v -0.136334 0.031176 -0.118000
v -0.136092 0.057669 -0.118000
v -0.135798 0.090000 -0.118000
v -0.136475 0.015588 -0.118000
v -0.167407 0.038338 0.120000
v -0.167407 0.035979 0.123195
v -0.153996 0.030595 0.120000
v -0.156038 0.029415 0.123195
v -0.153996 0.015108 0.120000
v -0.156038 0.016288 0.123195
v -0.167407 0.007365 0.120000
v -0.167407 0.009724 0.123195
v -0.180819 0.015108 0.120000
v -0.178776 0.016288 0.123195
v -0.180819 0.030595 0.120000
v -0.178776 0.029415 0.123195
v -0.180819 0.022852 0.120000
v -0.180535 0.022852 0.123195
v -0.174113 0.034466 0.120000
v -0.173971 0.034220 0.123195
v -0.160702 0.034466 0.120000
v -0.160844 0.034220 0.123195
v -0.174113 0.011237 0.120000
v -0.173971 0.011483 0.123195
v -0.160702 0.011237 0.120000
v -0.160844 0.011483 0.123195
v -0.153996 0.022852 0.120000
v -0.154280 0.022852 0.123195
v -0.160702 0.034466 0.123014
v -0.167407 0.038338 0.122633
v -0.153996 0.022852 0.123014
v -0.153996 0.030595 0.122633
v -0.160702 0.011237 0.123014
v -0.153996 0.015108 0.122633
v -0.174113 0.011237 0.123014
v -0.167407 0.007365 0.122633
v -0.180819 0.022852 0.123014
v -0.180819 0.015108 0.122633
v -0.174113 0.034466 0.123014
v -0.180819 0.030595 0.122633
v -0.167407 0.022852 0.123014
v -0.160844 0.022852 0.123014
v -0.173971 0.022852 0.123014
v -0.119165 0.090566 0.056222
v -0.119165 0.090566 0.011222
v 0.171042 0.090566 0.011222
v 0.171042 0.090566 0.056222
v -0.192242 0.083767 0.121416
v -0.192242 0.083767 -0.121416
v 0.192242 0.083767 0.121416
v 0.192242 0.083767 -0.121416
v -0.190974 0.089724 0.120331
v -0.190974 0.089724 -0.120331
v 0.190974 0.089724 0.120331
v 0.190974 0.089724 -0.120331
v -0.191440 0.083664 0.120628
v -0.191440 0.083664 -0.120628
v 0.191440 0.083664 0.120628
v 0.191440 0.083664 -0.120628
v -0.119165 0.087252 0.056222
v -0.119165 0.087252 0.011222
v 0.171042 0.087252 0.011222
v 0.171042 0.087252 0.056222
v -0.191807 0.089260 0.121141
v -0.190695 0.090566 0.120174
v -0.190737 0.090566 -0.119311
v -0.191807 0.089260 -0.121141
v 0.191409 0.090566 0.120154
v 0.191807 0.089260 0.121141
v 0.191429 0.090566 -0.119321
v 0.191807 0.089260 -0.121141
v -0.170591 0.092629 -0.003676
v -0.172181 0.092629 -0.003676
v -0.173650 0.092629 -0.003068
v -0.174775 0.092629 -0.001943
v -0.175384 0.092629 -0.000474
v -0.175384 0.092629 0.001117
v -0.174775 0.092629 0.002586
v -0.173650 0.092629 0.003711
v -0.172181 0.092629 0.004319
v -0.170591 0.092629 0.004319
v -0.169121 0.092629 0.003711
v -0.167997 0.092629 0.002586
v -0.167388 0.092629 0.001117
v -0.167388 0.092629 -0.000474
v -0.167997 0.092629 -0.001943
v -0.169121 0.092629 -0.003068
v -0.170591 0.093016 -0.000474
v -0.172181 0.093016 -0.000474
v -0.170591 0.093016 0.001117
v -0.172181 0.093016 0.001117
v -0.175384 0.092134 -0.000474
v -0.175384 0.092134 0.001117
v -0.167388 0.092134 0.001117
v -0.167388 0.092134 -0.000474
v -0.169000 0.092134 -0.000474
v -0.169000 0.092134 0.001117
v -0.173771 0.092134 -0.000474
v -0.173771 0.092134 0.001117
v -0.170591 0.093016 0.002707
v -0.172181 0.093016 0.002707
v -0.170591 0.093016 -0.002064
v -0.172181 0.093016 -0.002064
v -0.172181 0.091649 -0.002064
v -0.170591 0.091649 -0.002064
v -0.172181 0.091649 0.002707
v -0.170591 0.091649 0.002707
v -0.172181 0.091649 -0.000474
v -0.170591 0.091649 -0.000474
v -0.173771 0.091649 -0.000474
v -0.170591 0.091649 0.001117
v -0.172181 0.091649 0.001117
v -0.173771 0.091649 0.001117
v -0.169000 0.091649 -0.000474
v -0.169000 0.091649 0.001117
v -0.170591 0.092134 -0.003676
v -0.172181 0.092134 -0.003676
v -0.173650 0.092134 -0.003068
v -0.174775 0.092134 -0.001943
v -0.174775 0.092134 0.002586
v -0.173650 0.092134 0.003711
v -0.172181 0.092134 0.004319
v -0.170591 0.092134 0.004319
v -0.169121 0.092134 0.003711
v -0.167997 0.092134 0.002586
v -0.167997 0.092134 -0.001943
v -0.169121 0.092134 -0.003068
v -0.175384 0.090552 -0.000474
v -0.175384 0.090552 0.001117
v -0.167388 0.090552 0.001117
v -0.167388 0.090552 -0.000474
v -0.170591 0.090552 -0.003676
v -0.172181 0.090552 -0.003676
v -0.173650 0.090552 -0.003068
v -0.174775 0.090552 -0.001943
v -0.174775 0.090552 0.002586
v -0.173650 0.090552 0.003711
v -0.172181 0.090552 0.004319
v -0.170591 0.090552 0.004319
v -0.169121 0.090552 0.003711
v -0.167997 0.090552 0.002586
v -0.167997 0.090552 -0.001943
v -0.169121 0.090552 -0.003068
v 0.170591 0.092629 -0.003676
v 0.172181 0.092629 -0.003676
v 0.173650 0.092629 -0.003068
v 0.174775 0.092629 -0.001943
v 0.175384 0.092629 -0.000474
v 0.175384 0.092629 0.001117
v 0.174775 0.092629 0.002586
v 0.173650 0.092629 0.003711
v 0.172181 0.092629 0.004319
v 0.170591 0.092629 0.004319
v 0.169121 0.092629 0.003711
v 0.167997 0.092629 0.002586
v 0.167388 0.092629 0.001117
v 0.167388 0.092629 -0.000474
v 0.167997 0.092629 -0.001943
v 0.169121 0.092629 -0.003068
v 0.170591 0.093016 -0.000474
v 0.172181 0.093016 -0.000474
v 0.170591 0.093016 0.001117
v 0.172181 0.093016 0.001117
v 0.175384 0.092134 -0.000474
v 0.175384 0.092134 0.001117
v 0.167388 0.092134 0.001117
v 0.167388 0.092134 -0.000474
v 0.169000 0.092134 -0.000474
v 0.169000 0.092134 0.001117
v 0.173771 0.092134 -0.000474
v 0.173771 0.092134 0.001117
v 0.170591 0.093016 0.002707
v 0.172181 0.093016 0.002707
v 0.170591 0.093016 -0.002064
v 0.172181 0.093016 -0.002064
v 0.172181 0.091649 -0.002064
v 0.170591 0.091649 -0.002064
v 0.172181 0.091649 0.002707
v 0.170591 0.091649 0.002707
v 0.172181 0.091649 -0.000474
v 0.170591 0.091649 -0.000474
v 0.173771 0.091649 -0.000474
v 0.170591 0.091649 0.001117
v 0.172181 0.091649 0.001117
v 0.173771 0.091649 0.001117
v 0.169000 0.091649 -0.000474
v 0.169000 0.091649 0.001117
v 0.170591 0.092134 -0.003676
v 0.172181 0.092134 -0.003676
v 0.173650 0.092134 -0.003068
v 0.174775 0.092134 -0.001943
v 0.174775 0.092134 0.002586
v 0.173650 0.092134 0.003711
v 0.172181 0.092134 0.004319
v 0.170591 0.092134 0.004319
v 0.169121 0.092134 0.003711
v 0.167997 0.092134 0.002586
v 0.167997 0.092134 -0.001943
v 0.169121 0.092134 -0.003068
v 0.175384 0.090552 -0.000474
v 0.175384 0.090552 0.001117
v 0.167388 0.090552 0.001117
v 0.167388 0.090552 -0.000474
v 0.170591 0.090552 -0.003676
v 0.172181 0.090552 -0.003676
v 0.173650 0.090552 -0.003068
v 0.174775 0.090552 -0.001943
v 0.174775 0.090552 0.002586
v 0.173650 0.090552 0.003711
v 0.172181 0.090552 0.004319
v 0.170591 0.090552 0.004319
v 0.169121 0.090552 0.003711
v 0.167997 0.090552 0.002586
v 0.167997 0.090552 -0.001943
v 0.169121 0.090552 -0.003068
v -0.086294 0.094347 0.037737
v -0.086294 0.096223 0.040546
v -0.086294 0.096882 0.043858
v -0.086294 0.096223 0.047171
v -0.086294 0.094347 0.049979
v -0.086294 0.091539 0.051855
v -0.082918 0.091539 0.035861
v -0.082918 0.094347 0.037737
v -0.082918 0.096223 0.040546
v -0.082918 0.096882 0.043858
v -0.082918 0.096223 0.047171
v -0.082918 0.094347 0.049979
v -0.082918 0.091539 0.051855
v -0.086294 0.091539 0.043858
v -0.082918 0.094347 0.043858
v -0.086294 0.094347 0.043858
v -0.118953 0.091539 0.035861
v -0.118953 0.094347 0.037737
v -0.118953 0.096223 0.040546
v -0.118953 0.096882 0.043858
v -0.118953 0.096223 0.047171
v -0.118953 0.094347 0.049979
v -0.115577 0.091539 0.035861
v -0.115577 0.094347 0.037737
v -0.115577 0.096223 0.040546
v -0.115577 0.096882 0.043858
v -0.115577 0.096223 0.047171
v -0.115577 0.094347 0.049979
v -0.115577 0.091539 0.051855
v -0.115577 0.091539 0.043858
v -0.115577 0.094347 0.043858
v -0.118953 0.094347 0.043858
v -0.118953 0.091539 0.051855
v -0.115577 0.090772 0.037517
v -0.115577 0.090772 0.050056
v -0.115577 0.090110 0.037517
v -0.115577 0.090110 0.050056
v -0.086294 0.091539 0.035861
v -0.086294 0.090772 0.037517
v -0.086294 0.090772 0.050056
v -0.086294 0.090110 0.037517
v -0.086294 0.090110 0.050056
v -0.118953 0.090086 0.056302
v -0.118953 0.091539 0.054850
v -0.118953 0.091113 0.055877
v -0.082918 0.091539 0.054850
v -0.082918 0.090086 0.056302
v -0.082918 0.091113 0.055877
v -0.082918 0.090086 0.011302
v -0.082918 0.091539 0.012755
v -0.082918 0.091113 0.011728
v -0.118953 0.091539 0.012755
v -0.118953 0.090086 0.011302
v -0.118953 0.091113 0.011728
v -0.086376 0.091539 0.053175
v -0.115515 0.091539 0.053175
v -0.086294 0.091539 0.030159
v -0.118953 0.090086 0.035861
v -0.118953 0.090086 0.051855
v -0.118953 0.090086 0.054850
v -0.118953 0.090086 0.012755
v -0.082918 0.091539 0.043858
v -0.118953 0.091539 0.043858
v -0.118953 0.090086 0.043858
v -0.115577 0.091539 0.030159
v -0.082918 0.090086 0.054850
v -0.082918 0.090086 0.051855
v -0.082918 0.090086 0.043858
v -0.082918 0.090086 0.035861
v -0.082918 0.090086 0.012755
v 0.058822 0.094347 0.037737
v 0.058822 0.096223 0.040546
v 0.058822 0.096882 0.043858
v 0.058822 0.096223 0.047171
v 0.058822 0.094347 0.049979
v 0.058822 0.091539 0.051855
v 0.062198 0.091539 0.035861
v 0.062198 0.094347 0.037737
v 0.062198 0.096223 0.040546
v 0.062198 0.096882 0.043858
v 0.062198 0.096223 0.047171
v 0.062198 0.094347 0.049979
v 0.062198 0.091539 0.051855
v 0.058822 0.091539 0.043858
v 0.062198 0.094347 0.043858
v 0.058822 0.094347 0.043858
v 0.044198 0.091539 0.035861
v 0.044198 0.094347 0.037737
v 0.044198 0.096223 0.040546
v 0.044198 0.096882 0.043858
v 0.044198 0.096223 0.047171
v 0.044198 0.094347 0.049979
v 0.047574 0.091539 0.035861
v 0.047574 0.094347 0.037737
v 0.047574 0.096223 0.040546
v 0.047574 0.096882 0.043858
v 0.047574 0.096223 0.047171
v 0.047574 0.094347 0.049979
v 0.047574 0.091539 0.051855
v 0.047574 0.091539 0.043858
v 0.047574 0.094347 0.043858
v 0.044198 0.094347 0.043858
v 0.044198 0.091539 0.051855
v 0.047574 0.090772 0.037517
v 0.047574 0.090772 0.050056
v 0.047574 0.090110 0.037517
v 0.047574 0.090110 0.050056
v 0.058822 0.091539 0.035861
v 0.058822 0.090772 0.037517
v 0.058822 0.090772 0.050056
v 0.058822 0.090110 0.037517
v 0.058822 0.090110 0.050056
v 0.044198 0.090086 0.056302
v 0.044198 0.091539 0.054850
v 0.044198 0.091113 0.055877
v 0.062198 0.091539 0.054850
v 0.062198 0.090086 0.056302
v 0.062198 0.091113 0.055877
v 0.062198 0.090086 0.011302
v 0.062198 0.091539 0.012755
v 0.062198 0.091113 0.011728
v 0.044198 0.091539 0.012755
v 0.044198 0.090086 0.011302
v 0.044198 0.091113 0.011728
v 0.058740 0.091539 0.053175
v 0.047636 0.091539 0.053175
v 0.058822 0.091539 0.030159
v 0.044198 0.090086 0.035861
v 0.044198 0.090086 0.051855
v 0.044198 0.090086 0.054850
v 0.044198 0.090086 0.012755
v 0.062198 0.091539 0.043858
v 0.044198 0.091539 0.043858
v 0.044198 0.090086 0.043858
v 0.080198 0.090086 0.012755
v 0.080198 0.090086 0.035861
v 0.080198 0.090086 0.056302
v 0.080198 0.090086 0.054850
v 0.080198 0.090086 0.051855
v 0.080198 0.091539 0.051855
v 0.080198 0.091113 0.055877
v 0.080198 0.091539 0.054850
v 0.080198 0.090086 0.043858
v 0.080198 0.091113 0.011728
v 0.080198 0.090086 0.011302
v 0.080198 0.091539 0.043858
v 0.080198 0.091539 0.035861
v 0.080198 0.091539 0.012755
v 0.047574 0.091539 0.030159
v -0.068143 0.094347 0.037737
v -0.068143 0.096223 0.040546
v -0.068143 0.096882 0.043858
v -0.068143 0.096223 0.047171
v -0.068143 0.094347 0.049979
v -0.068143 0.091539 0.051855
v -0.064767 0.091539 0.035861
v -0.064767 0.094347 0.037737
v -0.064767 0.096223 0.040546
v -0.064767 0.096882 0.043858
v -0.064767 0.096223 0.047171
v -0.064767 0.094347 0.049979
v -0.064767 0.091539 0.051855
v -0.068143 0.091539 0.043858
v -0.064767 0.094347 0.043858
v -0.068143 0.094347 0.043858
v -0.082767 0.091539 0.035861
v -0.082767 0.094347 0.037737
v -0.082767 0.096223 0.040546
v -0.082767 0.096882 0.043858
v -0.082767 0.096223 0.047171
v -0.082767 0.094347 0.049979
v -0.079391 0.091539 0.035861
v -0.079391 0.094347 0.037737
v -0.079391 0.096223 0.040546
v -0.079391 0.096882 0.043858
v -0.079391 0.096223 0.047171
v -0.079391 0.094347 0.049979
v -0.079391 0.091539 0.051855
v -0.079391 0.091539 0.043858
v -0.079391 0.094347 0.043858
v -0.082767 0.094347 0.043858
v -0.082767 0.091539 0.051855
v -0.079391 0.090772 0.037517
v -0.079391 0.090772 0.050056
v -0.079391 0.090110 0.037517
v -0.079391 0.090110 0.050056
v -0.068143 0.091539 0.035861
v -0.068143 0.090772 0.037517
v -0.068143 0.090772 0.050056
v -0.068143 0.090110 0.037517
v -0.068143 0.090110 0.050056
v -0.082767 0.090086 0.056302
v -0.082767 0.091539 0.054850
v -0.082767 0.091113 0.055877
v -0.064767 0.091539 0.054850
v -0.064767 0.090086 0.056302
v -0.064767 0.091113 0.055877
v -0.064767 0.090086 0.011302
v -0.064767 0.091539 0.012755
v -0.064767 0.091113 0.011728
v -0.082767 0.091539 0.012755
v -0.082767 0.090086 0.011302
v -0.082767 0.091113 0.011728
v -0.068225 0.091539 0.053175
v -0.079329 0.091539 0.053175
v -0.068143 0.091539 0.030159
v -0.082767 0.090086 0.035861
v -0.082767 0.090086 0.051855
v -0.082767 0.090086 0.054850
v -0.082767 0.090086 0.012755
v -0.064767 0.091539 0.043858
v -0.082767 0.091539 0.043858
v -0.082767 0.090086 0.043858
v -0.046767 0.090086 0.012755
v -0.046767 0.090086 0.035861
v -0.046767 0.090086 0.056302
v -0.046767 0.090086 0.054850
v -0.046767 0.090086 0.051855
v -0.046767 0.091539 0.051855
v -0.046767 0.091113 0.055877
v -0.046767 0.091539 0.054850
v -0.046767 0.090086 0.043858
v -0.046767 0.091113 0.011728
v -0.046767 0.090086 0.011302
v -0.046767 0.091539 0.043858
v -0.046767 0.091539 0.035861
v -0.046767 0.091539 0.012755
v -0.079391 0.091539 0.030159
v -0.043192 0.094347 0.029867
v -0.043192 0.096223 0.027059
v -0.043192 0.096882 0.023747
v -0.043192 0.096223 0.020434
v -0.043192 0.094347 0.017626
v -0.043192 0.091539 0.015750
v -0.046568 0.091539 0.031744
v -0.046568 0.094347 0.029867
v -0.046568 0.096223 0.027059
v -0.046568 0.096882 0.023747
v -0.046568 0.096223 0.020434
v -0.046568 0.094347 0.017626
v -0.046568 0.091539 0.015750
v -0.043192 0.091539 0.023747
v -0.046568 0.094347 0.023747
v -0.043192 0.094347 0.023747
v -0.028568 0.091539 0.031744
v -0.028568 0.094347 0.029867
v -0.028568 0.096223 0.027059
v -0.028568 0.096882 0.023747
v -0.028568 0.096223 0.020434
v -0.028568 0.094347 0.017626
v -0.031944 0.091539 0.031744
v -0.031944 0.094347 0.029867
v -0.031944 0.096223 0.027059
v -0.031944 0.096882 0.023747
v -0.031944 0.096223 0.020434
v -0.031944 0.094347 0.017626
v -0.031944 0.091539 0.015750
v -0.031944 0.091539 0.023747
v -0.031944 0.094347 0.023747
v -0.028568 0.094347 0.023747
v -0.028568 0.091539 0.015750
v -0.031708 0.091539 0.040114
v -0.031944 0.090772 0.030088
v -0.031944 0.090772 0.017548
v -0.031944 0.090110 0.030088
v -0.031944 0.090110 0.017548
v -0.035238 0.091539 0.040114
v -0.043192 0.091539 0.031744
v -0.043192 0.090772 0.030088
v -0.043192 0.090772 0.017548
v -0.043192 0.090110 0.030088
v -0.043192 0.090110 0.017548
v -0.028568 0.090086 0.011302
v -0.028568 0.091539 0.012755
v -0.028568 0.091113 0.011728
v -0.046568 0.091539 0.012755
v -0.046568 0.090086 0.011302
v -0.046568 0.091113 0.011728
v -0.046568 0.090086 0.056302
v -0.046568 0.091539 0.054850
v -0.046568 0.091113 0.055877
v -0.028568 0.091539 0.054850
v -0.028568 0.090086 0.056302
v -0.028568 0.091113 0.055877
v -0.043110 0.091539 0.014430
v -0.032006 0.091539 0.014430
v -0.031708 0.091539 0.041692
v -0.035238 0.091539 0.041692
v -0.028568 0.090086 0.031744
v -0.028568 0.090086 0.015750
v -0.046568 0.090086 0.031744
v -0.046568 0.090086 0.015750
v -0.028568 0.090086 0.012755
v -0.046568 0.090086 0.012755
v -0.028568 0.090086 0.054850
v -0.046568 0.090086 0.054850
v -0.046568 0.091539 0.023747
v -0.028568 0.091539 0.023747
v -0.028568 0.090086 0.023747
v -0.046568 0.090086 0.023747
v -0.031708 0.091107 0.040114
v -0.035238 0.091107 0.040114
v -0.031708 0.091107 0.041692
v -0.035238 0.091107 0.041692
v -0.035120 0.091539 0.037558
v -0.032238 0.091539 0.037556
v -0.025048 0.094347 0.029867
v -0.025048 0.096223 0.027059
v -0.025048 0.096882 0.023747
v -0.025048 0.096223 0.020434
v -0.025048 0.094347 0.017626
v -0.025048 0.091539 0.015750
v -0.028424 0.091539 0.031744
v -0.028424 0.094347 0.029867
v -0.028424 0.096223 0.027059
v -0.028424 0.096882 0.023747
v -0.028424 0.096223 0.020434
v -0.028424 0.094347 0.017626
v -0.028424 0.091539 0.015750
v -0.025048 0.091539 0.023747
v -0.028424 0.094347 0.023747
v -0.025048 0.094347 0.023747
v -0.010424 0.091539 0.031744
v -0.010424 0.094347 0.029867
v -0.010424 0.096223 0.027059
v -0.010424 0.096882 0.023747
v -0.010424 0.096223 0.020434
v -0.010424 0.094347 0.017626
v -0.013800 0.091539 0.031744
v -0.013800 0.094347 0.029867
v -0.013800 0.096223 0.027059
v -0.013800 0.096882 0.023747
v -0.013800 0.096223 0.020434
v -0.013800 0.094347 0.017626
v -0.013800 0.091539 0.015750
v -0.013800 0.091539 0.023747
v -0.013800 0.094347 0.023747
v -0.010424 0.094347 0.023747
v -0.010424 0.091539 0.015750
v -0.013564 0.091539 0.040114
v -0.013800 0.090772 0.030088
v -0.013800 0.090772 0.017548
v -0.013800 0.090110 0.030088
v -0.013800 0.090110 0.017548
v -0.017094 0.091539 0.040114
v -0.025048 0.091539 0.031744
v -0.025048 0.090772 0.030088
v -0.025048 0.090772 0.017548
v -0.025048 0.090110 0.030088
v -0.025048 0.090110 0.017548
v -0.010424 0.090086 0.011302
v -0.010424 0.091539 0.012755
v -0.010424 0.091113 0.011728
v -0.028424 0.091539 0.012755
v -0.028424 0.090086 0.011302
v -0.028424 0.091113 0.011728
v -0.028424 0.090086 0.056302
v -0.028424 0.091539 0.054850
v -0.028424 0.091113 0.055877
v -0.010424 0.091539 0.054850
v -0.010424 0.090086 0.056302
v -0.010424 0.091113 0.055877
v -0.024966 0.091539 0.014430
v -0.013862 0.091539 0.014430
v -0.013564 0.091539 0.041692
v -0.017094 0.091539 0.041692
v -0.010424 0.090086 0.031744
v -0.010424 0.090086 0.015750
v -0.028424 0.090086 0.031744
v -0.028424 0.090086 0.015750
v -0.010424 0.090086 0.012755
v -0.028424 0.090086 0.012755
v -0.010424 0.090086 0.054850
v -0.028424 0.090086 0.054850
v -0.028424 0.091539 0.023747
v -0.010424 0.091539 0.023747
v -0.010424 0.090086 0.023747
v -0.028424 0.090086 0.023747
v -0.013564 0.091107 0.040114
v -0.017094 0.091107 0.040114
v -0.013564 0.091107 0.041692
v -0.017094 0.091107 0.041692
v -0.016976 0.091539 0.037558
v -0.014094 0.091539 0.037556
v -0.006904 0.094347 0.029867
v -0.006904 0.096223 0.027059
v -0.006904 0.096882 0.023747
v -0.006904 0.096223 0.020434
v -0.006904 0.094347 0.017626
v -0.006904 0.091539 0.015750
v -0.010280 0.091539 0.031744
v -0.010280 0.094347 0.029867
v -0.010280 0.096223 0.027059
v -0.010280 0.096882 0.023747
v -0.010280 0.096223 0.020434
v -0.010280 0.094347 0.017626
v -0.010280 0.091539 0.015750
v -0.006904 0.091539 0.023747
v -0.010280 0.094347 0.023747
v -0.006904 0.094347 0.023747
v 0.007720 0.091539 0.031744
v 0.007720 0.094347 0.029867
v 0.007720 0.096223 0.027059
v 0.007720 0.096882 0.023747
v 0.007720 0.096223 0.020434
v 0.007720 0.094347 0.017626
v 0.004344 0.091539 0.031744
v 0.004344 0.094347 0.029867
v 0.004344 0.096223 0.027059
v 0.004344 0.096882 0.023747
v 0.004344 0.096223 0.020434
v 0.004344 0.094347 0.017626
v 0.004344 0.091539 0.015750
v 0.004344 0.091539 0.023747
v 0.004344 0.094347 0.023747
v 0.007720 0.094347 0.023747
v 0.007720 0.091539 0.015750
v 0.004580 0.091539 0.040114
v 0.004344 0.090772 0.030088
v 0.004344 0.090772 0.017548
v 0.004344 0.090110 0.030088
v 0.004344 0.090110 0.017548
v 0.001050 0.091539 0.040114
v -0.006904 0.091539 0.031744
v -0.006904 0.090772 0.030088
v -0.006904 0.090772 0.017548
v -0.006904 0.090110 0.030088
v -0.006904 0.090110 0.017548
v 0.007720 0.090086 0.011302
v 0.007720 0.091539 0.012755
v 0.007720 0.091113 0.011728
v -0.010280 0.091539 0.012755
v -0.010280 0.090086 0.011302
v -0.010280 0.091113 0.011728
v -0.010280 0.090086 0.056302
v -0.010280 0.091539 0.054850
v -0.010280 0.091113 0.055877
v 0.007720 0.091539 0.054850
v 0.007720 0.090086 0.056302
v 0.007720 0.091113 0.055877
v -0.006822 0.091539 0.014430
v 0.004282 0.091539 0.014430
v 0.004580 0.091539 0.041692
v 0.001050 0.091539 0.041692
v 0.007720 0.090086 0.031744
v 0.007720 0.090086 0.015750
v -0.010280 0.090086 0.031744
v -0.010280 0.090086 0.015750
v 0.007720 0.090086 0.012755
v -0.010280 0.090086 0.012755
v 0.007720 0.090086 0.054850
v -0.010280 0.090086 0.054850
v -0.010280 0.091539 0.023747
v 0.007720 0.091539 0.023747
v 0.007720 0.090086 0.023747
v -0.010280 0.090086 0.023747
v 0.004580 0.091107 0.040114
v 0.001050 0.091107 0.040114
v 0.004580 0.091107 0.041692
v 0.001050 0.091107 0.041692
v 0.001168 0.091539 0.037558
v 0.004050 0.091539 0.037556
v 0.011240 0.094347 0.029867
v 0.011240 0.096223 0.027059
v 0.011240 0.096882 0.023747
v 0.011240 0.096223 0.020434
v 0.011240 0.094347 0.017626
v 0.011240 0.091539 0.015750
v 0.007864 0.091539 0.031744
v 0.007864 0.094347 0.029867
v 0.007864 0.096223 0.027059
v 0.007864 0.096882 0.023747
v 0.007864 0.096223 0.020434
v 0.007864 0.094347 0.017626
v 0.007864 0.091539 0.015750
v 0.011240 0.091539 0.023747
v 0.007864 0.094347 0.023747
v 0.011240 0.094347 0.023747
v 0.025864 0.091539 0.031744
v 0.025864 0.094347 0.029867
v 0.025864 0.096223 0.027059
v 0.025864 0.096882 0.023747
v 0.025864 0.096223 0.020434
v 0.025864 0.094347 0.017626
v 0.022488 0.091539 0.031744
v 0.022488 0.094347 0.029867
v 0.022488 0.096223 0.027059
v 0.022488 0.096882 0.023747
v 0.022488 0.096223 0.020434
v 0.022488 0.094347 0.017626
v 0.022488 0.091539 0.015750
v 0.022488 0.091539 0.023747
v 0.022488 0.094347 0.023747
v 0.025864 0.094347 0.023747
v 0.025864 0.091539 0.015750
v 0.022724 0.091539 0.040114
v 0.022488 0.090772 0.030088
v 0.022488 0.090772 0.017548
v 0.022488 0.090110 0.030088
v 0.022488 0.090110 0.017548
v 0.019194 0.091539 0.040114
v 0.011240 0.091539 0.031744
v 0.011240 0.090772 0.030088
v 0.011240 0.090772 0.017548
v 0.011240 0.090110 0.030088
v 0.011240 0.090110 0.017548
v 0.025864 0.090086 0.011302
v 0.025864 0.091539 0.012755
v 0.025864 0.091113 0.011728
v 0.007864 0.091539 0.012755
v 0.007864 0.090086 0.011302
v 0.007864 0.091113 0.011728
v 0.007864 0.090086 0.056302
v 0.007864 0.091539 0.054850
v 0.007864 0.091113 0.055877
v 0.025864 0.091539 0.054850
v 0.025864 0.090086 0.056302
v 0.025864 0.091113 0.055877
v 0.011322 0.091539 0.014430
v 0.022426 0.091539 0.014430
v 0.022724 0.091539 0.041692
v 0.019194 0.091539 0.041692
v 0.025864 0.090086 0.031744
v 0.025864 0.090086 0.015750
v 0.007864 0.090086 0.031744
v 0.007864 0.090086 0.015750
v 0.025864 0.090086 0.012755
v 0.007864 0.090086 0.012755
v 0.025864 0.090086 0.054850
v 0.007864 0.090086 0.054850
v 0.007864 0.091539 0.023747
v 0.025864 0.091539 0.023747
v 0.025864 0.090086 0.023747
v 0.007864 0.090086 0.023747
v 0.022724 0.091107 0.040114
v 0.019194 0.091107 0.040114
v 0.022724 0.091107 0.041692
v 0.019194 0.091107 0.041692
v 0.019312 0.091539 0.037558
v 0.022194 0.091539 0.037556
v 0.029384 0.094347 0.029867
v 0.029384 0.096223 0.027059
v 0.029384 0.096882 0.023747
v 0.029384 0.096223 0.020434
v 0.029384 0.094347 0.017626
v 0.029384 0.091539 0.015750
v 0.026008 0.091539 0.031744
v 0.026008 0.094347 0.029867
v 0.026008 0.096223 0.027059
v 0.026008 0.096882 0.023747
v 0.026008 0.096223 0.020434
v 0.026008 0.094347 0.017626
v 0.026008 0.091539 0.015750
v 0.029384 0.091539 0.023747
v 0.026008 0.094347 0.023747
v 0.029384 0.094347 0.023747
v 0.044008 0.091539 0.031744
v 0.044008 0.094347 0.029867
v 0.044008 0.096223 0.027059
v 0.044008 0.096882 0.023747
v 0.044008 0.096223 0.020434
v 0.044008 0.094347 0.017626
v 0.040632 0.091539 0.031744
v 0.040632 0.094347 0.029867
v 0.040632 0.096223 0.027059
v 0.040632 0.096882 0.023747
v 0.040632 0.096223 0.020434
v 0.040632 0.094347 0.017626
v 0.040632 0.091539 0.015750
v 0.040632 0.091539 0.023747
v 0.040632 0.094347 0.023747
v 0.044008 0.094347 0.023747
v 0.044008 0.091539 0.015750
v 0.040868 0.091539 0.040114
v 0.040632 0.090772 0.030088
v 0.040632 0.090772 0.017548
v 0.040632 0.090110 0.030088
v 0.040632 0.090110 0.017548
v 0.037338 0.091539 0.040114
v 0.029384 0.091539 0.031744
v 0.029384 0.090772 0.030088
v 0.029384 0.090772 0.017548
v 0.029384 0.090110 0.030088
v 0.029384 0.090110 0.017548
v 0.044008 0.090086 0.011302
v 0.044008 0.091539 0.012755
v 0.044008 0.091113 0.011728
v 0.026008 0.091539 0.012755
v 0.026008 0.090086 0.011302
v 0.026008 0.091113 0.011728
v 0.026008 0.090086 0.056302
v 0.026008 0.091539 0.054850
v 0.026008 0.091113 0.055877
v 0.044008 0.091539 0.054850
v 0.044008 0.090086 0.056302
v 0.044008 0.091113 0.055877
v 0.029466 0.091539 0.014430
v 0.040570 0.091539 0.014430
v 0.040868 0.091539 0.041692
v 0.037338 0.091539 0.041692
v 0.044008 0.090086 0.031744
v 0.044008 0.090086 0.015750
v 0.026008 0.090086 0.031744
v 0.026008 0.090086 0.015750
v 0.044008 0.090086 0.012755
v 0.026008 0.090086 0.012755
v 0.044008 0.090086 0.054850
v 0.026008 0.090086 0.054850
v 0.026008 0.091539 0.023747
v 0.044008 0.091539 0.023747
v 0.044008 0.090086 0.023747
v 0.026008 0.090086 0.023747
v 0.040868 0.091107 0.040114
v 0.037338 0.091107 0.040114
v 0.040868 0.091107 0.041692
v 0.037338 0.091107 0.041692
v 0.037456 0.091539 0.037558
v 0.040338 0.091539 0.037556
v 0.083702 0.094347 0.029867
v 0.083702 0.096223 0.027059
v 0.083702 0.096882 0.023747
v 0.083702 0.096223 0.020434
v 0.083702 0.094347 0.017626
v 0.083702 0.091539 0.015750
v 0.080326 0.091539 0.031744
v 0.080326 0.094347 0.029867
v 0.080326 0.096223 0.027059
v 0.080326 0.096882 0.023747
v 0.080326 0.096223 0.020434
v 0.080326 0.094347 0.017626
v 0.080326 0.091539 0.015750
v 0.083702 0.091539 0.023747
v 0.080326 0.094347 0.023747
v 0.083702 0.094347 0.023747
v 0.098326 0.091539 0.031744
v 0.098326 0.094347 0.029867
v 0.098326 0.096223 0.027059
v 0.098326 0.096882 0.023747
v 0.098326 0.096223 0.020434
v 0.098326 0.094347 0.017626
v 0.094950 0.091539 0.031744
v 0.094950 0.094347 0.029867
v 0.094950 0.096223 0.027059
v 0.094950 0.096882 0.023747
v 0.094950 0.096223 0.020434
v 0.094950 0.094347 0.017626
v 0.094950 0.091539 0.015750
v 0.094950 0.091539 0.023747
v 0.094950 0.094347 0.023747
v 0.098326 0.094347 0.023747
v 0.098326 0.091539 0.015750
v 0.095186 0.091539 0.040114
v 0.094950 0.090772 0.030088
v 0.094950 0.090772 0.017548
v 0.094950 0.090110 0.030088
v 0.094950 0.090110 0.017548
v 0.091656 0.091539 0.040114
v 0.083702 0.091539 0.031744
v 0.083702 0.090772 0.030088
v 0.083702 0.090772 0.017548
v 0.083702 0.090110 0.030088
v 0.083702 0.090110 0.017548
v 0.098326 0.090086 0.011302
v 0.098326 0.091539 0.012755
v 0.098326 0.091113 0.011728
v 0.080326 0.091539 0.012755
v 0.080326 0.090086 0.011302
v 0.080326 0.091113 0.011728
v 0.080326 0.090086 0.056302
v 0.080326 0.091539 0.054850
v 0.080326 0.091113 0.055877
v 0.098326 0.091539 0.054850
v 0.098326 0.090086 0.056302
v 0.098326 0.091113 0.055877
v 0.083784 0.091539 0.014430
v 0.094888 0.091539 0.014430
v 0.095186 0.091539 0.041692
v 0.091656 0.091539 0.041692
v 0.098326 0.090086 0.031744
v 0.098326 0.090086 0.015750
v 0.080326 0.090086 0.031744
v 0.080326 0.090086 0.015750
v 0.098326 0.090086 0.012755
v 0.080326 0.090086 0.012755
v 0.098326 0.090086 0.054850
v 0.080326 0.090086 0.054850
v 0.080326 0.091539 0.023747
v 0.098326 0.091539 0.023747
v 0.098326 0.090086 0.023747
v 0.080326 0.090086 0.023747
v 0.095186 0.091107 0.040114
v 0.091656 0.091107 0.040114
v 0.095186 0.091107 0.041692
v 0.091656 0.091107 0.041692
v 0.091774 0.091539 0.037558
v 0.094656 0.091539 0.037556
v 0.101846 0.094347 0.029867
v 0.101846 0.096223 0.027059
v 0.101846 0.096882 0.023747
v 0.101846 0.096223 0.020434
v 0.101846 0.094347 0.017626
v 0.101846 0.091539 0.015750
v 0.098470 0.091539 0.031744
v 0.098470 0.094347 0.029867
v 0.098470 0.096223 0.027059
v 0.098470 0.096882 0.023747
v 0.098470 0.096223 0.020434
v 0.098470 0.094347 0.017626
v 0.098470 0.091539 0.015750
v 0.101846 0.091539 0.023747
v 0.098470 0.094347 0.023747
v 0.101846 0.094347 0.023747
v 0.116470 0.091539 0.031744
v 0.116470 0.094347 0.029867
v 0.116470 0.096223 0.027059
v 0.116470 0.096882 0.023747
v 0.116470 0.096223 0.020434
v 0.116470 0.094347 0.017626
v 0.113094 0.091539 0.031744
v 0.113094 0.094347 0.029867
v 0.113094 0.096223 0.027059
v 0.113094 0.096882 0.023747
v 0.113094 0.096223 0.020434
v 0.113094 0.094347 0.017626
v 0.113094 0.091539 0.015750
v 0.113094 0.091539 0.023747
v 0.113094 0.094347 0.023747
v 0.116470 0.094347 0.023747
v 0.116470 0.091539 0.015750
v 0.113330 0.091539 0.040114
v 0.113094 0.090772 0.030088
v 0.113094 0.090772 0.017548
v 0.113094 0.090110 0.030088
v 0.113094 0.090110 0.017548
v 0.109800 0.091539 0.040114
v 0.101846 0.091539 0.031744
v 0.101846 0.090772 0.030088
v 0.101846 0.090772 0.017548
v 0.101846 0.090110 0.030088
v 0.101846 0.090110 0.017548
v 0.116470 0.090086 0.011302
v 0.116470 0.091539 0.012755
v 0.116470 0.091113 0.011728
v 0.098470 0.091539 0.012755
v 0.098470 0.090086 0.011302
v 0.098470 0.091113 0.011728
v 0.098470 0.090086 0.056302
v 0.098470 0.091539 0.054850
v 0.098470 0.091113 0.055877
v 0.116470 0.091539 0.054850
v 0.116470 0.090086 0.056302
v 0.116470 0.091113 0.055877
v 0.101928 0.091539 0.014430
v 0.113032 0.091539 0.014430
v 0.113330 0.091539 0.041692
v 0.109800 0.091539 0.041692
v 0.116470 0.090086 0.031744
v 0.116470 0.090086 0.015750
v 0.098470 0.090086 0.031744
v 0.098470 0.090086 0.015750
v 0.116470 0.090086 0.012755
v 0.098470 0.090086 0.012755
v 0.116470 0.090086 0.054850
v 0.098470 0.090086 0.054850
v 0.098470 0.091539 0.023747
v 0.116470 0.091539 0.023747
v 0.116470 0.090086 0.023747
v 0.098470 0.090086 0.023747
v 0.113330 0.091107 0.040114
v 0.109800 0.091107 0.040114
v 0.113330 0.091107 0.041692
v 0.109800 0.091107 0.041692
v 0.109918 0.091539 0.037558
v 0.112800 0.091539 0.037556
v 0.119990 0.094347 0.029867
v 0.119990 0.096223 0.027059
v 0.119990 0.096882 0.023747
v 0.119990 0.096223 0.020434
v 0.119990 0.094347 0.017626
v 0.119990 0.091539 0.015750
v 0.116614 0.091539 0.031744
v 0.116614 0.094347 0.029867
v 0.116614 0.096223 0.027059
v 0.116614 0.096882 0.023747
v 0.116614 0.096223 0.020434
v 0.116614 0.094347 0.017626
v 0.116614 0.091539 0.015750
v 0.119990 0.091539 0.023747
v 0.116614 0.094347 0.023747
v 0.119990 0.094347 0.023747
v 0.134614 0.091539 0.031744
v 0.134614 0.094347 0.029867
v 0.134614 0.096223 0.027059
v 0.134614 0.096882 0.023747
v 0.134614 0.096223 0.020434
v 0.134614 0.094347 0.017626
v 0.131238 0.091539 0.031744
v 0.131238 0.094347 0.029867
v 0.131238 0.096223 0.027059
v 0.131238 0.096882 0.023747
v 0.131238 0.096223 0.020434
v 0.131238 0.094347 0.017626
v 0.131238 0.091539 0.015750
v 0.131238 0.091539 0.023747
v 0.131238 0.094347 0.023747
v 0.134614 0.094347 0.023747
v 0.134614 0.091539 0.015750
v 0.131474 0.091539 0.040114
v 0.131238 0.090772 0.030088
v 0.131238 0.090772 0.017548
v 0.131238 0.090110 0.030088
v 0.131238 0.090110 0.017548
v 0.127944 0.091539 0.040114
v 0.119990 0.091539 0.031744
v 0.119990 0.090772 0.030088
v 0.119990 0.090772 0.017548
v 0.119990 0.090110 0.030088
v 0.119990 0.090110 0.017548
v 0.134614 0.090086 0.011302
v 0.134614 0.091539 0.012755
v 0.134614 0.091113 0.011728
v 0.116614 0.091539 0.012755
v 0.116614 0.090086 0.011302
v 0.116614 0.091113 0.011728
v 0.116614 0.090086 0.056302
v 0.116614 0.091539 0.054850
v 0.116614 0.091113 0.055877
v 0.134614 0.091539 0.054850
v 0.134614 0.090086 0.056302
v 0.134614 0.091113 0.055877
v 0.120072 0.091539 0.014430
v 0.131176 0.091539 0.014430
v 0.131474 0.091539 0.041692
v 0.127944 0.091539 0.041692
v 0.134614 0.090086 0.031744
v 0.134614 0.090086 0.015750
v 0.116614 0.090086 0.031744
v 0.116614 0.090086 0.015750
v 0.134614 0.090086 0.012755
v 0.116614 0.090086 0.012755
v 0.134614 0.090086 0.054850
v 0.116614 0.090086 0.054850
v 0.116614 0.091539 0.023747
v 0.134614 0.091539 0.023747
v 0.134614 0.090086 0.023747
v 0.116614 0.090086 0.023747
v 0.131474 0.091107 0.040114
v 0.127944 0.091107 0.040114
v 0.131474 0.091107 0.041692
v 0.127944 0.091107 0.041692
v 0.128062 0.091539 0.037558
v 0.130944 0.091539 0.037556
v 0.138134 0.094347 0.029867
v 0.138134 0.096223 0.027059
v 0.138134 0.096882 0.023747
v 0.138134 0.096223 0.020434
v 0.138134 0.094347 0.017626
v 0.138134 0.091539 0.015750
v 0.134758 0.091539 0.031744
v 0.134758 0.094347 0.029867
v 0.134758 0.096223 0.027059
v 0.134758 0.096882 0.023747
v 0.134758 0.096223 0.020434
v 0.134758 0.094347 0.017626
v 0.134758 0.091539 0.015750
v 0.138134 0.091539 0.023747
v 0.134758 0.094347 0.023747
v 0.138134 0.094347 0.023747
v 0.152758 0.091539 0.031744
v 0.152758 0.094347 0.029867
v 0.152758 0.096223 0.027059
v 0.152758 0.096882 0.023747
v 0.152758 0.096223 0.020434
v 0.152758 0.094347 0.017626
v 0.149382 0.091539 0.031744
v 0.149382 0.094347 0.029867
v 0.149382 0.096223 0.027059
v 0.149382 0.096882 0.023747
v 0.149382 0.096223 0.020434
v 0.149382 0.094347 0.017626
v 0.149382 0.091539 0.015750
v 0.149382 0.091539 0.023747
v 0.149382 0.094347 0.023747
v 0.152758 0.094347 0.023747
v 0.152758 0.091539 0.015750
v 0.149618 0.091539 0.040114
v 0.149382 0.090772 0.030088
v 0.149382 0.090772 0.017548
v 0.149382 0.090110 0.030088
v 0.149382 0.090110 0.017548
v 0.146088 0.091539 0.040114
v 0.138134 0.091539 0.031744
v 0.138134 0.090772 0.030088
v 0.138134 0.090772 0.017548
v 0.138134 0.090110 0.030088
v 0.138134 0.090110 0.017548
v 0.152758 0.090086 0.011302
v 0.152758 0.091539 0.012755
v 0.152758 0.091113 0.011728
v 0.134758 0.091539 0.012755
v 0.134758 0.090086 0.011302
v 0.134758 0.091113 0.011728
v 0.134758 0.090086 0.056302
v 0.134758 0.091539 0.054850
v 0.134758 0.091113 0.055877
v 0.152758 0.091539 0.054850
v 0.152758 0.090086 0.056302
v 0.152758 0.091113 0.055877
v 0.138216 0.091539 0.014430
v 0.149320 0.091539 0.014430
v 0.149618 0.091539 0.041692
v 0.146088 0.091539 0.041692
v 0.152758 0.090086 0.031744
v 0.152758 0.090086 0.015750
v 0.134758 0.090086 0.031744
v 0.134758 0.090086 0.015750
v 0.152758 0.090086 0.012755
v 0.134758 0.090086 0.012755
v 0.152758 0.090086 0.054850
v 0.134758 0.090086 0.054850
v 0.134758 0.091539 0.023747
v 0.152758 0.091539 0.023747
v 0.152758 0.090086 0.023747
v 0.134758 0.090086 0.023747
v 0.149618 0.091107 0.040114
v 0.146088 0.091107 0.040114
v 0.149618 0.091107 0.041692
v 0.146088 0.091107 0.041692
v 0.146206 0.091539 0.037558
v 0.149088 0.091539 0.037556
v 0.156278 0.094347 0.029867
v 0.156278 0.096223 0.027059
v 0.156278 0.096882 0.023747
v 0.156278 0.096223 0.020434
v 0.156278 0.094347 0.017626
v 0.156278 0.091539 0.015750
v 0.152902 0.091539 0.031744
v 0.152902 0.094347 0.029867
v 0.152902 0.096223 0.027059
v 0.152902 0.096882 0.023747
v 0.152902 0.096223 0.020434
v 0.152902 0.094347 0.017626
v 0.152902 0.091539 0.015750
v 0.156278 0.091539 0.023747
v 0.152902 0.094347 0.023747
v 0.156278 0.094347 0.023747
v 0.170902 0.091539 0.031744
v 0.170902 0.094347 0.029867
v 0.170902 0.096223 0.027059
v 0.170902 0.096882 0.023747
v 0.170902 0.096223 0.020434
v 0.170902 0.094347 0.017626
v 0.167526 0.091539 0.031744
v 0.167526 0.094347 0.029867
v 0.167526 0.096223 0.027059
v 0.167526 0.096882 0.023747
v 0.167526 0.096223 0.020434
v 0.167526 0.094347 0.017626
v 0.167526 0.091539 0.015750
v 0.167526 0.091539 0.023747
v 0.167526 0.094347 0.023747
v 0.170902 0.094347 0.023747
v 0.170902 0.091539 0.015750
v 0.167762 0.091539 0.040114
v 0.167526 0.090772 0.030088
v 0.167526 0.090772 0.017548
v 0.167526 0.090110 0.030088
v 0.167526 0.090110 0.017548
v 0.164232 0.091539 0.040114
v 0.156278 0.091539 0.031744
v 0.156278 0.090772 0.030088
v 0.156278 0.090772 0.017548
v 0.156278 0.090110 0.030088
v 0.156278 0.090110 0.017548
v 0.170902 0.090086 0.011302
v 0.170902 0.091539 0.012755
v 0.170902 0.091113 0.011728
v 0.152902 0.091539 0.012755
v 0.152902 0.090086 0.011302
v 0.152902 0.091113 0.011728
v 0.152902 0.090086 0.056302
v 0.152902 0.091539 0.054850
v 0.152902 0.091113 0.055877
v 0.170902 0.091539 0.054850
v 0.170902 0.090086 0.056302
v 0.170902 0.091113 0.055877
v 0.156360 0.091539 0.014430
v 0.167464 0.091539 0.014430
v 0.167762 0.091539 0.041692
v 0.164232 0.091539 0.041692
v 0.170902 0.090086 0.031744
v 0.170902 0.090086 0.015750
v 0.152902 0.090086 0.031744
v 0.152902 0.090086 0.015750
v 0.170902 0.090086 0.012755
v 0.152902 0.090086 0.012755
v 0.170902 0.090086 0.054850
v 0.152902 0.090086 0.054850
v 0.152902 0.091539 0.023747
v 0.170902 0.091539 0.023747
v 0.170902 0.090086 0.023747
v 0.152902 0.090086 0.023747
v 0.167762 0.091107 0.040114
v 0.164232 0.091107 0.040114
v 0.167762 0.091107 0.041692
v 0.164232 0.091107 0.041692
v 0.164350 0.091539 0.037558
v 0.167232 0.091539 0.037556
v -0.157502 0.092855 -0.018462
v -0.142395 0.092855 -0.018462
v -0.157502 0.091685 -0.018148
v -0.142395 0.091685 -0.018148
v -0.157502 0.090827 -0.017291
v -0.142395 0.090827 -0.017291
v -0.157502 0.090514 -0.016120
v -0.142395 0.090514 -0.016120
v -0.157502 0.090514 -0.014949
v -0.142395 0.090514 -0.014949
v -0.157502 0.091424 -0.014231
v -0.142395 0.091424 -0.014231
v -0.157502 0.092855 -0.013779
v -0.142395 0.092855 -0.013779
v -0.157502 0.094026 -0.014092
v -0.142395 0.094026 -0.014092
v -0.157502 0.094883 -0.014949
v -0.142395 0.094883 -0.014949
v -0.157502 0.095197 -0.016120
v -0.142395 0.095197 -0.016120
v -0.157502 0.094883 -0.017291
v -0.142395 0.094883 -0.017291
v -0.157502 0.094026 -0.018148
v -0.142395 0.094026 -0.018148
v -0.157502 0.090514 -0.009812
v -0.155978 0.090514 -0.008288
v -0.157056 0.090514 -0.008734
v -0.142395 0.090514 -0.009812
v -0.143920 0.090514 -0.008288
v -0.142842 0.090514 -0.008734
v -0.157502 0.092855 -0.017762
v -0.142395 0.092855 -0.017762
v -0.157502 0.092035 -0.017542
v -0.142395 0.092035 -0.017542
v -0.157502 0.091434 -0.016941
v -0.142395 0.091434 -0.016941
v -0.157502 0.091208 -0.016029
v -0.142395 0.091208 -0.016029
v -0.157502 0.091214 -0.014949
v -0.142395 0.091214 -0.014949
v -0.157502 0.091635 -0.014899
v -0.142395 0.091635 -0.014899
v -0.157502 0.092871 -0.014478
v -0.142395 0.092871 -0.014478
v -0.157502 0.093676 -0.014699
v -0.142395 0.093676 -0.014699
v -0.157502 0.094277 -0.015299
v -0.142395 0.094277 -0.015299
v -0.157502 0.094497 -0.016120
v -0.142395 0.094497 -0.016120
v -0.157502 0.094277 -0.016941
v -0.142395 0.094277 -0.016941
v -0.157502 0.093676 -0.017542
v -0.142395 0.093676 -0.017542
v -0.157502 0.091214 -0.009812
v -0.155978 0.091214 -0.008288
v -0.157056 0.091214 -0.008734
v -0.142395 0.091214 -0.009812
v -0.143920 0.091214 -0.008288
v -0.142842 0.091214 -0.008734
v 0.142395 0.092855 -0.018462
v 0.157502 0.092855 -0.018462
v 0.142395 0.091685 -0.018148
v 0.157502 0.091685 -0.018148
v 0.142395 0.090827 -0.017291
v 0.157502 0.090827 -0.017291
v 0.142395 0.090514 -0.016120
v 0.157502 0.090514 -0.016120
v 0.142395 0.090514 -0.014949
v 0.157502 0.090514 -0.014949
v 0.142395 0.091424 -0.014231
v 0.157502 0.091424 -0.014231
v 0.142395 0.092855 -0.013779
v 0.157502 0.092855 -0.013779
v 0.142395 0.094026 -0.014092
v 0.157502 0.094026 -0.014092
v 0.142395 0.094883 -0.014949
v 0.157502 0.094883 -0.014949
v 0.142395 0.095197 -0.016120
v 0.157502 0.095197 -0.016120
v 0.142395 0.094883 -0.017291
v 0.157502 0.094883 -0.017291
v 0.142395 0.094026 -0.018148
v 0.157502 0.094026 -0.018148
v 0.142395 0.090514 -0.009812
v 0.143920 0.090514 -0.008288
v 0.142842 0.090514 -0.008734
v 0.157502 0.090514 -0.009812
v 0.155978 0.090514 -0.008288
v 0.157056 0.090514 -0.008734
v 0.142395 0.092855 -0.017762
v 0.157502 0.092855 -0.017762
v 0.142395 0.092035 -0.017542
v 0.157502 0.092035 -0.017542
v 0.142395 0.091434 -0.016941
v 0.157502 0.091434 -0.016941
v 0.142395 0.091208 -0.016029
v 0.157502 0.091208 -0.016029
v 0.142395 0.091214 -0.014949
v 0.157502 0.091214 -0.014949
v 0.142395 0.091635 -0.014899
v 0.157502 0.091635 -0.014899
v 0.142395 0.092871 -0.014478
v 0.157502 0.092871 -0.014478
v 0.142395 0.093676 -0.014699
v 0.157502 0.093676 -0.014699
v 0.142395 0.094277 -0.015299
v 0.157502 0.094277 -0.015299
v 0.142395 0.094497 -0.016120
v 0.157502 0.094497 -0.016120
v 0.142395 0.094277 -0.016941
v 0.157502 0.094277 -0.016941
v 0.142395 0.093676 -0.017542
v 0.157502 0.093676 -0.017542
v 0.142395 0.091214 -0.009812
v 0.143920 0.091214 -0.008288
v 0.142842 0.091214 -0.008734
v 0.157502 0.091214 -0.009812
v 0.155978 0.091214 -0.008288
v 0.157056 0.091214 -0.008734
v -0.127002 0.092855 -0.017650
v -0.157502 0.092855 -0.017650
v -0.127002 0.093620 -0.017445
v -0.157502 0.093620 -0.017445
v -0.127002 0.094180 -0.016885
v -0.157502 0.094180 -0.016885
v -0.127002 0.094385 -0.016120
v -0.157502 0.094385 -0.016120
v -0.127002 0.094180 -0.015356
v -0.157502 0.094180 -0.015356
v -0.127002 0.093620 -0.014796
v -0.157502 0.093620 -0.014796
v -0.127002 0.092855 -0.014591
v -0.157502 0.092855 -0.014591
v -0.127002 0.092091 -0.014796
v -0.157502 0.092091 -0.014796
v -0.127002 0.091531 -0.015356
v -0.157502 0.091531 -0.015356
v -0.127002 0.091326 -0.016120
v -0.157502 0.091326 -0.016120
v -0.127002 0.091531 -0.016885
v -0.157502 0.091531 -0.016885
v -0.127002 0.092091 -0.017445
v -0.157502 0.092091 -0.017445
v -0.157502 0.092855 -0.016120
v -0.127002 0.092855 -0.016120
v 0.157502 0.092855 -0.017650
v 0.127002 0.092855 -0.017650
v 0.157502 0.093620 -0.017445
v 0.127002 0.093620 -0.017445
v 0.157502 0.094180 -0.016885
v 0.127002 0.094180 -0.016885
v 0.157502 0.094385 -0.016120
v 0.127002 0.094385 -0.016120
v 0.157502 0.094180 -0.015356
v 0.127002 0.094180 -0.015356
v 0.157502 0.093620 -0.014796
v 0.127002 0.093620 -0.014796
v 0.157502 0.092855 -0.014591
v 0.127002 0.092855 -0.014591
v 0.157502 0.092091 -0.014796
v 0.127002 0.092091 -0.014796
v 0.157502 0.091531 -0.015356
v 0.127002 0.091531 -0.015356
v 0.157502 0.091326 -0.016120
v 0.127002 0.091326 -0.016120
v 0.157502 0.091531 -0.016885
v 0.127002 0.091531 -0.016885
v 0.157502 0.092091 -0.017445
v 0.127002 0.092091 -0.017445
v 0.127002 0.092855 -0.016120
v 0.157502 0.092855 -0.016120
vn 1.0000 -0.0000 -0.0000
vn -1.0000 -0.0000 -0.0000
vn -0.0000 -0.0000 -1.0000
vn -0.0000 -0.0000 1.0000
vn -0.0000 1.0000 -0.0000
vn -0.5000 0.8660 -0.0000
vn -0.8660 0.5000 -0.0000
vn 0.8660 0.5000 -0.0000
vn 0.8660 -0.5000 -0.0000
vn 0.5000 -0.8660 -0.0000
vn -0.8660 -0.5000 -0.0000
vn 0.5000 0.8660 -0.0000
vn -0.5000 -0.8660 -0.0000
vn -0.0000 0.3827 -0.9239
vn -0.0000 -0.3827 -0.9239
vn -0.0000 0.7071 -0.7071
vn -0.0000 -0.7071 -0.7071
vn -0.0000 -0.9239 -0.3827
vn -0.0000 0.3827 0.9239
vn -0.0000 -0.3827 0.9239
vn -0.0000 0.7071 0.7071
vn -0.0000 0.9239 0.3827
vn -0.0000 -0.7071 0.7071
vn -0.0000 -1.0000 -0.0000
vn -0.0000 -0.9239 0.3827
vn -0.0000 0.9239 -0.3827
vn 0.0115 -0.0000 0.9999
vn 0.0077 -0.0140 0.9999
vn 0.0211 -0.0122 0.9997
vn 0.0211 -0.0000 0.9998
vn -0.0000 0.2701 0.9628
vn 0.1384 0.2398 0.9609
vn 0.2340 0.1351 0.9628
vn 0.2769 -0.0000 0.9609
vn 0.2340 -0.1351 0.9628
vn 0.1384 -0.2398 0.9609
vn -0.0000 -0.2701 0.9628
vn -0.1384 -0.2398 0.9609
vn -0.2340 -0.1351 0.9628
vn -0.2769 -0.0000 0.9609
vn -0.2340 0.1351 0.9628
vn -0.1384 0.2398 0.9609
vn -0.0115 -0.0000 0.9999
vn -0.0000 0.0148 0.9999
vn -0.0077 0.0140 0.9999
vn -0.0077 -0.0140 0.9999
vn -0.0000 -0.0148 0.9999
vn 0.0077 0.0140 0.9999
vn 0.0211 0.0122 0.9997
vn -0.0211 -0.0000 0.9998
vn -0.0211 0.0122 0.9997
vn -0.0211 -0.0122 0.9997
vn -0.0000 0.0500 0.9987
vn 0.9969 0.0790 -0.0000
vn -0.0000 0.0500 -0.9987
vn 0.9971 -0.0766 -0.0000
vn -0.0000 -0.0489 -0.9988
vn -0.0000 -0.0489 0.9988
vn -0.9971 -0.0766 -0.0000
vn -0.1274 -0.9918 -0.0000
vn -0.0000 -0.9916 -0.1296
vn 0.1274 -0.9918 -0.0000
vn -0.0000 -0.9916 0.1296
vn -0.7674 0.6412 0.0001
vn -0.0000 0.8133 -0.5818
vn 0.9587 0.2843 -0.0000
vn -0.0000 0.5991 0.8007
vn -0.9969 0.0790 -0.0000
vn -0.0866 0.9846 0.1520
vn -0.1315 0.9888 0.0711
vn -0.1267 0.9736 0.1897
vn -0.0547 0.9751 0.2150
vn 0.1315 0.9888 0.0711
vn 0.0866 0.9846 0.1520
vn 0.0547 0.9751 0.2150
vn 0.1267 0.9736 0.1897
vn 0.1315 0.9888 -0.0711
vn 0.0867 0.9846 -0.1520
vn 0.1328 0.9908 -0.0264
vn -0.0866 0.9846 -0.1520
vn -0.1315 0.9888 -0.0711
vn -0.1328 0.9908 -0.0264
vn 0.0547 0.9751 -0.2150
vn -0.0547 0.9751 -0.2150
vn 0.1328 0.9908 0.0264
vn -0.1328 0.9908 0.0264
vn -0.1267 0.9736 -0.1897
vn 0.1268 0.9736 -0.1897
vn 0.5556 -0.0000 -0.8315
vn 0.8315 -0.0000 -0.5556
vn -0.5556 -0.0000 -0.8315
vn -0.1951 -0.0000 -0.9808
vn -0.1951 -0.0000 0.9808
vn -0.5556 -0.0000 0.8315
vn -0.8315 -0.0000 -0.5556
vn -0.8315 -0.0000 0.5556
vn -0.9239 -0.0000 0.3827
vn -0.9657 -0.0000 0.2595
vn 0.8315 -0.0000 0.5556
vn 0.5556 -0.0000 0.8315
vn 0.9239 -0.0000 -0.3827
vn 0.9657 -0.0000 -0.2596
vn -0.9239 -0.0000 -0.3827
vn -0.9657 -0.0000 -0.2595
vn 0.1951 -0.0000 -0.9808
vn 0.9239 -0.0000 0.3827
vn 0.9657 -0.0000 0.2596
vn 0.1951 -0.0000 0.9808
vn -0.9808 -0.0000 -0.1951
vn -0.9808 -0.0000 0.1951
vn 0.9808 -0.0000 0.1951
vn 0.9808 -0.0000 -0.1951
vn -0.0867 0.9846 -0.1520
vn -0.1268 0.9736 -0.1897
vn 0.9657 -0.0000 0.2595
vn -0.9657 -0.0000 -0.2596
vn 0.9657 -0.0000 -0.2595
vn -0.9657 -0.0000 0.2596
vn -0.0000 0.5556 -0.8315
vn -0.0000 0.5556 0.8315
vn -0.0000 0.9808 0.1951
vn -0.0000 0.9075 0.4201
vn -0.0000 0.9808 -0.1951
vn -0.0000 0.9200 -0.3920
vn -0.0000 0.9075 -0.4201
vn -0.0000 0.9200 0.3920
vn -0.0000 -0.5000 -0.8660
vn -0.0000 -0.8660 -0.5000
vn -0.0000 -0.9914 -0.1305
vn -0.0000 -0.3015 0.9535
vn -0.0000 -0.0222 0.9998
vn -0.0000 0.5000 0.8660
vn -0.0000 0.8660 0.5000
vn -0.0000 0.8660 -0.5000
vn -0.0000 0.5000 -0.8660
vn -0.0000 0.8707 0.4917
vn -0.0000 0.9930 0.1183
vn -0.0000 1.0000 -0.0028
vn -0.0000 0.3219 -0.9468
vn -0.0000 0.0305 -0.9995
vn -0.0000 -0.5022 -0.8648
vn -0.0000 -0.8660 0.5000
vn -0.0000 -0.5000 0.8660
vn -0.0000 -0.9535 -0.3015
vn 0.7071 -0.0000 0.7071
vn -0.7071 -0.0000 0.7071
vt 0.688688 0.618387
vt 0.688687 0.655729
vt 0.659615 0.655729
vt 0.659615 0.618387
vt 0.757460 0.052748
vt 0.554940 0.057120
vt 0.554940 0.002446
vt 0.757460 0.002446
vt 0.764694 0.714844
vt 0.719124 0.714844
vt 0.719124 0.318446
vt 0.764695 0.318446
vt 0.552928 0.655729
vt 0.552928 0.701299
vt 0.350409 0.701299
vt 0.350409 0.655729
vt 0.941694 0.712840
vt 0.945151 0.316444
vt 0.990722 0.316444
vt 0.990722 0.712840
vt 0.886094 0.789969
vt 0.882792 0.852053
vt 0.863867 0.852053
vt 0.880322 0.784196
vt 0.757460 0.110376
vt 0.757460 0.129301
vt 0.554940 0.129301
vt 0.554940 0.110376
vt 0.907638 0.784196
vt 0.990722 0.852053
vt 0.936048 0.852053
vt 0.901865 0.789969
vt 0.863867 0.776809
vt 0.878209 0.776311
vt 0.880322 0.784196
vt 0.863867 0.852053
vt 0.909751 0.776311
vt 0.990722 0.776311
vt 0.812437 0.093092
vt 0.757460 0.083715
vt 0.810571 0.083715
vt 0.599042 0.655729
vt 0.599042 0.701299
vt 0.817748 0.066388
vt 0.802998 0.002446
vt 0.825698 0.061076
vt 0.554940 0.083715
vt 0.893980 0.792082
vt 0.909453 0.852053
vt 0.817748 0.101041
vt 0.825698 0.106353
vt 0.803573 0.129301
vt 0.812437 0.074338
vt 0.659615 0.701299
vt 0.630544 0.701299
vt 0.630544 0.655729
vt 0.835075 0.002446
vt 0.835075 0.059211
vt 0.688688 0.574445
vt 0.688688 0.596415
vt 0.659615 0.596416
vt 0.659615 0.574445
vt 0.835075 0.108218
vt 0.835075 0.129301
vt 0.630544 0.596416
vt 0.630544 0.618387
vt 0.599042 0.618387
vt 0.599042 0.596416
vt 0.552928 0.618387
vt 0.552928 0.596416
vt 0.350410 0.618387
vt 0.350410 0.596416
vt 0.824007 0.714844
vt 0.802036 0.714844
vt 0.802036 0.318446
vt 0.824007 0.318446
vt 0.893219 0.048017
vt 0.893219 0.085358
vt 0.859578 0.083715
vt 0.857713 0.074338
vt 0.882381 0.712840
vt 0.863867 0.712840
vt 0.863867 0.316444
vt 0.885838 0.316444
vt 0.886094 0.762652
vt 0.900895 0.712840
vt 0.893980 0.760540
vt 0.824007 0.854056
vt 0.802036 0.854056
vt 0.802036 0.778414
vt 0.824007 0.778613
vt 0.907638 0.768425
vt 0.764694 0.854056
vt 0.719123 0.854056
vt 0.719123 0.777659
vt 0.764694 0.778073
vt 0.880322 0.768425
vt 0.845979 0.854056
vt 0.845979 0.778813
vt 0.907809 0.316444
vt 0.845979 0.714844
vt 0.845978 0.318446
vt 0.552929 0.574445
vt 0.350410 0.574445
vt 0.599042 0.574444
vt 0.630544 0.574444
vt 0.901865 0.762652
vt 0.865136 0.002446
vt 0.844452 0.061076
vt 0.893219 0.002446
vt 0.852401 0.066388
vt 0.893219 0.107329
vt 0.857713 0.093092
vt 0.864147 0.129301
vt 0.844452 0.106353
vt 0.688687 0.701299
vt 0.893219 0.129301
vt 0.852401 0.101041
vt 0.893218 0.129301
vt 0.852401 0.101041
vt 0.385732 0.373272
vt 0.385732 0.384454
vt 0.369827 0.384454
vt 0.369827 0.373272
vt 0.660395 0.429897
vt 0.681821 0.429897
vt 0.681821 0.514959
vt 0.658533 0.514959
vt 0.570892 0.339849
vt 0.403248 0.339849
vt 0.403248 0.320439
vt 0.570892 0.320439
vt 0.369827 0.429897
vt 0.369826 0.514959
vt 0.350416 0.514959
vt 0.350416 0.429897
vt 0.570892 0.546909
vt 0.570892 0.567792
vt 0.403248 0.567791
vt 0.403248 0.548381
vt 0.603745 0.523226
vt 0.601286 0.520767
vt 0.628988 0.514959
vt 0.628988 0.521819
vt 0.570892 0.429897
vt 0.570892 0.514959
vt 0.403248 0.514959
vt 0.403248 0.429897
vt 0.635848 0.429897
vt 0.635848 0.514959
vt 0.628988 0.514959
vt 0.628988 0.429897
vt 0.601286 0.532402
vt 0.603745 0.529944
vt 0.628988 0.544504
vt 0.628988 0.567792
vt 0.598139 0.514959
vt 0.597927 0.519867
vt 0.597927 0.533302
vt 0.597927 0.567792
vt 0.643210 0.406480
vt 0.647205 0.407274
vt 0.647205 0.429897
vt 0.570892 0.410255
vt 0.403248 0.410255
vt 0.369827 0.410255
vt 0.350416 0.410255
vt 0.654585 0.404217
vt 0.656847 0.400831
vt 0.681821 0.410500
vt 0.647205 0.514959
vt 0.604644 0.526585
vt 0.628988 0.533175
vt 0.639825 0.404217
vt 0.637562 0.400831
vt 0.628988 0.410255
vt 0.651199 0.406480
vt 0.369827 0.396837
vt 0.350416 0.396837
vt 0.350416 0.384454
vt 0.657642 0.396837
vt 0.681821 0.396837
vt 0.570892 0.384454
vt 0.570892 0.396837
vt 0.403248 0.396837
vt 0.403248 0.384454
vt 0.403248 0.373272
vt 0.395091 0.384454
vt 0.395091 0.373272
vt 0.636768 0.396837
vt 0.628988 0.396837
vt 0.395091 0.396837
vt 0.395091 0.410255
vt 0.385732 0.410255
vt 0.385732 0.396837
vt 0.395091 0.429897
vt 0.385732 0.429897
vt 0.395091 0.514959
vt 0.385732 0.514959
vt 0.570892 0.365114
vt 0.403248 0.365114
vt 0.403248 0.355755
vt 0.570892 0.355755
vt 0.662410 0.373271
vt 0.651199 0.387194
vt 0.647205 0.386400
vt 0.646504 0.373271
vt 0.570892 0.521644
vt 0.403248 0.523117
vt 0.592109 0.523226
vt 0.591209 0.526585
vt 0.570892 0.529530
vt 0.628988 0.365114
vt 0.598054 0.365114
vt 0.597969 0.355755
vt 0.628988 0.355755
vt 0.598139 0.410255
vt 0.598139 0.396837
vt 0.628988 0.384454
vt 0.598139 0.384454
vt 0.598139 0.429897
vt 0.594568 0.532402
vt 0.628988 0.339849
vt 0.597824 0.339849
vt 0.597647 0.320439
vt 0.628988 0.320439
vt 0.594568 0.520767
vt 0.628988 0.373271
vt 0.598139 0.373271
vt 0.403248 0.532475
vt 0.570892 0.373271
vt 0.592109 0.529944
vt 0.656847 0.392843
vt 0.681821 0.384032
vt 0.681821 0.373271
vt 0.654585 0.389457
vt 0.643210 0.387194
vt 0.637146 0.373271
vt 0.637562 0.392843
vt 0.350416 0.373272
vt 0.639825 0.389457
vt 0.538859 0.853262
vt 0.142183 0.853264
vt 0.142183 0.850443
vt 0.536042 0.850445
vt 0.246235 0.632790
vt 0.246235 0.640964
vt 0.243412 0.640964
vt 0.243412 0.632790
vt 0.591928 0.908937
vt 0.591928 0.917101
vt 0.589109 0.917101
vt 0.589109 0.908937
vt 0.591928 0.900773
vt 0.589109 0.900773
vt 0.591928 0.892609
vt 0.589109 0.892609
vt 0.246235 0.649139
vt 0.243412 0.649139
vt 0.246235 0.657313
vt 0.243412 0.657313
vt 0.246235 0.616441
vt 0.246235 0.624616
vt 0.243412 0.624616
vt 0.243412 0.616441
vt 0.246235 0.665487
vt 0.243412 0.665487
vt 0.397235 0.831265
vt 0.387673 0.831265
vt 0.387673 0.828445
vt 0.397235 0.828445
vt 0.378110 0.831265
vt 0.378110 0.828445
vt 0.406797 0.831265
vt 0.406797 0.828445
vt 0.368548 0.831265
vt 0.358986 0.831265
vt 0.358986 0.828445
vt 0.368548 0.828445
vt 0.572665 0.151262
vt 0.563101 0.151262
vt 0.563101 0.148442
vt 0.572665 0.148442
vt 0.582230 0.151262
vt 0.582230 0.148442
vt 0.445046 0.831265
vt 0.435484 0.831265
vt 0.435484 0.828446
vt 0.445046 0.828446
vt 0.591795 0.151262
vt 0.591795 0.148442
vt 0.610925 0.151262
vt 0.601360 0.151262
vt 0.601360 0.148442
vt 0.610925 0.148442
vt 0.425922 0.831265
vt 0.425922 0.828445
vt 0.688613 0.709258
vt 0.660529 0.709258
vt 0.660529 0.706439
vt 0.685794 0.706439
vt 0.591928 0.884445
vt 0.589109 0.884445
vt 0.246235 0.673662
vt 0.243412 0.673662
vt 0.142107 0.842443
vt 0.539142 0.842444
vt 0.536324 0.845263
vt 0.142107 0.845262
vt 0.598386 0.709258
vt 0.552846 0.709258
vt 0.552846 0.706439
vt 0.598386 0.706439
vt 0.416359 0.831265
vt 0.416359 0.828445
vt 0.707007 0.349939
vt 0.707007 0.320877
vt 0.709825 0.323695
vt 0.709825 0.349939
vt 0.349424 0.831265
vt 0.349424 0.828445
vt 0.591928 0.925265
vt 0.589109 0.925265
vt 0.553536 0.151262
vt 0.553536 0.148442
vt 0.002882 0.842444
vt 0.078631 0.842443
vt 0.078631 0.845262
vt 0.005701 0.845263
vt 0.350297 0.709257
vt 0.353116 0.706438
vt 0.707007 0.659034
vt 0.707007 0.456589
vt 0.709825 0.456589
vt 0.709825 0.656216
vt 0.630465 0.709258
vt 0.630465 0.706439
vt 0.707007 0.410491
vt 0.707007 0.379001
vt 0.709825 0.379001
vt 0.709825 0.410491
vt 0.079324 0.853263
vt 0.079324 0.850443
vt 0.002877 0.853263
vt 0.005698 0.850443
vt 0.241501 0.402852
vt 0.245750 0.402852
vt 0.245214 0.413768
vt 0.241501 0.413768
vt 0.241502 0.424684
vt 0.245751 0.424684
vt 0.245214 0.435600
vt 0.241502 0.435600
vt 0.241502 0.446517
vt 0.245751 0.446517
vt 0.245214 0.457433
vt 0.241501 0.457433
vt 0.241501 0.337354
vt 0.245751 0.337354
vt 0.245214 0.348270
vt 0.241501 0.348270
vt 0.981141 0.120718
vt 0.967227 0.112683
vt 0.976503 0.110201
vt 0.985779 0.112684
vt 0.241501 0.359187
vt 0.245751 0.359187
vt 0.245214 0.370103
vt 0.241501 0.370103
vt 0.241501 0.381019
vt 0.245750 0.381019
vt 0.245214 0.391936
vt 0.241501 0.391936
vt 0.241502 0.326438
vt 0.245214 0.326438
vt 0.960438 0.119475
vt 0.957950 0.128750
vt 0.957547 0.128750
vt 0.957514 0.117786
vt 0.960438 0.138025
vt 0.967226 0.144817
vt 0.967024 0.145166
vt 0.957514 0.139713
vt 0.976503 0.147300
vt 0.985779 0.144818
vt 0.985980 0.145167
vt 0.976502 0.150677
vt 0.992568 0.138027
vt 0.995056 0.128751
vt 0.995459 0.128751
vt 0.995492 0.139715
vt 0.992568 0.119476
vt 0.985981 0.112335
vt 0.995491 0.117788
vt 0.967025 0.112334
vt 0.976503 0.106825
vt 0.971865 0.136784
vt 0.976503 0.128751
vt 0.543816 0.822190
vt 0.003259 0.822192
vt 0.002645 0.814441
vt 0.544429 0.814441
vt 0.002955 0.828440
vt 0.344358 0.828440
vt 0.344746 0.836205
vt 0.002568 0.836205
vt 0.253345 0.275512
vt 0.189763 0.275514
vt 0.005326 0.174390
vt 0.343707 0.174442
vt 0.253343 0.685558
vt 0.343672 0.714335
vt 0.850865 0.859998
vt 0.850864 0.319257
vt 0.858617 0.318643
vt 0.858617 0.860612
vt 0.189763 0.685559
vt 0.005317 0.714366
vt 0.203218 0.620130
vt 0.194652 0.620548
vt 0.194651 0.280557
vt 0.203218 0.280976
vt 0.693575 0.321288
vt 0.702128 0.320632
vt 0.702128 0.860357
vt 0.693574 0.859700
vt 0.541620 0.800438
vt 0.542277 0.808990
vt 0.002643 0.808991
vt 0.003300 0.800438
vt 0.555501 0.143008
vt 0.555083 0.134440
vt 0.895139 0.134439
vt 0.894720 0.143008
vt 0.995906 0.487599
vt 0.995906 0.144874
vt 0.997048 0.145987
vt 0.997050 0.486484
vt 0.002884 0.858446
vt 0.544974 0.858446
vt 0.543843 0.859567
vt 0.004015 0.859567
vt 0.891920 0.867586
vt 0.549275 0.867586
vt 0.550388 0.866445
vt 0.890805 0.866443
vt 0.544950 0.865561
vt 0.002878 0.865562
vt 0.004009 0.864441
vt 0.543819 0.864441
vt 0.002441 0.790536
vt 0.002441 0.727108
vt 0.007112 0.727108
vt 0.007112 0.790536
vt 0.420828 0.727107
vt 0.420828 0.790535
vt 0.416158 0.790535
vt 0.416157 0.727107
vt 0.416158 0.795206
vt 0.007112 0.795206
vt 0.007112 0.722437
vt 0.416157 0.722437
vt 0.002440 0.172440
vt 0.345541 0.172441
vt 0.002440 0.715597
vt 0.345527 0.715582
vt 0.215878 0.280960
vt 0.215878 0.622596
vt 0.208107 0.622984
vt 0.208108 0.280572
vt 0.674727 0.566760
vt 0.678428 0.566712
vt 0.676808 0.568263
vt 0.674727 0.569097
vt 0.668783 0.566712
vt 0.672484 0.566760
vt 0.672484 0.569097
vt 0.670403 0.568263
vt 0.004710 0.010636
vt 0.004758 0.014338
vt 0.002517 0.014263
vt 0.002665 0.009717
vt 0.004758 0.016580
vt 0.004710 0.020281
vt 0.002665 0.021201
vt 0.002517 0.016655
vt 0.688630 0.379666
vt 0.688085 0.384173
vt 0.687388 0.384173
vt 0.687388 0.381904
vt 0.457998 0.314368
vt 0.453486 0.313823
vt 0.453486 0.313126
vt 0.455757 0.313126
vt 0.686706 0.379666
vt 0.686706 0.377427
vt 0.688630 0.377427
vt 0.687388 0.370712
vt 0.688630 0.372950
vt 0.686706 0.372950
vt 0.686706 0.370712
vt 0.816753 0.088713
vt 0.816753 0.086441
vt 0.818994 0.086441
vt 0.818994 0.088713
vt 0.462479 0.314368
vt 0.462479 0.312443
vt 0.464719 0.312443
vt 0.464719 0.314368
vt 0.103149 0.004679
vt 0.100882 0.004679
vt 0.100882 0.002442
vt 0.103149 0.002442
vt 0.460238 0.314368
vt 0.460238 0.312443
vt 0.688085 0.368443
vt 0.687388 0.368443
vt 0.818994 0.089397
vt 0.816753 0.089397
vt 0.686706 0.375189
vt 0.688630 0.375189
vt 0.007095 0.014338
vt 0.007095 0.016580
vt 0.466960 0.313126
vt 0.469231 0.313125
vt 0.469231 0.313823
vt 0.457998 0.312443
vt 0.100200 0.004679
vt 0.100200 0.002442
vt 0.686706 0.381904
vt 0.539741 0.763039
vt 0.538156 0.764625
vt 0.536571 0.763039
vt 0.538156 0.761454
vt 0.536571 0.766210
vt 0.534985 0.767796
vt 0.533400 0.766210
vt 0.534985 0.764625
vt 0.539741 0.766210
vt 0.538156 0.767796
vt 0.534985 0.761454
vt 0.533400 0.763039
vt 0.455757 0.312443
vt 0.466960 0.312443
vt 0.667864 0.564667
vt 0.672410 0.564519
vt 0.674801 0.564519
vt 0.679347 0.564667
vt 0.006261 0.018662
vt 0.006261 0.012257
vt 0.689436 0.895651
vt 0.689436 0.897892
vt 0.688738 0.897892
vt 0.688738 0.895651
vt 0.689436 0.888928
vt 0.689436 0.891169
vt 0.688738 0.891169
vt 0.688738 0.888928
vt 0.689436 0.911337
vt 0.689436 0.913578
vt 0.688738 0.913578
vt 0.688738 0.911337
vt 0.689436 0.886687
vt 0.688738 0.886687
vt 0.689436 0.915819
vt 0.689436 0.918060
vt 0.688738 0.918060
vt 0.688738 0.915819
vt 0.689436 0.904614
vt 0.689436 0.906855
vt 0.688738 0.906855
vt 0.688738 0.904614
vt 0.689436 0.900132
vt 0.688738 0.900132
vt 0.689436 0.884446
vt 0.688738 0.884446
vt 0.689436 0.893410
vt 0.688738 0.893410
vt 0.689436 0.902373
vt 0.688738 0.902373
vt 0.689436 0.909096
vt 0.688738 0.909096
vt 0.686509 0.915819
vt 0.686509 0.913578
vt 0.688738 0.920301
vt 0.686509 0.920301
vt 0.686509 0.918060
vt 0.686509 0.897892
vt 0.686509 0.895651
vt 0.686509 0.886687
vt 0.686509 0.884446
vt 0.686509 0.909096
vt 0.686509 0.906855
vt 0.686509 0.891169
vt 0.686509 0.888928
vt 0.686509 0.904614
vt 0.686509 0.902373
vt 0.686509 0.893410
vt 0.686509 0.900132
vt 0.686509 0.911337
vt 0.600644 0.732775
vt 0.600644 0.730438
vt 0.598563 0.731272
vt 0.596942 0.732823
vt 0.606588 0.732823
vt 0.604968 0.731272
vt 0.602886 0.730438
vt 0.602886 0.732775
vt 0.546533 0.016286
vt 0.548578 0.017206
vt 0.548726 0.012659
vt 0.546485 0.012584
vt 0.546485 0.010342
vt 0.548726 0.010267
vt 0.548578 0.005720
vt 0.546532 0.006640
vt 0.688629 0.401666
vt 0.687388 0.403904
vt 0.687388 0.406173
vt 0.688085 0.406173
vt 0.850448 0.080964
vt 0.851695 0.078716
vt 0.851695 0.076438
vt 0.850995 0.076438
vt 0.688629 0.399427
vt 0.686706 0.399427
vt 0.686706 0.401666
vt 0.687388 0.392712
vt 0.686706 0.392712
vt 0.686706 0.394950
vt 0.688629 0.394950
vt 0.035496 0.012710
vt 0.037737 0.012710
vt 0.037737 0.010439
vt 0.035496 0.010439
vt 0.850448 0.085460
vt 0.850448 0.087707
vt 0.852380 0.087707
vt 0.852380 0.085460
vt 0.819270 0.078444
vt 0.817028 0.078444
vt 0.817028 0.080716
vt 0.819270 0.080716
vt 0.850448 0.083212
vt 0.852380 0.083212
vt 0.688085 0.390442
vt 0.687388 0.390442
vt 0.035496 0.013394
vt 0.037737 0.013394
vt 0.688629 0.397189
vt 0.686706 0.397189
vt 0.544147 0.012584
vt 0.544147 0.010342
vt 0.850995 0.092233
vt 0.851695 0.092233
vt 0.851695 0.089955
vt 0.852380 0.080964
vt 0.817028 0.081400
vt 0.819270 0.081400
vt 0.686706 0.403904
vt 0.649107 0.395028
vt 0.647523 0.393442
vt 0.645938 0.395028
vt 0.647523 0.396612
vt 0.645938 0.398197
vt 0.644353 0.396612
vt 0.642768 0.398197
vt 0.644353 0.399783
vt 0.649107 0.398197
vt 0.647523 0.399783
vt 0.644353 0.393442
vt 0.642768 0.395028
vt 0.852380 0.078716
vt 0.852380 0.089955
vt 0.607507 0.734868
vt 0.602961 0.735017
vt 0.600570 0.735017
vt 0.596023 0.734868
vt 0.544981 0.008260
vt 0.544981 0.014666
vt 0.013647 0.164441
vt 0.013647 0.165139
vt 0.015888 0.165139
vt 0.015888 0.164441
vt 0.006923 0.164441
vt 0.006923 0.165139
vt 0.009165 0.165139
vt 0.009165 0.164441
vt 0.029335 0.164441
vt 0.029335 0.165139
vt 0.031576 0.165139
vt 0.031576 0.164441
vt 0.004682 0.164441
vt 0.004682 0.165139
vt 0.033817 0.164441
vt 0.033817 0.165139
vt 0.036058 0.165139
vt 0.036058 0.164441
vt 0.022611 0.164441
vt 0.022611 0.165139
vt 0.024853 0.165139
vt 0.024853 0.164441
vt 0.018129 0.165139
vt 0.018129 0.164441
vt 0.002441 0.164441
vt 0.002441 0.165139
vt 0.011406 0.164441
vt 0.011406 0.165139
vt 0.020370 0.164441
vt 0.020370 0.165139
vt 0.027094 0.165139
vt 0.027094 0.164441
vt 0.031576 0.167367
vt 0.033817 0.167367
vt 0.036058 0.167368
vt 0.038300 0.167368
vt 0.038300 0.165139
vt 0.013647 0.167367
vt 0.015888 0.167367
vt 0.002441 0.167367
vt 0.004682 0.167367
vt 0.024853 0.167367
vt 0.027094 0.167367
vt 0.006923 0.167367
vt 0.009165 0.167367
vt 0.020370 0.167367
vt 0.022611 0.167367
vt 0.011406 0.167367
vt 0.018129 0.167367
vt 0.029335 0.167367
vt 0.560485 0.903030
vt 0.555722 0.903030
vt 0.555722 0.898266
vt 0.560485 0.898266
vt 0.555722 0.893502
vt 0.560485 0.893502
vt 0.555722 0.888738
vt 0.560485 0.888738
vt 0.555722 0.883974
vt 0.560485 0.883974
vt 0.555722 0.879210
vt 0.560485 0.879210
vt 0.555722 0.874446
vt 0.560485 0.874446
vt 0.438978 0.308064
vt 0.441624 0.312023
vt 0.430350 0.312022
vt 0.430350 0.308064
vt 0.025596 0.888066
vt 0.016967 0.888066
vt 0.020925 0.885420
vt 0.025596 0.884491
vt 0.419077 0.312022
vt 0.421722 0.308064
vt 0.435020 0.305419
vt 0.430350 0.304490
vt 0.425681 0.305419
vt 0.034225 0.888066
vt 0.036870 0.892025
vt 0.025596 0.892025
vt 0.030266 0.885420
vt 0.014321 0.892025
vt 0.622862 0.903009
vt 0.618102 0.903009
vt 0.618102 0.898248
vt 0.622862 0.898248
vt 0.618102 0.893486
vt 0.622862 0.893486
vt 0.618102 0.888725
vt 0.622862 0.888725
vt 0.618102 0.883964
vt 0.622862 0.883964
vt 0.618102 0.879202
vt 0.622862 0.879202
vt 0.618102 0.874441
vt 0.622862 0.874441
vt 0.976729 0.902736
vt 0.972771 0.905380
vt 0.972772 0.894109
vt 0.976729 0.894109
vt 0.647202 0.720450
vt 0.655828 0.720450
vt 0.651870 0.723095
vt 0.647202 0.724023
vt 0.972772 0.882838
vt 0.976729 0.885483
vt 0.979374 0.898778
vt 0.980303 0.894109
vt 0.979374 0.889440
vt 0.638575 0.720450
vt 0.635931 0.716493
vt 0.647202 0.716493
vt 0.642533 0.723095
vt 0.658472 0.716493
vt 0.429978 0.253230
vt 0.429978 0.202443
vt 0.431545 0.202443
vt 0.431545 0.253230
vt 0.904898 0.150142
vt 0.946171 0.150142
vt 0.946172 0.152714
vt 0.904898 0.152714
vt 0.612005 0.859521
vt 0.629671 0.859521
vt 0.629671 0.860454
vt 0.612005 0.860454
vt 0.422068 0.248472
vt 0.422068 0.207201
vt 0.423001 0.207201
vt 0.423001 0.248472
vt 0.609471 0.858441
vt 0.632004 0.858441
vt 0.425757 0.207201
vt 0.427617 0.207289
vt 0.427617 0.248357
vt 0.425757 0.248472
vt 0.946172 0.153647
vt 0.904898 0.153647
vt 0.603366 0.716492
vt 0.603366 0.714445
vt 0.635931 0.714445
vt 0.578788 0.795327
vt 0.579721 0.795327
vt 0.579721 0.812999
vt 0.578788 0.812999
vt 0.662693 0.714445
vt 0.662693 0.716493
vt 0.658472 0.714445
vt 0.900140 0.150142
vt 0.900140 0.117575
vt 0.904898 0.142106
vt 0.577707 0.792792
vt 0.577707 0.815332
vt 0.433112 0.202443
vt 0.433112 0.253230
vt 0.425757 0.253230
vt 0.946172 0.142106
vt 0.950930 0.117574
vt 0.950930 0.150142
vt 0.425757 0.202443
vt 0.647202 0.714445
vt 0.601919 0.715893
vt 0.601319 0.714445
vt 0.664740 0.714445
vt 0.664140 0.715893
vt 0.900140 0.116008
vt 0.900140 0.114440
vt 0.950930 0.114440
vt 0.950930 0.116008
vt 0.441624 0.314070
vt 0.430350 0.314070
vt 0.419077 0.314070
vt 0.445845 0.314070
vt 0.445845 0.312023
vt 0.447893 0.314070
vt 0.447293 0.312623
vt 0.386504 0.314070
vt 0.386504 0.312022
vt 0.384457 0.314070
vt 0.385056 0.312622
vt 0.899987 0.874438
vt 0.899987 0.879194
vt 0.895229 0.879194
vt 0.895229 0.874438
vt 0.890472 0.879194
vt 0.890472 0.874438
vt 0.885714 0.879194
vt 0.885714 0.874438
vt 0.880956 0.879194
vt 0.880957 0.874438
vt 0.876199 0.879194
vt 0.876199 0.874438
vt 0.871441 0.879194
vt 0.871441 0.874438
vt 0.925333 0.888067
vt 0.927979 0.892026
vt 0.916704 0.892026
vt 0.916704 0.888067
vt 0.367305 0.890400
vt 0.375933 0.890400
vt 0.371974 0.893045
vt 0.367305 0.893974
vt 0.905430 0.892026
vt 0.908075 0.888067
vt 0.921374 0.885421
vt 0.916704 0.884493
vt 0.912034 0.885421
vt 0.358677 0.890400
vt 0.356032 0.886442
vt 0.367305 0.886441
vt 0.362636 0.893045
vt 0.378578 0.886442
vt 0.997182 0.094446
vt 0.997182 0.099208
vt 0.992417 0.099208
vt 0.992417 0.094446
vt 0.987652 0.099208
vt 0.987652 0.094446
vt 0.982888 0.099208
vt 0.982888 0.094446
vt 0.978123 0.099208
vt 0.978123 0.094446
vt 0.973358 0.099208
vt 0.973358 0.094446
vt 0.968593 0.099208
vt 0.968593 0.094446
vt 0.461522 0.890396
vt 0.458879 0.886438
vt 0.470149 0.886438
vt 0.470149 0.890396
vt 0.549002 0.748066
vt 0.540377 0.748066
vt 0.544334 0.745421
vt 0.549002 0.744493
vt 0.481419 0.886438
vt 0.478775 0.890396
vt 0.465481 0.893041
vt 0.470149 0.893970
vt 0.474818 0.893041
vt 0.557626 0.748066
vt 0.560271 0.752023
vt 0.549002 0.752023
vt 0.553670 0.745421
vt 0.537733 0.752023
vt 0.901234 0.083811
vt 0.901234 0.109182
vt 0.899667 0.109182
vt 0.899667 0.083811
vt 0.927999 0.088569
vt 0.927999 0.104423
vt 0.925427 0.104423
vt 0.925427 0.088569
vt 0.916727 0.083811
vt 0.905455 0.083811
vt 0.905455 0.058439
vt 0.916727 0.058439
vt 0.883659 0.859375
vt 0.865988 0.859375
vt 0.865988 0.858443
vt 0.883659 0.858443
vt 0.909144 0.088569
vt 0.909144 0.104424
vt 0.908211 0.104424
vt 0.908211 0.088569
vt 0.886194 0.860456
vt 0.863654 0.860456
vt 0.905455 0.104424
vt 0.903594 0.104336
vt 0.903595 0.088685
vt 0.905455 0.088569
vt 0.924494 0.104423
vt 0.924494 0.088569
vt 0.592830 0.752023
vt 0.592830 0.754069
vt 0.560271 0.754069
vt 0.889719 0.899519
vt 0.889719 0.900452
vt 0.872052 0.900452
vt 0.872052 0.899519
vt 0.901234 0.058439
vt 0.533513 0.754069
vt 0.533513 0.752023
vt 0.537733 0.754069
vt 0.927999 0.083811
vt 0.960567 0.083811
vt 0.936035 0.088569
vt 0.892254 0.898439
vt 0.869719 0.898439
vt 0.898100 0.109182
vt 0.898100 0.083811
vt 0.936035 0.104423
vt 0.960567 0.109182
vt 0.927999 0.109182
vt 0.905455 0.109182
vt 0.549002 0.754069
vt 0.594277 0.752622
vt 0.594877 0.754069
vt 0.927999 0.058439
vt 0.962135 0.083811
vt 0.960567 0.058439
vt 0.962134 0.058439
vt 0.963702 0.083811
vt 0.963702 0.058439
vt 0.898100 0.058439
vt 0.899667 0.058439
vt 0.531466 0.754069
vt 0.532066 0.752622
vt 0.963702 0.109182
vt 0.962134 0.109182
vt 0.369159 0.716492
vt 0.369159 0.714444
vt 0.380435 0.714444
vt 0.380435 0.716492
vt 0.353662 0.716492
vt 0.352214 0.715892
vt 0.351614 0.714444
vt 0.353662 0.714444
vt 0.413012 0.714444
vt 0.413012 0.716492
vt 0.415060 0.714444
vt 0.414460 0.715892
vt 0.357884 0.716492
vt 0.357884 0.714444
vt 0.627749 0.879197
vt 0.627749 0.874437
vt 0.632510 0.874437
vt 0.632510 0.879197
vt 0.637272 0.874437
vt 0.637272 0.879197
vt 0.642034 0.874437
vt 0.642034 0.879197
vt 0.646796 0.874437
vt 0.646796 0.879197
vt 0.651558 0.874437
vt 0.651558 0.879197
vt 0.656321 0.874437
vt 0.656321 0.879197
vt 0.747654 0.888063
vt 0.750300 0.892021
vt 0.739025 0.892021
vt 0.739025 0.888063
vt 0.678030 0.896105
vt 0.678030 0.887483
vt 0.680673 0.891439
vt 0.681602 0.896105
vt 0.727751 0.892021
vt 0.730396 0.888063
vt 0.743695 0.885417
vt 0.739026 0.884488
vt 0.734356 0.885417
vt 0.678030 0.904727
vt 0.674074 0.907371
vt 0.674075 0.896105
vt 0.680673 0.900771
vt 0.674075 0.884840
vt 0.661204 0.879198
vt 0.661204 0.874439
vt 0.665967 0.874439
vt 0.665967 0.879198
vt 0.670729 0.874439
vt 0.670729 0.879198
vt 0.675491 0.874439
vt 0.675491 0.879198
vt 0.680252 0.874439
vt 0.680252 0.879198
vt 0.685014 0.874439
vt 0.685014 0.879198
vt 0.689776 0.874439
vt 0.689776 0.879198
vt 0.850532 0.888067
vt 0.853178 0.892027
vt 0.841901 0.892027
vt 0.841901 0.888067
vt 0.665469 0.787531
vt 0.665469 0.796158
vt 0.662824 0.792200
vt 0.661895 0.787531
vt 0.830625 0.892027
vt 0.833271 0.888067
vt 0.846572 0.885422
vt 0.841901 0.884492
vt 0.837230 0.885422
vt 0.665469 0.778904
vt 0.669427 0.776259
vt 0.669427 0.787531
vt 0.662824 0.782862
vt 0.669427 0.798803
vt 0.901233 0.027815
vt 0.901233 0.053185
vt 0.899666 0.053185
vt 0.899666 0.027815
vt 0.927997 0.032574
vt 0.927997 0.048426
vt 0.925425 0.048426
vt 0.925425 0.032574
vt 0.916726 0.027815
vt 0.905454 0.027815
vt 0.905454 0.002445
vt 0.916726 0.002445
vt 0.344721 0.901515
vt 0.362364 0.901515
vt 0.362364 0.902447
vt 0.344721 0.902447
vt 0.909143 0.032574
vt 0.909143 0.048426
vt 0.908210 0.048426
vt 0.908210 0.032574
vt 0.342190 0.900437
vt 0.364694 0.900437
vt 0.905454 0.048426
vt 0.903594 0.048339
vt 0.903594 0.032689
vt 0.905454 0.032574
vt 0.924492 0.048426
vt 0.924492 0.032574
vt 0.669427 0.743690
vt 0.671474 0.743690
vt 0.671474 0.776259
vt 0.779357 0.899524
vt 0.779357 0.900455
vt 0.761717 0.900455
vt 0.761717 0.899524
vt 0.605023 0.854110
vt 0.589172 0.854110
vt 0.589172 0.836438
vt 0.605023 0.836438
vt 0.901233 0.002445
vt 0.671474 0.803024
vt 0.669427 0.803024
vt 0.671474 0.798803
vt 0.927997 0.027815
vt 0.960564 0.027815
vt 0.936033 0.032573
vt 0.781887 0.898445
vt 0.759387 0.898445
vt 0.898100 0.053185
vt 0.898100 0.027815
vt 0.936033 0.048426
vt 0.960564 0.053185
vt 0.927997 0.053185
vt 0.905454 0.053185
vt 0.671474 0.787531
vt 0.670026 0.742243
vt 0.671474 0.741643
vt 0.927997 0.002445
vt 0.962131 0.027815
vt 0.960564 0.002445
vt 0.962131 0.002445
vt 0.963698 0.027815
vt 0.963698 0.002445
vt 0.898100 0.002445
vt 0.899666 0.002445
vt 0.671474 0.805071
vt 0.670026 0.804472
vt 0.963698 0.053185
vt 0.962131 0.053185
vt 0.162247 0.884487
vt 0.162247 0.882439
vt 0.173522 0.882439
vt 0.173522 0.884487
vt 0.146750 0.884487
vt 0.145301 0.883887
vt 0.144702 0.882439
vt 0.146750 0.882439
vt 0.206101 0.882439
vt 0.206101 0.884487
vt 0.208149 0.882439
vt 0.207549 0.883888
vt 0.150972 0.884487
vt 0.150972 0.882439
vt 0.625546 0.793020
vt 0.620784 0.793020
vt 0.620784 0.788257
vt 0.625546 0.788257
vt 0.620784 0.783494
vt 0.625546 0.783494
vt 0.620784 0.778730
vt 0.625546 0.778730
vt 0.620784 0.773967
vt 0.625546 0.773967
vt 0.620784 0.769204
vt 0.625546 0.769204
vt 0.620784 0.764441
vt 0.625545 0.764441
vt 0.648663 0.820090
vt 0.644709 0.822731
vt 0.644710 0.811474
vt 0.648663 0.811474
vt 0.052620 0.890067
vt 0.043989 0.890067
vt 0.047949 0.887421
vt 0.052619 0.886492
vt 0.644710 0.800216
vt 0.648663 0.802857
vt 0.651304 0.816137
vt 0.652232 0.811474
vt 0.651304 0.806811
vt 0.061250 0.890067
vt 0.063896 0.894027
vt 0.052620 0.894027
vt 0.057290 0.887421
vt 0.041343 0.894027
vt 0.694656 0.874438
vt 0.699416 0.874438
vt 0.699416 0.879199
vt 0.694656 0.879199
vt 0.699416 0.883961
vt 0.694656 0.883961
vt 0.699416 0.888722
vt 0.694656 0.888722
vt 0.699416 0.893483
vt 0.694656 0.893483
vt 0.699416 0.898245
vt 0.694656 0.898245
vt 0.699416 0.903006
vt 0.694656 0.903006
vt 0.455422 0.890059
vt 0.458068 0.894018
vt 0.446792 0.894018
vt 0.446792 0.890059
vt 0.631779 0.811524
vt 0.631779 0.820148
vt 0.629136 0.816191
vt 0.628207 0.811524
vt 0.435516 0.894018
vt 0.438162 0.890059
vt 0.451463 0.887413
vt 0.446792 0.886484
vt 0.442122 0.887413
vt 0.631779 0.802901
vt 0.635736 0.800257
vt 0.635736 0.811524
vt 0.629136 0.806857
vt 0.635736 0.822791
vt 0.661609 0.847579
vt 0.636226 0.847579
vt 0.636226 0.846011
vt 0.661609 0.846011
vt 0.989206 0.051951
vt 0.973352 0.051951
vt 0.973352 0.049379
vt 0.989206 0.049379
vt 0.490813 0.907051
vt 0.490813 0.909275
vt 0.490206 0.909275
vt 0.490206 0.907051
vt 0.399869 0.901519
vt 0.417513 0.901519
vt 0.417513 0.902450
vt 0.399869 0.902450
vt 0.656848 0.855492
vt 0.640987 0.855492
vt 0.640987 0.854559
vt 0.656848 0.854559
vt 0.397338 0.900440
vt 0.419843 0.900440
vt 0.640987 0.851802
vt 0.641074 0.849941
vt 0.656732 0.849941
vt 0.656848 0.851802
vt 0.973352 0.048446
vt 0.989206 0.048446
vt 0.635736 0.767704
vt 0.637782 0.767704
vt 0.637782 0.800257
vt 0.248805 0.897325
vt 0.249738 0.897325
vt 0.249738 0.914990
vt 0.248805 0.914990
vt 0.671278 0.838118
vt 0.655427 0.838118
vt 0.655427 0.820446
vt 0.671278 0.820446
vt 0.637782 0.827010
vt 0.635736 0.827010
vt 0.637782 0.822791
vt 0.977996 0.063749
vt 0.993965 0.051951
vt 0.993965 0.084520
vt 0.977996 0.065974
vt 0.247725 0.894790
vt 0.247725 0.917324
vt 0.636226 0.844443
vt 0.661609 0.844443
vt 0.661609 0.851802
vt 0.973019 0.063749
vt 0.973766 0.060144
vt 0.977830 0.060146
vt 0.968593 0.084520
vt 0.993965 0.086087
vt 0.968593 0.086087
vt 0.993965 0.087654
vt 0.968593 0.087654
vt 0.636226 0.851802
vt 0.637782 0.811524
vt 0.636335 0.766257
vt 0.637782 0.765657
vt 0.642664 0.811474
vt 0.642664 0.800216
vt 0.644709 0.826948
vt 0.644110 0.828393
vt 0.642664 0.828993
vt 0.642664 0.826948
vt 0.642665 0.767687
vt 0.644710 0.767687
vt 0.642665 0.765642
vt 0.644111 0.766241
vt 0.642664 0.822731
vt 0.637782 0.829057
vt 0.636335 0.828457
vt 0.973019 0.065974
vt 0.485233 0.907051
vt 0.485233 0.909275
vt 0.485233 0.906443
vt 0.490206 0.906443
vt 0.484625 0.909275
vt 0.484625 0.907051
vt 0.490206 0.909883
vt 0.485233 0.909883
vt 0.968593 0.051951
vt 0.904864 0.879198
vt 0.904864 0.874445
vt 0.909620 0.874445
vt 0.909620 0.879198
vt 0.914376 0.874445
vt 0.914376 0.879198
vt 0.919131 0.874445
vt 0.919131 0.879198
vt 0.923887 0.874445
vt 0.923887 0.879198
vt 0.928644 0.874445
vt 0.928644 0.879198
vt 0.933399 0.874445
vt 0.933399 0.879198
vt 0.559889 0.770559
vt 0.563847 0.767914
vt 0.563847 0.779184
vt 0.559889 0.779184
vt 0.813817 0.888064
vt 0.805190 0.888064
vt 0.809148 0.885419
vt 0.813817 0.884491
vt 0.563847 0.790453
vt 0.559889 0.787808
vt 0.557245 0.774515
vt 0.556317 0.779184
vt 0.557245 0.783851
vt 0.822444 0.888064
vt 0.825090 0.892023
vt 0.813817 0.892023
vt 0.818486 0.885419
vt 0.802545 0.892023
vt 0.732848 0.874441
vt 0.732848 0.879198
vt 0.728089 0.879198
vt 0.728089 0.874441
vt 0.723330 0.879198
vt 0.723330 0.874441
vt 0.718572 0.879198
vt 0.718572 0.874441
vt 0.713813 0.879198
vt 0.713813 0.874441
vt 0.709055 0.879198
vt 0.709055 0.874441
vt 0.704296 0.879198
vt 0.704296 0.874441
vt 0.155883 0.894400
vt 0.153239 0.890444
vt 0.164506 0.890444
vt 0.164506 0.894400
vt 0.444272 0.770062
vt 0.435650 0.770062
vt 0.439606 0.767419
vt 0.444272 0.766491
vt 0.175773 0.890444
vt 0.173129 0.894400
vt 0.159839 0.897043
vt 0.164506 0.897972
vt 0.169173 0.897043
vt 0.452892 0.770062
vt 0.455535 0.774017
vt 0.444272 0.774017
vt 0.448937 0.767419
vt 0.433008 0.774017
vt 0.982706 0.861578
vt 0.957333 0.861578
vt 0.957333 0.860010
vt 0.982706 0.860010
vt 0.375915 0.253202
vt 0.375915 0.269057
vt 0.373343 0.269057
vt 0.373343 0.253202
vt 0.310627 0.907052
vt 0.310627 0.909277
vt 0.310019 0.909277
vt 0.310019 0.907052
vt 0.593121 0.780831
vt 0.593121 0.763142
vt 0.594055 0.763142
vt 0.594055 0.780831
vt 0.977946 0.869488
vt 0.962092 0.869489
vt 0.962092 0.868555
vt 0.977946 0.868555
vt 0.592040 0.783368
vt 0.592040 0.760807
vt 0.962092 0.865799
vt 0.962179 0.863939
vt 0.977831 0.863939
vt 0.977946 0.865799
vt 0.372410 0.269057
vt 0.372410 0.253202
vt 0.488081 0.774017
vt 0.488081 0.776063
vt 0.455535 0.776063
vt 0.607525 0.799325
vt 0.608458 0.799325
vt 0.608458 0.816996
vt 0.607525 0.816996
vt 0.561732 0.832439
vt 0.561732 0.848292
vt 0.544059 0.848292
vt 0.544059 0.832439
vt 0.428789 0.776063
vt 0.428789 0.774017
vt 0.433008 0.776063
vt 0.387713 0.264413
vt 0.375915 0.248444
vt 0.408484 0.248444
vt 0.389938 0.264413
vt 0.606444 0.796790
vt 0.606444 0.819329
vt 0.957333 0.858444
vt 0.982706 0.858444
vt 0.982706 0.865799
vt 0.387713 0.269390
vt 0.384109 0.268642
vt 0.384110 0.264579
vt 0.408484 0.273816
vt 0.410052 0.248444
vt 0.410052 0.273816
vt 0.411619 0.248444
vt 0.411619 0.273816
vt 0.957333 0.865799
vt 0.444272 0.776063
vt 0.489528 0.774617
vt 0.490127 0.776063
vt 0.565894 0.779184
vt 0.565894 0.790453
vt 0.563847 0.763694
vt 0.564446 0.762247
vt 0.565894 0.761647
vt 0.565894 0.763694
vt 0.565894 0.823013
vt 0.563847 0.823013
vt 0.565894 0.825060
vt 0.564446 0.824460
vt 0.565894 0.767914
vt 0.426744 0.776063
vt 0.427343 0.774616
vt 0.389938 0.269390
vt 0.305045 0.907052
vt 0.305045 0.909277
vt 0.305045 0.906445
vt 0.310019 0.906445
vt 0.304437 0.909277
vt 0.304437 0.907052
vt 0.310019 0.909885
vt 0.305045 0.909885
vt 0.375915 0.273816
vt 0.549891 0.859206
vt 0.549891 0.854446
vt 0.554653 0.854446
vt 0.554653 0.859206
vt 0.559414 0.854446
vt 0.559414 0.859206
vt 0.564175 0.854446
vt 0.564175 0.859206
vt 0.568936 0.854446
vt 0.568936 0.859206
vt 0.573698 0.854446
vt 0.573698 0.859206
vt 0.578459 0.854446
vt 0.578459 0.859206
vt 0.591112 0.816162
vt 0.587154 0.818806
vt 0.587154 0.807537
vt 0.591112 0.807537
vt 0.715671 0.888402
vt 0.724299 0.888401
vt 0.720340 0.891047
vt 0.715671 0.891976
vt 0.587154 0.796267
vt 0.591112 0.798911
vt 0.593756 0.812205
vt 0.594684 0.807537
vt 0.593756 0.802869
vt 0.707043 0.888402
vt 0.704398 0.884443
vt 0.715671 0.884443
vt 0.711001 0.891047
vt 0.726944 0.884443
vt 0.866562 0.874445
vt 0.866562 0.879200
vt 0.861806 0.879200
vt 0.861806 0.874445
vt 0.857049 0.879200
vt 0.857049 0.874445
vt 0.852292 0.879200
vt 0.852292 0.874445
vt 0.847535 0.879200
vt 0.847535 0.874445
vt 0.842778 0.879200
vt 0.842778 0.874445
vt 0.838022 0.879200
vt 0.838022 0.874445
vt 0.352587 0.890063
vt 0.355231 0.894021
vt 0.343961 0.894022
vt 0.343961 0.890063
vt 0.520860 0.748450
vt 0.529487 0.748450
vt 0.525529 0.751094
vt 0.520860 0.752023
vt 0.332690 0.894021
vt 0.335334 0.890063
vt 0.348629 0.887419
vt 0.343961 0.886491
vt 0.339293 0.887419
vt 0.512235 0.748450
vt 0.509590 0.744492
vt 0.520860 0.744492
vt 0.516192 0.751094
vt 0.532131 0.744492
vt 0.062944 0.878354
vt 0.088313 0.878354
vt 0.088313 0.879921
vt 0.062944 0.879921
vt 0.638628 0.356140
vt 0.654481 0.356140
vt 0.654481 0.358711
vt 0.638628 0.358711
vt 0.703688 0.909273
vt 0.703688 0.907048
vt 0.704296 0.907048
vt 0.704296 0.909273
vt 0.317259 0.901517
vt 0.334924 0.901518
vt 0.334924 0.902450
vt 0.317259 0.902449
vt 0.067703 0.870445
vt 0.083555 0.870445
vt 0.083555 0.871378
vt 0.067703 0.871378
vt 0.314725 0.900437
vt 0.337257 0.900437
vt 0.083555 0.874133
vt 0.083468 0.875993
vt 0.067818 0.875993
vt 0.067703 0.874133
vt 0.654481 0.359644
vt 0.638628 0.359644
vt 0.477025 0.744492
vt 0.477025 0.742445
vt 0.509590 0.742445
vt 0.031874 0.899522
vt 0.031874 0.900454
vt 0.014209 0.900454
vt 0.014209 0.899522
vt 0.615489 0.834437
vt 0.631342 0.834437
vt 0.631342 0.852111
vt 0.615489 0.852111
vt 0.536352 0.742445
vt 0.536352 0.744492
vt 0.532131 0.742445
vt 0.649838 0.344343
vt 0.633869 0.356140
vt 0.633869 0.323573
vt 0.649838 0.342118
vt 0.034408 0.898442
vt 0.011877 0.898442
vt 0.088313 0.881488
vt 0.062944 0.881488
vt 0.062944 0.874133
vt 0.654814 0.344343
vt 0.654067 0.347947
vt 0.650004 0.347945
vt 0.659240 0.323573
vt 0.633869 0.322006
vt 0.659240 0.322006
vt 0.633869 0.320439
vt 0.659240 0.320439
vt 0.088313 0.874133
vt 0.520860 0.742445
vt 0.475578 0.743892
vt 0.474978 0.742445
vt 0.585107 0.807537
vt 0.585107 0.796267
vt 0.587154 0.823026
vt 0.586555 0.824474
vt 0.585107 0.825074
vt 0.585107 0.823026
vt 0.585108 0.763705
vt 0.587154 0.763705
vt 0.585108 0.761658
vt 0.586555 0.762257
vt 0.585107 0.818806
vt 0.538399 0.742445
vt 0.537799 0.743892
vt 0.654814 0.342118
vt 0.709271 0.909273
vt 0.709271 0.907048
vt 0.709271 0.909881
vt 0.704296 0.909881
vt 0.709879 0.907048
vt 0.709879 0.909273
vt 0.704296 0.906440
vt 0.709271 0.906440
vt 0.659239 0.356140
vt 0.546078 0.874442
vt 0.550838 0.874442
vt 0.550838 0.879203
vt 0.546078 0.879203
vt 0.550838 0.883964
vt 0.546078 0.883964
vt 0.550838 0.888726
vt 0.546078 0.888726
vt 0.550838 0.893488
vt 0.546078 0.893488
vt 0.550837 0.898249
vt 0.546078 0.898249
vt 0.550837 0.903010
vt 0.546078 0.903010
vt 0.619854 0.820138
vt 0.615896 0.822782
vt 0.615896 0.811514
vt 0.619854 0.811514
vt 0.785734 0.888066
vt 0.777105 0.888066
vt 0.781064 0.885421
vt 0.785734 0.884492
vt 0.615896 0.800246
vt 0.619854 0.802890
vt 0.622497 0.816181
vt 0.623426 0.811514
vt 0.622497 0.806847
vt 0.794362 0.888066
vt 0.797007 0.892024
vt 0.785734 0.892024
vt 0.790403 0.885421
vt 0.774460 0.892024
vt 0.593943 0.874439
vt 0.593943 0.879201
vt 0.589181 0.879201
vt 0.589181 0.874439
vt 0.584418 0.879201
vt 0.584418 0.874439
vt 0.579654 0.879201
vt 0.579654 0.874439
vt 0.574892 0.879201
vt 0.574892 0.874439
vt 0.570129 0.879201
vt 0.570129 0.874439
vt 0.565366 0.879201
vt 0.565366 0.874439
vt 0.099486 0.888063
vt 0.102132 0.892022
vt 0.090858 0.892022
vt 0.090858 0.888063
vt 0.588994 0.718058
vt 0.580365 0.718058
vt 0.584324 0.715413
vt 0.588994 0.714484
vt 0.079584 0.892022
vt 0.082229 0.888063
vt 0.095528 0.885418
vt 0.090858 0.884489
vt 0.086188 0.885418
vt 0.597624 0.718058
vt 0.600270 0.722018
vt 0.588994 0.722018
vt 0.593665 0.715413
vt 0.577719 0.722018
vt 0.658470 0.743576
vt 0.633088 0.743577
vt 0.633088 0.742009
vt 0.658470 0.742009
vt 0.989200 0.005948
vt 0.973343 0.005948
vt 0.973343 0.003376
vt 0.989200 0.003376
vt 0.090662 0.912627
vt 0.088438 0.912627
vt 0.088438 0.912020
vt 0.090662 0.912020
vt 0.389699 0.901370
vt 0.372037 0.901370
vt 0.372037 0.900438
vt 0.389699 0.900438
vt 0.653709 0.751490
vt 0.637848 0.751491
vt 0.637848 0.750557
vt 0.653709 0.750557
vt 0.392232 0.902450
vt 0.369705 0.902450
vt 0.637848 0.747799
vt 0.637936 0.745938
vt 0.653594 0.745938
vt 0.653709 0.747799
vt 0.973343 0.002443
vt 0.989200 0.002443
vt 0.632847 0.722018
vt 0.632847 0.724066
vt 0.600270 0.724066
vt 0.122378 0.895324
vt 0.123311 0.895324
vt 0.123311 0.912988
vt 0.122378 0.912988
vt 0.566616 0.848295
vt 0.566616 0.832443
vt 0.584289 0.832443
vt 0.584289 0.848295
vt 0.573497 0.724066
vt 0.573497 0.722018
vt 0.577719 0.724066
vt 0.977987 0.017747
vt 0.993959 0.005948
vt 0.993959 0.038521
vt 0.977987 0.019973
vt 0.121298 0.892789
vt 0.121298 0.915321
vt 0.633088 0.740441
vt 0.658470 0.740441
vt 0.658470 0.747799
vt 0.973010 0.017747
vt 0.973758 0.014142
vt 0.977821 0.014144
vt 0.968584 0.038521
vt 0.993959 0.040088
vt 0.968584 0.040088
vt 0.993959 0.041656
vt 0.968584 0.041655
vt 0.633088 0.747799
vt 0.588994 0.724066
vt 0.634295 0.722617
vt 0.634895 0.724066
vt 0.613850 0.811514
vt 0.613850 0.800246
vt 0.615896 0.827001
vt 0.615297 0.828449
vt 0.613850 0.829048
vt 0.613850 0.827001
vt 0.613850 0.767689
vt 0.615896 0.767689
vt 0.613850 0.765642
vt 0.615297 0.766242
vt 0.613850 0.822782
vt 0.571449 0.724066
vt 0.572049 0.722617
vt 0.973010 0.019973
vt 0.090662 0.907048
vt 0.088438 0.907048
vt 0.091269 0.907048
vt 0.091269 0.912020
vt 0.088438 0.906440
vt 0.090662 0.906440
vt 0.087830 0.912020
vt 0.087830 0.907048
vt 0.968584 0.005948
vt 0.951062 0.161203
vt 0.951062 0.156441
vt 0.955826 0.156441
vt 0.955826 0.161203
vt 0.960589 0.156441
vt 0.960589 0.161203
vt 0.965353 0.156441
vt 0.965353 0.161203
vt 0.970117 0.156441
vt 0.970117 0.161203
vt 0.974881 0.156441
vt 0.974881 0.161203
vt 0.979645 0.156441
vt 0.979645 0.161203
vt 0.012567 0.008453
vt 0.009919 0.004490
vt 0.021201 0.004491
vt 0.021201 0.008453
vt 0.943710 0.890054
vt 0.935090 0.890054
vt 0.939045 0.887411
vt 0.943710 0.886483
vt 0.032483 0.004490
vt 0.029836 0.008453
vt 0.016528 0.011099
vt 0.021201 0.012029
vt 0.025874 0.011099
vt 0.952332 0.890054
vt 0.954974 0.894010
vt 0.943710 0.894010
vt 0.948376 0.887411
vt 0.932447 0.894010
vt 0.662458 0.564441
vt 0.662458 0.569203
vt 0.657694 0.569203
vt 0.657694 0.564441
vt 0.652930 0.569203
vt 0.652930 0.564441
vt 0.648166 0.569203
vt 0.648166 0.564441
vt 0.643402 0.569203
vt 0.643402 0.564441
vt 0.638638 0.569203
vt 0.638638 0.564441
vt 0.633874 0.569203
vt 0.633874 0.564441
vt 0.509254 0.896061
vt 0.511897 0.900017
vt 0.500633 0.900016
vt 0.500633 0.896061
vt 0.682533 0.759538
vt 0.682533 0.768166
vt 0.679888 0.764207
vt 0.678960 0.759538
vt 0.489368 0.900016
vt 0.492011 0.896061
vt 0.505299 0.893417
vt 0.500633 0.892489
vt 0.495966 0.893417
vt 0.682533 0.750910
vt 0.686492 0.748265
vt 0.686492 0.759538
vt 0.679888 0.754869
vt 0.686492 0.770811
vt 0.922195 0.861580
vt 0.896828 0.861579
vt 0.896828 0.860013
vt 0.922195 0.860013
vt 0.400070 0.175202
vt 0.400070 0.191056
vt 0.397498 0.191056
vt 0.397498 0.175202
vt 0.661931 0.909272
vt 0.661931 0.907047
vt 0.662539 0.907047
vt 0.662539 0.909272
vt 0.862194 0.899371
vt 0.844524 0.899371
vt 0.844524 0.898437
vt 0.862194 0.898437
vt 0.917437 0.869489
vt 0.901586 0.869489
vt 0.901586 0.868556
vt 0.917437 0.868556
vt 0.864729 0.900450
vt 0.842190 0.900451
vt 0.901586 0.865800
vt 0.901673 0.863940
vt 0.917321 0.863940
vt 0.917437 0.865800
vt 0.396565 0.191056
vt 0.396565 0.175202
vt 0.686492 0.715694
vt 0.688539 0.715694
vt 0.688539 0.748265
vt 0.817000 0.899369
vt 0.817000 0.898437
vt 0.834671 0.898437
vt 0.834671 0.899369
vt 0.366279 0.270124
vt 0.350422 0.270124
vt 0.350422 0.252446
vt 0.366279 0.252446
vt 0.688539 0.775032
vt 0.686492 0.775032
vt 0.688539 0.770811
vt 0.411868 0.186413
vt 0.400070 0.170443
vt 0.432639 0.170443
vt 0.414093 0.186413
vt 0.814465 0.900450
vt 0.837004 0.900450
vt 0.896828 0.858446
vt 0.922195 0.858446
vt 0.922195 0.865800
vt 0.411867 0.191390
vt 0.408263 0.190642
vt 0.408265 0.186579
vt 0.432639 0.195815
vt 0.434206 0.170443
vt 0.434206 0.195815
vt 0.435773 0.170443
vt 0.435773 0.195815
vt 0.896828 0.865800
vt 0.688539 0.759538
vt 0.687092 0.714246
vt 0.688539 0.713646
vt 0.021201 0.002442
vt 0.032483 0.002442
vt 0.005694 0.004490
vt 0.004246 0.003891
vt 0.003645 0.002442
vt 0.005694 0.002442
vt 0.065080 0.002442
vt 0.065080 0.004490
vt 0.067129 0.002442
vt 0.066529 0.003891
vt 0.009919 0.002442
vt 0.688539 0.777080
vt 0.687092 0.776480
vt 0.414093 0.191390
vt 0.667515 0.909272
vt 0.667515 0.907047
vt 0.667515 0.909880
vt 0.662539 0.909880
vt 0.668123 0.907047
vt 0.668123 0.909272
vt 0.662539 0.906439
vt 0.667515 0.906439
vt 0.400070 0.195815
vt 0.766280 0.874442
vt 0.766280 0.879199
vt 0.761521 0.879199
vt 0.761521 0.874442
vt 0.756763 0.879199
vt 0.756763 0.874442
vt 0.752004 0.879199
vt 0.752004 0.874442
vt 0.747245 0.879199
vt 0.747245 0.874442
vt 0.742486 0.879199
vt 0.742486 0.874442
vt 0.737728 0.879199
vt 0.737728 0.874442
vt 0.682348 0.824108
vt 0.678394 0.826750
vt 0.678394 0.815491
vt 0.682348 0.815491
vt 0.320611 0.890400
vt 0.329240 0.890400
vt 0.325281 0.893045
vt 0.320611 0.893974
vt 0.678394 0.804232
vt 0.682348 0.806874
vt 0.684990 0.820155
vt 0.685917 0.815491
vt 0.684990 0.810827
vt 0.311982 0.890400
vt 0.309337 0.886441
vt 0.320611 0.886441
vt 0.315941 0.893045
vt 0.331885 0.886441
vt 0.608462 0.874439
vt 0.613223 0.874439
vt 0.613223 0.879202
vt 0.608462 0.879202
vt 0.613223 0.883964
vt 0.608462 0.883964
vt 0.613223 0.888726
vt 0.608462 0.888726
vt 0.613223 0.893488
vt 0.608462 0.893488
vt 0.613223 0.898250
vt 0.608463 0.898250
vt 0.613223 0.903013
vt 0.608463 0.903013
vt 0.753753 0.888401
vt 0.751108 0.884442
vt 0.762381 0.884442
vt 0.762381 0.888401
vt 0.525569 0.008451
vt 0.534198 0.008451
vt 0.530239 0.011096
vt 0.525569 0.012025
vt 0.773653 0.884442
vt 0.771008 0.888401
vt 0.757711 0.891046
vt 0.762381 0.891975
vt 0.767050 0.891046
vt 0.516940 0.008451
vt 0.514295 0.004493
vt 0.525569 0.004493
vt 0.520899 0.011096
vt 0.536843 0.004493
vt 0.118559 0.873571
vt 0.093199 0.873571
vt 0.093199 0.872004
vt 0.118559 0.872004
vt 0.416376 0.301051
vt 0.416376 0.285198
vt 0.418948 0.285198
vt 0.418948 0.301051
vt 0.024012 0.912640
vt 0.021785 0.912640
vt 0.021785 0.912031
vt 0.024012 0.912031
vt 0.636505 0.367522
vt 0.654185 0.367523
vt 0.654185 0.368456
vt 0.636505 0.368456
vt 0.113803 0.881477
vt 0.097956 0.881477
vt 0.097956 0.880545
vt 0.113803 0.880545
vt 0.633969 0.366442
vt 0.656519 0.366442
vt 0.097956 0.877790
vt 0.098043 0.875930
vt 0.113687 0.875930
vt 0.113803 0.877790
vt 0.419881 0.285198
vt 0.419881 0.301051
vt 0.481721 0.004493
vt 0.481721 0.002445
vt 0.514295 0.002445
vt 0.557522 0.795330
vt 0.558455 0.795330
vt 0.558455 0.813001
vt 0.557522 0.813001
vt 0.541064 0.002445
vt 0.541064 0.004493
vt 0.536843 0.002445
vt 0.404579 0.289841
vt 0.416376 0.305810
vt 0.383808 0.305810
vt 0.402354 0.289841
vt 0.556442 0.792795
vt 0.556442 0.815334
vt 0.093199 0.870437
vt 0.118559 0.870437
vt 0.118559 0.877790
vt 0.404579 0.284864
vt 0.408184 0.285612
vt 0.408181 0.289675
vt 0.383809 0.280439
vt 0.382242 0.305810
vt 0.382242 0.280439
vt 0.380675 0.305810
vt 0.380675 0.280439
vt 0.093199 0.877790
vt 0.525569 0.002445
vt 0.480273 0.003893
vt 0.479674 0.002445
vt 0.676350 0.815491
vt 0.676350 0.804232
vt 0.678394 0.830966
vt 0.677796 0.832413
vt 0.676350 0.833011
vt 0.676350 0.830966
vt 0.676350 0.771702
vt 0.678394 0.771702
vt 0.676350 0.769657
vt 0.677796 0.770256
vt 0.676350 0.826750
vt 0.543112 0.002445
vt 0.542512 0.003893
vt 0.402354 0.284864
vt 0.024012 0.907051
vt 0.021785 0.907051
vt 0.024621 0.907051
vt 0.024621 0.912031
vt 0.021785 0.906442
vt 0.024012 0.906442
vt 0.021176 0.912031
vt 0.021176 0.907051
vt 0.416376 0.280439
vt 0.649591 0.764439
vt 0.654351 0.764439
vt 0.654351 0.769200
vt 0.649591 0.769200
vt 0.654351 0.773961
vt 0.649591 0.773961
vt 0.654351 0.778723
vt 0.649591 0.778723
vt 0.654351 0.783484
vt 0.649591 0.783484
vt 0.654351 0.788245
vt 0.649591 0.788245
vt 0.654351 0.793007
vt 0.649591 0.793007
vt 0.670474 0.728067
vt 0.673119 0.732025
vt 0.661847 0.732025
vt 0.661847 0.728067
vt 0.390651 0.890065
vt 0.382027 0.890065
vt 0.385984 0.887421
vt 0.390651 0.886493
vt 0.650575 0.732025
vt 0.653220 0.728067
vt 0.666516 0.725422
vt 0.661847 0.724494
vt 0.657178 0.725422
vt 0.399275 0.890065
vt 0.401919 0.894022
vt 0.390651 0.894022
vt 0.395318 0.887421
vt 0.379383 0.894022
vt 0.799711 0.874437
vt 0.799711 0.879194
vt 0.794951 0.879194
vt 0.794951 0.874437
vt 0.790193 0.879194
vt 0.790193 0.874437
vt 0.785434 0.879194
vt 0.785434 0.874437
vt 0.780675 0.879194
vt 0.780675 0.874437
vt 0.775917 0.879194
vt 0.775917 0.874437
vt 0.771158 0.879194
vt 0.771158 0.874437
vt 0.427345 0.890056
vt 0.429988 0.894012
vt 0.418722 0.894012
vt 0.418722 0.890056
vt 0.617672 0.752067
vt 0.609047 0.752067
vt 0.613004 0.749423
vt 0.617672 0.748494
vt 0.407456 0.894012
vt 0.410100 0.890056
vt 0.423388 0.887413
vt 0.418722 0.886484
vt 0.414056 0.887412
vt 0.626296 0.752067
vt 0.628940 0.756024
vt 0.617672 0.756024
vt 0.622339 0.749423
vt 0.606404 0.756024
vt 0.991811 0.891811
vt 0.991811 0.866444
vt 0.993377 0.866444
vt 0.993378 0.891811
vt 0.241369 0.283948
vt 0.225518 0.283948
vt 0.225517 0.281376
vt 0.241369 0.281376
vt 0.495701 0.909280
vt 0.495701 0.907054
vt 0.496309 0.907054
vt 0.496309 0.909280
vt 0.789462 0.899519
vt 0.807133 0.899519
vt 0.807133 0.900452
vt 0.789462 0.900452
vt 0.983902 0.887053
vt 0.983902 0.871202
vt 0.984835 0.871202
vt 0.984835 0.887054
vt 0.786927 0.898439
vt 0.809467 0.898439
vt 0.987590 0.871202
vt 0.989450 0.871289
vt 0.989450 0.886938
vt 0.987590 0.887054
vt 0.225517 0.280443
vt 0.241369 0.280443
vt 0.661498 0.756024
vt 0.661498 0.758071
vt 0.628940 0.758071
vt 0.751935 0.899520
vt 0.751935 0.900453
vt 0.734269 0.900452
vt 0.734269 0.899520
vt 0.602184 0.758071
vt 0.602184 0.756024
vt 0.606404 0.758071
vt 0.230160 0.295743
vt 0.246127 0.283948
vt 0.246127 0.316511
vt 0.230160 0.297968
vt 0.754469 0.898440
vt 0.731937 0.898440
vt 0.994944 0.866444
vt 0.994945 0.891811
vt 0.987590 0.891811
vt 0.225185 0.295743
vt 0.225932 0.292139
vt 0.229994 0.292141
vt 0.220760 0.316511
vt 0.246127 0.318078
vt 0.220760 0.318078
vt 0.246127 0.319645
vt 0.220760 0.319645
vt 0.987590 0.866444
vt 0.617672 0.758071
vt 0.662945 0.756623
vt 0.663544 0.758071
vt 0.661847 0.734073
vt 0.650575 0.734073
vt 0.677340 0.732025
vt 0.678788 0.732625
vt 0.679387 0.734073
vt 0.677340 0.734073
vt 0.618006 0.734073
vt 0.618006 0.732025
vt 0.615958 0.734073
vt 0.616558 0.732625
vt 0.673119 0.734073
vt 0.600137 0.758071
vt 0.600736 0.756623
vt 0.225185 0.297968
vt 0.501286 0.909280
vt 0.501286 0.907054
vt 0.501286 0.909888
vt 0.496309 0.909888
vt 0.501894 0.907054
vt 0.501894 0.909280
vt 0.496309 0.906446
vt 0.501286 0.906446
vt 0.220760 0.283948
vt 0.893574 0.148444
vt 0.893574 0.153206
vt 0.888811 0.153206
vt 0.888811 0.148444
vt 0.884047 0.153206
vt 0.884047 0.148444
vt 0.879283 0.153206
vt 0.879283 0.148444
vt 0.874519 0.153206
vt 0.874519 0.148444
vt 0.869755 0.153206
vt 0.869755 0.148444
vt 0.864991 0.153206
vt 0.864991 0.148444
vt 0.486915 0.754057
vt 0.489559 0.758014
vt 0.478290 0.758014
vt 0.478290 0.754057
vt 0.112452 0.896112
vt 0.112452 0.904738
vt 0.109808 0.900780
vt 0.108880 0.896112
vt 0.467020 0.758014
vt 0.469664 0.754057
vt 0.482958 0.751413
vt 0.478290 0.750484
vt 0.473622 0.751413
vt 0.112452 0.887485
vt 0.116410 0.884841
vt 0.116410 0.896112
vt 0.109808 0.891443
vt 0.116410 0.907383
vt 0.603584 0.903021
vt 0.598822 0.903021
vt 0.598822 0.898258
vt 0.603584 0.898258
vt 0.598822 0.893495
vt 0.603584 0.893495
vt 0.598822 0.888732
vt 0.603584 0.888732
vt 0.598822 0.883969
vt 0.603584 0.883969
vt 0.598822 0.879206
vt 0.603584 0.879206
vt 0.598822 0.874443
vt 0.603584 0.874443
vt 0.196478 0.894061
vt 0.199123 0.898020
vt 0.187851 0.898020
vt 0.187851 0.894061
vt 0.576778 0.779181
vt 0.576779 0.770556
vt 0.579422 0.774513
vt 0.580351 0.779181
vt 0.176581 0.898020
vt 0.179225 0.894061
vt 0.192520 0.891417
vt 0.187851 0.890489
vt 0.183183 0.891417
vt 0.576778 0.787805
vt 0.572821 0.790449
vt 0.572821 0.779181
vt 0.579422 0.783848
vt 0.572822 0.767912
vt 0.032691 0.878353
vt 0.058061 0.878353
vt 0.058061 0.879920
vt 0.032691 0.879920
vt 0.355178 0.242145
vt 0.371032 0.242145
vt 0.371032 0.244717
vt 0.355178 0.244717
vt 0.739826 0.907048
vt 0.739826 0.909272
vt 0.739218 0.909272
vt 0.739218 0.907048
vt 0.075297 0.003521
vt 0.093011 0.003521
vt 0.093011 0.004456
vt 0.075297 0.004456
vt 0.037450 0.870444
vt 0.053302 0.870444
vt 0.053302 0.871377
vt 0.037450 0.871377
vt 0.072756 0.002438
vt 0.095350 0.002438
vt 0.053302 0.874133
vt 0.053215 0.875993
vt 0.037566 0.875993
vt 0.037450 0.874133
vt 0.371032 0.245650
vt 0.355178 0.245650
vt 0.572821 0.823007
vt 0.570775 0.823007
vt 0.570775 0.790449
vt 0.834367 0.149372
vt 0.834367 0.148438
vt 0.852056 0.148438
vt 0.852056 0.149372
vt 0.570775 0.763692
vt 0.572822 0.763692
vt 0.570775 0.767912
vt 0.366389 0.230348
vt 0.350420 0.242145
vt 0.350420 0.209577
vt 0.366389 0.228122
vt 0.831830 0.150453
vt 0.854392 0.150454
vt 0.058061 0.881487
vt 0.032691 0.881487
vt 0.032691 0.874132
vt 0.371365 0.230348
vt 0.370618 0.233952
vt 0.366555 0.233950
vt 0.375791 0.209577
vt 0.350420 0.208010
vt 0.375791 0.208010
vt 0.350420 0.206443
vt 0.375791 0.206443
vt 0.058061 0.874133
vt 0.570775 0.779181
vt 0.572222 0.824454
vt 0.570775 0.825053
vt 0.478290 0.760061
vt 0.467020 0.760061
vt 0.493780 0.758014
vt 0.495227 0.758614
vt 0.495827 0.760061
vt 0.493780 0.760061
vt 0.434459 0.760061
vt 0.434459 0.758014
vt 0.432411 0.760061
vt 0.433011 0.758614
vt 0.489559 0.760061
vt 0.570775 0.761646
vt 0.572222 0.762245
vt 0.371365 0.228122
vt 0.734245 0.907048
vt 0.734245 0.909272
vt 0.734245 0.906440
vt 0.739218 0.906440
vt 0.733637 0.909272
vt 0.733637 0.907048
vt 0.739218 0.909880
vt 0.734245 0.909880
vt 0.375791 0.242145
vt 0.380676 0.206438
vt 0.385439 0.206438
vt 0.385439 0.211203
vt 0.380676 0.211203
vt 0.385439 0.215967
vt 0.380676 0.215967
vt 0.385439 0.220732
vt 0.380676 0.220732
vt 0.385439 0.225497
vt 0.380676 0.225497
vt 0.385439 0.230262
vt 0.380676 0.230262
vt 0.385439 0.235026
vt 0.380676 0.235026
vt 0.545555 0.770556
vt 0.549512 0.767912
vt 0.549512 0.779181
vt 0.545555 0.779181
vt 0.865258 0.888400
vt 0.873887 0.888400
vt 0.869928 0.891045
vt 0.865258 0.891974
vt 0.549512 0.790451
vt 0.545555 0.787807
vt 0.542911 0.774513
vt 0.541982 0.779181
vt 0.542910 0.783849
vt 0.856627 0.888400
vt 0.853982 0.884440
vt 0.865258 0.884440
vt 0.860587 0.891045
vt 0.876533 0.884440
vt 0.541191 0.899011
vt 0.536430 0.899011
vt 0.536430 0.894249
vt 0.541191 0.894248
vt 0.536430 0.889486
vt 0.541191 0.889486
vt 0.536430 0.884724
vt 0.541191 0.884724
vt 0.536430 0.879961
vt 0.541191 0.879961
vt 0.536430 0.875199
vt 0.541191 0.875200
vt 0.536430 0.870437
vt 0.541191 0.870437
vt 0.897242 0.888068
vt 0.899887 0.892028
vt 0.888613 0.892028
vt 0.888613 0.888068
vt 0.605521 0.783180
vt 0.605521 0.774557
vt 0.608165 0.778513
vt 0.609093 0.783180
vt 0.877339 0.892028
vt 0.879984 0.888068
vt 0.893283 0.885423
vt 0.888613 0.884494
vt 0.883943 0.885423
vt 0.605521 0.791804
vt 0.601564 0.794448
vt 0.601564 0.783180
vt 0.608165 0.787848
vt 0.601564 0.771912
vt 0.952450 0.861580
vt 0.927078 0.861580
vt 0.927078 0.860013
vt 0.952450 0.860013
vt 0.412426 0.205944
vt 0.396570 0.205943
vt 0.396570 0.203371
vt 0.412426 0.203371
vt 0.650858 0.909278
vt 0.650858 0.907054
vt 0.651465 0.907054
vt 0.651465 0.909278
vt 0.724417 0.899376
vt 0.706775 0.899376
vt 0.706775 0.898445
vt 0.724417 0.898445
vt 0.947691 0.869491
vt 0.931837 0.869491
vt 0.931837 0.868557
vt 0.947691 0.868557
vt 0.726948 0.900455
vt 0.704446 0.900455
vt 0.931837 0.865801
vt 0.931924 0.863941
vt 0.947576 0.863941
vt 0.947691 0.865801
vt 0.396570 0.202438
vt 0.412426 0.202438
vt 0.601564 0.827005
vt 0.599518 0.827005
vt 0.599518 0.794448
vt 0.098564 0.899518
vt 0.098564 0.900452
vt 0.080875 0.900453
vt 0.080875 0.899518
vt 0.599518 0.767693
vt 0.601564 0.767693
vt 0.599518 0.771912
vt 0.401214 0.217742
vt 0.417185 0.205944
vt 0.417185 0.238515
vt 0.401214 0.219968
vt 0.101101 0.898437
vt 0.078539 0.898437
vt 0.927078 0.858446
vt 0.952450 0.858446
vt 0.952450 0.865801
vt 0.396237 0.217742
vt 0.396985 0.214137
vt 0.401048 0.214139
vt 0.391811 0.238515
vt 0.417185 0.240082
vt 0.391811 0.240082
vt 0.417185 0.241650
vt 0.391811 0.241650
vt 0.927078 0.865802
vt 0.599518 0.783180
vt 0.600965 0.828452
vt 0.599518 0.829052
vt 0.551559 0.779181
vt 0.551559 0.790451
vt 0.549512 0.763692
vt 0.550111 0.762245
vt 0.551559 0.761645
vt 0.551559 0.763692
vt 0.551559 0.823012
vt 0.549512 0.823012
vt 0.551559 0.825059
vt 0.550111 0.824459
vt 0.551559 0.767912
vt 0.599518 0.765646
vt 0.600964 0.766246
vt 0.396237 0.219968
vt 0.656439 0.909278
vt 0.656439 0.907054
vt 0.656439 0.909886
vt 0.651465 0.909886
vt 0.657047 0.907054
vt 0.657047 0.909278
vt 0.651465 0.906446
vt 0.656439 0.906446
vt 0.391811 0.205943
vt 0.833143 0.874440
vt 0.833143 0.879196
vt 0.828385 0.879196
vt 0.828385 0.874440
vt 0.823627 0.879196
vt 0.823627 0.874440
vt 0.818870 0.879196
vt 0.818870 0.874440
vt 0.814112 0.879196
vt 0.814112 0.874440
vt 0.809354 0.879196
vt 0.809354 0.874440
vt 0.804596 0.879196
vt 0.804596 0.874440
vt 0.519435 0.762060
vt 0.522080 0.766017
vt 0.510808 0.766017
vt 0.510808 0.762060
vt 0.141156 0.894061
vt 0.132526 0.894061
vt 0.136486 0.891416
vt 0.141156 0.890486
vt 0.499537 0.766017
vt 0.502182 0.762060
vt 0.515477 0.759415
vt 0.510808 0.758486
vt 0.506140 0.759415
vt 0.149786 0.894061
vt 0.152432 0.898020
vt 0.141156 0.898020
vt 0.145827 0.891415
vt 0.129880 0.898020
vt 0.502972 0.875205
vt 0.502972 0.870445
vt 0.507733 0.870445
vt 0.507733 0.875205
vt 0.512495 0.870445
vt 0.512495 0.875205
vt 0.517256 0.870445
vt 0.517256 0.875205
vt 0.522018 0.870445
vt 0.522018 0.875205
vt 0.526779 0.870445
vt 0.526779 0.875205
vt 0.531540 0.870445
vt 0.531540 0.875205
vt 0.526445 0.887483
vt 0.530402 0.884839
vt 0.530402 0.896107
vt 0.526445 0.896107
vt 0.581294 0.736063
vt 0.572667 0.736063
vt 0.576625 0.733418
vt 0.581294 0.732489
vt 0.530402 0.907375
vt 0.526445 0.904731
vt 0.523801 0.891439
vt 0.522873 0.896107
vt 0.523801 0.900775
vt 0.589922 0.736063
vt 0.592567 0.740022
vt 0.581294 0.740021
vt 0.585964 0.733418
vt 0.570022 0.740021
vt 0.027812 0.873577
vt 0.002442 0.873577
vt 0.002442 0.872010
vt 0.027812 0.872010
vt 0.371031 0.279943
vt 0.355178 0.279943
vt 0.355178 0.277372
vt 0.371031 0.277372
vt 0.003049 0.914446
vt 0.005273 0.914446
vt 0.005273 0.915053
vt 0.003049 0.915053
vt 0.899844 0.899520
vt 0.917510 0.899520
vt 0.917510 0.900453
vt 0.899844 0.900453
vt 0.023054 0.881487
vt 0.007201 0.881487
vt 0.007201 0.880553
vt 0.023054 0.880553
vt 0.897310 0.898440
vt 0.919843 0.898440
vt 0.007201 0.877797
vt 0.007288 0.875937
vt 0.022938 0.875937
vt 0.023054 0.877797
vt 0.355178 0.276438
vt 0.371031 0.276438
vt 0.625138 0.740022
vt 0.625138 0.742069
vt 0.592567 0.742069
vt 0.059345 0.901518
vt 0.059345 0.902450
vt 0.041675 0.902450
vt 0.041675 0.901518
vt 0.565800 0.742069
vt 0.565800 0.740021
vt 0.570022 0.742069
vt 0.359821 0.291740
vt 0.375790 0.279943
vt 0.375790 0.312510
vt 0.359821 0.293966
vt 0.061879 0.900437
vt 0.039342 0.900438
vt 0.002442 0.870443
vt 0.027812 0.870443
vt 0.027812 0.877797
vt 0.354845 0.291740
vt 0.355593 0.288136
vt 0.359655 0.288138
vt 0.350420 0.312510
vt 0.375790 0.314077
vt 0.350420 0.314077
vt 0.375790 0.315644
vt 0.350420 0.315644
vt 0.002442 0.877797
vt 0.581294 0.742069
vt 0.626585 0.740621
vt 0.627185 0.742069
vt 0.510808 0.768065
vt 0.499537 0.768065
vt 0.526300 0.766017
vt 0.527748 0.766617
vt 0.528347 0.768065
vt 0.526300 0.768065
vt 0.466972 0.768065
vt 0.466972 0.766018
vt 0.464925 0.768065
vt 0.465524 0.766617
vt 0.522080 0.768065
vt 0.563753 0.742069
vt 0.564353 0.740622
vt 0.354845 0.293966
vt 0.003049 0.920026
vt 0.005273 0.920026
vt 0.002442 0.920026
vt 0.002442 0.915053
vt 0.005273 0.920633
vt 0.003049 0.920633
vt 0.005881 0.915053
vt 0.005881 0.920026
vt 0.350420 0.279943
vt 0.436626 0.258544
vt 0.436626 0.281449
vt 0.432809 0.281449
vt 0.432809 0.258544
vt 0.428991 0.281449
vt 0.428991 0.258544
vt 0.425174 0.281449
vt 0.425174 0.258544
vt 0.421356 0.281449
vt 0.421356 0.258544
vt 0.666582 0.859510
vt 0.666582 0.844536
vt 0.668183 0.844536
vt 0.668183 0.859510
vt 0.670678 0.844536
vt 0.670678 0.859510
vt 0.673174 0.844536
vt 0.673174 0.859510
vt 0.675670 0.844536
vt 0.675670 0.859510
vt 0.678165 0.844536
vt 0.678165 0.859510
vt 0.680661 0.844536
vt 0.680661 0.859510
vt 0.683157 0.844536
vt 0.683157 0.859510
vt 0.421356 0.259401
vt 0.421356 0.280592
vt 0.421356 0.278524
vt 0.421356 0.261470
vt 0.496136 0.774541
vt 0.519040 0.774541
vt 0.519040 0.778358
vt 0.496136 0.778358
vt 0.519040 0.782176
vt 0.496136 0.782176
vt 0.519040 0.785993
vt 0.496136 0.785993
vt 0.519040 0.789810
vt 0.496136 0.789810
vt 0.138516 0.887110
vt 0.123542 0.887110
vt 0.123542 0.885509
vt 0.138516 0.885509
vt 0.123542 0.883014
vt 0.138516 0.883014
vt 0.123542 0.880518
vt 0.138516 0.880518
vt 0.123542 0.878022
vt 0.138516 0.878022
vt 0.123542 0.875527
vt 0.138516 0.875527
vt 0.123542 0.873031
vt 0.138516 0.873031
vt 0.123542 0.870535
vt 0.138516 0.870535
vt 0.496992 0.789810
vt 0.518182 0.789810
vt 0.516114 0.789810
vt 0.499061 0.789810
vt 0.468860 0.748379
vt 0.451893 0.748379
vt 0.451893 0.745551
vt 0.468860 0.745551
vt 0.451893 0.742723
vt 0.468860 0.742723
vt 0.451893 0.739896
vt 0.468860 0.739896
vt 0.451893 0.737068
vt 0.468860 0.737068
vt 0.451893 0.734240
vt 0.468860 0.734240
vt 0.451893 0.731412
vt 0.468860 0.731412
vt 0.451893 0.728584
vt 0.468860 0.728584
vt 0.451893 0.725756
vt 0.468860 0.725756
vt 0.451893 0.722928
vt 0.468860 0.722928
vt 0.451893 0.720101
vt 0.468860 0.720101
vt 0.975984 0.874522
vt 0.974907 0.874810
vt 0.975984 0.876676
vt 0.451893 0.717273
vt 0.468860 0.717273
vt 0.451893 0.714445
vt 0.468860 0.714445
vt 0.428850 0.768554
vt 0.427773 0.768843
vt 0.427773 0.766688
vt 0.426696 0.768554
vt 0.425907 0.767766
vt 0.425618 0.766688
vt 0.425907 0.765611
vt 0.426696 0.764823
vt 0.427773 0.764534
vt 0.428850 0.764823
vt 0.429639 0.765611
vt 0.429928 0.766688
vt 0.429639 0.767766
vt 0.974119 0.875599
vt 0.973830 0.876676
vt 0.974119 0.877752
vt 0.974907 0.878541
vt 0.975984 0.878830
vt 0.977061 0.878541
vt 0.977849 0.877752
vt 0.978138 0.876676
vt 0.977849 0.875599
vt 0.977061 0.874810
vt 0.473745 0.731404
vt 0.473745 0.714440
vt 0.476572 0.714440
vt 0.476572 0.731404
vt 0.479399 0.714440
vt 0.479399 0.731403
vt 0.482227 0.714440
vt 0.482227 0.731403
vt 0.485054 0.714440
vt 0.485054 0.731403
vt 0.487881 0.714440
vt 0.487881 0.731403
vt 0.490708 0.714440
vt 0.490708 0.731403
vt 0.493536 0.714440
vt 0.493536 0.731404
vt 0.496363 0.714440
vt 0.496363 0.731404
vt 0.499190 0.714440
vt 0.499190 0.731404
vt 0.502017 0.714440
vt 0.502017 0.731404
vt 0.592283 0.830846
vt 0.593361 0.830557
vt 0.592283 0.828690
vt 0.504845 0.714440
vt 0.504845 0.731404
vt 0.507672 0.714440
vt 0.507672 0.731404
vt 0.956800 0.146823
vt 0.957879 0.146534
vt 0.957879 0.148692
vt 0.958958 0.146823
vt 0.959748 0.147612
vt 0.960037 0.148692
vt 0.959748 0.149771
vt 0.958958 0.150560
vt 0.957879 0.150850
vt 0.956800 0.150560
vt 0.956010 0.149771
vt 0.955721 0.148692
vt 0.956010 0.147612
vt 0.594151 0.829768
vt 0.594439 0.828690
vt 0.594151 0.827611
vt 0.593361 0.826823
vt 0.592283 0.826534
vt 0.591204 0.826823
vt 0.590416 0.827611
vt 0.590127 0.828690
vt 0.590416 0.829768
vt 0.591204 0.830557
s 1
f 58/1/1 78/2/1 91/3/1 89/4/1
f 48/5/2 47/6/2 2/7/2 41/8/2
f 83/9/3 64/10/3 8/11/3 78/12/3
f 79/13/1 43/14/1 6/15/1 77/16/1
f 82/17/4 77/18/4 6/19/4 65/20/4
f 9/21/4 45/22/4 1/23/4 11/24/4
f 46/25/2 40/26/2 1/27/2 45/28/2
f 13/29/4 2/30/4 47/31/4 12/32/4
f 38/33/4 17/34/4 11/35/4 1/36/4
f 20/37/4 37/38/4 2/30/4 13/29/4
f 22/39/2 46/25/2 44/40/2 21/41/2
f 81/42/1 55/43/1 43/14/1 79/13/1
f 27/44/2 41/8/2 84/45/2 25/46/2
f 44/40/2 46/25/2 45/28/2 39/47/2
f 10/48/4 39/49/4 45/22/4 9/21/4
f 26/50/2 40/26/2 46/25/2 22/39/2
f 24/51/2 53/52/2 40/26/2 26/50/2
f 44/40/2 39/47/2 47/6/2 48/5/2
f 12/32/4 47/31/4 39/49/4 10/48/4
f 21/41/2 44/40/2 48/5/2 23/53/2
f 23/53/2 48/5/2 41/8/2 27/44/2
f 91/3/1 88/54/1 52/55/1 80/56/1
f 25/46/2 84/45/2 49/57/2 35/58/2
f 7/59/1 73/60/1 90/61/1 87/62/1
f 80/56/1 52/55/1 55/43/1 81/42/1
f 36/63/2 50/64/2 53/52/2 24/51/2
f 69/65/1 60/66/1 61/67/1 70/68/1
f 90/61/1 89/4/1 60/66/1 69/65/1
f 70/68/1 61/67/1 59/69/1 68/70/1
f 68/70/1 59/69/1 57/71/1 72/72/1
f 75/73/3 66/74/3 58/75/3 73/76/3
f 76/77/2 56/78/2 30/79/2 32/80/2
f 74/81/4 62/82/4 5/83/4 72/84/4
f 15/85/4 74/81/4 67/86/4 14/87/4
f 71/88/3 56/89/3 93/90/3 96/91/3
f 19/92/4 65/20/4 37/38/4 20/37/4
f 76/93/3 4/94/3 95/95/3 94/96/3
f 17/34/4 38/33/4 62/82/4 18/97/4
f 3/98/3 71/88/3 96/91/3 92/99/3
f 67/86/4 74/81/4 72/84/4 57/100/4
f 63/101/3 75/73/3 73/76/3 7/102/3
f 42/103/1 68/70/1 72/72/1 5/104/1
f 54/105/1 70/68/1 68/70/1 42/103/1
f 87/62/1 90/61/1 69/65/1 51/106/1
f 51/106/1 69/65/1 70/68/1 54/105/1
f 18/97/4 62/82/4 74/81/4 15/85/4
f 16/107/4 82/17/4 65/20/4 19/92/4
f 56/89/3 76/93/3 94/96/3 93/90/3
f 60/66/1 80/56/1 81/42/1 61/67/1
f 89/4/1 91/3/1 80/56/1 60/66/1
f 61/67/1 81/42/1 79/13/1 59/69/1
f 67/86/4 57/100/4 77/18/4 82/17/4
f 59/69/1 79/13/1 77/16/1 57/71/1
f 66/74/3 83/9/3 78/12/3 58/75/3
f 14/87/4 67/86/4 82/17/4 16/107/4
f 35/58/2 49/57/2 85/108/2 29/109/2
f 4/110/2 76/77/2 32/80/2 34/111/2
f 29/109/2 85/108/2 4/110/2 34/111/2
f 30/79/2 56/78/2 71/112/2 31/113/2
f 86/114/2 50/64/2 36/63/2 28/115/2
f 73/60/1 58/1/1 89/4/1 90/61/1
f 78/2/1 8/116/1 88/54/1 91/3/1
f 3/117/2 86/114/2 28/115/2 33/118/2
f 71/112/2 3/119/2 33/120/2 31/113/2
f 93/90/3 94/96/3 83/9/3 66/74/3
f 96/91/3 93/90/3 66/74/3 75/73/3
f 92/99/3 96/91/3 75/73/3 63/101/3
f 94/96/3 95/95/3 64/10/3 83/9/3
f 154/121/2 188/122/2 191/123/2 177/124/2
f 144/125/1 137/126/1 98/127/1 143/128/1
f 182/129/4 177/130/4 104/131/4 160/132/4
f 178/133/2 176/134/2 102/135/2 139/136/2
f 181/137/3 161/138/3 102/139/3 176/140/3
f 105/141/3 107/142/3 97/143/3 141/144/3
f 162/145/5 158/146/5 101/147/5 138/148/5
f 142/149/1 141/150/1 97/151/1 136/152/1
f 109/153/3 108/154/3 143/155/3 98/156/3
f 134/157/3 97/143/3 107/142/3 113/158/3
f 116/159/3 109/153/3 98/156/3 133/160/3
f 118/161/1 117/162/1 140/163/1 142/149/1
f 164/164/5 162/145/5 138/148/5 150/165/5
f 180/166/2 178/133/2 139/136/2 151/167/2
f 123/168/1 121/169/1 183/170/1 137/126/1
f 140/163/1 135/171/1 141/150/1 142/149/1
f 106/172/3 105/141/3 141/144/3 135/173/3
f 122/174/1 118/161/1 142/149/1 136/152/1
f 120/175/1 122/174/1 136/152/1 149/176/1
f 140/163/1 144/125/1 143/128/1 135/171/1
f 108/154/3 106/172/3 135/173/3 143/155/3
f 117/162/1 119/177/1 144/125/1 140/163/1
f 119/177/1 123/168/1 137/126/1 144/125/1
f 191/123/2 179/178/2 148/179/2 187/180/2
f 121/169/1 131/181/1 145/182/1 183/170/1
f 189/183/5 163/184/5 147/185/5 186/186/5
f 103/187/2 186/186/2 190/188/2 172/189/2
f 179/178/2 180/166/2 151/167/2 148/179/2
f 163/184/5 164/164/5 150/165/5 147/185/5
f 132/190/1 120/175/1 149/176/1 146/191/1
f 168/192/2 169/193/2 157/194/2 156/195/2
f 190/188/2 168/192/2 156/195/2 188/122/2
f 169/193/2 167/196/2 155/197/2 157/194/2
f 167/196/2 171/198/2 153/199/2 155/197/2
f 174/200/4 172/201/4 154/202/4 165/203/4
f 175/204/1 128/205/1 126/206/1 152/207/1
f 173/208/3 171/209/3 101/147/3 158/146/3
f 111/210/3 110/211/3 166/212/3 173/208/3
f 170/213/4 200/214/4 197/215/4 152/216/4
f 146/191/5 149/176/5 196/217/5 194/218/5
f 185/219/5 146/191/5 194/218/5 193/220/5
f 149/176/5 136/152/5 195/221/5 196/217/5
f 136/152/5 97/143/5 134/157/5 195/221/5
f 115/222/3 116/159/3 133/160/3 161/138/3
f 175/223/4 198/224/4 199/225/4 100/226/4
f 113/158/3 114/227/3 158/146/3 134/157/3
f 99/228/4 192/229/4 200/214/4 170/213/4
f 166/212/3 153/230/3 171/209/3 173/208/3
f 159/231/4 103/187/4 172/201/4 174/200/4
f 138/148/2 101/147/2 171/198/2 167/196/2
f 150/165/2 138/148/2 167/196/2 169/193/2
f 186/186/2 147/185/2 168/192/2 190/188/2
f 147/185/2 150/165/2 169/193/2 168/192/2
f 114/227/3 111/210/3 173/208/3 158/146/3
f 112/232/3 115/222/3 161/138/3 181/137/3
f 152/216/4 197/215/4 198/224/4 175/223/4
f 156/195/2 157/194/2 180/166/2 179/178/2
f 188/122/2 156/195/2 179/178/2 191/123/2
f 157/194/2 155/197/2 178/133/2 180/166/2
f 166/212/3 181/137/3 176/140/3 153/230/3
f 155/197/2 153/199/2 176/134/2 178/133/2
f 165/203/4 154/202/4 177/130/4 182/129/4
f 110/211/3 112/232/3 181/137/3 166/212/3
f 131/181/1 125/233/1 184/234/1 145/182/1
f 100/235/1 130/236/1 128/205/1 175/204/1
f 125/233/1 130/236/1 100/235/1 184/234/1
f 126/206/1 127/237/1 170/238/1 152/207/1
f 185/219/1 124/239/1 132/190/1 146/191/1
f 99/228/5 185/219/5 193/220/5 192/229/5
f 172/189/2 190/188/2 188/122/2 154/121/2
f 159/231/5 189/183/5 186/186/5 103/187/5
f 177/124/2 191/123/2 187/180/2 104/240/2
f 99/228/1 129/241/1 124/239/1 185/219/1
f 170/238/1 127/237/1 129/241/1 99/228/1
f 134/157/5 158/146/5 162/145/5 195/221/5
f 196/217/5 164/164/5 163/184/5 194/218/5
f 194/218/5 163/184/5 189/183/5 193/220/5
f 193/220/5 189/183/5 159/231/5 192/229/5
f 195/221/5 162/145/5 164/164/5 196/217/5
f 197/215/4 165/203/4 182/129/4 198/224/4
f 200/214/4 174/200/4 165/203/4 197/215/4
f 192/229/4 159/231/4 174/200/4 200/214/4
f 198/224/4 182/129/4 160/132/4 199/225/4
f 8/242/5 64/243/5 160/244/5 104/245/5
f 18/246/6 15/247/7 111/248/7 114/249/6
f 10/250/1 9/251/8 105/252/8 106/253/1
f 12/254/9 10/250/1 106/253/1 108/255/9
f 13/256/10 12/254/9 108/255/9 109/257/10
f 15/247/7 14/258/2 110/259/2 111/248/7
f 14/258/2 16/260/11 112/261/11 110/259/2
f 11/262/12 17/263/5 113/264/5 107/265/12
f 17/263/5 18/246/6 114/249/6 113/264/5
f 16/260/11 19/266/13 115/267/13 112/261/11
f 22/268/14 21/269/3 117/270/3 118/271/14
f 21/269/3 23/272/15 119/273/15 117/270/3
f 26/274/16 22/268/14 118/271/14 122/275/16
f 27/276/17 25/277/18 121/278/18 123/279/17
f 30/280/4 31/281/19 127/282/19 126/283/4
f 32/284/20 30/280/4 126/283/4 128/285/20
f 33/286/21 28/287/22 124/288/22 129/289/21
f 34/290/23 32/284/20 128/285/20 130/291/23
f 35/292/24 29/293/25 125/294/25 131/295/24
f 28/287/22 36/296/5 132/297/5 124/288/22
f 4/298/5 85/299/5 184/300/5 100/301/5
f 20/302/24 13/256/10 109/257/10 116/303/24
f 19/266/13 20/304/24 116/305/24 115/267/13
f 65/306/5 6/307/5 102/308/5 161/309/5
f 84/310/5 41/311/5 137/312/5 183/313/5
f 23/272/15 27/276/17 123/279/17 119/273/15
f 24/314/26 26/274/16 122/275/16 120/315/26
f 88/316/5 8/317/5 104/318/5 187/319/5
f 36/296/5 24/314/26 120/315/26 132/297/5
f 25/277/18 35/320/24 131/321/24 121/278/18
f 29/293/25 34/290/23 130/291/23 125/294/25
f 9/251/8 11/322/12 107/323/12 105/252/8
f 31/281/19 33/324/21 129/325/21 127/282/19
f 2/326/5 37/327/5 133/328/5 98/329/5
f 41/311/5 2/330/5 98/331/5 137/312/5
f 6/332/5 43/333/5 139/334/5 102/335/5
f 49/336/5 84/310/5 183/313/5 145/337/5
f 55/338/5 52/339/5 148/340/5 151/341/5
f 43/333/5 55/338/5 151/341/5 139/334/5
f 64/243/5 95/342/5 199/343/5 160/244/5
f 37/327/5 65/306/5 161/309/5 133/328/5
f 85/299/5 49/336/5 145/337/5 184/300/5
f 52/339/5 88/316/5 187/319/5 148/340/5
f 95/342/5 4/344/5 100/345/5 199/343/5
f 217/346/12 225/347/12 228/348/12 203/349/12
f 223/350/1 227/351/1 230/352/1 205/353/1
f 221/354/10 229/355/10 232/356/10 207/357/10
f 219/358/13 231/359/13 234/360/13 209/361/13
f 239/362/27 216/363/28 212/364/29 214/365/30
f 213/366/2 233/367/2 236/368/2 211/369/2
f 215/370/6 235/371/6 226/372/6 201/373/6
f 209/361/2 234/360/2 233/367/2 213/366/2
f 211/369/6 236/368/6 235/371/6 215/370/6
f 201/373/12 226/372/12 225/347/12 217/346/12
f 207/374/13 232/375/13 231/359/13 219/358/13
f 205/353/10 230/352/10 229/355/10 221/354/10
f 203/349/1 228/348/1 227/351/1 223/350/1
f 202/376/31 218/377/32 225/378/32 226/379/31
f 204/380/33 224/381/34 227/382/34 228/383/33
f 206/384/35 222/385/36 229/386/36 230/387/35
f 208/388/37 220/389/38 231/390/38 232/391/37
f 210/392/39 214/365/40 233/393/40 234/394/39
f 212/364/41 216/363/42 235/395/42 236/396/41
f 214/365/40 212/364/41 236/396/41 233/393/40
f 216/363/42 202/376/31 226/379/31 235/395/42
f 218/377/32 204/380/33 228/383/33 225/378/32
f 220/389/38 210/392/39 234/394/39 231/390/38
f 222/385/36 208/388/37 232/391/37 229/386/36
f 224/381/34 206/384/35 230/387/35 227/382/34
f 238/397/43 237/398/4 208/388/44 222/385/45
f 218/377/46 202/376/47 237/398/4 238/397/43
f 220/389/48 239/362/27 214/365/30 210/392/49
f 224/381/50 238/397/43 222/385/45 206/384/51
f 204/380/52 218/377/46 238/397/43 224/381/50
f 208/388/44 237/398/4 239/362/27 220/389/48
f 237/398/4 202/376/47 216/363/28 239/362/27
s 0
f 265/399/53 260/400/53 244/401/53 246/402/53
f 267/403/54 265/404/54 246/405/54 247/406/54
f 240/407/5 241/408/5 262/409/5 261/410/5
f 243/411/5 240/407/5 261/410/5 264/412/5
f 263/413/55 267/414/55 247/415/55 245/416/55
f 241/408/5 242/417/5 266/418/5 262/409/5
f 242/417/5 243/411/5 264/412/5 266/418/5
f 248/419/56 252/420/56 253/421/56 249/422/56
f 250/423/57 254/424/57 252/425/57 248/426/57
f 249/427/58 253/428/58 255/429/58 251/430/58
f 251/431/59 255/432/59 254/433/59 250/434/59
f 244/435/60 245/436/60 253/437/60 252/438/60
f 245/439/61 247/440/61 255/441/61 253/442/61
f 247/443/62 246/444/62 254/445/62 255/446/62
f 246/447/63 244/448/63 252/449/63 254/450/63
f 243/451/2 242/452/2 258/453/2 259/454/2
f 241/455/1 240/456/1 256/457/1 257/458/1
f 240/459/3 243/460/3 259/454/3 256/457/3
f 242/461/4 241/462/4 257/458/4 258/453/4
f 256/457/5 259/454/5 258/453/5 257/458/5
f 261/410/64 262/409/64 263/463/64 260/464/64
f 262/409/65 266/418/65 267/465/65 263/463/65
f 266/418/66 264/412/66 265/466/66 267/465/66
f 264/412/67 261/410/67 260/464/67 265/466/67
f 260/467/68 263/468/68 245/469/68 244/470/68
s 1
f 297/471/69 274/472/70 275/473/71 276/474/72
f 279/475/73 296/476/74 277/477/75 278/478/76
f 296/476/74 297/471/69 276/474/72 277/477/75
f 282/479/77 298/480/78 284/481/79 281/482/79
f 299/483/80 271/484/81 272/485/82 285/486/82
f 285/487/4 272/488/4 288/489/4 294/490/4
f 286/491/3 280/492/3 290/493/3 293/494/3
f 285/487/1 304/495/1 300/496/1 299/497/1
f 292/498/4 284/499/4 305/500/4 310/501/4
f 294/502/5 288/503/5 289/504/5 295/505/5
f 297/506/1 302/507/1 308/508/1 287/509/1
f 291/510/5 292/511/5 293/512/5 290/513/5
f 296/514/3 303/515/3 302/507/3 297/506/3
f 281/516/4 284/499/4 292/498/4 291/517/4
f 294/502/1 295/505/1 309/518/1 306/519/1
f 299/497/4 300/496/4 301/520/4 298/521/4
f 298/521/2 301/520/2 305/500/2 284/499/2
f 268/522/83 269/523/84 299/483/80 298/480/78
f 287/509/3 295/524/3 289/525/3 273/526/3
f 286/491/2 307/527/2 303/515/2 296/514/2
f 293/512/2 292/511/2 310/528/2 311/529/2
f 285/487/4 294/490/4 306/530/4 304/495/4
f 310/531/5 305/532/5 307/533/5 311/534/5
f 304/535/5 306/536/5 309/537/5 308/538/5
f 301/539/5 300/540/5 304/535/5 305/532/5
f 303/541/5 307/533/5 308/538/5 302/542/5
f 286/491/3 293/494/3 311/543/3 307/527/3
f 295/524/3 287/509/3 308/508/3 309/544/3
f 307/533/5 305/532/5 304/535/5 308/538/5
f 280/545/85 286/546/85 296/476/74 279/475/73
f 287/547/86 273/548/86 274/472/70 297/471/69
f 269/523/84 270/549/87 271/484/81 299/483/80
f 283/550/88 268/522/83 298/480/78 282/479/77
f 283/551/89 282/552/90 322/553/90 323/554/89
f 270/555/91 269/556/92 313/557/92 314/558/91
f 276/559/93 275/560/94 317/561/94 318/562/93
f 271/563/95 270/555/91 314/558/91 315/564/95
f 274/565/96 273/566/97 289/567/98 316/568/96
f 279/569/99 278/570/100 320/571/100 321/572/99
f 282/552/90 281/573/101 291/574/102 322/553/90
f 272/575/103 271/563/95 315/564/95 288/576/104
f 268/577/105 283/551/89 323/554/89 312/578/105
f 280/579/106 279/569/99 321/572/99 290/580/107
f 278/570/100 277/581/108 319/582/108 320/571/100
f 277/581/108 276/559/93 318/562/93 319/582/108
f 275/560/94 274/565/96 316/568/96 317/561/94
f 269/556/92 268/577/105 312/578/105 313/557/92
f 317/561/94 316/568/96 332/583/96 333/584/94
f 289/567/98 288/585/104 324/586/109 325/587/110
f 323/554/89 322/553/90 338/588/90 339/589/89
f 288/576/104 315/564/95 331/590/95 324/591/109
f 320/571/100 319/582/108 335/592/108 336/593/100
f 314/558/91 313/557/92 329/594/92 330/595/91
f 290/580/107 321/572/99 337/596/99 326/597/111
f 315/564/95 314/558/91 330/595/91 331/590/95
f 313/557/92 312/578/105 328/598/105 329/594/92
f 316/568/96 289/567/98 325/587/110 332/583/96
f 321/572/99 320/571/100 336/593/100 337/596/99
f 322/553/90 291/574/102 327/599/112 338/588/90
f 318/562/93 317/561/94 333/584/94 334/600/93
f 312/578/105 323/554/89 339/589/89 328/598/105
f 319/582/108 318/562/93 334/600/93 335/592/108
f 291/574/102 290/580/107 326/597/111 327/599/112
f 369/601/74 348/602/75 347/603/76 346/604/73
f 351/605/70 350/606/71 349/607/72 368/608/69
f 368/608/69 349/607/72 348/602/75 369/601/74
f 354/609/81 353/610/82 356/611/82 370/612/113
f 371/613/78 357/614/79 344/615/79 343/616/77
f 357/617/4 366/618/4 360/619/4 344/620/4
f 358/621/3 365/622/3 362/623/3 352/624/3
f 357/617/2 371/625/2 372/626/2 376/627/2
f 364/628/4 382/629/4 377/630/4 356/631/4
f 366/632/5 367/633/5 361/634/5 360/635/5
f 369/636/2 359/637/2 380/638/2 374/639/2
f 363/640/5 362/641/5 365/642/5 364/643/5
f 368/644/3 369/636/3 374/639/3 375/645/3
f 353/646/4 363/647/4 364/628/4 356/631/4
f 366/632/2 378/648/2 381/649/2 367/633/2
f 371/625/4 370/650/4 373/651/4 372/626/4
f 370/650/1 356/631/1 377/630/1 373/651/1
f 340/652/84 370/612/113 371/613/78 341/653/83
f 359/637/3 345/654/3 361/655/3 367/656/3
f 358/621/1 368/644/1 375/645/1 379/657/1
f 365/642/1 383/658/1 382/659/1 364/643/1
f 357/617/4 376/627/4 378/660/4 366/618/4
f 382/661/5 383/662/5 379/663/5 377/664/5
f 376/665/5 380/666/5 381/667/5 378/668/5
f 373/669/5 377/664/5 376/665/5 372/670/5
f 375/671/5 374/672/5 380/666/5 379/663/5
f 358/621/3 379/657/3 383/673/3 365/622/3
f 367/656/3 381/674/3 380/638/3 359/637/3
f 379/663/5 380/666/5 376/665/5 377/664/5
f 352/675/86 351/605/70 368/608/69 358/676/86
f 359/677/85 369/601/74 346/604/73 345/678/85
f 341/653/83 371/613/78 343/616/77 342/679/88
f 355/680/114 354/609/81 370/612/113 340/652/84
f 355/681/91 395/682/91 394/683/95 354/684/95
f 342/685/89 386/686/89 385/687/105 341/688/105
f 348/689/108 390/690/108 389/691/100 347/692/100
f 343/693/90 387/694/90 386/686/89 342/685/89
f 346/695/99 388/696/99 361/697/115 345/698/106
f 351/699/96 393/700/96 392/701/94 350/702/94
f 354/684/95 394/683/95 363/703/116 353/704/103
f 344/705/101 360/706/117 387/694/90 343/693/90
f 340/707/92 384/708/92 395/682/91 355/681/91
f 352/709/97 362/710/118 393/700/96 351/699/96
f 350/702/94 392/701/94 391/711/93 349/712/93
f 349/712/93 391/711/93 390/690/108 348/689/108
f 347/692/100 389/691/100 388/696/99 346/695/99
f 341/688/105 385/687/105 384/708/92 340/707/92
f 389/691/100 405/713/100 404/714/99 388/696/99
f 361/697/115 397/715/111 396/716/112 360/717/117
f 395/682/91 411/718/91 410/719/95 394/683/95
f 360/706/117 396/720/112 403/721/90 387/694/90
f 392/701/94 408/722/94 407/723/93 391/711/93
f 386/686/89 402/724/89 401/725/105 385/687/105
f 362/710/118 398/726/110 409/727/96 393/700/96
f 387/694/90 403/721/90 402/724/89 386/686/89
f 385/687/105 401/725/105 400/728/92 384/708/92
f 388/696/99 404/714/99 397/715/111 361/697/115
f 393/700/96 409/727/96 408/722/94 392/701/94
f 394/683/95 410/719/95 399/729/109 363/703/116
f 390/690/108 406/730/108 405/713/100 389/691/100
f 384/708/92 400/728/92 411/718/91 395/682/91
f 391/711/93 407/723/93 406/730/108 390/690/108
f 363/703/116 399/729/109 398/726/110 362/710/118
f 418/731/119 449/732/119 412/733/16 419/734/16
f 419/734/16 412/733/16 413/735/26 420/736/26
f 420/736/26 413/735/26 414/737/5 421/738/5
f 421/738/5 414/737/5 415/739/22 422/740/22
f 422/740/22 415/739/22 416/741/21 423/742/21
f 423/742/21 416/741/21 417/743/120 424/744/120
f 423/745/1 424/746/1 473/747/1 426/748/1
f 427/749/2 416/750/2 415/751/2 414/752/2
f 426/748/1 473/747/1 418/753/1 419/754/1
f 422/755/1 423/745/1 426/748/1 421/756/1
f 426/748/1 419/754/1 420/757/1 421/756/1
f 412/758/2 449/759/2 425/760/2 427/749/2
f 413/761/2 412/758/2 427/749/2 414/752/2
f 417/762/2 416/750/2 427/749/2 425/760/2
f 434/763/119 428/764/119 429/765/16 435/766/16
f 435/766/16 429/765/16 430/767/26 436/768/26
f 436/768/26 430/767/26 431/769/5 437/770/5
f 437/770/5 431/769/5 432/771/22 438/772/22
f 438/772/22 432/771/22 433/773/21 439/774/21
f 439/774/21 433/773/21 444/775/120 440/776/120
f 439/777/1 440/778/1 441/779/1 442/780/1
f 443/781/2 433/782/2 432/783/2 431/784/2
f 442/780/1 441/779/1 434/785/1 435/786/1
f 438/787/1 439/777/1 442/780/1 437/788/1
f 442/780/1 435/786/1 436/789/1 437/788/1
f 429/790/2 428/791/2 474/792/2 443/781/2
f 430/793/2 429/790/2 443/781/2 431/784/2
f 444/794/2 433/782/2 443/781/2 474/792/2
f 457/795/121 455/796/121 456/797/21 459/798/21
f 449/799/122 434/800/122 445/801/122 450/802/122
f 451/803/2 450/804/2 452/805/2 453/806/2
f 453/807/3 448/808/3 446/809/3 451/810/3
f 417/811/2 449/812/2 450/804/2 451/803/2
f 440/813/5 467/814/5 466/815/5 417/816/5
f 450/802/4 445/801/4 447/817/4 452/818/4
f 463/819/2 472/820/2 469/821/2 428/791/2
f 446/822/1 448/823/1 447/824/1 445/825/1
f 466/815/5 467/814/5 455/796/121 457/795/121
f 471/826/2 455/827/2 444/794/2 470/828/2
f 449/799/5 418/829/5 461/830/123 468/831/5
f 440/832/1 446/822/1 445/825/1 434/833/1
f 451/810/124 446/809/124 440/813/124 417/816/124
f 459/798/21 456/797/21 454/834/19 458/835/19
f 417/816/5 466/815/5 457/795/121 424/836/5
f 476/837/5 463/838/123 428/839/5 434/800/5
f 467/814/5 440/813/5 444/840/5 455/796/121
f 474/792/2 428/791/2 469/821/2 475/841/2
f 463/819/2 465/842/2 464/843/2 472/820/2
f 454/844/2 456/845/2 455/827/2 471/826/2
f 444/794/2 474/792/2 475/841/2 470/828/2
f 462/846/16 460/847/14 464/848/14 465/849/16
f 468/831/5 461/830/123 463/838/123 476/837/5
f 463/838/123 461/830/123 462/846/16 465/849/16
f 434/800/5 449/799/5 468/831/5 476/837/5
f 424/746/1 478/850/1 479/851/1 473/747/1
f 473/747/1 479/851/1 480/852/1 418/753/1
f 477/853/1 478/850/1 424/746/1 457/854/1
f 458/855/1 477/853/1 457/854/1 459/856/1
f 418/753/1 480/852/1 481/857/1 461/858/1
f 461/858/1 481/857/1 460/859/1 462/860/1
f 488/861/119 519/862/119 482/863/16 489/864/16
f 489/864/16 482/863/16 483/865/26 490/866/26
f 490/866/26 483/865/26 484/867/5 491/868/5
f 491/868/5 484/867/5 485/869/22 492/870/22
f 492/870/22 485/869/22 486/871/21 493/872/21
f 493/872/21 486/871/21 487/873/120 494/874/120
f 493/875/1 494/876/1 543/877/1 496/878/1
f 497/879/2 486/880/2 485/881/2 484/882/2
f 496/878/1 543/877/1 488/883/1 489/884/1
f 492/885/1 493/875/1 496/878/1 491/886/1
f 496/878/1 489/884/1 490/887/1 491/886/1
f 482/888/2 519/889/2 495/890/2 497/879/2
f 483/891/2 482/888/2 497/879/2 484/882/2
f 487/892/2 486/880/2 497/879/2 495/890/2
f 504/893/119 498/894/119 499/895/16 505/896/16
f 505/896/16 499/895/16 500/897/26 506/898/26
f 506/898/26 500/897/26 501/899/5 507/900/5
f 507/900/5 501/899/5 502/901/22 508/902/22
f 508/902/22 502/901/22 503/903/21 509/904/21
f 509/904/21 503/903/21 514/905/120 510/906/120
f 509/907/1 510/908/1 511/909/1 512/910/1
f 513/911/2 503/912/2 502/913/2 501/914/2
f 512/910/1 511/909/1 504/915/1 505/916/1
f 508/917/1 509/907/1 512/910/1 507/918/1
f 512/910/1 505/916/1 506/919/1 507/918/1
f 499/920/2 498/921/2 544/922/2 513/911/2
f 500/923/2 499/920/2 513/911/2 501/914/2
f 514/924/2 503/912/2 513/911/2 544/922/2
f 527/925/121 525/926/121 526/927/21 529/928/21
f 519/929/122 504/930/122 515/931/122 520/932/122
f 543/933/5 494/934/5 551/935/5 557/936/5
f 521/937/2 520/938/2 522/939/2 523/940/2
f 523/941/3 518/942/3 516/943/3 521/944/3
f 487/945/2 519/946/2 520/938/2 521/937/2
f 510/947/5 537/948/5 536/949/5 487/950/5
f 520/932/4 515/931/4 517/951/4 522/952/4
f 533/953/2 542/954/2 539/955/2 498/921/2
f 516/956/1 518/957/1 517/958/1 515/959/1
f 536/949/5 537/948/5 525/926/121 527/925/121
f 494/934/5 527/925/121 553/960/121 551/935/5
f 541/961/2 525/962/2 514/924/2 540/963/2
f 519/929/5 488/964/5 531/965/123 538/966/5
f 510/967/1 516/956/1 515/959/1 504/968/1
f 521/944/124 516/943/124 510/947/124 487/950/124
f 529/928/21 526/927/21 524/969/19 528/970/19
f 487/950/5 536/949/5 527/925/121 494/934/5
f 560/971/5 533/972/123 498/973/5 504/930/5
f 537/948/5 510/947/5 514/974/5 525/926/121
f 544/922/2 498/921/2 539/955/2 545/975/2
f 533/953/2 535/976/2 534/977/2 542/954/2
f 488/964/5 543/933/5 557/936/5 558/978/5
f 532/979/16 531/965/123 559/980/123 555/981/16
f 530/982/14 532/979/16 555/981/16 556/983/14
f 531/965/123 488/964/5 558/978/5 559/980/123
f 529/928/21 528/970/19 548/984/19 552/985/21
f 524/986/2 526/987/2 525/962/2 541/961/2
f 514/924/2 544/922/2 545/975/2 540/963/2
f 532/979/16 530/982/14 534/988/14 535/989/16
f 538/966/5 531/965/123 533/972/123 560/971/5
f 533/972/123 531/965/123 532/979/16 535/989/16
f 557/990/1 554/991/1 547/992/1 558/993/1
f 553/994/1 552/995/1 548/996/1 549/997/1
f 558/993/1 547/992/1 546/998/1 559/999/1
f 556/1000/1 555/1001/1 559/999/1 546/998/1
f 551/1002/1 553/994/1 549/997/1 550/1003/1
f 551/1002/1 550/1003/1 554/991/1 557/990/1
f 527/925/121 529/928/21 552/985/21 553/960/121
f 504/930/5 519/929/5 538/966/5 560/971/5
f 567/1004/119 598/1005/119 561/1006/16 568/1007/16
f 568/1007/16 561/1006/16 562/1008/26 569/1009/26
f 569/1009/26 562/1008/26 563/1010/5 570/1011/5
f 570/1011/5 563/1010/5 564/1012/22 571/1013/22
f 571/1013/22 564/1012/22 565/1014/21 572/1015/21
f 572/1015/21 565/1014/21 566/1016/120 573/1017/120
f 572/1018/1 573/1019/1 622/1020/1 575/1021/1
f 576/1022/2 565/1023/2 564/1024/2 563/1025/2
f 575/1021/1 622/1020/1 567/1026/1 568/1027/1
f 571/1028/1 572/1018/1 575/1021/1 570/1029/1
f 575/1021/1 568/1027/1 569/1030/1 570/1029/1
f 561/1031/2 598/1032/2 574/1033/2 576/1022/2
f 562/1034/2 561/1031/2 576/1022/2 563/1025/2
f 566/1035/2 565/1023/2 576/1022/2 574/1033/2
f 583/1036/119 577/1037/119 578/1038/16 584/1039/16
f 584/1039/16 578/1038/16 579/1040/26 585/1041/26
f 585/1041/26 579/1040/26 580/1042/5 586/1043/5
f 586/1043/5 580/1042/5 581/1044/22 587/1045/22
f 587/1045/22 581/1044/22 582/1046/21 588/1047/21
f 588/1047/21 582/1046/21 593/1048/120 589/1049/120
f 588/1050/1 589/1051/1 590/1052/1 591/1053/1
f 592/1054/2 582/1055/2 581/1056/2 580/1057/2
f 591/1053/1 590/1052/1 583/1058/1 584/1059/1
f 587/1060/1 588/1050/1 591/1053/1 586/1061/1
f 591/1053/1 584/1059/1 585/1062/1 586/1061/1
f 578/1063/2 577/1064/2 623/1065/2 592/1054/2
f 579/1066/2 578/1063/2 592/1054/2 580/1057/2
f 593/1067/2 582/1055/2 592/1054/2 623/1065/2
f 606/1068/121 604/1069/121 605/1070/21 608/1071/21
f 598/1072/122 583/1073/122 594/1074/122 599/1075/122
f 622/1076/5 573/1077/5 630/1078/5 636/1079/5
f 600/1080/2 599/1081/2 601/1082/2 602/1083/2
f 602/1084/3 597/1085/3 595/1086/3 600/1087/3
f 566/1088/2 598/1089/2 599/1081/2 600/1080/2
f 589/1090/5 616/1091/5 615/1092/5 566/1093/5
f 599/1075/4 594/1074/4 596/1094/4 601/1095/4
f 612/1096/2 621/1097/2 618/1098/2 577/1064/2
f 595/1099/1 597/1100/1 596/1101/1 594/1102/1
f 615/1092/5 616/1091/5 604/1069/121 606/1068/121
f 601/1103/5 596/1104/5 597/1105/5 602/1106/5
f 573/1077/5 606/1068/121 632/1107/121 630/1078/5
f 620/1108/2 604/1109/2 593/1067/2 619/1110/2
f 598/1072/5 567/1111/5 610/1112/123 617/1113/5
f 589/1114/1 595/1099/1 594/1102/1 583/1115/1
f 600/1087/124 595/1086/124 589/1090/124 566/1093/124
f 608/1071/21 605/1070/21 603/1116/19 607/1117/19
f 566/1093/5 615/1092/5 606/1068/121 573/1077/5
f 639/1118/5 612/1119/123 577/1120/5 583/1073/5
f 616/1091/5 589/1090/5 593/1121/5 604/1069/121
f 623/1065/2 577/1064/2 618/1098/2 624/1122/2
f 612/1096/2 614/1123/2 613/1124/2 621/1097/2
f 567/1111/5 622/1076/5 636/1079/5 637/1125/5
f 611/1126/16 610/1112/123 638/1127/123 634/1128/16
f 609/1129/14 611/1126/16 634/1128/16 635/1130/14
f 610/1112/123 567/1111/5 637/1125/5 638/1127/123
f 608/1071/21 607/1117/19 627/1131/19 631/1132/21
f 603/1133/2 605/1134/2 604/1109/2 620/1108/2
f 593/1067/2 623/1065/2 624/1122/2 619/1110/2
f 611/1126/16 609/1129/14 613/1135/14 614/1136/16
f 617/1113/5 610/1112/123 612/1119/123 639/1118/5
f 612/1119/123 610/1112/123 611/1126/16 614/1136/16
f 636/1137/1 633/1138/1 626/1139/1 637/1140/1
f 632/1141/1 631/1142/1 627/1143/1 628/1144/1
f 637/1140/1 626/1139/1 625/1145/1 638/1146/1
f 635/1147/1 634/1148/1 638/1146/1 625/1145/1
f 630/1149/1 632/1141/1 628/1144/1 629/1150/1
f 630/1149/1 629/1150/1 633/1138/1 636/1137/1
f 606/1068/121 608/1071/21 631/1132/21 632/1107/121
f 583/1073/5 598/1072/5 617/1113/5 639/1118/5
f 646/1151/120 679/1152/120 640/1153/21 647/1154/21
f 647/1154/21 640/1153/21 641/1155/22 648/1156/22
f 648/1156/22 641/1155/22 642/1157/5 649/1158/5
f 649/1158/5 642/1157/5 643/1159/26 650/1160/26
f 650/1160/26 643/1159/26 644/1161/16 651/1162/16
f 651/1162/16 644/1161/16 645/1163/119 652/1164/119
f 651/1165/2 652/1166/2 708/1167/2 654/1168/2
f 655/1169/1 644/1170/1 643/1171/1 642/1172/1
f 654/1168/2 708/1167/2 646/1173/2 647/1174/2
f 650/1175/2 651/1165/2 654/1168/2 649/1176/2
f 654/1168/2 647/1174/2 648/1177/2 649/1176/2
f 640/1178/1 679/1179/1 653/1180/1 655/1169/1
f 641/1181/1 640/1178/1 655/1169/1 642/1172/1
f 645/1182/1 644/1170/1 655/1169/1 653/1180/1
f 662/1183/120 656/1184/120 657/1185/21 663/1186/21
f 663/1186/21 657/1185/21 658/1187/22 664/1188/22
f 664/1188/22 658/1187/22 659/1189/5 665/1190/5
f 665/1190/5 659/1189/5 660/1191/26 666/1192/26
f 666/1192/26 660/1191/26 661/1193/16 667/1194/16
f 667/1194/16 661/1193/16 672/1195/119 668/1196/119
f 667/1197/2 668/1198/2 669/1199/2 670/1200/2
f 671/1201/1 661/1202/1 660/1203/1 659/1204/1
f 670/1200/2 669/1199/2 662/1205/2 663/1206/2
f 666/1207/2 667/1197/2 670/1200/2 665/1208/2
f 670/1200/2 663/1206/2 664/1209/2 665/1208/2
f 657/1210/1 656/1211/1 709/1212/1 671/1201/1
f 658/1213/1 657/1210/1 671/1201/1 659/1204/1
f 672/1214/1 661/1202/1 671/1201/1 709/1212/1
f 687/1215/123 685/1216/123 686/1217/16 689/1218/16
f 679/1219/125 662/1220/125 674/1221/125 680/1222/125
f 678/1223/1 699/1224/1 715/1225/1 713/1226/1
f 681/1227/1 680/1228/1 682/1229/1 683/1230/1
f 683/1231/4 677/1232/4 675/1233/4 681/1234/4
f 645/1235/1 679/1236/1 680/1228/1 681/1227/1
f 668/1237/5 697/1238/5 696/1239/5 645/1240/5
f 680/1222/3 674/1221/3 676/1241/3 682/1242/3
f 693/1243/1 706/1244/1 700/1245/1 656/1211/1
f 675/1246/2 677/1247/2 676/1248/2 674/1249/2
f 696/1239/5 697/1238/5 685/1216/123 687/1215/123
f 682/1250/5 676/1251/5 677/1252/5 683/1253/5
f 704/1254/1 685/1255/1 672/1214/1 701/1256/1
f 678/1257/5 646/1258/5 691/1259/121 699/1260/5
f 668/1261/2 675/1246/2 674/1249/2 662/1262/2
f 681/1234/126 675/1233/126 668/1237/126 645/1240/126
f 689/1218/16 686/1217/16 684/1263/14 688/1264/14
f 645/1240/5 696/1239/5 687/1215/123 652/1265/5
f 673/1266/5 717/1267/5 716/1268/5 678/1257/5
f 693/1269/121 691/1259/121 692/1270/21 695/1271/21
f 695/1271/21 692/1270/21 690/1272/19 694/1273/19
f 697/1238/5 668/1237/5 672/1274/5 685/1216/123
f 709/1212/1 656/1211/1 700/1245/1 710/1275/1
f 693/1243/1 695/1276/1 694/1277/1 706/1244/1
f 708/1167/2 711/1278/2 702/1279/2 646/1173/2
f 687/1280/2 689/1281/2 688/1282/2 705/1283/2
f 646/1173/2 702/1279/2 707/1284/2 691/1285/2
f 690/1286/2 692/1287/2 691/1285/2 707/1284/2
f 652/1166/2 687/1280/2 705/1283/2 703/1288/2
f 684/1289/1 686/1290/1 685/1255/1 704/1254/1
f 652/1166/2 703/1288/2 711/1278/2 708/1167/2
f 672/1214/1 709/1212/1 710/1275/1 701/1256/1
f 698/1291/5 699/1260/5 691/1259/121 693/1269/121
f 712/1292/5 713/1226/5 715/1225/5 714/1293/5
f 673/1294/4 678/1295/4 713/1226/4 712/1292/4
f 698/1296/2 673/1297/2 712/1292/2 714/1293/2
f 699/1298/3 698/1299/3 714/1293/3 715/1225/3
f 656/1300/5 662/1220/5 717/1267/5 673/1266/5
f 693/1269/121 656/1300/5 673/1266/5 698/1291/5
f 678/1257/5 716/1268/5 679/1219/5 646/1258/5
f 716/1268/5 717/1267/5 662/1220/5 679/1219/5
f 724/1301/120 757/1302/120 718/1303/21 725/1304/21
f 725/1304/21 718/1303/21 719/1305/22 726/1306/22
f 726/1306/22 719/1305/22 720/1307/5 727/1308/5
f 727/1308/5 720/1307/5 721/1309/26 728/1310/26
f 728/1310/26 721/1309/26 722/1311/16 729/1312/16
f 729/1312/16 722/1311/16 723/1313/119 730/1314/119
f 729/1315/2 730/1316/2 786/1317/2 732/1318/2
f 733/1319/1 722/1320/1 721/1321/1 720/1322/1
f 732/1318/2 786/1317/2 724/1323/2 725/1324/2
f 728/1325/2 729/1315/2 732/1318/2 727/1326/2
f 732/1318/2 725/1324/2 726/1327/2 727/1326/2
f 718/1328/1 757/1329/1 731/1330/1 733/1319/1
f 719/1331/1 718/1328/1 733/1319/1 720/1322/1
f 723/1332/1 722/1320/1 733/1319/1 731/1330/1
f 740/1333/120 734/1334/120 735/1335/21 741/1336/21
f 741/1336/21 735/1335/21 736/1337/22 742/1338/22
f 742/1338/22 736/1337/22 737/1339/5 743/1340/5
f 743/1340/5 737/1339/5 738/1341/26 744/1342/26
f 744/1342/26 738/1341/26 739/1343/16 745/1344/16
f 745/1344/16 739/1343/16 750/1345/119 746/1346/119
f 745/1347/2 746/1348/2 747/1349/2 748/1350/2
f 749/1351/1 739/1352/1 738/1353/1 737/1354/1
f 748/1350/2 747/1349/2 740/1355/2 741/1356/2
f 744/1357/2 745/1347/2 748/1350/2 743/1358/2
f 748/1350/2 741/1356/2 742/1359/2 743/1358/2
f 735/1360/1 734/1361/1 787/1362/1 749/1351/1
f 736/1363/1 735/1360/1 749/1351/1 737/1354/1
f 750/1364/1 739/1352/1 749/1351/1 787/1362/1
f 765/1365/123 763/1366/123 764/1367/16 767/1368/16
f 757/1369/125 740/1370/125 752/1371/125 758/1372/125
f 756/1373/1 777/1374/1 793/1375/1 791/1376/1
f 759/1377/1 758/1378/1 760/1379/1 761/1380/1
f 761/1381/4 755/1382/4 753/1383/4 759/1384/4
f 723/1385/1 757/1386/1 758/1378/1 759/1377/1
f 746/1387/5 775/1388/5 774/1389/5 723/1390/5
f 758/1372/3 752/1371/3 754/1391/3 760/1392/3
f 771/1393/1 784/1394/1 778/1395/1 734/1361/1
f 753/1396/2 755/1397/2 754/1398/2 752/1399/2
f 774/1389/5 775/1388/5 763/1366/123 765/1365/123
f 760/1400/5 754/1401/5 755/1402/5 761/1403/5
f 782/1404/1 763/1405/1 750/1364/1 779/1406/1
f 756/1407/5 724/1408/5 769/1409/121 777/1410/5
f 746/1411/2 753/1396/2 752/1399/2 740/1412/2
f 759/1384/126 753/1383/126 746/1387/126 723/1390/126
f 767/1368/16 764/1367/16 762/1413/14 766/1414/14
f 723/1390/5 774/1389/5 765/1365/123 730/1415/5
f 751/1416/5 795/1417/5 794/1418/5 756/1407/5
f 771/1419/121 769/1409/121 770/1420/21 773/1421/21
f 773/1421/21 770/1420/21 768/1422/19 772/1423/19
f 775/1388/5 746/1387/5 750/1424/5 763/1366/123
f 787/1362/1 734/1361/1 778/1395/1 788/1425/1
f 771/1393/1 773/1426/1 772/1427/1 784/1394/1
f 786/1317/2 789/1428/2 780/1429/2 724/1323/2
f 765/1430/2 767/1431/2 766/1432/2 783/1433/2
f 724/1323/2 780/1429/2 785/1434/2 769/1435/2
f 768/1436/2 770/1437/2 769/1435/2 785/1434/2
f 730/1316/2 765/1430/2 783/1433/2 781/1438/2
f 762/1439/1 764/1440/1 763/1405/1 782/1404/1
f 730/1316/2 781/1438/2 789/1428/2 786/1317/2
f 750/1364/1 787/1362/1 788/1425/1 779/1406/1
f 776/1441/5 777/1410/5 769/1409/121 771/1419/121
f 790/1442/5 791/1376/5 793/1375/5 792/1443/5
f 751/1444/4 756/1445/4 791/1376/4 790/1442/4
f 776/1446/2 751/1447/2 790/1442/2 792/1443/2
f 777/1448/3 776/1449/3 792/1443/3 793/1375/3
f 734/1450/5 740/1370/5 795/1417/5 751/1416/5
f 771/1419/121 734/1450/5 751/1416/5 776/1441/5
f 756/1407/5 794/1418/5 757/1369/5 724/1408/5
f 794/1418/5 795/1417/5 740/1370/5 757/1369/5
f 802/1451/120 835/1452/120 796/1453/21 803/1454/21
f 803/1454/21 796/1453/21 797/1455/22 804/1456/22
f 804/1456/22 797/1455/22 798/1457/5 805/1458/5
f 805/1458/5 798/1457/5 799/1459/26 806/1460/26
f 806/1460/26 799/1459/26 800/1461/16 807/1462/16
f 807/1462/16 800/1461/16 801/1463/119 808/1464/119
f 807/1465/2 808/1466/2 864/1467/2 810/1468/2
f 811/1469/1 800/1470/1 799/1471/1 798/1472/1
f 810/1468/2 864/1467/2 802/1473/2 803/1474/2
f 806/1475/2 807/1465/2 810/1468/2 805/1476/2
f 810/1468/2 803/1474/2 804/1477/2 805/1476/2
f 796/1478/1 835/1479/1 809/1480/1 811/1469/1
f 797/1481/1 796/1478/1 811/1469/1 798/1472/1
f 801/1482/1 800/1470/1 811/1469/1 809/1480/1
f 818/1483/120 812/1484/120 813/1485/21 819/1486/21
f 819/1486/21 813/1485/21 814/1487/22 820/1488/22
f 820/1488/22 814/1487/22 815/1489/5 821/1490/5
f 821/1490/5 815/1489/5 816/1491/26 822/1492/26
f 822/1492/26 816/1491/26 817/1493/16 823/1494/16
f 823/1494/16 817/1493/16 828/1495/119 824/1496/119
f 823/1497/2 824/1498/2 825/1499/2 826/1500/2
f 827/1501/1 817/1502/1 816/1503/1 815/1504/1
f 826/1500/2 825/1499/2 818/1505/2 819/1506/2
f 822/1507/2 823/1497/2 826/1500/2 821/1508/2
f 826/1500/2 819/1506/2 820/1509/2 821/1508/2
f 813/1510/1 812/1511/1 865/1512/1 827/1501/1
f 814/1513/1 813/1510/1 827/1501/1 815/1504/1
f 828/1514/1 817/1502/1 827/1501/1 865/1512/1
f 843/1515/123 841/1516/123 842/1517/16 845/1518/16
f 835/1519/125 818/1520/125 830/1521/125 836/1522/125
f 834/1523/1 855/1524/1 871/1525/1 869/1526/1
f 837/1527/1 836/1528/1 838/1529/1 839/1530/1
f 839/1531/4 833/1532/4 831/1533/4 837/1534/4
f 801/1535/1 835/1536/1 836/1528/1 837/1527/1
f 824/1537/5 853/1538/5 852/1539/5 801/1540/5
f 836/1522/3 830/1521/3 832/1541/3 838/1542/3
f 849/1543/1 862/1544/1 856/1545/1 812/1511/1
f 831/1546/2 833/1547/2 832/1548/2 830/1549/2
f 852/1539/5 853/1538/5 841/1516/123 843/1515/123
f 838/1550/5 832/1551/5 833/1552/5 839/1553/5
f 860/1554/1 841/1555/1 828/1514/1 857/1556/1
f 834/1557/5 802/1558/5 847/1559/121 855/1560/5
f 824/1561/2 831/1546/2 830/1549/2 818/1562/2
f 837/1534/126 831/1533/126 824/1537/126 801/1540/126
f 845/1518/16 842/1517/16 840/1563/14 844/1564/14
f 801/1540/5 852/1539/5 843/1515/123 808/1565/5
f 829/1566/5 873/1567/5 872/1568/5 834/1557/5
f 849/1569/121 847/1559/121 848/1570/21 851/1571/21
f 851/1571/21 848/1570/21 846/1572/19 850/1573/19
f 853/1538/5 824/1537/5 828/1574/5 841/1516/123
f 865/1512/1 812/1511/1 856/1545/1 866/1575/1
f 849/1543/1 851/1576/1 850/1577/1 862/1544/1
f 864/1467/2 867/1578/2 858/1579/2 802/1473/2
f 843/1580/2 845/1581/2 844/1582/2 861/1583/2
f 802/1473/2 858/1579/2 863/1584/2 847/1585/2
f 846/1586/2 848/1587/2 847/1585/2 863/1584/2
f 808/1466/2 843/1580/2 861/1583/2 859/1588/2
f 840/1589/1 842/1590/1 841/1555/1 860/1554/1
f 808/1466/2 859/1588/2 867/1578/2 864/1467/2
f 828/1514/1 865/1512/1 866/1575/1 857/1556/1
f 854/1591/5 855/1560/5 847/1559/121 849/1569/121
f 868/1592/5 869/1526/5 871/1525/5 870/1593/5
f 829/1594/4 834/1595/4 869/1526/4 868/1592/4
f 854/1596/2 829/1597/2 868/1592/2 870/1593/2
f 855/1598/3 854/1599/3 870/1593/3 871/1525/3
f 812/1600/5 818/1520/5 873/1567/5 829/1566/5
f 849/1569/121 812/1600/5 829/1566/5 854/1591/5
f 834/1557/5 872/1568/5 835/1519/5 802/1558/5
f 872/1568/5 873/1567/5 818/1520/5 835/1519/5
f 880/1601/120 913/1602/120 874/1603/21 881/1604/21
f 881/1604/21 874/1603/21 875/1605/22 882/1606/22
f 882/1606/22 875/1605/22 876/1607/5 883/1608/5
f 883/1608/5 876/1607/5 877/1609/26 884/1610/26
f 884/1610/26 877/1609/26 878/1611/16 885/1612/16
f 885/1612/16 878/1611/16 879/1613/119 886/1614/119
f 885/1615/2 886/1616/2 942/1617/2 888/1618/2
f 889/1619/1 878/1620/1 877/1621/1 876/1622/1
f 888/1618/2 942/1617/2 880/1623/2 881/1624/2
f 884/1625/2 885/1615/2 888/1618/2 883/1626/2
f 888/1618/2 881/1624/2 882/1627/2 883/1626/2
f 874/1628/1 913/1629/1 887/1630/1 889/1619/1
f 875/1631/1 874/1628/1 889/1619/1 876/1622/1
f 879/1632/1 878/1620/1 889/1619/1 887/1630/1
f 896/1633/120 890/1634/120 891/1635/21 897/1636/21
f 897/1636/21 891/1635/21 892/1637/22 898/1638/22
f 898/1638/22 892/1637/22 893/1639/5 899/1640/5
f 899/1640/5 893/1639/5 894/1641/26 900/1642/26
f 900/1642/26 894/1641/26 895/1643/16 901/1644/16
f 901/1644/16 895/1643/16 906/1645/119 902/1646/119
f 901/1647/2 902/1648/2 903/1649/2 904/1650/2
f 905/1651/1 895/1652/1 894/1653/1 893/1654/1
f 904/1650/2 903/1649/2 896/1655/2 897/1656/2
f 900/1657/2 901/1647/2 904/1650/2 899/1658/2
f 904/1650/2 897/1656/2 898/1659/2 899/1658/2
f 891/1660/1 890/1661/1 943/1662/1 905/1651/1
f 892/1663/1 891/1660/1 905/1651/1 893/1654/1
f 906/1664/1 895/1652/1 905/1651/1 943/1662/1
f 921/1665/123 919/1666/123 920/1667/16 923/1668/16
f 913/1669/125 896/1670/125 908/1671/125 914/1672/125
f 912/1673/1 933/1674/1 949/1675/1 947/1676/1
f 915/1677/1 914/1678/1 916/1679/1 917/1680/1
f 917/1681/4 911/1682/4 909/1683/4 915/1684/4
f 879/1685/1 913/1686/1 914/1678/1 915/1677/1
f 902/1687/5 931/1688/5 930/1689/5 879/1690/5
f 914/1672/3 908/1671/3 910/1691/3 916/1692/3
f 927/1693/1 940/1694/1 934/1695/1 890/1661/1
f 909/1696/2 911/1697/2 910/1698/2 908/1699/2
f 930/1689/5 931/1688/5 919/1666/123 921/1665/123
f 916/1700/5 910/1701/5 911/1702/5 917/1703/5
f 938/1704/1 919/1705/1 906/1664/1 935/1706/1
f 912/1707/5 880/1708/5 925/1709/121 933/1710/5
f 902/1711/2 909/1696/2 908/1699/2 896/1712/2
f 915/1684/126 909/1683/126 902/1687/126 879/1690/126
f 923/1668/16 920/1667/16 918/1713/14 922/1714/14
f 879/1690/5 930/1689/5 921/1665/123 886/1715/5
f 907/1716/5 951/1717/5 950/1718/5 912/1707/5
f 927/1719/121 925/1709/121 926/1720/21 929/1721/21
f 929/1721/21 926/1720/21 924/1722/19 928/1723/19
f 931/1688/5 902/1687/5 906/1724/5 919/1666/123
f 943/1662/1 890/1661/1 934/1695/1 944/1725/1
f 927/1693/1 929/1726/1 928/1727/1 940/1694/1
f 942/1617/2 945/1728/2 936/1729/2 880/1623/2
f 921/1730/2 923/1731/2 922/1732/2 939/1733/2
f 880/1623/2 936/1729/2 941/1734/2 925/1735/2
f 924/1736/2 926/1737/2 925/1735/2 941/1734/2
f 886/1616/2 921/1730/2 939/1733/2 937/1738/2
f 918/1739/1 920/1740/1 919/1705/1 938/1704/1
f 886/1616/2 937/1738/2 945/1728/2 942/1617/2
f 906/1664/1 943/1662/1 944/1725/1 935/1706/1
f 932/1741/5 933/1710/5 925/1709/121 927/1719/121
f 946/1742/5 947/1676/5 949/1675/5 948/1743/5
f 907/1744/4 912/1745/4 947/1676/4 946/1742/4
f 932/1746/2 907/1747/2 946/1742/2 948/1743/2
f 933/1748/3 932/1749/3 948/1743/3 949/1675/3
f 890/1750/5 896/1670/5 951/1717/5 907/1716/5
f 927/1719/121 890/1750/5 907/1716/5 932/1741/5
f 912/1707/5 950/1718/5 913/1669/5 880/1708/5
f 950/1718/5 951/1717/5 896/1670/5 913/1669/5
f 958/1751/120 991/1752/120 952/1753/21 959/1754/21
f 959/1754/21 952/1753/21 953/1755/22 960/1756/22
f 960/1756/22 953/1755/22 954/1757/5 961/1758/5
f 961/1758/5 954/1757/5 955/1759/26 962/1760/26
f 962/1760/26 955/1759/26 956/1761/16 963/1762/16
f 963/1762/16 956/1761/16 957/1763/119 964/1764/119
f 963/1765/2 964/1766/2 1020/1767/2 966/1768/2
f 967/1769/1 956/1770/1 955/1771/1 954/1772/1
f 966/1768/2 1020/1767/2 958/1773/2 959/1774/2
f 962/1775/2 963/1765/2 966/1768/2 961/1776/2
f 966/1768/2 959/1774/2 960/1777/2 961/1776/2
f 952/1778/1 991/1779/1 965/1780/1 967/1769/1
f 953/1781/1 952/1778/1 967/1769/1 954/1772/1
f 957/1782/1 956/1770/1 967/1769/1 965/1780/1
f 974/1783/120 968/1784/120 969/1785/21 975/1786/21
f 975/1786/21 969/1785/21 970/1787/22 976/1788/22
f 976/1788/22 970/1787/22 971/1789/5 977/1790/5
f 977/1790/5 971/1789/5 972/1791/26 978/1792/26
f 978/1792/26 972/1791/26 973/1793/16 979/1794/16
f 979/1794/16 973/1793/16 984/1795/119 980/1796/119
f 979/1797/2 980/1798/2 981/1799/2 982/1800/2
f 983/1801/1 973/1802/1 972/1803/1 971/1804/1
f 982/1800/2 981/1799/2 974/1805/2 975/1806/2
f 978/1807/2 979/1797/2 982/1800/2 977/1808/2
f 982/1800/2 975/1806/2 976/1809/2 977/1808/2
f 969/1810/1 968/1811/1 1021/1812/1 983/1801/1
f 970/1813/1 969/1810/1 983/1801/1 971/1804/1
f 984/1814/1 973/1802/1 983/1801/1 1021/1812/1
f 999/1815/123 997/1816/123 998/1817/16 1001/1818/16
f 991/1819/125 974/1820/125 986/1821/125 992/1822/125
f 990/1823/1 1011/1824/1 1027/1825/1 1025/1826/1
f 993/1827/1 992/1828/1 994/1829/1 995/1830/1
f 995/1831/4 989/1832/4 987/1833/4 993/1834/4
f 957/1835/1 991/1836/1 992/1828/1 993/1827/1
f 980/1837/5 1009/1838/5 1008/1839/5 957/1840/5
f 992/1822/3 986/1821/3 988/1841/3 994/1842/3
f 1005/1843/1 1018/1844/1 1012/1845/1 968/1811/1
f 987/1846/2 989/1847/2 988/1848/2 986/1849/2
f 1008/1839/5 1009/1838/5 997/1816/123 999/1815/123
f 994/1850/5 988/1851/5 989/1852/5 995/1853/5
f 1016/1854/1 997/1855/1 984/1814/1 1013/1856/1
f 990/1857/5 958/1858/5 1003/1859/121 1011/1860/5
f 980/1861/2 987/1846/2 986/1849/2 974/1862/2
f 993/1834/126 987/1833/126 980/1837/126 957/1840/126
f 1001/1818/16 998/1817/16 996/1863/14 1000/1864/14
f 957/1840/5 1008/1839/5 999/1815/123 964/1865/5
f 985/1866/5 1029/1867/5 1028/1868/5 990/1857/5
f 1005/1869/121 1003/1859/121 1004/1870/21 1007/1871/21
f 1007/1871/21 1004/1870/21 1002/1872/19 1006/1873/19
f 1009/1838/5 980/1837/5 984/1874/5 997/1816/123
f 1021/1812/1 968/1811/1 1012/1845/1 1022/1875/1
f 1005/1843/1 1007/1876/1 1006/1877/1 1018/1844/1
f 1020/1767/2 1023/1878/2 1014/1879/2 958/1773/2
f 999/1880/2 1001/1881/2 1000/1882/2 1017/1883/2
f 958/1773/2 1014/1879/2 1019/1884/2 1003/1885/2
f 1002/1886/2 1004/1887/2 1003/1885/2 1019/1884/2
f 964/1766/2 999/1880/2 1017/1883/2 1015/1888/2
f 996/1889/1 998/1890/1 997/1855/1 1016/1854/1
f 964/1766/2 1015/1888/2 1023/1878/2 1020/1767/2
f 984/1814/1 1021/1812/1 1022/1875/1 1013/1856/1
f 1010/1891/5 1011/1860/5 1003/1859/121 1005/1869/121
f 1024/1892/5 1025/1826/5 1027/1825/5 1026/1893/5
f 985/1894/4 990/1895/4 1025/1826/4 1024/1892/4
f 1010/1896/2 985/1897/2 1024/1892/2 1026/1893/2
f 1011/1898/3 1010/1899/3 1026/1893/3 1027/1825/3
f 968/1900/5 974/1820/5 1029/1867/5 985/1866/5
f 1005/1869/121 968/1900/5 985/1866/5 1010/1891/5
f 990/1857/5 1028/1868/5 991/1819/5 958/1858/5
f 1028/1868/5 1029/1867/5 974/1820/5 991/1819/5
f 1036/1901/120 1069/1902/120 1030/1903/21 1037/1904/21
f 1037/1904/21 1030/1903/21 1031/1905/22 1038/1906/22
f 1038/1906/22 1031/1905/22 1032/1907/5 1039/1908/5
f 1039/1908/5 1032/1907/5 1033/1909/26 1040/1910/26
f 1040/1910/26 1033/1909/26 1034/1911/16 1041/1912/16
f 1041/1912/16 1034/1911/16 1035/1913/119 1042/1914/119
f 1041/1915/2 1042/1916/2 1098/1917/2 1044/1918/2
f 1045/1919/1 1034/1920/1 1033/1921/1 1032/1922/1
f 1044/1918/2 1098/1917/2 1036/1923/2 1037/1924/2
f 1040/1925/2 1041/1915/2 1044/1918/2 1039/1926/2
f 1044/1918/2 1037/1924/2 1038/1927/2 1039/1926/2
f 1030/1928/1 1069/1929/1 1043/1930/1 1045/1919/1
f 1031/1931/1 1030/1928/1 1045/1919/1 1032/1922/1
f 1035/1932/1 1034/1920/1 1045/1919/1 1043/1930/1
f 1052/1933/120 1046/1934/120 1047/1935/21 1053/1936/21
f 1053/1936/21 1047/1935/21 1048/1937/22 1054/1938/22
f 1054/1938/22 1048/1937/22 1049/1939/5 1055/1940/5
f 1055/1940/5 1049/1939/5 1050/1941/26 1056/1942/26
f 1056/1942/26 1050/1941/26 1051/1943/16 1057/1944/16
f 1057/1944/16 1051/1943/16 1062/1945/119 1058/1946/119
f 1057/1947/2 1058/1948/2 1059/1949/2 1060/1950/2
f 1061/1951/1 1051/1952/1 1050/1953/1 1049/1954/1
f 1060/1950/2 1059/1949/2 1052/1955/2 1053/1956/2
f 1056/1957/2 1057/1947/2 1060/1950/2 1055/1958/2
f 1060/1950/2 1053/1956/2 1054/1959/2 1055/1958/2
f 1047/1960/1 1046/1961/1 1099/1962/1 1061/1951/1
f 1048/1963/1 1047/1960/1 1061/1951/1 1049/1954/1
f 1062/1964/1 1051/1952/1 1061/1951/1 1099/1962/1
f 1077/1965/123 1075/1966/123 1076/1967/16 1079/1968/16
f 1069/1969/125 1052/1970/125 1064/1971/125 1070/1972/125
f 1068/1973/1 1089/1974/1 1105/1975/1 1103/1976/1
f 1071/1977/1 1070/1978/1 1072/1979/1 1073/1980/1
f 1073/1981/4 1067/1982/4 1065/1983/4 1071/1984/4
f 1035/1985/1 1069/1986/1 1070/1978/1 1071/1977/1
f 1058/1987/5 1087/1988/5 1086/1989/5 1035/1990/5
f 1070/1972/3 1064/1971/3 1066/1991/3 1072/1992/3
f 1083/1993/1 1096/1994/1 1090/1995/1 1046/1961/1
f 1065/1996/2 1067/1997/2 1066/1998/2 1064/1999/2
f 1086/1989/5 1087/1988/5 1075/1966/123 1077/1965/123
f 1094/2000/1 1075/2001/1 1062/1964/1 1091/2002/1
f 1068/2003/5 1036/2004/5 1081/2005/121 1089/2006/5
f 1058/2007/2 1065/1996/2 1064/1999/2 1052/2008/2
f 1071/1984/126 1065/1983/126 1058/1987/126 1035/1990/126
f 1079/1968/16 1076/1967/16 1074/2009/14 1078/2010/14
f 1035/1990/5 1086/1989/5 1077/1965/123 1042/2011/5
f 1063/2012/5 1107/2013/5 1106/2014/5 1068/2003/5
f 1083/2015/121 1081/2005/121 1082/2016/21 1085/2017/21
f 1085/2017/21 1082/2016/21 1080/2018/19 1084/2019/19
f 1087/1988/5 1058/1987/5 1062/2020/5 1075/1966/123
f 1099/1962/1 1046/1961/1 1090/1995/1 1100/2021/1
f 1083/1993/1 1085/2022/1 1084/2023/1 1096/1994/1
f 1098/1917/2 1101/2024/2 1092/2025/2 1036/1923/2
f 1077/2026/2 1079/2027/2 1078/2028/2 1095/2029/2
f 1036/1923/2 1092/2025/2 1097/2030/2 1081/2031/2
f 1080/2032/2 1082/2033/2 1081/2031/2 1097/2030/2
f 1042/1916/2 1077/2026/2 1095/2029/2 1093/2034/2
f 1074/2035/1 1076/2036/1 1075/2001/1 1094/2000/1
f 1042/1916/2 1093/2034/2 1101/2024/2 1098/1917/2
f 1062/1964/1 1099/1962/1 1100/2021/1 1091/2002/1
f 1088/2037/5 1089/2006/5 1081/2005/121 1083/2015/121
f 1102/2038/5 1103/1976/5 1105/1975/5 1104/2039/5
f 1063/2040/4 1068/2041/4 1103/1976/4 1102/2038/4
f 1088/2042/2 1063/2043/2 1102/2038/2 1104/2039/2
f 1089/2044/3 1088/2045/3 1104/2039/3 1105/1975/3
f 1046/2046/5 1052/1970/5 1107/2013/5 1063/2012/5
f 1083/2015/121 1046/2046/5 1063/2012/5 1088/2037/5
f 1068/2003/5 1106/2014/5 1069/1969/5 1036/2004/5
f 1106/2014/5 1107/2013/5 1052/1970/5 1069/1969/5
f 1114/2047/120 1147/2048/120 1108/2049/21 1115/2050/21
f 1115/2050/21 1108/2049/21 1109/2051/22 1116/2052/22
f 1116/2052/22 1109/2051/22 1110/2053/5 1117/2054/5
f 1117/2054/5 1110/2053/5 1111/2055/26 1118/2056/26
f 1118/2056/26 1111/2055/26 1112/2057/16 1119/2058/16
f 1119/2058/16 1112/2057/16 1113/2059/119 1120/2060/119
f 1119/2061/2 1120/2062/2 1176/2063/2 1122/2064/2
f 1123/2065/1 1112/2066/1 1111/2067/1 1110/2068/1
f 1122/2064/2 1176/2063/2 1114/2069/2 1115/2070/2
f 1118/2071/2 1119/2061/2 1122/2064/2 1117/2072/2
f 1122/2064/2 1115/2070/2 1116/2073/2 1117/2072/2
f 1108/2074/1 1147/2075/1 1121/2076/1 1123/2065/1
f 1109/2077/1 1108/2074/1 1123/2065/1 1110/2068/1
f 1113/2078/1 1112/2066/1 1123/2065/1 1121/2076/1
f 1130/2079/120 1124/2080/120 1125/2081/21 1131/2082/21
f 1131/2082/21 1125/2081/21 1126/2083/22 1132/2084/22
f 1132/2084/22 1126/2083/22 1127/2085/5 1133/2086/5
f 1133/2086/5 1127/2085/5 1128/2087/26 1134/2088/26
f 1134/2088/26 1128/2087/26 1129/2089/16 1135/2090/16
f 1135/2090/16 1129/2089/16 1140/2091/119 1136/2092/119
f 1135/2093/2 1136/2094/2 1137/2095/2 1138/2096/2
f 1139/2097/1 1129/2098/1 1128/2099/1 1127/2100/1
f 1138/2096/2 1137/2095/2 1130/2101/2 1131/2102/2
f 1134/2103/2 1135/2093/2 1138/2096/2 1133/2104/2
f 1138/2096/2 1131/2102/2 1132/2105/2 1133/2104/2
f 1125/2106/1 1124/2107/1 1177/2108/1 1139/2097/1
f 1126/2109/1 1125/2106/1 1139/2097/1 1127/2100/1
f 1140/2110/1 1129/2098/1 1139/2097/1 1177/2108/1
f 1155/2111/123 1153/2112/123 1154/2113/16 1157/2114/16
f 1147/2115/125 1130/2116/125 1142/2117/125 1148/2118/125
f 1146/2119/1 1167/2120/1 1183/2121/1 1181/2122/1
f 1149/2123/1 1148/2124/1 1150/2125/1 1151/2126/1
f 1151/2127/4 1145/2128/4 1143/2129/4 1149/2130/4
f 1113/2131/1 1147/2132/1 1148/2124/1 1149/2123/1
f 1136/2133/5 1165/2134/5 1164/2135/5 1113/2136/5
f 1148/2118/3 1142/2117/3 1144/2137/3 1150/2138/3
f 1161/2139/1 1174/2140/1 1168/2141/1 1124/2107/1
f 1143/2142/2 1145/2143/2 1144/2144/2 1142/2145/2
f 1164/2135/5 1165/2134/5 1153/2112/123 1155/2111/123
f 1172/2146/1 1153/2147/1 1140/2110/1 1169/2148/1
f 1146/2149/5 1114/2150/5 1159/2151/121 1167/2152/5
f 1136/2153/2 1143/2142/2 1142/2145/2 1130/2154/2
f 1149/2130/126 1143/2129/126 1136/2133/126 1113/2136/126
f 1157/2114/16 1154/2113/16 1152/2155/14 1156/2156/14
f 1113/2136/5 1164/2135/5 1155/2111/123 1120/2157/5
f 1141/2158/5 1185/2159/5 1184/2160/5 1146/2149/5
f 1161/2161/121 1159/2151/121 1160/2162/21 1163/2163/21
f 1163/2163/21 1160/2162/21 1158/2164/19 1162/2165/19
f 1165/2134/5 1136/2133/5 1140/2166/5 1153/2112/123
f 1177/2108/1 1124/2107/1 1168/2141/1 1178/2167/1
f 1161/2139/1 1163/2168/1 1162/2169/1 1174/2140/1
f 1176/2063/2 1179/2170/2 1170/2171/2 1114/2069/2
f 1155/2172/2 1157/2173/2 1156/2174/2 1173/2175/2
f 1114/2069/2 1170/2171/2 1175/2176/2 1159/2177/2
f 1158/2178/2 1160/2179/2 1159/2177/2 1175/2176/2
f 1120/2062/2 1155/2172/2 1173/2175/2 1171/2180/2
f 1152/2181/1 1154/2182/1 1153/2147/1 1172/2146/1
f 1120/2062/2 1171/2180/2 1179/2170/2 1176/2063/2
f 1140/2110/1 1177/2108/1 1178/2167/1 1169/2148/1
f 1166/2183/5 1167/2152/5 1159/2151/121 1161/2161/121
f 1180/2184/5 1181/2122/5 1183/2121/5 1182/2185/5
f 1141/2186/4 1146/2187/4 1181/2122/4 1180/2184/4
f 1166/2188/2 1141/2189/2 1180/2184/2 1182/2185/2
f 1167/2190/3 1166/2191/3 1182/2185/3 1183/2121/3
f 1124/2192/5 1130/2116/5 1185/2159/5 1141/2158/5
f 1161/2161/121 1124/2192/5 1141/2158/5 1166/2183/5
f 1146/2149/5 1184/2160/5 1147/2115/5 1114/2150/5
f 1184/2160/5 1185/2159/5 1130/2116/5 1147/2115/5
f 1192/2193/120 1225/2194/120 1186/2195/21 1193/2196/21
f 1193/2196/21 1186/2195/21 1187/2197/22 1194/2198/22
f 1194/2198/22 1187/2197/22 1188/2199/5 1195/2200/5
f 1195/2200/5 1188/2199/5 1189/2201/26 1196/2202/26
f 1196/2202/26 1189/2201/26 1190/2203/16 1197/2204/16
f 1197/2204/16 1190/2203/16 1191/2205/119 1198/2206/119
f 1197/2207/2 1198/2208/2 1254/2209/2 1200/2210/2
f 1201/2211/1 1190/2212/1 1189/2213/1 1188/2214/1
f 1200/2210/2 1254/2209/2 1192/2215/2 1193/2216/2
f 1196/2217/2 1197/2207/2 1200/2210/2 1195/2218/2
f 1200/2210/2 1193/2216/2 1194/2219/2 1195/2218/2
f 1186/2220/1 1225/2221/1 1199/2222/1 1201/2211/1
f 1187/2223/1 1186/2220/1 1201/2211/1 1188/2214/1
f 1191/2224/1 1190/2212/1 1201/2211/1 1199/2222/1
f 1208/2225/120 1202/2226/120 1203/2227/21 1209/2228/21
f 1209/2228/21 1203/2227/21 1204/2229/22 1210/2230/22
f 1210/2230/22 1204/2229/22 1205/2231/5 1211/2232/5
f 1211/2232/5 1205/2231/5 1206/2233/26 1212/2234/26
f 1212/2234/26 1206/2233/26 1207/2235/16 1213/2236/16
f 1213/2236/16 1207/2235/16 1218/2237/119 1214/2238/119
f 1213/2239/2 1214/2240/2 1215/2241/2 1216/2242/2
f 1217/2243/1 1207/2244/1 1206/2245/1 1205/2246/1
f 1216/2242/2 1215/2241/2 1208/2247/2 1209/2248/2
f 1212/2249/2 1213/2239/2 1216/2242/2 1211/2250/2
f 1216/2242/2 1209/2248/2 1210/2251/2 1211/2250/2
f 1203/2252/1 1202/2253/1 1255/2254/1 1217/2243/1
f 1204/2255/1 1203/2252/1 1217/2243/1 1205/2246/1
f 1218/2256/1 1207/2244/1 1217/2243/1 1255/2254/1
f 1233/2257/123 1231/2258/123 1232/2259/16 1235/2260/16
f 1225/2261/125 1208/2262/125 1220/2263/125 1226/2264/125
f 1224/2265/1 1245/2266/1 1261/2267/1 1259/2268/1
f 1227/2269/1 1226/2270/1 1228/2271/1 1229/2272/1
f 1229/2273/4 1223/2274/4 1221/2275/4 1227/2276/4
f 1191/2277/1 1225/2278/1 1226/2270/1 1227/2269/1
f 1214/2279/5 1243/2280/5 1242/2281/5 1191/2282/5
f 1226/2264/3 1220/2263/3 1222/2283/3 1228/2284/3
f 1239/2285/1 1252/2286/1 1246/2287/1 1202/2253/1
f 1221/2288/2 1223/2289/2 1222/2290/2 1220/2291/2
f 1242/2281/5 1243/2280/5 1231/2258/123 1233/2257/123
f 1250/2292/1 1231/2293/1 1218/2256/1 1247/2294/1
f 1224/2295/5 1192/2296/5 1237/2297/121 1245/2298/5
f 1214/2299/2 1221/2288/2 1220/2291/2 1208/2300/2
f 1227/2276/126 1221/2275/126 1214/2279/126 1191/2282/126
f 1235/2260/16 1232/2259/16 1230/2301/14 1234/2302/14
f 1191/2282/5 1242/2281/5 1233/2257/123 1198/2303/5
f 1219/2304/5 1263/2305/5 1262/2306/5 1224/2295/5
f 1239/2307/121 1237/2297/121 1238/2308/21 1241/2309/21
f 1241/2309/21 1238/2308/21 1236/2310/19 1240/2311/19
f 1243/2280/5 1214/2279/5 1218/2312/5 1231/2258/123
f 1255/2254/1 1202/2253/1 1246/2287/1 1256/2313/1
f 1239/2285/1 1241/2314/1 1240/2315/1 1252/2286/1
f 1254/2209/2 1257/2316/2 1248/2317/2 1192/2215/2
f 1233/2318/2 1235/2319/2 1234/2320/2 1251/2321/2
f 1192/2215/2 1248/2317/2 1253/2322/2 1237/2323/2
f 1236/2324/2 1238/2325/2 1237/2323/2 1253/2322/2
f 1198/2208/2 1233/2318/2 1251/2321/2 1249/2326/2
f 1230/2327/1 1232/2328/1 1231/2293/1 1250/2292/1
f 1198/2208/2 1249/2326/2 1257/2316/2 1254/2209/2
f 1218/2256/1 1255/2254/1 1256/2313/1 1247/2294/1
f 1244/2329/5 1245/2298/5 1237/2297/121 1239/2307/121
f 1258/2330/5 1259/2268/5 1261/2267/5 1260/2331/5
f 1219/2332/4 1224/2333/4 1259/2268/4 1258/2330/4
f 1244/2334/2 1219/2335/2 1258/2330/2 1260/2331/2
f 1245/2336/3 1244/2337/3 1260/2331/3 1261/2267/3
f 1202/2338/5 1208/2262/5 1263/2305/5 1219/2304/5
f 1239/2307/121 1202/2338/5 1219/2304/5 1244/2329/5
f 1224/2295/5 1262/2306/5 1225/2261/5 1192/2296/5
f 1262/2306/5 1263/2305/5 1208/2262/5 1225/2261/5
f 1270/2339/120 1303/2340/120 1264/2341/21 1271/2342/21
f 1271/2342/21 1264/2341/21 1265/2343/22 1272/2344/22
f 1272/2344/22 1265/2343/22 1266/2345/5 1273/2346/5
f 1273/2346/5 1266/2345/5 1267/2347/26 1274/2348/26
f 1274/2348/26 1267/2347/26 1268/2349/16 1275/2350/16
f 1275/2350/16 1268/2349/16 1269/2351/119 1276/2352/119
f 1275/2353/2 1276/2354/2 1332/2355/2 1278/2356/2
f 1279/2357/1 1268/2358/1 1267/2359/1 1266/2360/1
f 1278/2356/2 1332/2355/2 1270/2361/2 1271/2362/2
f 1274/2363/2 1275/2353/2 1278/2356/2 1273/2364/2
f 1278/2356/2 1271/2362/2 1272/2365/2 1273/2364/2
f 1264/2366/1 1303/2367/1 1277/2368/1 1279/2357/1
f 1265/2369/1 1264/2366/1 1279/2357/1 1266/2360/1
f 1269/2370/1 1268/2358/1 1279/2357/1 1277/2368/1
f 1286/2371/120 1280/2372/120 1281/2373/21 1287/2374/21
f 1287/2374/21 1281/2373/21 1282/2375/22 1288/2376/22
f 1288/2376/22 1282/2375/22 1283/2377/5 1289/2378/5
f 1289/2378/5 1283/2377/5 1284/2379/26 1290/2380/26
f 1290/2380/26 1284/2379/26 1285/2381/16 1291/2382/16
f 1291/2382/16 1285/2381/16 1296/2383/119 1292/2384/119
f 1291/2385/2 1292/2386/2 1293/2387/2 1294/2388/2
f 1295/2389/1 1285/2390/1 1284/2391/1 1283/2392/1
f 1294/2388/2 1293/2387/2 1286/2393/2 1287/2394/2
f 1290/2395/2 1291/2385/2 1294/2388/2 1289/2396/2
f 1294/2388/2 1287/2394/2 1288/2397/2 1289/2396/2
f 1281/2398/1 1280/2399/1 1333/2400/1 1295/2389/1
f 1282/2401/1 1281/2398/1 1295/2389/1 1283/2392/1
f 1296/2402/1 1285/2390/1 1295/2389/1 1333/2400/1
f 1311/2403/123 1309/2404/123 1310/2405/16 1313/2406/16
f 1303/2407/125 1286/2408/125 1298/2409/125 1304/2410/125
f 1302/2411/1 1323/2412/1 1339/2413/1 1337/2414/1
f 1305/2415/1 1304/2416/1 1306/2417/1 1307/2418/1
f 1307/2419/4 1301/2420/4 1299/2421/4 1305/2422/4
f 1269/2423/1 1303/2424/1 1304/2416/1 1305/2415/1
f 1292/2425/5 1321/2426/5 1320/2427/5 1269/2428/5
f 1304/2410/3 1298/2409/3 1300/2429/3 1306/2430/3
f 1317/2431/1 1330/2432/1 1324/2433/1 1280/2399/1
f 1299/2434/2 1301/2435/2 1300/2436/2 1298/2437/2
f 1320/2427/5 1321/2426/5 1309/2404/123 1311/2403/123
f 1328/2438/1 1309/2439/1 1296/2402/1 1325/2440/1
f 1302/2441/5 1270/2442/5 1315/2443/121 1323/2444/5
f 1292/2445/2 1299/2434/2 1298/2437/2 1286/2446/2
f 1305/2422/126 1299/2421/126 1292/2425/126 1269/2428/126
f 1313/2406/16 1310/2405/16 1308/2447/14 1312/2448/14
f 1269/2428/5 1320/2427/5 1311/2403/123 1276/2449/5
f 1297/2450/5 1341/2451/5 1340/2452/5 1302/2441/5
f 1317/2453/121 1315/2443/121 1316/2454/21 1319/2455/21
f 1319/2455/21 1316/2454/21 1314/2456/19 1318/2457/19
f 1321/2426/5 1292/2425/5 1296/2458/5 1309/2404/123
f 1333/2400/1 1280/2399/1 1324/2433/1 1334/2459/1
f 1317/2431/1 1319/2460/1 1318/2461/1 1330/2432/1
f 1332/2355/2 1335/2462/2 1326/2463/2 1270/2361/2
f 1311/2464/2 1313/2465/2 1312/2466/2 1329/2467/2
f 1270/2361/2 1326/2463/2 1331/2468/2 1315/2469/2
f 1314/2470/2 1316/2471/2 1315/2469/2 1331/2468/2
f 1276/2354/2 1311/2464/2 1329/2467/2 1327/2472/2
f 1308/2473/1 1310/2474/1 1309/2439/1 1328/2438/1
f 1276/2354/2 1327/2472/2 1335/2462/2 1332/2355/2
f 1296/2402/1 1333/2400/1 1334/2459/1 1325/2440/1
f 1322/2475/5 1323/2444/5 1315/2443/121 1317/2453/121
f 1336/2476/5 1337/2414/5 1339/2413/5 1338/2477/5
f 1297/2478/4 1302/2479/4 1337/2414/4 1336/2476/4
f 1322/2480/2 1297/2481/2 1336/2476/2 1338/2477/2
f 1323/2482/3 1322/2483/3 1338/2477/3 1339/2413/3
f 1280/2484/5 1286/2408/5 1341/2451/5 1297/2450/5
f 1317/2453/121 1280/2484/5 1297/2450/5 1322/2475/5
f 1302/2441/5 1340/2452/5 1303/2407/5 1270/2442/5
f 1340/2452/5 1341/2451/5 1286/2408/5 1303/2407/5
f 1348/2485/120 1381/2486/120 1342/2487/21 1349/2488/21
f 1349/2488/21 1342/2487/21 1343/2489/22 1350/2490/22
f 1350/2490/22 1343/2489/22 1344/2491/5 1351/2492/5
f 1351/2492/5 1344/2491/5 1345/2493/26 1352/2494/26
f 1352/2494/26 1345/2493/26 1346/2495/16 1353/2496/16
f 1353/2496/16 1346/2495/16 1347/2497/119 1354/2498/119
f 1353/2499/2 1354/2500/2 1410/2501/2 1356/2502/2
f 1357/2503/1 1346/2504/1 1345/2505/1 1344/2506/1
f 1356/2502/2 1410/2501/2 1348/2507/2 1349/2508/2
f 1352/2509/2 1353/2499/2 1356/2502/2 1351/2510/2
f 1356/2502/2 1349/2508/2 1350/2511/2 1351/2510/2
f 1342/2512/1 1381/2513/1 1355/2514/1 1357/2503/1
f 1343/2515/1 1342/2512/1 1357/2503/1 1344/2506/1
f 1347/2516/1 1346/2504/1 1357/2503/1 1355/2514/1
f 1364/2517/120 1358/2518/120 1359/2519/21 1365/2520/21
f 1365/2520/21 1359/2519/21 1360/2521/22 1366/2522/22
f 1366/2522/22 1360/2521/22 1361/2523/5 1367/2524/5
f 1367/2524/5 1361/2523/5 1362/2525/26 1368/2526/26
f 1368/2526/26 1362/2525/26 1363/2527/16 1369/2528/16
f 1369/2528/16 1363/2527/16 1374/2529/119 1370/2530/119
f 1369/2531/2 1370/2532/2 1371/2533/2 1372/2534/2
f 1373/2535/1 1363/2536/1 1362/2537/1 1361/2538/1
f 1372/2534/2 1371/2533/2 1364/2539/2 1365/2540/2
f 1368/2541/2 1369/2531/2 1372/2534/2 1367/2542/2
f 1372/2534/2 1365/2540/2 1366/2543/2 1367/2542/2
f 1359/2544/1 1358/2545/1 1411/2546/1 1373/2535/1
f 1360/2547/1 1359/2544/1 1373/2535/1 1361/2538/1
f 1374/2548/1 1363/2536/1 1373/2535/1 1411/2546/1
f 1389/2549/123 1387/2550/123 1388/2551/16 1391/2552/16
f 1381/2553/125 1364/2554/125 1376/2555/125 1382/2556/125
f 1380/2557/1 1401/2558/1 1417/2559/1 1415/2560/1
f 1383/2561/1 1382/2562/1 1384/2563/1 1385/2564/1
f 1385/2565/4 1379/2566/4 1377/2567/4 1383/2568/4
f 1347/2569/1 1381/2570/1 1382/2562/1 1383/2561/1
f 1370/2571/5 1399/2572/5 1398/2573/5 1347/2574/5
f 1382/2556/3 1376/2555/3 1378/2575/3 1384/2576/3
f 1395/2577/1 1408/2578/1 1402/2579/1 1358/2545/1
f 1377/2580/2 1379/2581/2 1378/2582/2 1376/2583/2
f 1398/2573/5 1399/2572/5 1387/2550/123 1389/2549/123
f 1406/2584/1 1387/2585/1 1374/2548/1 1403/2586/1
f 1380/2587/5 1348/2588/5 1393/2589/121 1401/2590/5
f 1370/2591/2 1377/2580/2 1376/2583/2 1364/2592/2
f 1383/2568/126 1377/2567/126 1370/2571/126 1347/2574/126
f 1391/2552/16 1388/2551/16 1386/2593/14 1390/2594/14
f 1347/2574/5 1398/2573/5 1389/2549/123 1354/2595/5
f 1375/2596/5 1419/2597/5 1418/2598/5 1380/2587/5
f 1395/2599/121 1393/2589/121 1394/2600/21 1397/2601/21
f 1397/2601/21 1394/2600/21 1392/2602/19 1396/2603/19
f 1399/2572/5 1370/2571/5 1374/2604/5 1387/2550/123
f 1411/2546/1 1358/2545/1 1402/2579/1 1412/2605/1
f 1395/2577/1 1397/2606/1 1396/2607/1 1408/2578/1
f 1410/2501/2 1413/2608/2 1404/2609/2 1348/2507/2
f 1389/2610/2 1391/2611/2 1390/2612/2 1407/2613/2
f 1348/2507/2 1404/2609/2 1409/2614/2 1393/2615/2
f 1392/2616/2 1394/2617/2 1393/2615/2 1409/2614/2
f 1354/2500/2 1389/2610/2 1407/2613/2 1405/2618/2
f 1386/2619/1 1388/2620/1 1387/2585/1 1406/2584/1
f 1354/2500/2 1405/2618/2 1413/2608/2 1410/2501/2
f 1374/2548/1 1411/2546/1 1412/2605/1 1403/2586/1
f 1400/2621/5 1401/2590/5 1393/2589/121 1395/2599/121
f 1414/2622/5 1415/2560/5 1417/2559/5 1416/2623/5
f 1375/2624/4 1380/2625/4 1415/2560/4 1414/2622/4
f 1400/2626/2 1375/2627/2 1414/2622/2 1416/2623/2
f 1401/2628/3 1400/2629/3 1416/2623/3 1417/2559/3
f 1358/2630/5 1364/2554/5 1419/2597/5 1375/2596/5
f 1395/2599/121 1358/2630/5 1375/2596/5 1400/2621/5
f 1380/2587/5 1418/2598/5 1381/2553/5 1348/2588/5
f 1418/2598/5 1419/2597/5 1364/2554/5 1381/2553/5
f 1420/2631/3 1421/2632/3 1423/2633/127 1422/2634/127
f 1422/2634/127 1423/2633/127 1425/2635/128 1424/2636/128
f 1424/2636/128 1425/2635/128 1427/2637/129 1426/2638/129
f 1426/2638/129 1427/2637/129 1429/2639/24 1428/2640/24
f 1430/2641/130 1431/2642/130 1433/2643/131 1432/2644/131
f 1432/2644/131 1433/2643/131 1435/2645/132 1434/2646/132
f 1434/2646/132 1435/2645/132 1437/2647/133 1436/2648/133
f 1436/2648/133 1437/2647/133 1439/2649/5 1438/2650/5
f 1438/2650/5 1439/2649/5 1441/2651/134 1440/2652/134
f 1440/2652/134 1441/2651/134 1443/2653/135 1442/2654/135
f 1442/2654/135 1443/2653/135 1421/2655/3 1420/2656/3
f 1428/2640/24 1429/2639/24 1447/2639/24 1444/2640/24
f 1446/2657/24 1449/2658/24 1448/2659/24 1445/2660/24
f 1444/2640/24 1447/2639/24 1449/2658/24 1446/2657/24
f 1450/2631/4 1452/2634/132 1453/2633/132 1451/2632/4
f 1452/2634/132 1454/2636/136 1455/2635/136 1453/2633/132
f 1454/2636/136 1456/2638/137 1457/2637/137 1455/2635/136
f 1456/2638/137 1458/2640/138 1459/2639/138 1457/2637/137
f 1460/2641/139 1462/2644/140 1463/2643/140 1461/2642/139
f 1462/2644/140 1464/2646/141 1465/2645/141 1463/2643/140
f 1464/2646/141 1466/2648/128 1467/2647/128 1465/2645/141
f 1466/2648/128 1468/2650/24 1469/2649/24 1467/2647/128
f 1468/2650/24 1470/2652/142 1471/2651/142 1469/2649/24
f 1470/2652/142 1472/2654/143 1473/2653/143 1471/2651/142
f 1472/2654/143 1450/2656/4 1451/2655/4 1473/2653/143
f 1458/2640/138 1474/2640/5 1477/2639/5 1459/2639/138
f 1476/2657/5 1475/2660/5 1478/2659/5 1479/2658/5
f 1474/2640/5 1476/2657/5 1479/2658/5 1477/2639/5
f 1420/2631/2 1422/2634/2 1452/2634/2 1450/2631/2
f 1423/2633/1 1421/2632/1 1451/2632/1 1453/2633/1
f 1422/2634/2 1424/2636/2 1454/2636/2 1452/2634/2
f 1425/2635/1 1423/2633/1 1453/2633/1 1455/2635/1
f 1424/2636/2 1426/2638/2 1456/2638/2 1454/2636/2
f 1427/2637/1 1425/2635/1 1455/2635/1 1457/2637/1
f 1426/2638/2 1428/2640/2 1458/2640/2 1456/2638/2
f 1429/2639/1 1427/2637/1 1457/2637/1 1459/2639/1
f 1431/2642/144 1430/2641/144 1460/2641/144 1461/2642/144
f 1430/2641/2 1432/2644/2 1462/2644/2 1460/2641/2
f 1433/2643/1 1431/2642/1 1461/2642/1 1463/2643/1
f 1432/2644/2 1434/2646/2 1464/2646/2 1462/2644/2
f 1435/2645/1 1433/2643/1 1463/2643/1 1465/2645/1
f 1434/2646/2 1436/2648/2 1466/2648/2 1464/2646/2
f 1437/2647/1 1435/2645/1 1465/2645/1 1467/2647/1
f 1436/2648/2 1438/2650/2 1468/2650/2 1466/2648/2
f 1439/2649/1 1437/2647/1 1467/2647/1 1469/2649/1
f 1438/2650/2 1440/2652/2 1470/2652/2 1468/2650/2
f 1441/2651/1 1439/2649/1 1469/2649/1 1471/2651/1
f 1440/2652/2 1442/2654/2 1472/2654/2 1470/2652/2
f 1443/2653/1 1441/2651/1 1471/2651/1 1473/2653/1
f 1442/2654/2 1420/2656/2 1450/2656/2 1472/2654/2
f 1421/2655/1 1443/2653/1 1473/2653/1 1451/2655/1
f 1428/2640/2 1444/2640/110 1474/2640/110 1458/2640/2
f 1447/2639/111 1429/2639/1 1459/2639/1 1477/2639/111
f 1449/2658/145 1447/2639/111 1477/2639/111 1479/2658/145
f 1448/2659/108 1449/2658/145 1479/2658/145 1478/2659/108
f 1445/2660/93 1448/2659/108 1478/2659/108 1475/2660/93
f 1446/2657/146 1445/2660/93 1475/2660/93 1476/2657/146
f 1444/2640/110 1446/2657/146 1476/2657/146 1474/2640/110
f 1480/2661/3 1481/2662/3 1483/2663/127 1482/2664/127
f 1482/2664/127 1483/2663/127 1485/2665/128 1484/2666/128
f 1484/2666/128 1485/2665/128 1487/2667/129 1486/2668/129
f 1486/2668/129 1487/2667/129 1489/2669/24 1488/2670/24
f 1490/2671/130 1491/2672/130 1493/2673/131 1492/2674/131
f 1492/2674/131 1493/2673/131 1495/2675/132 1494/2676/132
f 1494/2676/132 1495/2675/132 1497/2677/133 1496/2678/133
f 1496/2678/133 1497/2677/133 1499/2679/5 1498/2680/5
f 1498/2680/5 1499/2679/5 1501/2681/134 1500/2682/134
f 1500/2682/134 1501/2681/134 1503/2683/135 1502/2684/135
f 1502/2684/135 1503/2683/135 1481/2685/3 1480/2686/3
f 1488/2670/24 1489/2669/24 1507/2669/24 1504/2670/24
f 1506/2687/24 1509/2688/24 1508/2689/24 1505/2690/24
f 1504/2670/24 1507/2669/24 1509/2688/24 1506/2687/24
f 1510/2661/4 1512/2664/132 1513/2663/132 1511/2662/4
f 1512/2664/132 1514/2666/136 1515/2665/136 1513/2663/132
f 1514/2666/136 1516/2668/137 1517/2667/137 1515/2665/136
f 1516/2668/137 1518/2670/138 1519/2669/138 1517/2667/137
f 1520/2671/139 1522/2674/140 1523/2673/140 1521/2672/139
f 1522/2674/140 1524/2676/141 1525/2675/141 1523/2673/140
f 1524/2676/141 1526/2678/128 1527/2677/128 1525/2675/141
f 1526/2678/128 1528/2680/24 1529/2679/24 1527/2677/128
f 1528/2680/24 1530/2682/142 1531/2681/142 1529/2679/24
f 1530/2682/142 1532/2684/143 1533/2683/143 1531/2681/142
f 1532/2684/143 1510/2686/4 1511/2685/4 1533/2683/143
f 1518/2670/138 1534/2670/5 1537/2669/5 1519/2669/138
f 1536/2687/5 1535/2690/5 1538/2689/5 1539/2688/5
f 1534/2670/5 1536/2687/5 1539/2688/5 1537/2669/5
f 1480/2661/2 1482/2664/2 1512/2664/2 1510/2661/2
f 1483/2663/1 1481/2662/1 1511/2662/1 1513/2663/1
f 1482/2664/2 1484/2666/2 1514/2666/2 1512/2664/2
f 1485/2665/1 1483/2663/1 1513/2663/1 1515/2665/1
f 1484/2666/2 1486/2668/2 1516/2668/2 1514/2666/2
f 1487/2667/1 1485/2665/1 1515/2665/1 1517/2667/1
f 1486/2668/2 1488/2670/2 1518/2670/2 1516/2668/2
f 1489/2669/1 1487/2667/1 1517/2667/1 1519/2669/1
f 1491/2672/144 1490/2671/144 1520/2671/144 1521/2672/144
f 1490/2671/2 1492/2674/2 1522/2674/2 1520/2671/2
f 1493/2673/1 1491/2672/1 1521/2672/1 1523/2673/1
f 1492/2674/2 1494/2676/2 1524/2676/2 1522/2674/2
f 1495/2675/1 1493/2673/1 1523/2673/1 1525/2675/1
f 1494/2676/2 1496/2678/2 1526/2678/2 1524/2676/2
f 1497/2677/1 1495/2675/1 1525/2675/1 1527/2677/1
f 1496/2678/2 1498/2680/2 1528/2680/2 1526/2678/2
f 1499/2679/1 1497/2677/1 1527/2677/1 1529/2679/1
f 1498/2680/2 1500/2682/2 1530/2682/2 1528/2680/2
f 1501/2681/1 1499/2679/1 1529/2679/1 1531/2681/1
f 1500/2682/2 1502/2684/2 1532/2684/2 1530/2682/2
f 1503/2683/1 1501/2681/1 1531/2681/1 1533/2683/1
f 1502/2684/2 1480/2686/2 1510/2686/2 1532/2684/2
f 1481/2685/1 1503/2683/1 1533/2683/1 1511/2685/1
f 1488/2670/2 1504/2670/110 1534/2670/110 1518/2670/2
f 1507/2669/111 1489/2669/1 1519/2669/1 1537/2669/111
f 1509/2688/145 1507/2669/111 1537/2669/111 1539/2688/145
f 1508/2689/108 1509/2688/145 1539/2688/145 1538/2689/108
f 1505/2690/93 1508/2689/108 1538/2689/108 1535/2690/93
f 1506/2687/146 1505/2690/93 1535/2690/93 1536/2687/146
f 1504/2670/110 1506/2687/146 1536/2687/146 1534/2670/110
f 1540/2691/3 1541/2692/3 1543/2693/135 1542/2694/135
f 1542/2694/135 1543/2693/135 1545/2695/134 1544/2696/134
f 1544/2696/134 1545/2695/134 1547/2697/5 1546/2698/5
f 1546/2698/5 1547/2697/5 1549/2699/133 1548/2700/133
f 1548/2700/133 1549/2699/133 1551/2701/132 1550/2702/132
f 1550/2702/132 1551/2701/132 1553/2703/4 1552/2704/4
f 1552/2704/4 1553/2703/4 1555/2705/143 1554/2706/143
f 1554/2706/143 1555/2705/143 1557/2707/142 1556/2708/142
f 1556/2708/142 1557/2707/142 1559/2709/24 1558/2710/24
f 1558/2710/24 1559/2709/24 1561/2711/128 1560/2712/128
f 1540/2713/1 1542/2714/1 1565/2715/1
f 1560/2712/128 1561/2711/128 1563/2716/127 1562/2717/127
f 1562/2717/127 1563/2716/127 1541/2718/3 1540/2719/3
f 1543/2720/2 1541/2721/2 1564/2722/2
f 1541/2721/2 1563/2723/2 1564/2722/2
f 1563/2723/2 1561/2724/2 1564/2722/2
f 1561/2724/2 1559/2725/2 1564/2722/2
f 1559/2725/2 1557/2726/2 1564/2722/2
f 1557/2726/2 1555/2727/2 1564/2722/2
f 1555/2727/2 1553/2728/2 1564/2722/2
f 1553/2728/2 1551/2729/2 1564/2722/2
f 1551/2729/2 1549/2730/2 1564/2722/2
f 1549/2730/2 1547/2731/2 1564/2722/2
f 1547/2731/2 1545/2732/2 1564/2722/2
f 1545/2732/2 1543/2720/2 1564/2722/2
f 1542/2714/1 1544/2733/1 1565/2715/1
f 1544/2733/1 1546/2734/1 1565/2715/1
f 1546/2734/1 1548/2735/1 1565/2715/1
f 1548/2735/1 1550/2736/1 1565/2715/1
f 1550/2736/1 1552/2737/1 1565/2715/1
f 1552/2737/1 1554/2738/1 1565/2715/1
f 1554/2738/1 1556/2739/1 1565/2715/1
f 1556/2739/1 1558/2740/1 1565/2715/1
f 1558/2740/1 1560/2741/1 1565/2715/1
f 1560/2741/1 1562/2742/1 1565/2715/1
f 1562/2742/1 1540/2713/1 1565/2715/1
f 1566/2743/3 1567/2744/3 1569/2745/135 1568/2746/135
f 1568/2746/135 1569/2745/135 1571/2747/134 1570/2748/134
f 1570/2748/134 1571/2747/134 1573/2749/5 1572/2750/5
f 1572/2750/5 1573/2749/5 1575/2751/133 1574/2752/133
f 1574/2752/133 1575/2751/133 1577/2753/132 1576/2754/132
f 1576/2754/132 1577/2753/132 1579/2755/4 1578/2756/4
f 1578/2756/4 1579/2755/4 1581/2757/143 1580/2758/143
f 1580/2758/143 1581/2757/143 1583/2759/142 1582/2760/142
f 1582/2760/142 1583/2759/142 1585/2761/24 1584/2762/24
f 1584/2762/24 1585/2761/24 1587/2763/128 1586/2764/128
f 1566/2765/1 1568/2766/1 1591/2767/1
f 1586/2764/128 1587/2763/128 1589/2768/127 1588/2769/127
f 1588/2769/127 1589/2768/127 1567/2770/3 1566/2771/3
f 1569/2772/2 1567/2773/2 1590/2774/2
f 1567/2773/2 1589/2775/2 1590/2774/2
f 1589/2775/2 1587/2776/2 1590/2774/2
f 1587/2776/2 1585/2777/2 1590/2774/2
f 1585/2777/2 1583/2778/2 1590/2774/2
f 1583/2778/2 1581/2779/2 1590/2774/2
f 1581/2779/2 1579/2780/2 1590/2774/2
f 1579/2780/2 1577/2781/2 1590/2774/2
f 1577/2781/2 1575/2782/2 1590/2774/2
f 1575/2782/2 1573/2783/2 1590/2774/2
f 1573/2783/2 1571/2784/2 1590/2774/2
f 1571/2784/2 1569/2772/2 1590/2774/2
f 1568/2766/1 1570/2785/1 1591/2767/1
f 1570/2785/1 1572/2786/1 1591/2767/1
f 1572/2786/1 1574/2787/1 1591/2767/1
f 1574/2787/1 1576/2788/1 1591/2767/1
f 1576/2788/1 1578/2789/1 1591/2767/1
f 1578/2789/1 1580/2790/1 1591/2767/1
f 1580/2790/1 1582/2791/1 1591/2767/1
f 1582/2791/1 1584/2792/1 1591/2767/1
f 1584/2792/1 1586/2793/1 1591/2767/1
f 1586/2793/1 1588/2794/1 1591/2767/1
f 1588/2794/1 1566/2765/1 1591/2767/1
o fuse_box_cover
v 0.000000 0.094899 -0.015277
v 0.000000 0.194927 -0.015193
v -0.139880 0.094899 -0.015277
v -0.069269 0.094899 -0.015277
v -0.069269 0.194098 -0.015194
v -0.139880 0.190948 -0.015197
v -0.069236 0.100731 -0.015262
v -0.139880 0.100735 -0.015267
v -0.139880 0.181138 -0.015211
v -0.068875 0.181136 -0.015216
v 0.000000 0.181135 -0.015217
v 0.000000 0.100730 -0.015261
v -0.184427 0.107446 -0.015264
v -0.178597 0.100737 -0.015268
v -0.182719 0.102702 -0.015267
v -0.178272 0.181139 -0.015208
v -0.184424 0.175283 -0.015212
v -0.182622 0.179424 -0.015209
v -0.000000 0.120223 -0.028727
v -0.000000 0.167369 -0.028682
v -0.068049 0.120223 -0.028727
v -0.139880 0.120223 -0.028727
v -0.139880 0.167369 -0.028682
v -0.067718 0.167369 -0.028682
v -0.169081 0.120223 -0.028724
v -0.169126 0.167193 -0.028681
v -0.190000 0.101070 -0.015272
v -0.183830 0.094899 -0.015277
v -0.188193 0.096707 -0.015275
v -0.183844 0.187567 -0.015199
v -0.190000 0.180751 -0.015205
v -0.188197 0.185236 -0.015201
v 0.139880 0.094899 -0.015277
v 0.069269 0.094899 -0.015277
v 0.069269 0.194098 -0.015194
v 0.139880 0.190948 -0.015197
v 0.069236 0.100731 -0.015262
v 0.139880 0.100735 -0.015267
v 0.139880 0.181138 -0.015211
v 0.068875 0.181136 -0.015216
v 0.184427 0.107446 -0.015264
v 0.178597 0.100737 -0.015268
v 0.182719 0.102702 -0.015267
v 0.178272 0.181139 -0.015209
v 0.184424 0.175283 -0.015212
v 0.182622 0.179424 -0.015210
v 0.068049 0.120223 -0.028727
v 0.139880 0.120223 -0.028727
v 0.139880 0.167369 -0.028682
v 0.067718 0.167369 -0.028682
v 0.169081 0.120223 -0.028724
v 0.169126 0.167369 -0.028684
v -0.139880 0.115735 -0.028726
v -0.068049 0.115735 -0.028726
v -0.067718 0.171063 -0.028680
v -0.139880 0.171063 -0.028680
v -0.000000 0.171063 -0.028680
v -0.000000 0.115735 -0.028726
v -0.171863 0.116962 -0.028725
v -0.169300 0.115735 -0.028726
v -0.173032 0.120223 -0.028722
v -0.169090 0.171063 -0.028680
v -0.171906 0.169953 -0.028681
v -0.173032 0.167369 -0.028683
v 0.190000 0.101070 -0.015272
v 0.183830 0.094899 -0.015277
v 0.188193 0.096707 -0.015275
v 0.183844 0.187567 -0.015200
v 0.190000 0.180751 -0.015205
v 0.188197 0.185236 -0.015202
v 0.139880 0.115735 -0.028726
v 0.068049 0.115735 -0.028726
v 0.067718 0.171063 -0.028680
v 0.139880 0.171063 -0.028680
v -0.142109 0.090514 -0.016122
v -0.127002 0.090514 -0.016122
v -0.142109 0.090827 -0.014951
v -0.127002 0.090827 -0.014951
v -0.142109 0.091683 -0.014093
v -0.127002 0.091683 -0.014093
v -0.142109 0.092854 -0.013779
v -0.127002 0.092854 -0.013779
v -0.142109 0.094024 -0.013778
v -0.127002 0.094024 -0.013778
v -0.142109 0.094743 -0.014687
v -0.127002 0.094743 -0.014687
v -0.142109 0.095197 -0.016118
v -0.127002 0.095197 -0.016118
v -0.142109 0.094884 -0.017289
v -0.127002 0.094884 -0.017289
v -0.142109 0.094028 -0.018147
v -0.127002 0.094028 -0.018147
v -0.142109 0.092857 -0.018462
v -0.127002 0.092857 -0.018462
v -0.142109 0.091686 -0.018149
v -0.127002 0.091686 -0.018149
v -0.142109 0.090828 -0.017293
v -0.127002 0.090828 -0.017293
v -0.142109 0.099162 -0.013773
v -0.140584 0.100686 -0.013772
v -0.141662 0.100240 -0.013772
v -0.127002 0.099162 -0.013773
v -0.128526 0.100686 -0.013772
v -0.127448 0.100240 -0.013772
v 0.171863 0.116962 -0.028725
v 0.169300 0.115735 -0.028726
v 0.173032 0.120223 -0.028723
v 0.169090 0.171063 -0.028680
v 0.171906 0.169953 -0.028681
v 0.173032 0.167369 -0.028683
v 0.142109 0.090514 -0.016122
v 0.127002 0.090514 -0.016122
v 0.142109 0.090827 -0.014951
v 0.127002 0.090827 -0.014951
v 0.142109 0.091683 -0.014093
v 0.127002 0.091683 -0.014093
v 0.142109 0.092854 -0.013779
v 0.127002 0.092854 -0.013779
v 0.142109 0.094024 -0.013778
v 0.127002 0.094024 -0.013778
v 0.142109 0.094743 -0.014687
v 0.127002 0.094743 -0.014687
v 0.142109 0.095197 -0.016118
v 0.127002 0.095197 -0.016118
v 0.142109 0.094884 -0.017289
v 0.127002 0.094884 -0.017289
v 0.142109 0.094028 -0.018147
v 0.127002 0.094028 -0.018147
v 0.142109 0.092857 -0.018462
v 0.127002 0.092857 -0.018462
v 0.142109 0.091686 -0.018149
v 0.127002 0.091686 -0.018149
v 0.142109 0.090828 -0.017293
v 0.127002 0.090828 -0.017293
v 0.142109 0.099162 -0.013773
v 0.140584 0.100686 -0.013772
v 0.141662 0.100240 -0.013772
v 0.127002 0.099162 -0.013773
v 0.128526 0.100686 -0.013772
v 0.127448 0.100240 -0.013772
v 0.000000 0.094897 -0.014477
v 0.000000 0.194926 -0.014393
v -0.139880 0.094898 -0.014477
v -0.069269 0.094898 -0.014477
v -0.069269 0.194096 -0.014394
v -0.139880 0.190947 -0.014397
v -0.069236 0.101016 -0.014515
v -0.139880 0.101020 -0.014519
v -0.139880 0.180779 -0.014496
v -0.068875 0.180777 -0.014501
v 0.000000 0.180776 -0.014502
v 0.000000 0.101015 -0.014514
v -0.184163 0.107505 -0.014511
v -0.178539 0.100959 -0.014502
v -0.182578 0.102837 -0.014491
v -0.178206 0.180851 -0.014465
v -0.184154 0.175217 -0.014462
v -0.182462 0.179261 -0.014443
v -0.000000 0.120223 -0.027927
v -0.000000 0.167368 -0.027882
v -0.068049 0.120223 -0.027927
v -0.139880 0.120223 -0.027927
v -0.139880 0.167369 -0.027882
v -0.067718 0.167368 -0.027882
v -0.169081 0.120223 -0.027924
v -0.169126 0.167193 -0.027881
v -0.190000 0.101069 -0.014472
v -0.183830 0.094898 -0.014477
v -0.188193 0.096706 -0.014475
v -0.183844 0.187566 -0.014399
v -0.190000 0.180750 -0.014405
v -0.188197 0.185235 -0.014401
v 0.139880 0.094898 -0.014477
v 0.069269 0.094898 -0.014477
v 0.069269 0.194096 -0.014394
v 0.139880 0.190947 -0.014397
v 0.069236 0.101016 -0.014515
v 0.139880 0.101020 -0.014519
v 0.139880 0.180779 -0.014496
v 0.068875 0.180777 -0.014501
v 0.184163 0.107505 -0.014511
v 0.178539 0.100959 -0.014502
v 0.182578 0.102837 -0.014491
v 0.178206 0.180851 -0.014465
v 0.184154 0.175217 -0.014462
v 0.182462 0.179261 -0.014443
v 0.068049 0.120223 -0.027927
v 0.139880 0.120223 -0.027927
v 0.139880 0.167368 -0.027882
v 0.067718 0.167368 -0.027882
v 0.169081 0.120223 -0.027924
v 0.169126 0.167368 -0.027884
v -0.139880 0.116021 -0.027979
v -0.068049 0.116022 -0.027979
v -0.067718 0.170704 -0.027965
v -0.139880 0.170704 -0.027965
v -0.000000 0.170704 -0.027965
v -0.000000 0.116022 -0.027979
v -0.171620 0.117160 -0.027989
v -0.169246 0.116033 -0.027985
v -0.172689 0.120261 -0.028001
v -0.169039 0.170695 -0.027971
v -0.171665 0.169693 -0.027964
v -0.172683 0.167311 -0.027965
v 0.190000 0.101069 -0.014472
v 0.183830 0.094898 -0.014477
v 0.188193 0.096706 -0.014475
v 0.183844 0.187566 -0.014400
v 0.190000 0.180750 -0.014405
v 0.188197 0.185235 -0.014402
v 0.139880 0.116021 -0.027979
v 0.068049 0.116022 -0.027979
v 0.067718 0.170704 -0.027965
v 0.139880 0.170704 -0.027965
v -0.142109 0.091314 -0.016122
v -0.127002 0.091314 -0.016122
v -0.142109 0.091520 -0.015351
v -0.127002 0.091520 -0.015351
v -0.142109 0.092084 -0.014786
v -0.127002 0.092083 -0.014786
v -0.142109 0.092959 -0.014572
v -0.127002 0.092959 -0.014572
v -0.142109 0.094025 -0.014578
v -0.127002 0.094025 -0.014578
v -0.142109 0.093981 -0.014929
v -0.127002 0.093981 -0.014929
v -0.142109 0.094397 -0.016137
v -0.127002 0.094397 -0.016137
v -0.142109 0.094191 -0.016890
v -0.127002 0.094191 -0.016890
v -0.142109 0.093627 -0.017455
v -0.127002 0.093627 -0.017455
v -0.142109 0.092857 -0.017662
v -0.127002 0.092857 -0.017662
v -0.142109 0.092086 -0.017456
v -0.127002 0.092086 -0.017456
v -0.142109 0.091521 -0.016892
v -0.127002 0.091521 -0.016892
v -0.142109 0.099163 -0.014573
v -0.140584 0.100687 -0.014572
v -0.141662 0.100240 -0.014572
v -0.127002 0.099163 -0.014573
v -0.128526 0.100687 -0.014572
v -0.127448 0.100240 -0.014572
v 0.171620 0.117160 -0.027989
v 0.169246 0.116033 -0.027986
v 0.172689 0.120261 -0.028001
v 0.169039 0.170695 -0.027972
v 0.171664 0.169693 -0.027964
v 0.172683 0.167311 -0.027965
v 0.142109 0.091314 -0.016122
v 0.127002 0.091314 -0.016122
v 0.142109 0.091520 -0.015351
v 0.127002 0.091520 -0.015351
v 0.142109 0.092084 -0.014786
v 0.127002 0.092083 -0.014786
v 0.142109 0.092959 -0.014572
v 0.127002 0.092959 -0.014572
v 0.142109 0.094025 -0.014578
v 0.127002 0.094025 -0.014578
v 0.142109 0.093981 -0.014929
v 0.127002 0.093981 -0.014929
v 0.142109 0.094397 -0.016137
v 0.127002 0.094397 -0.016137
v 0.142109 0.094191 -0.016890
v 0.127002 0.094191 -0.016890
v 0.142109 0.093627 -0.017455
v 0.127002 0.093627 -0.017455
v 0.142109 0.092857 -0.017662
v 0.127002 0.092857 -0.017662
v 0.142109 0.092086 -0.017456
v 0.127002 0.092086 -0.017456
v 0.142109 0.091521 -0.016892
v 0.127002 0.091521 -0.016892
v 0.142109 0.099163 -0.014573
v 0.140584 0.100687 -0.014572
v 0.141662 0.100240 -0.014572
v 0.127002 0.099163 -0.014573
v 0.128526 0.100687 -0.014572
v 0.127448 0.100240 -0.014572
vn -0.1129 -0.6239 -0.7733
vn -0.0000 -0.6678 -0.7443
vn -0.1572 -0.6037 -0.7815
vn 0.0003 0.0011 -1.0000
vn 0.0003 0.0009 -1.0000
vn 0.0001 0.0008 -1.0000
vn -0.0000 0.0005 -1.0000
vn -0.0000 0.0007 -1.0000
vn -0.0000 0.0004 -1.0000
vn -0.7007 0.1705 -0.6928
vn -0.4820 0.4888 -0.7271
vn -0.4678 0.5037 -0.7262
vn -0.7225 0.1192 -0.6810
vn -0.0000 0.0016 -1.0000
vn -0.0001 0.0015 -1.0000
vn -0.0000 -0.6679 -0.7443
vn -0.0000 0.8008 -0.5990
vn -0.1046 0.7609 -0.6404
vn -0.1697 0.7302 -0.6618
vn -0.0000 0.0024 -1.0000
vn -0.0000 0.0026 -1.0000
vn -0.0001 0.0006 -1.0000
vn 0.0001 0.0007 -1.0000
vn -0.0000 0.0017 -1.0000
vn -0.4735 -0.3864 -0.7915
vn -0.4378 -0.4179 -0.7960
vn -0.7224 -0.0793 -0.6869
vn -0.6779 -0.1529 -0.7191
vn -0.0003 0.0009 -1.0000
vn -0.0001 0.0008 -1.0000
vn -0.0001 0.0013 -1.0000
vn -0.0002 0.0013 -1.0000
vn -0.0003 0.0011 -1.0000
vn 0.0001 0.0015 -1.0000
vn 0.0002 0.0013 -1.0000
vn 0.0003 0.0006 -1.0000
vn 0.0002 0.0003 -1.0000
vn 0.0002 0.0006 -1.0000
vn 0.0003 0.0007 -1.0000
vn -0.0000 0.0019 -1.0000
vn -0.0000 0.8007 -0.5990
vn -0.0000 -0.0000 -1.0000
vn 0.7007 0.1705 -0.6928
vn 0.7225 0.1192 -0.6810
vn 0.4678 0.5037 -0.7262
vn 0.4820 0.4888 -0.7271
vn -0.0000 0.0008 -1.0000
vn -0.0000 0.0009 -1.0000
vn 0.0001 0.0009 -1.0000
vn 0.1129 -0.6239 -0.7733
vn 0.1572 -0.6037 -0.7815
vn 0.1697 0.7302 -0.6618
vn 0.1046 0.7609 -0.6404
vn 0.4735 -0.3864 -0.7915
vn 0.4378 -0.4179 -0.7960
vn 0.6779 -0.1529 -0.7191
vn 0.7224 -0.0793 -0.6869
vn -0.0000 -0.0001 -1.0000
vn 0.0001 0.0005 -1.0000
vn -0.0002 0.0003 -1.0000
vn -0.0001 0.0007 -1.0000
vn 0.0001 0.0013 -1.0000
vn 0.0003 0.0005 -1.0000
vn -0.0003 0.0006 -1.0000
vn 0.0002 0.0009 -1.0000
vn 0.0001 0.0010 -1.0000
vn -0.0000 -1.0000 -0.0008
vn -0.0000 -0.8664 0.4993
vn -0.0000 -0.5007 0.8656
vn -0.0000 -0.1314 0.9913
vn -0.0000 -0.0008 1.0000
vn -0.0000 0.9532 0.3023
vn -0.0000 0.9997 0.0231
vn -0.0000 0.8664 -0.4993
vn -0.0000 0.5007 -0.8656
vn -0.0000 -0.4993 -0.8664
vn -0.0000 -0.8656 -0.5007
vn 0.1111 0.6239 0.7736
vn 0.1551 0.6039 0.7818
vn -0.0002 0.6676 0.7445
vn 0.0021 0.0020 1.0000
vn 0.0064 0.0002 1.0000
vn 0.0037 0.0016 1.0000
vn -0.0000 -0.0070 1.0000
vn -0.0000 -0.0067 1.0000
vn -0.0000 0.0119 0.9999
vn -0.0000 0.0121 0.9999
vn 0.7009 -0.1671 0.6934
vn 0.7221 -0.1166 0.6818
vn 0.4656 -0.5036 0.7277
vn 0.4807 -0.4879 0.7287
vn 0.0001 -0.0083 1.0000
vn 0.0005 -0.0091 1.0000
vn -0.0000 0.6679 0.7443
vn -0.0003 -0.8004 0.5994
vn 0.1650 -0.7314 0.6617
vn 0.1011 -0.7614 0.6404
vn -0.0000 0.0063 1.0000
vn -0.0000 0.0061 1.0000
vn -0.0095 0.0102 0.9999
vn -0.0092 -0.0060 0.9999
vn -0.0000 -0.0079 1.0000
vn 0.4746 0.3837 0.7921
vn 0.4373 0.4168 0.7969
vn 0.6793 0.1486 0.7186
vn 0.7225 0.0766 0.6871
vn 0.0002 0.6676 0.7445
vn 0.0069 -0.0020 1.0000
vn 0.0053 -0.0033 1.0000
vn 0.0020 -0.0077 1.0000
vn 0.0031 -0.0062 1.0000
vn -0.0021 0.0020 1.0000
vn -0.0037 0.0016 1.0000
vn -0.0064 0.0002 1.0000
vn 0.0043 -0.0044 1.0000
vn 0.0015 0.0027 1.0000
vn 0.0009 0.0040 1.0000
vn 0.0150 -0.0086 0.9998
vn 0.0190 -0.0042 0.9998
vn 0.0092 -0.0060 0.9999
vn 0.0065 -0.0114 0.9999
vn 0.0001 0.0060 1.0000
vn -0.0000 -0.8007 0.5990
vn -0.0000 -0.0130 0.9999
vn -0.0009 0.0040 1.0000
vn -0.0015 0.0027 1.0000
vn -0.0001 -0.0083 1.0000
vn -0.0005 -0.0091 1.0000
vn -0.7009 -0.1671 0.6934
vn -0.4807 -0.4879 0.7287
vn -0.4656 -0.5036 0.7277
vn -0.7221 -0.1166 0.6819
vn -0.0001 0.0060 1.0000
vn 0.0094 0.0105 0.9999
vn 0.0065 0.0224 0.9997
vn 0.0001 0.0252 0.9997
vn -0.1111 0.6239 0.7736
vn -0.1551 0.6039 0.7818
vn 0.0003 -0.8004 0.5994
vn -0.1011 -0.7614 0.6404
vn -0.1650 -0.7314 0.6617
vn -0.4746 0.3837 0.7921
vn -0.4373 0.4168 0.7969
vn -0.7225 0.0766 0.6871
vn -0.6793 0.1486 0.7186
vn -0.0000 0.0248 0.9997
vn -0.0053 -0.0033 1.0000
vn -0.0069 -0.0020 1.0000
vn -0.0000 -0.0125 0.9999
vn -0.0001 0.0250 0.9997
vn -0.0065 0.0221 0.9997
vn -0.0065 -0.0114 0.9999
vn -0.0191 0.0074 0.9998
vn -0.0192 -0.0042 0.9998
vn -0.0043 -0.0044 1.0000
vn -0.0031 -0.0062 1.0000
vn -0.0020 -0.0077 1.0000
vn -0.0149 0.0179 0.9997
vn -0.0150 -0.0086 0.9998
vn 0.0191 0.0071 0.9998
vn 0.0151 0.0181 0.9997
vn -0.0000 1.0000 0.0008
vn -0.0000 0.4909 -0.8712
vn -0.0000 0.1169 -0.9931
vn -0.0000 -0.0024 -1.0000
vn -0.0000 -0.9453 -0.3261
vn -0.0000 -0.9995 -0.0325
vn -0.0000 -0.8649 0.5019
vn -0.0000 0.4993 0.8664
vn -0.0000 0.8656 0.5007
vn -0.0000 -1.0000 -0.0019
vn -0.0000 -1.0000 -0.0023
vn -0.0283 0.9996 0.0016
vn -0.0606 0.9982 0.0015
vn -0.0000 1.0000 0.0017
vn -0.0000 -1.0000 -0.0025
vn -0.1951 -0.9808 -0.0014
vn -0.3827 -0.9239 -0.0012
vn -0.9808 -0.1951 -0.0004
vn -0.9239 -0.3827 -0.0007
vn -0.9818 0.1900 0.0003
vn -0.7447 0.6673 0.0010
vn -0.7447 0.6674 0.0010
vn -0.2804 0.9599 0.0013
vn 0.0606 0.9982 0.0015
vn 0.0283 0.9996 0.0016
vn 0.9239 -0.3827 -0.0007
vn 0.9808 -0.1951 -0.0004
vn 0.1951 -0.9808 -0.0014
vn 0.3827 -0.9239 -0.0012
vn 0.7447 0.6673 0.0010
vn 0.2804 0.9599 0.0013
vn 0.7447 0.6674 0.0010
vn 0.9818 0.1900 0.0003
vn -1.0000 -0.0000 -0.0000
vn 1.0000 -0.0000 -0.0000
vn -0.0000 -0.3023 0.9532
vn -0.9808 0.1951 0.0002
vn 0.9808 0.1951 0.0002
vn 0.9239 0.3827 0.0003
vn 0.1951 0.9808 0.0008
vn 0.3827 0.9239 0.0008
vn -0.1951 0.9808 0.0008
vn -0.3827 0.9239 0.0008
vn -0.9239 0.3827 0.0003
vt 0.039854 0.122951
vt 0.079929 0.125632
vt 0.078708 0.154732
vt 0.020800 0.147162
vt 0.014973 0.143465
vt 0.006731 0.151592
vt 0.004038 0.145173
vt 0.012516 0.136249
vt 0.080177 0.119433
vt 0.080554 0.054984
vt 0.179797 0.053512
vt 0.179587 0.121245
vt 0.012594 0.042851
vt 0.015663 0.036332
vt 0.037584 0.054130
vt 0.036184 0.057530
vt 0.177716 0.024657
vt 0.079467 0.025787
vt 0.078828 0.011576
vt 0.176725 0.006346
vt 0.276334 0.156177
vt 0.177448 0.156255
vt 0.179533 0.127554
vt 0.276144 0.127350
vt 0.080369 0.049893
vt 0.041160 0.052355
vt 0.022265 0.032768
vt 0.276387 0.164516
vt 0.177301 0.164516
vt 0.040460 0.116959
vt 0.041366 0.057586
vt 0.275424 0.023793
vt 0.275287 0.004163
vt 0.036633 0.121036
vt 0.275624 0.052945
vt 0.276102 0.120972
vt 0.035267 0.116759
vt 0.375268 0.154988
vt 0.372816 0.126295
vt 0.472627 0.123193
vt 0.474106 0.152316
vt 0.004199 0.034923
vt 0.012979 0.023768
vt 0.537646 0.140368
vt 0.540024 0.133126
vt 0.548594 0.141961
vt 0.545967 0.148403
vt 0.007037 0.027846
vt 0.012282 0.154849
vt 0.515731 0.118184
vt 0.512532 0.120132
vt 0.511859 0.114153
vt 0.517050 0.113894
vt 0.078207 0.163202
vt 0.275589 0.047711
vt 0.179740 0.048347
vt 0.472320 0.116999
vt 0.540456 0.151713
vt 0.531861 0.144129
vt 0.373185 0.023325
vt 0.373935 0.004971
vt 0.472072 0.008991
vt 0.471595 0.023253
vt 0.539060 0.039607
vt 0.515557 0.054630
vt 0.514112 0.051230
vt 0.535903 0.033097
vt 0.474699 0.160785
vt 0.375516 0.163253
vt 0.470791 0.052566
vt 0.470925 0.047448
vt 0.510500 0.049491
vt 0.510361 0.054516
vt 0.529228 0.029598
vt 0.371479 0.052233
vt 0.372682 0.119977
vt 0.371470 0.047066
vt 0.547400 0.031556
vt 0.538455 0.020437
vt 0.544475 0.024473
vt 0.425715 0.726810
vt 0.447007 0.726810
vt 0.447007 0.728518
vt 0.425715 0.728518
vt 0.447007 0.730226
vt 0.425715 0.730226
vt 0.447007 0.731935
vt 0.425715 0.731935
vt 0.447007 0.733585
vt 0.425715 0.733585
vt 0.425715 0.714443
vt 0.447007 0.714443
vt 0.447007 0.716559
vt 0.425715 0.716559
vt 0.447007 0.718267
vt 0.425715 0.718267
vt 0.447007 0.719975
vt 0.425715 0.719975
vt 0.447007 0.721684
vt 0.425715 0.721684
vt 0.447007 0.723393
vt 0.425715 0.723393
vt 0.447007 0.725101
vt 0.425715 0.725101
vt 0.447007 0.740826
vt 0.425715 0.740826
vt 0.426344 0.742345
vt 0.446378 0.742345
vt 0.444859 0.742975
vt 0.427864 0.742975
vt 0.824274 0.082602
vt 0.824274 0.080893
vt 0.845566 0.080893
vt 0.845566 0.082602
vt 0.824274 0.079185
vt 0.845566 0.079185
vt 0.824274 0.077476
vt 0.845566 0.077476
vt 0.824274 0.075826
vt 0.845566 0.075826
vt 0.824274 0.094968
vt 0.824274 0.092852
vt 0.845566 0.092852
vt 0.845566 0.094967
vt 0.824274 0.091144
vt 0.845566 0.091144
vt 0.824274 0.089435
vt 0.845566 0.089435
vt 0.824274 0.087727
vt 0.845566 0.087727
vt 0.824274 0.086018
vt 0.845566 0.086018
vt 0.824274 0.084310
vt 0.845566 0.084310
vt 0.824274 0.068586
vt 0.845566 0.068586
vt 0.824903 0.067066
vt 0.826423 0.066437
vt 0.843417 0.066437
vt 0.844936 0.067066
vt 0.953710 0.270658
vt 0.972474 0.295369
vt 0.916163 0.301284
vt 0.914298 0.272882
vt 0.978172 0.291988
vt 0.980549 0.285064
vt 0.989091 0.294246
vt 0.986836 0.300499
vt 0.914079 0.267081
vt 0.812855 0.269173
vt 0.812063 0.201369
vt 0.913290 0.202466
vt 0.979207 0.189258
vt 0.956509 0.204354
vt 0.955178 0.201275
vt 0.976404 0.183232
vt 0.813840 0.172613
vt 0.814547 0.153547
vt 0.915637 0.159693
vt 0.914736 0.174208
vt 0.715597 0.304786
vt 0.715489 0.275795
vt 0.812936 0.275152
vt 0.815062 0.304047
vt 0.913439 0.197872
vt 0.970209 0.180128
vt 0.951846 0.199739
vt 0.815261 0.312835
vt 0.715630 0.313584
vt 0.951792 0.204432
vt 0.953214 0.265058
vt 0.715102 0.172759
vt 0.715023 0.152437
vt 0.956716 0.268921
vt 0.715214 0.201659
vt 0.715466 0.269775
vt 0.958010 0.264810
vt 0.616125 0.304795
vt 0.515021 0.302837
vt 0.516604 0.274435
vt 0.618028 0.275887
vt 0.987529 0.181114
vt 0.979288 0.171068
vt 0.453013 0.294157
vt 0.444428 0.302743
vt 0.442121 0.296511
vt 0.450574 0.287254
vt 0.985207 0.174726
vt 0.980879 0.303443
vt 0.474265 0.270875
vt 0.472913 0.266768
vt 0.477751 0.266966
vt 0.477298 0.272582
vt 0.916758 0.310068
vt 0.812083 0.196634
vt 0.715195 0.196883
vt 0.516768 0.268641
vt 0.458738 0.297488
vt 0.450410 0.305634
vt 0.616367 0.173383
vt 0.515449 0.175816
vt 0.514416 0.161287
vt 0.615508 0.154318
vt 0.450969 0.191459
vt 0.453721 0.185407
vt 0.475096 0.203262
vt 0.473807 0.206346
vt 0.615993 0.313584
vt 0.514507 0.311620
vt 0.517168 0.204118
vt 0.478484 0.206151
vt 0.478403 0.201696
vt 0.516979 0.199512
vt 0.459894 0.182251
vt 0.618064 0.269907
vt 0.618375 0.202127
vt 0.618317 0.197393
vt 0.442569 0.183387
vt 0.444838 0.176972
vt 0.450730 0.173260
vt 0.551150 0.714439
vt 0.552274 0.714439
vt 0.552274 0.735733
vt 0.551150 0.735733
vt 0.553399 0.714439
vt 0.553399 0.735733
vt 0.554669 0.714439
vt 0.554669 0.735733
vt 0.556172 0.714439
vt 0.556173 0.735733
vt 0.542624 0.714439
vt 0.544424 0.714439
vt 0.544424 0.735733
vt 0.542624 0.735733
vt 0.545525 0.714439
vt 0.545525 0.735733
vt 0.546650 0.714439
vt 0.546650 0.735733
vt 0.547775 0.714439
vt 0.547775 0.735733
vt 0.548900 0.714439
vt 0.548900 0.735733
vt 0.550025 0.714439
vt 0.550025 0.735733
vt 0.563414 0.714439
vt 0.563414 0.735733
vt 0.564934 0.715068
vt 0.565563 0.716587
vt 0.565563 0.733584
vt 0.564934 0.735103
vt 0.522205 0.735736
vt 0.522205 0.714445
vt 0.523329 0.714445
vt 0.523329 0.735736
vt 0.524454 0.714445
vt 0.524454 0.735736
vt 0.525724 0.714445
vt 0.525724 0.735736
vt 0.527227 0.714445
vt 0.527226 0.735736
vt 0.513680 0.735736
vt 0.513680 0.714445
vt 0.515480 0.714445
vt 0.515480 0.735736
vt 0.516581 0.714445
vt 0.516581 0.735736
vt 0.517706 0.714445
vt 0.517706 0.735736
vt 0.518830 0.714445
vt 0.518830 0.735736
vt 0.519955 0.714445
vt 0.519955 0.735736
vt 0.521080 0.714445
vt 0.521080 0.735736
vt 0.534467 0.714445
vt 0.534467 0.735736
vt 0.535986 0.735107
vt 0.535986 0.715074
vt 0.536616 0.716594
vt 0.536616 0.733588
vt 0.177293 0.166246
vt 0.078125 0.164641
vt 0.078677 0.010196
vt 0.176652 0.004627
vt 0.275270 0.002438
vt 0.276403 0.166246
vt 0.011835 0.156055
vt 0.005820 0.152393
vt 0.002446 0.145457
vt 0.002622 0.034681
vt 0.005919 0.026950
vt 0.012502 0.022614
vt 0.373974 0.003250
vt 0.472201 0.007599
vt 0.550189 0.142229
vt 0.546885 0.149193
vt 0.540916 0.152912
vt 0.474804 0.162221
vt 0.375556 0.164984
vt 0.538922 0.019270
vt 0.545591 0.023561
vt 0.548981 0.031297
vt 0.244826 0.516530
vt 0.246475 0.516972
vt 0.245912 0.517948
vt 0.244826 0.517657
vt 0.246475 0.564027
vt 0.244826 0.564470
vt 0.244826 0.563342
vt 0.245912 0.563052
vt 0.247683 0.518180
vt 0.246707 0.518743
vt 0.247683 0.562820
vt 0.246707 0.562256
vt 0.248125 0.519829
vt 0.247008 0.519976
vt 0.248125 0.561170
vt 0.247007 0.561023
vt 0.248125 0.521479
vt 0.246998 0.521479
vt 0.248125 0.559520
vt 0.246998 0.559520
vt 0.541496 0.735733
vt 0.541496 0.714439
vt 0.246843 0.522491
vt 0.244826 0.523128
vt 0.244801 0.522002
vt 0.246502 0.521416
vt 0.244826 0.557871
vt 0.246842 0.558509
vt 0.246502 0.559583
vt 0.244800 0.558998
vt 0.243177 0.522687
vt 0.243740 0.521711
vt 0.243176 0.558313
vt 0.243740 0.559289
vt 0.241968 0.521479
vt 0.242945 0.520915
vt 0.241968 0.559520
vt 0.242945 0.560084
vt 0.241526 0.519829
vt 0.242653 0.519829
vt 0.241526 0.561170
vt 0.242653 0.561170
vt 0.241968 0.518180
vt 0.242945 0.518743
vt 0.241968 0.562820
vt 0.242945 0.562256
vt 0.243176 0.516972
vt 0.243740 0.517948
vt 0.243176 0.564027
vt 0.243740 0.563051
vt 0.248125 0.528717
vt 0.246998 0.528717
vt 0.248125 0.552282
vt 0.246998 0.552282
vt 0.248125 0.550638
vt 0.246998 0.550638
vt 0.248125 0.548994
vt 0.246998 0.548994
vt 0.248125 0.532005
vt 0.246998 0.532005
vt 0.248125 0.530361
vt 0.246998 0.530361
vt 0.243144 0.462967
vt 0.244794 0.462525
vt 0.244794 0.463652
vt 0.243708 0.463943
vt 0.244793 0.510470
vt 0.243144 0.510028
vt 0.243708 0.509052
vt 0.244793 0.509343
vt 0.241936 0.464175
vt 0.242912 0.464738
vt 0.241936 0.508820
vt 0.242912 0.508257
vt 0.241494 0.465824
vt 0.242612 0.465972
vt 0.241494 0.507170
vt 0.242612 0.507024
vt 0.241494 0.467474
vt 0.242622 0.467474
vt 0.241494 0.505521
vt 0.242622 0.505521
vt 0.512552 0.735736
vt 0.512553 0.714445
vt 0.244794 0.469124
vt 0.242777 0.468486
vt 0.243117 0.467412
vt 0.244819 0.467997
vt 0.242777 0.504509
vt 0.244794 0.503871
vt 0.244819 0.504998
vt 0.243117 0.505584
vt 0.246444 0.468682
vt 0.245880 0.467706
vt 0.246444 0.504313
vt 0.245880 0.505289
vt 0.247651 0.467474
vt 0.246675 0.466911
vt 0.247651 0.505521
vt 0.246675 0.506085
vt 0.248094 0.465824
vt 0.246966 0.465824
vt 0.248094 0.507170
vt 0.246966 0.507170
vt 0.247651 0.464174
vt 0.246675 0.464738
vt 0.247651 0.508820
vt 0.246675 0.508257
vt 0.246444 0.462967
vt 0.245880 0.463943
vt 0.246444 0.510028
vt 0.245880 0.509052
vt 0.241494 0.474714
vt 0.242621 0.474714
vt 0.241494 0.498281
vt 0.242622 0.498281
vt 0.241494 0.496638
vt 0.242622 0.496638
vt 0.241494 0.494993
vt 0.242622 0.494993
vt 0.241494 0.478002
vt 0.242621 0.478002
vt 0.241494 0.476358
vt 0.242621 0.476358
s 1
f 1651/2795/147 1644/2796/148 1599/2797/148 1605/2798/149
f 1606/2799/150 1620/2800/150 1618/2801/151 1604/2802/152
f 1613/2803/153 1614/2804/154 1615/2805/154 1612/2806/155
f 1608/2807/156 1609/2808/157 1654/2809/158 1655/2810/159
f 1601/2811/160 1600/2812/161 1597/2813/161 1596/2814/160
f 1603/2815/162 1598/2816/162 1645/2817/162 1649/2818/162
f 1647/2819/163 1653/2820/164 1607/2821/165 1600/2812/163
f 1598/2816/166 1603/2815/167 1592/2822/167 1595/2823/166
f 1614/2804/154 1613/2803/153 1616/2824/168 1617/2825/169
f 1602/2826/170 1601/2811/160 1596/2814/160 1593/2827/170
f 1650/2828/171 1651/2795/147 1605/2798/149 1606/2799/172
f 1611/2829/154 1610/2830/155 1612/2806/155 1615/2805/154
f 1655/2810/159 1652/2831/173 1604/2802/174 1608/2807/156
f 1628/2832/162 1663/2833/162 1662/2834/148 1629/2835/148
f 1618/2801/151 1622/2836/175 1608/2807/176 1604/2802/152
f 1607/2821/177 1621/2837/178 1597/2813/161 1600/2812/161
f 1634/2838/179 1632/2839/176 1656/2840/175 1658/2841/179
f 1609/2808/179 1623/2842/179 1621/2837/178 1607/2821/177
f 1606/2799/150 1605/2798/180 1619/2843/181 1620/2800/150
f 1696/2844/182 1697/2845/183 1642/2846/184 1698/2847/185
f 1599/2797/186 1594/2848/186 1619/2843/181 1605/2798/180
f 1608/2807/176 1622/2836/175 1623/2842/179 1609/2808/179
f 1602/2826/187 1648/2849/187 1646/2850/187 1601/2811/187
f 1642/2846/184 1697/2845/183 1662/2834/188 1639/2851/153
f 1652/2831/173 1650/2828/171 1606/2799/172 1604/2802/174
f 1653/2820/164 1654/2809/158 1609/2808/157 1607/2821/165
f 1634/2838/179 1658/2841/179 1657/2852/178 1633/2853/161
f 1631/2854/160 1626/2855/160 1627/2856/180 1630/2857/180
f 1636/2858/189 1701/2859/190 1700/2860/191 1637/2861/192
f 1629/2835/186 1624/2862/186 1625/2863/166 1628/2832/166
f 1640/2864/193 1665/2865/154 1699/2866/194 1643/2867/195
f 1697/2845/196 1633/2853/197 1629/2835/148 1662/2834/148
f 1665/2865/163 1630/2857/163 1635/2868/198 1699/2866/199
f 1640/2864/193 1643/2867/195 1642/2846/184 1639/2851/153
f 1601/2811/187 1646/2850/187 1647/2819/163 1600/2812/163
f 1603/2815/162 1649/2818/162 1663/2833/162 1628/2832/162
f 1598/2816/162 1599/2797/148 1644/2796/148 1645/2817/162
f 1629/2835/186 1633/2853/161 1657/2852/178 1624/2862/186
f 1611/2829/154 1641/2869/154 1638/2870/155 1610/2830/155
f 1696/2844/200 1634/2838/201 1633/2853/197 1697/2845/196
f 1639/2851/153 1638/2870/155 1641/2869/154 1640/2864/193
f 1701/2859/190 1636/2858/189 1632/2839/202 1698/2847/203
f 1602/2826/170 1593/2827/170 1626/2855/160 1631/2854/160
f 1611/2829/154 1648/2849/153 1664/2871/153 1641/2869/154
f 1628/2832/166 1625/2863/166 1592/2822/167 1603/2815/167
f 1656/2840/175 1632/2839/176 1636/2858/152 1660/2872/151
f 1639/2851/153 1662/2834/188 1663/2833/204 1638/2870/155
f 1602/2826/187 1631/2854/187 1664/2871/187 1648/2849/187
f 1699/2866/199 1635/2868/198 1637/2861/192 1700/2860/191
f 1613/2803/153 1612/2806/155 1645/2817/204 1644/2796/188
f 1615/2805/154 1614/2804/154 1647/2819/153 1646/2850/153
f 1611/2829/154 1615/2805/154 1646/2850/153 1648/2849/153
f 1612/2806/155 1610/2830/155 1649/2818/204 1645/2817/204
f 1641/2869/154 1664/2871/153 1665/2865/154 1640/2864/193
f 1614/2804/154 1617/2825/169 1653/2820/205 1647/2819/153
f 1616/2824/168 1613/2803/153 1644/2796/188 1651/2795/206
f 1617/2825/169 1616/2824/168 1652/2831/207 1655/2810/169
f 1637/2861/150 1635/2868/208 1659/2873/181 1661/2874/150
f 1698/2847/203 1632/2839/202 1634/2838/201 1696/2844/200
f 1617/2825/169 1655/2810/169 1654/2809/209 1653/2820/205
f 1650/2828/210 1652/2831/207 1616/2824/168 1651/2795/206
f 1638/2870/155 1663/2833/204 1649/2818/204 1610/2830/155
f 1631/2854/187 1630/2857/163 1665/2865/163 1664/2871/187
f 1643/2867/195 1701/2859/211 1698/2847/185 1642/2846/184
f 1636/2858/152 1637/2861/150 1661/2874/150 1660/2872/151
f 1635/2868/208 1630/2857/180 1627/2856/180 1659/2873/181
f 1643/2867/195 1699/2866/194 1700/2860/212 1701/2859/211
f 1599/2797/186 1598/2816/166 1595/2823/166 1594/2848/186
f 1666/2875/213 1667/2876/213 1669/2877/214 1668/2878/214
f 1668/2878/214 1669/2877/214 1671/2879/215 1670/2880/215
f 1670/2880/215 1671/2879/215 1673/2881/216 1672/2882/216
f 1672/2882/216 1673/2881/216 1675/2883/217 1674/2884/217
f 1676/2885/218 1677/2886/218 1679/2887/219 1678/2888/219
f 1678/2888/219 1679/2887/219 1681/2889/220 1680/2890/220
f 1680/2890/220 1681/2889/220 1683/2891/221 1682/2892/221
f 1682/2892/221 1683/2891/221 1685/2893/193 1684/2894/193
f 1684/2894/193 1685/2893/193 1687/2895/222 1686/2896/222
f 1686/2896/222 1687/2895/222 1689/2897/223 1688/2898/223
f 1688/2898/223 1689/2897/223 1667/2876/213 1666/2875/213
f 1674/2884/217 1675/2883/217 1693/2899/217 1690/2900/217
f 1692/2901/217 1695/2902/217 1694/2903/217 1691/2904/217
f 1690/2900/217 1693/2899/217 1695/2902/217 1692/2901/217
f 1702/2905/213 1704/2906/214 1705/2907/214 1703/2908/213
f 1704/2906/214 1706/2909/215 1707/2910/215 1705/2907/214
f 1706/2909/215 1708/2911/216 1709/2912/216 1707/2910/215
f 1708/2911/216 1710/2913/217 1711/2914/217 1709/2912/216
f 1712/2915/218 1714/2916/219 1715/2917/219 1713/2918/218
f 1714/2916/219 1716/2919/220 1717/2920/220 1715/2917/219
f 1716/2919/220 1718/2921/221 1719/2922/221 1717/2920/220
f 1718/2921/221 1720/2923/193 1721/2924/193 1719/2922/221
f 1720/2923/193 1722/2925/222 1723/2926/222 1721/2924/193
f 1722/2925/222 1724/2927/223 1725/2928/223 1723/2926/222
f 1724/2927/223 1702/2905/213 1703/2908/213 1725/2928/223
f 1710/2913/217 1726/2929/217 1729/2930/217 1711/2914/217
f 1728/2931/217 1727/2932/217 1730/2933/217 1731/2934/217
f 1726/2929/217 1728/2931/217 1731/2934/217 1729/2930/217
f 1791/2935/224 1745/2936/225 1739/2937/226 1784/2938/226
f 1746/2939/227 1744/2940/228 1758/2941/229 1760/2942/227
f 1753/2943/230 1752/2944/231 1755/2945/232 1754/2946/233
f 1748/2947/234 1795/2948/235 1794/2949/236 1749/2950/237
f 1741/2951/238 1736/2952/238 1737/2953/239 1740/2954/239
f 1743/2955/240 1789/2956/240 1785/2957/240 1738/2958/240
f 1787/2959/241 1740/2954/241 1747/2960/242 1793/2961/243
f 1738/2958/244 1735/2962/244 1732/2963/245 1743/2955/245
f 1754/2946/233 1757/2964/246 1756/2965/247 1753/2943/230
f 1742/2966/248 1733/2967/248 1736/2952/238 1741/2951/238
f 1790/2968/249 1746/2939/250 1745/2936/225 1791/2935/224
f 1751/2969/232 1755/2945/232 1752/2944/231 1750/2970/231
f 1795/2948/235 1748/2947/234 1744/2940/251 1792/2971/252
f 1768/2972/240 1769/2973/253 1802/2974/253 1803/2975/240
f 1758/2941/229 1744/2940/228 1748/2947/254 1762/2976/255
f 1747/2960/256 1740/2954/239 1737/2953/239 1761/2977/257
f 1774/2978/258 1798/2979/258 1796/2980/259 1772/2981/260
f 1749/2950/261 1747/2960/256 1761/2977/257 1763/2982/261
f 1746/2939/227 1760/2942/227 1759/2983/262 1745/2936/263
f 1836/2984/264 1838/2985/265 1782/2986/266 1837/2987/267
f 1739/2937/268 1745/2936/263 1759/2983/262 1734/2988/268
f 1748/2947/254 1749/2950/261 1763/2982/261 1762/2976/255
f 1742/2966/269 1741/2951/269 1786/2989/269 1788/2990/269
f 1782/2986/266 1779/2991/230 1802/2974/270 1837/2987/267
f 1792/2971/252 1744/2940/251 1746/2939/250 1790/2968/249
f 1793/2961/243 1747/2960/242 1749/2950/237 1794/2949/236
f 1774/2978/258 1773/2992/271 1797/2993/272 1798/2979/258
f 1771/2994/273 1770/2995/274 1767/2996/274 1766/2997/273
f 1776/2998/275 1777/2999/276 1840/3000/277 1841/3001/278
f 1769/2973/279 1768/2972/244 1765/3002/244 1764/3003/279
f 1780/3004/233 1783/3005/280 1839/3006/281 1805/3007/282
f 1837/2987/283 1802/2974/253 1769/2973/253 1773/2992/284
f 1805/3007/285 1839/3006/286 1775/3008/287 1770/2995/285
f 1780/3004/233 1779/2991/230 1782/2986/266 1783/3005/280
f 1741/2951/269 1740/2954/241 1787/2959/241 1786/2989/269
f 1743/2955/240 1768/2972/240 1803/2975/240 1789/2956/240
f 1738/2958/240 1785/2957/240 1784/2938/226 1739/2937/226
f 1769/2973/279 1764/3003/279 1797/2993/272 1773/2992/271
f 1751/2969/232 1750/2970/231 1778/3009/231 1781/3010/232
f 1836/2984/288 1837/2987/283 1773/2992/284 1774/2978/289
f 1779/2991/230 1780/3004/233 1781/3010/232 1778/3009/231
f 1841/3001/278 1838/2985/290 1772/2981/291 1776/2998/275
f 1742/2966/248 1771/2994/273 1766/2997/273 1733/2967/248
f 1751/2969/232 1781/3010/232 1804/3011/292 1788/2990/292
f 1768/2972/244 1743/2955/245 1732/2963/245 1765/3002/244
f 1796/2980/259 1800/3012/293 1776/2998/294 1772/2981/260
f 1779/2991/230 1778/3009/231 1803/2975/295 1802/2974/270
f 1742/2966/269 1788/2990/269 1804/3011/269 1771/2994/269
f 1839/3006/286 1840/3000/277 1777/2999/276 1775/3008/287
f 1753/2943/230 1784/2938/270 1785/2957/295 1752/2944/231
f 1755/2945/232 1786/2989/292 1787/2959/296 1754/2946/233
f 1751/2969/232 1788/2990/292 1786/2989/292 1755/2945/232
f 1752/2944/231 1785/2957/295 1789/2956/295 1750/2970/231
f 1781/3010/232 1780/3004/233 1805/3007/282 1804/3011/292
f 1754/2946/233 1787/2959/296 1793/2961/297 1757/2964/246
f 1756/2965/247 1791/2935/298 1784/2938/270 1753/2943/230
f 1757/2964/246 1795/2948/299 1792/2971/300 1756/2965/247
f 1777/2999/301 1801/3013/301 1799/3014/302 1775/3008/303
f 1838/2985/290 1836/2984/288 1774/2978/289 1772/2981/291
f 1757/2964/246 1793/2961/297 1794/2949/304 1795/2948/299
f 1790/2968/305 1791/2935/298 1756/2965/247 1792/2971/300
f 1778/3009/231 1750/2970/231 1789/2956/295 1803/2975/295
f 1771/2994/269 1804/3011/269 1805/3007/285 1770/2995/285
f 1783/3005/280 1782/2986/266 1838/2985/265 1841/3001/306
f 1776/2998/294 1800/3012/293 1801/3013/301 1777/2999/301
f 1775/3008/303 1799/3014/302 1767/2996/274 1770/2995/274
f 1783/3005/280 1841/3001/306 1840/3000/307 1839/3006/281
f 1739/2937/268 1734/2988/268 1735/2962/244 1738/2958/244
f 1806/3015/308 1808/3016/220 1809/3017/220 1807/3018/308
f 1808/3016/220 1810/3019/309 1811/3020/309 1809/3017/220
f 1810/3019/309 1812/3021/310 1813/3022/310 1811/3020/309
f 1812/3021/310 1814/3023/311 1815/3024/311 1813/3022/310
f 1816/3025/312 1818/3026/313 1819/3027/313 1817/3028/312
f 1818/3026/313 1820/3029/314 1821/3030/314 1819/3027/313
f 1820/3029/314 1822/3031/215 1823/3032/215 1821/3030/314
f 1822/3031/215 1824/3033/217 1825/3034/217 1823/3032/215
f 1824/3033/217 1826/3035/315 1827/3036/315 1825/3034/217
f 1826/3035/315 1828/3037/316 1829/3038/316 1827/3036/315
f 1828/3037/316 1806/3015/308 1807/3018/308 1829/3038/316
f 1814/3023/311 1830/3039/193 1833/3040/193 1815/3024/311
f 1832/3041/193 1831/3042/193 1834/3043/193 1835/3044/193
f 1830/3039/193 1832/3041/193 1835/3044/193 1833/3040/193
f 1842/3045/308 1843/3046/308 1845/3047/220 1844/3048/220
f 1844/3048/220 1845/3047/220 1847/3049/309 1846/3050/309
f 1846/3050/309 1847/3049/309 1849/3051/310 1848/3052/310
f 1848/3052/310 1849/3051/310 1851/3053/311 1850/3054/311
f 1852/3055/312 1853/3056/312 1855/3057/313 1854/3058/313
f 1854/3058/313 1855/3057/313 1857/3059/314 1856/3060/314
f 1856/3060/314 1857/3059/314 1859/3061/215 1858/3062/215
f 1858/3062/215 1859/3061/215 1861/3063/217 1860/3064/217
f 1860/3064/217 1861/3063/217 1863/3065/315 1862/3066/315
f 1862/3066/315 1863/3065/315 1865/3067/316 1864/3068/316
f 1864/3068/316 1865/3067/316 1843/3046/308 1842/3045/308
f 1850/3054/311 1851/3053/311 1869/3069/193 1866/3070/193
f 1868/3071/193 1871/3072/193 1870/3073/193 1867/3074/193
f 1866/3070/193 1869/3069/193 1871/3072/193 1868/3071/193
f 1594/2848/317 1595/2823/318 1735/3075/318 1734/3076/317
f 1596/2814/319 1597/2813/320 1737/3077/320 1736/3078/319
f 1593/2827/321 1596/2814/319 1736/3078/319 1733/3079/321
f 1595/2823/318 1592/2822/322 1732/3080/322 1735/3075/318
f 1619/2843/323 1594/2848/317 1734/3076/317 1759/3081/323
f 1620/2800/324 1619/2843/323 1759/3081/323 1760/3082/324
f 1618/2801/325 1620/2800/326 1760/3082/326 1758/3083/325
f 1622/2836/327 1618/2801/325 1758/3083/325 1762/3084/327
f 1623/2842/328 1622/2836/327 1762/3084/327 1763/3085/329
f 1621/2837/330 1623/2842/328 1763/3085/329 1761/3086/330
f 1597/2813/320 1621/2837/330 1761/3086/330 1737/3077/320
f 1627/2856/331 1626/2855/332 1766/3087/332 1767/3088/331
f 1658/2841/333 1656/2840/334 1796/3089/334 1798/3090/333
f 1657/2852/335 1658/2841/336 1798/3090/336 1797/3091/335
f 1625/2863/318 1624/2862/317 1764/3092/317 1765/3093/318
f 1661/2874/337 1659/2873/338 1799/3094/338 1801/3095/339
f 1660/2872/340 1661/2874/337 1801/3095/339 1800/3096/340
f 1624/2862/317 1657/2852/335 1797/3091/335 1764/3092/317
f 1659/2873/338 1627/2856/331 1767/3088/331 1799/3094/338
f 1656/2840/334 1660/2872/340 1800/3096/340 1796/3089/334
f 1666/3097/341 1668/3098/341 1808/3099/341 1806/3100/341
f 1669/3101/342 1667/3102/342 1807/3103/342 1809/3104/342
f 1668/3098/341 1670/3105/341 1810/3106/341 1808/3099/341
f 1671/3107/342 1669/3101/342 1809/3104/342 1811/3108/342
f 1670/3105/341 1672/3109/341 1812/3110/341 1810/3106/341
f 1673/3111/342 1671/3107/342 1811/3108/342 1813/3112/342
f 1672/3109/341 1674/3113/341 1814/3114/341 1812/3110/341
f 1675/3115/342 1673/3111/342 1813/3112/342 1815/3116/342
f 1677/3117/343 1676/3118/343 1816/3025/343 1817/3028/343
f 1676/3119/341 1678/3120/341 1818/3121/341 1816/3122/341
f 1679/3123/342 1677/3124/342 1817/3125/342 1819/3126/342
f 1678/3120/341 1680/3127/341 1820/3128/341 1818/3121/341
f 1681/3129/342 1679/3123/342 1819/3126/342 1821/3130/342
f 1680/3127/341 1682/3131/341 1822/3132/341 1820/3128/341
f 1683/3133/342 1681/3129/342 1821/3130/342 1823/3134/342
f 1682/3131/341 1684/3135/341 1824/3136/341 1822/3132/341
f 1685/3137/342 1683/3133/342 1823/3134/342 1825/3138/342
f 1684/3135/341 1686/3139/341 1826/3140/341 1824/3136/341
f 1687/3141/342 1685/3137/342 1825/3138/342 1827/3142/342
f 1686/3139/341 1688/3143/341 1828/3144/341 1826/3140/341
f 1689/3145/342 1687/3141/342 1827/3142/342 1829/3146/342
f 1688/3143/341 1666/3097/341 1806/3100/341 1828/3144/341
f 1667/3102/342 1689/3145/342 1829/3146/342 1807/3103/342
f 1674/3113/341 1690/3147/344 1830/3148/344 1814/3114/341
f 1693/3149/345 1675/3115/342 1815/3116/342 1833/3150/345
f 1695/3151/346 1693/3149/345 1833/3150/345 1835/3152/346
f 1694/3153/347 1695/3151/348 1835/3152/348 1834/3154/347
f 1691/3155/349 1694/3153/347 1834/3154/347 1831/3156/349
f 1692/3157/350 1691/3155/349 1831/3156/349 1832/3158/350
f 1690/3147/344 1692/3157/351 1832/3158/351 1830/3148/344
f 1704/3159/342 1702/3160/342 1842/3161/342 1844/3162/342
f 1703/3163/341 1705/3164/341 1845/3165/341 1843/3166/341
f 1706/3167/342 1704/3159/342 1844/3162/342 1846/3168/342
f 1705/3164/341 1707/3169/341 1847/3170/341 1845/3165/341
f 1708/3171/342 1706/3167/342 1846/3168/342 1848/3172/342
f 1707/3169/341 1709/3173/341 1849/3174/341 1847/3170/341
f 1710/3175/342 1708/3171/342 1848/3172/342 1850/3176/342
f 1709/3173/341 1711/3177/341 1851/3178/341 1849/3174/341
f 1712/3179/343 1713/3180/343 1853/3056/343 1852/3055/343
f 1714/3181/342 1712/3182/342 1852/3183/342 1854/3184/342
f 1713/3185/341 1715/3186/341 1855/3187/341 1853/3188/341
f 1716/3189/342 1714/3181/342 1854/3184/342 1856/3190/342
f 1715/3186/341 1717/3191/341 1857/3192/341 1855/3187/341
f 1718/3193/342 1716/3189/342 1856/3190/342 1858/3194/342
f 1717/3191/341 1719/3195/341 1859/3196/341 1857/3192/341
f 1720/3197/342 1718/3193/342 1858/3194/342 1860/3198/342
f 1719/3195/341 1721/3199/341 1861/3200/341 1859/3196/341
f 1722/3201/342 1720/3197/342 1860/3198/342 1862/3202/342
f 1721/3199/341 1723/3203/341 1863/3204/341 1861/3200/341
f 1724/3205/342 1722/3201/342 1862/3202/342 1864/3206/342
f 1723/3203/341 1725/3207/341 1865/3208/341 1863/3204/341
f 1702/3160/342 1724/3205/342 1864/3206/342 1842/3161/342
f 1725/3207/341 1703/3163/341 1843/3166/341 1865/3208/341
f 1726/3209/345 1710/3175/342 1850/3176/342 1866/3210/345
f 1711/3177/341 1729/3211/344 1869/3212/344 1851/3178/341
f 1729/3211/344 1731/3213/351 1871/3214/351 1869/3212/344
f 1731/3213/350 1730/3215/349 1870/3216/349 1871/3214/350
f 1730/3215/349 1727/3217/347 1867/3218/347 1870/3216/349
f 1727/3217/347 1728/3219/348 1868/3220/348 1867/3218/347
f 1728/3219/346 1726/3209/345 1866/3210/345 1868/3220/346
f 1592/2822/322 1625/2863/318 1765/3093/318 1732/3080/322
f 1626/2855/332 1593/2827/321 1733/3079/321 1766/3087/332
o fuse_switch_01
v -0.115577 0.089963 0.035826
v -0.086294 0.089963 0.035826
v -0.115577 0.086768 0.035826
v -0.086294 0.086768 0.035826
v -0.115577 0.083816 0.037049
v -0.086294 0.083816 0.037049
v -0.115577 0.083816 0.050667
v -0.086294 0.083816 0.050667
v -0.115577 0.086768 0.051890
v -0.086294 0.086768 0.051890
v -0.115577 0.089963 0.051890
v -0.086294 0.089963 0.051890
v -0.115577 0.092915 0.050667
v -0.086294 0.092915 0.050667
v -0.115577 0.095175 0.048408
v -0.086294 0.095175 0.048408
v -0.115577 0.096397 0.045456
v -0.086294 0.096397 0.045456
v -0.115577 0.096397 0.042260
v -0.086294 0.096397 0.042260
v -0.115577 0.095175 0.039308
v -0.086294 0.095175 0.039308
v -0.115577 0.092915 0.037049
v -0.086294 0.092915 0.037049
v -0.086294 0.097311 0.043383
v -0.115577 0.097311 0.043383
v -0.115577 0.097311 0.044333
v -0.086294 0.097311 0.044333
v -0.115577 0.101115 0.041073
v -0.086294 0.101115 0.046643
v -0.115577 0.102494 0.044631
v -0.115577 0.104049 0.043975
v -0.086294 0.102494 0.044631
v -0.086294 0.104049 0.043975
v -0.115577 0.102494 0.043085
v -0.115577 0.104049 0.043741
v -0.086294 0.104049 0.043741
v -0.086294 0.102494 0.043085
v -0.115577 0.105534 0.044377
v -0.115577 0.105534 0.043339
v -0.086294 0.105534 0.043339
v -0.086294 0.105534 0.044377
v -0.115577 0.101115 0.046643
v -0.115577 0.100476 0.046609
v -0.086294 0.100476 0.041107
v -0.086294 0.101115 0.041073
v -0.086294 0.100476 0.046609
v -0.115577 0.100476 0.041107
v -0.086294 0.102880 0.045533
v -0.115577 0.102880 0.042183
v -0.115577 0.102880 0.045533
v -0.086294 0.102880 0.042183
v -0.086294 0.101065 0.042338
v -0.086294 0.100535 0.042360
v -0.115577 0.100535 0.042360
v -0.115577 0.101065 0.042338
v -0.115577 0.101143 0.045375
v -0.115577 0.100614 0.045368
v -0.086294 0.100614 0.045368
v -0.086294 0.101143 0.045375
vn -0.0000 1.0000 -0.0000
vn -0.0000 0.1951 -0.9808
vn -0.0000 -0.1951 -0.9808
vn -0.0000 -0.3827 -0.9239
vn -0.0000 -0.3827 0.9239
vn -0.0000 -0.1951 0.9808
vn -0.0000 0.1951 0.9808
vn -0.0000 0.5556 0.8315
vn -0.0000 0.8315 0.5556
vn -0.0000 -0.4262 0.9046
vn -0.0000 -0.3887 0.9214
vn -0.0000 0.9239 0.3827
vn -0.0000 0.9239 -0.3827
vn -0.0000 0.8315 -0.5556
vn -0.0000 0.5556 -0.8315
vn -0.0000 -0.2721 0.9623
vn -0.0000 -0.1639 0.9865
vn 1.0000 -0.0000 -0.0000
vn -0.0000 0.3993 0.9168
vn -0.0000 0.4672 0.8841
vn -0.0000 0.5324 -0.8465
vn -0.0000 0.4672 -0.8841
vn -0.0000 -0.0538 0.9986
vn -0.0000 -0.0538 -0.9986
vn -0.0000 -0.1640 -0.9865
vn -0.0000 -0.2721 -0.9623
vn -1.0000 -0.0000 -0.0000
vn -0.0000 0.3993 -0.9168
vn -0.0000 0.5325 0.8465
vn -0.0000 -0.3887 -0.9214
vn -0.0000 -0.4362 -0.8999
vn -0.0000 0.1583 -0.9874
vn -0.0000 0.2990 -0.9543
vn -0.0000 -0.2179 0.9760
vn -0.0000 -0.2422 -0.9702
vn -0.0000 -1.0000 -0.0000
vn -0.0000 0.1737 0.9848
vn -0.0000 0.3025 0.9532
vt 0.391688 0.185805
vt 0.350420 0.185805
vt 0.350420 0.184342
vt 0.391688 0.184341
vt 0.350419 0.335951
vt 0.391693 0.335951
vt 0.391693 0.340455
vt 0.350419 0.340455
vt 0.391693 0.344959
vt 0.350419 0.344959
vt 0.350414 0.520437
vt 0.391688 0.520437
vt 0.391688 0.524941
vt 0.350414 0.524941
vt 0.391688 0.529445
vt 0.350414 0.529445
vt 0.391688 0.533949
vt 0.350414 0.533949
vt 0.391688 0.538452
vt 0.350414 0.538452
vt 0.678342 0.361716
vt 0.675963 0.361716
vt 0.675963 0.320443
vt 0.678342 0.320443
vt 0.391688 0.542956
vt 0.350414 0.542956
vt 0.350419 0.322440
vt 0.391693 0.322440
vt 0.391693 0.326943
vt 0.350419 0.326943
vt 0.391693 0.331448
vt 0.350419 0.331447
vt 0.391688 0.199699
vt 0.350420 0.199699
vt 0.350420 0.193725
vt 0.391688 0.193725
vt 0.427636 0.290724
vt 0.426584 0.292739
vt 0.424800 0.292667
vt 0.426364 0.290180
vt 0.391688 0.189885
vt 0.350420 0.189885
vt 0.426615 0.293485
vt 0.428057 0.298029
vt 0.426474 0.299318
vt 0.424848 0.293569
vt 0.665456 0.361716
vt 0.664118 0.361716
vt 0.664118 0.320443
vt 0.665456 0.320443
vt 0.350420 0.177323
vt 0.391688 0.177323
vt 0.391688 0.180261
vt 0.350420 0.180261
vt 0.350420 0.192823
vt 0.391688 0.192823
vt 0.350420 0.176421
vt 0.391688 0.176421
vt 0.430865 0.292628
vt 0.429816 0.290724
vt 0.431088 0.290180
vt 0.432652 0.292667
vt 0.350420 0.170447
vt 0.391688 0.170447
vt 0.677562 0.723033
vt 0.678611 0.721128
vt 0.680399 0.721089
vt 0.678834 0.723577
vt 0.675633 0.361716
vt 0.673254 0.361716
vt 0.673254 0.320443
vt 0.675633 0.320443
vt 0.677141 0.715726
vt 0.675802 0.715726
vt 0.674219 0.714437
vt 0.678724 0.714437
vt 0.429396 0.298029
vt 0.430978 0.299318
vt 0.670335 0.361716
vt 0.670335 0.320443
vt 0.680615 0.361716
vt 0.680615 0.320443
vt 0.430854 0.293374
vt 0.432604 0.293569
vt 0.671080 0.361716
vt 0.671081 0.320443
vt 0.674329 0.721018
vt 0.675382 0.723033
vt 0.674110 0.723577
vt 0.672544 0.721089
vt 0.672593 0.720188
vt 0.674360 0.720271
vt 0.428891 0.288532
vt 0.429458 0.286438
vt 0.676307 0.725225
vt 0.675740 0.727319
vt 0.676637 0.725225
vt 0.677204 0.727319
vt 0.428561 0.288532
vt 0.427994 0.286438
vt 0.678600 0.720383
vt 0.680350 0.720188
vt 0.681362 0.320443
vt 0.681362 0.361716
vt 0.686129 0.361716
vt 0.686129 0.320443
s 1
f 1910/3221/352 1913/3222/352 1912/3223/352 1911/3224/352
f 1872/3225/353 1873/3226/353 1875/3227/354 1874/3228/354
f 1874/3228/354 1875/3227/354 1877/3229/355 1876/3230/355
f 1878/3231/356 1879/3232/356 1881/3233/357 1880/3234/357
f 1880/3234/357 1881/3233/357 1883/3235/358 1882/3236/358
f 1882/3236/358 1883/3235/358 1885/3237/359 1884/3238/359
f 1884/3238/359 1885/3237/359 1887/3239/360 1886/3240/360
f 1909/3241/361 1908/3242/362 1907/3243/362 1906/3244/361
f 1886/3240/360 1887/3239/360 1889/3245/363 1888/3246/363
f 1890/3247/364 1891/3248/364 1893/3249/365 1892/3250/365
f 1892/3250/365 1893/3249/365 1895/3251/366 1894/3252/366
f 1888/3253/367 1889/3254/367 1918/3255/368 1915/3256/368
f 1909/3257/369 1924/3258/369 1917/3259/369 1923/3260/369
f 1913/3222/370 1910/3221/370 1922/3261/371 1920/3262/371
f 1925/3263/369 1896/3264/369 1891/3265/369 1916/3266/369
f 1899/3267/352 1896/3268/352 1897/3269/352 1898/3270/352
f 1917/3271/372 1900/3272/372 1921/3273/373 1923/3274/373
f 1901/3275/374 1914/3276/374 1915/3256/368 1918/3255/368
f 1900/3272/375 1917/3271/375 1916/3277/376 1919/3278/376
f 1931/3279/369 1904/3280/369 1920/3281/369 1901/3282/369
f 1891/3283/377 1890/3284/377 1919/3278/376 1916/3277/376
f 1902/3285/378 1928/3286/378 1914/3287/378 1922/3288/378
f 1911/3224/379 1912/3223/379 1923/3274/373 1921/3273/373
f 1914/3276/380 1901/3275/380 1920/3262/371 1922/3261/371
f 1905/3289/381 1904/3290/382 1902/3291/382 1903/3292/381
f 1898/3293/378 1897/3294/378 1890/3295/378 1888/3296/378
f 1896/3264/369 1899/3297/369 1889/3298/369 1891/3265/369
f 1930/3299/383 1899/3267/384 1898/3270/384 1929/3300/383
f 1924/3301/385 1909/3241/361 1906/3244/361 1927/3302/385
f 1899/3297/369 1930/3303/369 1918/3304/369 1889/3298/369
f 1904/3290/382 1931/3305/386 1928/3306/386 1902/3291/382
f 1927/3307/378 1906/3308/378 1921/3309/378 1900/3310/378
f 1930/3303/369 1931/3279/369 1901/3282/369 1918/3304/369
f 1927/3307/378 1900/3310/378 1919/3311/378 1926/3312/378
f 1904/3280/369 1905/3313/369 1913/3314/369 1920/3281/369
f 1906/3308/378 1907/3315/378 1911/3316/378 1921/3309/378
f 1903/3317/378 1902/3285/378 1922/3288/378 1910/3318/378
f 1908/3319/369 1909/3257/369 1923/3260/369 1912/3320/369
f 1929/3321/378 1898/3293/378 1888/3296/378 1915/3322/378
f 1911/3316/378 1907/3315/378 1903/3317/378 1910/3318/378
f 1912/3320/369 1913/3314/369 1905/3313/369 1908/3319/369
f 1897/3294/378 1926/3312/378 1919/3311/378 1890/3295/378
f 1907/3243/387 1908/3242/387 1905/3289/387 1903/3292/387
f 1894/3252/366 1895/3251/366 1873/3226/353 1872/3225/353
f 1929/3321/378 1915/3322/378 1914/3287/378 1928/3286/378
f 1924/3301/385 1927/3302/385 1926/3323/388 1925/3324/388
f 1930/3299/383 1929/3300/383 1928/3306/386 1931/3305/386
f 1896/3325/389 1925/3324/388 1926/3323/388 1897/3326/389
f 1924/3258/369 1925/3263/369 1916/3266/369 1917/3259/369
o fuse_switch_02
v -0.079078 0.089453 0.050558
v -0.068456 0.089453 0.050558
v -0.079078 0.091869 0.049592
v -0.068456 0.091869 0.049592
v -0.079078 0.093731 0.047775
v -0.068456 0.093731 0.047775
v -0.079078 0.094791 0.044953
v -0.068456 0.094791 0.044953
v -0.079078 0.094788 0.042782
v -0.068456 0.094788 0.042782
v -0.079078 0.093822 0.040366
v -0.068456 0.093822 0.040366
v -0.079078 0.092005 0.038504
v -0.068456 0.092005 0.038504
v -0.079078 0.089613 0.037479
v -0.068456 0.089613 0.037479
v -0.079078 0.087016 0.050558
v -0.068456 0.087016 0.050558
v -0.079078 0.084600 0.049592
v -0.068456 0.084600 0.049592
v -0.068456 0.099216 0.044953
v -0.079078 0.099216 0.044953
v -0.079078 0.099238 0.042782
v -0.068456 0.099238 0.042782
v -0.079730 0.099548 0.043125
v -0.079153 0.103201 0.043141
v -0.079730 0.104470 0.042265
v -0.079730 0.099242 0.042227
v -0.079730 0.099530 0.044624
v -0.079730 0.104226 0.042256
v -0.079730 0.103885 0.042246
v -0.079730 0.103165 0.044619
v -0.079730 0.099212 0.045491
v -0.067804 0.099548 0.042875
v -0.068381 0.103201 0.042891
v -0.079730 0.104226 0.044492
v -0.079730 0.104403 0.043851
v -0.079730 0.103885 0.045032
v -0.067804 0.104470 0.042266
v -0.067804 0.099242 0.042227
v -0.079730 0.103303 0.045332
v -0.067804 0.099530 0.044624
v -0.073767 0.104226 0.042256
v -0.067804 0.104226 0.042256
v -0.079730 0.103201 0.043141
v -0.073767 0.103885 0.042246
v -0.079153 0.099548 0.043125
v -0.067804 0.103885 0.042246
v -0.079153 0.099530 0.044624
v -0.067804 0.103165 0.044619
v -0.079153 0.103165 0.044619
v -0.067804 0.099212 0.045491
v -0.067804 0.104226 0.044492
v -0.067804 0.104403 0.043851
v -0.067804 0.103885 0.045032
v -0.067804 0.103303 0.045332
v -0.079391 0.091869 0.049592
v -0.079391 0.089453 0.050558
v -0.079391 0.093731 0.047775
v -0.067804 0.103201 0.042891
v -0.068381 0.099548 0.042875
v -0.068381 0.099530 0.044624
v -0.068381 0.103165 0.044619
v -0.079391 0.094791 0.044953
v -0.079391 0.094788 0.042782
v -0.068143 0.091869 0.049592
v -0.068143 0.089453 0.050558
v -0.079391 0.093822 0.040366
v -0.068143 0.093731 0.047775
v -0.079391 0.092005 0.038504
v -0.068143 0.094791 0.044953
v -0.079391 0.089613 0.037479
v -0.068143 0.094788 0.042782
v -0.068143 0.093822 0.040366
v -0.068143 0.092005 0.038504
v -0.068143 0.089613 0.037479
v -0.073767 0.089453 0.050558
v -0.073767 0.091869 0.049592
v -0.073767 0.093731 0.047775
v -0.073767 0.094791 0.044953
v -0.073767 0.094788 0.042782
v -0.073767 0.093822 0.040366
v -0.073767 0.092005 0.038504
v -0.073767 0.089613 0.037479
v -0.073767 0.099216 0.044953
v -0.073767 0.099238 0.042782
v -0.073767 0.099212 0.045491
v -0.073767 0.099242 0.042227
v -0.073767 0.104470 0.042265
v -0.073767 0.104403 0.043851
v -0.073767 0.104226 0.044492
v -0.073767 0.103885 0.045032
v -0.073767 0.103303 0.045332
v -0.067804 0.103380 0.042237
v -0.073767 0.103380 0.042237
v -0.079730 0.103380 0.042237
v -0.079078 0.084464 0.038504
v -0.068456 0.084464 0.038504
v -0.079078 0.086856 0.037479
v -0.068456 0.086856 0.037479
v -0.079391 0.084600 0.049592
v -0.079391 0.087016 0.050558
v -0.068143 0.084600 0.049592
v -0.068143 0.087016 0.050558
v -0.079391 0.084464 0.038504
v -0.079391 0.086856 0.037479
v -0.068143 0.084464 0.038504
v -0.068143 0.086856 0.037479
v -0.073767 0.087016 0.050558
v -0.073767 0.084600 0.049592
v -0.073767 0.084464 0.038504
v -0.073767 0.086856 0.037479
v -0.079078 0.083690 0.048709
v -0.068456 0.083690 0.048709
v -0.079078 0.083554 0.039387
v -0.068456 0.083554 0.039387
v -0.079391 0.083690 0.048709
v -0.068143 0.083690 0.048709
v -0.079391 0.083554 0.039387
v -0.068143 0.083554 0.039387
v -0.073767 0.083690 0.048709
v -0.073767 0.083554 0.039387
vn -0.0000 0.1891 0.9820
vn -0.0000 0.5454 0.8382
vn -0.0000 0.8373 0.5468
vn -0.0000 0.9714 0.2373
vn -0.0000 0.9361 0.3517
vn 1.0000 -0.0000 -0.0000
vn -0.0000 0.9285 -0.3713
vn -0.0000 0.9677 -0.2521
vn -0.0000 0.8382 -0.5454
vn -0.0000 0.5657 -0.8246
vn -0.0000 0.2011 -0.9796
vn -1.0000 -0.0000 -0.0000
vn -0.0000 -0.1891 0.9820
vn -0.0000 -0.0000 1.0000
vn -0.0000 0.0338 -0.9994
vn -0.0000 0.0237 -0.9997
vn -0.0001 -1.0000 -0.0091
vn -0.0001 -1.0000 -0.0090
vn -0.0001 -1.0000 -0.0092
vn -0.0000 0.9999 0.0122
vn -0.0000 -1.0000 -0.0087
vn -0.0000 0.9145 0.4046
vn -0.0000 0.6758 0.7371
vn -0.0000 0.9878 0.1554
vn -0.0000 0.9991 0.0421
vn -0.0000 0.0107 -0.9999
vn -0.0000 0.0023 -1.0000
vn -0.0000 -0.0044 1.0000
vn -0.0000 0.0394 -0.9992
vn -0.0000 -0.0013 -1.0000
vn -0.0000 0.2548 0.9670
vn -0.0000 0.9818 -0.1899
vn -0.0000 -0.9997 -0.0247
vn -0.0000 0.9999 0.0105
vn -0.0000 -0.9998 -0.0212
vn -0.0000 -0.2011 -0.9796
vn 0.0001 -1.0000 -0.0090
vn 0.0001 -1.0000 -0.0091
vn -0.0000 -1.0000 -0.0084
vn -0.0000 0.9840 0.1779
vn 0.0001 -1.0000 -0.0092
vn -0.0000 -0.0000 -1.0000
vn -0.0000 0.0387 0.9992
vn -0.0000 -0.5543 -0.8323
vn -0.0000 -0.5441 0.8390
vn -0.0000 -0.6963 -0.7178
vn -0.0000 -0.6963 0.7178
vt 0.385399 0.556373
vt 0.385399 0.563858
vt 0.381732 0.563858
vt 0.381732 0.556373
vt 0.378065 0.563858
vt 0.378065 0.556373
vt 0.373815 0.563858
vt 0.373815 0.556373
vt 0.707014 0.842630
vt 0.707008 0.839220
vt 0.712640 0.839220
vt 0.712606 0.842630
vt 0.370756 0.556373
vt 0.370756 0.563858
vt 0.367088 0.563858
vt 0.367088 0.556373
vt 0.363422 0.563858
vt 0.363422 0.556373
vt 0.359754 0.563858
vt 0.359754 0.556373
vt 0.033085 0.905348
vt 0.033085 0.910053
vt 0.030828 0.910069
vt 0.030859 0.905392
vt 0.388834 0.563858
vt 0.388834 0.564300
vt 0.385399 0.564300
vt 0.989752 0.108050
vt 0.989298 0.109373
vt 0.989265 0.104560
vt 0.989731 0.105839
vt 0.707014 0.810782
vt 0.707014 0.802440
vt 0.712606 0.802440
vt 0.712606 0.810782
vt 0.994358 0.108039
vt 0.994618 0.109373
vt 0.947150 0.874808
vt 0.947150 0.875316
vt 0.938282 0.875316
vt 0.938282 0.874808
vt 0.308844 0.900274
vt 0.308844 0.897225
vt 0.309760 0.896445
vt 0.309760 0.901030
vt 0.030834 0.910936
vt 0.033092 0.910921
vt 0.301385 0.900274
vt 0.301385 0.901030
vt 0.429508 0.877536
vt 0.420795 0.877536
vt 0.420795 0.876603
vt 0.429508 0.876603
vt 0.438220 0.878507
vt 0.438220 0.880826
vt 0.429508 0.880826
vt 0.429508 0.878507
vt 0.420795 0.878507
vt 0.420795 0.880826
vt 0.947150 0.876067
vt 0.956018 0.876067
vt 0.956018 0.881432
vt 0.947150 0.881432
vt 0.033953 0.910053
vt 0.033953 0.905348
vt 0.947150 0.874445
vt 0.956018 0.874445
vt 0.956018 0.874808
vt 0.029990 0.905386
vt 0.029959 0.910063
vt 0.429508 0.875646
vt 0.438220 0.875646
vt 0.438220 0.876603
vt 0.995874 0.106050
vt 0.995866 0.109348
vt 0.995363 0.109361
vt 0.995374 0.105253
vt 0.438220 0.877536
vt 0.367088 0.548888
vt 0.367088 0.548446
vt 0.370756 0.548446
vt 0.370756 0.548888
vt 0.994516 0.104807
vt 0.994310 0.105858
vt 0.033068 0.904480
vt 0.030842 0.904524
vt 0.996133 0.106996
vt 0.996225 0.109335
vt 0.157911 0.908972
vt 0.160479 0.908992
vt 0.161752 0.909456
vt 0.156961 0.909423
vt 0.161506 0.904229
vt 0.160459 0.904434
vt 0.160268 0.902877
vt 0.161062 0.903376
vt 0.156973 0.903386
vt 0.156986 0.902886
vt 0.956018 0.875316
vt 0.429021 0.901377
vt 0.429052 0.906047
vt 0.428184 0.906053
vt 0.428153 0.901383
vt 0.938282 0.881432
vt 0.938282 0.876067
vt 0.159327 0.902619
vt 0.156999 0.902528
vt 0.156961 0.904128
vt 0.157922 0.904388
vt 0.428180 0.906921
vt 0.425548 0.906906
vt 0.425553 0.906039
vt 0.424686 0.906039
vt 0.424686 0.901341
vt 0.425553 0.901341
vt 0.425567 0.900475
vt 0.428167 0.900516
vt 0.355868 0.556373
vt 0.355868 0.548888
vt 0.359754 0.548888
vt 0.370756 0.564300
vt 0.367088 0.564300
vt 0.381732 0.564300
vt 0.293926 0.897225
vt 0.293010 0.896445
vt 0.301385 0.896445
vt 0.301385 0.897225
vt 0.363422 0.564300
vt 0.381732 0.548888
vt 0.381732 0.548446
vt 0.385399 0.548446
vt 0.385399 0.548888
vt 0.378065 0.564300
vt 0.373815 0.548888
vt 0.373815 0.548446
vt 0.378065 0.548446
vt 0.378065 0.548888
vt 0.359754 0.564300
vt 0.359754 0.548446
vt 0.363422 0.548446
vt 0.363422 0.548888
vt 0.373815 0.564300
vt 0.388834 0.548888
vt 0.388834 0.548446
vt 0.293010 0.901030
vt 0.293926 0.900274
vt 0.712606 0.819125
vt 0.707014 0.819125
vt 0.707008 0.822535
vt 0.712640 0.822535
vt 0.712640 0.830877
vt 0.707008 0.830877
vt 0.355868 0.548446
vt 0.420795 0.875646
vt 0.420795 0.870437
vt 0.429508 0.870437
vt 0.938282 0.874445
vt 0.355868 0.563858
vt 0.355868 0.564300
vt 0.388834 0.556373
vt 0.352201 0.556373
vt 0.352201 0.563858
vt 0.392502 0.556373
vt 0.392502 0.563858
vt 0.392502 0.564300
vt 0.392502 0.548888
vt 0.392502 0.548446
vt 0.352201 0.564300
vt 0.352201 0.548888
vt 0.352201 0.548446
vt 0.350413 0.556373
vt 0.350413 0.548888
vt 0.394289 0.563858
vt 0.394289 0.564300
vt 0.350413 0.548446
vt 0.394289 0.556373
vt 0.394289 0.548888
vt 0.350413 0.564300
vt 0.350413 0.563858
vt 0.394289 0.548446
vt 0.438220 0.870437
s 1
f 2008/3327/390 1933/3328/390 1935/3329/391 2009/3330/391
f 2009/3330/391 1935/3329/391 1937/3331/392 2010/3332/392
f 2010/3332/392 1937/3331/392 1939/3333/393 2011/3334/394
f 1939/3335/395 1941/3336/395 1955/3337/395 1952/3338/395
f 2012/3339/396 1941/3340/397 1943/3341/398 2013/3342/398
f 2013/3342/398 1943/3341/398 1945/3343/399 2014/3344/399
f 2014/3344/399 1945/3343/399 1947/3345/400 2015/3346/400
f 1957/3347/401 1978/3348/401 1980/3349/401 1982/3350/401
f 1949/3351/402 2035/3352/402 1998/3353/390 1933/3328/390
f 1956/3354/401 1959/3355/401 1964/3356/401 1960/3357/401
f 2011/3358/403 1939/3359/403 1952/3360/403 2016/3361/403
f 1959/3355/401 1956/3354/401 1976/3362/401 2027/3363/401
f 1974/3364/404 1977/3365/405 1962/3366/405 1961/3367/404
f 1952/3368/406 1955/3369/407 1971/3370/406 1983/3371/408
f 1960/3372/409 1980/3349/409 1978/3348/409 1956/3373/409
f 2016/3374/410 1952/3368/406 1983/3371/408 2018/3375/410
f 2022/3376/411 1967/3377/411 1969/3378/412 2023/3379/412
f 1985/3380/413 1970/3381/414 2020/3382/414 2021/3383/413
f 1968/3384/413 2021/3383/413 2020/3382/414 1958/3385/414
f 2026/3386/415 2025/3387/415 1971/3388/416 2019/3389/416
f 1956/3390/417 1978/3348/417 1957/3347/417 1976/3391/417
f 2020/3392/418 1970/3393/418 1975/3394/404 1974/3364/404
f 1963/3395/419 1982/3350/419 1980/3349/419 1960/3396/419
f 2023/3379/412 2024/3397/420 1987/3398/420 1986/3399/412
f 1967/3400/401 1961/3401/401 1962/3402/401 1969/3403/401
f 1985/3380/413 2021/3383/413 2022/3376/411 1984/3404/411
f 1942/3405/398 1999/3406/398 1996/3407/421 1940/3408/397
f 2022/3376/411 2023/3379/412 1986/3399/412 1984/3404/411
f 1972/3409/401 1963/3410/401 1960/3357/401 1964/3356/401
f 1976/3411/422 1957/3347/422 1982/3350/422 1963/3412/422
f 1968/3413/401 1958/3414/401 1961/3401/401 1967/3400/401
f 1965/3415/395 1973/3416/395 1983/3417/395 1971/3418/395
f 1987/3419/395 1983/3417/395 1973/3416/395 1981/3420/395
f 1984/3421/395 1986/3422/395 1979/3423/395 1975/3424/395
f 1974/3364/404 1975/3394/404 1979/3425/405 1977/3365/405
f 1977/3365/405 1979/3425/405 2025/3387/415 2026/3386/415
f 1981/3426/419 1973/3427/419 1993/3428/419 1994/3429/419
f 2026/3386/415 2019/3389/416 1959/3430/416 2027/3431/415
f 1985/3432/395 1984/3421/395 1975/3424/395 1970/3433/395
f 1977/3365/405 2026/3386/415 2027/3431/415 1962/3366/405
f 1971/3418/395 2025/3434/395 1991/3435/395 1965/3415/395
f 1973/3436/423 1965/3437/423 1992/3438/423 1993/3428/423
f 1965/3439/417 1991/3440/417 1966/3441/417 1992/3438/417
f 1991/3442/424 1981/3443/424 1994/3429/424 1966/3441/424
f 2043/3444/425 2030/3445/425 1946/3446/400 2015/3346/400
f 1943/3341/398 1941/3340/397 2004/3447/421 2005/3448/398
f 1935/3329/391 1933/3328/390 1998/3353/390 1997/3449/391
f 1954/3450/426 1959/3451/427 2019/3452/428 2017/3453/428
f 1945/3343/399 1943/3341/398 2005/3448/398 2006/3454/399
f 1934/3455/391 1988/3456/391 1989/3457/390 1932/3458/390
f 1937/3331/392 1935/3329/391 1997/3449/391 2000/3459/392
f 1938/3460/393 1995/3461/429 1990/3462/392 1936/3463/392
f 1947/3345/400 1945/3343/399 2006/3454/399 2007/3464/400
f 1946/3446/400 2003/3465/400 2001/3466/399 1944/3467/399
f 2027/3363/401 1976/3362/401 1963/3410/401 1972/3409/401
f 1939/3333/393 1937/3331/392 2000/3459/392 2002/3468/429
f 1962/3402/401 2027/3363/401 1972/3409/401 1969/3403/401
f 1948/3469/402 1932/3458/390 1989/3457/390 2033/3470/402
f 1940/3408/397 1996/3407/421 1995/3461/429 1938/3460/393
f 1941/3340/397 1939/3333/393 2002/3468/429 2004/3447/421
f 2016/3374/410 2018/3375/410 1964/3471/430 1953/3472/427
f 2011/3358/403 2016/3361/403 1953/3473/403 1938/3474/403
f 1940/3475/431 1954/3476/431 2017/3477/431 2012/3478/431
f 1955/3369/407 2017/3453/428 2019/3452/428 1971/3370/406
f 1944/3467/399 2001/3466/399 1999/3406/398 1942/3405/398
f 2014/3344/399 2015/3346/400 1946/3446/400 1944/3467/399
f 2013/3342/398 2014/3344/399 1944/3467/399 1942/3405/398
f 2012/3339/396 2013/3342/398 1942/3405/398 1940/3408/397
f 1938/3474/401 1953/3473/401 1954/3476/401 1940/3475/401
f 1946/3446/400 2030/3445/425 2037/3479/425 2003/3465/400
f 1941/3336/431 2012/3478/431 2017/3477/431 1955/3337/431
f 2024/3397/420 1972/3480/420 1964/3481/432 2018/3482/432
f 2010/3332/392 2011/3334/394 1938/3460/393 1936/3463/392
f 2009/3330/391 2010/3332/392 1936/3463/392 1934/3455/391
f 2008/3327/390 2009/3330/391 1934/3455/391 1932/3458/390
f 1968/3384/413 1967/3377/411 2022/3376/411 2021/3383/413
f 2023/3379/412 1969/3378/412 1972/3480/420 2024/3397/420
f 2020/3392/418 1974/3364/404 1961/3367/404 1958/3483/418
f 1936/3463/392 1990/3462/392 1988/3456/391 1934/3455/391
f 1953/3472/427 1964/3471/430 1959/3451/427 1954/3450/426
f 1966/3441/395 1994/3429/395 1993/3428/395 1992/3438/395
f 1979/3423/395 1986/3422/395 1987/3419/395 2025/3434/395
f 2025/3434/395 1987/3419/395 1981/3420/395 1991/3435/395
f 2043/3444/425 2015/3346/400 1947/3345/400 2031/3484/425
f 2007/3464/400 2039/3485/425 2031/3484/425 1947/3345/400
f 1932/3458/390 1948/3469/402 2040/3486/402 2008/3327/390
f 2042/3487/433 2043/3444/425 2031/3484/425 2029/3488/433
f 2040/3486/402 2041/3489/434 1951/3490/434 1949/3351/402
f 1951/3490/434 2034/3491/434 2035/3352/402 1949/3351/402
f 1950/3492/434 1948/3469/402 2033/3470/402 2032/3493/434
f 2031/3484/425 2039/3485/425 2038/3494/433 2029/3488/433
f 2030/3445/425 2028/3495/433 2036/3496/433 2037/3479/425
f 2042/3487/433 2028/3495/433 2030/3445/425 2043/3444/425
f 2040/3486/402 1948/3469/402 1950/3492/434 2041/3489/434
f 2008/3327/390 2040/3486/402 1949/3351/402 1933/3328/390
f 2028/3495/433 2042/3487/433 2053/3497/435 2046/3498/435
f 2034/3491/434 1951/3490/434 2045/3499/436 2049/3500/436
f 2036/3496/433 2028/3495/433 2046/3498/435 2050/3501/435
f 1951/3490/434 2041/3489/434 2052/3502/436 2045/3499/436
f 2041/3489/434 1950/3492/434 2044/3503/436 2052/3502/436
f 2029/3488/433 2038/3494/433 2051/3504/435 2047/3505/435
f 2042/3487/433 2029/3488/433 2047/3505/435 2053/3497/435
f 1950/3492/434 2032/3493/434 2048/3506/436 2044/3503/436
f 2024/3397/420 2018/3482/432 1983/3507/432 1987/3398/420
o fuse_switch_03
v -0.042878 0.089453 0.030303
v -0.032257 0.089453 0.030303
v -0.042878 0.091869 0.029337
v -0.032257 0.091869 0.029337
v -0.042878 0.093731 0.027520
v -0.032257 0.093731 0.027520
v -0.042878 0.094791 0.024698
v -0.032257 0.094791 0.024698
v -0.042878 0.094788 0.022527
v -0.032257 0.094788 0.022527
v -0.042878 0.093822 0.020111
v -0.032257 0.093822 0.020111
v -0.042878 0.092005 0.018249
v -0.032257 0.092005 0.018249
v -0.042878 0.089613 0.017224
v -0.032257 0.089613 0.017224
v -0.042878 0.087016 0.030303
v -0.032257 0.087016 0.030303
v -0.042878 0.084600 0.029337
v -0.032257 0.084600 0.029337
v -0.032257 0.099216 0.024698
v -0.042878 0.099216 0.024698
v -0.042878 0.099238 0.022527
v -0.032257 0.099238 0.022527
v -0.043531 0.099548 0.022870
v -0.042954 0.103201 0.022886
v -0.043531 0.104470 0.022010
v -0.043531 0.099242 0.021972
v -0.043531 0.099530 0.024369
v -0.043531 0.104226 0.022001
v -0.043531 0.103885 0.021991
v -0.043531 0.103165 0.024364
v -0.043531 0.099212 0.025236
v -0.031605 0.099548 0.022619
v -0.032181 0.103201 0.022635
v -0.043531 0.104226 0.024237
v -0.043531 0.104403 0.023596
v -0.043531 0.103885 0.024777
v -0.031605 0.104470 0.022010
v -0.031605 0.099242 0.021972
v -0.043531 0.103303 0.025077
v -0.031605 0.099530 0.024369
v -0.037568 0.104226 0.022001
v -0.031605 0.104226 0.022001
v -0.043531 0.103201 0.022886
v -0.037568 0.103885 0.021991
v -0.042954 0.099548 0.022870
v -0.031605 0.103885 0.021991
v -0.042954 0.099530 0.024369
v -0.031605 0.103165 0.024364
v -0.042954 0.103165 0.024364
v -0.031605 0.099212 0.025236
v -0.031605 0.104226 0.024237
v -0.031605 0.104403 0.023596
v -0.031605 0.103885 0.024777
v -0.031605 0.103303 0.025077
v -0.043192 0.091869 0.029337
v -0.043192 0.089453 0.030303
v -0.043192 0.093731 0.027520
v -0.031605 0.103201 0.022635
v -0.032181 0.099548 0.022619
v -0.032181 0.099530 0.024369
v -0.032181 0.103165 0.024364
v -0.043192 0.094791 0.024698
v -0.043192 0.094788 0.022527
v -0.031944 0.091869 0.029337
v -0.031944 0.089453 0.030303
v -0.043192 0.093822 0.020111
v -0.031944 0.093731 0.027520
v -0.043192 0.092005 0.018249
v -0.031944 0.094791 0.024698
v -0.043192 0.089613 0.017224
v -0.031944 0.094788 0.022527
v -0.031944 0.093822 0.020111
v -0.031944 0.092005 0.018249
v -0.031944 0.089613 0.017224
v -0.037568 0.089453 0.030303
v -0.037568 0.091869 0.029337
v -0.037568 0.093731 0.027520
v -0.037568 0.094791 0.024698
v -0.037568 0.094788 0.022527
v -0.037568 0.093822 0.020111
v -0.037568 0.092005 0.018249
v -0.037568 0.089613 0.017224
v -0.037568 0.099216 0.024698
v -0.037568 0.099238 0.022527
v -0.037568 0.099212 0.025236
v -0.037568 0.099242 0.021972
v -0.037568 0.104470 0.022010
v -0.037568 0.104403 0.023596
v -0.037568 0.104226 0.024237
v -0.037568 0.103885 0.024777
v -0.037568 0.103303 0.025077
v -0.031605 0.103380 0.021981
v -0.037568 0.103380 0.021981
v -0.043531 0.103380 0.021981
v -0.042878 0.084465 0.018249
v -0.032257 0.084465 0.018249
v -0.042878 0.086856 0.017224
v -0.032257 0.086856 0.017224
v -0.043192 0.084600 0.029337
v -0.043192 0.087016 0.030303
v -0.031944 0.084600 0.029337
v -0.031944 0.087016 0.030303
v -0.043192 0.084465 0.018249
v -0.043192 0.086856 0.017224
v -0.031944 0.084465 0.018249
v -0.031944 0.086856 0.017224
v -0.037568 0.087016 0.030303
v -0.037568 0.084600 0.029337
v -0.037568 0.084465 0.018249
v -0.037568 0.086856 0.017224
v -0.042878 0.083690 0.028454
v -0.032257 0.083690 0.028454
v -0.042878 0.083554 0.019132
v -0.032257 0.083554 0.019132
v -0.043192 0.083690 0.028454
v -0.031944 0.083690 0.028454
v -0.043192 0.083554 0.019132
v -0.031944 0.083554 0.019132
v -0.037568 0.083690 0.028454
v -0.037568 0.083554 0.019132
vn -0.0000 0.1891 0.9820
vn -0.0000 0.5454 0.8382
vn -0.0000 0.8373 0.5468
vn -0.0000 0.9714 0.2373
vn -0.0000 0.9361 0.3517
vn 1.0000 -0.0000 -0.0000
vn -0.0000 0.9285 -0.3713
vn -0.0000 0.9677 -0.2521
vn -0.0000 0.8382 -0.5454
vn -0.0000 0.5657 -0.8246
vn -0.0000 0.2011 -0.9796
vn -1.0000 -0.0000 -0.0000
vn -0.0000 -0.1891 0.9820
vn -0.0000 -0.0000 1.0000
vn -0.0000 0.0338 -0.9994
vn -0.0000 0.0237 -0.9997
vn -0.0001 -1.0000 -0.0091
vn -0.0001 -1.0000 -0.0090
vn -0.0001 -1.0000 -0.0092
vn -0.0000 0.9999 0.0122
vn -0.0000 -1.0000 -0.0087
vn -0.0000 0.9145 0.4046
vn -0.0000 0.6758 0.7371
vn -0.0000 0.9878 0.1554
vn -0.0000 0.9991 0.0421
vn -0.0000 0.0107 -0.9999
vn -0.0000 0.0023 -1.0000
vn -0.0000 -0.0044 1.0000
vn -0.0000 0.0394 -0.9992
vn -0.0000 -0.0013 -1.0000
vn -0.0000 0.2548 0.9670
vn -0.0000 0.9818 -0.1899
vn -0.0000 -0.9997 -0.0247
vn -0.0000 0.9999 0.0105
vn -0.0000 -0.9998 -0.0212
vn -0.0000 -0.2011 -0.9796
vn 0.0001 -1.0000 -0.0090
vn 0.0001 -1.0000 -0.0091
vn -0.0000 -1.0000 -0.0084
vn -0.0000 0.9840 0.1779
vn 0.0001 -1.0000 -0.0092
vn -0.0000 -0.0000 -1.0000
vn -0.0000 0.0387 0.9992
vn -0.0000 -0.5543 -0.8323
vn -0.0000 -0.5441 0.8390
vn -0.0000 -0.6963 -0.7178
vn -0.0000 -0.6963 0.7178
vt 0.228689 0.411424
vt 0.221204 0.411424
vt 0.221204 0.407757
vt 0.228689 0.407757
vt 0.221204 0.404090
vt 0.228689 0.404090
vt 0.221204 0.399840
vt 0.228689 0.399840
vt 0.712642 0.664440
vt 0.712647 0.667850
vt 0.707014 0.667850
vt 0.707047 0.664439
vt 0.228689 0.396781
vt 0.221204 0.396781
vt 0.221204 0.393114
vt 0.228689 0.393114
vt 0.221204 0.389447
vt 0.228689 0.389447
vt 0.221204 0.385780
vt 0.228689 0.385780
vt 0.512365 0.905351
vt 0.512365 0.910054
vt 0.510108 0.910070
vt 0.510139 0.905394
vt 0.221204 0.414859
vt 0.220763 0.414859
vt 0.220763 0.411424
vt 0.646546 0.838995
vt 0.647867 0.839448
vt 0.643061 0.839481
vt 0.644338 0.839016
vt 0.712642 0.696297
vt 0.712642 0.704642
vt 0.707047 0.704642
vt 0.707047 0.696297
vt 0.646535 0.834396
vt 0.647867 0.834136
vt 0.639967 0.893302
vt 0.640474 0.893302
vt 0.640474 0.902166
vt 0.639967 0.902166
vt 0.988781 0.153359
vt 0.985720 0.153359
vt 0.984937 0.152439
vt 0.989540 0.152439
vt 0.510114 0.910938
vt 0.512371 0.910922
vt 0.988781 0.160847
vt 0.989540 0.160847
vt 0.362575 0.873728
vt 0.371290 0.873728
vt 0.371290 0.874661
vt 0.362575 0.874661
vt 0.353860 0.872756
vt 0.353860 0.870436
vt 0.362575 0.870436
vt 0.362575 0.872756
vt 0.371290 0.872756
vt 0.371290 0.870436
vt 0.641225 0.893302
vt 0.641225 0.884438
vt 0.646588 0.884438
vt 0.646588 0.893302
vt 0.513233 0.910053
vt 0.513233 0.905351
vt 0.639604 0.893302
vt 0.639604 0.884438
vt 0.639967 0.884438
vt 0.509271 0.905388
vt 0.509240 0.910064
vt 0.362575 0.875619
vt 0.353860 0.875619
vt 0.353860 0.874661
vt 0.644549 0.832881
vt 0.647843 0.832890
vt 0.647855 0.833392
vt 0.643753 0.833381
vt 0.353860 0.873728
vt 0.236174 0.393114
vt 0.236616 0.393114
vt 0.236616 0.396781
vt 0.236174 0.396781
vt 0.643308 0.834238
vt 0.644358 0.834443
vt 0.512348 0.904483
vt 0.510122 0.904526
vt 0.645494 0.832623
vt 0.647829 0.832530
vt 0.475217 0.899391
vt 0.475197 0.901966
vt 0.474733 0.903242
vt 0.474765 0.898439
vt 0.479973 0.902995
vt 0.479766 0.901946
vt 0.481328 0.901754
vt 0.480828 0.902550
vt 0.480817 0.898451
vt 0.481319 0.898464
vt 0.640474 0.884438
vt 0.183098 0.908775
vt 0.178430 0.908806
vt 0.178424 0.907939
vt 0.183092 0.907909
vt 0.646588 0.902166
vt 0.641225 0.902166
vt 0.481586 0.900811
vt 0.481678 0.898477
vt 0.480074 0.898439
vt 0.479814 0.899402
vt 0.177557 0.907934
vt 0.177572 0.905304
vt 0.178438 0.905309
vt 0.178438 0.904442
vt 0.183134 0.904442
vt 0.183134 0.905309
vt 0.184001 0.905322
vt 0.183959 0.907922
vt 0.228689 0.381894
vt 0.236174 0.381894
vt 0.236174 0.385780
vt 0.220763 0.396781
vt 0.220763 0.393114
vt 0.220763 0.407757
vt 0.985720 0.168335
vt 0.984937 0.169255
vt 0.984937 0.160847
vt 0.985720 0.160847
vt 0.220763 0.389447
vt 0.236174 0.407757
vt 0.236616 0.407757
vt 0.236616 0.411424
vt 0.236174 0.411424
vt 0.220763 0.404090
vt 0.236174 0.399840
vt 0.236616 0.399840
vt 0.236616 0.404090
vt 0.236174 0.404090
vt 0.220763 0.385780
vt 0.236616 0.385780
vt 0.236616 0.389447
vt 0.236174 0.389447
vt 0.220763 0.399840
vt 0.236174 0.414859
vt 0.236616 0.414859
vt 0.989540 0.169255
vt 0.988781 0.168335
vt 0.707047 0.687951
vt 0.712642 0.687952
vt 0.712647 0.684541
vt 0.707014 0.684541
vt 0.707014 0.676196
vt 0.712647 0.676196
vt 0.236616 0.381894
vt 0.371290 0.875619
vt 0.371290 0.880830
vt 0.362575 0.880829
vt 0.639604 0.902166
vt 0.221204 0.381894
vt 0.220763 0.381894
vt 0.228689 0.414859
vt 0.228689 0.378226
vt 0.221204 0.378226
vt 0.228689 0.418526
vt 0.221204 0.418526
vt 0.220763 0.418526
vt 0.236174 0.418526
vt 0.236616 0.418526
vt 0.220763 0.378226
vt 0.236174 0.378226
vt 0.236616 0.378226
vt 0.228689 0.376439
vt 0.236174 0.376439
vt 0.221204 0.420314
vt 0.220763 0.420314
vt 0.236616 0.376439
vt 0.228689 0.420314
vt 0.236174 0.420314
vt 0.220763 0.376439
vt 0.221204 0.376439
vt 0.236616 0.420314
vt 0.353860 0.880829
s 1
f 2130/3508/437 2055/3509/437 2057/3510/438 2131/3511/438
f 2131/3511/438 2057/3510/438 2059/3512/439 2132/3513/439
f 2132/3513/439 2059/3512/439 2061/3514/440 2133/3515/441
f 2061/3516/442 2063/3517/442 2077/3518/442 2074/3519/442
f 2134/3520/443 2063/3521/444 2065/3522/445 2135/3523/445
f 2135/3523/445 2065/3522/445 2067/3524/446 2136/3525/446
f 2136/3525/446 2067/3524/446 2069/3526/447 2137/3527/447
f 2079/3528/448 2100/3529/448 2102/3530/448 2104/3531/448
f 2071/3532/449 2157/3533/449 2120/3534/437 2055/3509/437
f 2078/3535/448 2081/3536/448 2086/3537/448 2082/3538/448
f 2133/3539/450 2061/3540/450 2074/3541/450 2138/3542/450
f 2081/3536/448 2078/3535/448 2098/3543/448 2149/3544/448
f 2096/3545/451 2099/3546/452 2084/3547/452 2083/3548/451
f 2074/3549/453 2077/3550/454 2093/3551/453 2105/3552/455
f 2082/3553/456 2102/3530/456 2100/3529/456 2078/3554/456
f 2138/3555/457 2074/3549/453 2105/3552/455 2140/3556/457
f 2144/3557/458 2089/3558/458 2091/3559/459 2145/3560/459
f 2107/3561/460 2092/3562/461 2142/3563/461 2143/3564/460
f 2090/3565/460 2143/3564/460 2142/3563/461 2080/3566/461
f 2148/3567/462 2147/3568/462 2093/3569/463 2141/3570/463
f 2078/3571/464 2100/3529/464 2079/3528/464 2098/3572/464
f 2142/3573/465 2092/3574/465 2097/3575/451 2096/3545/451
f 2085/3576/466 2104/3531/466 2102/3530/466 2082/3577/466
f 2145/3560/459 2146/3578/467 2109/3579/467 2108/3580/459
f 2089/3581/448 2083/3582/448 2084/3583/448 2091/3584/448
f 2107/3561/460 2143/3564/460 2144/3557/458 2106/3585/458
f 2064/3586/445 2121/3587/445 2118/3588/468 2062/3589/444
f 2144/3557/458 2145/3560/459 2108/3580/459 2106/3585/458
f 2094/3590/448 2085/3591/448 2082/3538/448 2086/3537/448
f 2098/3592/469 2079/3528/469 2104/3531/469 2085/3593/469
f 2090/3594/448 2080/3595/448 2083/3582/448 2089/3581/448
f 2087/3596/442 2095/3597/442 2105/3598/442 2093/3599/442
f 2109/3600/442 2105/3598/442 2095/3597/442 2103/3601/442
f 2106/3602/442 2108/3603/442 2101/3604/442 2097/3605/442
f 2096/3545/451 2097/3575/451 2101/3606/452 2099/3546/452
f 2099/3546/452 2101/3606/452 2147/3568/462 2148/3567/462
f 2103/3607/466 2095/3608/466 2115/3609/466 2116/3610/466
f 2148/3567/462 2141/3570/463 2081/3611/463 2149/3612/462
f 2107/3613/442 2106/3602/442 2097/3605/442 2092/3614/442
f 2099/3546/452 2148/3567/462 2149/3612/462 2084/3547/452
f 2093/3599/442 2147/3615/442 2113/3616/442 2087/3596/442
f 2095/3617/470 2087/3618/470 2114/3619/470 2115/3609/470
f 2087/3620/464 2113/3621/464 2088/3622/464 2114/3619/464
f 2113/3623/471 2103/3624/471 2116/3610/471 2088/3622/471
f 2165/3625/472 2152/3626/472 2068/3627/447 2137/3527/447
f 2065/3522/445 2063/3521/444 2126/3628/468 2127/3629/445
f 2057/3510/438 2055/3509/437 2120/3534/437 2119/3630/438
f 2076/3631/473 2081/3632/474 2141/3633/475 2139/3634/475
f 2067/3524/446 2065/3522/445 2127/3629/445 2128/3635/446
f 2056/3636/438 2110/3637/438 2111/3638/437 2054/3639/437
f 2059/3512/439 2057/3510/438 2119/3630/438 2122/3640/439
f 2060/3641/440 2117/3642/476 2112/3643/439 2058/3644/439
f 2069/3526/447 2067/3524/446 2128/3635/446 2129/3645/447
f 2068/3627/447 2125/3646/447 2123/3647/446 2066/3648/446
f 2149/3544/448 2098/3543/448 2085/3591/448 2094/3590/448
f 2061/3514/440 2059/3512/439 2122/3640/439 2124/3649/476
f 2084/3583/448 2149/3544/448 2094/3590/448 2091/3584/448
f 2070/3650/449 2054/3639/437 2111/3638/437 2155/3651/449
f 2062/3589/444 2118/3588/468 2117/3642/476 2060/3641/440
f 2063/3521/444 2061/3514/440 2124/3649/476 2126/3628/468
f 2138/3555/457 2140/3556/457 2086/3652/477 2075/3653/474
f 2133/3539/450 2138/3542/450 2075/3654/450 2060/3655/450
f 2062/3656/478 2076/3657/478 2139/3658/478 2134/3659/478
f 2077/3550/454 2139/3634/475 2141/3633/475 2093/3551/453
f 2066/3648/446 2123/3647/446 2121/3587/445 2064/3586/445
f 2136/3525/446 2137/3527/447 2068/3627/447 2066/3648/446
f 2135/3523/445 2136/3525/446 2066/3648/446 2064/3586/445
f 2134/3520/443 2135/3523/445 2064/3586/445 2062/3589/444
f 2060/3655/448 2075/3654/448 2076/3657/448 2062/3656/448
f 2068/3627/447 2152/3626/472 2159/3660/472 2125/3646/447
f 2063/3517/478 2134/3659/478 2139/3658/478 2077/3518/478
f 2146/3578/467 2094/3661/467 2086/3662/479 2140/3663/479
f 2132/3513/439 2133/3515/441 2060/3641/440 2058/3644/439
f 2131/3511/438 2132/3513/439 2058/3644/439 2056/3636/438
f 2130/3508/437 2131/3511/438 2056/3636/438 2054/3639/437
f 2090/3565/460 2089/3558/458 2144/3557/458 2143/3564/460
f 2145/3560/459 2091/3559/459 2094/3661/467 2146/3578/467
f 2142/3573/465 2096/3545/451 2083/3548/451 2080/3664/465
f 2058/3644/439 2112/3643/439 2110/3637/438 2056/3636/438
f 2075/3653/474 2086/3652/477 2081/3632/474 2076/3631/473
f 2088/3622/442 2116/3610/442 2115/3609/442 2114/3619/442
f 2101/3604/442 2108/3603/442 2109/3600/442 2147/3615/442
f 2147/3615/442 2109/3600/442 2103/3601/442 2113/3616/442
f 2165/3625/472 2137/3527/447 2069/3526/447 2153/3665/472
f 2129/3645/447 2161/3666/472 2153/3665/472 2069/3526/447
f 2054/3639/437 2070/3650/449 2162/3667/449 2130/3508/437
f 2164/3668/480 2165/3625/472 2153/3665/472 2151/3669/480
f 2162/3667/449 2163/3670/481 2073/3671/481 2071/3532/449
f 2073/3671/481 2156/3672/481 2157/3533/449 2071/3532/449
f 2072/3673/481 2070/3650/449 2155/3651/449 2154/3674/481
f 2153/3665/472 2161/3666/472 2160/3675/480 2151/3669/480
f 2152/3626/472 2150/3676/480 2158/3677/480 2159/3660/472
f 2164/3668/480 2150/3676/480 2152/3626/472 2165/3625/472
f 2162/3667/449 2070/3650/449 2072/3673/481 2163/3670/481
f 2130/3508/437 2162/3667/449 2071/3532/449 2055/3509/437
f 2150/3676/480 2164/3668/480 2175/3678/482 2168/3679/482
f 2156/3672/481 2073/3671/481 2167/3680/483 2171/3681/483
f 2158/3677/480 2150/3676/480 2168/3679/482 2172/3682/482
f 2073/3671/481 2163/3670/481 2174/3683/483 2167/3680/483
f 2163/3670/481 2072/3673/481 2166/3684/483 2174/3683/483
f 2151/3669/480 2160/3675/480 2173/3685/482 2169/3686/482
f 2164/3668/480 2151/3669/480 2169/3686/482 2175/3678/482
f 2072/3673/481 2154/3674/481 2170/3687/483 2166/3684/483
f 2146/3578/467 2140/3663/479 2105/3688/479 2109/3579/467
o fuse_switch_04
v -0.024734 0.089453 0.030303
v -0.025048 0.089453 0.030303
v -0.024734 0.091869 0.029337
v -0.024734 0.087016 0.030303
v -0.019424 0.089453 0.030303
v -0.014113 0.089453 0.030303
v -0.019424 0.091869 0.029337
v -0.019424 0.087016 0.030303
v -0.019424 0.084600 0.029337
v -0.014113 0.087016 0.030303
v -0.013800 0.087016 0.030303
v -0.014113 0.084600 0.029337
v -0.013800 0.084600 0.029337
v -0.014113 0.083690 0.028454
v -0.013800 0.083690 0.028454
v -0.019424 0.083690 0.028454
v -0.024734 0.083690 0.028454
v -0.024734 0.084600 0.029337
v -0.025048 0.083690 0.028454
v -0.025048 0.084600 0.029337
v -0.025048 0.087016 0.030303
v -0.013800 0.089453 0.030303
v -0.013800 0.091869 0.029337
v -0.014113 0.091869 0.029337
v -0.013800 0.093731 0.027520
v -0.014113 0.093731 0.027520
v -0.013800 0.094791 0.024698
v -0.014113 0.094791 0.024698
v -0.013800 0.094788 0.022527
v -0.014113 0.094788 0.022527
v -0.013800 0.093822 0.020111
v -0.014113 0.093822 0.020111
v -0.013800 0.092005 0.018249
v -0.014113 0.092005 0.018249
v -0.013800 0.089613 0.017224
v -0.014113 0.089613 0.017224
v -0.013800 0.086856 0.017224
v -0.014113 0.086856 0.017224
v -0.013800 0.084465 0.018249
v -0.014113 0.084465 0.018249
v -0.013800 0.083554 0.019132
v -0.014113 0.083554 0.019132
v -0.019424 0.083554 0.019132
v -0.019424 0.084465 0.018249
v -0.024734 0.083554 0.019132
v -0.024734 0.084465 0.018249
v -0.025048 0.083554 0.019132
v -0.025048 0.084465 0.018249
v -0.025048 0.086856 0.017224
v -0.024734 0.086856 0.017224
v -0.025048 0.089613 0.017224
v -0.024734 0.089613 0.017224
v -0.025048 0.092005 0.018249
v -0.024734 0.092005 0.018249
v -0.025048 0.093822 0.020111
v -0.024734 0.093822 0.020111
v -0.025048 0.094788 0.022527
v -0.024734 0.094788 0.022527
v -0.025048 0.094791 0.024698
v -0.024734 0.094791 0.024698
v -0.025048 0.093731 0.027520
v -0.024734 0.093731 0.027520
v -0.025048 0.091869 0.029337
v -0.019424 0.093731 0.027520
v -0.019424 0.094791 0.024698
v -0.019424 0.099216 0.024698
v -0.014113 0.099216 0.024698
v -0.019424 0.099212 0.025236
v -0.024734 0.099216 0.024698
v -0.025387 0.099212 0.025236
v -0.024734 0.099238 0.022527
v -0.025387 0.099242 0.021972
v -0.019424 0.099238 0.022527
v -0.019424 0.099242 0.021972
v -0.019424 0.094788 0.022527
v -0.014113 0.099238 0.022527
v -0.013461 0.099242 0.021972
v -0.013461 0.099212 0.025236
v -0.013461 0.103380 0.021981
v -0.013461 0.099548 0.022619
v -0.013461 0.099530 0.024369
v -0.013461 0.103201 0.022635
v -0.014037 0.099548 0.022619
v -0.014037 0.099530 0.024369
v -0.014037 0.103201 0.022635
v -0.014037 0.103165 0.024364
v -0.013461 0.103165 0.024364
v -0.013461 0.103303 0.025077
v -0.019424 0.103303 0.025077
v -0.013461 0.103885 0.024777
v -0.019424 0.103885 0.024777
v -0.013461 0.104226 0.024237
v -0.013461 0.103885 0.021991
v -0.013461 0.104226 0.022001
v -0.019424 0.103885 0.021991
v -0.019424 0.104226 0.022001
v -0.025387 0.103885 0.021991
v -0.019424 0.103380 0.021981
v -0.025387 0.103380 0.021981
v -0.025387 0.103201 0.022886
v -0.025387 0.103303 0.025077
v -0.025387 0.103165 0.024364
v -0.025387 0.103885 0.024777
v -0.025387 0.104226 0.024237
v -0.019424 0.104226 0.024237
v -0.025387 0.104226 0.022001
v -0.025387 0.104403 0.023596
v -0.019424 0.104403 0.023596
v -0.025387 0.104470 0.022010
v -0.019424 0.104470 0.022010
v -0.013461 0.104470 0.022010
v -0.013461 0.104403 0.023596
v -0.024810 0.103165 0.024364
v -0.025387 0.099530 0.024369
v -0.025387 0.099548 0.022870
v -0.024810 0.099530 0.024369
v -0.024810 0.099548 0.022870
v -0.024810 0.103201 0.022886
v -0.019424 0.093822 0.020111
v -0.019424 0.092005 0.018249
v -0.019424 0.089613 0.017224
v -0.019424 0.086856 0.017224
vn -0.0000 -0.1891 0.9820
vn -0.0000 0.1891 0.9820
vn -0.0000 0.5454 0.8382
vn -0.0000 -0.5441 0.8390
vn -0.0000 -0.6963 0.7178
vn -0.0000 0.8373 0.5468
vn -0.0000 0.9714 0.2373
vn -0.0000 0.9840 0.1779
vn -0.0000 0.9677 -0.2521
vn -0.0000 0.9818 -0.1899
vn -0.0000 0.8382 -0.5454
vn -0.0000 0.5657 -0.8246
vn -0.0000 0.2011 -0.9796
vn -0.0000 -0.2011 -0.9796
vn -0.0000 -0.5543 -0.8323
vn -0.0000 -0.6963 -0.7178
vn -0.0000 0.9361 0.3517
vn -0.0000 -0.0000 1.0000
vn -0.0000 -1.0000 -0.0087
vn -0.0001 -1.0000 -0.0091
vn -0.0001 -1.0000 -0.0092
vn 0.0001 -1.0000 -0.0092
vn 0.0001 -1.0000 -0.0091
vn 0.0001 -1.0000 -0.0090
vn -1.0000 -0.0000 -0.0000
vn -0.0000 -1.0000 -0.0084
vn -0.0000 -0.0000 -1.0000
vn -0.0001 -1.0000 -0.0090
vn 1.0000 -0.0000 -0.0000
vn -0.0000 0.0107 -0.9999
vn -0.0000 0.0023 -1.0000
vn -0.0000 0.9999 0.0105
vn -0.0000 -0.0044 1.0000
vn -0.0000 -0.9998 -0.0212
vn -0.0000 -0.0013 -1.0000
vn -0.0000 0.2548 0.9670
vn -0.0000 0.0387 0.9992
vn -0.0000 0.6758 0.7371
vn -0.0000 0.9145 0.4046
vn -0.0000 0.0338 -0.9994
vn -0.0000 0.0237 -0.9997
vn -0.0000 0.9878 0.1554
vn -0.0000 0.9991 0.0421
vn -0.0000 0.0394 -0.9992
vn -0.0000 -0.9997 -0.0247
vn -0.0000 0.9999 0.0122
vn -0.0000 0.9285 -0.3713
vt 0.221202 0.581898
vt 0.221202 0.585332
vt 0.220761 0.585332
vt 0.220761 0.581898
vt 0.221202 0.588998
vt 0.220761 0.588998
vt 0.228685 0.585332
vt 0.228685 0.588998
vt 0.228685 0.581898
vt 0.236168 0.581898
vt 0.236168 0.585331
vt 0.236168 0.588998
vt 0.221202 0.578232
vt 0.228685 0.578232
vt 0.236168 0.578232
vt 0.236609 0.578232
vt 0.236609 0.581898
vt 0.236609 0.585331
vt 0.228685 0.576445
vt 0.236168 0.576445
vt 0.236609 0.576445
vt 0.221202 0.576445
vt 0.220761 0.578232
vt 0.220761 0.576445
vt 0.236609 0.588998
vt 0.236168 0.592664
vt 0.236609 0.592664
vt 0.236168 0.596912
vt 0.236609 0.596912
vt 0.236168 0.599970
vt 0.236609 0.599970
vt 0.236168 0.603636
vt 0.236609 0.603636
vt 0.236168 0.607302
vt 0.236609 0.607302
vt 0.236168 0.610968
vt 0.236609 0.610968
vt 0.236609 0.614853
vt 0.236168 0.614853
vt 0.236609 0.618519
vt 0.236168 0.618519
vt 0.236609 0.620306
vt 0.236168 0.620306
vt 0.228685 0.618519
vt 0.228685 0.620306
vt 0.221202 0.618519
vt 0.221202 0.620306
vt 0.220761 0.618519
vt 0.220761 0.620306
vt 0.221202 0.614853
vt 0.220761 0.614853
vt 0.221202 0.610968
vt 0.220761 0.610968
vt 0.220761 0.607302
vt 0.221202 0.607302
vt 0.220761 0.603636
vt 0.221202 0.603636
vt 0.220761 0.599970
vt 0.221202 0.599970
vt 0.220761 0.596912
vt 0.221202 0.596912
vt 0.220761 0.592664
vt 0.221202 0.592664
vt 0.228685 0.592664
vt 0.228685 0.596912
vt 0.226495 0.672445
vt 0.234835 0.672445
vt 0.234835 0.678037
vt 0.226495 0.678037
vt 0.218154 0.678037
vt 0.218153 0.672445
vt 0.069857 0.894821
vt 0.069857 0.902285
vt 0.069100 0.903202
vt 0.069100 0.894821
vt 0.069100 0.886440
vt 0.069857 0.887357
vt 0.073688 0.886440
vt 0.072908 0.887357
vt 0.214744 0.678070
vt 0.214744 0.672440
vt 0.073688 0.894821
vt 0.072908 0.894821
vt 0.206403 0.678070
vt 0.206403 0.672440
vt 0.072908 0.902285
vt 0.073688 0.903202
vt 0.198062 0.672439
vt 0.198062 0.678070
vt 0.194652 0.672445
vt 0.194652 0.678037
vt 0.129143 0.908976
vt 0.131713 0.908997
vt 0.132987 0.909460
vt 0.128194 0.909428
vt 0.128194 0.904131
vt 0.129155 0.904390
vt 0.245732 0.887808
vt 0.236865 0.887808
vt 0.236865 0.882442
vt 0.245732 0.882442
vt 0.223835 0.904451
vt 0.226466 0.904465
vt 0.226460 0.905332
vt 0.223830 0.905318
vt 0.227328 0.905332
vt 0.227328 0.910029
vt 0.226461 0.910029
vt 0.223861 0.909988
vt 0.226447 0.910896
vt 0.223847 0.910854
vt 0.222994 0.909994
vt 0.222963 0.905324
vt 0.132740 0.904231
vt 0.131694 0.904437
vt 0.474118 0.875621
vt 0.474118 0.880830
vt 0.465406 0.880830
vt 0.465406 0.875621
vt 0.474118 0.874665
vt 0.465406 0.874665
vt 0.128206 0.903389
vt 0.132297 0.903378
vt 0.474118 0.873732
vt 0.465406 0.873732
vt 0.131502 0.902879
vt 0.128219 0.902888
vt 0.245732 0.889066
vt 0.236865 0.889066
vt 0.236865 0.888559
vt 0.245732 0.888559
vt 0.254600 0.888559
vt 0.254600 0.889067
vt 0.254600 0.887808
vt 0.254600 0.882443
vt 0.659239 0.769803
vt 0.660573 0.769543
vt 0.662751 0.769495
vt 0.663802 0.769701
vt 0.659239 0.764486
vt 0.660561 0.764940
vt 0.659251 0.770547
vt 0.663356 0.770559
vt 0.662771 0.764919
vt 0.664050 0.764453
vt 0.482830 0.875622
vt 0.482830 0.880830
vt 0.482830 0.874665
vt 0.662559 0.771059
vt 0.659263 0.771050
vt 0.482830 0.873732
vt 0.482830 0.872760
vt 0.474118 0.872760
vt 0.661614 0.771318
vt 0.659277 0.771410
vt 0.474118 0.870441
vt 0.482830 0.870441
vt 0.245732 0.889430
vt 0.254600 0.889430
vt 0.236865 0.889430
vt 0.465406 0.872760
vt 0.465406 0.870441
vt 0.130561 0.902622
vt 0.128232 0.902529
vt 0.261106 0.907561
vt 0.260238 0.907578
vt 0.260194 0.905352
vt 0.261062 0.905335
vt 0.260200 0.904483
vt 0.255518 0.905320
vt 0.255523 0.904452
vt 0.254649 0.905327
vt 0.255533 0.907578
vt 0.254665 0.907584
vt 0.255533 0.908446
vt 0.260238 0.908446
vt 0.228685 0.599970
vt 0.228685 0.603636
vt 0.228685 0.607302
vt 0.228685 0.610968
vt 0.228685 0.614853
s 1
f 2179/3689/484 2176/3690/485 2177/3691/485 2196/3692/484
f 2178/3693/486 2238/3694/486 2177/3691/485 2176/3690/485
f 2180/3695/485 2182/3696/486 2178/3693/486 2176/3690/485
f 2176/3690/485 2179/3689/484 2183/3697/484 2180/3695/485
f 2180/3695/485 2183/3697/484 2185/3698/484 2181/3699/485
f 2180/3695/485 2181/3699/485 2199/3700/486 2182/3696/486
f 2183/3697/484 2179/3689/484 2193/3701/487 2184/3702/487
f 2183/3697/484 2184/3702/487 2187/3703/487 2185/3698/484
f 2187/3703/487 2188/3704/487 2186/3705/484 2185/3698/484
f 2185/3698/484 2186/3705/484 2197/3706/485 2181/3699/485
f 2187/3703/487 2184/3702/487 2191/3707/488 2189/3708/488
f 2188/3704/487 2187/3703/487 2189/3708/488 2190/3709/488
f 2184/3702/487 2193/3701/487 2192/3710/488 2191/3707/488
f 2193/3701/487 2195/3711/487 2194/3712/488 2192/3710/488
f 2193/3701/487 2179/3689/484 2196/3692/484 2195/3711/487
f 2199/3700/486 2181/3699/485 2197/3706/485 2198/3713/486
f 2201/3714/489 2199/3700/486 2198/3713/486 2200/3715/489
f 2203/3716/490 2201/3714/489 2200/3715/489 2202/3717/491
f 2205/3718/492 2203/3716/490 2202/3717/491 2204/3719/493
f 2207/3720/494 2205/3718/492 2204/3719/493 2206/3721/494
f 2209/3722/495 2207/3720/494 2206/3721/494 2208/3723/495
f 2211/3724/496 2209/3722/495 2208/3723/495 2210/3725/496
f 2210/3725/496 2212/3726/497 2213/3727/497 2211/3724/496
f 2213/3727/497 2212/3726/497 2214/3728/498 2215/3729/498
f 2215/3729/498 2214/3728/498 2216/3730/499 2217/3731/499
f 2219/3732/498 2215/3729/498 2217/3731/499 2218/3733/499
f 2221/3734/498 2219/3732/498 2218/3733/499 2220/3735/499
f 2223/3736/498 2221/3734/498 2220/3735/499 2222/3737/499
f 2225/3738/497 2221/3734/498 2223/3736/498 2224/3739/497
f 2227/3740/496 2225/3738/497 2224/3739/497 2226/3741/496
f 2227/3740/496 2226/3741/496 2228/3742/495 2229/3743/495
f 2229/3743/495 2228/3742/495 2230/3744/494 2231/3745/494
f 2231/3745/494 2230/3744/494 2232/3746/493 2233/3747/492
f 2233/3747/492 2232/3746/493 2234/3748/491 2235/3749/490
f 2235/3749/490 2234/3748/491 2236/3750/489 2237/3751/489
f 2237/3751/489 2236/3750/489 2238/3694/486 2178/3693/486
f 2239/3752/489 2240/3753/500 2235/3749/490 2237/3751/489
f 2182/3696/486 2239/3752/489 2237/3751/489 2178/3693/486
f 2239/3752/489 2201/3714/489 2203/3716/490 2240/3753/500
f 2182/3696/486 2199/3700/486 2201/3714/489 2239/3752/489
f 2240/3754/501 2203/3755/501 2242/3756/501 2241/3757/501
f 2240/3754/501 2241/3757/501 2244/3758/501 2235/3759/501
f 2241/3760/502 2242/3761/503 2253/3762/504 2243/3763/502
f 2241/3760/502 2243/3763/502 2245/3764/505 2244/3765/506
f 2244/3765/506 2245/3764/505 2247/3766/506 2246/3767/507
f 2235/3759/508 2244/3758/508 2246/3768/508 2233/3769/508
f 2246/3767/507 2247/3766/506 2249/3770/509 2248/3771/509
f 2233/3769/510 2246/3768/510 2248/3772/510 2250/3773/510
f 2251/3774/511 2248/3771/509 2249/3770/509 2252/3775/503
f 2205/3776/510 2250/3773/510 2248/3772/510 2251/3777/510
f 2203/3778/512 2205/3776/512 2251/3777/512 2242/3779/512
f 2242/3761/503 2251/3774/511 2252/3775/503 2253/3762/504
f 2255/3780/512 2256/3781/512 2253/3782/512 2252/3783/512
f 2252/3783/512 2254/3784/512 2257/3785/512 2255/3780/512
f 2273/3786/513 2254/3787/513 2252/3788/514 2249/3789/514
f 2256/3790/515 2255/3791/515 2258/3792/515 2259/3793/515
f 2255/3794/516 2257/3795/516 2260/3796/516 2258/3792/516
f 2260/3796/512 2261/3797/512 2259/3793/512 2258/3792/512
f 2257/3798/517 2262/3799/517 2261/3797/517 2260/3796/517
f 2262/3800/518 2256/3801/518 2259/3793/518 2261/3797/518
f 2263/3802/512 2253/3782/512 2256/3781/512 2262/3803/512
f 2254/3784/512 2263/3802/512 2262/3803/512 2257/3785/512
f 2264/3804/519 2243/3805/520 2253/3806/520 2263/3807/519
f 2266/3808/521 2264/3804/519 2263/3807/519 2265/3809/521
f 2268/3810/512 2265/3811/512 2263/3802/512 2254/3784/512
f 2280/3812/522 2266/3808/521 2265/3809/521 2267/3813/522
f 2267/3814/512 2265/3811/512 2268/3810/512 2269/3815/512
f 2271/3816/523 2269/3817/523 2268/3818/524 2270/3819/524
f 2270/3819/524 2268/3818/524 2254/3787/513 2273/3786/513
f 2271/3816/523 2270/3819/524 2272/3820/524 2281/3821/523
f 2270/3819/524 2273/3786/513 2274/3822/513 2272/3820/524
f 2273/3786/513 2249/3789/514 2247/3823/514 2274/3822/513
f 2274/3824/508 2275/3825/508 2277/3826/508 2276/3827/508
f 2247/3828/508 2290/3829/508 2275/3825/508 2274/3824/508
f 2272/3830/508 2274/3824/508 2276/3827/508 2278/3831/508
f 2276/3827/508 2277/3826/508 2289/3832/508 2245/3833/508
f 2264/3804/519 2276/3834/519 2245/3835/520 2243/3805/520
f 2266/3808/521 2278/3836/521 2276/3834/519 2264/3804/519
f 2279/3837/508 2281/3838/508 2272/3830/508 2278/3831/508
f 2280/3812/522 2279/3839/522 2278/3836/521 2266/3808/521
f 2282/3840/525 2279/3839/522 2280/3812/522 2283/3841/525
f 2282/3842/508 2284/3843/508 2281/3838/508 2279/3837/508
f 2282/3840/525 2283/3841/525 2285/3844/526 2284/3845/526
f 2285/3846/527 2271/3816/523 2281/3821/523 2284/3847/527
f 2285/3846/527 2286/3848/527 2269/3817/523 2271/3816/523
f 2287/3849/525 2286/3850/526 2285/3844/526 2283/3841/525
f 2287/3851/512 2267/3814/512 2269/3815/512 2286/3852/512
f 2287/3849/525 2283/3841/525 2280/3812/522 2267/3813/522
f 2275/3853/528 2293/3854/528 2288/3855/528 2277/3856/528
f 2277/3857/518 2288/3855/518 2291/3858/518 2289/3859/518
f 2290/3829/508 2247/3828/508 2245/3833/508 2289/3832/508
f 2289/3860/529 2291/3858/529 2292/3861/529 2290/3862/529
f 2293/3854/508 2292/3861/508 2291/3858/508 2288/3855/508
f 2290/3863/516 2292/3861/516 2293/3854/516 2275/3864/516
f 2250/3865/530 2205/3718/492 2207/3720/494 2294/3866/494
f 2250/3865/530 2294/3866/494 2231/3745/494 2233/3747/492
f 2294/3866/494 2207/3720/494 2209/3722/495 2295/3867/495
f 2294/3866/494 2295/3867/495 2229/3743/495 2231/3745/494
f 2295/3867/495 2209/3722/495 2211/3724/496 2296/3868/496
f 2295/3867/495 2296/3868/496 2227/3740/496 2229/3743/495
f 2297/3869/497 2296/3868/496 2211/3724/496 2213/3727/497
f 2297/3869/497 2225/3738/497 2227/3740/496 2296/3868/496
f 2219/3732/498 2221/3734/498 2225/3738/497 2297/3869/497
f 2219/3732/498 2297/3869/497 2213/3727/497 2215/3729/498
o fuse_switch_05
v -0.006590 0.089453 0.030303
v -0.006904 0.089453 0.030303
v -0.006590 0.091869 0.029337
v -0.006590 0.087016 0.030303
v -0.001280 0.089453 0.030303
v 0.004031 0.089453 0.030303
v -0.001280 0.091869 0.029337
v -0.001280 0.087016 0.030303
v -0.001280 0.084600 0.029337
v 0.004031 0.087016 0.030303
v 0.004344 0.087016 0.030303
v 0.004031 0.084600 0.029337
v 0.004344 0.084600 0.029337
v 0.004031 0.083690 0.028454
v 0.004344 0.083690 0.028454
v -0.001280 0.083690 0.028454
v -0.006590 0.083690 0.028454
v -0.006590 0.084600 0.029337
v -0.006904 0.083690 0.028454
v -0.006904 0.084600 0.029337
v -0.006904 0.087016 0.030303
v 0.004344 0.089453 0.030303
v 0.004344 0.091869 0.029337
v 0.004031 0.091869 0.029337
v 0.004344 0.093731 0.027520
v 0.004031 0.093731 0.027520
v 0.004344 0.094791 0.024698
v 0.004031 0.094791 0.024698
v 0.004344 0.094788 0.022527
v 0.004031 0.094788 0.022527
v 0.004344 0.093822 0.020111
v 0.004031 0.093822 0.020111
v 0.004344 0.092005 0.018249
v 0.004031 0.092005 0.018249
v 0.004344 0.089613 0.017224
v 0.004031 0.089613 0.017224
v 0.004344 0.086856 0.017224
v 0.004031 0.086856 0.017224
v 0.004344 0.084465 0.018249
v 0.004031 0.084465 0.018249
v 0.004344 0.083554 0.019132
v 0.004031 0.083554 0.019132
v -0.001280 0.083554 0.019132
v -0.001280 0.084465 0.018249
v -0.006590 0.083554 0.019132
v -0.006590 0.084465 0.018249
v -0.006904 0.083554 0.019132
v -0.006904 0.084465 0.018249
v -0.006904 0.086856 0.017224
v -0.006590 0.086856 0.017224
v -0.006904 0.089613 0.017224
v -0.006590 0.089613 0.017224
v -0.006904 0.092005 0.018249
v -0.006590 0.092005 0.018249
v -0.006904 0.093822 0.020111
v -0.006590 0.093822 0.020111
v -0.006904 0.094788 0.022527
v -0.006590 0.094788 0.022527
v -0.006904 0.094791 0.024698
v -0.006590 0.094791 0.024698
v -0.006904 0.093731 0.027520
v -0.006590 0.093731 0.027520
v -0.006904 0.091869 0.029337
v -0.001280 0.093731 0.027520
v -0.001280 0.094791 0.024698
v -0.001280 0.099216 0.024698
v 0.004031 0.099216 0.024698
v -0.001280 0.099212 0.025236
v -0.006590 0.099216 0.024698
v -0.007243 0.099212 0.025236
v -0.006590 0.099238 0.022527
v -0.007243 0.099242 0.021972
v -0.001280 0.099238 0.022527
v -0.001280 0.099242 0.021972
v -0.001280 0.094788 0.022527
v 0.004031 0.099238 0.022527
v 0.004683 0.099242 0.021972
v 0.004683 0.099212 0.025236
v 0.004683 0.103380 0.021981
v 0.004683 0.099548 0.022619
v 0.004683 0.099530 0.024369
v 0.004683 0.103201 0.022635
v 0.004107 0.099548 0.022619
v 0.004107 0.099530 0.024369
v 0.004107 0.103201 0.022635
v 0.004107 0.103165 0.024364
v 0.004683 0.103165 0.024364
v 0.004683 0.103303 0.025077
v -0.001280 0.103303 0.025077
v 0.004683 0.103885 0.024777
v -0.001280 0.103885 0.024777
v 0.004683 0.104226 0.024237
v 0.004683 0.103885 0.021991
v 0.004683 0.104226 0.022001
v -0.001280 0.103885 0.021991
v -0.001280 0.104226 0.022001
v -0.007243 0.103885 0.021991
v -0.001280 0.103380 0.021981
v -0.007243 0.103380 0.021981
v -0.007243 0.103201 0.022886
v -0.007243 0.103303 0.025077
v -0.007243 0.103165 0.024364
v -0.007243 0.103885 0.024777
v -0.007243 0.104226 0.024237
v -0.001280 0.104226 0.024237
v -0.007243 0.104226 0.022001
v -0.007243 0.104403 0.023596
v -0.001280 0.104403 0.023596
v -0.007243 0.104470 0.022010
v -0.001280 0.104470 0.022010
v 0.004683 0.104470 0.022010
v 0.004683 0.104403 0.023596
v -0.006666 0.103165 0.024364
v -0.007243 0.099530 0.024369
v -0.007243 0.099548 0.022870
v -0.006666 0.099530 0.024369
v -0.006666 0.099548 0.022870
v -0.006666 0.103201 0.022886
v -0.001280 0.093822 0.020111
v -0.001280 0.092005 0.018249
v -0.001280 0.089613 0.017224
v -0.001280 0.086856 0.017224
vn -0.0000 -0.1891 0.9820
vn -0.0000 0.1891 0.9820
vn -0.0000 0.5454 0.8382
vn -0.0000 -0.5441 0.8390
vn -0.0000 -0.6963 0.7178
vn -0.0000 0.8373 0.5468
vn -0.0000 0.9714 0.2373
vn -0.0000 0.9840 0.1779
vn -0.0000 0.9677 -0.2521
vn -0.0000 0.9818 -0.1899
vn -0.0000 0.8382 -0.5454
vn -0.0000 0.5657 -0.8246
vn -0.0000 0.2011 -0.9796
vn -0.0000 -0.2011 -0.9796
vn -0.0000 -0.5543 -0.8323
vn -0.0000 -0.6963 -0.7178
vn -0.0000 0.9361 0.3517
vn -0.0000 -0.0000 1.0000
vn -0.0000 -1.0000 -0.0087
vn -0.0001 -1.0000 -0.0091
vn -0.0001 -1.0000 -0.0092
vn 0.0001 -1.0000 -0.0092
vn 0.0001 -1.0000 -0.0091
vn 0.0001 -1.0000 -0.0090
vn -1.0000 -0.0000 -0.0000
vn -0.0000 -1.0000 -0.0084
vn -0.0000 -0.0000 -1.0000
vn -0.0001 -1.0000 -0.0090
vn 1.0000 -0.0000 -0.0000
vn -0.0000 0.0107 -0.9999
vn -0.0000 0.0023 -1.0000
vn -0.0000 0.9999 0.0105
vn -0.0000 -0.0044 1.0000
vn -0.0000 -0.9998 -0.0212
vn -0.0000 -0.0013 -1.0000
vn -0.0000 0.2548 0.9670
vn -0.0000 0.0387 0.9992
vn -0.0000 0.6758 0.7371
vn -0.0000 0.9145 0.4046
vn -0.0000 0.0338 -0.9994
vn -0.0000 0.0237 -0.9997
vn -0.0000 0.9878 0.1554
vn -0.0000 0.9991 0.0421
vn -0.0000 0.0394 -0.9992
vn -0.0000 -0.9997 -0.0247
vn -0.0000 0.9999 0.0122
vn -0.0000 0.9285 -0.3713
vt 0.221201 0.331900
vt 0.221201 0.335336
vt 0.220760 0.335336
vt 0.220760 0.331900
vt 0.221201 0.339003
vt 0.220760 0.339003
vt 0.228687 0.335336
vt 0.228687 0.339003
vt 0.228687 0.331900
vt 0.236174 0.331900
vt 0.236174 0.335336
vt 0.236174 0.339003
vt 0.221201 0.328232
vt 0.228687 0.328233
vt 0.236173 0.328233
vt 0.236615 0.328233
vt 0.236615 0.331900
vt 0.236615 0.335336
vt 0.228687 0.326445
vt 0.236173 0.326445
vt 0.236615 0.326445
vt 0.221201 0.326445
vt 0.220760 0.328232
vt 0.220760 0.326445
vt 0.236615 0.339003
vt 0.236174 0.342671
vt 0.236615 0.342671
vt 0.236174 0.346921
vt 0.236615 0.346921
vt 0.236174 0.349980
vt 0.236615 0.349980
vt 0.236174 0.353648
vt 0.236615 0.353648
vt 0.236174 0.357316
vt 0.236615 0.357316
vt 0.236174 0.360983
vt 0.236615 0.360983
vt 0.236615 0.364870
vt 0.236174 0.364870
vt 0.236615 0.368538
vt 0.236174 0.368538
vt 0.236615 0.370326
vt 0.236174 0.370326
vt 0.228687 0.368538
vt 0.228687 0.370326
vt 0.221201 0.368538
vt 0.221201 0.370326
vt 0.220760 0.368538
vt 0.220760 0.370326
vt 0.221201 0.364870
vt 0.220760 0.364870
vt 0.221201 0.360983
vt 0.220760 0.360983
vt 0.220760 0.357316
vt 0.221201 0.357316
vt 0.220760 0.353648
vt 0.221201 0.353648
vt 0.220760 0.349980
vt 0.221201 0.349980
vt 0.220760 0.346921
vt 0.221201 0.346921
vt 0.220760 0.342671
vt 0.221201 0.342671
vt 0.228687 0.342671
vt 0.228687 0.346921
vt 0.712645 0.788296
vt 0.712645 0.796640
vt 0.707052 0.796640
vt 0.707052 0.788296
vt 0.707052 0.779951
vt 0.712645 0.779951
vt 0.914787 0.098851
vt 0.914787 0.106337
vt 0.914028 0.107256
vt 0.914028 0.098851
vt 0.914028 0.090445
vt 0.914787 0.091365
vt 0.918629 0.090445
vt 0.917847 0.091365
vt 0.707018 0.776541
vt 0.712651 0.776541
vt 0.918629 0.098851
vt 0.917847 0.098851
vt 0.707018 0.768197
vt 0.712651 0.768197
vt 0.917847 0.106337
vt 0.918629 0.107256
vt 0.712651 0.759853
vt 0.707018 0.759853
vt 0.712645 0.756442
vt 0.707052 0.756442
vt 0.444227 0.901393
vt 0.444207 0.903960
vt 0.443743 0.905233
vt 0.443776 0.900443
vt 0.449070 0.900443
vt 0.448810 0.901404
vt 0.261103 0.891310
vt 0.261103 0.882446
vt 0.266466 0.882446
vt 0.266466 0.891310
vt 0.189784 0.904446
vt 0.192415 0.904461
vt 0.192411 0.905328
vt 0.189780 0.905313
vt 0.193277 0.905328
vt 0.193277 0.910025
vt 0.192411 0.910025
vt 0.189811 0.909983
vt 0.192397 0.910891
vt 0.189797 0.910850
vt 0.188944 0.909989
vt 0.188912 0.905319
vt 0.448969 0.904986
vt 0.448763 0.903940
vt 0.283893 0.879154
vt 0.278683 0.879154
vt 0.278683 0.870439
vt 0.283893 0.870439
vt 0.284850 0.879154
vt 0.284850 0.870439
vt 0.449811 0.900455
vt 0.449822 0.904543
vt 0.285783 0.879154
vt 0.285783 0.870439
vt 0.450320 0.903749
vt 0.450312 0.900468
vt 0.259845 0.891310
vt 0.259845 0.882446
vt 0.260352 0.882446
vt 0.260352 0.891310
vt 0.260352 0.900175
vt 0.259845 0.900175
vt 0.261103 0.900175
vt 0.266466 0.900175
vt 0.662378 0.813376
vt 0.662119 0.812043
vt 0.662071 0.809864
vt 0.662278 0.808814
vt 0.657061 0.813376
vt 0.657516 0.812054
vt 0.663123 0.813364
vt 0.663134 0.809259
vt 0.657494 0.809845
vt 0.657029 0.808566
vt 0.283893 0.887868
vt 0.278683 0.887868
vt 0.284850 0.887868
vt 0.663635 0.810056
vt 0.663625 0.813352
vt 0.285783 0.887868
vt 0.286755 0.887868
vt 0.286755 0.879154
vt 0.663893 0.811001
vt 0.663985 0.813338
vt 0.289075 0.879154
vt 0.289074 0.887868
vt 0.259481 0.891310
vt 0.259481 0.900175
vt 0.259481 0.882446
vt 0.286755 0.870439
vt 0.289075 0.870439
vt 0.450578 0.902809
vt 0.450670 0.900481
vt 0.238680 0.907565
vt 0.237812 0.907583
vt 0.237768 0.905355
vt 0.238636 0.905338
vt 0.237774 0.904486
vt 0.233089 0.905323
vt 0.233095 0.904455
vt 0.232220 0.905330
vt 0.233105 0.907583
vt 0.232236 0.907588
vt 0.233105 0.908451
vt 0.237812 0.908451
vt 0.228687 0.349980
vt 0.228687 0.353648
vt 0.228687 0.357316
vt 0.228687 0.360983
vt 0.228687 0.364870
s 1
f 2301/3870/531 2298/3871/532 2299/3872/532 2318/3873/531
f 2300/3874/533 2360/3875/533 2299/3872/532 2298/3871/532
f 2302/3876/532 2304/3877/533 2300/3874/533 2298/3871/532
f 2298/3871/532 2301/3870/531 2305/3878/531 2302/3876/532
f 2302/3876/532 2305/3878/531 2307/3879/531 2303/3880/532
f 2302/3876/532 2303/3880/532 2321/3881/533 2304/3877/533
f 2305/3878/531 2301/3870/531 2315/3882/534 2306/3883/534
f 2305/3878/531 2306/3883/534 2309/3884/534 2307/3879/531
f 2309/3884/534 2310/3885/534 2308/3886/531 2307/3879/531
f 2307/3879/531 2308/3886/531 2319/3887/532 2303/3880/532
f 2309/3884/534 2306/3883/534 2313/3888/535 2311/3889/535
f 2310/3885/534 2309/3884/534 2311/3889/535 2312/3890/535
f 2306/3883/534 2315/3882/534 2314/3891/535 2313/3888/535
f 2315/3882/534 2317/3892/534 2316/3893/535 2314/3891/535
f 2315/3882/534 2301/3870/531 2318/3873/531 2317/3892/534
f 2321/3881/533 2303/3880/532 2319/3887/532 2320/3894/533
f 2323/3895/536 2321/3881/533 2320/3894/533 2322/3896/536
f 2325/3897/537 2323/3895/536 2322/3896/536 2324/3898/538
f 2327/3899/539 2325/3897/537 2324/3898/538 2326/3900/540
f 2329/3901/541 2327/3899/539 2326/3900/540 2328/3902/541
f 2331/3903/542 2329/3901/541 2328/3902/541 2330/3904/542
f 2333/3905/543 2331/3903/542 2330/3904/542 2332/3906/543
f 2332/3906/543 2334/3907/544 2335/3908/544 2333/3905/543
f 2335/3908/544 2334/3907/544 2336/3909/545 2337/3910/545
f 2337/3910/545 2336/3909/545 2338/3911/546 2339/3912/546
f 2341/3913/545 2337/3910/545 2339/3912/546 2340/3914/546
f 2343/3915/545 2341/3913/545 2340/3914/546 2342/3916/546
f 2345/3917/545 2343/3915/545 2342/3916/546 2344/3918/546
f 2347/3919/544 2343/3915/545 2345/3917/545 2346/3920/544
f 2349/3921/543 2347/3919/544 2346/3920/544 2348/3922/543
f 2349/3921/543 2348/3922/543 2350/3923/542 2351/3924/542
f 2351/3924/542 2350/3923/542 2352/3925/541 2353/3926/541
f 2353/3926/541 2352/3925/541 2354/3927/540 2355/3928/539
f 2355/3928/539 2354/3927/540 2356/3929/538 2357/3930/537
f 2357/3930/537 2356/3929/538 2358/3931/536 2359/3932/536
f 2359/3932/536 2358/3931/536 2360/3875/533 2300/3874/533
f 2361/3933/536 2362/3934/547 2357/3930/537 2359/3932/536
f 2304/3877/533 2361/3933/536 2359/3932/536 2300/3874/533
f 2361/3933/536 2323/3895/536 2325/3897/537 2362/3934/547
f 2304/3877/533 2321/3881/533 2323/3895/536 2361/3933/536
f 2362/3935/548 2325/3936/548 2364/3937/548 2363/3938/548
f 2362/3935/548 2363/3938/548 2366/3939/548 2357/3940/548
f 2363/3941/549 2364/3942/550 2375/3943/551 2365/3944/549
f 2363/3941/549 2365/3944/549 2367/3945/552 2366/3946/553
f 2366/3946/553 2367/3945/552 2369/3947/553 2368/3948/554
f 2357/3940/555 2366/3939/555 2368/3949/555 2355/3950/555
f 2368/3948/554 2369/3947/553 2371/3951/556 2370/3952/556
f 2355/3950/557 2368/3949/557 2370/3953/557 2372/3954/557
f 2373/3955/558 2370/3952/556 2371/3951/556 2374/3956/550
f 2327/3957/557 2372/3954/557 2370/3953/557 2373/3958/557
f 2325/3959/559 2327/3957/559 2373/3958/559 2364/3960/559
f 2364/3942/550 2373/3955/558 2374/3956/550 2375/3943/551
f 2377/3961/559 2378/3962/559 2375/3963/559 2374/3964/559
f 2374/3964/559 2376/3965/559 2379/3966/559 2377/3961/559
f 2395/3967/560 2376/3968/560 2374/3969/561 2371/3970/561
f 2378/3971/562 2377/3972/562 2380/3973/562 2381/3974/562
f 2377/3975/563 2379/3976/563 2382/3977/563 2380/3973/563
f 2382/3977/559 2383/3978/559 2381/3974/559 2380/3973/559
f 2379/3979/564 2384/3980/564 2383/3978/564 2382/3977/564
f 2384/3981/565 2378/3982/565 2381/3974/565 2383/3978/565
f 2385/3983/559 2375/3963/559 2378/3962/559 2384/3984/559
f 2376/3965/559 2385/3983/559 2384/3984/559 2379/3966/559
f 2386/3985/566 2365/3986/567 2375/3987/567 2385/3988/566
f 2388/3989/568 2386/3985/566 2385/3988/566 2387/3990/568
f 2390/3991/559 2387/3992/559 2385/3983/559 2376/3965/559
f 2402/3993/569 2388/3989/568 2387/3990/568 2389/3994/569
f 2389/3995/559 2387/3992/559 2390/3991/559 2391/3996/559
f 2393/3997/570 2391/3998/570 2390/3999/571 2392/4000/571
f 2392/4000/571 2390/3999/571 2376/3968/560 2395/3967/560
f 2393/3997/570 2392/4000/571 2394/4001/571 2403/4002/570
f 2392/4000/571 2395/3967/560 2396/4003/560 2394/4001/571
f 2395/3967/560 2371/3970/561 2369/4004/561 2396/4003/560
f 2396/4005/555 2397/4006/555 2399/4007/555 2398/4008/555
f 2369/4009/555 2412/4010/555 2397/4006/555 2396/4005/555
f 2394/4011/555 2396/4005/555 2398/4008/555 2400/4012/555
f 2398/4008/555 2399/4007/555 2411/4013/555 2367/4014/555
f 2386/3985/566 2398/4015/566 2367/4016/567 2365/3986/567
f 2388/3989/568 2400/4017/568 2398/4015/566 2386/3985/566
f 2401/4018/555 2403/4019/555 2394/4011/555 2400/4012/555
f 2402/3993/569 2401/4020/569 2400/4017/568 2388/3989/568
f 2404/4021/572 2401/4020/569 2402/3993/569 2405/4022/572
f 2404/4023/555 2406/4024/555 2403/4019/555 2401/4018/555
f 2404/4021/572 2405/4022/572 2407/4025/573 2406/4026/573
f 2407/4027/574 2393/3997/570 2403/4002/570 2406/4028/574
f 2407/4027/574 2408/4029/574 2391/3998/570 2393/3997/570
f 2409/4030/572 2408/4031/573 2407/4025/573 2405/4022/572
f 2409/4032/559 2389/3995/559 2391/3996/559 2408/4033/559
f 2409/4030/572 2405/4022/572 2402/3993/569 2389/3994/569
f 2397/4034/575 2415/4035/575 2410/4036/575 2399/4037/575
f 2399/4038/565 2410/4036/565 2413/4039/565 2411/4040/565
f 2412/4010/555 2369/4009/555 2367/4014/555 2411/4013/555
f 2411/4041/576 2413/4039/576 2414/4042/576 2412/4043/576
f 2415/4035/555 2414/4042/555 2413/4039/555 2410/4036/555
f 2412/4044/563 2414/4042/563 2415/4035/563 2397/4045/563
f 2372/4046/577 2327/3899/539 2329/3901/541 2416/4047/541
f 2372/4046/577 2416/4047/541 2353/3926/541 2355/3928/539
f 2416/4047/541 2329/3901/541 2331/3903/542 2417/4048/542
f 2416/4047/541 2417/4048/542 2351/3924/542 2353/3926/541
f 2417/4048/542 2331/3903/542 2333/3905/543 2418/4049/543
f 2417/4048/542 2418/4049/543 2349/3921/543 2351/3924/542
f 2419/4050/544 2418/4049/543 2333/3905/543 2335/3908/544
f 2419/4050/544 2347/3919/544 2349/3921/543 2418/4049/543
f 2341/3913/545 2343/3915/545 2347/3919/544 2419/4050/544
f 2341/3913/545 2419/4050/544 2335/3908/544 2337/3910/545
o fuse_switch_06
v 0.011554 0.089453 0.030303
v 0.011240 0.089453 0.030303
v 0.011554 0.091869 0.029337
v 0.011554 0.087016 0.030303
v 0.016864 0.089453 0.030303
v 0.022175 0.089453 0.030303
v 0.016864 0.091869 0.029337
v 0.016864 0.087016 0.030303
v 0.016864 0.084600 0.029337
v 0.022175 0.087016 0.030303
v 0.022488 0.087016 0.030303
v 0.022175 0.084600 0.029337
v 0.022488 0.084600 0.029337
v 0.022175 0.083690 0.028454
v 0.022488 0.083690 0.028454
v 0.016864 0.083690 0.028454
v 0.011554 0.083690 0.028454
v 0.011554 0.084600 0.029337
v 0.011240 0.083690 0.028454
v 0.011240 0.084600 0.029337
v 0.011240 0.087016 0.030303
v 0.022488 0.089453 0.030303
v 0.022488 0.091869 0.029337
v 0.022175 0.091869 0.029337
v 0.022488 0.093731 0.027520
v 0.022175 0.093731 0.027520
v 0.022488 0.094791 0.024698
v 0.022175 0.094791 0.024698
v 0.022488 0.094788 0.022527
v 0.022175 0.094788 0.022527
v 0.022488 0.093822 0.020111
v 0.022175 0.093822 0.020111
v 0.022488 0.092005 0.018249
v 0.022175 0.092005 0.018249
v 0.022488 0.089613 0.017224
v 0.022175 0.089613 0.017224
v 0.022488 0.086856 0.017224
v 0.022175 0.086856 0.017224
v 0.022488 0.084465 0.018249
v 0.022175 0.084465 0.018249
v 0.022488 0.083554 0.019132
v 0.022175 0.083554 0.019132
v 0.016864 0.083554 0.019132
v 0.016864 0.084465 0.018249
v 0.011554 0.083554 0.019132
v 0.011554 0.084465 0.018249
v 0.011240 0.083554 0.019132
v 0.011240 0.084465 0.018249
v 0.011240 0.086856 0.017224
v 0.011554 0.086856 0.017224
v 0.011240 0.089613 0.017224
v 0.011554 0.089613 0.017224
v 0.011240 0.092005 0.018249
v 0.011554 0.092005 0.018249
v 0.011240 0.093822 0.020111
v 0.011554 0.093822 0.020111
v 0.011240 0.094788 0.022527
v 0.011554 0.094788 0.022527
v 0.011240 0.094791 0.024698
v 0.011554 0.094791 0.024698
v 0.011240 0.093731 0.027520
v 0.011554 0.093731 0.027520
v 0.011240 0.091869 0.029337
v 0.016864 0.093731 0.027520
v 0.016864 0.094791 0.024698
v 0.016864 0.099216 0.024698
v 0.022175 0.099216 0.024698
v 0.016864 0.099212 0.025236
v 0.011554 0.099216 0.024698
v 0.010901 0.099212 0.025236
v 0.011554 0.099238 0.022527
v 0.010901 0.099242 0.021972
v 0.016864 0.099238 0.022527
v 0.016864 0.099242 0.021972
v 0.016864 0.094788 0.022527
v 0.022175 0.099238 0.022527
v 0.022827 0.099242 0.021972
v 0.022827 0.099212 0.025236
v 0.022827 0.103380 0.021981
v 0.022827 0.099548 0.022619
v 0.022827 0.099530 0.024369
v 0.022827 0.103201 0.022635
v 0.022251 0.099548 0.022619
v 0.022251 0.099530 0.024369
v 0.022251 0.103201 0.022635
v 0.022251 0.103165 0.024364
v 0.022827 0.103165 0.024364
v 0.022827 0.103303 0.025077
v 0.016864 0.103303 0.025077
v 0.022827 0.103885 0.024777
v 0.016864 0.103885 0.024777
v 0.022827 0.104226 0.024237
v 0.022827 0.103885 0.021991
v 0.022827 0.104226 0.022001
v 0.016864 0.103885 0.021991
v 0.016864 0.104226 0.022001
v 0.010901 0.103885 0.021991
v 0.016864 0.103380 0.021981
v 0.010901 0.103380 0.021981
v 0.010901 0.103201 0.022886
v 0.010901 0.103303 0.025077
v 0.010901 0.103165 0.024364
v 0.010901 0.103885 0.024777
v 0.010901 0.104226 0.024237
v 0.016864 0.104226 0.024237
v 0.010901 0.104226 0.022001
v 0.010901 0.104403 0.023596
v 0.016864 0.104403 0.023596
v 0.010901 0.104470 0.022010
v 0.016864 0.104470 0.022010
v 0.022827 0.104470 0.022010
v 0.022827 0.104403 0.023596
v 0.011478 0.103165 0.024364
v 0.010901 0.099530 0.024369
v 0.010901 0.099548 0.022870
v 0.011478 0.099530 0.024369
v 0.011478 0.099548 0.022870
v 0.011478 0.103201 0.022886
v 0.016864 0.093822 0.020111
v 0.016864 0.092005 0.018249
v 0.016864 0.089613 0.017224
v 0.016864 0.086856 0.017224
vn -0.0000 -0.1891 0.9820
vn -0.0000 0.1891 0.9820
vn -0.0000 0.5454 0.8382
vn -0.0000 -0.5441 0.8390
vn -0.0000 -0.6963 0.7178
vn -0.0000 0.8373 0.5468
vn -0.0000 0.9714 0.2373
vn -0.0000 0.9840 0.1779
vn -0.0000 0.9677 -0.2521
vn -0.0000 0.9818 -0.1899
vn -0.0000 0.8382 -0.5454
vn -0.0000 0.5657 -0.8246
vn -0.0000 0.2011 -0.9796
vn -0.0000 -0.2011 -0.9796
vn -0.0000 -0.5543 -0.8323
vn -0.0000 -0.6963 -0.7178
vn -0.0000 0.9361 0.3517
vn -0.0000 -0.0000 1.0000
vn -0.0000 -1.0000 -0.0087
vn -0.0001 -1.0000 -0.0091
vn -0.0001 -1.0000 -0.0092
vn 0.0001 -1.0000 -0.0092
vn 0.0001 -1.0000 -0.0091
vn 0.0001 -1.0000 -0.0090
vn -1.0000 -0.0000 -0.0000
vn -0.0000 -1.0000 -0.0084
vn -0.0000 -0.0000 -1.0000
vn -0.0001 -1.0000 -0.0090
vn 1.0000 -0.0000 -0.0000
vn -0.0000 0.0107 -0.9999
vn -0.0000 0.0023 -1.0000
vn -0.0000 0.9999 0.0105
vn -0.0000 -0.0044 1.0000
vn -0.0000 -0.9998 -0.0212
vn -0.0000 -0.0013 -1.0000
vn -0.0000 0.2548 0.9670
vn -0.0000 0.0387 0.9992
vn -0.0000 0.6758 0.7371
vn -0.0000 0.9145 0.4046
vn -0.0000 0.0338 -0.9994
vn -0.0000 0.0237 -0.9997
vn -0.0000 0.9878 0.1554
vn -0.0000 0.9991 0.0421
vn -0.0000 0.0394 -0.9992
vn -0.0000 -0.9997 -0.0247
vn -0.0000 0.9999 0.0122
vn -0.0000 0.9285 -0.3713
vt 0.221205 0.531900
vt 0.221205 0.535335
vt 0.220764 0.535335
vt 0.220764 0.531900
vt 0.221205 0.539002
vt 0.220764 0.539002
vt 0.228690 0.535335
vt 0.228690 0.539002
vt 0.228690 0.531900
vt 0.236176 0.531900
vt 0.236176 0.535335
vt 0.236176 0.539002
vt 0.221205 0.528233
vt 0.228691 0.528233
vt 0.236176 0.528233
vt 0.236617 0.528233
vt 0.236617 0.531900
vt 0.236617 0.535335
vt 0.228691 0.526445
vt 0.236176 0.526445
vt 0.236617 0.526445
vt 0.221205 0.526445
vt 0.220764 0.528233
vt 0.220764 0.526445
vt 0.236617 0.539002
vt 0.236176 0.542670
vt 0.236617 0.542670
vt 0.236176 0.546919
vt 0.236617 0.546919
vt 0.236176 0.549979
vt 0.236617 0.549979
vt 0.236176 0.553646
vt 0.236617 0.553646
vt 0.236176 0.557313
vt 0.236617 0.557313
vt 0.236176 0.560981
vt 0.236617 0.560981
vt 0.236617 0.564867
vt 0.236176 0.564867
vt 0.236617 0.568534
vt 0.236176 0.568534
vt 0.236617 0.570322
vt 0.236176 0.570322
vt 0.228690 0.568534
vt 0.228690 0.570322
vt 0.221205 0.568534
vt 0.221205 0.570322
vt 0.220764 0.568534
vt 0.220764 0.570322
vt 0.221205 0.564867
vt 0.220764 0.564867
vt 0.221205 0.560981
vt 0.220764 0.560981
vt 0.220764 0.557313
vt 0.221205 0.557313
vt 0.220764 0.553646
vt 0.221205 0.553646
vt 0.220764 0.549979
vt 0.221205 0.549979
vt 0.220764 0.546919
vt 0.221205 0.546919
vt 0.220764 0.542670
vt 0.221205 0.542670
vt 0.228690 0.542670
vt 0.228690 0.546919
vt 0.175340 0.870438
vt 0.183680 0.870438
vt 0.183680 0.876029
vt 0.175340 0.876029
vt 0.167000 0.876029
vt 0.167000 0.870438
vt 0.212735 0.895198
vt 0.205249 0.895198
vt 0.204329 0.894439
vt 0.212735 0.894439
vt 0.221140 0.894439
vt 0.220221 0.895198
vt 0.221140 0.899041
vt 0.220221 0.898258
vt 0.163591 0.876063
vt 0.163591 0.870433
vt 0.212735 0.899041
vt 0.212735 0.898258
vt 0.155250 0.876063
vt 0.155250 0.870433
vt 0.205249 0.898258
vt 0.204329 0.899041
vt 0.146910 0.870433
vt 0.146910 0.876063
vt 0.143502 0.870438
vt 0.143502 0.876029
vt 0.994877 0.900402
vt 0.994897 0.897832
vt 0.995361 0.896557
vt 0.995328 0.901352
vt 0.990028 0.901352
vt 0.990288 0.900391
vt 0.893735 0.777808
vt 0.884867 0.777808
vt 0.884867 0.772443
vt 0.893735 0.772443
vt 0.211596 0.907936
vt 0.211610 0.905306
vt 0.212477 0.905311
vt 0.212462 0.907941
vt 0.212477 0.904444
vt 0.217173 0.904444
vt 0.217173 0.905311
vt 0.217131 0.907910
vt 0.218040 0.905325
vt 0.217998 0.907924
vt 0.217137 0.908777
vt 0.212468 0.908808
vt 0.990130 0.896805
vt 0.990336 0.897851
vt 0.299148 0.879160
vt 0.304358 0.879160
vt 0.304358 0.887875
vt 0.299148 0.887875
vt 0.298190 0.879160
vt 0.298190 0.887875
vt 0.989287 0.901340
vt 0.989276 0.897248
vt 0.297256 0.879160
vt 0.297256 0.887875
vt 0.988777 0.898043
vt 0.988786 0.901327
vt 0.893735 0.779067
vt 0.884867 0.779067
vt 0.884867 0.778560
vt 0.893735 0.778560
vt 0.902603 0.778560
vt 0.902603 0.779067
vt 0.902603 0.777808
vt 0.902603 0.772443
vt 0.713224 0.848133
vt 0.711892 0.848392
vt 0.709716 0.848440
vt 0.708666 0.848234
vt 0.713224 0.853443
vt 0.711903 0.852990
vt 0.713212 0.847389
vt 0.709111 0.847378
vt 0.709697 0.853011
vt 0.708419 0.853476
vt 0.299148 0.870445
vt 0.304358 0.870445
vt 0.298190 0.870445
vt 0.709907 0.846878
vt 0.713199 0.846887
vt 0.297256 0.870445
vt 0.296285 0.870445
vt 0.296284 0.879160
vt 0.710852 0.846620
vt 0.713186 0.846528
vt 0.293965 0.879160
vt 0.293966 0.870445
vt 0.893735 0.779430
vt 0.902603 0.779430
vt 0.884867 0.779430
vt 0.296284 0.887875
vt 0.293965 0.887875
vt 0.988519 0.898985
vt 0.988427 0.901314
vt 0.293098 0.907328
vt 0.293965 0.907311
vt 0.294009 0.909535
vt 0.293142 0.909552
vt 0.294003 0.910402
vt 0.298679 0.909566
vt 0.298674 0.910434
vt 0.299547 0.909560
vt 0.298663 0.907311
vt 0.299531 0.907305
vt 0.298663 0.906444
vt 0.293965 0.906444
vt 0.228690 0.549979
vt 0.228690 0.553646
vt 0.228690 0.557313
vt 0.228690 0.560981
vt 0.228690 0.564867
s 1
f 2423/4051/578 2420/4052/579 2421/4053/579 2440/4054/578
f 2422/4055/580 2482/4056/580 2421/4053/579 2420/4052/579
f 2424/4057/579 2426/4058/580 2422/4055/580 2420/4052/579
f 2420/4052/579 2423/4051/578 2427/4059/578 2424/4057/579
f 2424/4057/579 2427/4059/578 2429/4060/578 2425/4061/579
f 2424/4057/579 2425/4061/579 2443/4062/580 2426/4058/580
f 2427/4059/578 2423/4051/578 2437/4063/581 2428/4064/581
f 2427/4059/578 2428/4064/581 2431/4065/581 2429/4060/578
f 2431/4065/581 2432/4066/581 2430/4067/578 2429/4060/578
f 2429/4060/578 2430/4067/578 2441/4068/579 2425/4061/579
f 2431/4065/581 2428/4064/581 2435/4069/582 2433/4070/582
f 2432/4066/581 2431/4065/581 2433/4070/582 2434/4071/582
f 2428/4064/581 2437/4063/581 2436/4072/582 2435/4069/582
f 2437/4063/581 2439/4073/581 2438/4074/582 2436/4072/582
f 2437/4063/581 2423/4051/578 2440/4054/578 2439/4073/581
f 2443/4062/580 2425/4061/579 2441/4068/579 2442/4075/580
f 2445/4076/583 2443/4062/580 2442/4075/580 2444/4077/583
f 2447/4078/584 2445/4076/583 2444/4077/583 2446/4079/585
f 2449/4080/586 2447/4078/584 2446/4079/585 2448/4081/587
f 2451/4082/588 2449/4080/586 2448/4081/587 2450/4083/588
f 2453/4084/589 2451/4082/588 2450/4083/588 2452/4085/589
f 2455/4086/590 2453/4084/589 2452/4085/589 2454/4087/590
f 2454/4087/590 2456/4088/591 2457/4089/591 2455/4086/590
f 2457/4089/591 2456/4088/591 2458/4090/592 2459/4091/592
f 2459/4091/592 2458/4090/592 2460/4092/593 2461/4093/593
f 2463/4094/592 2459/4091/592 2461/4093/593 2462/4095/593
f 2465/4096/592 2463/4094/592 2462/4095/593 2464/4097/593
f 2467/4098/592 2465/4096/592 2464/4097/593 2466/4099/593
f 2469/4100/591 2465/4096/592 2467/4098/592 2468/4101/591
f 2471/4102/590 2469/4100/591 2468/4101/591 2470/4103/590
f 2471/4102/590 2470/4103/590 2472/4104/589 2473/4105/589
f 2473/4105/589 2472/4104/589 2474/4106/588 2475/4107/588
f 2475/4107/588 2474/4106/588 2476/4108/587 2477/4109/586
f 2477/4109/586 2476/4108/587 2478/4110/585 2479/4111/584
f 2479/4111/584 2478/4110/585 2480/4112/583 2481/4113/583
f 2481/4113/583 2480/4112/583 2482/4056/580 2422/4055/580
f 2483/4114/583 2484/4115/594 2479/4111/584 2481/4113/583
f 2426/4058/580 2483/4114/583 2481/4113/583 2422/4055/580
f 2483/4114/583 2445/4076/583 2447/4078/584 2484/4115/594
f 2426/4058/580 2443/4062/580 2445/4076/583 2483/4114/583
f 2484/4116/595 2447/4117/595 2486/4118/595 2485/4119/595
f 2484/4116/595 2485/4119/595 2488/4120/595 2479/4121/595
f 2485/4122/596 2486/4123/597 2497/4124/598 2487/4125/596
f 2485/4122/596 2487/4125/596 2489/4126/599 2488/4127/600
f 2488/4127/600 2489/4126/599 2491/4128/600 2490/4129/601
f 2479/4121/602 2488/4120/602 2490/4130/602 2477/4131/602
f 2490/4129/601 2491/4128/600 2493/4132/603 2492/4133/603
f 2477/4131/604 2490/4130/604 2492/4134/604 2494/4135/604
f 2495/4136/605 2492/4133/603 2493/4132/603 2496/4137/597
f 2449/4138/604 2494/4135/604 2492/4134/604 2495/4139/604
f 2447/4140/606 2449/4138/606 2495/4139/606 2486/4141/606
f 2486/4123/597 2495/4136/605 2496/4137/597 2497/4124/598
f 2499/4142/606 2500/4143/606 2497/4144/606 2496/4145/606
f 2496/4145/606 2498/4146/606 2501/4147/606 2499/4142/606
f 2517/4148/607 2498/4149/607 2496/4150/608 2493/4151/608
f 2500/4152/609 2499/4153/609 2502/4154/609 2503/4155/609
f 2499/4156/610 2501/4157/610 2504/4158/610 2502/4154/610
f 2504/4158/606 2505/4159/606 2503/4155/606 2502/4154/606
f 2501/4160/611 2506/4161/611 2505/4159/611 2504/4158/611
f 2506/4162/612 2500/4163/612 2503/4155/612 2505/4159/612
f 2507/4164/606 2497/4144/606 2500/4143/606 2506/4165/606
f 2498/4146/606 2507/4164/606 2506/4165/606 2501/4147/606
f 2508/4166/613 2487/4167/614 2497/4168/614 2507/4169/613
f 2510/4170/615 2508/4166/613 2507/4169/613 2509/4171/615
f 2512/4172/606 2509/4173/606 2507/4164/606 2498/4146/606
f 2524/4174/616 2510/4170/615 2509/4171/615 2511/4175/616
f 2511/4176/606 2509/4173/606 2512/4172/606 2513/4177/606
f 2515/4178/617 2513/4179/617 2512/4180/618 2514/4181/618
f 2514/4181/618 2512/4180/618 2498/4149/607 2517/4148/607
f 2515/4178/617 2514/4181/618 2516/4182/618 2525/4183/617
f 2514/4181/618 2517/4148/607 2518/4184/607 2516/4182/618
f 2517/4148/607 2493/4151/608 2491/4185/608 2518/4184/607
f 2518/4186/602 2519/4187/602 2521/4188/602 2520/4189/602
f 2491/4190/602 2534/4191/602 2519/4187/602 2518/4186/602
f 2516/4192/602 2518/4186/602 2520/4189/602 2522/4193/602
f 2520/4189/602 2521/4188/602 2533/4194/602 2489/4195/602
f 2508/4166/613 2520/4196/613 2489/4197/614 2487/4167/614
f 2510/4170/615 2522/4198/615 2520/4196/613 2508/4166/613
f 2523/4199/602 2525/4200/602 2516/4192/602 2522/4193/602
f 2524/4174/616 2523/4201/616 2522/4198/615 2510/4170/615
f 2526/4202/619 2523/4201/616 2524/4174/616 2527/4203/619
f 2526/4204/602 2528/4205/602 2525/4200/602 2523/4199/602
f 2526/4202/619 2527/4203/619 2529/4206/620 2528/4207/620
f 2529/4208/621 2515/4178/617 2525/4183/617 2528/4209/621
f 2529/4208/621 2530/4210/621 2513/4179/617 2515/4178/617
f 2531/4211/619 2530/4212/620 2529/4206/620 2527/4203/619
f 2531/4213/606 2511/4176/606 2513/4177/606 2530/4214/606
f 2531/4211/619 2527/4203/619 2524/4174/616 2511/4175/616
f 2519/4215/622 2537/4216/622 2532/4217/622 2521/4218/622
f 2521/4219/612 2532/4217/612 2535/4220/612 2533/4221/612
f 2534/4191/602 2491/4190/602 2489/4195/602 2533/4194/602
f 2533/4222/623 2535/4220/623 2536/4223/623 2534/4224/623
f 2537/4216/602 2536/4223/602 2535/4220/602 2532/4217/602
f 2534/4225/610 2536/4223/610 2537/4216/610 2519/4226/610
f 2494/4227/624 2449/4080/586 2451/4082/588 2538/4228/588
f 2494/4227/624 2538/4228/588 2475/4107/588 2477/4109/586
f 2538/4228/588 2451/4082/588 2453/4084/589 2539/4229/589
f 2538/4228/588 2539/4229/589 2473/4105/589 2475/4107/588
f 2539/4229/589 2453/4084/589 2455/4086/590 2540/4230/590
f 2539/4229/589 2540/4230/590 2471/4102/590 2473/4105/589
f 2541/4231/591 2540/4230/590 2455/4086/590 2457/4089/591
f 2541/4231/591 2469/4100/591 2471/4102/590 2540/4230/590
f 2463/4094/592 2465/4096/592 2469/4100/591 2541/4231/591
f 2463/4094/592 2541/4231/591 2457/4089/591 2459/4091/592
o fuse_switch_07
v 0.029698 0.089453 0.030303
v 0.029384 0.089453 0.030303
v 0.029698 0.091869 0.029337
v 0.029698 0.087016 0.030303
v 0.035008 0.089453 0.030303
v 0.040319 0.089453 0.030303
v 0.035008 0.091869 0.029337
v 0.035008 0.087016 0.030303
v 0.035008 0.084600 0.029337
v 0.040319 0.087016 0.030303
v 0.040632 0.087016 0.030303
v 0.040319 0.084600 0.029337
v 0.040632 0.084600 0.029337
v 0.040319 0.083690 0.028454
v 0.040632 0.083690 0.028454
v 0.035008 0.083690 0.028454
v 0.029698 0.083690 0.028454
v 0.029698 0.084600 0.029337
v 0.029384 0.083690 0.028454
v 0.029384 0.084600 0.029337
v 0.029384 0.087016 0.030303
v 0.040632 0.089453 0.030303
v 0.040632 0.091869 0.029337
v 0.040319 0.091869 0.029337
v 0.040632 0.093731 0.027520
v 0.040319 0.093731 0.027520
v 0.040632 0.094791 0.024698
v 0.040319 0.094791 0.024698
v 0.040632 0.094788 0.022527
v 0.040319 0.094788 0.022527
v 0.040632 0.093822 0.020111
v 0.040319 0.093822 0.020111
v 0.040632 0.092005 0.018249
v 0.040319 0.092005 0.018249
v 0.040632 0.089613 0.017224
v 0.040319 0.089613 0.017224
v 0.040632 0.086856 0.017224
v 0.040319 0.086856 0.017224
v 0.040632 0.084465 0.018249
v 0.040319 0.084465 0.018249
v 0.040632 0.083554 0.019132
v 0.040319 0.083554 0.019132
v 0.035008 0.083554 0.019132
v 0.035008 0.084465 0.018249
v 0.029698 0.083554 0.019132
v 0.029698 0.084465 0.018249
v 0.029384 0.083554 0.019132
v 0.029384 0.084465 0.018249
v 0.029384 0.086856 0.017224
v 0.029698 0.086856 0.017224
v 0.029384 0.089613 0.017224
v 0.029698 0.089613 0.017224
v 0.029384 0.092005 0.018249
v 0.029698 0.092005 0.018249
v 0.029384 0.093822 0.020111
v 0.029698 0.093822 0.020111
v 0.029384 0.094788 0.022527
v 0.029698 0.094788 0.022527
v 0.029384 0.094791 0.024698
v 0.029698 0.094791 0.024698
v 0.029384 0.093731 0.027520
v 0.029698 0.093731 0.027520
v 0.029384 0.091869 0.029337
v 0.035008 0.093731 0.027520
v 0.035008 0.094791 0.024698
v 0.035008 0.099216 0.024698
v 0.040319 0.099216 0.024698
v 0.035008 0.099212 0.025236
v 0.029698 0.099216 0.024698
v 0.029045 0.099212 0.025236
v 0.029698 0.099238 0.022527
v 0.029045 0.099242 0.021972
v 0.035008 0.099238 0.022527
v 0.035008 0.099242 0.021972
v 0.035008 0.094788 0.022527
v 0.040319 0.099238 0.022527
v 0.040971 0.099242 0.021972
v 0.040971 0.099212 0.025236
v 0.040971 0.103380 0.021981
v 0.040971 0.099548 0.022619
v 0.040971 0.099530 0.024369
v 0.040971 0.103201 0.022635
v 0.040395 0.099548 0.022619
v 0.040395 0.099530 0.024369
v 0.040395 0.103201 0.022635
v 0.040395 0.103165 0.024364
v 0.040971 0.103165 0.024364
v 0.040971 0.103303 0.025077
v 0.035008 0.103303 0.025077
v 0.040971 0.103885 0.024777
v 0.035008 0.103885 0.024777
v 0.040971 0.104226 0.024237
v 0.040971 0.103885 0.021991
v 0.040971 0.104226 0.022001
v 0.035008 0.103885 0.021991
v 0.035008 0.104226 0.022001
v 0.029045 0.103885 0.021991
v 0.035008 0.103380 0.021981
v 0.029045 0.103380 0.021981
v 0.029045 0.103201 0.022886
v 0.029045 0.103303 0.025077
v 0.029045 0.103165 0.024364
v 0.029045 0.103885 0.024777
v 0.029045 0.104226 0.024237
v 0.035008 0.104226 0.024237
v 0.029045 0.104226 0.022001
v 0.029045 0.104403 0.023596
v 0.035008 0.104403 0.023596
v 0.029045 0.104470 0.022010
v 0.035008 0.104470 0.022010
v 0.040971 0.104470 0.022010
v 0.040971 0.104403 0.023596
v 0.029622 0.103165 0.024364
v 0.029045 0.099530 0.024369
v 0.029045 0.099548 0.022870
v 0.029622 0.099530 0.024369
v 0.029622 0.099548 0.022870
v 0.029622 0.103201 0.022886
v 0.035008 0.093822 0.020111
v 0.035008 0.092005 0.018249
v 0.035008 0.089613 0.017224
v 0.035008 0.086856 0.017224
vn -0.0000 -0.1891 0.9820
vn -0.0000 0.1891 0.9820
vn -0.0000 0.5454 0.8382
vn -0.0000 -0.5441 0.8390
vn -0.0000 -0.6963 0.7178
vn -0.0000 0.8373 0.5468
vn -0.0000 0.9714 0.2373
vn -0.0000 0.9840 0.1779
vn -0.0000 0.9677 -0.2521
vn -0.0000 0.9818 -0.1899
vn -0.0000 0.8382 -0.5454
vn -0.0000 0.5657 -0.8246
vn -0.0000 0.2011 -0.9796
vn -0.0000 -0.2011 -0.9796
vn -0.0000 -0.5543 -0.8323
vn -0.0000 -0.6963 -0.7178
vn -0.0000 0.9361 0.3517
vn -0.0000 -0.0000 1.0000
vn -0.0000 -1.0000 -0.0087
vn -0.0001 -1.0000 -0.0091
vn -0.0001 -1.0000 -0.0092
vn 0.0001 -1.0000 -0.0092
vn 0.0001 -1.0000 -0.0091
vn 0.0001 -1.0000 -0.0090
vn -1.0000 -0.0000 -0.0000
vn -0.0000 -1.0000 -0.0084
vn -0.0000 -0.0000 -1.0000
vn -0.0001 -1.0000 -0.0090
vn 1.0000 -0.0000 -0.0000
vn -0.0000 0.0107 -0.9999
vn -0.0000 0.0023 -1.0000
vn -0.0000 0.9999 0.0105
vn -0.0000 -0.0044 1.0000
vn -0.0000 -0.9998 -0.0212
vn -0.0000 -0.0013 -1.0000
vn -0.0000 0.2548 0.9670
vn -0.0000 0.0387 0.9992
vn -0.0000 0.6758 0.7371
vn -0.0000 0.9145 0.4046
vn -0.0000 0.0338 -0.9994
vn -0.0000 0.0237 -0.9997
vn -0.0000 0.9878 0.1554
vn -0.0000 0.9991 0.0421
vn -0.0000 0.0394 -0.9992
vn -0.0000 -0.9997 -0.0247
vn -0.0000 0.9999 0.0122
vn -0.0000 0.9285 -0.3713
vt 0.233071 0.628889
vt 0.229636 0.628889
vt 0.229636 0.628447
vt 0.233071 0.628447
vt 0.225969 0.628889
vt 0.225969 0.628447
vt 0.229636 0.636373
vt 0.225969 0.636373
vt 0.233071 0.636373
vt 0.233071 0.643858
vt 0.229636 0.643858
vt 0.225969 0.643858
vt 0.236738 0.628889
vt 0.236739 0.636373
vt 0.236739 0.643858
vt 0.236739 0.644300
vt 0.233071 0.644300
vt 0.229636 0.644300
vt 0.238526 0.636373
vt 0.238526 0.643858
vt 0.238526 0.644300
vt 0.238526 0.628889
vt 0.236738 0.628447
vt 0.238526 0.628447
vt 0.225969 0.644300
vt 0.222302 0.643858
vt 0.222302 0.644300
vt 0.218053 0.643858
vt 0.218053 0.644300
vt 0.214993 0.643858
vt 0.214993 0.644300
vt 0.211326 0.643858
vt 0.211326 0.644300
vt 0.207659 0.643858
vt 0.207659 0.644300
vt 0.203991 0.643858
vt 0.203991 0.644300
vt 0.200106 0.644300
vt 0.200106 0.643858
vt 0.196438 0.644300
vt 0.196438 0.643858
vt 0.194651 0.644300
vt 0.194651 0.643858
vt 0.196438 0.636373
vt 0.194651 0.636373
vt 0.196438 0.628889
vt 0.194651 0.628889
vt 0.196438 0.628447
vt 0.194651 0.628447
vt 0.200106 0.628889
vt 0.200106 0.628447
vt 0.203991 0.628889
vt 0.203991 0.628447
vt 0.207659 0.628447
vt 0.207659 0.628889
vt 0.211326 0.628447
vt 0.211326 0.628889
vt 0.214993 0.628447
vt 0.214993 0.628889
vt 0.218053 0.628447
vt 0.218053 0.628889
vt 0.222302 0.628447
vt 0.222302 0.628889
vt 0.222302 0.636373
vt 0.218053 0.636373
vt 0.503327 0.834070
vt 0.494987 0.834070
vt 0.494987 0.828479
vt 0.503327 0.828479
vt 0.511667 0.828479
vt 0.511667 0.834070
vt 0.434130 0.752291
vt 0.441631 0.752291
vt 0.442552 0.753052
vt 0.434130 0.753052
vt 0.425709 0.753052
vt 0.426630 0.752291
vt 0.425709 0.748441
vt 0.426630 0.749226
vt 0.515076 0.828446
vt 0.515076 0.834076
vt 0.434130 0.748441
vt 0.434130 0.749225
vt 0.523416 0.828446
vt 0.523416 0.834076
vt 0.441631 0.749226
vt 0.442552 0.748441
vt 0.531756 0.834076
vt 0.531756 0.828446
vt 0.535165 0.834070
vt 0.535165 0.828479
vt 0.490337 0.794418
vt 0.490357 0.791845
vt 0.490821 0.790569
vt 0.490789 0.795369
vt 0.485484 0.795369
vt 0.485744 0.794406
vt 0.633104 0.893308
vt 0.633104 0.902170
vt 0.627742 0.902170
vt 0.627742 0.893308
vt 0.933966 0.903936
vt 0.933980 0.901302
vt 0.934848 0.901307
vt 0.934834 0.903941
vt 0.934848 0.900439
vt 0.939551 0.900439
vt 0.939551 0.901307
vt 0.939508 0.903909
vt 0.940418 0.901321
vt 0.940376 0.903923
vt 0.939514 0.904777
vt 0.934840 0.904809
vt 0.485584 0.790815
vt 0.485791 0.791864
vt 0.340262 0.875626
vt 0.340262 0.880833
vt 0.331551 0.880833
vt 0.331551 0.875626
vt 0.340262 0.874669
vt 0.331551 0.874669
vt 0.484741 0.795356
vt 0.484730 0.791260
vt 0.340262 0.873736
vt 0.331551 0.873736
vt 0.484231 0.792056
vt 0.484240 0.795344
vt 0.634363 0.893308
vt 0.634362 0.902170
vt 0.633855 0.902170
vt 0.633855 0.893308
vt 0.633855 0.884445
vt 0.634363 0.884445
vt 0.633105 0.884445
vt 0.627742 0.884445
vt 0.683339 0.833814
vt 0.684673 0.833553
vt 0.686851 0.833506
vt 0.687901 0.833712
vt 0.683339 0.828497
vt 0.684662 0.828952
vt 0.683351 0.834558
vt 0.687456 0.834569
vt 0.686870 0.828930
vt 0.688149 0.828465
vt 0.348973 0.875626
vt 0.348973 0.880833
vt 0.348973 0.874669
vt 0.686659 0.835069
vt 0.683364 0.835060
vt 0.348973 0.873736
vt 0.348973 0.872765
vt 0.340262 0.872765
vt 0.685714 0.835328
vt 0.683377 0.835420
vt 0.340262 0.870446
vt 0.348973 0.870446
vt 0.634726 0.893308
vt 0.634726 0.884445
vt 0.634725 0.902170
vt 0.331551 0.872765
vt 0.331551 0.870446
vt 0.483972 0.792998
vt 0.483880 0.795330
vt 0.099526 0.904496
vt 0.099543 0.905364
vt 0.097317 0.905408
vt 0.097300 0.904540
vt 0.096449 0.905402
vt 0.097286 0.910083
vt 0.096417 0.910077
vt 0.097292 0.910951
vt 0.099543 0.910067
vt 0.099549 0.910935
vt 0.100410 0.910067
vt 0.100410 0.905364
vt 0.214993 0.636373
vt 0.211326 0.636373
vt 0.207659 0.636373
vt 0.203991 0.636373
vt 0.200106 0.636373
s 1
f 2545/4232/625 2542/4233/626 2543/4234/626 2562/4235/625
f 2544/4236/627 2604/4237/627 2543/4234/626 2542/4233/626
f 2546/4238/626 2548/4239/627 2544/4236/627 2542/4233/626
f 2542/4233/626 2545/4232/625 2549/4240/625 2546/4238/626
f 2546/4238/626 2549/4240/625 2551/4241/625 2547/4242/626
f 2546/4238/626 2547/4242/626 2565/4243/627 2548/4239/627
f 2549/4240/625 2545/4232/625 2559/4244/628 2550/4245/628
f 2549/4240/625 2550/4245/628 2553/4246/628 2551/4241/625
f 2553/4246/628 2554/4247/628 2552/4248/625 2551/4241/625
f 2551/4241/625 2552/4248/625 2563/4249/626 2547/4242/626
f 2553/4246/628 2550/4245/628 2557/4250/629 2555/4251/629
f 2554/4247/628 2553/4246/628 2555/4251/629 2556/4252/629
f 2550/4245/628 2559/4244/628 2558/4253/629 2557/4250/629
f 2559/4244/628 2561/4254/628 2560/4255/629 2558/4253/629
f 2559/4244/628 2545/4232/625 2562/4235/625 2561/4254/628
f 2565/4243/627 2547/4242/626 2563/4249/626 2564/4256/627
f 2567/4257/630 2565/4243/627 2564/4256/627 2566/4258/630
f 2569/4259/631 2567/4257/630 2566/4258/630 2568/4260/632
f 2571/4261/633 2569/4259/631 2568/4260/632 2570/4262/634
f 2573/4263/635 2571/4261/633 2570/4262/634 2572/4264/635
f 2575/4265/636 2573/4263/635 2572/4264/635 2574/4266/636
f 2577/4267/637 2575/4265/636 2574/4266/636 2576/4268/637
f 2576/4268/637 2578/4269/638 2579/4270/638 2577/4267/637
f 2579/4270/638 2578/4269/638 2580/4271/639 2581/4272/639
f 2581/4272/639 2580/4271/639 2582/4273/640 2583/4274/640
f 2585/4275/639 2581/4272/639 2583/4274/640 2584/4276/640
f 2587/4277/639 2585/4275/639 2584/4276/640 2586/4278/640
f 2589/4279/639 2587/4277/639 2586/4278/640 2588/4280/640
f 2591/4281/638 2587/4277/639 2589/4279/639 2590/4282/638
f 2593/4283/637 2591/4281/638 2590/4282/638 2592/4284/637
f 2593/4283/637 2592/4284/637 2594/4285/636 2595/4286/636
f 2595/4286/636 2594/4285/636 2596/4287/635 2597/4288/635
f 2597/4288/635 2596/4287/635 2598/4289/634 2599/4290/633
f 2599/4290/633 2598/4289/634 2600/4291/632 2601/4292/631
f 2601/4292/631 2600/4291/632 2602/4293/630 2603/4294/630
f 2603/4294/630 2602/4293/630 2604/4237/627 2544/4236/627
f 2605/4295/630 2606/4296/641 2601/4292/631 2603/4294/630
f 2548/4239/627 2605/4295/630 2603/4294/630 2544/4236/627
f 2605/4295/630 2567/4257/630 2569/4259/631 2606/4296/641
f 2548/4239/627 2565/4243/627 2567/4257/630 2605/4295/630
f 2606/4297/642 2569/4298/642 2608/4299/642 2607/4300/642
f 2606/4297/642 2607/4300/642 2610/4301/642 2601/4302/642
f 2607/4303/643 2608/4304/644 2619/4305/645 2609/4306/643
f 2607/4303/643 2609/4306/643 2611/4307/646 2610/4308/647
f 2610/4308/647 2611/4307/646 2613/4309/647 2612/4310/648
f 2601/4302/649 2610/4301/649 2612/4311/649 2599/4312/649
f 2612/4310/648 2613/4309/647 2615/4313/650 2614/4314/650
f 2599/4312/651 2612/4311/651 2614/4315/651 2616/4316/651
f 2617/4317/652 2614/4314/650 2615/4313/650 2618/4318/644
f 2571/4319/651 2616/4316/651 2614/4315/651 2617/4320/651
f 2569/4321/653 2571/4319/653 2617/4320/653 2608/4322/653
f 2608/4304/644 2617/4317/652 2618/4318/644 2619/4305/645
f 2621/4323/653 2622/4324/653 2619/4325/653 2618/4326/653
f 2618/4326/653 2620/4327/653 2623/4328/653 2621/4323/653
f 2639/4329/654 2620/4330/654 2618/4331/655 2615/4332/655
f 2622/4333/656 2621/4334/656 2624/4335/656 2625/4336/656
f 2621/4337/657 2623/4338/657 2626/4339/657 2624/4335/657
f 2626/4339/653 2627/4340/653 2625/4336/653 2624/4335/653
f 2623/4341/658 2628/4342/658 2627/4340/658 2626/4339/658
f 2628/4343/659 2622/4344/659 2625/4336/659 2627/4340/659
f 2629/4345/653 2619/4325/653 2622/4324/653 2628/4346/653
f 2620/4327/653 2629/4345/653 2628/4346/653 2623/4328/653
f 2630/4347/660 2609/4348/661 2619/4349/661 2629/4350/660
f 2632/4351/662 2630/4347/660 2629/4350/660 2631/4352/662
f 2634/4353/653 2631/4354/653 2629/4345/653 2620/4327/653
f 2646/4355/663 2632/4351/662 2631/4352/662 2633/4356/663
f 2633/4357/653 2631/4354/653 2634/4353/653 2635/4358/653
f 2637/4359/664 2635/4360/664 2634/4361/665 2636/4362/665
f 2636/4362/665 2634/4361/665 2620/4330/654 2639/4329/654
f 2637/4359/664 2636/4362/665 2638/4363/665 2647/4364/664
f 2636/4362/665 2639/4329/654 2640/4365/654 2638/4363/665
f 2639/4329/654 2615/4332/655 2613/4366/655 2640/4365/654
f 2640/4367/649 2641/4368/649 2643/4369/649 2642/4370/649
f 2613/4371/649 2656/4372/649 2641/4368/649 2640/4367/649
f 2638/4373/649 2640/4367/649 2642/4370/649 2644/4374/649
f 2642/4370/649 2643/4369/649 2655/4375/649 2611/4376/649
f 2630/4347/660 2642/4377/660 2611/4378/661 2609/4348/661
f 2632/4351/662 2644/4379/662 2642/4377/660 2630/4347/660
f 2645/4380/649 2647/4381/649 2638/4373/649 2644/4374/649
f 2646/4355/663 2645/4382/663 2644/4379/662 2632/4351/662
f 2648/4383/666 2645/4382/663 2646/4355/663 2649/4384/666
f 2648/4385/649 2650/4386/649 2647/4381/649 2645/4380/649
f 2648/4383/666 2649/4384/666 2651/4387/667 2650/4388/667
f 2651/4389/668 2637/4359/664 2647/4364/664 2650/4390/668
f 2651/4389/668 2652/4391/668 2635/4360/664 2637/4359/664
f 2653/4392/666 2652/4393/667 2651/4387/667 2649/4384/666
f 2653/4394/653 2633/4357/653 2635/4358/653 2652/4395/653
f 2653/4392/666 2649/4384/666 2646/4355/663 2633/4356/663
f 2641/4396/669 2659/4397/669 2654/4398/669 2643/4399/669
f 2643/4400/659 2654/4398/659 2657/4401/659 2655/4402/659
f 2656/4372/649 2613/4371/649 2611/4376/649 2655/4375/649
f 2655/4403/670 2657/4401/670 2658/4404/670 2656/4405/670
f 2659/4397/649 2658/4404/649 2657/4401/649 2654/4398/649
f 2656/4406/657 2658/4404/657 2659/4397/657 2641/4407/657
f 2616/4408/671 2571/4261/633 2573/4263/635 2660/4409/635
f 2616/4408/671 2660/4409/635 2597/4288/635 2599/4290/633
f 2660/4409/635 2573/4263/635 2575/4265/636 2661/4410/636
f 2660/4409/635 2661/4410/636 2595/4286/636 2597/4288/635
f 2661/4410/636 2575/4265/636 2577/4267/637 2662/4411/637
f 2661/4410/636 2662/4411/637 2593/4283/637 2595/4286/636
f 2663/4412/638 2662/4411/637 2577/4267/637 2579/4270/638
f 2663/4412/638 2591/4281/638 2593/4283/637 2662/4411/637
f 2585/4275/639 2587/4277/639 2591/4281/638 2663/4412/638
f 2585/4275/639 2663/4412/638 2579/4270/638 2581/4272/639
o fuse_switch_08
v 0.047888 0.089453 0.050558
v 0.058509 0.089453 0.050558
v 0.047888 0.091869 0.049592
v 0.058509 0.091869 0.049592
v 0.047888 0.093731 0.047775
v 0.058509 0.093731 0.047775
v 0.047888 0.094791 0.044953
v 0.058509 0.094791 0.044953
v 0.047888 0.094788 0.042782
v 0.058509 0.094788 0.042782
v 0.047888 0.093822 0.040366
v 0.058509 0.093822 0.040366
v 0.047888 0.092005 0.038504
v 0.058509 0.092005 0.038504
v 0.047888 0.089613 0.037479
v 0.058509 0.089613 0.037479
v 0.047888 0.087016 0.050558
v 0.058509 0.087016 0.050558
v 0.047888 0.084600 0.049592
v 0.058509 0.084600 0.049592
v 0.058509 0.099216 0.044953
v 0.047888 0.099216 0.044953
v 0.047888 0.099238 0.042782
v 0.058509 0.099238 0.042782
v 0.047235 0.099548 0.043125
v 0.047812 0.103201 0.043141
v 0.047235 0.104470 0.042265
v 0.047235 0.099242 0.042227
v 0.047235 0.099530 0.044624
v 0.047235 0.104226 0.042256
v 0.047235 0.103885 0.042246
v 0.047235 0.103165 0.044619
v 0.047235 0.099212 0.045491
v 0.059161 0.099548 0.042875
v 0.058585 0.103201 0.042891
v 0.047235 0.104226 0.044492
v 0.047235 0.104403 0.043851
v 0.047235 0.103885 0.045032
v 0.059161 0.104470 0.042266
v 0.059161 0.099242 0.042227
v 0.047235 0.103303 0.045332
v 0.059161 0.099530 0.044624
v 0.053198 0.104226 0.042256
v 0.059161 0.104226 0.042256
v 0.047235 0.103201 0.043141
v 0.053198 0.103885 0.042246
v 0.047812 0.099548 0.043125
v 0.059161 0.103885 0.042246
v 0.047812 0.099530 0.044624
v 0.059161 0.103165 0.044619
v 0.047812 0.103165 0.044619
v 0.059161 0.099212 0.045491
v 0.059161 0.104226 0.044492
v 0.059161 0.104403 0.043851
v 0.059161 0.103885 0.045032
v 0.059161 0.103303 0.045332
v 0.047574 0.091869 0.049592
v 0.047574 0.089453 0.050558
v 0.047574 0.093731 0.047775
v 0.059161 0.103201 0.042891
v 0.058585 0.099548 0.042875
v 0.058585 0.099530 0.044624
v 0.058585 0.103165 0.044619
v 0.047574 0.094791 0.044953
v 0.047574 0.094788 0.042782
v 0.058822 0.091869 0.049592
v 0.058822 0.089453 0.050558
v 0.047574 0.093822 0.040366
v 0.058822 0.093731 0.047775
v 0.047574 0.092005 0.038504
v 0.058822 0.094791 0.044953
v 0.047574 0.089613 0.037479
v 0.058822 0.094788 0.042782
v 0.058822 0.093822 0.040366
v 0.058822 0.092005 0.038504
v 0.058822 0.089613 0.037479
v 0.053198 0.089453 0.050558
v 0.053198 0.091869 0.049592
v 0.053198 0.093731 0.047775
v 0.053198 0.094791 0.044953
v 0.053198 0.094788 0.042782
v 0.053198 0.093822 0.040366
v 0.053198 0.092005 0.038504
v 0.053198 0.089613 0.037479
v 0.053198 0.099216 0.044953
v 0.053198 0.099238 0.042782
v 0.053198 0.099212 0.045491
v 0.053198 0.099242 0.042227
v 0.053198 0.104470 0.042265
v 0.053198 0.104403 0.043851
v 0.053198 0.104226 0.044492
v 0.053198 0.103885 0.045032
v 0.053198 0.103303 0.045332
v 0.059161 0.103380 0.042237
v 0.053198 0.103380 0.042237
v 0.047235 0.103380 0.042237
v 0.047888 0.084464 0.038504
v 0.058509 0.084464 0.038504
v 0.047888 0.086856 0.037479
v 0.058509 0.086856 0.037479
v 0.047574 0.084600 0.049592
v 0.047574 0.087016 0.050558
v 0.058822 0.084600 0.049592
v 0.058822 0.087016 0.050558
v 0.047574 0.084464 0.038504
v 0.047574 0.086856 0.037479
v 0.058822 0.084464 0.038504
v 0.058822 0.086856 0.037479
v 0.053198 0.087016 0.050558
v 0.053198 0.084600 0.049592
v 0.053198 0.084464 0.038504
v 0.053198 0.086856 0.037479
v 0.047888 0.083690 0.048709
v 0.058509 0.083690 0.048709
v 0.047888 0.083554 0.039387
v 0.058509 0.083554 0.039387
v 0.047574 0.083690 0.048709
v 0.058822 0.083690 0.048709
v 0.047574 0.083554 0.039387
v 0.058822 0.083554 0.039387
v 0.053198 0.083690 0.048709
v 0.053198 0.083554 0.039387
vn -0.0000 0.1891 0.9820
vn -0.0000 0.5454 0.8382
vn -0.0000 0.8373 0.5468
vn -0.0000 0.9714 0.2373
vn -0.0000 0.9361 0.3517
vn 1.0000 -0.0000 -0.0000
vn -0.0000 0.9285 -0.3713
vn -0.0000 0.9677 -0.2521
vn -0.0000 0.8382 -0.5454
vn -0.0000 0.5657 -0.8246
vn -0.0000 0.2011 -0.9796
vn -1.0000 -0.0000 -0.0000
vn -0.0000 -0.1891 0.9820
vn -0.0000 -0.0000 1.0000
vn -0.0000 0.0338 -0.9994
vn -0.0000 0.0237 -0.9997
vn -0.0001 -1.0000 -0.0091
vn -0.0001 -1.0000 -0.0090
vn -0.0001 -1.0000 -0.0092
vn -0.0000 0.9999 0.0122
vn -0.0000 -1.0000 -0.0087
vn -0.0000 0.9145 0.4046
vn -0.0000 0.6758 0.7371
vn -0.0000 0.9878 0.1554
vn -0.0000 0.9991 0.0421
vn -0.0000 0.0107 -0.9999
vn -0.0000 0.0023 -1.0000
vn -0.0000 -0.0044 1.0000
vn -0.0000 0.0394 -0.9992
vn -0.0000 -0.0013 -1.0000
vn -0.0000 0.2548 0.9670
vn -0.0000 0.9818 -0.1899
vn -0.0000 -0.9997 -0.0247
vn -0.0000 0.9999 0.0105
vn -0.0000 -0.9998 -0.0212
vn -0.0000 -0.2011 -0.9796
vn 0.0001 -1.0000 -0.0090
vn 0.0001 -1.0000 -0.0091
vn -0.0000 -1.0000 -0.0084
vn -0.0000 0.9840 0.1779
vn 0.0001 -1.0000 -0.0092
vn -0.0000 -0.0000 -1.0000
vn -0.0000 0.0387 0.9992
vn -0.0000 -0.5543 -0.8323
vn -0.0000 -0.5441 0.8390
vn -0.0000 -0.6963 -0.7178
vn -0.0000 -0.6963 0.7178
vt 0.642763 0.550368
vt 0.642763 0.542881
vt 0.646431 0.542881
vt 0.646431 0.550368
vt 0.650099 0.542881
vt 0.650099 0.550368
vt 0.654350 0.542881
vt 0.654350 0.550368
vt 0.688272 0.520438
vt 0.688278 0.523849
vt 0.682644 0.523849
vt 0.682678 0.520438
vt 0.657410 0.550368
vt 0.657410 0.542881
vt 0.661078 0.542881
vt 0.661078 0.550368
vt 0.664746 0.542881
vt 0.664746 0.550368
vt 0.668414 0.542881
vt 0.668414 0.550368
vt 0.536153 0.910032
vt 0.536153 0.905333
vt 0.538409 0.905317
vt 0.538377 0.909988
vt 0.639327 0.542881
vt 0.639327 0.542439
vt 0.642763 0.542439
vt 0.483933 0.786044
vt 0.483478 0.787368
vt 0.483446 0.782554
vt 0.483911 0.783834
vt 0.688272 0.552296
vt 0.688272 0.560641
vt 0.682678 0.560641
vt 0.682678 0.552296
vt 0.488539 0.786033
vt 0.488799 0.787368
vt 0.571992 0.893312
vt 0.571485 0.893312
vt 0.571485 0.884445
vt 0.571992 0.884445
vt 0.652383 0.897199
vt 0.652383 0.900255
vt 0.651464 0.901037
vt 0.651464 0.896442
vt 0.538402 0.904449
vt 0.536147 0.904466
vt 0.659859 0.897199
vt 0.659859 0.896442
vt 0.494803 0.879152
vt 0.494803 0.887864
vt 0.493871 0.887864
vt 0.493871 0.879152
vt 0.495775 0.870440
vt 0.498093 0.870440
vt 0.498093 0.879152
vt 0.495775 0.879152
vt 0.495775 0.887864
vt 0.498093 0.887864
vt 0.570734 0.893312
vt 0.570734 0.902180
vt 0.565369 0.902180
vt 0.565369 0.893312
vt 0.535286 0.905333
vt 0.535286 0.910032
vt 0.572356 0.893312
vt 0.572355 0.902180
vt 0.571992 0.902180
vt 0.539245 0.909994
vt 0.539276 0.905323
vt 0.492913 0.879153
vt 0.492913 0.870440
vt 0.493871 0.870440
vt 0.490055 0.784046
vt 0.490046 0.787343
vt 0.489543 0.787356
vt 0.489554 0.783248
vt 0.494803 0.870440
vt 0.661078 0.557855
vt 0.661078 0.558296
vt 0.657410 0.558296
vt 0.657410 0.557855
vt 0.488697 0.782802
vt 0.488491 0.783853
vt 0.536170 0.910899
vt 0.538395 0.910856
vt 0.490314 0.784991
vt 0.490407 0.787330
vt 0.434973 0.904998
vt 0.437543 0.905018
vt 0.438818 0.905482
vt 0.434022 0.905449
vt 0.438571 0.900250
vt 0.437524 0.900456
vt 0.437332 0.898897
vt 0.438127 0.899396
vt 0.434034 0.899407
vt 0.434047 0.898906
vt 0.571485 0.902180
vt 0.082899 0.905377
vt 0.082930 0.910048
vt 0.082063 0.910054
vt 0.082032 0.905383
vt 0.565369 0.884445
vt 0.570734 0.884445
vt 0.436391 0.898639
vt 0.434060 0.898547
vt 0.434022 0.900149
vt 0.434984 0.900409
vt 0.082058 0.910921
vt 0.079427 0.910907
vt 0.079431 0.910040
vt 0.078564 0.910040
vt 0.078564 0.905341
vt 0.079431 0.905341
vt 0.079445 0.904474
vt 0.082046 0.904516
vt 0.672302 0.550368
vt 0.672302 0.557855
vt 0.668414 0.557855
vt 0.657410 0.542439
vt 0.661078 0.542439
vt 0.646431 0.542439
vt 0.667336 0.900255
vt 0.668254 0.901037
vt 0.659859 0.901037
vt 0.659859 0.900255
vt 0.664746 0.542439
vt 0.646431 0.557855
vt 0.646431 0.558296
vt 0.642763 0.558296
vt 0.642763 0.557855
vt 0.650099 0.542439
vt 0.654350 0.557855
vt 0.654350 0.558296
vt 0.650099 0.558296
vt 0.650099 0.557855
vt 0.668414 0.542439
vt 0.668414 0.558296
vt 0.664746 0.558296
vt 0.664746 0.557855
vt 0.654350 0.542439
vt 0.639327 0.557855
vt 0.639327 0.558296
vt 0.668254 0.896442
vt 0.667336 0.897199
vt 0.682678 0.543951
vt 0.688272 0.543951
vt 0.688277 0.540540
vt 0.682644 0.540540
vt 0.682644 0.532194
vt 0.688278 0.532194
vt 0.672302 0.558296
vt 0.492913 0.887864
vt 0.487705 0.887864
vt 0.487705 0.879153
vt 0.572356 0.884445
vt 0.672302 0.542881
vt 0.672302 0.542439
vt 0.639327 0.550368
vt 0.675970 0.550368
vt 0.675970 0.542881
vt 0.635659 0.550368
vt 0.635659 0.542881
vt 0.635659 0.542439
vt 0.635659 0.557855
vt 0.635659 0.558296
vt 0.675970 0.542439
vt 0.675970 0.557855
vt 0.675970 0.558296
vt 0.677757 0.550368
vt 0.677757 0.557855
vt 0.633871 0.542881
vt 0.633871 0.542439
vt 0.677757 0.558296
vt 0.633871 0.550368
vt 0.633872 0.557855
vt 0.677757 0.542439
vt 0.677757 0.542881
vt 0.633872 0.558296
vt 0.487705 0.870440
s 1
f 2740/4413/672 2665/4414/672 2667/4415/673 2741/4416/673
f 2741/4416/673 2667/4415/673 2669/4417/674 2742/4418/674
f 2742/4418/674 2669/4417/674 2671/4419/675 2743/4420/676
f 2671/4421/677 2673/4422/677 2687/4423/677 2684/4424/677
f 2744/4425/678 2673/4426/679 2675/4427/680 2745/4428/680
f 2745/4428/680 2675/4427/680 2677/4429/681 2746/4430/681
f 2746/4430/681 2677/4429/681 2679/4431/682 2747/4432/682
f 2689/4433/683 2710/4434/683 2712/4435/683 2714/4436/683
f 2681/4437/684 2767/4438/684 2730/4439/672 2665/4414/672
f 2688/4440/683 2691/4441/683 2696/4442/683 2692/4443/683
f 2743/4444/685 2671/4445/685 2684/4446/685 2748/4447/685
f 2691/4441/683 2688/4440/683 2708/4448/683 2759/4449/683
f 2706/4450/686 2709/4451/687 2694/4452/687 2693/4453/686
f 2684/4454/688 2687/4455/689 2703/4456/688 2715/4457/690
f 2692/4458/691 2712/4435/691 2710/4434/691 2688/4459/691
f 2748/4460/692 2684/4454/688 2715/4457/690 2750/4461/692
f 2754/4462/693 2699/4463/693 2701/4464/694 2755/4465/694
f 2717/4466/695 2702/4467/696 2752/4468/696 2753/4469/695
f 2700/4470/695 2753/4469/695 2752/4468/696 2690/4471/696
f 2758/4472/697 2757/4473/697 2703/4474/698 2751/4475/698
f 2688/4476/699 2710/4434/699 2689/4433/699 2708/4477/699
f 2752/4478/700 2702/4479/700 2707/4480/686 2706/4450/686
f 2695/4481/701 2714/4436/701 2712/4435/701 2692/4482/701
f 2755/4465/694 2756/4483/702 2719/4484/702 2718/4485/694
f 2699/4486/683 2693/4487/683 2694/4488/683 2701/4489/683
f 2717/4466/695 2753/4469/695 2754/4462/693 2716/4490/693
f 2674/4491/680 2731/4492/680 2728/4493/703 2672/4494/679
f 2754/4462/693 2755/4465/694 2718/4485/694 2716/4490/693
f 2704/4495/683 2695/4496/683 2692/4443/683 2696/4442/683
f 2708/4497/704 2689/4433/704 2714/4436/704 2695/4498/704
f 2700/4499/683 2690/4500/683 2693/4487/683 2699/4486/683
f 2697/4501/677 2705/4502/677 2715/4503/677 2703/4504/677
f 2719/4505/677 2715/4503/677 2705/4502/677 2713/4506/677
f 2716/4507/677 2718/4508/677 2711/4509/677 2707/4510/677
f 2706/4450/686 2707/4480/686 2711/4511/687 2709/4451/687
f 2709/4451/687 2711/4511/687 2757/4473/697 2758/4472/697
f 2713/4512/701 2705/4513/701 2725/4514/701 2726/4515/701
f 2758/4472/697 2751/4475/698 2691/4516/698 2759/4517/697
f 2717/4518/677 2716/4507/677 2707/4510/677 2702/4519/677
f 2709/4451/687 2758/4472/697 2759/4517/697 2694/4452/687
f 2703/4504/677 2757/4520/677 2723/4521/677 2697/4501/677
f 2705/4522/705 2697/4523/705 2724/4524/705 2725/4514/705
f 2697/4525/699 2723/4526/699 2698/4527/699 2724/4524/699
f 2723/4528/706 2713/4529/706 2726/4515/706 2698/4527/706
f 2775/4530/707 2762/4531/707 2678/4532/682 2747/4432/682
f 2675/4427/680 2673/4426/679 2736/4533/703 2737/4534/680
f 2667/4415/673 2665/4414/672 2730/4439/672 2729/4535/673
f 2686/4536/708 2691/4537/709 2751/4538/710 2749/4539/710
f 2677/4429/681 2675/4427/680 2737/4534/680 2738/4540/681
f 2666/4541/673 2720/4542/673 2721/4543/672 2664/4544/672
f 2669/4417/674 2667/4415/673 2729/4535/673 2732/4545/674
f 2670/4546/675 2727/4547/711 2722/4548/674 2668/4549/674
f 2679/4431/682 2677/4429/681 2738/4540/681 2739/4550/682
f 2678/4532/682 2735/4551/682 2733/4552/681 2676/4553/681
f 2759/4449/683 2708/4448/683 2695/4496/683 2704/4495/683
f 2671/4419/675 2669/4417/674 2732/4545/674 2734/4554/711
f 2694/4488/683 2759/4449/683 2704/4495/683 2701/4489/683
f 2680/4555/684 2664/4544/672 2721/4543/672 2765/4556/684
f 2672/4494/679 2728/4493/703 2727/4547/711 2670/4546/675
f 2673/4426/679 2671/4419/675 2734/4554/711 2736/4533/703
f 2748/4460/692 2750/4461/692 2696/4557/712 2685/4558/709
f 2743/4444/685 2748/4447/685 2685/4559/685 2670/4560/685
f 2672/4561/713 2686/4562/713 2749/4563/713 2744/4564/713
f 2687/4455/689 2749/4539/710 2751/4538/710 2703/4456/688
f 2676/4553/681 2733/4552/681 2731/4492/680 2674/4491/680
f 2746/4430/681 2747/4432/682 2678/4532/682 2676/4553/681
f 2745/4428/680 2746/4430/681 2676/4553/681 2674/4491/680
f 2744/4425/678 2745/4428/680 2674/4491/680 2672/4494/679
f 2670/4560/683 2685/4559/683 2686/4562/683 2672/4561/683
f 2678/4532/682 2762/4531/707 2769/4565/707 2735/4551/682
f 2673/4422/713 2744/4564/713 2749/4563/713 2687/4423/713
f 2756/4483/702 2704/4566/702 2696/4567/714 2750/4568/714
f 2742/4418/674 2743/4420/676 2670/4546/675 2668/4549/674
f 2741/4416/673 2742/4418/674 2668/4549/674 2666/4541/673
f 2740/4413/672 2741/4416/673 2666/4541/673 2664/4544/672
f 2700/4470/695 2699/4463/693 2754/4462/693 2753/4469/695
f 2755/4465/694 2701/4464/694 2704/4566/702 2756/4483/702
f 2752/4478/700 2706/4450/686 2693/4453/686 2690/4569/700
f 2668/4549/674 2722/4548/674 2720/4542/673 2666/4541/673
f 2685/4558/709 2696/4557/712 2691/4537/709 2686/4536/708
f 2698/4527/677 2726/4515/677 2725/4514/677 2724/4524/677
f 2711/4509/677 2718/4508/677 2719/4505/677 2757/4520/677
f 2757/4520/677 2719/4505/677 2713/4506/677 2723/4521/677
f 2775/4530/707 2747/4432/682 2679/4431/682 2763/4570/707
f 2739/4550/682 2771/4571/707 2763/4570/707 2679/4431/682
f 2664/4544/672 2680/4555/684 2772/4572/684 2740/4413/672
f 2774/4573/715 2775/4530/707 2763/4570/707 2761/4574/715
f 2772/4572/684 2773/4575/716 2683/4576/716 2681/4437/684
f 2683/4576/716 2766/4577/716 2767/4438/684 2681/4437/684
f 2682/4578/716 2680/4555/684 2765/4556/684 2764/4579/716
f 2763/4570/707 2771/4571/707 2770/4580/715 2761/4574/715
f 2762/4531/707 2760/4581/715 2768/4582/715 2769/4565/707
f 2774/4573/715 2760/4581/715 2762/4531/707 2775/4530/707
f 2772/4572/684 2680/4555/684 2682/4578/716 2773/4575/716
f 2740/4413/672 2772/4572/684 2681/4437/684 2665/4414/672
f 2760/4581/715 2774/4573/715 2785/4583/717 2778/4584/717
f 2766/4577/716 2683/4576/716 2777/4585/718 2781/4586/718
f 2768/4582/715 2760/4581/715 2778/4584/717 2782/4587/717
f 2683/4576/716 2773/4575/716 2784/4588/718 2777/4585/718
f 2773/4575/716 2682/4578/716 2776/4589/718 2784/4588/718
f 2761/4574/715 2770/4580/715 2783/4590/717 2779/4591/717
f 2774/4573/715 2761/4574/715 2779/4591/717 2785/4583/717
f 2682/4578/716 2764/4579/716 2780/4592/718 2776/4589/718
f 2756/4483/702 2750/4568/714 2715/4593/714 2719/4484/702
o fuse_switch_09
v 0.084016 0.089453 0.030303
v 0.094637 0.089453 0.030303
v 0.084016 0.091869 0.029337
v 0.094637 0.091869 0.029337
v 0.084016 0.093731 0.027520
v 0.094637 0.093731 0.027520
v 0.084016 0.094791 0.024698
v 0.094637 0.094791 0.024698
v 0.084016 0.094788 0.022527
v 0.094637 0.094788 0.022527
v 0.084016 0.093822 0.020111
v 0.094637 0.093822 0.020111
v 0.084016 0.092005 0.018249
v 0.094637 0.092005 0.018249
v 0.084016 0.089613 0.017224
v 0.094637 0.089613 0.017224
v 0.084016 0.087016 0.030303
v 0.094637 0.087016 0.030303
v 0.084016 0.084600 0.029337
v 0.094637 0.084600 0.029337
v 0.094637 0.099216 0.024698
v 0.084016 0.099216 0.024698
v 0.084016 0.099238 0.022527
v 0.094637 0.099238 0.022527
v 0.083363 0.099548 0.022870
v 0.083940 0.103201 0.022886
v 0.083363 0.104470 0.022010
v 0.083363 0.099242 0.021972
v 0.083363 0.099530 0.024369
v 0.083363 0.104226 0.022001
v 0.083363 0.103885 0.021991
v 0.083363 0.103165 0.024364
v 0.083363 0.099212 0.025236
v 0.095289 0.099548 0.022619
v 0.094713 0.103201 0.022635
v 0.083363 0.104226 0.024237
v 0.083363 0.104403 0.023596
v 0.083363 0.103885 0.024777
v 0.095289 0.104470 0.022010
v 0.095289 0.099242 0.021972
v 0.083363 0.103303 0.025077
v 0.095289 0.099530 0.024369
v 0.089326 0.104226 0.022001
v 0.095289 0.104226 0.022001
v 0.083363 0.103201 0.022886
v 0.089326 0.103885 0.021991
v 0.083940 0.099548 0.022870
v 0.095289 0.103885 0.021991
v 0.083940 0.099530 0.024369
v 0.095289 0.103165 0.024364
v 0.083940 0.103165 0.024364
v 0.095289 0.099212 0.025236
v 0.095289 0.104226 0.024237
v 0.095289 0.104403 0.023596
v 0.095289 0.103885 0.024777
v 0.095289 0.103303 0.025077
v 0.083702 0.091869 0.029337
v 0.083702 0.089453 0.030303
v 0.083702 0.093731 0.027520
v 0.095289 0.103201 0.022635
v 0.094713 0.099548 0.022619
v 0.094713 0.099530 0.024369
v 0.094713 0.103165 0.024364
v 0.083702 0.094791 0.024698
v 0.083702 0.094788 0.022527
v 0.094950 0.091869 0.029337
v 0.094950 0.089453 0.030303
v 0.083702 0.093822 0.020111
v 0.094950 0.093731 0.027520
v 0.083702 0.092005 0.018249
v 0.094950 0.094791 0.024698
v 0.083702 0.089613 0.017224
v 0.094950 0.094788 0.022527
v 0.094950 0.093822 0.020111
v 0.094950 0.092005 0.018249
v 0.094950 0.089613 0.017224
v 0.089326 0.089453 0.030303
v 0.089326 0.091869 0.029337
v 0.089326 0.093731 0.027520
v 0.089326 0.094791 0.024698
v 0.089326 0.094788 0.022527
v 0.089326 0.093822 0.020111
v 0.089326 0.092005 0.018249
v 0.089326 0.089613 0.017224
v 0.089326 0.099216 0.024698
v 0.089326 0.099238 0.022527
v 0.089326 0.099212 0.025236
v 0.089326 0.099242 0.021972
v 0.089326 0.104470 0.022010
v 0.089326 0.104403 0.023596
v 0.089326 0.104226 0.024237
v 0.089326 0.103885 0.024777
v 0.089326 0.103303 0.025077
v 0.095289 0.103380 0.021981
v 0.089326 0.103380 0.021981
v 0.083363 0.103380 0.021981
v 0.084016 0.084465 0.018249
v 0.094637 0.084465 0.018249
v 0.084016 0.086856 0.017224
v 0.094637 0.086856 0.017224
v 0.083702 0.084600 0.029337
v 0.083702 0.087016 0.030303
v 0.094950 0.084600 0.029337
v 0.094950 0.087016 0.030303
v 0.083702 0.084465 0.018249
v 0.083702 0.086856 0.017224
v 0.094950 0.084465 0.018249
v 0.094950 0.086856 0.017224
v 0.089326 0.087016 0.030303
v 0.089326 0.084600 0.029337
v 0.089326 0.084465 0.018249
v 0.089326 0.086856 0.017224
v 0.084016 0.083690 0.028454
v 0.094637 0.083690 0.028454
v 0.084016 0.083554 0.019132
v 0.094637 0.083554 0.019132
v 0.083702 0.083690 0.028454
v 0.094950 0.083690 0.028454
v 0.083702 0.083554 0.019132
v 0.094950 0.083554 0.019132
v 0.089326 0.083690 0.028454
v 0.089326 0.083554 0.019132
vn -0.0000 0.1891 0.9820
vn -0.0000 0.5454 0.8382
vn -0.0000 0.8373 0.5468
vn -0.0000 0.9714 0.2373
vn -0.0000 0.9361 0.3517
vn 1.0000 -0.0000 -0.0000
vn -0.0000 0.9285 -0.3713
vn -0.0000 0.9677 -0.2521
vn -0.0000 0.8382 -0.5454
vn -0.0000 0.5657 -0.8246
vn -0.0000 0.2011 -0.9796
vn -1.0000 -0.0000 -0.0000
vn -0.0000 -0.1891 0.9820
vn -0.0000 -0.0000 1.0000
vn -0.0000 0.0338 -0.9994
vn -0.0000 0.0237 -0.9997
vn -0.0001 -1.0000 -0.0091
vn -0.0001 -1.0000 -0.0090
vn -0.0001 -1.0000 -0.0092
vn -0.0000 0.9999 0.0122
vn -0.0000 -1.0000 -0.0087
vn -0.0000 0.9145 0.4046
vn -0.0000 0.6758 0.7371
vn -0.0000 0.9878 0.1554
vn -0.0000 0.9991 0.0421
vn -0.0000 0.0107 -0.9999
vn -0.0000 0.0023 -1.0000
vn -0.0000 -0.0044 1.0000
vn -0.0000 0.0394 -0.9992
vn -0.0000 -0.0013 -1.0000
vn -0.0000 0.2548 0.9670
vn -0.0000 0.9818 -0.1899
vn -0.0000 -0.9997 -0.0247
vn -0.0000 0.9999 0.0105
vn -0.0000 -0.9998 -0.0212
vn -0.0000 -0.2011 -0.9796
vn 0.0001 -1.0000 -0.0090
vn 0.0001 -1.0000 -0.0091
vn -0.0000 -1.0000 -0.0084
vn -0.0000 0.9840 0.1779
vn 0.0001 -1.0000 -0.0092
vn -0.0000 -0.0000 -1.0000
vn -0.0000 0.0387 0.9992
vn -0.0000 -0.5543 -0.8323
vn -0.0000 -0.5441 0.8390
vn -0.0000 -0.6963 -0.7178
vn -0.0000 -0.6963 0.7178
vt 0.203534 0.658365
vt 0.203534 0.650882
vt 0.207200 0.650882
vt 0.207200 0.658365
vt 0.210867 0.650882
vt 0.210867 0.658365
vt 0.215114 0.650882
vt 0.215114 0.658365
vt 0.712644 0.710443
vt 0.712649 0.713853
vt 0.707017 0.713853
vt 0.707051 0.710444
vt 0.218173 0.658365
vt 0.218173 0.650882
vt 0.221839 0.650882
vt 0.221839 0.658365
vt 0.225505 0.650882
vt 0.225505 0.658365
vt 0.229171 0.650882
vt 0.229171 0.658365
vt 0.282613 0.905308
vt 0.287317 0.905308
vt 0.287334 0.907566
vt 0.282657 0.907535
vt 0.200100 0.650882
vt 0.200100 0.650441
vt 0.203534 0.650441
vt 0.677680 0.740940
vt 0.676357 0.740486
vt 0.681169 0.740453
vt 0.679890 0.740919
vt 0.712644 0.742291
vt 0.712644 0.750634
vt 0.707051 0.750634
vt 0.707051 0.742291
vt 0.677691 0.745545
vt 0.676357 0.745805
vt 0.577599 0.893304
vt 0.578106 0.893304
vt 0.578106 0.902169
vt 0.577599 0.902169
vt 0.272269 0.895198
vt 0.272269 0.898252
vt 0.271351 0.899034
vt 0.271351 0.894441
vt 0.288201 0.907560
vt 0.288186 0.905302
vt 0.279741 0.895198
vt 0.279741 0.894441
vt 0.317958 0.873736
vt 0.326673 0.873736
vt 0.326673 0.874670
vt 0.317958 0.874670
vt 0.309243 0.872765
vt 0.309243 0.870445
vt 0.317958 0.870445
vt 0.317958 0.872765
vt 0.326673 0.872765
vt 0.326673 0.870445
vt 0.578857 0.893304
vt 0.578857 0.884439
vt 0.584221 0.884439
vt 0.584221 0.893304
vt 0.287317 0.904440
vt 0.282613 0.904440
vt 0.577236 0.893304
vt 0.577237 0.884439
vt 0.577599 0.884439
vt 0.282651 0.908403
vt 0.287328 0.908434
vt 0.317958 0.875627
vt 0.309243 0.875627
vt 0.309243 0.874670
vt 0.679679 0.747061
vt 0.676382 0.747052
vt 0.676369 0.746550
vt 0.680476 0.746560
vt 0.309243 0.873736
vt 0.221839 0.665848
vt 0.221839 0.666289
vt 0.218173 0.666289
vt 0.218173 0.665848
vt 0.680921 0.745703
vt 0.679870 0.745497
vt 0.281745 0.905325
vt 0.281789 0.907552
vt 0.678733 0.747320
vt 0.676395 0.747412
vt 0.151608 0.906403
vt 0.151628 0.903834
vt 0.152092 0.902560
vt 0.152060 0.907353
vt 0.146863 0.902807
vt 0.147069 0.903853
vt 0.145511 0.904045
vt 0.146009 0.903251
vt 0.146020 0.907341
vt 0.145519 0.907328
vt 0.578107 0.884439
vt 0.929020 0.899382
vt 0.929051 0.904057
vt 0.928183 0.904063
vt 0.928152 0.899388
vt 0.584221 0.902169
vt 0.578857 0.902169
vt 0.145253 0.904987
vt 0.145161 0.907315
vt 0.146762 0.907353
vt 0.147022 0.906392
vt 0.928179 0.904930
vt 0.925545 0.904916
vt 0.925549 0.904048
vt 0.924682 0.904048
vt 0.924682 0.899346
vt 0.925550 0.899346
vt 0.925563 0.898479
vt 0.928166 0.898520
vt 0.233056 0.658365
vt 0.233056 0.665848
vt 0.229171 0.665848
vt 0.218173 0.650441
vt 0.221839 0.650441
vt 0.207200 0.650441
vt 0.287214 0.898252
vt 0.288132 0.899034
vt 0.279741 0.899034
vt 0.279741 0.898252
vt 0.225505 0.650441
vt 0.207200 0.665848
vt 0.207200 0.666289
vt 0.203534 0.666289
vt 0.203534 0.665848
vt 0.210867 0.650441
vt 0.215114 0.665848
vt 0.215114 0.666289
vt 0.210867 0.666289
vt 0.210867 0.665848
vt 0.229171 0.650441
vt 0.229171 0.666289
vt 0.225505 0.666289
vt 0.225505 0.665848
vt 0.215114 0.650441
vt 0.200100 0.665848
vt 0.200100 0.666289
vt 0.288132 0.894441
vt 0.287214 0.895198
vt 0.707051 0.733948
vt 0.712644 0.733948
vt 0.712649 0.730538
vt 0.707017 0.730538
vt 0.707017 0.722196
vt 0.712649 0.722196
vt 0.233056 0.666289
vt 0.326673 0.875627
vt 0.326673 0.880838
vt 0.317958 0.880838
vt 0.577236 0.902169
vt 0.233056 0.650882
vt 0.233056 0.650441
vt 0.200100 0.658365
vt 0.236722 0.658365
vt 0.236722 0.650882
vt 0.196434 0.658365
vt 0.196435 0.650882
vt 0.196435 0.650441
vt 0.196434 0.665848
vt 0.196434 0.666289
vt 0.236722 0.650441
vt 0.236722 0.665848
vt 0.236722 0.666289
vt 0.238509 0.658365
vt 0.238509 0.665848
vt 0.194648 0.650882
vt 0.194648 0.650441
vt 0.238509 0.666289
vt 0.194648 0.658365
vt 0.194648 0.665848
vt 0.238509 0.650441
vt 0.238509 0.650882
vt 0.194648 0.666289
vt 0.309243 0.880838
s 1
f 2862/4594/719 2787/4595/719 2789/4596/720 2863/4597/720
f 2863/4597/720 2789/4596/720 2791/4598/721 2864/4599/721
f 2864/4599/721 2791/4598/721 2793/4600/722 2865/4601/723
f 2793/4602/724 2795/4603/724 2809/4604/724 2806/4605/724
f 2866/4606/725 2795/4607/726 2797/4608/727 2867/4609/727
f 2867/4609/727 2797/4608/727 2799/4610/728 2868/4611/728
f 2868/4611/728 2799/4610/728 2801/4612/729 2869/4613/729
f 2811/4614/730 2832/4615/730 2834/4616/730 2836/4617/730
f 2803/4618/731 2889/4619/731 2852/4620/719 2787/4595/719
f 2810/4621/730 2813/4622/730 2818/4623/730 2814/4624/730
f 2865/4625/732 2793/4626/732 2806/4627/732 2870/4628/732
f 2813/4622/730 2810/4621/730 2830/4629/730 2881/4630/730
f 2828/4631/733 2831/4632/734 2816/4633/734 2815/4634/733
f 2806/4635/735 2809/4636/736 2825/4637/735 2837/4638/737
f 2814/4639/738 2834/4616/738 2832/4615/738 2810/4640/738
f 2870/4641/739 2806/4635/735 2837/4638/737 2872/4642/739
f 2876/4643/740 2821/4644/740 2823/4645/741 2877/4646/741
f 2839/4647/742 2824/4648/743 2874/4649/743 2875/4650/742
f 2822/4651/742 2875/4650/742 2874/4649/743 2812/4652/743
f 2880/4653/744 2879/4654/744 2825/4655/745 2873/4656/745
f 2810/4657/746 2832/4615/746 2811/4614/746 2830/4658/746
f 2874/4659/747 2824/4660/747 2829/4661/733 2828/4631/733
f 2817/4662/748 2836/4617/748 2834/4616/748 2814/4663/748
f 2877/4646/741 2878/4664/749 2841/4665/749 2840/4666/741
f 2821/4667/730 2815/4668/730 2816/4669/730 2823/4670/730
f 2839/4647/742 2875/4650/742 2876/4643/740 2838/4671/740
f 2796/4672/727 2853/4673/727 2850/4674/750 2794/4675/726
f 2876/4643/740 2877/4646/741 2840/4666/741 2838/4671/740
f 2826/4676/730 2817/4677/730 2814/4624/730 2818/4623/730
f 2830/4678/751 2811/4614/751 2836/4617/751 2817/4679/751
f 2822/4680/730 2812/4681/730 2815/4668/730 2821/4667/730
f 2819/4682/724 2827/4683/724 2837/4684/724 2825/4685/724
f 2841/4686/724 2837/4684/724 2827/4683/724 2835/4687/724
f 2838/4688/724 2840/4689/724 2833/4690/724 2829/4691/724
f 2828/4631/733 2829/4661/733 2833/4692/734 2831/4632/734
f 2831/4632/734 2833/4692/734 2879/4654/744 2880/4653/744
f 2835/4693/748 2827/4694/748 2847/4695/748 2848/4696/748
f 2880/4653/744 2873/4656/745 2813/4697/745 2881/4698/744
f 2839/4699/724 2838/4688/724 2829/4691/724 2824/4700/724
f 2831/4632/734 2880/4653/744 2881/4698/744 2816/4633/734
f 2825/4685/724 2879/4701/724 2845/4702/724 2819/4682/724
f 2827/4703/752 2819/4704/752 2846/4705/752 2847/4695/752
f 2819/4706/746 2845/4707/746 2820/4708/746 2846/4705/746
f 2845/4709/753 2835/4710/753 2848/4696/753 2820/4708/753
f 2897/4711/754 2884/4712/754 2800/4713/729 2869/4613/729
f 2797/4608/727 2795/4607/726 2858/4714/750 2859/4715/727
f 2789/4596/720 2787/4595/719 2852/4620/719 2851/4716/720
f 2808/4717/755 2813/4718/756 2873/4719/757 2871/4720/757
f 2799/4610/728 2797/4608/727 2859/4715/727 2860/4721/728
f 2788/4722/720 2842/4723/720 2843/4724/719 2786/4725/719
f 2791/4598/721 2789/4596/720 2851/4716/720 2854/4726/721
f 2792/4727/722 2849/4728/758 2844/4729/721 2790/4730/721
f 2801/4612/729 2799/4610/728 2860/4721/728 2861/4731/729
f 2800/4713/729 2857/4732/729 2855/4733/728 2798/4734/728
f 2881/4630/730 2830/4629/730 2817/4677/730 2826/4676/730
f 2793/4600/722 2791/4598/721 2854/4726/721 2856/4735/758
f 2816/4669/730 2881/4630/730 2826/4676/730 2823/4670/730
f 2802/4736/731 2786/4725/719 2843/4724/719 2887/4737/731
f 2794/4675/726 2850/4674/750 2849/4728/758 2792/4727/722
f 2795/4607/726 2793/4600/722 2856/4735/758 2858/4714/750
f 2870/4641/739 2872/4642/739 2818/4738/759 2807/4739/756
f 2865/4625/732 2870/4628/732 2807/4740/732 2792/4741/732
f 2794/4742/760 2808/4743/760 2871/4744/760 2866/4745/760
f 2809/4636/736 2871/4720/757 2873/4719/757 2825/4637/735
f 2798/4734/728 2855/4733/728 2853/4673/727 2796/4672/727
f 2868/4611/728 2869/4613/729 2800/4713/729 2798/4734/728
f 2867/4609/727 2868/4611/728 2798/4734/728 2796/4672/727
f 2866/4606/725 2867/4609/727 2796/4672/727 2794/4675/726
f 2792/4741/730 2807/4740/730 2808/4743/730 2794/4742/730
f 2800/4713/729 2884/4712/754 2891/4746/754 2857/4732/729
f 2795/4603/760 2866/4745/760 2871/4744/760 2809/4604/760
f 2878/4664/749 2826/4747/749 2818/4748/761 2872/4749/761
f 2864/4599/721 2865/4601/723 2792/4727/722 2790/4730/721
f 2863/4597/720 2864/4599/721 2790/4730/721 2788/4722/720
f 2862/4594/719 2863/4597/720 2788/4722/720 2786/4725/719
f 2822/4651/742 2821/4644/740 2876/4643/740 2875/4650/742
f 2877/4646/741 2823/4645/741 2826/4747/749 2878/4664/749
f 2874/4659/747 2828/4631/733 2815/4634/733 2812/4750/747
f 2790/4730/721 2844/4729/721 2842/4723/720 2788/4722/720
f 2807/4739/756 2818/4738/759 2813/4718/756 2808/4717/755
f 2820/4708/724 2848/4696/724 2847/4695/724 2846/4705/724
f 2833/4690/724 2840/4689/724 2841/4686/724 2879/4701/724
f 2879/4701/724 2841/4686/724 2835/4687/724 2845/4702/724
f 2897/4711/754 2869/4613/729 2801/4612/729 2885/4751/754
f 2861/4731/729 2893/4752/754 2885/4751/754 2801/4612/729
f 2786/4725/719 2802/4736/731 2894/4753/731 2862/4594/719
f 2896/4754/762 2897/4711/754 2885/4751/754 2883/4755/762
f 2894/4753/731 2895/4756/763 2805/4757/763 2803/4618/731
f 2805/4757/763 2888/4758/763 2889/4619/731 2803/4618/731
f 2804/4759/763 2802/4736/731 2887/4737/731 2886/4760/763
f 2885/4751/754 2893/4752/754 2892/4761/762 2883/4755/762
f 2884/4712/754 2882/4762/762 2890/4763/762 2891/4746/754
f 2896/4754/762 2882/4762/762 2884/4712/754 2897/4711/754
f 2894/4753/731 2802/4736/731 2804/4759/763 2895/4756/763
f 2862/4594/719 2894/4753/731 2803/4618/731 2787/4595/719
f 2882/4762/762 2896/4754/762 2907/4764/764 2900/4765/764
f 2888/4758/763 2805/4757/763 2899/4766/765 2903/4767/765
f 2890/4763/762 2882/4762/762 2900/4765/764 2904/4768/764
f 2805/4757/763 2895/4756/763 2906/4769/765 2899/4766/765
f 2895/4756/763 2804/4759/763 2898/4770/765 2906/4769/765
f 2883/4755/762 2892/4761/762 2905/4771/764 2901/4772/764
f 2896/4754/762 2883/4755/762 2901/4772/764 2907/4764/764
f 2804/4759/763 2886/4760/763 2902/4773/765 2898/4770/765
f 2878/4664/749 2872/4749/761 2837/4774/761 2841/4665/749
o fuse_switch_10
v 0.102160 0.089453 0.030303
v 0.101846 0.089453 0.030303
v 0.102160 0.091869 0.029337
v 0.102160 0.087016 0.030303
v 0.107470 0.089453 0.030303
v 0.112781 0.089453 0.030303
v 0.107470 0.091869 0.029337
v 0.107470 0.087016 0.030303
v 0.107470 0.084600 0.029337
v 0.112781 0.087016 0.030303
v 0.113094 0.087016 0.030303
v 0.112781 0.084600 0.029337
v 0.113094 0.084600 0.029337
v 0.112781 0.083690 0.028454
v 0.113094 0.083690 0.028454
v 0.107470 0.083690 0.028454
v 0.102160 0.083690 0.028454
v 0.102160 0.084600 0.029337
v 0.101846 0.083690 0.028454
v 0.101846 0.084600 0.029337
v 0.101846 0.087016 0.030303
v 0.113094 0.089453 0.030303
v 0.113094 0.091869 0.029337
v 0.112781 0.091869 0.029337
v 0.113094 0.093731 0.027520
v 0.112781 0.093731 0.027520
v 0.113094 0.094791 0.024698
v 0.112781 0.094791 0.024698
v 0.113094 0.094788 0.022527
v 0.112781 0.094788 0.022527
v 0.113094 0.093822 0.020111
v 0.112781 0.093822 0.020111
v 0.113094 0.092005 0.018249
v 0.112781 0.092005 0.018249
v 0.113094 0.089613 0.017224
v 0.112781 0.089613 0.017224
v 0.113094 0.086856 0.017224
v 0.112781 0.086856 0.017224
v 0.113094 0.084465 0.018249
v 0.112781 0.084465 0.018249
v 0.113094 0.083554 0.019132
v 0.112781 0.083554 0.019132
v 0.107470 0.083554 0.019132
v 0.107470 0.084465 0.018249
v 0.102160 0.083554 0.019132
v 0.102160 0.084465 0.018249
v 0.101846 0.083554 0.019132
v 0.101846 0.084465 0.018249
v 0.101846 0.086856 0.017224
v 0.102160 0.086856 0.017224
v 0.101846 0.089613 0.017224
v 0.102160 0.089613 0.017224
v 0.101846 0.092005 0.018249
v 0.102160 0.092005 0.018249
v 0.101846 0.093822 0.020111
v 0.102160 0.093822 0.020111
v 0.101846 0.094788 0.022527
v 0.102160 0.094788 0.022527
v 0.101846 0.094791 0.024698
v 0.102160 0.094791 0.024698
v 0.101846 0.093731 0.027520
v 0.102160 0.093731 0.027520
v 0.101846 0.091869 0.029337
v 0.107470 0.093731 0.027520
v 0.107470 0.094791 0.024698
v 0.107470 0.099216 0.024698
v 0.112781 0.099216 0.024698
v 0.107470 0.099212 0.025236
v 0.102160 0.099216 0.024698
v 0.101507 0.099212 0.025236
v 0.102160 0.099238 0.022527
v 0.101507 0.099242 0.021972
v 0.107470 0.099238 0.022527
v 0.107470 0.099242 0.021972
v 0.107470 0.094788 0.022527
v 0.112781 0.099238 0.022527
v 0.113433 0.099242 0.021972
v 0.113433 0.099212 0.025236
v 0.113433 0.103380 0.021981
v 0.113433 0.099548 0.022619
v 0.113433 0.099530 0.024369
v 0.113433 0.103201 0.022635
v 0.112857 0.099548 0.022619
v 0.112857 0.099530 0.024369
v 0.112857 0.103201 0.022635
v 0.112857 0.103165 0.024364
v 0.113433 0.103165 0.024364
v 0.113433 0.103303 0.025077
v 0.107470 0.103303 0.025077
v 0.113433 0.103885 0.024777
v 0.107470 0.103885 0.024777
v 0.113433 0.104226 0.024237
v 0.113433 0.103885 0.021991
v 0.113433 0.104226 0.022001
v 0.107470 0.103885 0.021991
v 0.107470 0.104226 0.022001
v 0.101507 0.103885 0.021991
v 0.107470 0.103380 0.021981
v 0.101507 0.103380 0.021981
v 0.101507 0.103201 0.022886
v 0.101507 0.103303 0.025077
v 0.101507 0.103165 0.024364
v 0.101507 0.103885 0.024777
v 0.101507 0.104226 0.024237
v 0.107470 0.104226 0.024237
v 0.101507 0.104226 0.022001
v 0.101507 0.104403 0.023596
v 0.107470 0.104403 0.023596
v 0.101507 0.104470 0.022010
v 0.107470 0.104470 0.022010
v 0.113433 0.104470 0.022010
v 0.113433 0.104403 0.023596
v 0.102084 0.103165 0.024364
v 0.101507 0.099530 0.024369
v 0.101507 0.099548 0.022870
v 0.102084 0.099530 0.024369
v 0.102084 0.099548 0.022870
v 0.102084 0.103201 0.022886
v 0.107470 0.093822 0.020111
v 0.107470 0.092005 0.018249
v 0.107470 0.089613 0.017224
v 0.107470 0.086856 0.017224
vn -0.0000 -0.1891 0.9820
vn -0.0000 0.1891 0.9820
vn -0.0000 0.5454 0.8382
vn -0.0000 -0.5441 0.8390
vn -0.0000 -0.6963 0.7178
vn -0.0000 0.8373 0.5468
vn -0.0000 0.9714 0.2373
vn -0.0000 0.9840 0.1779
vn -0.0000 0.9677 -0.2521
vn -0.0000 0.9818 -0.1899
vn -0.0000 0.8382 -0.5454
vn -0.0000 0.5657 -0.8246
vn -0.0000 0.2011 -0.9796
vn -0.0000 -0.2011 -0.9796
vn -0.0000 -0.5543 -0.8323
vn -0.0000 -0.6963 -0.7178
vn -0.0000 0.9361 0.3517
vn -0.0000 -0.0000 1.0000
vn -0.0000 -1.0000 -0.0087
vn -0.0001 -1.0000 -0.0091
vn -0.0001 -1.0000 -0.0092
vn 0.0001 -1.0000 -0.0092
vn 0.0001 -1.0000 -0.0091
vn 0.0001 -1.0000 -0.0090
vn -1.0000 -0.0000 -0.0000
vn -0.0000 -1.0000 -0.0084
vn -0.0000 -0.0000 -1.0000
vn -0.0001 -1.0000 -0.0090
vn 1.0000 -0.0000 -0.0000
vn -0.0000 0.0107 -0.9999
vn -0.0000 0.0023 -1.0000
vn -0.0000 0.9999 0.0105
vn -0.0000 -0.0044 1.0000
vn -0.0000 -0.9998 -0.0212
vn -0.0000 -0.0013 -1.0000
vn -0.0000 0.2548 0.9670
vn -0.0000 0.0387 0.9992
vn -0.0000 0.6758 0.7371
vn -0.0000 0.9145 0.4046
vn -0.0000 0.0338 -0.9994
vn -0.0000 0.0237 -0.9997
vn -0.0000 0.9878 0.1554
vn -0.0000 0.9991 0.0421
vn -0.0000 0.0394 -0.9992
vn -0.0000 -0.9997 -0.0247
vn -0.0000 0.9999 0.0122
vn -0.0000 0.9285 -0.3713
vt 0.672303 0.520881
vt 0.668867 0.520881
vt 0.668867 0.520440
vt 0.672303 0.520440
vt 0.665199 0.520881
vt 0.665199 0.520440
vt 0.668867 0.528369
vt 0.665199 0.528369
vt 0.672303 0.528369
vt 0.672303 0.535857
vt 0.668867 0.535857
vt 0.665199 0.535857
vt 0.675972 0.520881
vt 0.675972 0.528369
vt 0.675972 0.535857
vt 0.675972 0.536298
vt 0.672303 0.536298
vt 0.668867 0.536298
vt 0.677759 0.528369
vt 0.677759 0.535857
vt 0.677759 0.536298
vt 0.677760 0.520881
vt 0.675972 0.520440
vt 0.677760 0.520440
vt 0.665199 0.536298
vt 0.661530 0.535857
vt 0.661530 0.536298
vt 0.657279 0.535857
vt 0.657279 0.536298
vt 0.654219 0.535857
vt 0.654219 0.536298
vt 0.650550 0.535857
vt 0.650550 0.536298
vt 0.646882 0.535857
vt 0.646882 0.536298
vt 0.643213 0.535857
vt 0.643213 0.536298
vt 0.639326 0.536298
vt 0.639326 0.535857
vt 0.635657 0.536298
vt 0.635657 0.535857
vt 0.633869 0.536298
vt 0.633869 0.535857
vt 0.635657 0.528369
vt 0.633869 0.528369
vt 0.635657 0.520881
vt 0.633869 0.520881
vt 0.635657 0.520440
vt 0.633869 0.520440
vt 0.639326 0.520881
vt 0.639326 0.520440
vt 0.643213 0.520881
vt 0.643213 0.520440
vt 0.646882 0.520440
vt 0.646882 0.520881
vt 0.650550 0.520440
vt 0.650550 0.520881
vt 0.654219 0.520440
vt 0.654219 0.520881
vt 0.657279 0.520440
vt 0.657279 0.520881
vt 0.661530 0.520440
vt 0.661530 0.520881
vt 0.661530 0.528369
vt 0.657279 0.528369
vt 0.196907 0.876063
vt 0.188567 0.876063
vt 0.188567 0.870472
vt 0.196907 0.870472
vt 0.205247 0.870472
vt 0.205247 0.876063
vt 0.234436 0.895199
vt 0.226948 0.895198
vt 0.226027 0.894440
vt 0.234436 0.894440
vt 0.242844 0.894440
vt 0.241924 0.895199
vt 0.242844 0.899043
vt 0.241924 0.898260
vt 0.208655 0.870439
vt 0.208655 0.876069
vt 0.234436 0.899043
vt 0.234436 0.898260
vt 0.216995 0.870439
vt 0.216995 0.876069
vt 0.226948 0.898260
vt 0.226027 0.899043
vt 0.225334 0.876069
vt 0.225334 0.870439
vt 0.228743 0.876063
vt 0.228743 0.870472
vt 0.987452 0.310412
vt 0.987472 0.307837
vt 0.987936 0.306560
vt 0.987904 0.311365
vt 0.982594 0.311364
vt 0.982854 0.310401
vt 0.660330 0.889801
vt 0.651466 0.889801
vt 0.651466 0.884437
vt 0.660330 0.884437
vt 0.945292 0.903936
vt 0.945306 0.901303
vt 0.946173 0.901308
vt 0.946159 0.903941
vt 0.946173 0.900441
vt 0.950873 0.900441
vt 0.950873 0.901308
vt 0.950832 0.903910
vt 0.951740 0.901322
vt 0.951699 0.903924
vt 0.950837 0.904777
vt 0.946165 0.904809
vt 0.982695 0.306808
vt 0.982901 0.307856
vt 0.529231 0.783157
vt 0.524023 0.783157
vt 0.524023 0.774446
vt 0.529231 0.774446
vt 0.530188 0.783157
vt 0.530188 0.774446
vt 0.981850 0.311352
vt 0.981840 0.307252
vt 0.531121 0.783157
vt 0.531121 0.774446
vt 0.981340 0.308048
vt 0.981349 0.311340
vt 0.660330 0.891059
vt 0.651466 0.891059
vt 0.651466 0.890552
vt 0.660330 0.890552
vt 0.669195 0.890552
vt 0.669195 0.891059
vt 0.669195 0.889801
vt 0.669195 0.884437
vt 0.712370 0.861359
vt 0.712111 0.860028
vt 0.712063 0.857852
vt 0.712269 0.856803
vt 0.707061 0.861359
vt 0.707515 0.860039
vt 0.713113 0.861347
vt 0.713124 0.857248
vt 0.707493 0.857833
vt 0.707029 0.856557
vt 0.529231 0.791869
vt 0.524023 0.791869
vt 0.530188 0.791869
vt 0.713624 0.858044
vt 0.713615 0.861334
vt 0.531121 0.791869
vt 0.532093 0.791869
vt 0.532093 0.783157
vt 0.713882 0.858988
vt 0.713974 0.861321
vt 0.534411 0.783157
vt 0.534411 0.791869
vt 0.660330 0.891422
vt 0.669195 0.891422
vt 0.651466 0.891422
vt 0.532093 0.774446
vt 0.534411 0.774446
vt 0.981081 0.308992
vt 0.980989 0.311326
vt 0.780324 0.904495
vt 0.780341 0.905362
vt 0.778118 0.905405
vt 0.778101 0.904538
vt 0.777250 0.905399
vt 0.778086 0.910076
vt 0.777219 0.910070
vt 0.778093 0.910943
vt 0.780341 0.910060
vt 0.780347 0.910927
vt 0.781208 0.910060
vt 0.781208 0.905362
vt 0.654219 0.528369
vt 0.650550 0.528369
vt 0.646882 0.528369
vt 0.643213 0.528369
vt 0.639326 0.528369
s 1
f 2911/4775/766 2908/4776/767 2909/4777/767 2928/4778/766
f 2910/4779/768 2970/4780/768 2909/4777/767 2908/4776/767
f 2912/4781/767 2914/4782/768 2910/4779/768 2908/4776/767
f 2908/4776/767 2911/4775/766 2915/4783/766 2912/4781/767
f 2912/4781/767 2915/4783/766 2917/4784/766 2913/4785/767
f 2912/4781/767 2913/4785/767 2931/4786/768 2914/4782/768
f 2915/4783/766 2911/4775/766 2925/4787/769 2916/4788/769
f 2915/4783/766 2916/4788/769 2919/4789/769 2917/4784/766
f 2919/4789/769 2920/4790/769 2918/4791/766 2917/4784/766
f 2917/4784/766 2918/4791/766 2929/4792/767 2913/4785/767
f 2919/4789/769 2916/4788/769 2923/4793/770 2921/4794/770
f 2920/4790/769 2919/4789/769 2921/4794/770 2922/4795/770
f 2916/4788/769 2925/4787/769 2924/4796/770 2923/4793/770
f 2925/4787/769 2927/4797/769 2926/4798/770 2924/4796/770
f 2925/4787/769 2911/4775/766 2928/4778/766 2927/4797/769
f 2931/4786/768 2913/4785/767 2929/4792/767 2930/4799/768
f 2933/4800/771 2931/4786/768 2930/4799/768 2932/4801/771
f 2935/4802/772 2933/4800/771 2932/4801/771 2934/4803/773
f 2937/4804/774 2935/4802/772 2934/4803/773 2936/4805/775
f 2939/4806/776 2937/4804/774 2936/4805/775 2938/4807/776
f 2941/4808/777 2939/4806/776 2938/4807/776 2940/4809/777
f 2943/4810/778 2941/4808/777 2940/4809/777 2942/4811/778
f 2942/4811/778 2944/4812/779 2945/4813/779 2943/4810/778
f 2945/4813/779 2944/4812/779 2946/4814/780 2947/4815/780
f 2947/4815/780 2946/4814/780 2948/4816/781 2949/4817/781
f 2951/4818/780 2947/4815/780 2949/4817/781 2950/4819/781
f 2953/4820/780 2951/4818/780 2950/4819/781 2952/4821/781
f 2955/4822/780 2953/4820/780 2952/4821/781 2954/4823/781
f 2957/4824/779 2953/4820/780 2955/4822/780 2956/4825/779
f 2959/4826/778 2957/4824/779 2956/4825/779 2958/4827/778
f 2959/4826/778 2958/4827/778 2960/4828/777 2961/4829/777
f 2961/4829/777 2960/4828/777 2962/4830/776 2963/4831/776
f 2963/4831/776 2962/4830/776 2964/4832/775 2965/4833/774
f 2965/4833/774 2964/4832/775 2966/4834/773 2967/4835/772
f 2967/4835/772 2966/4834/773 2968/4836/771 2969/4837/771
f 2969/4837/771 2968/4836/771 2970/4780/768 2910/4779/768
f 2971/4838/771 2972/4839/782 2967/4835/772 2969/4837/771
f 2914/4782/768 2971/4838/771 2969/4837/771 2910/4779/768
f 2971/4838/771 2933/4800/771 2935/4802/772 2972/4839/782
f 2914/4782/768 2931/4786/768 2933/4800/771 2971/4838/771
f 2972/4840/783 2935/4841/783 2974/4842/783 2973/4843/783
f 2972/4840/783 2973/4843/783 2976/4844/783 2967/4845/783
f 2973/4846/784 2974/4847/785 2985/4848/786 2975/4849/784
f 2973/4846/784 2975/4849/784 2977/4850/787 2976/4851/788
f 2976/4851/788 2977/4850/787 2979/4852/788 2978/4853/789
f 2967/4845/790 2976/4844/790 2978/4854/790 2965/4855/790
f 2978/4853/789 2979/4852/788 2981/4856/791 2980/4857/791
f 2965/4855/792 2978/4854/792 2980/4858/792 2982/4859/792
f 2983/4860/793 2980/4857/791 2981/4856/791 2984/4861/785
f 2937/4862/792 2982/4859/792 2980/4858/792 2983/4863/792
f 2935/4864/794 2937/4862/794 2983/4863/794 2974/4865/794
f 2974/4847/785 2983/4860/793 2984/4861/785 2985/4848/786
f 2987/4866/794 2988/4867/794 2985/4868/794 2984/4869/794
f 2984/4869/794 2986/4870/794 2989/4871/794 2987/4866/794
f 3005/4872/795 2986/4873/795 2984/4874/796 2981/4875/796
f 2988/4876/797 2987/4877/797 2990/4878/797 2991/4879/797
f 2987/4880/798 2989/4881/798 2992/4882/798 2990/4878/798
f 2992/4882/794 2993/4883/794 2991/4879/794 2990/4878/794
f 2989/4884/799 2994/4885/799 2993/4883/799 2992/4882/799
f 2994/4886/800 2988/4887/800 2991/4879/800 2993/4883/800
f 2995/4888/794 2985/4868/794 2988/4867/794 2994/4889/794
f 2986/4870/794 2995/4888/794 2994/4889/794 2989/4871/794
f 2996/4890/801 2975/4891/802 2985/4892/802 2995/4893/801
f 2998/4894/803 2996/4890/801 2995/4893/801 2997/4895/803
f 3000/4896/794 2997/4897/794 2995/4888/794 2986/4870/794
f 3012/4898/804 2998/4894/803 2997/4895/803 2999/4899/804
f 2999/4900/794 2997/4897/794 3000/4896/794 3001/4901/794
f 3003/4902/805 3001/4903/805 3000/4904/806 3002/4905/806
f 3002/4905/806 3000/4904/806 2986/4873/795 3005/4872/795
f 3003/4902/805 3002/4905/806 3004/4906/806 3013/4907/805
f 3002/4905/806 3005/4872/795 3006/4908/795 3004/4906/806
f 3005/4872/795 2981/4875/796 2979/4909/796 3006/4908/795
f 3006/4910/790 3007/4911/790 3009/4912/790 3008/4913/790
f 2979/4914/790 3022/4915/790 3007/4911/790 3006/4910/790
f 3004/4916/790 3006/4910/790 3008/4913/790 3010/4917/790
f 3008/4913/790 3009/4912/790 3021/4918/790 2977/4919/790
f 2996/4890/801 3008/4920/801 2977/4921/802 2975/4891/802
f 2998/4894/803 3010/4922/803 3008/4920/801 2996/4890/801
f 3011/4923/790 3013/4924/790 3004/4916/790 3010/4917/790
f 3012/4898/804 3011/4925/804 3010/4922/803 2998/4894/803
f 3014/4926/807 3011/4925/804 3012/4898/804 3015/4927/807
f 3014/4928/790 3016/4929/790 3013/4924/790 3011/4923/790
f 3014/4926/807 3015/4927/807 3017/4930/808 3016/4931/808
f 3017/4932/809 3003/4902/805 3013/4907/805 3016/4933/809
f 3017/4932/809 3018/4934/809 3001/4903/805 3003/4902/805
f 3019/4935/807 3018/4936/808 3017/4930/808 3015/4927/807
f 3019/4937/794 2999/4900/794 3001/4901/794 3018/4938/794
f 3019/4935/807 3015/4927/807 3012/4898/804 2999/4899/804
f 3007/4939/810 3025/4940/810 3020/4941/810 3009/4942/810
f 3009/4943/800 3020/4941/800 3023/4944/800 3021/4945/800
f 3022/4915/790 2979/4914/790 2977/4919/790 3021/4918/790
f 3021/4946/811 3023/4944/811 3024/4947/811 3022/4948/811
f 3025/4940/790 3024/4947/790 3023/4944/790 3020/4941/790
f 3022/4949/798 3024/4947/798 3025/4940/798 3007/4950/798
f 2982/4951/812 2937/4804/774 2939/4806/776 3026/4952/776
f 2982/4951/812 3026/4952/776 2963/4831/776 2965/4833/774
f 3026/4952/776 2939/4806/776 2941/4808/777 3027/4953/777
f 3026/4952/776 3027/4953/777 2961/4829/777 2963/4831/776
f 3027/4953/777 2941/4808/777 2943/4810/778 3028/4954/778
f 3027/4953/777 3028/4954/778 2959/4826/778 2961/4829/777
f 3029/4955/779 3028/4954/778 2943/4810/778 2945/4813/779
f 3029/4955/779 2957/4824/779 2959/4826/778 3028/4954/778
f 2951/4818/780 2953/4820/780 2957/4824/779 3029/4955/779
f 2951/4818/780 3029/4955/779 2945/4813/779 2947/4815/780
o fuse_switch_11
v 0.120304 0.089453 0.030303
v 0.119990 0.089453 0.030303
v 0.120304 0.091869 0.029337
v 0.120304 0.087016 0.030303
v 0.125614 0.089453 0.030303
v 0.130925 0.089453 0.030303
v 0.125614 0.091869 0.029337
v 0.125614 0.087016 0.030303
v 0.125614 0.084600 0.029337
v 0.130925 0.087016 0.030303
v 0.131238 0.087016 0.030303
v 0.130925 0.084600 0.029337
v 0.131238 0.084600 0.029337
v 0.130925 0.083690 0.028454
v 0.131238 0.083690 0.028454
v 0.125614 0.083690 0.028454
v 0.120304 0.083690 0.028454
v 0.120304 0.084600 0.029337
v 0.119990 0.083690 0.028454
v 0.119990 0.084600 0.029337
v 0.119990 0.087016 0.030303
v 0.131238 0.089453 0.030303
v 0.131238 0.091869 0.029337
v 0.130925 0.091869 0.029337
v 0.131238 0.093731 0.027520
v 0.130925 0.093731 0.027520
v 0.131238 0.094791 0.024698
v 0.130925 0.094791 0.024698
v 0.131238 0.094788 0.022527
v 0.130925 0.094788 0.022527
v 0.131238 0.093822 0.020111
v 0.130925 0.093822 0.020111
v 0.131238 0.092005 0.018249
v 0.130925 0.092005 0.018249
v 0.131238 0.089613 0.017224
v 0.130925 0.089613 0.017224
v 0.131238 0.086856 0.017224
v 0.130925 0.086856 0.017224
v 0.131238 0.084465 0.018249
v 0.130925 0.084465 0.018249
v 0.131238 0.083554 0.019132
v 0.130925 0.083554 0.019132
v 0.125614 0.083554 0.019132
v 0.125614 0.084465 0.018249
v 0.120304 0.083554 0.019132
v 0.120304 0.084465 0.018249
v 0.119990 0.083554 0.019132
v 0.119990 0.084465 0.018249
v 0.119990 0.086856 0.017224
v 0.120304 0.086856 0.017224
v 0.119990 0.089613 0.017224
v 0.120304 0.089613 0.017224
v 0.119990 0.092005 0.018249
v 0.120304 0.092005 0.018249
v 0.119990 0.093822 0.020111
v 0.120304 0.093822 0.020111
v 0.119990 0.094788 0.022527
v 0.120304 0.094788 0.022527
v 0.119990 0.094791 0.024698
v 0.120304 0.094791 0.024698
v 0.119990 0.093731 0.027520
v 0.120304 0.093731 0.027520
v 0.119990 0.091869 0.029337
v 0.125614 0.093731 0.027520
v 0.125614 0.094791 0.024698
v 0.125614 0.099216 0.024698
v 0.130925 0.099216 0.024698
v 0.125614 0.099212 0.025236
v 0.120304 0.099216 0.024698
v 0.119651 0.099212 0.025236
v 0.120304 0.099238 0.022527
v 0.119651 0.099242 0.021972
v 0.125614 0.099238 0.022527
v 0.125614 0.099242 0.021972
v 0.125614 0.094788 0.022527
v 0.130925 0.099238 0.022527
v 0.131577 0.099242 0.021972
v 0.131577 0.099212 0.025236
v 0.131577 0.103380 0.021981
v 0.131577 0.099548 0.022619
v 0.131577 0.099530 0.024369
v 0.131577 0.103201 0.022635
v 0.131001 0.099548 0.022619
v 0.131001 0.099530 0.024369
v 0.131001 0.103201 0.022635
v 0.131001 0.103165 0.024364
v 0.131577 0.103165 0.024364
v 0.131577 0.103303 0.025077
v 0.125614 0.103303 0.025077
v 0.131577 0.103885 0.024777
v 0.125614 0.103885 0.024777
v 0.131577 0.104226 0.024237
v 0.131577 0.103885 0.021991
v 0.131577 0.104226 0.022001
v 0.125614 0.103885 0.021991
v 0.125614 0.104226 0.022001
v 0.119651 0.103885 0.021991
v 0.125614 0.103380 0.021981
v 0.119651 0.103380 0.021981
v 0.119651 0.103201 0.022886
v 0.119651 0.103303 0.025077
v 0.119651 0.103165 0.024364
v 0.119651 0.103885 0.024777
v 0.119651 0.104226 0.024237
v 0.125614 0.104226 0.024237
v 0.119651 0.104226 0.022001
v 0.119651 0.104403 0.023596
v 0.125614 0.104403 0.023596
v 0.119651 0.104470 0.022010
v 0.125614 0.104470 0.022010
v 0.131577 0.104470 0.022010
v 0.131577 0.104403 0.023596
v 0.120228 0.103165 0.024364
v 0.119651 0.099530 0.024369
v 0.119651 0.099548 0.022870
v 0.120228 0.099530 0.024369
v 0.120228 0.099548 0.022870
v 0.120228 0.103201 0.022886
v 0.125614 0.093822 0.020111
v 0.125614 0.092005 0.018249
v 0.125614 0.089613 0.017224
v 0.125614 0.086856 0.017224
vn -0.0000 -0.1891 0.9820
vn -0.0000 0.1891 0.9820
vn -0.0000 0.5454 0.8382
vn -0.0000 -0.5441 0.8390
vn -0.0000 -0.6963 0.7178
vn -0.0000 0.8373 0.5468
vn -0.0000 0.9714 0.2373
vn -0.0000 0.9840 0.1779
vn -0.0000 0.9677 -0.2521
vn -0.0000 0.9818 -0.1899
vn -0.0000 0.8382 -0.5454
vn -0.0000 0.5657 -0.8246
vn -0.0000 0.2011 -0.9796
vn -0.0000 -0.2011 -0.9796
vn -0.0000 -0.5543 -0.8323
vn -0.0000 -0.6963 -0.7178
vn -0.0000 0.9361 0.3517
vn -0.0000 -0.0000 1.0000
vn -0.0000 -1.0000 -0.0087
vn -0.0001 -1.0000 -0.0091
vn -0.0001 -1.0000 -0.0092
vn 0.0001 -1.0000 -0.0092
vn 0.0001 -1.0000 -0.0091
vn 0.0001 -1.0000 -0.0090
vn -1.0000 -0.0000 -0.0000
vn -0.0000 -1.0000 -0.0084
vn -0.0000 -0.0000 -1.0000
vn -0.0001 -1.0000 -0.0090
vn 1.0000 -0.0000 -0.0000
vn -0.0000 0.0107 -0.9999
vn -0.0000 0.0023 -1.0000
vn -0.0000 0.9999 0.0105
vn -0.0000 -0.0044 1.0000
vn -0.0000 -0.9998 -0.0212
vn -0.0000 -0.0013 -1.0000
vn -0.0000 0.2548 0.9670
vn -0.0000 0.0387 0.9992
vn -0.0000 0.6758 0.7371
vn -0.0000 0.9145 0.4046
vn -0.0000 0.0338 -0.9994
vn -0.0000 0.0237 -0.9997
vn -0.0000 0.9878 0.1554
vn -0.0000 0.9991 0.0421
vn -0.0000 0.0394 -0.9992
vn -0.0000 -0.9997 -0.0247
vn -0.0000 0.9999 0.0122
vn -0.0000 0.9285 -0.3713
vt 0.236169 0.514865
vt 0.236169 0.511429
vt 0.236611 0.511429
vt 0.236611 0.514865
vt 0.236169 0.507762
vt 0.236611 0.507762
vt 0.228683 0.511429
vt 0.228683 0.507762
vt 0.228683 0.514865
vt 0.221197 0.514865
vt 0.221197 0.511429
vt 0.221197 0.507762
vt 0.236169 0.518533
vt 0.228683 0.518533
vt 0.221197 0.518533
vt 0.220755 0.518533
vt 0.220755 0.514865
vt 0.220755 0.511429
vt 0.228683 0.520320
vt 0.221197 0.520320
vt 0.220755 0.520320
vt 0.236169 0.520320
vt 0.236611 0.518533
vt 0.236611 0.520320
vt 0.220755 0.507762
vt 0.221197 0.504094
vt 0.220755 0.504094
vt 0.221197 0.499844
vt 0.220755 0.499844
vt 0.221197 0.496784
vt 0.220755 0.496784
vt 0.221197 0.493116
vt 0.220755 0.493116
vt 0.221197 0.489449
vt 0.220755 0.489449
vt 0.221197 0.485781
vt 0.220755 0.485781
vt 0.220755 0.481894
vt 0.221197 0.481894
vt 0.220755 0.478226
vt 0.221197 0.478226
vt 0.220755 0.476438
vt 0.221197 0.476438
vt 0.228683 0.478226
vt 0.228683 0.476438
vt 0.236169 0.478226
vt 0.236169 0.476438
vt 0.236611 0.478226
vt 0.236611 0.476438
vt 0.236169 0.481894
vt 0.236611 0.481894
vt 0.236169 0.485781
vt 0.236611 0.485781
vt 0.236611 0.489449
vt 0.236169 0.489449
vt 0.236611 0.493116
vt 0.236169 0.493116
vt 0.236611 0.496784
vt 0.236169 0.496784
vt 0.236611 0.499844
vt 0.236169 0.499844
vt 0.236611 0.504094
vt 0.236169 0.504094
vt 0.228683 0.504094
vt 0.228683 0.499844
vt 0.247112 0.602278
vt 0.247112 0.610618
vt 0.241521 0.610618
vt 0.241521 0.602278
vt 0.241521 0.593938
vt 0.247112 0.593938
vt 0.687127 0.792846
vt 0.687127 0.785358
vt 0.687886 0.784438
vt 0.687886 0.792846
vt 0.687886 0.801255
vt 0.687127 0.800335
vt 0.683283 0.801255
vt 0.684066 0.800335
vt 0.241488 0.590529
vt 0.247118 0.590529
vt 0.683283 0.792846
vt 0.684066 0.792846
vt 0.241488 0.582189
vt 0.247118 0.582189
vt 0.684066 0.785357
vt 0.683283 0.784438
vt 0.247118 0.573848
vt 0.241488 0.573848
vt 0.247112 0.570439
vt 0.241521 0.570439
vt 0.466169 0.898940
vt 0.463595 0.898920
vt 0.462318 0.898455
vt 0.467121 0.898488
vt 0.467121 0.903795
vt 0.466158 0.903535
vt 0.962518 0.883308
vt 0.962518 0.874441
vt 0.967883 0.874441
vt 0.967883 0.883308
vt 0.205819 0.908941
vt 0.203185 0.908927
vt 0.203190 0.908060
vt 0.205824 0.908074
vt 0.202322 0.908060
vt 0.202322 0.903357
vt 0.203190 0.903357
vt 0.205793 0.903399
vt 0.203204 0.902490
vt 0.205806 0.902531
vt 0.206660 0.903393
vt 0.206692 0.908068
vt 0.462566 0.903694
vt 0.463614 0.903488
vt 0.451811 0.875647
vt 0.451811 0.870437
vt 0.460526 0.870437
vt 0.460526 0.875647
vt 0.451811 0.876605
vt 0.460526 0.876605
vt 0.467108 0.904538
vt 0.463010 0.904549
vt 0.451811 0.877539
vt 0.460526 0.877539
vt 0.463806 0.905048
vt 0.467096 0.905040
vt 0.961260 0.883308
vt 0.961260 0.874441
vt 0.961767 0.874441
vt 0.961767 0.883308
vt 0.961767 0.892176
vt 0.961259 0.892176
vt 0.962518 0.892176
vt 0.967883 0.892176
vt 0.660130 0.803367
vt 0.659870 0.802033
vt 0.659823 0.799854
vt 0.660029 0.798803
vt 0.654812 0.803367
vt 0.655266 0.802044
vt 0.660875 0.803355
vt 0.660886 0.799249
vt 0.655245 0.799834
vt 0.654779 0.798555
vt 0.443096 0.875647
vt 0.443096 0.870437
vt 0.443096 0.876605
vt 0.661386 0.800046
vt 0.661377 0.803342
vt 0.443096 0.877539
vt 0.443096 0.878510
vt 0.451811 0.878510
vt 0.661645 0.800991
vt 0.661737 0.803329
vt 0.451811 0.880829
vt 0.443096 0.880829
vt 0.960896 0.883308
vt 0.960896 0.892176
vt 0.960896 0.874441
vt 0.460526 0.878510
vt 0.460526 0.880829
vt 0.464749 0.905307
vt 0.467082 0.905399
vt 0.753126 0.904481
vt 0.753143 0.905349
vt 0.750918 0.905393
vt 0.750901 0.904525
vt 0.750050 0.905387
vt 0.750887 0.910066
vt 0.750019 0.910060
vt 0.750893 0.910934
vt 0.753143 0.910050
vt 0.753150 0.910918
vt 0.754011 0.910050
vt 0.754011 0.905349
vt 0.228683 0.496784
vt 0.228683 0.493116
vt 0.228683 0.489449
vt 0.228683 0.485781
vt 0.228683 0.481894
s 1
f 3033/4956/813 3030/4957/814 3031/4958/814 3050/4959/813
f 3032/4960/815 3092/4961/815 3031/4958/814 3030/4957/814
f 3034/4962/814 3036/4963/815 3032/4960/815 3030/4957/814
f 3030/4957/814 3033/4956/813 3037/4964/813 3034/4962/814
f 3034/4962/814 3037/4964/813 3039/4965/813 3035/4966/814
f 3034/4962/814 3035/4966/814 3053/4967/815 3036/4963/815
f 3037/4964/813 3033/4956/813 3047/4968/816 3038/4969/816
f 3037/4964/813 3038/4969/816 3041/4970/816 3039/4965/813
f 3041/4970/816 3042/4971/816 3040/4972/813 3039/4965/813
f 3039/4965/813 3040/4972/813 3051/4973/814 3035/4966/814
f 3041/4970/816 3038/4969/816 3045/4974/817 3043/4975/817
f 3042/4971/816 3041/4970/816 3043/4975/817 3044/4976/817
f 3038/4969/816 3047/4968/816 3046/4977/817 3045/4974/817
f 3047/4968/816 3049/4978/816 3048/4979/817 3046/4977/817
f 3047/4968/816 3033/4956/813 3050/4959/813 3049/4978/816
f 3053/4967/815 3035/4966/814 3051/4973/814 3052/4980/815
f 3055/4981/818 3053/4967/815 3052/4980/815 3054/4982/818
f 3057/4983/819 3055/4981/818 3054/4982/818 3056/4984/820
f 3059/4985/821 3057/4983/819 3056/4984/820 3058/4986/822
f 3061/4987/823 3059/4985/821 3058/4986/822 3060/4988/823
f 3063/4989/824 3061/4987/823 3060/4988/823 3062/4990/824
f 3065/4991/825 3063/4989/824 3062/4990/824 3064/4992/825
f 3064/4992/825 3066/4993/826 3067/4994/826 3065/4991/825
f 3067/4994/826 3066/4993/826 3068/4995/827 3069/4996/827
f 3069/4996/827 3068/4995/827 3070/4997/828 3071/4998/828
f 3073/4999/827 3069/4996/827 3071/4998/828 3072/5000/828
f 3075/5001/827 3073/4999/827 3072/5000/828 3074/5002/828
f 3077/5003/827 3075/5001/827 3074/5002/828 3076/5004/828
f 3079/5005/826 3075/5001/827 3077/5003/827 3078/5006/826
f 3081/5007/825 3079/5005/826 3078/5006/826 3080/5008/825
f 3081/5007/825 3080/5008/825 3082/5009/824 3083/5010/824
f 3083/5010/824 3082/5009/824 3084/5011/823 3085/5012/823
f 3085/5012/823 3084/5011/823 3086/5013/822 3087/5014/821
f 3087/5014/821 3086/5013/822 3088/5015/820 3089/5016/819
f 3089/5016/819 3088/5015/820 3090/5017/818 3091/5018/818
f 3091/5018/818 3090/5017/818 3092/4961/815 3032/4960/815
f 3093/5019/818 3094/5020/829 3089/5016/819 3091/5018/818
f 3036/4963/815 3093/5019/818 3091/5018/818 3032/4960/815
f 3093/5019/818 3055/4981/818 3057/4983/819 3094/5020/829
f 3036/4963/815 3053/4967/815 3055/4981/818 3093/5019/818
f 3094/5021/830 3057/5022/830 3096/5023/830 3095/5024/830
f 3094/5021/830 3095/5024/830 3098/5025/830 3089/5026/830
f 3095/5027/831 3096/5028/832 3107/5029/833 3097/5030/831
f 3095/5027/831 3097/5030/831 3099/5031/834 3098/5032/835
f 3098/5032/835 3099/5031/834 3101/5033/835 3100/5034/836
f 3089/5026/837 3098/5025/837 3100/5035/837 3087/5036/837
f 3100/5034/836 3101/5033/835 3103/5037/838 3102/5038/838
f 3087/5036/839 3100/5035/839 3102/5039/839 3104/5040/839
f 3105/5041/840 3102/5038/838 3103/5037/838 3106/5042/832
f 3059/5043/839 3104/5040/839 3102/5039/839 3105/5044/839
f 3057/5045/841 3059/5043/841 3105/5044/841 3096/5046/841
f 3096/5028/832 3105/5041/840 3106/5042/832 3107/5029/833
f 3109/5047/841 3110/5048/841 3107/5049/841 3106/5050/841
f 3106/5050/841 3108/5051/841 3111/5052/841 3109/5047/841
f 3127/5053/842 3108/5054/842 3106/5055/843 3103/5056/843
f 3110/5057/844 3109/5058/844 3112/5059/844 3113/5060/844
f 3109/5061/845 3111/5062/845 3114/5063/845 3112/5059/845
f 3114/5063/841 3115/5064/841 3113/5060/841 3112/5059/841
f 3111/5065/846 3116/5066/846 3115/5064/846 3114/5063/846
f 3116/5067/847 3110/5068/847 3113/5060/847 3115/5064/847
f 3117/5069/841 3107/5049/841 3110/5048/841 3116/5070/841
f 3108/5051/841 3117/5069/841 3116/5070/841 3111/5052/841
f 3118/5071/848 3097/5072/849 3107/5073/849 3117/5074/848
f 3120/5075/850 3118/5071/848 3117/5074/848 3119/5076/850
f 3122/5077/841 3119/5078/841 3117/5069/841 3108/5051/841
f 3134/5079/851 3120/5075/850 3119/5076/850 3121/5080/851
f 3121/5081/841 3119/5078/841 3122/5077/841 3123/5082/841
f 3125/5083/852 3123/5084/852 3122/5085/853 3124/5086/853
f 3124/5086/853 3122/5085/853 3108/5054/842 3127/5053/842
f 3125/5083/852 3124/5086/853 3126/5087/853 3135/5088/852
f 3124/5086/853 3127/5053/842 3128/5089/842 3126/5087/853
f 3127/5053/842 3103/5056/843 3101/5090/843 3128/5089/842
f 3128/5091/837 3129/5092/837 3131/5093/837 3130/5094/837
f 3101/5095/837 3144/5096/837 3129/5092/837 3128/5091/837
f 3126/5097/837 3128/5091/837 3130/5094/837 3132/5098/837
f 3130/5094/837 3131/5093/837 3143/5099/837 3099/5100/837
f 3118/5071/848 3130/5101/848 3099/5102/849 3097/5072/849
f 3120/5075/850 3132/5103/850 3130/5101/848 3118/5071/848
f 3133/5104/837 3135/5105/837 3126/5097/837 3132/5098/837
f 3134/5079/851 3133/5106/851 3132/5103/850 3120/5075/850
f 3136/5107/854 3133/5106/851 3134/5079/851 3137/5108/854
f 3136/5109/837 3138/5110/837 3135/5105/837 3133/5104/837
f 3136/5107/854 3137/5108/854 3139/5111/855 3138/5112/855
f 3139/5113/856 3125/5083/852 3135/5088/852 3138/5114/856
f 3139/5113/856 3140/5115/856 3123/5084/852 3125/5083/852
f 3141/5116/854 3140/5117/855 3139/5111/855 3137/5108/854
f 3141/5118/841 3121/5081/841 3123/5082/841 3140/5119/841
f 3141/5116/854 3137/5108/854 3134/5079/851 3121/5080/851
f 3129/5120/857 3147/5121/857 3142/5122/857 3131/5123/857
f 3131/5124/847 3142/5122/847 3145/5125/847 3143/5126/847
f 3144/5096/837 3101/5095/837 3099/5100/837 3143/5099/837
f 3143/5127/858 3145/5125/858 3146/5128/858 3144/5129/858
f 3147/5121/837 3146/5128/837 3145/5125/837 3142/5122/837
f 3144/5130/845 3146/5128/845 3147/5121/845 3129/5131/845
f 3104/5132/859 3059/4985/821 3061/4987/823 3148/5133/823
f 3104/5132/859 3148/5133/823 3085/5012/823 3087/5014/821
f 3148/5133/823 3061/4987/823 3063/4989/824 3149/5134/824
f 3148/5133/823 3149/5134/824 3083/5010/824 3085/5012/823
f 3149/5134/824 3063/4989/824 3065/4991/825 3150/5135/825
f 3149/5134/824 3150/5135/825 3081/5007/825 3083/5010/824
f 3151/5136/826 3150/5135/825 3065/4991/825 3067/4994/826
f 3151/5136/826 3079/5005/826 3081/5007/825 3150/5135/825
f 3073/4999/827 3075/5001/827 3079/5005/826 3151/5136/826
f 3073/4999/827 3151/5136/826 3067/4994/826 3069/4996/827
o fuse_switch_12
v 0.138448 0.089453 0.030303
v 0.138134 0.089453 0.030303
v 0.138448 0.091869 0.029337
v 0.138448 0.087016 0.030303
v 0.143758 0.089453 0.030303
v 0.149069 0.089453 0.030303
v 0.143758 0.091869 0.029337
v 0.143758 0.087016 0.030303
v 0.143758 0.084600 0.029337
v 0.149069 0.087016 0.030303
v 0.149382 0.087016 0.030303
v 0.149069 0.084600 0.029337
v 0.149382 0.084600 0.029337
v 0.149069 0.083690 0.028454
v 0.149382 0.083690 0.028454
v 0.143758 0.083690 0.028454
v 0.138448 0.083690 0.028454
v 0.138448 0.084600 0.029337
v 0.138134 0.083690 0.028454
v 0.138134 0.084600 0.029337
v 0.138134 0.087016 0.030303
v 0.149382 0.089453 0.030303
v 0.149382 0.091869 0.029337
v 0.149069 0.091869 0.029337
v 0.149382 0.093731 0.027520
v 0.149069 0.093731 0.027520
v 0.149382 0.094791 0.024698
v 0.149069 0.094791 0.024698
v 0.149382 0.094788 0.022527
v 0.149069 0.094788 0.022527
v 0.149382 0.093822 0.020111
v 0.149069 0.093822 0.020111
v 0.149382 0.092005 0.018249
v 0.149069 0.092005 0.018249
v 0.149382 0.089613 0.017224
v 0.149069 0.089613 0.017224
v 0.149382 0.086856 0.017224
v 0.149069 0.086856 0.017224
v 0.149382 0.084465 0.018249
v 0.149069 0.084465 0.018249
v 0.149382 0.083554 0.019132
v 0.149069 0.083554 0.019132
v 0.143758 0.083554 0.019132
v 0.143758 0.084465 0.018249
v 0.138448 0.083554 0.019132
v 0.138448 0.084465 0.018249
v 0.138134 0.083554 0.019132
v 0.138134 0.084465 0.018249
v 0.138134 0.086856 0.017224
v 0.138448 0.086856 0.017224
v 0.138134 0.089613 0.017224
v 0.138448 0.089613 0.017224
v 0.138134 0.092005 0.018249
v 0.138448 0.092005 0.018249
v 0.138134 0.093822 0.020111
v 0.138448 0.093822 0.020111
v 0.138134 0.094788 0.022527
v 0.138448 0.094788 0.022527
v 0.138134 0.094791 0.024698
v 0.138448 0.094791 0.024698
v 0.138134 0.093731 0.027520
v 0.138448 0.093731 0.027520
v 0.138134 0.091869 0.029337
v 0.143758 0.093731 0.027520
v 0.143758 0.094791 0.024698
v 0.143758 0.099216 0.024698
v 0.149069 0.099216 0.024698
v 0.143758 0.099212 0.025236
v 0.138448 0.099216 0.024698
v 0.137795 0.099212 0.025236
v 0.138448 0.099238 0.022527
v 0.137795 0.099242 0.021972
v 0.143758 0.099238 0.022527
v 0.143758 0.099242 0.021972
v 0.143758 0.094788 0.022527
v 0.149069 0.099238 0.022527
v 0.149721 0.099242 0.021972
v 0.149721 0.099212 0.025236
v 0.149721 0.103380 0.021981
v 0.149721 0.099548 0.022619
v 0.149721 0.099530 0.024369
v 0.149721 0.103201 0.022635
v 0.149145 0.099548 0.022619
v 0.149145 0.099530 0.024369
v 0.149145 0.103201 0.022635
v 0.149145 0.103165 0.024364
v 0.149721 0.103165 0.024364
v 0.149721 0.103303 0.025077
v 0.143758 0.103303 0.025077
v 0.149721 0.103885 0.024777
v 0.143758 0.103885 0.024777
v 0.149721 0.104226 0.024237
v 0.149721 0.103885 0.021991
v 0.149721 0.104226 0.022001
v 0.143758 0.103885 0.021991
v 0.143758 0.104226 0.022001
v 0.137795 0.103885 0.021991
v 0.143758 0.103380 0.021981
v 0.137795 0.103380 0.021981
v 0.137795 0.103201 0.022886
v 0.137795 0.103303 0.025077
v 0.137795 0.103165 0.024364
v 0.137795 0.103885 0.024777
v 0.137795 0.104226 0.024237
v 0.143758 0.104226 0.024237
v 0.137795 0.104226 0.022001
v 0.137795 0.104403 0.023596
v 0.143758 0.104403 0.023596
v 0.137795 0.104470 0.022010
v 0.143758 0.104470 0.022010
v 0.149721 0.104470 0.022010
v 0.149721 0.104403 0.023596
v 0.138372 0.103165 0.024364
v 0.137795 0.099530 0.024369
v 0.137795 0.099548 0.022870
v 0.138372 0.099530 0.024369
v 0.138372 0.099548 0.022870
v 0.138372 0.103201 0.022886
v 0.143758 0.093822 0.020111
v 0.143758 0.092005 0.018249
v 0.143758 0.089613 0.017224
v 0.143758 0.086856 0.017224
vn -0.0000 -0.1891 0.9820
vn -0.0000 0.1891 0.9820
vn -0.0000 0.5454 0.8382
vn -0.0000 -0.5441 0.8390
vn -0.0000 -0.6963 0.7178
vn -0.0000 0.8373 0.5468
vn -0.0000 0.9714 0.2373
vn -0.0000 0.9840 0.1779
vn -0.0000 0.9677 -0.2521
vn -0.0000 0.9818 -0.1899
vn -0.0000 0.8382 -0.5454
vn -0.0000 0.5657 -0.8246
vn -0.0000 0.2011 -0.9796
vn -0.0000 -0.2011 -0.9796
vn -0.0000 -0.5543 -0.8323
vn -0.0000 -0.6963 -0.7178
vn -0.0000 0.9361 0.3517
vn -0.0000 -0.0000 1.0000
vn -0.0000 -1.0000 -0.0087
vn -0.0001 -1.0000 -0.0091
vn -0.0001 -1.0000 -0.0092
vn 0.0001 -1.0000 -0.0092
vn 0.0001 -1.0000 -0.0091
vn 0.0001 -1.0000 -0.0090
vn -1.0000 -0.0000 -0.0000
vn -0.0000 -1.0000 -0.0084
vn -0.0000 -0.0000 -1.0000
vn -0.0001 -1.0000 -0.0090
vn 1.0000 -0.0000 -0.0000
vn -0.0000 0.0107 -0.9999
vn -0.0000 0.0023 -1.0000
vn -0.0000 0.9999 0.0105
vn -0.0000 -0.0044 1.0000
vn -0.0000 -0.9998 -0.0212
vn -0.0000 -0.0013 -1.0000
vn -0.0000 0.2548 0.9670
vn -0.0000 0.0387 0.9992
vn -0.0000 0.6758 0.7371
vn -0.0000 0.9145 0.4046
vn -0.0000 0.0338 -0.9994
vn -0.0000 0.0237 -0.9997
vn -0.0000 0.9878 0.1554
vn -0.0000 0.9991 0.0421
vn -0.0000 0.0394 -0.9992
vn -0.0000 -0.9997 -0.0247
vn -0.0000 0.9999 0.0122
vn -0.0000 0.9285 -0.3713
vt 0.355875 0.365850
vt 0.359311 0.365850
vt 0.359311 0.366292
vt 0.355875 0.366292
vt 0.362978 0.365850
vt 0.362978 0.366292
vt 0.359311 0.358364
vt 0.362978 0.358364
vt 0.355875 0.358364
vt 0.355875 0.350878
vt 0.359311 0.350878
vt 0.362978 0.350878
vt 0.352208 0.365850
vt 0.352208 0.358364
vt 0.352208 0.350878
vt 0.352208 0.350437
vt 0.355875 0.350437
vt 0.359311 0.350437
vt 0.350420 0.358364
vt 0.350420 0.350878
vt 0.350420 0.350437
vt 0.350420 0.365850
vt 0.352208 0.366292
vt 0.350420 0.366292
vt 0.362978 0.350437
vt 0.366646 0.350878
vt 0.366646 0.350437
vt 0.370896 0.350878
vt 0.370896 0.350437
vt 0.373956 0.350878
vt 0.373956 0.350437
vt 0.377624 0.350878
vt 0.377624 0.350437
vt 0.381292 0.350878
vt 0.381292 0.350437
vt 0.384960 0.350878
vt 0.384960 0.350437
vt 0.388847 0.350437
vt 0.388847 0.350878
vt 0.392514 0.350437
vt 0.392514 0.350878
vt 0.394302 0.350437
vt 0.394302 0.350878
vt 0.392514 0.358364
vt 0.394302 0.358364
vt 0.392514 0.365851
vt 0.394302 0.365851
vt 0.392514 0.366292
vt 0.394302 0.366292
vt 0.388847 0.365851
vt 0.388847 0.366293
vt 0.384960 0.365851
vt 0.384960 0.366293
vt 0.381292 0.366293
vt 0.381292 0.365851
vt 0.377624 0.366292
vt 0.377624 0.365850
vt 0.373956 0.366292
vt 0.373956 0.365850
vt 0.370896 0.366292
vt 0.370896 0.365850
vt 0.366646 0.366292
vt 0.366646 0.365850
vt 0.366646 0.358364
vt 0.370896 0.358364
vt 0.241965 0.876063
vt 0.233625 0.876063
vt 0.233625 0.870472
vt 0.241965 0.870472
vt 0.250305 0.870472
vt 0.250305 0.876063
vt 0.003198 0.894832
vt 0.003198 0.902308
vt 0.002440 0.903226
vt 0.002440 0.894832
vt 0.002440 0.886437
vt 0.003198 0.887356
vt 0.007035 0.886437
vt 0.006254 0.887356
vt 0.253714 0.870438
vt 0.253714 0.876068
vt 0.007035 0.894832
vt 0.006254 0.894832
vt 0.262054 0.870438
vt 0.262054 0.876068
vt 0.006254 0.902308
vt 0.007035 0.903226
vt 0.270394 0.876068
vt 0.270394 0.870438
vt 0.273803 0.876063
vt 0.273803 0.870472
vt 0.994073 0.860407
vt 0.994093 0.857834
vt 0.994557 0.856558
vt 0.994525 0.861358
vt 0.989219 0.861358
vt 0.989480 0.860396
vt 0.511840 0.882061
vt 0.520707 0.882061
vt 0.520707 0.887426
vt 0.511840 0.887426
vt 0.015412 0.910923
vt 0.012781 0.910909
vt 0.012785 0.910042
vt 0.015417 0.910056
vt 0.011918 0.910042
vt 0.011918 0.905344
vt 0.012785 0.905344
vt 0.015386 0.905386
vt 0.012799 0.904477
vt 0.015400 0.904519
vt 0.016252 0.905380
vt 0.016284 0.910050
vt 0.989320 0.856805
vt 0.989527 0.857853
vt 0.407197 0.875618
vt 0.407198 0.880826
vt 0.398486 0.880826
vt 0.398485 0.875618
vt 0.407197 0.874660
vt 0.398485 0.874660
vt 0.988476 0.861346
vt 0.988466 0.857249
vt 0.407197 0.873728
vt 0.398485 0.873728
vt 0.987966 0.858045
vt 0.987975 0.861333
vt 0.511840 0.880803
vt 0.520707 0.880803
vt 0.520707 0.881310
vt 0.511840 0.881310
vt 0.502972 0.881310
vt 0.502972 0.880803
vt 0.502972 0.882061
vt 0.502972 0.887426
vt 0.503108 0.755369
vt 0.502849 0.754033
vt 0.502800 0.751853
vt 0.503007 0.750802
vt 0.497787 0.755369
vt 0.498241 0.754045
vt 0.503853 0.755357
vt 0.503864 0.751247
vt 0.498220 0.751834
vt 0.497755 0.750554
vt 0.415909 0.875618
vt 0.415909 0.880826
vt 0.415909 0.874660
vt 0.504365 0.752045
vt 0.504356 0.755343
vt 0.415909 0.873728
vt 0.415909 0.872756
vt 0.407197 0.872756
vt 0.504624 0.752991
vt 0.504716 0.755330
vt 0.407197 0.870438
vt 0.415909 0.870438
vt 0.511840 0.880439
vt 0.502972 0.880439
vt 0.520707 0.880439
vt 0.398485 0.872756
vt 0.398485 0.870438
vt 0.987708 0.858988
vt 0.987616 0.861320
vt 0.276908 0.907566
vt 0.276040 0.907583
vt 0.275997 0.905357
vt 0.276864 0.905340
vt 0.276003 0.904489
vt 0.271321 0.905326
vt 0.271327 0.904458
vt 0.270453 0.905332
vt 0.271337 0.907583
vt 0.270469 0.907589
vt 0.271337 0.908451
vt 0.276040 0.908451
vt 0.373956 0.358364
vt 0.377624 0.358364
vt 0.381292 0.358365
vt 0.384960 0.358365
vt 0.388847 0.358365
s 1
f 3155/5137/860 3152/5138/861 3153/5139/861 3172/5140/860
f 3154/5141/862 3214/5142/862 3153/5139/861 3152/5138/861
f 3156/5143/861 3158/5144/862 3154/5141/862 3152/5138/861
f 3152/5138/861 3155/5137/860 3159/5145/860 3156/5143/861
f 3156/5143/861 3159/5145/860 3161/5146/860 3157/5147/861
f 3156/5143/861 3157/5147/861 3175/5148/862 3158/5144/862
f 3159/5145/860 3155/5137/860 3169/5149/863 3160/5150/863
f 3159/5145/860 3160/5150/863 3163/5151/863 3161/5146/860
f 3163/5151/863 3164/5152/863 3162/5153/860 3161/5146/860
f 3161/5146/860 3162/5153/860 3173/5154/861 3157/5147/861
f 3163/5151/863 3160/5150/863 3167/5155/864 3165/5156/864
f 3164/5152/863 3163/5151/863 3165/5156/864 3166/5157/864
f 3160/5150/863 3169/5149/863 3168/5158/864 3167/5155/864
f 3169/5149/863 3171/5159/863 3170/5160/864 3168/5158/864
f 3169/5149/863 3155/5137/860 3172/5140/860 3171/5159/863
f 3175/5148/862 3157/5147/861 3173/5154/861 3174/5161/862
f 3177/5162/865 3175/5148/862 3174/5161/862 3176/5163/865
f 3179/5164/866 3177/5162/865 3176/5163/865 3178/5165/867
f 3181/5166/868 3179/5164/866 3178/5165/867 3180/5167/869
f 3183/5168/870 3181/5166/868 3180/5167/869 3182/5169/870
f 3185/5170/871 3183/5168/870 3182/5169/870 3184/5171/871
f 3187/5172/872 3185/5170/871 3184/5171/871 3186/5173/872
f 3186/5173/872 3188/5174/873 3189/5175/873 3187/5172/872
f 3189/5175/873 3188/5174/873 3190/5176/874 3191/5177/874
f 3191/5177/874 3190/5176/874 3192/5178/875 3193/5179/875
f 3195/5180/874 3191/5177/874 3193/5179/875 3194/5181/875
f 3197/5182/874 3195/5180/874 3194/5181/875 3196/5183/875
f 3199/5184/874 3197/5182/874 3196/5183/875 3198/5185/875
f 3201/5186/873 3197/5182/874 3199/5184/874 3200/5187/873
f 3203/5188/872 3201/5186/873 3200/5187/873 3202/5189/872
f 3203/5188/872 3202/5189/872 3204/5190/871 3205/5191/871
f 3205/5191/871 3204/5190/871 3206/5192/870 3207/5193/870
f 3207/5193/870 3206/5192/870 3208/5194/869 3209/5195/868
f 3209/5195/868 3208/5194/869 3210/5196/867 3211/5197/866
f 3211/5197/866 3210/5196/867 3212/5198/865 3213/5199/865
f 3213/5199/865 3212/5198/865 3214/5142/862 3154/5141/862
f 3215/5200/865 3216/5201/876 3211/5197/866 3213/5199/865
f 3158/5144/862 3215/5200/865 3213/5199/865 3154/5141/862
f 3215/5200/865 3177/5162/865 3179/5164/866 3216/5201/876
f 3158/5144/862 3175/5148/862 3177/5162/865 3215/5200/865
f 3216/5202/877 3179/5203/877 3218/5204/877 3217/5205/877
f 3216/5202/877 3217/5205/877 3220/5206/877 3211/5207/877
f 3217/5208/878 3218/5209/879 3229/5210/880 3219/5211/878
f 3217/5208/878 3219/5211/878 3221/5212/881 3220/5213/882
f 3220/5213/882 3221/5212/881 3223/5214/882 3222/5215/883
f 3211/5207/884 3220/5206/884 3222/5216/884 3209/5217/884
f 3222/5215/883 3223/5214/882 3225/5218/885 3224/5219/885
f 3209/5217/886 3222/5216/886 3224/5220/886 3226/5221/886
f 3227/5222/887 3224/5219/885 3225/5218/885 3228/5223/879
f 3181/5224/886 3226/5221/886 3224/5220/886 3227/5225/886
f 3179/5226/888 3181/5224/888 3227/5225/888 3218/5227/888
f 3218/5209/879 3227/5222/887 3228/5223/879 3229/5210/880
f 3231/5228/888 3232/5229/888 3229/5230/888 3228/5231/888
f 3228/5231/888 3230/5232/888 3233/5233/888 3231/5228/888
f 3249/5234/889 3230/5235/889 3228/5236/890 3225/5237/890
f 3232/5238/891 3231/5239/891 3234/5240/891 3235/5241/891
f 3231/5242/892 3233/5243/892 3236/5244/892 3234/5240/892
f 3236/5244/888 3237/5245/888 3235/5241/888 3234/5240/888
f 3233/5246/893 3238/5247/893 3237/5245/893 3236/5244/893
f 3238/5248/894 3232/5249/894 3235/5241/894 3237/5245/894
f 3239/5250/888 3229/5230/888 3232/5229/888 3238/5251/888
f 3230/5232/888 3239/5250/888 3238/5251/888 3233/5233/888
f 3240/5252/895 3219/5253/896 3229/5254/896 3239/5255/895
f 3242/5256/897 3240/5252/895 3239/5255/895 3241/5257/897
f 3244/5258/888 3241/5259/888 3239/5250/888 3230/5232/888
f 3256/5260/898 3242/5256/897 3241/5257/897 3243/5261/898
f 3243/5262/888 3241/5259/888 3244/5258/888 3245/5263/888
f 3247/5264/899 3245/5265/899 3244/5266/900 3246/5267/900
f 3246/5267/900 3244/5266/900 3230/5235/889 3249/5234/889
f 3247/5264/899 3246/5267/900 3248/5268/900 3257/5269/899
f 3246/5267/900 3249/5234/889 3250/5270/889 3248/5268/900
f 3249/5234/889 3225/5237/890 3223/5271/890 3250/5270/889
f 3250/5272/884 3251/5273/884 3253/5274/884 3252/5275/884
f 3223/5276/884 3266/5277/884 3251/5273/884 3250/5272/884
f 3248/5278/884 3250/5272/884 3252/5275/884 3254/5279/884
f 3252/5275/884 3253/5274/884 3265/5280/884 3221/5281/884
f 3240/5252/895 3252/5282/895 3221/5283/896 3219/5253/896
f 3242/5256/897 3254/5284/897 3252/5282/895 3240/5252/895
f 3255/5285/884 3257/5286/884 3248/5278/884 3254/5279/884
f 3256/5260/898 3255/5287/898 3254/5284/897 3242/5256/897
f 3258/5288/901 3255/5287/898 3256/5260/898 3259/5289/901
f 3258/5290/884 3260/5291/884 3257/5286/884 3255/5285/884
f 3258/5288/901 3259/5289/901 3261/5292/902 3260/5293/902
f 3261/5294/903 3247/5264/899 3257/5269/899 3260/5295/903
f 3261/5294/903 3262/5296/903 3245/5265/899 3247/5264/899
f 3263/5297/901 3262/5298/902 3261/5292/902 3259/5289/901
f 3263/5299/888 3243/5262/888 3245/5263/888 3262/5300/888
f 3263/5297/901 3259/5289/901 3256/5260/898 3243/5261/898
f 3251/5301/904 3269/5302/904 3264/5303/904 3253/5304/904
f 3253/5305/894 3264/5303/894 3267/5306/894 3265/5307/894
f 3266/5277/884 3223/5276/884 3221/5281/884 3265/5280/884
f 3265/5308/905 3267/5306/905 3268/5309/905 3266/5310/905
f 3269/5302/884 3268/5309/884 3267/5306/884 3264/5303/884
f 3266/5311/892 3268/5309/892 3269/5302/892 3251/5312/892
f 3226/5313/906 3181/5166/868 3183/5168/870 3270/5314/870
f 3226/5313/906 3270/5314/870 3207/5193/870 3209/5195/868
f 3270/5314/870 3183/5168/870 3185/5170/871 3271/5315/871
f 3270/5314/870 3271/5315/871 3205/5191/871 3207/5193/870
f 3271/5315/871 3185/5170/871 3187/5172/872 3272/5316/872
f 3271/5315/871 3272/5316/872 3203/5188/872 3205/5191/871
f 3273/5317/873 3272/5316/872 3187/5172/872 3189/5175/873
f 3273/5317/873 3201/5186/873 3203/5188/872 3272/5316/872
f 3195/5180/874 3197/5182/874 3201/5186/873 3273/5317/873
f 3195/5180/874 3273/5317/873 3189/5175/873 3191/5177/874
o fuse_switch_13
v 0.156592 0.089453 0.030303
v 0.156278 0.089453 0.030303
v 0.156592 0.091869 0.029337
v 0.156592 0.087016 0.030303
v 0.161902 0.089453 0.030303
v 0.167213 0.089453 0.030303
v 0.161902 0.091869 0.029337
v 0.161902 0.087016 0.030303
v 0.161902 0.084600 0.029337
v 0.167213 0.087016 0.030303
v 0.167526 0.087016 0.030303
v 0.167213 0.084600 0.029337
v 0.167526 0.084600 0.029337
v 0.167213 0.083690 0.028454
v 0.167526 0.083690 0.028454
v 0.161902 0.083690 0.028454
v 0.156592 0.083690 0.028454
v 0.156592 0.084600 0.029337
v 0.156278 0.083690 0.028454
v 0.156278 0.084600 0.029337
v 0.156278 0.087016 0.030303
v 0.167526 0.089453 0.030303
v 0.167526 0.091869 0.029337
v 0.167213 0.091869 0.029337
v 0.167526 0.093731 0.027520
v 0.167213 0.093731 0.027520
v 0.167526 0.094791 0.024698
v 0.167213 0.094791 0.024698
v 0.167526 0.094788 0.022527
v 0.167213 0.094788 0.022527
v 0.167526 0.093822 0.020111
v 0.167213 0.093822 0.020111
v 0.167526 0.092005 0.018249
v 0.167213 0.092005 0.018249
v 0.167526 0.089613 0.017224
v 0.167213 0.089613 0.017224
v 0.167526 0.086856 0.017224
v 0.167213 0.086856 0.017224
v 0.167526 0.084465 0.018249
v 0.167213 0.084465 0.018249
v 0.167526 0.083554 0.019132
v 0.167213 0.083554 0.019132
v 0.161902 0.083554 0.019132
v 0.161902 0.084465 0.018249
v 0.156592 0.083554 0.019132
v 0.156592 0.084465 0.018249
v 0.156278 0.083554 0.019132
v 0.156278 0.084465 0.018249
v 0.156278 0.086856 0.017224
v 0.156592 0.086856 0.017224
v 0.156278 0.089613 0.017224
v 0.156592 0.089613 0.017224
v 0.156278 0.092005 0.018249
v 0.156592 0.092005 0.018249
v 0.156278 0.093822 0.020111
v 0.156592 0.093822 0.020111
v 0.156278 0.094788 0.022527
v 0.156592 0.094788 0.022527
v 0.156278 0.094791 0.024698
v 0.156592 0.094791 0.024698
v 0.156278 0.093731 0.027520
v 0.156592 0.093731 0.027520
v 0.156278 0.091869 0.029337
v 0.161902 0.093731 0.027520
v 0.161902 0.094791 0.024698
v 0.161902 0.099216 0.024698
v 0.167213 0.099216 0.024698
v 0.161902 0.099212 0.025236
v 0.156592 0.099216 0.024698
v 0.155939 0.099212 0.025236
v 0.156592 0.099238 0.022527
v 0.155939 0.099242 0.021972
v 0.161902 0.099238 0.022527
v 0.161902 0.099242 0.021972
v 0.161902 0.094788 0.022527
v 0.167213 0.099238 0.022527
v 0.167865 0.099242 0.021972
v 0.167865 0.099212 0.025236
v 0.167865 0.103380 0.021981
v 0.167865 0.099548 0.022619
v 0.167865 0.099530 0.024369
v 0.167865 0.103201 0.022635
v 0.167289 0.099548 0.022619
v 0.167289 0.099530 0.024369
v 0.167289 0.103201 0.022635
v 0.167289 0.103165 0.024364
v 0.167865 0.103165 0.024364
v 0.167865 0.103303 0.025077
v 0.161902 0.103303 0.025077
v 0.167865 0.103885 0.024777
v 0.161902 0.103885 0.024777
v 0.167865 0.104226 0.024237
v 0.167865 0.103885 0.021991
v 0.167865 0.104226 0.022001
v 0.161902 0.103885 0.021991
v 0.161902 0.104226 0.022001
v 0.155939 0.103885 0.021991
v 0.161902 0.103380 0.021981
v 0.155939 0.103380 0.021981
v 0.155939 0.103201 0.022886
v 0.155939 0.103303 0.025077
v 0.155939 0.103165 0.024364
v 0.155939 0.103885 0.024777
v 0.155939 0.104226 0.024237
v 0.161902 0.104226 0.024237
v 0.155939 0.104226 0.022001
v 0.155939 0.104403 0.023596
v 0.161902 0.104403 0.023596
v 0.155939 0.104470 0.022010
v 0.161902 0.104470 0.022010
v 0.167865 0.104470 0.022010
v 0.167865 0.104403 0.023596
v 0.156516 0.103165 0.024364
v 0.155939 0.099530 0.024369
v 0.155939 0.099548 0.022870
v 0.156516 0.099530 0.024369
v 0.156516 0.099548 0.022870
v 0.156516 0.103201 0.022886
v 0.161902 0.093822 0.020111
v 0.161902 0.092005 0.018249
v 0.161902 0.089613 0.017224
v 0.161902 0.086856 0.017224
vn -0.0000 -0.1891 0.9820
vn -0.0000 0.1891 0.9820
vn -0.0000 0.5454 0.8382
vn -0.0000 -0.5441 0.8390
vn -0.0000 -0.6963 0.7178
vn -0.0000 0.8373 0.5468
vn -0.0000 0.9714 0.2373
vn -0.0000 0.9840 0.1779
vn -0.0000 0.9677 -0.2521
vn -0.0000 0.9818 -0.1899
vn -0.0000 0.8382 -0.5454
vn -0.0000 0.5657 -0.8246
vn -0.0000 0.2011 -0.9796
vn -0.0000 -0.2011 -0.9796
vn -0.0000 -0.5543 -0.8323
vn -0.0000 -0.6963 -0.7178
vn -0.0000 0.9361 0.3517
vn -0.0000 -0.0000 1.0000
vn -0.0000 -1.0000 -0.0087
vn -0.0001 -1.0000 -0.0091
vn -0.0001 -1.0000 -0.0092
vn 0.0001 -1.0000 -0.0092
vn 0.0001 -1.0000 -0.0091
vn 0.0001 -1.0000 -0.0090
vn -1.0000 -0.0000 -0.0000
vn -0.0000 -1.0000 -0.0084
vn -0.0000 -0.0000 -1.0000
vn -0.0001 -1.0000 -0.0090
vn 1.0000 -0.0000 -0.0000
vn -0.0000 0.0107 -0.9999
vn -0.0000 0.0023 -1.0000
vn -0.0000 0.9999 0.0105
vn -0.0000 -0.0044 1.0000
vn -0.0000 -0.9998 -0.0212
vn -0.0000 -0.0013 -1.0000
vn -0.0000 0.2548 0.9670
vn -0.0000 0.0387 0.9992
vn -0.0000 0.6758 0.7371
vn -0.0000 0.9145 0.4046
vn -0.0000 0.0338 -0.9994
vn -0.0000 0.0237 -0.9997
vn -0.0000 0.9878 0.1554
vn -0.0000 0.9991 0.0421
vn -0.0000 0.0394 -0.9992
vn -0.0000 -0.9997 -0.0247
vn -0.0000 0.9999 0.0122
vn -0.0000 0.9285 -0.3713
vt 0.236174 0.464859
vt 0.236174 0.461424
vt 0.236616 0.461424
vt 0.236616 0.464859
vt 0.236174 0.457757
vt 0.236616 0.457757
vt 0.228690 0.461424
vt 0.228690 0.457757
vt 0.228690 0.464859
vt 0.221204 0.464859
vt 0.221204 0.461424
vt 0.221204 0.457757
vt 0.236174 0.468525
vt 0.228690 0.468525
vt 0.221204 0.468525
vt 0.220763 0.468525
vt 0.220763 0.464859
vt 0.220763 0.461424
vt 0.228690 0.470313
vt 0.221204 0.470313
vt 0.220763 0.470313
vt 0.236174 0.470313
vt 0.236616 0.468525
vt 0.236616 0.470313
vt 0.220763 0.457757
vt 0.221204 0.454089
vt 0.220763 0.454089
vt 0.221204 0.449840
vt 0.220763 0.449840
vt 0.221204 0.446781
vt 0.220763 0.446781
vt 0.221204 0.443113
vt 0.220763 0.443113
vt 0.221204 0.439446
vt 0.220763 0.439446
vt 0.221204 0.435779
vt 0.220763 0.435779
vt 0.220763 0.431892
vt 0.221204 0.431892
vt 0.220763 0.428225
vt 0.221204 0.428225
vt 0.220763 0.426438
vt 0.221204 0.426438
vt 0.228690 0.428225
vt 0.228690 0.426438
vt 0.236174 0.428225
vt 0.236174 0.426438
vt 0.236616 0.428225
vt 0.236616 0.426438
vt 0.236174 0.431892
vt 0.236616 0.431892
vt 0.236174 0.435779
vt 0.236616 0.435779
vt 0.236616 0.439446
vt 0.236174 0.439446
vt 0.236616 0.443113
vt 0.236174 0.443113
vt 0.236616 0.446781
vt 0.236174 0.446781
vt 0.236616 0.449840
vt 0.236174 0.449840
vt 0.236616 0.454089
vt 0.236174 0.454089
vt 0.228690 0.454089
vt 0.228690 0.449840
vt 0.481762 0.828444
vt 0.490102 0.828444
vt 0.490102 0.834035
vt 0.481762 0.834035
vt 0.473422 0.834035
vt 0.473422 0.828444
vt 0.914789 0.042849
vt 0.914789 0.050335
vt 0.914030 0.051254
vt 0.914030 0.042849
vt 0.914030 0.034444
vt 0.914789 0.035363
vt 0.918631 0.034444
vt 0.917849 0.035363
vt 0.470013 0.834068
vt 0.470013 0.828438
vt 0.918631 0.042849
vt 0.917849 0.042849
vt 0.461673 0.834068
vt 0.461673 0.828439
vt 0.917849 0.050335
vt 0.918631 0.051254
vt 0.453333 0.828439
vt 0.453333 0.834068
vt 0.449924 0.828444
vt 0.449924 0.834035
vt 0.961027 0.902982
vt 0.963599 0.903002
vt 0.964874 0.903466
vt 0.960076 0.903433
vt 0.960077 0.898131
vt 0.961039 0.898391
vt 0.223113 0.884065
vt 0.231981 0.884065
vt 0.231981 0.889430
vt 0.223113 0.889430
vt 0.169165 0.902450
vt 0.171799 0.902464
vt 0.171794 0.903332
vt 0.169160 0.903318
vt 0.172662 0.903332
vt 0.172662 0.908035
vt 0.171794 0.908035
vt 0.169191 0.907993
vt 0.171780 0.908903
vt 0.169177 0.908861
vt 0.168323 0.907999
vt 0.168292 0.903324
vt 0.964627 0.898232
vt 0.963580 0.898437
vt 0.384884 0.875619
vt 0.384884 0.880827
vt 0.376172 0.880827
vt 0.376172 0.875619
vt 0.384884 0.874661
vt 0.376172 0.874661
vt 0.960089 0.897388
vt 0.964183 0.897377
vt 0.384884 0.873728
vt 0.376172 0.873728
vt 0.963388 0.896878
vt 0.960101 0.896887
vt 0.223113 0.882806
vt 0.231981 0.882806
vt 0.231981 0.883313
vt 0.223113 0.883313
vt 0.214245 0.883313
vt 0.214245 0.882806
vt 0.214245 0.884065
vt 0.214245 0.889430
vt 0.629240 0.829367
vt 0.628980 0.828033
vt 0.628932 0.825854
vt 0.629138 0.824803
vt 0.623921 0.829367
vt 0.624376 0.828044
vt 0.629985 0.829355
vt 0.629996 0.825248
vt 0.624354 0.825834
vt 0.623889 0.824555
vt 0.393596 0.875619
vt 0.393596 0.880827
vt 0.393596 0.874661
vt 0.630496 0.826046
vt 0.630488 0.829342
vt 0.393596 0.873728
vt 0.393596 0.872757
vt 0.384884 0.872757
vt 0.630755 0.826991
vt 0.630847 0.829329
vt 0.384884 0.870438
vt 0.393596 0.870438
vt 0.223113 0.882443
vt 0.214245 0.882443
vt 0.231981 0.882443
vt 0.376172 0.872757
vt 0.376172 0.870438
vt 0.962446 0.896620
vt 0.960114 0.896528
vt 0.727875 0.904480
vt 0.727892 0.905348
vt 0.725666 0.905392
vt 0.725649 0.904524
vt 0.724798 0.905386
vt 0.725635 0.910068
vt 0.724766 0.910062
vt 0.725641 0.910936
vt 0.727892 0.910052
vt 0.727898 0.910920
vt 0.728760 0.910052
vt 0.728760 0.905348
vt 0.228690 0.446781
vt 0.228690 0.443113
vt 0.228690 0.439446
vt 0.228690 0.435779
vt 0.228690 0.431892
s 1
f 3277/5318/907 3274/5319/908 3275/5320/908 3294/5321/907
f 3276/5322/909 3336/5323/909 3275/5320/908 3274/5319/908
f 3278/5324/908 3280/5325/909 3276/5322/909 3274/5319/908
f 3274/5319/908 3277/5318/907 3281/5326/907 3278/5324/908
f 3278/5324/908 3281/5326/907 3283/5327/907 3279/5328/908
f 3278/5324/908 3279/5328/908 3297/5329/909 3280/5325/909
f 3281/5326/907 3277/5318/907 3291/5330/910 3282/5331/910
f 3281/5326/907 3282/5331/910 3285/5332/910 3283/5327/907
f 3285/5332/910 3286/5333/910 3284/5334/907 3283/5327/907
f 3283/5327/907 3284/5334/907 3295/5335/908 3279/5328/908
f 3285/5332/910 3282/5331/910 3289/5336/911 3287/5337/911
f 3286/5333/910 3285/5332/910 3287/5337/911 3288/5338/911
f 3282/5331/910 3291/5330/910 3290/5339/911 3289/5336/911
f 3291/5330/910 3293/5340/910 3292/5341/911 3290/5339/911
f 3291/5330/910 3277/5318/907 3294/5321/907 3293/5340/910
f 3297/5329/909 3279/5328/908 3295/5335/908 3296/5342/909
f 3299/5343/912 3297/5329/909 3296/5342/909 3298/5344/912
f 3301/5345/913 3299/5343/912 3298/5344/912 3300/5346/914
f 3303/5347/915 3301/5345/913 3300/5346/914 3302/5348/916
f 3305/5349/917 3303/5347/915 3302/5348/916 3304/5350/917
f 3307/5351/918 3305/5349/917 3304/5350/917 3306/5352/918
f 3309/5353/919 3307/5351/918 3306/5352/918 3308/5354/919
f 3308/5354/919 3310/5355/920 3311/5356/920 3309/5353/919
f 3311/5356/920 3310/5355/920 3312/5357/921 3313/5358/921
f 3313/5358/921 3312/5357/921 3314/5359/922 3315/5360/922
f 3317/5361/921 3313/5358/921 3315/5360/922 3316/5362/922
f 3319/5363/921 3317/5361/921 3316/5362/922 3318/5364/922
f 3321/5365/921 3319/5363/921 3318/5364/922 3320/5366/922
f 3323/5367/920 3319/5363/921 3321/5365/921 3322/5368/920
f 3325/5369/919 3323/5367/920 3322/5368/920 3324/5370/919
f 3325/5369/919 3324/5370/919 3326/5371/918 3327/5372/918
f 3327/5372/918 3326/5371/918 3328/5373/917 3329/5374/917
f 3329/5374/917 3328/5373/917 3330/5375/916 3331/5376/915
f 3331/5376/915 3330/5375/916 3332/5377/914 3333/5378/913
f 3333/5378/913 3332/5377/914 3334/5379/912 3335/5380/912
f 3335/5380/912 3334/5379/912 3336/5323/909 3276/5322/909
f 3337/5381/912 3338/5382/923 3333/5378/913 3335/5380/912
f 3280/5325/909 3337/5381/912 3335/5380/912 3276/5322/909
f 3337/5381/912 3299/5343/912 3301/5345/913 3338/5382/923
f 3280/5325/909 3297/5329/909 3299/5343/912 3337/5381/912
f 3338/5383/924 3301/5384/924 3340/5385/924 3339/5386/924
f 3338/5383/924 3339/5386/924 3342/5387/924 3333/5388/924
f 3339/5389/925 3340/5390/926 3351/5391/927 3341/5392/925
f 3339/5389/925 3341/5392/925 3343/5393/928 3342/5394/929
f 3342/5394/929 3343/5393/928 3345/5395/929 3344/5396/930
f 3333/5388/931 3342/5387/931 3344/5397/931 3331/5398/931
f 3344/5396/930 3345/5395/929 3347/5399/932 3346/5400/932
f 3331/5398/933 3344/5397/933 3346/5401/933 3348/5402/933
f 3349/5403/934 3346/5400/932 3347/5399/932 3350/5404/926
f 3303/5405/933 3348/5402/933 3346/5401/933 3349/5406/933
f 3301/5407/935 3303/5405/935 3349/5406/935 3340/5408/935
f 3340/5390/926 3349/5403/934 3350/5404/926 3351/5391/927
f 3353/5409/935 3354/5410/935 3351/5411/935 3350/5412/935
f 3350/5412/935 3352/5413/935 3355/5414/935 3353/5409/935
f 3371/5415/936 3352/5416/936 3350/5417/937 3347/5418/937
f 3354/5419/938 3353/5420/938 3356/5421/938 3357/5422/938
f 3353/5423/939 3355/5424/939 3358/5425/939 3356/5421/939
f 3358/5425/935 3359/5426/935 3357/5422/935 3356/5421/935
f 3355/5427/940 3360/5428/940 3359/5426/940 3358/5425/940
f 3360/5429/941 3354/5430/941 3357/5422/941 3359/5426/941
f 3361/5431/935 3351/5411/935 3354/5410/935 3360/5432/935
f 3352/5413/935 3361/5431/935 3360/5432/935 3355/5414/935
f 3362/5433/942 3341/5434/943 3351/5435/943 3361/5436/942
f 3364/5437/944 3362/5433/942 3361/5436/942 3363/5438/944
f 3366/5439/935 3363/5440/935 3361/5431/935 3352/5413/935
f 3378/5441/945 3364/5437/944 3363/5438/944 3365/5442/945
f 3365/5443/935 3363/5440/935 3366/5439/935 3367/5444/935
f 3369/5445/946 3367/5446/946 3366/5447/947 3368/5448/947
f 3368/5448/947 3366/5447/947 3352/5416/936 3371/5415/936
f 3369/5445/946 3368/5448/947 3370/5449/947 3379/5450/946
f 3368/5448/947 3371/5415/936 3372/5451/936 3370/5449/947
f 3371/5415/936 3347/5418/937 3345/5452/937 3372/5451/936
f 3372/5453/931 3373/5454/931 3375/5455/931 3374/5456/931
f 3345/5457/931 3388/5458/931 3373/5454/931 3372/5453/931
f 3370/5459/931 3372/5453/931 3374/5456/931 3376/5460/931
f 3374/5456/931 3375/5455/931 3387/5461/931 3343/5462/931
f 3362/5433/942 3374/5463/942 3343/5464/943 3341/5434/943
f 3364/5437/944 3376/5465/944 3374/5463/942 3362/5433/942
f 3377/5466/931 3379/5467/931 3370/5459/931 3376/5460/931
f 3378/5441/945 3377/5468/945 3376/5465/944 3364/5437/944
f 3380/5469/948 3377/5468/945 3378/5441/945 3381/5470/948
f 3380/5471/931 3382/5472/931 3379/5467/931 3377/5466/931
f 3380/5469/948 3381/5470/948 3383/5473/949 3382/5474/949
f 3383/5475/950 3369/5445/946 3379/5450/946 3382/5476/950
f 3383/5475/950 3384/5477/950 3367/5446/946 3369/5445/946
f 3385/5478/948 3384/5479/949 3383/5473/949 3381/5470/948
f 3385/5480/935 3365/5443/935 3367/5444/935 3384/5481/935
f 3385/5478/948 3381/5470/948 3378/5441/945 3365/5442/945
f 3373/5482/951 3391/5483/951 3386/5484/951 3375/5485/951
f 3375/5486/941 3386/5484/941 3389/5487/941 3387/5488/941
f 3388/5458/931 3345/5457/931 3343/5462/931 3387/5461/931
f 3387/5489/952 3389/5487/952 3390/5490/952 3388/5491/952
f 3391/5483/931 3390/5490/931 3389/5487/931 3386/5484/931
f 3388/5492/939 3390/5490/939 3391/5483/939 3373/5493/939
f 3348/5494/953 3303/5347/915 3305/5349/917 3392/5495/917
f 3348/5494/953 3392/5495/917 3329/5374/917 3331/5376/915
f 3392/5495/917 3305/5349/917 3307/5351/918 3393/5496/918
f 3392/5495/917 3393/5496/918 3327/5372/918 3329/5374/917
f 3393/5496/918 3307/5351/918 3309/5353/919 3394/5497/919
f 3393/5496/918 3394/5497/919 3325/5369/919 3327/5372/918
f 3395/5498/920 3394/5497/919 3309/5353/919 3311/5356/920
f 3395/5498/920 3323/5367/920 3325/5369/919 3394/5497/919
f 3317/5361/921 3319/5363/921 3323/5367/920 3395/5498/920
f 3317/5361/921 3395/5498/920 3311/5356/920 3313/5358/921
o test_button_01
v -0.068143 0.091539 0.020234
v -0.068143 0.093705 0.020234
v -0.079390 0.091539 0.020234
v -0.079390 0.093705 0.020234
v -0.068143 0.091539 0.014910
v -0.068143 0.093705 0.014910
v -0.079390 0.091539 0.014910
v -0.079390 0.093705 0.014910
v -0.072108 0.094039 0.017137
v -0.072108 0.094039 0.015986
v -0.074410 0.094039 0.019139
v -0.073259 0.094039 0.019139
v -0.074410 0.094039 0.017137
v -0.073259 0.094039 0.017137
v -0.073259 0.094039 0.015986
v -0.075561 0.094039 0.017137
v -0.075561 0.094039 0.015986
v -0.074410 0.094039 0.015986
v -0.072108 0.093705 0.015986
v -0.072108 0.093705 0.017137
v -0.073259 0.093705 0.019139
v -0.074410 0.093705 0.019139
v -0.073259 0.093705 0.015986
v -0.073259 0.093705 0.017137
v -0.074410 0.093705 0.017137
v -0.075561 0.093705 0.017137
v -0.075561 0.093705 0.015986
v -0.074410 0.093705 0.015986
vn -0.0000 -0.0000 1.0000
vn -1.0000 -0.0000 -0.0000
vn -0.0000 -0.0000 -1.0000
vn 1.0000 -0.0000 -0.0000
vn -0.0000 1.0000 -0.0000
vt 0.429051 0.795207
vt 0.429051 0.791872
vt 0.446367 0.791872
vt 0.446367 0.795207
vt 0.449703 0.791872
vt 0.446367 0.785782
vt 0.449703 0.785782
vt 0.446367 0.782446
vt 0.429051 0.785782
vt 0.429051 0.782446
vt 0.425716 0.785782
vt 0.425716 0.791872
vt 0.791740 0.906445
vt 0.789856 0.906445
vt 0.789856 0.907844
vt 0.791740 0.907844
vt 0.787972 0.906445
vt 0.787972 0.907844
vt 0.786089 0.906445
vt 0.786089 0.907844
vt 0.787972 0.910278
vt 0.789856 0.910278
vt 0.458124 0.002921
vt 0.458124 0.002437
vt 0.456884 0.002437
vt 0.456884 0.002921
vt 0.459792 0.002921
vt 0.459792 0.002437
vt 0.451880 0.002921
vt 0.451880 0.002437
vt 0.450641 0.002437
vt 0.450641 0.002921
vt 0.455216 0.002921
vt 0.455216 0.002437
vt 0.453548 0.002437
vt 0.453548 0.002921
vt 0.396578 0.324618
vt 0.397106 0.324618
vt 0.397106 0.322795
vt 0.396578 0.322795
vt 0.396578 0.326973
vt 0.397106 0.326973
vt 0.448973 0.002437
vt 0.448973 0.002921
vt 0.397106 0.320440
vt 0.396578 0.320440
s 0
f 3396/5499/954 3397/5500/954 3399/5501/954 3398/5502/954
f 3398/5503/955 3399/5501/955 3403/5504/955 3402/5505/955
f 3402/5506/956 3403/5504/956 3401/5507/956 3400/5508/956
f 3400/5509/957 3401/5507/957 3397/5500/957 3396/5510/957
f 3403/5504/958 3399/5501/958 3397/5500/958 3401/5507/958
f 3405/5511/958 3410/5512/958 3409/5513/958 3404/5514/958
f 3410/5512/958 3413/5515/958 3408/5516/958 3409/5513/958
f 3413/5515/958 3412/5517/958 3411/5518/958 3408/5516/958
f 3409/5513/958 3408/5516/958 3406/5519/958 3407/5520/958
f 3404/5521/957 3415/5522/957 3414/5523/957 3405/5524/957
f 3409/5525/954 3419/5526/954 3415/5522/954 3404/5521/954
f 3412/5527/955 3422/5528/955 3421/5529/955 3411/5530/955
f 3410/5531/956 3418/5532/956 3423/5533/956 3413/5534/956
f 3406/5535/954 3417/5536/954 3416/5537/954 3407/5538/954
f 3408/5539/955 3420/5540/955 3417/5536/955 3406/5535/955
f 3413/5534/956 3423/5533/956 3422/5528/956 3412/5527/956
f 3411/5530/954 3421/5529/954 3420/5541/954 3408/5542/954
f 3407/5538/957 3416/5537/957 3419/5543/957 3409/5544/957
f 3405/5524/956 3414/5523/956 3418/5532/956 3410/5531/956
o test_button_02
v 0.058822 0.091539 0.020234
v 0.058822 0.093705 0.020234
v 0.047574 0.091539 0.020234
v 0.047574 0.093705 0.020234
v 0.058822 0.091539 0.014910
v 0.058822 0.093705 0.014910
v 0.047574 0.091539 0.014910
v 0.047574 0.093705 0.014910
v 0.054857 0.094039 0.017137
v 0.054857 0.094039 0.015986
v 0.052555 0.094039 0.019139
v 0.053706 0.094039 0.019139
v 0.052555 0.094039 0.017137
v 0.053706 0.094039 0.017137
v 0.053706 0.094039 0.015986
v 0.051404 0.094039 0.017137
v 0.051404 0.094039 0.015986
v 0.052555 0.094039 0.015986
v 0.054857 0.093705 0.015986
v 0.054857 0.093705 0.017137
v 0.053706 0.093705 0.019139
v 0.052555 0.093705 0.019139
v 0.053706 0.093705 0.015986
v 0.053706 0.093705 0.017137
v 0.052555 0.093705 0.017137
v 0.051404 0.093705 0.017137
v 0.051404 0.093705 0.015986
v 0.052555 0.093705 0.015986
vn -0.0000 -0.0000 1.0000
vn -1.0000 -0.0000 -0.0000
vn -0.0000 -0.0000 -1.0000
vn 1.0000 -0.0000 -0.0000
vn -0.0000 1.0000 -0.0000
vt 0.457917 0.795207
vt 0.457917 0.791871
vt 0.475234 0.791871
vt 0.475234 0.795207
vt 0.478569 0.791871
vt 0.475234 0.785781
vt 0.478569 0.785781
vt 0.475234 0.782445
vt 0.457917 0.785781
vt 0.457917 0.782445
vt 0.454582 0.785781
vt 0.454582 0.791871
vt 0.764522 0.906445
vt 0.762645 0.906445
vt 0.762645 0.907840
vt 0.764522 0.907840
vt 0.760767 0.906445
vt 0.760767 0.907840
vt 0.758890 0.906445
vt 0.758890 0.907840
vt 0.760767 0.910267
vt 0.762645 0.910267
vt 0.117256 0.002933
vt 0.117256 0.002446
vt 0.116006 0.002446
vt 0.116006 0.002933
vt 0.118937 0.002933
vt 0.118937 0.002446
vt 0.110961 0.002933
vt 0.110961 0.002446
vt 0.109712 0.002446
vt 0.109712 0.002933
vt 0.114325 0.002933
vt 0.114325 0.002446
vt 0.112643 0.002446
vt 0.112643 0.002933
vt 0.126173 0.002437
vt 0.126173 0.002966
vt 0.127996 0.002966
vt 0.127996 0.002437
vt 0.123818 0.002437
vt 0.123818 0.002966
vt 0.108031 0.002446
vt 0.108031 0.002933
vt 0.130351 0.002966
vt 0.130351 0.002437
s 0
f 3424/5545/959 3425/5546/959 3427/5547/959 3426/5548/959
f 3426/5549/960 3427/5547/960 3431/5550/960 3430/5551/960
f 3430/5552/961 3431/5550/961 3429/5553/961 3428/5554/961
f 3428/5555/962 3429/5553/962 3425/5546/962 3424/5556/962
f 3431/5550/963 3427/5547/963 3425/5546/963 3429/5553/963
f 3433/5557/963 3438/5558/963 3437/5559/963 3432/5560/963
f 3438/5558/963 3441/5561/963 3436/5562/963 3437/5559/963
f 3441/5561/963 3440/5563/963 3439/5564/963 3436/5562/963
f 3437/5559/963 3436/5562/963 3434/5565/963 3435/5566/963
f 3432/5567/962 3443/5568/962 3442/5569/962 3433/5570/962
f 3437/5571/959 3447/5572/959 3443/5568/959 3432/5567/959
f 3440/5573/960 3450/5574/960 3449/5575/960 3439/5576/960
f 3438/5577/961 3446/5578/961 3451/5579/961 3441/5580/961
f 3434/5581/959 3445/5582/959 3444/5583/959 3435/5584/959
f 3436/5585/960 3448/5586/960 3445/5582/960 3434/5581/960
f 3441/5580/961 3451/5579/961 3450/5574/961 3440/5573/961
f 3439/5576/959 3449/5575/959 3448/5587/959 3436/5588/959
f 3435/5584/962 3444/5583/962 3447/5589/962 3437/5590/962
f 3433/5570/961 3442/5569/961 3446/5578/961 3438/5577/961
