# Blender 4.0.2
# www.blender.org
o garden_fire_pit
v -0.143655 0.431902 0.058506
v -0.143655 0.440482 0.058506
v -0.109362 0.431902 0.110315
v -0.109362 0.440482 0.110315
v -0.156504 0.431902 0.070936
v -0.157380 0.431902 0.081163
v -0.158639 0.431902 0.075877
v -0.157380 0.440482 0.081163
v -0.156504 0.440482 0.070936
v -0.158639 0.440482 0.075877
v -0.125679 0.440482 0.117032
v -0.135487 0.440482 0.113928
v -0.131085 0.440482 0.117113
v -0.135487 0.431902 0.113928
v -0.125679 0.431902 0.117032
v -0.131085 0.431902 0.117113
v -0.141206 0.431902 0.064869
v -0.141206 0.440482 0.064869
v -0.114416 0.431902 0.105258
v -0.114416 0.440482 0.105258
v -0.142674 0.431902 0.054061
v -0.142674 0.440482 0.054061
v -0.104921 0.431902 0.111204
v -0.104921 0.440482 0.111204
v -0.158611 0.431902 0.069479
v -0.159719 0.431902 0.082183
v -0.161276 0.431902 0.075647
v -0.159719 0.440482 0.082183
v -0.158611 0.440482 0.069479
v -0.161276 0.440482 0.075647
v -0.125163 0.440482 0.119536
v -0.137325 0.440482 0.115699
v -0.131882 0.440482 0.119638
v -0.137325 0.431902 0.115699
v -0.125163 0.431902 0.119536
v -0.131882 0.431902 0.119638
v -0.138861 0.431902 0.063967
v -0.138861 0.440482 0.063967
v -0.112638 0.431902 0.103482
v -0.112638 0.440482 0.103482
v -0.155523 0.306572 -0.007198
v -0.155523 0.306572 0.007198
v -0.155518 0.027438 -0.007198
v -0.155518 0.027438 0.007198
v -0.162156 0.004754 -0.007198
v -0.162156 0.004754 0.007198
v -0.205628 0.003143 -0.008448
v -0.205628 0.003143 0.008448
v -0.172633 0.003131 0.007198
v -0.172633 0.003131 -0.007198
v -0.157097 0.013186 0.007198
v -0.157097 0.013186 -0.007198
v -0.007198 0.306572 0.155523
v 0.007198 0.306572 0.155523
v -0.007198 0.027438 0.155518
v 0.007198 0.027438 0.155518
v -0.007198 0.004754 0.162156
v 0.007198 0.004754 0.162156
v -0.008448 0.003142 0.205628
v 0.008448 0.003142 0.205628
v 0.007198 0.003131 0.172633
v -0.007198 0.003131 0.172633
v 0.007198 0.013186 0.157097
v -0.007198 0.013186 0.157097
v 0.155523 0.306572 0.007198
v 0.155523 0.306572 -0.007198
v 0.155518 0.027438 0.007198
v 0.155518 0.027438 -0.007198
v 0.162156 0.004754 0.007198
v 0.162156 0.004754 -0.007198
v 0.205628 0.003142 0.008448
v 0.205628 0.003142 -0.008448
v 0.172633 0.003131 -0.007198
v 0.172633 0.003131 0.007198
v 0.157097 0.013186 -0.007198
v 0.157097 0.013186 0.007198
v 0.007198 0.306572 -0.155523
v -0.007198 0.306572 -0.155523
v 0.007198 0.027438 -0.155518
v -0.007198 0.027438 -0.155518
v 0.007198 0.004754 -0.162156
v -0.007198 0.004754 -0.162156
v 0.008448 0.003143 -0.205628
v -0.008448 0.003143 -0.205628
v -0.007198 0.003131 -0.172633
v 0.007198 0.003131 -0.172633
v -0.007198 0.013186 -0.157097
v 0.007198 0.013186 -0.157097
v -0.152523 0.306572 -0.007198
v -0.152523 0.306572 0.007198
v -0.152523 0.027265 -0.007198
v -0.152523 0.027265 0.007198
v -0.160476 0.002268 -0.007198
v -0.160476 0.002268 0.007198
v -0.205628 0.000143 -0.008448
v -0.205628 0.000143 0.008448
v -0.172368 0.000143 0.007198
v -0.172368 0.000143 -0.007198
v -0.154266 0.012194 0.007198
v -0.154266 0.012194 -0.007198
v -0.007198 0.306572 0.152523
v 0.007198 0.306572 0.152523
v -0.007198 0.027265 0.152523
v 0.007198 0.027265 0.152523
v -0.007198 0.002268 0.160476
v 0.007198 0.002268 0.160476
v -0.008448 0.000142 0.205628
v 0.008448 0.000142 0.205628
v 0.007198 0.000142 0.172368
v -0.007198 0.000142 0.172368
v 0.007198 0.012193 0.154266
v -0.007198 0.012193 0.154266
v 0.152523 0.306572 0.007198
v 0.152523 0.306572 -0.007198
v 0.152523 0.027265 0.007198
v 0.152523 0.027265 -0.007198
v 0.160476 0.002268 0.007198
v 0.160476 0.002268 -0.007198
v 0.205628 0.000142 0.008448
v 0.205628 0.000142 -0.008448
v 0.172368 0.000142 -0.007198
v 0.172368 0.000142 0.007198
v 0.154266 0.012193 -0.007198
v 0.154266 0.012193 0.007198
v 0.007198 0.306572 -0.152523
v -0.007198 0.306572 -0.152523
v 0.007198 0.027265 -0.152523
v -0.007198 0.027265 -0.152523
v 0.007198 0.002268 -0.160476
v -0.007198 0.002268 -0.160476
v 0.008448 0.000143 -0.205628
v -0.008448 0.000143 -0.205628
v -0.007198 0.000143 -0.172368
v 0.007198 0.000143 -0.172368
v -0.007198 0.012194 -0.154266
v 0.007198 0.012194 -0.154266
v 0.187074 0.003137 0.008448
v 0.187074 0.003137 -0.008448
v 0.186919 0.000142 0.008448
v 0.186919 0.000142 -0.008448
v 0.008448 0.003137 -0.187074
v -0.008448 0.003137 -0.187074
v 0.008448 0.000143 -0.186919
v -0.008448 0.000143 -0.186919
v -0.187074 0.003137 -0.008448
v -0.187074 0.003137 0.008448
v -0.186919 0.000143 -0.008448
v -0.186919 0.000143 0.008448
v -0.008448 0.003137 0.187074
v 0.008448 0.003137 0.187074
v -0.008448 0.000142 0.186919
v 0.008448 0.000142 0.186919
v -0.030334 0.307402 -0.152499
v 0.030334 0.307402 -0.152499
v 0.086384 0.307402 -0.129282
v 0.129282 0.307402 -0.086384
v 0.152499 0.307402 -0.030334
v 0.152499 0.307402 0.030334
v 0.129282 0.307402 0.086384
v 0.086384 0.307402 0.129282
v 0.030334 0.307402 0.152499
v -0.030334 0.307402 0.152499
v -0.086384 0.307402 0.129282
v -0.129282 0.307402 0.086384
v -0.152499 0.307402 0.030334
v -0.152499 0.307402 -0.030334
v -0.129282 0.307402 -0.086384
v -0.086384 0.307402 -0.129282
v -0.030334 0.325337 -0.152499
v 0.030334 0.325337 -0.152499
v 0.086384 0.325337 -0.129282
v 0.129282 0.325337 -0.086384
v 0.152499 0.325337 -0.030334
v 0.152499 0.325337 0.030334
v 0.129282 0.325337 0.086384
v 0.086384 0.325337 0.129282
v 0.030334 0.325337 0.152499
v -0.030334 0.325337 0.152499
v -0.086384 0.325337 0.129282
v -0.129282 0.325337 0.086384
v -0.152499 0.325337 0.030334
v -0.152499 0.325337 -0.030334
v -0.129282 0.325337 -0.086384
v -0.086384 0.325337 -0.129282
v -0.031093 0.307402 -0.156317
v 0.031093 0.307402 -0.156317
v 0.088547 0.307402 -0.132519
v 0.132519 0.307402 -0.088547
v 0.156317 0.307402 -0.031093
v 0.156317 0.307402 0.031093
v 0.132519 0.307402 0.088547
v 0.088547 0.307402 0.132519
v 0.031093 0.307402 0.156317
v -0.031093 0.307402 0.156317
v -0.088546 0.307402 0.132519
v -0.132519 0.307402 0.088547
v -0.156317 0.307402 0.031093
v -0.156317 0.307402 -0.031093
v -0.132519 0.307402 -0.088546
v -0.088547 0.307402 -0.132519
v -0.031093 0.325337 -0.156317
v 0.031093 0.325337 -0.156317
v 0.088547 0.325337 -0.132519
v 0.132519 0.325337 -0.088547
v 0.156317 0.325337 -0.031093
v 0.156317 0.325337 0.031093
v 0.132519 0.325337 0.088547
v 0.088547 0.325337 0.132519
v 0.031093 0.325337 0.156317
v -0.031093 0.325337 0.156317
v -0.088546 0.325337 0.132519
v -0.132519 0.325337 0.088547
v -0.156317 0.325337 0.031093
v -0.156317 0.325337 -0.031093
v -0.132519 0.325337 -0.088546
v -0.088547 0.325337 -0.132519
v -0.029553 0.080039 -0.148572
v 0.029553 0.080039 -0.148572
v 0.084159 0.080039 -0.125953
v 0.125953 0.080039 -0.084159
v 0.148572 0.080039 -0.029553
v 0.148572 0.080039 0.029553
v 0.125953 0.080039 0.084159
v 0.084159 0.080039 0.125953
v 0.029553 0.080039 0.148572
v -0.029553 0.080039 0.148572
v -0.084159 0.080039 0.125953
v -0.125953 0.080039 0.084159
v -0.148572 0.080039 0.029553
v -0.148572 0.080039 -0.029553
v -0.125953 0.080039 -0.084159
v -0.084159 0.080039 -0.125953
v -0.029553 0.097975 -0.148572
v 0.029553 0.097975 -0.148572
v 0.084159 0.097975 -0.125953
v 0.125953 0.097975 -0.084159
v 0.148572 0.097975 -0.029553
v 0.148572 0.097975 0.029553
v 0.125953 0.097975 0.084159
v 0.084159 0.097975 0.125953
v 0.029553 0.097975 0.148572
v -0.029553 0.097975 0.148572
v -0.084159 0.097975 0.125953
v -0.125953 0.097975 0.084159
v -0.148572 0.097975 0.029553
v -0.148572 0.097975 -0.029553
v -0.125953 0.097975 -0.084159
v -0.084159 0.097975 -0.125953
v -0.030293 0.080039 -0.152292
v 0.030293 0.080039 -0.152292
v 0.086267 0.080039 -0.129107
v 0.129107 0.080039 -0.086267
v 0.152292 0.080039 -0.030293
v 0.152292 0.080039 0.030293
v 0.129107 0.080039 0.086267
v 0.086267 0.080039 0.129107
v 0.030293 0.080039 0.152292
v -0.030293 0.080039 0.152292
v -0.086267 0.080039 0.129107
v -0.129107 0.080039 0.086267
v -0.152292 0.080039 0.030293
v -0.152292 0.080039 -0.030293
v -0.129107 0.080039 -0.086267
v -0.086267 0.080039 -0.129107
v -0.030293 0.097975 -0.152292
v 0.030293 0.097975 -0.152292
v 0.086267 0.097975 -0.129107
v 0.129107 0.097975 -0.086267
v 0.152292 0.097975 -0.030293
v 0.152292 0.097975 0.030293
v 0.129107 0.097975 0.086267
v 0.086267 0.097975 0.129107
v 0.030293 0.097975 0.152292
v -0.030293 0.097975 0.152292
v -0.086267 0.097975 0.129107
v -0.129107 0.097975 0.086267
v -0.152292 0.097975 0.030293
v -0.152292 0.097975 -0.030293
v -0.129107 0.097975 -0.086267
v -0.086267 0.097975 -0.129107
v 0.007198 0.103265 0.036186
v -0.007198 0.103265 0.036186
v 0.007198 0.122281 0.086267
v -0.007198 0.122281 0.086267
v 0.007198 0.159719 0.123157
v -0.007198 0.159719 0.123157
v 0.007198 0.207559 0.144458
v -0.007198 0.207559 0.144458
v 0.007198 0.285567 0.152523
v -0.007198 0.285567 0.152523
v 0.007198 0.527012 0.152523
v -0.007198 0.527012 0.152523
v 0.007198 0.552009 0.160476
v -0.007198 0.552009 0.160476
v 0.007198 0.547447 0.183335
v -0.007198 0.547447 0.183335
v 0.012950 0.490405 0.197585
v -0.012950 0.490405 0.197585
v -0.007198 0.554134 0.172368
v 0.007198 0.554134 0.172368
v -0.007198 0.542084 0.154266
v 0.007198 0.542084 0.154266
v 0.007198 0.106511 0.036186
v -0.007198 0.106511 0.036186
v 0.007198 0.124754 0.084456
v -0.007198 0.124754 0.084456
v 0.007198 0.161341 0.120581
v -0.007198 0.161341 0.120581
v 0.007198 0.208362 0.141543
v -0.007198 0.208362 0.141543
v 0.007198 0.285787 0.149523
v -0.007198 0.285787 0.149523
v 0.007198 0.527185 0.149523
v -0.007198 0.527185 0.149523
v 0.007198 0.554728 0.158638
v -0.007198 0.554728 0.158638
v 0.007198 0.549492 0.185744
v -0.007198 0.549492 0.185744
v 0.013124 0.491531 0.200238
v -0.013124 0.491531 0.200238
v -0.007198 0.557288 0.172959
v 0.007198 0.557288 0.172959
v -0.007198 0.543101 0.151364
v 0.007198 0.543101 0.151364
v -0.007198 0.512308 0.198153
v 0.007198 0.512308 0.198153
v -0.007198 0.512308 0.200800
v 0.007198 0.512308 0.200800
v 0.020498 0.103265 0.030677
v 0.039663 0.122281 0.076946
v 0.026363 0.122281 0.082455
v 0.053780 0.159719 0.111027
v 0.040480 0.159719 0.116536
v 0.061931 0.207559 0.130707
v 0.048632 0.207559 0.136216
v 0.065018 0.285567 0.138159
v 0.051718 0.285567 0.143668
v 0.065018 0.527012 0.138159
v 0.051718 0.527012 0.143668
v 0.068061 0.552009 0.145506
v 0.054762 0.552009 0.151015
v 0.076809 0.547447 0.166625
v 0.063509 0.547447 0.172134
v 0.087577 0.490405 0.177589
v 0.063648 0.490405 0.187500
v 0.059312 0.554134 0.162001
v 0.072612 0.554134 0.156492
v 0.052385 0.542084 0.145278
v 0.065685 0.542084 0.139769
v 0.020498 0.106511 0.030677
v 0.038970 0.124754 0.075273
v 0.025670 0.124754 0.080782
v 0.052794 0.161341 0.108648
v 0.039494 0.161341 0.114157
v 0.060816 0.208362 0.128015
v 0.047516 0.208362 0.133523
v 0.063870 0.285787 0.135387
v 0.050570 0.285787 0.140896
v 0.063870 0.527185 0.135387
v 0.050570 0.527185 0.140896
v 0.067358 0.554728 0.143808
v 0.054058 0.554728 0.149317
v 0.077731 0.549492 0.168850
v 0.064431 0.549492 0.174359
v 0.088753 0.491531 0.179973
v 0.064503 0.491531 0.190018
v 0.059539 0.557288 0.162548
v 0.072838 0.557288 0.157039
v 0.051275 0.543101 0.142596
v 0.064574 0.543101 0.137087
v 0.069180 0.512308 0.185824
v 0.082480 0.512308 0.180315
v 0.070193 0.512308 0.188270
v 0.083493 0.512308 0.182761
v 0.030677 0.103265 0.020498
v 0.066090 0.122281 0.055911
v 0.055911 0.122281 0.066090
v 0.092174 0.159719 0.081995
v 0.081995 0.159719 0.092174
v 0.107237 0.207559 0.097057
v 0.097057 0.207559 0.107237
v 0.112940 0.285567 0.102761
v 0.102761 0.285567 0.112940
v 0.112940 0.527012 0.102761
v 0.102761 0.527012 0.112940
v 0.118563 0.552009 0.108384
v 0.108384 0.552009 0.118563
v 0.134727 0.547447 0.124548
v 0.124548 0.547447 0.134727
v 0.148871 0.490405 0.130556
v 0.130556 0.490405 0.148871
v 0.116793 0.554134 0.126972
v 0.126972 0.554134 0.116793
v 0.103993 0.542084 0.114172
v 0.114172 0.542084 0.103993
v 0.030677 0.106511 0.020498
v 0.064809 0.124754 0.054630
v 0.054630 0.124754 0.064809
v 0.090353 0.161341 0.080174
v 0.080174 0.161341 0.090353
v 0.105176 0.208362 0.094997
v 0.094997 0.208362 0.105176
v 0.110819 0.285787 0.100639
v 0.100639 0.285787 0.110819
v 0.110819 0.527185 0.100639
v 0.100639 0.527185 0.110819
v 0.117264 0.554728 0.107085
v 0.107085 0.554728 0.117264
v 0.136430 0.549492 0.126251
v 0.126251 0.549492 0.136430
v 0.150870 0.491531 0.132309
v 0.132309 0.491531 0.150870
v 0.117211 0.557288 0.127390
v 0.127390 0.557288 0.117211
v 0.101941 0.543101 0.112120
v 0.112120 0.543101 0.101941
v 0.135026 0.512308 0.145205
v 0.145205 0.512308 0.135026
v 0.136898 0.512308 0.147077
v 0.147077 0.512308 0.136898
v 0.036186 0.103265 0.007198
v 0.082455 0.122281 0.026363
v 0.076946 0.122281 0.039663
v 0.116536 0.159719 0.040480
v 0.111027 0.159719 0.053780
v 0.136216 0.207559 0.048632
v 0.130707 0.207559 0.061931
v 0.143668 0.285567 0.051718
v 0.138159 0.285567 0.065018
v 0.143668 0.527012 0.051718
v 0.138159 0.527012 0.065018
v 0.151015 0.552009 0.054762
v 0.145506 0.552009 0.068061
v 0.172134 0.547447 0.063509
v 0.166625 0.547447 0.076809
v 0.187500 0.490405 0.063648
v 0.177589 0.490405 0.087577
v 0.156492 0.554134 0.072612
v 0.162001 0.554134 0.059312
v 0.139769 0.542084 0.065685
v 0.145278 0.542084 0.052385
v 0.036186 0.106511 0.007198
v 0.080782 0.124754 0.025670
v 0.075273 0.124754 0.038970
v 0.114157 0.161341 0.039494
v 0.108648 0.161341 0.052794
v 0.133523 0.208362 0.047516
v 0.128015 0.208362 0.060816
v 0.140896 0.285787 0.050570
v 0.135387 0.285787 0.063870
v 0.140896 0.527185 0.050570
v 0.135387 0.527185 0.063870
v 0.149317 0.554728 0.054058
v 0.143808 0.554728 0.067358
v 0.174359 0.549492 0.064431
v 0.168850 0.549492 0.077731
v 0.190018 0.491531 0.064502
v 0.179973 0.491531 0.088753
v 0.157039 0.557288 0.072838
v 0.162548 0.557288 0.059539
v 0.137087 0.543101 0.064574
v 0.142596 0.543101 0.051275
v 0.180315 0.512308 0.082480
v 0.185824 0.512308 0.069180
v 0.182761 0.512308 0.083493
v 0.188270 0.512308 0.070193
v 0.036186 0.103265 -0.007198
v 0.086267 0.122281 -0.007198
v 0.086267 0.122281 0.007198
v 0.123157 0.159719 -0.007198
v 0.123157 0.159719 0.007198
v 0.144458 0.207559 -0.007198
v 0.144458 0.207559 0.007198
v 0.152523 0.285567 -0.007198
v 0.152523 0.285567 0.007198
v 0.152523 0.527012 -0.007198
v 0.152523 0.527012 0.007198
v 0.160476 0.552009 -0.007198
v 0.160476 0.552009 0.007198
v 0.183335 0.547447 -0.007198
v 0.183335 0.547447 0.007198
v 0.197585 0.490405 -0.012950
v 0.197585 0.490405 0.012950
v 0.172368 0.554134 0.007198
v 0.172368 0.554134 -0.007198
v 0.154266 0.542084 0.007198
v 0.154266 0.542084 -0.007198
v 0.036186 0.106511 -0.007198
v 0.084456 0.124754 -0.007198
v 0.084456 0.124754 0.007198
v 0.120581 0.161341 -0.007198
v 0.120581 0.161341 0.007198
v 0.141543 0.208362 -0.007198
v 0.141543 0.208362 0.007198
v 0.149523 0.285787 -0.007198
v 0.149523 0.285787 0.007198
v 0.149523 0.527185 -0.007198
v 0.149523 0.527185 0.007198
v 0.158638 0.554728 -0.007198
v 0.158638 0.554728 0.007198
v 0.185744 0.549492 -0.007198
v 0.185744 0.549492 0.007198
v 0.200238 0.491531 -0.013124
v 0.200238 0.491531 0.013124
v 0.172959 0.557288 0.007198
v 0.172959 0.557288 -0.007198
v 0.151364 0.543101 0.007198
v 0.151364 0.543101 -0.007198
v 0.198153 0.512308 0.007198
v 0.198153 0.512308 -0.007198
v 0.200800 0.512308 0.007198
v 0.200800 0.512308 -0.007198
v 0.030677 0.103265 -0.020498
v 0.076946 0.122281 -0.039663
v 0.082455 0.122281 -0.026363
v 0.111027 0.159719 -0.053780
v 0.116536 0.159719 -0.040480
v 0.130707 0.207559 -0.061931
v 0.136216 0.207559 -0.048632
v 0.138159 0.285567 -0.065018
v 0.143668 0.285567 -0.051718
v 0.138159 0.527012 -0.065018
v 0.143668 0.527012 -0.051718
v 0.145506 0.552009 -0.068061
v 0.151015 0.552009 -0.054762
v 0.166625 0.547447 -0.076809
v 0.172134 0.547447 -0.063510
v 0.177589 0.490405 -0.087577
v 0.187500 0.490405 -0.063648
v 0.162001 0.554134 -0.059312
v 0.156492 0.554134 -0.072612
v 0.145278 0.542084 -0.052385
v 0.139769 0.542084 -0.065685
v 0.030677 0.106511 -0.020498
v 0.075273 0.124754 -0.038970
v 0.080782 0.124754 -0.025670
v 0.108648 0.161341 -0.052794
v 0.114157 0.161341 -0.039494
v 0.128015 0.208362 -0.060816
v 0.133523 0.208362 -0.047516
v 0.135387 0.285787 -0.063870
v 0.140896 0.285787 -0.050570
v 0.135387 0.527185 -0.063870
v 0.140896 0.527185 -0.050570
v 0.143808 0.554728 -0.067358
v 0.149317 0.554728 -0.054058
v 0.168850 0.549492 -0.077731
v 0.174359 0.549492 -0.064431
v 0.179973 0.491531 -0.088753
v 0.190018 0.491531 -0.064503
v 0.162548 0.557288 -0.059539
v 0.157039 0.557288 -0.072838
v 0.142596 0.543101 -0.051275
v 0.137087 0.543101 -0.064574
v 0.185824 0.512308 -0.069180
v 0.180315 0.512308 -0.082480
v 0.188270 0.512308 -0.070193
v 0.182761 0.512308 -0.083493
v 0.020498 0.103265 -0.030677
v 0.055911 0.122281 -0.066090
v 0.066090 0.122281 -0.055911
v 0.081995 0.159719 -0.092174
v 0.092174 0.159719 -0.081995
v 0.097057 0.207559 -0.107237
v 0.107237 0.207559 -0.097057
v 0.102761 0.285567 -0.112940
v 0.112940 0.285567 -0.102761
v 0.102761 0.527012 -0.112940
v 0.112940 0.527012 -0.102761
v 0.108384 0.552009 -0.118563
v 0.118563 0.552009 -0.108384
v 0.124548 0.547447 -0.134727
v 0.134727 0.547447 -0.124548
v 0.130556 0.490405 -0.148871
v 0.148871 0.490405 -0.130556
v 0.126972 0.554134 -0.116793
v 0.116793 0.554134 -0.126972
v 0.114172 0.542084 -0.103993
v 0.103993 0.542084 -0.114172
v 0.020498 0.106511 -0.030677
v 0.054630 0.124754 -0.064809
v 0.064809 0.124754 -0.054630
v 0.080174 0.161341 -0.090353
v 0.090353 0.161341 -0.080174
v 0.094997 0.208362 -0.105176
v 0.105176 0.208362 -0.094997
v 0.100639 0.285787 -0.110819
v 0.110819 0.285787 -0.100639
v 0.100639 0.527185 -0.110819
v 0.110819 0.527185 -0.100639
v 0.107085 0.554728 -0.117264
v 0.117264 0.554728 -0.107085
v 0.126251 0.549492 -0.136430
v 0.136430 0.549492 -0.126251
v 0.132309 0.491531 -0.150870
v 0.150870 0.491531 -0.132309
v 0.127390 0.557288 -0.117211
v 0.117211 0.557288 -0.127390
v 0.112120 0.543101 -0.101941
v 0.101941 0.543101 -0.112120
v 0.145205 0.512308 -0.135026
v 0.135026 0.512308 -0.145205
v 0.147077 0.512308 -0.136898
v 0.136898 0.512308 -0.147077
v 0.007198 0.103265 -0.036186
v 0.026363 0.122281 -0.082455
v 0.039663 0.122281 -0.076946
v 0.040480 0.159719 -0.116536
v 0.053780 0.159719 -0.111027
v 0.048632 0.207559 -0.136216
v 0.061931 0.207559 -0.130707
v 0.051718 0.285567 -0.143668
v 0.065018 0.285567 -0.138159
v 0.051718 0.527012 -0.143668
v 0.065018 0.527012 -0.138159
v 0.054762 0.552009 -0.151015
v 0.068061 0.552009 -0.145506
v 0.063509 0.547447 -0.172134
v 0.076809 0.547447 -0.166625
v 0.063648 0.490405 -0.187500
v 0.087577 0.490405 -0.177589
v 0.072612 0.554134 -0.156492
v 0.059312 0.554134 -0.162001
v 0.065685 0.542084 -0.139769
v 0.052385 0.542084 -0.145278
v 0.007198 0.106511 -0.036186
v 0.025670 0.124754 -0.080782
v 0.038970 0.124754 -0.075273
v 0.039494 0.161341 -0.114157
v 0.052794 0.161341 -0.108648
v 0.047516 0.208362 -0.133524
v 0.060816 0.208362 -0.128015
v 0.050570 0.285787 -0.140896
v 0.063870 0.285787 -0.135387
v 0.050570 0.527185 -0.140896
v 0.063870 0.527185 -0.135387
v 0.054058 0.554728 -0.149317
v 0.067358 0.554728 -0.143808
v 0.064431 0.549492 -0.174359
v 0.077731 0.549492 -0.168850
v 0.064502 0.491531 -0.190018
v 0.088753 0.491531 -0.179973
v 0.072838 0.557288 -0.157039
v 0.059538 0.557288 -0.162548
v 0.064574 0.543101 -0.137087
v 0.051274 0.543101 -0.142596
v 0.082480 0.512308 -0.180315
v 0.069180 0.512308 -0.185824
v 0.083493 0.512308 -0.182761
v 0.070193 0.512308 -0.188270
v -0.007198 0.103265 -0.036186
v -0.007198 0.122281 -0.086267
v 0.007198 0.122281 -0.086267
v -0.007198 0.159719 -0.123157
v 0.007198 0.159719 -0.123157
v -0.007198 0.207559 -0.144458
v 0.007198 0.207559 -0.144458
v -0.007198 0.285567 -0.152523
v 0.007198 0.285567 -0.152523
v -0.007198 0.527012 -0.152523
v 0.007198 0.527012 -0.152523
v -0.007198 0.552009 -0.160476
v 0.007198 0.552009 -0.160476
v -0.007198 0.547447 -0.183335
v 0.007198 0.547447 -0.183335
v -0.012950 0.490405 -0.197585
v 0.012950 0.490405 -0.197585
v 0.007198 0.554134 -0.172368
v -0.007198 0.554134 -0.172368
v 0.007198 0.542084 -0.154266
v -0.007198 0.542084 -0.154266
v -0.007198 0.106511 -0.036186
v -0.007198 0.124754 -0.084456
v 0.007198 0.124754 -0.084456
v -0.007198 0.161341 -0.120581
v 0.007198 0.161341 -0.120581
v -0.007198 0.208362 -0.141543
v 0.007198 0.208362 -0.141543
v -0.007198 0.285787 -0.149523
v 0.007198 0.285787 -0.149523
v -0.007198 0.527185 -0.149523
v 0.007198 0.527185 -0.149523
v -0.007198 0.554728 -0.158638
v 0.007198 0.554728 -0.158638
v -0.007198 0.549492 -0.185744
v 0.007198 0.549492 -0.185744
v -0.013124 0.491531 -0.200238
v 0.013124 0.491531 -0.200238
v 0.007198 0.557288 -0.172959
v -0.007198 0.557288 -0.172959
v 0.007198 0.543101 -0.151364
v -0.007198 0.543101 -0.151364
v 0.007198 0.512308 -0.198153
v -0.007198 0.512308 -0.198153
v 0.007198 0.512308 -0.200800
v -0.007198 0.512308 -0.200800
v -0.020498 0.103265 -0.030677
v -0.039663 0.122281 -0.076946
v -0.026363 0.122281 -0.082455
v -0.053780 0.159719 -0.111027
v -0.040480 0.159719 -0.116536
v -0.061931 0.207559 -0.130707
v -0.048632 0.207559 -0.136216
v -0.065018 0.285567 -0.138159
v -0.051718 0.285567 -0.143668
v -0.065018 0.527012 -0.138159
v -0.051718 0.527012 -0.143668
v -0.068061 0.552009 -0.145506
v -0.054762 0.552009 -0.151015
v -0.076809 0.547447 -0.166625
v -0.063510 0.547447 -0.172134
v -0.087577 0.490405 -0.177589
v -0.063648 0.490405 -0.187500
v -0.059312 0.554134 -0.162001
v -0.072612 0.554134 -0.156492
v -0.052385 0.542084 -0.145278
v -0.065685 0.542084 -0.139769
v -0.020498 0.106511 -0.030677
v -0.038970 0.124754 -0.075273
v -0.025670 0.124754 -0.080782
v -0.052794 0.161341 -0.108648
v -0.039494 0.161341 -0.114157
v -0.060816 0.208362 -0.128015
v -0.047516 0.208362 -0.133523
v -0.063870 0.285787 -0.135387
v -0.050570 0.285787 -0.140896
v -0.063870 0.527185 -0.135387
v -0.050570 0.527185 -0.140896
v -0.067358 0.554728 -0.143808
v -0.054058 0.554728 -0.149317
v -0.077731 0.549492 -0.168850
v -0.064431 0.549492 -0.174359
v -0.088753 0.491531 -0.179973
v -0.064503 0.491531 -0.190018
v -0.059539 0.557288 -0.162547
v -0.072838 0.557288 -0.157039
v -0.051275 0.543101 -0.142596
v -0.064574 0.543101 -0.137087
v -0.069180 0.512308 -0.185824
v -0.082480 0.512308 -0.180315
v -0.070193 0.512308 -0.188270
v -0.083493 0.512308 -0.182761
v -0.030677 0.103265 -0.020498
v -0.066090 0.122281 -0.055911
v -0.055911 0.122281 -0.066090
v -0.092174 0.159719 -0.081995
v -0.081995 0.159719 -0.092174
v -0.107237 0.207559 -0.097057
v -0.097057 0.207559 -0.107237
v -0.112940 0.285567 -0.102761
v -0.102761 0.285567 -0.112940
v -0.112940 0.527012 -0.102761
v -0.102761 0.527012 -0.112940
v -0.118563 0.552009 -0.108384
v -0.108384 0.552009 -0.118563
v -0.134727 0.547447 -0.124548
v -0.124548 0.547447 -0.134727
v -0.148871 0.490405 -0.130556
v -0.130556 0.490405 -0.148871
v -0.116793 0.554134 -0.126972
v -0.126972 0.554134 -0.116793
v -0.103993 0.542084 -0.114172
v -0.114172 0.542084 -0.103993
v -0.030677 0.106511 -0.020498
v -0.064809 0.124754 -0.054630
v -0.054630 0.124754 -0.064809
v -0.090353 0.161341 -0.080174
v -0.080174 0.161341 -0.090353
v -0.105176 0.208362 -0.094997
v -0.094997 0.208362 -0.105176
v -0.110819 0.285787 -0.100639
v -0.100639 0.285787 -0.110819
v -0.110819 0.527185 -0.100639
v -0.100639 0.527185 -0.110819
v -0.117264 0.554728 -0.107085
v -0.107085 0.554728 -0.117264
v -0.136430 0.549492 -0.126251
v -0.126251 0.549492 -0.136430
v -0.150870 0.491531 -0.132309
v -0.132309 0.491531 -0.150870
v -0.117211 0.557288 -0.127390
v -0.127390 0.557288 -0.117211
v -0.101941 0.543101 -0.112120
v -0.112120 0.543101 -0.101941
v -0.135026 0.512308 -0.145205
v -0.145205 0.512308 -0.135026
v -0.136898 0.512308 -0.147077
v -0.147077 0.512308 -0.136897
v -0.036186 0.103265 -0.007198
v -0.082455 0.122281 -0.026363
v -0.076946 0.122281 -0.039663
v -0.116536 0.159719 -0.040480
v -0.111027 0.159719 -0.053780
v -0.136216 0.207559 -0.048632
v -0.130707 0.207559 -0.061931
v -0.143668 0.285567 -0.051718
v -0.138159 0.285567 -0.065018
v -0.143668 0.527012 -0.051718
v -0.138159 0.527012 -0.065018
v -0.151015 0.552009 -0.054761
v -0.145506 0.552009 -0.068061
v -0.172134 0.547447 -0.063509
v -0.166625 0.547447 -0.076809
v -0.187500 0.490405 -0.063648
v -0.177589 0.490405 -0.087577
v -0.156492 0.554134 -0.072612
v -0.162001 0.554134 -0.059312
v -0.139769 0.542084 -0.065685
v -0.145278 0.542084 -0.052385
v -0.036186 0.106511 -0.007198
v -0.080782 0.124754 -0.025670
v -0.075273 0.124754 -0.038970
v -0.114157 0.161341 -0.039494
v -0.108648 0.161341 -0.052794
v -0.133524 0.208362 -0.047516
v -0.128015 0.208362 -0.060816
v -0.140896 0.285787 -0.050570
v -0.135387 0.285787 -0.063870
v -0.140896 0.527185 -0.050570
v -0.135387 0.527185 -0.063870
v -0.149317 0.554728 -0.054058
v -0.143808 0.554728 -0.067358
v -0.174359 0.549492 -0.064431
v -0.168850 0.549492 -0.077731
v -0.190018 0.491531 -0.064502
v -0.179973 0.491531 -0.088753
v -0.157039 0.557288 -0.072838
v -0.162548 0.557288 -0.059538
v -0.137087 0.543101 -0.064574
v -0.142596 0.543101 -0.051274
v -0.180315 0.512308 -0.082480
v -0.185824 0.512308 -0.069180
v -0.182761 0.512308 -0.083493
v -0.188270 0.512308 -0.070193
v -0.036186 0.103265 0.007198
v -0.086267 0.122281 0.007198
v -0.086267 0.122281 -0.007198
v -0.123157 0.159719 0.007198
v -0.123157 0.159719 -0.007198
v -0.144458 0.207559 0.007198
v -0.144458 0.207559 -0.007198
v -0.152523 0.285567 0.007198
v -0.152523 0.285567 -0.007198
v -0.152523 0.527012 0.007198
v -0.152523 0.527012 -0.007198
v -0.160476 0.552009 0.007198
v -0.160476 0.552009 -0.007198
v -0.183335 0.547447 0.007198
v -0.183335 0.547447 -0.007198
v -0.197585 0.490405 0.012950
v -0.197585 0.490405 -0.012950
v -0.172368 0.554134 -0.007198
v -0.172368 0.554134 0.007198
v -0.154266 0.542084 -0.007198
v -0.154266 0.542084 0.007198
v -0.036186 0.106511 0.007198
v -0.084456 0.124754 0.007198
v -0.084456 0.124754 -0.007198
v -0.120581 0.161341 0.007198
v -0.120581 0.161341 -0.007198
v -0.141543 0.208362 0.007198
v -0.141543 0.208362 -0.007198
v -0.149523 0.285787 0.007198
v -0.149523 0.285787 -0.007198
v -0.149523 0.527185 0.007198
v -0.149523 0.527185 -0.007198
v -0.158638 0.554728 0.007198
v -0.158638 0.554728 -0.007198
v -0.185744 0.549492 0.007198
v -0.185744 0.549492 -0.007198
v -0.200238 0.491531 0.013124
v -0.200238 0.491531 -0.013124
v -0.172959 0.557288 -0.007198
v -0.172959 0.557288 0.007198
v -0.151364 0.543101 -0.007198
v -0.151364 0.543101 0.007198
v -0.198153 0.512308 -0.007198
v -0.198153 0.512308 0.007198
v -0.200800 0.512308 -0.007198
v -0.200800 0.512308 0.007198
v -0.030677 0.103265 0.020498
v -0.076946 0.122281 0.039663
v -0.082455 0.122281 0.026363
v -0.111027 0.159719 0.053780
v -0.116536 0.159719 0.040480
v -0.130707 0.207559 0.061932
v -0.136216 0.207559 0.048632
v -0.138159 0.285567 0.065018
v -0.143668 0.285567 0.051718
v -0.138159 0.527012 0.065018
v -0.143668 0.527012 0.051718
v -0.145506 0.552009 0.068061
v -0.151015 0.552009 0.054762
v -0.166625 0.547447 0.076809
v -0.172134 0.547447 0.063510
v -0.177589 0.490405 0.087577
v -0.187500 0.490405 0.063648
v -0.162001 0.554134 0.059312
v -0.156492 0.554134 0.072612
v -0.145278 0.542084 0.052385
v -0.139769 0.542084 0.065685
v -0.030677 0.106511 0.020498
v -0.075273 0.124754 0.038970
v -0.080782 0.124754 0.025670
v -0.108648 0.161341 0.052794
v -0.114157 0.161341 0.039494
v -0.128014 0.208362 0.060816
v -0.133523 0.208362 0.047516
v -0.135387 0.285787 0.063870
v -0.140896 0.285787 0.050570
v -0.135387 0.527185 0.063870
v -0.140896 0.527185 0.050570
v -0.143808 0.554728 0.067358
v -0.149317 0.554728 0.054058
v -0.168850 0.549492 0.077731
v -0.174359 0.549492 0.064431
v -0.179973 0.491531 0.088753
v -0.190018 0.491531 0.064503
v -0.162547 0.557288 0.059539
v -0.157039 0.557288 0.072838
v -0.142596 0.543101 0.051275
v -0.137087 0.543101 0.064574
v -0.185824 0.512308 0.069180
v -0.180315 0.512308 0.082480
v -0.188270 0.512308 0.070193
v -0.182761 0.512308 0.083493
v -0.020498 0.103265 0.030677
v -0.055910 0.122281 0.066090
v -0.066090 0.122281 0.055911
v -0.081995 0.159719 0.092175
v -0.092174 0.159719 0.081995
v -0.097057 0.207559 0.107237
v -0.107237 0.207559 0.097057
v -0.102761 0.285567 0.112940
v -0.112940 0.285567 0.102761
v -0.102761 0.527012 0.112940
v -0.112940 0.527012 0.102761
v -0.108384 0.552009 0.118563
v -0.118563 0.552009 0.108384
v -0.124548 0.547447 0.134727
v -0.134727 0.547447 0.124548
v -0.130556 0.490405 0.148871
v -0.148871 0.490405 0.130556
v -0.126972 0.554134 0.116793
v -0.116793 0.554134 0.126972
v -0.114172 0.542084 0.103993
v -0.103993 0.542084 0.114172
v -0.020498 0.106511 0.030677
v -0.054630 0.124754 0.064809
v -0.064809 0.124754 0.054630
v -0.080174 0.161341 0.090353
v -0.090353 0.161341 0.080174
v -0.094997 0.208362 0.105176
v -0.105176 0.208362 0.094997
v -0.100639 0.285787 0.110819
v -0.110819 0.285787 0.100639
v -0.100639 0.527185 0.110819
v -0.110819 0.527185 0.100639
v -0.107085 0.554728 0.117264
v -0.117264 0.554728 0.107085
v -0.126251 0.549492 0.136430
v -0.136430 0.549492 0.126251
v -0.132309 0.491531 0.150870
v -0.150870 0.491531 0.132309
v -0.127390 0.557288 0.117211
v -0.117211 0.557288 0.127390
v -0.112120 0.543101 0.101941
v -0.101941 0.543101 0.112120
v -0.145205 0.512308 0.135026
v -0.135026 0.512308 0.145205
v -0.147077 0.512308 0.136898
v -0.136897 0.512308 0.147077
v 0.000000 0.103265 0.000000
v -0.026363 0.122281 0.082455
v -0.039663 0.122281 0.076946
v -0.040480 0.159719 0.116536
v -0.053780 0.159719 0.111027
v -0.048632 0.207559 0.136216
v -0.061931 0.207559 0.130707
v -0.051718 0.285567 0.143668
v -0.065018 0.285567 0.138159
v -0.051718 0.527012 0.143668
v -0.065018 0.527012 0.138159
v -0.054761 0.552009 0.151015
v -0.068061 0.552009 0.145506
v -0.063509 0.547447 0.172134
v -0.076809 0.547447 0.166625
v -0.063648 0.490405 0.187500
v -0.087577 0.490405 0.177589
v -0.072612 0.554134 0.156492
v -0.059312 0.554134 0.162001
v -0.065685 0.542084 0.139769
v -0.052385 0.542084 0.145278
v 0.000000 0.106511 0.000000
v -0.025670 0.124754 0.080782
v -0.038970 0.124754 0.075273
v -0.039494 0.161341 0.114157
v -0.052794 0.161341 0.108648
v -0.047516 0.208362 0.133524
v -0.060816 0.208362 0.128015
v -0.050570 0.285787 0.140896
v -0.063870 0.285787 0.135387
v -0.050570 0.527185 0.140896
v -0.063870 0.527185 0.135387
v -0.054058 0.554728 0.149317
v -0.067358 0.554728 0.143808
v -0.064431 0.549492 0.174359
v -0.077731 0.549492 0.168850
v -0.064502 0.491531 0.190018
v -0.088753 0.491531 0.179973
v -0.072838 0.557288 0.157039
v -0.059538 0.557288 0.162548
v -0.064574 0.543101 0.137087
v -0.051274 0.543101 0.142596
v -0.082480 0.512308 0.180315
v -0.069180 0.512308 0.185824
v -0.083493 0.512308 0.182761
v -0.070193 0.512308 0.188270
v -0.164431 0.512308 0.109869
v -0.166849 0.491531 0.111485
v -0.166612 0.512308 0.111327
v -0.164638 0.490405 0.110008
v -0.111485 0.491531 0.166849
v -0.110008 0.490405 0.164638
v -0.109869 0.512308 0.164431
v -0.111327 0.512308 0.166612
v -0.039148 0.491531 0.196812
v -0.038581 0.512308 0.193960
v -0.039093 0.512308 0.196532
v -0.038630 0.490405 0.194204
v 0.039148 0.491531 0.196812
v 0.038581 0.512308 0.193960
v 0.039093 0.512308 0.196532
v 0.038630 0.490405 0.194204
v 0.109869 0.512308 0.164431
v 0.111485 0.491531 0.166849
v 0.111327 0.512308 0.166612
v 0.110008 0.490405 0.164638
v 0.166612 0.512308 0.111327
v 0.164431 0.512308 0.109869
v 0.164638 0.490405 0.110008
v 0.166849 0.491531 0.111485
v 0.193960 0.512308 0.038581
v 0.196812 0.491531 0.039148
v 0.196532 0.512308 0.039093
v 0.194204 0.490405 0.038630
v 0.196812 0.491531 -0.039148
v 0.193960 0.512308 -0.038581
v 0.196532 0.512308 -0.039093
v 0.194204 0.490405 -0.038630
v 0.164431 0.512308 -0.109869
v 0.166849 0.491531 -0.111485
v 0.166612 0.512308 -0.111327
v 0.164638 0.490405 -0.110008
v 0.111485 0.491531 -0.166849
v 0.110008 0.490405 -0.164638
v 0.109869 0.512308 -0.164431
v 0.111327 0.512308 -0.166612
v 0.038581 0.512308 -0.193960
v 0.039148 0.491531 -0.196812
v 0.039093 0.512308 -0.196532
v 0.038630 0.490405 -0.194204
v -0.039148 0.491531 -0.196812
v -0.038581 0.512308 -0.193960
v -0.039093 0.512308 -0.196532
v -0.038630 0.490405 -0.194204
v -0.109869 0.512308 -0.164431
v -0.111485 0.491531 -0.166849
v -0.111327 0.512308 -0.166612
v -0.110008 0.490405 -0.164638
v -0.166849 0.491531 -0.111485
v -0.164638 0.490405 -0.110008
v -0.164431 0.512308 -0.109869
v -0.166612 0.512308 -0.111327
v -0.193960 0.512308 -0.038581
v -0.196812 0.491531 -0.039148
v -0.196532 0.512308 -0.039093
v -0.194204 0.490405 -0.038630
v -0.196812 0.491531 0.039148
v -0.193960 0.512308 0.038581
v -0.196532 0.512308 0.039093
v -0.194204 0.490405 0.038630
v -0.007287 0.246563 0.150330
v 0.007287 0.246563 0.150330
v -0.007287 0.247074 0.147336
v 0.007287 0.247074 0.147336
v 0.050797 0.246563 0.141675
v 0.064261 0.246563 0.136098
v 0.049651 0.247074 0.138910
v 0.063115 0.247074 0.133332
v 0.101147 0.246563 0.111452
v 0.111452 0.246563 0.101147
v 0.099030 0.247074 0.109335
v 0.109335 0.247074 0.099030
v 0.136098 0.246563 0.064261
v 0.141675 0.246563 0.050796
v 0.133332 0.247074 0.063115
v 0.138910 0.247074 0.049651
v 0.150330 0.246563 0.007287
v 0.150330 0.246563 -0.007287
v 0.147336 0.247074 0.007287
v 0.147336 0.247074 -0.007287
v 0.141675 0.246563 -0.050797
v 0.136098 0.246563 -0.064261
v 0.138910 0.247074 -0.049651
v 0.133332 0.247074 -0.063115
v 0.111452 0.246563 -0.101147
v 0.101147 0.246563 -0.111452
v 0.109335 0.247074 -0.099030
v 0.099030 0.247074 -0.109335
v 0.064261 0.246563 -0.136098
v 0.050796 0.246563 -0.141675
v 0.063115 0.247074 -0.133332
v 0.049651 0.247074 -0.138910
v 0.007287 0.246563 -0.150330
v -0.007287 0.246563 -0.150330
v 0.007287 0.247074 -0.147336
v -0.007287 0.247074 -0.147336
v -0.050797 0.246563 -0.141675
v -0.064261 0.246563 -0.136098
v -0.049651 0.247074 -0.138910
v -0.063115 0.247074 -0.133332
v -0.101147 0.246563 -0.111452
v -0.111452 0.246563 -0.101147
v -0.099030 0.247074 -0.109335
v -0.109335 0.247074 -0.099030
v -0.136098 0.246563 -0.064261
v -0.141675 0.246563 -0.050796
v -0.133332 0.247074 -0.063115
v -0.138910 0.247074 -0.049651
v -0.150330 0.246563 -0.007287
v -0.150330 0.246563 0.007287
v -0.147336 0.247074 -0.007287
v -0.147336 0.247074 0.007287
v -0.141675 0.246563 0.050797
v -0.136098 0.246563 0.064261
v -0.138910 0.247074 0.049651
v -0.133332 0.247074 0.063116
v -0.111452 0.246563 0.101147
v -0.101147 0.246563 0.111452
v -0.109335 0.247074 0.099030
v -0.099030 0.247074 0.109335
v -0.064261 0.246563 0.136098
v -0.050796 0.246563 0.141675
v -0.063115 0.247074 0.133332
v -0.049651 0.247074 0.138910
v 0.143655 0.431902 -0.058506
v 0.143655 0.440482 -0.058506
v 0.109362 0.431902 -0.110315
v 0.109362 0.440482 -0.110315
v 0.156504 0.431902 -0.070936
v 0.157380 0.431902 -0.081163
v 0.158639 0.431902 -0.075877
v 0.157380 0.440482 -0.081163
v 0.156504 0.440482 -0.070936
v 0.158639 0.440482 -0.075877
v 0.125679 0.440482 -0.117032
v 0.135487 0.440482 -0.113928
v 0.131085 0.440482 -0.117113
v 0.135487 0.431902 -0.113928
v 0.125679 0.431902 -0.117032
v 0.131085 0.431902 -0.117113
v 0.141206 0.431902 -0.064869
v 0.141206 0.440482 -0.064869
v 0.114416 0.431902 -0.105258
v 0.114416 0.440482 -0.105258
v 0.142674 0.431902 -0.054061
v 0.142674 0.440482 -0.054061
v 0.104921 0.431902 -0.111204
v 0.104921 0.440482 -0.111204
v 0.158611 0.431902 -0.069479
v 0.159719 0.431902 -0.082183
v 0.161276 0.431902 -0.075647
v 0.159719 0.440482 -0.082183
v 0.158611 0.440482 -0.069479
v 0.161276 0.440482 -0.075647
v 0.125163 0.440482 -0.119536
v 0.137325 0.440482 -0.115699
v 0.131882 0.440482 -0.119638
v 0.137325 0.431902 -0.115699
v 0.125163 0.431902 -0.119536
v 0.131882 0.431902 -0.119638
v 0.138861 0.431902 -0.063967
v 0.138861 0.440482 -0.063967
v 0.112638 0.431902 -0.103482
v 0.112638 0.440482 -0.103482
vn 0.7202 -0.0000 -0.6938
vn 0.9166 -0.0000 -0.3999
vn -0.3806 -0.0000 -0.9247
vn -0.2014 -0.0000 -0.9795
vn 0.9962 -0.0000 0.0869
vn 0.8226 -0.0000 0.5687
vn 0.3009 -0.0000 -0.9536
vn 0.6953 -0.0000 0.7187
vn -0.7073 -0.0000 0.7069
vn -0.9333 -0.0000 0.3592
vn -0.7202 -0.0000 0.6938
vn -0.9166 -0.0000 0.3999
vn 0.3806 -0.0000 0.9247
vn 0.2014 -0.0000 0.9795
vn -0.9962 -0.0000 -0.0869
vn -0.8226 -0.0000 -0.5687
vn -0.3009 -0.0000 0.9536
vn -0.6953 -0.0000 -0.7187
vn -0.0000 1.0000 -0.0000
vn -0.0000 -1.0000 -0.0000
vn 0.3592 -0.0000 0.9333
vn -0.7069 -0.0000 -0.7073
vn -1.0000 -0.0000 -0.0000
vn -0.9985 0.0551 -0.0000
vn -0.9475 0.3196 -0.0000
vn -0.5581 0.8298 -0.0000
vn 0.0004 1.0000 -0.0000
vn 0.0003 1.0000 -0.0000
vn -0.0745 0.9972 -0.0000
vn -0.0000 -0.0000 1.0000
vn -0.0000 0.0551 0.9985
vn -0.0000 0.3196 0.9475
vn -0.0000 0.8298 0.5581
vn -0.0000 1.0000 -0.0004
vn -0.0000 1.0000 -0.0003
vn -0.0000 0.9972 0.0745
vn 1.0000 -0.0000 -0.0000
vn 0.9985 0.0551 -0.0000
vn 0.9475 0.3196 -0.0000
vn 0.5581 0.8298 -0.0000
vn -0.0004 1.0000 -0.0000
vn -0.0003 1.0000 -0.0000
vn 0.0745 0.9972 -0.0000
vn -0.0000 -0.0000 -1.0000
vn -0.0000 0.0551 -0.9985
vn -0.0000 0.3196 -0.9475
vn -0.0000 0.8298 -0.5581
vn -0.0000 1.0000 0.0004
vn -0.0000 1.0000 0.0003
vn -0.0000 0.9972 -0.0745
vn 0.9983 -0.0575 -0.0000
vn 0.9437 -0.3307 -0.0000
vn 0.5599 -0.8285 -0.0000
vn 0.0860 -0.9963 -0.0000
vn -0.0000 -0.0575 -0.9983
vn -0.0000 -0.3307 -0.9437
vn -0.0000 -0.8285 -0.5599
vn -0.0000 -0.9963 -0.0860
vn -0.9983 -0.0575 -0.0000
vn -0.9437 -0.3307 -0.0000
vn -0.5599 -0.8285 -0.0000
vn -0.0860 -0.9963 -0.0000
vn -0.0000 -0.0575 0.9983
vn -0.0000 -0.3307 0.9437
vn -0.0000 -0.8285 0.5599
vn -0.0000 -0.9963 0.0860
vn 0.0433 0.0030 0.9991
vn 0.0430 0.0030 0.9991
vn 0.0416 0.0029 -0.9991
vn 0.0433 0.0030 -0.9991
vn 0.0430 0.0030 -0.9991
vn 0.0444 0.0031 -0.9990
vn 0.0416 0.0029 0.9991
vn 0.0444 0.0031 0.9990
vn 0.9991 0.0030 -0.0433
vn 0.9991 0.0030 -0.0430
vn -0.9991 0.0029 -0.0416
vn -0.9991 0.0030 -0.0433
vn -0.9991 0.0030 -0.0430
vn -0.9990 0.0031 -0.0444
vn 0.9991 0.0029 -0.0416
vn 0.9990 0.0031 -0.0444
vn -0.0433 0.0030 -0.9991
vn -0.0430 0.0030 -0.9991
vn -0.0416 0.0029 0.9991
vn -0.0433 0.0030 0.9991
vn -0.0430 0.0030 0.9991
vn -0.0444 0.0031 0.9990
vn -0.0416 0.0029 -0.9991
vn -0.0444 0.0031 -0.9990
vn -0.9991 0.0030 0.0433
vn -0.9991 0.0030 0.0430
vn 0.9991 0.0029 0.0416
vn 0.9991 0.0030 0.0433
vn 0.9991 0.0030 0.0430
vn 0.9990 0.0031 0.0444
vn -0.9991 0.0029 0.0416
vn -0.9990 0.0031 0.0444
vn 0.9808 -0.0000 -0.1951
vn 0.9808 -0.0000 0.1951
vn -0.9808 -0.0000 -0.1951
vn -0.8315 -0.0000 -0.5556
vn 0.8315 -0.0000 0.5556
vn -0.5556 -0.0000 -0.8315
vn 0.5556 -0.0000 0.8315
vn -0.1951 -0.0000 -0.9808
vn 0.1951 -0.0000 0.9808
vn -0.1951 -0.0000 0.9808
vn 0.1951 -0.0000 -0.9808
vn -0.5556 -0.0000 0.8315
vn 0.5556 -0.0000 -0.8315
vn -0.8315 -0.0000 0.5556
vn 0.8315 -0.0000 -0.5556
vn -0.9808 -0.0000 0.1951
vn -0.0369 -0.9820 0.1853
vn 0.0369 -0.9820 0.1853
vn -0.0000 -0.8376 0.5462
vn -0.0000 -0.5634 0.8262
vn -0.0000 -0.2803 0.9599
vn -0.0000 -0.1026 0.9947
vn -0.0000 -0.0281 0.9996
vn -0.0000 -0.9829 -0.1843
vn -0.0000 -0.6527 -0.7576
vn 0.0374 -0.1249 -0.9915
vn -0.0374 -0.1249 -0.9915
vn -0.0767 0.0050 -0.9970
vn 0.0767 0.0050 -0.9970
vn 0.0367 0.9821 -0.1845
vn -0.0000 0.8383 -0.5451
vn -0.0367 0.9821 -0.1845
vn -0.0000 0.5640 -0.8258
vn -0.0000 0.2801 -0.9600
vn -0.0000 0.1023 -0.9948
vn -0.0000 0.0282 -0.9996
vn -0.0000 0.0575 -0.9983
vn -0.0000 0.3307 -0.9437
vn -0.0000 0.8285 -0.5599
vn -0.0000 0.9829 0.1843
vn -0.0000 0.6473 0.7623
vn -0.0368 0.1202 0.9921
vn -0.0777 -0.0039 0.9970
vn 0.0777 -0.0039 0.9970
vn 0.0368 0.1202 0.9921
vn -1.0000 -0.0011 -0.0003
vn -1.0000 -0.0011 -0.0002
vn 1.0000 -0.0011 -0.0002
vn -1.0000 -0.0001 -0.0001
vn -1.0000 0.0012 0.0001
vn -1.0000 0.0011 0.0001
vn -1.0000 0.0001 -0.0001
vn 1.0000 -0.0001 -0.0001
vn 1.0000 0.0001 -0.0001
vn 1.0000 0.0012 0.0001
vn 1.0000 0.0011 0.0001
vn -0.0255 -0.9209 0.3891
vn 0.0255 -0.9209 0.3891
vn 0.1049 -0.9820 0.1571
vn 0.2090 -0.8376 0.5046
vn 0.3162 -0.5634 0.7633
vn 0.3673 -0.2803 0.8869
vn 0.3807 -0.1026 0.9190
vn 0.3825 -0.0281 0.9235
vn 0.3820 -0.0575 0.9223
vn 0.3611 -0.3307 0.8719
vn 0.2143 -0.8285 0.5173
vn -0.0705 -0.9829 -0.1702
vn -0.2899 -0.6527 -0.6999
vn -0.3448 -0.1249 -0.9303
vn -0.4140 -0.1249 -0.9017
vn -0.4524 0.0050 -0.8918
vn -0.3107 0.0050 -0.9505
vn -0.2086 0.8383 -0.5036
vn -0.1045 0.9821 -0.1564
vn -0.3160 0.5640 -0.7629
vn -0.3674 0.2801 -0.8869
vn -0.3807 0.1023 -0.9190
vn -0.3825 0.0282 -0.9235
vn -0.3820 0.0575 -0.9223
vn -0.3611 0.3307 -0.8719
vn -0.2143 0.8285 -0.5173
vn 0.0705 0.9829 0.1702
vn 0.2917 0.6473 0.7042
vn 0.3456 0.1202 0.9306
vn 0.3098 -0.0039 0.9508
vn 0.4533 -0.0039 0.8914
vn 0.4137 0.1202 0.9025
vn -0.9239 -0.0000 0.3827
vn 0.9239 -0.0000 -0.3827
vn -0.9240 -0.0011 0.3824
vn -0.9240 -0.0011 0.3825
vn 0.9238 -0.0011 -0.3829
vn -0.9239 -0.0001 0.3826
vn -0.9238 0.0012 0.3828
vn -0.9238 0.0011 0.3828
vn -0.9239 0.0001 0.3826
vn 0.9238 -0.0001 -0.3828
vn 0.9238 0.0001 -0.3828
vn 0.9239 0.0012 -0.3826
vn 0.9239 0.0011 -0.3826
vn 0.1253 -0.9209 0.3692
vn 0.1725 -0.9209 0.3497
vn 0.1571 -0.9820 0.1049
vn 0.3862 -0.8376 0.3862
vn 0.5842 -0.5634 0.5842
vn 0.6788 -0.2803 0.6788
vn 0.7034 -0.1026 0.7034
vn 0.7068 -0.0281 0.7068
vn 0.7059 -0.0575 0.7059
vn 0.6673 -0.3307 0.6673
vn 0.3959 -0.8285 0.3959
vn -0.1303 -0.9829 -0.1303
vn -0.5357 -0.6527 -0.5357
vn -0.6746 -0.1249 -0.7275
vn -0.7275 -0.1249 -0.6746
vn -0.7593 0.0050 -0.6508
vn -0.6508 0.0050 -0.7593
vn -0.3855 0.8383 -0.3855
vn -0.1564 0.9821 -0.1045
vn -0.5839 0.5640 -0.5839
vn -0.6788 0.2801 -0.6788
vn -0.7034 0.1023 -0.7034
vn -0.7068 0.0282 -0.7068
vn -0.7059 0.0575 -0.7059
vn -0.6673 0.3307 -0.6673
vn -0.3959 0.8285 -0.3959
vn 0.1303 0.9829 0.1303
vn 0.5390 0.6473 0.5390
vn 0.6755 0.1202 0.7275
vn 0.6500 -0.0039 0.7599
vn 0.7599 -0.0039 0.6500
vn 0.7275 0.1202 0.6755
vn -0.7071 -0.0000 0.7071
vn 0.7071 -0.0000 -0.7071
vn -0.7073 -0.0011 0.7069
vn 0.7069 -0.0011 -0.7073
vn -0.7072 -0.0001 0.7070
vn -0.7070 0.0012 0.7072
vn -0.7070 0.0011 0.7072
vn -0.7072 0.0001 0.7070
vn 0.7070 -0.0001 -0.7072
vn 0.7070 0.0001 -0.7072
vn 0.7072 0.0012 -0.7070
vn 0.7072 0.0011 -0.7070
vn 0.2571 -0.9209 0.2931
vn 0.2931 -0.9209 0.2571
vn 0.1853 -0.9820 0.0369
vn 0.5046 -0.8376 0.2090
vn 0.7633 -0.5634 0.3162
vn 0.8869 -0.2803 0.3673
vn 0.9190 -0.1026 0.3807
vn 0.9235 -0.0281 0.3825
vn 0.9223 -0.0575 0.3820
vn 0.8719 -0.3307 0.3611
vn 0.5173 -0.8285 0.2143
vn -0.1703 -0.9829 -0.0705
vn -0.6999 -0.6527 -0.2899
vn -0.9017 -0.1249 -0.4140
vn -0.9303 -0.1249 -0.3448
vn -0.9505 0.0050 -0.3107
vn -0.8918 0.0050 -0.4524
vn -0.5036 0.8383 -0.2086
vn -0.1845 0.9821 -0.0367
vn -0.7629 0.5640 -0.3160
vn -0.8869 0.2801 -0.3674
vn -0.9190 0.1023 -0.3807
vn -0.9235 0.0282 -0.3825
vn -0.9223 0.0575 -0.3820
vn -0.8719 0.3307 -0.3611
vn -0.5173 0.8285 -0.2143
vn 0.1702 0.9829 0.0705
vn 0.7042 0.6473 0.2917
vn 0.9025 0.1202 0.4137
vn 0.8914 -0.0039 0.4533
vn 0.9508 -0.0039 0.3098
vn 0.9306 0.1202 0.3456
vn -0.3827 -0.0000 0.9239
vn 0.3827 -0.0000 -0.9239
vn -0.3829 -0.0011 0.9238
vn 0.3825 -0.0011 -0.9240
vn -0.3828 -0.0001 0.9238
vn -0.3826 0.0012 0.9239
vn -0.3826 0.0011 0.9239
vn -0.3828 0.0001 0.9238
vn 0.3826 -0.0001 -0.9239
vn 0.3826 0.0001 -0.9239
vn 0.3828 0.0012 -0.9238
vn 0.3828 0.0011 -0.9238
vn 0.3497 -0.9209 0.1724
vn 0.3692 -0.9209 0.1253
vn 0.1853 -0.9820 -0.0369
vn 0.5462 -0.8376 -0.0000
vn 0.5462 -0.8377 -0.0000
vn 0.8262 -0.5634 -0.0000
vn 0.9599 -0.2803 -0.0000
vn 0.9947 -0.1026 -0.0000
vn 0.9996 -0.0281 -0.0000
vn -0.1843 -0.9829 -0.0000
vn -0.7576 -0.6527 -0.0000
vn -0.9915 -0.1249 -0.0374
vn -0.9915 -0.1249 0.0374
vn -0.9970 0.0050 0.0767
vn -0.9970 0.0050 -0.0767
vn -0.5451 0.8383 -0.0000
vn -0.1845 0.9821 0.0367
vn -0.8258 0.5640 -0.0000
vn -0.9600 0.2801 -0.0000
vn -0.9948 0.1023 -0.0000
vn -0.9996 0.0282 -0.0000
vn -0.9983 0.0575 -0.0000
vn -0.9437 0.3307 -0.0000
vn -0.5599 0.8285 -0.0000
vn 0.1843 0.9829 -0.0000
vn 0.7623 0.6473 -0.0000
vn 0.9921 0.1202 0.0368
vn 0.9970 -0.0039 0.0777
vn 0.9970 -0.0039 -0.0777
vn 0.9921 0.1202 -0.0368
vn -0.0002 -0.0011 1.0000
vn -0.0003 -0.0011 -1.0000
vn -0.0002 -0.0011 -1.0000
vn -0.0001 -0.0001 1.0000
vn 0.0001 0.0012 1.0000
vn 0.0001 0.0011 1.0000
vn -0.0001 0.0001 1.0000
vn -0.0001 -0.0001 -1.0000
vn -0.0001 0.0001 -1.0000
vn 0.0001 0.0012 -1.0000
vn 0.0001 0.0011 -1.0000
vn 0.3891 -0.9209 0.0255
vn 0.3891 -0.9209 -0.0255
vn 0.1571 -0.9820 -0.1049
vn 0.5046 -0.8376 -0.2090
vn 0.7633 -0.5634 -0.3162
vn 0.8869 -0.2803 -0.3673
vn 0.9190 -0.1026 -0.3807
vn 0.9235 -0.0281 -0.3825
vn 0.9223 -0.0575 -0.3820
vn 0.8719 -0.3307 -0.3611
vn 0.5173 -0.8285 -0.2143
vn -0.1702 -0.9829 0.0705
vn -0.6999 -0.6527 0.2899
vn -0.9303 -0.1249 0.3448
vn -0.9017 -0.1249 0.4140
vn -0.8918 0.0050 0.4524
vn -0.9505 0.0050 0.3107
vn -0.5036 0.8383 0.2086
vn -0.1564 0.9821 0.1045
vn -0.7629 0.5640 0.3160
vn -0.8869 0.2801 0.3674
vn -0.9190 0.1023 0.3807
vn -0.9235 0.0282 0.3825
vn -0.9223 0.0575 0.3820
vn -0.8719 0.3307 0.3611
vn -0.5173 0.8285 0.2143
vn 0.1702 0.9829 -0.0705
vn 0.7042 0.6473 -0.2917
vn 0.9306 0.1202 -0.3456
vn 0.9508 -0.0039 -0.3098
vn 0.8914 -0.0039 -0.4533
vn 0.9025 0.1202 -0.4137
vn 0.3827 -0.0000 0.9239
vn -0.3827 -0.0000 -0.9239
vn 0.3825 -0.0011 0.9240
vn -0.3829 -0.0011 -0.9238
vn 0.3826 -0.0001 0.9239
vn 0.3828 0.0012 0.9238
vn 0.3828 0.0011 0.9238
vn 0.3826 0.0001 0.9239
vn -0.3828 -0.0001 -0.9238
vn -0.3828 0.0001 -0.9238
vn -0.3826 0.0012 -0.9239
vn -0.3826 0.0011 -0.9239
vn 0.3692 -0.9209 -0.1253
vn 0.3497 -0.9209 -0.1724
vn 0.1049 -0.9820 -0.1571
vn 0.3862 -0.8376 -0.3862
vn 0.3862 -0.8377 -0.3862
vn 0.5842 -0.5634 -0.5842
vn 0.6788 -0.2803 -0.6788
vn 0.7034 -0.1026 -0.7034
vn 0.7068 -0.0281 -0.7068
vn 0.7059 -0.0575 -0.7059
vn 0.6673 -0.3307 -0.6673
vn 0.3959 -0.8285 -0.3959
vn -0.1303 -0.9829 0.1303
vn -0.5357 -0.6527 0.5357
vn -0.7275 -0.1249 0.6746
vn -0.6746 -0.1249 0.7275
vn -0.6508 0.0050 0.7593
vn -0.7593 0.0050 0.6508
vn -0.3855 0.8383 0.3855
vn -0.1045 0.9821 0.1564
vn -0.5839 0.5640 0.5839
vn -0.6788 0.2801 0.6788
vn -0.7034 0.1023 0.7034
vn -0.7068 0.0282 0.7068
vn -0.7059 0.0575 0.7059
vn -0.6673 0.3307 0.6673
vn -0.3959 0.8285 0.3959
vn 0.1303 0.9829 -0.1303
vn 0.5390 0.6473 -0.5390
vn 0.7275 0.1202 -0.6755
vn 0.7599 -0.0039 -0.6500
vn 0.6500 -0.0039 -0.7599
vn 0.6755 0.1202 -0.7275
vn 0.7071 -0.0000 0.7071
vn -0.7071 -0.0000 -0.7071
vn 0.7069 -0.0011 0.7073
vn -0.7073 -0.0011 -0.7069
vn 0.7070 -0.0001 0.7072
vn 0.7072 0.0012 0.7070
vn 0.7072 0.0011 0.7070
vn 0.7070 0.0001 0.7072
vn -0.7072 -0.0001 -0.7070
vn -0.7072 0.0001 -0.7070
vn -0.7070 0.0012 -0.7072
vn -0.7070 0.0011 -0.7072
vn 0.2931 -0.9209 -0.2571
vn 0.2571 -0.9209 -0.2931
vn 0.0369 -0.9820 -0.1853
vn 0.2090 -0.8376 -0.5046
vn 0.3162 -0.5634 -0.7633
vn 0.3673 -0.2803 -0.8869
vn 0.3807 -0.1026 -0.9190
vn 0.3825 -0.0281 -0.9235
vn 0.3820 -0.0575 -0.9224
vn 0.3611 -0.3307 -0.8719
vn 0.2143 -0.8285 -0.5173
vn -0.0705 -0.9829 0.1702
vn -0.2899 -0.6527 0.6999
vn -0.4140 -0.1249 0.9017
vn -0.3448 -0.1249 0.9303
vn -0.3107 0.0050 0.9505
vn -0.4524 0.0050 0.8918
vn -0.2086 0.8383 0.5036
vn -0.0367 0.9821 0.1845
vn -0.3160 0.5640 0.7629
vn -0.3674 0.2801 0.8869
vn -0.3807 0.1023 0.9190
vn -0.3825 0.0282 0.9235
vn -0.3820 0.0575 0.9223
vn -0.3611 0.3307 0.8719
vn -0.2143 0.8285 0.5173
vn 0.0705 0.9829 -0.1702
vn 0.2917 0.6473 -0.7042
vn 0.4137 0.1202 -0.9025
vn 0.4533 -0.0039 -0.8914
vn 0.3098 -0.0039 -0.9508
vn 0.3456 0.1202 -0.9306
vn 0.9239 -0.0000 0.3827
vn -0.9239 -0.0000 -0.3827
vn 0.9238 -0.0011 0.3829
vn -0.9240 -0.0011 -0.3825
vn 0.9238 -0.0001 0.3828
vn 0.9239 0.0012 0.3825
vn 0.9239 0.0011 0.3826
vn 0.9238 0.0001 0.3828
vn -0.9239 -0.0001 -0.3826
vn -0.9239 0.0001 -0.3826
vn -0.9238 0.0012 -0.3828
vn -0.9238 0.0011 -0.3828
vn 0.1725 -0.9209 -0.3497
vn 0.1253 -0.9209 -0.3692
vn -0.5555 -0.0101 -0.8314
vn -0.0369 -0.9820 -0.1853
vn -0.0000 -0.8376 -0.5462
vn -0.0000 -0.5634 -0.8262
vn -0.0000 -0.2803 -0.9599
vn -0.0000 -0.1026 -0.9947
vn -0.0000 -0.0281 -0.9996
vn -0.0000 -0.9829 0.1843
vn -0.0000 -0.6527 0.7576
vn -0.0374 -0.1249 0.9915
vn 0.0374 -0.1249 0.9915
vn 0.0767 0.0050 0.9970
vn -0.0767 0.0050 0.9970
vn -0.0000 0.8383 0.5451
vn 0.0367 0.9821 0.1845
vn -0.0000 0.5640 0.8258
vn -0.0000 0.2801 0.9600
vn -0.0000 0.1023 0.9948
vn -0.0000 0.0282 0.9996
vn -0.0000 0.0575 0.9983
vn -0.0000 0.3307 0.9437
vn -0.0000 0.8285 0.5599
vn -0.0000 0.9829 -0.1843
vn -0.0000 0.6473 -0.7623
vn 0.0368 0.1202 -0.9921
vn 0.0777 -0.0039 -0.9970
vn -0.0777 -0.0039 -0.9970
vn -0.0368 0.1202 -0.9921
vn 1.0000 -0.0011 0.0002
vn -1.0000 -0.0011 0.0003
vn -1.0000 -0.0011 0.0002
vn 1.0000 -0.0001 0.0001
vn 1.0000 0.0012 -0.0001
vn 1.0000 0.0011 -0.0001
vn 1.0000 0.0001 0.0001
vn -1.0000 -0.0001 0.0001
vn -1.0000 0.0001 0.0001
vn -1.0000 0.0012 -0.0001
vn -1.0000 0.0011 -0.0001
vn 0.0255 -0.9209 -0.3891
vn -0.0255 -0.9209 -0.3891
vn 0.5555 0.0122 0.8314
vn 0.2166 -0.9209 0.3242
vn -0.1951 -0.0101 -0.9807
vn -0.0761 -0.9209 0.3824
vn -0.1951 0.0122 0.9807
vn -0.1049 -0.9820 -0.1571
vn -0.2090 -0.8376 -0.5046
vn -0.3162 -0.5634 -0.7633
vn -0.3673 -0.2803 -0.8869
vn -0.3807 -0.1026 -0.9190
vn -0.3825 -0.0281 -0.9235
vn -0.3820 -0.0575 -0.9223
vn -0.3611 -0.3307 -0.8719
vn -0.2143 -0.8285 -0.5173
vn 0.0705 -0.9829 0.1702
vn 0.2899 -0.6527 0.6999
vn 0.3448 -0.1249 0.9303
vn 0.4140 -0.1249 0.9017
vn 0.4524 0.0050 0.8918
vn 0.3107 0.0050 0.9505
vn 0.2086 0.8383 0.5036
vn 0.1045 0.9821 0.1564
vn 0.3160 0.5640 0.7629
vn 0.3674 0.2801 0.8869
vn 0.3807 0.1023 0.9190
vn 0.3825 0.0282 0.9235
vn 0.3821 0.0575 0.9223
vn 0.3611 0.3307 0.8719
vn 0.2143 0.8285 0.5173
vn -0.0705 0.9829 -0.1702
vn -0.2917 0.6473 -0.7042
vn -0.3456 0.1202 -0.9306
vn -0.3098 -0.0039 -0.9508
vn -0.4533 -0.0039 -0.8914
vn -0.4137 0.1202 -0.9025
vn 0.9240 -0.0011 -0.3825
vn -0.9238 -0.0011 0.3829
vn 0.9239 -0.0001 -0.3826
vn 0.9238 0.0012 -0.3828
vn 0.9238 0.0011 -0.3828
vn 0.9239 0.0001 -0.3826
vn -0.9238 -0.0001 0.3828
vn -0.9238 0.0001 0.3828
vn -0.9239 0.0012 0.3825
vn -0.9239 0.0011 0.3826
vn -0.1253 -0.9209 -0.3692
vn -0.1724 -0.9209 -0.3497
vn 0.1951 0.0122 0.9807
vn 0.1951 -0.0101 -0.9807
vn 0.5555 -0.0101 -0.8314
vn 0.6508 0.0050 -0.7593
vn 0.6746 -0.1249 -0.7275
vn 0.0761 -0.9209 0.3824
vn 0.8314 -0.0101 -0.5555
vn 0.8918 0.0050 -0.4524
vn 0.9017 -0.1249 -0.4140
vn -0.1571 -0.9820 -0.1049
vn -0.3862 -0.8376 -0.3862
vn -0.5842 -0.5634 -0.5842
vn -0.6788 -0.2803 -0.6788
vn -0.7034 -0.1026 -0.7034
vn -0.7068 -0.0281 -0.7068
vn -0.7059 -0.0575 -0.7059
vn -0.6673 -0.3307 -0.6673
vn -0.3959 -0.8285 -0.3959
vn 0.1303 -0.9829 0.1303
vn 0.5357 -0.6527 0.5357
vn 0.6746 -0.1249 0.7275
vn 0.7275 -0.1249 0.6746
vn 0.7593 0.0050 0.6508
vn 0.6508 0.0050 0.7593
vn 0.3855 0.8383 0.3855
vn 0.1564 0.9821 0.1045
vn 0.5839 0.5640 0.5839
vn 0.6788 0.2801 0.6788
vn 0.7034 0.1023 0.7034
vn 0.7068 0.0282 0.7068
vn 0.7059 0.0575 0.7059
vn 0.6673 0.3307 0.6673
vn 0.3959 0.8285 0.3959
vn -0.1303 0.9829 -0.1303
vn -0.5390 0.6473 -0.5390
vn -0.6755 0.1202 -0.7275
vn -0.6500 -0.0039 -0.7599
vn -0.7599 -0.0039 -0.6500
vn -0.7275 0.1202 -0.6755
vn 0.7073 -0.0011 -0.7069
vn -0.7069 -0.0011 0.7073
vn 0.7072 -0.0001 -0.7070
vn 0.7070 0.0012 -0.7072
vn 0.7070 0.0011 -0.7072
vn 0.7072 0.0001 -0.7070
vn -0.7070 -0.0001 0.7072
vn -0.7070 0.0001 0.7072
vn -0.7072 0.0012 0.7070
vn -0.7072 0.0011 0.7070
vn -0.2571 -0.9209 -0.2931
vn -0.2932 -0.9209 -0.2571
vn -0.5555 0.0122 0.8314
vn -0.6755 0.1202 0.7275
vn -0.6500 -0.0039 0.7599
vn -0.8314 0.0122 0.5555
vn -0.9025 0.1202 0.4137
vn -0.8914 -0.0039 0.4533
vn -0.3242 -0.9209 0.2166
vn -0.3497 -0.9209 0.1725
vn 0.9807 -0.0101 -0.1951
vn 0.9970 0.0050 -0.0767
vn 0.9915 -0.1249 -0.0374
vn -0.2166 -0.9209 0.3242
vn -0.2571 -0.9209 0.2932
vn -0.2571 -0.9209 0.2931
vn 0.9807 -0.0101 0.1951
vn 0.9505 0.0050 0.3107
vn 0.9303 -0.1249 0.3448
vn -0.1853 -0.9820 -0.0369
vn -0.5046 -0.8376 -0.2090
vn -0.7633 -0.5634 -0.3162
vn -0.8869 -0.2803 -0.3673
vn -0.9190 -0.1026 -0.3807
vn -0.9235 -0.0281 -0.3825
vn -0.9223 -0.0575 -0.3820
vn -0.8719 -0.3307 -0.3611
vn -0.5173 -0.8285 -0.2143
vn 0.1703 -0.9829 0.0705
vn 0.1702 -0.9829 0.0705
vn 0.6999 -0.6527 0.2899
vn 0.9017 -0.1249 0.4140
vn 0.8918 0.0050 0.4524
vn 0.5036 0.8383 0.2086
vn 0.1845 0.9821 0.0367
vn 0.7629 0.5640 0.3160
vn 0.8869 0.2801 0.3674
vn 0.9190 0.1023 0.3807
vn 0.9235 0.0282 0.3825
vn 0.9223 0.0575 0.3820
vn 0.8719 0.3307 0.3611
vn 0.5173 0.8285 0.2143
vn -0.1703 0.9829 -0.0705
vn -0.7042 0.6473 -0.2917
vn -0.9025 0.1202 -0.4137
vn -0.8914 -0.0039 -0.4533
vn -0.9508 -0.0039 -0.3098
vn -0.9306 0.1202 -0.3456
vn 0.3829 -0.0011 -0.9238
vn -0.3825 -0.0011 0.9240
vn 0.3828 -0.0001 -0.9238
vn 0.3826 0.0012 -0.9239
vn 0.3826 0.0011 -0.9239
vn 0.3828 0.0001 -0.9238
vn -0.3826 -0.0001 0.9239
vn -0.3826 0.0001 0.9239
vn -0.3828 0.0012 0.9238
vn -0.3828 0.0011 0.9238
vn -0.3497 -0.9209 -0.1725
vn -0.3692 -0.9209 -0.1253
vn -0.9807 0.0122 0.1951
vn -0.9921 0.1202 0.0368
vn -0.9970 -0.0039 0.0777
vn -0.9807 0.0122 -0.1951
vn -0.3824 -0.9209 -0.0761
vn 0.8314 -0.0101 0.5555
vn -0.3824 -0.9209 0.0761
vn -0.3891 -0.9209 0.0255
vn 0.5555 -0.0101 0.8314
vn -0.1853 -0.9820 0.0369
vn -0.5462 -0.8376 -0.0000
vn -0.8262 -0.5634 -0.0000
vn -0.9599 -0.2803 -0.0000
vn -0.9947 -0.1026 -0.0000
vn -0.9996 -0.0281 -0.0000
vn 0.1843 -0.9829 -0.0000
vn 0.7576 -0.6527 -0.0000
vn 0.9915 -0.1249 0.0374
vn 0.9970 0.0050 0.0767
vn 0.5451 0.8383 -0.0000
vn 0.1845 0.9821 -0.0367
vn 0.8258 0.5640 -0.0000
vn 0.9600 0.2801 -0.0000
vn 0.9948 0.1023 -0.0000
vn 0.9996 0.0282 -0.0000
vn 0.9983 0.0575 -0.0000
vn 0.9437 0.3307 -0.0000
vn 0.5599 0.8285 -0.0000
vn -0.1843 0.9829 -0.0000
vn -0.7623 0.6473 -0.0000
vn -0.9921 0.1202 -0.0368
vn -0.9970 -0.0039 -0.0777
vn 0.0002 -0.0011 -1.0000
vn 0.0002 -0.0011 1.0000
vn 0.0001 -0.0001 -1.0000
vn -0.0001 0.0012 -1.0000
vn -0.0001 0.0011 -1.0000
vn 0.0001 0.0001 -1.0000
vn 0.0001 -0.0001 1.0000
vn 0.0001 0.0001 1.0000
vn -0.0001 0.0012 1.0000
vn -0.0001 0.0011 1.0000
vn -0.3891 -0.9209 -0.0255
vn -0.8314 0.0122 -0.5555
vn -0.5555 0.0122 -0.8314
vn -0.2166 -0.9209 -0.3242
vn 0.1951 -0.0101 0.9807
vn -0.3242 -0.9209 -0.2166
vn -0.1951 -0.0101 0.9807
vn -0.1571 -0.9820 0.1049
vn -0.5046 -0.8376 0.2090
vn -0.7633 -0.5634 0.3162
vn -0.8869 -0.2803 0.3673
vn -0.9190 -0.1026 0.3807
vn -0.9235 -0.0281 0.3825
vn -0.9223 -0.0575 0.3820
vn -0.8719 -0.3307 0.3611
vn -0.5173 -0.8285 0.2143
vn 0.1702 -0.9829 -0.0705
vn 0.6999 -0.6527 -0.2899
vn 0.9303 -0.1249 -0.3448
vn 0.9505 0.0050 -0.3107
vn 0.5036 0.8383 -0.2086
vn 0.1564 0.9821 -0.1045
vn 0.7629 0.5640 -0.3160
vn 0.8869 0.2801 -0.3674
vn 0.9190 0.1023 -0.3807
vn 0.9235 0.0282 -0.3825
vn 0.9223 0.0575 -0.3821
vn 0.8719 0.3307 -0.3611
vn 0.5173 0.8285 -0.2143
vn -0.1702 0.9829 0.0705
vn -0.7042 0.6473 0.2917
vn -0.9306 0.1202 0.3456
vn -0.9508 -0.0039 0.3098
vn -0.3825 -0.0011 -0.9240
vn 0.3829 -0.0011 0.9238
vn -0.3826 -0.0001 -0.9239
vn -0.3828 0.0012 -0.9238
vn -0.3828 0.0011 -0.9238
vn -0.3826 0.0001 -0.9239
vn 0.3828 -0.0001 0.9238
vn 0.3828 0.0001 0.9238
vn 0.3826 0.0012 0.9239
vn 0.3826 0.0011 0.9239
vn -0.3692 -0.9209 0.1253
vn -0.1951 0.0122 -0.9807
vn 0.1951 0.0122 -0.9807
vn 0.0761 -0.9209 -0.3824
vn -0.5555 -0.0101 0.8314
vn -0.0761 -0.9209 -0.3824
vn -0.8314 -0.0101 0.5555
vn -0.1049 -0.9820 0.1571
vn -0.3862 -0.8376 0.3862
vn -0.5842 -0.5634 0.5842
vn -0.6788 -0.2803 0.6788
vn -0.7034 -0.1026 0.7034
vn -0.7068 -0.0281 0.7068
vn -0.7059 -0.0575 0.7059
vn -0.6673 -0.3307 0.6673
vn -0.3959 -0.8285 0.3959
vn 0.1303 -0.9829 -0.1303
vn 0.5357 -0.6527 -0.5357
vn 0.7275 -0.1249 -0.6746
vn 0.7593 0.0050 -0.6508
vn 0.3855 0.8383 -0.3855
vn 0.1045 0.9821 -0.1564
vn 0.5839 0.5640 -0.5839
vn 0.6788 0.2801 -0.6788
vn 0.7034 0.1023 -0.7034
vn 0.7068 0.0282 -0.7068
vn 0.7059 0.0575 -0.7059
vn 0.6673 0.3307 -0.6673
vn 0.3959 0.8285 -0.3959
vn -0.1303 0.9829 0.1303
vn -0.5390 0.6473 0.5390
vn -0.7275 0.1202 0.6755
vn -0.7599 -0.0039 0.6500
vn -0.7069 -0.0011 -0.7073
vn 0.7073 -0.0011 0.7069
vn -0.7070 -0.0001 -0.7072
vn -0.7072 0.0012 -0.7070
vn -0.7072 0.0011 -0.7070
vn -0.7070 0.0001 -0.7072
vn 0.7072 -0.0001 0.7070
vn 0.7072 0.0001 0.7070
vn 0.7070 0.0012 0.7072
vn 0.7070 0.0011 0.7072
vn -0.2931 -0.9209 0.2571
vn 0.5555 0.0122 -0.8314
vn 0.8314 0.0122 -0.5555
vn 0.3242 -0.9209 -0.2166
vn -0.9807 -0.0101 0.1951
vn 0.2166 -0.9209 -0.3242
vn -0.9807 -0.0101 -0.1951
vn -0.2090 -0.8376 0.5046
vn -0.3162 -0.5634 0.7633
vn -0.3673 -0.2803 0.8869
vn -0.3807 -0.1026 0.9190
vn -0.3825 -0.0281 0.9235
vn -0.3820 -0.0575 0.9223
vn -0.3611 -0.3307 0.8719
vn -0.2143 -0.8285 0.5173
vn 0.0705 -0.9829 -0.1702
vn 0.2899 -0.6527 -0.6999
vn 0.4140 -0.1249 -0.9017
vn 0.3448 -0.1249 -0.9303
vn 0.3107 0.0050 -0.9505
vn 0.4524 0.0050 -0.8918
vn 0.2086 0.8383 -0.5036
vn 0.3160 0.5640 -0.7629
vn 0.3674 0.2801 -0.8869
vn 0.3807 0.1023 -0.9190
vn 0.3825 0.0282 -0.9235
vn 0.3820 0.0575 -0.9224
vn 0.3611 0.3307 -0.8719
vn 0.2143 0.8285 -0.5173
vn -0.0705 0.9829 0.1702
vn -0.2917 0.6473 0.7042
vn -0.4137 0.1202 0.9025
vn -0.4533 -0.0039 0.8914
vn -0.3098 -0.0039 0.9508
vn -0.3456 0.1202 0.9306
vn -0.9238 -0.0011 -0.3829
vn 0.9240 -0.0011 0.3825
vn -0.9238 -0.0001 -0.3828
vn -0.9239 0.0012 -0.3826
vn -0.9239 0.0011 -0.3826
vn -0.9238 0.0001 -0.3828
vn 0.9239 -0.0001 0.3826
vn 0.9239 0.0001 0.3826
vn 0.9238 0.0012 0.3828
vn 0.9238 0.0011 0.3828
vn -0.1724 -0.9209 0.3497
vn -0.1253 -0.9209 0.3692
vn 0.9807 0.0122 -0.1951
vn 0.9807 0.0122 0.1951
vn 0.3824 -0.9209 0.0761
vn -0.8314 -0.0101 -0.5555
vn 0.3824 -0.9209 -0.0761
vn 0.8314 0.0122 0.5555
vn 0.3242 -0.9209 0.2166
vn 0.7073 -0.0000 -0.7069
vn 0.9333 -0.0000 -0.3592
vn -0.3592 -0.0000 -0.9333
vn 0.7069 -0.0000 0.7073
vt 0.270384 0.735274
vt 0.270384 0.746605
vt 0.218349 0.746605
vt 0.218349 0.735274
vt 0.308000 0.735274
vt 0.308000 0.746605
vt 0.284699 0.746605
vt 0.284699 0.735274
vt 0.211174 0.746605
vt 0.211174 0.735274
vt 0.204066 0.746605
vt 0.204066 0.735274
vt 0.277559 0.735274
vt 0.277559 0.746605
vt 0.180459 0.746605
vt 0.180459 0.735274
vt 0.317441 0.735274
vt 0.317441 0.746605
vt 0.171456 0.746605
vt 0.171456 0.735274
vt 0.217375 0.753377
vt 0.270601 0.753377
vt 0.270601 0.764707
vt 0.217375 0.764707
vt 0.170723 0.753377
vt 0.199629 0.753377
vt 0.199629 0.764707
vt 0.170723 0.764707
vt 0.279474 0.753377
vt 0.279474 0.764707
vt 0.288347 0.753377
vt 0.288347 0.764707
vt 0.208502 0.764707
vt 0.208502 0.753377
vt 0.317628 0.764707
vt 0.317628 0.753377
vt 0.242895 0.809280
vt 0.249635 0.806820
vt 0.251808 0.809558
vt 0.243473 0.812601
vt 0.283376 0.807166
vt 0.290116 0.809627
vt 0.289538 0.812948
vt 0.281203 0.809905
vt 0.253525 0.800871
vt 0.256664 0.802132
vt 0.279486 0.801217
vt 0.276347 0.802478
vt 0.342154 0.809356
vt 0.348868 0.806825
vt 0.351070 0.809541
vt 0.342767 0.812671
vt 0.184145 0.806478
vt 0.190859 0.809009
vt 0.190246 0.812323
vt 0.181944 0.809193
vt 0.352714 0.800808
vt 0.355849 0.802064
vt 0.180300 0.800461
vt 0.177166 0.801717
vt 0.275144 0.778012
vt 0.270961 0.773695
vt 0.257867 0.777667
vt 0.262050 0.773350
vt 0.175824 0.777595
vt 0.171612 0.773350
vt 0.357191 0.777941
vt 0.361403 0.773695
vt 0.195773 0.788656
vt 0.207103 0.788656
vt 0.207103 0.791973
vt 0.195773 0.791973
vt 0.222509 0.788707
vt 0.233840 0.788707
vt 0.233840 0.792024
vt 0.222509 0.792024
vt 0.347940 0.779828
vt 0.347277 0.776577
vt 0.185074 0.779482
vt 0.185737 0.776232
vt 0.249074 0.779600
vt 0.248361 0.776360
vt 0.283938 0.779946
vt 0.284650 0.776706
vt 0.006332 0.500845
vt 0.006331 0.489199
vt 0.232170 0.489151
vt 0.232172 0.500539
vt 0.243289 0.500361
vt 0.243301 0.489336
vt 0.250669 0.489441
vt 0.250640 0.500281
vt 0.268744 0.500994
vt 0.268820 0.488884
vt 0.282154 0.488960
vt 0.282061 0.501105
vt 0.258414 0.489661
vt 0.258367 0.500115
vt 0.006230 0.526604
vt 0.006230 0.514806
vt 0.222543 0.514806
vt 0.222543 0.526604
vt 0.233974 0.526604
vt 0.233974 0.514806
vt 0.242318 0.514806
vt 0.242318 0.526604
vt 0.262376 0.526604
vt 0.262376 0.514806
vt 0.276810 0.514806
vt 0.276810 0.526604
vt 0.251104 0.514806
vt 0.251104 0.526604
vt 0.565085 0.489089
vt 0.565085 0.500888
vt 0.348752 0.500888
vt 0.348752 0.489089
vt 0.337319 0.489089
vt 0.337319 0.500888
vt 0.328975 0.500888
vt 0.328975 0.489089
vt 0.308915 0.489089
vt 0.308915 0.500888
vt 0.294480 0.500888
vt 0.294480 0.489089
vt 0.320188 0.500888
vt 0.320188 0.489089
vt 0.577545 0.500886
vt 0.577545 0.489084
vt 0.793933 0.489084
vt 0.793933 0.500886
vt 0.805368 0.500886
vt 0.805368 0.489084
vt 0.813715 0.489084
vt 0.813715 0.500886
vt 0.833780 0.500886
vt 0.833780 0.489084
vt 0.848219 0.489084
vt 0.848219 0.500886
vt 0.822504 0.489084
vt 0.822504 0.500886
vt 0.528494 0.523837
vt 0.308149 0.523837
vt 0.308149 0.512480
vt 0.528494 0.512480
vt 0.296180 0.523837
vt 0.286943 0.523837
vt 0.286943 0.512480
vt 0.296180 0.512480
vt 0.792594 0.120096
vt 0.777830 0.120096
vt 0.777830 0.106764
vt 0.792594 0.106764
vt 0.813609 0.119110
vt 0.804077 0.119110
vt 0.804077 0.107750
vt 0.813609 0.107750
vt 0.528782 0.542609
vt 0.308440 0.542609
vt 0.308440 0.531252
vt 0.528782 0.531252
vt 0.296471 0.542609
vt 0.287235 0.542609
vt 0.287235 0.531252
vt 0.296471 0.531252
vt 0.836183 0.137239
vt 0.821419 0.137239
vt 0.821419 0.123907
vt 0.836183 0.123907
vt 0.857197 0.136253
vt 0.847665 0.136253
vt 0.847665 0.124893
vt 0.857197 0.124893
vt 0.005807 0.534320
vt 0.226219 0.534320
vt 0.226219 0.545680
vt 0.005807 0.545680
vt 0.238192 0.534320
vt 0.247431 0.534320
vt 0.247431 0.545680
vt 0.238192 0.545680
vt 0.809316 0.061052
vt 0.824081 0.061052
vt 0.824081 0.074385
vt 0.809316 0.074385
vt 0.788300 0.062038
vt 0.797833 0.062038
vt 0.797833 0.073399
vt 0.788300 0.073399
vt 0.536310 0.512480
vt 0.756655 0.512480
vt 0.756655 0.523836
vt 0.536310 0.523836
vt 0.768625 0.512480
vt 0.777861 0.512480
vt 0.777861 0.523836
vt 0.768625 0.523836
vt 0.803068 0.097237
vt 0.788305 0.097237
vt 0.788305 0.083906
vt 0.803068 0.083906
vt 0.824082 0.096251
vt 0.814550 0.096251
vt 0.814550 0.084892
vt 0.824082 0.084892
vt 0.003906 0.500845
vt 0.003904 0.489199
vt 0.232219 0.502870
vt 0.006322 0.503271
vt 0.006332 0.486774
vt 0.232214 0.486818
vt 0.243407 0.502461
vt 0.243422 0.487230
vt 0.250715 0.487535
vt 0.258242 0.502168
vt 0.250677 0.502180
vt 0.258307 0.487602
vt 0.268627 0.486762
vt 0.284310 0.488976
vt 0.284217 0.501121
vt 0.282036 0.503271
vt 0.268526 0.503109
vt 0.003907 0.526604
vt 0.003907 0.514806
vt 0.222543 0.528928
vt 0.006230 0.528928
vt 0.006230 0.512482
vt 0.222543 0.512482
vt 0.233974 0.528928
vt 0.233974 0.512482
vt 0.242318 0.512482
vt 0.251104 0.528928
vt 0.242318 0.528928
vt 0.251104 0.512482
vt 0.262376 0.512482
vt 0.279134 0.514806
vt 0.279134 0.526604
vt 0.276810 0.528928
vt 0.262376 0.528928
vt 0.567409 0.489089
vt 0.567409 0.500888
vt 0.348752 0.486765
vt 0.565085 0.486765
vt 0.565085 0.503212
vt 0.348752 0.503212
vt 0.337319 0.486765
vt 0.337319 0.503212
vt 0.328975 0.503212
vt 0.320188 0.486765
vt 0.328975 0.486765
vt 0.320188 0.503212
vt 0.308915 0.503212
vt 0.292155 0.500888
vt 0.292155 0.489089
vt 0.294480 0.486765
vt 0.308915 0.486765
vt 0.575221 0.500886
vt 0.575221 0.489084
vt 0.793933 0.503211
vt 0.577545 0.503211
vt 0.577545 0.486759
vt 0.793933 0.486759
vt 0.805368 0.503211
vt 0.805368 0.486759
vt 0.813715 0.486759
vt 0.822504 0.503211
vt 0.813715 0.503211
vt 0.822504 0.486759
vt 0.833780 0.486759
vt 0.850544 0.489084
vt 0.850544 0.500886
vt 0.848219 0.503211
vt 0.833780 0.503211
vt 0.294480 0.503212
vt 0.848219 0.486759
vt 0.282174 0.486789
vt 0.276810 0.512482
vt 0.243319 0.135201
vt 0.195438 0.135201
vt 0.195438 0.121045
vt 0.243319 0.121045
vt 0.578490 0.135201
vt 0.530609 0.135201
vt 0.530609 0.121045
vt 0.578490 0.121045
vt 0.147556 0.135201
vt 0.147556 0.121045
vt 0.482727 0.135201
vt 0.482727 0.121045
vt 0.099674 0.135201
vt 0.099674 0.121045
vt 0.434845 0.135201
vt 0.434845 0.121045
vt 0.051792 0.135201
vt 0.003910 0.135201
vt 0.003910 0.121045
vt 0.051792 0.121045
vt 0.386964 0.135201
vt 0.386964 0.121046
vt 0.770016 0.135201
vt 0.722134 0.135201
vt 0.722134 0.121045
vt 0.770016 0.121045
vt 0.339083 0.135201
vt 0.339083 0.121045
vt 0.674253 0.135201
vt 0.674253 0.121045
vt 0.291201 0.135201
vt 0.291201 0.121046
vt 0.626371 0.135201
vt 0.626371 0.121046
vt 0.537809 0.078300
vt 0.537809 0.064128
vt 0.586346 0.064128
vt 0.586346 0.078300
vt 0.198053 0.078300
vt 0.198053 0.064128
vt 0.246590 0.064128
vt 0.246590 0.078300
vt 0.634882 0.064128
vt 0.634882 0.078300
vt 0.295127 0.064128
vt 0.295127 0.078300
vt 0.683419 0.064128
vt 0.683419 0.078300
vt 0.343663 0.064128
vt 0.343663 0.078300
vt 0.731955 0.078300
vt 0.731955 0.064128
vt 0.780492 0.064128
vt 0.780492 0.078300
vt 0.392200 0.064128
vt 0.392200 0.078300
vt 0.003907 0.078300
vt 0.003907 0.064128
vt 0.052444 0.064128
vt 0.052444 0.078300
vt 0.440736 0.064128
vt 0.440736 0.078300
vt 0.100980 0.064128
vt 0.100980 0.078300
vt 0.489273 0.064128
vt 0.489273 0.078300
vt 0.149517 0.064128
vt 0.149517 0.078300
vt 0.343663 0.061052
vt 0.392200 0.061052
vt 0.537809 0.081376
vt 0.489273 0.081376
vt 0.440736 0.061052
vt 0.586346 0.081376
vt 0.489273 0.061052
vt 0.634882 0.081376
vt 0.780492 0.081376
vt 0.731955 0.081376
vt 0.537809 0.061052
vt 0.683419 0.081376
vt 0.052444 0.081376
vt 0.003907 0.081376
vt 0.586346 0.061052
vt 0.100980 0.081376
vt 0.634882 0.061052
vt 0.731955 0.061052
vt 0.780492 0.061052
vt 0.149517 0.081376
vt 0.683419 0.061052
vt 0.003907 0.061052
vt 0.052444 0.061052
vt 0.198053 0.081376
vt 0.100980 0.061052
vt 0.246590 0.081376
vt 0.149517 0.061052
vt 0.295127 0.081376
vt 0.198053 0.061052
vt 0.343663 0.081376
vt 0.246590 0.061052
vt 0.392200 0.081376
vt 0.295127 0.061052
vt 0.440736 0.081376
vt 0.237072 0.158059
vt 0.190439 0.158059
vt 0.190439 0.143909
vt 0.237072 0.143909
vt 0.563497 0.158059
vt 0.516865 0.158059
vt 0.516865 0.143909
vt 0.563497 0.143909
vt 0.143807 0.158059
vt 0.143807 0.143909
vt 0.470233 0.158059
vt 0.470233 0.143909
vt 0.097175 0.158059
vt 0.097175 0.143909
vt 0.423601 0.158059
vt 0.423601 0.143909
vt 0.050542 0.158059
vt 0.003910 0.158059
vt 0.003910 0.143908
vt 0.050542 0.143909
vt 0.376969 0.158059
vt 0.376969 0.143909
vt 0.750026 0.158059
vt 0.703394 0.158059
vt 0.703394 0.143909
vt 0.750026 0.143909
vt 0.330336 0.158059
vt 0.330336 0.143909
vt 0.656762 0.158059
vt 0.656762 0.143909
vt 0.283704 0.158059
vt 0.283704 0.143909
vt 0.610130 0.158059
vt 0.610130 0.143909
vt 0.232392 0.093125
vt 0.232356 0.107680
vt 0.183879 0.107251
vt 0.183956 0.093200
vt 0.585042 0.093556
vt 0.584965 0.107607
vt 0.536529 0.107682
vt 0.536565 0.093127
vt 0.137412 0.106754
vt 0.137485 0.093197
vt 0.486642 0.107797
vt 0.486650 0.092886
vt 0.092325 0.106348
vt 0.092396 0.093118
vt 0.435795 0.107915
vt 0.435786 0.092793
vt 0.048129 0.092958
vt 0.048059 0.106032
vt 0.003909 0.105810
vt 0.003979 0.092705
vt 0.384468 0.107999
vt 0.384454 0.092808
vt 0.765011 0.094996
vt 0.764941 0.108101
vt 0.720791 0.107848
vt 0.720862 0.094774
vt 0.333136 0.108014
vt 0.333127 0.092892
vt 0.676524 0.107689
vt 0.676595 0.094459
vt 0.282272 0.107920
vt 0.282280 0.093010
vt 0.631436 0.107609
vt 0.631509 0.094053
vt 0.435800 0.111090
vt 0.384473 0.111189
vt 0.232392 0.090069
vt 0.282276 0.089880
vt 0.333137 0.111189
vt 0.183962 0.090249
vt 0.282267 0.111052
vt 0.137492 0.090351
vt 0.004542 0.089964
vt 0.048145 0.090226
vt 0.232343 0.110737
vt 0.092406 0.090340
vt 0.720873 0.092042
vt 0.764479 0.092249
vt 0.183862 0.110202
vt 0.676614 0.091681
vt 0.137391 0.109601
vt 0.048047 0.108764
vt 0.004442 0.108557
vt 0.631530 0.091206
vt 0.092307 0.109126
vt 0.764378 0.110842
vt 0.720775 0.110580
vt 0.585059 0.090605
vt 0.676515 0.110466
vt 0.536578 0.090070
vt 0.631429 0.110456
vt 0.486655 0.089755
vt 0.584959 0.110557
vt 0.435785 0.089618
vt 0.536530 0.110738
vt 0.384449 0.089618
vt 0.486646 0.110927
vt 0.333121 0.089717
vt 0.908538 0.386768
vt 0.908538 0.398125
vt 0.866276 0.398125
vt 0.866276 0.386768
vt 0.824812 0.398125
vt 0.824812 0.386768
vt 0.783499 0.398125
vt 0.783499 0.386768
vt 0.752381 0.386697
vt 0.752381 0.398195
vt 0.721562 0.398124
vt 0.721562 0.386767
vt 0.531085 0.398124
vt 0.531085 0.386767
vt 0.519115 0.386767
vt 0.519115 0.398124
vt 0.509879 0.398124
vt 0.509879 0.386767
vt 0.500348 0.386767
vt 0.500348 0.398124
vt 0.490214 0.398124
vt 0.490214 0.386767
vt 0.469522 0.051358
vt 0.458164 0.051353
vt 0.453632 0.034064
vt 0.474068 0.034072
vt 0.003907 0.226767
vt 0.044616 0.226767
vt 0.044616 0.238124
vt 0.003907 0.238124
vt 0.085178 0.226767
vt 0.085178 0.238124
vt 0.125792 0.226767
vt 0.125792 0.238124
vt 0.156672 0.226697
vt 0.187261 0.226767
vt 0.187261 0.238124
vt 0.156672 0.238194
vt 0.377702 0.226768
vt 0.377702 0.238124
vt 0.390342 0.226768
vt 0.401162 0.226768
vt 0.401162 0.238124
vt 0.390342 0.238124
vt 0.412639 0.226768
vt 0.424453 0.226768
vt 0.424453 0.238125
vt 0.412639 0.238125
vt 0.474204 0.003908
vt 0.478984 0.020511
vt 0.457921 0.020545
vt 0.462669 0.003908
vt 0.448350 0.623435
vt 0.407403 0.623435
vt 0.407403 0.621047
vt 0.448350 0.621047
vt 0.406567 0.575337
vt 0.447428 0.575337
vt 0.447428 0.577720
vt 0.406567 0.577720
vt 0.366924 0.623435
vt 0.366924 0.621047
vt 0.366172 0.575337
vt 0.366172 0.577720
vt 0.326492 0.623435
vt 0.326492 0.621047
vt 0.325825 0.575337
vt 0.325825 0.577720
vt 0.295896 0.623435
vt 0.265591 0.623435
vt 0.265591 0.621047
vt 0.295896 0.621047
vt 0.295293 0.575337
vt 0.295293 0.577720
vt 0.077608 0.623435
vt 0.077608 0.621047
vt 0.077462 0.575337
vt 0.265052 0.575337
vt 0.265052 0.577720
vt 0.077462 0.577720
vt 0.065463 0.623435
vt 0.065463 0.621047
vt 0.055466 0.575337
vt 0.065343 0.575337
vt 0.065343 0.577720
vt 0.055466 0.577720
vt 0.055565 0.623435
vt 0.045199 0.623435
vt 0.045199 0.621047
vt 0.055565 0.621047
vt 0.034313 0.575337
vt 0.045121 0.575337
vt 0.045121 0.577720
vt 0.034313 0.577720
vt 0.478979 0.022858
vt 0.457931 0.022891
vt 0.003911 0.575337
vt 0.003911 0.577720
vt 0.034368 0.623435
vt 0.034368 0.621047
vt 0.003902 0.623435
vt 0.003902 0.621047
vt 0.456101 0.226768
vt 0.456101 0.238125
vt 0.460128 0.398124
vt 0.460128 0.386767
vt 0.452508 0.446760
vt 0.452508 0.458121
vt 0.410229 0.458121
vt 0.410229 0.446760
vt 0.368747 0.458121
vt 0.368747 0.446760
vt 0.327416 0.458121
vt 0.327416 0.446760
vt 0.296285 0.446689
vt 0.296285 0.458192
vt 0.265453 0.458122
vt 0.265453 0.446760
vt 0.074894 0.458122
vt 0.074894 0.446760
vt 0.062919 0.446760
vt 0.062919 0.458122
vt 0.053679 0.458122
vt 0.053679 0.446760
vt 0.044144 0.446760
vt 0.044144 0.458122
vt 0.034006 0.458122
vt 0.034006 0.446760
vt 0.408200 0.051314
vt 0.396842 0.051300
vt 0.392324 0.034007
vt 0.412760 0.034031
vt 0.003903 0.166771
vt 0.044623 0.166771
vt 0.044623 0.178130
vt 0.003903 0.178131
vt 0.085195 0.166770
vt 0.085195 0.178130
vt 0.125820 0.166770
vt 0.125820 0.178130
vt 0.156709 0.166699
vt 0.187305 0.166769
vt 0.187306 0.178129
vt 0.156709 0.178200
vt 0.377797 0.166768
vt 0.377797 0.178128
vt 0.390440 0.166767
vt 0.401264 0.166767
vt 0.401264 0.178127
vt 0.390441 0.178127
vt 0.412743 0.166767
vt 0.424560 0.166767
vt 0.424560 0.178127
vt 0.412743 0.178127
vt 0.411183 0.003908
vt 0.415943 0.020488
vt 0.394930 0.020503
vt 0.399674 0.003908
vt 0.003911 0.689622
vt 0.044857 0.689622
vt 0.044857 0.692010
vt 0.003911 0.692010
vt 0.044809 0.554866
vt 0.003905 0.554866
vt 0.003905 0.552481
vt 0.044809 0.552481
vt 0.085337 0.689622
vt 0.085337 0.692010
vt 0.085248 0.554866
vt 0.085248 0.552481
vt 0.125768 0.689622
vt 0.125768 0.692010
vt 0.125637 0.554866
vt 0.125637 0.552481
vt 0.156364 0.689622
vt 0.186669 0.689622
vt 0.186669 0.692010
vt 0.156364 0.692010
vt 0.156202 0.554866
vt 0.156202 0.552481
vt 0.374652 0.689622
vt 0.374652 0.692010
vt 0.374264 0.554866
vt 0.186476 0.554866
vt 0.186476 0.552481
vt 0.374264 0.552481
vt 0.386796 0.689622
vt 0.386796 0.692010
vt 0.396284 0.554866
vt 0.386396 0.554866
vt 0.386396 0.552481
vt 0.396284 0.552481
vt 0.396694 0.689622
vt 0.407061 0.689622
vt 0.407061 0.692010
vt 0.396694 0.692010
vt 0.417460 0.554866
vt 0.406640 0.554866
vt 0.406640 0.552481
vt 0.417460 0.552481
vt 0.415936 0.022831
vt 0.394938 0.022842
vt 0.447894 0.554866
vt 0.447894 0.552481
vt 0.417892 0.689622
vt 0.417892 0.692010
vt 0.448357 0.689622
vt 0.448357 0.692010
vt 0.456216 0.166767
vt 0.456216 0.178127
vt 0.003907 0.458122
vt 0.003907 0.446760
vt 0.908557 0.326767
vt 0.908557 0.338124
vt 0.866296 0.338124
vt 0.866296 0.326767
vt 0.824832 0.338124
vt 0.824832 0.326767
vt 0.783519 0.338124
vt 0.783519 0.326767
vt 0.752401 0.326697
vt 0.752401 0.338194
vt 0.721582 0.338124
vt 0.721582 0.326767
vt 0.531106 0.338125
vt 0.531106 0.326767
vt 0.519136 0.326767
vt 0.519136 0.338125
vt 0.509900 0.338125
vt 0.509900 0.326767
vt 0.500369 0.326767
vt 0.500369 0.338125
vt 0.490235 0.338125
vt 0.490235 0.326767
vt 0.346878 0.051221
vt 0.335520 0.051198
vt 0.331015 0.033902
vt 0.351451 0.033942
vt 0.003909 0.246763
vt 0.044619 0.246763
vt 0.044619 0.258120
vt 0.003909 0.258120
vt 0.085182 0.246764
vt 0.085182 0.258121
vt 0.125797 0.246764
vt 0.125797 0.258121
vt 0.156678 0.246694
vt 0.187267 0.246764
vt 0.187267 0.258121
vt 0.156678 0.258192
vt 0.377713 0.246766
vt 0.377713 0.258123
vt 0.390353 0.246766
vt 0.401173 0.246766
vt 0.401173 0.258123
vt 0.390353 0.258123
vt 0.412650 0.246766
vt 0.424464 0.246766
vt 0.424464 0.258123
vt 0.412650 0.258123
vt 0.348352 0.003908
vt 0.353090 0.020423
vt 0.332167 0.020425
vt 0.336893 0.003908
vt 0.455698 0.643909
vt 0.496571 0.643909
vt 0.496571 0.646293
vt 0.455698 0.646293
vt 0.407540 0.632474
vt 0.448500 0.632474
vt 0.448500 0.634863
vt 0.407540 0.634863
vt 0.536978 0.643909
vt 0.536978 0.646293
vt 0.367047 0.632474
vt 0.367047 0.634863
vt 0.577337 0.643909
vt 0.577337 0.646293
vt 0.326603 0.632474
vt 0.326603 0.634863
vt 0.607878 0.643909
vt 0.638129 0.643909
vt 0.638129 0.646293
vt 0.607878 0.646293
vt 0.295997 0.632474
vt 0.295997 0.634863
vt 0.825776 0.643909
vt 0.825776 0.646293
vt 0.077639 0.632474
vt 0.265682 0.632474
vt 0.265682 0.634863
vt 0.077639 0.634863
vt 0.837898 0.643909
vt 0.837898 0.646293
vt 0.055589 0.632474
vt 0.065491 0.632474
vt 0.065491 0.634863
vt 0.055589 0.634863
vt 0.847778 0.643909
vt 0.858127 0.643909
vt 0.858127 0.646293
vt 0.847778 0.646293
vt 0.034385 0.632474
vt 0.045220 0.632474
vt 0.045220 0.634863
vt 0.034385 0.634863
vt 0.353081 0.022757
vt 0.332174 0.022754
vt 0.003910 0.632474
vt 0.003910 0.634863
vt 0.868938 0.643909
vt 0.868938 0.646293
vt 0.899349 0.643909
vt 0.899349 0.646293
vt 0.456112 0.246766
vt 0.456112 0.258124
vt 0.460149 0.338125
vt 0.460149 0.326768
vt 0.452334 0.326762
vt 0.452334 0.338120
vt 0.410071 0.338120
vt 0.410070 0.326762
vt 0.368605 0.338120
vt 0.368605 0.326762
vt 0.327290 0.338120
vt 0.327290 0.326763
vt 0.296171 0.326692
vt 0.296171 0.338190
vt 0.265350 0.338120
vt 0.265350 0.326763
vt 0.074865 0.338121
vt 0.074866 0.326764
vt 0.062896 0.326764
vt 0.062896 0.338121
vt 0.053659 0.338121
vt 0.053659 0.326764
vt 0.044129 0.326764
vt 0.044129 0.338121
vt 0.033994 0.338121
vt 0.033994 0.326764
vt 0.285556 0.051079
vt 0.274198 0.051048
vt 0.269707 0.033747
vt 0.290143 0.033804
vt 0.916096 0.198122
vt 0.875387 0.198122
vt 0.875387 0.186766
vt 0.916096 0.186766
vt 0.834825 0.198122
vt 0.834825 0.186765
vt 0.794211 0.198122
vt 0.794211 0.186765
vt 0.763331 0.198192
vt 0.732742 0.198122
vt 0.732742 0.186765
vt 0.763331 0.186695
vt 0.542305 0.198121
vt 0.542305 0.186765
vt 0.529665 0.198121
vt 0.518845 0.198121
vt 0.518845 0.186765
vt 0.529665 0.186765
vt 0.507369 0.198121
vt 0.495556 0.198121
vt 0.495556 0.186765
vt 0.507369 0.186765
vt 0.285846 0.003908
vt 0.290551 0.020323
vt 0.269765 0.020311
vt 0.274464 0.003908
vt 0.900754 0.657721
vt 0.859768 0.657721
vt 0.859768 0.655331
vt 0.900754 0.655331
vt 0.044811 0.669147
vt 0.003908 0.669147
vt 0.003908 0.666762
vt 0.044811 0.666762
vt 0.819248 0.657721
vt 0.819248 0.655331
vt 0.085248 0.669147
vt 0.085248 0.666762
vt 0.778778 0.657721
vt 0.778778 0.655331
vt 0.125636 0.669147
vt 0.125636 0.666762
vt 0.748152 0.657721
vt 0.717817 0.657721
vt 0.717817 0.655331
vt 0.748152 0.655331
vt 0.156200 0.669147
vt 0.156200 0.666762
vt 0.529653 0.657721
vt 0.529653 0.655331
vt 0.374255 0.669147
vt 0.186473 0.669147
vt 0.186473 0.666762
vt 0.374255 0.666762
vt 0.517496 0.657721
vt 0.517496 0.655331
vt 0.396274 0.669147
vt 0.386387 0.669147
vt 0.386387 0.666762
vt 0.396274 0.666762
vt 0.507589 0.657721
vt 0.497212 0.657721
vt 0.497212 0.655331
vt 0.507589 0.655331
vt 0.417450 0.669147
vt 0.406630 0.669147
vt 0.406630 0.666762
vt 0.417450 0.666762
vt 0.290541 0.022643
vt 0.269771 0.022624
vt 0.447883 0.669147
vt 0.447883 0.666762
vt 0.486370 0.657721
vt 0.486370 0.655331
vt 0.455876 0.657721
vt 0.455876 0.655331
vt 0.463908 0.198121
vt 0.463908 0.186765
vt 0.003908 0.338121
vt 0.003908 0.326764
vt 0.452320 0.346763
vt 0.452320 0.358120
vt 0.410057 0.358120
vt 0.410057 0.346763
vt 0.368592 0.358121
vt 0.368592 0.346764
vt 0.327278 0.358121
vt 0.327278 0.346764
vt 0.296160 0.346694
vt 0.296160 0.358191
vt 0.265340 0.358121
vt 0.265340 0.346764
vt 0.074859 0.358122
vt 0.074859 0.346766
vt 0.062889 0.346766
vt 0.062890 0.358122
vt 0.053653 0.358122
vt 0.053653 0.346766
vt 0.044123 0.346766
vt 0.044123 0.358122
vt 0.033989 0.358122
vt 0.033988 0.346766
vt 0.224235 0.050889
vt 0.212877 0.050848
vt 0.208399 0.033545
vt 0.228835 0.033618
vt 0.916210 0.318127
vt 0.875496 0.318127
vt 0.875496 0.306769
vt 0.916210 0.306769
vt 0.834929 0.318127
vt 0.834929 0.306769
vt 0.794310 0.318126
vt 0.794310 0.306768
vt 0.763426 0.318197
vt 0.732833 0.318126
vt 0.732833 0.306768
vt 0.763426 0.306698
vt 0.542373 0.318125
vt 0.542373 0.306767
vt 0.529731 0.318125
vt 0.518910 0.318125
vt 0.518910 0.306767
vt 0.529731 0.306767
vt 0.507432 0.318125
vt 0.495618 0.318125
vt 0.495618 0.306767
vt 0.507432 0.306767
vt 0.223802 0.003908
vt 0.228468 0.020191
vt 0.207854 0.020179
vt 0.212514 0.003908
vt 0.003903 0.598191
vt 0.044850 0.598191
vt 0.044850 0.600580
vt 0.003903 0.600580
vt 0.044813 0.566290
vt 0.003910 0.566290
vt 0.003910 0.563904
vt 0.044813 0.563904
vt 0.085331 0.598191
vt 0.085331 0.600580
vt 0.085250 0.566290
vt 0.085250 0.563904
vt 0.125763 0.598192
vt 0.125763 0.600580
vt 0.125638 0.566290
vt 0.125638 0.563904
vt 0.156359 0.598192
vt 0.186665 0.598192
vt 0.186665 0.600580
vt 0.156359 0.600580
vt 0.156202 0.566290
vt 0.156202 0.563904
vt 0.374651 0.598191
vt 0.374651 0.600580
vt 0.374258 0.566290
vt 0.186475 0.566290
vt 0.186475 0.563904
vt 0.374258 0.563905
vt 0.386796 0.598191
vt 0.386796 0.600580
vt 0.396277 0.566290
vt 0.386390 0.566290
vt 0.386390 0.563905
vt 0.396277 0.563905
vt 0.396694 0.598191
vt 0.407061 0.598191
vt 0.407061 0.600580
vt 0.396694 0.600580
vt 0.417453 0.566290
vt 0.406633 0.566290
vt 0.406633 0.563905
vt 0.417453 0.563905
vt 0.228458 0.022492
vt 0.207860 0.022473
vt 0.447886 0.566290
vt 0.447886 0.563904
vt 0.417892 0.598191
vt 0.417892 0.600580
vt 0.448358 0.598192
vt 0.448358 0.600580
vt 0.463966 0.318125
vt 0.463966 0.306767
vt 0.003903 0.358123
vt 0.003903 0.346766
vt 0.908924 0.426761
vt 0.908924 0.438123
vt 0.866644 0.438123
vt 0.866644 0.426761
vt 0.825163 0.438122
vt 0.825163 0.426761
vt 0.783832 0.438122
vt 0.783832 0.426761
vt 0.752702 0.426690
vt 0.752702 0.438192
vt 0.721869 0.438122
vt 0.721869 0.426760
vt 0.531312 0.438121
vt 0.531312 0.426759
vt 0.519338 0.426759
vt 0.519338 0.438121
vt 0.510097 0.438121
vt 0.510097 0.426759
vt 0.500563 0.426759
vt 0.500563 0.438121
vt 0.490424 0.438121
vt 0.490425 0.426759
vt 0.162913 0.050650
vt 0.151555 0.050600
vt 0.147092 0.033293
vt 0.167528 0.033382
vt 0.463907 0.286758
vt 0.504633 0.286759
vt 0.504633 0.298120
vt 0.463907 0.298120
vt 0.545212 0.286758
vt 0.545212 0.298120
vt 0.585842 0.286759
vt 0.585842 0.298120
vt 0.616735 0.286688
vt 0.647337 0.286759
vt 0.647337 0.298120
vt 0.616735 0.298190
vt 0.837853 0.286759
vt 0.837853 0.298120
vt 0.850498 0.286759
vt 0.861322 0.286759
vt 0.861322 0.298120
vt 0.850498 0.298120
vt 0.872803 0.286759
vt 0.884621 0.286759
vt 0.884621 0.298120
vt 0.872803 0.298120
vt 0.162238 0.003908
vt 0.166876 0.020078
vt 0.146396 0.020080
vt 0.151021 0.003908
vt 0.456318 0.632480
vt 0.497194 0.632480
vt 0.497194 0.634864
vt 0.456318 0.634864
vt 0.496646 0.589152
vt 0.455694 0.589152
vt 0.455694 0.586764
vt 0.496646 0.586764
vt 0.537605 0.632480
vt 0.537605 0.634864
vt 0.537131 0.589152
vt 0.537131 0.586764
vt 0.577968 0.632480
vt 0.577968 0.634864
vt 0.577568 0.589152
vt 0.577568 0.586764
vt 0.608512 0.632480
vt 0.638765 0.632480
vt 0.638765 0.634864
vt 0.608512 0.634864
vt 0.608168 0.589152
vt 0.608168 0.586764
vt 0.826428 0.632480
vt 0.826428 0.634864
vt 0.826485 0.589152
vt 0.638477 0.589152
vt 0.638477 0.586764
vt 0.826485 0.586764
vt 0.838552 0.632480
vt 0.838552 0.634864
vt 0.848530 0.589152
vt 0.838631 0.589152
vt 0.838631 0.586764
vt 0.848530 0.586764
vt 0.848433 0.632480
vt 0.858782 0.632480
vt 0.858782 0.634864
vt 0.848433 0.634864
vt 0.869731 0.589152
vt 0.858898 0.589152
vt 0.858898 0.586764
vt 0.869731 0.586764
vt 0.166867 0.022363
vt 0.146403 0.022359
vt 0.900200 0.589152
vt 0.900200 0.586764
vt 0.869594 0.632480
vt 0.869594 0.634864
vt 0.900008 0.632480
vt 0.900008 0.634864
vt 0.916282 0.286759
vt 0.916282 0.298120
vt 0.460327 0.438121
vt 0.460326 0.426759
vt 0.908563 0.366766
vt 0.908563 0.378123
vt 0.866300 0.378123
vt 0.866300 0.366766
vt 0.824835 0.378123
vt 0.824835 0.366766
vt 0.783521 0.378123
vt 0.783521 0.366766
vt 0.752402 0.366696
vt 0.752402 0.378194
vt 0.721582 0.378124
vt 0.721582 0.366766
vt 0.531101 0.378124
vt 0.531101 0.366767
vt 0.519132 0.366767
vt 0.519132 0.378124
vt 0.509895 0.378124
vt 0.509895 0.366767
vt 0.500364 0.366766
vt 0.500364 0.378124
vt 0.490230 0.378124
vt 0.490230 0.366766
vt 0.101592 0.050362
vt 0.090234 0.050304
vt 0.085784 0.032993
vt 0.106220 0.033098
vt 0.916220 0.178123
vt 0.875511 0.178123
vt 0.875511 0.166766
vt 0.916220 0.166766
vt 0.834950 0.178123
vt 0.834950 0.166766
vt 0.794336 0.178122
vt 0.794336 0.166766
vt 0.763457 0.178193
vt 0.732868 0.178122
vt 0.732868 0.166766
vt 0.763457 0.166696
vt 0.542430 0.178122
vt 0.542430 0.166766
vt 0.529790 0.178122
vt 0.518970 0.178122
vt 0.518970 0.166765
vt 0.529790 0.166765
vt 0.507493 0.178122
vt 0.495680 0.178122
vt 0.495680 0.166765
vt 0.507493 0.166765
vt 0.101016 0.003908
vt 0.105636 0.020005
vt 0.085236 0.020018
vt 0.089846 0.003908
vt 0.455721 0.609624
vt 0.496619 0.609624
vt 0.496619 0.612009
vt 0.455721 0.612009
vt 0.858727 0.666764
vt 0.899625 0.666764
vt 0.899625 0.669149
vt 0.858727 0.669149
vt 0.537052 0.609624
vt 0.537052 0.612009
vt 0.818293 0.666764
vt 0.818293 0.669149
vt 0.577436 0.609624
vt 0.577436 0.612009
vt 0.777909 0.666764
vt 0.777909 0.669149
vt 0.607996 0.609624
vt 0.638266 0.609624
vt 0.638266 0.612009
vt 0.607996 0.612009
vt 0.747348 0.666764
vt 0.747348 0.669149
vt 0.826029 0.609624
vt 0.826029 0.612009
vt 0.529313 0.666765
vt 0.717078 0.666764
vt 0.717078 0.669149
vt 0.529313 0.669150
vt 0.838159 0.609624
vt 0.838159 0.612009
vt 0.507296 0.666765
vt 0.517183 0.666765
vt 0.517183 0.669150
vt 0.507296 0.669150
vt 0.848046 0.609624
vt 0.858400 0.609624
vt 0.858400 0.612009
vt 0.848046 0.612009
vt 0.486123 0.666765
vt 0.496941 0.666765
vt 0.496941 0.669150
vt 0.486123 0.669150
vt 0.105628 0.022280
vt 0.085244 0.022289
vt 0.455693 0.666765
vt 0.455693 0.669150
vt 0.869218 0.609624
vt 0.869218 0.612009
vt 0.899648 0.609624
vt 0.899648 0.612009
vt 0.464033 0.178122
vt 0.464033 0.166765
vt 0.460144 0.378124
vt 0.460144 0.366766
vt 0.003910 0.438121
vt 0.003910 0.426759
vt 0.046190 0.426759
vt 0.046190 0.438121
vt 0.087672 0.426759
vt 0.087672 0.438121
vt 0.129002 0.426759
vt 0.129002 0.438121
vt 0.160133 0.438191
vt 0.160133 0.426689
vt 0.190965 0.426759
vt 0.190965 0.438121
vt 0.381523 0.426759
vt 0.381523 0.438121
vt 0.393497 0.438121
vt 0.393497 0.426759
vt 0.402737 0.426759
vt 0.402737 0.438121
vt 0.412271 0.438121
vt 0.412271 0.426759
vt 0.422410 0.426759
vt 0.422410 0.438121
vt 0.040271 0.050026
vt 0.028913 0.049958
vt 0.024477 0.032644
vt 0.044913 0.032766
vt 0.916164 0.238119
vt 0.875450 0.238119
vt 0.875449 0.226761
vt 0.916164 0.226761
vt 0.834883 0.238120
vt 0.834882 0.226762
vt 0.794264 0.238120
vt 0.794263 0.226762
vt 0.763380 0.238190
vt 0.732787 0.238120
vt 0.732787 0.226762
vt 0.763380 0.226692
vt 0.542323 0.238121
vt 0.542323 0.226762
vt 0.529681 0.238121
vt 0.518860 0.238121
vt 0.518860 0.226762
vt 0.529681 0.226762
vt 0.507382 0.238121
vt 0.495567 0.238121
vt 0.495567 0.226763
vt 0.507382 0.226763
vt 0.039995 0.003908
vt 0.044618 0.019909
vt 0.024336 0.019920
vt 0.028844 0.003908
vt 0.900318 0.600580
vt 0.859400 0.600580
vt 0.859400 0.598194
vt 0.900318 0.598194
vt 0.858233 0.678196
vt 0.899089 0.678196
vt 0.899089 0.680578
vt 0.858233 0.680578
vt 0.818947 0.600580
vt 0.818947 0.598194
vt 0.817842 0.678196
vt 0.817842 0.680578
vt 0.778543 0.600580
vt 0.778543 0.598194
vt 0.777501 0.678196
vt 0.777501 0.680578
vt 0.747967 0.600580
vt 0.717683 0.600580
vt 0.717683 0.598194
vt 0.747967 0.598194
vt 0.746972 0.678196
vt 0.746972 0.680578
vt 0.529827 0.600580
vt 0.529827 0.598194
vt 0.529167 0.678195
vt 0.716734 0.678196
vt 0.716734 0.680578
vt 0.529167 0.680578
vt 0.517691 0.600580
vt 0.517691 0.598194
vt 0.507174 0.678195
vt 0.517050 0.678195
vt 0.517050 0.680578
vt 0.507174 0.680578
vt 0.507800 0.600580
vt 0.497440 0.600580
vt 0.497440 0.598194
vt 0.507800 0.598194
vt 0.486023 0.678195
vt 0.496830 0.678195
vt 0.496830 0.680578
vt 0.486023 0.680578
vt 0.044608 0.022172
vt 0.024365 0.022175
vt 0.455625 0.678195
vt 0.455625 0.680578
vt 0.486616 0.600580
vt 0.486616 0.598194
vt 0.456172 0.600580
vt 0.456172 0.598194
vt 0.463915 0.238121
vt 0.463915 0.226763
vt 0.452507 0.426759
vt 0.452507 0.438121
vt 0.371860 0.051242
vt 0.371887 0.033959
vt 0.019792 0.760807
vt 0.017716 0.760807
vt 0.017716 0.735705
vt 0.019792 0.735705
vt 0.003905 0.378123
vt 0.003905 0.366765
vt 0.046169 0.366765
vt 0.046169 0.378123
vt 0.087635 0.366765
vt 0.087635 0.378123
vt 0.128950 0.366765
vt 0.128950 0.378123
vt 0.160069 0.378193
vt 0.160069 0.366695
vt 0.190890 0.366765
vt 0.190890 0.378123
vt 0.381376 0.366766
vt 0.381376 0.378123
vt 0.393346 0.378123
vt 0.393346 0.366766
vt 0.402583 0.366766
vt 0.402583 0.378123
vt 0.412114 0.378123
vt 0.412114 0.366766
vt 0.422248 0.366766
vt 0.422248 0.378123
vt 0.960093 0.049958
vt 0.948735 0.050026
vt 0.944094 0.032766
vt 0.964529 0.032644
vt 0.003906 0.186765
vt 0.044615 0.186765
vt 0.044615 0.198122
vt 0.003906 0.198122
vt 0.085177 0.186765
vt 0.085177 0.198122
vt 0.125791 0.186765
vt 0.125791 0.198122
vt 0.156671 0.186695
vt 0.187259 0.186765
vt 0.187259 0.198122
vt 0.156671 0.198192
vt 0.377699 0.186765
vt 0.377699 0.198122
vt 0.390339 0.186765
vt 0.401159 0.186765
vt 0.401159 0.198122
vt 0.390339 0.198122
vt 0.412635 0.186765
vt 0.424448 0.186765
vt 0.424448 0.198122
vt 0.412635 0.198122
vt 0.971137 0.003908
vt 0.975646 0.019847
vt 0.955420 0.019933
vt 0.959984 0.003908
vt 0.456166 0.621045
vt 0.497114 0.621045
vt 0.497114 0.623433
vt 0.456166 0.623433
vt 0.496148 0.577719
vt 0.455240 0.577719
vt 0.455240 0.575334
vt 0.496148 0.575334
vt 0.537596 0.621045
vt 0.537596 0.623433
vt 0.536590 0.577719
vt 0.536590 0.575334
vt 0.578030 0.621045
vt 0.578030 0.623433
vt 0.576983 0.577719
vt 0.576983 0.575334
vt 0.608627 0.621045
vt 0.638933 0.621045
vt 0.638933 0.623433
vt 0.608627 0.623433
vt 0.607551 0.577719
vt 0.607551 0.575334
vt 0.826925 0.621045
vt 0.826925 0.623433
vt 0.825634 0.577719
vt 0.637827 0.577719
vt 0.637827 0.575334
vt 0.825634 0.575334
vt 0.839070 0.621045
vt 0.839070 0.623433
vt 0.847655 0.577719
vt 0.837767 0.577719
vt 0.837767 0.575334
vt 0.847655 0.575334
vt 0.848969 0.621045
vt 0.859336 0.621045
vt 0.859336 0.623433
vt 0.848969 0.623433
vt 0.868833 0.577719
vt 0.858013 0.577719
vt 0.858013 0.575334
vt 0.868833 0.575334
vt 0.975627 0.022076
vt 0.955438 0.022193
vt 0.899270 0.577719
vt 0.899270 0.575334
vt 0.870167 0.621045
vt 0.870167 0.623433
vt 0.374002 0.020611
vt 0.373990 0.003908
vt 0.900634 0.621045
vt 0.900634 0.623433
vt 0.456096 0.186765
vt 0.456096 0.198122
vt 0.452335 0.366766
vt 0.452335 0.378124
vt 0.078564 0.760869
vt 0.076492 0.760869
vt 0.076492 0.735799
vt 0.078564 0.735799
vt 0.373999 0.022944
vt 0.433182 0.051315
vt 0.433196 0.034032
vt 0.499998 0.020653
vt 0.500000 0.022993
vt 0.499974 0.003908
vt 0.908750 0.406761
vt 0.908750 0.418118
vt 0.866486 0.418118
vt 0.866486 0.406761
vt 0.825020 0.418119
vt 0.825020 0.406761
vt 0.783704 0.418119
vt 0.783704 0.406761
vt 0.752584 0.406691
vt 0.752584 0.418189
vt 0.721763 0.418119
vt 0.721763 0.406761
vt 0.531274 0.418119
vt 0.531274 0.406762
vt 0.519304 0.406762
vt 0.519304 0.418120
vt 0.510067 0.418120
vt 0.510067 0.406762
vt 0.500536 0.406762
vt 0.500536 0.418120
vt 0.490401 0.418120
vt 0.490402 0.406762
vt 0.898773 0.050304
vt 0.887414 0.050363
vt 0.882786 0.033099
vt 0.903222 0.032993
vt 0.456097 0.278120
vt 0.415388 0.278120
vt 0.415388 0.266764
vt 0.456097 0.266764
vt 0.374826 0.278120
vt 0.374826 0.266764
vt 0.334212 0.278120
vt 0.334212 0.266764
vt 0.303332 0.278191
vt 0.272744 0.278120
vt 0.272744 0.266764
vt 0.303332 0.266693
vt 0.082303 0.278121
vt 0.082303 0.266764
vt 0.069664 0.278121
vt 0.058843 0.278121
vt 0.058843 0.266763
vt 0.069664 0.266764
vt 0.047367 0.278120
vt 0.035554 0.278120
vt 0.035554 0.266763
vt 0.047367 0.266763
vt 0.910131 0.003908
vt 0.914766 0.019990
vt 0.894360 0.020039
vt 0.898956 0.003908
vt 0.900089 0.726295
vt 0.859126 0.726295
vt 0.859126 0.723906
vt 0.900089 0.723906
vt 0.858593 0.563911
vt 0.899478 0.563911
vt 0.899478 0.566295
vt 0.858593 0.566295
vt 0.818629 0.726295
vt 0.818629 0.723906
vt 0.818175 0.563911
vt 0.818175 0.566295
vt 0.778181 0.726295
vt 0.778181 0.723906
vt 0.777804 0.563911
vt 0.777804 0.566295
vt 0.747573 0.726295
vt 0.717256 0.726295
vt 0.717256 0.723906
vt 0.747573 0.723906
vt 0.747255 0.563911
vt 0.747255 0.566295
vt 0.529197 0.726295
vt 0.529197 0.723906
vt 0.529297 0.563911
vt 0.716995 0.563911
vt 0.716995 0.566295
vt 0.529297 0.566295
vt 0.517047 0.726295
vt 0.517047 0.723906
vt 0.507288 0.563911
vt 0.517170 0.563911
vt 0.517170 0.566295
vt 0.507288 0.566295
vt 0.507145 0.726295
vt 0.496774 0.726295
vt 0.496774 0.723906
vt 0.507145 0.723906
vt 0.486122 0.563911
vt 0.496936 0.563911
vt 0.496936 0.566295
vt 0.486122 0.566295
vt 0.914763 0.022264
vt 0.894372 0.022313
vt 0.436931 0.020666
vt 0.436914 0.003908
vt 0.455703 0.563911
vt 0.455703 0.566295
vt 0.485939 0.726295
vt 0.485939 0.723906
vt 0.031226 0.760853
vt 0.029153 0.760853
vt 0.029153 0.735784
vt 0.031226 0.735784
vt 0.455461 0.726295
vt 0.455461 0.723906
vt 0.003906 0.278120
vt 0.003906 0.266763
vt 0.460314 0.418120
vt 0.460314 0.406762
vt 0.008363 0.760859
vt 0.006292 0.760859
vt 0.006292 0.735811
vt 0.008363 0.735811
vt 0.494504 0.034057
vt 0.494504 0.051340
vt 0.555825 0.051315
vt 0.555811 0.034033
vt 0.576248 0.034032
vt 0.580807 0.051314
vt 0.436929 0.023006
vt 0.617147 0.051242
vt 0.617120 0.033960
vt 0.637556 0.033943
vt 0.642129 0.051221
vt 0.145899 0.760028
vt 0.147969 0.760028
vt 0.147969 0.785066
vt 0.145899 0.785066
vt 0.452503 0.406761
vt 0.452503 0.418122
vt 0.410223 0.418122
vt 0.410223 0.406761
vt 0.368742 0.418122
vt 0.368742 0.406761
vt 0.327410 0.418122
vt 0.327410 0.406761
vt 0.296279 0.406690
vt 0.296279 0.418193
vt 0.265447 0.418122
vt 0.265447 0.406761
vt 0.074889 0.418123
vt 0.074889 0.406761
vt 0.062914 0.406761
vt 0.062914 0.418123
vt 0.053673 0.418123
vt 0.053673 0.406761
vt 0.044139 0.406761
vt 0.044139 0.418123
vt 0.034000 0.418123
vt 0.034000 0.406761
vt 0.837451 0.050601
vt 0.826093 0.050650
vt 0.821479 0.033383
vt 0.841915 0.033294
vt 0.456093 0.218120
vt 0.415384 0.218120
vt 0.415384 0.206763
vt 0.456093 0.206763
vt 0.374821 0.218120
vt 0.374821 0.206764
vt 0.334206 0.218120
vt 0.334206 0.206764
vt 0.303326 0.218191
vt 0.272737 0.218121
vt 0.272737 0.206764
vt 0.303326 0.206693
vt 0.082300 0.218121
vt 0.082299 0.206764
vt 0.069660 0.218121
vt 0.058840 0.218121
vt 0.058840 0.206764
vt 0.069660 0.206764
vt 0.047364 0.218121
vt 0.035550 0.218121
vt 0.035550 0.206764
vt 0.047364 0.206764
vt 0.848951 0.003908
vt 0.853600 0.020047
vt 0.833114 0.020111
vt 0.837727 0.003908
vt 0.456177 0.689623
vt 0.497075 0.689623
vt 0.497075 0.692008
vt 0.456177 0.692008
vt 0.044806 0.680582
vt 0.003910 0.680582
vt 0.003910 0.678197
vt 0.044806 0.678197
vt 0.537507 0.689623
vt 0.537507 0.692008
vt 0.085237 0.680582
vt 0.085237 0.678197
vt 0.577890 0.689623
vt 0.577890 0.692008
vt 0.125619 0.680582
vt 0.125619 0.678197
vt 0.608450 0.689623
vt 0.638719 0.689623
vt 0.638719 0.692008
vt 0.608450 0.692008
vt 0.156178 0.680582
vt 0.156178 0.678197
vt 0.826479 0.689623
vt 0.826479 0.692008
vt 0.374200 0.680582
vt 0.186446 0.680582
vt 0.186446 0.678197
vt 0.374200 0.678197
vt 0.838609 0.689623
vt 0.838609 0.692008
vt 0.396216 0.680582
vt 0.386330 0.680582
vt 0.386330 0.678197
vt 0.396216 0.678197
vt 0.848495 0.689623
vt 0.858850 0.689623
vt 0.858850 0.692008
vt 0.848495 0.692008
vt 0.417388 0.680582
vt 0.406570 0.680582
vt 0.406570 0.678197
vt 0.417388 0.678197
vt 0.853598 0.022328
vt 0.833129 0.022395
vt 0.563060 0.020657
vt 0.563034 0.003908
vt 0.588766 0.003908
vt 0.584012 0.020461
vt 0.447816 0.680582
vt 0.447816 0.678197
vt 0.869668 0.689623
vt 0.869668 0.692008
vt 0.625986 0.020634
vt 0.625958 0.003908
vt 0.651597 0.003908
vt 0.646888 0.020462
vt 0.900097 0.689623
vt 0.900097 0.692008
vt 0.003903 0.218121
vt 0.003903 0.206764
vt 0.003902 0.418123
vt 0.003902 0.406761
vt 0.089642 0.760064
vt 0.087570 0.760064
vt 0.087570 0.735004
vt 0.089642 0.735004
vt 0.625990 0.022967
vt 0.646903 0.022796
vt 0.678469 0.051121
vt 0.678428 0.033838
vt 0.698864 0.033805
vt 0.703451 0.051079
vt 0.563066 0.022997
vt 0.584022 0.022803
vt 0.739790 0.050951
vt 0.739736 0.033668
vt 0.760171 0.033618
vt 0.764772 0.050889
vt 0.097013 0.759603
vt 0.099089 0.759603
vt 0.099089 0.784710
vt 0.097013 0.784710
vt 0.460131 0.358122
vt 0.460131 0.346766
vt 0.502391 0.346765
vt 0.502392 0.358122
vt 0.543854 0.346765
vt 0.543854 0.358122
vt 0.585166 0.346765
vt 0.585166 0.358122
vt 0.616283 0.358192
vt 0.616283 0.346695
vt 0.647101 0.346765
vt 0.647101 0.358121
vt 0.837573 0.346764
vt 0.837573 0.358120
vt 0.849542 0.358120
vt 0.849542 0.346764
vt 0.858778 0.346764
vt 0.858778 0.358120
vt 0.868308 0.358120
vt 0.868308 0.346764
vt 0.878442 0.346764
vt 0.878442 0.358120
vt 0.776130 0.050849
vt 0.780607 0.033545
vt 0.003909 0.286763
vt 0.044618 0.286763
vt 0.044618 0.298120
vt 0.003909 0.298120
vt 0.085181 0.286763
vt 0.085181 0.298120
vt 0.125795 0.286763
vt 0.125795 0.298120
vt 0.156675 0.286693
vt 0.187263 0.286763
vt 0.187263 0.298120
vt 0.156675 0.298190
vt 0.377701 0.286763
vt 0.377701 0.298120
vt 0.390341 0.286763
vt 0.401161 0.286763
vt 0.401161 0.298120
vt 0.390341 0.298120
vt 0.412637 0.286763
vt 0.424450 0.286763
vt 0.424450 0.298120
vt 0.412637 0.298120
vt 0.787454 0.003908
vt 0.792136 0.020145
vt 0.771515 0.020223
vt 0.776155 0.003908
vt 0.900325 0.714866
vt 0.859357 0.714866
vt 0.859357 0.712476
vt 0.900325 0.712477
vt 0.406974 0.586763
vt 0.447876 0.586763
vt 0.447876 0.589148
vt 0.406974 0.589148
vt 0.818856 0.714866
vt 0.818856 0.712476
vt 0.366538 0.586763
vt 0.366538 0.589148
vt 0.778403 0.714866
vt 0.778403 0.712476
vt 0.326150 0.586763
vt 0.326150 0.589148
vt 0.747790 0.714866
vt 0.717469 0.714866
vt 0.717469 0.712476
vt 0.747790 0.712476
vt 0.295587 0.586763
vt 0.295587 0.589148
vt 0.529386 0.714865
vt 0.529386 0.712476
vt 0.077535 0.586763
vt 0.265315 0.586763
vt 0.265315 0.589148
vt 0.077535 0.589148
vt 0.517235 0.714865
vt 0.517235 0.712476
vt 0.055516 0.586763
vt 0.065404 0.586763
vt 0.065404 0.589148
vt 0.055516 0.589148
vt 0.507332 0.714865
vt 0.496960 0.714865
vt 0.496960 0.712476
vt 0.507332 0.712476
vt 0.034342 0.586763
vt 0.045161 0.586763
vt 0.045161 0.589148
vt 0.034342 0.589148
vt 0.792136 0.022441
vt 0.771531 0.022523
vt 0.688652 0.020521
vt 0.688619 0.003908
vt 0.714107 0.003908
vt 0.709428 0.020355
vt 0.003909 0.586763
vt 0.003909 0.589148
vt 0.486123 0.714865
vt 0.486123 0.712476
vt 0.750907 0.020394
vt 0.750872 0.003908
vt 0.455641 0.714865
vt 0.455641 0.712476
vt 0.456098 0.286763
vt 0.456098 0.298120
vt 0.908526 0.346763
vt 0.908526 0.358120
vt 0.127440 0.760570
vt 0.129512 0.760570
vt 0.129512 0.785631
vt 0.127440 0.785631
vt 0.750911 0.022697
vt 0.801112 0.050731
vt 0.801043 0.033449
vt 0.688655 0.022840
vt 0.709444 0.022674
vt 0.862433 0.050464
vt 0.862351 0.033181
vt 0.039337 0.760971
vt 0.037264 0.760971
vt 0.037264 0.735903
vt 0.039337 0.735903
vt 0.452413 0.466759
vt 0.452413 0.478119
vt 0.410142 0.478119
vt 0.410142 0.466760
vt 0.368668 0.478119
vt 0.368668 0.466760
vt 0.327345 0.478120
vt 0.327345 0.466760
vt 0.296220 0.466690
vt 0.296221 0.478190
vt 0.265394 0.478120
vt 0.265394 0.466761
vt 0.074874 0.478122
vt 0.074874 0.466762
vt 0.062902 0.466762
vt 0.062902 0.478122
vt 0.053663 0.478122
vt 0.053663 0.466763
vt 0.044131 0.466763
vt 0.044131 0.478122
vt 0.033994 0.478122
vt 0.033994 0.466763
vt 0.714809 0.051048
vt 0.719300 0.033748
vt 0.916108 0.218123
vt 0.875398 0.218123
vt 0.875398 0.206766
vt 0.916108 0.206766
vt 0.834834 0.218123
vt 0.834834 0.206766
vt 0.794218 0.218123
vt 0.794218 0.206766
vt 0.763337 0.218194
vt 0.732748 0.218123
vt 0.732748 0.206766
vt 0.763337 0.206696
vt 0.542303 0.218124
vt 0.542303 0.206767
vt 0.529663 0.218124
vt 0.518843 0.218124
vt 0.518843 0.206767
vt 0.529663 0.206767
vt 0.507366 0.218124
vt 0.495553 0.218124
vt 0.495553 0.206767
vt 0.507366 0.206767
vt 0.725500 0.003908
vt 0.730221 0.020276
vt 0.003904 0.723910
vt 0.044786 0.723910
vt 0.044786 0.726294
vt 0.003904 0.726294
vt 0.496611 0.554862
vt 0.455709 0.554862
vt 0.455709 0.552477
vt 0.496611 0.552477
vt 0.085202 0.723910
vt 0.085202 0.726294
vt 0.537048 0.554862
vt 0.537048 0.552477
vt 0.125569 0.723910
vt 0.125569 0.726294
vt 0.577435 0.554862
vt 0.577435 0.552477
vt 0.156117 0.723910
vt 0.186374 0.723910
vt 0.186374 0.726294
vt 0.156117 0.726294
vt 0.607998 0.554862
vt 0.607998 0.552477
vt 0.374060 0.723910
vt 0.374060 0.726294
vt 0.826051 0.554862
vt 0.638271 0.554862
vt 0.638271 0.552477
vt 0.826051 0.552477
vt 0.386186 0.723910
vt 0.386186 0.726294
vt 0.848069 0.554862
vt 0.838182 0.554862
vt 0.838182 0.552477
vt 0.848069 0.552477
vt 0.396068 0.723910
vt 0.406418 0.723910
vt 0.406418 0.726294
vt 0.396068 0.726294
vt 0.869244 0.554862
vt 0.858425 0.554862
vt 0.858425 0.552477
vt 0.869244 0.552477
vt 0.730220 0.022591
vt 0.812656 0.020269
vt 0.812624 0.003908
vt 0.899677 0.554862
vt 0.899677 0.552477
vt 0.417232 0.723910
vt 0.417232 0.726294
vt 0.874001 0.020183
vt 0.873975 0.003908
vt 0.447649 0.723910
vt 0.447649 0.726294
vt 0.463904 0.218124
vt 0.463904 0.206767
vt 0.003902 0.478122
vt 0.003902 0.466763
vt 0.119928 0.760139
vt 0.117858 0.760139
vt 0.117858 0.735100
vt 0.119928 0.735100
vt 0.874004 0.022455
vt 0.923754 0.050147
vt 0.923658 0.032865
vt 0.812660 0.022554
vt 0.003932 0.049781
vt 0.004042 0.032499
vt 0.157668 0.760193
vt 0.155585 0.760193
vt 0.155585 0.735008
vt 0.157668 0.735008
vt 0.908916 0.446760
vt 0.908916 0.458121
vt 0.866636 0.458122
vt 0.866636 0.446760
vt 0.825155 0.458122
vt 0.825155 0.446760
vt 0.783825 0.458122
vt 0.783825 0.446760
vt 0.752694 0.446690
vt 0.752694 0.458192
vt 0.721862 0.458122
vt 0.721862 0.446760
vt 0.531306 0.458122
vt 0.531306 0.446760
vt 0.519331 0.446760
vt 0.519331 0.458122
vt 0.510091 0.458122
vt 0.510091 0.446761
vt 0.500557 0.446761
vt 0.500557 0.458122
vt 0.490418 0.458122
vt 0.490418 0.446761
vt 0.653487 0.051199
vt 0.657992 0.033902
vt 0.456159 0.318128
vt 0.415444 0.318127
vt 0.415444 0.306769
vt 0.456159 0.306769
vt 0.374876 0.318127
vt 0.374876 0.306769
vt 0.334256 0.318127
vt 0.334256 0.306769
vt 0.303372 0.318197
vt 0.272779 0.318126
vt 0.272779 0.306768
vt 0.303372 0.306698
vt 0.082314 0.318125
vt 0.082314 0.306767
vt 0.069673 0.318125
vt 0.058851 0.318125
vt 0.058851 0.306767
vt 0.069673 0.306767
vt 0.047373 0.318125
vt 0.035558 0.318125
vt 0.035558 0.306767
vt 0.047373 0.306767
vt 0.663063 0.003908
vt 0.667815 0.020391
vt 0.448389 0.703433
vt 0.407440 0.703433
vt 0.407440 0.701045
vt 0.448389 0.701045
vt 0.407142 0.655330
vt 0.448061 0.655330
vt 0.448061 0.657717
vt 0.407142 0.657717
vt 0.366957 0.703433
vt 0.366957 0.701045
vt 0.366688 0.655330
vt 0.366688 0.657717
vt 0.326522 0.703433
vt 0.326522 0.701045
vt 0.326284 0.655330
vt 0.326284 0.657717
vt 0.295924 0.703433
vt 0.265616 0.703433
vt 0.265616 0.701045
vt 0.295924 0.701045
vt 0.295708 0.655330
vt 0.295708 0.657717
vt 0.077619 0.703433
vt 0.077619 0.701045
vt 0.077563 0.655330
vt 0.265422 0.655330
vt 0.265422 0.657717
vt 0.077563 0.657717
vt 0.065473 0.703433
vt 0.065473 0.701045
vt 0.055535 0.655330
vt 0.065426 0.655330
vt 0.065426 0.657717
vt 0.055535 0.657717
vt 0.055574 0.703433
vt 0.045207 0.703433
vt 0.045207 0.701045
vt 0.055574 0.701045
vt 0.034351 0.655330
vt 0.045175 0.655330
vt 0.045175 0.657717
vt 0.034351 0.657717
vt 0.667813 0.022721
vt 0.935114 0.020123
vt 0.935067 0.003908
vt 0.003905 0.655330
vt 0.003905 0.657717
vt 0.034375 0.703433
vt 0.034375 0.701045
vt 0.004056 0.020362
vt 0.003938 0.003908
vt 0.003907 0.703433
vt 0.003907 0.701045
vt 0.003906 0.318125
vt 0.003906 0.306767
vt 0.460320 0.458122
vt 0.460320 0.446760
vt 0.047153 0.761031
vt 0.049228 0.761031
vt 0.049228 0.786135
vt 0.047153 0.786135
vt 0.004243 0.022637
vt 0.065253 0.050147
vt 0.065349 0.032864
vt 0.935119 0.022389
vt 0.126574 0.050463
vt 0.126656 0.033181
vt 0.069746 0.761167
vt 0.067674 0.761167
vt 0.067674 0.736097
vt 0.069746 0.736097
vt 0.908636 0.466765
vt 0.908636 0.478122
vt 0.866374 0.478122
vt 0.866374 0.466765
vt 0.824909 0.478123
vt 0.824909 0.466766
vt 0.783595 0.478123
vt 0.783594 0.466766
vt 0.752476 0.466696
vt 0.752476 0.478194
vt 0.721656 0.478124
vt 0.721656 0.466767
vt 0.531175 0.478125
vt 0.531175 0.466768
vt 0.519205 0.466768
vt 0.519206 0.478125
vt 0.509969 0.478125
vt 0.509969 0.466768
vt 0.500439 0.466768
vt 0.500439 0.478126
vt 0.490305 0.478126
vt 0.490305 0.466768
vt 0.592166 0.051300
vt 0.596684 0.034007
vt 0.916194 0.278121
vt 0.875476 0.278121
vt 0.875476 0.266762
vt 0.916194 0.266762
vt 0.834905 0.278121
vt 0.834905 0.266762
vt 0.794282 0.278121
vt 0.794282 0.266762
vt 0.763395 0.278192
vt 0.732799 0.278121
vt 0.732799 0.266762
vt 0.763395 0.266692
vt 0.542317 0.278122
vt 0.542317 0.266762
vt 0.529675 0.278122
vt 0.518852 0.278122
vt 0.518852 0.266762
vt 0.529675 0.266762
vt 0.507373 0.278122
vt 0.495557 0.278121
vt 0.495557 0.266762
vt 0.507373 0.266762
vt 0.600275 0.003908
vt 0.605036 0.020506
vt 0.447888 0.646293
vt 0.406984 0.646293
vt 0.406984 0.643908
vt 0.447888 0.643908
vt 0.497097 0.703436
vt 0.456203 0.703436
vt 0.456203 0.701052
vt 0.497097 0.701052
vt 0.366547 0.646293
vt 0.366547 0.643908
vt 0.537526 0.703436
vt 0.537526 0.701052
vt 0.326158 0.646293
vt 0.326158 0.643908
vt 0.577905 0.703436
vt 0.577905 0.701052
vt 0.295594 0.646293
vt 0.265321 0.646293
vt 0.265321 0.643908
vt 0.295594 0.643908
vt 0.608462 0.703436
vt 0.608462 0.701052
vt 0.077535 0.646293
vt 0.077535 0.643908
vt 0.826472 0.703436
vt 0.638729 0.703436
vt 0.638729 0.701052
vt 0.826472 0.701052
vt 0.065403 0.646293
vt 0.065403 0.643908
vt 0.848486 0.703436
vt 0.838601 0.703436
vt 0.838601 0.701052
vt 0.848486 0.701052
vt 0.055516 0.646293
vt 0.045160 0.646293
vt 0.045160 0.643908
vt 0.055516 0.643908
vt 0.869657 0.703436
vt 0.858840 0.703436
vt 0.858840 0.701052
vt 0.869657 0.701052
vt 0.605027 0.022848
vt 0.064915 0.020117
vt 0.064910 0.003908
vt 0.900083 0.703436
vt 0.900083 0.701052
vt 0.034340 0.646293
vt 0.034340 0.643908
vt 0.126010 0.020183
vt 0.125997 0.003908
vt 0.003907 0.646293
vt 0.003907 0.643908
vt 0.463902 0.278121
vt 0.463902 0.266762
vt 0.460219 0.478126
vt 0.460219 0.466769
vt 0.056239 0.761149
vt 0.058313 0.761149
vt 0.058313 0.786240
vt 0.056239 0.786240
vt 0.126007 0.022455
vt 0.187895 0.050731
vt 0.187964 0.033448
vt 0.064910 0.022382
vt 0.249216 0.050950
vt 0.249271 0.033667
vt 0.138383 0.759963
vt 0.136307 0.759963
vt 0.136307 0.734863
vt 0.138383 0.734863
vt 0.003910 0.398125
vt 0.003910 0.386768
vt 0.046171 0.386768
vt 0.046171 0.398125
vt 0.087634 0.386768
vt 0.087634 0.398125
vt 0.128947 0.386768
vt 0.128947 0.398125
vt 0.160064 0.398195
vt 0.160064 0.386698
vt 0.190883 0.386768
vt 0.190883 0.398125
vt 0.381357 0.386768
vt 0.381357 0.398125
vt 0.393326 0.398125
vt 0.393326 0.386768
vt 0.402563 0.386768
vt 0.402563 0.398125
vt 0.412093 0.398125
vt 0.412093 0.386768
vt 0.422227 0.386768
vt 0.422227 0.398125
vt 0.530843 0.051353
vt 0.519485 0.051358
vt 0.514939 0.034072
vt 0.535376 0.034064
vt 0.916159 0.258119
vt 0.875447 0.258120
vt 0.875446 0.246762
vt 0.916159 0.246762
vt 0.834881 0.258120
vt 0.834881 0.246762
vt 0.794264 0.258120
vt 0.794264 0.246762
vt 0.763381 0.258191
vt 0.732790 0.258120
vt 0.732790 0.246762
vt 0.763381 0.246692
vt 0.542334 0.258121
vt 0.542334 0.246763
vt 0.529693 0.258121
vt 0.518872 0.258121
vt 0.518872 0.246763
vt 0.529693 0.246763
vt 0.507395 0.258121
vt 0.495581 0.258121
vt 0.495581 0.246763
vt 0.507395 0.246763
vt 0.537279 0.003908
vt 0.542051 0.020543
vt 0.520978 0.020485
vt 0.525744 0.003908
vt 0.003909 0.712478
vt 0.044807 0.712478
vt 0.044807 0.714863
vt 0.003909 0.714863
vt 0.044808 0.612008
vt 0.003902 0.612008
vt 0.003902 0.609622
vt 0.044808 0.609622
vt 0.085240 0.712478
vt 0.085240 0.714863
vt 0.085248 0.612008
vt 0.085248 0.609622
vt 0.125624 0.712478
vt 0.125624 0.714863
vt 0.125639 0.612008
vt 0.125639 0.609622
vt 0.156184 0.712478
vt 0.186454 0.712478
vt 0.186454 0.714864
vt 0.156184 0.714863
vt 0.156205 0.612008
vt 0.156205 0.609622
vt 0.374216 0.712478
vt 0.374216 0.714863
vt 0.374279 0.612008
vt 0.186481 0.612008
vt 0.186481 0.609622
vt 0.374279 0.609622
vt 0.386346 0.712478
vt 0.386346 0.714863
vt 0.396299 0.612008
vt 0.386411 0.612008
vt 0.386411 0.609623
vt 0.396299 0.609623
vt 0.396233 0.712478
vt 0.406587 0.712478
vt 0.406587 0.714863
vt 0.396233 0.714863
vt 0.417477 0.612008
vt 0.406656 0.612008
vt 0.406656 0.609623
vt 0.417477 0.609623
vt 0.542043 0.022890
vt 0.520985 0.022831
vt 0.187350 0.020270
vt 0.187342 0.003908
vt 0.447912 0.612008
vt 0.447912 0.609623
vt 0.417406 0.712478
vt 0.417406 0.714864
vt 0.249094 0.020396
vt 0.249088 0.003908
vt 0.447835 0.712478
vt 0.447835 0.714864
vt 0.463930 0.258121
vt 0.463930 0.246763
vt 0.452312 0.386768
vt 0.452312 0.398125
vt 0.109548 0.760352
vt 0.107478 0.760352
vt 0.107478 0.735312
vt 0.109548 0.735312
vt 0.249089 0.022698
vt 0.310538 0.051120
vt 0.310579 0.033838
vt 0.187346 0.022554
vt 0.311344 0.020522
vt 0.311336 0.003908
vt 0.311339 0.022842
vt 0.842429 0.092422
vt 0.842429 0.081063
vt 0.870981 0.086743
vt 0.846776 0.070569
vt 0.854808 0.062538
vt 0.865301 0.058191
vt 0.876660 0.058191
vt 0.887154 0.062538
vt 0.895186 0.070569
vt 0.899533 0.081063
vt 0.899533 0.092422
vt 0.895186 0.102916
vt 0.887154 0.110948
vt 0.876660 0.115294
vt 0.865301 0.115294
vt 0.854808 0.110948
vt 0.846776 0.102916
vt 0.907344 0.081067
vt 0.911690 0.070574
vt 0.935894 0.086746
vt 0.919722 0.062542
vt 0.930215 0.058196
vt 0.941573 0.058196
vt 0.952067 0.062542
vt 0.960099 0.070574
vt 0.964445 0.081067
vt 0.964445 0.092425
vt 0.960099 0.102919
vt 0.952067 0.110950
vt 0.941573 0.115297
vt 0.930215 0.115297
vt 0.919722 0.110950
vt 0.911690 0.102919
vt 0.907344 0.092425
vt 0.145899 0.734990
vt 0.147969 0.734990
vt 0.008363 0.785906
vt 0.006292 0.785906
vt 0.031226 0.785923
vt 0.029153 0.785923
vt 0.078564 0.785940
vt 0.076492 0.785940
vt 0.019792 0.785909
vt 0.017716 0.785909
vt 0.109548 0.785393
vt 0.107478 0.785393
vt 0.138383 0.785064
vt 0.136307 0.785064
vt 0.056239 0.736059
vt 0.058313 0.736059
vt 0.069746 0.786237
vt 0.067674 0.786237
vt 0.047153 0.735927
vt 0.049228 0.735927
vt 0.995861 0.020312
vt 0.995674 0.022540
vt 0.996046 0.003908
vt 0.157668 0.785378
vt 0.155585 0.785378
vt 0.984965 0.032499
vt 0.985074 0.049782
vt 0.119928 0.785178
vt 0.117858 0.785178
vt 0.039337 0.786040
vt 0.037264 0.786040
vt 0.127440 0.735510
vt 0.129512 0.735510
vt 0.097013 0.734496
vt 0.099089 0.734496
vt 0.089642 0.785124
vt 0.087570 0.785124
vt 0.466480 0.735274
vt 0.466480 0.746605
vt 0.414444 0.746605
vt 0.414444 0.735274
vt 0.504095 0.735274
vt 0.504095 0.746605
vt 0.480795 0.746605
vt 0.480795 0.735274
vt 0.407269 0.746605
vt 0.407269 0.735274
vt 0.400161 0.746605
vt 0.400161 0.735274
vt 0.473654 0.735274
vt 0.473654 0.746605
vt 0.376555 0.746605
vt 0.376555 0.735274
vt 0.513536 0.735274
vt 0.513536 0.746605
vt 0.367551 0.746605
vt 0.367551 0.735274
vt 0.413470 0.753377
vt 0.466697 0.753377
vt 0.466697 0.764707
vt 0.413470 0.764707
vt 0.366819 0.753377
vt 0.395724 0.753377
vt 0.395724 0.764707
vt 0.366819 0.764707
vt 0.475569 0.753377
vt 0.475569 0.764707
vt 0.484442 0.753377
vt 0.484442 0.764707
vt 0.404597 0.764707
vt 0.404597 0.753377
vt 0.513723 0.764707
vt 0.513723 0.753377
vt 0.438990 0.809280
vt 0.445730 0.806820
vt 0.447903 0.809558
vt 0.439568 0.812601
vt 0.479471 0.807166
vt 0.486211 0.809627
vt 0.485633 0.812948
vt 0.477298 0.809905
vt 0.449620 0.800871
vt 0.452759 0.802132
vt 0.475581 0.801217
vt 0.472442 0.802478
vt 0.538250 0.809356
vt 0.544964 0.806825
vt 0.547166 0.809541
vt 0.538863 0.812671
vt 0.380241 0.806478
vt 0.386954 0.809009
vt 0.386341 0.812323
vt 0.378039 0.809193
vt 0.548809 0.800808
vt 0.551944 0.802064
vt 0.376395 0.800461
vt 0.373261 0.801717
vt 0.471239 0.778012
vt 0.467056 0.773695
vt 0.453962 0.777667
vt 0.458145 0.773350
vt 0.371919 0.777595
vt 0.367707 0.773350
vt 0.553287 0.777941
vt 0.557499 0.773695
vt 0.391868 0.788656
vt 0.403198 0.788656
vt 0.403198 0.791973
vt 0.391868 0.791973
vt 0.418604 0.788707
vt 0.429935 0.788707
vt 0.429935 0.792024
vt 0.418604 0.792024
vt 0.544036 0.779828
vt 0.543372 0.776577
vt 0.381169 0.779482
vt 0.381832 0.776232
vt 0.445169 0.779600
vt 0.444456 0.776360
vt 0.480033 0.779946
vt 0.480745 0.776706
s 1
f 12/1/1 14/2/1 6/3/2 8/4/2
f 4/5/3 3/6/3 15/7/4 11/8/4
f 8/4/2 6/3/2 7/9/5 10/10/5
f 10/10/5 7/9/5 5/11/6 9/12/6
f 14/2/1 12/1/1 13/13/7 16/14/7
f 16/14/7 13/13/7 11/8/4 15/7/4
f 1/15/8 2/16/8 9/12/6 5/11/6
f 3/6/9 4/5/9 20/17/9 19/18/9
f 2/16/10 1/15/10 17/19/10 18/20/10
f 32/21/11 28/22/12 26/23/12 34/24/11
f 24/25/13 31/26/14 35/27/14 23/28/13
f 28/22/12 30/29/15 27/30/15 26/23/12
f 30/29/15 29/31/16 25/32/16 27/30/15
f 34/24/11 36/33/17 33/34/17 32/21/11
f 36/33/17 35/27/14 31/26/14 33/34/17
f 21/35/18 25/32/16 29/31/16 22/36/18
f 8/37/19 10/38/19 30/39/19 28/40/19
f 7/41/20 6/42/20 26/43/20 27/44/20
f 10/38/19 9/45/19 29/46/19 30/39/19
f 5/47/20 7/41/20 27/44/20 25/48/20
f 14/49/20 16/50/20 36/51/20 34/52/20
f 13/53/19 12/54/19 32/55/19 33/56/19
f 16/50/20 15/57/20 35/58/20 36/51/20
f 11/59/19 13/53/19 33/56/19 31/60/19
f 1/61/20 5/47/20 25/48/20 21/62/20
f 9/45/19 2/63/19 22/64/19 29/46/19
f 12/54/19 8/37/19 28/40/19 32/55/19
f 6/42/20 14/49/20 34/52/20 26/43/20
f 4/65/19 11/59/19 31/60/19 24/66/19
f 15/57/20 3/67/20 23/68/20 35/58/20
f 18/69/21 17/70/21 37/71/21 38/72/21
f 19/73/22 20/74/22 40/75/22 39/76/22
f 3/67/20 19/77/20 39/78/20 23/68/20
f 20/79/19 4/65/19 24/66/19 40/80/19
f 2/63/19 18/81/19 38/82/19 22/64/19
f 17/83/20 1/61/20 21/62/20 37/84/20
f 42/85/23 41/86/23 43/87/24 44/88/24
f 51/89/25 52/90/25 45/91/26 46/92/26
f 146/93/27 145/94/27 47/95/28 48/96/28
f 46/92/26 45/91/26 50/97/29 49/98/29
f 44/88/24 43/87/24 52/90/25 51/89/25
f 54/99/30 53/100/30 55/101/31 56/102/31
f 63/103/32 64/104/32 57/105/33 58/106/33
f 150/107/34 149/108/34 59/109/35 60/110/35
f 58/106/33 57/105/33 62/111/36 61/112/36
f 56/102/31 55/101/31 64/104/32 63/103/32
f 66/113/37 65/114/37 67/115/38 68/116/38
f 75/117/39 76/118/39 69/119/40 70/120/40
f 138/121/41 137/122/41 71/123/42 72/124/42
f 70/120/40 69/119/40 74/125/43 73/126/43
f 68/116/38 67/115/38 76/118/39 75/117/39
f 78/127/44 77/128/44 79/129/45 80/130/45
f 87/131/46 88/132/46 81/133/47 82/134/47
f 142/135/48 141/136/48 83/137/49 84/138/49
f 82/134/47 81/133/47 86/139/50 85/140/50
f 80/130/45 79/129/45 88/132/46 87/131/46
f 90/141/37 92/142/51 91/143/51 89/144/37
f 99/145/52 94/146/53 93/147/53 100/148/52
f 148/149/20 96/150/20 95/151/20 147/152/20
f 94/153/53 97/154/54 98/155/54 93/156/53
f 92/142/51 99/145/52 100/148/52 91/143/51
f 102/157/44 104/158/55 103/159/55 101/160/44
f 111/161/56 106/162/57 105/163/57 112/164/56
f 152/165/20 108/166/20 107/167/20 151/168/20
f 106/169/57 109/170/58 110/171/58 105/172/57
f 104/158/55 111/161/56 112/164/56 103/159/55
f 114/173/23 116/174/59 115/175/59 113/176/23
f 123/177/60 118/178/61 117/179/61 124/180/60
f 140/181/20 120/182/20 119/183/20 139/184/20
f 118/185/61 121/186/62 122/187/62 117/188/61
f 116/174/59 123/177/60 124/180/60 115/175/59
f 126/189/30 128/190/63 127/191/63 125/192/30
f 135/193/64 130/194/65 129/195/65 136/196/64
f 144/197/20 132/198/20 131/199/20 143/200/20
f 130/201/65 133/202/66 134/203/66 129/204/65
f 128/190/63 135/193/64 136/196/64 127/191/63
f 41/86/19 42/85/19 90/205/19 89/206/19
f 42/85/30 44/88/30 92/207/30 90/208/30
f 43/87/44 41/86/44 89/209/44 91/210/44
f 44/88/30 51/89/30 99/211/30 92/207/30
f 45/91/44 52/90/44 100/212/44 93/213/44
f 46/92/30 49/98/67 97/214/68 94/215/30
f 145/94/69 50/97/70 98/216/71 147/217/72
f 48/96/23 47/95/23 95/218/23 96/219/23
f 146/93/73 48/96/30 96/220/30 148/221/74
f 50/97/70 45/91/44 93/213/44 98/216/71
f 51/89/30 46/92/30 94/215/30 99/211/30
f 52/90/44 43/87/44 91/210/44 100/212/44
f 53/100/19 54/99/19 102/222/19 101/223/19
f 54/99/37 56/102/37 104/224/37 102/225/37
f 55/101/23 53/100/23 101/226/23 103/227/23
f 56/102/37 63/103/37 111/228/37 104/224/37
f 57/105/23 64/104/23 112/229/23 105/230/23
f 58/106/37 61/112/75 109/231/76 106/232/37
f 149/108/77 62/111/78 110/233/79 151/234/80
f 60/110/30 59/109/30 107/235/30 108/236/30
f 150/107/81 60/110/37 108/237/37 152/238/82
f 62/111/78 57/105/23 105/230/23 110/233/79
f 63/103/37 58/106/37 106/232/37 111/228/37
f 64/104/23 55/101/23 103/227/23 112/229/23
f 65/114/19 66/113/19 114/239/19 113/240/19
f 66/113/44 68/116/44 116/241/44 114/242/44
f 67/115/30 65/114/30 113/243/30 115/244/30
f 68/116/44 75/117/44 123/245/44 116/241/44
f 69/119/30 76/118/30 124/246/30 117/247/30
f 70/120/44 73/126/83 121/248/84 118/249/44
f 137/122/85 74/125/86 122/250/87 139/251/88
f 72/124/37 71/123/37 119/252/37 120/253/37
f 138/121/89 72/124/44 120/254/44 140/255/90
f 74/125/86 69/119/30 117/247/30 122/250/87
f 75/117/44 70/120/44 118/249/44 123/245/44
f 76/118/30 67/115/30 115/244/30 124/246/30
f 77/128/19 78/127/19 126/256/19 125/257/19
f 78/127/23 80/130/23 128/258/23 126/259/23
f 79/129/37 77/128/37 125/260/37 127/261/37
f 80/130/23 87/131/23 135/262/23 128/258/23
f 81/133/37 88/132/37 136/263/37 129/264/37
f 82/134/23 85/140/91 133/265/92 130/266/23
f 141/136/93 86/139/94 134/267/95 143/268/96
f 84/138/44 83/137/44 131/269/44 132/270/44
f 142/135/97 84/138/23 132/271/23 144/272/98
f 86/139/94 81/133/37 129/264/37 134/267/95
f 87/131/23 82/134/23 130/266/23 135/262/23
f 88/132/37 79/129/37 127/261/37 136/263/37
f 73/126/83 138/121/89 140/255/90 121/248/84
f 71/123/30 137/122/85 139/251/88 119/273/30
f 121/186/62 140/181/20 139/184/20 122/187/62
f 73/126/43 74/125/43 137/122/41 138/121/41
f 85/140/91 142/135/97 144/272/98 133/265/92
f 83/137/37 141/136/93 143/268/96 131/274/37
f 133/202/66 144/197/20 143/200/20 134/203/66
f 85/140/50 86/139/50 141/136/48 142/135/48
f 49/98/67 146/93/73 148/221/74 97/214/68
f 47/95/44 145/94/69 147/217/72 95/275/44
f 97/154/54 148/149/20 147/152/20 98/155/54
f 49/98/29 50/97/29 145/94/27 146/93/27
f 61/112/75 150/107/81 152/238/82 109/231/76
f 59/109/23 149/108/77 151/234/80 107/276/23
f 109/170/58 152/165/20 151/168/20 110/171/58
f 61/112/36 62/111/36 149/108/34 150/107/34
f 165/277/99 166/278/100 182/279/100 181/280/99
f 158/281/101 159/282/102 175/283/102 174/284/101
f 166/278/100 167/285/103 183/286/103 182/279/100
f 159/282/102 160/287/104 176/288/104 175/283/102
f 167/285/103 168/289/105 184/290/105 183/286/103
f 160/287/104 161/291/106 177/292/106 176/288/104
f 153/293/107 154/294/108 170/295/108 169/296/107
f 168/289/105 153/293/107 169/296/107 184/290/105
f 161/291/106 162/297/109 178/298/109 177/292/106
f 154/299/108 155/300/110 171/301/110 170/302/108
f 162/297/109 163/303/111 179/304/111 178/298/109
f 155/300/110 156/305/112 172/306/112 171/301/110
f 163/303/111 164/307/113 180/308/113 179/304/111
f 156/305/112 157/309/114 173/310/114 172/306/112
f 164/307/113 165/277/99 181/280/99 180/308/113
f 157/309/114 158/281/101 174/284/101 173/310/114
f 197/311/114 213/312/114 214/313/101 198/314/101
f 190/315/100 206/316/100 207/317/103 191/318/103
f 198/314/101 214/313/101 215/319/102 199/320/102
f 191/318/103 207/317/103 208/321/105 192/322/105
f 199/320/102 215/319/102 216/323/104 200/324/104
f 192/322/105 208/321/105 209/325/107 193/326/107
f 185/327/106 201/328/106 202/329/109 186/330/109
f 200/324/104 216/323/104 201/328/106 185/327/106
f 193/326/107 209/325/107 210/331/108 194/332/108
f 186/333/109 202/334/109 203/335/111 187/336/111
f 194/332/108 210/331/108 211/337/110 195/338/110
f 187/336/111 203/335/111 204/339/113 188/340/113
f 195/338/110 211/337/110 212/341/112 196/342/112
f 188/340/113 204/339/113 205/343/99 189/344/99
f 196/342/112 212/341/112 213/312/114 197/311/114
f 189/344/99 205/343/99 206/316/100 190/315/100
f 177/345/19 178/346/19 210/331/19 209/325/19
f 165/347/20 164/348/20 196/342/20 197/311/20
f 178/346/19 179/349/19 211/337/19 210/331/19
f 166/350/20 165/347/20 197/311/20 198/314/20
f 179/349/19 180/351/19 212/341/19 211/337/19
f 167/352/20 166/350/20 198/314/20 199/320/20
f 154/353/20 153/354/20 185/327/20 186/330/20
f 180/351/19 181/355/19 213/312/19 212/341/19
f 168/356/20 167/352/20 199/320/20 200/324/20
f 155/357/20 154/358/20 186/333/20 187/336/20
f 181/355/19 182/359/19 214/313/19 213/312/19
f 153/354/20 168/356/20 200/324/20 185/327/20
f 156/360/20 155/357/20 187/336/20 188/340/20
f 182/359/19 183/361/19 215/319/19 214/313/19
f 169/362/19 170/363/19 202/329/19 201/328/19
f 157/364/20 156/360/20 188/340/20 189/344/20
f 183/361/19 184/365/19 216/323/19 215/319/19
f 170/366/19 171/367/19 203/335/19 202/334/19
f 158/368/20 157/364/20 189/344/20 190/315/20
f 184/365/19 169/362/19 201/328/19 216/323/19
f 171/367/19 172/369/19 204/339/19 203/335/19
f 159/370/20 158/368/20 190/315/20 191/318/20
f 172/369/19 173/371/19 205/343/19 204/339/19
f 160/372/20 159/370/20 191/318/20 192/322/20
f 173/371/19 174/373/19 206/316/19 205/343/19
f 161/374/20 160/372/20 192/322/20 193/326/20
f 174/373/19 175/375/19 207/317/19 206/316/19
f 162/376/20 161/374/20 193/326/20 194/332/20
f 175/375/19 176/377/19 208/321/19 207/317/19
f 163/378/20 162/376/20 194/332/20 195/338/20
f 176/377/19 177/345/19 209/325/19 208/321/19
f 164/348/20 163/378/20 195/338/20 196/342/20
f 229/379/99 230/380/100 246/381/100 245/382/99
f 222/383/101 223/384/102 239/385/102 238/386/101
f 230/380/100 231/387/103 247/388/103 246/381/100
f 223/384/102 224/389/104 240/390/104 239/385/102
f 231/387/103 232/391/105 248/392/105 247/388/103
f 224/389/104 225/393/106 241/394/106 240/390/104
f 217/395/107 218/396/108 234/397/108 233/398/107
f 232/391/105 217/395/107 233/398/107 248/392/105
f 225/393/106 226/399/109 242/400/109 241/394/106
f 218/401/108 219/402/110 235/403/110 234/404/108
f 226/399/109 227/405/111 243/406/111 242/400/109
f 219/402/110 220/407/112 236/408/112 235/403/110
f 227/405/111 228/409/113 244/410/113 243/406/111
f 220/407/112 221/411/114 237/412/114 236/408/112
f 228/409/113 229/379/99 245/382/99 244/410/113
f 221/411/114 222/383/101 238/386/101 237/412/114
f 261/413/114 277/414/114 278/415/101 262/416/101
f 254/417/100 270/418/100 271/419/103 255/420/103
f 262/416/101 278/415/101 279/421/102 263/422/102
f 255/420/103 271/419/103 272/423/105 256/424/105
f 263/422/102 279/421/102 280/425/104 264/426/104
f 256/424/105 272/423/105 273/427/107 257/428/107
f 249/429/106 265/430/106 266/431/109 250/432/109
f 264/426/104 280/425/104 265/430/106 249/429/106
f 257/428/107 273/427/107 274/433/108 258/434/108
f 250/435/109 266/436/109 267/437/111 251/438/111
f 258/434/108 274/433/108 275/439/110 259/440/110
f 251/438/111 267/437/111 268/441/113 252/442/113
f 259/440/110 275/439/110 276/443/112 260/444/112
f 252/442/113 268/441/113 269/445/99 253/446/99
f 260/444/112 276/443/112 277/414/114 261/413/114
f 253/446/99 269/445/99 270/418/100 254/417/100
f 241/447/19 242/448/19 274/433/19 273/427/19
f 229/449/20 228/450/20 260/444/20 261/413/20
f 242/448/19 243/451/19 275/439/19 274/433/19
f 230/452/20 229/449/20 261/413/20 262/416/20
f 243/451/19 244/453/19 276/443/19 275/439/19
f 231/454/20 230/452/20 262/416/20 263/422/20
f 218/455/20 217/456/20 249/429/20 250/432/20
f 244/453/19 245/457/19 277/414/19 276/443/19
f 232/458/20 231/454/20 263/422/20 264/426/20
f 219/459/20 218/460/20 250/435/20 251/438/20
f 245/457/19 246/461/19 278/415/19 277/414/19
f 217/456/20 232/458/20 264/426/20 249/429/20
f 220/462/20 219/459/20 251/438/20 252/442/20
f 246/461/19 247/463/19 279/421/19 278/415/19
f 233/464/19 234/465/19 266/431/19 265/430/19
f 221/466/20 220/462/20 252/442/20 253/446/20
f 247/463/19 248/467/19 280/425/19 279/421/19
f 234/468/19 235/469/19 267/437/19 266/436/19
f 222/470/20 221/466/20 253/446/20 254/417/20
f 248/467/19 233/464/19 265/430/19 280/425/19
f 235/469/19 236/471/19 268/441/19 267/437/19
f 223/472/20 222/470/20 254/417/20 255/420/20
f 236/471/19 237/473/19 269/445/19 268/441/19
f 224/474/20 223/472/20 255/420/20 256/424/20
f 237/473/19 238/475/19 270/418/19 269/445/19
f 225/476/20 224/474/20 256/424/20 257/428/20
f 238/475/19 239/477/19 271/419/19 270/418/19
f 226/478/20 225/476/20 257/428/20 258/434/20
f 239/477/19 240/479/19 272/423/19 271/419/19
f 227/480/20 226/478/20 258/434/20 259/440/20
f 240/479/19 241/447/19 273/427/19 272/423/19
f 228/450/20 227/480/20 259/440/20 260/444/20
f 282/481/115 281/482/116 283/483/117 284/484/117
f 284/484/117 283/483/117 285/485/118 286/486/118
f 286/486/118 285/485/118 287/487/119 288/488/119
f 1083/489/120 1084/490/120 289/491/121 290/492/121
f 290/492/121 289/491/121 291/493/63 292/494/63
f 301/495/64 302/496/64 293/497/65 294/498/65
f 299/499/122 300/500/122 295/501/123 296/502/123
f 325/503/124 326/504/125 297/505/126 298/506/127
f 294/498/65 293/497/65 300/500/122 299/499/122
f 292/494/63 291/493/63 302/496/64 301/495/64
f 304/507/128 306/508/129 305/509/129 303/510/130
f 306/508/129 308/511/131 307/512/131 305/509/129
f 308/511/131 310/513/132 309/514/132 307/512/131
f 1085/515/133 312/516/134 311/517/134 1086/518/133
f 312/516/134 314/519/135 313/520/135 311/517/134
f 323/521/136 316/522/137 315/523/137 324/524/136
f 321/525/138 318/526/139 317/527/139 322/528/138
f 327/529/140 320/530/141 319/531/142 328/532/143
f 316/522/137 321/525/138 322/528/138 315/523/137
f 314/519/135 323/521/136 324/524/136 313/520/135
f 282/533/23 284/534/23 306/535/23 304/536/23
f 283/537/37 281/538/37 303/539/37 305/540/37
f 284/534/23 286/541/23 308/542/23 306/535/23
f 285/543/37 283/537/37 305/540/37 307/544/37
f 286/541/23 288/545/144 310/546/145 308/542/23
f 287/547/146 285/543/37 307/544/37 309/548/146
f 1083/549/147 290/550/148 312/551/149 1085/552/150
f 1084/553/151 287/547/146 309/548/146 1086/554/152
f 290/550/148 292/555/23 314/556/23 312/551/149
f 291/557/37 289/558/153 311/559/154 313/560/37
f 292/555/23 301/561/23 323/562/23 314/556/23
f 293/563/37 302/564/37 324/565/37 315/566/37
f 294/567/23 299/568/23 321/569/23 316/570/23
f 295/571/37 300/572/37 322/573/37 317/574/37
f 298/575/155 297/576/156 319/531/156 320/530/155
f 326/577/37 295/571/37 317/574/37 328/578/37
f 299/568/23 296/579/23 318/580/23 321/569/23
f 300/572/37 293/563/37 315/566/37 322/573/37
f 301/561/23 294/567/23 316/570/23 323/562/23
f 302/564/37 291/557/37 313/560/37 324/565/37
f 296/579/23 325/581/23 327/582/23 318/580/23
f 318/526/139 327/583/140 328/584/143 317/527/139
f 296/502/123 295/501/123 326/585/125 325/586/124
f 281/587/116 329/588/157 330/589/158 331/590/158
f 331/590/158 330/589/158 332/591/159 333/592/159
f 333/592/159 332/591/159 334/593/160 335/594/160
f 1087/595/161 1088/596/161 336/597/162 337/598/162
f 337/598/162 336/597/162 338/599/163 339/600/163
f 348/601/164 349/602/164 340/603/165 341/604/165
f 346/605/166 347/606/166 342/607/167 343/608/167
f 371/609/168 372/610/169 344/611/170 345/612/171
f 341/604/165 340/603/165 347/606/166 346/605/166
f 339/600/163 338/599/163 349/602/164 348/601/164
f 303/613/130 352/614/172 351/615/172 350/616/173
f 352/614/172 354/617/174 353/618/174 351/615/172
f 354/617/174 356/619/175 355/620/175 353/618/174
f 1089/621/176 358/622/177 357/623/177 1090/624/176
f 358/622/177 360/625/178 359/626/178 357/623/177
f 369/627/179 362/628/180 361/629/180 370/630/179
f 367/631/181 364/632/182 363/633/182 368/634/181
f 373/635/183 366/636/184 365/637/185 374/638/186
f 362/628/180 367/631/181 368/634/181 361/629/180
f 360/625/178 369/627/179 370/630/179 359/626/178
f 281/639/187 331/640/187 352/641/187 303/642/187
f 330/643/188 329/644/188 350/645/188 351/646/188
f 331/640/187 333/647/187 354/648/187 352/641/187
f 332/649/188 330/643/188 351/646/188 353/650/188
f 333/647/187 335/651/189 356/652/190 354/648/187
f 334/653/191 332/649/188 353/650/188 355/654/191
f 1087/655/192 337/656/193 358/657/194 1089/658/195
f 1088/659/196 334/653/191 355/654/191 1090/660/197
f 337/656/193 339/661/187 360/662/187 358/657/194
f 338/663/188 336/664/198 357/665/199 359/666/188
f 339/661/187 348/667/187 369/668/187 360/662/187
f 340/669/188 349/670/188 370/671/188 361/672/188
f 341/673/187 346/674/187 367/675/187 362/676/187
f 342/677/188 347/678/188 368/679/188 363/680/188
f 345/681/200 344/682/201 365/637/201 366/636/200
f 372/683/188 342/677/188 363/680/188 374/684/188
f 346/674/187 343/685/187 364/686/187 367/675/187
f 347/678/188 340/669/188 361/672/188 368/679/188
f 348/667/187 341/673/187 362/676/187 369/668/187
f 349/670/188 338/663/188 359/666/188 370/671/188
f 343/685/187 371/687/187 373/688/187 364/686/187
f 364/632/182 373/689/183 374/690/186 363/633/182
f 343/608/167 342/607/167 372/691/169 371/692/168
f 329/693/157 375/694/202 376/695/203 377/696/203
f 377/696/203 376/695/203 378/697/204 379/698/204
f 379/698/204 378/697/204 380/699/205 381/700/205
f 1091/701/206 1092/702/206 382/703/207 383/704/207
f 383/704/207 382/703/207 384/705/208 385/706/208
f 394/707/209 395/708/209 386/709/210 387/710/210
f 392/711/211 393/712/211 388/713/212 389/714/212
f 417/715/213 418/716/214 390/717/215 391/718/216
f 387/710/210 386/709/210 393/712/211 392/711/211
f 385/706/208 384/705/208 395/708/209 394/707/209
f 350/719/173 398/720/217 397/721/217 396/722/218
f 398/720/217 400/723/219 399/724/219 397/721/217
f 400/723/219 402/725/220 401/726/220 399/724/219
f 1093/727/221 404/728/222 403/729/222 1094/730/221
f 404/728/222 406/731/223 405/732/223 403/729/222
f 415/733/224 408/734/225 407/735/225 416/736/224
f 413/737/226 410/738/227 409/739/227 414/740/226
f 419/741/228 412/742/229 411/743/230 420/744/231
f 408/734/225 413/737/226 414/740/226 407/735/225
f 406/731/223 415/733/224 416/736/224 405/732/223
f 329/745/232 377/746/232 398/747/232 350/748/232
f 376/749/233 375/750/233 396/751/233 397/752/233
f 377/746/232 379/753/232 400/754/232 398/747/232
f 378/755/233 376/749/233 397/752/233 399/756/233
f 379/753/232 381/757/234 402/758/234 400/754/232
f 380/759/235 378/755/233 399/756/233 401/760/235
f 1091/761/236 383/762/237 404/763/238 1093/764/239
f 1092/765/240 380/759/235 401/760/235 1094/766/241
f 383/762/237 385/767/232 406/768/232 404/763/238
f 384/769/233 382/770/242 403/771/243 405/772/233
f 385/767/232 394/773/232 415/774/232 406/768/232
f 386/775/233 395/776/233 416/777/233 407/778/233
f 387/779/232 392/780/232 413/781/232 408/782/232
f 388/783/233 393/784/233 414/785/233 409/786/233
f 391/787/244 390/788/245 411/743/245 412/742/244
f 418/789/233 388/783/233 409/786/233 420/790/233
f 392/780/232 389/791/232 410/792/232 413/781/232
f 393/784/233 386/775/233 407/778/233 414/785/233
f 394/773/232 387/779/232 408/782/232 415/774/232
f 395/776/233 384/769/233 405/772/233 416/777/233
f 389/791/232 417/793/232 419/794/232 410/792/232
f 410/738/227 419/795/228 420/796/231 409/739/227
f 389/714/212 388/713/212 418/797/214 417/798/213
f 375/799/202 421/800/246 422/801/247 423/802/247
f 423/802/247 422/801/247 424/803/248 425/804/248
f 425/804/248 424/803/248 426/805/249 427/806/249
f 1095/807/250 1096/808/250 428/809/251 429/810/251
f 429/810/251 428/809/251 430/811/252 431/812/252
f 440/813/253 441/814/253 432/815/254 433/816/254
f 438/817/255 439/818/255 434/819/256 435/820/256
f 463/821/257 464/822/258 436/823/259 437/824/260
f 433/816/254 432/815/254 439/818/255 438/817/255
f 431/812/252 430/811/252 441/814/253 440/813/253
f 396/825/218 444/826/261 443/827/261 442/828/262
f 444/826/261 446/829/263 445/830/263 443/827/261
f 446/829/263 448/831/264 447/832/264 445/830/263
f 1097/833/265 450/834/266 449/835/266 1098/836/265
f 450/834/266 452/837/267 451/838/267 449/835/266
f 461/839/268 454/840/269 453/841/269 462/842/268
f 459/843/270 456/844/271 455/845/271 460/846/270
f 465/847/272 458/848/273 457/849/274 466/850/275
f 454/840/269 459/843/270 460/846/270 453/841/269
f 452/837/267 461/839/268 462/842/268 451/838/267
f 375/851/276 423/852/276 444/853/276 396/854/276
f 422/855/277 421/856/277 442/857/277 443/858/277
f 423/852/276 425/859/276 446/860/276 444/853/276
f 424/861/277 422/855/277 443/858/277 445/862/277
f 425/859/276 427/863/278 448/864/278 446/860/276
f 426/865/279 424/861/277 445/862/277 447/866/279
f 1095/867/280 429/868/281 450/869/282 1097/870/283
f 1096/871/284 426/865/279 447/866/279 1098/872/285
f 429/868/281 431/873/276 452/874/276 450/869/282
f 430/875/277 428/876/286 449/877/287 451/878/277
f 431/873/276 440/879/276 461/880/276 452/874/276
f 432/881/277 441/882/277 462/883/277 453/884/277
f 433/885/276 438/886/276 459/887/276 454/888/276
f 434/889/277 439/890/277 460/891/277 455/892/277
f 437/893/288 436/894/289 457/849/289 458/848/288
f 464/895/277 434/889/277 455/892/277 466/896/277
f 438/886/276 435/897/276 456/898/276 459/887/276
f 439/890/277 432/881/277 453/884/277 460/891/277
f 440/879/276 433/885/276 454/888/276 461/880/276
f 441/882/277 430/875/277 451/878/277 462/883/277
f 435/897/276 463/899/276 465/900/276 456/898/276
f 456/844/271 465/901/272 466/902/275 455/845/271
f 435/820/256 434/819/256 464/903/258 463/904/257
f 421/905/246 467/906/290 468/907/291 469/908/292
f 469/908/292 468/907/291 470/909/293 471/910/293
f 471/910/293 470/909/293 472/911/294 473/912/294
f 1099/913/295 1100/914/295 474/915/296 475/916/296
f 475/916/296 474/915/296 476/917/51 477/918/51
f 486/919/52 487/920/52 478/921/53 479/922/53
f 484/923/297 485/924/297 480/925/298 481/926/298
f 509/927/299 510/928/300 482/929/301 483/930/302
f 479/922/53 478/921/53 485/924/297 484/923/297
f 477/918/51 476/917/51 487/920/52 486/919/52
f 442/931/262 490/932/303 489/933/303 488/934/304
f 490/932/303 492/935/305 491/936/305 489/933/303
f 492/935/305 494/937/306 493/938/306 491/936/305
f 1101/939/307 496/940/308 495/941/308 1102/942/307
f 496/940/308 498/943/309 497/944/309 495/941/308
f 507/945/310 500/946/311 499/947/311 508/948/310
f 505/949/312 502/950/313 501/951/313 506/952/312
f 511/953/314 504/954/315 503/955/316 512/956/317
f 500/946/311 505/949/312 506/952/312 499/947/311
f 498/943/309 507/945/310 508/948/310 497/944/309
f 421/957/30 469/958/30 490/959/30 442/960/30
f 468/961/44 467/962/44 488/963/44 489/964/44
f 469/958/30 471/965/30 492/966/30 490/959/30
f 470/967/44 468/961/44 489/964/44 491/968/44
f 471/965/30 473/969/318 494/970/318 492/966/30
f 472/971/319 470/967/44 491/968/44 493/972/320
f 1099/973/321 475/974/322 496/975/323 1101/976/324
f 1100/977/325 472/971/319 493/972/320 1102/978/326
f 475/974/322 477/979/30 498/980/30 496/975/323
f 476/981/44 474/982/327 495/983/328 497/984/44
f 477/979/30 486/985/30 507/986/30 498/980/30
f 478/987/44 487/988/44 508/989/44 499/990/44
f 479/991/30 484/992/30 505/993/30 500/994/30
f 480/995/44 485/996/44 506/997/44 501/998/44
f 483/999/329 482/1000/330 503/955/330 504/954/329
f 510/1001/44 480/995/44 501/998/44 512/1002/44
f 484/992/30 481/1003/30 502/1004/30 505/993/30
f 485/996/44 478/987/44 499/990/44 506/997/44
f 486/985/30 479/991/30 500/994/30 507/986/30
f 487/988/44 476/981/44 497/984/44 508/989/44
f 481/1003/30 509/1005/30 511/1006/30 502/1004/30
f 502/950/313 511/1007/314 512/1008/317 501/951/313
f 481/926/298 480/925/298 510/1009/300 509/1010/299
f 467/1011/290 513/1012/331 514/1013/332 515/1014/332
f 515/1014/332 514/1013/332 516/1015/333 517/1016/333
f 517/1016/333 516/1015/333 518/1017/334 519/1018/334
f 1103/1019/335 1104/1020/335 520/1021/336 521/1022/336
f 521/1022/336 520/1021/336 522/1023/337 523/1024/337
f 532/1025/338 533/1026/338 524/1027/339 525/1028/339
f 530/1029/340 531/1030/340 526/1031/341 527/1032/341
f 555/1033/342 556/1034/343 528/1035/344 529/1036/345
f 525/1028/339 524/1027/339 531/1030/340 530/1029/340
f 523/1024/337 522/1023/337 533/1026/338 532/1025/338
f 488/1037/304 536/1038/346 535/1039/346 534/1040/347
f 536/1038/346 538/1041/348 537/1042/348 535/1039/346
f 538/1041/348 540/1043/349 539/1044/349 537/1042/348
f 1105/1045/350 542/1046/351 541/1047/351 1106/1048/350
f 542/1046/351 544/1049/352 543/1050/352 541/1047/351
f 553/1051/353 546/1052/354 545/1053/354 554/1054/353
f 551/1055/355 548/1056/356 547/1057/356 552/1058/355
f 557/1059/357 550/1060/358 549/1061/359 558/1062/360
f 546/1052/354 551/1055/355 552/1058/355 545/1053/354
f 544/1049/352 553/1051/353 554/1054/353 543/1050/352
f 467/1063/361 515/1064/361 536/1065/361 488/1066/361
f 514/1067/362 513/1068/362 534/1069/362 535/1070/362
f 515/1064/361 517/1071/361 538/1072/361 536/1065/361
f 516/1073/362 514/1067/362 535/1070/362 537/1074/362
f 517/1071/361 519/1075/363 540/1076/363 538/1072/361
f 518/1077/364 516/1073/362 537/1074/362 539/1078/364
f 1103/1079/365 521/1080/366 542/1081/367 1105/1082/368
f 1104/1083/369 518/1077/364 539/1078/364 1106/1084/370
f 521/1080/366 523/1085/361 544/1086/361 542/1081/367
f 522/1087/362 520/1088/371 541/1089/372 543/1090/362
f 523/1085/361 532/1091/361 553/1092/361 544/1086/361
f 524/1093/362 533/1094/362 554/1095/362 545/1096/362
f 525/1097/361 530/1098/361 551/1099/361 546/1100/361
f 526/1101/362 531/1102/362 552/1103/362 547/1104/362
f 529/1105/373 528/1106/374 549/1061/374 550/1060/373
f 556/1107/362 526/1101/362 547/1104/362 558/1108/362
f 530/1098/361 527/1109/361 548/1110/361 551/1099/361
f 531/1102/362 524/1093/362 545/1096/362 552/1103/362
f 532/1091/361 525/1097/361 546/1100/361 553/1092/361
f 533/1094/362 522/1087/362 543/1090/362 554/1095/362
f 527/1109/361 555/1111/361 557/1112/361 548/1110/361
f 548/1056/356 557/1113/357 558/1114/360 547/1057/356
f 527/1032/341 526/1031/341 556/1115/343 555/1116/342
f 513/1117/331 559/1118/375 560/1119/376 561/1120/377
f 561/1120/377 560/1119/376 562/1121/378 563/1122/378
f 563/1122/378 562/1121/378 564/1123/379 565/1124/379
f 1107/1125/380 1108/1126/380 566/1127/381 567/1128/381
f 567/1128/381 566/1127/381 568/1129/382 569/1130/382
f 578/1131/383 579/1132/383 570/1133/384 571/1134/384
f 576/1135/385 577/1136/385 572/1137/386 573/1138/386
f 601/1139/387 602/1140/388 574/1141/389 575/1142/390
f 571/1134/384 570/1133/384 577/1136/385 576/1135/385
f 569/1130/382 568/1129/382 579/1132/383 578/1131/383
f 534/1143/347 582/1144/391 581/1145/391 580/1146/392
f 582/1144/391 584/1147/393 583/1148/393 581/1145/391
f 584/1147/393 586/1149/394 585/1150/394 583/1148/393
f 1109/1151/395 588/1152/396 587/1153/396 1110/1154/395
f 588/1152/396 590/1155/397 589/1156/397 587/1153/396
f 599/1157/398 592/1158/399 591/1159/399 600/1160/398
f 597/1161/400 594/1162/401 593/1163/401 598/1164/400
f 603/1165/402 596/1166/403 595/1167/404 604/1168/405
f 592/1158/399 597/1161/400 598/1164/400 591/1159/399
f 590/1155/397 599/1157/398 600/1160/398 589/1156/397
f 513/1169/406 561/1170/406 582/1171/406 534/1172/406
f 560/1173/407 559/1174/407 580/1175/407 581/1176/407
f 561/1170/406 563/1177/406 584/1178/406 582/1171/406
f 562/1179/407 560/1173/407 581/1176/407 583/1180/407
f 563/1177/406 565/1181/408 586/1182/408 584/1178/406
f 564/1183/409 562/1179/407 583/1180/407 585/1184/409
f 1107/1185/410 567/1186/411 588/1187/412 1109/1188/413
f 1108/1189/414 564/1183/409 585/1184/409 1110/1190/415
f 567/1186/411 569/1191/406 590/1192/406 588/1187/412
f 568/1193/407 566/1194/416 587/1195/417 589/1196/407
f 569/1191/406 578/1197/406 599/1198/406 590/1192/406
f 570/1199/407 579/1200/407 600/1201/407 591/1202/407
f 571/1203/406 576/1204/406 597/1205/406 592/1206/406
f 572/1207/407 577/1208/407 598/1209/407 593/1210/407
f 575/1211/418 574/1212/419 595/1167/419 596/1166/418
f 602/1213/407 572/1207/407 593/1210/407 604/1214/407
f 576/1204/406 573/1215/406 594/1216/406 597/1205/406
f 577/1208/407 570/1199/407 591/1202/407 598/1209/407
f 578/1197/406 571/1203/406 592/1206/406 599/1198/406
f 579/1200/407 568/1193/407 589/1196/407 600/1201/407
f 573/1215/406 601/1217/406 603/1218/406 594/1216/406
f 594/1162/401 603/1219/402 604/1220/405 593/1163/401
f 573/1138/386 572/1137/386 602/1221/388 601/1222/387
f 559/1223/375 605/1224/420 606/1225/421 607/1226/421
f 607/1226/421 606/1225/421 608/1227/422 609/1228/422
f 609/1228/422 608/1227/422 610/1229/423 611/1230/423
f 1111/1231/424 1112/1232/424 612/1233/425 613/1234/425
f 613/1234/425 612/1233/425 614/1235/426 615/1236/426
f 624/1237/427 625/1238/427 616/1239/428 617/1240/428
f 622/1241/429 623/1242/429 618/1243/430 619/1244/430
f 647/1245/431 648/1246/432 620/1247/433 621/1248/434
f 617/1240/428 616/1239/428 623/1242/429 622/1241/429
f 615/1236/426 614/1235/426 625/1238/427 624/1237/427
f 580/1249/392 628/1250/435 627/1251/435 626/1252/436
f 628/1250/435 630/1253/437 629/1254/437 627/1251/435
f 630/1253/437 632/1255/438 631/1256/438 629/1254/437
f 1113/1257/439 634/1258/440 633/1259/440 1114/1260/439
f 634/1258/440 636/1261/441 635/1262/441 633/1259/440
f 645/1263/442 638/1264/443 637/1265/443 646/1266/442
f 643/1267/444 640/1268/445 639/1269/445 644/1270/444
f 649/1271/446 642/1272/447 641/1273/448 650/1274/449
f 638/1264/443 643/1267/444 644/1270/444 637/1265/443
f 636/1261/441 645/1263/442 646/1266/442 635/1262/441
f 559/1275/450 607/1276/450 628/1277/450 580/1278/450
f 606/1279/451 605/1280/451 626/1281/451 627/1282/451
f 607/1276/450 609/1283/450 630/1284/450 628/1277/450
f 608/1285/451 606/1279/451 627/1282/451 629/1286/451
f 609/1283/450 611/1287/452 632/1288/452 630/1284/450
f 610/1289/453 608/1285/451 629/1286/451 631/1290/453
f 1111/1291/454 613/1292/455 634/1293/456 1113/1294/457
f 1112/1295/458 610/1289/453 631/1290/453 1114/1296/459
f 613/1292/455 615/1297/450 636/1298/450 634/1293/456
f 614/1299/451 612/1300/460 633/1301/461 635/1302/451
f 615/1297/450 624/1303/450 645/1304/450 636/1298/450
f 616/1305/451 625/1306/451 646/1307/451 637/1308/451
f 617/1309/450 622/1310/450 643/1311/450 638/1312/450
f 618/1313/451 623/1314/451 644/1315/451 639/1316/451
f 621/1317/462 620/1318/463 641/1273/463 642/1272/462
f 648/1319/451 618/1313/451 639/1316/451 650/1320/451
f 622/1310/450 619/1321/450 640/1322/450 643/1311/450
f 623/1314/451 616/1305/451 637/1308/451 644/1315/451
f 624/1303/450 617/1309/450 638/1312/450 645/1304/450
f 625/1306/451 614/1299/451 635/1302/451 646/1307/451
f 619/1321/450 647/1323/450 649/1324/450 640/1322/450
f 640/1268/445 649/1325/446 650/1326/449 639/1269/445
f 619/1244/430 618/1243/430 648/1327/432 647/1328/431
f 1035/1329/464 1038/1330/464 344/611/170 372/610/169
f 1037/1331/19 1035/1332/19 372/1333/19 374/1334/19
f 605/1335/420 651/1336/465 652/1337/466 653/1338/466
f 653/1338/466 652/1337/466 654/1339/467 655/1340/467
f 655/1340/467 654/1339/467 656/1341/468 657/1342/468
f 1115/1343/469 1116/1344/469 658/1345/470 659/1346/470
f 659/1346/470 658/1345/470 660/1347/55 661/1348/55
f 670/1349/56 671/1350/56 662/1351/57 663/1352/57
f 668/1353/471 669/1354/471 664/1355/472 665/1356/472
f 693/1357/473 694/1358/474 666/1359/475 667/1360/476
f 663/1352/57 662/1351/57 669/1354/471 668/1353/471
f 661/1348/55 660/1347/55 671/1350/56 670/1349/56
f 626/1361/436 674/1362/477 673/1363/477 672/1364/478
f 674/1362/477 676/1365/479 675/1366/479 673/1363/477
f 676/1365/479 678/1367/480 677/1368/480 675/1366/479
f 1117/1369/481 680/1370/482 679/1371/482 1118/1372/481
f 680/1370/482 682/1373/483 681/1374/483 679/1371/482
f 691/1375/484 684/1376/485 683/1377/485 692/1378/484
f 689/1379/486 686/1380/487 685/1381/487 690/1382/486
f 695/1383/488 688/1384/489 687/1385/490 696/1386/491
f 684/1376/485 689/1379/486 690/1382/486 683/1377/485
f 682/1373/483 691/1375/484 692/1378/484 681/1374/483
f 605/1387/37 653/1388/37 674/1389/37 626/1390/37
f 652/1391/23 651/1392/23 672/1393/23 673/1394/23
f 653/1388/37 655/1395/37 676/1396/37 674/1389/37
f 654/1397/23 652/1391/23 673/1394/23 675/1398/23
f 655/1395/37 657/1399/492 678/1400/492 676/1396/37
f 656/1401/493 654/1397/23 675/1398/23 677/1402/494
f 1115/1403/495 659/1404/496 680/1405/497 1117/1406/498
f 1116/1407/499 656/1401/493 677/1402/494 1118/1408/500
f 659/1404/496 661/1409/37 682/1410/37 680/1405/497
f 660/1411/23 658/1412/501 679/1413/502 681/1414/23
f 661/1409/37 670/1415/37 691/1416/37 682/1410/37
f 662/1417/23 671/1418/23 692/1419/23 683/1420/23
f 663/1421/37 668/1422/37 689/1423/37 684/1424/37
f 664/1425/23 669/1426/23 690/1427/23 685/1428/23
f 667/1429/503 666/1430/504 687/1385/504 688/1384/503
f 694/1431/23 664/1425/23 685/1428/23 696/1432/23
f 668/1422/37 665/1433/37 686/1434/37 689/1423/37
f 669/1426/23 662/1417/23 683/1420/23 690/1427/23
f 670/1415/37 663/1421/37 684/1424/37 691/1416/37
f 671/1418/23 660/1411/23 681/1414/23 692/1419/23
f 1036/1435/505 1037/1436/505 374/638/186 365/637/185
f 665/1433/37 693/1437/37 695/1438/37 686/1434/37
f 686/1380/487 695/1439/488 696/1440/491 685/1381/487
f 665/1356/472 664/1355/472 694/1441/474 693/1442/473
f 1033/1443/19 1032/1444/19 326/1445/19 328/1446/19
f 1038/1447/506 1036/1435/506 365/637/201 344/682/201
f 1032/1448/507 1034/1449/507 297/505/126 326/504/125
f 1027/1450/508 1030/1451/508 298/575/155 320/530/155
f 1029/1452/509 1027/1450/509 320/530/141 327/529/140
f 651/1453/465 697/1454/510 698/1455/511 699/1456/511
f 699/1456/511 698/1455/511 700/1457/512 701/1458/512
f 701/1458/512 700/1457/512 702/1459/513 703/1460/513
f 1119/1461/514 1120/1462/514 704/1463/515 705/1464/515
f 705/1464/515 704/1463/515 706/1465/516 707/1466/516
f 716/1467/517 717/1468/517 708/1469/518 709/1470/518
f 714/1471/519 715/1472/519 710/1473/520 711/1474/520
f 739/1475/521 740/1476/522 712/1477/523 713/1478/524
f 709/1470/518 708/1469/518 715/1472/519 714/1471/519
f 707/1466/516 706/1465/516 717/1468/517 716/1467/517
f 672/1479/478 720/1480/525 719/1481/525 718/1482/526
f 720/1480/525 722/1483/527 721/1484/527 719/1481/525
f 722/1483/527 724/1485/528 723/1486/528 721/1484/527
f 1121/1487/529 726/1488/530 725/1489/530 1122/1490/529
f 726/1488/530 728/1491/531 727/1492/531 725/1489/530
f 737/1493/532 730/1494/533 729/1495/533 738/1496/532
f 735/1497/534 732/1498/535 731/1499/535 736/1500/534
f 741/1501/536 734/1502/537 733/1503/538 742/1504/539
f 730/1494/533 735/1497/534 736/1500/534 729/1495/533
f 728/1491/531 737/1493/532 738/1496/532 727/1492/531
f 651/1505/188 699/1506/188 720/1507/188 672/1508/188
f 698/1509/187 697/1510/187 718/1511/187 719/1512/187
f 699/1506/188 701/1513/188 722/1514/188 720/1507/188
f 700/1515/187 698/1509/187 719/1512/187 721/1516/187
f 701/1513/188 703/1517/540 724/1518/540 722/1514/188
f 702/1519/541 700/1515/187 721/1516/187 723/1520/541
f 1119/1521/542 705/1522/543 726/1523/544 1121/1524/545
f 1120/1525/546 702/1519/541 723/1520/541 1122/1526/547
f 705/1522/543 707/1527/188 728/1528/188 726/1523/544
f 706/1529/187 704/1530/548 725/1531/549 727/1532/187
f 707/1527/188 716/1533/188 737/1534/188 728/1528/188
f 708/1535/187 717/1536/187 738/1537/187 729/1538/187
f 709/1539/188 714/1540/188 735/1541/188 730/1542/188
f 710/1543/187 715/1544/187 736/1545/187 731/1546/187
f 713/1547/550 712/1548/551 733/1503/551 734/1502/550
f 1031/1549/552 1033/1550/552 328/532/143 319/531/142
f 740/1551/187 710/1543/187 731/1546/187 742/1552/187
f 714/1540/188 711/1553/188 732/1554/188 735/1541/188
f 715/1544/187 708/1535/187 729/1538/187 736/1545/187
f 716/1533/188 709/1539/188 730/1542/188 737/1534/188
f 717/1536/187 706/1529/187 727/1532/187 738/1537/187
f 1028/1555/19 1029/1556/19 327/1557/19 325/1558/19
f 711/1553/188 739/1559/188 741/1560/188 732/1554/188
f 732/1498/535 741/1561/536 742/1562/539 731/1499/535
f 711/1474/520 710/1473/520 740/1563/522 739/1564/521
f 1026/1565/19 1025/1566/19 970/1567/19 972/1568/19
f 1030/1569/553 1028/1570/553 325/503/124 298/506/127
f 1025/1571/554 1024/1572/554 942/1573/555 970/1574/556
f 1034/1575/557 1031/1549/557 319/531/156 297/576/156
f 1019/1576/558 1022/1577/558 896/1578/559 924/1579/560
f 1021/1580/19 1019/1581/19 924/1582/19 926/1583/19
f 697/1584/510 743/1585/561 744/1586/562 745/1587/562
f 745/1587/562 744/1586/562 746/1588/563 747/1589/563
f 747/1589/563 746/1588/563 748/1590/564 749/1591/564
f 1123/1592/565 1124/1593/565 750/1594/566 751/1595/566
f 751/1595/566 750/1594/566 752/1596/567 753/1597/567
f 762/1598/568 763/1599/568 754/1600/569 755/1601/569
f 760/1602/570 761/1603/570 756/1604/571 757/1605/571
f 785/1606/572 786/1607/573 758/1608/574 759/1609/575
f 755/1601/569 754/1600/569 761/1603/570 760/1602/570
f 753/1597/567 752/1596/567 763/1599/568 762/1598/568
f 718/1610/526 766/1611/576 765/1612/576 764/1613/577
f 766/1611/576 768/1614/578 767/1615/578 765/1612/576
f 768/1614/578 770/1616/579 769/1617/579 767/1615/578
f 1125/1618/580 772/1619/581 771/1620/581 1126/1621/580
f 772/1619/581 774/1622/582 773/1623/582 771/1620/581
f 783/1624/583 776/1625/584 775/1626/584 784/1627/583
f 781/1628/585 778/1629/586 777/1630/586 782/1631/585
f 787/1632/587 780/1633/588 779/1634/589 788/1635/590
f 776/1625/584 781/1628/585 782/1631/585 775/1626/584
f 774/1622/582 783/1624/583 784/1627/583 773/1623/582
f 697/1636/233 745/1637/233 766/1638/233 718/1639/233
f 744/1640/232 743/1641/232 764/1642/232 765/1643/232
f 745/1637/233 747/1644/233 768/1645/233 766/1638/233
f 746/1646/232 744/1640/232 765/1643/232 767/1647/232
f 747/1644/233 749/1648/591 770/1649/591 768/1645/233
f 748/1650/592 746/1646/232 767/1647/232 769/1651/592
f 1123/1652/593 751/1653/594 772/1654/595 1125/1655/596
f 1124/1656/597 748/1650/592 769/1651/592 1126/1657/598
f 751/1653/594 753/1658/233 774/1659/233 772/1654/595
f 752/1660/232 750/1661/599 771/1662/600 773/1663/232
f 753/1658/233 762/1664/233 783/1665/233 774/1659/233
f 754/1666/232 763/1667/232 784/1668/232 775/1669/232
f 755/1670/233 760/1671/233 781/1672/233 776/1673/233
f 756/1674/232 761/1675/232 782/1676/232 777/1677/232
f 759/1678/601 758/1679/602 779/1634/602 780/1633/601
f 1023/1680/603 1026/1681/603 972/1682/604 963/1683/605
f 786/1684/232 756/1674/232 777/1677/232 788/1685/232
f 760/1671/233 757/1686/233 778/1687/233 781/1672/233
f 761/1675/232 754/1666/232 775/1669/232 782/1676/232
f 762/1664/233 755/1670/233 776/1673/233 783/1665/233
f 763/1667/232 752/1660/232 773/1663/232 784/1668/232
f 1020/1688/606 1021/1689/606 926/1690/607 917/1691/608
f 757/1686/233 785/1692/233 787/1693/233 778/1687/233
f 778/1629/586 787/1694/587 788/1695/590 777/1630/586
f 757/1605/571 756/1604/571 786/1696/573 785/1697/572
f 1081/1698/19 1080/1699/19 878/1700/19 880/1701/19
f 1022/1702/609 1020/1688/609 917/1691/610 896/1703/610
f 1080/1704/611 1082/1705/611 850/1706/612 878/1707/613
f 1024/1708/614 1023/1680/614 963/1683/615 942/1709/616
f 1075/1710/617 1078/1711/617 804/1712/618 832/1713/619
f 1077/1714/19 1075/1715/19 832/1716/19 834/1717/19
f 743/1718/561 789/1719/620 790/1720/621 791/1721/621
f 791/1721/621 790/1720/621 792/1722/622 793/1723/622
f 793/1723/622 792/1722/622 794/1724/623 795/1725/623
f 1127/1726/624 1128/1727/624 796/1728/625 797/1729/625
f 797/1729/625 796/1728/625 798/1730/626 799/1731/626
f 808/1732/627 809/1733/627 800/1734/628 801/1735/628
f 806/1736/629 807/1737/630 802/1738/631 803/1739/631
f 831/1740/632 832/1713/619 804/1712/618 805/1741/633
f 801/1735/628 800/1734/628 807/1737/630 806/1736/629
f 799/1731/626 798/1730/626 809/1733/627 808/1732/627
f 764/1742/577 812/1743/634 811/1744/634 810/1745/635
f 812/1743/634 814/1746/636 813/1747/636 811/1744/634
f 814/1746/636 816/1748/637 815/1749/637 813/1747/636
f 1129/1750/638 818/1751/639 817/1752/639 1130/1753/638
f 818/1751/639 820/1754/640 819/1755/640 817/1752/639
f 829/1756/641 822/1757/642 821/1758/642 830/1759/641
f 827/1760/643 824/1761/644 823/1762/644 828/1763/643
f 833/1764/645 826/1765/646 825/1766/647 834/1767/648
f 822/1757/642 827/1760/643 828/1763/643 821/1758/642
f 820/1754/640 829/1756/641 830/1759/641 819/1755/640
f 743/1768/277 791/1769/277 812/1770/277 764/1771/277
f 790/1772/276 789/1773/276 810/1774/276 811/1775/276
f 791/1769/277 793/1776/277 814/1777/277 812/1770/277
f 792/1778/276 790/1772/276 811/1775/276 813/1779/276
f 793/1776/277 795/1780/649 816/1781/649 814/1777/277
f 794/1782/650 792/1778/276 813/1779/276 815/1783/650
f 1127/1784/651 797/1785/652 818/1786/653 1129/1787/654
f 1128/1788/655 794/1782/650 815/1783/650 1130/1789/656
f 797/1785/652 799/1790/277 820/1791/277 818/1786/653
f 798/1792/276 796/1793/657 817/1794/658 819/1795/276
f 799/1790/277 808/1796/277 829/1797/277 820/1791/277
f 800/1798/276 809/1799/276 830/1800/276 821/1801/276
f 801/1802/277 806/1803/277 827/1804/277 822/1805/277
f 802/1806/276 807/1807/276 828/1808/276 823/1809/276
f 805/1810/659 804/1811/660 825/1766/660 826/1765/659
f 1079/1812/661 1081/1813/661 880/1814/662 871/1815/663
f 832/1816/276 802/1806/276 823/1809/276 834/1817/276
f 806/1803/277 803/1818/277 824/1819/277 827/1804/277
f 807/1807/276 800/1798/276 821/1801/276 828/1808/276
f 808/1796/277 801/1802/277 822/1805/277 829/1797/277
f 809/1799/276 798/1792/276 819/1795/276 830/1800/276
f 1076/1820/664 1077/1821/664 834/1767/648 825/1766/647
f 803/1818/277 831/1822/277 833/1823/277 824/1819/277
f 824/1761/644 833/1824/645 834/1825/648 823/1762/644
f 803/1739/631 802/1738/631 832/1826/619 831/1827/632
f 1074/1828/19 1073/1829/19 786/1830/19 788/1831/19
f 1078/1832/665 1076/1820/665 825/1766/660 804/1811/660
f 1073/1833/666 1072/1834/666 758/1608/574 786/1607/573
f 1082/1835/667 1079/1812/667 871/1815/668 850/1836/668
f 1067/1837/669 1070/1838/669 712/1477/523 740/1476/522
f 1069/1839/19 1067/1840/19 740/1841/19 742/1842/19
f 789/1843/620 835/1844/670 836/1845/671 837/1846/671
f 837/1846/671 836/1845/671 838/1847/672 839/1848/672
f 839/1848/672 838/1847/672 840/1849/673 841/1850/673
f 1131/1851/674 1132/1852/674 842/1853/675 843/1854/675
f 843/1854/675 842/1853/675 844/1855/59 845/1856/59
f 854/1857/60 855/1858/60 846/1859/61 847/1860/61
f 852/1861/676 853/1862/676 848/1863/677 849/1864/677
f 877/1865/678 878/1707/613 850/1706/612 851/1866/679
f 847/1860/61 846/1859/61 853/1862/676 852/1861/676
f 845/1856/59 844/1855/59 855/1858/60 854/1857/60
f 810/1867/635 858/1868/680 857/1869/680 856/1870/681
f 858/1868/680 860/1871/682 859/1872/682 857/1869/680
f 860/1871/682 862/1873/683 861/1874/683 859/1872/682
f 1133/1875/684 864/1876/685 863/1877/685 1134/1878/684
f 864/1876/685 866/1879/686 865/1880/686 863/1877/685
f 875/1881/687 868/1882/688 867/1883/688 876/1884/687
f 873/1885/689 870/1886/690 869/1887/690 874/1888/689
f 879/1889/691 872/1890/692 871/1815/663 880/1814/662
f 868/1882/688 873/1885/689 874/1888/689 867/1883/688
f 866/1879/686 875/1881/687 876/1884/687 865/1880/686
f 789/1891/44 837/1892/44 858/1893/44 810/1894/44
f 836/1895/30 835/1896/30 856/1897/30 857/1898/30
f 837/1892/44 839/1899/44 860/1900/44 858/1893/44
f 838/1901/30 836/1895/30 857/1898/30 859/1902/30
f 839/1899/44 841/1903/693 862/1904/693 860/1900/44
f 840/1905/694 838/1901/30 859/1902/30 861/1906/694
f 1131/1907/695 843/1908/696 864/1909/697 1133/1910/698
f 1132/1911/699 840/1905/694 861/1906/694 1134/1912/700
f 843/1908/696 845/1913/44 866/1914/44 864/1909/697
f 844/1915/30 842/1916/701 863/1917/702 865/1918/30
f 845/1913/44 854/1919/44 875/1920/44 866/1914/44
f 846/1921/30 855/1922/30 876/1923/30 867/1924/30
f 847/1925/44 852/1926/44 873/1927/44 868/1928/44
f 848/1929/30 853/1930/30 874/1931/30 869/1932/30
f 851/1933/703 850/1836/668 871/1815/668 872/1890/703
f 1071/1934/704 1074/1935/704 788/1635/590 779/1634/589
f 878/1936/30 848/1929/30 869/1932/30 880/1937/30
f 852/1926/44 849/1938/44 870/1939/44 873/1927/44
f 853/1930/30 846/1921/30 867/1924/30 874/1931/30
f 854/1919/44 847/1925/44 868/1928/44 875/1920/44
f 855/1922/30 844/1915/30 865/1918/30 876/1923/30
f 1068/1940/705 1069/1941/705 742/1504/539 733/1503/538
f 849/1938/44 877/1942/44 879/1943/44 870/1939/44
f 870/1886/690 879/1944/691 880/1945/662 869/1887/690
f 849/1864/677 848/1863/677 878/1946/613 877/1947/678
f 1065/1948/19 1064/1949/19 694/1950/19 696/1951/19
f 1070/1952/706 1068/1940/706 733/1503/551 712/1548/551
f 1064/1953/707 1066/1954/707 666/1359/475 694/1358/474
f 1072/1955/708 1071/1934/708 779/1634/602 758/1679/602
f 1059/1956/709 1062/1957/709 620/1247/433 648/1246/432
f 1061/1958/19 1059/1959/19 648/1960/19 650/1961/19
f 835/1962/670 881/1963/710 882/1964/711 883/1965/711
f 883/1965/711 882/1964/711 884/1966/712 885/1967/712
f 885/1967/712 884/1966/712 886/1968/713 887/1969/713
f 1135/1970/714 1136/1971/714 888/1972/715 889/1973/715
f 889/1973/715 888/1972/715 890/1974/716 891/1975/716
f 900/1976/717 901/1977/717 892/1978/718 893/1979/718
f 898/1980/719 899/1981/719 894/1982/720 895/1983/720
f 923/1984/721 924/1579/560 896/1578/559 897/1985/722
f 893/1979/718 892/1978/718 899/1981/719 898/1980/719
f 891/1975/716 890/1974/716 901/1977/717 900/1976/717
f 856/1986/681 904/1987/723 903/1988/723 902/1989/724
f 904/1987/723 906/1990/725 905/1991/725 903/1988/723
f 906/1990/725 908/1992/726 907/1993/726 905/1991/725
f 1137/1994/727 910/1995/728 909/1996/728 1138/1997/727
f 910/1995/728 912/1998/729 911/1999/729 909/1996/728
f 921/2000/730 914/2001/731 913/2002/731 922/2003/730
f 919/2004/732 916/2005/733 915/2006/733 920/2007/732
f 925/2008/734 918/2009/735 917/1691/608 926/1690/607
f 914/2001/731 919/2004/732 920/2007/732 913/2002/731
f 912/1998/729 921/2000/730 922/2003/730 911/1999/729
f 835/2010/362 883/2011/362 904/2012/362 856/2013/362
f 882/2014/361 881/2015/361 902/2016/361 903/2017/361
f 883/2011/362 885/2018/362 906/2019/362 904/2012/362
f 884/2020/361 882/2014/361 903/2017/361 905/2021/361
f 885/2018/362 887/2022/736 908/2023/736 906/2019/362
f 886/2024/737 884/2020/361 905/2021/361 907/2025/737
f 1135/2026/738 889/2027/739 910/2028/740 1137/2029/741
f 1136/2030/742 886/2024/737 907/2025/737 1138/2031/743
f 889/2027/739 891/2032/362 912/2033/362 910/2028/740
f 890/2034/361 888/2035/744 909/2036/745 911/2037/361
f 891/2032/362 900/2038/362 921/2039/362 912/2033/362
f 892/2040/361 901/2041/361 922/2042/361 913/2043/361
f 893/2044/362 898/2045/362 919/2046/362 914/2047/362
f 894/2048/361 899/2049/361 920/2050/361 915/2051/361
f 897/2052/746 896/1703/610 917/1691/610 918/2009/746
f 1063/2053/747 1065/2054/747 696/1386/491 687/1385/490
f 924/2055/361 894/2048/361 915/2051/361 926/2056/361
f 898/2045/362 895/2057/362 916/2058/362 919/2046/362
f 899/2049/361 892/2040/361 913/2043/361 920/2050/361
f 900/2038/362 893/2044/362 914/2047/362 921/2039/362
f 901/2041/361 890/2034/361 911/2037/361 922/2042/361
f 1060/2059/748 1061/2060/748 650/1274/449 641/1273/448
f 895/2057/362 923/2061/362 925/2062/362 916/2058/362
f 916/2005/733 925/2063/734 926/2064/607 915/2006/733
f 895/1983/720 894/1982/720 924/2065/560 923/2066/721
f 1058/2067/19 1057/2068/19 602/2069/19 604/2070/19
f 1062/2071/749 1060/2059/749 641/1273/463 620/1318/463
f 1057/2072/750 1056/2073/750 574/1141/389 602/1140/388
f 1066/2074/751 1063/2053/751 687/1385/504 666/1430/504
f 1051/2075/752 1054/2076/752 528/1035/344 556/1034/343
f 1053/2077/19 1051/2078/19 556/2079/19 558/2080/19
f 881/2081/710 927/2082/753 928/2083/754 929/2084/754
f 929/2084/754 928/2083/754 930/2085/755 931/2086/755
f 931/2086/755 930/2085/755 932/2087/756 933/2088/756
f 1139/2089/757 1140/2090/757 934/2091/758 935/2092/758
f 935/2092/758 934/2091/758 936/2093/759 937/2094/759
f 946/2095/760 947/2096/760 938/2097/761 939/2098/761
f 944/2099/762 945/2100/762 940/2101/763 941/2102/763
f 969/2103/764 970/1574/556 942/1573/555 943/2104/765
f 939/2098/761 938/2097/761 945/2100/762 944/2099/762
f 937/2094/759 936/2093/759 947/2096/760 946/2095/760
f 902/2105/724 950/2106/766 949/2107/766 948/2108/767
f 950/2106/766 952/2109/768 951/2110/768 949/2107/766
f 952/2109/768 954/2111/769 953/2112/769 951/2110/768
f 1141/2113/770 956/2114/771 955/2115/771 1142/2116/770
f 956/2114/771 958/2117/772 957/2118/772 955/2115/771
f 967/2119/773 960/2120/774 959/2121/774 968/2122/773
f 965/2123/775 962/2124/776 961/2125/776 966/2126/775
f 971/2127/777 964/2128/778 963/1683/605 972/1682/604
f 960/2120/774 965/2123/775 966/2126/775 959/2121/774
f 958/2117/772 967/2119/773 968/2122/773 957/2118/772
f 881/2129/407 929/2130/407 950/2131/407 902/2132/407
f 928/2133/406 927/2134/406 948/2135/406 949/2136/406
f 929/2130/407 931/2137/407 952/2138/407 950/2131/407
f 930/2139/406 928/2133/406 949/2136/406 951/2140/406
f 931/2137/407 933/2141/779 954/2142/779 952/2138/407
f 932/2143/780 930/2139/406 951/2140/406 953/2144/780
f 1139/2145/781 935/2146/782 956/2147/783 1141/2148/784
f 1140/2149/785 932/2143/780 953/2144/780 1142/2150/786
f 935/2146/782 937/2151/407 958/2152/407 956/2147/783
f 936/2153/406 934/2154/787 955/2155/788 957/2156/406
f 937/2151/407 946/2157/407 967/2158/407 958/2152/407
f 938/2159/406 947/2160/406 968/2161/406 959/2162/406
f 939/2163/407 944/2164/407 965/2165/407 960/2166/407
f 940/2167/406 945/2168/406 966/2169/406 961/2170/406
f 943/2171/789 942/1709/616 963/1683/615 964/2128/789
f 1055/2172/790 1058/2173/790 604/1168/405 595/1167/404
f 970/2174/406 940/2167/406 961/2170/406 972/2175/406
f 944/2164/407 941/2176/407 962/2177/407 965/2165/407
f 945/2168/406 938/2159/406 959/2162/406 966/2169/406
f 946/2157/407 939/2163/407 960/2166/407 967/2158/407
f 947/2160/406 936/2153/406 957/2156/406 968/2161/406
f 1052/2178/791 1053/2179/791 558/1062/360 549/1061/359
f 941/2176/407 969/2180/407 971/2181/407 962/2177/407
f 962/2124/776 971/2182/777 972/2183/604 961/2125/776
f 941/2102/763 940/2101/763 970/2184/556 969/2185/764
f 1049/2186/19 1048/2187/19 510/2188/19 512/2189/19
f 1054/2190/792 1052/2178/792 549/1061/374 528/1106/374
f 1048/2191/793 1050/2192/793 482/929/301 510/928/300
f 1056/2193/794 1055/2172/794 595/1167/419 574/1212/419
f 1043/2194/795 1046/2195/795 436/823/259 464/822/258
f 1045/2196/19 1043/2197/19 464/2198/19 466/2199/19
f 927/2200/753 282/2201/115 974/2202/796 975/2203/796
f 975/2203/796 974/2202/796 976/2204/797 977/2205/797
f 977/2205/797 976/2204/797 978/2206/798 979/2207/798
f 1143/2208/799 1144/2209/799 980/2210/800 981/2211/800
f 981/2211/800 980/2210/800 982/2212/801 983/2213/801
f 992/2214/802 993/2215/802 984/2216/803 985/2217/803
f 990/2218/804 991/2219/804 986/2220/805 987/2221/805
f 1015/2222/806 1016/2223/807 988/2224/808 989/2225/809
f 985/2217/803 984/2216/803 991/2219/804 990/2218/804
f 983/2213/801 982/2212/801 993/2215/802 992/2214/802
f 948/2226/767 996/2227/810 995/2228/810 304/2229/128
f 996/2227/810 998/2230/811 997/2231/811 995/2228/810
f 998/2230/811 1000/2232/812 999/2233/812 997/2231/811
f 1145/2234/813 1002/2235/814 1001/2236/814 1146/2237/813
f 1002/2235/814 1004/2238/815 1003/2239/815 1001/2236/814
f 1013/2240/816 1006/2241/817 1005/2242/817 1014/2243/816
f 1011/2244/818 1008/2245/819 1007/2246/819 1012/2247/818
f 1017/2248/820 1010/2249/821 1009/2250/822 1018/2251/823
f 1006/2241/817 1011/2244/818 1012/2247/818 1005/2242/817
f 1004/2238/815 1013/2240/816 1014/2243/816 1003/2239/815
f 927/2252/451 975/2253/451 996/2254/451 948/2255/451
f 974/2256/450 282/2257/450 304/2258/450 995/2259/450
f 975/2253/451 977/2260/451 998/2261/451 996/2254/451
f 976/2262/450 974/2256/450 995/2259/450 997/2263/450
f 977/2260/451 979/2264/824 1000/2265/824 998/2261/451
f 978/2266/825 976/2262/450 997/2263/450 999/2267/825
f 1143/2268/826 981/2269/827 1002/2270/828 1145/2271/829
f 1144/2272/830 978/2266/825 999/2267/825 1146/2273/831
f 981/2269/827 983/2274/451 1004/2275/451 1002/2270/828
f 982/2276/450 980/2277/832 1001/2278/833 1003/2279/450
f 983/2274/451 992/2280/451 1013/2281/451 1004/2275/451
f 984/2282/450 993/2283/450 1014/2284/450 1005/2285/450
f 985/2286/451 990/2287/451 1011/2288/451 1006/2289/451
f 986/2290/450 991/2291/450 1012/2292/450 1007/2293/450
f 989/2294/834 988/2295/835 1009/2250/835 1010/2249/834
f 1047/2296/836 1049/2297/836 512/956/317 503/955/316
f 1016/2298/450 986/2290/450 1007/2293/450 1018/2299/450
f 990/2287/451 987/2300/451 1008/2301/451 1011/2288/451
f 991/2291/450 984/2282/450 1005/2285/450 1012/2292/450
f 992/2280/451 985/2286/451 1006/2289/451 1013/2281/451
f 993/2283/450 982/2276/450 1003/2279/450 1014/2284/450
f 1044/2302/837 1045/2303/837 466/850/275 457/849/274
f 987/2300/451 1015/2304/451 1017/2305/451 1008/2301/451
f 1008/2245/819 1017/2306/820 1018/2307/823 1007/2246/819
f 987/2221/805 986/2220/805 1016/2308/807 1015/2309/806
f 1039/2310/19 1040/2311/19 418/2312/19 420/2313/19
f 1046/2314/838 1044/2302/838 457/849/289 436/894/289
f 1040/2315/839 1041/2316/839 390/717/215 418/716/214
f 1050/2317/840 1047/2296/840 503/955/330 482/1000/330
f 1042/2318/841 1039/2319/841 420/744/231 411/743/230
f 1041/2320/842 1042/2318/842 411/743/245 390/788/245
f 303/2321/130 350/2322/173 994/2323/19
f 350/2322/173 396/2324/218 994/2323/19
f 396/2324/218 442/2325/262 994/2323/19
f 442/2325/262 488/2326/304 994/2323/19
f 488/2326/304 534/2327/347 994/2323/19
f 534/2327/347 580/2328/392 994/2323/19
f 580/2328/392 626/2329/436 994/2323/19
f 626/2329/436 672/2330/478 994/2323/19
f 672/2330/478 718/2331/526 994/2323/19
f 718/2331/526 764/2332/577 994/2323/19
f 764/2332/577 810/2333/635 994/2323/19
f 810/2333/635 856/2334/681 994/2323/19
f 856/2334/681 902/2335/724 994/2323/19
f 902/2335/724 948/2336/767 994/2323/19
f 948/2336/767 304/2337/128 994/2323/19
f 304/2337/128 303/2321/130 994/2323/19
f 281/2338/116 282/2339/115 973/2340/20
f 282/2339/115 927/2341/753 973/2340/20
f 927/2341/753 881/2342/710 973/2340/20
f 881/2342/710 835/2343/670 973/2340/20
f 835/2343/670 789/2344/620 973/2340/20
f 789/2344/620 743/2345/561 973/2340/20
f 743/2345/561 697/2346/510 973/2340/20
f 697/2346/510 651/2347/465 973/2340/20
f 651/2347/465 605/2348/420 973/2340/20
f 605/2348/420 559/2349/375 973/2340/20
f 559/2349/375 513/2350/331 973/2340/20
f 513/2350/331 467/2351/290 973/2340/20
f 467/2351/290 421/2352/246 973/2340/20
f 421/2352/246 375/2353/202 973/2340/20
f 375/2353/202 329/2354/157 973/2340/20
f 329/2354/157 281/2338/116 973/2340/20
f 943/2171/789 964/2128/789 1020/1688/609 1022/1702/609
f 964/2128/778 971/2127/777 1021/1689/606 1020/1688/606
f 971/2355/19 969/2356/19 1019/1581/19 1021/1580/19
f 969/2103/764 943/2104/765 1022/1577/558 1019/1576/558
f 989/2294/834 1010/2249/834 1023/1680/614 1024/1708/614
f 1010/2249/821 1017/2248/820 1026/1681/603 1023/1680/603
f 1015/2222/806 989/2225/809 1024/1572/554 1025/1571/554
f 1017/2357/19 1015/2358/19 1025/1566/19 1026/1565/19
f 988/2224/808 1016/2223/807 1028/1570/553 1030/1569/553
f 1016/2359/19 1018/2360/19 1029/1556/19 1028/1555/19
f 1018/2251/823 1009/2250/822 1027/1450/509 1029/1452/509
f 1009/2250/835 988/2295/835 1030/1451/508 1027/1450/508
f 345/681/200 366/636/200 1031/1549/557 1034/1575/557
f 366/636/184 373/635/183 1033/1550/552 1031/1549/552
f 371/609/168 345/612/171 1034/1449/507 1032/1448/507
f 373/2361/19 371/2362/19 1032/1444/19 1033/1443/19
f 391/787/244 412/742/244 1036/1435/506 1038/1447/506
f 412/742/229 419/741/228 1037/1436/505 1036/1435/505
f 419/2363/19 417/2364/19 1035/1332/19 1037/1331/19
f 417/715/213 391/718/216 1038/1330/464 1035/1329/464
f 437/893/288 458/848/288 1042/2318/842 1041/2320/842
f 458/848/273 465/847/272 1039/2319/841 1042/2318/841
f 463/821/257 437/824/260 1041/2316/839 1040/2315/839
f 465/2365/19 463/2366/19 1040/2311/19 1039/2310/19
f 483/999/329 504/954/329 1044/2302/838 1046/2314/838
f 504/954/315 511/953/314 1045/2303/837 1044/2302/837
f 511/2367/19 509/2368/19 1043/2197/19 1045/2196/19
f 509/927/299 483/930/302 1046/2195/795 1043/2194/795
f 529/1105/373 550/1060/373 1047/2296/840 1050/2317/840
f 550/1060/358 557/1059/357 1049/2297/836 1047/2296/836
f 555/1033/342 529/1036/345 1050/2192/793 1048/2191/793
f 557/2369/19 555/2370/19 1048/2187/19 1049/2186/19
f 575/1211/418 596/1166/418 1052/2178/792 1054/2190/792
f 596/1166/403 603/1165/402 1053/2179/791 1052/2178/791
f 603/2371/19 601/2372/19 1051/2078/19 1053/2077/19
f 601/1139/387 575/1142/390 1054/2076/752 1051/2075/752
f 621/1317/462 642/1272/462 1055/2172/794 1056/2193/794
f 642/1272/447 649/1271/446 1058/2173/790 1055/2172/790
f 647/1245/431 621/1248/434 1056/2073/750 1057/2072/750
f 649/2373/19 647/2374/19 1057/2068/19 1058/2067/19
f 667/1429/503 688/1384/503 1060/2375/749 1062/2376/749
f 688/1384/489 695/1383/488 1061/2377/748 1060/2375/748
f 695/2378/19 693/2379/19 1059/1959/19 1061/1958/19
f 693/1357/473 667/1360/476 1062/2380/709 1059/2381/709
f 713/1547/550 734/1502/550 1063/2053/751 1066/2074/751
f 734/1502/537 741/1501/536 1065/2054/747 1063/2053/747
f 739/1475/521 713/1478/524 1066/1954/707 1064/1953/707
f 741/2382/19 739/2383/19 1064/1949/19 1065/1948/19
f 759/1678/601 780/1633/601 1068/1940/706 1070/1952/706
f 780/1633/588 787/1632/587 1069/1941/705 1068/1940/705
f 787/2384/19 785/2385/19 1067/1840/19 1069/1839/19
f 785/1606/572 759/1609/575 1070/1838/669 1067/1837/669
f 805/1810/659 826/1765/659 1071/1934/708 1072/1955/708
f 826/1765/646 833/1764/645 1074/1935/704 1071/1934/704
f 831/1740/632 805/1741/633 1072/1834/666 1073/1833/666
f 833/2386/19 831/2387/19 1073/1829/19 1074/1828/19
f 851/1933/703 872/1890/703 1076/1820/665 1078/1832/665
f 872/1890/692 879/1889/691 1077/1821/664 1076/1820/664
f 879/2388/19 877/2389/19 1075/1715/19 1077/1714/19
f 877/1865/678 851/1866/679 1078/1711/617 1075/1710/617
f 897/2052/746 918/2009/746 1079/1812/667 1082/1835/667
f 918/2009/735 925/2008/734 1081/1813/661 1079/1812/661
f 923/1984/721 897/1985/722 1082/1705/611 1080/1704/611
f 925/2390/19 923/2391/19 1080/1699/19 1081/1698/19
f 980/2277/832 1144/2272/830 1146/2273/831 1001/2278/833
f 979/2264/824 1143/2268/826 1145/2271/829 1000/2265/824
f 1000/2232/812 1145/2234/813 1146/2237/813 999/2233/812
f 979/2207/798 978/2206/798 1144/2209/799 1143/2208/799
f 934/2154/787 1140/2149/785 1142/2150/786 955/2155/788
f 933/2141/779 1139/2145/781 1141/2148/784 954/2142/779
f 954/2111/769 1141/2113/770 1142/2116/770 953/2112/769
f 933/2088/756 932/2087/756 1140/2090/757 1139/2089/757
f 888/2035/744 1136/2030/742 1138/2031/743 909/2036/745
f 887/2022/736 1135/2026/738 1137/2029/741 908/2023/736
f 908/1992/726 1137/1994/727 1138/1997/727 907/1993/726
f 887/1969/713 886/1968/713 1136/1971/714 1135/1970/714
f 842/1916/701 1132/1911/699 1134/1912/700 863/1917/702
f 841/1903/693 1131/1907/695 1133/1910/698 862/1904/693
f 862/1873/683 1133/1875/684 1134/1878/684 861/1874/683
f 841/1850/673 840/1849/673 1132/1852/674 1131/1851/674
f 796/1793/657 1128/1788/655 1130/1789/656 817/1794/658
f 795/1780/649 1127/1784/651 1129/1787/654 816/1781/649
f 816/1748/637 1129/1750/638 1130/1753/638 815/1749/637
f 795/1725/623 794/1724/623 1128/1727/624 1127/1726/624
f 750/1661/599 1124/1656/597 1126/1657/598 771/1662/600
f 749/1648/591 1123/1652/593 1125/1655/596 770/1649/591
f 770/1616/579 1125/1618/580 1126/1621/580 769/1617/579
f 749/1591/564 748/1590/564 1124/1593/565 1123/1592/565
f 704/1530/548 1120/1525/546 1122/1526/547 725/1531/549
f 703/1517/540 1119/1521/542 1121/1524/545 724/1518/540
f 724/1485/528 1121/1487/529 1122/1490/529 723/1486/528
f 703/1460/513 702/1459/513 1120/1462/514 1119/1461/514
f 658/1412/501 1116/1407/499 1118/1408/500 679/1413/502
f 657/1399/492 1115/1403/495 1117/1406/498 678/1400/492
f 678/1367/480 1117/1369/481 1118/1372/481 677/1368/480
f 657/1342/468 656/1341/468 1116/1344/469 1115/1343/469
f 612/1300/460 1112/1295/458 1114/1296/459 633/1301/461
f 611/1287/452 1111/1291/454 1113/1294/457 632/1288/452
f 632/1255/438 1113/1257/439 1114/1260/439 631/1256/438
f 611/1230/423 610/1229/423 1112/1232/424 1111/1231/424
f 566/1194/416 1108/1189/414 1110/1190/415 587/1195/417
f 565/1181/408 1107/1185/410 1109/1188/413 586/1182/408
f 586/1149/394 1109/1151/395 1110/1154/395 585/1150/394
f 565/1124/379 564/1123/379 1108/1126/380 1107/1125/380
f 520/1088/371 1104/1083/369 1106/1084/370 541/1089/372
f 519/1075/363 1103/1079/365 1105/1082/368 540/1076/363
f 540/1043/349 1105/1045/350 1106/1048/350 539/1044/349
f 519/1018/334 518/1017/334 1104/1020/335 1103/1019/335
f 474/982/327 1100/977/325 1102/978/326 495/983/328
f 473/969/318 1099/973/321 1101/976/324 494/970/318
f 494/937/306 1101/939/307 1102/942/307 493/938/306
f 473/912/294 472/911/294 1100/914/295 1099/913/295
f 428/876/286 1096/871/284 1098/872/285 449/877/287
f 427/863/278 1095/867/280 1097/870/283 448/864/278
f 448/831/264 1097/833/265 1098/836/265 447/832/264
f 427/806/249 426/805/249 1096/808/250 1095/807/250
f 382/770/242 1092/765/240 1094/766/241 403/771/243
f 381/757/234 1091/761/236 1093/764/239 402/758/234
f 402/725/220 1093/727/221 1094/730/221 401/726/220
f 381/700/205 380/699/205 1092/702/206 1091/701/206
f 336/664/198 1088/659/196 1090/660/197 357/665/199
f 335/651/189 1087/655/192 1089/658/195 356/652/190
f 356/619/175 1089/621/176 1090/624/176 355/620/175
f 335/594/160 334/593/160 1088/596/161 1087/595/161
f 289/558/153 1084/553/151 1086/554/152 311/559/154
f 288/545/144 1083/549/147 1085/552/150 310/546/145
f 310/513/132 1085/515/133 1086/518/133 309/514/132
f 288/488/119 287/487/119 1084/490/120 1083/489/120
f 1158/2392/11 1160/2393/11 1152/2394/12 1154/2395/12
f 1150/2396/13 1149/2397/13 1161/2398/14 1157/2399/14
f 1154/2395/12 1152/2394/12 1153/2400/15 1156/2401/15
f 1156/2401/15 1153/2400/15 1151/2402/16 1155/2403/16
f 1160/2393/11 1158/2392/11 1159/2404/17 1162/2405/17
f 1162/2405/17 1159/2404/17 1157/2399/14 1161/2398/14
f 1147/2406/18 1148/2407/18 1155/2403/16 1151/2402/16
f 1149/2397/843 1150/2396/843 1166/2408/843 1165/2409/843
f 1148/2407/844 1147/2406/844 1163/2410/844 1164/2411/844
f 1178/2412/1 1174/2413/2 1172/2414/2 1180/2415/1
f 1170/2416/3 1177/2417/4 1181/2418/4 1169/2419/3
f 1174/2413/2 1176/2420/5 1173/2421/5 1172/2414/2
f 1176/2420/5 1175/2422/6 1171/2423/6 1173/2421/5
f 1180/2415/1 1182/2424/7 1179/2425/7 1178/2412/1
f 1182/2424/7 1181/2418/4 1177/2417/4 1179/2425/7
f 1167/2426/8 1171/2423/6 1175/2422/6 1168/2427/8
f 1154/2428/19 1156/2429/19 1176/2430/19 1174/2431/19
f 1153/2432/20 1152/2433/20 1172/2434/20 1173/2435/20
f 1156/2429/19 1155/2436/19 1175/2437/19 1176/2430/19
f 1151/2438/20 1153/2432/20 1173/2435/20 1171/2439/20
f 1160/2440/20 1162/2441/20 1182/2442/20 1180/2443/20
f 1159/2444/19 1158/2445/19 1178/2446/19 1179/2447/19
f 1162/2441/20 1161/2448/20 1181/2449/20 1182/2442/20
f 1157/2450/19 1159/2444/19 1179/2447/19 1177/2451/19
f 1147/2452/20 1151/2438/20 1171/2439/20 1167/2453/20
f 1155/2436/19 1148/2454/19 1168/2455/19 1175/2437/19
f 1158/2445/19 1154/2428/19 1174/2431/19 1178/2446/19
f 1152/2433/20 1160/2440/20 1180/2443/20 1172/2434/20
f 1150/2456/19 1157/2450/19 1177/2451/19 1170/2457/19
f 1161/2448/20 1149/2458/20 1169/2459/20 1181/2449/20
f 1164/2460/845 1163/2461/845 1183/2462/845 1184/2463/845
f 1165/2464/846 1166/2465/846 1186/2466/846 1185/2467/846
f 1149/2458/20 1165/2468/20 1185/2469/20 1169/2459/20
f 1166/2470/19 1150/2456/19 1170/2457/19 1186/2471/19
f 1148/2454/19 1164/2472/19 1184/2473/19 1168/2455/19
f 1163/2474/20 1147/2452/20 1167/2453/20 1183/2475/20
