# Blender 4.0.2
# www.blender.org
o indoor_watering_can
v 0.010444 0.084667 0.057708
v 0.009528 0.097900 0.052560
v 0.000000 0.097905 0.053477
v 0.019286 0.097894 0.049365
v 0.034001 0.097902 0.034887
v 0.038613 0.084156 0.038175
v 0.041154 0.096069 0.005624
v 0.039073 0.094260 -0.002688
v 0.044910 0.082412 -0.002140
v 0.047077 0.082937 0.006059
v 0.053812 0.057532 -0.008742
v 0.056838 0.056771 0.002315
v 0.056064 0.045789 -0.016294
v 0.034125 0.108464 0.003801
v 0.028575 0.120073 0.004063
v 0.025390 0.120018 -0.003148
v 0.030853 0.106766 -0.005617
v 0.006247 0.120202 -0.017180
v 0.015732 0.114683 -0.018708
v 0.029540 0.110435 0.031364
v 0.016906 0.110479 0.044266
v 0.008321 0.110265 0.047220
v 0.000000 0.110143 0.048198
v 0.007324 0.120202 0.041709
v 0.014277 0.120202 0.039267
v 0.025145 0.120033 0.028294
v 0.000000 0.084748 0.058751
v 0.021270 0.084542 0.054198
v 0.017832 0.061365 0.088220
v 0.036297 0.040619 0.076326
v 0.054502 0.035014 0.047657
v -0.010444 0.084667 0.057708
v 0.015233 0.079647 0.135191
v -0.009528 0.097900 0.052560
v 0.000000 0.031409 0.101323
v 0.027599 0.019711 0.071768
v 0.000000 0.017324 0.083104
v 0.011597 0.083759 0.132567
v 0.017873 0.074798 0.138073
v 0.000000 0.000000 0.058981
v 0.011276 0.000000 0.057979
v 0.031757 0.000000 0.047421
v 0.039426 0.000000 0.037945
v 0.047662 0.000000 0.012706
v 0.058819 0.019206 0.014216
v 0.048332 0.000000 0.000000
v 0.042970 0.000000 -0.024695
v 0.051642 0.019705 -0.029246
v 0.036725 0.000000 -0.036212
v 0.029061 0.000000 -0.045197
v 0.036622 0.019720 -0.052524
v 0.019502 0.000000 -0.052065
v 0.000000 0.000000 -0.057622
v 0.000000 0.018153 -0.073163
v 0.027020 0.019866 -0.061614
v 0.045065 0.019722 -0.041612
v 0.058649 0.019237 -0.000872
v 0.049982 0.020315 0.044467
v 0.008989 0.106664 -0.037672
v 0.005077 0.108935 -0.038850
v 0.000000 0.114528 -0.030744
v 0.000000 0.109600 -0.039392
v 0.063769 0.033055 0.014631
v 0.063675 0.033006 -0.001350
v 0.056001 0.033886 -0.031679
v 0.049278 0.033655 -0.044470
v 0.040607 0.033397 -0.055811
v 0.031664 0.033271 -0.065234
v 0.012014 0.041138 -0.084311
v 0.004657 0.100425 -0.051044
v 0.000000 0.037715 -0.087891
v 0.010011 0.048549 -0.089038
v 0.000000 0.046195 -0.093100
v 0.008790 0.055629 -0.093308
v 0.000000 0.054871 -0.097202
v 0.008211 0.062165 -0.094176
v 0.000000 0.062471 -0.097878
v 0.007895 0.067763 -0.090751
v 0.000000 0.068706 -0.093613
v -0.019286 0.097894 0.049365
v 0.008081 0.098408 -0.049903
v 0.000000 0.101059 -0.051546
v 0.004678 0.082343 -0.055725
v 0.003977 0.068561 -0.092981
v 0.004204 0.062427 -0.097114
v 0.004817 0.055211 -0.096482
v 0.005710 0.046831 -0.092100
v 0.006972 0.038724 -0.086664
v 0.009574 0.000000 -0.056239
v 0.012109 0.019189 -0.071117
v 0.000000 0.028897 -0.081794
v 0.008260 0.030389 -0.081195
v 0.015383 0.036378 -0.079916
v 0.000000 0.087819 -0.019858
v 0.013447 0.106499 -0.020236
v 0.000000 0.065835 -0.031246
v 0.000000 0.071036 -0.027155
v 0.031664 0.082308 -0.011422
v 0.000000 0.097268 -0.023915
v 0.007337 0.065796 -0.084544
v 0.008055 0.056122 -0.086957
v 0.010321 0.045168 -0.080663
v 0.012592 0.041583 -0.076393
v 0.022852 0.034021 -0.073158
v 0.000000 0.050213 -0.075853
v 0.000000 0.053309 -0.078234
v 0.000000 0.047994 -0.072214
v 0.000000 0.056660 -0.078994
v 0.000000 0.059936 -0.078406
v 0.000000 0.062960 -0.076539
v 0.007787 0.090380 -0.061534
v 0.000000 0.087869 -0.044446
v 0.000000 0.095062 -0.033612
v 0.022401 0.113065 -0.012129
v 0.019885 0.119977 -0.009764
v 0.000000 0.087924 0.129824
v 0.011928 0.032980 0.100686
v 0.025308 0.061018 0.071308
v 0.047134 0.057889 0.043664
v 0.022746 0.039869 -0.063424
v 0.038412 0.055469 -0.023328
v 0.006240 0.048375 -0.077444
v 0.005470 0.052292 -0.080366
v 0.005096 0.056397 -0.081759
v 0.004789 0.060435 -0.081444
v 0.004651 0.064015 -0.079155
v 0.004341 0.092107 -0.062782
v 0.004670 0.090013 -0.045407
v 0.004652 0.097562 -0.034314
v 0.007395 0.100629 -0.022539
v 0.012836 0.088458 -0.016819
v 0.014349 0.082321 -0.018328
v 0.017615 0.068888 -0.024734
v 0.018704 0.063104 -0.029068
v 0.037015 0.063467 -0.017816
v -0.034001 0.097902 0.034887
v 0.009617 0.096801 0.153991
v -0.038613 0.084156 0.038175
v -0.041154 0.096069 0.005624
v -0.039073 0.094260 -0.002688
v 0.000000 0.081623 0.163815
v 0.011359 0.085358 0.161395
v -0.044910 0.082412 -0.002140
v 0.000000 0.133700 0.243422
v 0.003267 0.134015 0.242734
v 0.005936 0.134954 0.240683
v 0.008172 0.109060 0.174580
v 0.006925 0.136461 0.237393
v 0.004389 0.138772 0.235278
v 0.002205 0.139402 0.234701
v 0.000000 0.139597 0.234524
v -0.047077 0.082937 0.006059
v 0.056410 0.056575 0.016016
v 0.041136 0.096934 0.014962
v 0.034977 0.109675 0.013366
v 0.029759 0.120034 0.012218
v 0.046720 0.083445 0.015963
v 0.045153 0.000000 0.025188
v 0.055937 0.019794 0.028956
v 0.060743 0.033779 0.030896
v 0.052874 0.057211 0.030145
v 0.021963 0.000000 0.053836
v 0.033540 0.110290 0.022624
v 0.038757 0.097597 0.024984
v 0.028583 0.120034 0.020660
v 0.043996 0.083973 0.027093
v 0.011506 0.064949 0.072454
v 0.000000 0.066288 0.072842
v 0.013740 0.017574 0.080823
v 0.040671 0.020451 0.057650
v 0.045722 0.036884 0.062158
v 0.037122 0.058623 0.055914
v 0.000000 0.075789 0.108022
v 0.022503 0.059821 0.115383
v 0.017709 0.053278 0.118784
v 0.007387 0.074399 0.108690
v 0.009635 0.049315 0.121333
v 0.000000 0.047972 0.122160
v 0.014067 0.070808 0.110256
v 0.027115 0.097890 0.043399
v 0.023442 0.110466 0.038896
v 0.019896 0.120032 0.034507
v 0.030425 0.084307 0.047938
v 0.060799 0.044202 -0.000268
v 0.007539 0.045490 -0.073734
v 0.012304 0.045136 -0.062199
v 0.009766 0.044679 -0.068403
v 0.027946 0.091327 -0.010450
v 0.023852 0.099248 -0.011893
v 0.007849 0.101789 -0.035690
v 0.007443 0.093986 -0.047489
v 0.000000 0.092679 -0.063219
v 0.007576 0.061243 -0.086966
v 0.008761 0.050476 -0.084416
v 0.017057 0.039972 -0.070416
v 0.028194 0.041336 -0.055524
v 0.007710 0.066774 0.143160
v -0.053812 0.057532 -0.008742
v 0.031141 0.049922 0.074643
v 0.051159 0.045196 0.046036
v 0.009258 0.099707 0.180574
v 0.060577 0.043527 0.015237
v 0.057144 0.044303 0.030716
v 0.041468 0.046596 0.059611
v 0.006273 0.082742 0.163090
v 0.005905 0.137692 0.236266
v 0.019409 0.065931 0.112736
v 0.014877 0.047130 -0.055380
v 0.000000 0.120202 0.042676
v 0.000000 0.066210 0.086024
v 0.000000 0.096549 0.182599
v 0.005089 0.097551 0.181957
v -0.056838 0.056771 0.002315
v 0.000000 0.111803 0.172823
v 0.011479 0.111041 -0.028823
v 0.010306 0.105664 -0.027165
v 0.000000 0.097498 -0.027782
v 0.005545 0.100618 -0.027464
v 0.049955 0.069939 -0.004336
v 0.011260 0.094051 -0.017197
v 0.015985 0.075505 -0.021049
v 0.052277 0.069254 0.004719
v 0.043093 0.070166 0.041164
v 0.051759 0.069051 0.016228
v 0.048597 0.069658 0.028762
v 0.034736 0.072890 -0.013880
v 0.011400 0.072277 0.063465
v 0.000000 0.072607 0.064475
v 0.022896 0.071534 0.060332
v 0.033692 0.070820 0.052367
v 0.047010 0.000000 -0.012880
v 0.061053 0.033541 -0.017253
v 0.056511 0.019479 -0.015316
v 0.036879 0.045215 -0.038225
v 0.000000 0.092048 -0.019862
v 0.018541 0.053127 -0.041341
v 0.012991 0.120126 -0.014398
v -0.056064 0.045789 -0.016294
v -0.034125 0.108464 0.003801
v -0.028575 0.120073 0.004063
v -0.025390 0.120018 -0.003148
v -0.030853 0.106766 -0.005617
v -0.006247 0.120202 -0.017180
v -0.015732 0.114683 -0.018708
v -0.029540 0.110435 0.031364
v -0.016906 0.110479 0.044266
v -0.008321 0.110265 0.047220
v -0.007324 0.120202 0.041709
v 0.009563 0.065012 0.086567
v -0.014277 0.120202 0.039267
v -0.025145 0.120033 0.028294
v 0.024467 0.054957 0.090518
v 0.021697 0.038206 0.098173
v 0.005924 0.086886 0.130663
v -0.021270 0.084542 0.054198
v -0.017832 0.061365 0.088220
v -0.036297 0.040619 0.076326
v -0.054502 0.035014 0.047657
v 0.006383 0.114017 -0.030516
v -0.015233 0.079647 0.135191
v -0.027599 0.019711 0.071768
v 0.000000 0.082280 -0.021257
v -0.011597 0.083759 0.132567
v -0.017873 0.074798 0.138073
v 0.000000 0.047868 -0.061511
v 0.007279 0.086000 -0.058375
v -0.011276 0.000000 0.057979
v 0.000000 0.047024 -0.067329
v -0.031757 0.000000 0.047421
v -0.039426 0.000000 0.037945
v -0.047662 0.000000 0.012706
v 0.000000 0.080487 -0.054416
v -0.058819 0.019206 0.014216
v -0.048332 0.000000 0.000000
v -0.042970 0.000000 -0.024695
v -0.051642 0.019705 -0.029246
v 0.014023 0.070035 0.141078
v 0.028627 0.047614 0.093347
v -0.036725 0.000000 -0.036212
v -0.029061 0.000000 -0.045197
v -0.036622 0.019720 -0.052524
v -0.019502 0.000000 -0.052065
v 0.000000 0.100248 0.151764
v 0.014562 0.089428 0.158760
v 0.012793 0.093196 0.156323
v 0.005081 0.099191 0.152446
v 0.012025 0.102861 0.178551
v -0.027020 0.019866 -0.061614
v -0.045065 0.019722 -0.041612
v 0.000000 0.049840 -0.055317
v -0.058649 0.019237 -0.000872
v -0.049982 0.020315 0.044467
v 0.000000 0.076710 -0.023775
v -0.008989 0.106664 -0.037672
v -0.005077 0.108935 -0.038850
v 0.000000 0.056293 -0.042637
v -0.063769 0.033055 0.014631
v 0.000000 0.084779 -0.073724
v 0.004232 0.084336 -0.073345
v 0.007208 0.078586 -0.068434
v 0.004667 0.075060 -0.065392
v -0.063675 0.033006 -0.001350
v -0.056001 0.033886 -0.031679
v 0.000000 0.073268 -0.063872
v 0.007656 0.082780 -0.072019
v 0.000000 0.120202 -0.018005
v -0.049278 0.033655 -0.044470
v -0.040607 0.033397 -0.055811
v -0.031664 0.033271 -0.065234
v 0.000000 0.065563 0.143931
v -0.012014 0.041138 -0.084311
v 0.004200 0.110963 0.173360
v -0.004657 0.100425 -0.051044
v -0.010011 0.048549 -0.089038
v -0.008790 0.055629 -0.093308
v 0.000000 0.118240 -0.023348
v 0.007053 0.117859 -0.022681
v 0.000000 0.095740 -0.021323
v 0.009472 0.098474 -0.019107
v 0.018392 0.104555 -0.015480
v -0.008211 0.062165 -0.094176
v 0.010729 0.106053 0.176505
v -0.007895 0.067763 -0.090751
v -0.008081 0.098408 -0.049903
v -0.004678 0.082343 -0.055725
v -0.003977 0.068561 -0.092981
v -0.004204 0.062427 -0.097114
v -0.004817 0.055211 -0.096482
v 0.002893 0.131882 0.215211
v 0.007290 0.129046 0.217317
v 0.003465 0.123727 0.221601
v -0.005710 0.046831 -0.092100
v -0.006972 0.038724 -0.086664
v -0.009574 0.000000 -0.056239
v -0.012109 0.019189 -0.071117
v 0.005508 0.130821 0.216003
v 0.000000 0.123006 0.222143
v 0.008345 0.127005 0.218826
v 0.006436 0.125069 0.220414
v 0.000000 0.132241 0.214964
v 0.017274 0.049561 -0.048331
v -0.008260 0.030389 -0.081195
v 0.000000 0.052695 -0.049101
v 0.033381 0.042936 -0.046789
v -0.015383 0.036378 -0.079916
v -0.013447 0.106499 -0.020236
v -0.031664 0.082308 -0.011422
v -0.007337 0.065796 -0.084544
v -0.008055 0.056122 -0.086957
v -0.010321 0.045168 -0.080663
v -0.012592 0.041583 -0.076393
v -0.022852 0.034021 -0.073158
v 0.025471 0.120793 0.004922
v 0.022630 0.120784 -0.001506
v 0.005492 0.120767 -0.013621
v 0.006425 0.120839 0.038085
v 0.012326 0.120836 0.035836
v 0.022418 0.120823 0.026528
v 0.017722 0.120776 -0.007403
v 0.026529 0.120803 0.012193
v 0.025482 0.120813 0.019721
v 0.017738 0.120831 0.032070
v 0.000000 0.120840 0.038876
v 0.011575 0.120770 -0.011533
v -0.007787 0.090380 -0.061534
v 0.000000 0.120766 -0.014194
v -0.022401 0.113065 -0.012129
v 0.018920 0.057805 -0.034972
v 0.000000 0.060797 -0.036685
v 0.056427 0.039195 -0.023403
v -0.019885 0.119977 -0.009764
v 0.038153 0.050023 -0.030148
v 0.004655 0.067981 -0.074613
v 0.000000 0.066602 -0.072452
v 0.007248 0.070580 -0.078662
v 0.007732 0.073724 -0.083586
v 0.003975 0.074866 -0.085372
v 0.000000 0.075156 -0.085822
v -0.011928 0.032980 0.100686
v -0.025308 0.061018 0.071308
v 0.004110 0.111944 0.201569
v -0.047134 0.057889 0.043664
v 0.009999 0.116166 0.198745
v 0.000000 0.123236 0.194045
v 0.009038 0.118654 0.197090
v -0.022746 0.039869 -0.063424
v 0.007645 0.113714 0.200386
v 0.000000 0.111107 0.202130
v -0.038412 0.055469 -0.023328
v 0.003539 0.122642 0.194436
v 0.006941 0.121098 0.195464
v 0.000000 0.000000 0.053836
v 0.000000 0.000000 0.047240
v 0.000000 0.000000 0.037290
v 0.000000 0.000000 0.025188
v 0.000000 0.000000 0.012706
v 0.000000 0.000000 0.000000
v 0.000000 0.000000 -0.012880
v 0.000000 0.000000 -0.024695
v 0.000000 0.000000 -0.036212
v 0.000000 0.000000 -0.045197
v 0.000000 0.000000 -0.052065
v 0.010061 0.083867 0.055903
v 0.009138 0.097125 0.050747
v 0.000000 0.097131 0.051623
v 0.018416 0.097100 0.047719
v 0.032436 0.097104 0.033903
v 0.037017 0.083419 0.037192
v 0.039362 0.095207 0.005982
v 0.037529 0.093563 -0.001427
v 0.043338 0.081632 -0.000960
v 0.045228 0.082163 0.006302
v 0.052233 0.056611 -0.007705
v 0.054947 0.056091 0.002504
v 0.055208 0.044591 -0.012862
v 0.032383 0.107560 0.004268
v 0.027129 0.117973 0.004488
v 0.024095 0.117851 -0.002363
v 0.029359 0.106139 -0.004301
v 0.005856 0.117981 -0.016433
v 0.013994 0.113943 -0.017365
v 0.028024 0.109497 0.030421
v 0.016032 0.109529 0.042699
v 0.007935 0.109353 0.045469
v 0.000000 0.109231 0.046403
v 0.007020 0.118138 0.040385
v 0.013592 0.118163 0.038072
v 0.023932 0.117848 0.027542
v 0.000000 0.083947 0.056908
v 0.020441 0.083743 0.052535
v 0.016599 0.059666 0.088238
v 0.034278 0.040447 0.075267
v 0.052581 0.035008 0.046676
v 0.013527 0.078638 0.135568
v -0.006240 0.048375 -0.077444
v -0.005470 0.052292 -0.080366
v 0.000000 0.032991 0.100068
v 0.026367 0.020855 0.070609
v 0.000000 0.018923 0.081884
v -0.005096 0.056397 -0.081759
v 0.010231 0.082409 0.133225
v 0.015625 0.074763 0.137691
v 0.000000 0.001981 0.058249
v 0.010957 0.001939 0.057203
v 0.030916 0.001967 0.046673
v 0.038372 0.001959 0.037341
v 0.046433 0.001964 0.012569
v 0.056997 0.020046 0.014022
v 0.047079 0.001969 0.000073
v 0.041779 0.001966 -0.024170
v 0.049796 0.020493 -0.028776
v 0.035640 0.001962 -0.035492
v 0.028155 0.001961 -0.044307
v 0.033480 0.020597 -0.052845
v 0.018821 0.001967 -0.051092
v 0.000000 0.001959 -0.056552
v 0.000000 0.020319 -0.070275
v 0.022513 0.020698 -0.062296
v 0.042249 0.020536 -0.042157
v 0.056816 0.020054 -0.000744
v 0.048399 0.021209 0.043587
v 0.061665 0.033127 0.014420
v 0.061565 0.033021 -0.001149
v 0.052690 0.031746 -0.031797
v 0.044177 0.030945 -0.045615
v 0.034672 0.030528 -0.056461
v 0.023422 0.029434 -0.064959
v -0.004789 0.060435 -0.081444
v -0.004651 0.064015 -0.079155
v 0.009176 0.001913 -0.055215
v 0.011383 0.020323 -0.069087
v 0.000000 0.087554 -0.017808
v 0.011004 0.107845 -0.018507
v 0.000000 0.064443 -0.029756
v 0.000000 0.069877 -0.025480
v 0.030766 0.081668 -0.009737
v 0.000000 0.102126 -0.021567
v 0.011413 0.028888 -0.070085
v 0.020990 0.111643 -0.010698
v 0.018828 0.117710 -0.008802
v 0.000000 0.086132 0.130821
v 0.011281 0.034469 0.099456
v 0.024201 0.059386 0.070476
v 0.045500 0.057163 0.042732
v 0.020279 0.038256 -0.063566
v 0.037424 0.054240 -0.022078
v 0.006098 0.103397 -0.020475
v 0.012251 0.088175 -0.014904
v 0.013806 0.081651 -0.016510
v 0.017013 0.067781 -0.023157
v 0.018084 0.061769 -0.027679
v 0.036061 0.062456 -0.016362
v -0.004341 0.092107 -0.062782
v 0.008245 0.095462 0.154681
v 0.000000 0.083214 0.162533
v 0.009954 0.086461 0.160400
v 0.000000 0.134316 0.242075
v 0.002510 0.134582 0.241344
v 0.004458 0.135397 0.239576
v 0.006813 0.107703 0.175282
v 0.004885 0.136214 0.237894
v 0.003241 0.137619 0.236333
v 0.001676 0.138067 0.235923
v 0.000000 0.138215 0.235788
v -0.004670 0.090013 -0.045407
v 0.054524 0.055929 0.015771
v 0.039310 0.096091 0.014855
v 0.033185 0.108753 0.013331
v 0.028280 0.117869 0.012234
v 0.044860 0.082712 0.015749
v 0.043987 0.001964 0.024822
v 0.054195 0.020654 0.028420
v 0.058701 0.033818 0.030309
v 0.051064 0.056551 0.029584
v 0.021342 0.001964 0.053061
v 0.031824 0.109361 0.022108
v 0.036999 0.096788 0.024430
v 0.027185 0.117862 0.020269
v 0.042217 0.083251 0.026497
v 0.011077 0.063008 0.071734
v 0.000000 0.064276 0.072156
v 0.013151 0.019093 0.079611
v 0.039327 0.021442 0.056517
v 0.043887 0.036819 0.060938
v 0.035687 0.057716 0.054839
v 0.000000 0.073958 0.108922
v 0.020270 0.059705 0.114918
v 0.016320 0.054361 0.117735
v 0.006675 0.072670 0.109484
v 0.008957 0.050785 0.120100
v 0.000000 0.049547 0.120886
v 0.012812 0.069322 0.110827
v 0.025835 0.097099 0.042061
v 0.022181 0.109535 0.037635
v 0.018914 0.117791 0.033549
v 0.029148 0.083545 0.046580
v 0.058894 0.043577 -0.000069
v 0.011708 0.043289 -0.061625
v 0.008551 0.042244 -0.066886
v 0.027055 0.090976 -0.008671
v 0.021445 0.099132 -0.010453
v 0.010104 0.038372 -0.069458
v 0.027322 0.039738 -0.054682
v 0.006996 0.068233 0.141937
v 0.029547 0.048852 0.074020
v 0.049496 0.044462 0.045168
v 0.007873 0.100854 0.179612
v 0.058669 0.042939 0.015028
v 0.055312 0.043674 0.030195
v 0.039931 0.045733 0.058659
v 0.005533 0.084200 0.161888
v 0.004282 0.136928 0.236977
v 0.017750 0.064803 0.113016
v 0.014351 0.045340 -0.054626
v 0.000000 0.118144 0.041305
v 0.000000 0.064190 0.086450
v 0.000000 0.098174 0.181345
v 0.004327 0.099026 0.180796
v -0.004652 0.097562 -0.034314
v 0.000000 0.110002 0.173807
v 0.048366 0.069083 -0.003242
v 0.010714 0.094743 -0.015116
v 0.015420 0.074607 -0.019337
v 0.050406 0.068525 0.004916
v 0.041476 0.069447 0.040197
v 0.049887 0.068373 0.015971
v 0.046805 0.068979 0.028163
v 0.033823 0.072065 -0.012289
v 0.011041 0.071031 0.061873
v 0.000000 0.071319 0.062862
v 0.022019 0.070379 0.058864
v 0.032400 0.069956 0.051084
v 0.045737 0.001959 -0.012575
v 0.058989 0.033525 -0.016696
v 0.054717 0.020276 -0.014874
v 0.035897 0.043707 -0.037326
v 0.000000 0.093222 -0.017126
v 0.017945 0.051500 -0.040304
v 0.012247 0.117932 -0.013495
v -0.007395 0.100629 -0.022539
v -0.012836 0.088458 -0.016819
v -0.014349 0.082321 -0.018328
v -0.017615 0.068888 -0.024734
v -0.018704 0.063104 -0.029068
v -0.037015 0.063467 -0.017816
v 0.008980 0.063061 0.086906
v -0.009617 0.096801 0.153991
v 0.022832 0.053738 0.090472
v -0.011359 0.085358 0.161395
v 0.020328 0.039290 0.097103
v 0.005152 0.085236 0.131557
v -0.003267 0.134015 0.242734
v -0.005936 0.134954 0.240683
v -0.008172 0.109060 0.174580
v -0.006925 0.136461 0.237393
v -0.004389 0.138772 0.235278
v -0.002205 0.139402 0.234701
v -0.056410 0.056575 0.016016
v 0.000000 0.081591 -0.019333
v -0.041136 0.096934 0.014962
v 0.000000 0.045877 -0.061031
v 0.000000 0.043572 -0.068030
v -0.034977 0.109675 0.013366
v -0.029759 0.120034 0.012218
v -0.046720 0.083445 0.015963
v 0.012624 0.071122 0.140053
v 0.026448 0.047410 0.092676
v -0.045153 0.000000 0.025188
v -0.055937 0.019794 0.028956
v 0.000000 0.098450 0.152760
v 0.012325 0.089475 0.158411
v 0.011027 0.092299 0.156699
v 0.004296 0.097553 0.153343
v 0.009802 0.103025 0.178185
v -0.060743 0.033779 0.030896
v 0.000000 0.047944 -0.054584
v -0.052874 0.057211 0.030145
v 0.000000 0.075764 -0.021970
v -0.021963 0.000000 0.053836
v -0.033540 0.110290 0.022624
v -0.038757 0.097597 0.024984
v -0.028583 0.120034 0.020660
v -0.043996 0.083973 0.027093
v 0.000000 0.054582 -0.041530
v -0.011506 0.064949 0.072454
v -0.013740 0.017574 0.080823
v -0.040671 0.020451 0.057650
v 0.000000 0.117920 -0.017393
v -0.045722 0.036884 0.062158
v -0.037122 0.058623 0.055914
v -0.022503 0.059821 0.115383
v 0.000000 0.067141 0.142648
v 0.003454 0.109311 0.174257
v -0.017709 0.053278 0.118784
v -0.007387 0.074399 0.108690
v 0.000000 0.115361 -0.020662
v 0.006409 0.114965 -0.019810
v 0.000000 0.098031 -0.018960
v 0.008454 0.099740 -0.017453
v 0.016158 0.104718 -0.014220
v -0.009635 0.049315 0.121333
v 0.008938 0.105194 0.176874
v -0.014067 0.070808 0.110256
v -0.027115 0.097890 0.043399
v -0.023442 0.110466 0.038896
v -0.019896 0.120032 0.034507
v -0.030425 0.084307 0.047938
v 0.005567 0.110104 -0.021046
v 0.000000 0.110684 -0.021666
v -0.060799 0.044202 -0.000268
v -0.007539 0.045490 -0.073734
v -0.012304 0.045136 -0.062199
v -0.009766 0.044679 -0.068403
v -0.027946 0.091327 -0.010450
v -0.023852 0.099248 -0.011893
v -0.007849 0.101789 -0.035690
v -0.007443 0.093986 -0.047489
v 0.002294 0.130093 0.215938
v 0.005475 0.128164 0.217555
v 0.002702 0.125379 0.220709
v -0.007576 0.061243 -0.086966
v 0.004269 0.129307 0.216598
v 0.000000 0.124814 0.221162
v 0.006086 0.127143 0.218593
v 0.004996 0.126337 0.219691
v 0.000000 0.130368 0.215731
v 0.016718 0.047827 -0.047471
v -0.008761 0.050476 -0.084416
v 0.000000 0.050870 -0.048203
v 0.032461 0.041338 -0.045995
v -0.017057 0.039972 -0.070416
v -0.028194 0.041336 -0.055524
v -0.007710 0.066774 0.143160
v 0.024729 0.118945 0.005140
v 0.021954 0.118951 -0.001064
v 0.005346 0.118838 -0.013107
v 0.006303 0.118905 0.037585
v 0.012015 0.118915 0.035356
v 0.021738 0.118988 0.026101
v 0.017168 0.118942 -0.006821
v 0.025743 0.118961 0.012188
v 0.024714 0.118977 0.019500
v 0.017207 0.118966 0.031570
v 0.000000 0.118907 0.038358
v 0.011224 0.118884 -0.010954
v -0.031141 0.049922 0.074643
v 0.000000 0.118826 -0.013707
v -0.051159 0.045196 0.046036
v -0.009258 0.099707 0.180574
v 0.018312 0.056307 -0.033763
v 0.000000 0.059229 -0.035389
v -0.060577 0.043527 0.015237
v -0.057144 0.044303 0.030716
v 0.037152 0.048649 -0.029079
v 0.003339 0.113494 0.200517
v -0.041468 0.046596 0.059611
v 0.007768 0.116410 0.198394
v 0.000000 0.121405 0.194946
v 0.007261 0.117751 0.197447
v 0.006299 0.114960 0.199501
v 0.000000 0.112822 0.200985
v -0.006273 0.082742 0.163090
v 0.002862 0.120925 0.195267
v 0.005612 0.119683 0.196120
v 0.000000 0.002000 0.053836
v 0.000000 0.002000 0.047240
v 0.000000 0.002000 0.037290
v 0.000000 0.002000 0.025188
v 0.000000 0.002000 0.012706
v 0.000000 0.002000 0.000000
v 0.000000 0.002000 -0.012880
v 0.000000 0.002000 -0.024695
v 0.000000 0.002000 -0.036212
v 0.000000 0.002000 -0.045197
v 0.000000 0.002000 -0.052065
v 0.000000 0.028903 -0.071481
v 0.000000 0.037397 -0.070971
v 0.000000 0.106470 -0.022172
v 0.004132 0.106599 -0.021471
v -0.005905 0.137692 0.236266
v -0.019409 0.065931 0.112736
v -0.014877 0.047130 -0.055380
v -0.005089 0.097551 0.181957
v -0.011479 0.111041 -0.028823
v -0.010306 0.105664 -0.027165
v -0.005545 0.100618 -0.027464
v -0.049955 0.069939 -0.004336
v -0.011260 0.094051 -0.017197
v -0.015985 0.075505 -0.021049
v -0.052277 0.069254 0.004719
v -0.043093 0.070166 0.041164
v -0.051759 0.069051 0.016228
v -0.048597 0.069658 0.028762
v -0.034736 0.072890 -0.013880
v -0.011400 0.072277 0.063465
v -0.022896 0.071534 0.060332
v -0.033692 0.070820 0.052367
v -0.047010 0.000000 -0.012880
v -0.061053 0.033541 -0.017253
v -0.056511 0.019479 -0.015316
v -0.036879 0.045215 -0.038225
v -0.018541 0.053127 -0.041341
v -0.012991 0.120126 -0.014398
v -0.009563 0.065012 0.086567
v -0.024467 0.054957 0.090518
v -0.021697 0.038206 0.098173
v -0.005924 0.086886 0.130663
v -0.006383 0.114017 -0.030516
v -0.007279 0.086000 -0.058375
v -0.014023 0.070035 0.141078
v -0.028627 0.047614 0.093347
v -0.014562 0.089428 0.158760
v -0.012793 0.093196 0.156323
v -0.005081 0.099191 0.152446
v -0.012025 0.102861 0.178551
v -0.004232 0.084336 -0.073345
v -0.007208 0.078586 -0.068434
v -0.004667 0.075060 -0.065392
v -0.007656 0.082780 -0.072019
v -0.004200 0.110963 0.173360
v -0.007053 0.117859 -0.022681
v -0.009472 0.098474 -0.019107
v -0.018392 0.104555 -0.015480
v -0.010729 0.106053 0.176505
v -0.002893 0.131882 0.215211
v -0.007290 0.129046 0.217317
v -0.003465 0.123727 0.221601
v -0.005508 0.130821 0.216003
v -0.008345 0.127005 0.218826
v -0.006436 0.125069 0.220414
v -0.017274 0.049561 -0.048331
v -0.033381 0.042936 -0.046789
v -0.025471 0.120793 0.004922
v -0.022630 0.120784 -0.001506
v -0.005492 0.120767 -0.013621
v -0.006425 0.120839 0.038085
v -0.012326 0.120836 0.035836
v -0.022418 0.120823 0.026528
v -0.017722 0.120776 -0.007403
v -0.026529 0.120803 0.012193
v -0.025482 0.120813 0.019721
v -0.017738 0.120831 0.032070
v -0.011575 0.120770 -0.011533
v -0.018920 0.057805 -0.034972
v -0.056427 0.039195 -0.023403
v -0.038153 0.050023 -0.030148
v -0.004655 0.067981 -0.074613
v -0.007248 0.070580 -0.078662
v -0.007732 0.073724 -0.083586
v -0.003975 0.074866 -0.085372
v -0.004110 0.111944 0.201569
v -0.009999 0.116166 0.198745
v -0.009038 0.118654 0.197090
v -0.007645 0.113714 0.200386
v -0.003539 0.122642 0.194436
v -0.006941 0.121098 0.195464
v -0.010061 0.083867 0.055903
v -0.009138 0.097125 0.050747
v -0.018416 0.097100 0.047719
v -0.032436 0.097104 0.033903
v -0.037017 0.083419 0.037192
v -0.039362 0.095207 0.005982
v -0.037529 0.093563 -0.001427
v -0.043338 0.081632 -0.000960
v -0.045228 0.082163 0.006302
v -0.052233 0.056611 -0.007705
v -0.054947 0.056091 0.002504
v -0.055208 0.044591 -0.012862
v -0.032383 0.107560 0.004268
v -0.027129 0.117973 0.004488
v -0.024095 0.117851 -0.002363
v -0.029359 0.106139 -0.004301
v -0.005856 0.117981 -0.016433
v -0.013994 0.113943 -0.017365
v -0.028024 0.109497 0.030421
v -0.016032 0.109529 0.042699
v -0.007935 0.109353 0.045469
v -0.007020 0.118138 0.040385
v -0.013592 0.118163 0.038072
v -0.023932 0.117848 0.027542
v -0.020441 0.083743 0.052535
v -0.016599 0.059666 0.088238
v -0.034278 0.040447 0.075267
v -0.052581 0.035008 0.046676
v -0.013527 0.078638 0.135568
v -0.026367 0.020855 0.070609
v -0.010231 0.082409 0.133225
v -0.015625 0.074763 0.137691
v -0.010957 0.001939 0.057203
v -0.030916 0.001967 0.046673
v -0.038372 0.001959 0.037341
v -0.046433 0.001964 0.012569
v -0.056997 0.020046 0.014022
v -0.047079 0.001969 0.000073
v -0.041779 0.001966 -0.024170
v -0.049796 0.020493 -0.028776
v -0.035640 0.001962 -0.035492
v -0.028155 0.001961 -0.044307
v -0.033480 0.020597 -0.052845
v -0.018821 0.001967 -0.051092
v -0.022513 0.020698 -0.062296
v -0.042249 0.020536 -0.042157
v -0.056816 0.020054 -0.000744
v -0.048399 0.021209 0.043587
v -0.061665 0.033127 0.014420
v -0.061565 0.033021 -0.001149
v -0.052690 0.031746 -0.031797
v -0.044177 0.030945 -0.045615
v -0.034672 0.030528 -0.056461
v -0.023422 0.029434 -0.064959
v -0.009176 0.001913 -0.055215
v -0.011383 0.020323 -0.069087
v -0.011004 0.107845 -0.018507
v -0.030766 0.081668 -0.009737
v -0.011413 0.028888 -0.070085
v -0.020990 0.111643 -0.010698
v -0.018828 0.117710 -0.008802
v -0.011281 0.034469 0.099456
v -0.024201 0.059386 0.070476
v -0.045500 0.057163 0.042732
v -0.020279 0.038256 -0.063566
v -0.037424 0.054240 -0.022078
v -0.006098 0.103397 -0.020475
v -0.012251 0.088175 -0.014904
v -0.013806 0.081651 -0.016510
v -0.017013 0.067781 -0.023157
v -0.018084 0.061769 -0.027679
v -0.036061 0.062456 -0.016362
v -0.008245 0.095462 0.154681
v -0.009954 0.086461 0.160400
v -0.002510 0.134582 0.241344
v -0.004458 0.135397 0.239576
v -0.006813 0.107703 0.175282
v -0.004885 0.136214 0.237894
v -0.003241 0.137619 0.236333
v -0.001676 0.138067 0.235923
v -0.054524 0.055929 0.015771
v -0.039310 0.096091 0.014855
v -0.033185 0.108753 0.013331
v -0.028280 0.117869 0.012234
v -0.044860 0.082712 0.015749
v -0.043987 0.001964 0.024822
v -0.054195 0.020654 0.028420
v -0.058701 0.033818 0.030309
v -0.051064 0.056551 0.029584
v -0.021342 0.001964 0.053061
v -0.031824 0.109361 0.022108
v -0.036999 0.096788 0.024430
v -0.027185 0.117862 0.020269
v -0.042217 0.083251 0.026497
v -0.011077 0.063008 0.071734
v -0.013151 0.019093 0.079611
v -0.039327 0.021442 0.056517
v -0.043887 0.036819 0.060938
v -0.035687 0.057716 0.054839
v -0.020270 0.059705 0.114918
v -0.016320 0.054361 0.117735
v -0.006675 0.072670 0.109484
v -0.008957 0.050785 0.120100
v -0.012812 0.069322 0.110827
v -0.025835 0.097099 0.042061
v -0.022181 0.109535 0.037635
v -0.018914 0.117791 0.033549
v -0.029148 0.083545 0.046580
v -0.058894 0.043577 -0.000069
v -0.011708 0.043289 -0.061625
v -0.008551 0.042244 -0.066886
v -0.027055 0.090976 -0.008671
v -0.021445 0.099132 -0.010453
v -0.010104 0.038372 -0.069458
v -0.027322 0.039738 -0.054682
v -0.006996 0.068233 0.141937
v -0.029547 0.048852 0.074020
v -0.049496 0.044462 0.045168
v -0.007873 0.100854 0.179612
v -0.058669 0.042939 0.015028
v -0.055312 0.043674 0.030195
v -0.039931 0.045733 0.058659
v -0.005533 0.084200 0.161888
v -0.004282 0.136928 0.236977
v -0.017750 0.064803 0.113016
v -0.014351 0.045340 -0.054626
v -0.004327 0.099026 0.180796
v -0.048366 0.069083 -0.003242
v -0.010714 0.094743 -0.015116
v -0.015420 0.074607 -0.019337
v -0.050406 0.068525 0.004916
v -0.041476 0.069447 0.040197
v -0.049887 0.068373 0.015971
v -0.046805 0.068979 0.028163
v -0.033823 0.072065 -0.012289
v -0.011041 0.071031 0.061873
v -0.022019 0.070379 0.058864
v -0.032400 0.069956 0.051084
v -0.045737 0.001959 -0.012575
v -0.058989 0.033525 -0.016696
v -0.054717 0.020276 -0.014874
v -0.035897 0.043707 -0.037326
v -0.017945 0.051500 -0.040304
v -0.012247 0.117932 -0.013495
v -0.008980 0.063061 0.086906
v -0.022832 0.053738 0.090472
v -0.020328 0.039290 0.097103
v -0.005152 0.085236 0.131557
v -0.012624 0.071122 0.140053
v -0.026448 0.047410 0.092676
v -0.012325 0.089475 0.158411
v -0.011027 0.092299 0.156699
v -0.004296 0.097553 0.153343
v -0.009802 0.103025 0.178185
v -0.003454 0.109311 0.174257
v -0.006409 0.114965 -0.019810
v -0.008454 0.099740 -0.017453
v -0.016158 0.104718 -0.014220
v -0.008938 0.105194 0.176874
v -0.005567 0.110104 -0.021046
v -0.002294 0.130093 0.215938
v -0.005475 0.128164 0.217555
v -0.002702 0.125379 0.220709
v -0.004269 0.129307 0.216598
v -0.006086 0.127143 0.218593
v -0.004996 0.126337 0.219691
v -0.016718 0.047827 -0.047471
v -0.032461 0.041338 -0.045995
v -0.024729 0.118945 0.005140
v -0.021954 0.118951 -0.001064
v -0.005346 0.118838 -0.013107
v -0.006303 0.118905 0.037585
v -0.012015 0.118915 0.035356
v -0.021738 0.118988 0.026101
v -0.017168 0.118942 -0.006821
v -0.025743 0.118961 0.012188
v -0.024714 0.118977 0.019500
v -0.017207 0.118966 0.031570
v -0.011224 0.118884 -0.010954
v -0.018312 0.056307 -0.033763
v -0.037152 0.048649 -0.029079
v -0.003339 0.113494 0.200517
v -0.007768 0.116410 0.198394
v -0.007261 0.117751 0.197447
v -0.006299 0.114960 0.199501
v -0.002862 0.120925 0.195267
v -0.005612 0.119683 0.196120
v -0.004132 0.106599 -0.021471
vn -0.0000 0.3992 0.9168
vn 0.1882 0.3999 0.8970
vn 0.1925 0.3854 0.9025
vn -0.0000 0.3848 0.9230
vn 0.4211 0.3945 0.8167
vn 0.4277 0.3905 0.8152
vn 0.6387 0.3936 0.6611
vn 0.6366 0.3783 0.6720
vn 0.7883 0.3664 0.4943
vn 0.7777 0.3960 0.4882
vn 0.9255 0.3623 0.1103
vn 0.9166 0.3822 -0.1168
vn 0.8866 0.4275 -0.1768
vn 0.9070 0.4162 0.0638
vn 0.8844 0.3908 -0.2552
vn 0.8513 0.4227 -0.3108
vn 0.9010 0.3730 -0.2217
vn 0.9286 0.3603 -0.0894
vn 0.9371 0.3361 -0.0946
vn 0.9111 0.3450 -0.2257
vn 0.8080 0.4268 -0.4062
vn 0.8665 0.4383 -0.2391
vn 0.7781 0.4166 -0.4701
vn 0.8683 0.4236 -0.2583
vn 0.6433 0.4959 -0.5834
vn 0.6599 0.4788 -0.5790
vn 0.4964 0.6891 -0.5280
vn 0.4760 0.6884 -0.5473
vn 0.8716 0.4004 0.2829
vn 0.8585 0.4464 0.2525
vn 0.7592 0.4506 0.4696
vn 0.6296 0.4552 0.6296
vn 0.4296 0.4562 0.7793
vn 0.1917 0.4460 0.8743
vn -0.0000 0.4424 0.8968
vn 0.1941 0.4904 0.8496
vn -0.0000 0.4871 0.8733
vn 0.4253 0.5031 0.7523
vn 0.6184 0.4984 0.6076
vn 0.7417 0.4901 0.4579
vn 0.8949 0.4461 0.0105
vn 0.8930 0.4498 -0.0164
vn 0.3783 0.8137 -0.4413
vn 0.6627 0.6728 -0.3289
vn 0.6224 0.7313 -0.2789
vn 0.3475 0.8523 -0.3910
vn -0.4211 0.3945 0.8167
vn -0.6366 0.3783 0.6720
vn -0.6652 0.4167 0.6195
vn -0.4491 0.5418 0.7105
vn 0.8705 0.4531 -0.1923
vn 0.9236 0.3624 -0.1246
vn 0.9069 0.4061 -0.1123
vn 0.8487 0.4951 -0.1859
vn -0.0000 0.8747 -0.4847
vn 0.3833 0.8101 -0.4436
vn -0.0000 0.8739 -0.4860
vn -0.8716 0.4004 0.2829
vn -0.7777 0.3960 0.4882
vn -0.7592 0.4506 0.4696
vn -0.8585 0.4464 0.2525
vn 0.8197 -0.4073 0.4027
vn 0.6840 -0.5419 0.4883
vn 0.6818 -0.5327 0.5014
vn 0.8208 -0.3907 0.4166
vn 0.3670 -0.7175 0.5920
vn 0.3523 -0.7173 0.6012
vn 0.7682 0.4349 0.4699
vn 0.7917 0.5219 0.3175
vn 0.8068 0.4955 0.3218
vn 0.7835 0.4341 0.4446
vn 0.3351 -0.7217 0.6057
vn 0.6757 -0.5296 0.5127
vn 0.7863 -0.4390 0.4348
vn 0.8187 -0.3587 0.4484
vn 0.7275 -0.3863 0.5670
vn 0.6765 -0.4782 0.5600
vn 0.2860 -0.7497 0.5968
vn -0.0000 -0.7957 0.6057
vn -0.0000 -0.8048 0.5935
vn 0.2421 -0.7672 0.5939
vn 0.4678 -0.6617 0.5859
vn 0.6119 -0.5705 0.5479
vn 0.5710 -0.5807 0.5802
vn 0.7384 -0.5231 0.4256
vn 0.8229 -0.5062 0.2580
vn 0.8629 -0.4960 0.0970
vn 0.9030 -0.4190 0.0952
vn 0.8657 -0.4245 0.2653
vn 0.8784 -0.4754 -0.0491
vn 0.9113 -0.4065 -0.0661
vn 0.8665 -0.4546 -0.2060
vn 0.8191 -0.4469 -0.3595
vn 0.8431 -0.3897 -0.3706
vn 0.8925 -0.3929 -0.2215
vn 0.7416 -0.4545 -0.4934
vn 0.7690 -0.3984 -0.4999
vn 0.6234 -0.4797 -0.6175
vn 0.6646 -0.4211 -0.6172
vn 0.4809 -0.5298 -0.6986
vn 0.5419 -0.4674 -0.6985
vn 0.2891 -0.5980 -0.7475
vn -0.0000 -0.6378 -0.7702
vn -0.0000 -0.6340 -0.7733
vn 0.3447 -0.5608 -0.7528
vn 0.2369 0.8679 -0.4366
vn 0.2833 0.8489 -0.4462
vn -0.0000 0.9129 -0.4082
vn -0.0000 0.9311 -0.3647
vn 0.8325 0.3619 0.4194
vn 0.8455 0.3624 0.3921
vn 0.8980 -0.3437 0.2747
vn 0.9355 -0.3410 0.0928
vn 0.9378 -0.3373 -0.0822
vn 0.8626 -0.3338 -0.3800
vn 0.9118 -0.3323 -0.2410
vn 0.7921 -0.3433 -0.5047
vn 0.7018 -0.3624 -0.6133
vn 0.5962 -0.4063 -0.6924
vn 0.5308 0.6847 -0.4995
vn 0.3505 0.7565 -0.5522
vn 0.3641 0.7569 -0.5427
vn 0.5461 0.6781 -0.4919
vn 0.3782 -0.4618 -0.8023
vn 0.4070 -0.4181 -0.8121
vn 0.5997 -0.3386 -0.7250
vn 0.5385 -0.3804 -0.7519
vn 0.4002 -0.2228 -0.8889
vn 0.6224 -0.1950 -0.7580
vn 0.3685 0.2421 -0.8975
vn 0.5863 0.2322 -0.7761
vn 0.3210 0.6354 -0.7023
vn 0.4965 0.5952 -0.6318
vn -0.0000 0.7928 -0.6095
vn 0.3288 0.7494 -0.5748
vn 0.3076 0.7397 -0.5986
vn -0.0000 0.7767 -0.6299
vn -0.7007 -0.5508 0.4534
vn -0.7325 -0.4346 0.5240
vn -0.0000 -0.6566 0.7543
vn -0.0000 -0.7734 0.6339
vn 0.6915 -0.5746 0.4378
vn -0.0000 -0.7944 0.6075
vn 0.7007 -0.5508 0.4534
vn -0.0000 0.2487 -0.9686
vn -0.0000 0.6684 -0.7438
vn -0.0000 -0.2668 -0.9638
vn -0.0000 -0.4838 -0.8752
vn -0.0000 -0.5390 -0.8423
vn 0.3477 0.7741 -0.5290
vn -0.0000 0.8154 -0.5789
vn -0.0000 0.8379 -0.5458
vn 0.5499 0.6744 -0.4928
vn 0.3428 -0.5234 -0.7801
vn -0.0000 -0.5932 -0.8051
vn 0.5095 -0.4377 -0.7408
vn 0.5102 0.0404 -0.8591
vn 0.4599 0.1883 -0.8678
vn 0.2944 0.1486 -0.9441
vn 0.3439 -0.1000 -0.9337
vn 0.5389 0.2174 -0.8139
vn 0.5369 0.3214 -0.7800
vn 0.4515 0.3197 -0.8330
vn 0.5790 0.1079 -0.8082
vn -0.0000 0.8766 -0.4813
vn 0.3286 0.8091 -0.4871
vn 0.8703 -0.4540 -0.1911
vn 0.9128 -0.4001 0.0825
vn 0.9735 -0.2216 -0.0564
vn 0.9351 -0.2508 -0.2505
vn 0.4650 0.4126 -0.7832
vn 0.4808 0.5039 -0.7176
vn 0.2978 0.5457 -0.7833
vn 0.2808 0.4436 -0.8511
vn 0.2744 0.3306 -0.9030
vn 0.9963 -0.0691 0.0503
vn 0.9564 -0.2334 0.1755
vn 0.9565 -0.2226 0.1884
vn 0.9963 -0.0599 0.0620
vn 0.5240 -0.4488 -0.7239
vn 0.8419 0.5137 0.1652
vn 0.8959 0.3408 0.2850
vn 0.6310 0.4331 0.6436
vn 0.5698 0.6667 0.4804
vn 0.7054 0.6998 -0.1123
vn 0.4933 0.8533 0.1687
vn 0.3723 0.9188 -0.1309
vn 0.5258 0.7870 -0.3226
vn 0.9443 0.1672 0.2835
vn 0.7092 0.1480 0.6893
vn 0.9683 0.0033 0.2496
vn 0.7565 -0.1651 0.6328
vn 0.9681 -0.1362 0.2105
vn 0.7325 -0.4346 0.5240
vn 0.6518 -0.6867 0.3220
vn 0.6719 -0.6078 0.4233
vn 0.9390 -0.2929 0.1801
vn 0.6284 -0.7778 0.0132
vn 0.5274 0.7107 -0.4655
vn 0.4425 0.7984 -0.4084
vn 0.4792 0.7515 -0.4535
vn 0.5470 0.7261 -0.4167
vn 0.5943 -0.1068 -0.7971
vn 0.4506 -0.3800 -0.8078
vn -0.0000 0.7519 0.6593
vn -0.0000 0.9497 0.3131
vn -0.0000 0.4758 0.8795
vn -0.0000 0.1031 0.9947
vn -0.0000 -0.3327 0.9430
vn 0.9517 -0.2519 0.1757
vn 0.6825 -0.5868 0.4357
vn -0.0000 -0.8819 0.4714
vn -0.0000 -0.8158 0.5784
vn -0.0000 -0.9902 0.1396
vn -0.0000 -0.5651 -0.8250
vn -0.0000 -0.9207 -0.3902
vn 0.5748 -0.6876 -0.4436
vn -0.0000 0.3427 -0.9395
vn -0.0000 0.1409 -0.9900
vn -0.0000 0.5686 -0.8226
vn -0.0000 0.4646 -0.8855
vn -0.0000 0.8970 -0.4419
vn 0.2888 0.8573 -0.4261
vn 0.2758 0.8823 -0.3814
vn -0.0000 0.9319 -0.3626
vn 0.3026 0.9052 -0.2985
vn -0.0000 0.9695 -0.2449
vn 0.4274 0.8007 -0.4198
vn 0.3125 0.6570 -0.6861
vn -0.0000 0.6816 -0.7317
vn 0.4556 0.7942 -0.4020
vn -0.0000 -0.7757 0.6311
vn -0.0000 -0.7785 0.6276
vn -0.5748 -0.6876 -0.4436
vn -0.6284 -0.7778 0.0132
vn -0.6184 0.4984 0.6076
vn -0.7417 0.4901 0.4579
vn -0.6296 0.4552 0.6296
vn -0.7474 -0.4008 0.5298
vn -0.5710 -0.5807 0.5802
vn -0.6592 -0.5371 0.5263
vn -0.7983 -0.3893 0.4595
vn -0.8925 -0.3929 -0.2215
vn -0.9118 -0.3323 -0.2410
vn -0.8626 -0.3338 -0.3800
vn -0.8431 -0.3897 -0.3706
vn -0.0000 -0.8786 0.4776
vn 0.3803 -0.8112 0.4442
vn 0.3429 -0.8412 0.4181
vn -0.0000 -0.8959 0.4443
vn -0.7863 -0.4390 0.4348
vn -0.6765 -0.4782 0.5600
vn -0.7275 -0.3863 0.5670
vn -0.8187 -0.3587 0.4484
vn 0.6757 0.6555 -0.3374
vn 0.3661 0.8179 -0.4439
vn 0.6682 0.6609 -0.3418
vn -0.0000 0.8776 -0.4794
vn 0.8425 0.5084 -0.1782
vn 0.6054 0.7414 -0.2896
vn 0.5857 0.7602 -0.2811
vn 0.8222 0.5376 -0.1870
vn 0.7011 -0.6147 0.3614
vn 0.8324 -0.4663 0.2993
vn 0.8838 -0.3999 0.2428
vn 0.6567 -0.6692 0.3477
vn 0.8831 0.4306 -0.1866
vn 0.9458 0.3088 -0.1007
vn 0.9503 0.2933 0.1048
vn 0.9547 0.2843 0.0876
vn 0.9489 0.3008 -0.0954
vn 0.9128 0.3140 0.2612
vn 0.9185 0.3127 0.2421
vn 0.8479 0.4752 0.2350
vn 0.8843 0.3577 0.3002
vn 0.9325 0.3380 0.1271
vn 0.7474 -0.4008 0.5298
vn 0.5866 0.8090 -0.0372
vn 0.8151 0.5758 0.0631
vn 0.5959 0.6861 0.4172
vn 0.1836 0.6137 0.7679
vn -0.0000 0.6270 0.7790
vn -0.0000 0.9431 0.3326
vn 0.2139 0.9094 0.3567
vn 0.8936 0.3385 0.2949
vn 0.9013 0.3291 0.2818
vn 0.9391 0.3207 0.1238
vn 0.7992 0.3567 0.4837
vn 0.8128 0.3593 0.4585
vn 0.2793 0.9493 -0.1443
vn 0.3198 -0.7305 0.6035
vn -0.0000 -0.7838 0.6211
vn 0.4491 0.5418 0.7105
vn -0.0000 -0.7776 0.6287
vn 0.8919 0.4492 -0.0530
vn 0.8231 0.5516 -0.1353
vn 0.8186 -0.3813 0.4296
vn 0.6652 0.4167 0.6195
vn 0.7228 0.4379 0.5347
vn -0.0000 0.9995 -0.0312
vn 0.5011 0.6820 -0.5326
vn 0.4983 0.6065 -0.6195
vn 0.5572 0.5875 -0.5868
vn 0.5662 0.6510 -0.5056
vn 0.5436 0.4894 -0.6819
vn 0.4868 0.7618 -0.4274
vn 0.6483 0.0081 -0.7614
vn 0.7395 0.6205 -0.2609
vn 0.9039 0.4275 -0.0131
vn 0.9566 0.2683 0.1140
vn 0.9827 0.1462 0.1134
vn 0.9939 0.0538 0.0968
vn 0.9965 -0.0185 0.0813
vn -0.0000 -0.8000 0.6000
vn 0.9898 -0.1326 0.0524
vn 0.5401 0.4021 -0.7393
vn 0.7665 -0.3163 -0.5590
vn 0.7931 -0.1206 -0.5971
vn 0.9104 0.3425 -0.2320
vn 0.6751 -0.5657 0.4735
vn 0.3766 -0.7281 0.5727
vn 0.2931 0.8860 -0.3593
vn 0.2698 0.9007 -0.3405
vn -0.4808 0.5039 -0.7176
vn -0.2978 0.5457 -0.7833
vn -0.3125 0.6570 -0.6861
vn -0.4983 0.6065 -0.6196
vn -0.2758 0.8823 -0.3814
vn -0.3026 0.9052 -0.2985
vn -0.4425 0.7984 -0.4084
vn -0.4274 0.8007 -0.4198
vn 0.9017 0.3561 -0.2454
vn 0.8721 0.3853 -0.3017
vn 0.8622 0.4982 0.0915
vn 0.7983 -0.3893 0.4595
vn 0.6592 -0.5371 0.5263
vn -0.3828 -0.7647 0.5183
vn -0.6672 -0.6067 0.4322
vn -0.6751 -0.5657 0.4735
vn -0.3766 -0.7281 0.5727
vn 0.3086 0.7411 -0.5963
vn 0.4919 0.7498 -0.4426
vn 0.3024 0.8046 -0.5110
vn -0.0000 -0.1524 -0.9883
vn -0.0000 0.7702 -0.6378
vn -0.0000 0.8386 -0.5448
vn -0.1925 0.3854 0.9025
vn -0.1882 0.3999 0.8970
vn -0.9030 -0.4190 0.0952
vn -0.8657 -0.4245 0.2653
vn -0.8980 -0.3437 0.2747
vn -0.9355 -0.3410 0.0928
vn -0.5240 -0.4488 -0.7239
vn -0.5095 -0.4377 -0.7408
vn -0.3428 -0.5234 -0.7801
vn -0.3447 -0.5608 -0.7528
vn -0.6719 -0.6078 0.4233
vn -0.6825 -0.5868 0.4357
vn -0.8843 0.3577 0.3002
vn -0.9255 0.3623 0.1103
vn -0.9325 0.3380 0.1271
vn -0.8936 0.3385 0.2949
vn -0.0000 0.9820 -0.1890
vn -0.7883 0.3664 0.4943
vn -0.0000 -1.0000 -0.0000
vn -0.3286 0.8091 -0.4871
vn -0.2833 0.8489 -0.4462
vn -0.3803 -0.8112 0.4442
vn -0.3429 -0.8412 0.4181
vn -0.6567 -0.6692 0.3477
vn -0.7011 -0.6147 0.3614
vn -0.4253 0.5031 0.7523
vn -0.4296 0.4562 0.7793
vn -0.6915 -0.5746 0.4378
vn -0.2248 0.9723 0.0647
vn -0.2249 0.9723 0.0641
vn -0.2290 0.9734 0.0002
vn -0.2291 0.9734 0.0007
vn -0.6840 -0.5419 0.4883
vn -0.6818 -0.5327 0.5014
vn -0.3523 -0.7173 0.6012
vn -0.3670 -0.7175 0.5920
vn -0.5572 0.5875 -0.5868
vn -0.5436 0.4894 -0.6819
vn -0.3024 0.8046 -0.5110
vn -0.3086 0.7411 -0.5963
vn -0.4070 -0.4181 -0.8121
vn -0.4002 -0.2228 -0.8889
vn -0.1836 0.6137 0.7679
vn -0.8866 0.4275 -0.1768
vn -0.8513 0.4227 -0.3108
vn -0.8844 0.3908 -0.2552
vn -0.9166 0.3822 -0.1168
vn -0.6387 0.3936 0.6611
vn -0.9013 0.3291 0.2818
vn -0.9128 0.3140 0.2612
vn -0.8325 0.3619 0.4194
vn -0.8128 0.3593 0.4585
vn -0.3833 0.8101 -0.4436
vn -0.3661 0.8179 -0.4439
vn -0.5943 -0.1068 -0.7971
vn -0.4506 -0.3800 -0.8078
vn -0.3439 -0.1000 -0.9337
vn -0.5102 0.0404 -0.8591
vn -0.2698 0.9007 -0.3405
vn -0.0000 0.9353 -0.3540
vn -0.0000 0.9263 -0.3768
vn -0.2931 0.8860 -0.3593
vn -0.3198 -0.7305 0.6035
vn -0.2860 -0.7497 0.5968
vn -0.3076 0.7397 -0.5986
vn -0.3288 0.7494 -0.5748
vn -0.5698 0.6667 0.4804
vn -0.6310 0.4331 0.6436
vn -0.9070 0.4162 0.0638
vn -0.5863 0.2322 -0.7761
vn -0.4965 0.5952 -0.6318
vn -0.3210 0.6354 -0.7023
vn -0.3685 0.2421 -0.8975
vn -0.8784 -0.4754 -0.0491
vn -0.9113 -0.4065 -0.0661
vn -0.8665 -0.4546 -0.2060
vn -0.3782 -0.4618 -0.8023
vn -0.8229 -0.5062 0.2580
vn -0.8629 -0.4960 0.0970
vn -0.5589 0.7087 -0.4305
vn -0.4919 0.7498 -0.4426
vn -0.4556 0.7942 -0.4020
vn -0.5262 0.7666 -0.3680
vn -0.7395 0.6205 -0.2609
vn -0.7054 0.6998 -0.1123
vn -0.8419 0.5137 0.1652
vn -0.9039 0.4275 -0.0131
vn -0.8665 0.4383 -0.2391
vn -0.8080 0.4268 -0.4062
vn -0.4650 0.4126 -0.7832
vn -0.2808 0.4436 -0.8511
vn -0.1569 0.9733 -0.1674
vn -0.1567 0.9733 -0.1675
vn -0.0994 0.9802 -0.1710
vn -0.0987 0.9803 -0.1708
vn -0.9458 0.3088 -0.1007
vn -0.9489 0.3008 -0.0954
vn -0.9547 0.2843 0.0876
vn -0.9503 0.2933 0.1048
vn -0.5790 0.1079 -0.8082
vn -0.6483 0.0081 -0.7614
vn -0.4599 0.1883 -0.8678
vn -0.4515 0.3197 -0.8330
vn -0.5369 0.3214 -0.7800
vn -0.5389 0.2174 -0.8139
vn 0.9951 -0.0867 0.0475
vn -0.3351 -0.7217 0.6057
vn -0.4933 0.8533 0.1687
vn -0.3505 0.7565 -0.5522
vn -0.0000 0.8075 -0.5898
vn -0.4277 0.3905 0.8152
vn -0.5401 0.4021 -0.7393
vn -0.6646 -0.4211 -0.6172
vn -0.5419 -0.4674 -0.6985
vn -0.4809 -0.5298 -0.6986
vn -0.6234 -0.4797 -0.6175
vn -0.0391 0.9862 0.1607
vn -0.0390 0.9862 0.1607
vn -0.0928 0.9841 0.1516
vn -0.0934 0.9840 0.1515
vn -0.7904 -0.4900 0.3678
vn -0.8051 -0.4432 0.3941
vn -0.9128 -0.4001 0.0825
vn -0.9390 -0.2929 0.1801
vn -0.6518 -0.6867 0.3220
vn -0.9391 0.3207 0.1238
vn -0.0000 -0.8311 0.5561
vn -0.2944 0.1486 -0.9441
vn -0.8197 -0.4073 0.4027
vn -0.9017 0.3561 -0.2454
vn -0.9104 0.3425 -0.2320
vn -0.8721 0.3853 -0.3017
vn -0.0000 0.8995 -0.4368
vn -0.5997 -0.3386 -0.7250
vn -0.6224 -0.1950 -0.7580
vn -0.1569 0.9760 0.1512
vn -0.1556 0.9762 0.1510
vn -0.8191 -0.4469 -0.3595
vn -0.9898 -0.1326 0.0524
vn -0.9735 -0.2216 -0.0564
vn -0.8831 0.4306 -0.1866
vn -0.8788 0.4441 -0.1748
vn -0.6504 0.6892 -0.3193
vn -0.6682 0.6609 -0.3418
vn -0.9565 -0.2226 0.1884
vn -0.9681 -0.1362 0.2105
vn -0.4800 0.6833 -0.5502
vn -0.2139 0.9094 0.3567
vn -0.2793 0.9493 -0.1443
vn -0.8455 0.3624 0.3921
vn -0.7835 0.4341 0.4446
vn -0.7682 0.4349 0.4699
vn -0.6757 -0.5296 0.5127
vn -0.8186 -0.3813 0.4296
vn -0.5258 0.7870 -0.3226
vn -0.3723 0.9188 -0.1309
vn -0.9443 0.1672 0.2835
vn -0.7092 0.1480 0.6893
vn -0.7565 -0.1651 0.6328
vn -0.9683 0.0033 0.2496
vn -0.8479 0.4752 0.2350
vn -0.6627 0.6728 -0.3289
vn -0.6224 0.7313 -0.2789
vn -0.8231 0.5516 -0.1353
vn -0.8487 0.4951 -0.1859
vn -0.5962 -0.4063 -0.6924
vn -0.7018 -0.3624 -0.6133
vn -0.2744 0.3306 -0.9030
vn -0.7917 0.5219 0.3175
vn -0.8068 0.4955 0.3218
vn -0.8622 0.4982 0.0915
vn -0.8151 0.5758 0.0631
vn -0.7665 -0.3163 -0.5590
vn -0.5011 0.6820 -0.5326
vn -0.8930 0.4498 -0.0164
vn -0.8949 0.4461 0.0105
vn -0.8959 0.3408 0.2850
vn -0.8208 -0.3907 0.4166
vn -0.3363 0.8472 -0.4113
vn -0.5866 0.8090 -0.0372
vn -0.5959 0.6861 0.4172
vn -0.3641 0.7569 -0.5427
vn -0.5461 0.6781 -0.4919
vn -0.5499 0.6744 -0.4928
vn -0.3477 0.7741 -0.5290
vn -0.9517 -0.2519 0.1757
vn -0.9951 -0.0867 0.0475
vn -0.0000 -0.7912 0.6115
vn -0.5470 0.7261 -0.4167
vn -0.7992 0.3567 0.4837
vn -0.5053 0.6856 -0.5240
vn -0.5308 0.6847 -0.4995
vn -0.7228 0.4379 0.5347
vn -0.7384 -0.5231 0.4256
vn -0.9963 -0.0691 0.0503
vn -0.9564 -0.2334 0.1755
vn -0.6119 -0.5705 0.5479
vn -0.1941 0.4904 0.8496
vn -0.1917 0.4460 0.8743
vn -0.7690 -0.3984 -0.4999
vn -0.7416 -0.4545 -0.4934
vn 0.8788 0.4441 -0.1748
vn 0.6504 0.6892 -0.3193
vn -0.9371 0.3361 -0.0946
vn -0.9286 0.3603 -0.0894
vn -0.8705 0.4531 -0.1923
vn -0.9069 0.4061 -0.1123
vn -0.9236 0.3624 -0.1246
vn -0.8683 0.4236 -0.2583
vn -0.9401 0.3221 -0.1113
vn -0.9399 0.3250 -0.1051
vn -0.8919 0.4492 -0.0530
vn -0.7781 0.4166 -0.4701
vn -0.2421 -0.7672 0.5939
vn -0.4678 -0.6617 0.5859
vn 0.8051 -0.4432 0.3941
vn -0.7921 -0.3433 -0.5047
vn -0.3783 0.8137 -0.4413
vn -0.3475 0.8523 -0.3910
vn -0.8425 0.5084 -0.1782
vn -0.8222 0.5376 -0.1870
vn -0.5857 0.7602 -0.2811
vn -0.6054 0.7414 -0.2896
vn -0.9378 -0.3373 -0.0822
vn -0.9965 -0.0185 0.0813
vn -0.9939 0.0538 0.0968
vn -0.5274 0.7107 -0.4655
vn -0.4964 0.6891 -0.5280
vn -0.2000 0.9717 0.1254
vn -0.1998 0.9717 0.1258
vn -0.9010 0.3730 -0.2217
vn -0.8838 -0.3999 0.2428
vn -0.8324 -0.4663 0.2993
vn -0.8703 -0.4540 -0.1911
vn -0.9351 -0.2508 -0.2505
vn -0.9185 0.3127 0.2421
vn -0.0000 0.8987 -0.4386
vn -0.2157 0.9744 -0.0630
vn -0.2156 0.9744 -0.0634
vn -0.1941 0.9729 -0.1259
vn -0.1943 0.9729 -0.1252
vn -0.7931 -0.1206 -0.5971
vn -0.0000 0.9860 0.1667
vn -0.9963 -0.0599 0.0620
vn -0.2891 -0.5980 -0.7475
vn -0.5385 -0.3804 -0.7519
vn -0.2369 0.8679 -0.4366
vn -0.6757 0.6555 -0.3374
vn -0.6433 0.4959 -0.5834
vn -0.6599 0.4788 -0.5790
vn -0.0417 0.9869 -0.1559
vn -0.0427 0.9868 -0.1561
vn -0.0000 0.9887 -0.1496
vn -0.9089 0.3973 -0.1267
vn -0.8847 0.4423 -0.1473
vn -0.9566 0.2683 0.1140
vn -0.5662 0.6510 -0.5056
vn -0.9111 0.3450 -0.2257
vn -0.9827 0.1462 0.1134
vn -0.4792 0.7515 -0.4535
vn 0.5053 0.6856 -0.5240
vn 0.4800 0.6833 -0.5502
vn 0.9089 0.3973 -0.1267
vn 0.8847 0.4423 -0.1473
vn 0.6672 -0.6067 0.4322
vn 0.7904 -0.4900 0.3678
vn 0.3828 -0.7647 0.5183
vn 0.3363 0.8472 -0.4113
vn 0.9399 0.3250 -0.1051
vn 0.9401 0.3221 -0.1113
vn 0.5262 0.7666 -0.3680
vn 0.5589 0.7087 -0.4305
vn -0.4868 0.7618 -0.4274
vn 0.1943 0.9729 -0.1252
vn 0.1569 0.9733 -0.1674
vn 0.1567 0.9733 -0.1675
vn 0.1941 0.9729 -0.1259
vn 0.0987 0.9803 -0.1708
vn 0.0994 0.9802 -0.1710
vn 0.1998 0.9717 0.1258
vn 0.2248 0.9723 0.0647
vn 0.2249 0.9723 0.0641
vn 0.2000 0.9717 0.1254
vn 0.2157 0.9744 -0.0630
vn 0.2156 0.9744 -0.0634
vn -0.2888 0.8573 -0.4261
vn 0.0417 0.9869 -0.1559
vn 0.0427 0.9868 -0.1561
vn 0.2291 0.9734 0.0007
vn 0.2290 0.9734 0.0002
vn 0.1556 0.9762 0.1510
vn 0.1569 0.9760 0.1512
vn 0.0391 0.9862 0.1607
vn 0.0390 0.9862 0.1607
vn 0.0934 0.9840 0.1515
vn 0.0928 0.9841 0.1516
vn -0.4760 0.6884 -0.5473
vn -0.0000 -0.3993 -0.9168
vn -0.0000 -0.3848 -0.9230
vn -0.1924 -0.3853 -0.9025
vn -0.1881 -0.3999 -0.8971
vn -0.4276 -0.3905 -0.8153
vn -0.4212 -0.3943 -0.8167
vn -0.6387 -0.3937 -0.6611
vn -0.7777 -0.3960 -0.4882
vn -0.7882 -0.3664 -0.4945
vn -0.6365 -0.3782 -0.6722
vn -0.9255 -0.3622 -0.1106
vn -0.9070 -0.4162 -0.0639
vn -0.8869 -0.4270 0.1764
vn -0.9169 -0.3819 0.1163
vn -0.7384 -0.3452 0.5793
vn -0.7612 -0.3780 0.5270
vn -0.7702 -0.4078 0.4903
vn -0.7746 -0.4207 0.4722
vn -0.9371 -0.3361 0.0939
vn -0.9287 -0.3600 0.0886
vn -0.8619 -0.4475 0.2385
vn -0.7318 -0.3061 0.6089
vn -0.6674 -0.7175 0.1995
vn -0.6020 -0.7021 0.3804
vn -0.4986 -0.7287 0.4695
vn -0.3266 -0.8208 0.4686
vn -0.5339 -0.3252 0.7805
vn -0.6672 -0.2490 0.7020
vn -0.8715 -0.4004 -0.2831
vn -0.7537 -0.4636 -0.4658
vn -0.8525 -0.4591 -0.2499
vn -0.6266 -0.4670 -0.6239
vn -0.4285 -0.4653 -0.7745
vn -0.1904 -0.4538 -0.8705
vn -0.0000 -0.4500 -0.8930
vn -0.0000 -0.7808 -0.6248
vn -0.1388 -0.7861 -0.6024
vn -0.3175 -0.7771 -0.5435
vn -0.4699 -0.7563 -0.4553
vn -0.5722 -0.7390 -0.3557
vn -0.8892 -0.4573 -0.0095
vn -0.6896 -0.7241 0.0097
vn -0.3786 -0.8136 0.4412
vn -0.3473 -0.8523 0.3912
vn -0.6216 -0.7318 0.2793
vn -0.6629 -0.6727 0.3288
vn -0.8708 -0.4525 0.1924
vn -0.8489 -0.4948 0.1862
vn -0.9842 -0.0035 -0.1773
vn -0.9875 0.0233 -0.1560
vn -0.0000 -0.8747 0.4847
vn -0.0000 -0.8740 0.4860
vn -0.3838 -0.8100 0.4434
vn -0.6813 0.5331 -0.5016
vn -0.6842 0.5416 -0.4884
vn -0.3525 0.7172 -0.6011
vn -0.3672 0.7175 -0.5919
vn -0.7677 -0.4345 -0.4711
vn -0.8287 -0.0120 -0.5595
vn -0.8731 -0.0320 -0.4865
vn -0.7918 -0.5225 -0.3164
vn -0.6752 0.5301 -0.5129
vn -0.3351 0.7217 -0.6057
vn -0.7863 0.4394 -0.4343
vn -0.6768 0.4789 -0.5592
vn -0.8919 0.0026 -0.4522
vn -0.2868 0.7499 -0.5961
vn -0.2444 0.7676 -0.5924
vn -0.0000 0.8056 -0.5925
vn -0.0000 0.7960 -0.6053
vn -0.4706 0.6613 -0.5842
vn -0.5710 0.5815 -0.5795
vn -0.6132 0.5709 -0.5460
vn -0.7383 0.5242 -0.4243
vn -0.8221 0.5078 -0.2575
vn -0.8654 0.4251 -0.2651
vn -0.9026 0.4199 -0.0950
vn -0.8620 0.4977 -0.0964
vn -0.9108 0.4075 0.0666
vn -0.8774 0.4771 0.0500
vn -0.8656 0.4557 0.2074
vn -0.8921 0.3923 0.2243
vn -0.8397 0.3843 0.3836
vn -0.8176 0.4447 0.3656
vn -0.7586 0.3865 0.5245
vn -0.7396 0.4485 0.5017
vn -0.6450 0.3976 0.6526
vn -0.6198 0.4729 0.6262
vn -0.5064 0.3973 0.7653
vn -0.4753 0.5234 0.7072
vn -0.2553 0.5848 0.7700
vn -0.2729 0.3803 0.8837
vn -0.0000 0.3727 0.9280
vn -0.0000 0.6040 0.7970
vn -0.1464 -0.8734 0.4645
vn -0.0000 -0.8832 0.4690
vn -0.0000 -0.5193 0.8546
vn -0.2519 -0.4727 0.8444
vn -0.8322 -0.3618 -0.4202
vn -0.9615 0.0186 -0.2741
vn -0.9949 0.0332 -0.0949
vn -0.9954 0.0253 0.0929
vn -0.9336 -0.1015 0.3437
vn -0.8654 -0.1802 0.4675
vn -0.7959 -0.1813 0.5777
vn -0.7004 -0.1347 0.7009
vn -0.5537 -0.0395 0.8317
vn -0.4984 -0.0296 0.8664
vn -0.3316 0.0829 0.9398
vn -0.2861 -0.1686 0.9432
vn -0.4552 -0.1969 0.8684
vn -0.4514 -0.3202 0.8329
vn -0.4652 -0.4130 0.7830
vn -0.2809 -0.4437 0.8510
vn -0.2978 -0.5458 0.7833
vn -0.4869 -0.4922 0.7216
vn -0.2745 -0.3308 0.9029
vn -0.2949 0.0156 0.9554
vn -0.4742 -0.5678 0.6728
vn -0.2935 -0.3989 0.8687
vn -0.5635 0.1271 0.8163
vn -0.3803 0.3170 0.8688
vn -0.3562 0.2818 0.8909
vn -0.0000 0.3684 0.9297
vn -0.0000 0.4366 0.8996
vn -0.0000 -0.1725 0.9850
vn -0.0000 -0.3431 0.9393
vn -0.0000 -0.4647 0.8854
vn -0.0000 -0.5687 0.8226
vn -0.0000 -0.8970 0.4421
vn -0.0000 -0.9317 0.3632
vn -0.2773 -0.8800 0.3857
vn -0.2890 -0.8574 0.4259
vn -0.2961 -0.8634 0.4085
vn -0.2537 -0.7681 0.5880
vn -0.0000 -0.9482 0.3178
vn -0.4971 -0.6967 0.5171
vn -0.0000 -0.6817 0.7316
vn -0.3122 -0.6570 0.6862
vn -0.5088 -0.7340 0.4499
vn -0.0000 0.7757 -0.6311
vn -0.0000 0.7785 -0.6277
vn 0.4503 -0.5409 -0.7104
vn 0.5944 -0.6865 -0.4189
vn 0.7219 -0.4384 -0.5354
vn 0.6648 -0.4155 -0.6208
vn 0.2339 0.2635 -0.9359
vn 0.2341 0.2635 -0.9358
vn 0.4503 0.2965 -0.8422
vn 0.4536 0.2973 -0.8402
vn 0.1881 -0.3999 -0.8971
vn -0.0000 -0.6272 -0.7788
vn 0.1834 -0.6137 -0.7679
vn -0.0000 -0.2741 0.9617
vn -0.0000 0.0274 0.9996
vn -0.0000 0.8875 -0.4608
vn -0.0000 0.9114 -0.4115
vn -0.3560 0.8504 -0.3874
vn -0.3926 0.8141 -0.4279
vn -0.0015 1.0000 0.0021
vn -0.0000 1.0000 0.0051
vn -0.0000 1.0000 0.0006
vn -0.0011 1.0000 0.0002
vn -0.6761 -0.6552 0.3371
vn -0.6689 -0.6604 0.3414
vn -0.3667 -0.8177 0.4438
vn -0.0000 -0.8776 0.4794
vn -0.8387 -0.5131 0.1826
vn -0.8197 -0.5395 0.1926
vn -0.5790 -0.7614 0.2917
vn -0.6045 -0.7403 0.2942
vn -0.7026 0.6193 -0.3505
vn -0.6641 0.6736 -0.3243
vn -0.9844 0.1351 -0.1125
vn -0.9943 0.0423 -0.0980
vn -0.8841 -0.4288 0.1857
vn -0.9466 -0.3065 0.0996
vn -0.9503 -0.2930 -0.1050
vn -0.9127 -0.3139 -0.2618
vn -0.6548 -0.7335 -0.1823
vn -0.8842 -0.3577 -0.3004
vn -0.9325 -0.3380 -0.1272
vn -0.5855 -0.8099 0.0363
vn -0.5944 -0.6865 -0.4189
vn -0.8153 -0.5759 -0.0611
vn -0.1834 -0.6137 -0.7679
vn -0.2126 -0.9100 -0.3558
vn -0.0000 -0.9432 -0.3321
vn -0.8936 -0.3385 -0.2949
vn -0.9391 -0.3207 -0.1239
vn -0.9013 -0.3291 -0.2819
vn -0.7992 -0.3568 -0.4838
vn -0.8128 -0.3594 -0.4584
vn -0.2786 -0.9493 0.1454
vn -0.3199 0.7304 -0.6034
vn -0.0000 0.7837 -0.6211
vn -0.4503 -0.5409 -0.7104
vn -0.0000 0.7776 -0.6287
vn -0.8230 -0.5516 0.1359
vn -0.9745 -0.0267 -0.2227
vn -0.6648 -0.4155 -0.6208
vn -0.7219 -0.4384 -0.5354
vn 0.6768 0.4789 -0.5592
vn 0.6132 0.5709 -0.5460
vn 0.7383 0.5242 -0.4243
vn 0.7863 0.4394 -0.4343
vn -0.0000 -0.7751 0.6319
vn -0.5444 -0.6546 0.5245
vn -0.7921 -0.4315 0.4318
vn -0.5261 -0.5645 0.6360
vn -0.5021 0.1031 0.8587
vn -0.6753 0.5654 -0.4736
vn -0.3768 0.7280 -0.5727
vn -0.2715 -0.8961 0.3511
vn -0.2947 -0.8834 0.3644
vn 0.7026 0.6193 -0.3505
vn 0.9943 0.0423 -0.0980
vn 0.9844 0.1351 -0.1125
vn 0.6641 0.6736 -0.3243
vn -0.9451 -0.0429 -0.3240
vn -0.6591 0.5374 -0.5261
vn -0.0000 0.0344 0.9994
vn 0.2498 0.0390 0.9675
vn 0.3562 0.2818 0.8909
vn -0.0000 -0.1591 0.9873
vn -0.2726 -0.0848 0.9584
vn -0.3085 -0.7411 0.5963
vn -0.3022 -0.8047 0.5110
vn -0.5348 -0.7164 0.4481
vn -0.0000 0.1290 0.9917
vn -0.0000 -0.7703 0.6377
vn -0.0000 -0.8386 0.5448
vn 0.1924 -0.3853 -0.9025
vn 0.3831 0.7647 -0.5182
vn 0.3768 0.7280 -0.5727
vn 0.6753 0.5654 -0.4736
vn 0.6616 0.6117 -0.4338
vn 0.2961 -0.8634 0.4085
vn 0.2537 -0.7681 0.5880
vn 0.3122 -0.6570 0.6862
vn 0.3085 -0.7411 0.5963
vn 0.8731 -0.0320 -0.4865
vn 0.9451 -0.0429 -0.3240
vn 0.6591 0.5374 -0.5261
vn 0.5710 0.5815 -0.5795
vn -0.0000 -0.9819 0.1894
vn 0.5635 0.1271 0.8163
vn 0.4984 -0.0296 0.8664
vn 0.3316 0.0829 0.9398
vn 0.3803 0.3170 0.8688
vn -0.0008 1.0000 -0.0002
vn -0.0000 1.0000 -0.0001
vn -0.0009 1.0000 -0.0000
vn 0.9198 0.3923 0.0013
vn 0.9198 0.3923 0.0021
vn 0.8843 0.3914 0.2546
vn 0.8843 0.3914 0.2548
vn 0.8841 -0.4288 0.1857
vn 0.6689 -0.6604 0.3414
vn 0.6518 -0.6881 0.3188
vn 0.8790 -0.4438 0.1743
vn 0.2861 -0.1686 0.9432
vn 0.7004 -0.1347 0.7009
vn 0.6450 0.3976 0.6526
vn 0.5064 0.3973 0.7653
vn 0.5537 -0.0395 0.8317
vn 0.4869 -0.4922 0.7216
vn 0.5261 -0.5645 0.6360
vn 0.2978 -0.5458 0.7833
vn 0.2868 0.7499 -0.5961
vn 0.2444 0.7676 -0.5924
vn -0.0000 0.8312 -0.5560
vn 0.3926 0.8141 -0.4279
vn 0.2773 -0.8800 0.3857
vn 0.4971 -0.6967 0.5171
vn 0.4742 -0.5678 0.6728
vn 0.2745 -0.3308 0.9029
vn 0.3672 0.7175 -0.5919
vn -0.0000 0.7912 -0.6116
vn 0.2949 0.0156 0.9554
vn 0.2935 -0.3989 0.8687
vn 0.2809 -0.4437 0.8510
vn 0.4212 -0.3943 -0.8167
vn 0.6365 -0.3782 -0.6722
vn 0.0226 0.9141 0.4048
vn 0.0224 0.9131 0.4070
vn 0.0008 0.8374 0.5466
vn -0.0030 0.8219 0.5696
vn 0.8322 -0.3618 -0.4202
vn 0.7677 -0.4345 -0.4711
vn 0.8287 -0.0120 -0.5595
vn 0.8919 0.0026 -0.4522
vn 0.3667 -0.8177 0.4438
vn -0.0000 -0.8986 0.4387
vn 0.3371 -0.8469 0.4112
vn 0.7788 0.3986 0.4843
vn 0.7796 0.3985 0.4831
vn 0.6200 0.3868 0.6826
vn 0.6213 0.3870 0.6813
vn 0.6629 -0.6727 0.3288
vn 0.8489 -0.4948 0.1862
vn 0.8230 -0.5516 0.1359
vn 0.6216 -0.7318 0.2793
vn 0.0001 0.6764 0.7365
vn 0.0001 0.6763 0.7366
vn -0.0000 0.6750 0.7378
vn 0.4699 -0.7563 -0.4553
vn 0.5722 -0.7390 -0.3557
vn 0.3384 -0.9164 -0.2139
vn 0.2647 -0.9310 -0.2515
vn 0.9466 -0.3065 0.0996
vn 0.7921 -0.4315 0.4318
vn 0.7746 -0.4207 0.4722
vn 0.9371 -0.3361 0.0939
vn 0.4276 -0.3905 -0.8153
vn 0.4285 -0.4653 -0.7745
vn 0.1904 -0.4538 -0.8705
vn -0.0107 0.7045 0.7096
vn -0.0121 0.7079 0.7062
vn 0.3199 0.7304 -0.6034
vn 0.9842 -0.0035 -0.1773
vn 0.6813 0.5331 -0.5016
vn 0.6752 0.5301 -0.5129
vn 0.9745 -0.0267 -0.2227
vn 0.4652 -0.4130 0.7830
vn 0.7702 -0.4078 0.4903
vn 0.8525 -0.4591 -0.2499
vn 0.8892 -0.4573 -0.0095
vn 0.6896 -0.7241 0.0097
vn 0.6548 -0.7335 -0.1823
vn 0.5790 -0.7614 0.2917
vn 0.6045 -0.7403 0.2942
vn 0.2947 -0.8834 0.3644
vn 0.2715 -0.8961 0.3511
vn 0.6674 -0.7175 0.1995
vn 0.3655 -0.9246 0.1077
vn 0.3880 -0.9217 -0.0015
vn 0.8128 -0.3594 -0.4584
vn 0.7992 -0.3568 -0.4838
vn 0.6672 -0.2490 0.7020
vn 0.5021 0.1031 0.8587
vn 0.5339 -0.3252 0.7805
vn 0.1464 -0.8734 0.4645
vn -0.0000 -0.9703 0.2417
vn 0.0710 -0.9644 0.2547
vn 0.4986 -0.7287 0.4695
vn 0.3266 -0.8208 0.4686
vn 0.1740 -0.9412 0.2895
vn 0.2761 -0.9158 0.2917
vn 0.9127 -0.3139 -0.2618
vn 0.9615 0.0186 -0.2741
vn 0.4552 -0.1969 0.8684
vn 0.7384 -0.3452 0.5793
vn 0.7612 -0.3780 0.5270
vn 0.4514 -0.3202 0.8329
vn 0.3351 0.7217 -0.6057
vn 0.3560 0.8504 -0.3874
vn 0.8153 -0.5759 -0.0611
vn 0.3022 -0.8047 0.5110
vn 0.2890 -0.8574 0.4259
vn -0.0000 -0.8995 0.4370
vn 0.4753 0.5234 0.7072
vn 0.2553 0.5848 0.7700
vn 0.2729 0.3803 0.8837
vn 0.7318 -0.3061 0.6089
vn 0.6842 0.5416 -0.4884
vn 0.3525 0.7172 -0.6011
vn -0.0008 1.0000 0.0001
vn -0.0000 1.0000 0.0001
vn -0.0008 1.0000 -0.0001
vn 0.7959 -0.1813 0.5777
vn 0.5088 -0.7340 0.4499
vn 0.3175 -0.7771 -0.5435
vn 0.1388 -0.7861 -0.6024
vn 0.9857 0.0849 -0.1457
vn 0.9287 -0.3600 0.0886
vn 0.9325 -0.3380 -0.1272
vn 0.9391 -0.3207 -0.1239
vn 0.6266 -0.4670 -0.6239
vn 0.7537 -0.4636 -0.4658
vn 0.7396 0.4485 0.5017
vn 0.6198 0.4729 0.6262
vn 0.7586 0.3865 0.5245
vn -0.0010 1.0000 -0.0005
vn -0.0000 1.0000 -0.0005
vn -0.0000 1.0000 -0.0006
vn -0.0013 1.0000 -0.0006
vn 0.9013 -0.3291 -0.2819
vn 0.8936 -0.3385 -0.2949
vn 0.2786 -0.9493 0.1454
vn 0.2126 -0.9100 -0.3558
vn 0.9849 0.0676 -0.1591
vn 0.8387 -0.5131 0.1826
vn 0.9026 0.4199 -0.0950
vn 0.8620 0.4977 -0.0964
vn 0.8774 0.4771 0.0500
vn 0.9108 0.4075 0.0666
vn 0.2519 -0.4727 0.8444
vn 0.2726 -0.0848 0.9584
vn 0.2147 0.2778 0.9363
vn 0.2124 0.2773 0.9370
vn -0.0000 0.2539 0.9672
vn 0.3786 -0.8136 0.4412
vn 0.3838 -0.8100 0.4434
vn 0.6761 -0.6552 0.3371
vn 0.8708 -0.4525 0.1924
vn 0.9503 -0.2930 -0.1050
vn -0.8790 -0.4438 0.1743
vn -0.6518 -0.6881 0.3188
vn 0.6020 -0.7021 0.3804
vn 0.3352 -0.9161 0.2199
vn 0.8813 0.3979 -0.2551
vn 0.8813 0.3979 -0.2549
vn 0.7918 -0.5225 -0.3164
vn 0.8654 0.4251 -0.2651
vn 0.9070 -0.4162 -0.0639
vn 0.8715 -0.4004 -0.2831
vn 0.4706 0.6613 -0.5842
vn 0.3473 -0.8523 0.3912
vn -0.9849 0.0676 -0.1591
vn 0.9875 0.0233 -0.1560
vn -0.0000 1.0000 -0.0084
vn -0.0019 1.0000 -0.0025
vn 0.7882 -0.3664 -0.4945
vn 0.8842 -0.3577 -0.3004
vn -0.0000 0.9183 0.3958
vn 0.0100 0.9188 0.3946
vn 0.0094 0.9188 0.3946
vn 0.8656 0.4557 0.2074
vn 0.8921 0.3923 0.2243
vn -0.0010 1.0000 0.0003
vn -0.0000 1.0000 0.0002
vn -0.0008 1.0000 0.0002
vn 0.8197 -0.5395 0.1926
vn 0.8176 0.4447 0.3656
vn 0.8397 0.3843 0.3836
vn 0.8619 -0.4475 0.2385
vn 0.3808 -0.9182 -0.1087
vn 0.7777 -0.3960 -0.4882
vn -0.0000 -0.9239 0.3826
vn -0.0000 -0.9307 0.3657
vn 0.0579 -0.9683 -0.2429
vn -0.0000 -0.9673 -0.2535
vn 0.9169 -0.3819 0.1163
vn 0.9255 -0.3622 -0.1106
vn 0.8221 0.5078 -0.2575
vn 0.8654 -0.1802 0.4675
vn 0.5348 -0.7164 0.4481
vn 0.4246 0.3353 0.8410
vn 0.4284 0.3366 0.8385
vn 0.5444 -0.6546 0.5245
vn 0.9336 -0.1015 0.3437
vn 0.5855 -0.8099 0.0363
vn 0.9954 0.0253 0.0929
vn 0.1492 -0.9604 -0.2353
vn 0.8869 -0.4270 0.1764
vn -0.0000 0.2578 -0.9662
vn 0.6360 0.3547 -0.6853
vn 0.6332 0.3536 -0.6885
vn 0.7793 0.3918 -0.4891
vn 0.7792 0.3918 -0.4892
vn 0.9949 0.0332 -0.0949
vn -0.6616 0.6117 -0.4338
vn -0.9857 0.0849 -0.1457
vn -0.3831 0.7647 -0.5182
vn -0.3371 -0.8469 0.4112
vn 0.6387 -0.3937 -0.6611
vn -0.3352 -0.9161 0.2199
vn -0.2761 -0.9158 0.2917
vn -0.1740 -0.9412 0.2895
vn -0.3384 -0.9164 -0.2139
vn -0.3808 -0.9182 -0.1087
vn -0.3655 -0.9246 0.1077
vn -0.0710 -0.9644 0.2547
vn -0.3880 -0.9217 -0.0015
vn -0.2647 -0.9310 -0.2515
vn -0.0579 -0.9683 -0.2429
vn -0.1492 -0.9604 -0.2353
vn -0.0029 1.0000 0.0087
vn -0.0000 1.0000 0.0087
vn 0.0029 1.0000 0.0087
vn 0.0015 1.0000 0.0021
vn 0.0011 1.0000 0.0002
vn 0.0010 1.0000 0.0003
vn 0.0008 1.0000 0.0002
vn 0.0008 1.0000 0.0001
vn 0.0008 1.0000 -0.0001
vn 0.0008 1.0000 -0.0002
vn 0.0009 1.0000 -0.0000
vn 0.0010 1.0000 -0.0005
vn 0.0013 1.0000 -0.0006
vn 0.0019 1.0000 -0.0025
vn 0.0041 0.9999 -0.0157
vn -0.0000 0.9999 -0.0157
vn -0.0094 0.9188 0.3946
vn -0.0100 0.9188 0.3946
vn -0.0226 0.9141 0.4048
vn -0.0224 0.9131 0.4070
vn 0.0030 0.8219 0.5696
vn -0.0008 0.8374 0.5466
vn -0.0001 0.6764 0.7365
vn -0.0001 0.6763 0.7366
vn 0.0121 0.7079 0.7062
vn 0.0107 0.7045 0.7096
vn -0.8843 0.3914 0.2548
vn -0.7788 0.3986 0.4843
vn -0.7796 0.3985 0.4831
vn -0.8843 0.3914 0.2546
vn -0.4536 0.2973 -0.8402
vn -0.6360 0.3547 -0.6853
vn -0.6332 0.3536 -0.6885
vn -0.4503 0.2965 -0.8422
vn -0.2339 0.2635 -0.9359
vn -0.2341 0.2635 -0.9358
vn -0.9198 0.3923 0.0013
vn -0.9198 0.3923 0.0021
vn -0.6213 0.3870 0.6813
vn -0.4284 0.3366 0.8385
vn -0.4246 0.3353 0.8410
vn -0.6200 0.3868 0.6826
vn -0.8813 0.3979 -0.2551
vn -0.8813 0.3979 -0.2549
vn -0.7792 0.3918 -0.4892
vn -0.7793 0.3918 -0.4891
vn -0.2147 0.2778 0.9363
vn -0.2124 0.2773 0.9370
vn -0.0041 0.9999 -0.0157
vn -0.2498 0.0390 0.9675
vt 0.340434 0.231170
vt 0.337964 0.252501
vt 0.312574 0.246833
vt 0.314062 0.230861
vt 0.330345 0.274247
vt 0.306731 0.263017
vt 0.297349 0.276384
vt 0.317925 0.292174
vt 0.300472 0.308704
vt 0.284091 0.288532
vt 0.262021 0.330785
vt 0.244044 0.337267
vt 0.236653 0.310708
vt 0.252847 0.305756
vt 0.227220 0.341011
vt 0.220232 0.314709
vt 0.231142 0.368923
vt 0.250128 0.366002
vt 0.254208 0.393262
vt 0.230867 0.397406
vt 0.212369 0.285359
vt 0.230049 0.285941
vt 0.220607 0.263109
vt 0.231070 0.266392
vt 0.210733 0.256068
vt 0.203119 0.265231
vt 0.194562 0.252925
vt 0.203767 0.246616
vt 0.268795 0.298279
vt 0.258749 0.279036
vt 0.270797 0.272389
vt 0.281017 0.263484
vt 0.288133 0.254062
vt 0.292787 0.242234
vt 0.294248 0.230551
vt 0.279218 0.239399
vt 0.279976 0.230196
vt 0.275653 0.247614
vt 0.269856 0.254332
vt 0.262184 0.260735
vt 0.245426 0.283475
vt 0.241943 0.267240
vt 0.561329 0.246034
vt 0.562006 0.261662
vt 0.500986 0.270063
vt 0.500455 0.250908
vt 0.331115 0.188191
vt 0.319212 0.170208
vt 0.341868 0.151762
vt 0.359890 0.175879
vt 0.620113 0.267902
vt 0.621165 0.278727
vt 0.564706 0.289624
vt 0.563335 0.275581
vt 0.618465 0.231873
vt 0.618695 0.243737
vt 0.560745 0.231900
vt 0.271050 0.162747
vt 0.285689 0.172934
vt 0.271906 0.188407
vt 0.260412 0.181190
vt 0.458622 0.524450
vt 0.459876 0.512704
vt 0.511630 0.518478
vt 0.509905 0.532230
vt 0.460559 0.500577
vt 0.512588 0.503455
vt 0.376783 0.356485
vt 0.408644 0.329568
vt 0.416467 0.352368
vt 0.388551 0.376860
vt 0.569379 0.507301
vt 0.568264 0.526231
vt 0.727306 0.604498
vt 0.702907 0.624525
vt 0.677921 0.600693
vt 0.706814 0.579430
vt 0.673352 0.515361
vt 0.669969 0.487508
vt 0.730019 0.487508
vt 0.731639 0.510449
vt 0.738670 0.532575
vt 0.749388 0.553790
vt 0.685245 0.546966
vt 0.764079 0.573751
vt 0.783607 0.594331
vt 0.803199 0.611183
vt 0.774966 0.645865
vt 0.751471 0.627225
vt 0.823779 0.626691
vt 0.799557 0.663328
vt 0.845757 0.641033
vt 0.868193 0.652808
vt 0.850123 0.693376
vt 0.824102 0.679265
vt 0.892521 0.663558
vt 0.875764 0.704917
vt 0.915207 0.671306
vt 0.901806 0.714408
vt 0.938512 0.676426
vt 0.927296 0.722145
vt 0.960240 0.678650
vt 0.979848 0.677447
vt 0.987334 0.725353
vt 0.962525 0.728023
vt 0.199931 0.237195
vt 0.191422 0.238434
vt 0.190962 0.228344
vt 0.198952 0.228576
vt 0.348180 0.378578
vt 0.359425 0.398699
vt 0.730268 0.648488
vt 0.756731 0.669219
vt 0.783197 0.688109
vt 0.837801 0.721093
vt 0.810593 0.706152
vt 0.864720 0.732683
vt 0.892050 0.742282
vt 0.917272 0.750056
vt 0.121544 0.238870
vt 0.121734 0.232893
vt 0.142939 0.233972
vt 0.142416 0.240059
vt 0.020632 0.233947
vt 0.034579 0.232121
vt 0.034784 0.240092
vt 0.021804 0.242740
vt 0.047292 0.230624
vt 0.046886 0.237706
vt 0.056435 0.229769
vt 0.056836 0.236761
vt 0.066026 0.230313
vt 0.066818 0.236818
vt 0.102566 0.225859
vt 0.102431 0.232146
vt 0.079980 0.231090
vt 0.079959 0.225224
vt 0.582184 0.057510
vt 0.596502 0.054725
vt 0.596073 0.069662
vt 0.581384 0.069662
vt 0.558062 0.079780
vt 0.558058 0.069662
vt 0.582184 0.081814
vt 0.056442 0.224565
vt 0.065872 0.224829
vt 0.047218 0.224306
vt 0.034575 0.223951
vt 0.020535 0.223557
vt 0.164768 0.235104
vt 0.143066 0.226995
vt 0.164799 0.227605
vt 0.164189 0.241982
vt 0.005955 0.235526
vt 0.004902 0.223119
vt 0.991335 0.753040
vt 0.974730 0.757054
vt 0.012335 0.247848
vt 0.786694 0.431182
vt 0.801288 0.421277
vt 0.810614 0.454577
vt 0.798792 0.458436
vt 0.791306 0.396845
vt 0.810821 0.382768
vt 0.818688 0.412697
vt 0.770688 0.415199
vt 0.179154 0.228009
vt 0.178895 0.237202
vt 0.465193 0.095543
vt 0.483518 0.091830
vt 0.483685 0.101833
vt 0.466107 0.106049
vt 0.837598 0.405297
vt 0.857644 0.399452
vt 0.856899 0.444232
vt 0.840349 0.447767
vt 0.824322 0.451336
vt 0.557494 0.099815
vt 0.557920 0.089808
vt 0.582896 0.093339
vt 0.583074 0.104222
vt 0.940098 0.757872
vt 0.958771 0.767521
vt 0.645476 0.097777
vt 0.631497 0.099447
vt 0.629581 0.086507
vt 0.641438 0.085293
vt 0.657173 0.095848
vt 0.651469 0.084349
vt 0.981445 0.458744
vt 0.974938 0.469674
vt 0.965143 0.464244
vt 0.971836 0.448157
vt 0.618439 0.101778
vt 0.618189 0.086982
vt 0.607592 0.101764
vt 0.607435 0.086709
vt 0.597227 0.099214
vt 0.596502 0.084599
vt 0.484440 0.080865
vt 0.511157 0.079593
vt 0.510413 0.089427
vt 0.469107 0.082634
vt 0.178693 0.246178
vt 0.959538 0.435889
vt 0.968469 0.416619
vt 0.980898 0.434520
vt 0.777063 0.444230
vt 0.789273 0.463183
vt 0.638869 0.069662
vt 0.647869 0.069662
vt 0.628347 0.069662
vt 0.617753 0.069662
vt 0.607079 0.069662
vt 0.535063 0.088834
vt 0.535245 0.079315
vt 0.485233 0.069662
vt 0.511877 0.069662
vt 0.471380 0.069662
vt 0.794019 0.484596
vt 0.787294 0.484596
vt 0.782982 0.469391
vt 0.826445 0.484596
vt 0.813072 0.484596
vt 0.855882 0.484596
vt 0.840645 0.484596
vt 0.920738 0.484596
vt 0.923122 0.446875
vt 0.938447 0.452657
vt 0.935635 0.484596
vt 0.952914 0.458384
vt 0.949562 0.484596
vt 0.944785 0.424127
vt 0.872634 0.441999
vt 0.871015 0.484596
vt 0.928896 0.411777
vt 0.512908 0.487508
vt 0.460825 0.487508
vt 0.464006 0.069662
vt 0.459276 0.055925
vt 0.469107 0.056690
vt 0.269925 0.206487
vt 0.262767 0.199451
vt 0.281556 0.197794
vt 0.650572 0.396565
vt 0.685245 0.428051
vt 0.619991 0.440381
vt 0.614799 0.415305
vt 0.824102 0.295751
vt 0.810594 0.268864
vt 0.837801 0.253924
vt 0.850123 0.281641
vt 0.312797 0.487508
vt 0.313054 0.494890
vt 0.264894 0.494232
vt 0.263940 0.487508
vt 0.727306 0.370519
vt 0.706814 0.395587
vt 0.677921 0.374324
vt 0.702907 0.350492
vt 0.619225 0.255861
vt 0.672794 0.241549
vt 0.673210 0.251824
vt 0.672620 0.231840
vt 0.778371 0.250990
vt 0.777120 0.244770
vt 0.823865 0.241986
vt 0.825089 0.246572
vt 0.313857 0.501984
vt 0.314778 0.508348
vt 0.272282 0.506826
vt 0.267753 0.500719
vt 0.673908 0.261675
vt 0.258063 0.420670
vt 0.288760 0.411144
vt 0.295271 0.433084
vt 0.263761 0.444106
vt 0.318315 0.396330
vt 0.326746 0.418146
vt 0.252725 0.265219
vt 0.281288 0.321250
vt 0.272105 0.358635
vt 0.650572 0.578451
vt 0.440448 0.283692
vt 0.445274 0.307335
vt 0.394621 0.301039
vt 0.368169 0.259650
vt 0.371352 0.231459
vt 0.399071 0.231648
vt 0.397896 0.263210
vt 0.294969 0.346711
vt 0.307190 0.370428
vt 0.280686 0.384091
vt 0.317881 0.331907
vt 0.333117 0.354280
vt 0.437111 0.258877
vt 0.622678 0.511809
vt 0.623593 0.487508
vt 0.359074 0.287175
vt 0.569760 0.487508
vt 0.504662 0.304912
vt 0.502865 0.288212
vt 0.564689 0.543714
vt 0.340424 0.311317
vt 0.359810 0.332458
vt 0.971997 0.484596
vt 0.961919 0.484596
vt 0.894350 0.398003
vt 0.876984 0.396322
vt 0.881517 0.355279
vt 0.899784 0.355185
vt 0.855950 0.360885
vt 0.953837 0.397607
vt 0.760928 0.435185
vt 0.990912 0.450498
vt 0.662688 0.107567
vt 0.648958 0.108370
vt 0.632275 0.109386
vt 0.618636 0.114164
vt 0.607341 0.115864
vt 0.597090 0.111548
vt 0.535383 0.069662
vt 0.509975 0.098580
vt 0.832647 0.370649
vt 0.772965 0.456898
vt 0.758292 0.451931
vt 0.223650 0.425950
vt 0.411017 0.508203
vt 0.411480 0.498214
vt 0.776377 0.238276
vt 0.823155 0.236744
vt 0.857644 0.569741
vt 0.856899 0.524960
vt 0.872634 0.527192
vt 0.876984 0.572870
vt 0.938447 0.516536
vt 0.952914 0.510808
vt 0.959538 0.533303
vt 0.944785 0.545065
vt 0.231242 0.452532
vt 0.200011 0.458905
vt 0.213520 0.443462
vt 0.451335 0.327085
vt 0.614799 0.559712
vt 0.619990 0.534636
vt 0.361223 0.478728
vt 0.361209 0.470222
vt 0.411017 0.466814
vt 0.411480 0.476803
vt 0.459276 0.083398
vt 0.451230 0.096411
vt 0.446019 0.110944
vt 0.889767 0.442121
vt 0.912714 0.402195
vt 0.906653 0.443407
vt 0.803189 0.484596
vt 0.887748 0.484596
vt 0.904388 0.484596
vt 0.312777 0.214958
vt 0.338300 0.209872
vt 0.774966 0.329152
vt 0.751471 0.347792
vt 0.730268 0.326529
vt 0.756731 0.305798
vt 0.940098 0.217144
vt 0.958771 0.207495
vt 0.974730 0.217962
vt 0.962525 0.246993
vt 0.511157 0.059730
vt 0.535245 0.060009
vt 0.284055 0.140659
vt 0.265568 0.130746
vt 0.276138 0.103948
vt 0.298092 0.116120
vt 0.435895 0.231796
vt 0.302465 0.153508
vt 0.875114 0.182630
vt 0.849277 0.194229
vt 0.849277 0.102783
vt 0.873786 0.102782
vt 0.179414 0.218815
vt 0.192001 0.218292
vt 0.313054 0.480127
vt 0.264894 0.480784
vt 0.267753 0.474298
vt 0.313857 0.473032
vt 0.275193 0.213768
vt 0.288239 0.207483
vt 0.558062 0.059544
vt 0.253800 0.194328
vt 0.252181 0.198158
vt 0.242934 0.195882
vt 0.243458 0.191675
vt 0.459876 0.462313
vt 0.511630 0.456539
vt 0.512588 0.471561
vt 0.460559 0.474440
vt 0.881517 0.613914
vt 0.855950 0.608308
vt 0.906653 0.525785
vt 0.889767 0.527071
vt 0.035037 0.215795
vt 0.047646 0.218002
vt 0.368541 0.203303
vt 0.240233 0.149309
vt 0.224518 0.144744
vt 0.232232 0.119715
vt 0.248335 0.123873
vt 0.298340 0.185385
vt 0.310514 0.093256
vt 0.321804 0.068266
vt 0.350571 0.085985
vt 0.335493 0.109481
vt 0.618681 0.220008
vt 0.672782 0.222131
vt 0.777063 0.524963
vt 0.789273 0.506009
vt 0.798792 0.510756
vt 0.786694 0.538011
vt 0.823149 0.226744
vt 0.822936 0.231744
vt 0.776167 0.231774
vt 0.776368 0.225272
vt 0.622678 0.463208
vt 0.673352 0.459656
vt 0.080309 0.219369
vt 0.102783 0.219573
vt 0.641438 0.054032
vt 0.629581 0.052817
vt 0.255774 0.154789
vt 0.057519 0.212410
vt 0.067489 0.212912
vt 0.066333 0.219363
vt 0.056726 0.219369
vt 0.823779 0.348326
vt 0.799557 0.311688
vt 0.845757 0.333983
vt 0.021214 0.213189
vt 0.783607 0.380685
vt 0.803199 0.363833
vt 0.918091 0.611278
vt 0.912714 0.566998
vt 0.928896 0.557415
vt 0.936951 0.592047
vt 0.662688 0.031757
vt 0.657173 0.043476
vt 0.645476 0.041547
vt 0.648959 0.030954
vt 0.232723 0.172995
vt 0.215424 0.172704
vt 0.837598 0.563896
vt 0.840349 0.521425
vt 0.212393 0.201583
vt 0.215510 0.205126
vt 0.208793 0.213244
vt 0.204833 0.210818
vt 0.263905 0.043529
vt 0.269877 0.020979
vt 0.300134 0.032241
vt 0.293422 0.053360
vt 0.770688 0.553993
vt 0.760928 0.534007
vt 0.801288 0.547915
vt 0.818688 0.556495
vt 0.810821 0.586425
vt 0.791306 0.572348
vt 0.534866 0.098453
vt 0.569379 0.467716
vt 0.651469 0.054975
vt 0.122098 0.219910
vt 0.121896 0.226401
vt 0.307276 0.198867
vt 0.832647 0.598543
vt 0.901806 0.260609
vt 0.927296 0.252871
vt 0.938512 0.298590
vt 0.915208 0.303711
vt 0.278033 0.222203
vt 0.273655 0.223571
vt 0.270837 0.216048
vt 0.361145 0.462508
vt 0.410246 0.457353
vt 0.483518 0.047494
vt 0.510413 0.049897
vt 0.484439 0.058458
vt 0.285051 0.079428
vt 0.361229 0.487508
vt 0.894304 0.167100
vt 0.893939 0.102782
vt 0.772178 0.197991
vt 0.748251 0.189808
vt 0.748251 0.102782
vt 0.772178 0.102782
vt 0.810614 0.514616
vt 0.458622 0.450567
vt 0.238618 0.012187
vt 0.230748 0.037725
vt 0.221308 0.020598
vt 0.208563 0.005402
vt 0.500242 0.231900
vt 0.035688 0.207848
vt 0.047638 0.210908
vt 0.266606 0.209022
vt 0.868193 0.322208
vt 0.509975 0.040744
vt 0.483685 0.037491
vt 0.673870 0.202003
vt 0.727698 0.207390
vt 0.726752 0.215355
vt 0.673185 0.211856
vt 0.582896 0.045985
vt 0.597227 0.040110
vt 0.081355 0.213100
vt 0.398199 0.200147
vt 0.437251 0.204768
vt 0.782982 0.499801
vt 0.361761 0.066548
vt 0.389901 0.088058
vt 0.378240 0.107878
vt 0.568264 0.448786
vt 0.564689 0.431303
vt 0.706727 0.161638
vt 0.692818 0.142279
vt 0.692818 0.102782
vt 0.706727 0.102782
vt 0.981445 0.510448
vt 0.971836 0.521035
vt 0.965143 0.504949
vt 0.974938 0.499518
vt 0.618439 0.037546
vt 0.618189 0.052343
vt 0.607435 0.052615
vt 0.607592 0.037560
vt 0.561982 0.202146
vt 0.501011 0.193776
vt 0.502882 0.175668
vt 0.563296 0.188234
vt 0.917272 0.224960
vt 0.892049 0.232734
vt 0.824322 0.517857
vt 0.409345 0.134526
vt 0.417112 0.112111
vt 0.451547 0.137024
vt 0.445538 0.156611
vt 0.772965 0.512294
vt 0.894350 0.571189
vt 0.247613 0.176149
vt 0.631497 0.039877
vt 0.509906 0.442787
vt 0.726193 0.223883
vt 0.724925 0.177162
vt 0.724925 0.102782
vt 0.440685 0.180079
vt 0.395295 0.162599
vt 0.143330 0.220021
vt 0.143149 0.213915
vt 0.164996 0.213216
vt 0.165189 0.220116
vt 0.535063 0.050490
vt 0.534867 0.040871
vt 0.411685 0.487508
vt 0.990912 0.518695
vt 0.980898 0.534672
vt 0.320141 0.131106
vt 0.103095 0.213694
vt 0.122244 0.213931
vt 0.006648 0.210790
vt 0.361304 0.131264
vt 0.764079 0.401266
vt 0.557494 0.039509
vt 0.557920 0.049516
vt 0.749388 0.421226
vt 0.292622 0.219140
vt 0.875763 0.270099
vt 0.892521 0.311458
vt 0.727729 0.256220
vt 0.726772 0.248257
vt 0.259606 0.069965
vt 0.255027 0.096244
vt 0.620070 0.195845
vt 0.564649 0.174197
vt 0.621108 0.185020
vt 0.232874 0.191969
vt 0.674706 0.193030
vt 0.728744 0.200432
vt 0.504658 0.159011
vt 0.222526 0.194875
vt 0.731639 0.464567
vt 0.738670 0.442441
vt 0.410246 0.517663
vt 0.864720 0.242333
vt 0.561318 0.217768
vt 0.500470 0.212903
vt 0.778346 0.212556
vt 0.825070 0.216914
vt 0.823852 0.221502
vt 0.777104 0.218777
vt 0.783197 0.286908
vt 0.798264 0.200669
vt 0.798264 0.102782
vt 0.597090 0.027776
vt 0.607341 0.023460
vt 0.179716 0.209837
vt 0.195947 0.203974
vt 0.260215 0.202716
vt 0.236767 0.092942
vt 0.272282 0.468190
vt 0.314778 0.466668
vt 0.465193 0.043781
vt 0.466107 0.033274
vt 0.330336 0.047240
vt 0.725978 0.231806
vt 0.233472 0.196238
vt 0.224420 0.199120
vt 0.451230 0.042912
vt 0.446019 0.028380
vt 0.275497 0.232209
vt 0.583074 0.035102
vt 0.991335 0.221976
vt 0.987334 0.249663
vt 0.960240 0.296366
vt 0.979848 0.297570
vt 0.022877 0.204477
vt 0.200441 0.220024
vt 0.619197 0.207884
vt 0.205181 0.192044
vt 0.205361 0.221342
vt 0.204255 0.228733
vt 0.779815 0.206561
vt 0.826475 0.212736
vt 0.632275 0.029938
vt 0.899784 0.614008
vt 0.237140 0.065450
vt 0.013711 0.198845
vt 0.618636 0.025160
vt 0.968469 0.552574
vt 0.102412 0.238034
vt 0.080673 0.237409
vt 0.915688 0.125621
vt 0.907296 0.147263
vt 0.907296 0.102783
vt 0.917718 0.102783
vt 0.758292 0.517262
vt 0.779847 0.256983
vt 0.826499 0.250749
vt 0.361209 0.504795
vt 0.361144 0.512509
vt 0.361223 0.496290
vt 0.726204 0.239729
vt 0.728784 0.263176
vt 0.674756 0.270648
vt 0.936951 0.377146
vt 0.918091 0.357914
vt 0.953837 0.571586
vt 0.213941 0.252689
vt 0.222623 0.258876
vt 0.207829 0.244459
vt 0.251353 0.261183
vt 0.259879 0.257251
vt 0.231867 0.262000
vt 0.923123 0.522317
vt 0.204908 0.236176
vt 0.241653 0.262862
vt 0.684364 0.122172
vt 0.681563 0.102783
vt 0.266765 0.251558
vt 0.274336 0.238431
vt 0.275502 0.232213
vt 0.271465 0.245147
vt 0.823998 0.199311
vt 0.823998 0.102782
vt 0.915688 0.079945
vt 0.907296 0.058302
vt 0.894304 0.038465
vt 0.875114 0.022935
vt 0.849277 0.011336
vt 0.823998 0.006254
vt 0.798264 0.004896
vt 0.772178 0.007574
vt 0.748251 0.015757
vt 0.724925 0.028403
vt 0.706727 0.043927
vt 0.692818 0.063286
vt 0.684364 0.083393
vt 0.366690 0.829484
vt 0.366144 0.858889
vt 0.344388 0.858325
vt 0.345511 0.828077
vt 0.322674 0.858011
vt 0.323227 0.827428
vt 0.301705 0.858954
vt 0.278117 0.860573
vt 0.276189 0.828758
vt 0.301461 0.827554
vt 0.228206 0.831631
vt 0.232050 0.863241
vt 0.211734 0.864772
vt 0.207980 0.833051
vt 0.193764 0.865526
vt 0.191559 0.835348
vt 0.184849 0.806357
vt 0.175106 0.779736
vt 0.195557 0.776643
vt 0.201885 0.802732
vt 0.212679 0.898544
vt 0.190574 0.901829
vt 0.217638 0.926977
vt 0.199932 0.932372
vt 0.181220 0.940662
vt 0.164534 0.951122
vt 0.156708 0.940234
vt 0.174185 0.925601
vt 0.254359 0.862158
vt 0.279345 0.892766
vt 0.256785 0.894509
vt 0.302578 0.891457
vt 0.322812 0.890190
vt 0.344651 0.890004
vt 0.365419 0.888960
vt 0.364599 0.919112
vt 0.343239 0.918495
vt 0.322724 0.917379
vt 0.302433 0.917995
vt 0.280081 0.918360
vt 0.234998 0.896462
vt 0.237077 0.922545
vt 0.199211 0.522870
vt 0.215421 0.571173
vt 0.202605 0.577656
vt 0.187757 0.526883
vt 0.166700 0.479683
vt 0.177025 0.530181
vt 0.167559 0.533381
vt 0.159688 0.481429
vt 0.193369 0.472470
vt 0.209205 0.519611
vt 0.184921 0.474941
vt 0.156803 0.534582
vt 0.150897 0.482310
vt 0.143275 0.535353
vt 0.140285 0.482868
vt 0.299670 0.753302
vt 0.298715 0.737666
vt 0.324393 0.742239
vt 0.327506 0.755095
vt 0.164233 0.591707
vt 0.146995 0.592391
vt 0.270377 0.709789
vt 0.297623 0.710825
vt 0.271988 0.734777
vt 0.349763 0.713098
vt 0.344067 0.664887
vt 0.367269 0.664887
vt 0.367285 0.713398
vt 0.320140 0.664887
vt 0.327479 0.712085
vt 0.295165 0.664887
vt 0.269496 0.664887
vt 0.240220 0.664887
vt 0.241540 0.708113
vt 0.214886 0.706912
vt 0.213927 0.664887
vt 0.187750 0.706468
vt 0.187988 0.664887
vt 0.161370 0.664887
vt 0.161112 0.706942
vt 0.133363 0.707263
vt 0.135283 0.664887
vt 0.104516 0.707641
vt 0.107364 0.664887
vt 0.078659 0.708570
vt 0.082063 0.664887
vt 0.051799 0.710441
vt 0.056585 0.664887
vt 0.033350 0.664887
vt 0.027640 0.712104
vt 0.004894 0.712263
vt 0.012363 0.664887
vt 0.150321 0.960328
vt 0.139046 0.970219
vt 0.131173 0.962883
vt 0.143061 0.952270
vt 0.272501 0.751413
vt 0.242944 0.732859
vt 0.215264 0.731896
vt 0.187925 0.731865
vt 0.159857 0.733006
vt 0.130435 0.729341
vt 0.101560 0.727955
vt 0.076182 0.727835
vt 0.051358 0.727340
vt 0.160701 0.897818
vt 0.129548 0.901747
vt 0.125385 0.885248
vt 0.163841 0.873477
vt 0.159588 0.849848
vt 0.152831 0.826873
vt 0.113374 0.851402
vt 0.106094 0.833922
vt 0.143732 0.804958
vt 0.120052 0.869020
vt 0.027794 0.728072
vt 0.048411 0.743926
vt 0.027377 0.745467
vt 0.153317 0.917463
vt 0.129270 0.916823
vt 0.127162 0.929704
vt 0.112321 0.934315
vt 0.108010 0.922650
vt 0.096666 0.897942
vt 0.089271 0.884642
vt 0.081276 0.871243
vt 0.072617 0.857251
vt 0.034472 0.800133
vt 0.026159 0.787154
vt 0.050372 0.768435
vt 0.063601 0.777835
vt 0.037819 0.759608
vt 0.027093 0.754443
vt 0.018631 0.774742
vt 0.068896 0.748137
vt 0.063810 0.843531
vt 0.098042 0.818308
vt 0.087546 0.753325
vt 0.128677 0.535618
vt 0.128677 0.483093
vt 0.409164 0.800263
vt 0.403423 0.773421
vt 0.435277 0.777058
vt 0.433888 0.800932
vt 0.259882 0.565136
vt 0.259882 0.561085
vt 0.272468 0.561085
vt 0.272468 0.565136
vt 0.388193 0.828936
vt 0.366802 0.829496
vt 0.367226 0.803158
vt 0.387796 0.801968
vt 0.007860 0.747263
vt 0.005397 0.730024
vt 0.128677 0.332539
vt 0.128677 0.284811
vt 0.133833 0.285917
vt 0.134605 0.332823
vt 0.864830 0.965968
vt 0.821606 0.967537
vt 0.821606 0.954180
vt 0.884220 0.953031
vt 0.175882 0.477407
vt 0.165729 0.429937
vt 0.173364 0.428232
vt 0.180286 0.426573
vt 0.146863 0.335713
vt 0.144411 0.291694
vt 0.147274 0.292037
vt 0.150823 0.335991
vt 0.140214 0.333779
vt 0.138774 0.288447
vt 0.141890 0.290790
vt 0.143654 0.335019
vt 0.158409 0.431378
vt 0.190071 0.751862
vt 0.217401 0.750074
vt 0.244900 0.750810
vt 0.258314 0.919740
vt 0.251495 0.830420
vt 0.224095 0.800597
vt 0.352712 0.759671
vt 0.332226 0.772134
vt 0.347310 0.753243
vt 0.346883 0.801193
vt 0.351250 0.780784
vt 0.367659 0.783183
vt 0.367126 0.803145
vt 0.248903 0.800077
vt 0.220753 0.775032
vt 0.247227 0.775085
vt 0.274312 0.799180
vt 0.273103 0.774899
vt 0.360067 0.763708
vt 0.358052 0.737200
vt 0.367123 0.736290
vt 0.325732 0.798793
vt 0.128677 0.592644
vt 0.189532 0.583545
vt 0.178677 0.589142
vt 0.301287 0.798831
vt 0.300477 0.775256
vt 0.438661 0.711546
vt 0.440910 0.664887
vt 0.467568 0.664887
vt 0.466657 0.710721
vt 0.011352 0.760867
vt 0.120083 0.772930
vt 0.165362 0.755343
vt 0.132959 0.786170
vt 0.143394 0.932155
vt 0.146410 0.432917
vt 0.137846 0.433292
vt 0.150712 0.292025
vt 0.155397 0.335848
vt 0.117140 0.333779
vt 0.113700 0.335018
vt 0.115464 0.290790
vt 0.118581 0.288447
vt 0.344876 0.747318
vt 0.350224 0.740676
vt 0.170981 0.642706
vt 0.150694 0.644606
vt 0.128677 0.645231
vt 0.234379 0.616066
vt 0.220027 0.624013
vt 0.626001 0.948094
vt 0.619973 0.958314
vt 0.610604 0.952557
vt 0.610439 0.942683
vt 0.123685 0.953168
vt 0.134208 0.944200
vt 0.087346 0.803420
vt 0.076078 0.789740
vt 0.104919 0.760537
vt 0.103190 0.910603
vt 0.053880 0.828822
vt 0.043998 0.814319
vt 0.388120 0.859336
vt 0.366251 0.858897
vt 0.121459 0.382253
vt 0.119508 0.433292
vt 0.110945 0.432917
vt 0.114247 0.382311
vt 0.708329 0.764054
vt 0.719630 0.758566
vt 0.736319 0.765251
vt 0.728686 0.780041
vt 0.680091 0.852948
vt 0.644237 0.825655
vt 0.655751 0.810086
vt 0.690889 0.837440
vt 0.411456 0.743359
vt 0.390547 0.748660
vt 0.384062 0.740659
vt 0.407971 0.712506
vt 0.369586 0.764954
vt 0.583228 0.928811
vt 0.576141 0.907853
vt 0.608869 0.913029
vt 0.608659 0.928978
vt 0.914236 0.833037
vt 0.821606 0.832419
vt 0.821606 0.808491
vt 0.906221 0.809553
vt 0.330173 0.565136
vt 0.330173 0.561085
vt 0.344804 0.561085
vt 0.344804 0.565136
vt 0.098946 0.431378
vt 0.091624 0.429937
vt 0.100017 0.381838
vt 0.105854 0.382362
vt 0.613785 0.895725
vt 0.643825 0.910017
vt 0.636500 0.923250
vt 0.668051 0.730670
vt 0.665503 0.710508
vt 0.693526 0.712447
vt 0.694028 0.730148
vt 0.596455 0.810846
vt 0.608057 0.791344
vt 0.635451 0.841996
vt 0.384950 0.713253
vt 0.390593 0.664887
vt 0.128677 0.382220
vt 0.122750 0.332823
vt 0.695071 0.773383
vt 0.675631 0.751968
vt 0.697153 0.747557
vt 0.619883 0.878735
vt 0.652068 0.896106
vt 0.117069 0.482868
vt 0.128677 0.433462
vt 0.718713 0.730813
vt 0.742211 0.732634
vt 0.739854 0.750811
vt 0.719278 0.749101
vt 0.627382 0.860297
vt 0.670451 0.867383
vt 0.660919 0.882070
vt 0.410726 0.829127
vt 0.432805 0.830030
vt 0.299695 0.543694
vt 0.299695 0.547404
vt 0.294096 0.547404
vt 0.294096 0.543694
vt 0.464119 0.753246
vt 0.436410 0.754809
vt 0.437492 0.738936
vt 0.464824 0.736271
vt 0.083990 0.428232
vt 0.077068 0.426573
vt 0.087967 0.379802
vt 0.093733 0.380913
vt 0.358783 0.565136
vt 0.358783 0.561085
vt 0.374112 0.561085
vt 0.374112 0.565136
vt 0.192091 0.639684
vt 0.204945 0.632408
vt 0.069597 0.526883
vt 0.080329 0.530181
vt 0.067822 0.583545
vt 0.054749 0.577656
vt 0.287402 0.543694
vt 0.287402 0.547404
vt 0.283428 0.547404
vt 0.283428 0.543694
vt 0.427482 0.922086
vt 0.450441 0.923846
vt 0.449841 0.932432
vt 0.427324 0.931025
vt 0.549092 0.754846
vt 0.574714 0.758768
vt 0.564189 0.783988
vt 0.542992 0.780437
vt 0.410066 0.860016
vt 0.408353 0.892570
vt 0.386300 0.891168
vt 0.290871 0.547404
vt 0.290871 0.543694
vt 0.376248 0.737182
vt 0.089795 0.533381
vt 0.100551 0.534582
vt 0.093121 0.591707
vt 0.078677 0.589142
vt 0.630983 0.935870
vt 0.586464 0.833610
vt 0.553516 0.811487
vt 0.475817 0.900458
vt 0.498357 0.903511
vt 0.494927 0.930610
vt 0.472919 0.926542
vt 0.110080 0.292037
vt 0.106532 0.335991
vt 0.101958 0.335848
vt 0.106642 0.292025
vt 0.515094 0.936209
vt 0.513070 0.943180
vt 0.493402 0.938245
vt 0.463133 0.777215
vt 0.461357 0.801973
vt 0.560904 0.936609
vt 0.593175 0.944688
vt 0.578793 0.952728
vt 0.584779 0.974229
vt 0.596336 0.985137
vt 0.587901 0.991417
vt 0.577949 0.980440
vt 0.552879 0.952215
vt 0.570096 0.963934
vt 0.564981 0.969576
vt 0.548734 0.958604
vt 0.492449 0.753016
vt 0.494692 0.734622
vt 0.573646 0.882175
vt 0.542571 0.872882
vt 0.545801 0.841491
vt 0.578802 0.857514
vt 0.110359 0.592391
vt 0.106660 0.644606
vt 0.086373 0.642706
vt 0.365525 0.888968
vt 0.123521 0.285917
vt 0.065263 0.639684
vt 0.052409 0.632408
vt 0.701573 0.822106
vt 0.667799 0.795758
vt 0.681065 0.783269
vt 0.711813 0.807064
vt 0.227654 0.565359
vt 0.688423 0.664887
vt 0.712492 0.664887
vt 0.718751 0.714082
vt 0.279568 0.547404
vt 0.279568 0.543694
vt 0.544590 0.910975
vt 0.106457 0.482310
vt 0.114079 0.535353
vt 0.915646 0.883960
vt 0.821606 0.884239
vt 0.821606 0.858505
vt 0.916956 0.858653
vt 0.641531 0.730716
vt 0.656038 0.757337
vt 0.406831 0.920145
vt 0.386028 0.919916
vt 0.109398 0.382521
vt 0.535890 0.807350
vt 0.512937 0.804639
vt 0.516935 0.778330
vt 0.428874 0.894965
vt 0.452617 0.897532
vt 0.635810 0.664887
vt 0.662028 0.664887
vt 0.638561 0.709488
vt 0.893788 0.786624
vt 0.821606 0.785166
vt 0.821606 0.766967
vt 0.878628 0.768770
vt 0.489651 0.777896
vt 0.487377 0.803517
vt 0.369728 0.764910
vt 0.376614 0.764340
vt 0.384251 0.781504
vt 0.367781 0.783188
vt 0.104317 0.432438
vt 0.110491 0.335713
vt 0.523946 0.708172
vt 0.525315 0.664887
vt 0.552232 0.664887
vt 0.552063 0.707879
vt 0.613259 0.967664
vt 0.604956 0.977670
vt 0.592773 0.965979
vt 0.602449 0.957771
vt 0.401755 0.565136
vt 0.401755 0.561085
vt 0.412779 0.561085
vt 0.412779 0.565136
vt 0.058143 0.522869
vt 0.072433 0.474941
vt 0.081472 0.477407
vt 0.090654 0.479683
vt 0.520816 0.752640
vt 0.151500 0.382362
vt 0.157337 0.381838
vt 0.533492 0.942684
vt 0.530696 0.949336
vt 0.315021 0.565136
vt 0.315021 0.561085
vt 0.408318 0.756398
vt 0.496382 0.709223
vt 0.502789 0.869152
vt 0.479755 0.867174
vt 0.415080 0.664887
vt 0.041933 0.571173
vt 0.153037 0.432438
vt 0.097666 0.481429
vt 0.821606 0.753058
vt 0.859724 0.755030
vt 0.458550 0.832110
vt 0.483845 0.834616
vt 0.311772 0.543694
vt 0.311772 0.547404
vt 0.305865 0.547404
vt 0.305865 0.543694
vt 0.579833 0.664887
vt 0.579702 0.708520
vt 0.899321 0.934130
vt 0.821606 0.934027
vt 0.821606 0.909518
vt 0.910692 0.908777
vt 0.112943 0.291694
vt 0.606874 0.664887
vt 0.608545 0.708990
vt 0.521558 0.906652
vt 0.471898 0.934669
vt 0.455370 0.864570
vt 0.097273 0.335216
vt 0.103204 0.291706
vt 0.385674 0.929305
vt 0.364263 0.928983
vt 0.528773 0.838642
vt 0.507844 0.836580
vt 0.498004 0.664887
vt 0.611407 0.732006
vt 0.637765 0.764783
vt 0.388921 0.561085
vt 0.388921 0.565136
vt 0.621733 0.777629
vt 0.580729 0.735599
vt 0.037327 0.624013
vt 0.022975 0.616066
vt 0.007465 0.607765
vt 0.029700 0.565359
vt 0.551592 0.734161
vt 0.720698 0.793263
vt 0.406169 0.930373
vt 0.249889 0.607765
vt 0.523853 0.871480
vt 0.383363 0.761066
vt 0.388465 0.754919
vt 0.246914 0.565136
vt 0.246914 0.561085
vt 0.154150 0.291706
vt 0.160081 0.335216
vt 0.285633 0.565136
vt 0.285633 0.561085
vt 0.300150 0.561085
vt 0.300150 0.565136
vt 0.734231 0.664887
vt 0.742475 0.714044
vt 0.523274 0.733925
vt 0.143107 0.382311
vt 0.147956 0.382521
vt 0.135895 0.382253
vt 0.163621 0.380912
vt 0.169387 0.379802
vt 0.431327 0.861905
vt 0.202315 0.938781
vt 0.184903 0.946856
vt 0.169164 0.956630
vt 0.280165 0.926677
vt 0.258864 0.927581
vt 0.219260 0.933681
vt 0.156548 0.966424
vt 0.146784 0.976433
vt 0.238166 0.929894
vt 0.302033 0.926697
vt 0.342955 0.927807
vt 0.322713 0.927451
vt 0.048148 0.519611
vt 0.843799 0.974359
vt 0.821606 0.976475
vt 0.063985 0.472470
vt 0.799414 0.974359
vt 0.778382 0.965968
vt 0.758993 0.953031
vt 0.743892 0.934130
vt 0.732521 0.908777
vt 0.727567 0.883960
vt 0.726257 0.858653
vt 0.728976 0.833037
vt 0.736991 0.809553
vt 0.749425 0.786624
vt 0.764584 0.768770
vt 0.783489 0.755030
vt 0.803023 0.746678
vt 0.821606 0.743971
vt 0.247365 0.543694
vt 0.253272 0.543694
vt 0.253272 0.547404
vt 0.247365 0.547404
vt 0.259442 0.543694
vt 0.259442 0.547404
vt 0.265041 0.543694
vt 0.265041 0.547404
vt 0.271735 0.543694
vt 0.275709 0.543694
vt 0.275709 0.547404
vt 0.271735 0.547404
vt 0.268266 0.543694
vt 0.268266 0.547404
vt 0.480753 0.565136
vt 0.466774 0.565136
vt 0.466774 0.561085
vt 0.480753 0.561085
vt 0.553089 0.565136
vt 0.539924 0.565136
vt 0.539924 0.561085
vt 0.553089 0.561085
vt 0.565675 0.565136
vt 0.565675 0.561085
vt 0.495384 0.565136
vt 0.495384 0.561085
vt 0.451446 0.565136
vt 0.436636 0.565136
vt 0.436636 0.561085
vt 0.451446 0.561085
vt 0.510536 0.565136
vt 0.510536 0.561085
vt 0.525407 0.565136
vt 0.525407 0.561085
vt 0.578643 0.565136
vt 0.578643 0.561085
vt 0.423802 0.565136
vt 0.423802 0.561085
vt 0.840190 0.746678
vt 0.126689 0.939014
vt 0.117670 0.944135
s 1
f 27/1/1 1/2/2 2/3/3 3/4/4
f 1/2/2 28/5/5 4/6/6 2/3/3
f 180/7/7 183/8/8 6/9/9 5/10/10
f 157/11/11 10/12/12 7/13/13 154/14/14
f 7/13/13 10/12/12 9/15/15 8/16/16
f 219/17/17 222/18/18 12/19/19 11/20/20
f 8/16/16 17/21/21 14/22/22 7/13/13
f 14/22/22 17/21/21 16/23/23 15/24/24
f 115/25/25 114/26/26 19/27/27 237/28/28
f 164/29/29 163/30/30 20/31/31 5/10/10
f 181/32/32 21/33/33 4/6/6 180/7/7
f 4/6/6 21/33/33 22/34/34 2/3/3
f 22/34/34 23/35/35 3/4/4 2/3/3
f 23/35/35 22/34/34 24/36/36 209/37/37
f 22/34/34 21/33/33 25/38/38 24/36/36
f 182/39/39 181/32/32 20/31/31 26/40/40
f 155/41/41 14/22/22 15/24/24 156/42/42
f 254/43/43 38/44/44 179/45/45 176/46/46
f 255/47/47 647/48/48 737/49/49 736/50/50
f 285/51/51 284/52/52 39/53/53 33/54/54
f 283/55/55 286/56/56 254/43/43 116/57/57
f 621/58/58 136/59/59 245/60/60 620/61/61
f 284/62/62 142/63/63 277/64/64 39/65/65
f 142/63/63 205/66/66 197/67/67 277/64/64
f 204/68/68 199/69/69 30/70/70 171/71/71
f 277/64/64 197/67/67 177/72/72 175/73/73
f 58/74/74 31/75/75 171/76/76 170/77/77
f 169/78/78 37/79/79 40/80/80 41/81/81
f 162/82/82 42/83/83 170/77/77 36/84/84
f 170/77/77 42/83/83 43/85/85 58/74/74
f 158/86/86 44/87/87 45/88/88 159/89/89
f 45/88/88 44/87/87 46/90/90 57/91/91
f 231/92/92 47/93/93 48/94/94 233/95/95
f 48/94/94 47/93/93 49/96/96 56/97/97
f 49/96/96 50/98/98 51/99/99 56/97/97
f 51/99/99 50/98/98 52/100/100 55/101/101
f 89/102/102 53/103/103 54/104/104 90/105/105
f 18/106/106 317/107/107 316/108/108 306/109/109
f 200/110/110 204/68/68 171/71/71 31/111/111
f 159/89/89 160/112/112 31/75/75 58/74/74
f 63/113/113 45/88/88 57/91/91 64/114/114
f 233/95/95 48/94/94 65/115/115 232/116/116
f 65/115/115 48/94/94 56/97/97 66/117/117
f 56/97/97 51/99/99 67/118/118 66/117/117
f 67/118/118 51/99/99 55/101/101 68/119/119
f 111/120/120 127/121/121 70/122/122 81/123/123
f 88/124/124 87/125/125 72/126/126 69/127/127
f 72/126/126 87/125/125 86/128/128 74/129/129
f 86/128/128 85/130/130 76/131/131 74/129/129
f 76/131/131 85/130/130 84/132/132 78/133/133
f 298/134/134 299/135/135 377/136/136 378/137/137
f 787/138/138 469/139/139 110/140/140 374/141/141
f 301/142/142 304/143/143 374/141/141 373/144/144
f 85/130/130 77/145/145 79/146/146 84/132/132
f 75/147/147 77/145/145 85/130/130 86/128/128
f 87/125/125 73/148/148 75/147/147 86/128/128
f 71/149/149 73/148/148 87/125/125 88/124/124
f 60/150/150 70/122/122 82/151/151 62/152/152
f 70/122/122 60/150/150 59/153/153 81/123/123
f 52/100/100 89/102/102 90/105/105 55/101/101
f 71/149/149 88/124/124 92/154/154 91/155/155
f 91/156/155 92/157/154 90/105/105 54/104/104
f 88/124/124 69/127/127 93/158/156 92/154/154
f 189/159/157 188/160/158 131/161/159 220/162/160
f 188/160/158 8/163/161 9/164/162 98/165/163
f 188/160/158 189/159/157 17/166/164 8/163/161
f 61/167/165 259/168/166 60/150/150 62/152/152
f 216/169/167 190/170/168 59/171/169 215/172/170
f 226/173/171 135/174/172 133/175/173 221/176/174
f 226/173/171 221/176/174 132/177/175 98/165/163
f 305/178/176 300/179/177 375/180/178 376/181/179
f 90/105/105 104/182/180 68/119/119 55/101/101
f 104/182/180 90/105/105 92/157/154 93/183/156
f 102/184/181 194/185/182 123/186/183 122/187/184
f 103/188/185 102/184/181 122/187/184 185/189/186
f 103/190/185 185/191/186 187/192/187 195/193/188
f 194/185/182 101/194/189 124/195/190 123/186/183
f 101/194/189 193/196/191 125/197/192 124/195/190
f 100/198/193 126/199/194 125/197/192 193/196/191
f 190/170/168 129/200/195 128/201/196 191/202/197
f 218/203/198 129/200/195 190/170/168 216/169/167
f 317/107/107 19/27/27 215/204/199 259/168/166
f 16/23/23 17/21/21 114/26/26 115/25/25
f 120/205/200 68/206/201 104/207/202 195/193/188
f 320/208/203 189/159/157 220/162/160 319/209/204
f 185/189/186 122/187/184 105/210/205 107/211/206
f 122/187/184 123/186/183 106/212/207 105/210/205
f 123/186/183 124/195/190 108/213/208 106/212/207
f 124/195/190 125/197/192 109/214/209 108/213/208
f 126/199/194 110/140/140 109/214/209 125/197/192
f 300/179/177 301/142/142 373/144/144 375/180/178
f 266/215/210 83/216/211 301/142/142 300/179/177
f 129/200/195 113/217/212 112/218/213 128/201/196
f 217/219/214 113/217/212 129/200/195 218/203/198
f 319/209/204 318/220/215 99/221/216 130/222/217
f 132/177/175 262/223/218 94/224/219 131/161/159
f 221/176/174 133/175/173 97/225/220 293/226/221
f 343/227/222 341/228/223 208/229/224 290/230/225
f 195/193/188 187/192/187 186/231/226 120/205/200
f 290/230/225 208/229/224 186/231/226 265/232/227
f 208/229/224 196/233/228 120/205/200 186/231/226
f 133/175/173 134/234/229 96/235/230 97/225/220
f 344/236/231 196/233/228 208/229/224 341/228/223
f 310/237/232 197/67/67 205/66/66 141/238/233
f 99/239/216 580/240/234 726/241/235 217/219/214
f 646/242/236 251/243/237 245/60/60 645/244/238
f 257/245/239 261/246/240 746/247/241 751/248/242
f 740/249/243 739/250/244 303/251/245 276/252/246
f 337/253/247 331/254/248 145/255/249 144/256/250
f 292/257/251 627/258/252 629/259/253 258/260/254
f 137/261/255 286/56/56 312/262/256 147/263/257
f 214/264/258 312/262/256 286/56/56 283/55/55
f 330/265/259 336/266/260 149/267/261 206/268/262
f 339/269/263 338/270/264 148/271/265 146/272/266
f 147/263/257 322/273/267 285/51/51 137/261/255
f 184/274/268 202/275/269 63/276/270 64/277/271
f 203/278/272 200/110/110 31/111/111 160/279/273
f 163/30/30 155/41/41 156/42/42 165/280/274
f 7/13/13 14/22/22 155/41/41 154/14/14
f 166/281/275 157/11/11 154/14/14 164/29/29
f 202/275/269 203/278/272 160/279/273 63/276/270
f 45/88/88 63/113/113 160/112/112 159/89/89
f 43/85/85 158/86/86 159/89/89 58/74/74
f 41/81/81 162/82/82 36/84/84 169/78/78
f 222/18/18 10/12/12 157/11/11 224/282/276
f 6/9/9 166/281/275 164/29/29 5/10/10
f 20/31/31 163/30/30 165/280/274 26/40/40
f 154/14/14 155/41/41 163/30/30 164/29/29
f 170/77/77 171/76/76 30/283/277 36/84/84
f 29/284/278 252/285/279 199/69/69 118/286/280
f 227/287/281 228/288/282 168/289/283 167/290/284
f 225/291/285 161/292/286 153/293/287 224/282/276
f 223/294/288 119/295/289 161/292/286 225/291/285
f 249/296/290 29/284/278 118/286/280 167/290/284
f 117/297/291 35/298/292 37/79/79 169/78/78
f 227/287/281 167/290/284 118/286/280 229/299/293
f 197/67/67 310/237/232 178/300/294 177/72/72
f 33/54/54 39/53/53 174/301/295 207/302/296
f 39/65/65 277/64/64 175/73/73 174/303/297
f 230/304/298 172/305/299 119/295/289 223/294/288
f 25/38/38 21/33/33 181/32/32 182/39/39
f 20/31/31 181/32/32 180/7/7 5/10/10
f 4/6/6 28/5/5 183/8/8 180/7/7
f 229/299/293 118/286/280 172/305/299 230/304/298
f 185/191/186 107/306/206 268/307/300 187/192/187
f 186/231/226 187/192/187 268/307/300 265/232/227
f 153/293/287 161/292/286 203/278/272 202/275/269
f 372/308/301 121/309/302 13/310/303 370/311/304
f 13/310/303 121/309/302 135/174/172 11/312/305
f 67/313/306 68/206/201 120/205/200 196/233/228
f 17/166/164 189/159/157 320/208/203 114/314/307
f 93/315/308 103/190/185 195/193/188 104/207/202
f 93/316/308 69/317/309 102/184/181 103/188/185
f 69/317/309 72/318/310 194/185/182 102/184/181
f 74/319/311 101/194/189 194/185/182 72/318/310
f 74/319/311 76/320/312 193/196/191 101/194/189
f 78/321/313 100/198/193 193/196/191 76/320/312
f 83/216/211 272/322/314 304/143/143 301/142/142
f 81/323/315 59/171/169 190/170/168 191/202/197
f 219/324/316 226/173/171 98/165/163 9/164/162
f 114/314/307 320/208/203 95/325/317 19/326/318
f 184/274/268 13/327/319 11/20/20 12/19/19
f 161/292/286 119/295/289 200/110/110 203/278/272
f 12/19/19 153/293/287 202/275/269 184/274/268
f 201/328/320 212/329/321 205/66/66 142/63/63
f 149/267/261 336/266/260 329/330/322 150/331/323
f 119/295/289 172/305/299 204/68/68 200/110/110
f 172/305/299 118/286/280 199/69/69 204/68/68
f 585/332/324 583/333/325 584/334/326 389/335/327
f 722/336/328 652/337/329 386/338/330 672/339/331
f 232/340/332 65/341/333 370/342/333 13/327/319
f 135/174/172 121/309/302 134/234/229 133/175/173
f 199/69/69 252/285/279 278/343/334 30/70/70
f 30/283/277 278/344/335 253/345/336 36/84/84
f 253/345/336 117/297/291 169/78/78 36/84/84
f 175/73/73 177/72/72 117/297/291 253/345/336
f 178/300/294 35/298/292 117/297/291 177/72/72
f 176/46/46 179/45/45 29/284/278 249/296/290
f 791/346/337 794/347/338 689/348/339 723/349/340
f 99/239/216 217/219/214 218/203/198 130/350/217
f 130/350/217 218/203/198 216/169/167 95/351/317
f 95/351/317 216/169/167 215/172/170 19/352/318
f 11/312/305 135/174/172 226/173/171 219/324/316
f 28/5/5 229/299/293 230/304/298 183/8/8
f 183/8/8 230/304/298 223/294/288 6/9/9
f 1/2/2 227/287/281 229/299/293 28/5/5
f 6/9/9 223/294/288 225/291/285 166/281/275
f 166/281/275 225/291/285 224/282/276 157/11/11
f 1/2/2 27/1/1 228/288/282 227/287/281
f 12/19/19 222/18/18 224/282/276 153/293/287
f 368/353/341 372/308/301 234/354/342 236/355/343
f 132/177/175 221/176/174 293/226/221 262/223/218
f 9/15/15 10/12/12 222/18/18 219/17/17
f 57/91/91 233/95/95 232/116/116 64/114/114
f 46/90/90 231/92/92 233/95/95 57/91/91
f 64/277/271 232/340/332 13/327/319 184/274/268
f 131/161/159 94/224/219 235/356/344 220/162/160
f 369/357/345 368/353/341 236/355/343 296/358/346
f 237/28/28 19/27/27 317/107/107 18/106/106
f 27/1/1 3/4/4 34/359/347 32/360/348
f 273/361/349 609/362/350 615/363/351 297/364/352
f 352/365/353 345/366/354 342/367/355 335/368/356
f 272/322/314 112/218/213 505/369/357 325/370/358
f 623/371/359 605/372/360 732/373/361 733/374/362
f 210/375/363 249/296/290 167/290/284 168/289/283
f 138/376/364 136/59/59 621/58/58 623/371/359
f 270/377/365 608/378/365 395/379/365 394/380/365
f 316/108/108 61/167/165 748/381/366 761/382/367
f 767/383/368 592/384/369 593/385/370 770/386/371
f 250/387/372 646/242/236 645/244/238 246/388/373
f 758/389/374 787/138/138 374/141/141 304/143/143
f 622/390/375 781/391/376 780/392/377 604/393/378
f 589/394/379 750/395/380 673/396/381 702/397/382
f 238/398/383 198/399/384 585/332/324 389/335/327
f 369/357/345 296/358/346 742/400/385 784/401/386
f 332/402/387 328/403/388 75/147/147 73/148/148
f 32/360/348 255/47/47 736/50/50 735/404/389
f 139/405/390 140/406/391 143/407/392 152/408/393
f 644/409/394 136/59/59 138/376/364 647/48/48
f 617/410/395 693/411/396 688/412/397 382/413/398
f 310/237/232 141/238/233 702/397/382 673/396/381
f 214/264/258 283/55/55 754/414/399 760/415/400
f 763/416/401 762/417/402 728/418/403 655/419/404
f 597/420/405 151/421/406 340/422/407 765/423/408
f 379/424/409 626/425/410 37/79/79 35/298/292
f 298/134/134 378/137/137 790/426/411 756/427/412
f 278/343/334 252/285/279 207/302/296 174/301/295
f 435/428/413 105/210/205 106/212/207 436/429/414
f 605/372/360 600/430/415 139/405/390 152/408/393
f 321/431/416 323/432/417 326/433/418 327/434/419
f 274/435/420 291/436/421 740/249/243 738/437/422
f 71/149/149 333/438/423 332/402/387 73/148/148
f 608/439/424 609/362/350 273/361/349 271/440/425
f 259/168/166 215/204/199 59/153/153 60/150/150
f 303/441/426 741/442/427 772/443/428 307/444/429
f 345/445/430 351/446/431 350/447/432 311/448/433
f 140/406/391 139/405/390 239/449/434 242/450/435
f 734/451/436 729/452/437 583/333/325 585/332/324
f 627/258/252 261/246/240 257/245/239 629/259/253
f 746/247/241 261/246/240 626/425/410 379/424/409
f 371/453/438 779/454/439 783/455/440 743/456/441
f 272/322/314 83/216/211 128/201/196 112/218/213
f 729/452/437 293/226/221 97/225/220 583/333/325
f 650/457/442 302/458/443 297/459/444 692/460/445
f 242/461/446 367/462/447 763/416/401 655/419/404
f 654/463/448 347/464/449 143/465/450 140/466/451
f 266/215/210 111/467/452 81/323/315 191/202/197
f 673/396/381 641/468/453 178/300/294 310/237/232
f 651/469/454 107/211/206 105/210/205 435/428/413
f 298/134/134 756/427/412 493/470/455 192/471/456
f 80/472/457 644/409/394 647/48/48 255/47/47
f 198/399/384 727/473/458 734/451/436 585/332/324
f 281/474/459 288/475/460 282/476/461 280/477/462
f 728/418/403 762/417/402 318/220/215 235/356/344
f 248/478/463 776/479/464 777/480/465 250/387/466
f 689/348/339 794/347/338 792/481/467 755/482/468
f 656/483/469 657/484/470 505/369/357 559/485/471
f 598/486/472 692/460/445 693/411/396 617/410/395
f 388/487/473 337/253/247 767/383/368 791/346/337
f 269/488/365 270/377/365 394/380/365 393/489/365
f 738/490/365 275/491/365 399/492/365 398/493/365
f 655/419/404 728/418/403 581/494/474 654/463/448
f 589/394/379 689/348/339 755/482/468 752/495/475
f 739/496/476 238/497/477 785/498/478 303/499/478
f 116/57/57 254/43/43 176/46/46 173/500/479
f 314/501/480 315/502/481 328/403/388 332/402/387
f 250/387/466 777/480/465 782/503/482 646/242/483
f 738/437/422 740/249/243 276/252/246 275/504/484
f 324/505/485 657/484/470 656/483/469 294/506/486
f 764/507/487 793/508/488 796/509/489 594/510/490
f 788/511/491 348/512/492 469/139/139 787/138/138
f 790/426/411 326/433/418 323/432/417 789/513/493
f 210/375/363 168/289/283 625/514/494 744/515/495
f 762/417/402 580/516/234 99/221/216 318/220/215
f 688/412/397 258/517/496 629/518/497 696/519/498
f 746/247/241 634/520/499 631/521/500 751/248/242
f 280/522/365 282/523/365 402/524/365 401/525/365
f 351/526/431 671/527/501 653/528/502 651/529/454
f 349/530/503 440/531/504 468/532/505 661/533/506
f 245/60/60 251/243/237 622/390/507 620/61/61
f 263/534/508 643/535/509 721/536/510 260/537/511
f 335/368/356 288/475/460 309/538/512 352/365/353
f 308/539/513 309/538/512 288/475/460 281/474/459
f 253/345/336 278/344/335 174/303/297 175/73/73
f 347/464/449 654/463/448 581/494/474 582/540/514
f 245/60/60 136/59/59 644/409/394 645/244/238
f 686/541/515 257/542/516 751/543/517 745/544/518
f 346/545/519 580/516/234 762/417/402 763/416/401
f 584/334/326 784/401/386 786/546/520 389/335/327
f 620/61/61 622/390/507 604/393/521 603/547/522
f 634/520/499 746/247/241 379/424/409 641/468/453
f 350/447/432 435/428/413 436/429/414 668/548/523
f 264/549/524 631/521/500 634/520/499 750/395/380
f 594/510/490 796/509/489 795/550/525 760/415/400
f 279/551/365 280/522/365 401/525/365 400/552/365
f 256/553/526 380/554/527 686/541/515 745/544/518
f 313/555/528 324/556/529 294/557/530 295/558/531
f 749/559/532 657/484/470 324/505/485 365/560/533
f 298/134/134 192/471/456 127/121/121 299/135/135
f 211/561/534 388/487/473 791/346/337 723/349/340
f 745/544/518 721/536/510 643/535/509 256/553/526
f 38/44/44 33/54/54 207/302/296 179/45/45
f 654/463/448 140/466/451 242/461/446 655/419/404
f 345/562/430 352/563/535 671/527/501 351/526/431
f 647/48/48 138/376/364 731/564/536 737/49/49
f 756/427/412 759/565/537 365/566/538 493/470/455
f 71/149/149 91/155/155 342/567/355 333/438/423
f 138/376/364 623/371/359 733/374/362 731/564/536
f 736/50/50 737/49/49 630/568/539 380/554/527
f 784/401/386 742/400/385 741/442/427 786/546/520
f 270/569/540 292/257/251 609/362/350 608/439/424
f 365/560/533 759/570/541 757/571/542 749/559/532
f 627/258/252 292/257/251 270/569/540 269/572/543
f 23/35/35 209/37/37 248/478/544 247/573/545
f 252/285/279 29/284/278 179/45/45 207/302/296
f 737/49/49 731/564/536 382/413/398 630/568/539
f 582/540/514 581/494/474 94/224/219 262/223/218
f 247/573/545 34/359/347 3/4/4 23/35/35
f 276/252/246 289/574/546 279/575/547 275/504/484
f 385/576/548 391/577/549 336/266/260 330/265/259
f 327/434/419 326/433/418 79/146/146 77/145/145
f 38/44/44 254/43/43 286/56/56 137/261/255
f 581/494/474 728/418/403 235/356/344 94/224/219
f 767/383/368 770/386/371 794/347/338 791/346/337
f 213/578/550 598/486/472 732/373/361 730/579/551
f 753/580/552 260/537/511 264/581/553 752/582/554
f 603/547/522 604/393/521 240/583/555 239/449/434
f 755/584/556 792/585/557 793/508/488 764/507/487
f 623/371/359 621/58/58 600/430/415 605/372/360
f 751/543/517 631/586/558 721/536/510 745/544/518
f 239/449/434 240/583/555 241/587/559 242/450/435
f 267/588/560 626/425/410 261/246/240 619/589/561
f 756/427/412 790/426/411 789/513/493 759/565/537
f 142/63/63 284/62/62 287/590/562 201/328/320
f 671/527/501 386/338/330 652/337/329 653/528/502
f 303/251/245 307/591/563 289/574/546 276/252/246
f 289/574/546 307/591/563 308/539/513 281/474/459
f 749/559/532 757/571/542 758/389/374 325/370/358
f 747/592/564 635/593/565 643/535/509 263/534/508
f 302/458/443 650/457/442 238/497/477 739/496/476
f 766/594/566 720/595/567 596/596/568 768/597/569
f 290/230/225 265/232/227 652/337/329 722/336/328
f 297/364/352 302/598/570 291/436/421 273/361/349
f 274/599/365 738/490/365 398/493/365 397/600/365
f 689/348/339 589/394/379 702/397/382 723/349/340
f 323/601/571 321/602/572 661/533/506 348/512/492
f 748/381/366 295/558/531 294/557/530 724/603/573
f 596/596/568 597/420/405 765/423/408 768/597/569
f 761/382/367 748/381/366 724/603/573 244/604/574
f 646/242/483 782/503/482 778/605/575 251/243/576
f 178/300/294 641/468/453 379/424/409 35/298/292
f 96/235/230 369/357/345 784/401/386 584/334/326
f 143/407/392 727/606/577 730/579/551 152/408/393
f 770/386/371 593/385/370 595/607/578 769/608/579
f 725/609/580 724/610/581 294/506/486 656/483/469
f 692/460/445 297/459/444 615/611/582 693/411/396
f 98/165/163 132/177/175 131/161/159 188/160/158
f 251/243/576 778/605/575 781/391/376 622/390/375
f 760/415/400 795/550/525 384/612/583 214/264/258
f 240/583/584 773/613/585 774/614/586 241/587/587
f 260/537/511 721/536/510 631/586/558 264/581/553
f 727/473/458 143/465/450 347/464/449 734/451/436
f 735/404/389 625/514/494 168/289/283 228/288/282
f 348/512/492 661/533/506 468/532/505 469/139/139
f 731/564/536 733/374/362 617/410/395 382/413/398
f 346/615/519 244/616/588 724/610/581 725/609/580
f 795/550/525 765/423/408 340/422/407 384/612/583
f 325/370/358 758/389/374 304/143/143 272/322/314
f 213/578/550 650/457/442 692/460/445 598/486/472
f 209/37/589 363/617/589 776/479/464 248/478/463
f 337/253/247 144/256/250 592/384/369 767/383/368
f 351/446/431 651/469/454 435/428/413 350/447/432
f 759/570/541 789/618/590 788/511/491 757/571/542
f 91/619/155 54/620/104 335/368/356 342/367/355
f 334/621/591 335/368/356 54/620/104 53/622/103
f 609/362/350 292/257/251 258/260/254 615/363/351
f 32/360/348 735/404/389 228/288/282 27/1/1
f 580/240/234 346/615/519 725/609/580 726/241/235
f 295/558/531 62/152/152 82/151/151 313/555/528
f 333/438/423 311/623/592 314/501/480 332/402/387
f 469/139/139 468/532/505 109/214/209 110/140/140
f 651/529/454 653/528/502 268/307/300 107/306/206
f 645/244/238 644/409/394 80/472/457 246/388/373
f 733/374/362 732/373/361 598/486/472 617/410/395
f 243/624/593 306/109/109 316/108/108 761/382/367
f 600/430/415 621/58/58 620/61/61 603/547/522
f 587/625/594 594/510/490 760/415/400 754/414/399
f 241/587/559 371/453/595 367/626/596 242/450/435
f 796/509/489 768/597/569 765/423/408 795/550/525
f 382/413/398 688/412/397 696/519/498 630/568/539
f 243/624/597 775/627/598 366/628/599 306/109/599
f 769/629/600 595/630/601 720/595/567 766/594/566
f 582/540/514 262/223/218 293/226/221 729/452/437
f 331/254/248 339/269/263 146/272/266 145/255/249
f 80/472/457 34/359/347 247/573/545 246/388/373
f 757/571/542 788/511/491 787/138/138 758/389/374
f 75/147/147 328/403/388 327/434/419 77/145/145
f 141/238/233 211/561/534 723/349/340 702/397/382
f 583/333/325 97/225/220 96/235/230 584/334/326
f 249/296/290 210/375/363 173/500/479 176/46/46
f 139/405/390 600/430/415 603/547/522 239/449/434
f 619/589/561 261/246/240 627/258/252 269/572/543
f 275/491/365 279/551/365 400/552/365 399/492/365
f 626/425/410 267/588/560 40/80/80 37/79/79
f 630/568/539 696/519/498 686/541/515 380/554/527
f 696/519/498 629/518/497 257/542/516 686/541/515
f 283/55/55 116/57/57 747/592/564 754/414/399
f 273/361/349 291/436/421 274/435/420 271/440/425
f 378/137/137 79/146/146 326/433/418 790/426/411
f 311/448/433 350/447/432 668/548/523 314/631/602
f 786/546/520 785/632/603 238/398/383 389/335/327
f 116/57/57 173/500/479 635/593/565 747/592/564
f 650/457/442 213/578/550 198/633/604 238/497/477
f 150/331/323 329/330/322 340/422/407 151/421/406
f 440/531/504 108/213/208 109/214/209 468/532/505
f 744/515/495 635/593/565 173/500/479 210/375/363
f 282/476/461 288/475/460 335/368/356 334/621/591
f 333/438/423 342/567/355 345/634/354 311/623/592
f 594/510/490 587/625/594 753/580/552 764/507/487
f 752/495/475 264/549/524 750/395/380 589/394/379
f 315/635/605 314/631/602 668/548/523 349/530/503
f 386/338/330 671/527/501 352/563/535 309/636/606
f 743/456/441 783/455/440 775/627/598 243/624/597
f 291/436/421 302/598/570 739/250/244 740/249/243
f 299/135/135 305/637/607 376/638/608 377/136/136
f 741/442/427 303/441/426 785/632/603 786/546/520
f 693/411/396 615/611/582 258/517/496 688/412/397
f 267/639/365 619/640/365 392/641/365 40/642/365
f 299/135/135 127/121/121 111/120/120 305/637/607
f 111/467/452 266/215/210 300/179/177 305/178/176
f 726/241/235 725/609/580 656/483/469 559/485/471
f 83/216/211 266/215/210 191/202/197 128/201/196
f 365/566/538 324/556/529 313/555/528 493/470/455
f 127/121/121 192/471/456 82/151/151 70/122/122
f 727/606/577 198/633/604 213/578/550 730/579/551
f 367/462/447 244/643/588 346/545/519 763/416/401
f 316/108/108 317/107/107 259/168/166 61/167/165
f 220/162/160 235/356/344 318/220/215 319/209/204
f 95/325/317 320/208/203 319/209/204 130/222/217
f 338/644/609 330/265/259 206/268/262 148/645/610
f 387/646/611 383/647/612 338/270/264 339/269/263
f 381/648/613 212/329/321 201/328/320 387/646/611
f 388/487/473 381/648/613 331/254/248 337/253/247
f 137/261/255 285/51/51 33/54/54 38/44/44
f 247/573/545 248/478/544 250/387/372 246/388/373
f 390/649/614 384/612/583 340/422/407 329/330/322
f 383/650/615 385/576/548 330/265/259 338/644/609
f 391/577/549 390/649/614 329/330/322 336/266/260
f 141/238/233 205/66/66 212/329/321 211/561/534
f 322/273/267 287/651/616 284/52/52 285/51/51
f 66/652/617 67/313/306 196/233/228 344/236/231
f 234/354/342 344/236/231 341/228/223 236/355/343
f 296/358/346 236/355/343 341/228/223 343/227/222
f 65/653/618 66/652/617 344/236/231 234/354/342
f 241/587/587 774/614/586 779/454/439 371/453/438
f 307/444/429 772/443/428 672/339/331 308/654/619
f 604/393/378 780/392/377 773/613/585 240/583/584
f 16/23/620 115/25/621 359/655/622 354/656/623
f 61/167/165 62/152/152 295/558/531 748/381/366
f 115/25/621 237/28/624 364/657/625 359/655/622
f 26/40/626 165/280/627 361/658/628 358/659/629
f 15/24/630 16/23/620 354/656/623 353/660/631
f 741/442/427 742/400/385 771/661/632 772/443/428
f 18/106/633 306/109/599 366/628/599 355/662/634
f 325/370/358 505/369/357 657/484/470 749/559/532
f 156/42/635 15/24/630 353/660/631 360/663/636
f 328/403/388 315/502/481 321/431/416 327/434/419
f 165/280/627 156/42/635 360/663/636 361/658/628
f 279/575/547 289/574/546 281/474/459 280/477/462
f 282/523/365 334/664/365 53/665/365 402/524/365
f 792/585/557 769/629/600 766/594/566 793/508/488
f 182/39/637 26/40/626 358/659/629 362/666/638
f 263/534/508 587/625/594 754/414/399 747/592/564
f 764/507/487 753/580/552 752/582/554 755/584/556
f 209/37/589 24/36/639 356/667/640 363/668/589
f 25/38/641 182/39/637 362/666/638 357/669/642
f 24/36/639 25/38/641 357/669/642 356/667/640
f 237/28/624 18/106/633 355/662/634 364/657/625
f 587/625/594 263/534/508 260/537/511 753/580/552
f 296/358/346 343/227/222 771/661/632 742/400/385
f 743/456/643 243/624/593 761/382/367 244/604/574
f 96/235/230 134/234/229 368/353/341 369/357/345
f 134/234/229 121/309/302 372/308/301 368/353/341
f 234/354/342 372/308/301 370/311/304 65/653/618
f 378/137/137 377/136/136 84/132/132 79/146/146
f 735/404/389 736/50/50 380/554/527 625/514/494
f 373/144/144 374/141/141 110/140/140 126/199/194
f 619/640/365 269/488/365 393/489/365 392/641/365
f 376/181/179 375/180/178 100/198/193 78/321/313
f 375/180/178 373/144/144 126/199/194 100/198/193
f 608/378/365 271/670/365 396/671/365 395/379/365
f 744/515/495 625/514/494 380/554/527 256/553/526
f 377/136/136 376/638/608 78/133/133 84/132/132
f 789/618/590 323/601/571 348/512/492 788/511/491
f 147/263/257 312/262/256 390/649/614 391/577/549
f 287/651/616 322/273/267 385/576/548 383/650/615
f 312/262/256 214/264/258 384/612/583 390/649/614
f 211/561/534 212/329/321 381/648/613 388/487/473
f 331/254/248 381/648/613 387/646/611 339/269/263
f 201/328/320 287/590/562 383/647/612 387/646/611
f 308/654/619 672/339/331 386/338/330 309/636/606
f 794/347/338 770/386/371 769/608/579 792/481/467
f 730/579/551 732/373/361 605/372/360 152/408/393
f 322/273/267 147/263/257 391/577/549 385/576/548
f 793/508/488 766/594/566 768/597/569 796/509/489
f 32/360/348 34/359/347 80/472/457 255/47/47
f 652/337/329 265/232/227 268/307/300 653/528/502
f 734/451/436 347/464/449 582/540/514 729/452/437
f 41/672/365 40/642/365 392/641/365 162/673/365
f 315/635/605 349/530/503 661/533/506 321/602/572
f 162/673/365 392/641/365 393/489/365 42/674/365
f 343/227/222 290/230/225 722/336/328 771/661/632
f 42/674/365 393/489/365 394/380/365 43/675/365
f 772/443/428 771/661/632 722/336/328 672/339/331
f 43/675/365 394/380/365 395/379/365 158/676/365
f 668/548/523 436/429/414 440/531/504 349/530/503
f 158/676/365 395/379/365 396/671/365 44/677/365
f 217/219/214 726/241/235 559/485/471 113/217/212
f 44/677/365 396/671/365 397/600/365 46/678/365
f 493/470/455 313/555/528 82/151/151 192/471/456
f 46/678/365 397/600/365 398/493/365 231/679/365
f 271/670/365 274/599/365 397/600/365 396/671/365
f 231/679/365 398/493/365 399/492/365 47/680/365
f 635/593/565 744/515/495 256/553/526 643/535/509
f 47/680/365 399/492/365 400/552/365 49/681/365
f 371/453/595 743/456/643 244/604/574 367/626/596
f 49/681/365 400/552/365 401/525/365 50/682/365
f 559/485/471 505/369/357 112/218/213 113/217/212
f 50/682/365 401/525/365 402/524/365 52/683/365
f 436/429/414 106/212/207 108/213/208 440/531/504
f 52/683/365 402/524/365 53/665/365 89/684/365
f 750/395/380 634/520/499 641/468/453 673/396/381
f 429/685/644 405/686/645 404/687/646 403/688/647
f 403/688/647 404/687/646 406/689/648 430/690/649
f 533/691/650 407/692/651 408/693/652 536/694/653
f 510/695/654 507/696/655 409/697/656 412/698/657
f 409/697/656 410/699/658 411/700/659 412/698/657
f 561/701/660 413/702/661 414/703/662 564/704/663
f 410/699/658 409/697/656 416/705/664 419/706/665
f 416/705/664 417/707/666 418/708/667 419/706/665
f 480/709/668 579/710/669 421/711/670 479/712/671
f 517/713/672 407/692/651 422/714/673 516/715/674
f 534/716/675 533/691/650 406/689/648 423/717/676
f 406/689/648 404/687/646 424/718/677 423/717/676
f 424/718/677 404/687/646 405/686/645 425/719/678
f 425/719/678 555/720/679 426/721/680 424/718/677
f 424/718/677 426/721/680 427/722/681 423/717/676
f 535/723/682 428/724/683 422/714/673 534/716/675
f 508/725/684 509/726/685 417/707/666 416/705/664
f 591/727/686 529/728/687 532/729/688 441/730/689
f 612/731/690 434/732/691 442/733/692 611/734/693
f 610/735/694 481/736/695 591/727/686 613/737/696
f 611/734/693 442/733/692 606/738/697 496/739/698
f 496/739/698 606/738/697 544/740/699 551/741/700
f 550/742/701 524/743/702 432/744/703 545/745/704
f 606/738/697 528/746/705 530/747/706 544/740/699
f 461/748/707 523/749/708 524/743/702 433/750/709
f 522/751/710 444/752/711 443/753/712 439/754/713
f 515/755/714 438/756/715 523/749/708 445/757/716
f 523/749/708 461/748/707 446/758/717 445/757/716
f 511/759/718 512/760/719 448/761/720 447/762/721
f 448/761/720 460/763/722 449/764/723 447/762/721
f 573/765/724 575/766/725 451/767/726 450/768/727
f 451/767/726 459/769/728 452/770/729 450/768/727
f 452/770/729 459/769/728 454/771/730 453/772/731
f 454/771/730 458/773/732 455/774/733 453/772/731
f 470/775/734 471/776/735 457/777/736 456/778/737
f 420/779/738 628/780/739 636/781/740 637/782/741
f 546/783/742 433/750/709 524/743/702 550/742/701
f 512/760/719 461/748/707 433/750/709 513/784/743
f 462/785/744 463/786/745 460/763/722 448/761/720
f 575/766/725 574/787/746 464/788/747 451/767/726
f 464/788/747 465/789/748 459/769/728 451/767/726
f 459/769/728 465/789/748 466/790/749 454/771/730
f 466/790/749 467/791/750 458/773/732 454/771/730
f 455/774/733 458/773/732 471/776/735 470/775/734
f 541/792/751 562/793/752 488/794/753 540/795/754
f 540/795/754 476/796/755 411/700/659 410/699/658
f 540/795/754 410/699/658 419/706/665 541/792/751
f 568/797/756 563/798/757 490/799/758 492/800/759
f 568/797/756 476/796/755 489/801/760 563/798/757
f 471/776/735 458/773/732 467/791/750 478/802/761
f 418/708/667 480/709/668 479/712/671 419/706/665
f 485/803/762 542/804/763 478/802/761 467/791/750
f 640/805/764 639/806/765 562/793/752 541/792/751
f 639/806/765 487/807/766 477/808/767 638/809/768
f 489/801/760 488/794/753 472/810/769 599/811/770
f 563/798/757 618/812/771 475/813/772 490/799/758
f 669/814/773 616/815/774 554/816/775 667/817/776
f 542/804/763 485/803/762 538/818/777 539/819/778
f 616/815/774 601/820/779 538/818/777 554/816/775
f 554/816/775 538/818/777 485/803/762 543/821/780
f 490/799/758 475/813/772 474/822/781 491/823/782
f 670/824/783 667/817/776 554/816/775 543/821/780
f 632/825/784 495/826/785 551/741/700 544/740/699
f 933/827/786 859/828/787 895/829/788 934/830/789
f 776/831/790 968/832/791 969/833/792 777/834/793
f 797/835/794 429/836/644 570/837/795 932/838/796
f 478/802/761 542/804/763 717/839/797 716/840/798
f 663/841/799 497/842/800 498/843/801 660/844/802
f 886/845/803 705/846/804 706/847/805 830/848/806
f 494/849/807 500/850/808 633/851/809 613/737/696
f 560/852/810 610/735/694 613/737/696 633/851/809
f 659/853/811 552/854/812 502/855/813 662/856/814
f 665/857/815 499/858/816 501/859/817 664/860/818
f 500/850/808 494/849/807 612/731/690 642/861/819
f 537/862/820 463/786/745 462/785/744 548/863/821
f 549/864/822 513/784/743 433/750/709 546/783/742
f 516/715/674 518/865/823 509/726/685 508/725/684
f 409/697/656 507/696/655 508/725/684 416/705/664
f 519/866/824 517/713/672 507/696/655 510/695/654
f 548/863/821 462/785/744 513/784/743 549/864/822
f 448/761/720 512/760/719 513/784/743 462/785/744
f 446/758/717 461/748/707 512/760/719 511/759/718
f 444/752/711 522/751/710 438/756/715 515/755/714
f 564/704/663 566/867/825 510/695/654 412/698/657
f 408/693/652 407/692/651 517/713/672 519/866/824
f 422/714/673 428/724/683 518/865/823 516/715/674
f 507/696/655 517/713/672 516/715/674 508/725/684
f 523/749/708 438/756/715 432/744/703 524/743/702
f 431/868/826 483/869/827 545/745/704 588/870/828
f 569/871/829 520/872/830 521/873/831 570/874/795
f 567/875/832 566/867/825 506/876/833 514/877/834
f 565/878/835 567/875/832 514/877/834 484/879/836
f 586/880/837 520/872/830 483/869/827 431/868/826
f 482/881/838 522/751/710 439/754/713 437/882/839
f 569/871/829 571/883/840 483/869/827 520/872/830
f 544/740/699 530/747/706 531/884/841 632/825/784
f 434/732/691 553/885/842 527/886/843 442/733/692
f 442/733/692 527/886/843 528/746/705 606/738/697
f 572/887/844 565/878/835 484/879/836 525/888/845
f 427/722/681 535/723/682 534/716/675 423/717/676
f 422/714/673 407/692/651 533/691/650 534/716/675
f 406/689/648 533/691/650 536/694/653 430/690/649
f 571/883/840 572/887/844 525/888/845 483/869/827
f 893/889/846 830/890/847 831/891/848 844/892/849
f 538/818/777 601/820/779 602/893/850 539/819/778
f 506/876/833 548/863/821 549/864/822 514/877/834
f 694/894/851 574/787/746 415/895/852 486/896/853
f 415/895/852 413/702/661 492/800/759 486/896/853
f 466/790/749 543/821/780 485/803/762 467/791/750
f 419/706/665 479/712/671 640/805/764 541/792/751
f 471/776/735 478/802/761 716/840/798 457/777/736
f 561/701/660 411/700/659 476/796/755 568/797/756
f 479/712/671 421/711/670 473/897/854 640/805/764
f 537/862/820 414/703/662 413/702/661 415/895/852
f 514/877/834 549/864/822 546/783/742 484/879/836
f 414/703/662 537/862/820 548/863/821 506/876/833
f 547/898/855 496/739/698 551/741/700 558/899/856
f 502/855/813 503/900/857 658/901/858 662/856/814
f 484/879/836 546/783/742 550/742/701 525/888/845
f 525/888/845 550/742/701 545/745/704 483/869/827
f 962/902/859 961/903/860 874/904/861 872/905/862
f 492/800/759 490/799/758 491/823/782 486/896/853
f 545/745/704 432/744/703 607/906/863 588/870/828
f 432/744/703 438/756/715 590/907/864 607/906/863
f 590/907/864 438/756/715 522/751/710 482/881/838
f 528/746/705 590/908/864 482/909/838 530/747/706
f 531/884/841 530/747/706 482/909/838 437/910/839
f 529/728/687 586/911/837 431/912/826 532/729/688
f 477/913/767 718/914/865 984/915/866 863/916/867
f 649/917/868 648/918/869 637/782/741 636/781/740
f 413/702/661 561/701/660 568/797/756 492/800/759
f 430/690/649 536/694/653 572/887/844 571/883/840
f 536/694/653 408/693/652 565/878/835 572/887/844
f 403/688/647 430/690/649 571/883/840 569/871/829
f 408/693/652 519/866/824 567/875/832 565/878/835
f 519/866/824 510/695/654 566/867/825 567/875/832
f 403/688/647 569/871/829 570/874/795 429/685/644
f 414/703/662 506/876/833 566/867/825 564/704/663
f 690/919/870 578/920/871 576/921/872 694/894/851
f 489/801/760 599/811/770 618/812/771 563/798/757
f 411/700/659 561/701/660 564/704/663 412/698/657
f 460/763/722 463/786/745 574/787/746 575/766/725
f 449/764/723 460/763/722 575/766/725 573/765/724
f 463/786/745 537/862/820 415/895/852 574/787/746
f 488/794/753 562/793/752 577/922/873 472/810/769
f 691/923/874 624/924/875 578/920/871 690/919/870
f 579/710/669 420/779/738 637/782/741 421/711/670
f 429/836/644 797/835/794 798/925/876 405/926/645
f 978/927/877 923/928/878 915/929/879 981/930/880
f 906/931/881 907/932/882 602/933/850 601/934/779
f 474/935/781 867/936/883 976/937/884 691/938/874
f 823/939/885 946/940/886 943/941/887 826/942/888
f 556/943/889 521/873/831 520/872/830 586/880/837
f 954/944/890 909/945/891 925/946/892 953/947/893
f 935/948/894 711/949/895 712/950/895 835/951/896
f 780/952/897 972/953/898 965/954/899 773/955/900
f 955/956/901 873/957/902 983/958/903 980/959/904
f 864/960/905 472/961/769 577/962/873 925/946/892
f 849/963/906 839/964/907 841/965/908 850/966/909
f 868/967/910 862/968/911 867/936/883 866/969/912
f 892/970/913 439/754/713 443/753/712 829/971/914
f 701/972/915 978/927/877 959/973/916 663/841/799
f 922/974/917 911/975/918 861/976/919 906/931/881
f 865/977/920 599/978/770 472/961/769 864/960/905
f 495/826/785 919/979/921 923/928/878 557/980/922
f 855/981/923 716/982/798 717/983/797 910/984/924
f 926/985/925 866/969/912 475/986/772 618/987/771
f 821/988/926 933/827/786 934/830/789 904/989/927
f 593/990/928 872/991/929 874/992/930 595/993/931
f 914/994/932 918/995/933 894/996/934 824/997/935
f 951/998/936 560/999/810 698/1000/937 982/1001/938
f 774/1002/939 966/1003/940 971/1004/941 779/1005/942
f 607/1006/863 527/886/843 553/885/842 588/1007/828
f 827/1008/943 825/1009/944 921/1010/945 900/1011/946
f 596/1012/947 875/1013/948 876/1014/949 597/1015/949
f 903/1016/950 820/1017/951 970/1018/952 974/1019/953
f 905/1020/954 808/1021/955 806/1022/956 807/1023/957
f 799/1024/958 816/1025/959 817/1026/960 798/925/876
f 893/889/846 894/996/934 823/939/885 826/942/888
f 865/977/920 926/985/925 618/987/771 599/978/770
f 595/993/931 874/992/930 920/1027/961 720/1028/962
f 858/1029/963 437/882/839 439/754/713 892/970/913
f 828/1030/964 945/1031/965 897/1032/966 896/1033/967
f 953/947/893 638/1034/768 477/913/767 863/916/867
f 806/1022/956 868/967/910 931/1035/968 924/1036/969
f 887/1037/970 879/1038/971 880/1039/972 889/1040/973
f 875/1041/974 960/1042/975 957/1043/976 876/1044/977
f 808/1021/955 862/968/911 868/967/910 806/1022/956
f 880/1039/972 810/1045/978 965/1046/979 972/1047/980
f 825/1009/944 828/1030/964 896/1033/967 921/1010/945
f 934/830/789 895/829/788 860/1048/981 928/1049/982
f 856/1050/983 954/944/890 853/1051/984 814/1052/985
f 813/1053/986 628/1054/739 687/1055/987 967/1056/988
f 857/1057/989 940/1058/990 975/1059/991 971/1060/992
f 917/1061/993 914/994/932 824/997/935 884/1062/994
f 908/1063/995 803/1064/996 804/1065/997 854/1066/998
f 897/1032/966 899/1067/999 858/1068/963 943/1069/887
f 817/1026/960 425/1070/678 405/926/645 798/925/876
f 663/841/799 959/973/916 871/1071/1000 497/842/800
f 924/1036/969 931/1035/968 854/1066/998 804/1065/997
f 946/1072/886 942/1073/1001 921/1010/945 896/1033/967
f 624/1074/875 939/1075/1002 963/1076/1003 669/1077/773
f 481/736/695 526/1078/1004 529/728/687 591/727/686
f 910/984/924 717/983/797 602/933/850 907/932/882
f 840/1079/1005 851/1080/1006 852/1081/1007 841/965/908
f 597/1015/949 876/1014/949 504/1082/949 151/1083/949
f 908/1063/995 909/945/891 812/1084/1008 803/1064/996
f 870/1085/1009 919/979/921 912/1086/1010 945/1031/965
f 873/957/902 951/998/936 982/1001/938 983/958/903
f 853/1051/984 954/944/890 953/947/893 863/916/867
f 832/1087/1011 709/1088/1012 710/1089/895 834/1090/1013
f 848/1091/1014 849/963/906 911/975/918 964/1092/1015
f 817/1026/960 816/1025/959 819/1093/1016 818/1094/1017
f 981/930/880 979/1095/1018 961/903/860 962/902/859
f 909/945/891 908/1063/995 864/960/905 925/946/892
f 590/908/864 528/746/705 527/886/843 607/1006/863
f 807/1023/957 927/1096/1019 929/1097/1020 877/1098/1021
f 943/941/887 858/1029/963 892/970/913 826/942/888
f 903/1016/950 902/1099/1022 815/1100/1023 820/1017/951
f 837/1101/1024 838/1102/1025 839/964/907 842/1103/1026
f 964/1092/1015 911/975/918 922/974/917 963/1076/1003
f 837/1104/1027 713/1105/1028 714/1106/1029 838/1107/1030
f 928/1049/982 860/1048/981 885/1108/1031 930/1109/1032
f 556/1110/889 941/1111/1033 891/1112/1034 521/1113/831
f 950/1114/1035 955/956/901 980/959/904 979/1095/1018
f 441/730/689 532/729/688 553/885/842 434/732/691
f 979/1095/1018 980/959/904 958/1115/1036 961/903/860
f 542/804/763 539/819/778 602/893/850 717/839/797
f 833/1116/1037 832/1117/1038 834/1118/1039 843/1119/1040
f 924/1036/969 927/1096/1019 807/1023/957 806/1022/956
f 649/1120/868 636/1121/740 952/1122/1041 956/1123/1042
f 775/1124/1043 967/1125/1044 687/1126/1045 366/1127/1045
f 827/1008/943 944/1128/1046 949/1129/1047 869/1130/1048
f 873/957/902 955/956/901 948/1131/1049 869/1130/1048
f 931/1035/968 926/985/925 865/977/920 854/1066/998
f 773/955/900 965/954/899 966/1003/940 774/1002/939
f 588/1007/828 553/885/842 532/729/688 431/912/826
f 866/969/912 867/936/883 474/935/781 475/986/772
f 531/884/841 437/910/839 858/1068/963 899/1067/999
f 807/1023/957 877/1098/1021 916/1132/1050 905/1020/954
f 699/1133/1051 659/853/811 662/856/814 704/1134/1052
f 869/1130/1048 949/1129/1047 951/998/936 873/957/902
f 441/730/689 494/849/807 613/737/696 591/727/686
f 810/1045/978 811/1135/1053 966/1136/1054 965/1046/979
f 781/1137/1055 973/1138/1056 972/953/898 780/952/897
f 895/829/788 859/828/787 913/1139/1057 918/995/933
f 883/1140/1058 884/1062/994 824/997/935 844/892/849
f 932/838/796 891/1112/1034 859/828/787 933/827/786
f 878/1141/1059 879/1038/971 887/1037/970 888/1142/1060
f 829/971/914 886/1143/1061 826/942/888 892/970/913
f 944/1128/1046 827/1008/943 900/1011/946 898/1144/1062
f 811/1135/1053 857/1057/989 971/1060/992 966/1136/1054
f 496/739/698 547/898/855 614/1145/1063 611/734/693
f 812/1084/1008 909/945/891 954/944/890 856/1050/983
f 915/929/879 923/928/878 919/979/921 870/1085/1009
f 870/1085/1009 947/1146/1064 950/1114/1035 915/929/879
f 838/1107/1030 714/1106/1029 715/1147/1065 840/1148/1066
f 801/1149/1067 928/1049/982 930/1109/1032 890/1150/1068
f 144/1151/1069 497/1152/1069 871/1153/1070 592/1154/1071
f 835/951/896 712/950/895 713/1105/1028 837/1104/1027
f 853/1051/984 956/1123/1042 952/1122/1041 814/1052/985
f 959/973/916 978/927/877 981/930/880 962/902/859
f 834/1118/1039 935/1155/1072 937/1156/1073 843/1119/1040
f 811/1135/1053 812/1084/1008 856/1050/983 857/1057/989
f 831/1157/1074 707/1158/1075 708/1159/1075 882/1160/1076
f 961/903/860 958/1115/1036 920/1161/1077 874/904/861
f 948/1131/1049 947/1146/1064 828/1030/964 825/1009/944
f 935/1155/1072 835/1162/1078 836/1163/1079 937/1156/1073
f 869/1130/1048 948/1131/1049 825/1009/944 827/1008/943
f 476/796/755 540/795/754 488/794/753 489/801/760
f 839/964/907 838/1102/1025 840/1079/1005 841/965/908
f 809/1164/1080 812/1084/1008 811/1135/1053 810/1045/978
f 820/1017/951 889/1040/973 973/1165/1081 970/1018/952
f 912/1086/1010 632/825/784 531/884/841 899/1067/999
f 801/1149/1067 890/1150/1068 888/1142/1060 800/1166/1082
f 876/1044/977 957/1043/976 666/1167/1083 504/1168/1084
f 555/720/679 818/1094/1017 968/1169/1085 684/1170/1086
f 927/1096/1019 805/1171/1087 881/1172/1088 929/1097/1020
f 557/980/922 923/928/878 978/927/877 701/972/915
f 882/1173/1089 832/1117/1038 833/1116/1037 883/1140/1058
f 804/1065/997 805/1171/1087 927/1096/1019 924/1036/969
f 854/1066/998 865/977/920 864/960/905 908/1063/995
f 847/1174/1090 848/1091/1014 964/1092/1015 938/1175/1091
f 720/1028/962 920/1027/961 875/1013/948 596/1012/947
f 904/989/927 934/830/789 928/1049/982 801/1149/1067
f 779/1005/942 971/1004/941 975/1176/1092 783/1177/1093
f 932/838/796 570/837/795 521/1113/831 891/1112/1034
f 930/1109/1032 885/1108/1031 877/1098/1021 929/1097/1020
f 938/1175/1091 977/1178/1094 936/1179/1095 847/1174/1090
f 888/1142/1060 887/1037/970 815/1100/1023 800/1166/1082
f 890/1150/1068 881/1172/1088 878/1141/1059 888/1142/1060
f 910/984/924 907/932/882 906/931/881 861/976/919
f 898/1144/1062 900/1011/946 822/1180/1096 941/1181/1033
f 889/1040/973 880/1039/972 972/1047/980 973/1165/1081
f 834/1090/1013 710/1089/895 711/949/895 935/948/894
f 941/1181/1033 556/1182/889 526/1183/1004 898/1144/1062
f 847/1174/1090 836/1163/1079 842/1103/1026 848/1091/1014
f 660/844/802 498/843/801 499/858/816 665/857/815
f 819/1093/1016 816/1025/959 902/1099/1022 903/1016/950
f 846/1184/1097 936/1179/1095 808/1021/955 905/1020/954
f 616/1185/774 922/974/917 906/931/881 601/934/779
f 819/1093/1016 903/1016/950 974/1019/953 969/1186/1098
f 586/911/837 529/728/687 526/1078/1004 556/1187/889
f 802/1188/1099 809/1164/1080 879/1038/971 878/1141/1059
f 592/1154/1071 871/1153/1070 872/991/929 593/990/928
f 852/1081/1007 855/981/923 850/966/909 841/965/908
f 915/929/879 950/1114/1035 979/1095/1018 981/930/880
f 822/1189/1096 942/1190/1001 913/1139/1057 859/828/787
f 983/958/903 982/1001/938 957/1043/976 960/1042/975
f 844/892/849 824/997/935 894/996/934 893/889/846
f 363/1191/1100 684/1192/1100 968/832/791 776/831/790
f 890/1150/1068 930/1109/1032 929/1097/1020 881/1172/1088
f 918/995/933 913/1139/1057 823/939/885 894/996/934
f 882/1160/1076 708/1159/1075 709/1088/1012 832/1087/1011
f 503/900/857 504/1193/1084 666/1194/1083 658/901/858
f 943/1069/887 946/1072/886 896/1033/967 897/1032/966
f 958/1115/1036 960/1042/975 875/1041/974 920/1161/1077
f 473/897/854 421/711/670 637/782/741 648/918/869
f 782/1195/1101 974/1196/1102 970/1197/1103 778/1198/1104
f 851/1080/1006 456/1199/737 457/1200/736 852/1081/1007
f 818/1094/1017 819/1093/1016 969/1186/1098 968/1169/1085
f 885/1108/1031 860/1048/981 914/994/932 917/1061/993
f 777/834/793 969/833/792 974/1196/1102 782/1195/1101
f 845/1201/1105 833/1116/1037 843/1119/1040 846/1184/1097
f 691/938/874 976/937/884 939/1075/1002 624/1074/875
f 797/835/794 932/838/796 933/827/786 821/988/926
f 879/1038/971 809/1164/1080 810/1045/978 880/1039/972
f 562/793/752 639/806/765 638/809/768 577/922/873
f 473/897/854 487/807/766 639/806/765 640/805/764
f 664/860/818 501/859/817 552/854/812 659/853/811
f 700/1202/1106 665/857/815 664/860/818 697/1203/1107
f 695/1204/1108 700/1202/1106 547/898/855 558/899/856
f 701/972/915 663/841/799 660/844/802 695/1204/1108
f 494/849/807 441/730/689 434/732/691 612/731/690
f 815/1100/1023 887/1037/970 889/1040/973 820/1017/951
f 703/1205/1109 658/901/858 666/1194/1083 698/1206/937
f 697/1203/1107 664/860/818 659/853/811 699/1133/1051
f 704/1134/1052 662/856/814 658/901/858 703/1205/1109
f 495/826/785 557/980/922 558/899/856 551/741/700
f 642/861/819 612/731/690 611/734/693 614/1145/1063
f 465/789/748 670/824/783 543/821/780 466/790/749
f 576/921/872 578/920/871 667/817/776 670/824/783
f 624/924/875 669/814/773 667/817/776 578/920/871
f 464/788/747 576/921/872 670/824/783 465/789/748
f 902/1099/1022 816/1025/959 799/1024/958 901/1207/1110
f 863/916/867 984/915/866 956/1123/1042 853/1051/984
f 980/959/904 983/958/903 960/1042/975 958/1115/1036
f 418/708/667 675/1208/1111 680/1209/1112 480/709/668
f 813/1053/986 952/1122/1041 636/1121/740 628/1054/739
f 480/709/668 680/1209/1112 685/1210/1113 579/710/669
f 428/724/683 679/1211/1114 682/1212/1115 518/865/823
f 417/707/666 674/1213/1116 675/1208/1111 418/708/667
f 913/1139/1057 942/1190/1001 946/940/886 823/939/885
f 420/779/738 676/1214/1117 687/1215/987 628/780/739
f 860/1048/981 895/829/788 918/995/933 914/994/932
f 509/726/685 681/1216/1118 674/1213/1116 417/707/666
f 867/936/883 862/968/911 977/1178/1094 976/937/884
f 518/865/823 682/1212/1115 681/1216/1118 509/726/685
f 945/1031/965 912/1086/1010 899/1067/999 897/1032/966
f 861/976/919 850/966/909 855/981/923 910/984/924
f 849/963/906 850/966/909 861/976/919 911/975/918
f 535/723/682 683/1217/1119 679/1211/1114 428/724/683
f 803/1064/996 812/1084/1008 809/1164/1080 802/1188/1099
f 778/1198/1104 970/1197/1103 973/1138/1056 781/1137/1055
f 555/720/679 684/1170/1086 677/1218/1120 426/721/680
f 427/722/681 678/1219/1121 683/1217/1119 535/723/682
f 426/721/680 677/1218/1120 678/1219/1121 427/722/681
f 579/710/669 685/1210/1113 676/1214/1117 420/779/738
f 481/1220/695 944/1128/1046 898/1144/1062 526/1183/1004
f 955/956/901 950/1114/1035 947/1146/1064 948/1131/1049
f 881/1172/1088 805/1171/1087 802/1188/1099 878/1141/1059
f 474/822/781 691/923/874 690/919/870 491/823/782
f 491/823/782 690/919/870 694/894/851 486/896/853
f 576/921/872 464/788/747 574/787/746 694/894/851
f 500/850/808 704/1134/1052 703/1205/1109 633/851/809
f 614/1145/1063 697/1203/1107 699/1133/1051 642/861/819
f 633/851/809 703/1205/1109 698/1206/937 560/852/810
f 557/980/922 701/972/915 695/1204/1108 558/899/856
f 660/844/802 665/857/815 700/1202/1106 695/1204/1108
f 547/898/855 700/1202/1106 697/1203/1107 614/1145/1063
f 947/1146/1064 870/1085/1009 945/1031/965 828/1030/964
f 829/1221/1122 443/1222/1123 705/846/804 886/845/803
f 802/1188/1099 805/1171/1087 804/1065/997 803/1064/996
f 642/861/819 699/1133/1051 704/1134/1052 500/850/808
f 830/848/806 706/847/805 707/1158/1075 831/1157/1074
f 610/1223/694 949/1129/1047 944/1128/1046 481/1220/695
f 425/1070/678 817/1026/960 818/1094/1017 555/720/679
f 836/1163/1079 835/1162/1078 837/1101/1024 842/1103/1026
f 444/1224/1124 515/1225/1125 705/846/804 443/1222/1123
f 916/1132/1050 917/1061/993 884/1062/994 845/1201/1105
f 515/1225/1125 445/1226/1126 706/847/805 705/846/804
f 560/999/810 951/998/936 949/1129/1047 610/1223/694
f 445/1226/1126 446/1227/1127 707/1158/1075 706/847/805
f 941/1111/1033 822/1189/1096 859/828/787 891/1112/1034
f 446/1227/1127 511/1228/1128 708/1159/1075 707/1158/1075
f 843/1119/1040 937/1156/1073 936/1179/1095 846/1184/1097
f 511/1228/1128 447/1229/1129 709/1088/1012 708/1159/1075
f 905/1020/954 916/1132/1050 845/1201/1105 846/1184/1097
f 447/1229/1129 449/1230/1130 710/1089/895 709/1088/1012
f 669/1077/773 963/1076/1003 922/974/917 616/1185/774
f 449/1230/1130 573/1231/1131 711/949/895 710/1089/895
f 940/1058/990 813/1053/986 967/1056/988 975/1059/991
f 573/1231/1131 450/1232/1132 712/950/895 711/949/895
f 886/1143/1061 830/890/847 893/889/846 826/942/888
f 450/1232/1132 452/1233/1133 713/1105/1028 712/950/895
f 831/891/848 882/1173/1089 883/1140/1058 844/892/849
f 452/1233/1133 453/1234/1134 714/1106/1029 713/1105/1028
f 857/1057/989 856/1050/983 814/1052/985 940/1058/990
f 453/1234/1134 455/1235/1135 715/1147/1065 714/1106/1029
f 937/1156/1073 836/1163/1079 847/1174/1090 936/1179/1095
f 455/1235/1135 470/1236/1136 456/1237/1137 715/1147/1065
f 877/1098/1021 885/1108/1031 917/1061/993 916/1132/1050
f 144/1238/1069 145/1239/1138 498/1240/1139 497/1241/1069
f 145/1239/1138 146/1242/1140 499/1243/1141 498/1240/1139
f 146/1242/1140 148/1244/1142 501/1245/1143 499/1243/1141
f 149/1246/1144 150/1247/949 503/1248/949 502/1249/1145
f 150/1247/949 151/1083/949 504/1082/949 503/1248/949
f 206/1250/1146 149/1246/1144 502/1249/1145 552/1251/1147
f 148/1244/1142 206/1250/1146 552/1251/1147 501/1245/1143
f 977/1178/1094 862/968/911 808/1021/955 936/1179/1095
f 942/1073/1001 822/1180/1096 900/1011/946 921/1010/945
f 940/1058/990 814/1052/985 952/1122/1041 813/1053/986
f 901/1207/1110 904/989/927 801/1149/1067 800/1166/1082
f 982/1001/938 698/1000/937 666/1167/1083 957/1043/976
f 815/1100/1023 902/1099/1022 901/1207/1110 800/1166/1082
f 938/1175/1091 964/1092/1015 963/1076/1003 939/1075/1002
f 353/1252/1148 354/1253/1149 675/1254/1150 674/1255/1151
f 357/1256/1152 362/1257/1153 683/1258/1154 678/1259/1155
f 356/1260/1156 357/1256/1152 678/1259/1155 677/1261/1157
f 360/1262/1158 353/1252/1148 674/1255/1151 681/1263/1159
f 359/1264/1160 364/1265/1161 685/1266/1162 680/1267/1163
f 361/1268/1164 360/1262/1158 681/1263/1159 682/1269/1165
f 358/1270/1166 361/1268/1164 682/1269/1165 679/1271/1167
f 354/1253/1149 359/1264/1160 680/1267/1163 675/1254/1150
f 362/1257/1153 358/1270/1166 679/1271/1167 683/1258/1154
f 363/1272/1100 356/1260/1156 677/1261/1157 684/1273/1100
f 364/1265/1161 355/1274/1168 676/1275/1169 685/1266/1162
f 783/1177/1093 975/1176/1092 967/1125/1044 775/1124/1043
f 833/1116/1037 845/1201/1105 884/1062/994 883/1140/1058
f 931/1035/968 868/967/910 866/969/912 926/985/925
f 797/835/794 821/988/926 799/1024/958 798/925/876
f 852/1081/1007 457/1200/736 716/982/798 855/981/923
f 842/1103/1026 839/964/907 849/963/906 848/1091/1014
f 799/1024/958 821/988/926 904/989/927 901/1207/1110
f 959/973/916 962/902/859 872/905/862 871/1071/1000
f 355/1274/1168 366/1127/1045 687/1126/1045 676/1275/1169
f 840/1148/1066 715/1147/1065 456/1237/1137 851/1276/1170
f 632/825/784 912/1086/1010 919/979/921 495/826/785
f 925/946/892 577/962/873 638/1034/768 953/947/893
f 976/937/884 977/1178/1094 938/1175/1091 939/1075/1002
f 487/807/766 473/897/854 648/918/869 719/1277/1171
f 477/808/767 487/807/766 719/1277/1171 718/1278/865
f 718/1278/865 719/1277/1171 648/918/869 649/917/868
f 718/914/865 649/1120/868 956/1123/1042 984/915/866
