# Blender 4.0.2
# www.blender.org
o horse_shoe_01
v 0.037488 0.000000 0.048517
v 0.037476 0.000000 0.053283
v 0.036087 -0.000230 0.047875
v 0.035829 -0.000662 0.052820
v 0.039002 -0.000843 0.055483
v 0.039850 0.000000 0.055092
v 0.041588 0.000000 0.057030
v 0.042074 0.000000 0.059437
v 0.040951 -0.000843 0.059253
v 0.040544 -0.000843 0.061244
v 0.039001 -0.000843 0.062847
v 0.039276 -0.002535 0.060619
v 0.035918 -0.002535 0.059201
v 0.037912 -0.002535 0.062036
v 0.039636 -0.002535 0.058860
v 0.039268 -0.002535 0.057039
v 0.037159 -0.002535 0.057036
v 0.037914 -0.002535 0.055529
v 0.033585 -0.002535 0.054883
v 0.034966 -0.002535 0.053380
v 0.032062 -0.002535 0.057577
v 0.029114 -0.002535 0.052230
v 0.027554 -0.002535 0.055900
v 0.020927 -0.002535 0.052919
v 0.025913 -0.002535 0.059341
v 0.019987 -0.002535 0.056597
v 0.030437 -0.002535 0.060572
v 0.024328 -0.002535 0.062301
v 0.027775 -0.002535 0.063084
v 0.020602 -0.002535 0.059549
v 0.023610 -0.000843 0.063168
v 0.027630 -0.000843 0.064044
v 0.019333 -0.000843 0.059884
v 0.018672 -0.000843 0.056583
v 0.019775 -0.000843 0.052529
v 0.017545 0.000000 0.056504
v 0.018269 0.000000 0.060279
v 0.023041 0.000000 0.064040
v 0.027486 0.000000 0.064985
v 0.032161 -0.000843 0.064328
v 0.035866 -0.000843 0.063879
v 0.031856 -0.002535 0.063366
v 0.034516 -0.002535 0.061359
v 0.035276 -0.002535 0.062827
v 0.036167 0.000000 0.064871
v 0.039788 0.000000 0.063655
v 0.041595 0.000000 0.061778
v 0.032317 0.000000 0.065274
v 0.027486 0.012468 0.064985
v 0.032317 0.012468 0.065274
v 0.036167 0.012468 0.064871
v 0.034751 0.012468 0.062310
v 0.029967 0.012468 0.061324
v 0.037128 0.012468 0.059843
v 0.039788 0.012468 0.063655
v 0.041595 0.012468 0.061778
v 0.042074 0.012468 0.059437
v 0.038608 0.012468 0.057259
v 0.041588 0.012468 0.057030
v 0.037476 0.012468 0.053283
v 0.039850 0.012468 0.055092
v 0.035529 0.012468 0.055394
v 0.037488 0.012468 0.048517
v 0.043707 0.012468 0.037165
v 0.043707 0.000000 0.037165
v 0.049663 0.000000 0.024763
v 0.042286 -0.000230 0.036365
v 0.048047 -0.000230 0.024418
v 0.052784 -0.000230 0.011320
v 0.054929 0.000000 0.011584
v 0.057259 -0.000000 -0.004903
v 0.053349 -0.000000 -0.024727
v 0.051272 -0.000230 -0.023552
v 0.038953 -0.000230 -0.038249
v 0.026617 -0.000000 -0.048401
v 0.019701 -0.000000 -0.050550
v 0.017547 0.000979 -0.047525
v 0.019285 -0.000230 -0.048126
v 0.025691 -0.000230 -0.046180
v 0.025265 0.001181 -0.045176
v 0.038275 0.001181 -0.037385
v 0.050311 0.001181 -0.023033
v 0.055119 -0.000230 -0.004686
v 0.051784 0.001181 0.011158
v 0.047227 0.001181 0.024182
v 0.041540 0.001181 0.035962
v 0.035328 0.001181 0.047557
v 0.034946 0.001181 0.050067
v 0.030570 0.001181 0.047854
v 0.030387 -0.000674 0.048322
v 0.025019 -0.000662 0.047276
v 0.030269 -0.002535 0.049546
v 0.025556 -0.002535 0.048556
v 0.022820 -0.002535 0.050584
v 0.021918 -0.000843 0.049886
v 0.021127 0.000000 0.049224
v 0.023318 0.000000 0.047072
v 0.018808 0.000000 0.052085
v 0.025448 0.000000 0.043164
v 0.032312 0.000000 0.020562
v 0.035062 -0.000000 0.008822
v 0.034786 -0.000000 -0.002737
v 0.025616 -0.000000 -0.021174
v 0.017904 -0.000000 -0.027002
v 0.013604 -0.000000 -0.028729
v 0.009107 -0.000000 -0.030369
v 0.009717 -0.000230 -0.032298
v 0.009389 0.001181 -0.033253
v 0.010459 0.001181 -0.041448
v 0.011442 0.000951 -0.049393
v 0.011691 0.001181 -0.052057
v 0.011691 0.012468 -0.052057
v 0.010459 0.012468 -0.041448
v 0.009107 0.012468 -0.030369
v 0.013604 0.012468 -0.028729
v 0.017904 0.012468 -0.027002
v 0.025616 0.012468 -0.021174
v 0.031448 0.012468 -0.012586
v 0.034786 0.012468 -0.002737
v 0.035062 0.012468 0.008822
v 0.032312 0.012468 0.020562
v 0.028772 0.012468 0.031784
v 0.025448 0.012468 0.043164
v 0.023318 0.012468 0.047072
v 0.021127 0.012468 0.049224
v 0.029009 0.012468 0.051525
v 0.018808 0.012468 0.052085
v 0.017545 0.012468 0.056504
v 0.027146 0.012468 0.055904
v 0.025188 0.012468 0.060010
v 0.032964 0.012468 0.058079
v 0.023041 0.012468 0.064040
v 0.018269 0.012468 0.060279
v 0.030570 0.012468 0.047854
v 0.031534 0.012468 0.045870
v 0.037098 0.012468 0.034013
v 0.036504 0.012468 0.033566
v 0.037805 0.012468 0.033968
v 0.038371 0.012468 0.033378
v 0.043189 0.012468 0.023218
v 0.047072 0.012468 0.010520
v 0.048975 0.012468 -0.004165
v 0.044991 0.012468 -0.020146
v 0.035038 0.012468 -0.033143
v 0.023591 0.012468 -0.041050
v 0.018925 0.012468 -0.042244
v 0.015972 0.012468 -0.041914
v 0.014189 0.012468 -0.040240
v 0.014010 0.012468 -0.037529
v 0.015749 0.012468 -0.035267
v 0.020179 0.012468 -0.032591
v 0.029493 0.012468 -0.026155
v 0.037251 0.012468 -0.015803
v 0.041230 0.012468 -0.003358
v 0.040949 0.012468 0.009641
v 0.038966 0.012468 0.022173
v 0.036423 0.012468 0.032809
v 0.036504 0.001181 0.033566
v 0.037098 0.001181 0.034013
v 0.037805 0.001181 0.033968
v 0.038371 0.001181 0.033378
v 0.043189 0.001181 0.023218
v 0.047072 0.001181 0.010520
v 0.048975 0.001181 -0.004165
v 0.044991 0.001181 -0.020146
v 0.035038 0.001181 -0.033143
v 0.023591 0.001181 -0.041050
v 0.018925 0.001181 -0.042244
v 0.015972 0.001181 -0.041914
v 0.014189 0.001181 -0.040240
v 0.014010 0.001181 -0.037529
v 0.015749 0.001181 -0.035267
v 0.020179 0.001181 -0.032591
v 0.029493 0.001181 -0.026155
v 0.037251 0.001181 -0.015803
v 0.041230 0.001181 -0.003358
v 0.040949 0.001181 0.009641
v 0.038966 0.001181 0.022173
v 0.036423 0.001181 0.032809
v 0.034937 0.001181 0.021198
v 0.031864 0.001181 0.032478
v 0.054108 0.001181 -0.004608
v 0.014415 0.001181 -0.031702
v 0.018937 0.001181 -0.029540
v 0.027279 0.001181 -0.023311
v 0.018568 -0.000230 -0.028765
v 0.014137 -0.000230 -0.030815
v 0.026720 -0.000230 -0.022663
v 0.032968 -0.000230 -0.013449
v 0.036354 -0.000230 -0.002865
v 0.033702 0.001181 -0.013836
v 0.037130 0.001181 -0.002963
v 0.037647 0.001181 0.009182
v 0.036817 -0.000230 0.009082
v 0.034108 -0.000230 0.020998
v 0.028772 0.000000 0.031784
v 0.030944 -0.000230 0.032246
v 0.027000 -0.000230 0.043851
v 0.027742 0.001181 0.044184
v 0.031534 0.001181 0.045870
v 0.026394 0.001181 0.046658
v 0.031448 -0.000000 -0.012586
v 0.019189 0.012468 -0.050710
v 0.026617 0.012468 -0.048401
v 0.040413 0.012468 -0.040187
v 0.053349 0.012468 -0.024727
v 0.057259 0.012468 -0.004903
v 0.054929 0.012468 0.011584
v 0.049663 0.012468 0.024763
v 0.040413 -0.000000 -0.040187
v 0.040535 -0.000843 0.057192
v 0.017871 0.001181 -0.050946
v 0.048074 0.002649 0.007213
v 0.047027 0.002649 0.012033
v 0.045477 0.002649 0.016969
v 0.042868 0.002649 0.016239
v 0.043443 0.002649 0.017797
v 0.042480 0.002649 0.017428
v 0.043443 0.010256 0.017797
v 0.042480 0.010256 0.017428
v 0.042868 0.010256 0.016239
v 0.039771 0.010256 0.015175
v 0.041374 0.010256 0.017243
v 0.041374 0.002649 0.017243
v 0.039771 0.002649 0.015175
v 0.040183 0.002649 0.010984
v 0.043746 0.002649 0.011637
v 0.044624 0.002649 0.007034
v 0.044698 0.002649 0.005064
v 0.044698 0.010256 0.005064
v 0.046239 0.010256 0.004907
v 0.048074 0.010256 0.007213
v 0.044624 0.010256 0.007034
v 0.043746 0.010256 0.011637
v 0.047027 0.010256 0.012033
v 0.045477 0.010256 0.016969
v 0.043637 0.010256 0.018843
v 0.043637 0.002649 0.018843
v 0.044794 0.002649 0.019169
v 0.043978 0.002649 0.021357
v 0.041184 0.002649 0.028045
v 0.038101 0.002649 0.034768
v 0.036829 0.002649 0.034373
v 0.039165 0.002649 0.027506
v 0.035558 0.002649 0.033978
v 0.037389 0.002649 0.026925
v 0.038918 0.002649 0.019839
v 0.041501 0.002649 0.020639
v 0.041855 0.002649 0.019361
v 0.040861 0.002649 0.018917
v 0.041855 0.010256 0.019361
v 0.040861 0.010256 0.018917
v 0.040694 0.010256 0.017863
v 0.040694 0.002649 0.017863
v 0.039394 0.002649 0.017640
v 0.039394 0.010256 0.017640
v 0.038918 0.010256 0.019839
v 0.037389 0.010256 0.026925
v 0.035558 0.010256 0.033978
v 0.036829 0.010256 0.034373
v 0.039165 0.010256 0.027506
v 0.038101 0.010256 0.034768
v 0.041184 0.010256 0.028045
v 0.043978 0.010256 0.021357
v 0.044794 0.010256 0.019169
v 0.042876 0.010256 0.019512
v 0.042876 0.002649 0.019512
v 0.041501 0.010256 0.020639
v 0.040183 0.010256 0.010984
v 0.040537 0.010256 0.006608
v 0.043092 0.010256 0.004788
v 0.043092 0.002649 0.004788
v 0.040537 0.002649 0.006608
v 0.040690 0.002649 0.003260
v 0.042465 0.002649 0.003329
v 0.042465 0.010256 0.003329
v 0.043228 0.010256 0.002185
v 0.043228 0.002649 0.002185
v 0.044905 0.002649 0.002045
v 0.045012 0.002649 0.000187
v 0.044714 0.002649 -0.004039
v 0.044416 0.002649 -0.008264
v 0.048457 0.002649 -0.009370
v 0.045273 0.002649 -0.011155
v 0.043535 0.002649 -0.010325
v 0.045273 0.010256 -0.011155
v 0.043535 0.010256 -0.010325
v 0.041541 0.010256 -0.009939
v 0.041541 0.002649 -0.009939
v 0.039442 0.002649 -0.006903
v 0.038332 0.002649 -0.010638
v 0.040203 0.002649 -0.011263
v 0.040203 0.010256 -0.011263
v 0.039442 0.010256 -0.006903
v 0.038332 0.010256 -0.010638
v 0.036898 0.010256 -0.014373
v 0.035307 0.010256 -0.017017
v 0.033870 0.010256 -0.019701
v 0.038015 0.010256 -0.023173
v 0.040024 0.010256 -0.019536
v 0.042032 0.010256 -0.015899
v 0.042525 0.010256 -0.013705
v 0.042525 0.002649 -0.013705
v 0.044397 0.002649 -0.014166
v 0.046448 0.002649 -0.017178
v 0.044436 0.002649 -0.021889
v 0.041363 0.002649 -0.025944
v 0.038789 0.002649 -0.029012
v 0.036422 0.002649 -0.032289
v 0.032646 0.002649 -0.035476
v 0.028344 0.002649 -0.038354
v 0.024918 0.002649 -0.040449
v 0.015568 0.002649 -0.044875
v 0.014023 0.002649 -0.040795
v 0.020888 0.002649 -0.037310
v 0.020000 0.002649 -0.035385
v 0.020888 0.010256 -0.037310
v 0.020000 0.010256 -0.035385
v 0.020012 0.010256 -0.032526
v 0.023241 0.010256 -0.029857
v 0.026207 0.010256 -0.027913
v 0.028576 0.010256 -0.025832
v 0.031330 0.010256 -0.022874
v 0.033017 0.010256 -0.024455
v 0.033017 0.002649 -0.024455
v 0.034774 0.002649 -0.023749
v 0.034774 0.010256 -0.023749
v 0.036488 0.010256 -0.024876
v 0.036488 0.002649 -0.024876
v 0.037793 0.002649 -0.026314
v 0.037793 0.010256 -0.026314
v 0.037594 0.010256 -0.028102
v 0.037594 0.002649 -0.028102
v 0.035822 0.002649 -0.028759
v 0.035822 0.010256 -0.028759
v 0.036422 0.010256 -0.032289
v 0.032803 0.010256 -0.029279
v 0.034251 0.010256 -0.027611
v 0.034251 0.002649 -0.027611
v 0.032805 0.002649 -0.026072
v 0.032805 0.010256 -0.026072
v 0.028576 0.002649 -0.025832
v 0.031330 0.002649 -0.022874
v 0.033870 0.002649 -0.019701
v 0.035307 0.002649 -0.017017
v 0.036898 0.002649 -0.014373
v 0.040024 0.002649 -0.019536
v 0.042032 0.002649 -0.015899
v 0.038015 0.002649 -0.023173
v 0.040621 0.002649 -0.012837
v 0.040621 0.010256 -0.012837
v 0.026207 0.002649 -0.027913
v 0.023241 0.002649 -0.029857
v 0.025863 0.002649 -0.034306
v 0.023887 0.002649 -0.035423
v 0.022612 0.002649 -0.033805
v 0.023887 0.010256 -0.035423
v 0.022612 0.010256 -0.033805
v 0.020715 0.010256 -0.033916
v 0.020715 0.002649 -0.033916
v 0.020012 0.002649 -0.032526
v 0.025863 0.010256 -0.034306
v 0.024673 0.010256 -0.037208
v 0.024673 0.002649 -0.037207
v 0.023915 0.002649 -0.038843
v 0.023915 0.010256 -0.038843
v 0.024918 0.010256 -0.040449
v 0.015568 0.010256 -0.044875
v 0.014023 0.010256 -0.040795
v 0.012479 0.010256 -0.036715
v 0.022019 0.010256 -0.038903
v 0.022019 0.002649 -0.038903
v 0.028344 0.010256 -0.038354
v 0.032646 0.010256 -0.035476
v 0.029365 0.010256 -0.031808
v 0.029365 0.002649 -0.031808
v 0.032803 0.002649 -0.029279
v 0.038789 0.010256 -0.029012
v 0.041363 0.010256 -0.025944
v 0.044436 0.010256 -0.021889
v 0.046448 0.010256 -0.017178
v 0.044397 0.010256 -0.014166
v 0.045768 0.010256 -0.012882
v 0.045768 0.002649 -0.012882
v 0.048457 0.010256 -0.009370
v 0.049119 0.010256 -0.004752
v 0.049152 0.010256 0.000359
v 0.044714 0.010256 -0.004039
v 0.045012 0.010256 0.000187
v 0.044416 0.010256 -0.008264
v 0.040152 0.010256 -0.003694
v 0.040605 0.010256 -0.000180
v 0.040690 0.010256 0.003260
v 0.044905 0.010256 0.002045
v 0.046441 0.010256 0.002225
v 0.046441 0.002649 0.002225
v 0.047103 0.002649 0.003662
v 0.047103 0.010256 0.003662
v 0.046239 0.002649 0.004907
v 0.048706 0.002649 0.003759
v 0.049152 0.002649 0.000359
v 0.049119 0.002649 -0.004752
v 0.048706 0.010256 0.003759
v 0.047436 0.010256 -0.013360
v 0.047436 0.002649 -0.013360
v 0.012479 0.002649 -0.036715
v 0.040152 0.002649 -0.003694
v 0.040605 0.002649 -0.000180
v -0.037488 0.000000 0.048517
v -0.037476 0.000000 0.053283
v -0.036087 -0.000230 0.047875
v -0.035829 -0.000662 0.052820
v -0.039002 -0.000843 0.055483
v -0.039850 0.000000 0.055092
v -0.041588 0.000000 0.057030
v -0.042074 0.000000 0.059437
v -0.040951 -0.000843 0.059253
v -0.040544 -0.000843 0.061244
v -0.039001 -0.000843 0.062847
v -0.039276 -0.002535 0.060619
v -0.035918 -0.002535 0.059201
v -0.037912 -0.002535 0.062036
v -0.039636 -0.002535 0.058860
v -0.039268 -0.002535 0.057039
v -0.037159 -0.002535 0.057035
v -0.037914 -0.002535 0.055529
v -0.033585 -0.002535 0.054883
v -0.034966 -0.002535 0.053380
v -0.032062 -0.002535 0.057577
v -0.029114 -0.002535 0.052230
v -0.027554 -0.002535 0.055900
v -0.020927 -0.002535 0.052919
v -0.025913 -0.002535 0.059341
v -0.019987 -0.002535 0.056597
v -0.030437 -0.002535 0.060572
v -0.024328 -0.002535 0.062301
v -0.027775 -0.002535 0.063084
v -0.020602 -0.002535 0.059549
v -0.023610 -0.000843 0.063168
v -0.027630 -0.000843 0.064044
v -0.019333 -0.000843 0.059884
v -0.018672 -0.000843 0.056583
v -0.019775 -0.000843 0.052529
v -0.017545 0.000000 0.056504
v -0.018269 0.000000 0.060279
v -0.023041 0.000000 0.064040
v -0.027486 0.000000 0.064985
v -0.032161 -0.000843 0.064328
v -0.035866 -0.000843 0.063879
v -0.031856 -0.002535 0.063366
v -0.034516 -0.002535 0.061359
v -0.035276 -0.002535 0.062827
v -0.036167 0.000000 0.064871
v -0.039788 0.000000 0.063655
v -0.041595 0.000000 0.061778
v -0.032317 0.000000 0.065274
v -0.027486 0.012468 0.064985
v -0.032317 0.012468 0.065274
v -0.036167 0.012468 0.064871
v -0.034751 0.012468 0.062310
v -0.029967 0.012468 0.061324
v -0.037128 0.012468 0.059843
v -0.039788 0.012468 0.063655
v -0.041595 0.012468 0.061778
v -0.042074 0.012468 0.059437
v -0.038608 0.012468 0.057259
v -0.041588 0.012468 0.057030
v -0.037476 0.012468 0.053283
v -0.039850 0.012468 0.055092
v -0.035529 0.012468 0.055394
v -0.037488 0.012468 0.048517
v -0.043707 0.012468 0.037165
v -0.043707 0.000000 0.037165
v -0.049663 0.000000 0.024763
v -0.042287 -0.000230 0.036365
v -0.048047 -0.000230 0.024418
v -0.052784 -0.000230 0.011320
v -0.054929 0.000000 0.011584
v -0.057259 -0.000000 -0.004903
v -0.053349 -0.000000 -0.024727
v -0.051272 -0.000230 -0.023552
v -0.038953 -0.000230 -0.038249
v -0.026617 -0.000000 -0.048401
v -0.019701 -0.000000 -0.050550
v -0.017547 0.000979 -0.047525
v -0.019285 -0.000230 -0.048126
v -0.025691 -0.000230 -0.046180
v -0.025265 0.001181 -0.045176
v -0.038275 0.001181 -0.037385
v -0.050311 0.001181 -0.023033
v -0.055119 -0.000230 -0.004686
v -0.051784 0.001181 0.011158
v -0.047227 0.001181 0.024182
v -0.041540 0.001181 0.035962
v -0.035328 0.001181 0.047557
v -0.034946 0.001181 0.050067
v -0.030570 0.001181 0.047854
v -0.030387 -0.000674 0.048322
v -0.025019 -0.000662 0.047276
v -0.030269 -0.002535 0.049546
v -0.025556 -0.002535 0.048556
v -0.022820 -0.002535 0.050584
v -0.021918 -0.000843 0.049886
v -0.021127 0.000000 0.049224
v -0.023318 0.000000 0.047072
v -0.018808 0.000000 0.052085
v -0.025448 0.000000 0.043164
v -0.032312 0.000000 0.020562
v -0.035062 -0.000000 0.008822
v -0.034786 -0.000000 -0.002737
v -0.025616 -0.000000 -0.021174
v -0.017904 -0.000000 -0.027002
v -0.013604 -0.000000 -0.028729
v -0.009107 -0.000000 -0.030369
v -0.009717 -0.000230 -0.032298
v -0.009389 0.001181 -0.033253
v -0.010459 0.001181 -0.041448
v -0.011442 0.000951 -0.049393
v -0.011691 0.001181 -0.052057
v -0.011691 0.012468 -0.052057
v -0.010459 0.012468 -0.041448
v -0.009107 0.012468 -0.030369
v -0.013604 0.012468 -0.028729
v -0.017904 0.012468 -0.027002
v -0.025616 0.012468 -0.021174
v -0.031448 0.012468 -0.012586
v -0.034786 0.012468 -0.002737
v -0.035062 0.012468 0.008822
v -0.032312 0.012468 0.020562
v -0.028772 0.012468 0.031784
v -0.025448 0.012468 0.043164
v -0.023318 0.012468 0.047072
v -0.021127 0.012468 0.049224
v -0.029009 0.012468 0.051525
v -0.018808 0.012468 0.052085
v -0.017545 0.012468 0.056504
v -0.027146 0.012468 0.055904
v -0.025188 0.012468 0.060010
v -0.032964 0.012468 0.058079
v -0.023041 0.012468 0.064040
v -0.018269 0.012468 0.060279
v -0.030570 0.012468 0.047854
v -0.031534 0.012468 0.045870
v -0.037098 0.012468 0.034013
v -0.036504 0.012468 0.033566
v -0.037805 0.012468 0.033968
v -0.038371 0.012468 0.033378
v -0.043189 0.012468 0.023218
v -0.047072 0.012468 0.010520
v -0.048975 0.012468 -0.004166
v -0.044991 0.012468 -0.020146
v -0.035038 0.012468 -0.033143
v -0.023591 0.012468 -0.041050
v -0.018925 0.012468 -0.042244
v -0.015972 0.012468 -0.041914
v -0.014189 0.012468 -0.040240
v -0.014010 0.012468 -0.037529
v -0.015749 0.012468 -0.035267
v -0.020179 0.012468 -0.032591
v -0.029493 0.012468 -0.026155
v -0.037251 0.012468 -0.015803
v -0.041230 0.012468 -0.003358
v -0.040949 0.012468 0.009641
v -0.038966 0.012468 0.022173
v -0.036423 0.012468 0.032809
v -0.036504 0.001181 0.033566
v -0.037098 0.001181 0.034013
v -0.037805 0.001181 0.033968
v -0.038371 0.001181 0.033378
v -0.043189 0.001181 0.023218
v -0.047072 0.001181 0.010520
v -0.048975 0.001181 -0.004166
v -0.044991 0.001181 -0.020146
v -0.035038 0.001181 -0.033143
v -0.023591 0.001181 -0.041050
v -0.018925 0.001181 -0.042244
v -0.015972 0.001181 -0.041914
v -0.014189 0.001181 -0.040240
v -0.014010 0.001181 -0.037529
v -0.015749 0.001181 -0.035267
v -0.020179 0.001181 -0.032591
v -0.029493 0.001181 -0.026155
v -0.037251 0.001181 -0.015803
v -0.041230 0.001181 -0.003358
v -0.040949 0.001181 0.009641
v -0.038966 0.001181 0.022173
v -0.036423 0.001181 0.032809
v -0.034937 0.001181 0.021198
v -0.031864 0.001181 0.032478
v -0.054108 0.001181 -0.004608
v -0.014415 0.001181 -0.031702
v -0.018937 0.001181 -0.029540
v -0.027279 0.001181 -0.023311
v -0.018568 -0.000230 -0.028765
v -0.014137 -0.000230 -0.030815
v -0.026720 -0.000230 -0.022663
v -0.032968 -0.000230 -0.013449
v -0.036354 -0.000230 -0.002865
v -0.033702 0.001181 -0.013836
v -0.037130 0.001181 -0.002963
v -0.037647 0.001181 0.009182
v -0.036817 -0.000230 0.009082
v -0.034108 -0.000230 0.020998
v -0.028772 0.000000 0.031784
v -0.030944 -0.000230 0.032246
v -0.027000 -0.000230 0.043851
v -0.027742 0.001181 0.044184
v -0.031534 0.001181 0.045870
v -0.026394 0.001181 0.046658
v -0.031448 -0.000000 -0.012586
v -0.019189 0.012468 -0.050710
v -0.026617 0.012468 -0.048401
v -0.040413 0.012468 -0.040187
v -0.053349 0.012468 -0.024727
v -0.057259 0.012468 -0.004903
v -0.054929 0.012468 0.011584
v -0.049663 0.012468 0.024763
v -0.040413 -0.000000 -0.040187
v -0.040535 -0.000843 0.057192
v -0.017871 0.001181 -0.050946
v -0.048074 0.002649 0.007213
v -0.047027 0.002649 0.012033
v -0.045477 0.002649 0.016969
v -0.042868 0.002649 0.016239
v -0.043443 0.002649 0.017797
v -0.042480 0.002649 0.017428
v -0.043443 0.010256 0.017797
v -0.042480 0.010256 0.017428
v -0.042868 0.010256 0.016239
v -0.039771 0.010256 0.015175
v -0.041374 0.010256 0.017243
v -0.041374 0.002649 0.017243
v -0.039771 0.002649 0.015175
v -0.040183 0.002649 0.010984
v -0.043746 0.002649 0.011637
v -0.044624 0.002649 0.007034
v -0.044698 0.002649 0.005064
v -0.044698 0.010256 0.005064
v -0.046239 0.010256 0.004907
v -0.048074 0.010256 0.007213
v -0.044624 0.010256 0.007034
v -0.043746 0.010256 0.011637
v -0.047027 0.010256 0.012033
v -0.045477 0.010256 0.016969
v -0.043637 0.010256 0.018843
v -0.043637 0.002649 0.018843
v -0.044794 0.002649 0.019169
v -0.043978 0.002649 0.021357
v -0.041184 0.002649 0.028045
v -0.038101 0.002649 0.034768
v -0.036829 0.002649 0.034373
v -0.039165 0.002649 0.027506
v -0.035558 0.002649 0.033978
v -0.037389 0.002649 0.026925
v -0.038918 0.002649 0.019839
v -0.041501 0.002649 0.020639
v -0.041855 0.002649 0.019361
v -0.040861 0.002649 0.018917
v -0.041855 0.010256 0.019361
v -0.040861 0.010256 0.018917
v -0.040694 0.010256 0.017863
v -0.040694 0.002649 0.017863
v -0.039394 0.002649 0.017640
v -0.039394 0.010256 0.017640
v -0.038918 0.010256 0.019839
v -0.037389 0.010256 0.026925
v -0.035558 0.010256 0.033978
v -0.036829 0.010256 0.034373
v -0.039165 0.010256 0.027506
v -0.038101 0.010256 0.034768
v -0.041184 0.010256 0.028045
v -0.043978 0.010256 0.021357
v -0.044794 0.010256 0.019169
v -0.042876 0.010256 0.019512
v -0.042876 0.002649 0.019512
v -0.041501 0.010256 0.020639
v -0.040183 0.010256 0.010984
v -0.040537 0.010256 0.006608
v -0.043092 0.010256 0.004788
v -0.043092 0.002649 0.004788
v -0.040537 0.002649 0.006608
v -0.040690 0.002649 0.003260
v -0.042465 0.002649 0.003329
v -0.042465 0.010256 0.003329
v -0.043228 0.010256 0.002185
v -0.043228 0.002649 0.002185
v -0.044905 0.002649 0.002045
v -0.045012 0.002649 0.000187
v -0.044714 0.002649 -0.004039
v -0.044416 0.002649 -0.008264
v -0.048457 0.002649 -0.009370
v -0.045273 0.002649 -0.011155
v -0.043535 0.002649 -0.010325
v -0.045273 0.010256 -0.011155
v -0.043535 0.010256 -0.010325
v -0.041541 0.010256 -0.009940
v -0.041541 0.002649 -0.009939
v -0.039442 0.002649 -0.006903
v -0.038332 0.002649 -0.010638
v -0.040203 0.002649 -0.011263
v -0.040203 0.010256 -0.011263
v -0.039442 0.010256 -0.006903
v -0.038332 0.010256 -0.010638
v -0.036898 0.010256 -0.014373
v -0.035307 0.010256 -0.017017
v -0.033870 0.010256 -0.019701
v -0.038015 0.010256 -0.023173
v -0.040024 0.010256 -0.019536
v -0.042032 0.010256 -0.015899
v -0.042525 0.010256 -0.013705
v -0.042525 0.002649 -0.013705
v -0.044397 0.002649 -0.014166
v -0.046448 0.002649 -0.017178
v -0.044436 0.002649 -0.021889
v -0.041363 0.002649 -0.025944
v -0.038789 0.002649 -0.029012
v -0.036422 0.002649 -0.032289
v -0.032646 0.002649 -0.035476
v -0.028344 0.002649 -0.038354
v -0.024918 0.002649 -0.040449
v -0.015568 0.002649 -0.044875
v -0.014023 0.002649 -0.040795
v -0.020888 0.002649 -0.037310
v -0.020000 0.002649 -0.035385
v -0.020888 0.010256 -0.037310
v -0.020000 0.010256 -0.035386
v -0.020012 0.010256 -0.032526
v -0.023241 0.010256 -0.029857
v -0.026207 0.010256 -0.027913
v -0.028576 0.010256 -0.025832
v -0.031330 0.010256 -0.022874
v -0.033017 0.010256 -0.024455
v -0.033017 0.002649 -0.024455
v -0.034774 0.002649 -0.023749
v -0.034774 0.010256 -0.023749
v -0.036488 0.010256 -0.024876
v -0.036488 0.002649 -0.024876
v -0.037793 0.002649 -0.026314
v -0.037793 0.010256 -0.026314
v -0.037594 0.010256 -0.028102
v -0.037594 0.002649 -0.028102
v -0.035822 0.002649 -0.028759
v -0.035822 0.010256 -0.028759
v -0.036422 0.010256 -0.032289
v -0.032803 0.010256 -0.029279
v -0.034251 0.010256 -0.027611
v -0.034251 0.002649 -0.027611
v -0.032805 0.002649 -0.026072
v -0.032805 0.010256 -0.026072
v -0.028576 0.002649 -0.025832
v -0.031330 0.002649 -0.022874
v -0.033870 0.002649 -0.019701
v -0.035307 0.002649 -0.017017
v -0.036898 0.002649 -0.014373
v -0.040024 0.002649 -0.019536
v -0.042032 0.002649 -0.015899
v -0.038015 0.002649 -0.023173
v -0.040621 0.002649 -0.012837
v -0.040621 0.010256 -0.012837
v -0.026207 0.002649 -0.027913
v -0.023241 0.002649 -0.029857
v -0.025863 0.002649 -0.034306
v -0.023887 0.002649 -0.035423
v -0.022612 0.002649 -0.033805
v -0.023887 0.010256 -0.035423
v -0.022612 0.010256 -0.033805
v -0.020715 0.010256 -0.033916
v -0.020715 0.002649 -0.033916
v -0.020012 0.002649 -0.032526
v -0.025863 0.010256 -0.034306
v -0.024673 0.010256 -0.037208
v -0.024673 0.002649 -0.037208
v -0.023915 0.002649 -0.038843
v -0.023915 0.010256 -0.038843
v -0.024918 0.010256 -0.040449
v -0.015568 0.010256 -0.044875
v -0.014023 0.010256 -0.040795
v -0.012479 0.010256 -0.036715
v -0.022019 0.010256 -0.038903
v -0.022019 0.002649 -0.038903
v -0.028344 0.010256 -0.038354
v -0.032646 0.010256 -0.035476
v -0.029365 0.010256 -0.031808
v -0.029365 0.002649 -0.031808
v -0.032803 0.002649 -0.029279
v -0.038789 0.010256 -0.029012
v -0.041363 0.010256 -0.025944
v -0.044436 0.010256 -0.021889
v -0.046448 0.010256 -0.017178
v -0.044397 0.010256 -0.014166
v -0.045768 0.010256 -0.012882
v -0.045768 0.002649 -0.012882
v -0.048457 0.010256 -0.009370
v -0.049119 0.010256 -0.004752
v -0.049152 0.010256 0.000358
v -0.044714 0.010256 -0.004039
v -0.045012 0.010256 0.000187
v -0.044416 0.010256 -0.008264
v -0.040152 0.010256 -0.003694
v -0.040605 0.010256 -0.000180
v -0.040690 0.010256 0.003260
v -0.044905 0.010256 0.002045
v -0.046441 0.010256 0.002225
v -0.046441 0.002649 0.002225
v -0.047103 0.002649 0.003662
v -0.047103 0.010256 0.003662
v -0.046239 0.002649 0.004907
v -0.048706 0.002649 0.003759
v -0.049152 0.002649 0.000358
v -0.049119 0.002649 -0.004752
v -0.048706 0.010256 0.003759
v -0.047436 0.010256 -0.013361
v -0.047436 0.002649 -0.013361
v -0.012479 0.002649 -0.036715
v -0.040152 0.002649 -0.003695
v -0.040605 0.002649 -0.000180
v 0.010646 -0.001474 -0.028748
v 0.021877 -0.001474 -0.050885
v 0.021822 -0.001474 -0.045407
v 0.011325 -0.001474 -0.040775
v 0.012100 -0.001474 -0.033740
v 0.000000 -0.001474 -0.041560
v 0.000000 -0.001474 -0.036624
v 0.000000 -0.001474 -0.029824
v 0.000000 -0.001474 -0.054507
v 0.000000 -0.001474 -0.046259
v 0.006851 -0.001474 -0.054127
v 0.005360 -0.001474 -0.041560
v 0.006053 -0.001474 -0.046123
v 0.014428 -0.001474 -0.044360
v 0.015688 -0.001474 -0.052855
v 0.010701 -0.001474 -0.036530
v 0.008163 -0.001474 -0.028818
v 0.022956 -0.001474 -0.047829
v 0.015130 -0.001474 -0.049445
v 0.006544 -0.001474 -0.050606
v 0.000000 -0.001474 -0.051068
v 0.012322 -0.001474 -0.030938
v 0.008769 -0.001474 -0.031754
v 0.000000 -0.001474 -0.032539
v 0.004994 -0.001474 -0.036624
v 0.004701 -0.001474 -0.032321
v 0.004540 -0.001474 -0.029452
v 0.004994 0.013383 -0.036624
v 0.005360 0.013383 -0.041560
v 0.004701 0.013383 -0.032321
v 0.022956 0.013383 -0.047829
v 0.021877 0.013383 -0.050885
v 0.000000 0.013383 -0.032539
v 0.000000 0.013383 -0.036624
v 0.000000 0.013383 -0.041560
v 0.000000 0.013383 -0.046259
v 0.000000 0.013383 -0.054507
v 0.006053 0.013383 -0.046123
v 0.006851 0.013383 -0.054127
v 0.012322 0.013383 -0.030938
v 0.012100 0.013383 -0.033740
v 0.021822 0.013383 -0.045407
v 0.006544 0.013383 -0.050606
v 0.000000 0.013383 -0.051068
v 0.010646 0.013383 -0.028748
v 0.008163 0.013383 -0.028818
v 0.004540 0.013383 -0.029452
v 0.000000 0.013383 -0.029824
v 0.015688 0.013383 -0.052855
v 0.011325 0.013383 -0.040775
v 0.014428 0.013383 -0.044360
v 0.010701 0.013383 -0.036530
v 0.008769 0.013383 -0.031754
v 0.015130 0.013383 -0.049445
v -0.010646 -0.001474 -0.028748
v -0.021877 -0.001474 -0.050885
v -0.021822 -0.001474 -0.045407
v -0.011325 -0.001474 -0.040775
v -0.012100 -0.001474 -0.033740
v -0.004540 -0.001474 -0.029452
v -0.004994 -0.001474 -0.036624
v -0.014428 -0.001474 -0.044360
v -0.015688 -0.001474 -0.052855
v -0.010701 -0.001474 -0.036530
v -0.008163 -0.001474 -0.028818
v -0.022956 -0.001474 -0.047829
v -0.015130 -0.001474 -0.049445
v -0.012322 -0.001474 -0.030938
v -0.008769 -0.001474 -0.031754
v -0.004701 -0.001474 -0.032321
v -0.006851 -0.001474 -0.054127
v -0.006544 -0.001474 -0.050606
v -0.006053 -0.001474 -0.046123
v -0.005360 -0.001474 -0.041560
v -0.004994 0.013383 -0.036624
v -0.005360 0.013383 -0.041560
v -0.004701 0.013383 -0.032321
v -0.022956 0.013383 -0.047829
v -0.021877 0.013383 -0.050885
v -0.006053 0.013383 -0.046123
v -0.006851 0.013383 -0.054127
v -0.012322 0.013383 -0.030938
v -0.012100 0.013383 -0.033740
v -0.021822 0.013383 -0.045407
v -0.006544 0.013383 -0.050606
v -0.010646 0.013383 -0.028748
v -0.008163 0.013383 -0.028818
v -0.004540 0.013383 -0.029452
v -0.015688 0.013383 -0.052855
v -0.011325 0.013383 -0.040775
v -0.014428 0.013383 -0.044360
v -0.010701 0.013383 -0.036530
v -0.008769 0.013383 -0.031754
v -0.015130 0.013383 -0.049445
vn 0.4057 -0.8180 -0.4078
vn 0.4822 -0.7161 -0.5046
vn 0.5536 -0.5850 -0.5927
vn 0.4997 -0.6745 -0.5435
vn 0.2184 -0.9758 0.0121
vn 0.2013 -0.9793 0.0227
vn 0.5773 -0.7723 -0.2653
vn 0.6607 -0.6738 -0.3310
vn 0.5992 -0.8005 0.0093
vn 0.6918 -0.7221 0.0019
vn 0.5152 -0.8135 0.2698
vn 0.5907 -0.7446 0.3107
vn 0.3333 -0.7974 0.5031
vn 0.3702 -0.7179 0.5896
vn -0.5999 -0.7996 -0.0269
vn -0.5480 -0.7878 -0.2811
vn -0.6339 -0.7026 -0.3232
vn -0.6918 -0.7218 -0.0226
vn 0.3937 -0.5989 0.6974
vn 0.6781 -0.6409 0.3597
vn 0.7916 -0.6108 -0.0195
vn -0.0000 -1.0000 -0.0000
vn 0.7397 -0.5146 -0.4336
vn -0.1071 -0.6361 0.7642
vn -0.3142 -0.6676 0.6749
vn -0.3397 -0.5275 0.7786
vn -0.1225 -0.4982 0.8584
vn -0.5843 -0.7238 0.3671
vn -0.6574 -0.5952 0.4621
vn 0.1395 -0.7689 0.6240
vn 0.0200 -0.7549 0.6556
vn 0.0250 -0.6467 0.7624
vn 0.1634 -0.6701 0.7240
vn -0.0903 -0.7495 0.6558
vn -0.7914 -0.6108 -0.0248
vn -0.7191 -0.5836 -0.3771
vn -0.5194 -0.8013 0.2968
vn -0.2799 -0.7672 0.5771
vn 0.0227 -0.5113 0.8591
vn 0.1767 -0.5448 0.8197
vn 0.1265 -0.9898 0.0649
vn 0.1265 -0.9898 0.0647
vn 0.1213 -0.9912 0.0533
vn 0.1197 -0.9915 0.0511
vn -0.1342 -0.0000 0.9910
vn -0.4246 -0.0000 0.9054
vn 0.0222 -0.0000 0.9998
vn 0.2124 -0.0000 0.9772
vn -0.0000 1.0000 -0.0000
vn 0.8851 -0.0000 0.4655
vn 0.5347 -0.0000 0.8450
vn 1.0000 -0.0000 0.0013
vn 0.6784 -0.0000 -0.7347
vn 0.8937 -0.0000 -0.4486
vn 0.9685 -0.0000 0.2492
vn 1.0000 -0.0000 0.0025
vn 0.6063 -0.0000 -0.7952
vn 0.1100 -0.9935 0.0281
vn 0.1107 -0.9934 0.0304
vn 0.1040 -0.9946 -0.0035
vn 0.1042 -0.9946 -0.0018
vn 0.0874 -0.9953 -0.0425
vn 0.0886 -0.9952 -0.0406
vn 0.0621 -0.9955 -0.0718
vn 0.0611 -0.9955 -0.0726
vn 0.0382 -0.9955 -0.0863
vn 0.0385 -0.9955 -0.0862
vn -0.2992 -0.9469 -0.1178
vn -0.2975 -0.9474 -0.1177
vn -0.4258 -0.8050 -0.4130
vn -0.3083 -0.8881 -0.3409
vn -0.3551 -0.8425 -0.4050
vn -0.5051 -0.6993 -0.5058
vn -0.5146 -0.6128 0.5998
vn -0.3146 -0.6248 0.7146
vn -0.3128 -0.6250 0.7152
vn -0.5113 -0.6128 0.6025
vn -0.7134 -0.6088 0.3471
vn -0.7166 -0.6085 0.3409
vn -0.2167 -0.6338 0.7425
vn -0.8075 -0.5894 0.0249
vn -0.8078 -0.5892 0.0199
vn -0.8001 -0.5647 -0.2024
vn -0.8007 -0.5656 -0.1974
vn -0.7812 -0.5307 -0.3287
vn -0.7818 -0.5320 -0.3252
vn -0.7657 -0.5113 -0.3903
vn -0.7658 -0.5113 -0.3900
vn -0.9568 -0.0000 -0.2906
vn -0.9243 -0.0000 -0.3817
vn -0.8455 -0.5240 -0.1030
vn -0.8110 -0.5229 -0.2624
vn -0.8147 -0.5235 -0.2495
vn 0.4818 -0.5218 -0.7040
vn 0.3511 -0.4822 -0.8026
vn 0.3538 -0.4473 -0.8214
vn 0.1886 -0.4570 -0.8692
vn 0.2131 -0.3568 -0.9095
vn 0.3936 -0.5124 -0.7632
vn 0.1664 -0.5364 -0.8274
vn 0.5566 -0.4510 -0.6977
vn -0.5022 -0.5658 -0.6540
vn -0.5723 -0.5652 -0.5942
vn -0.3577 -0.0000 0.9339
vn -0.3425 -0.0000 0.9395
vn -0.0614 -0.9929 0.1019
vn -0.0411 -0.9937 0.1041
vn -0.0404 -0.9938 0.1040
vn -0.0583 -0.9930 0.1024
vn -0.0362 -0.9940 0.1035
vn 0.6232 -0.5151 -0.5884
vn 0.4406 -0.5260 -0.7274
vn 0.4357 -0.5266 -0.7300
vn 0.6168 -0.5154 -0.5949
vn 0.1816 -0.0006 -0.9834
vn 0.1768 -0.0000 -0.9842
vn 0.1814 -0.0006 -0.9834
vn -0.7248 -0.0000 0.6890
vn -0.4921 -0.0000 0.8705
vn 0.2603 -0.5248 -0.8104
vn 0.3094 -0.5299 -0.7896
vn 0.3119 -0.5301 -0.7885
vn 0.2391 -0.0004 -0.9710
vn 0.2549 -0.0003 -0.9670
vn -0.8953 -0.0000 0.4454
vn -0.9644 -0.0000 -0.2646
vn -0.9947 -0.0000 -0.1030
vn -0.9847 -0.0000 0.1744
vn -0.7981 -0.0000 -0.6026
vn -0.7399 -0.0000 -0.6727
vn -0.8871 -0.0000 -0.4615
vn -0.9990 -0.0000 -0.0444
vn -0.6189 -0.0000 0.7855
vn -0.9821 -0.0000 0.1883
vn 0.8895 -0.0000 0.4569
vn 0.9980 -0.0000 0.0639
vn 0.9943 -0.0000 -0.1066
vn -0.0634 -0.0000 -0.9980
vn -0.9324 -0.0000 -0.3614
vn -0.9774 -0.0000 -0.2112
vn -0.7218 -0.0000 -0.6921
vn -0.8233 -0.0000 -0.5676
vn -0.9983 -0.0000 0.0577
vn -0.6896 -0.0000 0.7242
vn -0.4146 -0.0000 0.9100
vn -0.9009 -0.0000 0.4340
vn -0.0695 -0.0000 0.9976
vn 0.9978 -0.0000 0.0658
vn 0.4194 -0.0000 0.9078
vn 0.7929 -0.0000 -0.6094
vn 0.6665 -0.0000 -0.7455
vn 0.6934 -0.0000 -0.7206
vn 0.8887 -0.0000 -0.4585
vn 0.5430 -0.0000 -0.8397
vn 0.9897 -0.0000 -0.1435
vn 0.9960 -0.0000 0.0892
vn 0.6017 -0.0000 -0.7987
vn 0.6846 -0.0000 0.7289
vn 0.9809 -0.0000 0.1946
vn 0.0049 -0.9999 0.0106
vn 0.0051 -0.9999 0.0111
vn 0.0048 -0.9996 0.0272
vn -0.1196 -0.9924 -0.0290
vn -0.0005 -0.9995 0.0301
vn 0.0104 -0.9996 -0.0254
vn 0.0011 -0.9999 0.0130
vn 0.0012 -0.9999 0.0137
vn -0.0931 -0.9920 0.0851
vn -0.0895 -0.9921 0.0880
vn -0.1201 -0.9910 0.0592
vn -0.1211 -0.9909 0.0581
vn 0.7781 -0.5014 -0.3783
vn 0.8558 -0.4954 -0.1488
vn 0.8552 -0.4954 -0.1523
vn 0.7794 -0.5012 -0.3760
vn -0.1152 -0.9929 -0.0303
vn -0.1302 -0.9914 -0.0116
vn -0.1297 -0.9915 -0.0126
vn -0.1154 -0.9929 -0.0302
vn 0.8252 -0.5253 0.2074
vn 0.8588 -0.5066 0.0767
vn 0.8585 -0.5067 0.0788
vn 0.8253 -0.5252 0.2073
vn -0.1352 -0.9905 0.0252
vn -0.1354 -0.9905 0.0228
vn -0.1632 -0.9809 -0.1056
vn -0.1098 -0.9934 -0.0338
vn -0.1096 -0.9934 -0.0336
vn -0.1639 -0.9807 -0.1066
vn 0.8079 -0.5333 0.2509
vn 0.7940 -0.5019 0.3430
vn 0.7937 -0.5011 0.3449
vn 0.8077 -0.5331 0.2519
vn 0.7816 -0.4731 0.4065
vn 0.4070 -0.0000 -0.9134
vn 0.6484 -0.0000 -0.7613
vn 0.9023 -0.0000 -0.4311
vn 0.9155 -0.0000 0.4022
vn 0.9996 -0.0000 -0.0272
vn 0.9663 -0.0000 0.2574
vn 0.5973 -0.4335 -0.6748
vn -0.2611 -0.9598 -0.1027
vn 0.0190 -0.9974 -0.0690
vn -0.2628 -0.0000 0.9649
vn -0.1648 -0.0000 0.9863
vn 0.0341 -0.0000 -0.9994
vn -0.1016 -0.0000 -0.9948
vn -0.9832 -0.0000 0.1824
vn 0.9876 -0.0000 -0.1568
vn 0.6743 -0.0000 0.7385
vn 0.4081 -0.0000 -0.9129
vn 0.2797 -0.0000 -0.9601
vn -0.0167 -0.0000 0.9999
vn 0.0828 -0.0000 0.9966
vn -0.6604 -0.0000 -0.7509
vn 0.1460 -0.0000 -0.9893
vn 0.8320 -0.0000 0.5547
vn 0.1693 -0.0000 -0.9856
vn 0.9187 -0.0000 -0.3949
vn -0.9081 -0.0000 0.4188
vn -0.3129 -0.0000 -0.9498
vn -0.4310 -0.0000 -0.9023
vn 0.7031 -0.0000 -0.7111
vn -0.1898 -0.0000 -0.9818
vn -0.1161 -0.0000 0.9932
vn -0.5492 -0.0000 -0.8357
vn -0.6502 -0.0000 -0.7598
vn 0.2389 -0.0000 0.9710
vn 0.3283 -0.0000 0.9446
vn 0.9664 -0.0000 0.2569
vn 0.9915 -0.0000 -0.1299
vn 0.4149 -0.0000 0.9099
vn 0.8654 -0.0000 0.5012
vn 0.9079 -0.0000 0.4191
vn -0.3479 -0.0000 0.9375
vn -0.9075 -0.0000 0.4201
vn 0.3731 -0.0000 -0.9278
vn -0.0314 -0.0000 0.9995
vn -0.8572 -0.0000 -0.5150
vn -0.9152 -0.0000 -0.4030
vn 0.0584 -0.0000 -0.9983
vn -0.7855 -0.0000 -0.6188
vn -0.7407 -0.0000 -0.6718
vn -0.9939 -0.0000 0.1106
vn 0.6623 -0.0000 0.7492
vn 0.7288 -0.0000 0.6848
vn 0.5902 -0.0000 0.8073
vn 0.8991 -0.0000 -0.4377
vn 0.8154 -0.0000 0.5790
vn -0.9613 -0.0000 -0.2755
vn -0.6836 -0.0000 0.7298
vn -0.8215 -0.0000 -0.5702
vn -0.3582 -0.0000 0.9337
vn -0.4057 -0.8180 -0.4078
vn -0.4997 -0.6745 -0.5435
vn -0.5536 -0.5850 -0.5927
vn -0.4822 -0.7161 -0.5046
vn -0.2184 -0.9758 0.0121
vn -0.2013 -0.9793 0.0227
vn -0.6607 -0.6738 -0.3310
vn -0.5773 -0.7723 -0.2653
vn -0.5992 -0.8005 0.0093
vn -0.6918 -0.7221 0.0019
vn -0.5907 -0.7446 0.3107
vn -0.5152 -0.8135 0.2698
vn -0.3702 -0.7179 0.5896
vn -0.3333 -0.7974 0.5031
vn 0.5999 -0.7996 -0.0269
vn 0.6918 -0.7218 -0.0226
vn 0.6339 -0.7026 -0.3232
vn 0.5480 -0.7878 -0.2811
vn -0.6781 -0.6409 0.3597
vn -0.3937 -0.5989 0.6974
vn -0.7916 -0.6108 -0.0195
vn -0.7397 -0.5146 -0.4336
vn 0.1071 -0.6361 0.7642
vn 0.1225 -0.4982 0.8584
vn 0.3397 -0.5275 0.7786
vn 0.3142 -0.6676 0.6749
vn 0.6574 -0.5952 0.4621
vn 0.5843 -0.7238 0.3671
vn -0.1395 -0.7689 0.6240
vn -0.1634 -0.6701 0.7240
vn -0.0250 -0.6467 0.7624
vn -0.0200 -0.7549 0.6556
vn 0.0903 -0.7495 0.6558
vn 0.7914 -0.6108 -0.0248
vn 0.7191 -0.5836 -0.3771
vn 0.5194 -0.8013 0.2968
vn 0.2799 -0.7672 0.5771
vn -0.1767 -0.5448 0.8197
vn -0.0227 -0.5113 0.8591
vn -0.1265 -0.9898 0.0649
vn -0.1197 -0.9915 0.0511
vn -0.1213 -0.9912 0.0533
vn -0.1265 -0.9898 0.0647
vn 0.1342 -0.0000 0.9910
vn 0.4246 -0.0000 0.9054
vn -0.0222 -0.0000 0.9998
vn -0.2124 -0.0000 0.9772
vn -0.8851 -0.0000 0.4655
vn -0.5347 -0.0000 0.8450
vn -1.0000 -0.0000 0.0013
vn -0.6784 -0.0000 -0.7347
vn -0.8937 -0.0000 -0.4486
vn -0.9685 -0.0000 0.2492
vn -1.0000 -0.0000 0.0025
vn -0.6063 -0.0000 -0.7952
vn -0.1100 -0.9935 0.0281
vn -0.1107 -0.9934 0.0304
vn -0.1040 -0.9946 -0.0035
vn -0.1042 -0.9946 -0.0018
vn -0.0874 -0.9953 -0.0425
vn -0.0611 -0.9955 -0.0726
vn -0.0621 -0.9955 -0.0718
vn -0.0886 -0.9952 -0.0406
vn -0.0382 -0.9955 -0.0863
vn -0.0385 -0.9955 -0.0862
vn 0.2992 -0.9469 -0.1178
vn 0.2975 -0.9474 -0.1177
vn 0.4258 -0.8050 -0.4130
vn 0.5051 -0.6993 -0.5058
vn 0.3551 -0.8425 -0.4050
vn 0.3083 -0.8881 -0.3409
vn 0.5146 -0.6128 0.5998
vn 0.5113 -0.6128 0.6025
vn 0.3128 -0.6250 0.7152
vn 0.3146 -0.6248 0.7146
vn 0.7166 -0.6085 0.3409
vn 0.7134 -0.6088 0.3471
vn 0.2167 -0.6338 0.7425
vn 0.8078 -0.5892 0.0199
vn 0.8075 -0.5894 0.0249
vn 0.8001 -0.5647 -0.2024
vn 0.8007 -0.5656 -0.1974
vn 0.7812 -0.5307 -0.3287
vn 0.7818 -0.5320 -0.3252
vn 0.7658 -0.5113 -0.3900
vn 0.7657 -0.5113 -0.3903
vn 0.9568 -0.0000 -0.2906
vn 0.9243 -0.0000 -0.3817
vn 0.8455 -0.5240 -0.1030
vn 0.8147 -0.5235 -0.2495
vn 0.8110 -0.5229 -0.2624
vn -0.4818 -0.5218 -0.7040
vn -0.3538 -0.4473 -0.8214
vn -0.3511 -0.4822 -0.8026
vn -0.2131 -0.3568 -0.9095
vn -0.1886 -0.4570 -0.8692
vn -0.1664 -0.5364 -0.8274
vn -0.3936 -0.5124 -0.7632
vn -0.5566 -0.4510 -0.6977
vn 0.5723 -0.5652 -0.5942
vn 0.5022 -0.5658 -0.6540
vn 0.3577 -0.0000 0.9339
vn 0.3425 -0.0000 0.9395
vn 0.0614 -0.9929 0.1019
vn 0.0583 -0.9930 0.1024
vn 0.0404 -0.9938 0.1040
vn 0.0411 -0.9937 0.1041
vn 0.0362 -0.9940 0.1035
vn -0.6232 -0.5151 -0.5884
vn -0.6168 -0.5154 -0.5949
vn -0.4357 -0.5266 -0.7300
vn -0.4406 -0.5260 -0.7274
vn -0.1816 -0.0006 -0.9834
vn -0.1814 -0.0006 -0.9834
vn -0.1768 -0.0000 -0.9842
vn 0.7248 -0.0000 0.6890
vn 0.4921 -0.0000 0.8705
vn -0.2603 -0.5248 -0.8104
vn -0.3119 -0.5301 -0.7885
vn -0.3094 -0.5299 -0.7896
vn -0.2549 -0.0003 -0.9670
vn -0.2391 -0.0004 -0.9710
vn 0.8953 -0.0000 0.4454
vn 0.9644 -0.0000 -0.2646
vn 0.9947 -0.0000 -0.1030
vn 0.9847 -0.0000 0.1744
vn 0.7981 -0.0000 -0.6026
vn 0.7399 -0.0000 -0.6727
vn 0.8871 -0.0000 -0.4615
vn 0.9990 -0.0000 -0.0444
vn 0.6189 -0.0000 0.7855
vn 0.9821 -0.0000 0.1883
vn -0.8895 -0.0000 0.4569
vn -0.9980 -0.0000 0.0639
vn -0.9943 -0.0000 -0.1066
vn 0.0634 -0.0000 -0.9980
vn 0.9324 -0.0000 -0.3614
vn 0.9774 -0.0000 -0.2112
vn 0.7218 -0.0000 -0.6921
vn 0.8233 -0.0000 -0.5676
vn 0.9983 -0.0000 0.0577
vn 0.6896 -0.0000 0.7242
vn 0.4146 -0.0000 0.9100
vn 0.9009 -0.0000 0.4340
vn 0.0695 -0.0000 0.9976
vn -0.9978 -0.0000 0.0658
vn -0.4194 -0.0000 0.9078
vn -0.7929 -0.0000 -0.6094
vn -0.6665 -0.0000 -0.7455
vn -0.6934 -0.0000 -0.7206
vn -0.8887 -0.0000 -0.4585
vn -0.5430 -0.0000 -0.8397
vn -0.9897 -0.0000 -0.1435
vn -0.9960 -0.0000 0.0892
vn -0.6017 -0.0000 -0.7987
vn -0.6846 -0.0000 0.7289
vn -0.9809 -0.0000 0.1946
vn -0.0051 -0.9999 0.0111
vn -0.0049 -0.9999 0.0106
vn -0.0048 -0.9996 0.0272
vn 0.1196 -0.9924 -0.0290
vn -0.0104 -0.9996 -0.0254
vn 0.0005 -0.9995 0.0301
vn -0.0012 -0.9999 0.0137
vn -0.0011 -0.9999 0.0130
vn 0.0931 -0.9920 0.0851
vn 0.1211 -0.9909 0.0581
vn 0.1201 -0.9910 0.0592
vn 0.0895 -0.9921 0.0880
vn -0.7781 -0.5014 -0.3784
vn -0.7794 -0.5012 -0.3760
vn -0.8552 -0.4954 -0.1523
vn -0.8558 -0.4954 -0.1488
vn 0.1152 -0.9929 -0.0303
vn 0.1154 -0.9929 -0.0302
vn 0.1297 -0.9915 -0.0126
vn 0.1302 -0.9914 -0.0116
vn -0.8252 -0.5253 0.2074
vn -0.8253 -0.5252 0.2073
vn -0.8585 -0.5067 0.0788
vn -0.8588 -0.5066 0.0767
vn 0.1354 -0.9905 0.0228
vn 0.1352 -0.9905 0.0252
vn 0.1632 -0.9809 -0.1056
vn 0.1639 -0.9807 -0.1066
vn 0.1096 -0.9934 -0.0336
vn 0.1098 -0.9934 -0.0338
vn -0.8079 -0.5333 0.2509
vn -0.8077 -0.5331 0.2519
vn -0.7937 -0.5011 0.3449
vn -0.7940 -0.5019 0.3430
vn -0.7816 -0.4731 0.4065
vn -0.4070 -0.0000 -0.9134
vn -0.6484 -0.0000 -0.7613
vn -0.9023 -0.0000 -0.4311
vn -0.9155 -0.0000 0.4022
vn -0.9996 -0.0000 -0.0272
vn -0.9663 -0.0000 0.2574
vn -0.5973 -0.4335 -0.6748
vn 0.2611 -0.9598 -0.1027
vn -0.0190 -0.9974 -0.0690
vn 0.2628 -0.0000 0.9649
vn 0.1648 -0.0000 0.9863
vn -0.0341 -0.0000 -0.9994
vn 0.1016 -0.0000 -0.9948
vn 0.9832 -0.0000 0.1824
vn -0.9876 -0.0000 -0.1568
vn -0.6743 -0.0000 0.7385
vn -0.4081 -0.0000 -0.9129
vn -0.2797 -0.0000 -0.9601
vn 0.0167 -0.0000 0.9999
vn -0.0828 -0.0000 0.9966
vn 0.6604 -0.0000 -0.7509
vn -0.1460 -0.0000 -0.9893
vn -0.8320 -0.0000 0.5547
vn -0.1693 -0.0000 -0.9856
vn -0.9187 -0.0000 -0.3949
vn 0.9081 -0.0000 0.4188
vn 0.3129 -0.0000 -0.9498
vn 0.4310 -0.0000 -0.9023
vn -0.7031 -0.0000 -0.7111
vn 0.1898 -0.0000 -0.9818
vn 0.1161 -0.0000 0.9932
vn 0.5492 -0.0000 -0.8357
vn 0.6502 -0.0000 -0.7598
vn -0.2389 -0.0000 0.9710
vn -0.3283 -0.0000 0.9446
vn -0.9664 -0.0000 0.2569
vn -0.9915 -0.0000 -0.1299
vn -0.4149 -0.0000 0.9099
vn -0.8654 -0.0000 0.5012
vn -0.9079 -0.0000 0.4191
vn 0.3479 -0.0000 0.9375
vn 0.9075 -0.0000 0.4201
vn -0.3731 -0.0000 -0.9278
vn 0.0314 -0.0000 0.9995
vn 0.8572 -0.0000 -0.5150
vn 0.9152 -0.0000 -0.4030
vn -0.0584 -0.0000 -0.9983
vn 0.7855 -0.0000 -0.6188
vn 0.7407 -0.0000 -0.6718
vn 0.9939 -0.0000 0.1106
vn -0.6623 -0.0000 0.7492
vn -0.7288 -0.0000 0.6848
vn -0.5902 -0.0000 0.8073
vn -0.8991 -0.0000 -0.4377
vn -0.8154 -0.0000 0.5790
vn 0.9613 -0.0000 -0.2755
vn 0.6836 -0.0000 0.7298
vn 0.8215 -0.0000 -0.5702
vn 0.3581 -0.0000 0.9337
vn -0.2237 -0.0000 -0.9747
vn -0.0990 -0.0000 -0.9951
vn 0.9429 -0.0000 -0.3331
vn 0.7941 -0.0000 0.6077
vn 0.1402 -0.0000 0.9901
vn -0.1271 -0.0000 0.9919
vn -0.0000 -0.0000 1.0000
vn 0.9091 -0.0000 0.4166
vn 0.9873 -0.0000 -0.1587
vn 0.9632 -0.0000 -0.2686
vn -0.0000 -0.0000 -1.0000
vn 0.0990 -0.0000 -0.9951
vn -0.9429 -0.0000 -0.3331
vn 0.7561 -0.0000 0.6544
vn 0.9969 -0.0000 -0.0791
vn -0.0282 -0.0000 0.9996
vn -0.1006 -0.0000 0.9949
vn 0.2237 -0.0000 -0.9747
vn 0.3034 -0.0000 -0.9529
vn -0.9057 -0.0000 0.4240
vn -0.7941 -0.0000 0.6077
vn -0.1402 -0.0000 0.9901
vn 0.1271 -0.0000 0.9919
vn 0.1006 -0.0000 0.9949
vn -0.9873 -0.0000 -0.1587
vn -0.9091 -0.0000 0.4166
vn -0.9632 -0.0000 -0.2686
vn -0.7561 -0.0000 0.6544
vn -0.9969 -0.0000 -0.0791
vn 0.0282 -0.0000 0.9996
vn -0.3034 -0.0000 -0.9529
vn 0.9057 -0.0000 0.4240
vt 0.957895 0.570981
vt 0.969521 0.577845
vt 0.965026 0.581209
vt 0.949322 0.570687
vt 0.953513 0.549556
vt 0.947023 0.548337
vt 0.978284 0.585996
vt 0.972516 0.588148
vt 0.982311 0.596529
vt 0.975946 0.596905
vt 0.982327 0.607409
vt 0.975973 0.605936
vt 0.976829 0.617879
vt 0.971436 0.614678
vt 0.874812 0.610502
vt 0.874815 0.590281
vt 0.880684 0.591246
vt 0.880852 0.609265
vt 0.963431 0.610541
vt 0.967173 0.603977
vt 0.966903 0.597078
vt 0.953162 0.601729
vt 0.956045 0.592223
vt 0.949836 0.611517
vt 0.964065 0.590580
vt 0.957910 0.585687
vt 0.939860 0.586785
vt 0.943978 0.579086
vt 0.936541 0.599056
vt 0.919402 0.581639
vt 0.917241 0.597123
vt 0.894220 0.581520
vt 0.902567 0.571019
vt 0.920822 0.570505
vt 0.889324 0.592267
vt 0.914257 0.611897
vt 0.889284 0.607106
vt 0.933092 0.612431
vt 0.910767 0.624812
vt 0.894528 0.617460
vt 0.924949 0.624901
vt 0.925550 0.633313
vt 0.907635 0.632808
vt 0.887135 0.622396
vt 0.963164 0.628235
vt 0.947140 0.634914
vt 0.944965 0.629709
vt 0.959918 0.623312
vt 0.925918 0.638902
vt 0.882074 0.625959
vt 0.905607 0.638280
vt 0.941449 0.622104
vt 0.954383 0.616481
vt 0.964071 0.494582
vt 0.957140 0.493165
vt 0.964943 0.436656
vt 0.972019 0.435980
vt 0.507942 0.332608
vt 0.507942 0.385304
vt 0.488736 0.385303
vt 0.488736 0.332608
vt 0.528396 0.332608
vt 0.528396 0.385303
vt 0.544757 0.385303
vt 0.544757 0.332608
vt 0.706056 0.579252
vt 0.709074 0.595332
vt 0.708519 0.611465
vt 0.696990 0.592689
vt 0.699055 0.560034
vt 0.687223 0.574502
vt 0.689869 0.605294
vt 0.677696 0.590556
vt 0.703096 0.621053
vt 0.585209 0.636350
vt 0.626519 0.599504
vt 0.644425 0.620424
vt 0.585881 0.639269
vt 0.571914 0.332608
vt 0.571914 0.385303
vt 0.560899 0.385303
vt 0.560899 0.332608
vt 0.694193 0.625819
vt 0.681188 0.614410
vt 0.683859 0.626755
vt 0.673910 0.622053
vt 0.582013 0.385303
vt 0.582013 0.332608
vt 0.603394 0.332608
vt 0.603393 0.385303
vt 0.592390 0.385303
vt 0.592390 0.332608
vt 0.555527 0.181923
vt 0.555527 0.129227
vt 0.575670 0.129227
vt 0.575670 0.181923
vt 0.616008 0.332608
vt 0.616008 0.385303
vt 0.669915 0.604188
vt 0.663715 0.614624
vt 0.633391 0.593204
vt 0.646376 0.582448
vt 0.976666 0.375598
vt 0.967641 0.377097
vt 0.967133 0.305788
vt 0.958717 0.308903
vt 0.931573 0.229057
vt 0.924178 0.235626
vt 0.861895 0.185060
vt 0.866495 0.176078
vt 0.804222 0.151302
vt 0.801736 0.161253
vt 0.774555 0.146630
vt 0.775028 0.156670
vt 0.881146 0.575050
vt 0.888358 0.563519
vt 0.897020 0.562184
vt 0.886397 0.577553
vt 0.858311 0.191593
vt 0.799812 0.168477
vt 0.918392 0.240455
vt 0.766903 0.161769
vt 0.951663 0.311196
vt 0.960223 0.377784
vt 0.957858 0.436439
vt 0.950066 0.491928
vt 0.329926 0.385304
vt 0.329926 0.332608
vt 0.380033 0.332608
vt 0.380033 0.385304
vt 0.940369 0.557811
vt 0.939992 0.547493
vt 0.920368 0.561962
vt 0.921158 0.554074
vt 0.904804 0.554355
vt 0.032098 0.332608
vt 0.032098 0.385304
vt 0.011864 0.385304
vt 0.011864 0.332608
vt 0.779103 0.251931
vt 0.760074 0.247059
vt 0.761182 0.237925
vt 0.780859 0.244008
vt 0.740343 0.242572
vt 0.741905 0.234066
vt 0.819019 0.264222
vt 0.783196 0.237393
vt 0.822914 0.258288
vt 0.035338 0.176933
vt 0.008801 0.176940
vt 0.008790 0.129235
vt 0.092537 0.385304
vt 0.051679 0.385304
vt 0.051679 0.332608
vt 0.092537 0.332608
vt 0.740703 0.226913
vt 0.762647 0.230931
vt 0.040986 0.129227
vt 0.043254 0.181923
vt 0.136411 0.385304
vt 0.136411 0.332608
vt 0.280193 0.385303
vt 0.229232 0.385303
vt 0.229232 0.332608
vt 0.280193 0.332608
vt 0.180364 0.332608
vt 0.180364 0.385303
vt 0.398842 0.385304
vt 0.398842 0.332608
vt 0.411822 0.332608
vt 0.411822 0.385304
vt 0.621470 0.564774
vt 0.627542 0.553302
vt 0.427388 0.332608
vt 0.427388 0.385303
vt 0.636330 0.540455
vt 0.661862 0.569620
vt 0.652705 0.530008
vt 0.676131 0.556733
vt 0.668871 0.528382
vt 0.689861 0.543172
vt 0.446812 0.385304
vt 0.446812 0.332608
vt 0.463059 0.385304
vt 0.463059 0.332608
vt 0.608213 0.578117
vt 0.500823 0.181923
vt 0.500823 0.129227
vt 0.582683 0.634487
vt 0.605954 0.659314
vt 0.584173 0.642273
vt 0.366223 0.011881
vt 0.369441 0.011882
vt 0.369441 0.059586
vt 0.366223 0.059586
vt 0.372580 0.059586
vt 0.372580 0.011881
vt 0.375575 0.011881
vt 0.375575 0.059586
vt 0.562911 0.698410
vt 0.548835 0.674052
vt 0.426556 0.059586
vt 0.426556 0.011881
vt 0.482678 0.011881
vt 0.482678 0.059586
vt 0.515887 0.735646
vt 0.502090 0.705108
vt 0.444907 0.730540
vt 0.451918 0.764988
vt 0.366904 0.773080
vt 0.375372 0.733697
vt 0.379031 0.011881
vt 0.379031 0.059586
vt 0.545261 0.011881
vt 0.545261 0.059586
vt 0.288672 0.739345
vt 0.310715 0.709070
vt 0.684056 0.059586
vt 0.684056 0.011882
vt 0.742857 0.011882
vt 0.742857 0.059586
vt 0.238750 0.693378
vt 0.264870 0.672250
vt 0.254402 0.654793
vt 0.220432 0.666079
vt 0.205926 0.637335
vt 0.252175 0.642431
vt 0.614868 0.011881
vt 0.614868 0.059586
vt 0.763212 0.011882
vt 0.763212 0.059586
vt 0.247408 0.619541
vt 0.256805 0.633190
vt 0.008269 0.059586
vt 0.008269 0.011882
vt 0.019749 0.011881
vt 0.019749 0.059586
vt 0.290649 0.600689
vt 0.267567 0.629194
vt 0.278830 0.633505
vt 0.302720 0.616928
vt 0.295016 0.648219
vt 0.314904 0.632257
vt 0.347821 0.656461
vt 0.332325 0.678175
vt 0.775773 0.011882
vt 0.775773 0.059586
vt 0.031809 0.011881
vt 0.031809 0.059586
vt 0.389644 0.669717
vt 0.383620 0.697102
vt 0.101530 0.059586
vt 0.101530 0.011881
vt 0.156205 0.011881
vt 0.156205 0.059586
vt 0.433566 0.671349
vt 0.438829 0.698199
vt 0.480718 0.658512
vt 0.491141 0.681371
vt 0.053683 0.011881
vt 0.053683 0.059586
vt 0.211425 0.011881
vt 0.211425 0.059586
vt 0.524951 0.633202
vt 0.539508 0.658208
vt 0.266377 0.011881
vt 0.266377 0.059586
vt 0.566133 0.605320
vt 0.579518 0.635072
vt 0.786109 0.011882
vt 0.786109 0.059586
vt 0.320005 0.059586
vt 0.320005 0.011881
vt 0.921527 0.438814
vt 0.903699 0.440005
vt 0.899445 0.386742
vt 0.913763 0.384602
vt 0.905899 0.490510
vt 0.925038 0.485763
vt 0.926376 0.488745
vt 0.905506 0.543631
vt 0.929389 0.489781
vt 0.922536 0.545263
vt 0.932210 0.488661
vt 0.933743 0.485505
vt 0.940172 0.437669
vt 0.940139 0.380827
vt 0.931199 0.318436
vt 0.899214 0.256936
vt 0.848013 0.211488
vt 0.795466 0.186293
vt 0.775518 0.183871
vt 0.763406 0.186905
vt 0.739216 0.158328
vt 0.756862 0.195027
vt 0.740502 0.192181
vt 0.757681 0.206511
vt 0.766260 0.215036
vt 0.786536 0.223703
vt 0.830145 0.244706
vt 0.871102 0.281876
vt 0.900107 0.329993
vt 0.883482 0.335995
vt 0.858173 0.293135
vt 0.815421 0.271373
vt 0.852639 0.297612
vt 0.846978 0.302599
vt 0.876861 0.338767
vt 0.888511 0.441046
vt 0.884766 0.389067
vt 0.892510 0.387986
vt 0.896549 0.440476
vt 0.870316 0.340990
vt 0.891207 0.543192
vt 0.889012 0.491934
vt 0.898591 0.490864
vt 0.898372 0.543562
vt 0.073861 0.129227
vt 0.073861 0.181923
vt 0.141723 0.181923
vt 0.141723 0.129227
vt 0.226918 0.129227
vt 0.226918 0.181922
vt 0.442676 0.181923
vt 0.442676 0.129227
vt 0.312317 0.129227
vt 0.382695 0.129227
vt 0.382695 0.181923
vt 0.312317 0.181922
vt 0.764912 0.146609
vt 0.738120 0.146922
vt 0.217185 0.791257
vt 0.217543 0.786228
vt 0.227278 0.786228
vt 0.221162 0.793476
vt 0.878916 0.799659
vt 0.876841 0.785596
vt 0.898706 0.785596
vt 0.899276 0.797367
vt 0.269990 0.786228
vt 0.284831 0.786228
vt 0.284403 0.793125
vt 0.278429 0.795982
vt 0.904821 0.792844
vt 0.904719 0.797319
vt 0.950290 0.794362
vt 0.948946 0.785596
vt 0.980204 0.785596
vt 0.980952 0.791229
vt 0.226888 0.812638
vt 0.220395 0.802805
vt 0.221264 0.797951
vt 0.226708 0.797999
vt 0.099827 0.492292
vt 0.099827 0.487550
vt 0.131977 0.487550
vt 0.131977 0.492292
vt 0.899095 0.812006
vt 0.905589 0.802173
vt 0.843914 0.822926
vt 0.842870 0.813978
vt 0.849214 0.809740
vt 0.860482 0.819803
vt 0.880493 0.815942
vt 0.215692 0.810586
vt 0.216791 0.804738
vt 0.858103 0.800690
vt 0.855993 0.785596
vt 0.177834 0.505658
vt 0.177834 0.512204
vt 0.145684 0.512204
vt 0.145684 0.505657
vt 0.849289 0.802128
vt 0.267881 0.801322
vt 0.247067 0.800291
vt 0.249142 0.786228
vt 0.847554 0.795349
vt 0.276694 0.802760
vt 0.099827 0.501145
vt 0.099827 0.496651
vt 0.131977 0.496651
vt 0.131977 0.501145
vt 0.131977 0.483661
vt 0.099827 0.483661
vt 0.099827 0.479151
vt 0.131977 0.479151
vt 0.908441 0.785596
vt 0.908799 0.790624
vt 0.099827 0.474553
vt 0.131977 0.474553
vt 0.145684 0.479129
vt 0.177834 0.479129
vt 0.177834 0.486243
vt 0.145684 0.486243
vt 0.265502 0.820436
vt 0.245491 0.816574
vt 0.951086 0.802331
vt 0.981691 0.796870
vt 0.920288 0.808229
vt 0.919290 0.796492
vt 0.913284 0.801777
vt 0.913571 0.797048
vt 0.910291 0.809954
vt 0.909192 0.804106
vt 0.144293 0.797502
vt 0.145032 0.791862
vt 0.175694 0.794994
vt 0.174897 0.802963
vt 0.206693 0.797124
vt 0.177038 0.786228
vt 0.207672 0.786228
vt 0.099827 0.470190
vt 0.099827 0.465906
vt 0.131977 0.465906
vt 0.131977 0.470190
vt 0.205696 0.808862
vt 0.212700 0.802410
vt 0.213339 0.793338
vt 0.212412 0.797680
vt 0.145780 0.786228
vt 0.918311 0.785596
vt 0.912645 0.792706
vt 0.276770 0.810372
vt 0.177834 0.492056
vt 0.145684 0.492056
vt 0.145684 0.498767
vt 0.177834 0.498767
vt 0.283114 0.814610
vt 0.282070 0.823559
vt 0.805059 0.785596
vt 0.807075 0.804992
vt 0.787031 0.804094
vt 0.785340 0.785596
vt 0.300017 0.825787
vt 0.289030 0.811619
vt 0.826815 0.803433
vt 0.835444 0.803233
vt 0.836953 0.810986
vt 0.825966 0.825155
vt 0.145684 0.465906
vt 0.177834 0.465906
vt 0.177834 0.472594
vt 0.145684 0.472594
vt 0.768642 0.832504
vt 0.768082 0.821607
vt 0.776273 0.816394
vt 0.790327 0.829976
vt 0.923313 0.028694
vt 0.891163 0.028694
vt 0.891163 0.020556
vt 0.923313 0.020556
vt 0.826658 0.785596
vt 0.835579 0.796265
vt 0.776688 0.806381
vt 0.774865 0.797533
vt 0.807705 0.827638
vt 0.923313 0.045233
vt 0.891163 0.045233
vt 0.891163 0.037278
vt 0.923313 0.037278
vt 0.320925 0.786228
vt 0.318909 0.805624
vt 0.299168 0.804065
vt 0.299325 0.786228
vt 0.357902 0.822239
vt 0.357342 0.833136
vt 0.335657 0.830608
vt 0.349711 0.817026
vt 0.454136 0.805900
vt 0.443792 0.806541
vt 0.442637 0.797660
vt 0.451883 0.786228
vt 0.396706 0.807462
vt 0.416490 0.805869
vt 0.413836 0.833460
vt 0.397084 0.834579
vt 0.745963 0.832691
vt 0.761048 0.817079
vt 0.374716 0.786228
vt 0.396369 0.786228
vt 0.376771 0.806063
vt 0.338953 0.804727
vt 0.318278 0.828270
vt 0.364936 0.817711
vt 0.380021 0.833323
vt 0.894677 0.114741
vt 0.894677 0.106069
vt 0.926827 0.106069
vt 0.926827 0.114741
vt 0.923313 0.069108
vt 0.891163 0.069108
vt 0.891163 0.060964
vt 0.923313 0.060964
vt 0.923313 0.052116
vt 0.891163 0.052116
vt 0.926827 0.129634
vt 0.894677 0.129634
vt 0.894677 0.122741
vt 0.926827 0.122741
vt 0.417870 0.786228
vt 0.366115 0.807450
vt 0.365382 0.798478
vt 0.751268 0.785596
vt 0.760602 0.797845
vt 0.759869 0.806817
vt 0.749213 0.805430
vt 0.798908 0.060275
vt 0.798908 0.051318
vt 0.831058 0.051318
vt 0.831058 0.060275
vt 0.767932 0.785596
vt 0.767932 0.793385
vt 0.729278 0.806830
vt 0.729615 0.785596
vt 0.708114 0.785596
vt 0.709494 0.805236
vt 0.698753 0.806200
vt 0.697390 0.797139
vt 0.674101 0.785596
vt 0.671847 0.805268
vt 0.651903 0.806779
vt 0.653217 0.785596
vt 0.894677 0.154771
vt 0.894677 0.146784
vt 0.926827 0.146784
vt 0.926827 0.154771
vt 0.798908 0.019435
vt 0.798908 0.011816
vt 0.831058 0.011816
vt 0.831058 0.019435
vt 0.571693 0.804693
vt 0.605725 0.805962
vt 0.606300 0.815657
vt 0.572860 0.824445
vt 0.519250 0.797925
vt 0.555338 0.786228
vt 0.554291 0.805325
vt 0.520258 0.806594
vt 0.513631 0.828426
vt 0.513662 0.820871
vt 0.519683 0.816289
vt 0.553123 0.825077
vt 0.620389 0.816316
vt 0.633158 0.831295
vt 0.612353 0.827794
vt 0.612322 0.820239
vt 0.428242 0.816864
vt 0.436604 0.821517
vt 0.436350 0.833952
vt 0.798908 0.076550
vt 0.798908 0.068533
vt 0.831058 0.068533
vt 0.831058 0.076550
vt 0.831058 0.027673
vt 0.798908 0.027673
vt 0.632071 0.806445
vt 0.631343 0.785596
vt 0.474080 0.807411
vt 0.493913 0.807077
vt 0.492826 0.831927
vt 0.474865 0.831716
vt 0.831058 0.044411
vt 0.798908 0.044411
vt 0.798908 0.036380
vt 0.831058 0.036380
vt 0.434799 0.786228
vt 0.435228 0.793221
vt 0.428593 0.797771
vt 0.443146 0.816709
vt 0.458304 0.832558
vt 0.427231 0.806832
vt 0.712148 0.832828
vt 0.697741 0.816232
vt 0.894677 0.097860
vt 0.926827 0.097860
vt 0.894677 0.090258
vt 0.926827 0.090258
vt 0.728900 0.833947
vt 0.691184 0.785596
vt 0.690756 0.792589
vt 0.683346 0.797028
vt 0.689380 0.820885
vt 0.689633 0.833320
vt 0.667679 0.831926
vt 0.682837 0.816076
vt 0.894677 0.138559
vt 0.926827 0.138559
vt 0.682192 0.805909
vt 0.651119 0.831084
vt 0.505594 0.816949
vt 0.621696 0.806864
vt 0.494640 0.786228
vt 0.505345 0.798821
vt 0.504288 0.807497
vt 0.620639 0.798188
vt 0.614109 0.793629
vt 0.614370 0.785596
vt 0.472766 0.786228
vt 0.511875 0.794262
vt 0.511614 0.786228
vt 0.606734 0.797293
vt 0.570646 0.785596
vt 0.891163 0.012964
vt 0.923313 0.012964
vt 0.358052 0.786228
vt 0.358051 0.794018
vt 0.923313 0.077046
vt 0.891163 0.077046
vt 0.340644 0.786228
vt 0.351119 0.798165
vt 0.349296 0.807013
vt 0.290540 0.803865
vt 0.841152 0.785596
vt 0.841581 0.792493
vt 0.290405 0.796897
vt 0.177834 0.518609
vt 0.145684 0.518609
vt 0.850941 0.660585
vt 0.842368 0.660291
vt 0.858072 0.670813
vt 0.862567 0.667448
vt 0.846559 0.639159
vt 0.840069 0.637940
vt 0.865562 0.677751
vt 0.871330 0.675599
vt 0.875357 0.686132
vt 0.868992 0.686509
vt 0.869019 0.695540
vt 0.875373 0.697013
vt 0.864482 0.704281
vt 0.869875 0.707483
vt 0.767858 0.700105
vt 0.773898 0.698869
vt 0.773730 0.680849
vt 0.767861 0.679884
vt 0.860219 0.693580
vt 0.856477 0.700144
vt 0.859949 0.686681
vt 0.846208 0.691332
vt 0.849091 0.681827
vt 0.842882 0.701121
vt 0.857111 0.680184
vt 0.850956 0.675291
vt 0.832906 0.676388
vt 0.837024 0.668690
vt 0.829587 0.688659
vt 0.812448 0.671243
vt 0.810287 0.686727
vt 0.787266 0.671123
vt 0.813868 0.660109
vt 0.795613 0.660623
vt 0.782370 0.681870
vt 0.782330 0.696710
vt 0.807302 0.701501
vt 0.826138 0.702035
vt 0.787574 0.707064
vt 0.803813 0.714415
vt 0.817995 0.714504
vt 0.818596 0.722917
vt 0.800681 0.722412
vt 0.780181 0.712000
vt 0.856210 0.717839
vt 0.852964 0.712916
vt 0.838011 0.719313
vt 0.840186 0.724517
vt 0.818964 0.728505
vt 0.775120 0.715562
vt 0.798653 0.727884
vt 0.847429 0.706085
vt 0.834495 0.711708
vt 0.857117 0.584185
vt 0.865065 0.525584
vt 0.857989 0.526260
vt 0.850186 0.582768
vt 0.505961 0.190174
vt 0.486756 0.190174
vt 0.486756 0.242870
vt 0.505962 0.242870
vt 0.526415 0.190174
vt 0.526415 0.242870
vt 0.542776 0.242870
vt 0.542776 0.190174
vt 0.734891 0.442651
vt 0.725825 0.456089
vt 0.737354 0.474865
vt 0.737909 0.458732
vt 0.727890 0.423433
vt 0.716058 0.437902
vt 0.706531 0.453956
vt 0.718704 0.468693
vt 0.731931 0.484453
vt 0.614044 0.499749
vt 0.614716 0.502668
vt 0.673260 0.483823
vt 0.655354 0.462903
vt 0.569934 0.190174
vt 0.558919 0.190174
vt 0.558919 0.242870
vt 0.569934 0.242870
vt 0.710023 0.477809
vt 0.723028 0.489219
vt 0.702745 0.485453
vt 0.712694 0.490154
vt 0.580032 0.242870
vt 0.580032 0.190174
vt 0.601413 0.190174
vt 0.590409 0.190174
vt 0.590409 0.242870
vt 0.601413 0.242870
vt 0.556014 0.451707
vt 0.576157 0.451707
vt 0.576157 0.399011
vt 0.556014 0.399011
vt 0.614028 0.190174
vt 0.614028 0.242870
vt 0.698749 0.467588
vt 0.692550 0.478023
vt 0.675211 0.445848
vt 0.662226 0.456604
vt 0.869712 0.465202
vt 0.860687 0.466701
vt 0.860179 0.395391
vt 0.851763 0.398506
vt 0.824619 0.318661
vt 0.759541 0.265682
vt 0.754941 0.274664
vt 0.817224 0.325230
vt 0.697268 0.240905
vt 0.694782 0.250857
vt 0.667601 0.236234
vt 0.668074 0.246274
vt 0.774191 0.664653
vt 0.779443 0.667157
vt 0.790066 0.651787
vt 0.781404 0.653122
vt 0.751357 0.281197
vt 0.692858 0.258080
vt 0.811438 0.330059
vt 0.659949 0.251373
vt 0.844709 0.400800
vt 0.853269 0.467388
vt 0.850904 0.526043
vt 0.843112 0.581531
vt 0.327946 0.242870
vt 0.378053 0.242870
vt 0.378053 0.190174
vt 0.327946 0.190174
vt 0.833415 0.647415
vt 0.833038 0.637097
vt 0.814203 0.643677
vt 0.813414 0.651566
vt 0.797850 0.643958
vt 0.030117 0.190174
vt 0.009883 0.190174
vt 0.009883 0.242870
vt 0.030117 0.242870
vt 0.672149 0.341535
vt 0.673905 0.333612
vt 0.654228 0.327529
vt 0.653120 0.336663
vt 0.634951 0.323670
vt 0.633389 0.332176
vt 0.712065 0.353826
vt 0.715960 0.347891
vt 0.676242 0.326997
vt 0.035825 0.446718
vt 0.009277 0.399019
vt 0.009288 0.446724
vt 0.090557 0.242870
vt 0.090557 0.190174
vt 0.049699 0.190174
vt 0.049699 0.242870
vt 0.633749 0.316517
vt 0.655693 0.320535
vt 0.043741 0.451707
vt 0.041473 0.399011
vt 0.134431 0.242870
vt 0.134431 0.190174
vt 0.278213 0.242870
vt 0.278213 0.190174
vt 0.227251 0.190174
vt 0.227251 0.242870
vt 0.178383 0.190174
vt 0.178383 0.242870
vt 0.396862 0.242870
vt 0.396862 0.190174
vt 0.409842 0.190174
vt 0.409842 0.242870
vt 0.656377 0.416701
vt 0.650305 0.428174
vt 0.425407 0.190174
vt 0.425407 0.242870
vt 0.665164 0.403854
vt 0.690697 0.433020
vt 0.704966 0.420132
vt 0.681540 0.393407
vt 0.718696 0.406571
vt 0.697706 0.391781
vt 0.444831 0.242870
vt 0.444831 0.190174
vt 0.461079 0.190174
vt 0.461079 0.242870
vt 0.637048 0.441517
vt 0.501311 0.451707
vt 0.501310 0.399011
vt 0.611518 0.497886
vt 0.634789 0.522714
vt 0.613008 0.505673
vt 0.366223 0.073294
vt 0.366223 0.120999
vt 0.369441 0.120999
vt 0.369441 0.073294
vt 0.372580 0.120999
vt 0.375575 0.120999
vt 0.375575 0.073294
vt 0.372580 0.073294
vt 0.591746 0.561809
vt 0.577670 0.537451
vt 0.426556 0.120999
vt 0.482678 0.120999
vt 0.482678 0.073294
vt 0.426556 0.073294
vt 0.544722 0.599045
vt 0.530925 0.568508
vt 0.473742 0.593940
vt 0.480753 0.628388
vt 0.395739 0.636479
vt 0.404207 0.597096
vt 0.379031 0.120999
vt 0.379031 0.073294
vt 0.545261 0.120999
vt 0.545261 0.073294
vt 0.317507 0.602744
vt 0.339550 0.572470
vt 0.684056 0.120999
vt 0.742857 0.120999
vt 0.742857 0.073294
vt 0.684056 0.073294
vt 0.267585 0.556777
vt 0.293705 0.535650
vt 0.283237 0.518192
vt 0.249267 0.529478
vt 0.234761 0.500735
vt 0.281010 0.505831
vt 0.614868 0.120999
vt 0.614868 0.073294
vt 0.763212 0.120999
vt 0.763212 0.073294
vt 0.285640 0.496589
vt 0.276242 0.482941
vt 0.008269 0.120999
vt 0.019749 0.120999
vt 0.019749 0.073294
vt 0.008269 0.073294
vt 0.296402 0.492593
vt 0.319484 0.464088
vt 0.307665 0.496905
vt 0.331555 0.480327
vt 0.323851 0.511619
vt 0.361160 0.541574
vt 0.376656 0.519861
vt 0.343739 0.495657
vt 0.775773 0.120999
vt 0.775773 0.073294
vt 0.031809 0.120999
vt 0.031809 0.073294
vt 0.412455 0.560501
vt 0.418479 0.533117
vt 0.101530 0.120999
vt 0.156205 0.120999
vt 0.156205 0.073294
vt 0.101530 0.073294
vt 0.467664 0.561599
vt 0.462401 0.534748
vt 0.519976 0.544770
vt 0.509553 0.521911
vt 0.053683 0.120999
vt 0.053683 0.073294
vt 0.211425 0.120999
vt 0.211425 0.073294
vt 0.568343 0.521607
vt 0.553786 0.496601
vt 0.266377 0.120999
vt 0.266377 0.073294
vt 0.608353 0.498471
vt 0.594967 0.468720
vt 0.786109 0.120999
vt 0.786109 0.073294
vt 0.320005 0.120999
vt 0.320005 0.073294
vt 0.814573 0.528417
vt 0.806809 0.474206
vt 0.792491 0.476345
vt 0.796745 0.529608
vt 0.798945 0.580113
vt 0.818084 0.575366
vt 0.819422 0.578349
vt 0.798552 0.633234
vt 0.815582 0.634867
vt 0.822435 0.579385
vt 0.825256 0.578265
vt 0.826789 0.575109
vt 0.833218 0.527273
vt 0.833185 0.470431
vt 0.824245 0.408039
vt 0.792260 0.346539
vt 0.741059 0.301092
vt 0.688512 0.275897
vt 0.668564 0.273475
vt 0.632261 0.247932
vt 0.656452 0.276508
vt 0.633548 0.281784
vt 0.649907 0.284630
vt 0.650727 0.296114
vt 0.659306 0.304640
vt 0.679582 0.313307
vt 0.723191 0.334310
vt 0.764148 0.371480
vt 0.751219 0.382738
vt 0.776528 0.425599
vt 0.793153 0.419597
vt 0.708467 0.360977
vt 0.740024 0.392202
vt 0.745685 0.387216
vt 0.769907 0.428370
vt 0.781557 0.530650
vt 0.789595 0.530080
vt 0.785556 0.477589
vt 0.777812 0.478671
vt 0.763362 0.430593
vt 0.784253 0.632796
vt 0.791418 0.633165
vt 0.791637 0.580467
vt 0.782058 0.581537
vt 0.074349 0.451707
vt 0.074348 0.399011
vt 0.142210 0.451707
vt 0.227405 0.451707
vt 0.227405 0.399011
vt 0.142210 0.399011
vt 0.443163 0.451707
vt 0.443163 0.399011
vt 0.312804 0.399011
vt 0.312804 0.451707
vt 0.383182 0.451707
vt 0.383182 0.399011
vt 0.657959 0.236213
vt 0.631166 0.236525
vt 0.774924 0.850553
vt 0.770946 0.852772
vt 0.764831 0.845524
vt 0.774566 0.845524
vt 0.115503 0.859587
vt 0.095143 0.857295
vt 0.095713 0.845524
vt 0.117578 0.845524
vt 0.722119 0.845524
vt 0.713680 0.855278
vt 0.707706 0.852421
vt 0.707277 0.845524
vt 0.089700 0.857247
vt 0.089598 0.852772
vt 0.044129 0.854290
vt 0.013467 0.851158
vt 0.014215 0.845524
vt 0.045473 0.845524
vt 0.765220 0.871934
vt 0.765401 0.857295
vt 0.770844 0.857247
vt 0.771714 0.862102
vt 0.191542 0.492292
vt 0.223692 0.492292
vt 0.223692 0.487550
vt 0.191542 0.487550
vt 0.095324 0.871935
vt 0.088830 0.862102
vt 0.150505 0.882855
vt 0.133937 0.879732
vt 0.145205 0.869669
vt 0.151549 0.873906
vt 0.113926 0.875870
vt 0.776417 0.869882
vt 0.775317 0.864035
vt 0.136316 0.860618
vt 0.138426 0.845524
vt 0.177344 0.578902
vt 0.145194 0.578902
vt 0.145194 0.585449
vt 0.177344 0.585449
vt 0.145130 0.862056
vt 0.724228 0.860618
vt 0.742966 0.845524
vt 0.745042 0.859587
vt 0.146865 0.855278
vt 0.715414 0.862056
vt 0.191542 0.501145
vt 0.223692 0.501145
vt 0.223692 0.496651
vt 0.191542 0.496651
vt 0.223692 0.483661
vt 0.223692 0.479151
vt 0.191542 0.479151
vt 0.191542 0.483661
vt 0.085978 0.845524
vt 0.085620 0.850553
vt 0.223692 0.474553
vt 0.191542 0.474553
vt 0.145194 0.552374
vt 0.145194 0.559487
vt 0.177344 0.559487
vt 0.177344 0.552374
vt 0.726607 0.879732
vt 0.746618 0.875870
vt 0.043333 0.862260
vt 0.012728 0.856798
vt 0.074131 0.868158
vt 0.075129 0.856420
vt 0.080848 0.856976
vt 0.081135 0.861706
vt 0.085227 0.864035
vt 0.084128 0.869882
vt 0.847816 0.856798
vt 0.817211 0.862260
vt 0.816415 0.854290
vt 0.847077 0.851158
vt 0.785415 0.856420
vt 0.784436 0.845524
vt 0.815071 0.845524
vt 0.191542 0.470190
vt 0.223692 0.470190
vt 0.223692 0.465906
vt 0.191542 0.465906
vt 0.779409 0.861706
vt 0.786413 0.868158
vt 0.778770 0.852634
vt 0.779696 0.856976
vt 0.846329 0.845524
vt 0.076108 0.845524
vt 0.081774 0.852634
vt 0.715339 0.869668
vt 0.145194 0.565300
vt 0.177344 0.565300
vt 0.145194 0.572012
vt 0.177344 0.572012
vt 0.708995 0.873906
vt 0.710039 0.882855
vt 0.189360 0.845524
vt 0.209080 0.845524
vt 0.207388 0.864023
vt 0.187344 0.864921
vt 0.692091 0.885083
vt 0.703078 0.870915
vt 0.167604 0.863361
vt 0.168453 0.885083
vt 0.157466 0.870915
vt 0.158975 0.863161
vt 0.145194 0.539151
vt 0.145194 0.545839
vt 0.177344 0.545839
vt 0.177344 0.539151
vt 0.225777 0.892433
vt 0.204092 0.889904
vt 0.218146 0.876322
vt 0.226338 0.881536
vt 0.969170 0.028694
vt 0.969170 0.020556
vt 0.937020 0.020556
vt 0.937020 0.028694
vt 0.158840 0.856194
vt 0.167761 0.845524
vt 0.219554 0.857461
vt 0.217732 0.866309
vt 0.186714 0.887566
vt 0.969170 0.045233
vt 0.969170 0.037278
vt 0.937020 0.037278
vt 0.937020 0.045233
vt 0.671184 0.845524
vt 0.692783 0.845524
vt 0.692941 0.863361
vt 0.673200 0.864921
vt 0.634206 0.881536
vt 0.642398 0.876322
vt 0.656452 0.889905
vt 0.634767 0.892433
vt 0.537973 0.865197
vt 0.540225 0.845524
vt 0.549472 0.856956
vt 0.548317 0.865837
vt 0.595403 0.866759
vt 0.595025 0.893876
vt 0.578273 0.892756
vt 0.575619 0.865165
vt 0.248457 0.892619
vt 0.233371 0.877007
vt 0.617393 0.845524
vt 0.615338 0.865359
vt 0.595740 0.845524
vt 0.653156 0.864023
vt 0.673830 0.887566
vt 0.612088 0.892619
vt 0.627173 0.877008
vt 0.940535 0.114741
vt 0.972685 0.114741
vt 0.972685 0.106069
vt 0.940535 0.106069
vt 0.969170 0.069108
vt 0.969170 0.060964
vt 0.937020 0.060964
vt 0.937020 0.069108
vt 0.969170 0.052116
vt 0.937020 0.052116
vt 0.972685 0.129634
vt 0.972685 0.122741
vt 0.940535 0.122741
vt 0.940535 0.129634
vt 0.574239 0.845524
vt 0.625994 0.866746
vt 0.626727 0.857774
vt 0.243151 0.845524
vt 0.245206 0.865359
vt 0.234551 0.866746
vt 0.233817 0.857774
vt 0.844766 0.060275
vt 0.876916 0.060275
vt 0.876916 0.051318
vt 0.844766 0.051318
vt 0.226487 0.845524
vt 0.226487 0.853314
vt 0.264804 0.845524
vt 0.265141 0.866759
vt 0.286305 0.845524
vt 0.297029 0.857067
vt 0.295666 0.866129
vt 0.284925 0.865165
vt 0.320319 0.845524
vt 0.341202 0.845524
vt 0.342516 0.866708
vt 0.322572 0.865196
vt 0.940535 0.154771
vt 0.972685 0.154771
vt 0.972685 0.146784
vt 0.940535 0.146784
vt 0.844766 0.019435
vt 0.876916 0.019435
vt 0.876916 0.011816
vt 0.844766 0.011816
vt 0.422726 0.864622
vt 0.421559 0.884373
vt 0.388118 0.875585
vt 0.388694 0.865890
vt 0.472859 0.857222
vt 0.471850 0.865891
vt 0.437818 0.864622
vt 0.436771 0.845524
vt 0.478478 0.887723
vt 0.438985 0.884373
vt 0.472426 0.875585
vt 0.478447 0.880167
vt 0.374030 0.876245
vt 0.382097 0.880167
vt 0.382066 0.887722
vt 0.361261 0.891223
vt 0.555759 0.893248
vt 0.555505 0.880814
vt 0.563867 0.876161
vt 0.844766 0.076550
vt 0.876916 0.076550
vt 0.876916 0.068533
vt 0.844766 0.068533
vt 0.876916 0.027673
vt 0.844766 0.027673
vt 0.363076 0.845524
vt 0.362348 0.866373
vt 0.518028 0.866708
vt 0.517244 0.891013
vt 0.499283 0.891224
vt 0.498196 0.866374
vt 0.876916 0.044411
vt 0.876916 0.036380
vt 0.844766 0.036380
vt 0.844766 0.044411
vt 0.563515 0.857067
vt 0.556881 0.852518
vt 0.557310 0.845524
vt 0.533805 0.891854
vt 0.548962 0.876005
vt 0.564878 0.866129
vt 0.282271 0.892756
vt 0.296677 0.876161
vt 0.972685 0.097860
vt 0.940535 0.097860
vt 0.972685 0.090258
vt 0.940535 0.090258
vt 0.265519 0.893875
vt 0.303235 0.845524
vt 0.311072 0.856956
vt 0.303663 0.852518
vt 0.305039 0.880814
vt 0.311582 0.876005
vt 0.326739 0.891854
vt 0.304786 0.893248
vt 0.940535 0.138559
vt 0.972685 0.138559
vt 0.312227 0.865837
vt 0.343300 0.891012
vt 0.486515 0.876245
vt 0.372723 0.866793
vt 0.497468 0.845524
vt 0.487821 0.866793
vt 0.486764 0.858117
vt 0.380049 0.845524
vt 0.380310 0.853558
vt 0.373780 0.858117
vt 0.519342 0.845524
vt 0.480495 0.845524
vt 0.480234 0.853558
vt 0.423773 0.845524
vt 0.387685 0.857221
vt 0.969170 0.012964
vt 0.937020 0.012964
vt 0.634057 0.845524
vt 0.634057 0.853314
vt 0.969170 0.077046
vt 0.937020 0.077046
vt 0.651465 0.845524
vt 0.640990 0.857462
vt 0.642813 0.866309
vt 0.701569 0.863161
vt 0.152838 0.852421
vt 0.153267 0.845524
vt 0.701704 0.856194
vt 0.145194 0.591853
vt 0.177344 0.591853
vt 0.020008 0.568354
vt 0.034544 0.568354
vt 0.036496 0.596010
vt 0.021613 0.597312
vt 0.095591 0.589463
vt 0.095591 0.568354
vt 0.112855 0.568354
vt 0.113777 0.588223
vt 0.074729 0.591008
vt 0.074729 0.568354
vt 0.055442 0.593937
vt 0.054867 0.568354
vt 0.062895 0.629332
vt 0.078046 0.616219
vt 0.041403 0.632300
vt 0.026989 0.634656
vt 0.226862 0.257330
vt 0.226862 0.320122
vt 0.189132 0.320122
vt 0.189132 0.257330
vt 0.095988 0.613581
vt 0.128580 0.602854
vt 0.116170 0.605417
vt 0.125900 0.587541
vt 0.119620 0.620433
vt 0.128876 0.613350
vt 0.125900 0.549167
vt 0.113777 0.548485
vt 0.116170 0.531291
vt 0.128580 0.533855
vt 0.048231 0.665377
vt 0.035318 0.660815
vt 0.058470 0.660584
vt 0.107780 0.619494
vt 0.129458 0.766005
vt 0.114575 0.764704
vt 0.116527 0.737048
vt 0.131063 0.737048
vt 0.055480 0.758157
vt 0.037294 0.756917
vt 0.038216 0.737048
vt 0.055480 0.737048
vt 0.076342 0.759701
vt 0.076342 0.737048
vt 0.095629 0.762632
vt 0.096203 0.737048
vt 0.025171 0.756235
vt 0.026741 0.737048
vt 0.124082 0.803350
vt 0.109668 0.800993
vt 0.073025 0.784913
vt 0.088176 0.798026
vt 0.055083 0.782275
vt 0.034900 0.774111
vt 0.022491 0.771547
vt 0.022195 0.782044
vt 0.031451 0.789127
vt 0.115753 0.829509
vt 0.102839 0.834071
vt 0.092600 0.829278
vt 0.043291 0.788188
vt 0.065946 0.257330
vt 0.065946 0.320122
vt 0.052250 0.320122
vt 0.052250 0.257330
vt 0.488024 0.257330
vt 0.488024 0.320122
vt 0.476369 0.320122
vt 0.476369 0.257330
vt 0.040945 0.257330
vt 0.040945 0.320122
vt 0.009382 0.320122
vt 0.009381 0.257330
vt 0.450323 0.257330
vt 0.450323 0.320122
vt 0.431072 0.320122
vt 0.431072 0.257330
vt 0.531228 0.257330
vt 0.531228 0.320122
vt 0.513093 0.320122
vt 0.513093 0.257330
vt 0.499902 0.320122
vt 0.499902 0.257330
vt 0.160130 0.257330
vt 0.160130 0.320122
vt 0.131128 0.320122
vt 0.131128 0.257330
vt 0.268010 0.257330
vt 0.268010 0.320122
vt 0.254314 0.320122
vt 0.254314 0.257330
vt 0.551266 0.257330
vt 0.551266 0.320122
vt 0.465869 0.320122
vt 0.465869 0.257330
vt 0.093399 0.320122
vt 0.093399 0.257330
vt 0.279315 0.257330
vt 0.279315 0.320122
vt 0.095591 0.547246
vt 0.074729 0.545701
vt 0.055442 0.542771
vt 0.036496 0.540698
vt 0.124329 0.568354
vt 0.026989 0.502052
vt 0.041403 0.504409
vt 0.021613 0.539397
vt 0.078046 0.520490
vt 0.062895 0.507376
vt 0.095988 0.523128
vt 0.128876 0.523359
vt 0.119620 0.516275
vt 0.035318 0.475893
vt 0.048231 0.471332
vt 0.058470 0.476125
vt 0.107780 0.517215
vt 0.114575 0.709392
vt 0.129458 0.708091
vt 0.055480 0.715940
vt 0.037294 0.717179
vt 0.076342 0.714395
vt 0.095629 0.711465
vt 0.025171 0.717861
vt 0.109668 0.673103
vt 0.124082 0.670746
vt 0.088176 0.676070
vt 0.073025 0.689184
vt 0.055083 0.691822
vt 0.022491 0.702549
vt 0.034900 0.699985
vt 0.031451 0.684969
vt 0.022195 0.692053
vt 0.102839 0.640025
vt 0.115753 0.644587
vt 0.092600 0.644818
vt 0.043291 0.685909
vt 0.385776 0.257330
vt 0.385776 0.320122
vt 0.374120 0.320122
vt 0.374121 0.257330
vt 0.310879 0.257330
vt 0.310879 0.320122
vt 0.411821 0.257330
vt 0.411821 0.320122
vt 0.396276 0.320122
vt 0.396276 0.257330
vt 0.349052 0.257330
vt 0.349052 0.320122
vt 0.330917 0.320122
vt 0.330917 0.257330
vt 0.362243 0.257330
vt 0.362243 0.320122
s 1
f 2/1/1 6/2/2 5/3/3 4/4/4
f 1/5/5 2/1/1 4/4/4 3/6/6
f 6/2/2 7/7/7 211/8/8 5/3/3
f 8/9/9 9/10/10 211/8/8 7/7/7
f 8/9/9 47/11/11 10/12/12 9/10/10
f 47/11/11 46/13/13 11/14/14 10/12/12
f 36/15/15 98/16/16 35/17/17 34/18/18
f 10/12/12 11/14/14 14/19/19 12/20/20
f 9/10/10 10/12/12 12/20/20 15/21/21
f 13/22/22 17/23/22 15/21/22 12/20/22
f 43/24/22 13/22/22 12/20/22 14/19/22
f 211/8/8 9/10/10 15/21/21 16/25/23
f 17/23/22 18/26/22 16/25/22 15/21/22
f 19/27/22 20/28/22 18/26/22 17/23/22
f 21/29/22 19/27/22 17/23/22 13/22/22
f 22/30/22 19/27/22 21/29/22 23/31/22
f 94/32/22 93/33/22 92/34/22 22/30/22
f 24/35/22 23/31/22 25/36/22 26/37/22
f 25/36/22 23/31/22 21/29/22 27/38/22
f 26/37/22 25/36/22 28/39/22 30/40/22
f 28/39/22 25/36/22 27/38/22 29/41/22
f 32/42/24 31/43/25 28/39/26 29/41/27
f 31/43/25 33/44/28 30/40/29 28/39/26
f 45/45/30 48/46/31 40/47/32 41/48/33
f 39/49/34 32/42/24 40/47/32 48/46/31
f 33/44/28 34/18/18 26/37/35 30/40/29
f 34/18/18 35/17/17 24/35/36 26/37/35
f 37/50/37 36/15/15 34/18/18 33/44/28
f 38/51/38 31/43/25 32/42/24 39/49/34
f 46/13/13 45/45/30 41/48/33 11/14/14
f 41/48/33 40/47/32 42/52/39 44/53/40
f 40/47/32 32/42/24 29/41/27 42/52/39
f 29/41/22 27/38/22 43/24/22 42/52/22
f 42/52/22 43/24/22 14/19/22 44/53/22
f 11/14/14 41/48/33 44/53/40 14/19/19
f 27/38/22 21/29/22 13/22/22 43/24/22
f 65/54/41 67/55/42 68/56/43 66/57/44
f 39/58/45 49/59/45 132/60/46 38/61/46
f 48/62/47 50/63/47 49/59/45 39/58/45
f 51/64/48 50/63/47 48/62/47 45/65/48
f 50/66/49 51/67/49 55/68/49 52/69/49
f 49/70/49 50/66/49 52/69/49 53/71/49
f 53/71/49 52/69/49 54/72/49 131/73/49
f 52/69/49 55/68/49 56/74/49 54/72/49
f 136/75/49 135/76/49 63/77/49 138/78/49
f 47/79/50 56/80/50 55/81/51 46/82/51
f 54/72/49 56/74/49 57/83/49 58/84/49
f 58/84/49 57/83/49 59/85/49 61/86/49
f 57/87/52 56/80/50 47/79/50 8/88/52
f 6/89/53 61/90/53 59/91/54 7/92/54
f 7/92/54 59/91/54 57/87/52 8/88/52
f 1/93/55 63/94/55 60/95/56 2/96/56
f 2/97/57 60/98/57 61/90/53 6/89/53
f 62/99/49 58/84/49 61/86/49 60/100/49
f 60/100/49 134/101/49 126/102/49 62/99/49
f 65/54/41 1/5/5 3/6/6 67/55/42
f 70/103/58 66/57/44 68/56/43 69/104/59
f 71/105/60 70/103/58 69/104/59 83/106/61
f 72/107/62 73/108/63 74/109/64 210/110/65
f 75/111/66 210/110/65 74/109/64 79/112/67
f 71/105/60 83/106/61 73/108/63 72/107/62
f 76/113/68 75/111/66 79/112/67 78/114/69
f 96/115/70 97/116/71 91/117/72 95/118/73
f 81/119/74 80/120/75 79/112/76 74/109/77
f 81/119/74 74/109/77 73/108/78 82/121/79
f 80/120/75 77/122/80 78/114/80 79/112/76
f 82/121/79 73/108/78 83/106/81 182/123/82
f 84/124/83 182/123/82 83/106/81 69/104/84
f 85/125/85 84/124/83 69/104/84 68/56/86
f 85/125/85 68/56/86 67/55/87 86/126/88
f 122/127/89 196/128/89 99/129/90 123/130/90
f 88/131/91 87/132/92 3/6/93 4/4/91
f 88/131/94 4/4/4 90/133/95 89/134/96
f 89/134/96 90/133/95 91/117/97 201/135/98
f 91/117/97 90/133/95 92/34/99 93/33/100
f 90/133/95 4/4/4 20/28/101 92/34/99
f 94/32/22 22/30/22 23/31/22 24/35/22
f 95/118/73 91/117/72 93/33/102 94/32/103
f 35/17/17 95/118/73 94/32/103 24/35/36
f 22/30/22 92/34/22 20/28/22 19/27/22
f 98/16/16 96/115/70 95/118/73 35/17/17
f 105/136/104 115/137/104 114/138/105 106/139/105
f 104/140/106 105/141/107 187/142/108 186/143/109
f 105/141/107 106/144/110 107/145/110 187/142/108
f 188/146/111 186/143/112 184/147/113 185/148/114
f 212/149/115 111/150/116 112/151/117
f 117/152/118 116/153/119 104/154/119 103/155/118
f 108/156/120 183/157/121 187/142/122 107/145/120
f 112/151/117 203/158/123 76/159/124 212/149/115
f 118/160/125 117/152/118 103/155/118 202/161/125
f 121/162/126 120/163/127 101/164/127 100/165/126
f 104/154/119 116/153/119 115/137/104 105/136/104
f 102/166/128 119/167/128 118/160/125 202/161/125
f 122/127/89 121/162/126 100/165/126 196/128/89
f 124/168/129 123/130/90 99/129/90 97/169/129
f 101/164/127 120/163/127 119/167/128 102/166/128
f 96/170/130 125/171/130 124/168/129 97/169/129
f 67/55/87 3/6/93 87/132/92 86/126/88
f 134/101/49 124/172/49 125/173/49 126/102/49
f 98/174/131 127/175/131 125/171/130 96/170/130
f 127/176/49 129/177/49 126/102/49 125/173/49
f 46/82/51 55/81/51 51/64/48 45/65/48
f 127/176/49 128/178/49 130/179/49 129/177/49
f 130/179/49 53/71/49 131/73/49 129/177/49
f 131/73/49 62/99/49 126/102/49 129/177/49
f 131/73/49 54/72/49 58/84/49 62/99/49
f 128/178/49 133/180/49 132/181/49 130/179/49
f 132/181/49 49/70/49 53/71/49 130/179/49
f 128/182/132 127/175/131 98/174/131 36/183/132
f 132/60/46 133/184/133 37/185/133 38/61/46
f 133/184/134 128/182/132 36/183/132 37/185/134
f 124/172/49 134/101/49 135/76/49 123/186/49
f 134/101/49 60/100/49 63/77/49 135/76/49
f 65/187/135 64/188/135 63/94/55 1/93/55
f 135/76/49 136/75/49 137/189/49 123/186/49
f 64/190/49 139/191/49 138/78/49 63/77/49
f 157/192/136 137/193/137 158/194/137 179/195/136
f 159/196/138 136/197/138 138/198/138 160/199/138
f 209/200/49 140/201/49 139/191/49 64/190/49
f 162/202/139 140/203/139 141/204/140 163/205/140
f 208/206/49 141/207/49 140/201/49 209/200/49
f 142/208/49 141/207/49 208/206/49 207/209/49
f 206/210/49 143/211/49 142/208/49 207/209/49
f 160/199/141 138/198/141 139/212/142 161/213/142
f 163/205/140 141/204/140 142/214/143 164/215/143
f 205/216/49 144/217/49 143/211/49 206/210/49
f 166/218/144 144/219/144 145/220/145 167/221/145
f 204/222/49 145/223/49 144/217/49 205/216/49
f 146/224/49 145/223/49 204/222/49 203/225/49
f 112/226/49 147/227/49 146/224/49 203/225/49
f 164/215/143 142/214/143 143/228/146 165/229/146
f 167/221/145 145/220/145 146/230/147 168/231/147
f 112/226/49 113/232/49 148/233/49 147/227/49
f 170/234/148 148/235/148 149/236/148 171/237/148
f 148/233/49 113/232/49 114/238/49 149/239/49
f 150/240/49 149/239/49 114/238/49 115/241/49
f 151/242/49 116/243/49 117/244/49 152/245/49
f 168/231/147 146/230/147 147/246/149 169/247/149
f 171/237/150 149/236/150 150/248/151 172/249/151
f 152/245/49 117/244/49 118/250/49 153/251/49
f 174/252/152 152/253/152 153/254/153 175/255/153
f 115/241/49 116/243/49 151/242/49 150/240/49
f 153/251/49 118/250/49 119/256/49 154/257/49
f 154/257/49 119/256/49 120/258/49 155/259/49
f 172/249/151 150/248/151 151/260/154 173/261/154
f 175/255/153 153/254/153 154/262/155 176/263/155
f 155/259/49 120/258/49 121/264/49 156/265/49
f 176/263/155 154/262/155 155/266/156 177/267/156
f 156/265/49 121/264/49 122/268/49 157/269/49
f 122/268/49 123/186/49 137/189/49 157/269/49
f 158/194/157 137/193/157 136/197/157 159/196/157
f 161/213/142 139/212/142 140/203/139 162/202/139
f 165/229/146 143/228/146 144/219/144 166/218/144
f 169/247/149 147/246/149 148/270/158 170/271/158
f 173/261/154 151/260/154 152/253/152 174/252/152
f 178/272/159 156/273/159 157/192/136 179/195/136
f 178/274/22 180/275/22 193/276/22 177/277/22
f 181/278/22 180/275/22 178/274/22 179/279/22
f 158/280/22 199/281/22 181/278/22 179/279/22
f 199/281/22 158/280/22 159/282/22 200/283/22
f 160/284/22 87/132/22 200/283/22 159/282/22
f 87/132/22 160/284/22 161/285/22 86/126/22
f 86/126/22 161/285/22 162/286/22 85/125/22
f 85/125/22 162/286/22 163/287/22 84/124/22
f 84/124/22 163/287/22 164/288/22 182/123/22
f 182/123/22 164/288/22 165/289/22 82/121/22
f 82/121/22 165/289/22 166/290/22 81/119/22
f 81/119/22 166/290/22 167/291/160 80/120/161
f 168/292/162 77/122/163 80/120/161 167/291/160
f 77/122/163 168/292/162 169/293/164 110/294/165
f 110/294/165 169/293/164 170/295/166 109/296/167
f 108/156/22 109/296/167 170/295/166 171/297/22
f 108/156/22 171/297/22 172/298/22 183/157/22
f 183/157/22 172/298/22 173/299/22 184/147/22
f 185/148/22 184/147/22 173/299/22 174/300/22
f 175/301/22 176/302/22 192/303/22 191/304/22
f 184/147/113 186/143/112 187/142/122 183/157/121
f 103/305/168 188/146/169 189/306/170 202/307/171
f 191/304/172 192/303/173 190/308/174 189/306/175
f 104/140/106 186/143/109 188/146/169 103/305/168
f 100/309/176 101/310/177 194/311/178 195/312/179
f 37/50/37 33/44/28 31/43/25 38/51/38
f 185/148/114 191/304/172 189/306/175 188/146/111
f 195/312/180 194/311/181 193/276/182 180/275/183
f 176/302/22 177/277/22 193/276/22 192/303/22
f 177/267/156 155/266/156 156/273/159 178/272/159
f 174/300/22 175/301/22 191/304/22 185/148/22
f 193/276/182 194/311/181 190/308/174 192/303/173
f 101/310/177 102/313/184 190/308/185 194/311/178
f 99/314/186 196/315/187 197/316/188 198/317/189
f 100/309/176 195/312/179 197/316/188 196/315/187
f 97/116/71 99/314/186 198/317/189 91/117/72
f 181/278/190 199/281/191 198/317/192 197/316/193
f 102/313/184 202/307/171 189/306/170 190/308/185
f 181/278/190 197/316/193 195/312/180 180/275/183
f 201/135/194 91/117/194 198/317/192 199/281/191
f 201/135/22 199/281/22 200/283/22 89/134/22
f 89/134/22 200/283/22 87/132/22 88/131/22
f 76/159/124 203/158/123 204/318/195 75/319/195
f 210/320/196 205/321/196 206/322/197 72/323/197
f 66/324/198 209/325/198 64/188/135 65/187/135
f 207/326/199 208/327/200 70/328/200 71/329/199
f 70/328/200 208/327/200 209/325/198 66/324/198
f 72/323/197 206/322/197 207/326/199 71/329/199
f 75/319/195 204/318/195 205/321/196 210/320/196
f 20/28/101 4/4/4 5/3/3 18/26/201
f 5/3/3 211/8/8 16/25/23 18/26/201
f 77/122/163 212/330/202 76/113/68 78/114/69
f 212/330/202 77/122/163 110/294/165 111/331/203
f 237/332/49 265/333/49 236/334/49 219/335/49
f 227/336/22 214/337/22 215/338/22 216/339/22
f 232/340/49 403/341/49 398/342/49 231/343/49
f 215/338/22 217/344/22 218/345/22 216/339/22
f 244/346/22 241/347/22 242/348/22 243/349/22
f 222/350/49 223/351/49 220/352/49 221/353/49
f 220/354/204 223/355/205 224/356/205 218/357/204
f 225/358/22 216/339/22 218/345/22 224/359/22
f 274/360/22 275/361/22 272/362/22 273/363/22
f 226/364/22 227/336/22 216/339/22 225/358/22
f 256/365/49 253/366/49 223/351/49 222/350/49
f 228/367/22 213/368/22 214/337/22 227/336/22
f 273/363/22 228/367/22 227/336/22 226/364/22
f 230/369/206 231/370/207 399/371/207 229/372/206
f 228/367/22 273/363/22 272/362/22 229/373/22
f 233/374/49 234/375/49 235/376/49 232/340/49
f 229/373/22 399/377/22 213/368/22 228/367/22
f 230/378/49 233/374/49 232/340/49 231/343/49
f 237/379/208 219/380/208 217/381/208 238/382/208
f 221/353/49 236/334/49 235/376/49 234/375/49
f 236/334/49 221/353/49 220/352/49 219/335/49
f 254/383/209 253/384/209 252/385/209 250/386/209
f 239/387/22 238/388/22 217/344/22 215/338/22
f 223/355/210 253/384/210 254/383/210 224/356/210
f 250/386/211 252/385/211 251/389/212 249/390/212
f 279/391/213 394/392/213 277/393/214 278/394/214
f 270/395/49 269/396/49 234/375/49 233/374/49
f 246/397/22 244/346/22 243/349/22 245/398/22
f 247/399/22 248/400/22 244/346/22 246/397/22
f 247/399/22 250/401/22 249/402/22 248/400/22
f 250/401/22 247/399/22 255/403/22 254/404/22
f 259/405/49 260/406/49 261/407/49 258/408/49
f 268/409/49 261/407/49 263/410/49 264/411/49
f 255/403/22 225/358/22 224/359/22 254/404/22
f 266/412/215 237/413/215 238/414/215 267/415/215
f 256/365/49 257/416/49 252/417/49 253/366/49
f 266/418/49 264/411/49 265/333/49 237/332/49
f 251/419/49 252/417/49 257/416/49 268/409/49
f 260/406/49 262/420/49 263/410/49 261/407/49
f 249/390/212 251/389/212 266/412/216 267/415/216
f 258/408/49 261/407/49 268/409/49 257/416/49
f 240/421/22 248/400/22 249/402/22 267/422/22
f 240/421/22 267/422/22 238/388/22 239/387/22
f 266/418/49 251/419/49 268/409/49 264/411/49
f 248/400/22 240/421/22 241/347/22 244/346/22
f 233/374/49 230/378/49 271/423/49 270/395/49
f 269/396/49 222/350/49 221/353/49 234/375/49
f 278/394/217 277/393/217 276/424/217 275/425/217
f 272/426/218 271/427/218 230/369/206 229/372/206
f 276/428/49 393/429/49 270/395/49 271/423/49
f 275/425/219 276/424/219 271/427/219 272/426/219
f 402/430/22 281/431/22 282/432/22 283/433/22
f 392/434/49 393/429/49 276/428/49 277/435/49
f 280/436/22 279/437/22 278/438/22 408/439/22
f 397/440/220 398/441/220 395/442/220 396/443/220
f 291/444/22 292/445/22 289/446/22 290/447/22
f 285/448/221 287/449/221 286/450/222 284/451/222
f 280/436/22 401/452/22 396/453/22 279/437/22
f 401/452/22 280/436/22 281/431/22 402/430/22
f 282/432/22 285/454/22 284/455/22 283/433/22
f 280/436/22 408/439/22 407/456/22 281/431/22
f 292/457/223 293/458/223 288/459/223 289/460/223
f 289/460/224 288/459/224 287/449/221 285/448/221
f 396/443/225 395/442/225 394/392/213 279/391/213
f 386/461/49 388/462/49 389/463/49 387/464/49
f 293/465/49 295/466/49 294/467/49 288/468/49
f 281/431/22 407/456/22 290/447/22 282/432/22
f 337/469/49 338/470/49 335/471/49 336/472/49
f 300/473/49 299/474/49 298/475/49 297/476/49
f 346/477/22 350/478/22 292/445/22 291/444/22
f 381/479/49 380/480/49 300/473/49 301/481/49
f 390/482/49 294/467/49 391/483/49 388/462/49
f 295/466/49 293/465/49 351/484/49 296/485/49
f 327/486/226 328/487/227 329/488/227 326/489/226
f 304/490/228 382/491/228 302/492/229 303/493/229
f 350/494/230 351/495/230 293/458/230 292/457/230
f 340/496/231 341/497/231 324/498/231 325/499/231
f 301/481/49 300/473/49 297/476/49 296/485/49
f 380/480/49 379/500/49 299/474/49 300/473/49
f 302/501/49 382/502/49 381/479/49 301/481/49
f 296/485/49 351/484/49 302/501/49 301/481/49
f 305/503/22 304/504/22 303/505/22 348/506/22
f 302/492/229 351/495/232 350/494/232 303/493/229
f 317/507/233 318/508/234 316/509/234 315/510/233
f 405/511/22 384/512/22 304/504/22 305/503/22
f 305/503/22 348/506/22 347/513/22 306/514/22
f 307/515/22 349/516/22 329/517/22 330/518/22
f 309/519/22 377/520/22 376/521/22 310/522/22
f 332/523/235 335/524/235 334/525/235 333/526/235
f 363/527/236 366/528/236 365/529/236 364/530/236
f 314/531/22 315/532/22 316/533/22 406/534/22
f 371/535/49 368/536/49 369/537/49 317/538/49
f 319/539/49 359/540/49 318/541/49 370/542/49
f 324/498/237 327/486/237 326/489/237 325/499/237
f 356/543/22 353/544/22 361/545/22 360/546/22
f 298/475/49 327/547/49 324/548/49 323/549/49
f 366/550/238 371/551/238 372/552/238 365/553/238
f 355/554/239 357/555/239 363/527/240 364/530/240
f 310/522/22 376/521/22 354/556/22 311/557/22
f 375/558/49 362/559/49 320/560/49 321/561/49
f 360/562/241 359/563/241 358/564/241 356/565/241
f 306/514/22 347/513/22 349/516/22 307/515/22
f 379/500/49 378/566/49 332/567/49 331/568/49
f 324/548/49 341/569/49 322/570/49 323/549/49
f 327/547/49 298/475/49 299/474/49 328/571/49
f 344/572/22 326/573/22 329/517/22 349/516/22
f 356/565/242 358/564/242 357/555/239 355/554/239
f 328/487/227 331/574/243 330/575/243 329/488/227
f 331/574/244 332/576/244 333/577/244 330/575/244
f 348/506/22 346/477/22 345/578/22 347/513/22
f 308/579/22 333/580/22 334/581/22 309/519/22
f 307/515/22 330/518/22 333/580/22 308/579/22
f 325/582/22 343/583/22 342/584/22 340/585/22
f 328/571/49 299/474/49 379/500/49 331/568/49
f 337/469/49 375/558/49 321/561/49 322/570/49
f 338/586/245 341/497/246 340/496/246 339/587/245
f 335/524/247 338/586/245 339/587/245 334/525/247
f 309/519/22 334/581/22 339/588/22 377/520/22
f 376/521/22 352/589/22 353/544/22 354/556/22
f 322/570/49 341/569/49 338/470/49 337/469/49
f 343/583/22 325/582/22 326/573/22 344/572/22
f 348/506/22 303/505/22 350/478/22 346/477/22
f 347/513/22 345/578/22 344/572/22 349/516/22
f 358/590/49 359/540/49 319/539/49 320/560/49
f 342/584/22 377/520/22 339/588/22 340/585/22
f 353/544/22 356/543/22 355/591/22 354/556/22
f 318/508/248 359/563/248 360/562/248 316/509/248
f 373/592/49 363/593/49 357/594/49 362/559/49
f 357/594/49 358/590/49 320/560/49 362/559/49
f 316/533/22 360/546/22 361/545/22 406/534/22
f 311/557/22 364/595/22 365/596/22 312/597/22
f 378/566/49 336/472/49 335/471/49 332/567/49
f 374/598/49 375/558/49 337/469/49 336/472/49
f 368/536/49 371/535/49 366/599/49 367/600/49
f 377/520/22 342/584/22 352/589/22 376/521/22
f 373/592/49 367/600/49 366/599/49 363/593/49
f 371/551/249 317/507/233 315/510/233 372/552/249
f 312/597/22 365/596/22 372/601/22 313/602/22
f 369/537/49 370/542/49 318/541/49 317/538/49
f 313/602/22 372/601/22 315/532/22 314/531/22
f 311/557/22 354/556/22 355/591/22 364/595/22
f 373/592/49 362/559/49 375/558/49 374/598/49
f 283/433/22 284/455/22 384/512/22 405/511/22
f 284/451/250 286/450/250 383/603/250 384/604/250
f 404/605/49 381/479/49 382/502/49 383/606/49
f 384/607/251 383/608/251 382/491/251 304/490/251
f 385/609/49 404/605/49 383/606/49 286/610/49
f 285/454/22 282/432/22 290/447/22 289/446/22
f 390/482/49 287/611/49 288/468/49 294/467/49
f 385/609/49 390/482/49 388/462/49 386/461/49
f 277/435/49 394/612/49 389/463/49 392/434/49
f 388/462/49 391/483/49 392/434/49 389/463/49
f 286/610/49 287/611/49 390/482/49 385/609/49
f 396/453/22 401/452/22 400/613/22 397/614/22
f 387/464/49 389/463/49 394/612/49 395/615/49
f 399/371/252 231/370/252 398/616/252 397/617/252
f 403/341/49 387/464/49 395/615/49 398/342/49
f 213/368/22 399/377/22 397/614/22 400/613/22
f 408/439/22 278/438/22 275/361/22 274/360/22
f 219/380/253 220/354/204 218/357/204 217/381/253
f 410/618/254 412/619/255 413/620/256 414/621/257
f 409/622/258 411/623/259 412/619/255 410/618/254
f 414/621/257 413/620/256 619/624/260 415/625/261
f 416/626/262 415/625/261 619/624/260 417/627/263
f 416/626/262 417/627/263 418/628/264 455/629/265
f 455/629/265 418/628/264 419/630/266 454/631/267
f 444/632/268 442/633/269 443/634/270 506/635/271
f 418/628/264 420/636/272 422/637/273 419/630/266
f 417/627/263 423/638/274 420/636/272 418/628/264
f 421/639/22 420/636/22 423/638/22 425/640/22
f 451/641/22 422/637/22 420/636/22 421/639/22
f 619/624/260 424/642/275 423/638/274 417/627/263
f 425/640/22 423/638/22 424/642/22 426/643/22
f 427/644/22 425/640/22 426/643/22 428/645/22
f 429/646/22 421/639/22 425/640/22 427/644/22
f 430/647/22 431/648/22 429/646/22 427/644/22
f 502/649/22 430/647/22 500/650/22 501/651/22
f 432/652/22 434/653/22 433/654/22 431/648/22
f 433/654/22 435/655/22 429/646/22 431/648/22
f 434/653/22 438/656/22 436/657/22 433/654/22
f 436/657/22 437/658/22 435/655/22 433/654/22
f 440/659/276 437/658/277 436/657/278 439/660/279
f 439/660/279 436/657/278 438/656/280 441/661/281
f 453/662/282 449/663/283 448/664/284 456/665/285
f 447/666/286 456/665/285 448/664/284 440/659/276
f 441/661/281 438/656/280 434/653/287 442/633/269
f 442/633/269 434/653/287 432/652/288 443/634/270
f 445/667/289 441/661/281 442/633/269 444/632/268
f 446/668/290 447/666/286 440/659/276 439/660/279
f 454/631/267 419/630/266 449/663/283 453/662/282
f 449/663/283 452/669/291 450/670/292 448/664/284
f 448/664/284 450/670/292 437/658/277 440/659/276
f 437/658/22 450/670/22 451/641/22 435/655/22
f 450/670/22 452/669/22 422/637/22 451/641/22
f 419/630/266 422/637/273 452/669/291 449/663/283
f 435/655/22 451/641/22 421/639/22 429/646/22
f 473/671/293 474/672/294 476/673/295 475/674/296
f 447/675/297 446/676/298 540/677/298 457/678/297
f 456/679/299 447/675/297 457/678/297 458/680/299
f 459/681/300 453/682/300 456/679/299 458/680/299
f 458/683/49 460/684/49 463/685/49 459/686/49
f 457/687/49 461/688/49 460/684/49 458/683/49
f 461/688/49 539/689/49 462/690/49 460/684/49
f 460/684/49 462/690/49 464/691/49 463/685/49
f 544/692/49 546/693/49 471/694/49 543/695/49
f 455/696/301 454/697/302 463/698/302 464/699/301
f 462/690/49 466/700/49 465/701/49 464/691/49
f 466/700/49 469/702/49 467/703/49 465/701/49
f 465/704/303 416/705/303 455/696/301 464/699/301
f 414/706/304 415/707/305 467/708/305 469/709/304
f 415/707/305 416/705/303 465/704/303 467/708/305
f 409/710/306 410/711/307 468/712/307 471/713/306
f 410/714/308 414/706/304 469/709/304 468/715/308
f 470/716/49 468/717/49 469/702/49 466/700/49
f 468/717/49 470/716/49 534/718/49 542/719/49
f 473/671/293 475/674/296 411/623/259 409/622/258
f 478/720/309 477/721/310 476/673/295 474/672/294
f 479/722/311 491/723/312 477/721/310 478/720/309
f 480/724/313 618/725/314 482/726/315 481/727/316
f 483/728/317 487/729/318 482/726/315 618/725/314
f 479/722/311 480/724/313 481/727/316 491/723/312
f 484/730/319 486/731/320 487/729/318 483/728/317
f 504/732/321 503/733/322 499/734/323 505/735/324
f 489/736/325 482/726/326 487/729/327 488/737/328
f 489/736/325 490/738/329 481/727/330 482/726/326
f 488/737/328 487/729/327 486/731/331 485/739/331
f 490/738/329 590/740/332 491/723/333 481/727/330
f 492/741/334 477/721/335 491/723/333 590/740/332
f 493/742/336 476/673/337 477/721/335 492/741/334
f 493/742/336 494/743/338 475/674/339 476/673/337
f 530/744/340 531/745/341 507/746/341 604/747/340
f 496/748/342 412/619/342 411/623/343 495/749/344
f 496/748/345 497/750/346 498/751/347 412/619/255
f 497/750/346 609/752/348 499/734/349 498/751/347
f 499/734/349 501/651/350 500/650/351 498/751/347
f 498/751/347 500/650/351 428/645/352 412/619/255
f 502/649/22 432/652/22 431/648/22 430/647/22
f 503/733/322 502/649/353 501/651/354 499/734/323
f 443/634/270 432/652/288 502/649/353 503/733/322
f 430/647/22 427/644/22 428/645/22 500/650/22
f 506/635/271 443/634/270 503/733/322 504/732/321
f 513/753/355 514/754/356 522/755/356 523/756/355
f 512/757/357 594/758/358 595/759/359 513/760/360
f 513/760/360 595/759/359 515/761/361 514/762/361
f 596/763/362 593/764/363 592/765/364 594/758/365
f 620/766/366 520/767/367 519/768/368
f 525/769/369 511/770/369 512/771/370 524/772/370
f 516/773/371 515/761/371 595/759/372 591/774/373
f 520/767/367 620/766/366 484/775/374 611/776/375
f 526/777/376 610/778/376 511/770/369 525/769/369
f 529/779/377 508/780/377 509/781/378 528/782/378
f 512/771/370 513/753/355 523/756/355 524/772/370
f 510/783/379 610/778/376 526/777/376 527/784/379
f 530/744/340 604/747/340 508/780/377 529/779/377
f 532/785/380 505/786/380 507/746/341 531/745/341
f 509/781/378 510/783/379 527/784/379 528/782/378
f 504/787/381 505/786/380 532/785/380 533/788/381
f 475/674/339 494/743/338 495/749/344 411/623/343
f 542/719/49 534/718/49 533/789/49 532/790/49
f 506/791/382 504/787/381 533/788/381 535/792/382
f 535/793/49 533/789/49 534/718/49 537/794/49
f 454/697/302 453/682/300 459/681/300 463/698/302
f 535/793/49 537/794/49 538/795/49 536/796/49
f 538/795/49 537/794/49 539/689/49 461/688/49
f 539/689/49 537/794/49 534/718/49 470/716/49
f 539/689/49 470/716/49 466/700/49 462/690/49
f 536/796/49 538/795/49 540/797/49 541/798/49
f 540/797/49 538/795/49 461/688/49 457/687/49
f 536/799/383 444/800/383 506/791/382 535/792/382
f 540/677/298 446/676/298 445/801/384 541/802/384
f 541/802/385 445/801/385 444/800/383 536/799/383
f 532/790/49 531/803/49 543/695/49 542/719/49
f 542/719/49 543/695/49 471/694/49 468/717/49
f 473/804/386 409/710/306 471/713/306 472/805/386
f 543/695/49 531/803/49 545/806/49 544/692/49
f 472/807/49 471/694/49 546/693/49 547/808/49
f 565/809/387 587/810/387 566/811/388 545/812/388
f 567/813/389 568/814/389 546/815/389 544/816/389
f 617/817/49 472/807/49 547/808/49 548/818/49
f 570/819/390 571/820/391 549/821/391 548/822/390
f 616/823/49 617/817/49 548/818/49 549/824/49
f 550/825/49 615/826/49 616/823/49 549/824/49
f 614/827/49 615/826/49 550/825/49 551/828/49
f 568/814/392 569/829/393 547/830/393 546/815/392
f 571/820/391 572/831/394 550/832/394 549/821/391
f 613/833/49 614/827/49 551/828/49 552/834/49
f 574/835/395 575/836/396 553/837/396 552/838/395
f 612/839/49 613/833/49 552/834/49 553/840/49
f 554/841/49 611/842/49 612/839/49 553/840/49
f 520/843/49 611/842/49 554/841/49 555/844/49
f 572/831/394 573/845/397 551/846/397 550/832/394
f 575/836/396 576/847/398 554/848/398 553/837/396
f 520/843/49 555/844/49 556/849/49 521/850/49
f 578/851/399 579/852/399 557/853/399 556/854/399
f 556/849/49 557/855/49 522/856/49 521/850/49
f 558/857/49 523/858/49 522/856/49 557/855/49
f 559/859/49 560/860/49 525/861/49 524/862/49
f 576/847/398 577/863/400 555/864/400 554/848/398
f 579/852/401 580/865/402 558/866/402 557/853/401
f 560/860/49 561/867/49 526/868/49 525/861/49
f 582/869/403 583/870/404 561/871/404 560/872/403
f 523/858/49 558/857/49 559/859/49 524/862/49
f 561/867/49 562/873/49 527/874/49 526/868/49
f 562/873/49 563/875/49 528/876/49 527/874/49
f 580/865/402 581/877/405 559/878/405 558/866/402
f 583/870/404 584/879/406 562/880/406 561/871/404
f 563/875/49 564/881/49 529/882/49 528/876/49
f 584/879/406 585/883/407 563/884/407 562/880/406
f 564/881/49 565/885/49 530/886/49 529/882/49
f 530/886/49 565/885/49 545/806/49 531/803/49
f 566/811/408 567/813/408 544/816/408 545/812/408
f 569/829/393 570/819/390 548/822/390 547/830/393
f 573/845/397 574/835/395 552/838/395 551/846/397
f 577/863/400 578/887/409 556/888/409 555/864/400
f 581/877/405 582/869/403 560/872/403 559/878/405
f 586/889/410 587/810/387 565/809/387 564/890/410
f 586/891/22 585/892/22 601/893/22 588/894/22
f 589/895/22 587/896/22 586/891/22 588/894/22
f 566/897/22 587/896/22 589/895/22 607/898/22
f 607/898/22 608/899/22 567/900/22 566/897/22
f 568/901/22 567/900/22 608/899/22 495/749/22
f 495/749/22 494/743/22 569/902/22 568/901/22
f 494/743/22 493/742/22 570/903/22 569/902/22
f 493/742/22 492/741/22 571/904/22 570/903/22
f 492/741/22 590/740/22 572/905/22 571/904/22
f 590/740/22 490/738/22 573/906/22 572/905/22
f 490/738/22 489/736/22 574/907/22 573/906/22
f 489/736/22 488/737/411 575/908/412 574/907/22
f 576/909/413 575/908/412 488/737/411 485/739/414
f 485/739/414 518/910/415 577/911/416 576/909/413
f 518/910/415 517/912/417 578/913/418 577/911/416
f 516/773/22 579/914/22 578/913/418 517/912/417
f 516/773/22 591/774/22 580/915/22 579/914/22
f 591/774/22 592/765/22 581/916/22 580/915/22
f 593/764/22 582/917/22 581/916/22 592/765/22
f 583/918/22 599/919/22 600/920/22 584/921/22
f 592/765/364 591/774/373 595/759/372 594/758/365
f 511/922/419 610/923/420 597/924/421 596/763/422
f 599/919/423 597/924/424 598/925/425 600/920/426
f 512/757/357 511/922/419 596/763/422 594/758/358
f 508/926/427 603/927/428 602/928/429 509/929/430
f 445/667/289 446/668/290 439/660/279 441/661/281
f 593/764/363 596/763/362 597/924/424 599/919/423
f 603/927/431 588/894/432 601/893/433 602/928/434
f 584/921/22 600/920/22 601/893/22 585/892/22
f 585/883/407 586/889/410 564/890/410 563/884/407
f 582/917/22 593/764/22 599/919/22 583/918/22
f 601/893/433 600/920/426 598/925/425 602/928/434
f 509/929/430 602/928/429 598/925/435 510/930/436
f 507/931/437 606/932/438 605/933/439 604/934/440
f 508/926/427 604/934/440 605/933/439 603/927/428
f 505/735/324 499/734/323 606/932/438 507/931/437
f 589/895/441 605/933/442 606/932/443 607/898/444
f 510/930/436 598/925/435 597/924/421 610/923/420
f 589/895/441 588/894/432 603/927/431 605/933/442
f 609/752/445 607/898/444 606/932/443 499/734/445
f 609/752/22 497/750/22 608/899/22 607/898/22
f 497/750/22 496/748/22 495/749/22 608/899/22
f 484/775/374 483/935/446 612/936/446 611/776/375
f 618/937/447 480/938/448 614/939/448 613/940/447
f 474/941/449 473/804/386 472/805/386 617/942/449
f 615/943/450 479/944/450 478/945/451 616/946/451
f 478/945/451 474/941/449 617/942/449 616/946/451
f 480/938/448 479/944/450 615/943/450 614/939/448
f 483/935/446 618/937/447 613/940/447 612/936/446
f 428/645/352 426/643/452 413/620/256 412/619/255
f 413/620/256 426/643/452 424/642/275 619/624/260
f 485/739/414 486/731/320 484/730/319 620/947/453
f 620/947/453 519/948/454 518/910/415 485/739/414
f 645/949/49 627/950/49 644/951/49 673/952/49
f 635/953/22 624/954/22 623/955/22 622/956/22
f 640/957/49 639/958/49 806/959/49 811/960/49
f 623/955/22 624/954/22 626/961/22 625/962/22
f 652/963/22 651/964/22 650/965/22 649/966/22
f 630/967/49 629/968/49 628/969/49 631/970/49
f 628/971/455 626/972/455 632/973/456 631/974/456
f 633/975/22 632/976/22 626/961/22 624/954/22
f 682/977/22 681/978/22 680/979/22 683/980/22
f 634/981/22 633/975/22 624/954/22 635/953/22
f 664/982/49 630/967/49 631/970/49 661/983/49
f 636/984/22 635/953/22 622/956/22 621/985/22
f 681/978/22 634/981/22 635/953/22 636/984/22
f 638/986/457 637/987/457 807/988/458 639/989/458
f 636/984/22 637/990/22 680/979/22 681/978/22
f 641/991/49 640/957/49 643/992/49 642/993/49
f 637/990/22 636/984/22 621/985/22 807/994/22
f 638/995/49 639/958/49 640/957/49 641/991/49
f 645/996/459 646/997/459 625/998/459 627/999/459
f 629/968/49 642/993/49 643/992/49 644/951/49
f 644/951/49 627/950/49 628/969/49 629/968/49
f 662/1000/460 658/1001/460 660/1002/460 661/1003/460
f 647/1004/22 623/955/22 625/962/22 646/1005/22
f 631/974/461 632/973/461 662/1000/461 661/1003/461
f 658/1001/462 657/1006/463 659/1007/463 660/1002/462
f 687/1008/464 686/1009/465 685/1010/465 802/1011/464
f 678/1012/49 641/991/49 642/993/49 677/1013/49
f 654/1014/22 653/1015/22 651/964/22 652/963/22
f 655/1016/22 654/1014/22 652/963/22 656/1017/22
f 655/1016/22 656/1017/22 657/1018/22 658/1019/22
f 658/1019/22 662/1020/22 663/1021/22 655/1016/22
f 667/1022/49 666/1023/49 669/1024/49 668/1025/49
f 676/1026/49 672/1027/49 671/1028/49 669/1024/49
f 663/1021/22 662/1020/22 632/976/22 633/975/22
f 674/1029/466 675/1030/466 646/1031/466 645/1032/466
f 664/982/49 661/983/49 660/1033/49 665/1034/49
f 674/1035/49 645/949/49 673/952/49 672/1027/49
f 659/1036/49 676/1026/49 665/1034/49 660/1033/49
f 668/1025/49 669/1024/49 671/1028/49 670/1037/49
f 657/1006/463 675/1030/467 674/1029/467 659/1007/463
f 666/1023/49 665/1034/49 676/1026/49 669/1024/49
f 648/1038/22 675/1039/22 657/1018/22 656/1017/22
f 648/1038/22 647/1004/22 646/1005/22 675/1039/22
f 674/1035/49 672/1027/49 676/1026/49 659/1036/49
f 656/1017/22 652/963/22 649/966/22 648/1038/22
f 641/991/49 678/1012/49 679/1040/49 638/995/49
f 677/1013/49 642/993/49 629/968/49 630/967/49
f 686/1009/468 683/1041/468 684/1042/468 685/1010/468
f 680/1043/469 637/987/457 638/986/457 679/1044/469
f 684/1045/49 679/1040/49 678/1012/49 801/1046/49
f 683/1041/470 680/1043/470 679/1044/470 684/1042/470
f 810/1047/22 691/1048/22 690/1049/22 689/1050/22
f 800/1051/49 685/1052/49 684/1045/49 801/1046/49
f 688/1053/22 816/1054/22 686/1055/22 687/1056/22
f 805/1057/471 804/1058/471 803/1059/471 806/1060/471
f 699/1061/22 698/1062/22 697/1063/22 700/1064/22
f 693/1065/472 692/1066/473 694/1067/473 695/1068/472
f 688/1053/22 687/1056/22 804/1069/22 809/1070/22
f 809/1070/22 810/1047/22 689/1050/22 688/1053/22
f 690/1049/22 691/1048/22 692/1071/22 693/1072/22
f 688/1053/22 689/1050/22 815/1073/22 816/1054/22
f 700/1074/474 697/1075/474 696/1076/474 701/1077/474
f 697/1075/475 693/1065/472 695/1068/472 696/1076/475
f 804/1058/476 687/1008/464 802/1011/464 803/1059/476
f 794/1078/49 795/1079/49 797/1080/49 796/1081/49
f 701/1082/49 696/1083/49 702/1084/49 703/1085/49
f 689/1050/22 690/1049/22 698/1062/22 815/1073/22
f 745/1086/49 744/1087/49 743/1088/49 746/1089/49
f 708/1090/49 705/1091/49 706/1092/49 707/1093/49
f 754/1094/22 699/1061/22 700/1064/22 758/1095/22
f 789/1096/49 709/1097/49 708/1090/49 788/1098/49
f 798/1099/49 796/1081/49 799/1100/49 702/1084/49
f 703/1085/49 704/1101/49 759/1102/49 701/1082/49
f 735/1103/477 734/1104/477 737/1105/478 736/1106/478
f 712/1107/479 711/1108/480 710/1109/480 790/1110/479
f 758/1111/481 700/1074/481 701/1077/481 759/1112/481
f 748/1113/482 733/1114/482 732/1115/482 749/1116/482
f 709/1097/49 704/1101/49 705/1091/49 708/1090/49
f 788/1098/49 708/1090/49 707/1093/49 787/1117/49
f 710/1118/49 709/1097/49 789/1096/49 790/1119/49
f 704/1101/49 709/1097/49 710/1118/49 759/1102/49
f 713/1120/22 756/1121/22 711/1122/22 712/1123/22
f 710/1109/480 711/1108/480 758/1111/483 759/1112/483
f 725/1124/484 723/1125/484 724/1126/485 726/1127/485
f 813/1128/22 713/1120/22 712/1123/22 792/1129/22
f 713/1120/22 714/1130/22 755/1131/22 756/1121/22
f 715/1132/22 738/1133/22 737/1134/22 757/1135/22
f 717/1136/22 718/1137/22 784/1138/22 785/1139/22
f 740/1140/486 741/1141/486 742/1142/486 743/1143/486
f 771/1144/487 772/1145/487 773/1146/487 774/1147/487
f 722/1148/22 814/1149/22 724/1150/22 723/1151/22
f 779/1152/49 725/1153/49 777/1154/49 776/1155/49
f 727/1156/49 778/1157/49 726/1158/49 767/1159/49
f 732/1115/488 733/1114/488 734/1104/488 735/1103/488
f 764/1160/22 768/1161/22 769/1162/22 761/1163/22
f 706/1092/49 731/1164/49 732/1165/49 735/1166/49
f 774/1167/489 773/1168/489 780/1169/489 779/1170/489
f 763/1171/490 772/1145/491 771/1144/491 765/1172/490
f 718/1137/22 719/1173/22 762/1174/22 784/1138/22
f 783/1175/49 729/1176/49 728/1177/49 770/1178/49
f 768/1179/492 764/1180/492 766/1181/492 767/1182/492
f 714/1130/22 715/1132/22 757/1135/22 755/1131/22
f 787/1117/49 739/1183/49 740/1184/49 786/1185/49
f 732/1165/49 731/1164/49 730/1186/49 749/1187/49
f 735/1166/49 736/1188/49 707/1093/49 706/1092/49
f 752/1189/22 757/1135/22 737/1134/22 734/1190/22
f 764/1180/493 763/1171/490 765/1172/490 766/1181/493
f 736/1106/478 737/1105/478 738/1191/494 739/1192/494
f 739/1192/495 738/1191/495 741/1193/495 740/1194/495
f 756/1121/22 755/1131/22 753/1195/22 754/1094/22
f 716/1196/22 717/1136/22 742/1197/22 741/1198/22
f 715/1132/22 716/1196/22 741/1198/22 738/1133/22
f 733/1199/22 748/1200/22 750/1201/22 751/1202/22
f 736/1188/49 739/1183/49 787/1117/49 707/1093/49
f 745/1086/49 730/1186/49 729/1176/49 783/1175/49
f 746/1203/496 747/1204/496 748/1113/497 749/1116/497
f 743/1143/498 742/1142/498 747/1204/496 746/1203/496
f 717/1136/22 785/1139/22 747/1205/22 742/1197/22
f 784/1138/22 762/1174/22 761/1163/22 760/1206/22
f 730/1186/49 745/1086/49 746/1089/49 749/1187/49
f 751/1202/22 752/1189/22 734/1190/22 733/1199/22
f 756/1121/22 754/1094/22 758/1095/22 711/1122/22
f 755/1131/22 757/1135/22 752/1189/22 753/1195/22
f 766/1207/49 728/1177/49 727/1156/49 767/1159/49
f 750/1201/22 748/1200/22 747/1205/22 785/1139/22
f 761/1163/22 762/1174/22 763/1208/22 764/1160/22
f 726/1127/499 724/1126/499 768/1179/499 767/1182/499
f 781/1209/49 770/1178/49 765/1210/49 771/1211/49
f 765/1210/49 770/1178/49 728/1177/49 766/1207/49
f 724/1150/22 814/1149/22 769/1162/22 768/1161/22
f 719/1173/22 720/1212/22 773/1213/22 772/1214/22
f 786/1185/49 740/1184/49 743/1088/49 744/1087/49
f 782/1215/49 744/1087/49 745/1086/49 783/1175/49
f 776/1155/49 775/1216/49 774/1217/49 779/1152/49
f 785/1139/22 784/1138/22 760/1206/22 750/1201/22
f 781/1209/49 771/1211/49 774/1217/49 775/1216/49
f 779/1170/500 780/1169/500 723/1125/484 725/1124/484
f 720/1212/22 721/1218/22 780/1219/22 773/1213/22
f 777/1154/49 725/1153/49 726/1158/49 778/1157/49
f 721/1218/22 722/1148/22 723/1151/22 780/1219/22
f 719/1173/22 772/1214/22 763/1208/22 762/1174/22
f 781/1209/49 782/1215/49 783/1175/49 770/1178/49
f 691/1048/22 813/1128/22 792/1129/22 692/1071/22
f 692/1066/501 792/1220/501 791/1221/501 694/1067/501
f 812/1222/49 791/1223/49 790/1119/49 789/1096/49
f 792/1224/502 712/1107/502 790/1110/502 791/1225/502
f 793/1226/49 694/1227/49 791/1223/49 812/1222/49
f 693/1072/22 697/1063/22 698/1062/22 690/1049/22
f 798/1099/49 702/1084/49 696/1083/49 695/1228/49
f 793/1226/49 794/1078/49 796/1081/49 798/1099/49
f 685/1052/49 800/1051/49 797/1080/49 802/1229/49
f 796/1081/49 797/1080/49 800/1051/49 799/1100/49
f 694/1227/49 793/1226/49 798/1099/49 695/1228/49
f 804/1069/22 805/1230/22 808/1231/22 809/1070/22
f 795/1079/49 803/1232/49 802/1229/49 797/1080/49
f 807/988/503 805/1233/503 806/1234/503 639/989/503
f 811/960/49 806/959/49 803/1232/49 795/1079/49
f 621/985/22 808/1231/22 805/1230/22 807/994/22
f 816/1054/22 682/977/22 683/980/22 686/1055/22
f 627/999/504 625/998/504 626/972/455 628/971/455
f 853/1235/49 860/1236/49 859/1237/49 855/1238/49
f 844/1239/49 850/1240/49 849/1241/49 846/1242/49
f 845/1243/49 851/1244/49 850/1240/49 844/1239/49
f 854/1245/49 852/1246/49 851/1244/49 845/1243/49
f 860/1236/49 852/1246/49 854/1245/49 859/1237/49
f 867/1247/49 854/1245/49 845/1243/49 866/1248/49
f 855/1238/49 859/1237/49 870/1249/49 865/1250/49
f 879/1251/505 905/1252/505 897/1253/506 887/1254/506
f 866/1248/49 845/1243/49 844/1239/49 868/1255/49
f 862/1256/49 869/1257/49 846/1242/49 863/1258/49
f 856/1259/49 869/1257/49 862/1256/49 861/1260/49
f 868/1255/49 844/1239/49 846/1242/49 869/1257/49
f 854/1245/49 867/1247/49 870/1249/49 859/1237/49
f 904/1261/49 893/1262/49 909/1263/49 903/1264/49
f 865/1250/49 870/1249/49 847/1265/49 848/1266/49
f 847/1265/49 870/1249/49 867/1247/49 858/1267/49
f 868/1255/49 869/1257/49 856/1259/49 857/1268/49
f 827/1269/22 836/1270/22 837/1271/22 825/1272/22
f 841/1273/22 842/1274/22 840/1275/22 823/1276/22
f 828/1277/22 841/1273/22 823/1276/22 822/1278/22
f 829/1279/22 828/1277/22 822/1278/22 826/1280/22
f 837/1271/22 836/1270/22 829/1279/22 826/1280/22
f 840/1275/22 842/1274/22 843/1281/22 824/1282/22
f 831/1283/22 835/1284/22 836/1270/22 827/1269/22
f 820/1285/22 828/1277/22 829/1279/22 830/1286/22
f 832/1287/22 841/1273/22 828/1277/22 820/1285/22
f 843/1281/22 842/1274/22 839/1288/22 833/1289/22
f 817/1290/22 833/1289/22 839/1288/22 838/1291/22
f 832/1287/22 839/1288/22 842/1274/22 841/1273/22
f 829/1279/22 836/1270/22 835/1284/22 830/1286/22
f 818/1292/22 834/1293/22 835/1284/22 831/1283/22
f 830/1286/22 835/1284/22 834/1293/22 819/1294/22
f 821/1295/22 838/1291/22 839/1288/22 832/1287/22
f 818/1296/507 848/1297/507 847/1298/507 834/1299/507
f 838/1300/508 856/1301/508 861/1302/508 817/1303/508
f 819/1304/509 858/1305/509 867/1306/509 830/1307/509
f 843/1308/510 863/1309/510 864/1310/511 824/1311/511
f 820/1312/512 866/1313/512 868/1314/513 832/1315/513
f 832/1315/513 868/1314/513 857/1316/514 821/1317/514
f 825/1318/515 853/1319/515 855/1320/516 827/1321/516
f 882/1322/517 894/1323/517 895/1324/517 872/1325/517
f 830/1326/518 867/1327/518 866/1313/512 820/1312/512
f 821/1317/514 857/1316/514 856/1301/519 838/1300/519
f 817/1303/520 861/1302/520 862/1328/521 833/1329/521
f 827/1321/516 855/1320/516 865/1330/522 831/1331/522
f 831/1331/522 865/1330/522 848/1297/523 818/1296/523
f 873/1332/524 900/1333/524 894/1323/524 882/1322/524
f 891/1334/49 893/1262/49 849/1241/49 850/1240/49
f 892/1335/49 891/1334/49 850/1240/49 851/1244/49
f 896/1336/49 892/1335/49 851/1244/49 852/1246/49
f 860/1236/49 901/1337/49 896/1336/49 852/1246/49
f 849/1241/49 893/1262/49 904/1261/49 864/1338/49
f 905/1339/49 910/1340/49 901/1337/49 897/1341/49
f 906/1342/49 892/1335/49 896/1336/49 907/1343/49
f 908/1344/49 891/1334/49 892/1335/49 906/1342/49
f 902/1345/49 903/1264/49 909/1263/49 898/1346/49
f 897/1341/49 901/1337/49 860/1236/49 853/1235/49
f 908/1344/49 909/1263/49 893/1262/49 891/1334/49
f 896/1336/49 901/1337/49 910/1340/49 907/1343/49
f 849/1241/49 864/1338/49 863/1258/49 846/1242/49
f 895/1347/49 894/1348/49 910/1340/49 905/1339/49
f 907/1343/49 910/1340/49 894/1348/49 900/1349/49
f 899/1350/49 898/1346/49 909/1263/49 908/1344/49
f 825/1272/22 837/1271/22 888/1351/22 887/1352/22
f 877/1353/22 823/1276/22 840/1275/22 886/1354/22
f 890/1355/22 822/1278/22 823/1276/22 877/1353/22
f 889/1356/22 826/1280/22 822/1278/22 890/1355/22
f 837/1271/22 826/1280/22 889/1356/22 888/1351/22
f 840/1275/22 824/1282/22 876/1357/22 886/1354/22
f 887/1352/22 888/1351/22 883/1358/22 879/1359/22
f 878/1360/22 889/1356/22 890/1355/22 874/1361/22
f 874/1361/22 890/1355/22 877/1353/22 880/1362/22
f 881/1363/22 885/1364/22 886/1354/22 876/1357/22
f 884/1365/22 885/1364/22 881/1363/22 871/1366/22
f 880/1362/22 877/1353/22 886/1354/22 885/1364/22
f 889/1356/22 878/1360/22 883/1358/22 888/1351/22
f 879/1359/22 883/1358/22 882/1367/22 872/1368/22
f 882/1367/22 883/1358/22 878/1360/22 873/1369/22
f 880/1362/22 885/1364/22 884/1365/22 875/1370/22
f 871/1371/525 902/1372/525 898/1373/525 884/1374/525
f 878/1375/526 907/1376/526 900/1333/526 873/1332/526
f 876/1377/527 904/1378/527 903/1379/528 881/1380/528
f 833/1329/521 862/1328/521 863/1309/510 843/1308/510
f 824/1311/511 864/1310/511 904/1378/527 876/1377/527
f 880/1381/529 908/1382/529 906/1383/530 874/1384/530
f 875/1385/531 899/1386/531 908/1382/529 880/1381/529
f 874/1384/530 906/1383/530 907/1376/532 878/1375/532
f 884/1374/533 898/1373/533 899/1386/531 875/1385/531
f 881/1380/528 903/1379/528 902/1372/534 871/1371/534
f 887/1254/506 897/1253/506 853/1319/515 825/1318/515
f 872/1325/535 895/1324/535 905/1252/505 879/1251/505
f 834/1299/536 847/1298/536 858/1305/536 819/1304/536
