# Blender 4.0.2
# www.blender.org
o industrial_staircase_01
v 0.012000 0.197808 0.000000
v 0.012000 0.012000 0.000000
v 0.012000 0.012791 -0.156553
v 0.012000 0.012000 -0.156553
v 0.012000 1.250080 -1.316705
v 0.012000 1.012879 -1.399018
v 0.012000 1.250080 -2.193738
v 0.012000 1.012879 -2.193738
v 0.087134 0.012000 0.000000
v 0.087134 0.012000 -0.156553
v -0.000000 0.197808 0.000000
v 0.000000 0.000000 0.000000
v -0.000000 0.012791 -0.156553
v 0.000000 0.000000 -0.156553
v -0.000000 1.250080 -1.316705
v -0.000000 1.012879 -1.399018
v -0.000000 1.250080 -2.205738
v -0.000000 1.012879 -2.205738
v 0.087134 0.000000 0.000000
v 0.087134 0.000000 -0.156553
v 0.952462 0.197808 0.000000
v 0.952462 0.012000 0.000000
v 0.952462 0.012791 -0.156553
v 0.952462 0.012000 -0.156553
v 0.952462 1.250080 -1.316705
v 0.952462 1.012879 -1.399018
v 0.952462 1.250080 -2.193738
v 0.952462 1.012879 -2.193738
v 0.877328 0.012000 0.000000
v 0.877328 0.012000 -0.156553
v 0.964462 0.197808 0.000000
v 0.964462 0.000000 0.000000
v 0.964462 0.012791 -0.156553
v 0.964462 0.000000 -0.156553
v 0.964462 1.250080 -1.316705
v 0.964462 1.012879 -1.399018
v 0.964462 1.250080 -2.205738
v 0.964462 1.012879 -2.205738
v 0.877328 0.000000 0.000000
v 0.877328 0.000000 -0.156553
v 0.012000 0.150780 -0.065871
v 0.952462 0.150780 -0.065871
v 0.012000 0.229735 -0.304476
v 0.952462 0.229735 -0.304476
v 0.012000 0.178844 -0.063002
v 0.012000 0.194822 -0.078980
v 0.012000 0.190142 -0.067682
v 0.952462 0.194822 -0.078980
v 0.952462 0.178844 -0.063002
v 0.952462 0.190142 -0.067682
v 0.012000 0.194822 -0.304476
v 0.952462 0.194822 -0.304476
v 0.012000 0.151797 -0.075819
v 0.952462 0.151797 -0.075819
v 0.012000 0.229735 -0.314476
v 0.952462 0.229735 -0.314476
v 0.012000 0.177349 -0.073206
v 0.012000 0.184822 -0.080969
v 0.012000 0.182489 -0.075335
v 0.952462 0.184822 -0.080969
v 0.952462 0.177349 -0.073206
v 0.952462 0.182489 -0.075335
v 0.012000 0.184822 -0.314476
v 0.952462 0.184822 -0.314476
v 0.012000 0.344221 -0.304771
v 0.952462 0.344221 -0.304771
v 0.012000 0.423176 -0.543376
v 0.952462 0.423176 -0.543376
v 0.012000 0.372284 -0.301902
v 0.012000 0.388263 -0.317881
v 0.012000 0.383583 -0.306582
v 0.952462 0.388263 -0.317881
v 0.952462 0.372284 -0.301902
v 0.952462 0.383583 -0.306582
v 0.012000 0.388263 -0.543376
v 0.952462 0.388263 -0.543376
v 0.012000 0.345238 -0.314719
v 0.952462 0.345238 -0.314719
v 0.012000 0.423176 -0.553376
v 0.952462 0.423176 -0.553376
v 0.012000 0.370790 -0.312107
v 0.012000 0.378263 -0.319870
v 0.012000 0.375929 -0.314236
v 0.952462 0.378263 -0.319870
v 0.952462 0.370790 -0.312107
v 0.952462 0.375929 -0.314236
v 0.012000 0.378263 -0.553376
v 0.952462 0.378263 -0.553376
v 0.012000 0.537661 -0.543672
v 0.952462 0.537661 -0.543672
v 0.012000 0.616616 -0.782277
v 0.952462 0.616616 -0.782277
v 0.012000 0.565725 -0.540802
v 0.012000 0.581703 -0.556781
v 0.012000 0.577024 -0.545482
v 0.952462 0.581703 -0.556781
v 0.952462 0.565725 -0.540802
v 0.952462 0.577024 -0.545482
v 0.012000 0.581703 -0.782277
v 0.952462 0.581703 -0.782277
v 0.012000 0.538678 -0.553620
v 0.952462 0.538678 -0.553620
v 0.012000 0.616616 -0.792277
v 0.952462 0.616616 -0.792277
v 0.012000 0.564231 -0.551007
v 0.012000 0.571703 -0.558770
v 0.012000 0.569370 -0.553136
v 0.952462 0.571703 -0.558770
v 0.952462 0.564231 -0.551007
v 0.952462 0.569370 -0.553136
v 0.012000 0.571703 -0.792277
v 0.952462 0.571703 -0.792277
v 0.012000 0.731102 -0.782572
v 0.952462 0.731102 -0.782572
v 0.012000 0.810057 -1.021177
v 0.952462 0.810057 -1.021177
v 0.012000 0.759166 -0.779703
v 0.012000 0.775144 -0.795681
v 0.012000 0.770464 -0.784383
v 0.952462 0.775144 -0.795681
v 0.952462 0.759166 -0.779703
v 0.952462 0.770464 -0.784383
v 0.012000 0.775144 -1.021177
v 0.952462 0.775144 -1.021177
v 0.012000 0.732119 -0.792520
v 0.952462 0.732119 -0.792520
v 0.012000 0.810057 -1.031177
v 0.952462 0.810057 -1.031177
v 0.012000 0.757671 -0.789908
v 0.012000 0.765144 -0.797671
v 0.012000 0.762810 -0.792037
v 0.952462 0.765144 -0.797671
v 0.952462 0.757671 -0.789908
v 0.952462 0.762810 -0.792037
v 0.012000 0.765144 -1.031177
v 0.952462 0.765144 -1.031177
v 0.012000 0.924542 -1.021473
v 0.952462 0.924542 -1.021473
v 0.012000 1.003497 -1.260078
v 0.952462 1.003497 -1.260078
v 0.012000 0.952606 -1.018603
v 0.012000 0.968585 -1.034582
v 0.012000 0.963905 -1.023283
v 0.952462 0.968585 -1.034582
v 0.952462 0.952606 -1.018603
v 0.952462 0.963905 -1.023283
v 0.012000 0.968585 -1.260077
v 0.952462 0.968585 -1.260077
v 0.012000 0.925559 -1.031421
v 0.952462 0.925559 -1.031421
v 0.012000 1.003497 -1.270078
v 0.952462 1.003497 -1.270078
v 0.012000 0.951112 -1.028808
v 0.012000 0.958585 -1.036571
v 0.012000 0.956251 -1.030937
v 0.952462 0.958585 -1.036571
v 0.952462 0.951112 -1.028808
v 0.952462 0.956251 -1.030937
v 0.012000 0.958585 -1.270077
v 0.952462 0.958585 -1.270077
v 0.012000 1.117983 -1.260373
v 0.952462 1.117983 -1.260373
v 0.012000 1.146047 -1.257504
v 0.012000 1.162025 -1.273482
v 0.012000 1.157345 -1.262184
v 0.952462 1.162025 -1.273482
v 0.952462 1.146047 -1.257504
v 0.952462 1.157345 -1.262184
v 0.012000 1.162025 -2.193738
v 0.952462 1.162025 -2.193738
v 0.012000 1.119000 -1.270321
v 0.952462 1.119000 -1.270321
v 0.012000 1.144552 -1.267709
v 0.012000 1.152025 -1.275471
v 0.012000 1.149692 -1.269837
v 0.952462 1.152025 -1.275471
v 0.952462 1.144552 -1.267709
v 0.952462 1.149692 -1.269837
v 0.012000 1.152025 -2.193738
v 0.952462 1.152025 -2.193738
v 0.017944 1.110013 -1.570112
v 0.017944 1.152025 -1.570112
v 0.017944 1.110013 -1.577521
v 0.017944 1.152025 -1.577521
v 0.917894 1.110013 -1.570112
v 0.917894 1.152025 -1.570112
v 0.917894 1.110013 -1.577521
v 0.917894 1.152025 -1.577521
v 0.017944 1.110013 -1.872244
v 0.017944 1.152025 -1.872244
v 0.017944 1.110013 -1.879654
v 0.017944 1.152025 -1.879654
v 0.917894 1.110013 -1.872244
v 0.917894 1.152025 -1.872244
v 0.917894 1.110013 -1.879654
v 0.917894 1.152025 -1.879654
v 0.964462 0.078061 -0.165110
v 0.964462 1.032732 -0.165110
v 0.964462 0.100668 -0.201389
v 0.964462 1.038200 -0.201389
v 1.000741 0.078061 -0.165110
v 1.000741 1.032732 -0.165110
v 0.971962 0.078061 -0.172610
v 0.971962 1.038200 -0.172610
v 0.971962 0.100668 -0.201389
v 0.971962 1.038200 -0.201389
v 1.000741 0.078061 -0.172610
v 1.000741 1.038200 -0.172610
v 0.964462 0.078061 -0.172610
v 0.964462 1.038200 -0.172610
v 0.971962 1.032732 -0.165110
v 0.971962 0.078061 -0.165110
v 0.974792 0.232181 -0.199269
v 0.981185 0.232181 -0.198620
v 0.974792 0.224491 -0.194829
v 0.981185 0.225052 -0.194505
v 0.974792 0.224491 -0.185950
v 0.981185 0.225052 -0.186274
v 0.974792 0.232181 -0.181510
v 0.981185 0.232181 -0.182158
v 0.974792 0.239871 -0.185950
v 0.981185 0.239309 -0.186274
v 0.974792 0.239871 -0.194829
v 0.981185 0.239309 -0.194505
v 0.971962 0.232181 -0.200604
v 0.974818 0.232181 -0.200066
v 0.971962 0.227073 -0.199236
v 0.974818 0.227343 -0.198769
v 0.971962 0.223335 -0.195497
v 0.974818 0.223801 -0.195227
v 0.971962 0.221966 -0.190389
v 0.974818 0.222505 -0.190389
v 0.971962 0.223335 -0.185282
v 0.974818 0.223801 -0.185551
v 0.971962 0.227073 -0.181543
v 0.974818 0.227343 -0.182009
v 0.971962 0.232181 -0.180175
v 0.974818 0.232181 -0.180713
v 0.971962 0.237288 -0.181543
v 0.974818 0.237019 -0.182009
v 0.971962 0.241027 -0.185282
v 0.974818 0.240561 -0.185551
v 0.971962 0.242396 -0.190389
v 0.974818 0.241857 -0.190389
v 0.971962 0.241027 -0.195497
v 0.974818 0.240561 -0.195227
v 0.971962 0.237288 -0.199236
v 0.974818 0.237019 -0.198769
v 0.981185 0.232181 -0.195056
v 0.995248 0.232181 -0.195056
v 0.981185 0.229847 -0.194431
v 0.995248 0.229847 -0.194431
v 0.981185 0.228139 -0.192723
v 0.995248 0.228139 -0.192723
v 0.981185 0.227514 -0.190389
v 0.995248 0.227514 -0.190389
v 0.981185 0.228139 -0.188056
v 0.995248 0.228139 -0.188056
v 0.981185 0.229847 -0.186348
v 0.995248 0.229847 -0.186348
v 0.981185 0.232181 -0.185722
v 0.995248 0.232181 -0.185722
v 0.981185 0.234514 -0.186348
v 0.995248 0.234514 -0.186348
v 0.981185 0.236223 -0.188056
v 0.995248 0.236223 -0.188056
v 0.981185 0.236848 -0.190389
v 0.995248 0.236848 -0.190389
v 0.981185 0.236223 -0.192723
v 0.995248 0.236223 -0.192723
v 0.981185 0.234514 -0.194431
v 0.995248 0.234514 -0.194431
v 0.995248 0.232181 -0.190389
v 0.974818 0.232181 -0.190389
v 0.974792 0.140207 -0.199269
v 0.981185 0.140207 -0.198620
v 0.974792 0.132517 -0.194829
v 0.981185 0.133079 -0.194505
v 0.974792 0.132517 -0.185950
v 0.981185 0.133079 -0.186274
v 0.974792 0.140207 -0.181510
v 0.981185 0.140207 -0.182158
v 0.974792 0.147897 -0.185950
v 0.981185 0.147335 -0.186274
v 0.974792 0.147897 -0.194829
v 0.981185 0.147335 -0.194505
v 0.971962 0.140207 -0.200604
v 0.974818 0.140207 -0.200066
v 0.971962 0.135100 -0.199236
v 0.974818 0.135369 -0.198769
v 0.971962 0.131361 -0.195497
v 0.974818 0.131827 -0.195227
v 0.971962 0.129992 -0.190389
v 0.974818 0.130531 -0.190389
v 0.971962 0.131361 -0.185282
v 0.974818 0.131827 -0.185551
v 0.971962 0.135100 -0.181543
v 0.974818 0.135369 -0.182009
v 0.971962 0.140207 -0.180175
v 0.974818 0.140207 -0.180713
v 0.971962 0.145314 -0.181543
v 0.974818 0.145045 -0.182009
v 0.971962 0.149053 -0.185282
v 0.974818 0.148587 -0.185551
v 0.971962 0.150422 -0.190389
v 0.974818 0.149883 -0.190389
v 0.971962 0.149053 -0.195497
v 0.974818 0.148587 -0.195227
v 0.971962 0.145314 -0.199236
v 0.974818 0.145045 -0.198769
v 0.981185 0.140207 -0.195056
v 0.995248 0.140207 -0.195056
v 0.981185 0.137873 -0.194431
v 0.995248 0.137873 -0.194431
v 0.981185 0.136165 -0.192723
v 0.995248 0.136165 -0.192723
v 0.981185 0.135540 -0.190389
v 0.995248 0.135540 -0.190389
v 0.981185 0.136165 -0.188056
v 0.995248 0.136165 -0.188056
v 0.981185 0.137873 -0.186348
v 0.995248 0.137873 -0.186348
v 0.981185 0.140207 -0.185722
v 0.995248 0.140207 -0.185722
v 0.981185 0.142540 -0.186348
v 0.995248 0.142540 -0.186348
v 0.981185 0.144249 -0.188056
v 0.995248 0.144249 -0.188056
v 0.981185 0.144874 -0.190389
v 0.995248 0.144874 -0.190389
v 0.981185 0.144249 -0.192723
v 0.995248 0.144249 -0.192723
v 0.981185 0.142540 -0.194431
v 0.995248 0.142540 -0.194431
v 0.995248 0.140207 -0.190389
v 0.974818 0.140207 -0.190389
v 0.964462 0.469476 -0.645446
v 0.964462 1.424147 -0.645446
v 0.964462 0.492083 -0.681725
v 0.964462 1.429615 -0.681725
v 1.000741 0.469476 -0.645446
v 1.000741 1.424147 -0.645446
v 0.971962 0.469476 -0.652946
v 0.971962 1.429615 -0.652946
v 0.971962 0.492083 -0.681725
v 0.971962 1.429615 -0.681725
v 1.000741 0.469476 -0.652946
v 1.000741 1.429615 -0.652946
v 0.964462 0.469476 -0.652946
v 0.964462 1.429615 -0.652946
v 0.971962 1.424147 -0.645446
v 0.971962 0.469476 -0.645446
v 0.974792 0.623596 -0.679605
v 0.981185 0.623596 -0.678956
v 0.974792 0.615906 -0.675165
v 0.981185 0.616468 -0.674841
v 0.974792 0.615906 -0.666285
v 0.981185 0.616468 -0.666610
v 0.974792 0.623596 -0.661845
v 0.981185 0.623596 -0.662494
v 0.974792 0.631286 -0.666285
v 0.981185 0.630724 -0.666610
v 0.974792 0.631286 -0.675165
v 0.981185 0.630724 -0.674841
v 0.971962 0.623596 -0.680940
v 0.974818 0.623596 -0.680401
v 0.971962 0.618489 -0.679571
v 0.974818 0.618758 -0.679105
v 0.971962 0.614750 -0.675833
v 0.974818 0.615216 -0.675563
v 0.971962 0.613381 -0.670725
v 0.974818 0.613920 -0.670725
v 0.971962 0.614750 -0.665618
v 0.974818 0.615216 -0.665887
v 0.971962 0.618489 -0.661879
v 0.974818 0.618758 -0.662345
v 0.971962 0.623596 -0.660510
v 0.974818 0.623596 -0.661049
v 0.971962 0.628703 -0.661879
v 0.974818 0.628434 -0.662345
v 0.971962 0.632442 -0.665618
v 0.974818 0.631976 -0.665887
v 0.971962 0.633811 -0.670725
v 0.974818 0.633272 -0.670725
v 0.971962 0.632442 -0.675833
v 0.974818 0.631976 -0.675563
v 0.971962 0.628703 -0.679571
v 0.974818 0.628434 -0.679105
v 0.981185 0.623596 -0.675392
v 0.995248 0.623596 -0.675392
v 0.981185 0.621263 -0.674767
v 0.995248 0.621263 -0.674767
v 0.981185 0.619554 -0.673059
v 0.995248 0.619554 -0.673059
v 0.981185 0.618929 -0.670725
v 0.995248 0.618929 -0.670725
v 0.981185 0.619554 -0.668392
v 0.995248 0.619554 -0.668392
v 0.981185 0.621263 -0.666683
v 0.995248 0.621263 -0.666683
v 0.981185 0.623596 -0.666058
v 0.995248 0.623596 -0.666058
v 0.981185 0.625929 -0.666683
v 0.995248 0.625929 -0.666683
v 0.981185 0.627638 -0.668392
v 0.995248 0.627638 -0.668392
v 0.981185 0.628263 -0.670725
v 0.995248 0.628263 -0.670725
v 0.981185 0.627638 -0.673059
v 0.995248 0.627638 -0.673059
v 0.981185 0.625929 -0.674767
v 0.995248 0.625929 -0.674767
v 0.995248 0.623596 -0.670725
v 0.974818 0.623596 -0.670725
v 0.974792 0.531622 -0.679605
v 0.981185 0.531622 -0.678956
v 0.974792 0.523932 -0.675165
v 0.981185 0.524494 -0.674841
v 0.974792 0.523932 -0.666285
v 0.981185 0.524494 -0.666610
v 0.974792 0.531622 -0.661845
v 0.981185 0.531622 -0.662494
v 0.974792 0.539312 -0.666285
v 0.981185 0.538750 -0.666610
v 0.974792 0.539312 -0.675165
v 0.981185 0.538750 -0.674841
v 0.971962 0.531622 -0.680940
v 0.974818 0.531622 -0.680401
v 0.971962 0.526515 -0.679571
v 0.974818 0.526784 -0.679105
v 0.971962 0.522776 -0.675833
v 0.974818 0.523242 -0.675563
v 0.971962 0.521407 -0.670725
v 0.974818 0.521946 -0.670725
v 0.971962 0.522776 -0.665618
v 0.974818 0.523242 -0.665887
v 0.971962 0.526515 -0.661879
v 0.974818 0.526784 -0.662345
v 0.971962 0.531622 -0.660510
v 0.974818 0.531622 -0.661049
v 0.971962 0.536730 -0.661879
v 0.974818 0.536460 -0.662345
v 0.971962 0.540468 -0.665618
v 0.974818 0.540002 -0.665887
v 0.971962 0.541837 -0.670725
v 0.974818 0.541298 -0.670725
v 0.971962 0.540468 -0.675833
v 0.974818 0.540002 -0.675563
v 0.971962 0.536730 -0.679571
v 0.974818 0.536460 -0.679105
v 0.981185 0.531622 -0.675392
v 0.995248 0.531622 -0.675392
v 0.981185 0.529289 -0.674767
v 0.995248 0.529289 -0.674767
v 0.981185 0.527580 -0.673059
v 0.995248 0.527580 -0.673059
v 0.981185 0.526955 -0.670725
v 0.995248 0.526955 -0.670725
v 0.981185 0.527580 -0.668392
v 0.995248 0.527580 -0.668392
v 0.981185 0.529289 -0.666683
v 0.995248 0.529289 -0.666683
v 0.981185 0.531622 -0.666058
v 0.995248 0.531622 -0.666058
v 0.981185 0.533956 -0.666683
v 0.995248 0.533956 -0.666683
v 0.981185 0.535664 -0.668392
v 0.995248 0.535664 -0.668392
v 0.981185 0.536289 -0.670725
v 0.995248 0.536289 -0.670725
v 0.981185 0.535664 -0.673059
v 0.995248 0.535664 -0.673059
v 0.981185 0.533956 -0.674767
v 0.995248 0.533956 -0.674767
v 0.995248 0.531622 -0.670725
v 0.974818 0.531622 -0.670725
v 0.964462 0.860891 -1.125781
v 0.964462 1.815562 -1.125781
v 0.964462 0.883498 -1.162060
v 0.964462 1.821031 -1.162060
v 1.000741 0.860891 -1.125781
v 1.000741 1.815562 -1.125781
v 0.971962 0.860891 -1.133281
v 0.971962 1.821031 -1.133281
v 0.971962 0.883498 -1.162060
v 0.971962 1.821031 -1.162060
v 1.000741 0.860891 -1.133281
v 1.000741 1.821031 -1.133281
v 0.964462 0.860891 -1.133281
v 0.964462 1.821031 -1.133281
v 0.971962 1.815562 -1.125781
v 0.971962 0.860891 -1.125781
v 0.974792 1.015011 -1.159941
v 0.981185 1.015011 -1.159292
v 0.974792 1.007321 -1.155501
v 0.981185 1.007883 -1.155177
v 0.974792 1.007321 -1.146621
v 0.981185 1.007883 -1.146945
v 0.974792 1.015011 -1.142181
v 0.981185 1.015011 -1.142830
v 0.974792 1.022701 -1.146621
v 0.981185 1.022140 -1.146945
v 0.974792 1.022701 -1.155501
v 0.981185 1.022140 -1.155177
v 0.971962 1.015011 -1.161276
v 0.974818 1.015011 -1.160737
v 0.971962 1.009904 -1.159907
v 0.974818 1.010173 -1.159441
v 0.971962 1.006165 -1.156168
v 0.974818 1.006631 -1.155899
v 0.971962 1.004797 -1.151061
v 0.974818 1.005335 -1.151061
v 0.971962 1.006165 -1.145954
v 0.974818 1.006631 -1.146223
v 0.971962 1.009904 -1.142215
v 0.974818 1.010173 -1.142681
v 0.971962 1.015011 -1.140846
v 0.974818 1.015011 -1.141385
v 0.971962 1.020119 -1.142215
v 0.974818 1.019849 -1.142681
v 0.971962 1.023858 -1.145954
v 0.974818 1.023391 -1.146223
v 0.971962 1.025226 -1.151061
v 0.974818 1.024688 -1.151061
v 0.971962 1.023858 -1.156168
v 0.974818 1.023391 -1.155899
v 0.971962 1.020119 -1.159907
v 0.974818 1.019849 -1.159441
v 0.981185 1.015011 -1.155728
v 0.995248 1.015011 -1.155728
v 0.981185 1.012678 -1.155103
v 0.995248 1.012678 -1.155103
v 0.981185 1.010970 -1.153394
v 0.995248 1.010970 -1.153394
v 0.981185 1.010344 -1.151061
v 0.995248 1.010344 -1.151061
v 0.981185 1.010970 -1.148728
v 0.995248 1.010970 -1.148728
v 0.981185 1.012678 -1.147019
v 0.995248 1.012678 -1.147019
v 0.981185 1.015011 -1.146394
v 0.995248 1.015011 -1.146394
v 0.981185 1.017345 -1.147019
v 0.995248 1.017345 -1.147019
v 0.981185 1.019053 -1.148728
v 0.995248 1.019053 -1.148728
v 0.981185 1.019678 -1.151061
v 0.995248 1.019678 -1.151061
v 0.981185 1.019053 -1.153394
v 0.995248 1.019053 -1.153394
v 0.981185 1.017345 -1.155103
v 0.995248 1.017345 -1.155103
v 0.995248 1.015011 -1.151061
v 0.974818 1.015011 -1.151061
v 0.974792 0.923037 -1.159941
v 0.981185 0.923037 -1.159292
v 0.974792 0.915347 -1.155501
v 0.981185 0.915909 -1.155177
v 0.974792 0.915347 -1.146621
v 0.981185 0.915909 -1.146945
v 0.974792 0.923037 -1.142181
v 0.981185 0.923037 -1.142830
v 0.974792 0.930727 -1.146621
v 0.981185 0.930166 -1.146945
v 0.974792 0.930727 -1.155501
v 0.981185 0.930166 -1.155177
v 0.971962 0.923037 -1.161276
v 0.974818 0.923037 -1.160737
v 0.971962 0.917930 -1.159907
v 0.974818 0.918199 -1.159441
v 0.971962 0.914191 -1.156168
v 0.974818 0.914657 -1.155899
v 0.971962 0.912823 -1.151061
v 0.974818 0.913361 -1.151061
v 0.971962 0.914191 -1.145954
v 0.974818 0.914657 -1.146223
v 0.971962 0.917930 -1.142215
v 0.974818 0.918199 -1.142681
v 0.971962 0.923037 -1.140846
v 0.974818 0.923037 -1.141385
v 0.971962 0.928145 -1.142215
v 0.974818 0.927875 -1.142681
v 0.971962 0.931884 -1.145954
v 0.974818 0.931417 -1.146223
v 0.971962 0.933252 -1.151061
v 0.974818 0.932714 -1.151061
v 0.971962 0.931884 -1.156168
v 0.974818 0.931417 -1.155899
v 0.971962 0.928145 -1.159907
v 0.974818 0.927875 -1.159441
v 0.981185 0.923037 -1.155728
v 0.995248 0.923037 -1.155728
v 0.981185 0.920704 -1.155103
v 0.995248 0.920704 -1.155103
v 0.981185 0.918996 -1.153394
v 0.995248 0.918996 -1.153394
v 0.981185 0.918370 -1.151061
v 0.995248 0.918370 -1.151061
v 0.981185 0.918996 -1.148728
v 0.995248 0.918996 -1.148728
v 0.981185 0.920704 -1.147019
v 0.995248 0.920704 -1.147019
v 0.981185 0.923037 -1.146394
v 0.995248 0.923037 -1.146394
v 0.981185 0.925371 -1.147019
v 0.995248 0.925371 -1.147019
v 0.981185 0.927079 -1.148728
v 0.995248 0.927079 -1.148728
v 0.981185 0.927704 -1.151061
v 0.995248 0.927704 -1.151061
v 0.981185 0.927079 -1.153394
v 0.995248 0.927079 -1.153394
v 0.981185 0.925371 -1.155103
v 0.995248 0.925371 -1.155103
v 0.995248 0.923037 -1.151061
v 0.974818 0.923037 -1.151061
v 0.910163 0.014830 -0.056532
v 0.910163 0.028693 -0.055496
v 0.922444 0.014830 -0.049442
v 0.921547 0.028693 -0.048924
v 0.922444 0.014830 -0.035262
v 0.921547 0.028693 -0.035780
v 0.910163 0.014830 -0.028172
v 0.910163 0.028693 -0.029207
v 0.897883 0.014830 -0.035262
v 0.898780 0.028693 -0.035780
v 0.897883 0.014830 -0.049442
v 0.898780 0.028693 -0.048924
v 0.910163 0.012000 -0.058664
v 0.910163 0.014856 -0.057804
v 0.918319 0.012000 -0.056478
v 0.917889 0.014856 -0.055733
v 0.924290 0.012000 -0.050508
v 0.923545 0.014856 -0.050078
v 0.926475 0.012000 -0.042352
v 0.925615 0.014856 -0.042352
v 0.924290 0.012000 -0.034196
v 0.923545 0.014856 -0.034626
v 0.918319 0.012000 -0.028225
v 0.917889 0.014856 -0.028970
v 0.910163 0.012000 -0.026040
v 0.910163 0.014856 -0.026900
v 0.902008 0.012000 -0.028225
v 0.902438 0.014856 -0.028970
v 0.896037 0.012000 -0.034196
v 0.896782 0.014856 -0.034626
v 0.893852 0.012000 -0.042352
v 0.894712 0.014856 -0.042352
v 0.896037 0.012000 -0.050508
v 0.896782 0.014856 -0.050078
v 0.902008 0.012000 -0.056478
v 0.902438 0.014856 -0.055733
v 0.910163 0.029019 -0.049804
v 0.910163 0.036969 -0.049804
v 0.913890 0.029019 -0.048806
v 0.913890 0.036969 -0.048806
v 0.916618 0.029019 -0.046078
v 0.916618 0.036969 -0.046078
v 0.917616 0.029019 -0.042352
v 0.917616 0.036969 -0.042352
v 0.916618 0.029019 -0.038625
v 0.916618 0.036969 -0.038625
v 0.913890 0.029019 -0.035897
v 0.913890 0.036969 -0.035897
v 0.910163 0.029019 -0.034899
v 0.910163 0.036969 -0.034899
v 0.906437 0.029019 -0.035897
v 0.906437 0.036969 -0.035897
v 0.903709 0.029019 -0.038625
v 0.903709 0.036969 -0.038625
v 0.902711 0.029019 -0.042352
v 0.902711 0.036969 -0.042352
v 0.903709 0.029019 -0.046078
v 0.903709 0.036969 -0.046078
v 0.906437 0.029019 -0.048806
v 0.906437 0.036969 -0.048806
v 0.961557 2.225014 -1.611877
v 1.003395 2.225014 -1.611877
v 0.961557 2.225014 -2.203896
v 1.003395 2.225014 -2.244975
v 0.961557 2.179954 -1.636279
v 0.961557 2.179954 -2.203896
v 0.022035 2.225014 -2.203896
v 0.022035 2.225014 -2.244975
v 0.022035 2.179954 -2.203896
v 0.961557 0.764926 0.167514
v 1.003395 0.764926 0.167514
v 0.961557 0.699843 0.167513
v 1.003395 0.699843 0.167513
v 0.974887 2.214038 -1.615804
v 1.003395 2.215014 -1.615455
v 0.974887 2.215014 -2.216105
v 1.003395 2.215014 -2.244975
v 0.974887 2.179954 -1.636279
v 0.974887 2.179954 -2.216105
v 0.022035 2.215014 -2.216105
v 0.022035 2.215014 -2.244975
v 0.022035 2.179954 -2.216105
v 0.974887 0.760013 0.157125
v 1.003395 0.760196 0.157514
v 0.974887 0.699843 0.157513
v 1.003395 0.699843 0.157513
v 0.961557 2.215014 -2.216105
v 0.961557 2.179954 -2.216105
v 0.961557 2.225014 -2.244975
v 0.961557 2.215014 -2.244975
v 0.974887 2.215014 -2.244975
v 1.003395 2.225014 -2.203896
v 0.974887 2.214996 -2.203896
v 1.003395 2.215014 -2.203896
v 0.974887 2.179954 -2.203896
v 1.003395 2.215014 -2.216105
v 0.974887 2.179954 -2.244975
v 0.961557 2.179954 -2.244975
v 1.003395 2.220015 -2.244975
v 1.003395 2.220015 -2.216105
v 0.974748 2.220015 -2.244975
v 0.964462 1.064153 -1.434685
v 0.964462 2.071229 -1.434685
v 0.964462 1.064153 -1.470965
v 0.964462 2.076857 -1.470965
v 1.000741 1.064153 -1.434685
v 1.000741 2.071229 -1.434685
v 0.971962 1.064153 -1.442185
v 0.971962 2.076857 -1.442185
v 0.971962 1.064153 -1.470965
v 0.971962 2.076857 -1.470965
v 1.000741 1.064153 -1.442185
v 1.000741 2.076857 -1.442185
v 0.974792 1.209527 -1.468845
v 0.981185 1.209527 -1.468196
v 0.974792 1.201837 -1.464405
v 0.981185 1.202399 -1.464081
v 0.974792 1.201837 -1.455525
v 0.981185 1.202399 -1.455850
v 0.974792 1.209527 -1.451085
v 0.981185 1.209527 -1.451734
v 0.974792 1.217217 -1.455525
v 0.981185 1.216655 -1.455850
v 0.974792 1.217217 -1.464405
v 0.981185 1.216655 -1.464081
v 0.971962 1.209527 -1.470180
v 0.974818 1.209527 -1.469641
v 0.971962 1.204420 -1.468811
v 0.974818 1.204689 -1.468345
v 0.971962 1.200681 -1.465072
v 0.974818 1.201147 -1.464803
v 0.971962 1.199312 -1.459965
v 0.974818 1.199851 -1.459965
v 0.971962 1.200681 -1.454858
v 0.974818 1.201147 -1.455127
v 0.971962 1.204420 -1.451119
v 0.974818 1.204689 -1.451585
v 0.971962 1.209527 -1.449750
v 0.974818 1.209527 -1.450289
v 0.971962 1.214635 -1.451119
v 0.974818 1.214365 -1.451585
v 0.971962 1.218373 -1.454858
v 0.974818 1.217907 -1.455127
v 0.971962 1.219742 -1.459965
v 0.974818 1.219203 -1.459965
v 0.971962 1.218373 -1.465072
v 0.974818 1.217907 -1.464803
v 0.971962 1.214635 -1.468811
v 0.974818 1.214365 -1.468345
v 0.981185 1.209527 -1.464632
v 0.995248 1.209527 -1.464632
v 0.981185 1.207194 -1.464007
v 0.995248 1.207194 -1.464007
v 0.981185 1.205486 -1.462299
v 0.995248 1.205486 -1.462299
v 0.981185 1.204860 -1.459965
v 0.995248 1.204860 -1.459965
v 0.981185 1.205486 -1.457632
v 0.995248 1.205486 -1.457632
v 0.981185 1.207194 -1.455923
v 0.995248 1.207194 -1.455923
v 0.981185 1.209527 -1.455298
v 0.995248 1.209527 -1.455298
v 0.981185 1.211861 -1.455923
v 0.995248 1.211861 -1.455923
v 0.981185 1.213569 -1.457632
v 0.995248 1.213569 -1.457632
v 0.981185 1.214194 -1.459965
v 0.995248 1.214194 -1.459965
v 0.981185 1.213569 -1.462299
v 0.995248 1.213569 -1.462299
v 0.981185 1.211861 -1.464007
v 0.995248 1.211861 -1.464007
v 0.995248 1.209527 -1.459965
v 0.974818 1.209527 -1.459965
v 0.974792 1.108943 -1.468845
v 0.981185 1.108943 -1.468196
v 0.974792 1.101253 -1.464405
v 0.981185 1.101815 -1.464081
v 0.974792 1.101253 -1.455525
v 0.981185 1.101815 -1.455850
v 0.974792 1.108943 -1.451085
v 0.981185 1.108943 -1.451734
v 0.974792 1.116633 -1.455525
v 0.981185 1.116071 -1.455850
v 0.974792 1.116633 -1.464405
v 0.981185 1.116071 -1.464081
v 0.971962 1.108943 -1.470180
v 0.974818 1.108943 -1.469641
v 0.971962 1.103835 -1.468811
v 0.974818 1.104105 -1.468345
v 0.971962 1.100096 -1.465072
v 0.974818 1.100563 -1.464803
v 0.971962 1.098728 -1.459965
v 0.974818 1.099267 -1.459965
v 0.971962 1.100096 -1.454858
v 0.974818 1.100563 -1.455127
v 0.971962 1.103835 -1.451119
v 0.974818 1.104105 -1.451585
v 0.971962 1.108943 -1.449750
v 0.974818 1.108943 -1.450289
v 0.971962 1.114050 -1.451119
v 0.974818 1.113781 -1.451585
v 0.971962 1.117789 -1.454858
v 0.974818 1.117323 -1.455127
v 0.971962 1.119158 -1.459965
v 0.974818 1.118619 -1.459965
v 0.971962 1.117789 -1.465072
v 0.974818 1.117323 -1.464803
v 0.971962 1.114050 -1.468811
v 0.974818 1.113781 -1.468345
v 0.981185 1.108943 -1.464632
v 0.995248 1.108943 -1.464632
v 0.981185 1.106609 -1.464007
v 0.995248 1.106609 -1.464007
v 0.981185 1.104901 -1.462299
v 0.995248 1.104901 -1.462299
v 0.981185 1.104276 -1.459965
v 0.995248 1.104276 -1.459965
v 0.981185 1.104901 -1.457632
v 0.995248 1.104901 -1.457632
v 0.981185 1.106609 -1.455923
v 0.995248 1.106609 -1.455923
v 0.981185 1.108943 -1.455298
v 0.995248 1.108943 -1.455298
v 0.981185 1.111276 -1.455923
v 0.995248 1.111276 -1.455923
v 0.981185 1.112984 -1.457632
v 0.995248 1.112984 -1.457632
v 0.981185 1.113610 -1.459965
v 0.995248 1.113610 -1.459965
v 0.981185 1.112984 -1.462299
v 0.995248 1.112984 -1.462299
v 0.981185 1.111276 -1.464007
v 0.995248 1.111276 -1.464007
v 0.995248 1.108943 -1.459965
v 0.974818 1.108943 -1.459965
v 0.964462 1.064153 -1.734783
v 0.964462 2.215014 -1.734783
v 0.964462 1.064153 -1.771062
v 0.964462 2.215014 -1.771062
v 1.000741 1.064153 -1.734783
v 1.000741 2.215014 -1.734783
v 0.971962 1.064153 -1.742283
v 0.971962 2.215014 -1.742283
v 0.971962 1.064153 -1.771062
v 0.971962 2.215014 -1.771062
v 1.000741 1.064153 -1.742283
v 1.000741 2.215014 -1.742283
v 0.974792 1.209527 -1.768943
v 0.981185 1.209527 -1.768294
v 0.974792 1.201837 -1.764503
v 0.981185 1.202399 -1.764179
v 0.974792 1.201837 -1.755623
v 0.981185 1.202399 -1.755947
v 0.974792 1.209527 -1.751183
v 0.981185 1.209527 -1.751832
v 0.974792 1.217217 -1.755623
v 0.981185 1.216655 -1.755947
v 0.974792 1.217217 -1.764503
v 0.981185 1.216655 -1.764179
v 0.971962 1.209527 -1.770278
v 0.974818 1.209527 -1.769739
v 0.971962 1.204420 -1.768909
v 0.974818 1.204689 -1.768443
v 0.971962 1.200681 -1.765170
v 0.974818 1.201147 -1.764901
v 0.971962 1.199312 -1.760063
v 0.974818 1.199851 -1.760063
v 0.971962 1.200681 -1.754956
v 0.974818 1.201147 -1.755225
v 0.971962 1.204420 -1.751217
v 0.974818 1.204689 -1.751683
v 0.971962 1.209527 -1.749848
v 0.974818 1.209527 -1.750387
v 0.971962 1.214635 -1.751217
v 0.974818 1.214365 -1.751683
v 0.971962 1.218373 -1.754956
v 0.974818 1.217907 -1.755225
v 0.971962 1.219742 -1.760063
v 0.974818 1.219203 -1.760063
v 0.971962 1.218373 -1.765170
v 0.974818 1.217907 -1.764901
v 0.971962 1.214635 -1.768909
v 0.974818 1.214365 -1.768443
v 0.981185 1.209527 -1.764730
v 0.995248 1.209527 -1.764730
v 0.981185 1.207194 -1.764105
v 0.995248 1.207194 -1.764105
v 0.981185 1.205486 -1.762396
v 0.995248 1.205486 -1.762396
v 0.981185 1.204860 -1.760063
v 0.995248 1.204860 -1.760063
v 0.981185 1.205486 -1.757730
v 0.995248 1.205486 -1.757730
v 0.981185 1.207194 -1.756021
v 0.995248 1.207194 -1.756021
v 0.981185 1.209527 -1.755396
v 0.995248 1.209527 -1.755396
v 0.981185 1.211861 -1.756021
v 0.995248 1.211861 -1.756021
v 0.981185 1.213569 -1.757730
v 0.995248 1.213569 -1.757730
v 0.981185 1.214194 -1.760063
v 0.995248 1.214194 -1.760063
v 0.981185 1.213569 -1.762396
v 0.995248 1.213569 -1.762396
v 0.981185 1.211861 -1.764105
v 0.995248 1.211861 -1.764105
v 0.995248 1.209527 -1.760063
v 0.974818 1.209527 -1.760063
v 0.974792 1.108943 -1.768943
v 0.981185 1.108943 -1.768294
v 0.974792 1.101253 -1.764503
v 0.981185 1.101815 -1.764179
v 0.974792 1.101253 -1.755623
v 0.981185 1.101815 -1.755947
v 0.974792 1.108943 -1.751183
v 0.981185 1.108943 -1.751832
v 0.974792 1.116633 -1.755623
v 0.981185 1.116071 -1.755947
v 0.974792 1.116633 -1.764503
v 0.981185 1.116071 -1.764179
v 0.971962 1.108943 -1.770278
v 0.974818 1.108943 -1.769739
v 0.971962 1.103835 -1.768909
v 0.974818 1.104105 -1.768443
v 0.971962 1.100096 -1.765170
v 0.974818 1.100563 -1.764901
v 0.971962 1.098728 -1.760063
v 0.974818 1.099267 -1.760063
v 0.971962 1.100096 -1.754956
v 0.974818 1.100563 -1.755225
v 0.971962 1.103835 -1.751217
v 0.974818 1.104105 -1.751683
v 0.971962 1.108943 -1.749848
v 0.974818 1.108943 -1.750387
v 0.971962 1.114050 -1.751217
v 0.974818 1.113781 -1.751683
v 0.971962 1.117789 -1.754956
v 0.974818 1.117323 -1.755225
v 0.971962 1.119158 -1.760063
v 0.974818 1.118619 -1.760063
v 0.971962 1.117789 -1.765170
v 0.974818 1.117323 -1.764901
v 0.971962 1.114050 -1.768909
v 0.974818 1.113781 -1.768443
v 0.981185 1.108943 -1.764730
v 0.995248 1.108943 -1.764730
v 0.981185 1.106609 -1.764105
v 0.995248 1.106609 -1.764105
v 0.981185 1.104901 -1.762396
v 0.995248 1.104901 -1.762396
v 0.981185 1.104276 -1.760063
v 0.995248 1.104276 -1.760063
v 0.981185 1.104901 -1.757730
v 0.995248 1.104901 -1.757730
v 0.981185 1.106609 -1.756021
v 0.995248 1.106609 -1.756021
v 0.981185 1.108943 -1.755396
v 0.995248 1.108943 -1.755396
v 0.981185 1.111276 -1.756021
v 0.995248 1.111276 -1.756021
v 0.981185 1.112984 -1.757730
v 0.995248 1.112984 -1.757730
v 0.981185 1.113610 -1.760063
v 0.995248 1.113610 -1.760063
v 0.981185 1.112984 -1.762396
v 0.995248 1.112984 -1.762396
v 0.981185 1.111276 -1.764105
v 0.995248 1.111276 -1.764105
v 0.995248 1.108943 -1.760063
v 0.974818 1.108943 -1.760063
v 0.964462 1.064153 -2.066555
v 0.964462 2.215014 -2.066555
v 0.964462 1.064153 -2.102834
v 0.964462 2.215014 -2.102834
v 1.000741 1.064153 -2.066555
v 1.000741 2.215014 -2.066555
v 0.971962 1.064153 -2.074055
v 0.971962 2.215014 -2.074055
v 0.971962 1.064153 -2.102834
v 0.971962 2.215014 -2.102834
v 1.000741 1.064153 -2.074055
v 1.000741 2.215014 -2.074055
v 0.974792 1.209527 -2.100714
v 0.981185 1.209527 -2.100066
v 0.974792 1.201837 -2.096275
v 0.981185 1.202399 -2.095950
v 0.974792 1.201837 -2.087395
v 0.981185 1.202399 -2.087719
v 0.974792 1.209527 -2.082955
v 0.981185 1.209527 -2.083604
v 0.974792 1.217217 -2.087395
v 0.981185 1.216655 -2.087719
v 0.974792 1.217217 -2.096275
v 0.981185 1.216655 -2.095950
v 0.971962 1.209527 -2.102049
v 0.974818 1.209527 -2.101511
v 0.971962 1.204420 -2.100681
v 0.974818 1.204689 -2.100214
v 0.971962 1.200681 -2.096942
v 0.974818 1.201147 -2.096673
v 0.971962 1.199312 -2.091835
v 0.974818 1.199851 -2.091835
v 0.971962 1.200681 -2.086727
v 0.974818 1.201147 -2.086997
v 0.971962 1.204420 -2.082989
v 0.974818 1.204689 -2.083455
v 0.971962 1.209527 -2.081620
v 0.974818 1.209527 -2.082158
v 0.971962 1.214635 -2.082989
v 0.974818 1.214365 -2.083455
v 0.971962 1.218373 -2.086727
v 0.974818 1.217907 -2.086997
v 0.971962 1.219742 -2.091835
v 0.974818 1.219203 -2.091835
v 0.971962 1.218373 -2.096942
v 0.974818 1.217907 -2.096673
v 0.971962 1.214635 -2.100681
v 0.974818 1.214365 -2.100214
v 0.981185 1.209527 -2.096502
v 0.995248 1.209527 -2.096502
v 0.981185 1.207194 -2.095876
v 0.995248 1.207194 -2.095876
v 0.981185 1.205486 -2.094168
v 0.995248 1.205486 -2.094168
v 0.981185 1.204860 -2.091835
v 0.995248 1.204860 -2.091835
v 0.981185 1.205486 -2.089501
v 0.995248 1.205486 -2.089501
v 0.981185 1.207194 -2.087793
v 0.995248 1.207194 -2.087793
v 0.981185 1.209527 -2.087168
v 0.995248 1.209527 -2.087168
v 0.981185 1.211861 -2.087793
v 0.995248 1.211861 -2.087793
v 0.981185 1.213569 -2.089501
v 0.995248 1.213569 -2.089501
v 0.981185 1.214194 -2.091835
v 0.995248 1.214194 -2.091835
v 0.981185 1.213569 -2.094168
v 0.995248 1.213569 -2.094168
v 0.981185 1.211861 -2.095876
v 0.995248 1.211861 -2.095876
v 0.995248 1.209527 -2.091835
v 0.974818 1.209527 -2.091835
v 0.974792 1.108943 -2.100714
v 0.981185 1.108943 -2.100066
v 0.974792 1.101253 -2.096275
v 0.981185 1.101815 -2.095950
v 0.974792 1.101253 -2.087395
v 0.981185 1.101815 -2.087719
v 0.974792 1.108943 -2.082955
v 0.981185 1.108943 -2.083604
v 0.974792 1.116633 -2.087395
v 0.981185 1.116071 -2.087719
v 0.974792 1.116633 -2.096275
v 0.981185 1.116071 -2.095950
v 0.971962 1.108943 -2.102049
v 0.974818 1.108943 -2.101511
v 0.971962 1.103835 -2.100681
v 0.974818 1.104105 -2.100214
v 0.971962 1.100096 -2.096942
v 0.974818 1.100563 -2.096673
v 0.971962 1.098728 -2.091835
v 0.974818 1.099267 -2.091835
v 0.971962 1.100096 -2.086727
v 0.974818 1.100563 -2.086997
v 0.971962 1.103835 -2.082989
v 0.974818 1.104105 -2.083455
v 0.971962 1.108943 -2.081620
v 0.974818 1.108943 -2.082158
v 0.971962 1.114050 -2.082989
v 0.974818 1.113781 -2.083455
v 0.971962 1.117789 -2.086727
v 0.974818 1.117323 -2.086997
v 0.971962 1.119158 -2.091835
v 0.974818 1.118619 -2.091835
v 0.971962 1.117789 -2.096942
v 0.974818 1.117323 -2.096673
v 0.971962 1.114050 -2.100681
v 0.974818 1.113781 -2.100214
v 0.981185 1.108943 -2.096502
v 0.995248 1.108943 -2.096502
v 0.981185 1.106609 -2.095876
v 0.995248 1.106609 -2.095876
v 0.981185 1.104901 -2.094168
v 0.995248 1.104901 -2.094168
v 0.981185 1.104276 -2.091835
v 0.995248 1.104276 -2.091835
v 0.981185 1.104901 -2.089501
v 0.995248 1.104901 -2.089501
v 0.981185 1.106609 -2.087793
v 0.995248 1.106609 -2.087793
v 0.981185 1.108943 -2.087168
v 0.995248 1.108943 -2.087168
v 0.981185 1.111276 -2.087793
v 0.995248 1.111276 -2.087793
v 0.981185 1.112984 -2.089501
v 0.995248 1.112984 -2.089501
v 0.981185 1.113610 -2.091835
v 0.995248 1.113610 -2.091835
v 0.981185 1.112984 -2.094168
v 0.995248 1.112984 -2.094168
v 0.981185 1.111276 -2.095876
v 0.995248 1.111276 -2.095876
v 0.995248 1.108943 -2.091835
v 0.974818 1.108943 -2.091835
v 0.896130 1.064153 -2.205738
v 0.896130 2.215014 -2.205738
v 0.859851 1.064153 -2.205738
v 0.859851 2.215014 -2.205738
v 0.896130 1.064153 -2.242017
v 0.896130 2.215014 -2.242017
v 0.888630 1.064153 -2.213238
v 0.888630 2.215014 -2.213238
v 0.859851 1.064153 -2.213238
v 0.859851 2.215014 -2.213238
v 0.888630 1.064153 -2.242017
v 0.888630 2.215014 -2.242017
v 0.866171 1.203421 -2.216069
v 0.866819 1.203421 -2.222461
v 0.870610 1.195731 -2.216069
v 0.870935 1.196293 -2.222461
v 0.879490 1.195731 -2.216069
v 0.879166 1.196293 -2.222461
v 0.883930 1.203421 -2.216069
v 0.883281 1.203421 -2.222461
v 0.879490 1.211111 -2.216069
v 0.879166 1.210550 -2.222461
v 0.870610 1.211111 -2.216069
v 0.870935 1.210550 -2.222461
v 0.864836 1.203421 -2.213238
v 0.865374 1.203421 -2.216094
v 0.866204 1.198314 -2.213238
v 0.866670 1.198583 -2.216094
v 0.869943 1.194575 -2.213238
v 0.870212 1.195041 -2.216094
v 0.875050 1.193207 -2.213238
v 0.875050 1.193745 -2.216094
v 0.880158 1.194575 -2.213238
v 0.879888 1.195041 -2.216094
v 0.883897 1.198314 -2.213238
v 0.883430 1.198583 -2.216094
v 0.885265 1.203421 -2.213238
v 0.884727 1.203421 -2.216094
v 0.883897 1.208529 -2.213238
v 0.883430 1.208259 -2.216094
v 0.880158 1.212268 -2.213238
v 0.879888 1.211801 -2.216094
v 0.875050 1.213636 -2.213238
v 0.875050 1.213098 -2.216094
v 0.869943 1.212268 -2.213238
v 0.870212 1.211801 -2.216094
v 0.866204 1.208529 -2.213238
v 0.866670 1.208259 -2.216094
v 0.870383 1.203421 -2.222461
v 0.870383 1.203421 -2.236525
v 0.871009 1.201088 -2.222461
v 0.871009 1.201088 -2.236525
v 0.872717 1.199380 -2.222461
v 0.872717 1.199380 -2.236525
v 0.875050 1.198754 -2.222461
v 0.875050 1.198754 -2.236525
v 0.877384 1.199380 -2.222461
v 0.877384 1.199380 -2.236525
v 0.879092 1.201088 -2.222461
v 0.879092 1.201088 -2.236525
v 0.879717 1.203421 -2.222461
v 0.879717 1.203421 -2.236525
v 0.879092 1.205755 -2.222461
v 0.879092 1.205755 -2.236525
v 0.877384 1.207463 -2.222461
v 0.877384 1.207463 -2.236525
v 0.875050 1.208088 -2.222461
v 0.875050 1.208088 -2.236525
v 0.872717 1.207463 -2.222461
v 0.872717 1.207463 -2.236525
v 0.871009 1.205755 -2.222461
v 0.871009 1.205755 -2.236525
v 0.875050 1.203421 -2.236525
v 0.875050 1.203421 -2.216094
v 0.866171 1.108943 -2.216069
v 0.866819 1.108943 -2.222461
v 0.870610 1.101253 -2.216069
v 0.870935 1.101815 -2.222461
v 0.879490 1.101253 -2.216069
v 0.879166 1.101815 -2.222461
v 0.883930 1.108943 -2.216069
v 0.883281 1.108943 -2.222461
v 0.879490 1.116633 -2.216069
v 0.879166 1.116071 -2.222461
v 0.870610 1.116633 -2.216069
v 0.870935 1.116071 -2.222461
v 0.864836 1.108943 -2.213238
v 0.865374 1.108943 -2.216094
v 0.866204 1.103835 -2.213238
v 0.866670 1.104105 -2.216094
v 0.869943 1.100096 -2.213238
v 0.870212 1.100563 -2.216094
v 0.875050 1.098728 -2.213238
v 0.875050 1.099267 -2.216094
v 0.880158 1.100096 -2.213238
v 0.879888 1.100563 -2.216094
v 0.883897 1.103835 -2.213238
v 0.883430 1.104105 -2.216094
v 0.885265 1.108943 -2.213238
v 0.884727 1.108943 -2.216094
v 0.883897 1.114050 -2.213238
v 0.883430 1.113781 -2.216094
v 0.880158 1.117789 -2.213238
v 0.879888 1.117323 -2.216094
v 0.875050 1.119158 -2.213238
v 0.875050 1.118619 -2.216094
v 0.869943 1.117789 -2.213238
v 0.870212 1.117323 -2.216094
v 0.866204 1.114050 -2.213238
v 0.866670 1.113781 -2.216094
v 0.870383 1.108943 -2.222461
v 0.870383 1.108943 -2.236525
v 0.871009 1.106609 -2.222461
v 0.871009 1.106609 -2.236525
v 0.872717 1.104901 -2.222461
v 0.872717 1.104901 -2.236525
v 0.875050 1.104276 -2.222461
v 0.875050 1.104276 -2.236525
v 0.877384 1.104901 -2.222461
v 0.877384 1.104901 -2.236525
v 0.879092 1.106609 -2.222461
v 0.879092 1.106609 -2.236525
v 0.879717 1.108943 -2.222461
v 0.879717 1.108943 -2.236525
v 0.879092 1.111276 -2.222461
v 0.879092 1.111276 -2.236525
v 0.877384 1.112984 -2.222461
v 0.877384 1.112984 -2.236525
v 0.875050 1.113610 -2.222461
v 0.875050 1.113610 -2.236525
v 0.872717 1.112984 -2.222461
v 0.872717 1.112984 -2.236525
v 0.871009 1.111276 -2.222461
v 0.871009 1.111276 -2.236525
v 0.875050 1.108943 -2.236525
v 0.875050 1.108943 -2.216094
v 0.523075 1.064153 -2.205738
v 0.523075 2.215014 -2.205738
v 0.486796 1.064153 -2.205738
v 0.486796 2.215014 -2.205738
v 0.523075 1.064153 -2.242017
v 0.523075 2.215014 -2.242017
v 0.515575 1.064153 -2.213238
v 0.515575 2.215014 -2.213238
v 0.486796 1.064153 -2.213238
v 0.486796 2.215014 -2.213238
v 0.515575 1.064153 -2.242017
v 0.515575 2.215014 -2.242017
v 0.493115 1.203421 -2.216069
v 0.493764 1.203421 -2.222461
v 0.497555 1.195731 -2.216069
v 0.497879 1.196293 -2.222461
v 0.506435 1.195731 -2.216069
v 0.506110 1.196293 -2.222461
v 0.510874 1.203421 -2.216069
v 0.510226 1.203421 -2.222461
v 0.506435 1.211111 -2.216069
v 0.506110 1.210550 -2.222461
v 0.497555 1.211111 -2.216069
v 0.497879 1.210550 -2.222461
v 0.491780 1.203421 -2.213238
v 0.492319 1.203421 -2.216094
v 0.493149 1.198314 -2.213238
v 0.493615 1.198583 -2.216094
v 0.496887 1.194575 -2.213238
v 0.497157 1.195041 -2.216094
v 0.501995 1.193207 -2.213238
v 0.501995 1.193745 -2.216094
v 0.507102 1.194575 -2.213238
v 0.506833 1.195041 -2.216094
v 0.510841 1.198314 -2.213238
v 0.510375 1.198583 -2.216094
v 0.512209 1.203421 -2.213238
v 0.511671 1.203421 -2.216094
v 0.510841 1.208529 -2.213238
v 0.510375 1.208259 -2.216094
v 0.507102 1.212268 -2.213238
v 0.506833 1.211801 -2.216094
v 0.501995 1.213636 -2.213238
v 0.501995 1.213098 -2.216094
v 0.496887 1.212268 -2.213238
v 0.497157 1.211801 -2.216094
v 0.493149 1.208529 -2.213238
v 0.493615 1.208259 -2.216094
v 0.497328 1.203421 -2.222461
v 0.497328 1.203421 -2.236525
v 0.497953 1.201088 -2.222461
v 0.497953 1.201088 -2.236525
v 0.499661 1.199380 -2.222461
v 0.499661 1.199380 -2.236525
v 0.501995 1.198754 -2.222461
v 0.501995 1.198754 -2.236525
v 0.504328 1.199380 -2.222461
v 0.504328 1.199380 -2.236525
v 0.506036 1.201088 -2.222461
v 0.506036 1.201088 -2.236525
v 0.506662 1.203421 -2.222461
v 0.506662 1.203421 -2.236525
v 0.506036 1.205755 -2.222461
v 0.506036 1.205755 -2.236525
v 0.504328 1.207463 -2.222461
v 0.504328 1.207463 -2.236525
v 0.501995 1.208088 -2.222461
v 0.501995 1.208088 -2.236525
v 0.499661 1.207463 -2.222461
v 0.499661 1.207463 -2.236525
v 0.497953 1.205755 -2.222461
v 0.497953 1.205755 -2.236525
v 0.501995 1.203421 -2.236525
v 0.501995 1.203421 -2.216094
v 0.493115 1.108943 -2.216069
v 0.493764 1.108943 -2.222461
v 0.497555 1.101253 -2.216069
v 0.497879 1.101815 -2.222461
v 0.506435 1.101253 -2.216069
v 0.506110 1.101815 -2.222461
v 0.510874 1.108943 -2.216069
v 0.510226 1.108943 -2.222461
v 0.506435 1.116633 -2.216069
v 0.506110 1.116071 -2.222461
v 0.497555 1.116633 -2.216069
v 0.497879 1.116071 -2.222461
v 0.491780 1.108943 -2.213238
v 0.492319 1.108943 -2.216094
v 0.493149 1.103835 -2.213238
v 0.493615 1.104105 -2.216094
v 0.496887 1.100096 -2.213238
v 0.497157 1.100563 -2.216094
v 0.501995 1.098728 -2.213238
v 0.501995 1.099267 -2.216094
v 0.507102 1.100096 -2.213238
v 0.506833 1.100563 -2.216094
v 0.510841 1.103835 -2.213238
v 0.510375 1.104105 -2.216094
v 0.512209 1.108943 -2.213238
v 0.511671 1.108943 -2.216094
v 0.510841 1.114050 -2.213238
v 0.510375 1.113781 -2.216094
v 0.507102 1.117789 -2.213238
v 0.506833 1.117323 -2.216094
v 0.501995 1.119158 -2.213238
v 0.501995 1.118619 -2.216094
v 0.496887 1.117789 -2.213238
v 0.497157 1.117323 -2.216094
v 0.493149 1.114050 -2.213238
v 0.493615 1.113781 -2.216094
v 0.497328 1.108943 -2.222461
v 0.497328 1.108943 -2.236525
v 0.497953 1.106609 -2.222461
v 0.497953 1.106609 -2.236525
v 0.499661 1.104901 -2.222461
v 0.499661 1.104901 -2.236525
v 0.501995 1.104276 -2.222461
v 0.501995 1.104276 -2.236525
v 0.504328 1.104901 -2.222461
v 0.504328 1.104901 -2.236525
v 0.506036 1.106609 -2.222461
v 0.506036 1.106609 -2.236525
v 0.506662 1.108943 -2.222461
v 0.506662 1.108943 -2.236525
v 0.506036 1.111276 -2.222461
v 0.506036 1.111276 -2.236525
v 0.504328 1.112984 -2.222461
v 0.504328 1.112984 -2.236525
v 0.501995 1.113610 -2.222461
v 0.501995 1.113610 -2.236525
v 0.499661 1.112984 -2.222461
v 0.499661 1.112984 -2.236525
v 0.497953 1.111276 -2.222461
v 0.497953 1.111276 -2.236525
v 0.501995 1.108943 -2.236525
v 0.501995 1.108943 -2.216094
v 0.144922 1.064153 -2.205738
v 0.144922 2.215014 -2.205738
v 0.108643 1.064153 -2.205738
v 0.108643 2.215014 -2.205738
v 0.144922 1.064153 -2.242017
v 0.144922 2.215014 -2.242017
v 0.137422 1.064153 -2.213238
v 0.137422 2.215014 -2.213238
v 0.108643 1.064153 -2.213238
v 0.108643 2.215014 -2.213238
v 0.137422 1.064153 -2.242017
v 0.137422 2.215014 -2.242017
v 0.114962 1.203421 -2.216069
v 0.115611 1.203421 -2.222461
v 0.119402 1.195731 -2.216069
v 0.119727 1.196293 -2.222461
v 0.128282 1.195731 -2.216069
v 0.127958 1.196293 -2.222461
v 0.132722 1.203421 -2.216069
v 0.132073 1.203421 -2.222461
v 0.128282 1.211111 -2.216069
v 0.127958 1.210550 -2.222461
v 0.119402 1.211111 -2.216069
v 0.119727 1.210550 -2.222461
v 0.113627 1.203421 -2.213238
v 0.114166 1.203421 -2.216094
v 0.114996 1.198314 -2.213238
v 0.115462 1.198583 -2.216094
v 0.118735 1.194575 -2.213238
v 0.119004 1.195041 -2.216094
v 0.123842 1.193207 -2.213238
v 0.123842 1.193745 -2.216094
v 0.128949 1.194575 -2.213238
v 0.128680 1.195041 -2.216094
v 0.132688 1.198314 -2.213238
v 0.132222 1.198583 -2.216094
v 0.134057 1.203421 -2.213238
v 0.133518 1.203421 -2.216094
v 0.132688 1.208529 -2.213238
v 0.132222 1.208259 -2.216094
v 0.128949 1.212268 -2.213238
v 0.128680 1.211801 -2.216094
v 0.123842 1.213636 -2.213238
v 0.123842 1.213098 -2.216094
v 0.118735 1.212268 -2.213238
v 0.119004 1.211801 -2.216094
v 0.114996 1.208529 -2.213238
v 0.115462 1.208259 -2.216094
v 0.119175 1.203421 -2.222461
v 0.119175 1.203421 -2.236525
v 0.119800 1.201088 -2.222461
v 0.119800 1.201088 -2.236525
v 0.121509 1.199380 -2.222461
v 0.121509 1.199380 -2.236525
v 0.123842 1.198754 -2.222461
v 0.123842 1.198754 -2.236525
v 0.126176 1.199380 -2.222461
v 0.126176 1.199380 -2.236525
v 0.127884 1.201088 -2.222461
v 0.127884 1.201088 -2.236525
v 0.128509 1.203421 -2.222461
v 0.128509 1.203421 -2.236525
v 0.127884 1.205755 -2.222461
v 0.127884 1.205755 -2.236525
v 0.126176 1.207463 -2.222461
v 0.126176 1.207463 -2.236525
v 0.123842 1.208088 -2.222461
v 0.123842 1.208088 -2.236525
v 0.121509 1.207463 -2.222461
v 0.121509 1.207463 -2.236525
v 0.119800 1.205755 -2.222461
v 0.119800 1.205755 -2.236525
v 0.123842 1.203421 -2.236525
v 0.123842 1.203421 -2.216094
v 0.114962 1.108943 -2.216069
v 0.115611 1.108943 -2.222461
v 0.119402 1.101253 -2.216069
v 0.119727 1.101815 -2.222461
v 0.128282 1.101253 -2.216069
v 0.127958 1.101815 -2.222461
v 0.132722 1.108943 -2.216069
v 0.132073 1.108943 -2.222461
v 0.128282 1.116633 -2.216069
v 0.127958 1.116071 -2.222461
v 0.119402 1.116633 -2.216069
v 0.119727 1.116071 -2.222461
v 0.113627 1.108943 -2.213238
v 0.114166 1.108943 -2.216094
v 0.114996 1.103835 -2.213238
v 0.115462 1.104105 -2.216094
v 0.118735 1.100096 -2.213238
v 0.119004 1.100563 -2.216094
v 0.123842 1.098728 -2.213238
v 0.123842 1.099267 -2.216094
v 0.128949 1.100096 -2.213238
v 0.128680 1.100563 -2.216094
v 0.132688 1.103835 -2.213238
v 0.132222 1.104105 -2.216094
v 0.134057 1.108943 -2.213238
v 0.133518 1.108943 -2.216094
v 0.132688 1.114050 -2.213238
v 0.132222 1.113781 -2.216094
v 0.128949 1.117789 -2.213238
v 0.128680 1.117323 -2.216094
v 0.123842 1.119158 -2.213238
v 0.123842 1.118619 -2.216094
v 0.118735 1.117789 -2.213238
v 0.119004 1.117323 -2.216094
v 0.114996 1.114050 -2.213238
v 0.115462 1.113781 -2.216094
v 0.119175 1.108943 -2.222461
v 0.119175 1.108943 -2.236525
v 0.119800 1.106609 -2.222461
v 0.119800 1.106609 -2.236525
v 0.121509 1.104901 -2.222461
v 0.121509 1.104901 -2.236525
v 0.123842 1.104276 -2.222461
v 0.123842 1.104276 -2.236525
v 0.126176 1.104901 -2.222461
v 0.126176 1.104901 -2.236525
v 0.127884 1.106609 -2.222461
v 0.127884 1.106609 -2.236525
v 0.128509 1.108943 -2.222461
v 0.128509 1.108943 -2.236525
v 0.127884 1.111276 -2.222461
v 0.127884 1.111276 -2.236525
v 0.126176 1.112984 -2.222461
v 0.126176 1.112984 -2.236525
v 0.123842 1.113610 -2.222461
v 0.123842 1.113610 -2.236525
v 0.121509 1.112984 -2.222461
v 0.121509 1.112984 -2.236525
v 0.119800 1.111276 -2.222461
v 0.119800 1.111276 -2.236525
v 0.123842 1.108943 -2.236525
v 0.123842 1.108943 -2.216094
v 0.053461 0.014830 -0.056532
v 0.053461 0.028693 -0.055496
v 0.065741 0.014830 -0.049442
v 0.064844 0.028693 -0.048924
v 0.065741 0.014830 -0.035262
v 0.064844 0.028693 -0.035780
v 0.053461 0.014830 -0.028172
v 0.053461 0.028693 -0.029207
v 0.041181 0.014830 -0.035262
v 0.042078 0.028693 -0.035780
v 0.041181 0.014830 -0.049442
v 0.042078 0.028693 -0.048924
v 0.053461 0.012000 -0.058664
v 0.053461 0.014856 -0.057804
v 0.061617 0.012000 -0.056478
v 0.061187 0.014856 -0.055733
v 0.067588 0.012000 -0.050508
v 0.066843 0.014856 -0.050078
v 0.069773 0.012000 -0.042352
v 0.068913 0.014856 -0.042352
v 0.067588 0.012000 -0.034196
v 0.066843 0.014856 -0.034626
v 0.061617 0.012000 -0.028225
v 0.061187 0.014856 -0.028970
v 0.053461 0.012000 -0.026040
v 0.053461 0.014856 -0.026900
v 0.045305 0.012000 -0.028225
v 0.045735 0.014856 -0.028970
v 0.039335 0.012000 -0.034196
v 0.040079 0.014856 -0.034626
v 0.037149 0.012000 -0.042352
v 0.038009 0.014856 -0.042352
v 0.039335 0.012000 -0.050508
v 0.040079 0.014856 -0.050078
v 0.045305 0.012000 -0.056478
v 0.045735 0.014856 -0.055733
v 0.053461 0.029019 -0.049804
v 0.053461 0.036969 -0.049804
v 0.057187 0.029019 -0.048806
v 0.057187 0.036969 -0.048806
v 0.059915 0.029019 -0.046078
v 0.059915 0.036969 -0.046078
v 0.060914 0.029019 -0.042352
v 0.060914 0.036969 -0.042352
v 0.059915 0.029019 -0.038625
v 0.059915 0.036969 -0.038625
v 0.057187 0.029019 -0.035897
v 0.057187 0.036969 -0.035897
v 0.053461 0.029019 -0.034899
v 0.053461 0.036969 -0.034899
v 0.049735 0.029019 -0.035897
v 0.049735 0.036969 -0.035897
v 0.047007 0.029019 -0.038625
v 0.047007 0.036969 -0.038625
v 0.046009 0.029019 -0.042352
v 0.046009 0.036969 -0.042352
v 0.047007 0.029019 -0.046078
v 0.047007 0.036969 -0.046078
v 0.049735 0.029019 -0.048806
v 0.049735 0.036969 -0.048806
v 0.053461 0.014856 -0.042352
v 0.910163 0.014856 -0.042352
v 0.910163 0.036969 -0.042352
v 0.053461 0.036969 -0.042352
vn 1.0000 -0.0000 -0.0000
vn -0.0000 -0.0000 -1.0000
vn -0.0000 1.0000 -0.0000
vn -1.0000 -0.0000 -0.0000
vn -0.0000 -1.0000 -0.0000
vn -0.0000 -0.0000 1.0000
vn -0.0000 0.7812 0.6243
vn -0.0000 0.9437 0.3308
vn -0.0000 -0.9431 -0.3324
vn -0.0000 -0.7790 -0.6270
vn -0.0000 0.1449 0.9894
vn -0.0000 -0.1017 0.9948
vn -0.0000 0.3827 0.9239
vn -0.0000 0.9239 0.3827
vn -0.0000 0.9808 0.1951
vn -0.0000 -0.1449 -0.9894
vn -0.0000 0.1017 -0.9948
vn -0.0000 -0.7071 -0.7071
vn -0.0000 -0.9808 -0.1951
vn -0.0000 -0.9948 -0.1017
vn -0.0000 -0.3827 -0.9239
vn -0.0000 -0.9239 -0.3827
vn -0.0000 0.7071 0.7071
vn -0.0000 -0.9451 -0.3268
vn -0.0000 -0.9763 -0.2164
vn -0.0000 -0.7864 -0.6177
vn 0.0875 -0.4981 -0.8627
vn 0.0875 -0.9962 -0.0000
vn 0.0875 -0.4981 0.8627
vn 0.0875 0.4981 0.8627
vn 0.0875 0.9962 -0.0000
vn 0.0875 0.4981 -0.8627
vn 0.1854 -0.0000 -0.9827
vn 0.1854 -0.4913 -0.8510
vn 0.1853 -0.8510 -0.4913
vn 0.1853 -0.9827 -0.0000
vn 0.1853 -0.8510 0.4913
vn 0.1853 -0.4913 0.8510
vn 0.1853 -0.0000 0.9827
vn 0.1853 0.4913 0.8510
vn 0.1853 0.8510 0.4913
vn 0.1853 0.9827 -0.0000
vn 0.1853 0.8510 -0.4913
vn 0.1854 0.4914 -0.8510
vn 0.1854 0.4913 -0.8510
vn -0.0000 -0.5000 -0.8660
vn -0.0000 -0.8660 -0.5000
vn -0.0000 -0.8660 0.5000
vn -0.0000 -0.5000 0.8660
vn -0.0000 0.5000 0.8660
vn -0.0000 0.8660 0.5000
vn -0.0000 0.8660 -0.5000
vn -0.0000 0.5000 -0.8660
vn 0.1853 -0.0000 -0.9827
vn 0.1853 -0.4913 -0.8510
vn 0.1853 0.4913 -0.8510
vn 0.1854 0.8510 -0.4913
vn 0.4990 0.0646 -0.8642
vn 0.9979 0.0646 -0.0000
vn 0.4990 0.0646 0.8642
vn -0.4990 0.0646 0.8642
vn -0.9979 0.0646 -0.0000
vn -0.4990 0.0646 -0.8642
vn -0.0000 0.2884 -0.9575
vn 0.4788 0.2883 -0.8292
vn 0.8292 0.2883 -0.4788
vn 0.9575 0.2883 -0.0000
vn 0.8292 0.2883 0.4788
vn 0.4788 0.2883 0.8292
vn -0.0000 0.2884 0.9575
vn -0.4788 0.2883 0.8292
vn -0.8292 0.2883 0.4788
vn -0.9575 0.2883 -0.0000
vn -0.8292 0.2883 -0.4788
vn -0.4788 0.2883 -0.8292
vn 0.5000 -0.0000 -0.8660
vn 0.8660 -0.0000 -0.5000
vn 0.8660 -0.0000 0.5000
vn 0.5000 -0.0000 0.8660
vn -0.5000 -0.0000 0.8660
vn -0.8660 -0.0000 0.5000
vn -0.8660 -0.0000 -0.5000
vn -0.5000 -0.0000 -0.8660
vn -0.0000 0.9416 0.3369
vn -0.0000 0.7731 0.6343
vn 0.0220 -0.9412 -0.3371
vn 0.0089 -1.0000 -0.0008
vn 0.0239 -0.7729 -0.6341
vn 0.0068 -0.0032 -1.0000
vn -0.1239 -0.9357 -0.3303
vn -0.1550 -0.8974 -0.4132
vn -0.1117 -0.9481 -0.2977
vn 0.0002 -1.0000 -0.0004
vn 0.1853 -0.8510 0.4914
vn 0.1853 0.4914 -0.8510
vn 0.1853 -0.4914 -0.8510
vn 0.1853 0.4914 0.8510
vn 0.0876 -0.4981 -0.8627
vn 0.0876 0.4981 -0.8627
vn 0.1853 -0.8510 -0.4914
vn 0.1853 -0.4914 0.8510
vn 0.1853 0.8510 -0.4914
vn -0.8627 -0.4981 -0.0875
vn -0.0000 -0.9962 -0.0875
vn 0.8627 -0.4981 -0.0875
vn 0.8627 0.4981 -0.0875
vn -0.0000 0.9962 -0.0875
vn -0.8627 0.4981 -0.0875
vn -0.9827 -0.0000 -0.1853
vn -0.8510 -0.4913 -0.1853
vn -0.4913 -0.8510 -0.1853
vn -0.0000 -0.9827 -0.1853
vn 0.4913 -0.8510 -0.1853
vn 0.8510 -0.4913 -0.1853
vn 0.9827 -0.0000 -0.1853
vn 0.8510 0.4913 -0.1853
vn 0.4913 0.8510 -0.1853
vn -0.0000 0.9827 -0.1853
vn -0.4913 0.8510 -0.1853
vn -0.8510 0.4913 -0.1853
vn -0.8660 -0.5000 -0.0000
vn -0.5000 -0.8660 -0.0000
vn 0.5000 -0.8660 -0.0000
vn 0.8660 -0.5000 -0.0000
vn 0.8660 0.5000 -0.0000
vn 0.5000 0.8660 -0.0000
vn -0.5000 0.8660 -0.0000
vn -0.8660 0.5000 -0.0000
vn -0.8510 0.4914 -0.1853
vn 0.8510 -0.4914 -0.1853
vt 0.536935 0.216538
vt 0.507467 0.179666
vt 0.538534 0.154838
vt 0.538659 0.154995
vt 0.943826 0.156413
vt 0.965109 0.216538
vt 0.006862 0.393138
vt 0.027771 0.332885
vt 0.229642 0.332885
vt 0.229642 0.393138
vt 0.457069 0.321138
vt 0.457069 0.260884
vt 0.702062 0.260884
vt 0.702062 0.321138
vt 0.695422 0.372651
vt 0.695422 0.332882
vt 0.714508 0.332882
vt 0.714508 0.372651
vt 0.534857 0.080879
vt 0.536581 0.142421
vt 0.534553 0.144959
vt 0.503487 0.120132
vt 0.963016 0.080879
vt 0.941733 0.141003
vt 0.927894 0.321138
vt 0.906986 0.260885
vt 0.549354 0.808879
vt 0.552403 0.811928
vt 0.307362 0.811928
vt 0.310411 0.808879
vt 0.951364 0.292654
vt 0.929230 0.292654
vt 0.929230 0.252885
vt 0.951364 0.252885
vt 0.008808 0.940880
vt 0.056027 0.940880
vt 0.056027 0.943929
vt 0.005758 0.943929
vt 0.961123 0.271943
vt 0.961324 0.271943
vt 0.964369 0.274988
vt 0.961123 0.274988
vt 0.484367 0.940881
vt 0.484367 0.943931
vt 0.004885 0.954878
vt 0.410114 0.954878
vt 0.410114 0.957927
vt 0.004885 0.957927
vt 0.231629 0.901928
vt 0.008805 0.901928
vt 0.005756 0.898879
vt 0.231629 0.898879
vt 0.206798 0.971928
vt 0.004885 0.971928
vt 0.004885 0.968879
vt 0.209847 0.968879
vt 0.468535 0.393138
vt 0.468535 0.332885
vt 0.420758 0.954882
vt 0.665817 0.954882
vt 0.662768 0.957931
vt 0.423807 0.957931
vt 0.502212 0.094608
vt 0.502212 0.054878
vt 0.505258 0.054878
vt 0.505258 0.094608
vt 0.961324 0.252882
vt 0.964369 0.252882
vt 0.004883 0.306884
vt 0.023971 0.306884
vt 0.027019 0.309933
vt 0.004883 0.309933
vt 0.702155 0.464535
vt 0.700430 0.402998
vt 0.700556 0.402841
vt 0.731620 0.427666
vt 0.274023 0.464535
vt 0.295304 0.404416
vt 0.691315 0.393138
vt 0.670406 0.332885
vt 0.167736 0.317014
vt 0.167736 0.297928
vt 0.207503 0.297928
vt 0.207503 0.317014
vt 0.534686 0.070943
vt 0.503316 0.031690
vt 0.534382 0.006863
vt 0.536411 0.009401
vt 0.941568 0.010819
vt 0.962851 0.070943
vt 0.231237 0.321138
vt 0.252146 0.260884
vt 0.215203 0.285015
vt 0.175433 0.285015
vt 0.175433 0.262880
vt 0.215204 0.262880
vt 0.480467 0.684884
vt 0.483517 0.687934
vt 0.433246 0.687934
vt 0.433246 0.684884
vt 0.959209 0.149932
vt 0.959209 0.146884
vt 0.962458 0.146884
vt 0.959410 0.149932
vt 0.004887 0.687934
vt 0.004887 0.684884
vt 0.494136 0.943931
vt 0.494136 0.940886
vt 0.898845 0.940886
vt 0.898845 0.943931
vt 0.676453 0.957931
vt 0.676453 0.954886
vt 0.902030 0.954886
vt 0.898986 0.957931
vt 0.422081 0.968887
vt 0.425125 0.971930
vt 0.220489 0.971930
vt 0.220489 0.968887
vt 0.167736 0.294880
vt 0.207503 0.294880
vt 0.962458 0.169018
vt 0.959410 0.169018
vt 0.037152 0.309933
vt 0.037152 0.306886
vt 0.059278 0.306886
vt 0.056231 0.309933
vt 0.502199 0.687783
vt 0.741092 0.687783
vt 0.741092 0.694949
vt 0.502199 0.694949
vt 0.502199 0.684677
vt 0.741092 0.684677
vt 0.502199 0.681570
vt 0.741092 0.681570
vt 0.502199 0.624290
vt 0.741092 0.624290
vt 0.502199 0.615422
vt 0.741092 0.615422
vt 0.734763 0.341947
vt 0.734763 0.335422
vt 0.973659 0.335422
vt 0.973658 0.341947
vt 0.973658 0.343360
vt 0.734763 0.343360
vt 0.973658 0.344909
vt 0.734763 0.344909
vt 0.973658 0.404224
vt 0.734763 0.404224
vt 0.973658 0.415633
vt 0.734763 0.415633
vt 0.734763 0.332882
vt 0.973659 0.332882
vt 0.502199 0.612882
vt 0.741092 0.612882
vt 0.741087 0.528053
vt 0.502204 0.528053
vt 0.502204 0.520887
vt 0.741087 0.520887
vt 0.741087 0.531159
vt 0.502204 0.531159
vt 0.741087 0.534265
vt 0.502204 0.534265
vt 0.741087 0.591542
vt 0.502204 0.591542
vt 0.741087 0.600411
vt 0.502204 0.600411
vt 0.004884 0.507947
vt 0.004884 0.501422
vt 0.243780 0.501422
vt 0.243780 0.507947
vt 0.243780 0.509360
vt 0.004884 0.509360
vt 0.243780 0.510909
vt 0.004884 0.510909
vt 0.243780 0.570224
vt 0.004884 0.570224
vt 0.243780 0.581633
vt 0.004884 0.581633
vt 0.004884 0.498882
vt 0.243780 0.498882
vt 0.741087 0.602951
vt 0.502204 0.602951
vt 0.243773 0.600049
vt 0.004879 0.600049
vt 0.004879 0.592883
vt 0.243773 0.592883
vt 0.243773 0.603155
vt 0.004879 0.603155
vt 0.243773 0.606262
vt 0.004879 0.606262
vt 0.243773 0.663541
vt 0.004879 0.663541
vt 0.243773 0.672410
vt 0.004879 0.672410
vt 0.004883 0.413950
vt 0.004883 0.407425
vt 0.243774 0.407425
vt 0.243774 0.413950
vt 0.243774 0.415363
vt 0.004883 0.415363
vt 0.243774 0.416912
vt 0.004883 0.416912
vt 0.243774 0.476226
vt 0.004883 0.476226
vt 0.243774 0.487634
vt 0.004883 0.487634
vt 0.004883 0.404885
vt 0.243774 0.404885
vt 0.243773 0.674950
vt 0.004879 0.674950
vt 0.492437 0.576053
vt 0.253549 0.576053
vt 0.253549 0.568888
vt 0.492437 0.568888
vt 0.492437 0.579160
vt 0.253549 0.579160
vt 0.492437 0.582266
vt 0.253549 0.582266
vt 0.492437 0.639545
vt 0.253549 0.639545
vt 0.492437 0.648413
vt 0.253549 0.648413
vt 0.492434 0.548567
vt 0.492434 0.555091
vt 0.253539 0.555091
vt 0.253539 0.548567
vt 0.253539 0.547154
vt 0.492434 0.547154
vt 0.253539 0.545605
vt 0.492434 0.545605
vt 0.253539 0.486290
vt 0.492434 0.486290
vt 0.253539 0.474881
vt 0.492434 0.474881
vt 0.492434 0.557632
vt 0.253539 0.557632
vt 0.492437 0.650953
vt 0.253549 0.650953
vt 0.989755 0.528045
vt 0.750857 0.528045
vt 0.750857 0.520879
vt 0.989755 0.520879
vt 0.989755 0.531151
vt 0.750857 0.531151
vt 0.989755 0.534258
vt 0.750857 0.534258
vt 0.989755 0.591538
vt 0.750857 0.591538
vt 0.989755 0.600407
vt 0.750857 0.600407
vt 0.742463 0.435950
vt 0.742463 0.429425
vt 0.981358 0.429425
vt 0.981358 0.435950
vt 0.981358 0.437363
vt 0.742463 0.437363
vt 0.981358 0.438912
vt 0.742463 0.438912
vt 0.981358 0.498227
vt 0.742463 0.498227
vt 0.981358 0.509636
vt 0.742463 0.509636
vt 0.742463 0.426885
vt 0.981358 0.426885
vt 0.989755 0.602947
vt 0.750857 0.602947
vt 0.243774 0.012045
vt 0.004879 0.012045
vt 0.004879 0.004879
vt 0.243774 0.004879
vt 0.243774 0.015151
vt 0.004879 0.015151
vt 0.243774 0.018258
vt 0.004879 0.018258
vt 0.243774 0.252020
vt 0.004879 0.252020
vt 0.253546 0.013944
vt 0.253546 0.007419
vt 0.492442 0.007419
vt 0.492442 0.013944
vt 0.492442 0.015357
vt 0.253546 0.015357
vt 0.492442 0.016906
vt 0.253546 0.016906
vt 0.492442 0.250164
vt 0.253545 0.250164
vt 0.253545 0.004879
vt 0.492442 0.004879
vt 0.750852 0.625438
vt 0.750852 0.614768
vt 0.979417 0.614768
vt 0.979417 0.625438
vt 0.979417 0.627320
vt 0.979417 0.637990
vt 0.750852 0.637990
vt 0.750852 0.627320
vt 0.750852 0.612886
vt 0.979417 0.612886
vt 0.502201 0.487436
vt 0.502201 0.476763
vt 0.730825 0.476763
vt 0.730825 0.487436
vt 0.730825 0.489319
vt 0.730825 0.499991
vt 0.502201 0.499991
vt 0.502201 0.489319
vt 0.502201 0.474881
vt 0.730826 0.474881
vt 0.929241 0.922773
vt 0.929241 0.678887
vt 0.936551 0.678887
vt 0.936551 0.917031
vt 0.925431 0.922773
vt 0.925431 0.680276
vt 0.927336 0.680276
vt 0.927336 0.922773
vt 0.499882 0.892101
vt 0.494140 0.899411
vt 0.255995 0.899411
vt 0.255995 0.892101
vt 0.504119 0.206077
vt 0.502215 0.206077
vt 0.502215 0.204173
vt 0.504119 0.204173
vt 0.918120 0.922773
vt 0.918120 0.680276
vt 0.499882 0.884791
vt 0.255995 0.884791
vt 0.494140 0.901317
vt 0.255995 0.901317
vt 0.257385 0.882886
vt 0.499882 0.882886
vt 0.502215 0.194884
vt 0.504119 0.194884
vt 0.511424 0.206077
vt 0.511424 0.204173
vt 0.796454 0.689733
vt 0.798083 0.689733
vt 0.798083 0.691902
vt 0.796454 0.691902
vt 0.796454 0.678885
vt 0.798083 0.678885
vt 0.798083 0.681054
vt 0.796454 0.681054
vt 0.798083 0.683224
vt 0.796454 0.683224
vt 0.798083 0.685393
vt 0.796454 0.685393
vt 0.801799 0.880501
vt 0.800753 0.878691
vt 0.801799 0.876880
vt 0.803889 0.876880
vt 0.798083 0.687563
vt 0.796454 0.687563
vt 0.837372 0.719620
vt 0.837372 0.718884
vt 0.838677 0.718884
vt 0.838677 0.719620
vt 0.839983 0.718884
vt 0.839983 0.719620
vt 0.841288 0.718884
vt 0.841288 0.719620
vt 0.825623 0.719620
vt 0.825623 0.718884
vt 0.826929 0.718883
vt 0.826929 0.719620
vt 0.828234 0.718884
vt 0.828234 0.719620
vt 0.829540 0.718884
vt 0.829540 0.719620
vt 0.830845 0.718884
vt 0.830845 0.719620
vt 0.832150 0.718884
vt 0.832150 0.719620
vt 0.833456 0.718884
vt 0.833456 0.719620
vt 0.834761 0.718884
vt 0.834761 0.719620
vt 0.021040 0.715646
vt 0.020140 0.714746
vt 0.019811 0.713517
vt 0.022269 0.713517
vt 0.836066 0.718884
vt 0.836066 0.719620
vt 0.731655 0.452724
vt 0.728081 0.452724
vt 0.728081 0.452111
vt 0.731655 0.452111
vt 0.728081 0.451497
vt 0.731655 0.451497
vt 0.728081 0.450883
vt 0.731655 0.450883
vt 0.731655 0.458248
vt 0.728081 0.458248
vt 0.728081 0.457634
vt 0.731655 0.457634
vt 0.728081 0.457021
vt 0.731655 0.457021
vt 0.728081 0.456407
vt 0.731655 0.456407
vt 0.728081 0.455793
vt 0.731655 0.455793
vt 0.728081 0.455179
vt 0.731655 0.455179
vt 0.728081 0.454566
vt 0.731655 0.454566
vt 0.728081 0.453952
vt 0.731655 0.453952
vt 0.728081 0.453338
vt 0.731655 0.453338
vt 0.888904 0.891286
vt 0.888311 0.891445
vt 0.888311 0.890259
vt 0.889338 0.890852
vt 0.887718 0.891286
vt 0.887285 0.890852
vt 0.887126 0.890259
vt 0.887285 0.889666
vt 0.887718 0.889232
vt 0.888311 0.889074
vt 0.888904 0.889232
vt 0.889338 0.889666
vt 0.889497 0.890259
vt 0.803889 0.880501
vt 0.804934 0.878691
vt 0.020140 0.712288
vt 0.021040 0.711388
vt 0.022269 0.711059
vt 0.023498 0.711388
vt 0.024398 0.712288
vt 0.024727 0.713517
vt 0.024398 0.714746
vt 0.023498 0.715646
vt 0.022269 0.715975
vt 0.762254 0.689725
vt 0.763883 0.689725
vt 0.763883 0.691894
vt 0.762254 0.691894
vt 0.762254 0.678881
vt 0.763883 0.678881
vt 0.763883 0.681050
vt 0.762254 0.681050
vt 0.763883 0.683218
vt 0.762254 0.683218
vt 0.763883 0.685387
vt 0.762254 0.685387
vt 0.834103 0.864879
vt 0.836195 0.864879
vt 0.837242 0.866691
vt 0.836195 0.868504
vt 0.763883 0.687556
vt 0.762254 0.687556
vt 0.854963 0.718884
vt 0.854963 0.719621
vt 0.853658 0.719621
vt 0.853658 0.718884
vt 0.852353 0.719621
vt 0.852353 0.718884
vt 0.851048 0.719621
vt 0.851048 0.718884
vt 0.866711 0.718884
vt 0.866711 0.719621
vt 0.865406 0.719621
vt 0.865406 0.718884
vt 0.864100 0.719621
vt 0.864100 0.718884
vt 0.862795 0.719621
vt 0.862795 0.718884
vt 0.861490 0.719621
vt 0.861490 0.718884
vt 0.860185 0.719621
vt 0.860185 0.718884
vt 0.858879 0.719621
vt 0.858879 0.718884
vt 0.857574 0.719621
vt 0.857574 0.718884
vt 0.038248 0.711373
vt 0.039148 0.712273
vt 0.039477 0.713502
vt 0.037019 0.713502
vt 0.856269 0.719621
vt 0.856269 0.718884
vt 0.255383 0.454882
vt 0.255383 0.458456
vt 0.254769 0.458456
vt 0.254769 0.454882
vt 0.254155 0.458456
vt 0.254155 0.454882
vt 0.253541 0.458456
vt 0.253541 0.454882
vt 0.260908 0.454883
vt 0.260908 0.458457
vt 0.260294 0.458457
vt 0.260294 0.454883
vt 0.259680 0.458457
vt 0.259680 0.454883
vt 0.259066 0.458457
vt 0.259066 0.454883
vt 0.258452 0.458457
vt 0.258452 0.454883
vt 0.257838 0.458457
vt 0.257839 0.454883
vt 0.257225 0.458457
vt 0.257225 0.454883
vt 0.256611 0.458457
vt 0.256611 0.454883
vt 0.255997 0.458456
vt 0.255997 0.454883
vt 0.876567 0.891286
vt 0.875973 0.891445
vt 0.875973 0.890259
vt 0.877001 0.890852
vt 0.875380 0.891286
vt 0.874946 0.890852
vt 0.874788 0.890259
vt 0.874946 0.889666
vt 0.875380 0.889232
vt 0.875973 0.889073
vt 0.876567 0.889232
vt 0.877001 0.889666
vt 0.877160 0.890259
vt 0.833056 0.866692
vt 0.834103 0.868504
vt 0.039148 0.714731
vt 0.038248 0.715630
vt 0.037019 0.715960
vt 0.035790 0.715630
vt 0.034890 0.714731
vt 0.034561 0.713502
vt 0.034890 0.712273
vt 0.035790 0.711373
vt 0.037019 0.711044
vt 0.957443 0.922795
vt 0.957443 0.678884
vt 0.964754 0.678884
vt 0.964754 0.917051
vt 0.953633 0.922795
vt 0.953633 0.680273
vt 0.955538 0.680273
vt 0.955538 0.922795
vt 0.248727 0.878101
vt 0.242986 0.885410
vt 0.004885 0.885410
vt 0.004885 0.878101
vt 0.502208 0.006788
vt 0.502208 0.004883
vt 0.504114 0.004883
vt 0.504114 0.006788
vt 0.946322 0.922795
vt 0.946322 0.680273
vt 0.248727 0.870792
vt 0.004885 0.870792
vt 0.242986 0.887315
vt 0.004885 0.887315
vt 0.006273 0.868888
vt 0.248727 0.868888
vt 0.513412 0.004883
vt 0.513412 0.006788
vt 0.502208 0.014100
vt 0.504114 0.014100
vt 0.887132 0.680512
vt 0.887132 0.678880
vt 0.889306 0.678880
vt 0.889306 0.680512
vt 0.876264 0.680512
vt 0.876264 0.678880
vt 0.878437 0.678880
vt 0.878437 0.680512
vt 0.880611 0.678880
vt 0.880611 0.680512
vt 0.882785 0.678880
vt 0.882785 0.680512
vt 0.261994 0.872502
vt 0.259903 0.872502
vt 0.258858 0.870692
vt 0.259903 0.868882
vt 0.884958 0.678880
vt 0.884958 0.680512
vt 0.847486 0.852883
vt 0.847486 0.853621
vt 0.846179 0.853621
vt 0.846179 0.852883
vt 0.844871 0.853621
vt 0.844871 0.852883
vt 0.843563 0.853621
vt 0.843563 0.852883
vt 0.859256 0.852883
vt 0.859256 0.853621
vt 0.857949 0.853621
vt 0.857949 0.852883
vt 0.856641 0.853621
vt 0.856641 0.852883
vt 0.855333 0.853621
vt 0.855333 0.852883
vt 0.854025 0.853621
vt 0.854025 0.852883
vt 0.852718 0.853621
vt 0.852718 0.852883
vt 0.851410 0.853621
vt 0.851410 0.852883
vt 0.850102 0.853621
vt 0.850102 0.852883
vt 0.964442 0.033371
vt 0.965342 0.034271
vt 0.965671 0.035500
vt 0.963213 0.035499
vt 0.848794 0.853621
vt 0.848794 0.852883
vt 0.253544 0.442406
vt 0.257117 0.442406
vt 0.257117 0.443020
vt 0.253544 0.443020
vt 0.257117 0.443634
vt 0.253544 0.443634
vt 0.257117 0.444248
vt 0.253544 0.444248
vt 0.253544 0.436882
vt 0.257117 0.436882
vt 0.257117 0.437496
vt 0.253544 0.437496
vt 0.257117 0.438109
vt 0.253544 0.438109
vt 0.257117 0.438723
vt 0.253544 0.438723
vt 0.257117 0.439337
vt 0.253544 0.439337
vt 0.257117 0.439951
vt 0.253544 0.439951
vt 0.257117 0.440565
vt 0.253544 0.440565
vt 0.257117 0.441179
vt 0.253544 0.441179
vt 0.257117 0.441792
vt 0.253544 0.441792
vt 0.882906 0.878849
vt 0.882748 0.878256
vt 0.883933 0.878256
vt 0.883340 0.879282
vt 0.882906 0.877664
vt 0.883340 0.877230
vt 0.883933 0.877071
vt 0.884525 0.877230
vt 0.884959 0.877664
vt 0.885117 0.878256
vt 0.884959 0.878849
vt 0.884525 0.879282
vt 0.883933 0.879441
vt 0.263039 0.870692
vt 0.261994 0.868882
vt 0.965342 0.036728
vt 0.964442 0.037628
vt 0.963213 0.037957
vt 0.961985 0.037628
vt 0.961085 0.036728
vt 0.960756 0.035500
vt 0.961085 0.034271
vt 0.961985 0.033371
vt 0.963213 0.033042
vt 0.900701 0.681053
vt 0.899071 0.681053
vt 0.899071 0.678882
vt 0.900701 0.678882
vt 0.900701 0.691906
vt 0.899071 0.691906
vt 0.899071 0.689735
vt 0.900701 0.689735
vt 0.899071 0.687565
vt 0.900701 0.687565
vt 0.899071 0.685394
vt 0.900701 0.685394
vt 0.838016 0.878694
vt 0.839828 0.877648
vt 0.841640 0.878694
vt 0.841640 0.880787
vt 0.899071 0.683223
vt 0.900701 0.683223
vt 0.821991 0.852880
vt 0.821991 0.853621
vt 0.820678 0.853621
vt 0.820678 0.852880
vt 0.819366 0.853621
vt 0.819366 0.852880
vt 0.818053 0.853621
vt 0.818053 0.852880
vt 0.833802 0.852880
vt 0.833802 0.853621
vt 0.832490 0.853621
vt 0.832490 0.852880
vt 0.831178 0.853621
vt 0.831178 0.852880
vt 0.829865 0.853621
vt 0.829865 0.852880
vt 0.828553 0.853621
vt 0.828553 0.852880
vt 0.827240 0.853621
vt 0.827240 0.852880
vt 0.825928 0.853621
vt 0.825928 0.852880
vt 0.824615 0.853621
vt 0.824615 0.852880
vt 0.099777 0.699385
vt 0.100676 0.700284
vt 0.101005 0.701513
vt 0.098548 0.701513
vt 0.823303 0.853621
vt 0.823303 0.852880
vt 0.270444 0.434722
vt 0.266868 0.434722
vt 0.266868 0.434107
vt 0.270444 0.434107
vt 0.266868 0.433493
vt 0.270444 0.433493
vt 0.266868 0.432879
vt 0.270444 0.432879
vt 0.270444 0.440250
vt 0.266868 0.440250
vt 0.266868 0.439636
vt 0.270444 0.439636
vt 0.266868 0.439022
vt 0.270444 0.439022
vt 0.266868 0.438407
vt 0.270444 0.438407
vt 0.266868 0.437793
vt 0.270444 0.437793
vt 0.266868 0.437179
vt 0.270444 0.437179
vt 0.266868 0.436565
vt 0.270444 0.436565
vt 0.266868 0.435950
vt 0.270444 0.435950
vt 0.266868 0.435336
vt 0.270444 0.435336
vt 0.763830 0.883637
vt 0.763989 0.884230
vt 0.762803 0.884230
vt 0.763396 0.883203
vt 0.763830 0.884823
vt 0.763396 0.885257
vt 0.762803 0.885416
vt 0.762211 0.885257
vt 0.761776 0.884823
vt 0.761617 0.884230
vt 0.761776 0.883637
vt 0.762211 0.883203
vt 0.762803 0.883045
vt 0.838016 0.880786
vt 0.839828 0.881833
vt 0.100676 0.702741
vt 0.099777 0.703640
vt 0.098548 0.703970
vt 0.097320 0.703640
vt 0.096421 0.702741
vt 0.096092 0.701513
vt 0.096421 0.700284
vt 0.097320 0.699385
vt 0.098548 0.699056
vt 0.753557 0.890190
vt 0.509649 0.890190
vt 0.509649 0.882879
vt 0.747814 0.882879
vt 0.753557 0.894000
vt 0.511039 0.894000
vt 0.511039 0.892095
vt 0.753557 0.892095
vt 0.782837 0.862095
vt 0.777094 0.869406
vt 0.538936 0.869406
vt 0.538936 0.862095
vt 0.226877 0.274079
vt 0.224973 0.274079
vt 0.224973 0.272175
vt 0.226877 0.272175
vt 0.753557 0.901311
vt 0.511039 0.901311
vt 0.782837 0.854784
vt 0.538936 0.854784
vt 0.777094 0.871311
vt 0.538936 0.871311
vt 0.540325 0.852879
vt 0.782837 0.852879
vt 0.224973 0.262883
vt 0.226877 0.262883
vt 0.234184 0.274078
vt 0.234184 0.272175
vt 0.775285 0.681052
vt 0.773654 0.681052
vt 0.773654 0.678880
vt 0.775285 0.678880
vt 0.775285 0.691913
vt 0.773654 0.691913
vt 0.773654 0.689740
vt 0.775285 0.689740
vt 0.773654 0.687568
vt 0.775285 0.687568
vt 0.773654 0.685397
vt 0.775285 0.685397
vt 0.850889 0.868504
vt 0.848797 0.868504
vt 0.847751 0.866693
vt 0.848797 0.864881
vt 0.773654 0.683224
vt 0.775285 0.683224
vt 0.796522 0.852880
vt 0.796522 0.853618
vt 0.795214 0.853618
vt 0.795214 0.852880
vt 0.793907 0.853618
vt 0.793907 0.852880
vt 0.792600 0.853618
vt 0.792600 0.852880
vt 0.808287 0.852880
vt 0.808287 0.853618
vt 0.806980 0.853618
vt 0.806980 0.852880
vt 0.805672 0.853618
vt 0.805672 0.852880
vt 0.804365 0.853618
vt 0.804365 0.852880
vt 0.803058 0.853618
vt 0.803058 0.852880
vt 0.801751 0.853618
vt 0.801751 0.852880
vt 0.800443 0.853618
vt 0.800443 0.852880
vt 0.799136 0.853618
vt 0.799136 0.852880
vt 0.888457 0.703386
vt 0.889358 0.704286
vt 0.889687 0.705516
vt 0.887227 0.705516
vt 0.797829 0.853618
vt 0.797829 0.852880
vt 0.989184 0.636405
vt 0.992756 0.636405
vt 0.992756 0.637018
vt 0.989184 0.637018
vt 0.992756 0.637632
vt 0.989184 0.637632
vt 0.992756 0.638245
vt 0.989184 0.638245
vt 0.989184 0.630884
vt 0.992756 0.630884
vt 0.992756 0.631497
vt 0.989184 0.631497
vt 0.992756 0.632111
vt 0.989184 0.632111
vt 0.992756 0.632724
vt 0.989184 0.632724
vt 0.992756 0.633338
vt 0.989184 0.633338
vt 0.992756 0.633951
vt 0.989184 0.633951
vt 0.992756 0.634565
vt 0.989184 0.634565
vt 0.992756 0.635178
vt 0.989184 0.635178
vt 0.992756 0.635791
vt 0.989184 0.635791
vt 0.768187 0.893232
vt 0.768780 0.893074
vt 0.768779 0.894258
vt 0.767754 0.893666
vt 0.769372 0.893232
vt 0.769805 0.893666
vt 0.769964 0.894258
vt 0.769805 0.894850
vt 0.769372 0.895284
vt 0.768779 0.895442
vt 0.768187 0.895284
vt 0.767754 0.894850
vt 0.767596 0.894258
vt 0.851934 0.866693
vt 0.850889 0.864881
vt 0.889357 0.706746
vt 0.888457 0.707647
vt 0.887227 0.707976
vt 0.885997 0.707646
vt 0.885097 0.706746
vt 0.884767 0.705516
vt 0.885097 0.704286
vt 0.885997 0.703386
vt 0.887227 0.703056
vt 0.810021 0.678883
vt 0.810021 0.680513
vt 0.807851 0.680513
vt 0.807851 0.678883
vt 0.820870 0.678883
vt 0.820870 0.680513
vt 0.818700 0.680513
vt 0.818700 0.678883
vt 0.816530 0.680513
vt 0.816530 0.678883
vt 0.814360 0.680513
vt 0.814360 0.678883
vt 0.823333 0.880792
vt 0.823333 0.878699
vt 0.825145 0.877653
vt 0.826958 0.878699
vt 0.812191 0.680513
vt 0.812191 0.678883
vt 0.888286 0.719619
vt 0.888286 0.718878
vt 0.889598 0.718878
vt 0.889598 0.719619
vt 0.890910 0.718878
vt 0.890910 0.719619
vt 0.892221 0.718878
vt 0.892221 0.719619
vt 0.876480 0.719619
vt 0.876480 0.718878
vt 0.877792 0.718878
vt 0.877792 0.719619
vt 0.879103 0.718878
vt 0.879103 0.719619
vt 0.880415 0.718878
vt 0.880415 0.719619
vt 0.881727 0.718878
vt 0.881727 0.719619
vt 0.883039 0.718878
vt 0.883039 0.719619
vt 0.884351 0.718878
vt 0.884351 0.719619
vt 0.885662 0.718878
vt 0.885662 0.719619
vt 0.871241 0.707648
vt 0.870341 0.706748
vt 0.870012 0.705519
vt 0.872470 0.705519
vt 0.886974 0.718878
vt 0.886974 0.719619
vt 0.989189 0.618405
vt 0.992763 0.618405
vt 0.992763 0.619019
vt 0.989189 0.619019
vt 0.992763 0.619633
vt 0.989189 0.619633
vt 0.992763 0.620247
vt 0.989189 0.620247
vt 0.989189 0.612880
vt 0.992763 0.612880
vt 0.992763 0.613494
vt 0.989189 0.613494
vt 0.992763 0.614107
vt 0.989189 0.614107
vt 0.992763 0.614721
vt 0.989189 0.614721
vt 0.992763 0.615336
vt 0.989189 0.615336
vt 0.992763 0.615949
vt 0.989189 0.615949
vt 0.992763 0.616563
vt 0.989189 0.616563
vt 0.992763 0.617177
vt 0.989189 0.617177
vt 0.992763 0.617791
vt 0.989189 0.617791
vt 0.782167 0.893664
vt 0.782326 0.894257
vt 0.781139 0.894257
vt 0.781733 0.893230
vt 0.782167 0.894851
vt 0.781733 0.895285
vt 0.781139 0.895444
vt 0.780546 0.895285
vt 0.780112 0.894851
vt 0.779953 0.894257
vt 0.780112 0.893664
vt 0.780546 0.893230
vt 0.781139 0.893071
vt 0.825145 0.881838
vt 0.826958 0.880792
vt 0.870341 0.704290
vt 0.871241 0.703390
vt 0.872470 0.703061
vt 0.873699 0.703390
vt 0.874599 0.704290
vt 0.874929 0.705519
vt 0.874599 0.706748
vt 0.873699 0.707648
vt 0.872470 0.707977
vt 0.966295 0.135719
vt 0.962761 0.135719
vt 0.962761 0.132246
vt 0.966295 0.132246
vt 0.962761 0.128773
vt 0.966295 0.128773
vt 0.962761 0.125300
vt 0.966295 0.125300
vt 0.962761 0.121827
vt 0.966295 0.121827
vt 0.975556 0.314664
vt 0.973887 0.311772
vt 0.975556 0.308881
vt 0.978895 0.308881
vt 0.962761 0.118354
vt 0.966295 0.118354
vt 0.962761 0.114881
vt 0.966295 0.114881
vt 0.961725 0.299082
vt 0.961740 0.299892
vt 0.959807 0.300463
vt 0.959396 0.299794
vt 0.958427 0.301916
vt 0.957745 0.301540
vt 0.957950 0.303855
vt 0.957174 0.303869
vt 0.958494 0.305776
vt 0.957826 0.306176
vt 0.959924 0.307181
vt 0.959536 0.307864
vt 0.961875 0.307684
vt 0.961889 0.308495
vt 0.963807 0.307113
vt 0.964218 0.307783
vt 0.965187 0.305660
vt 0.965869 0.306036
vt 0.965664 0.303721
vt 0.966441 0.303708
vt 0.965120 0.301800
vt 0.965789 0.301401
vt 0.521789 0.213327
vt 0.522482 0.214020
vt 0.520843 0.214967
vt 0.520843 0.213073
vt 0.963690 0.300396
vt 0.964078 0.299712
vt 0.022010 0.322903
vt 0.022010 0.320888
vt 0.022988 0.320888
vt 0.022988 0.322903
vt 0.023966 0.320888
vt 0.023966 0.322903
vt 0.024944 0.320888
vt 0.024944 0.322903
vt 0.025922 0.320888
vt 0.025922 0.322903
vt 0.026900 0.320888
vt 0.026900 0.322903
vt 0.027878 0.320888
vt 0.027878 0.322903
vt 0.028856 0.320888
vt 0.028856 0.322903
vt 0.029834 0.320888
vt 0.029834 0.322903
vt 0.030812 0.320888
vt 0.030812 0.322903
vt 0.031790 0.320888
vt 0.031790 0.322903
vt 0.978895 0.314664
vt 0.980564 0.311772
vt 0.032768 0.320888
vt 0.032768 0.322903
vt 0.033746 0.320888
vt 0.033746 0.322903
vt 0.004880 0.273510
vt 0.004880 0.262884
vt 0.155239 0.262884
vt 0.155239 0.273510
vt 0.155305 0.296328
vt 0.004882 0.296328
vt 0.004882 0.284878
vt 0.149105 0.284878
vt 0.253539 0.672331
vt 0.253539 0.660882
vt 0.492260 0.660882
vt 0.492260 0.672331
vt 0.974515 0.678888
vt 0.984951 0.678888
vt 0.984951 0.917558
vt 0.974515 0.917558
vt 0.005923 0.745662
vt 0.008391 0.732882
vt 0.601104 0.732882
vt 0.590617 0.745663
vt 0.004882 0.767511
vt 0.004882 0.756881
vt 0.589698 0.756881
vt 0.589698 0.767511
vt 0.606234 0.756881
vt 0.606234 0.767511
vt 0.964087 0.234237
vt 0.814703 0.234129
vt 0.814707 0.226887
vt 0.964181 0.226992
vt 0.958894 0.242900
vt 0.814710 0.243030
vt 0.811603 0.234127
vt 0.811608 0.243032
vt 0.804274 0.243035
vt 0.804270 0.234128
vt 0.165344 0.711879
vt 0.747765 0.710141
vt 0.757568 0.721868
vt 0.166843 0.721867
vt 0.165234 0.704634
vt 0.747790 0.702900
vt 0.753291 0.705461
vt 0.763123 0.717223
vt 0.991119 0.463463
vt 0.991119 0.319313
vt 0.994505 0.319313
vt 0.994505 0.463463
vt 0.965624 0.010883
vt 0.965625 0.021316
vt 0.963085 0.021316
vt 0.963084 0.013984
vt 0.954179 0.010883
vt 0.954179 0.013984
vt 0.165672 0.262884
vt 0.165672 0.273510
vt 0.871519 0.924323
vt 0.632913 0.924323
vt 0.632913 0.921783
vt 0.871519 0.921783
vt 0.588561 0.929493
vt 0.020396 0.929493
vt 0.020396 0.926882
vt 0.588561 0.926882
vt 0.013920 0.912880
vt 0.612517 0.912880
vt 0.612517 0.916306
vt 0.013920 0.916306
vt 0.004881 0.912880
vt 0.004881 0.916306
vt 0.004886 0.929493
vt 0.004886 0.926882
vt 0.811604 0.226886
vt 0.804270 0.226886
vt 0.989527 0.648883
vt 0.989527 0.656217
vt 0.750854 0.656217
vt 0.750854 0.648883
vt 0.989527 0.665123
vt 0.989527 0.668225
vt 0.750854 0.668225
vt 0.750854 0.665123
vt 0.596557 0.970150
vt 0.589225 0.970150
vt 0.589225 0.968880
vt 0.596557 0.968880
vt 0.217265 0.303791
vt 0.217265 0.294879
vt 0.224603 0.294879
vt 0.224603 0.303791
vt 0.586124 0.968880
vt 0.586124 0.971419
vt 0.435771 0.971419
vt 0.436679 0.968880
vt 0.994505 0.316212
vt 0.991119 0.316212
vt 0.991119 0.308880
vt 0.994505 0.308880
vt 0.629528 0.921783
vt 0.629528 0.912879
vt 0.632913 0.912879
vt 0.622288 0.924323
vt 0.622288 0.923053
vt 0.629563 0.923053
vt 0.596557 0.971419
vt 0.622288 0.921783
vt 0.529166 0.871311
vt 0.273337 0.871311
vt 0.273337 0.862095
vt 0.529166 0.862095
vt 0.004885 0.848101
vt 0.004885 0.840791
vt 0.262143 0.840791
vt 0.262143 0.848102
vt 0.271908 0.852879
vt 0.529166 0.852879
vt 0.004885 0.855412
vt 0.262143 0.855412
vt 0.004885 0.838885
vt 0.262143 0.838885
vt 0.260714 0.857317
vt 0.004885 0.857317
vt 0.090801 0.308792
vt 0.088896 0.306887
vt 0.098114 0.306887
vt 0.098114 0.308792
vt 0.088896 0.316104
vt 0.088896 0.306887
vt 0.090801 0.316104
vt 0.752486 0.681052
vt 0.750857 0.681052
vt 0.750858 0.678884
vt 0.752486 0.678884
vt 0.752486 0.691893
vt 0.750858 0.691893
vt 0.750857 0.689725
vt 0.752486 0.689725
vt 0.750858 0.687557
vt 0.752486 0.687557
vt 0.750857 0.685389
vt 0.752486 0.685389
vt 0.790248 0.878694
vt 0.789202 0.880506
vt 0.787110 0.880506
vt 0.786064 0.878694
vt 0.750858 0.683221
vt 0.752486 0.683221
vt 0.283713 0.839620
vt 0.283713 0.838880
vt 0.285025 0.838880
vt 0.285025 0.839620
vt 0.286337 0.838880
vt 0.286337 0.839620
vt 0.287649 0.838880
vt 0.287649 0.839620
vt 0.271907 0.839620
vt 0.271907 0.838880
vt 0.273219 0.838880
vt 0.273219 0.839620
vt 0.274530 0.838880
vt 0.274530 0.839620
vt 0.275842 0.838880
vt 0.275842 0.839620
vt 0.277154 0.838880
vt 0.277154 0.839620
vt 0.278466 0.838880
vt 0.278466 0.839620
vt 0.279778 0.838880
vt 0.279778 0.839620
vt 0.281090 0.838880
vt 0.281090 0.839620
vt 0.009643 0.714742
vt 0.008744 0.715642
vt 0.007514 0.715971
vt 0.007514 0.713512
vt 0.282402 0.838880
vt 0.282402 0.839620
vt 0.994691 0.476721
vt 0.991122 0.476721
vt 0.991122 0.476108
vt 0.994691 0.476108
vt 0.991122 0.475495
vt 0.994691 0.475495
vt 0.991122 0.474882
vt 0.994691 0.474882
vt 0.994691 0.482237
vt 0.991122 0.482237
vt 0.991122 0.481624
vt 0.994691 0.481624
vt 0.991122 0.481011
vt 0.994691 0.481011
vt 0.991122 0.480398
vt 0.994691 0.480398
vt 0.991122 0.479785
vt 0.994691 0.479785
vt 0.991122 0.479172
vt 0.994691 0.479172
vt 0.991122 0.478559
vt 0.994691 0.478559
vt 0.991122 0.477947
vt 0.994691 0.477947
vt 0.991122 0.477334
vt 0.994691 0.477334
vt 0.802262 0.896825
vt 0.802104 0.896233
vt 0.803289 0.896233
vt 0.802697 0.897259
vt 0.802263 0.895640
vt 0.802697 0.895206
vt 0.803289 0.895047
vt 0.803882 0.895206
vt 0.804316 0.895640
vt 0.804475 0.896233
vt 0.804316 0.896825
vt 0.803882 0.897259
vt 0.803289 0.897418
vt 0.789202 0.876882
vt 0.787110 0.876882
vt 0.006284 0.715642
vt 0.005384 0.714742
vt 0.005055 0.713512
vt 0.005384 0.712283
vt 0.006284 0.711383
vt 0.007514 0.711053
vt 0.008743 0.711383
vt 0.009643 0.712283
vt 0.009973 0.713512
vt 0.841501 0.680517
vt 0.841501 0.678885
vt 0.843674 0.678885
vt 0.843674 0.680517
vt 0.830637 0.680517
vt 0.830637 0.678885
vt 0.832810 0.678885
vt 0.832810 0.680517
vt 0.834983 0.678885
vt 0.834983 0.680517
vt 0.837156 0.678885
vt 0.837156 0.680517
vt 0.878171 0.864879
vt 0.880263 0.864879
vt 0.881308 0.866690
vt 0.880263 0.868501
vt 0.839328 0.678885
vt 0.839328 0.680517
vt 0.566464 0.808880
vt 0.566464 0.809620
vt 0.565152 0.809620
vt 0.565152 0.808880
vt 0.563840 0.809620
vt 0.563840 0.808880
vt 0.562527 0.809620
vt 0.562527 0.808880
vt 0.578275 0.808880
vt 0.578275 0.809620
vt 0.576963 0.809620
vt 0.576963 0.808880
vt 0.575651 0.809620
vt 0.575651 0.808880
vt 0.574338 0.809620
vt 0.574338 0.808880
vt 0.573026 0.809620
vt 0.573026 0.808880
vt 0.571714 0.809620
vt 0.571714 0.808880
vt 0.570401 0.809620
vt 0.570401 0.808880
vt 0.569089 0.809620
vt 0.569089 0.808880
vt 0.903527 0.702284
vt 0.904427 0.701384
vt 0.905656 0.701055
vt 0.905656 0.703514
vt 0.567777 0.809620
vt 0.567777 0.808880
vt 0.994686 0.494724
vt 0.991114 0.494724
vt 0.991114 0.494110
vt 0.994686 0.494110
vt 0.991114 0.493497
vt 0.994686 0.493497
vt 0.991114 0.492883
vt 0.994686 0.492883
vt 0.994686 0.500245
vt 0.991114 0.500245
vt 0.991114 0.499631
vt 0.994686 0.499631
vt 0.991114 0.499018
vt 0.994686 0.499018
vt 0.991114 0.498404
vt 0.994686 0.498404
vt 0.991114 0.497791
vt 0.994686 0.497791
vt 0.991114 0.497178
vt 0.994686 0.497178
vt 0.991114 0.496564
vt 0.994686 0.496564
vt 0.991114 0.495951
vt 0.994686 0.495951
vt 0.991114 0.495337
vt 0.994686 0.495337
vt 0.819812 0.897290
vt 0.819219 0.897449
vt 0.819219 0.896263
vt 0.820246 0.896856
vt 0.818626 0.897290
vt 0.818192 0.896856
vt 0.818032 0.896263
vt 0.818192 0.895670
vt 0.818626 0.895235
vt 0.819219 0.895076
vt 0.819812 0.895235
vt 0.820246 0.895669
vt 0.820405 0.896263
vt 0.877126 0.866690
vt 0.878171 0.868501
vt 0.906886 0.701385
vt 0.907786 0.702285
vt 0.908115 0.703514
vt 0.907785 0.704744
vt 0.906885 0.705644
vt 0.905656 0.705973
vt 0.904427 0.705643
vt 0.903527 0.704743
vt 0.903198 0.703514
vt 0.901413 0.841313
vt 0.609117 0.841313
vt 0.609117 0.832099
vt 0.901413 0.832099
vt 0.306999 0.832101
vt 0.306999 0.824790
vt 0.599347 0.824790
vt 0.599347 0.832101
vt 0.609117 0.822885
vt 0.901413 0.822885
vt 0.306999 0.839411
vt 0.599347 0.839411
vt 0.306999 0.822885
vt 0.599347 0.822885
vt 0.599347 0.841317
vt 0.306999 0.841317
vt 0.128759 0.314182
vt 0.126856 0.316085
vt 0.126856 0.306879
vt 0.128759 0.306879
vt 0.136062 0.316085
vt 0.126856 0.316085
vt 0.136062 0.314182
vt 0.864318 0.680513
vt 0.864318 0.678879
vt 0.866493 0.678879
vt 0.866493 0.680513
vt 0.853440 0.680513
vt 0.853440 0.678879
vt 0.855616 0.678879
vt 0.855616 0.680513
vt 0.857791 0.678879
vt 0.857791 0.680513
vt 0.859967 0.678879
vt 0.859967 0.680513
vt 0.865576 0.864884
vt 0.866621 0.866694
vt 0.865576 0.868504
vt 0.863486 0.868504
vt 0.862142 0.678879
vt 0.862142 0.680513
vt 0.895171 0.856803
vt 0.894432 0.856803
vt 0.894432 0.855495
vt 0.895170 0.855495
vt 0.894432 0.854186
vt 0.895170 0.854186
vt 0.894432 0.852878
vt 0.895170 0.852878
vt 0.895170 0.868576
vt 0.894432 0.868576
vt 0.894432 0.867267
vt 0.895170 0.867267
vt 0.894432 0.865959
vt 0.895170 0.865959
vt 0.894432 0.864651
vt 0.895170 0.864651
vt 0.894432 0.863343
vt 0.895170 0.863343
vt 0.894432 0.862035
vt 0.895170 0.862035
vt 0.894432 0.860727
vt 0.895170 0.860727
vt 0.894432 0.859419
vt 0.895170 0.859419
vt 0.112065 0.703641
vt 0.111165 0.702741
vt 0.110836 0.701512
vt 0.113294 0.701512
vt 0.894432 0.858111
vt 0.895170 0.858111
vt 0.253535 0.424413
vt 0.257111 0.424413
vt 0.257111 0.425027
vt 0.253535 0.425027
vt 0.257111 0.425641
vt 0.253535 0.425641
vt 0.257111 0.426255
vt 0.253535 0.426255
vt 0.253535 0.418884
vt 0.257111 0.418884
vt 0.257111 0.419499
vt 0.253535 0.419499
vt 0.257111 0.420113
vt 0.253535 0.420113
vt 0.257111 0.420727
vt 0.253535 0.420727
vt 0.257111 0.421341
vt 0.253535 0.421341
vt 0.257111 0.421956
vt 0.253535 0.421956
vt 0.257111 0.422570
vt 0.253535 0.422570
vt 0.257111 0.423184
vt 0.253535 0.423184
vt 0.257111 0.423798
vt 0.253535 0.423798
vt 0.896895 0.879665
vt 0.897054 0.880257
vt 0.895869 0.880257
vt 0.896462 0.879231
vt 0.896895 0.880850
vt 0.896461 0.881284
vt 0.895869 0.881443
vt 0.895276 0.881284
vt 0.894842 0.880850
vt 0.894683 0.880257
vt 0.894842 0.879664
vt 0.895276 0.879230
vt 0.895869 0.879072
vt 0.863486 0.864884
vt 0.862441 0.866694
vt 0.111165 0.700283
vt 0.112065 0.699384
vt 0.113294 0.699054
vt 0.114523 0.699384
vt 0.115422 0.700283
vt 0.115751 0.701512
vt 0.115422 0.702741
vt 0.114523 0.703641
vt 0.113294 0.703970
vt 0.785052 0.689719
vt 0.786680 0.689719
vt 0.786680 0.691887
vt 0.785052 0.691887
vt 0.785052 0.678882
vt 0.786680 0.678882
vt 0.786680 0.681049
vt 0.785052 0.681049
vt 0.786680 0.683217
vt 0.785052 0.683217
vt 0.786680 0.685384
vt 0.785052 0.685384
vt 0.819419 0.868506
vt 0.818374 0.866696
vt 0.819419 0.864885
vt 0.821509 0.864885
vt 0.786680 0.687552
vt 0.785052 0.687552
vt 0.880760 0.853621
vt 0.880760 0.852885
vt 0.882063 0.852885
vt 0.882063 0.853621
vt 0.883366 0.852885
vt 0.883367 0.853621
vt 0.884670 0.852885
vt 0.884670 0.853621
vt 0.869028 0.853621
vt 0.869028 0.852885
vt 0.870331 0.852885
vt 0.870331 0.853621
vt 0.871635 0.852885
vt 0.871635 0.853621
vt 0.872938 0.852885
vt 0.872938 0.853621
vt 0.874242 0.852885
vt 0.874242 0.853621
vt 0.875545 0.852885
vt 0.875545 0.853621
vt 0.876849 0.852885
vt 0.876849 0.853621
vt 0.878152 0.852885
vt 0.878152 0.853621
vt 0.125918 0.700289
vt 0.126818 0.699390
vt 0.128046 0.699060
vt 0.128046 0.701518
vt 0.879456 0.852885
vt 0.879456 0.853621
vt 0.268708 0.418886
vt 0.268708 0.422459
vt 0.268095 0.422459
vt 0.268095 0.418886
vt 0.267481 0.422459
vt 0.267481 0.418886
vt 0.266867 0.422459
vt 0.266867 0.418886
vt 0.274233 0.418886
vt 0.274233 0.422459
vt 0.273619 0.422459
vt 0.273619 0.418886
vt 0.273005 0.422459
vt 0.273005 0.418886
vt 0.272391 0.422459
vt 0.272391 0.418886
vt 0.271778 0.422459
vt 0.271778 0.418886
vt 0.271164 0.422459
vt 0.271164 0.418886
vt 0.270550 0.422459
vt 0.270550 0.418886
vt 0.269936 0.422459
vt 0.269936 0.418886
vt 0.269322 0.422459
vt 0.269322 0.418886
vt 0.774559 0.883208
vt 0.775153 0.883049
vt 0.775153 0.884236
vt 0.774125 0.883642
vt 0.775747 0.883208
vt 0.776181 0.883642
vt 0.776340 0.884236
vt 0.776181 0.884830
vt 0.775746 0.885264
vt 0.775153 0.885423
vt 0.774559 0.885264
vt 0.774125 0.884829
vt 0.773966 0.884236
vt 0.821509 0.868506
vt 0.822554 0.866695
vt 0.129275 0.699390
vt 0.130175 0.700289
vt 0.130504 0.701518
vt 0.130175 0.702746
vt 0.129275 0.703646
vt 0.128046 0.703975
vt 0.126818 0.703646
vt 0.125918 0.702746
vt 0.125589 0.701518
vt 0.502214 0.236099
vt 0.794493 0.236099
vt 0.794493 0.245313
vt 0.502214 0.245313
vt 0.985615 0.004887
vt 0.992925 0.004887
vt 0.992925 0.297243
vt 0.985614 0.297243
vt 0.502214 0.226885
vt 0.794493 0.226885
vt 0.978304 0.004887
vt 0.978303 0.297243
vt 0.994831 0.004887
vt 0.994830 0.297243
vt 0.976398 0.297243
vt 0.976398 0.004887
vt 0.938074 0.310199
vt 0.936168 0.312105
vt 0.936168 0.302885
vt 0.938074 0.302885
vt 0.945388 0.312105
vt 0.936168 0.312105
vt 0.945388 0.310199
vt 0.810020 0.690883
vt 0.810020 0.692513
vt 0.807849 0.692513
vt 0.807849 0.690883
vt 0.820873 0.690883
vt 0.820873 0.692513
vt 0.818702 0.692513
vt 0.818702 0.690883
vt 0.816532 0.692513
vt 0.816532 0.690883
vt 0.814361 0.692513
vt 0.814361 0.690883
vt 0.867399 0.880769
vt 0.867399 0.878679
vt 0.869210 0.877634
vt 0.871020 0.878679
vt 0.812191 0.692513
vt 0.812191 0.690883
vt 0.804334 0.865622
vt 0.804334 0.864886
vt 0.805639 0.864885
vt 0.805639 0.865622
vt 0.806943 0.864885
vt 0.806943 0.865622
vt 0.808247 0.864886
vt 0.808247 0.865622
vt 0.792597 0.865622
vt 0.792597 0.864886
vt 0.793901 0.864885
vt 0.793901 0.865622
vt 0.795205 0.864885
vt 0.795205 0.865622
vt 0.796509 0.864886
vt 0.796509 0.865622
vt 0.797814 0.864885
vt 0.797814 0.865622
vt 0.799118 0.864885
vt 0.799118 0.865622
vt 0.800422 0.864886
vt 0.800422 0.865622
vt 0.801726 0.864885
vt 0.801726 0.865622
vt 0.826090 0.704286
vt 0.826989 0.703386
vt 0.828218 0.703057
vt 0.828218 0.705515
vt 0.803030 0.864885
vt 0.803030 0.865622
vt 0.272510 0.404881
vt 0.272510 0.408454
vt 0.271897 0.408454
vt 0.271897 0.404881
vt 0.271283 0.408454
vt 0.271283 0.404881
vt 0.270669 0.408454
vt 0.270669 0.404881
vt 0.278035 0.404881
vt 0.278035 0.408454
vt 0.277421 0.408454
vt 0.277421 0.404881
vt 0.276807 0.408454
vt 0.276807 0.404881
vt 0.276193 0.408454
vt 0.276193 0.404881
vt 0.275580 0.408454
vt 0.275580 0.404881
vt 0.274966 0.408454
vt 0.274966 0.404881
vt 0.274352 0.408454
vt 0.274352 0.404881
vt 0.273738 0.408454
vt 0.273738 0.404881
vt 0.273124 0.408454
vt 0.273124 0.404881
vt 0.964856 0.179666
vt 0.965015 0.180258
vt 0.963830 0.180258
vt 0.964422 0.179232
vt 0.964856 0.180850
vt 0.964422 0.181284
vt 0.963830 0.181443
vt 0.963238 0.181284
vt 0.962804 0.180851
vt 0.962645 0.180258
vt 0.962804 0.179666
vt 0.963238 0.179233
vt 0.963830 0.179074
vt 0.869210 0.881814
vt 0.871020 0.880769
vt 0.829447 0.703386
vt 0.830347 0.704286
vt 0.830676 0.705515
vt 0.830347 0.706744
vt 0.829447 0.707644
vt 0.828218 0.707973
vt 0.826989 0.707644
vt 0.826089 0.706744
vt 0.825760 0.705515
vt 0.841481 0.692513
vt 0.841481 0.690884
vt 0.843650 0.690884
vt 0.843650 0.692513
vt 0.830637 0.692513
vt 0.830637 0.690884
vt 0.832806 0.690884
vt 0.832806 0.692513
vt 0.834975 0.690884
vt 0.834975 0.692513
vt 0.837143 0.690884
vt 0.837143 0.692513
vt 0.852715 0.878678
vt 0.854525 0.877633
vt 0.856335 0.878678
vt 0.856334 0.880768
vt 0.839312 0.690884
vt 0.839312 0.692513
vt 0.905672 0.856817
vt 0.904932 0.856817
vt 0.904932 0.855506
vt 0.905672 0.855506
vt 0.904932 0.854194
vt 0.905672 0.854194
vt 0.904932 0.852882
vt 0.905672 0.852882
vt 0.905672 0.868623
vt 0.904932 0.868623
vt 0.904932 0.867311
vt 0.905672 0.867311
vt 0.904932 0.865999
vt 0.905672 0.865999
vt 0.904932 0.864687
vt 0.905672 0.864687
vt 0.904932 0.863376
vt 0.905672 0.863376
vt 0.904932 0.862064
vt 0.905672 0.862064
vt 0.904932 0.860752
vt 0.905672 0.860752
vt 0.904932 0.859441
vt 0.905672 0.859441
vt 0.841740 0.707642
vt 0.840841 0.706743
vt 0.840512 0.705514
vt 0.842969 0.705514
vt 0.904932 0.858129
vt 0.905672 0.858129
vt 0.255384 0.404887
vt 0.255384 0.408458
vt 0.254770 0.408458
vt 0.254770 0.404887
vt 0.254157 0.408458
vt 0.254157 0.404887
vt 0.253543 0.408458
vt 0.253543 0.404887
vt 0.260904 0.404887
vt 0.260904 0.408458
vt 0.260291 0.408458
vt 0.260291 0.404887
vt 0.259677 0.408458
vt 0.259677 0.404887
vt 0.259064 0.408458
vt 0.259064 0.404887
vt 0.258451 0.408458
vt 0.258451 0.404887
vt 0.257837 0.408458
vt 0.257837 0.404887
vt 0.257224 0.408458
vt 0.257224 0.404887
vt 0.256610 0.408458
vt 0.256610 0.404887
vt 0.255997 0.408458
vt 0.255997 0.404887
vt 0.683451 0.333666
vt 0.683610 0.334258
vt 0.682425 0.334258
vt 0.683018 0.333232
vt 0.683451 0.334851
vt 0.683018 0.335284
vt 0.682425 0.335443
vt 0.681833 0.335284
vt 0.681399 0.334850
vt 0.681241 0.334258
vt 0.681399 0.333666
vt 0.681833 0.333232
vt 0.682425 0.333073
vt 0.852715 0.880767
vt 0.854525 0.881813
vt 0.840841 0.704285
vt 0.841741 0.703386
vt 0.842969 0.703057
vt 0.844198 0.703386
vt 0.845098 0.704285
vt 0.845427 0.705514
vt 0.845098 0.706743
vt 0.844198 0.707642
vt 0.842969 0.707971
vt 0.901397 0.811316
vt 0.609042 0.811316
vt 0.609042 0.802100
vt 0.901397 0.802100
vt 0.616000 0.772096
vt 0.616000 0.764785
vt 0.908356 0.764785
vt 0.908356 0.772096
vt 0.609042 0.792883
vt 0.901397 0.792883
vt 0.616000 0.779407
vt 0.908356 0.779407
vt 0.616000 0.762880
vt 0.908356 0.762880
vt 0.908356 0.781312
vt 0.616000 0.781312
vt 0.071825 0.308784
vt 0.069920 0.306878
vt 0.079137 0.306878
vt 0.079137 0.308784
vt 0.069920 0.316095
vt 0.069919 0.306878
vt 0.071825 0.316095
vt 0.084112 0.700511
vt 0.084112 0.698879
vt 0.086286 0.698879
vt 0.086286 0.700511
vt 0.073241 0.700511
vt 0.073241 0.698879
vt 0.075415 0.698879
vt 0.075415 0.700511
vt 0.077589 0.698879
vt 0.077589 0.700511
vt 0.079763 0.698879
vt 0.079763 0.700511
vt 0.591565 0.812504
vt 0.589472 0.812504
vt 0.588425 0.810691
vt 0.589472 0.808879
vt 0.081938 0.698879
vt 0.081938 0.700511
vt 0.061034 0.711621
vt 0.061034 0.710883
vt 0.062342 0.710883
vt 0.062342 0.711621
vt 0.063650 0.710883
vt 0.063650 0.711621
vt 0.064957 0.710883
vt 0.064957 0.711621
vt 0.049265 0.711621
vt 0.049265 0.710883
vt 0.050572 0.710883
vt 0.050572 0.711621
vt 0.051880 0.710883
vt 0.051880 0.711621
vt 0.053188 0.710883
vt 0.053188 0.711621
vt 0.054495 0.710883
vt 0.054495 0.711621
vt 0.055803 0.710883
vt 0.055803 0.711621
vt 0.057111 0.710883
vt 0.057111 0.711621
vt 0.058419 0.710883
vt 0.058419 0.711621
vt 0.141573 0.703645
vt 0.140674 0.702745
vt 0.140345 0.701516
vt 0.142803 0.701516
vt 0.059727 0.710883
vt 0.059727 0.711621
vt 0.004878 0.340413
vt 0.008456 0.340413
vt 0.008456 0.341027
vt 0.004878 0.341027
vt 0.008456 0.341642
vt 0.004878 0.341642
vt 0.008456 0.342256
vt 0.004878 0.342256
vt 0.004878 0.334883
vt 0.008456 0.334883
vt 0.008456 0.335497
vt 0.004878 0.335497
vt 0.008456 0.336112
vt 0.004878 0.336112
vt 0.008456 0.336726
vt 0.004878 0.336726
vt 0.008456 0.337341
vt 0.004878 0.337341
vt 0.008456 0.337955
vt 0.004878 0.337955
vt 0.008456 0.338570
vt 0.004878 0.338570
vt 0.008456 0.339184
vt 0.004878 0.339184
vt 0.008456 0.339798
vt 0.004878 0.339798
vt 0.812550 0.885231
vt 0.813142 0.885072
vt 0.813142 0.886258
vt 0.812116 0.885665
vt 0.813735 0.885231
vt 0.814168 0.885665
vt 0.814327 0.886257
vt 0.814168 0.886850
vt 0.813735 0.887284
vt 0.813142 0.887443
vt 0.812550 0.887284
vt 0.812116 0.886850
vt 0.811957 0.886258
vt 0.592611 0.810691
vt 0.591565 0.808879
vt 0.140674 0.700287
vt 0.141574 0.699388
vt 0.142803 0.699058
vt 0.144032 0.699388
vt 0.144932 0.700288
vt 0.145261 0.701517
vt 0.144932 0.702746
vt 0.144032 0.703645
vt 0.142803 0.703975
vt 0.015729 0.700513
vt 0.015729 0.698884
vt 0.017898 0.698884
vt 0.017898 0.700513
vt 0.004884 0.700513
vt 0.004884 0.698884
vt 0.007053 0.698884
vt 0.007053 0.700513
vt 0.009222 0.698884
vt 0.009222 0.700513
vt 0.011391 0.698884
vt 0.011391 0.700513
vt 0.906527 0.718693
vt 0.905482 0.720504
vt 0.903392 0.720504
vt 0.902346 0.718693
vt 0.013560 0.698884
vt 0.013560 0.700513
vt 0.078639 0.714885
vt 0.078639 0.715621
vt 0.077335 0.715621
vt 0.077335 0.714885
vt 0.076031 0.715621
vt 0.076031 0.714885
vt 0.074727 0.715621
vt 0.074727 0.714885
vt 0.090376 0.714885
vt 0.090376 0.715621
vt 0.089072 0.715621
vt 0.089072 0.714885
vt 0.087768 0.715621
vt 0.087768 0.714885
vt 0.086464 0.715621
vt 0.086464 0.714885
vt 0.085160 0.715621
vt 0.085160 0.714885
vt 0.083855 0.715621
vt 0.083855 0.714885
vt 0.082551 0.715621
vt 0.082551 0.714885
vt 0.081247 0.715621
vt 0.081247 0.714885
vt 0.797483 0.707646
vt 0.796584 0.706747
vt 0.796255 0.705519
vt 0.798712 0.705519
vt 0.079943 0.715621
vt 0.079943 0.714885
vt 0.960680 0.322458
vt 0.960680 0.318886
vt 0.961294 0.318886
vt 0.961294 0.322458
vt 0.961907 0.318886
vt 0.961907 0.322458
vt 0.962521 0.318886
vt 0.962521 0.322458
vt 0.955159 0.322458
vt 0.955159 0.318886
vt 0.955773 0.318886
vt 0.955773 0.322458
vt 0.956386 0.318886
vt 0.956386 0.322458
vt 0.957000 0.318886
vt 0.957000 0.322458
vt 0.957613 0.318886
vt 0.957613 0.322458
vt 0.958227 0.318886
vt 0.958227 0.322458
vt 0.958840 0.318886
vt 0.958840 0.322458
vt 0.959454 0.318886
vt 0.959454 0.322458
vt 0.960067 0.318886
vt 0.960067 0.322458
vt 0.793902 0.889665
vt 0.794061 0.890257
vt 0.792877 0.890257
vt 0.793469 0.889232
vt 0.793902 0.890849
vt 0.793469 0.891282
vt 0.792877 0.891441
vt 0.792285 0.891282
vt 0.791852 0.890849
vt 0.791693 0.890257
vt 0.791852 0.889665
vt 0.792285 0.889232
vt 0.792877 0.889073
vt 0.905482 0.716883
vt 0.903392 0.716883
vt 0.796584 0.704291
vt 0.797483 0.703391
vt 0.798712 0.703062
vt 0.799940 0.703391
vt 0.800839 0.704291
vt 0.801168 0.705519
vt 0.800839 0.706747
vt 0.799940 0.707646
vt 0.798712 0.707976
vt 0.599277 0.797313
vt 0.306923 0.797313
vt 0.306923 0.788097
vt 0.599277 0.788097
vt 0.297164 0.788102
vt 0.297164 0.795410
vt 0.004879 0.795410
vt 0.004879 0.788102
vt 0.306923 0.778881
vt 0.599277 0.778881
vt 0.297164 0.780792
vt 0.004879 0.780792
vt 0.297164 0.797315
vt 0.004879 0.797315
vt 0.004879 0.778888
vt 0.297164 0.778888
vt 0.109777 0.314194
vt 0.107872 0.316100
vt 0.107873 0.306884
vt 0.109778 0.306884
vt 0.117088 0.316100
vt 0.107872 0.316100
vt 0.117088 0.314195
vt 0.878356 0.690884
vt 0.878356 0.692513
vt 0.876188 0.692513
vt 0.876188 0.690884
vt 0.889199 0.690884
vt 0.889199 0.692513
vt 0.887030 0.692513
vt 0.887030 0.690884
vt 0.884861 0.692513
vt 0.884861 0.690884
vt 0.882693 0.692513
vt 0.882693 0.690884
vt 0.153240 0.709650
vt 0.155051 0.710695
vt 0.155051 0.712786
vt 0.153240 0.713832
vt 0.880525 0.692513
vt 0.880525 0.690884
vt 0.129544 0.714879
vt 0.129544 0.715619
vt 0.128232 0.715619
vt 0.128232 0.714879
vt 0.126920 0.715619
vt 0.126920 0.714879
vt 0.125608 0.715619
vt 0.125608 0.714879
vt 0.141352 0.714879
vt 0.141352 0.715619
vt 0.140040 0.715619
vt 0.140040 0.714879
vt 0.138728 0.715619
vt 0.138728 0.714879
vt 0.137416 0.715619
vt 0.137416 0.714879
vt 0.136104 0.715619
vt 0.136104 0.714879
vt 0.134792 0.715619
vt 0.134792 0.714879
vt 0.133480 0.715619
vt 0.133480 0.714879
vt 0.132168 0.715619
vt 0.132168 0.714879
vt 0.812237 0.707646
vt 0.811337 0.706746
vt 0.811008 0.705518
vt 0.813464 0.705518
vt 0.130856 0.715619
vt 0.130856 0.714879
vt 0.719266 0.382883
vt 0.719266 0.386455
vt 0.718652 0.386455
vt 0.718652 0.382883
vt 0.718039 0.386455
vt 0.718039 0.382883
vt 0.717425 0.386455
vt 0.717425 0.382883
vt 0.724788 0.382883
vt 0.724788 0.386455
vt 0.724174 0.386455
vt 0.724174 0.382883
vt 0.723561 0.386455
vt 0.723561 0.382883
vt 0.722947 0.386455
vt 0.722947 0.382883
vt 0.722334 0.386455
vt 0.722334 0.382883
vt 0.721720 0.386455
vt 0.721720 0.382883
vt 0.721107 0.386455
vt 0.721107 0.382883
vt 0.720493 0.386455
vt 0.720493 0.382883
vt 0.719879 0.386455
vt 0.719879 0.382883
vt 0.862315 0.889665
vt 0.862473 0.890258
vt 0.861289 0.890257
vt 0.861882 0.889232
vt 0.862315 0.890850
vt 0.861881 0.891283
vt 0.861289 0.891442
vt 0.860697 0.891283
vt 0.860264 0.890849
vt 0.860105 0.890257
vt 0.860264 0.889665
vt 0.860697 0.889232
vt 0.861289 0.889073
vt 0.151429 0.710695
vt 0.151429 0.712786
vt 0.811337 0.704290
vt 0.812237 0.703391
vt 0.813465 0.703062
vt 0.814693 0.703391
vt 0.815592 0.704290
vt 0.815921 0.705518
vt 0.815592 0.706747
vt 0.814693 0.707646
vt 0.813464 0.707975
vt 0.855587 0.690886
vt 0.855587 0.692514
vt 0.853419 0.692514
vt 0.853419 0.690886
vt 0.866428 0.690886
vt 0.866428 0.692514
vt 0.864260 0.692514
vt 0.864260 0.690886
vt 0.862092 0.692514
vt 0.862092 0.690886
vt 0.859924 0.692514
vt 0.859924 0.690886
vt 0.006694 0.353629
vt 0.008505 0.354674
vt 0.008505 0.356765
vt 0.006694 0.357811
vt 0.857756 0.692514
vt 0.857756 0.690886
vt 0.111915 0.715622
vt 0.111915 0.714884
vt 0.113222 0.714884
vt 0.113222 0.715622
vt 0.114530 0.714884
vt 0.114530 0.715622
vt 0.115837 0.714884
vt 0.115837 0.715622
vt 0.100147 0.715622
vt 0.100147 0.714884
vt 0.101455 0.714884
vt 0.101455 0.715622
vt 0.102762 0.714884
vt 0.102762 0.715622
vt 0.104070 0.714884
vt 0.104070 0.715622
vt 0.105377 0.714884
vt 0.105377 0.715622
vt 0.106684 0.714884
vt 0.106684 0.715622
vt 0.107992 0.714884
vt 0.107992 0.715622
vt 0.109300 0.714884
vt 0.109300 0.715622
vt 0.855591 0.704289
vt 0.856491 0.703390
vt 0.857720 0.703060
vt 0.857720 0.705518
vt 0.110607 0.714884
vt 0.110607 0.715622
vt 0.720263 0.400458
vt 0.720263 0.396887
vt 0.720876 0.396887
vt 0.720876 0.400458
vt 0.721490 0.396887
vt 0.721490 0.400458
vt 0.722103 0.396887
vt 0.722103 0.400458
vt 0.714742 0.400458
vt 0.714742 0.396887
vt 0.715355 0.396887
vt 0.715355 0.400458
vt 0.715968 0.396887
vt 0.715968 0.400458
vt 0.716582 0.396887
vt 0.716582 0.400458
vt 0.717196 0.396887
vt 0.717196 0.400458
vt 0.717809 0.396887
vt 0.717809 0.400458
vt 0.718423 0.396887
vt 0.718423 0.400458
vt 0.719036 0.396887
vt 0.719036 0.400458
vt 0.719649 0.396887
vt 0.719649 0.400458
vt 0.847653 0.889670
vt 0.847812 0.890263
vt 0.846625 0.890263
vt 0.847219 0.889236
vt 0.847653 0.890857
vt 0.847218 0.891291
vt 0.846625 0.891450
vt 0.846032 0.891291
vt 0.845597 0.890856
vt 0.845438 0.890263
vt 0.845598 0.889670
vt 0.846032 0.889235
vt 0.846625 0.889076
vt 0.004883 0.354674
vt 0.004883 0.356765
vt 0.858949 0.703390
vt 0.859849 0.704289
vt 0.860178 0.705518
vt 0.859849 0.706747
vt 0.858949 0.707647
vt 0.857720 0.707977
vt 0.856491 0.707647
vt 0.855591 0.706748
vt 0.855262 0.705518
vt 0.004880 0.808885
vt 0.297233 0.808885
vt 0.297233 0.818101
vt 0.004880 0.818101
vt 0.616006 0.742094
vt 0.616006 0.734783
vt 0.908357 0.734783
vt 0.908357 0.742094
vt 0.297233 0.827317
vt 0.004880 0.827317
vt 0.616006 0.749405
vt 0.908357 0.749405
vt 0.616006 0.732878
vt 0.908357 0.732879
vt 0.908357 0.751310
vt 0.616006 0.751310
vt 0.147728 0.308789
vt 0.145826 0.306887
vt 0.155026 0.306887
vt 0.155026 0.308789
vt 0.145826 0.316087
vt 0.145826 0.306887
vt 0.147728 0.316087
vt 0.029829 0.698886
vt 0.029829 0.700514
vt 0.027662 0.700514
vt 0.027662 0.698886
vt 0.040667 0.698886
vt 0.040667 0.700514
vt 0.038500 0.700514
vt 0.038500 0.698886
vt 0.036332 0.700514
vt 0.036332 0.698886
vt 0.034165 0.700514
vt 0.034165 0.698886
vt 0.964621 0.288506
vt 0.962529 0.288506
vt 0.961483 0.286695
vt 0.962529 0.284883
vt 0.031997 0.700514
vt 0.031997 0.698886
vt 0.778585 0.718886
vt 0.778585 0.719623
vt 0.777281 0.719623
vt 0.777281 0.718887
vt 0.775976 0.719623
vt 0.775976 0.718887
vt 0.774672 0.719623
vt 0.774672 0.718887
vt 0.790322 0.718886
vt 0.790322 0.719622
vt 0.789018 0.719622
vt 0.789018 0.718886
vt 0.787714 0.719622
vt 0.787714 0.718886
vt 0.786410 0.719622
vt 0.786410 0.718886
vt 0.785105 0.719622
vt 0.785105 0.718886
vt 0.783801 0.719623
vt 0.783801 0.718886
vt 0.782497 0.719623
vt 0.782497 0.718886
vt 0.781193 0.719623
vt 0.781193 0.718886
vt 0.785189 0.703387
vt 0.786089 0.704286
vt 0.786418 0.705514
vt 0.783961 0.705515
vt 0.779889 0.719623
vt 0.779889 0.718886
vt 0.702127 0.382879
vt 0.702127 0.386456
vt 0.701512 0.386456
vt 0.701512 0.382879
vt 0.700898 0.386456
vt 0.700898 0.382879
vt 0.700284 0.386456
vt 0.700284 0.382879
vt 0.707656 0.382879
vt 0.707656 0.386456
vt 0.707042 0.386456
vt 0.707042 0.382879
vt 0.706427 0.386456
vt 0.706427 0.382879
vt 0.705813 0.386456
vt 0.705813 0.382879
vt 0.705199 0.386456
vt 0.705199 0.382879
vt 0.704584 0.386456
vt 0.704584 0.382879
vt 0.703970 0.386456
vt 0.703970 0.382879
vt 0.703355 0.386456
vt 0.703355 0.382879
vt 0.702741 0.386456
vt 0.702741 0.382879
vt 0.832990 0.889669
vt 0.833148 0.890262
vt 0.831963 0.890262
vt 0.832555 0.889235
vt 0.832990 0.890855
vt 0.832556 0.891289
vt 0.831963 0.891448
vt 0.831370 0.891289
vt 0.830936 0.890855
vt 0.830777 0.890262
vt 0.830935 0.889669
vt 0.831369 0.889235
vt 0.831963 0.889076
vt 0.965668 0.286695
vt 0.964621 0.284883
vt 0.786089 0.706743
vt 0.785189 0.707643
vt 0.783961 0.707972
vt 0.782732 0.707642
vt 0.781833 0.706743
vt 0.781503 0.705515
vt 0.781833 0.704286
vt 0.782732 0.703387
vt 0.783961 0.703058
vt 0.052601 0.698878
vt 0.052601 0.700511
vt 0.050426 0.700511
vt 0.050426 0.698878
vt 0.063476 0.698878
vt 0.063476 0.700511
vt 0.061301 0.700511
vt 0.061301 0.698878
vt 0.059126 0.700511
vt 0.059126 0.698878
vt 0.056951 0.700511
vt 0.056951 0.698878
vt 0.217631 0.316691
vt 0.218677 0.314881
vt 0.220767 0.314881
vt 0.221813 0.316691
vt 0.054776 0.700511
vt 0.054776 0.698878
vt 0.811912 0.719620
vt 0.811912 0.718878
vt 0.813225 0.718878
vt 0.813225 0.719620
vt 0.814539 0.718878
vt 0.814539 0.719620
vt 0.815853 0.718878
vt 0.815853 0.719620
vt 0.800088 0.719620
vt 0.800088 0.718878
vt 0.801401 0.718878
vt 0.801401 0.719620
vt 0.802715 0.718878
vt 0.802715 0.719620
vt 0.804029 0.718878
vt 0.804029 0.719620
vt 0.805343 0.718878
vt 0.805343 0.719620
vt 0.806656 0.718878
vt 0.806656 0.719620
vt 0.807970 0.718878
vt 0.807970 0.719620
vt 0.809284 0.718878
vt 0.809284 0.719620
vt 0.771345 0.706733
vt 0.770444 0.707633
vt 0.769214 0.707963
vt 0.769214 0.705503
vt 0.810598 0.718878
vt 0.810598 0.719620
vt 0.010405 0.324461
vt 0.010405 0.320887
vt 0.011019 0.320887
vt 0.011019 0.324461
vt 0.011633 0.320887
vt 0.011633 0.324461
vt 0.012247 0.320887
vt 0.012247 0.324461
vt 0.004880 0.324461
vt 0.004880 0.320887
vt 0.005494 0.320887
vt 0.005494 0.324461
vt 0.006108 0.320887
vt 0.006108 0.324461
vt 0.006722 0.320887
vt 0.006722 0.324461
vt 0.007335 0.320887
vt 0.007335 0.324461
vt 0.007949 0.320887
vt 0.007949 0.324461
vt 0.008563 0.320887
vt 0.008563 0.324461
vt 0.009177 0.320887
vt 0.009177 0.324461
vt 0.009791 0.320887
vt 0.009791 0.324461
vt 0.907297 0.885642
vt 0.907457 0.886236
vt 0.906269 0.886236
vt 0.906863 0.885208
vt 0.907297 0.886829
vt 0.906863 0.887263
vt 0.906269 0.887422
vt 0.905676 0.887263
vt 0.905242 0.886829
vt 0.905083 0.886236
vt 0.905242 0.885642
vt 0.905676 0.885208
vt 0.906269 0.885049
vt 0.218677 0.318502
vt 0.220767 0.318502
vt 0.767984 0.707633
vt 0.767084 0.706733
vt 0.766754 0.705503
vt 0.767084 0.704273
vt 0.767984 0.703372
vt 0.769214 0.703043
vt 0.770444 0.703372
vt 0.771345 0.704273
vt 0.771674 0.705503
vt 0.505737 0.159692
vt 0.502208 0.159692
vt 0.502208 0.156224
vt 0.505737 0.156224
vt 0.502208 0.152756
vt 0.505737 0.152756
vt 0.502208 0.149289
vt 0.505737 0.149289
vt 0.502208 0.145821
vt 0.505737 0.145821
vt 0.515503 0.147314
vt 0.518395 0.145645
vt 0.521286 0.147314
vt 0.521286 0.150653
vt 0.502208 0.142353
vt 0.505737 0.142353
vt 0.502208 0.138885
vt 0.505737 0.138885
vt 0.519892 0.080493
vt 0.519877 0.079682
vt 0.521810 0.079111
vt 0.522221 0.079781
vt 0.523190 0.077658
vt 0.523872 0.078035
vt 0.523666 0.075720
vt 0.524443 0.075706
vt 0.523123 0.073799
vt 0.523792 0.073399
vt 0.521693 0.072394
vt 0.522081 0.071711
vt 0.519742 0.071891
vt 0.519728 0.071080
vt 0.517810 0.072462
vt 0.517398 0.071792
vt 0.516430 0.073915
vt 0.515748 0.073538
vt 0.515953 0.075853
vt 0.515176 0.075867
vt 0.516497 0.077774
vt 0.515828 0.078174
vt 0.961807 0.303788
vt 0.517927 0.079179
vt 0.517538 0.079862
vt 0.055278 0.320884
vt 0.055278 0.322906
vt 0.054297 0.322906
vt 0.054297 0.320884
vt 0.053316 0.322906
vt 0.053316 0.320884
vt 0.052336 0.322906
vt 0.052336 0.320884
vt 0.051355 0.322906
vt 0.051355 0.320884
vt 0.050374 0.322906
vt 0.050374 0.320884
vt 0.049393 0.322906
vt 0.049393 0.320884
vt 0.048413 0.322906
vt 0.048413 0.320884
vt 0.047432 0.322906
vt 0.047432 0.320884
vt 0.046451 0.322906
vt 0.046451 0.320884
vt 0.045471 0.322906
vt 0.045471 0.320884
vt 0.515503 0.150653
vt 0.518395 0.152322
vt 0.044490 0.322906
vt 0.044490 0.320884
vt 0.043509 0.322906
vt 0.043509 0.320884
vt 0.519810 0.075787
vt 0.522736 0.214967
vt 0.522482 0.215913
vt 0.521789 0.216606
vt 0.520843 0.216860
vt 0.519896 0.216606
vt 0.519203 0.215913
vt 0.518950 0.214967
vt 0.519203 0.214020
vt 0.915640 0.254007
vt 0.916334 0.253313
vt 0.917282 0.254954
vt 0.915387 0.254954
vt 0.917282 0.253059
vt 0.918229 0.253313
vt 0.918923 0.254007
vt 0.919177 0.254954
vt 0.918923 0.255902
vt 0.918229 0.256595
vt 0.917282 0.256849
vt 0.916334 0.256595
vt 0.519896 0.213327
vt 0.915641 0.255902
s 1
f 1/1/1 2/2/1 4/3/1 3/4/1
f 1/1/1 3/4/1 6/5/1 5/6/1
f 5/7/1 6/8/1 8/9/1 7/10/1
f 37/11/2 38/12/2 18/13/2 17/14/2
f 4/15/3 2/16/3 9/17/3 10/18/3
f 11/19/4 13/20/4 14/21/4 12/22/4
f 11/19/4 15/23/4 16/24/4 13/20/4
f 15/25/4 17/14/4 18/13/4 16/26/4
f 27/27/3 37/28/3 17/29/3 7/30/3
f 14/31/5 20/32/5 19/33/5 12/34/5
f 2/35/6 1/36/6 11/37/6 12/38/6
f 3/39/2 4/40/2 14/41/2 13/42/2
f 1/36/7 5/43/8 15/44/8 11/37/7
f 6/45/9 3/46/10 13/47/10 16/48/9
f 5/49/8 7/50/3 17/51/3 15/52/8
f 8/53/5 6/54/9 16/55/9 18/56/5
f 27/57/6 7/10/6 8/9/6 28/58/6
f 18/59/5 38/60/5 28/61/5 8/62/5
f 10/63/1 9/64/1 19/65/1 20/66/1
f 4/40/2 10/67/2 20/68/2 14/41/2
f 9/69/6 2/70/6 12/71/6 19/72/6
f 21/73/4 23/74/4 24/75/4 22/76/4
f 21/73/4 25/77/4 26/78/4 23/74/4
f 25/79/4 27/57/4 28/58/4 26/80/4
f 24/81/3 30/82/3 29/83/3 22/84/3
f 31/85/1 32/86/1 34/87/1 33/88/1
f 31/85/1 33/88/1 36/89/1 35/90/1
f 35/91/1 36/92/1 38/12/1 37/11/1
f 34/93/5 32/94/5 39/95/5 40/96/5
f 22/97/6 32/98/6 31/99/6 21/100/6
f 23/101/2 33/102/2 34/103/2 24/104/2
f 21/100/7 31/99/7 35/105/8 25/106/8
f 26/107/9 36/108/9 33/109/10 23/110/10
f 25/111/8 35/112/8 37/113/3 27/114/3
f 28/115/5 38/116/5 36/117/9 26/118/9
f 30/82/4 40/119/4 39/120/4 29/83/4
f 24/104/2 34/103/2 40/121/2 30/122/2
f 29/123/6 39/124/6 32/125/6 22/126/6
f 49/127/11 45/128/11 41/129/12 42/130/12
f 45/128/11 49/127/11 50/131/13 47/132/13
f 47/132/14 50/131/14 48/133/15 46/134/15
f 46/134/15 48/133/15 52/135/3 51/136/3
f 51/136/6 52/135/6 44/137/6 43/138/6
f 61/139/16 54/140/17 53/141/17 57/142/16
f 57/142/16 59/143/18 62/144/18 61/139/16
f 59/143/18 58/145/19 60/146/19 62/144/18
f 58/145/19 63/147/5 64/148/5 60/146/19
f 63/147/2 55/149/2 56/150/2 64/148/2
f 42/151/20 41/152/20 53/141/20 54/140/20
f 43/138/3 44/137/3 56/153/3 55/154/3
f 73/155/11 69/156/11 65/157/12 66/158/12
f 69/156/11 73/155/11 74/159/13 71/160/13
f 71/160/14 74/159/14 72/161/15 70/162/15
f 70/162/15 72/161/15 76/163/3 75/164/3
f 75/164/6 76/163/6 68/165/6 67/166/6
f 85/167/16 78/168/17 77/169/17 81/170/16
f 81/170/16 83/171/21 86/172/21 85/167/16
f 83/171/22 82/173/19 84/174/19 86/172/22
f 82/173/19 87/175/5 88/176/5 84/174/19
f 87/175/2 79/177/2 80/178/2 88/176/2
f 66/179/20 65/180/20 77/169/20 78/168/20
f 67/166/3 68/165/3 80/181/3 79/182/3
f 97/183/11 93/184/11 89/185/12 90/186/12
f 93/184/11 97/183/11 98/187/13 95/188/13
f 95/188/14 98/187/14 96/189/15 94/190/15
f 94/190/15 96/189/15 100/191/3 99/192/3
f 99/192/6 100/191/6 92/193/6 91/194/6
f 109/195/16 102/196/17 101/197/17 105/198/16
f 105/198/16 107/199/21 110/200/21 109/195/16
f 107/199/22 106/201/19 108/202/19 110/200/22
f 106/201/19 111/203/5 112/204/5 108/202/19
f 111/203/2 103/205/2 104/206/2 112/204/2
f 90/207/20 89/208/20 101/197/20 102/196/20
f 91/194/3 92/193/3 104/209/3 103/210/3
f 121/211/11 117/212/11 113/213/12 114/214/12
f 117/212/11 121/211/11 122/215/23 119/216/23
f 119/216/23 122/215/23 120/217/15 118/218/15
f 118/218/15 120/217/15 124/219/3 123/220/3
f 123/220/6 124/219/6 116/221/6 115/222/6
f 133/223/16 126/224/17 125/225/17 129/226/16
f 129/226/16 131/227/21 134/228/21 133/223/16
f 131/227/22 130/229/19 132/230/19 134/228/22
f 130/229/19 135/231/5 136/232/5 132/230/19
f 135/231/2 127/233/2 128/234/2 136/232/2
f 114/235/20 113/236/20 125/225/20 126/224/20
f 115/222/3 116/221/3 128/237/3 127/238/3
f 145/239/11 141/240/11 137/241/12 138/242/12
f 141/240/11 145/239/11 146/243/23 143/244/23
f 143/244/23 146/243/23 144/245/15 142/246/15
f 142/246/15 144/245/15 148/247/3 147/248/3
f 147/248/6 148/247/6 140/249/6 139/250/6
f 157/251/16 150/252/17 149/253/17 153/254/16
f 153/254/16 155/255/21 158/256/21 157/251/16
f 155/255/22 154/257/19 156/258/19 158/256/22
f 154/257/19 159/259/5 160/260/5 156/258/19
f 159/259/2 151/261/2 152/262/2 160/260/2
f 138/263/20 137/264/20 149/253/20 150/252/20
f 139/250/3 140/249/3 152/265/3 151/266/3
f 167/267/11 163/268/11 161/269/12 162/270/12
f 163/268/11 167/267/11 168/271/23 165/272/23
f 165/272/23 168/271/23 166/273/15 164/274/15
f 164/274/15 166/273/15 170/275/3 169/276/3
f 177/277/16 172/278/17 171/279/17 173/280/16
f 173/280/16 175/281/18 178/282/18 177/277/16
f 175/281/18 174/283/19 176/284/19 178/282/18
f 174/283/19 179/285/5 180/286/5 176/284/19
f 162/287/20 161/288/20 171/279/20 172/278/20
f 183/289/2 184/290/2 188/291/2 187/292/2
f 185/293/6 186/294/6 182/295/6 181/296/6
f 183/289/5 187/292/5 185/293/5 181/296/5
f 188/291/3 184/290/3 182/297/3 186/298/3
f 191/299/2 192/300/2 196/301/2 195/302/2
f 193/303/6 194/304/6 190/305/6 189/306/6
f 191/299/5 195/302/5 193/303/5 189/306/5
f 196/301/3 192/300/3 190/307/3 194/308/3
f 209/309/4 210/310/4 200/311/4 199/312/4
f 212/313/6 211/314/6 198/315/6 197/316/6
f 203/317/1 205/318/1 206/319/1 204/320/1
f 212/321/5 197/322/5 209/323/24 203/324/25
f 201/325/6 202/326/6 211/314/6 212/313/6
f 207/327/2 203/317/2 204/320/2 208/328/2
f 199/329/2 200/330/2 206/319/2 205/318/2
f 202/331/1 201/332/1 207/327/1 208/328/1
f 197/316/4 198/315/4 210/310/4 209/309/4
f 203/324/25 209/323/24 199/333/26 205/334/26
f 201/335/5 212/321/5 203/324/25 207/336/5
f 213/337/27 214/338/27 216/339/27 215/340/27
f 215/341/28 216/342/28 218/343/28 217/344/28
f 217/344/29 218/343/29 220/345/29 219/346/29
f 219/346/30 220/345/30 222/347/30 221/348/30
f 214/349/1 224/350/1 222/351/1 220/352/1
f 221/348/31 222/347/31 224/353/31 223/354/31
f 223/354/32 224/353/32 214/338/32 213/337/32
f 225/355/33 226/356/33 228/357/34 227/358/34
f 227/358/34 228/357/34 230/359/35 229/360/35
f 229/360/35 230/359/35 232/361/36 231/362/36
f 231/363/36 232/364/36 234/365/37 233/366/37
f 233/366/37 234/365/37 236/367/38 235/368/38
f 235/368/38 236/367/38 238/369/39 237/370/39
f 237/370/39 238/369/39 240/371/40 239/372/40
f 239/372/40 240/371/40 242/373/41 241/374/41
f 241/374/41 242/373/41 244/375/42 243/376/42
f 243/376/42 244/375/42 246/377/43 245/378/43
f 230/379/1 228/380/1 226/381/1 274/382/1
f 245/378/43 246/377/43 248/383/44 247/384/45
f 247/384/45 248/383/44 226/356/33 225/355/33
f 249/385/2 250/386/2 252/387/46 251/388/46
f 251/388/46 252/387/46 254/389/47 253/390/47
f 253/390/47 254/389/47 256/391/5 255/392/5
f 255/393/5 256/394/5 258/395/48 257/396/48
f 257/396/48 258/395/48 260/397/49 259/398/49
f 259/398/49 260/397/49 262/399/6 261/400/6
f 261/400/6 262/399/6 264/401/50 263/402/50
f 263/402/50 264/401/50 266/403/51 265/404/51
f 265/404/51 266/403/51 268/405/3 267/406/3
f 267/406/3 268/405/3 270/407/52 269/408/52
f 269/408/52 270/407/52 272/409/53 271/410/53
f 271/410/53 272/409/53 250/386/2 249/385/2
f 270/411/1 268/412/1 273/413/1 272/414/1
f 266/415/1 264/416/1 273/413/1 268/412/1
f 262/417/1 260/418/1 273/413/1 264/416/1
f 258/419/1 256/420/1 273/413/1 260/418/1
f 254/421/1 252/422/1 273/413/1 256/420/1
f 250/423/1 272/414/1 273/413/1 252/422/1
f 216/424/1 214/349/1 220/352/1 218/425/1
f 248/426/1 246/427/1 274/382/1 226/381/1
f 244/428/1 242/429/1 274/382/1 246/427/1
f 240/430/1 238/431/1 274/382/1 242/429/1
f 236/432/1 234/433/1 274/382/1 238/431/1
f 232/434/1 230/379/1 274/382/1 234/433/1
f 275/435/27 276/436/27 278/437/27 277/438/27
f 277/439/28 278/440/28 280/441/28 279/442/28
f 279/442/29 280/441/29 282/443/29 281/444/29
f 281/444/30 282/443/30 284/445/30 283/446/30
f 276/447/1 286/448/1 284/449/1 282/450/1
f 283/446/31 284/445/31 286/451/31 285/452/31
f 285/452/32 286/451/32 276/436/32 275/435/32
f 287/453/33 288/454/33 290/455/34 289/456/34
f 289/456/34 290/455/34 292/457/35 291/458/35
f 291/458/35 292/457/35 294/459/36 293/460/36
f 293/461/36 294/462/36 296/463/37 295/464/37
f 295/464/37 296/463/37 298/465/38 297/466/38
f 297/466/38 298/465/38 300/467/39 299/468/39
f 299/468/39 300/467/39 302/469/40 301/470/40
f 301/470/40 302/469/40 304/471/41 303/472/41
f 303/472/41 304/471/41 306/473/42 305/474/42
f 305/474/42 306/473/42 308/475/43 307/476/43
f 292/477/1 290/478/1 288/479/1 336/480/1
f 307/476/43 308/475/43 310/481/44 309/482/45
f 309/482/45 310/481/44 288/454/33 287/453/33
f 311/483/2 312/484/2 314/485/46 313/486/46
f 313/486/46 314/485/46 316/487/47 315/488/47
f 315/488/47 316/487/47 318/489/5 317/490/5
f 317/491/5 318/492/5 320/493/48 319/494/48
f 319/494/48 320/493/48 322/495/49 321/496/49
f 321/496/49 322/495/49 324/497/6 323/498/6
f 323/498/6 324/497/6 326/499/50 325/500/50
f 325/500/50 326/499/50 328/501/51 327/502/51
f 327/502/51 328/501/51 330/503/3 329/504/3
f 329/504/3 330/503/3 332/505/52 331/506/52
f 331/506/52 332/505/52 334/507/53 333/508/53
f 333/508/53 334/507/53 312/484/2 311/483/2
f 332/509/1 330/510/1 335/511/1 334/512/1
f 328/513/1 326/514/1 335/511/1 330/510/1
f 324/515/1 322/516/1 335/511/1 326/514/1
f 320/517/1 318/518/1 335/511/1 322/516/1
f 316/519/1 314/520/1 335/511/1 318/518/1
f 312/521/1 334/512/1 335/511/1 314/520/1
f 278/522/1 276/447/1 282/450/1 280/523/1
f 310/524/1 308/525/1 336/480/1 288/479/1
f 306/526/1 304/527/1 336/480/1 308/525/1
f 302/528/1 300/529/1 336/480/1 304/527/1
f 298/530/1 296/531/1 336/480/1 300/529/1
f 294/532/1 292/477/1 336/480/1 296/531/1
f 349/533/4 350/534/4 340/535/4 339/536/4
f 352/537/6 351/538/6 338/539/6 337/540/6
f 343/541/1 345/542/1 346/543/1 344/544/1
f 352/545/5 337/546/5 349/547/24 343/548/25
f 341/549/6 342/550/6 351/538/6 352/537/6
f 347/551/2 343/541/2 344/544/2 348/552/2
f 339/553/2 340/554/2 346/543/2 345/542/2
f 342/555/1 341/556/1 347/551/1 348/552/1
f 337/540/4 338/539/4 350/534/4 349/533/4
f 343/548/25 349/547/24 339/557/26 345/558/26
f 341/559/5 352/545/5 343/548/25 347/560/5
f 353/561/27 354/562/27 356/563/27 355/564/27
f 355/565/28 356/566/28 358/567/28 357/568/28
f 357/568/29 358/567/29 360/569/29 359/570/29
f 359/570/30 360/569/30 362/571/30 361/572/30
f 354/573/1 364/574/1 362/575/1 360/576/1
f 361/572/31 362/571/31 364/577/31 363/578/31
f 363/578/32 364/577/32 354/562/32 353/561/32
f 365/579/54 366/580/54 368/581/55 367/582/55
f 367/582/55 368/581/55 370/583/35 369/584/35
f 369/584/35 370/583/35 372/585/36 371/586/36
f 371/587/36 372/588/36 374/589/37 373/590/37
f 373/590/37 374/589/37 376/591/38 375/592/38
f 375/592/38 376/591/38 378/593/39 377/594/39
f 377/594/39 378/593/39 380/595/40 379/596/40
f 379/596/40 380/595/40 382/597/41 381/598/41
f 381/598/41 382/597/41 384/599/42 383/600/42
f 383/600/42 384/599/42 386/601/43 385/602/43
f 370/603/1 368/604/1 366/605/1 414/606/1
f 385/602/43 386/601/43 388/607/56 387/608/56
f 387/608/56 388/607/56 366/580/54 365/579/54
f 389/609/2 390/610/2 392/611/46 391/612/46
f 391/612/46 392/611/46 394/613/47 393/614/47
f 393/614/47 394/613/47 396/615/5 395/616/5
f 395/617/5 396/618/5 398/619/48 397/620/48
f 397/620/48 398/619/48 400/621/49 399/622/49
f 399/622/49 400/621/49 402/623/6 401/624/6
f 401/624/6 402/623/6 404/625/50 403/626/50
f 403/626/50 404/625/50 406/627/51 405/628/51
f 405/628/51 406/627/51 408/629/3 407/630/3
f 407/630/3 408/629/3 410/631/52 409/632/52
f 409/632/52 410/631/52 412/633/53 411/634/53
f 411/634/53 412/633/53 390/610/2 389/609/2
f 410/635/1 408/636/1 413/637/1 412/638/1
f 406/639/1 404/640/1 413/637/1 408/636/1
f 402/641/1 400/642/1 413/637/1 404/640/1
f 398/643/1 396/644/1 413/637/1 400/642/1
f 394/645/1 392/646/1 413/637/1 396/644/1
f 390/647/1 412/638/1 413/637/1 392/646/1
f 356/648/1 354/573/1 360/576/1 358/649/1
f 388/650/1 386/651/1 414/606/1 366/605/1
f 384/652/1 382/653/1 414/606/1 386/651/1
f 380/654/1 378/655/1 414/606/1 382/653/1
f 376/656/1 374/657/1 414/606/1 378/655/1
f 372/658/1 370/603/1 414/606/1 374/657/1
f 415/659/27 416/660/27 418/661/27 417/662/27
f 417/663/28 418/664/28 420/665/28 419/666/28
f 419/666/29 420/665/29 422/667/29 421/668/29
f 421/668/30 422/667/30 424/669/30 423/670/30
f 416/671/1 426/672/1 424/673/1 422/674/1
f 423/670/31 424/669/31 426/675/31 425/676/31
f 425/676/32 426/675/32 416/660/32 415/659/32
f 427/677/54 428/678/54 430/679/55 429/680/55
f 429/680/55 430/679/55 432/681/35 431/682/35
f 431/682/35 432/681/35 434/683/36 433/684/36
f 433/685/36 434/686/36 436/687/37 435/688/37
f 435/688/37 436/687/37 438/689/38 437/690/38
f 437/690/38 438/689/38 440/691/39 439/692/39
f 439/692/39 440/691/39 442/693/40 441/694/40
f 441/694/40 442/693/40 444/695/41 443/696/41
f 443/696/41 444/695/41 446/697/42 445/698/42
f 445/698/42 446/697/42 448/699/43 447/700/43
f 432/701/1 430/702/1 428/703/1 476/704/1
f 447/700/43 448/699/43 450/705/56 449/706/56
f 449/706/56 450/705/56 428/678/54 427/677/54
f 451/707/2 452/708/2 454/709/46 453/710/46
f 453/710/46 454/709/46 456/711/47 455/712/47
f 455/712/47 456/711/47 458/713/5 457/714/5
f 457/715/5 458/716/5 460/717/48 459/718/48
f 459/718/48 460/717/48 462/719/49 461/720/49
f 461/720/49 462/719/49 464/721/6 463/722/6
f 463/722/6 464/721/6 466/723/50 465/724/50
f 465/724/50 466/723/50 468/725/51 467/726/51
f 467/726/51 468/725/51 470/727/3 469/728/3
f 469/728/3 470/727/3 472/729/52 471/730/52
f 471/730/52 472/729/52 474/731/53 473/732/53
f 473/732/53 474/731/53 452/708/2 451/707/2
f 472/733/1 470/734/1 475/735/1 474/736/1
f 468/737/1 466/738/1 475/735/1 470/734/1
f 464/739/1 462/740/1 475/735/1 466/738/1
f 460/741/1 458/742/1 475/735/1 462/740/1
f 456/743/1 454/744/1 475/735/1 458/742/1
f 452/745/1 474/736/1 475/735/1 454/744/1
f 418/746/1 416/671/1 422/674/1 420/747/1
f 450/748/1 448/749/1 476/704/1 428/703/1
f 446/750/1 444/751/1 476/704/1 448/749/1
f 442/752/1 440/753/1 476/704/1 444/751/1
f 438/754/1 436/755/1 476/704/1 440/753/1
f 434/756/1 432/701/1 476/704/1 436/755/1
f 489/757/4 490/758/4 480/759/4 479/760/4
f 492/761/6 491/762/6 478/763/6 477/764/6
f 483/765/1 485/766/1 486/767/1 484/768/1
f 492/769/5 477/770/5 489/771/24 483/772/25
f 481/773/6 482/774/6 491/762/6 492/761/6
f 487/775/2 483/765/2 484/768/2 488/776/2
f 479/777/2 480/778/2 486/767/2 485/766/2
f 482/779/1 481/780/1 487/775/1 488/776/1
f 477/764/4 478/763/4 490/758/4 489/757/4
f 483/772/25 489/771/24 479/781/26 485/782/26
f 481/783/5 492/769/5 483/772/25 487/784/5
f 493/785/27 494/786/27 496/787/27 495/788/27
f 495/789/28 496/790/28 498/791/28 497/792/28
f 497/792/29 498/791/29 500/793/29 499/794/29
f 499/794/30 500/793/30 502/795/30 501/796/30
f 494/797/1 504/798/1 502/799/1 500/800/1
f 501/796/31 502/795/31 504/801/31 503/802/31
f 503/802/32 504/801/32 494/786/32 493/785/32
f 505/803/54 506/804/54 508/805/55 507/806/55
f 507/806/55 508/805/55 510/807/35 509/808/35
f 509/808/35 510/807/35 512/809/36 511/810/36
f 511/811/36 512/812/36 514/813/37 513/814/37
f 513/814/37 514/813/37 516/815/38 515/816/38
f 515/816/38 516/815/38 518/817/39 517/818/39
f 517/818/39 518/817/39 520/819/40 519/820/40
f 519/820/40 520/819/40 522/821/41 521/822/41
f 521/822/41 522/821/41 524/823/42 523/824/42
f 523/824/42 524/823/42 526/825/57 525/826/57
f 510/827/1 508/828/1 506/829/1 554/830/1
f 525/826/57 526/825/57 528/831/56 527/832/56
f 527/832/56 528/831/56 506/804/54 505/803/54
f 529/833/2 530/834/2 532/835/46 531/836/46
f 531/836/46 532/835/46 534/837/47 533/838/47
f 533/838/47 534/837/47 536/839/5 535/840/5
f 535/841/5 536/842/5 538/843/48 537/844/48
f 537/844/48 538/843/48 540/845/49 539/846/49
f 539/846/49 540/845/49 542/847/6 541/848/6
f 541/848/6 542/847/6 544/849/50 543/850/50
f 543/850/50 544/849/50 546/851/51 545/852/51
f 545/852/51 546/851/51 548/853/3 547/854/3
f 547/854/3 548/853/3 550/855/52 549/856/52
f 549/856/52 550/855/52 552/857/53 551/858/53
f 551/858/53 552/857/53 530/834/2 529/833/2
f 550/859/1 548/860/1 553/861/1 552/862/1
f 546/863/1 544/864/1 553/861/1 548/860/1
f 542/865/1 540/866/1 553/861/1 544/864/1
f 538/867/1 536/868/1 553/861/1 540/866/1
f 534/869/1 532/870/1 553/861/1 536/868/1
f 530/871/1 552/862/1 553/861/1 532/870/1
f 496/872/1 494/797/1 500/800/1 498/873/1
f 528/874/1 526/875/1 554/830/1 506/829/1
f 524/876/1 522/877/1 554/830/1 526/875/1
f 520/878/1 518/879/1 554/830/1 522/877/1
f 516/880/1 514/881/1 554/830/1 518/879/1
f 512/882/1 510/827/1 554/830/1 514/881/1
f 555/883/27 556/884/27 558/885/27 557/886/27
f 557/887/28 558/888/28 560/889/28 559/890/28
f 559/890/29 560/889/29 562/891/29 561/892/29
f 561/892/30 562/891/30 564/893/30 563/894/30
f 556/895/1 566/896/1 564/897/1 562/898/1
f 563/894/31 564/893/31 566/899/31 565/900/31
f 565/900/32 566/899/32 556/884/32 555/883/32
f 567/901/54 568/902/54 570/903/55 569/904/55
f 569/904/55 570/903/55 572/905/35 571/906/35
f 571/906/35 572/905/35 574/907/36 573/908/36
f 573/909/36 574/910/36 576/911/37 575/912/37
f 575/912/37 576/911/37 578/913/38 577/914/38
f 577/914/38 578/913/38 580/915/39 579/916/39
f 579/916/39 580/915/39 582/917/40 581/918/40
f 581/918/40 582/917/40 584/919/41 583/920/41
f 583/920/41 584/919/41 586/921/42 585/922/42
f 585/922/42 586/921/42 588/923/43 587/924/43
f 572/925/1 570/926/1 568/927/1 616/928/1
f 587/924/43 588/923/43 590/929/56 589/930/56
f 589/930/56 590/929/56 568/902/54 567/901/54
f 591/931/2 592/932/2 594/933/46 593/934/46
f 593/934/46 594/933/46 596/935/47 595/936/47
f 595/936/47 596/935/47 598/937/5 597/938/5
f 597/939/5 598/940/5 600/941/48 599/942/48
f 599/942/48 600/941/48 602/943/49 601/944/49
f 601/944/49 602/943/49 604/945/6 603/946/6
f 603/946/6 604/945/6 606/947/50 605/948/50
f 605/948/50 606/947/50 608/949/51 607/950/51
f 607/950/51 608/949/51 610/951/3 609/952/3
f 609/952/3 610/951/3 612/953/52 611/954/52
f 611/954/52 612/953/52 614/955/53 613/956/53
f 613/956/53 614/955/53 592/932/2 591/931/2
f 612/957/1 610/958/1 615/959/1 614/960/1
f 608/961/1 606/962/1 615/959/1 610/958/1
f 604/963/1 602/964/1 615/959/1 606/962/1
f 600/965/1 598/966/1 615/959/1 602/964/1
f 596/967/1 594/968/1 615/959/1 598/966/1
f 592/969/1 614/960/1 615/959/1 594/968/1
f 558/970/1 556/895/1 562/898/1 560/971/1
f 590/972/1 588/973/1 616/928/1 568/927/1
f 586/974/1 584/975/1 616/928/1 588/973/1
f 582/976/1 580/977/1 616/928/1 584/975/1
f 578/978/1 576/979/1 616/928/1 580/977/1
f 574/980/1 572/925/1 616/928/1 576/979/1
f 617/981/58 618/982/58 620/983/58 619/984/58
f 619/984/59 620/983/59 622/985/59 621/986/59
f 621/986/60 622/985/60 624/987/60 623/988/60
f 623/988/61 624/987/61 626/989/61 625/990/61
f 618/991/3 628/992/3 626/993/3 624/994/3
f 625/990/62 626/989/62 628/995/62 627/996/62
f 627/996/63 628/995/63 618/997/63 617/998/63
f 629/999/64 630/1000/64 632/1001/65 631/1002/65
f 631/1002/65 632/1001/65 634/1003/66 633/1004/66
f 633/1004/66 634/1003/66 636/1005/67 635/1006/67
f 635/1006/67 636/1005/67 638/1007/68 637/1008/68
f 637/1008/68 638/1007/68 640/1009/69 639/1010/69
f 639/1010/69 640/1009/69 642/1011/70 641/1012/70
f 641/1012/70 642/1011/70 644/1013/71 643/1014/71
f 643/1014/71 644/1013/71 646/1015/72 645/1016/72
f 645/1016/72 646/1015/72 648/1017/73 647/1018/73
f 647/1018/73 648/1017/73 650/1019/74 649/1020/74
f 676/1021/3 674/1022/3 1596/1023/3 654/1024/3
f 649/1020/74 650/1019/74 652/1025/75 651/1026/75
f 651/1026/75 652/1025/75 630/1000/64 629/999/64
f 653/1027/2 654/1028/2 656/1029/76 655/1030/76
f 655/1030/76 656/1029/76 658/1031/77 657/1032/77
f 657/1032/77 658/1031/77 660/1033/1 659/1034/1
f 659/1034/1 660/1033/1 662/1035/78 661/1036/78
f 661/1036/78 662/1035/78 664/1037/79 663/1038/79
f 663/1038/79 664/1037/79 666/1039/6 665/1040/6
f 665/1040/6 666/1039/6 668/1041/80 667/1042/80
f 667/1042/80 668/1041/80 670/1043/81 669/1044/81
f 669/1044/81 670/1043/81 672/1045/4 671/1046/4
f 671/1046/4 672/1045/4 674/1047/82 673/1048/82
f 620/1049/3 618/991/3 624/994/3 622/1050/3
f 673/1048/82 674/1047/82 676/1051/83 675/1052/83
f 675/1052/83 676/1051/83 654/1053/2 653/1054/2
f 677/1055/84 678/1056/84 708/1057/3 679/1058/3
f 677/1059/4 679/1060/4 682/1061/4 681/1062/4
f 682/1063/6 679/1064/6 683/1065/6 685/1066/6
f 679/1067/3 705/1068/3 684/1069/3 683/1070/3
f 677/1071/4 681/1072/4 688/1073/4 686/1074/4
f 678/1075/84 677/1076/84 686/1077/85 687/1078/85
f 686/1077/6 688/1079/6 689/1080/6 687/1078/6
f 690/1081/86 709/1082/87 710/1083/87 691/1084/86
f 690/1081/1 694/1085/1 711/1086/1 709/1082/1
f 692/1087/1 695/1088/1 713/1089/1 707/1090/1
f 690/1091/1 699/1092/1 701/1093/1 694/1094/1
f 691/1095/86 700/1096/88 699/1092/88 690/1091/86
f 699/1092/89 700/1097/89 702/1098/89 701/1093/89
f 681/1099/90 682/1100/5 711/1101/5 694/1102/90
f 683/1103/4 684/1104/4 697/1105/4 696/1106/4
f 685/1107/4 683/1103/4 696/1106/4 698/1108/4
f 679/1058/3 708/1057/3 680/1109/3 705/1110/3
f 684/1111/2 705/1112/2 706/1113/2 697/1114/2
f 678/1115/1 687/1116/1 700/1117/1 691/1118/1
f 688/1119/91 681/1120/90 694/1121/90 701/1122/92
f 689/1123/5 688/1119/91 701/1122/92 702/1124/5
f 687/1116/1 689/1125/1 702/1126/1 700/1117/1
f 712/1127/93 692/1087/93 707/1090/5 693/1128/5
f 706/1129/5 703/1130/5 696/1131/5 697/1132/5
f 704/1133/5 682/1134/5 685/1135/5 698/1136/5
f 715/1137/1 716/1138/1 712/1139/1 693/1140/1
f 703/1130/2 704/1133/2 698/1136/2 696/1131/2
f 704/1141/4 703/1142/4 706/1143/4 714/1144/4
f 710/1083/87 709/1082/87 692/1087/93 712/1127/93
f 710/1145/1 708/1146/1 678/1147/1 691/1148/1
f 709/1082/1 711/1086/1 695/1088/1 692/1087/1
f 695/1149/5 704/1150/5 714/1151/5 713/1152/5
f 707/1153/2 713/1154/2 714/1155/2 706/1113/2
f 711/1101/5 682/1100/5 704/1150/5 695/1149/5
f 716/1138/1 708/1146/1 710/1145/1 712/1139/1
f 705/1112/2 680/1156/2 715/1157/2 717/1158/2
f 680/1159/1 708/1146/1 716/1138/1 715/1137/1
f 707/1153/2 717/1158/2 715/1157/2 693/1160/2
f 705/1112/2 717/1158/2 707/1153/2 706/1113/2
f 722/1161/6 723/1162/6 719/1163/6 718/1164/6
f 724/1165/1 726/1166/1 727/1167/1 725/1168/1
f 718/1164/4 719/1163/4 721/1169/4 720/1170/4
f 728/1171/2 724/1165/2 725/1168/2 729/1172/2
f 720/1173/2 721/1174/2 727/1167/2 726/1166/2
f 723/1175/1 722/1176/1 728/1171/1 729/1172/1
f 724/1177/5 718/1178/5 720/1179/5 726/1180/5
f 722/1181/5 718/1182/5 724/1177/5 728/1183/5
f 730/1184/27 731/1185/27 733/1186/27 732/1187/27
f 732/1188/28 733/1189/28 735/1190/28 734/1191/28
f 734/1191/29 735/1190/29 737/1192/29 736/1193/29
f 736/1193/30 737/1192/30 739/1194/30 738/1195/30
f 731/1196/1 741/1197/1 739/1198/1 737/1199/1
f 738/1195/31 739/1194/31 741/1200/31 740/1201/31
f 740/1201/32 741/1200/32 731/1185/32 730/1184/32
f 742/1202/54 743/1203/54 745/1204/55 744/1205/55
f 744/1205/55 745/1204/55 747/1206/35 746/1207/35
f 746/1207/35 747/1206/35 749/1208/36 748/1209/36
f 748/1210/36 749/1211/36 751/1212/37 750/1213/94
f 750/1213/94 751/1212/37 753/1214/38 752/1215/38
f 752/1215/38 753/1214/38 755/1216/39 754/1217/39
f 754/1217/39 755/1216/39 757/1218/40 756/1219/40
f 756/1219/40 757/1218/40 759/1220/41 758/1221/41
f 758/1221/41 759/1220/41 761/1222/42 760/1223/42
f 760/1223/42 761/1222/42 763/1224/43 762/1225/43
f 747/1226/1 745/1227/1 743/1228/1 791/1229/1
f 762/1225/43 763/1224/43 765/1230/56 764/1231/95
f 764/1231/95 765/1230/56 743/1203/54 742/1202/54
f 766/1232/2 767/1233/2 769/1234/46 768/1235/46
f 768/1235/46 769/1234/46 771/1236/47 770/1237/47
f 770/1237/47 771/1236/47 773/1238/5 772/1239/5
f 772/1240/5 773/1241/5 775/1242/48 774/1243/48
f 774/1243/48 775/1242/48 777/1244/49 776/1245/49
f 776/1245/49 777/1244/49 779/1246/6 778/1247/6
f 778/1247/6 779/1246/6 781/1248/50 780/1249/50
f 780/1249/50 781/1248/50 783/1250/51 782/1251/51
f 782/1251/51 783/1250/51 785/1252/3 784/1253/3
f 784/1253/3 785/1252/3 787/1254/52 786/1255/52
f 786/1255/52 787/1254/52 789/1256/53 788/1257/53
f 788/1257/53 789/1256/53 767/1233/2 766/1232/2
f 787/1258/1 785/1259/1 790/1260/1 789/1261/1
f 783/1262/1 781/1263/1 790/1260/1 785/1259/1
f 779/1264/1 777/1265/1 790/1260/1 781/1263/1
f 775/1266/1 773/1267/1 790/1260/1 777/1265/1
f 771/1268/1 769/1269/1 790/1260/1 773/1267/1
f 767/1270/1 789/1261/1 790/1260/1 769/1269/1
f 733/1271/1 731/1196/1 737/1199/1 735/1272/1
f 765/1273/1 763/1274/1 791/1229/1 743/1228/1
f 761/1275/1 759/1276/1 791/1229/1 763/1274/1
f 757/1277/1 755/1278/1 791/1229/1 759/1276/1
f 753/1279/1 751/1280/1 791/1229/1 755/1278/1
f 749/1281/1 747/1226/1 791/1229/1 751/1280/1
f 792/1282/27 793/1283/27 795/1284/27 794/1285/27
f 794/1286/28 795/1287/28 797/1288/28 796/1289/28
f 796/1289/29 797/1288/29 799/1290/29 798/1291/29
f 798/1291/30 799/1290/30 801/1292/30 800/1293/30
f 793/1294/1 803/1295/1 801/1296/1 799/1297/1
f 800/1293/31 801/1292/31 803/1298/31 802/1299/31
f 802/1299/32 803/1298/32 793/1283/32 792/1282/32
f 804/1300/54 805/1301/54 807/1302/55 806/1303/55
f 806/1303/55 807/1302/55 809/1304/35 808/1305/35
f 808/1305/35 809/1304/35 811/1306/36 810/1307/36
f 810/1308/36 811/1309/36 813/1310/37 812/1311/94
f 812/1311/94 813/1310/37 815/1312/38 814/1313/38
f 814/1313/38 815/1312/38 817/1314/39 816/1315/39
f 816/1315/39 817/1314/39 819/1316/40 818/1317/40
f 818/1317/40 819/1316/40 821/1318/41 820/1319/41
f 820/1319/41 821/1318/41 823/1320/42 822/1321/42
f 822/1321/42 823/1320/42 825/1322/43 824/1323/43
f 809/1324/1 807/1325/1 805/1326/1 853/1327/1
f 824/1323/43 825/1322/43 827/1328/56 826/1329/56
f 826/1329/56 827/1328/56 805/1301/54 804/1300/54
f 828/1330/2 829/1331/2 831/1332/46 830/1333/46
f 830/1333/46 831/1332/46 833/1334/47 832/1335/47
f 832/1335/47 833/1334/47 835/1336/5 834/1337/5
f 834/1338/5 835/1339/5 837/1340/48 836/1341/48
f 836/1341/48 837/1340/48 839/1342/49 838/1343/49
f 838/1343/49 839/1342/49 841/1344/6 840/1345/6
f 840/1345/6 841/1344/6 843/1346/50 842/1347/50
f 842/1347/50 843/1346/50 845/1348/51 844/1349/51
f 844/1349/51 845/1348/51 847/1350/3 846/1351/3
f 846/1351/3 847/1350/3 849/1352/52 848/1353/52
f 848/1353/52 849/1352/52 851/1354/53 850/1355/53
f 850/1355/53 851/1354/53 829/1331/2 828/1330/2
f 849/1356/1 847/1357/1 852/1358/1 851/1359/1
f 845/1360/1 843/1361/1 852/1358/1 847/1357/1
f 841/1362/1 839/1363/1 852/1358/1 843/1361/1
f 837/1364/1 835/1365/1 852/1358/1 839/1363/1
f 833/1366/1 831/1367/1 852/1358/1 835/1365/1
f 829/1368/1 851/1359/1 852/1358/1 831/1367/1
f 795/1369/1 793/1294/1 799/1297/1 797/1370/1
f 827/1371/1 825/1372/1 853/1327/1 805/1326/1
f 823/1373/1 821/1374/1 853/1327/1 825/1372/1
f 819/1375/1 817/1376/1 853/1327/1 821/1374/1
f 815/1377/1 813/1378/1 853/1327/1 817/1376/1
f 811/1379/1 809/1324/1 853/1327/1 813/1378/1
f 858/1380/6 859/1381/6 855/1382/6 854/1383/6
f 860/1384/1 862/1385/1 863/1386/1 861/1387/1
f 854/1383/4 855/1382/4 857/1388/4 856/1389/4
f 864/1390/2 860/1384/2 861/1387/2 865/1391/2
f 856/1392/2 857/1393/2 863/1386/2 862/1385/2
f 859/1394/1 858/1395/1 864/1390/1 865/1391/1
f 860/1396/5 854/1397/5 856/1398/5 862/1399/5
f 858/1400/5 854/1401/5 860/1396/5 864/1402/5
f 866/1403/27 867/1404/27 869/1405/27 868/1406/27
f 868/1407/28 869/1408/28 871/1409/28 870/1410/28
f 870/1410/29 871/1409/29 873/1411/29 872/1412/29
f 872/1412/30 873/1411/30 875/1413/30 874/1414/30
f 867/1415/1 877/1416/1 875/1417/1 873/1418/1
f 874/1414/31 875/1413/31 877/1419/31 876/1420/31
f 876/1420/32 877/1419/32 867/1404/32 866/1403/32
f 878/1421/54 879/1422/54 881/1423/96 880/1424/96
f 880/1424/96 881/1423/96 883/1425/35 882/1426/35
f 882/1426/35 883/1425/35 885/1427/36 884/1428/36
f 884/1429/36 885/1430/36 887/1431/37 886/1432/37
f 886/1432/37 887/1431/37 889/1433/38 888/1434/38
f 888/1434/38 889/1433/38 891/1435/39 890/1436/39
f 890/1436/39 891/1435/39 893/1437/40 892/1438/97
f 892/1438/97 893/1437/40 895/1439/41 894/1440/41
f 894/1440/41 895/1439/41 897/1441/42 896/1442/42
f 896/1442/42 897/1441/42 899/1443/43 898/1444/43
f 883/1445/1 881/1446/1 879/1447/1 927/1448/1
f 898/1444/43 899/1443/43 901/1449/95 900/1450/95
f 900/1450/95 901/1449/95 879/1422/54 878/1421/54
f 902/1451/2 903/1452/2 905/1453/46 904/1454/46
f 904/1454/46 905/1453/46 907/1455/47 906/1456/47
f 906/1456/47 907/1455/47 909/1457/5 908/1458/5
f 908/1459/5 909/1460/5 911/1461/48 910/1462/48
f 910/1462/48 911/1461/48 913/1463/49 912/1464/49
f 912/1464/49 913/1463/49 915/1465/6 914/1466/6
f 914/1466/6 915/1465/6 917/1467/50 916/1468/50
f 916/1468/50 917/1467/50 919/1469/51 918/1470/51
f 918/1470/51 919/1469/51 921/1471/3 920/1472/3
f 920/1472/3 921/1471/3 923/1473/52 922/1474/52
f 922/1474/52 923/1473/52 925/1475/53 924/1476/53
f 924/1476/53 925/1475/53 903/1452/2 902/1451/2
f 923/1477/1 921/1478/1 926/1479/1 925/1480/1
f 919/1481/1 917/1482/1 926/1479/1 921/1478/1
f 915/1483/1 913/1484/1 926/1479/1 917/1482/1
f 911/1485/1 909/1486/1 926/1479/1 913/1484/1
f 907/1487/1 905/1488/1 926/1479/1 909/1486/1
f 903/1489/1 925/1480/1 926/1479/1 905/1488/1
f 869/1490/1 867/1415/1 873/1418/1 871/1491/1
f 901/1492/1 899/1493/1 927/1448/1 879/1447/1
f 897/1494/1 895/1495/1 927/1448/1 899/1493/1
f 893/1496/1 891/1497/1 927/1448/1 895/1495/1
f 889/1498/1 887/1499/1 927/1448/1 891/1497/1
f 885/1500/1 883/1445/1 927/1448/1 887/1499/1
f 928/1501/27 929/1502/27 931/1503/27 930/1504/27
f 930/1505/28 931/1506/28 933/1507/28 932/1508/28
f 932/1508/29 933/1507/29 935/1509/29 934/1510/29
f 934/1510/30 935/1509/30 937/1511/30 936/1512/30
f 929/1513/1 939/1514/1 937/1515/1 935/1516/1
f 936/1512/31 937/1511/31 939/1517/31 938/1518/31
f 938/1518/32 939/1517/32 929/1502/32 928/1501/32
f 940/1519/54 941/1520/54 943/1521/55 942/1522/96
f 942/1522/96 943/1521/55 945/1523/35 944/1524/35
f 944/1524/35 945/1523/35 947/1525/36 946/1526/36
f 946/1527/36 947/1528/36 949/1529/37 948/1530/94
f 948/1530/94 949/1529/37 951/1531/38 950/1532/38
f 950/1532/38 951/1531/38 953/1533/39 952/1534/39
f 952/1534/39 953/1533/39 955/1535/40 954/1536/40
f 954/1536/40 955/1535/40 957/1537/41 956/1538/41
f 956/1538/41 957/1537/41 959/1539/42 958/1540/42
f 958/1540/42 959/1539/42 961/1541/43 960/1542/43
f 945/1543/1 943/1544/1 941/1545/1 989/1546/1
f 960/1542/43 961/1541/43 963/1547/95 962/1548/56
f 962/1548/56 963/1547/95 941/1520/54 940/1519/54
f 964/1549/2 965/1550/2 967/1551/46 966/1552/46
f 966/1552/46 967/1551/46 969/1553/47 968/1554/47
f 968/1554/47 969/1553/47 971/1555/5 970/1556/5
f 970/1557/5 971/1558/5 973/1559/48 972/1560/48
f 972/1560/48 973/1559/48 975/1561/49 974/1562/49
f 974/1562/49 975/1561/49 977/1563/6 976/1564/6
f 976/1564/6 977/1563/6 979/1565/50 978/1566/50
f 978/1566/50 979/1565/50 981/1567/51 980/1568/51
f 980/1568/51 981/1567/51 983/1569/3 982/1570/3
f 982/1570/3 983/1569/3 985/1571/52 984/1572/52
f 984/1572/52 985/1571/52 987/1573/53 986/1574/53
f 986/1574/53 987/1573/53 965/1550/2 964/1549/2
f 985/1575/1 983/1576/1 988/1577/1 987/1578/1
f 981/1579/1 979/1580/1 988/1577/1 983/1576/1
f 977/1581/1 975/1582/1 988/1577/1 979/1580/1
f 973/1583/1 971/1584/1 988/1577/1 975/1582/1
f 969/1585/1 967/1586/1 988/1577/1 971/1584/1
f 965/1587/1 987/1578/1 988/1577/1 967/1586/1
f 931/1588/1 929/1513/1 935/1516/1 933/1589/1
f 963/1590/1 961/1591/1 989/1546/1 941/1545/1
f 959/1592/1 957/1593/1 989/1546/1 961/1591/1
f 955/1594/1 953/1595/1 989/1546/1 957/1593/1
f 951/1596/1 949/1597/1 989/1546/1 953/1595/1
f 947/1598/1 945/1543/1 989/1546/1 949/1597/1
f 990/1599/4 991/1600/4 993/1601/4 992/1602/4
f 996/1603/1 998/1604/1 999/1605/1 997/1606/1
f 994/1607/6 995/1608/6 991/1600/6 990/1599/6
f 1000/1609/2 996/1603/2 997/1606/2 1001/1610/2
f 992/1611/2 993/1612/2 999/1605/2 998/1604/2
f 995/1613/1 994/1614/1 1000/1609/1 1001/1610/1
f 996/1615/5 990/1616/5 992/1617/5 998/1618/5
f 994/1619/5 990/1620/5 996/1615/5 1000/1621/5
f 1002/1622/98 1003/1623/98 1005/1624/98 1004/1625/98
f 1004/1626/28 1005/1627/28 1007/1628/28 1006/1629/28
f 1006/1629/29 1007/1628/29 1009/1630/29 1008/1631/29
f 1008/1631/30 1009/1630/30 1011/1632/30 1010/1633/30
f 1003/1634/1 1013/1635/1 1011/1636/1 1009/1637/1
f 1010/1633/31 1011/1632/31 1013/1638/31 1012/1639/31
f 1012/1639/99 1013/1638/99 1003/1623/99 1002/1622/99
f 1014/1640/54 1015/1641/54 1017/1642/55 1016/1643/55
f 1016/1643/55 1017/1642/55 1019/1644/100 1018/1645/35
f 1018/1645/35 1019/1644/100 1021/1646/36 1020/1647/36
f 1020/1648/36 1021/1649/36 1023/1650/37 1022/1651/37
f 1022/1651/37 1023/1650/37 1025/1652/101 1024/1653/38
f 1024/1653/38 1025/1652/101 1027/1654/39 1026/1655/39
f 1026/1655/39 1027/1654/39 1029/1656/97 1028/1657/97
f 1028/1657/97 1029/1656/97 1031/1658/41 1030/1659/41
f 1030/1659/41 1031/1658/41 1033/1660/42 1032/1661/42
f 1032/1661/42 1033/1660/42 1035/1662/102 1034/1663/43
f 1019/1664/1 1017/1665/1 1015/1666/1 1063/1667/1
f 1034/1663/43 1035/1662/102 1037/1668/56 1036/1669/95
f 1036/1669/95 1037/1668/56 1015/1641/54 1014/1640/54
f 1038/1670/2 1039/1671/2 1041/1672/46 1040/1673/46
f 1040/1673/46 1041/1672/46 1043/1674/47 1042/1675/47
f 1042/1675/47 1043/1674/47 1045/1676/5 1044/1677/5
f 1044/1678/5 1045/1679/5 1047/1680/48 1046/1681/48
f 1046/1681/48 1047/1680/48 1049/1682/49 1048/1683/49
f 1048/1683/49 1049/1682/49 1051/1684/6 1050/1685/6
f 1050/1685/6 1051/1684/6 1053/1686/50 1052/1687/50
f 1052/1687/50 1053/1686/50 1055/1688/51 1054/1689/51
f 1054/1689/51 1055/1688/51 1057/1690/3 1056/1691/3
f 1056/1691/3 1057/1690/3 1059/1692/52 1058/1693/52
f 1058/1693/52 1059/1692/52 1061/1694/53 1060/1695/53
f 1060/1695/53 1061/1694/53 1039/1671/2 1038/1670/2
f 1059/1696/1 1057/1697/1 1062/1698/1 1061/1699/1
f 1055/1700/1 1053/1701/1 1062/1698/1 1057/1697/1
f 1051/1702/1 1049/1703/1 1062/1698/1 1053/1701/1
f 1047/1704/1 1045/1705/1 1062/1698/1 1049/1703/1
f 1043/1706/1 1041/1707/1 1062/1698/1 1045/1705/1
f 1039/1708/1 1061/1699/1 1062/1698/1 1041/1707/1
f 1005/1709/1 1003/1634/1 1009/1637/1 1007/1710/1
f 1037/1711/1 1035/1712/1 1063/1667/1 1015/1666/1
f 1033/1713/1 1031/1714/1 1063/1667/1 1035/1712/1
f 1029/1715/1 1027/1716/1 1063/1667/1 1031/1714/1
f 1025/1717/1 1023/1718/1 1063/1667/1 1027/1716/1
f 1021/1719/1 1019/1664/1 1063/1667/1 1023/1718/1
f 1064/1720/98 1065/1721/98 1067/1722/98 1066/1723/98
f 1066/1724/28 1067/1725/28 1069/1726/28 1068/1727/28
f 1068/1727/29 1069/1726/29 1071/1728/29 1070/1729/29
f 1070/1729/30 1071/1728/30 1073/1730/30 1072/1731/30
f 1065/1732/1 1075/1733/1 1073/1734/1 1071/1735/1
f 1072/1731/31 1073/1730/31 1075/1736/31 1074/1737/31
f 1074/1737/32 1075/1736/32 1065/1721/32 1064/1720/32
f 1076/1738/54 1077/1739/54 1079/1740/55 1078/1741/96
f 1078/1741/96 1079/1740/55 1081/1742/100 1080/1743/35
f 1080/1743/35 1081/1742/100 1083/1744/36 1082/1745/36
f 1082/1746/36 1083/1747/36 1085/1748/37 1084/1749/37
f 1084/1749/37 1085/1748/37 1087/1750/38 1086/1751/101
f 1086/1751/101 1087/1750/38 1089/1752/39 1088/1753/39
f 1088/1753/39 1089/1752/39 1091/1754/97 1090/1755/40
f 1090/1755/40 1091/1754/97 1093/1756/41 1092/1757/41
f 1092/1757/41 1093/1756/41 1095/1758/42 1094/1759/42
f 1094/1759/42 1095/1758/42 1097/1760/102 1096/1761/43
f 1081/1762/1 1079/1763/1 1077/1764/1 1125/1765/1
f 1096/1761/43 1097/1760/102 1099/1766/56 1098/1767/56
f 1098/1767/56 1099/1766/56 1077/1739/54 1076/1738/54
f 1100/1768/2 1101/1769/2 1103/1770/46 1102/1771/46
f 1102/1771/46 1103/1770/46 1105/1772/47 1104/1773/47
f 1104/1773/47 1105/1772/47 1107/1774/5 1106/1775/5
f 1106/1776/5 1107/1777/5 1109/1778/48 1108/1779/48
f 1108/1779/48 1109/1778/48 1111/1780/49 1110/1781/49
f 1110/1781/49 1111/1780/49 1113/1782/6 1112/1783/6
f 1112/1783/6 1113/1782/6 1115/1784/50 1114/1785/50
f 1114/1785/50 1115/1784/50 1117/1786/51 1116/1787/51
f 1116/1787/51 1117/1786/51 1119/1788/3 1118/1789/3
f 1118/1789/3 1119/1788/3 1121/1790/52 1120/1791/52
f 1120/1791/52 1121/1790/52 1123/1792/53 1122/1793/53
f 1122/1793/53 1123/1792/53 1101/1769/2 1100/1768/2
f 1121/1794/1 1119/1795/1 1124/1796/1 1123/1797/1
f 1117/1798/1 1115/1799/1 1124/1796/1 1119/1795/1
f 1113/1800/1 1111/1801/1 1124/1796/1 1115/1799/1
f 1109/1802/1 1107/1803/1 1124/1796/1 1111/1801/1
f 1105/1804/1 1103/1805/1 1124/1796/1 1107/1803/1
f 1101/1806/1 1123/1797/1 1124/1796/1 1103/1805/1
f 1067/1807/1 1065/1732/1 1071/1735/1 1069/1808/1
f 1099/1809/1 1097/1810/1 1125/1765/1 1077/1764/1
f 1095/1811/1 1093/1812/1 1125/1765/1 1097/1810/1
f 1091/1813/1 1089/1814/1 1125/1765/1 1093/1812/1
f 1087/1815/1 1085/1816/1 1125/1765/1 1089/1814/1
f 1083/1817/1 1081/1762/1 1125/1765/1 1085/1816/1
f 1130/1818/1 1131/1819/1 1127/1820/1 1126/1821/1
f 1132/1822/2 1134/1823/2 1135/1824/2 1133/1825/2
f 1126/1821/6 1127/1820/6 1129/1826/6 1128/1827/6
f 1136/1828/4 1132/1822/4 1133/1825/4 1137/1829/4
f 1128/1830/4 1129/1831/4 1135/1824/4 1134/1823/4
f 1131/1832/2 1130/1833/2 1136/1828/2 1137/1829/2
f 1132/1834/5 1126/1835/5 1128/1836/5 1134/1837/5
f 1130/1838/5 1126/1839/5 1132/1834/5 1136/1840/5
f 1138/1841/103 1139/1842/103 1141/1843/103 1140/1844/103
f 1140/1845/104 1141/1846/104 1143/1847/104 1142/1848/104
f 1142/1848/105 1143/1847/105 1145/1849/105 1144/1850/105
f 1144/1850/106 1145/1849/106 1147/1851/106 1146/1852/106
f 1139/1853/2 1149/1854/2 1147/1855/2 1145/1856/2
f 1146/1852/107 1147/1851/107 1149/1857/107 1148/1858/107
f 1148/1858/108 1149/1857/108 1139/1842/108 1138/1841/108
f 1150/1859/109 1151/1860/109 1153/1861/110 1152/1862/110
f 1152/1862/110 1153/1861/110 1155/1863/111 1154/1864/111
f 1154/1864/111 1155/1863/111 1157/1865/112 1156/1866/112
f 1156/1867/112 1157/1868/112 1159/1869/113 1158/1870/113
f 1158/1870/113 1159/1869/113 1161/1871/114 1160/1872/114
f 1160/1872/114 1161/1871/114 1163/1873/115 1162/1874/115
f 1162/1874/115 1163/1873/115 1165/1875/116 1164/1876/116
f 1164/1876/116 1165/1875/116 1167/1877/117 1166/1878/117
f 1166/1878/117 1167/1877/117 1169/1879/118 1168/1880/118
f 1168/1880/118 1169/1879/118 1171/1881/119 1170/1882/119
f 1155/1883/2 1153/1884/2 1151/1885/2 1199/1886/2
f 1170/1882/119 1171/1881/119 1173/1887/120 1172/1888/120
f 1172/1888/120 1173/1887/120 1151/1860/109 1150/1859/109
f 1174/1889/4 1175/1890/4 1177/1891/121 1176/1892/121
f 1176/1892/121 1177/1891/121 1179/1893/122 1178/1894/122
f 1178/1894/122 1179/1893/122 1181/1895/5 1180/1896/5
f 1180/1897/5 1181/1898/5 1183/1899/123 1182/1900/123
f 1182/1900/123 1183/1899/123 1185/1901/124 1184/1902/124
f 1184/1902/124 1185/1901/124 1187/1903/1 1186/1904/1
f 1186/1904/1 1187/1903/1 1189/1905/125 1188/1906/125
f 1188/1906/125 1189/1905/125 1191/1907/126 1190/1908/126
f 1190/1908/126 1191/1907/126 1193/1909/3 1192/1910/3
f 1192/1910/3 1193/1909/3 1195/1911/127 1194/1912/127
f 1194/1912/127 1195/1911/127 1197/1913/128 1196/1914/128
f 1196/1914/128 1197/1913/128 1175/1890/4 1174/1889/4
f 1195/1915/2 1193/1916/2 1198/1917/2 1197/1918/2
f 1191/1919/2 1189/1920/2 1198/1917/2 1193/1916/2
f 1187/1921/2 1185/1922/2 1198/1917/2 1189/1920/2
f 1183/1923/2 1181/1924/2 1198/1917/2 1185/1922/2
f 1179/1925/2 1177/1926/2 1198/1917/2 1181/1924/2
f 1175/1927/2 1197/1918/2 1198/1917/2 1177/1926/2
f 1141/1928/2 1139/1853/2 1145/1856/2 1143/1929/2
f 1173/1930/2 1171/1931/2 1199/1886/2 1151/1885/2
f 1169/1932/2 1167/1933/2 1199/1886/2 1171/1931/2
f 1165/1934/2 1163/1935/2 1199/1886/2 1167/1933/2
f 1161/1936/2 1159/1937/2 1199/1886/2 1163/1935/2
f 1157/1938/2 1155/1883/2 1199/1886/2 1159/1937/2
f 1200/1939/103 1201/1940/103 1203/1941/103 1202/1942/103
f 1202/1943/104 1203/1944/104 1205/1945/104 1204/1946/104
f 1204/1946/105 1205/1945/105 1207/1947/105 1206/1948/105
f 1206/1948/106 1207/1947/106 1209/1949/106 1208/1950/106
f 1201/1951/2 1211/1952/2 1209/1953/2 1207/1954/2
f 1208/1950/107 1209/1949/107 1211/1955/107 1210/1956/107
f 1210/1956/108 1211/1955/108 1201/1940/108 1200/1939/108
f 1212/1957/109 1213/1958/109 1215/1959/110 1214/1960/110
f 1214/1960/110 1215/1959/110 1217/1961/111 1216/1962/111
f 1216/1962/111 1217/1961/111 1219/1963/112 1218/1964/112
f 1218/1965/112 1219/1966/112 1221/1967/113 1220/1968/113
f 1220/1968/113 1221/1967/113 1223/1969/114 1222/1970/114
f 1222/1970/114 1223/1969/114 1225/1971/115 1224/1972/115
f 1224/1972/115 1225/1971/115 1227/1973/116 1226/1974/116
f 1226/1974/116 1227/1973/116 1229/1975/117 1228/1976/117
f 1228/1976/117 1229/1975/117 1231/1977/118 1230/1978/118
f 1230/1978/118 1231/1977/118 1233/1979/119 1232/1980/119
f 1217/1981/2 1215/1982/2 1213/1983/2 1261/1984/2
f 1232/1980/119 1233/1979/119 1235/1985/120 1234/1986/120
f 1234/1986/120 1235/1985/120 1213/1958/109 1212/1957/109
f 1236/1987/4 1237/1988/4 1239/1989/121 1238/1990/121
f 1238/1990/121 1239/1989/121 1241/1991/122 1240/1992/122
f 1240/1992/122 1241/1991/122 1243/1993/5 1242/1994/5
f 1242/1995/5 1243/1996/5 1245/1997/123 1244/1998/123
f 1244/1998/123 1245/1997/123 1247/1999/124 1246/2000/124
f 1246/2000/124 1247/1999/124 1249/2001/1 1248/2002/1
f 1248/2002/1 1249/2001/1 1251/2003/125 1250/2004/125
f 1250/2004/125 1251/2003/125 1253/2005/126 1252/2006/126
f 1252/2006/126 1253/2005/126 1255/2007/3 1254/2008/3
f 1254/2008/3 1255/2007/3 1257/2009/127 1256/2010/127
f 1256/2010/127 1257/2009/127 1259/2011/128 1258/2012/128
f 1258/2012/128 1259/2011/128 1237/1988/4 1236/1987/4
f 1257/2013/2 1255/2014/2 1260/2015/2 1259/2016/2
f 1253/2017/2 1251/2018/2 1260/2015/2 1255/2014/2
f 1249/2019/2 1247/2020/2 1260/2015/2 1251/2018/2
f 1245/2021/2 1243/2022/2 1260/2015/2 1247/2020/2
f 1241/2023/2 1239/2024/2 1260/2015/2 1243/2022/2
f 1237/2025/2 1259/2016/2 1260/2015/2 1239/2024/2
f 1203/2026/2 1201/1951/2 1207/1954/2 1205/2027/2
f 1235/2028/2 1233/2029/2 1261/1984/2 1213/1983/2
f 1231/2030/2 1229/2031/2 1261/1984/2 1233/2029/2
f 1227/2032/2 1225/2033/2 1261/1984/2 1229/2031/2
f 1223/2034/2 1221/2035/2 1261/1984/2 1225/2033/2
f 1219/2036/2 1217/1981/2 1261/1984/2 1221/2035/2
f 1266/2037/1 1267/2038/1 1263/2039/1 1262/2040/1
f 1268/2041/2 1270/2042/2 1271/2043/2 1269/2044/2
f 1262/2040/6 1263/2039/6 1265/2045/6 1264/2046/6
f 1272/2047/4 1268/2041/4 1269/2044/4 1273/2048/4
f 1264/2049/4 1265/2050/4 1271/2043/4 1270/2042/4
f 1267/2051/2 1266/2052/2 1272/2047/2 1273/2048/2
f 1268/2053/5 1262/2054/5 1264/2055/5 1270/2056/5
f 1266/2057/5 1262/2058/5 1268/2053/5 1272/2059/5
f 1274/2060/103 1275/2061/103 1277/2062/103 1276/2063/103
f 1276/2064/104 1277/2065/104 1279/2066/104 1278/2067/104
f 1278/2067/105 1279/2066/105 1281/2068/105 1280/2069/105
f 1280/2069/106 1281/2068/106 1283/2070/106 1282/2071/106
f 1275/2072/2 1285/2073/2 1283/2074/2 1281/2075/2
f 1282/2071/107 1283/2070/107 1285/2076/107 1284/2077/107
f 1284/2077/108 1285/2076/108 1275/2061/108 1274/2060/108
f 1286/2078/109 1287/2079/109 1289/2080/110 1288/2081/110
f 1288/2081/110 1289/2080/110 1291/2082/111 1290/2083/111
f 1290/2083/111 1291/2082/111 1293/2084/112 1292/2085/112
f 1292/2086/112 1293/2087/112 1295/2088/113 1294/2089/113
f 1294/2089/113 1295/2088/113 1297/2090/114 1296/2091/114
f 1296/2091/114 1297/2090/114 1299/2092/115 1298/2093/115
f 1298/2093/115 1299/2092/115 1301/2094/116 1300/2095/116
f 1300/2095/116 1301/2094/116 1303/2096/117 1302/2097/117
f 1302/2097/117 1303/2096/117 1305/2098/118 1304/2099/118
f 1304/2099/118 1305/2098/118 1307/2100/119 1306/2101/119
f 1291/2102/2 1289/2103/2 1287/2104/2 1335/2105/2
f 1306/2101/119 1307/2100/119 1309/2106/120 1308/2107/120
f 1308/2107/120 1309/2106/120 1287/2079/109 1286/2078/109
f 1310/2108/4 1311/2109/4 1313/2110/121 1312/2111/121
f 1312/2111/121 1313/2110/121 1315/2112/122 1314/2113/122
f 1314/2113/122 1315/2112/122 1317/2114/5 1316/2115/5
f 1316/2116/5 1317/2117/5 1319/2118/123 1318/2119/123
f 1318/2119/123 1319/2118/123 1321/2120/124 1320/2121/124
f 1320/2121/124 1321/2120/124 1323/2122/1 1322/2123/1
f 1322/2123/1 1323/2122/1 1325/2124/125 1324/2125/125
f 1324/2125/125 1325/2124/125 1327/2126/126 1326/2127/126
f 1326/2127/126 1327/2126/126 1329/2128/3 1328/2129/3
f 1328/2129/3 1329/2128/3 1331/2130/127 1330/2131/127
f 1330/2131/127 1331/2130/127 1333/2132/128 1332/2133/128
f 1332/2133/128 1333/2132/128 1311/2109/4 1310/2108/4
f 1331/2134/2 1329/2135/2 1334/2136/2 1333/2137/2
f 1327/2138/2 1325/2139/2 1334/2136/2 1329/2135/2
f 1323/2140/2 1321/2141/2 1334/2136/2 1325/2139/2
f 1319/2142/2 1317/2143/2 1334/2136/2 1321/2141/2
f 1315/2144/2 1313/2145/2 1334/2136/2 1317/2143/2
f 1311/2146/2 1333/2137/2 1334/2136/2 1313/2145/2
f 1277/2147/2 1275/2072/2 1281/2075/2 1279/2148/2
f 1309/2149/2 1307/2150/2 1335/2105/2 1287/2104/2
f 1305/2151/2 1303/2152/2 1335/2105/2 1307/2150/2
f 1301/2153/2 1299/2154/2 1335/2105/2 1303/2152/2
f 1297/2155/2 1295/2156/2 1335/2105/2 1299/2154/2
f 1293/2157/2 1291/2102/2 1335/2105/2 1295/2156/2
f 1336/2158/103 1337/2159/103 1339/2160/103 1338/2161/103
f 1338/2162/104 1339/2163/104 1341/2164/104 1340/2165/104
f 1340/2165/105 1341/2164/105 1343/2166/105 1342/2167/105
f 1342/2167/106 1343/2166/106 1345/2168/106 1344/2169/106
f 1337/2170/2 1347/2171/2 1345/2172/2 1343/2173/2
f 1344/2169/107 1345/2168/107 1347/2174/107 1346/2175/107
f 1346/2175/108 1347/2174/108 1337/2159/108 1336/2158/108
f 1348/2176/109 1349/2177/109 1351/2178/110 1350/2179/110
f 1350/2179/110 1351/2178/110 1353/2180/111 1352/2181/111
f 1352/2181/111 1353/2180/111 1355/2182/112 1354/2183/112
f 1354/2184/112 1355/2185/112 1357/2186/113 1356/2187/113
f 1356/2187/113 1357/2186/113 1359/2188/114 1358/2189/114
f 1358/2189/114 1359/2188/114 1361/2190/115 1360/2191/115
f 1360/2191/115 1361/2190/115 1363/2192/116 1362/2193/116
f 1362/2193/116 1363/2192/116 1365/2194/117 1364/2195/117
f 1364/2195/117 1365/2194/117 1367/2196/118 1366/2197/118
f 1366/2197/118 1367/2196/118 1369/2198/119 1368/2199/119
f 1353/2200/2 1351/2201/2 1349/2202/2 1397/2203/2
f 1368/2199/119 1369/2198/119 1371/2204/129 1370/2205/120
f 1370/2205/120 1371/2204/129 1349/2177/109 1348/2176/109
f 1372/2206/4 1373/2207/4 1375/2208/121 1374/2209/121
f 1374/2209/121 1375/2208/121 1377/2210/122 1376/2211/122
f 1376/2211/122 1377/2210/122 1379/2212/5 1378/2213/5
f 1378/2214/5 1379/2215/5 1381/2216/123 1380/2217/123
f 1380/2217/123 1381/2216/123 1383/2218/124 1382/2219/124
f 1382/2219/124 1383/2218/124 1385/2220/1 1384/2221/1
f 1384/2221/1 1385/2220/1 1387/2222/125 1386/2223/125
f 1386/2223/125 1387/2222/125 1389/2224/126 1388/2225/126
f 1388/2225/126 1389/2224/126 1391/2226/3 1390/2227/3
f 1390/2227/3 1391/2226/3 1393/2228/127 1392/2229/127
f 1392/2229/127 1393/2228/127 1395/2230/128 1394/2231/128
f 1394/2231/128 1395/2230/128 1373/2207/4 1372/2206/4
f 1393/2232/2 1391/2233/2 1396/2234/2 1395/2235/2
f 1389/2236/2 1387/2237/2 1396/2234/2 1391/2233/2
f 1385/2238/2 1383/2239/2 1396/2234/2 1387/2237/2
f 1381/2240/2 1379/2241/2 1396/2234/2 1383/2239/2
f 1377/2242/2 1375/2243/2 1396/2234/2 1379/2241/2
f 1373/2244/2 1395/2235/2 1396/2234/2 1375/2243/2
f 1339/2245/2 1337/2170/2 1343/2173/2 1341/2246/2
f 1371/2247/2 1369/2248/2 1397/2203/2 1349/2202/2
f 1367/2249/2 1365/2250/2 1397/2203/2 1369/2248/2
f 1363/2251/2 1361/2252/2 1397/2203/2 1365/2250/2
f 1359/2253/2 1357/2254/2 1397/2203/2 1361/2252/2
f 1355/2255/2 1353/2200/2 1397/2203/2 1357/2254/2
f 1402/2256/1 1403/2257/1 1399/2258/1 1398/2259/1
f 1404/2260/2 1406/2261/2 1407/2262/2 1405/2263/2
f 1398/2259/6 1399/2258/6 1401/2264/6 1400/2265/6
f 1408/2266/4 1404/2260/4 1405/2263/4 1409/2267/4
f 1400/2268/4 1401/2269/4 1407/2262/4 1406/2261/4
f 1403/2270/2 1402/2271/2 1408/2266/2 1409/2267/2
f 1404/2272/5 1398/2273/5 1400/2274/5 1406/2275/5
f 1402/2276/5 1398/2277/5 1404/2272/5 1408/2278/5
f 1410/2279/103 1411/2280/103 1413/2281/103 1412/2282/103
f 1412/2283/104 1413/2284/104 1415/2285/104 1414/2286/104
f 1414/2286/105 1415/2285/105 1417/2287/105 1416/2288/105
f 1416/2288/106 1417/2287/106 1419/2289/106 1418/2290/106
f 1411/2291/2 1421/2292/2 1419/2293/2 1417/2294/2
f 1418/2290/107 1419/2289/107 1421/2295/107 1420/2296/107
f 1420/2296/108 1421/2295/108 1411/2280/108 1410/2279/108
f 1422/2297/109 1423/2298/109 1425/2299/110 1424/2300/110
f 1424/2300/110 1425/2299/110 1427/2301/111 1426/2302/111
f 1426/2302/111 1427/2301/111 1429/2303/112 1428/2304/112
f 1428/2305/112 1429/2306/112 1431/2307/113 1430/2308/113
f 1430/2308/113 1431/2307/113 1433/2309/130 1432/2310/114
f 1432/2310/114 1433/2309/130 1435/2311/115 1434/2312/115
f 1434/2312/115 1435/2311/115 1437/2313/116 1436/2314/116
f 1436/2314/116 1437/2313/116 1439/2315/117 1438/2316/117
f 1438/2316/117 1439/2315/117 1441/2317/118 1440/2318/118
f 1440/2318/118 1441/2317/118 1443/2319/119 1442/2320/119
f 1427/2321/2 1425/2322/2 1423/2323/2 1471/2324/2
f 1442/2320/119 1443/2319/119 1445/2325/120 1444/2326/120
f 1444/2326/120 1445/2325/120 1423/2298/109 1422/2297/109
f 1446/2327/4 1447/2328/4 1449/2329/121 1448/2330/121
f 1448/2330/121 1449/2329/121 1451/2331/122 1450/2332/122
f 1450/2332/122 1451/2331/122 1453/2333/5 1452/2334/5
f 1452/2335/5 1453/2336/5 1455/2337/123 1454/2338/123
f 1454/2338/123 1455/2337/123 1457/2339/124 1456/2340/124
f 1456/2340/124 1457/2339/124 1459/2341/1 1458/2342/1
f 1458/2342/1 1459/2341/1 1461/2343/125 1460/2344/125
f 1460/2344/125 1461/2343/125 1463/2345/126 1462/2346/126
f 1462/2346/126 1463/2345/126 1465/2347/3 1464/2348/3
f 1464/2348/3 1465/2347/3 1467/2349/127 1466/2350/127
f 1466/2350/127 1467/2349/127 1469/2351/128 1468/2352/128
f 1468/2352/128 1469/2351/128 1447/2328/4 1446/2327/4
f 1467/2353/2 1465/2354/2 1470/2355/2 1469/2356/2
f 1463/2357/2 1461/2358/2 1470/2355/2 1465/2354/2
f 1459/2359/2 1457/2360/2 1470/2355/2 1461/2358/2
f 1455/2361/2 1453/2362/2 1470/2355/2 1457/2360/2
f 1451/2363/2 1449/2364/2 1470/2355/2 1453/2362/2
f 1447/2365/2 1469/2356/2 1470/2355/2 1449/2364/2
f 1413/2366/2 1411/2291/2 1417/2294/2 1415/2367/2
f 1445/2368/2 1443/2369/2 1471/2324/2 1423/2323/2
f 1441/2370/2 1439/2371/2 1471/2324/2 1443/2369/2
f 1437/2372/2 1435/2373/2 1471/2324/2 1439/2371/2
f 1433/2374/2 1431/2375/2 1471/2324/2 1435/2373/2
f 1429/2376/2 1427/2321/2 1471/2324/2 1431/2375/2
f 1472/2377/103 1473/2378/103 1475/2379/103 1474/2380/103
f 1474/2381/104 1475/2382/104 1477/2383/104 1476/2384/104
f 1476/2384/105 1477/2383/105 1479/2385/105 1478/2386/105
f 1478/2386/106 1479/2385/106 1481/2387/106 1480/2388/106
f 1473/2389/2 1483/2390/2 1481/2391/2 1479/2392/2
f 1480/2388/107 1481/2387/107 1483/2393/107 1482/2394/107
f 1482/2394/108 1483/2393/108 1473/2378/108 1472/2377/108
f 1484/2395/109 1485/2396/109 1487/2397/110 1486/2398/110
f 1486/2398/110 1487/2397/110 1489/2399/111 1488/2400/111
f 1488/2400/111 1489/2399/111 1491/2401/112 1490/2402/112
f 1490/2403/112 1491/2404/112 1493/2405/113 1492/2406/113
f 1492/2406/113 1493/2405/113 1495/2407/114 1494/2408/114
f 1494/2408/114 1495/2407/114 1497/2409/115 1496/2410/115
f 1496/2410/115 1497/2409/115 1499/2411/116 1498/2412/116
f 1498/2412/116 1499/2411/116 1501/2413/117 1500/2414/117
f 1500/2414/117 1501/2413/117 1503/2415/118 1502/2416/118
f 1502/2416/118 1503/2415/118 1505/2417/119 1504/2418/119
f 1489/2419/2 1487/2420/2 1485/2421/2 1533/2422/2
f 1504/2418/119 1505/2417/119 1507/2423/120 1506/2424/120
f 1506/2424/120 1507/2423/120 1485/2396/109 1484/2395/109
f 1508/2425/4 1509/2426/4 1511/2427/121 1510/2428/121
f 1510/2428/121 1511/2427/121 1513/2429/122 1512/2430/122
f 1512/2430/122 1513/2429/122 1515/2431/5 1514/2432/5
f 1514/2433/5 1515/2434/5 1517/2435/123 1516/2436/123
f 1516/2436/123 1517/2435/123 1519/2437/124 1518/2438/124
f 1518/2438/124 1519/2437/124 1521/2439/1 1520/2440/1
f 1520/2440/1 1521/2439/1 1523/2441/125 1522/2442/125
f 1522/2442/125 1523/2441/125 1525/2443/126 1524/2444/126
f 1524/2444/126 1525/2443/126 1527/2445/3 1526/2446/3
f 1526/2446/3 1527/2445/3 1529/2447/127 1528/2448/127
f 1528/2448/127 1529/2447/127 1531/2449/128 1530/2450/128
f 1530/2450/128 1531/2449/128 1509/2426/4 1508/2425/4
f 1529/2451/2 1527/2452/2 1532/2453/2 1531/2454/2
f 1525/2455/2 1523/2456/2 1532/2453/2 1527/2452/2
f 1521/2457/2 1519/2458/2 1532/2453/2 1523/2456/2
f 1517/2459/2 1515/2460/2 1532/2453/2 1519/2458/2
f 1513/2461/2 1511/2462/2 1532/2453/2 1515/2460/2
f 1509/2463/2 1531/2454/2 1532/2453/2 1511/2462/2
f 1475/2464/2 1473/2389/2 1479/2392/2 1477/2465/2
f 1507/2466/2 1505/2467/2 1533/2422/2 1485/2421/2
f 1503/2468/2 1501/2469/2 1533/2422/2 1505/2467/2
f 1499/2470/2 1497/2471/2 1533/2422/2 1501/2469/2
f 1495/2472/2 1493/2473/2 1533/2422/2 1497/2471/2
f 1491/2474/2 1489/2419/2 1533/2422/2 1493/2473/2
f 1534/2475/58 1535/2476/58 1537/2477/58 1536/2478/58
f 1536/2478/59 1537/2477/59 1539/2479/59 1538/2480/59
f 1538/2480/60 1539/2479/60 1541/2481/60 1540/2482/60
f 1540/2482/61 1541/2481/61 1543/2483/61 1542/2484/61
f 1535/2485/3 1545/2486/3 1543/2487/3 1541/2488/3
f 1542/2484/62 1543/2483/62 1545/2489/62 1544/2490/62
f 1544/2490/63 1545/2489/63 1535/2491/63 1534/2492/63
f 1546/2493/64 1547/2494/64 1549/2495/65 1548/2496/65
f 1548/2496/65 1549/2495/65 1551/2497/66 1550/2498/66
f 1550/2498/66 1551/2497/66 1553/2499/67 1552/2500/67
f 1552/2500/67 1553/2499/67 1555/2501/68 1554/2502/68
f 1554/2502/68 1555/2501/68 1557/2503/69 1556/2504/69
f 1556/2504/69 1557/2503/69 1559/2505/70 1558/2506/70
f 1558/2506/70 1559/2505/70 1561/2507/71 1560/2508/71
f 1560/2508/71 1561/2507/71 1563/2509/72 1562/2510/72
f 1562/2510/72 1563/2509/72 1565/2511/73 1564/2512/73
f 1564/2512/73 1565/2511/73 1567/2513/74 1566/2514/74
f 632/1001/3 630/1000/3 1595/2515/3
f 1566/2514/74 1567/2513/74 1569/2516/75 1568/2517/75
f 1568/2517/75 1569/2516/75 1547/2494/64 1546/2493/64
f 1570/2518/2 1571/2519/2 1573/2520/76 1572/2521/76
f 1572/2521/76 1573/2520/76 1575/2522/77 1574/2523/77
f 1574/2523/77 1575/2522/77 1577/2524/1 1576/2525/1
f 1576/2525/1 1577/2524/1 1579/2526/78 1578/2527/78
f 1578/2527/78 1579/2526/78 1581/2528/79 1580/2529/79
f 1580/2529/79 1581/2528/79 1583/2530/6 1582/2531/6
f 1582/2531/6 1583/2530/6 1585/2532/80 1584/2533/80
f 1584/2533/80 1585/2532/80 1587/2534/81 1586/2535/81
f 1586/2535/81 1587/2534/81 1589/2536/4 1588/2537/4
f 1588/2537/4 1589/2536/4 1591/2538/82 1590/2539/82
f 1537/2540/3 1535/2485/3 1541/2488/3 1539/2541/3
f 1590/2539/82 1591/2538/82 1593/2542/83 1592/2543/83
f 1592/2543/83 1593/2542/83 1571/2544/2 1570/2545/2
f 1549/2495/3 1547/2494/3 1594/2546/3
f 1547/2494/3 1569/2516/3 1594/2546/3
f 1569/2516/3 1567/2513/3 1594/2546/3
f 1567/2513/3 1565/2511/3 1594/2546/3
f 1565/2511/3 1563/2509/3 1594/2546/3
f 1563/2509/3 1561/2507/3 1594/2546/3
f 1561/2507/3 1559/2505/3 1594/2546/3
f 1559/2505/3 1557/2503/3 1594/2546/3
f 1557/2503/3 1555/2501/3 1594/2546/3
f 1555/2501/3 1553/2499/3 1594/2546/3
f 1553/2499/3 1551/2497/3 1594/2546/3
f 1551/2497/3 1549/2495/3 1594/2546/3
f 630/1000/3 652/1025/3 1595/2515/3
f 652/1025/3 650/1019/3 1595/2515/3
f 650/1019/3 648/1017/3 1595/2515/3
f 648/1017/3 646/1015/3 1595/2515/3
f 646/1015/3 644/1013/3 1595/2515/3
f 644/1013/3 642/1011/3 1595/2515/3
f 642/1011/3 640/1009/3 1595/2515/3
f 640/1009/3 638/1007/3 1595/2515/3
f 638/1007/3 636/1005/3 1595/2515/3
f 636/1005/3 634/1003/3 1595/2515/3
f 634/1003/3 632/1001/3 1595/2515/3
f 672/2547/3 670/2548/3 1596/1023/3 674/1022/3
f 668/2549/3 666/2550/3 1596/1023/3 670/2548/3
f 664/2551/3 662/2552/3 1596/1023/3 666/2550/3
f 660/2553/3 658/2554/3 1596/1023/3 662/2552/3
f 1593/2555/3 1591/2556/3 1597/2557/3 1571/2558/3
f 1589/2559/3 1587/2560/3 1597/2557/3 1591/2556/3
f 1585/2561/3 1583/2562/3 1597/2557/3 1587/2560/3
f 1581/2563/3 1579/2564/3 1597/2557/3 1583/2562/3
f 1577/2565/3 1575/2566/3 1597/2557/3 1579/2564/3
f 658/2554/3 656/2567/3 654/1024/3 1596/1023/3
f 1575/2566/3 1573/2568/3 1571/2558/3 1597/2557/3
