# Blender 4.0.2
# www.blender.org
o walkie_talkie
v -0.025969 0.092328 0.006002
v -0.025969 0.093004 0.003215
v -0.025969 0.072474 -0.001414
v -0.025969 0.090311 0.008076
v -0.025969 0.072480 0.008076
v -0.025969 0.092344 0.000523
v -0.025969 0.090264 -0.001414
v -0.025969 0.086945 -0.001876
v -0.025969 0.086915 0.008628
v -0.025969 0.075194 -0.001955
v -0.025969 0.075323 0.008628
v -0.025969 0.070377 0.000523
v -0.025969 0.070385 0.006002
v -0.025969 0.069675 0.003211
v -0.028783 0.086850 -0.000557
v -0.028783 0.089669 -0.000165
v -0.028783 0.075319 -0.000634
v -0.028783 0.075450 0.007309
v -0.028783 0.073124 0.006857
v -0.028783 0.091646 0.003217
v -0.028783 0.091156 0.001220
v -0.028783 0.071556 0.001230
v -0.028783 0.073096 -0.000193
v -0.028783 0.091131 0.005340
v -0.028783 0.089669 0.006844
v -0.028783 0.071573 0.005322
v -0.028783 0.071038 0.003215
v -0.028783 0.086808 0.007309
v -0.028783 0.086931 0.003214
v -0.028783 0.075257 0.003212
v -0.028783 0.089669 0.003214
v -0.028783 0.073124 0.003211
v 0.000000 -0.000000 -0.020752
v 0.000000 0.113217 0.020000
v -0.027979 0.042862 0.014280
v 0.000000 0.035065 -0.020752
v 0.000000 0.113375 -0.015197
v -0.029871 0.049460 0.002950
v 0.000000 0.049460 -0.015585
v 0.000000 0.042862 -0.016817
v 0.000000 0.114317 0.003199
v -0.029871 0.110381 0.003199
v -0.015288 -0.000000 0.019415
v -0.020818 -0.000000 0.017740
v -0.029470 0.110198 0.009322
v -0.018156 0.111926 0.019648
v -0.027873 0.109895 0.014283
v -0.024851 0.110120 0.017704
v -0.028021 0.049460 0.014283
v 0.000000 0.050282 0.020664
v 0.000000 0.114319 0.009322
v 0.000000 0.114031 0.014406
v -0.029470 0.110083 -0.002402
v 0.000000 0.113859 -0.008002
v 0.000000 0.114158 -0.002402
v -0.021950 -0.000000 -0.017551
v -0.028200 0.035065 -0.012723
v -0.024564 0.035065 -0.017742
v -0.027873 0.109763 -0.008002
v -0.024199 0.110168 -0.012379
v -0.023862 0.049531 0.018912
v -0.027837 0.049460 -0.009039
v -0.023788 0.049460 -0.012619
v -0.027784 0.042862 -0.010329
v -0.023852 0.042862 -0.014058
v -0.025969 0.098202 0.006002
v -0.025969 0.098878 0.003215
v -0.028067 0.066223 0.003198
v -0.025969 0.072474 -0.001414
v -0.023777 0.096252 0.016829
v -0.026285 0.100623 0.017287
v -0.025969 0.096185 0.008076
v -0.023822 0.069896 0.016581
v -0.023483 0.073474 0.017101
v -0.025336 0.067814 0.015581
v -0.025969 0.072480 0.008076
v -0.025969 0.098218 0.000523
v -0.025969 0.096137 -0.001414
v -0.023946 0.096237 -0.011540
v -0.015500 0.049553 0.019445
v -0.025448 0.099643 -0.009946
v -0.023515 0.072659 -0.011540
v -0.024264 0.069953 -0.011330
v -0.025477 0.067729 -0.009946
v 0.000000 0.042862 0.020836
v -0.029862 0.042862 0.002657
v -0.015845 0.043017 0.019352
v -0.023615 0.042862 0.018835
v -0.018970 0.074454 0.021359
v 0.000000 0.072659 -0.015439
v 0.000000 0.075282 0.022784
v -0.023515 0.092853 -0.011540
v -0.027658 0.066304 -0.002229
v -0.029551 0.049460 -0.002991
v -0.029543 0.042862 -0.003888
v -0.029470 0.049460 0.008741
v -0.027659 0.066305 0.008565
v -0.029462 0.042862 0.008739
v 0.000000 0.096024 -0.015496
v -0.018036 0.111942 -0.014617
v -0.018090 0.072659 -0.014617
v -0.023510 0.092799 0.017102
v 0.000000 0.096216 0.022146
v -0.018225 0.112498 -0.008002
v -0.018579 0.113061 0.003199
v -0.018448 0.112930 -0.002402
v -0.018541 0.113062 0.009322
v -0.018368 0.112656 0.014350
v -0.017139 0.049460 -0.014868
v -0.016656 -0.000000 -0.019790
v -0.017806 0.035065 -0.019908
v -0.017375 0.042862 -0.016008
v -0.025182 -0.000000 0.013079
v -0.026686 -0.000000 0.002351
v -0.026401 -0.000000 -0.005475
v -0.026328 -0.000000 0.008046
v -0.018787 0.094628 0.020889
v -0.018187 0.094363 -0.014617
v -0.029871 0.103821 0.003199
v -0.029470 0.103631 -0.002402
v -0.029388 0.065068 -0.002402
v -0.028294 0.065620 -0.008002
v -0.023515 0.092853 0.019136
v -0.023515 0.073306 0.019136
v -0.028294 0.102493 -0.008002
v -0.026285 0.100623 -0.011621
v -0.024106 0.069441 0.018560
v -0.029470 0.103631 0.009322
v -0.028294 0.102527 0.014283
v -0.029470 0.065068 0.008741
v -0.028294 0.065620 0.014283
v -0.023515 0.092853 -0.013575
v -0.023515 0.072659 -0.013575
v -0.024264 0.069599 -0.013165
v -0.026655 0.066761 -0.011232
v -0.026284 0.067019 0.017287
v -0.025540 0.099761 0.015516
v -0.023946 0.096592 -0.013575
v -0.029871 0.064958 0.003199
v -0.023946 0.096592 0.018848
v -0.025969 0.092819 -0.001876
v -0.025485 0.092805 0.015534
v -0.025309 0.092853 -0.009946
v -0.025969 0.092789 0.008628
v -0.025368 0.073474 0.015571
v -0.025309 0.073361 -0.009946
v -0.025969 0.075194 -0.001955
v -0.025969 0.075323 0.008628
v -0.026885 0.092853 -0.006893
v -0.026957 0.101167 -0.006833
v -0.026752 0.074328 -0.007003
v -0.026770 0.074454 0.012988
v -0.026723 0.066785 0.013020
v -0.027659 0.102289 0.003201
v -0.027614 0.102148 -0.002142
v -0.025969 0.070377 0.000523
v -0.026709 0.066794 -0.007039
v -0.027618 0.102144 0.009040
v -0.026991 0.101225 0.012837
v -0.025969 0.070385 0.006002
v -0.025969 0.069675 0.003211
v -0.026913 0.092815 0.012891
v -0.029871 0.055345 0.003166
v -0.023941 0.055467 0.019283
v -0.024038 0.055345 -0.011967
v -0.027837 0.055345 -0.008144
v -0.028235 0.055345 0.014283
v 0.000000 0.056936 -0.015197
v -0.029551 0.055345 -0.002515
v -0.029470 0.055345 0.008741
v -0.017139 0.056700 -0.014648
v -0.013529 0.053940 0.019503
v 0.000000 0.060594 0.022511
v -0.029371 0.035065 0.008719
v -0.009045 0.050120 0.020227
v -0.009078 0.112955 0.019824
v -0.009028 0.042862 0.020316
v -0.009045 0.075148 0.022482
v -0.008991 0.072659 -0.015316
v -0.009018 0.112964 -0.015186
v -0.009049 0.095725 0.021621
v -0.009112 0.113484 -0.008002
v -0.009290 0.113994 0.003199
v -0.008991 0.049460 -0.015413
v -0.008080 -0.000000 -0.020676
v -0.009015 0.035065 -0.020676
v -0.009042 0.042862 -0.016648
v -0.009042 0.095445 -0.015300
v -0.009270 0.113996 0.009322
v -0.009184 0.113648 0.014378
v -0.009224 0.113849 -0.002402
v -0.008991 0.056974 -0.015316
v -0.009045 0.057065 0.019905
v 0.000000 0.035065 0.020630
v -0.029453 0.035065 -0.005475
v -0.029771 0.035065 0.002467
v -0.023119 0.035065 0.018604
v -0.025278 -0.000000 -0.012664
v -0.027514 0.035065 0.014245
v -0.008841 0.035065 0.020270
v -0.015403 0.035217 0.019219
v 0.027979 0.042862 0.014280
v 0.029871 0.049460 0.002950
v 0.029871 0.110381 0.003199
v 0.015288 -0.000000 0.019415
v 0.020818 -0.000000 0.017740
v 0.029470 0.110198 0.009322
v 0.018156 0.111926 0.019648
v 0.027873 0.109895 0.014283
v 0.024851 0.110120 0.017704
v 0.028021 0.049460 0.014283
v -0.027659 0.092852 -0.002878
v -0.027659 0.096496 -0.002327
v -0.027659 0.075108 -0.002958
v -0.027659 0.075237 0.009624
v -0.027659 0.072007 0.008981
v -0.027659 0.099902 0.003208
v -0.027659 0.099065 -0.000025
v -0.027659 0.069468 -0.000025
v -0.027659 0.072018 -0.002327
v -0.027659 0.099061 0.006524
v -0.027659 0.096575 0.008981
v -0.027659 0.069470 0.006524
v -0.027659 0.068627 0.003204
v -0.027659 0.092815 0.009624
v -0.025969 0.092804 0.003214
v -0.025969 0.072477 0.003211
v -0.025969 0.075257 0.003212
v -0.025969 0.096160 0.003214
v 0.029470 0.110083 -0.002402
v 0.021950 -0.000000 -0.017551
v 0.028200 0.035065 -0.012723
v 0.024564 0.035065 -0.017742
v 0.027873 0.109763 -0.008002
v 0.024199 0.110168 -0.012379
v 0.023862 0.049531 0.018912
v 0.027837 0.049460 -0.009039
v 0.023788 0.049460 -0.012619
v 0.027784 0.042862 -0.010329
v 0.023852 0.042862 -0.014058
v 0.028067 0.066223 0.003198
v 0.023777 0.096252 0.016829
v 0.026285 0.100623 0.017287
v 0.023822 0.069896 0.016581
v -0.018647 0.042862 0.021035
v -0.018182 0.049889 0.021078
v -0.007527 -0.000000 0.019641
v -0.012795 -0.000000 0.018997
v -0.018207 0.035065 0.020805
v -0.015656 0.056081 0.021341
v -0.009045 0.059663 0.022265
v 0.000000 0.057996 0.020306
v 0.000000 0.000000 0.019958
v 0.023483 0.073474 0.017101
v 0.025336 0.067814 0.015581
v -0.029871 0.060822 0.003199
v -0.023941 0.061853 0.019283
v -0.025381 0.061724 -0.011562
v -0.027837 0.061153 -0.008002
v -0.028294 0.061153 0.014283
v -0.029470 0.060877 -0.002402
v -0.029470 0.060877 0.008741
v 0.000000 0.064797 -0.015378
v -0.019645 0.064673 -0.014617
v 0.000000 0.066938 0.022673
v -0.019577 0.066066 0.021380
v -0.009045 0.066705 0.022425
v -0.008991 0.064735 -0.015316
v 0.023946 0.096237 -0.011540
v 0.015500 0.049553 0.019445
v 0.025448 0.099643 -0.009946
v 0.023515 0.072659 -0.011540
v 0.024264 0.069953 -0.011330
v 0.025477 0.067729 -0.009946
v 0.029862 0.042862 0.002657
v 0.015845 0.043017 0.019352
v 0.023615 0.042862 0.018835
v 0.018970 0.074454 0.021359
v 0.023515 0.092853 -0.011540
v 0.027658 0.066304 -0.002229
v 0.029551 0.049460 -0.002991
v 0.029543 0.042862 -0.003888
v 0.029470 0.049460 0.008741
v 0.027659 0.066305 0.008565
v 0.029462 0.042862 0.008739
v 0.018036 0.111942 -0.014617
v 0.018090 0.072659 -0.014617
v 0.023510 0.092799 0.017102
v 0.018225 0.112498 -0.008002
v 0.018579 0.113061 0.003199
v 0.018448 0.112930 -0.002402
v 0.018541 0.113062 0.009322
v 0.018368 0.112656 0.014350
v 0.017139 0.049460 -0.014868
v 0.016656 -0.000000 -0.019790
v 0.017806 0.035065 -0.019908
v 0.017375 0.042862 -0.016008
v 0.025182 -0.000000 0.013079
v 0.026686 -0.000000 0.002351
v 0.026401 -0.000000 -0.005475
v 0.026328 -0.000000 0.008046
v 0.018787 0.094628 0.020889
v 0.018187 0.094363 -0.014617
v 0.029871 0.103821 0.003199
v 0.029470 0.103631 -0.002402
v 0.029388 0.065068 -0.002402
v 0.028294 0.065620 -0.008002
v 0.023515 0.092853 0.019136
v 0.023515 0.073306 0.019136
v 0.028294 0.102493 -0.008002
v 0.026285 0.100623 -0.011621
v 0.024106 0.069441 0.018560
v 0.029470 0.103631 0.009322
v 0.028294 0.102527 0.014283
v 0.029470 0.065068 0.008741
v 0.028294 0.065620 0.014283
v 0.023515 0.092853 -0.013575
v 0.023515 0.072659 -0.013575
v 0.024264 0.069599 -0.013165
v 0.026655 0.066761 -0.011232
v 0.026284 0.067019 0.017287
v 0.025540 0.099761 0.015516
v 0.023946 0.096592 -0.013575
v 0.029871 0.064958 0.003199
v 0.023946 0.096592 0.018848
v 0.025485 0.092805 0.015534
v 0.025309 0.092853 -0.009946
v 0.025368 0.074454 0.015571
v 0.025309 0.073361 -0.009946
v 0.026885 0.092853 -0.006893
v 0.026957 0.101167 -0.006833
v 0.026752 0.074328 -0.007003
v 0.026770 0.074454 0.012988
v 0.026723 0.066785 0.013020
v 0.027659 0.102289 0.003201
v 0.027614 0.102148 -0.002142
v 0.026709 0.066794 -0.007039
v 0.027618 0.102144 0.009040
v 0.026991 0.101225 0.012837
v 0.026913 0.092815 0.012891
v 0.029871 0.055345 0.003166
v 0.023941 0.055467 0.019283
v 0.024038 0.055345 -0.011967
v 0.027837 0.055345 -0.008144
v 0.028235 0.055345 0.014283
v 0.029551 0.055345 -0.002515
v 0.029470 0.055345 0.008741
v 0.017139 0.056700 -0.014648
v 0.013529 0.053940 0.019503
v 0.029371 0.035065 0.008719
v 0.009045 0.050120 0.020227
v 0.009078 0.112955 0.019824
v 0.009028 0.042862 0.020316
v 0.009045 0.075148 0.022482
v 0.008991 0.072659 -0.015316
v 0.009018 0.112964 -0.015186
v 0.009049 0.095725 0.021621
v 0.009112 0.113484 -0.008002
v 0.009290 0.113994 0.003199
v 0.008991 0.049460 -0.015413
v 0.008080 -0.000000 -0.020676
v 0.009015 0.035065 -0.020676
v 0.009042 0.042862 -0.016648
v 0.009042 0.095445 -0.015300
v 0.009270 0.113996 0.009322
v 0.009184 0.113648 0.014378
v 0.009224 0.113849 -0.002402
v 0.008991 0.056974 -0.015316
v 0.009045 0.057065 0.019905
v 0.029453 0.035065 -0.005475
v 0.029771 0.035065 0.002467
v 0.023119 0.035065 0.018604
v 0.025278 -0.000000 -0.012664
v 0.027514 0.035065 0.014245
v 0.008841 0.035065 0.020270
v 0.015403 0.035217 0.019219
v 0.018647 0.042862 0.021035
v 0.018182 0.049889 0.021078
v 0.007527 -0.000000 0.019641
v 0.012795 -0.000000 0.018997
v 0.018207 0.035065 0.020805
v 0.015656 0.056081 0.021341
v 0.009045 0.059663 0.022265
v 0.029871 0.060822 0.003199
v 0.023941 0.061853 0.019283
v 0.025381 0.061724 -0.011562
v 0.027837 0.061153 -0.008002
v 0.028294 0.061153 0.014283
v 0.029470 0.060877 -0.002402
v 0.029470 0.060877 0.008741
v 0.019645 0.064673 -0.014617
v 0.019577 0.066066 0.021380
v 0.009045 0.066705 0.022425
v 0.008991 0.064735 -0.015316
v 0.027629 0.092824 0.008915
v 0.027767 0.092909 0.003200
v 0.027626 0.092826 -0.002165
v 0.027644 0.074327 0.008740
v 0.027917 0.074329 0.003199
v 0.027642 0.074328 -0.002197
v 0.007765 -0.000000 0.002351
v 0.000000 0.000000 0.002351
v -0.007765 -0.000000 0.002351
v 0.007872 -0.000000 -0.005475
v 0.000000 -0.000000 -0.005475
v -0.007872 -0.000000 -0.005475
v 0.007971 -0.000000 -0.012664
v 0.000000 -0.000000 -0.012664
v -0.007971 -0.000000 -0.012664
v 0.007686 -0.000000 0.008046
v 0.000000 0.000000 0.008046
v -0.007686 -0.000000 0.008046
v 0.007617 -0.000000 0.013079
v 0.000000 0.000000 0.013079
v -0.007617 -0.000000 0.013079
v -0.016407 -0.000000 -0.012664
v -0.016156 -0.000000 -0.005475
v -0.015883 -0.000000 0.002351
v -0.015685 -0.000000 0.008046
v -0.015509 -0.000000 0.013079
v 0.016407 -0.000000 -0.012664
v 0.016156 -0.000000 -0.005475
v 0.015883 -0.000000 0.002351
v 0.015685 -0.000000 0.008046
v 0.015509 -0.000000 0.013079
v 0.007572 -0.000000 0.016360
v 0.000000 0.000000 0.016518
v -0.007572 -0.000000 0.016360
v -0.012795 -0.000000 0.016166
v 0.012795 -0.000000 0.016274
v -0.017345 0.187019 0.006443
v -0.017345 0.110824 0.010572
v -0.018587 0.187019 0.006196
v -0.020167 0.110824 0.010010
v -0.019639 0.187019 0.005492
v -0.022559 0.110824 0.008412
v -0.020342 0.187019 0.004440
v -0.024157 0.110824 0.006020
v -0.020589 0.187019 0.003199
v -0.024718 0.110824 0.003199
v -0.020342 0.187019 0.001957
v -0.024157 0.110824 0.000377
v -0.019639 0.187019 0.000905
v -0.022559 0.110824 -0.002015
v -0.018587 0.187019 0.000202
v -0.020167 0.110824 -0.003613
v -0.017345 0.187019 -0.000045
v -0.017345 0.110824 -0.004174
v -0.016104 0.187019 0.000202
v -0.014524 0.110824 -0.003613
v -0.015051 0.187019 0.000905
v -0.012132 0.110824 -0.002015
v -0.014348 0.187019 0.001957
v -0.010533 0.110824 0.000377
v -0.014101 0.187019 0.003199
v -0.009972 0.110824 0.003199
v -0.014348 0.187019 0.004440
v -0.010533 0.110824 0.006020
v -0.015051 0.187019 0.005492
v -0.012132 0.110824 0.008412
v -0.016104 0.187019 0.006196
v -0.014524 0.110824 0.010010
v -0.017345 0.133403 0.009769
v -0.019859 0.133403 0.009269
v -0.021991 0.133403 0.007845
v -0.023415 0.133403 0.005713
v -0.023915 0.133403 0.003199
v -0.023415 0.133403 0.000684
v -0.021991 0.133403 -0.001447
v -0.019859 0.133403 -0.002872
v -0.017345 0.133403 -0.003372
v -0.014831 0.133403 -0.002872
v -0.012699 0.133403 -0.001447
v -0.011275 0.133403 0.000684
v -0.010775 0.133403 0.003199
v -0.011275 0.133403 0.005713
v -0.012699 0.133403 0.007845
v -0.014831 0.133403 0.009269
v -0.017345 0.124968 0.009769
v -0.019859 0.124968 0.009269
v -0.021991 0.124968 0.007845
v -0.023415 0.124968 0.005713
v -0.023915 0.124968 0.003199
v -0.023415 0.124968 0.000684
v -0.021991 0.124968 -0.001447
v -0.019859 0.124968 -0.002872
v -0.017345 0.124968 -0.003372
v -0.014831 0.124968 -0.002872
v -0.012699 0.124968 -0.001447
v -0.011275 0.124968 0.000684
v -0.010775 0.124968 0.003199
v -0.011275 0.124968 0.005713
v -0.012699 0.124968 0.007845
v -0.014831 0.124968 0.009269
v -0.019263 0.125258 0.007829
v -0.020889 0.125258 0.006742
v -0.021975 0.125258 0.005116
v -0.022357 0.125258 0.003199
v -0.021975 0.125258 0.001281
v -0.020889 0.125258 -0.000345
v -0.019263 0.125258 -0.001431
v -0.017345 0.125258 -0.001813
v -0.015427 0.125258 -0.001431
v -0.013801 0.125258 -0.000345
v -0.012715 0.125258 0.001281
v -0.012334 0.125258 0.003199
v -0.012715 0.125258 0.005116
v -0.013801 0.125258 0.006742
v -0.017345 0.125258 0.008210
v -0.015427 0.125258 0.007829
v -0.019263 0.133112 0.007829
v -0.020889 0.133112 0.006742
v -0.021975 0.133112 0.005116
v -0.022357 0.133112 0.003199
v -0.021975 0.133112 0.001281
v -0.020889 0.133112 -0.000345
v -0.019263 0.133112 -0.001431
v -0.017345 0.133112 -0.001813
v -0.015427 0.133112 -0.001431
v -0.013801 0.133112 -0.000345
v -0.012715 0.133112 0.001281
v -0.012334 0.133112 0.003199
v -0.012715 0.133112 0.005116
v -0.013801 0.133112 0.006742
v -0.017345 0.133112 0.008210
v -0.015427 0.133112 0.007829
v -0.019871 0.126960 0.009297
v -0.019871 0.128599 0.009297
v -0.019871 0.129771 0.009297
v -0.019871 0.131411 0.009297
v -0.022013 0.126960 0.007866
v -0.022013 0.128599 0.007866
v -0.022013 0.129771 0.007866
v -0.022013 0.131411 0.007866
v -0.023443 0.126960 0.005725
v -0.023443 0.128599 0.005725
v -0.023443 0.129771 0.005725
v -0.023443 0.131411 0.005725
v -0.023946 0.126960 0.003199
v -0.023946 0.128599 0.003199
v -0.023946 0.129771 0.003199
v -0.023946 0.131411 0.003199
v -0.023443 0.126960 0.000673
v -0.023443 0.128599 0.000673
v -0.023443 0.129771 0.000673
v -0.023443 0.131411 0.000673
v -0.022013 0.126960 -0.001469
v -0.022013 0.128599 -0.001469
v -0.022013 0.129771 -0.001469
v -0.022013 0.131411 -0.001469
v -0.019871 0.126960 -0.002900
v -0.019871 0.128599 -0.002900
v -0.019871 0.129771 -0.002900
v -0.019871 0.131411 -0.002900
v -0.017345 0.126960 -0.003402
v -0.017345 0.128599 -0.003402
v -0.017345 0.129771 -0.003402
v -0.017345 0.131411 -0.003402
v -0.014819 0.126960 -0.002900
v -0.014819 0.128599 -0.002900
v -0.014819 0.129771 -0.002900
v -0.014819 0.131411 -0.002900
v -0.012678 0.126960 -0.001469
v -0.012678 0.128599 -0.001469
v -0.012678 0.129771 -0.001469
v -0.012678 0.131411 -0.001469
v -0.011247 0.126960 0.000673
v -0.011247 0.128599 0.000673
v -0.011247 0.129771 0.000673
v -0.011247 0.131411 0.000673
v -0.010744 0.126960 0.003199
v -0.010744 0.128599 0.003199
v -0.010744 0.129771 0.003199
v -0.010744 0.131411 0.003199
v -0.011247 0.126960 0.005725
v -0.011247 0.128599 0.005725
v -0.011247 0.129771 0.005725
v -0.011247 0.131411 0.005725
v -0.012678 0.126960 0.007866
v -0.012678 0.128599 0.007866
v -0.012678 0.129771 0.007866
v -0.012678 0.131411 0.007866
v -0.014819 0.126960 0.009297
v -0.014819 0.128599 0.009297
v -0.014819 0.129771 0.009297
v -0.014819 0.131411 0.009297
v -0.017345 0.131411 0.009799
v -0.017345 0.129771 0.009799
v -0.017345 0.128599 0.009799
v -0.017345 0.126960 0.009799
v -0.017345 0.129600 0.008210
v -0.019263 0.129600 0.007829
v -0.019263 0.131701 0.007829
v -0.017345 0.131701 0.008210
v -0.017345 0.126669 0.008210
v -0.019263 0.126669 0.007829
v -0.019263 0.128770 0.007829
v -0.017345 0.128770 0.008210
v -0.020889 0.129600 0.006742
v -0.020889 0.131701 0.006742
v -0.020889 0.126669 0.006742
v -0.020889 0.128770 0.006742
v -0.021975 0.129600 0.005116
v -0.021975 0.131701 0.005116
v -0.021975 0.126669 0.005116
v -0.021975 0.128770 0.005116
v -0.022357 0.129600 0.003199
v -0.022357 0.131701 0.003199
v -0.022357 0.126669 0.003199
v -0.022357 0.128770 0.003199
v -0.021975 0.129600 0.001281
v -0.021975 0.131701 0.001281
v -0.021975 0.126669 0.001281
v -0.021975 0.128770 0.001281
v -0.020889 0.129600 -0.000345
v -0.020889 0.131701 -0.000345
v -0.020889 0.126669 -0.000345
v -0.020889 0.128770 -0.000345
v -0.019263 0.129600 -0.001431
v -0.019263 0.131701 -0.001431
v -0.019263 0.126669 -0.001431
v -0.019263 0.128770 -0.001431
v -0.017345 0.129600 -0.001813
v -0.017345 0.131701 -0.001813
v -0.017345 0.126669 -0.001813
v -0.017345 0.128770 -0.001813
v -0.015427 0.129600 -0.001431
v -0.015427 0.131701 -0.001431
v -0.015427 0.126669 -0.001431
v -0.015427 0.128770 -0.001431
v -0.013801 0.129600 -0.000345
v -0.013801 0.131701 -0.000345
v -0.013801 0.126669 -0.000345
v -0.013801 0.128770 -0.000345
v -0.012715 0.129600 0.001281
v -0.012715 0.131701 0.001281
v -0.012715 0.126669 0.001281
v -0.012715 0.128770 0.001281
v -0.012334 0.129600 0.003199
v -0.012334 0.131701 0.003199
v -0.012334 0.126669 0.003199
v -0.012334 0.128770 0.003199
v -0.012715 0.129600 0.005116
v -0.012715 0.131701 0.005116
v -0.012715 0.126669 0.005116
v -0.012715 0.128770 0.005116
v -0.013801 0.129600 0.006742
v -0.013801 0.131701 0.006742
v -0.013801 0.126669 0.006742
v -0.013801 0.128770 0.006742
v -0.015427 0.129600 0.007829
v -0.015427 0.131701 0.007829
v -0.015427 0.126669 0.007829
v -0.015427 0.128770 0.007829
v -0.017345 0.130591 0.010116
v -0.019992 0.130591 0.009589
v -0.022236 0.130591 0.008090
v -0.023736 0.130591 0.005846
v -0.024262 0.130591 0.003199
v -0.023736 0.130591 0.000552
v -0.022236 0.130591 -0.001693
v -0.019992 0.130591 -0.003192
v -0.017345 0.130591 -0.003719
v -0.014698 0.130591 -0.003192
v -0.012454 0.130591 -0.001693
v -0.010955 0.130591 0.000552
v -0.010428 0.130591 0.003199
v -0.010955 0.130591 0.005846
v -0.012454 0.130591 0.008090
v -0.014698 0.130591 0.009589
v -0.017345 0.127779 0.010116
v -0.019992 0.127779 0.009589
v -0.022236 0.127779 0.008090
v -0.023736 0.127779 0.005846
v -0.024262 0.127779 0.003199
v -0.023736 0.127779 0.000552
v -0.022236 0.127779 -0.001693
v -0.019992 0.127779 -0.003192
v -0.017345 0.127779 -0.003719
v -0.014698 0.127779 -0.003192
v -0.012454 0.127779 -0.001693
v -0.010955 0.127779 0.000552
v -0.010428 0.127779 0.003199
v -0.010955 0.127779 0.005846
v -0.012454 0.127779 0.008090
v -0.014698 0.127779 0.009589
v -0.017345 0.185448 0.008395
v -0.019334 0.185448 0.007999
v -0.021019 0.185448 0.006873
v -0.022146 0.185448 0.005187
v -0.022541 0.185448 0.003199
v -0.022146 0.185448 0.001210
v -0.021019 0.185448 -0.000476
v -0.019334 0.185448 -0.001602
v -0.017345 0.185448 -0.001997
v -0.015357 0.185448 -0.001602
v -0.013671 0.185448 -0.000476
v -0.012545 0.185448 0.001210
v -0.012149 0.185448 0.003199
v -0.012545 0.185448 0.005187
v -0.013671 0.185448 0.006873
v -0.015357 0.185448 0.007999
v -0.017345 0.187019 0.003199
v -0.015773 0.187019 0.003199
v -0.015870 0.187019 0.001723
v -0.017345 0.187019 0.001626
v -0.015870 0.187019 0.004674
v -0.017345 0.187019 0.004771
v -0.018820 0.187019 0.001723
v -0.018917 0.187019 0.003199
v -0.018820 0.187019 0.004674
v 0.019796 0.110838 -0.002759
v 0.021221 0.110838 -0.001665
v 0.022314 0.110838 -0.000241
v 0.023001 0.110838 0.001418
v 0.023235 0.110838 0.003199
v 0.020903 0.115567 -0.000368
v 0.021248 0.115423 0.000374
v 0.021719 0.115567 0.001045
v 0.020674 0.115995 -0.000353
v 0.020983 0.115996 0.000528
v 0.021591 0.115995 0.001236
v 0.020519 0.116564 -0.000306
v 0.020841 0.116538 0.000609
v 0.021473 0.116564 0.001346
v 0.022048 0.115269 0.000939
v 0.022111 0.115978 0.001442
v 0.022046 0.116613 0.001643
v 0.021159 0.115269 -0.000600
v 0.020755 0.115978 -0.000906
v 0.020549 0.116613 -0.000951
v 0.021671 0.114985 0.000130
v 0.020374 0.122738 -0.001111
v 0.020743 0.116671 -0.001429
v 0.020987 0.115905 -0.001250
v 0.021977 0.114880 -0.000047
v 0.021385 0.115200 -0.000791
v 0.022525 0.115905 0.001413
v 0.022326 0.115200 0.000839
v 0.022097 0.122738 0.001870
v 0.022753 0.116671 0.003199
v 0.022558 0.116671 0.001713
v 0.019978 0.122738 0.001108
v 0.019770 0.122738 0.000309
v 0.019938 0.122738 -0.000546
v 0.020566 0.122738 0.001688
v 0.021391 0.122738 0.001969
v 0.019555 0.116671 -0.002341
v 0.014576 0.110838 -0.003446
v 0.016357 0.110838 -0.003680
v 0.018137 0.110838 -0.003446
v 0.019314 0.122738 -0.001924
v 0.015541 0.115567 -0.002522
v 0.016357 0.115423 -0.002450
v 0.017172 0.115567 -0.002522
v 0.015439 0.115995 -0.002316
v 0.016357 0.115996 -0.002143
v 0.017274 0.115995 -0.002316
v 0.015403 0.116564 -0.002159
v 0.016357 0.116538 -0.001980
v 0.017310 0.116564 -0.002159
v 0.017245 0.115269 -0.002860
v 0.017712 0.115978 -0.002663
v 0.017854 0.116613 -0.002507
v 0.015468 0.115269 -0.002860
v 0.015001 0.115978 -0.002663
v 0.014859 0.116613 -0.002507
v 0.016357 0.114985 -0.002939
v 0.014634 0.122738 -0.002435
v 0.014542 0.116671 -0.002914
v 0.014819 0.115905 -0.003036
v 0.016357 0.114880 -0.003292
v 0.015416 0.115200 -0.003151
v 0.017895 0.115905 -0.003036
v 0.017297 0.115200 -0.003151
v 0.018076 0.122738 -0.002437
v 0.018171 0.116671 -0.002914
v 0.016357 0.122738 -0.000983
v 0.015560 0.122738 -0.001202
v 0.014904 0.122738 -0.001776
v 0.017153 0.122738 -0.001202
v 0.017809 0.122738 -0.001776
v 0.009478 0.110838 0.003199
v 0.009712 0.110838 0.001418
v 0.010399 0.110838 -0.000241
v 0.011493 0.110838 -0.001665
v 0.012917 0.110838 -0.002759
v 0.013399 0.122738 -0.001924
v 0.010994 0.115567 0.001045
v 0.011465 0.115423 0.000374
v 0.011810 0.115567 -0.000368
v 0.011122 0.115995 0.001236
v 0.011730 0.115996 0.000528
v 0.012039 0.115995 -0.000353
v 0.011240 0.116564 0.001346
v 0.011872 0.116538 0.000609
v 0.012194 0.116564 -0.000306
v 0.011554 0.115269 -0.000600
v 0.011958 0.115978 -0.000906
v 0.012164 0.116613 -0.000951
v 0.010665 0.115269 0.000939
v 0.010602 0.115978 0.001442
v 0.010667 0.116613 0.001643
v 0.011042 0.114985 0.000130
v 0.010616 0.122738 0.001874
v 0.010155 0.116671 0.001713
v 0.010189 0.115905 0.001413
v 0.010736 0.114880 -0.000047
v 0.010387 0.115200 0.000839
v 0.011727 0.115905 -0.001250
v 0.011328 0.115200 -0.000791
v 0.012336 0.122738 -0.001108
v 0.013158 0.116671 -0.002341
v 0.011970 0.116671 -0.001429
v 0.012735 0.122738 0.001108
v 0.012147 0.122738 0.001688
v 0.011322 0.122738 0.001969
v 0.012944 0.122738 0.000309
v 0.012775 0.122738 -0.000546
v 0.009960 0.116671 0.003199
v 0.013399 0.122738 0.008321
v 0.011493 0.110838 0.008063
v 0.010399 0.110838 0.006638
v 0.009712 0.110838 0.004979
v 0.010441 0.122738 0.003199
v 0.011810 0.115567 0.006765
v 0.011465 0.115423 0.006023
v 0.010994 0.115567 0.005352
v 0.012039 0.115995 0.006751
v 0.011730 0.115996 0.005869
v 0.011122 0.115995 0.005162
v 0.012194 0.116564 0.006703
v 0.011872 0.116538 0.005788
v 0.011240 0.116564 0.005051
v 0.010665 0.115269 0.005459
v 0.010602 0.115978 0.004955
v 0.010667 0.116613 0.004755
v 0.011554 0.115269 0.006997
v 0.011958 0.115978 0.007303
v 0.012164 0.116613 0.007348
v 0.011042 0.114985 0.006267
v 0.012339 0.122738 0.007508
v 0.011970 0.116671 0.007826
v 0.011727 0.115905 0.007648
v 0.010736 0.114880 0.006444
v 0.011328 0.115200 0.007188
v 0.010189 0.115905 0.004984
v 0.010387 0.115200 0.005559
v 0.010616 0.122738 0.004527
v 0.010155 0.116671 0.004684
v 0.012735 0.122738 0.005289
v 0.012944 0.122738 0.006088
v 0.012775 0.122738 0.006944
v 0.012147 0.122738 0.004709
v 0.011322 0.122738 0.004428
v 0.013158 0.116671 0.008738
v 0.019314 0.122738 0.008321
v 0.018137 0.110838 0.009843
v 0.016357 0.110838 0.010077
v 0.014576 0.110838 0.009843
v 0.012917 0.110838 0.009156
v 0.017172 0.115567 0.008919
v 0.016357 0.115423 0.008847
v 0.015541 0.115567 0.008919
v 0.017274 0.115995 0.008713
v 0.016357 0.115996 0.008540
v 0.015439 0.115995 0.008713
v 0.017310 0.116564 0.008556
v 0.016357 0.116538 0.008377
v 0.015403 0.116564 0.008556
v 0.015468 0.115269 0.009257
v 0.015001 0.115978 0.009060
v 0.014859 0.116613 0.008904
v 0.017245 0.115269 0.009257
v 0.017712 0.115978 0.009060
v 0.017854 0.116613 0.008904
v 0.016357 0.114985 0.009336
v 0.018079 0.122738 0.008833
v 0.018171 0.116671 0.009312
v 0.017895 0.115905 0.009433
v 0.016357 0.114880 0.009689
v 0.017297 0.115200 0.009548
v 0.014819 0.115905 0.009433
v 0.015416 0.115200 0.009548
v 0.014637 0.122738 0.008834
v 0.014542 0.116671 0.009312
v 0.016357 0.122738 0.007380
v 0.017153 0.122738 0.007599
v 0.017809 0.122738 0.008173
v 0.015560 0.122738 0.007599
v 0.014904 0.122738 0.008173
v 0.022272 0.122738 0.003199
v 0.023001 0.110838 0.004979
v 0.022314 0.110838 0.006638
v 0.021221 0.110838 0.008063
v 0.019796 0.110838 0.009156
v 0.021719 0.115567 0.005352
v 0.021248 0.115423 0.006023
v 0.020903 0.115567 0.006765
v 0.021591 0.115995 0.005162
v 0.020983 0.115996 0.005869
v 0.020674 0.115995 0.006751
v 0.021473 0.116564 0.005051
v 0.020841 0.116538 0.005788
v 0.020519 0.116564 0.006703
v 0.021159 0.115269 0.006997
v 0.020755 0.115978 0.007303
v 0.020549 0.116613 0.007348
v 0.022048 0.115269 0.005459
v 0.022111 0.115978 0.004955
v 0.022046 0.116613 0.004755
v 0.021671 0.114985 0.006267
v 0.022097 0.122738 0.004524
v 0.022558 0.116671 0.004684
v 0.022525 0.115905 0.004984
v 0.021977 0.114880 0.006444
v 0.022326 0.115200 0.005559
v 0.020987 0.115905 0.007648
v 0.021385 0.115200 0.007188
v 0.020377 0.122738 0.007505
v 0.019555 0.116671 0.008738
v 0.020743 0.116671 0.007826
v 0.019978 0.122738 0.005289
v 0.020566 0.122738 0.004709
v 0.021391 0.122738 0.004428
v 0.019770 0.122738 0.006088
v 0.019938 0.122738 0.006944
v 0.021391 0.122738 0.003199
v 0.011322 0.122738 0.003199
v 0.018874 0.122738 0.007558
v 0.016357 0.122738 0.003199
v 0.013839 0.122738 -0.001161
v 0.013839 0.122738 0.007558
v 0.018874 0.122738 -0.001161
v 0.014252 0.122738 0.006844
v 0.018461 0.122738 0.006844
v 0.020566 0.122738 0.003199
v 0.018461 0.122738 -0.000447
v 0.014252 0.122738 -0.000447
v 0.012147 0.122738 0.003199
v 0.003285 0.112981 -0.001857
v 0.004494 0.112981 -0.000930
v 0.005422 0.112981 0.000279
v 0.006005 0.112981 0.001688
v 0.006204 0.112981 0.003199
v 0.004433 0.116525 0.000008
v 0.004735 0.116384 0.000676
v 0.005162 0.116525 0.001272
v 0.004246 0.116945 0.000007
v 0.004523 0.116946 0.000798
v 0.005070 0.116945 0.001435
v 0.004129 0.117504 0.000030
v 0.004420 0.117479 0.000858
v 0.004992 0.117504 0.001524
v 0.005440 0.116233 0.001183
v 0.005536 0.116929 0.001620
v 0.005513 0.117552 0.001791
v 0.004648 0.116233 -0.000189
v 0.004318 0.116929 -0.000490
v 0.004159 0.117552 -0.000555
v 0.005090 0.115955 0.000471
v 0.004239 0.131367 -0.000955
v 0.004337 0.117609 -0.000991
v 0.004523 0.116857 -0.000796
v 0.005356 0.115851 0.000317
v 0.004846 0.116165 -0.000356
v 0.005903 0.116857 0.001596
v 0.005684 0.116165 0.001096
v 0.005899 0.131367 0.001918
v 0.006156 0.117609 0.003199
v 0.005979 0.117609 0.001854
v 0.003856 0.131367 0.001183
v 0.003656 0.131367 0.000413
v 0.003818 0.131367 -0.000412
v 0.004423 0.131367 0.001742
v 0.005219 0.131367 0.002013
v 0.003261 0.117609 -0.001816
v -0.001145 0.112981 -0.002441
v 0.000366 0.112981 -0.002640
v 0.001877 0.112981 -0.002441
v 0.003217 0.131367 -0.001740
v -0.000364 0.116525 -0.001919
v 0.000366 0.116384 -0.001846
v 0.001095 0.116525 -0.001919
v -0.000459 0.116945 -0.001758
v 0.000366 0.116946 -0.001602
v 0.001190 0.116945 -0.001758
v -0.000497 0.117504 -0.001645
v 0.000366 0.117479 -0.001483
v 0.001228 0.117504 -0.001645
v 0.001158 0.116233 -0.002204
v 0.001584 0.116929 -0.002068
v 0.001720 0.117552 -0.001963
v -0.000426 0.116233 -0.002204
v -0.000852 0.116929 -0.002068
v -0.000989 0.117552 -0.001963
v 0.000366 0.115955 -0.002257
v -0.001295 0.131367 -0.002232
v -0.001277 0.117609 -0.002335
v -0.001015 0.116857 -0.002399
v 0.000366 0.115851 -0.002564
v -0.000473 0.116165 -0.002459
v 0.001747 0.116857 -0.002399
v 0.001204 0.116165 -0.002459
v 0.002023 0.131367 -0.002234
v 0.002008 0.117609 -0.002335
v 0.000366 0.131367 -0.000832
v -0.000402 0.131367 -0.001044
v -0.001034 0.131367 -0.001597
v 0.001133 0.131367 -0.001044
v 0.001766 0.131367 -0.001597
v -0.005472 0.112981 0.003199
v -0.005274 0.112981 0.001688
v -0.004690 0.112981 0.000279
v -0.003762 0.112981 -0.000930
v -0.002553 0.112981 -0.001857
v -0.002485 0.131367 -0.001740
v -0.004431 0.116525 0.001272
v -0.004003 0.116384 0.000676
v -0.003701 0.116525 0.000008
v -0.004339 0.116945 0.001435
v -0.003792 0.116946 0.000798
v -0.003514 0.116945 0.000007
v -0.004260 0.117504 0.001524
v -0.003688 0.117479 0.000858
v -0.003398 0.117504 0.000030
v -0.003917 0.116233 -0.000189
v -0.003586 0.116929 -0.000490
v -0.003427 0.117552 -0.000555
v -0.004709 0.116233 0.001183
v -0.004804 0.116929 0.001620
v -0.004782 0.117552 0.001791
v -0.004359 0.115955 0.000471
v -0.005168 0.131367 0.001921
v -0.005248 0.117609 0.001854
v -0.005172 0.116857 0.001596
v -0.004625 0.115851 0.000317
v -0.004953 0.116165 0.001096
v -0.003791 0.116857 -0.000796
v -0.004115 0.116165 -0.000356
v -0.003510 0.131367 -0.000953
v -0.002530 0.117609 -0.001816
v -0.003605 0.117609 -0.000991
v -0.003125 0.131367 0.001183
v -0.003692 0.131367 0.001742
v -0.004487 0.131367 0.002013
v -0.002924 0.131367 0.000413
v -0.003087 0.131367 -0.000412
v -0.005425 0.117609 0.003199
v -0.002485 0.131367 0.008137
v -0.003762 0.112981 0.007327
v -0.004690 0.112981 0.006118
v -0.005274 0.112981 0.004710
v -0.005336 0.131367 0.003199
v -0.003701 0.116525 0.006389
v -0.004003 0.116384 0.005721
v -0.004431 0.116525 0.005125
v -0.003514 0.116945 0.006391
v -0.003792 0.116946 0.005599
v -0.004339 0.116945 0.004963
v -0.003398 0.117504 0.006367
v -0.003688 0.117479 0.005539
v -0.004260 0.117504 0.004874
v -0.004709 0.116233 0.005214
v -0.004804 0.116929 0.004777
v -0.004782 0.117552 0.004606
v -0.003917 0.116233 0.006586
v -0.003586 0.116929 0.006887
v -0.003427 0.117552 0.006953
v -0.004359 0.115955 0.005926
v -0.003507 0.131367 0.007352
v -0.003605 0.117609 0.007388
v -0.003791 0.116857 0.007193
v -0.004625 0.115851 0.006080
v -0.004115 0.116165 0.006753
v -0.005172 0.116857 0.004801
v -0.004953 0.116165 0.005301
v -0.005168 0.131367 0.004479
v -0.005248 0.117609 0.004543
v -0.003125 0.131367 0.005214
v -0.002924 0.131367 0.005984
v -0.003087 0.131367 0.006809
v -0.003692 0.131367 0.004655
v -0.004487 0.131367 0.004384
v -0.002530 0.117609 0.008213
v 0.003217 0.131367 0.008137
v 0.001877 0.112981 0.008838
v 0.000366 0.112981 0.009037
v -0.001145 0.112981 0.008838
v -0.002553 0.112981 0.008255
v 0.001095 0.116525 0.008316
v 0.000366 0.116384 0.008243
v -0.000364 0.116525 0.008316
v 0.001190 0.116945 0.008155
v 0.000366 0.116946 0.007999
v -0.000459 0.116945 0.008155
v 0.001228 0.117504 0.008042
v 0.000366 0.117479 0.007880
v -0.000497 0.117504 0.008042
v -0.000426 0.116233 0.008601
v -0.000852 0.116929 0.008465
v -0.000989 0.117552 0.008360
v 0.001158 0.116233 0.008601
v 0.001584 0.116929 0.008465
v 0.001720 0.117552 0.008360
v 0.000366 0.115955 0.008654
v 0.002027 0.131367 0.008630
v 0.002008 0.117609 0.008732
v 0.001747 0.116857 0.008796
v 0.000366 0.115851 0.008961
v 0.001204 0.116165 0.008856
v -0.001015 0.116857 0.008796
v -0.000473 0.116165 0.008856
v -0.001292 0.131367 0.008631
v -0.001277 0.117609 0.008732
v 0.000366 0.131367 0.007229
v 0.001133 0.131367 0.007441
v 0.001766 0.131367 0.007994
v -0.000402 0.131367 0.007441
v -0.001034 0.131367 0.007994
v 0.006068 0.131367 0.003199
v 0.006005 0.112981 0.004710
v 0.005422 0.112981 0.006118
v 0.004494 0.112981 0.007327
v 0.003285 0.112981 0.008255
v 0.005162 0.116525 0.005125
v 0.004735 0.116384 0.005721
v 0.004433 0.116525 0.006389
v 0.005070 0.116945 0.004963
v 0.004523 0.116946 0.005599
v 0.004246 0.116945 0.006391
v 0.004992 0.117504 0.004874
v 0.004420 0.117479 0.005539
v 0.004129 0.117504 0.006367
v 0.004648 0.116233 0.006586
v 0.004318 0.116929 0.006887
v 0.004159 0.117552 0.006953
v 0.005440 0.116233 0.005214
v 0.005536 0.116929 0.004777
v 0.005513 0.117552 0.004606
v 0.005090 0.115955 0.005926
v 0.005900 0.131367 0.004476
v 0.005979 0.117609 0.004543
v 0.005903 0.116857 0.004801
v 0.005356 0.115851 0.006080
v 0.005684 0.116165 0.005301
v 0.004523 0.116857 0.007193
v 0.004846 0.116165 0.006753
v 0.004241 0.131367 0.007350
v 0.003261 0.117609 0.008213
v 0.004337 0.117609 0.007388
v 0.003856 0.131367 0.005214
v 0.004423 0.131367 0.004655
v 0.005219 0.131367 0.004384
v 0.003656 0.131367 0.005984
v 0.003818 0.131367 0.006809
v 0.005219 0.131367 0.003199
v -0.004487 0.131367 0.003199
v 0.002792 0.131367 0.007401
v 0.000366 0.131367 0.003199
v -0.002061 0.131367 -0.001004
v -0.002061 0.131367 0.007401
v 0.002792 0.131367 -0.001004
v -0.001663 0.131367 0.006713
v 0.002394 0.131367 0.006713
v 0.004423 0.131367 0.003199
v 0.002394 0.131367 -0.000315
v -0.001663 0.131367 -0.000315
v -0.003692 0.131367 0.003199
vn -1.0000 -0.0000 -0.0000
vn -0.4412 0.3854 -0.8104
vn -0.4395 0.7746 -0.4547
vn -0.4263 -0.0855 -0.9005
vn -0.4252 0.0655 -0.9027
vn -0.4357 -0.9001 -0.0028
vn -0.4389 -0.7706 -0.4621
vn -0.4261 -0.0866 0.9005
vn -0.4399 -0.4195 0.7940
vn -0.4375 -0.7805 0.4465
vn -0.4346 0.9006 -0.0012
vn -0.4427 0.4142 0.7953
vn -0.4256 0.0728 0.9020
vn -0.4379 -0.4079 -0.8012
vn -0.4371 0.7872 0.4349
vn -0.0686 0.9966 -0.0467
vn -0.1763 0.9823 -0.0640
vn -0.1715 0.9851 -0.0129
vn -0.0673 0.9976 -0.0134
vn -0.0418 0.1044 -0.9937
vn -0.0443 0.3219 -0.9458
vn -0.1813 0.3222 -0.9291
vn -0.1995 0.1130 -0.9734
vn -0.1972 0.0245 -0.9800
vn -0.1285 0.0001 -0.9917
vn -0.1853 -0.0013 -0.9827
vn -0.2475 0.0178 -0.9687
vn -0.5671 0.1684 -0.8062
vn -0.9025 0.0657 -0.4257
vn -0.8684 0.1426 -0.4750
vn -0.5120 0.2802 -0.8120
vn -0.5408 -0.0263 0.8407
vn -0.5593 -0.0140 0.8289
vn -0.3279 0.0041 0.9447
vn -0.2203 -0.0349 0.9748
vn -0.9840 0.0157 0.1777
vn -0.9858 0.0142 0.1671
vn -1.0000 -0.0000 -0.0025
vn -1.0000 -0.0000 -0.0031
vn -0.9892 0.0263 -0.1442
vn -0.9864 0.0196 -0.1631
vn -0.8524 0.0775 -0.5171
vn -0.0436 0.0036 -0.9990
vn -0.0000 0.0057 -1.0000
vn -0.0000 -0.0024 -1.0000
vn -0.0435 0.0006 -0.9991
vn -0.0694 0.9970 0.0349
vn -0.0723 0.9921 0.1022
vn -0.0000 0.9951 0.0993
vn -0.0000 0.9995 0.0313
vn -0.0769 0.9942 -0.0746
vn -0.1878 0.9776 -0.0947
vn -0.1908 0.9771 -0.0937
vn -0.0739 0.9948 -0.0707
vn -0.1398 -0.0071 0.9902
vn -0.1459 -0.0186 0.9891
vn -0.0958 -0.0184 0.9952
vn -0.0960 -0.0034 0.9954
vn -0.9899 -0.0014 0.1414
vn -0.8981 -0.0162 0.4394
vn -0.8869 -0.0338 0.4607
vn -0.9898 -0.0000 0.1426
vn -0.1785 0.9825 0.0539
vn -0.2488 0.9657 -0.0745
vn -0.2412 0.9704 -0.0127
vn -0.5441 0.0638 0.8366
vn -0.8857 0.0508 0.4614
vn -0.8682 0.0545 0.4932
vn -0.5089 0.0625 0.8585
vn -0.5698 -0.0328 0.8211
vn -0.3929 -0.0266 0.9192
vn -0.5114 0.1220 -0.8506
vn -0.2020 0.2200 -0.9544
vn -0.5537 -0.0226 0.8324
vn -0.6512 0.0080 0.7589
vn -0.0760 0.0456 0.9961
vn -0.0887 0.0283 0.9957
vn -0.0000 0.0322 0.9995
vn -0.0000 0.0463 0.9989
vn -0.2520 0.9656 0.0636
vn -0.2711 0.9538 0.1294
vn -0.1918 0.9738 0.1218
vn -0.9859 -0.0023 -0.1672
vn -1.0000 0.0044 0.0006
vn -1.0000 0.0049 -0.0032
vn -0.9866 -0.0172 -0.1625
vn -0.2684 0.9571 -0.1090
vn -0.9878 0.0144 -0.1552
vn -0.9863 0.0160 -0.1642
vn -0.9017 0.0634 -0.4277
vn -0.8883 0.0682 -0.4541
vn -1.0000 -0.0046 0.0089
vn -1.0000 0.0006 0.0081
vn -0.8688 -0.0294 0.4943
vn -0.8810 -0.0208 0.4726
vn -0.5891 0.0823 -0.8039
vn -0.5811 0.0819 -0.8097
vn -0.0000 0.0005 1.0000
vn -0.5400 -0.0631 0.8393
vn -0.5579 -0.0589 0.8278
vn -0.8606 -0.0615 0.5055
vn -0.8631 -0.0763 0.4992
vn -0.6261 -0.0960 -0.7738
vn -0.8970 -0.0546 -0.4387
vn -0.9079 -0.0936 -0.4086
vn -0.6325 -0.1260 -0.7643
vn -0.2492 -0.0390 -0.9677
vn -0.3340 -0.0418 -0.9416
vn -0.2184 -0.0135 -0.9758
vn -0.5995 -0.0459 -0.7990
vn -0.9214 -0.0770 -0.3810
vn -0.9853 -0.0136 0.1701
vn -0.9874 -0.0064 0.1578
vn -0.3751 0.0372 0.9262
vn -0.2250 0.0540 0.9729
vn -0.1849 0.0770 0.9797
vn -0.3449 0.0673 0.9362
vn -0.0606 0.0683 0.9958
vn -0.0000 0.0765 0.9971
vn -0.0000 0.1144 0.9934
vn -0.0503 0.1020 0.9935
vn -0.0367 0.0080 -0.9993
vn -0.0000 0.0104 -0.9999
vn -0.0000 0.1085 -0.9941
vn -0.0488 0.2312 -0.9717
vn -0.0392 0.0079 -0.9992
vn -0.0000 0.0118 -0.9999
vn -0.0697 0.0154 0.9974
vn -0.0000 0.0133 0.9999
vn -0.2873 0.9510 -0.1141
vn -0.2862 0.9446 0.1609
vn -0.1896 0.9709 0.1464
vn -0.0728 0.9882 0.1347
vn -0.0000 -0.0180 0.9998
vn -0.3762 -0.0538 0.9250
vn -0.1382 0.0047 -0.9904
vn -0.2144 0.0068 -0.9767
vn -0.6085 0.0033 0.7936
vn -0.8344 -0.0036 0.5511
vn -0.7646 -0.0021 0.6445
vn -0.6176 0.0008 0.7865
vn -0.4498 0.0097 0.8931
vn -0.2683 0.0137 0.9632
vn -0.8632 -0.0173 -0.5046
vn -0.8040 -0.0135 -0.5944
vn -0.9473 -0.0032 -0.3203
vn -0.9665 0.0003 -0.2568
vn -0.8149 -0.0098 0.5795
vn -0.7600 -0.0088 0.6499
vn -0.9341 -0.0076 0.3570
vn -0.9518 -0.0090 0.3066
vn -0.6335 -0.7736 0.0171
vn -0.5960 -0.8030 -0.0002
vn -0.6313 -0.7754 0.0161
vn -0.5785 0.8150 -0.0325
vn -0.5924 0.8053 -0.0239
vn -0.5938 0.8043 -0.0229
vn -0.5784 0.8151 -0.0325
vn -0.6078 -0.0127 0.7940
vn -0.8048 -0.5935 0.0041
vn -0.6905 -0.7233 0.0085
vn -0.6937 -0.7202 0.0047
vn -0.8074 -0.5899 0.0049
vn -0.9973 0.0654 -0.0329
vn -0.9128 0.4055 -0.0488
vn -0.9138 0.4032 -0.0488
vn -0.9972 0.0663 -0.0332
vn -0.6357 -0.7718 -0.0168
vn -0.6331 -0.7739 -0.0157
vn -0.6905 -0.7233 -0.0100
vn -0.6948 -0.7192 -0.0046
vn -0.5835 0.8116 0.0275
vn -0.5686 0.8220 0.0317
vn -0.5685 0.8221 0.0313
vn -0.5864 0.8096 0.0259
vn -0.9985 -0.0504 -0.0210
vn -0.9986 -0.0496 -0.0208
vn -0.7121 0.7019 0.0176
vn -0.8959 0.4441 0.0147
vn -0.9097 0.4151 0.0089
vn -0.7006 0.7134 0.0140
vn -0.6844 0.7290 -0.0085
vn -0.6872 0.7264 -0.0094
vn -0.7955 -0.6058 -0.0166
vn -0.7984 -0.6019 -0.0180
vn -0.9916 0.1285 -0.0117
vn -0.9927 0.1202 -0.0110
vn -0.9982 -0.0603 -0.0052
vn -0.9526 -0.3040 0.0105
vn -0.9553 -0.2953 0.0095
vn -0.5725 0.8199 -0.0024
vn -0.5725 0.8199 -0.0023
vn -0.9513 -0.3051 -0.0443
vn -0.9530 -0.2998 -0.0440
vn -0.7177 0.0615 -0.6936
vn -0.8686 0.0238 -0.4949
vn -0.8082 0.0156 -0.5887
vn -0.6947 0.0342 -0.7185
vn -0.9372 -0.0021 0.3488
vn -0.9628 0.0014 0.2701
vn -0.6899 -0.0195 -0.7237
vn -0.7159 -0.0402 -0.6970
vn -0.9472 -0.0033 -0.3208
vn -0.5870 -0.0252 0.8092
vn -0.9614 -0.0002 -0.2752
vn -0.9826 0.0002 -0.1859
vn -0.9900 0.0061 -0.1411
vn -0.9723 -0.0095 0.2333
vn -0.9811 -0.0143 0.1928
vn -0.9987 0.0085 -0.0512
vn -1.0000 0.0056 -0.0004
vn -0.9976 0.0094 -0.0679
vn -0.9955 0.0442 -0.0841
vn -0.9851 -0.0100 -0.1719
vn -0.9944 0.0265 -0.1028
vn -0.9987 0.0057 0.0498
vn -0.9973 0.0060 0.0727
vn -0.9876 0.0053 0.1572
vn -0.9954 0.0396 0.0870
vn -0.9942 0.0222 0.1051
vn -0.9962 0.0872 -0.0001
vn -0.9962 0.0872 -0.0002
vn -0.9767 0.0009 0.2145
vn -0.9796 -0.0084 -0.2010
vn -0.9890 -0.0061 0.1480
vn -1.0000 0.0025 0.0066
vn -0.9853 0.0141 -0.1702
vn -0.8705 0.0177 -0.4919
vn -0.0375 -0.0045 -0.9993
vn -0.0000 -0.0077 -1.0000
vn -0.5512 0.0048 -0.8343
vn -0.2103 -0.0029 -0.9776
vn -0.0667 -0.0168 0.9976
vn -0.0723 -0.0310 0.9969
vn -0.0000 -0.0241 0.9997
vn -0.0000 -0.0169 0.9999
vn -0.8912 -0.0169 0.4534
vn -0.2941 -0.0048 0.9558
vn -0.0000 0.9908 0.1356
vn -0.0000 0.3232 -0.9463
vn -0.0000 0.2335 -0.9723
vn -0.0512 -0.0023 -0.9987
vn -0.0000 -0.0001 -1.0000
vn -0.1274 0.0187 0.9917
vn -0.1222 0.0442 0.9915
vn -0.0000 0.9979 -0.0648
vn -0.0000 0.9991 -0.0434
vn -0.0000 0.9999 -0.0138
vn -0.0000 0.9975 -0.0700
vn -0.9833 -0.0542 0.1735
vn -0.9821 -0.0846 0.1684
vn -0.9988 -0.0485 0.0111
vn -0.9924 -0.0231 -0.1205
vn -0.9912 -0.0856 -0.1005
vn -0.9961 -0.0874 0.0124
vn -0.1421 -0.0199 0.9896
vn -0.0907 -0.0196 0.9957
vn -0.0000 -0.0193 0.9998
vn 0.5725 0.8199 -0.0024
vn 0.5725 0.8199 -0.0023
vn 0.5784 0.8151 -0.0325
vn 0.5785 0.8150 -0.0325
vn 0.8688 -0.0294 0.4943
vn 0.8810 -0.0208 0.4726
vn 0.5593 -0.0140 0.8289
vn 0.5698 -0.0328 0.8211
vn 0.8912 -0.0169 0.4534
vn 0.5408 -0.0263 0.8407
vn 0.5671 0.1684 -0.8062
vn 0.5120 0.2802 -0.8120
vn 0.8684 0.1426 -0.4750
vn 0.9025 0.0657 -0.4257
vn 0.6905 -0.7233 -0.0100
vn 0.6948 -0.7192 -0.0046
vn 0.7984 -0.6019 -0.0180
vn 0.7955 -0.6057 -0.0166
vn 0.5938 0.8043 -0.0229
vn 0.5924 0.8053 -0.0239
vn -0.3475 -0.0560 0.9360
vn 0.0512 -0.0023 -0.9987
vn 0.0488 0.2312 -0.9717
vn 0.0392 0.0079 -0.9992
vn 0.0436 0.0036 -0.9990
vn 0.9874 -0.0064 0.1578
vn 0.9890 -0.0061 0.1480
vn 0.1715 0.9851 -0.0129
vn 0.1785 0.9825 0.0539
vn 0.2520 0.9656 0.0636
vn 0.2412 0.9704 -0.0127
vn 0.3449 0.0673 0.9362
vn 0.5089 0.0625 0.8585
vn 0.5441 0.0638 0.8366
vn 0.1849 0.0770 0.9797
vn 0.8524 0.0775 -0.5171
vn 0.8705 0.0177 -0.4919
vn 0.9853 0.0141 -0.1702
vn 0.9864 0.0196 -0.1631
vn 0.8981 -0.0162 0.4394
vn 0.8869 -0.0338 0.4607
vn 0.6512 0.0080 0.7589
vn 0.5537 -0.0226 0.8324
vn 0.6899 -0.0195 -0.7237
vn 0.7159 -0.0402 -0.6970
vn 0.8632 -0.0173 -0.5046
vn 0.8040 -0.0135 -0.5944
vn 0.9899 -0.0014 0.1414
vn 0.9898 -0.0000 0.1426
vn 0.9402 -0.0039 0.3406
vn 0.9433 -0.0046 0.3318
vn 0.7645 -0.0021 0.6446
vn 0.7626 -0.0068 0.6469
vn 0.8970 -0.0546 -0.4387
vn 0.9859 -0.0023 -0.1672
vn 0.0435 0.0006 -0.9991
vn 0.0723 0.9921 0.1022
vn 0.0728 0.9882 0.1347
vn 0.1896 0.9709 0.1464
vn 0.1918 0.9738 0.1218
vn 0.6177 0.0008 0.7864
vn 0.6060 -0.0141 0.7954
vn 0.0694 0.9970 0.0349
vn 0.0673 0.9976 -0.0134
vn 0.6905 -0.7233 0.0085
vn 0.6937 -0.7202 0.0047
vn 0.6313 -0.7754 0.0161
vn 0.6335 -0.7736 0.0171
vn 0.0907 -0.0196 0.9957
vn 0.0958 -0.0184 0.9952
vn 0.1285 0.0001 -0.9917
vn 0.1382 0.0047 -0.9904
vn 0.9853 -0.0136 0.1701
vn 1.0000 -0.0046 0.0089
vn 1.0000 0.0006 0.0081
vn 0.1398 -0.0071 0.9902
vn 0.1274 0.0187 0.9917
vn 0.0887 0.0283 0.9957
vn 0.0960 -0.0034 0.9954
vn 0.2862 0.9446 0.1609
vn 0.2711 0.9538 0.1294
vn 0.3762 -0.0538 0.9250
vn 0.3475 -0.0560 0.9360
vn 0.5400 -0.0631 0.8393
vn 0.5579 -0.0589 0.8278
vn 0.4982 0.0381 0.8662
vn 0.4498 0.0097 0.8931
vn 0.2683 0.0137 0.9632
vn 0.2941 -0.0048 0.9558
vn 0.0739 0.9948 -0.0707
vn 0.0686 0.9966 -0.0467
vn 0.1763 0.9823 -0.0640
vn 0.1908 0.9771 -0.0937
vn 0.6844 0.7290 -0.0085
vn 0.6872 0.7264 -0.0094
vn 0.5864 0.8096 0.0259
vn 0.5835 0.8116 0.0275
vn 0.7006 0.7134 0.0140
vn 0.7121 0.7019 0.0176
vn 0.9833 -0.0542 0.1735
vn 0.9821 -0.0846 0.1684
vn 0.9961 -0.0874 0.0124
vn 0.9988 -0.0485 0.0111
vn 0.5960 -0.8030 -0.0002
vn 0.6331 -0.7739 -0.0157
vn 0.6357 -0.7718 -0.0168
vn 0.0769 0.9942 -0.0746
vn 0.1972 0.0245 -0.9800
vn 0.5512 0.0048 -0.8344
vn 0.6261 -0.0960 -0.7738
vn 1.0000 0.0044 0.0006
vn 1.0000 0.0049 -0.0032
vn 0.2203 -0.0349 0.9748
vn 0.3279 0.0041 0.9447
vn 0.9878 0.0144 -0.1552
vn 0.9863 0.0160 -0.1642
vn 0.8883 0.0682 -0.4541
vn 0.9017 0.0634 -0.4277
vn 0.9924 -0.0231 -0.1205
vn 0.9912 -0.0856 -0.1005
vn 0.9214 -0.0770 -0.3810
vn 0.8606 -0.0615 0.5055
vn 0.8631 -0.0763 0.4992
vn 1.0000 0.0025 0.0066
vn 0.9892 0.0263 -0.1442
vn 0.2492 -0.0390 -0.9677
vn 0.2103 -0.0029 -0.9776
vn 0.0367 0.0080 -0.9993
vn 0.0375 -0.0045 -0.9993
vn 0.3929 -0.0266 0.9192
vn 0.0697 0.0154 0.9974
vn 0.0667 -0.0168 0.9976
vn 0.9526 -0.3040 0.0105
vn 0.9553 -0.2953 0.0095
vn 0.8074 -0.5899 0.0049
vn 0.8048 -0.5935 0.0041
vn 0.9572 -0.0049 0.2893
vn 0.8344 -0.0036 0.5511
vn 0.2488 0.9657 -0.0745
vn 0.5891 0.0823 -0.8039
vn 0.5811 0.0819 -0.8097
vn 0.9916 0.1285 -0.0117
vn 0.9927 0.1202 -0.0110
vn 0.9982 -0.0603 -0.0052
vn 0.1421 -0.0199 0.9896
vn 0.1459 -0.0186 0.9891
vn 0.9507 0.0006 -0.3101
vn 0.9572 0.0038 -0.2894
vn 0.8686 0.0238 -0.4949
vn 0.8082 0.0156 -0.5887
vn 1.0000 -0.0000 -0.0031
vn 1.0000 -0.0000 -0.0025
vn -0.4293 0.0073 0.9031
vn -0.4315 0.0074 0.9021
vn -0.5097 -0.0149 0.8602
vn -0.5101 -0.0161 0.8600
vn 0.9840 0.0157 0.1777
vn 0.9858 0.0142 0.1671
vn 0.0760 0.0456 0.9961
vn 0.8158 -0.0088 0.5783
vn 0.9462 -0.0037 0.3236
vn 0.0418 0.1044 -0.9937
vn 0.0443 0.3219 -0.9458
vn 0.0606 0.0683 0.9958
vn 0.9079 -0.0936 -0.4086
vn 0.9866 -0.0172 -0.1625
vn 0.1853 -0.0013 -0.9827
vn 0.2144 0.0068 -0.9767
vn 0.2184 -0.0135 -0.9758
vn 0.2020 0.2200 -0.9544
vn 0.8682 0.0545 0.4932
vn 0.8857 0.0508 0.4614
vn 0.6085 0.0033 0.7936
vn -0.1668 -0.6139 0.7716
vn -0.1278 -0.6293 0.7665
vn -0.0000 -0.6600 0.7512
vn 0.3340 -0.0418 -0.9416
vn 0.5114 0.1220 -0.8506
vn 0.3751 0.0372 0.9262
vn 0.2250 0.0540 0.9729
vn 0.5995 -0.0459 -0.7990
vn 0.2873 0.9510 -0.1141
vn 0.1878 0.9776 -0.0947
vn 0.2684 0.9571 -0.1090
vn 0.0723 -0.0310 0.9969
vn 0.2475 0.0178 -0.9687
vn 0.1995 0.1130 -0.9734
vn 0.0503 0.1020 0.9935
vn 0.1813 0.3222 -0.9291
vn 0.9638 -0.0059 -0.2666
vn 0.9520 -0.0045 -0.3062
vn -0.3863 -0.4026 0.8299
vn -0.3708 -0.4253 0.8256
vn 0.1222 0.0442 0.9915
vn -0.5058 -0.0651 0.8602
vn -0.5107 -0.3732 0.7745
vn -0.5110 -0.3631 0.7791
vn -0.5060 -0.0635 0.8602
vn -0.5074 0.0839 -0.8576
vn -0.5216 0.3973 -0.7550
vn -0.5216 0.3968 -0.7553
vn -0.5074 0.0834 -0.8576
vn -0.5101 -0.7391 0.4399
vn -0.5112 -0.8595 0.0014
vn -0.5112 -0.8595 0.0021
vn -0.5100 -0.7362 0.4449
vn -0.5281 0.7267 0.4393
vn -0.5215 0.3861 0.7609
vn -0.5215 0.3853 0.7613
vn -0.5281 0.7268 0.4392
vn -0.5080 -0.7514 -0.4211
vn -0.5079 -0.7490 -0.4255
vn -0.5116 -0.4002 -0.7603
vn -0.5119 -0.3895 -0.7657
vn -0.5254 0.7369 -0.4253
vn -0.5254 0.7373 -0.4247
vn -0.5273 0.8497 0.0024
vn -0.5273 0.8497 0.0029
vn -0.5040 -0.0728 -0.8606
vn -0.5042 -0.0702 -0.8607
vn -0.5101 0.0839 0.8560
vn -0.5101 0.0832 0.8561
vn 0.9973 0.0654 -0.0329
vn 0.9972 0.0663 -0.0332
vn 0.9138 0.4032 -0.0488
vn 0.9128 0.4055 -0.0488
vn 0.8959 0.4441 0.0147
vn 0.9097 0.4151 0.0089
vn 0.6325 -0.1260 -0.7643
vn 0.5101 -0.0161 0.8600
vn 0.5035 -0.1418 0.8523
vn 0.5050 -0.1317 0.8530
vn 0.5097 -0.0149 0.8602
vn 0.4293 0.0073 0.9031
vn 0.4315 0.0074 0.9021
vn 0.3863 -0.4026 0.8299
vn 0.3708 -0.4253 0.8256
vn 0.1668 -0.6139 0.7716
vn 0.1278 -0.6293 0.7665
vn 0.9513 -0.3051 -0.0443
vn 0.9530 -0.2998 -0.0440
vn 0.9986 -0.0496 -0.0208
vn 0.9985 -0.0504 -0.0210
vn 0.3538 0.0064 0.9353
vn 0.6947 0.0342 -0.7185
vn -0.3538 0.0064 0.9353
vn -0.5035 -0.1418 0.8523
vn -0.5050 -0.1317 0.8530
vn -0.4982 0.0381 0.8662
vn 0.5686 0.8220 0.0317
vn 0.5685 0.8221 0.0313
vn 0.5923 -0.0224 0.8054
vn 1.0000 0.0054 -0.0010
vn 1.0000 0.0063 -0.0009
vn 0.9962 0.0013 0.0869
vn 0.9947 0.0006 0.1032
vn 0.7177 0.0615 -0.6936
vn 0.9957 0.0014 -0.0931
vn 0.9970 0.0022 -0.0770
vn 0.9934 0.0029 -0.1147
vn 1.0000 0.0072 -0.0007
vn 0.9923 0.0015 0.1238
vn 0.9999 0.0100 -0.0004
vn 0.9916 0.0032 0.1296
vn 0.9923 0.0050 -0.1235
vn -0.0000 -1.0000 -0.0000
vn -0.0000 0.0567 0.9984
vn -0.3821 0.0567 0.9224
vn -0.7060 0.0567 0.7060
vn -0.9224 0.0567 0.3821
vn -0.9984 0.0567 -0.0000
vn -0.9224 0.0567 -0.3821
vn -0.7060 0.0567 -0.7060
vn -0.3821 0.0567 -0.9224
vn -0.0000 0.0567 -0.9984
vn 0.3821 0.0567 -0.9224
vn 0.7060 0.0567 -0.7060
vn 0.9224 0.0567 -0.3821
vn 0.9984 0.0567 -0.0000
vn 0.9224 0.0567 0.3821
vn 0.7060 0.0567 0.7060
vn 0.3821 0.0567 0.9224
vn -0.0000 1.0000 -0.0000
vn -0.1409 0.9297 -0.3402
vn -0.2604 0.9297 -0.2604
vn -0.3402 0.9297 -0.1409
vn 0.3465 0.4242 0.8366
vn -0.0000 0.4242 0.9056
vn -0.0000 0.0264 0.9997
vn 0.3826 0.0264 0.9236
vn 0.6403 0.4242 0.6403
vn 0.7069 0.0264 0.7069
vn 0.8366 0.4242 0.3465
vn 0.9236 0.0264 0.3826
vn 0.9056 0.4242 -0.0000
vn 0.9997 0.0264 -0.0000
vn 0.8366 0.4242 -0.3465
vn 0.9236 0.0264 -0.3826
vn 0.6403 0.4242 -0.6403
vn 0.7069 0.0264 -0.7069
vn 0.3465 0.4242 -0.8366
vn 0.3826 0.0264 -0.9236
vn -0.0000 0.4242 -0.9056
vn -0.0000 0.0264 -0.9997
vn -0.3465 0.4242 -0.8366
vn -0.3826 0.0264 -0.9236
vn -0.6403 0.4242 -0.6403
vn -0.7069 0.0264 -0.7069
vn -0.8366 0.4242 -0.3465
vn -0.9236 0.0264 -0.3826
vn -0.9056 0.4242 -0.0000
vn -0.9997 0.0264 -0.0000
vn -0.8366 0.4242 0.3465
vn -0.9236 0.0264 0.3826
vn -0.6403 0.4242 0.6403
vn -0.7069 0.0264 0.7069
vn -0.3465 0.4242 0.8366
vn -0.3825 0.0264 0.9236
vn -0.1799 -0.9837 -0.0000
vn -0.1662 -0.9837 0.0688
vn 0.1833 -0.9831 -0.0000
vn 0.1693 -0.9831 -0.0701
vn -0.0410 0.9943 -0.0989
vn -0.0000 0.9943 -0.1070
vn -0.1662 0.9837 0.0688
vn -0.1799 0.9837 -0.0000
vn 0.1693 -0.9831 0.0701
vn 0.0989 -0.9943 0.0410
vn 0.1070 -0.9943 -0.0000
vn 0.1296 -0.9831 0.1296
vn -0.0000 -0.9837 -0.1799
vn -0.0688 -0.9837 -0.1662
vn 0.0989 0.9943 -0.0410
vn 0.1070 0.9943 -0.0000
vn -0.1070 -0.9943 -0.0000
vn -0.0989 -0.9943 0.0410
vn 0.0701 -0.9831 0.1693
vn -0.0688 0.9837 -0.1662
vn -0.0000 0.9837 -0.1799
vn -0.0757 0.9943 0.0757
vn -0.0989 0.9943 0.0410
vn -0.0000 -0.9831 0.1833
vn 0.1799 -0.9837 -0.0000
vn 0.1662 -0.9837 -0.0688
vn -0.0000 -0.9943 -0.1070
vn -0.0410 -0.9943 -0.0989
vn 0.1662 0.9837 -0.0688
vn 0.1799 0.9837 -0.0000
vn -0.1272 -0.9837 0.1272
vn -0.0757 0.9943 -0.0757
vn 0.0410 0.9943 0.0989
vn -0.0000 0.9943 0.1070
vn -0.1272 0.9837 0.1272
vn 0.0989 -0.9943 -0.0410
vn -0.0000 -0.9837 0.1799
vn 0.0688 -0.9837 0.1662
vn -0.1272 -0.9837 -0.1272
vn 0.0757 0.9943 -0.0757
vn 0.0688 0.9837 0.1662
vn -0.0000 0.9837 0.1799
vn -0.0757 -0.9943 0.0757
vn -0.1272 0.9837 -0.1272
vn -0.0000 0.9831 0.1833
vn -0.0701 0.9831 0.1693
vn -0.0000 -0.9943 0.1070
vn 0.0410 -0.9943 0.0989
vn -0.0410 0.9943 0.0989
vn -0.1296 0.9831 0.1296
vn 0.1272 -0.9837 -0.1272
vn 0.0757 0.9943 0.0757
vn -0.0757 -0.9943 -0.0757
vn -0.1693 0.9831 0.0701
vn 0.1272 0.9837 -0.1272
vn -0.0688 -0.9837 0.1662
vn -0.0989 0.9943 -0.0410
vn -0.1833 0.9831 -0.0000
vn 0.1272 -0.9837 0.1272
vn -0.0688 0.9837 0.1662
vn -0.1693 0.9831 -0.0701
vn 0.0757 -0.9943 -0.0757
vn 0.1272 0.9837 0.1272
vn -0.1662 -0.9837 -0.0688
vn 0.3827 -0.0000 0.9239
vn -0.0000 -0.0000 1.0000
vn -0.1296 0.9831 -0.1296
vn -0.0000 0.3600 0.9329
vn -0.3570 0.3600 0.8619
vn -0.3827 -0.0000 0.9239
vn -0.6597 0.3600 0.6597
vn -0.7071 -0.0000 0.7071
vn -0.8619 0.3600 0.3570
vn -0.9239 -0.0000 0.3827
vn -0.9329 0.3600 -0.0000
vn -0.8619 0.3600 -0.3570
vn -0.9239 -0.0000 -0.3827
vn -0.6597 0.3600 -0.6597
vn -0.7071 -0.0000 -0.7071
vn -0.3570 0.3600 -0.8619
vn -0.3827 -0.0000 -0.9239
vn -0.0000 0.3600 -0.9329
vn -0.0000 -0.0000 -1.0000
vn 0.3570 0.3600 -0.8619
vn 0.3827 -0.0000 -0.9239
vn 0.6597 0.3600 -0.6597
vn 0.7071 -0.0000 -0.7071
vn 0.8619 0.3600 -0.3570
vn 0.9239 -0.0000 -0.3827
vn 0.9329 0.3600 -0.0000
vn 1.0000 -0.0000 -0.0000
vn 0.8619 0.3600 0.3570
vn 0.9239 -0.0000 0.3827
vn 0.6597 0.3600 0.6597
vn 0.7071 -0.0000 0.7071
vn 0.3570 0.3600 0.8619
vn 0.0410 0.9943 -0.0989
vn 0.1662 0.9837 0.0688
vn 0.0410 -0.9943 -0.0989
vn 0.1296 -0.9831 -0.1296
vn 0.1662 -0.9837 0.0688
vn 0.0701 0.9831 0.1693
vn 0.0701 -0.9831 -0.1693
vn -0.1070 0.9943 -0.0000
vn 0.0688 0.9837 -0.1662
vn 0.1296 0.9831 0.1296
vn -0.0000 -0.9831 -0.1833
vn -0.0989 -0.9943 -0.0410
vn 0.0989 0.9943 0.0410
vn 0.0688 -0.9837 -0.1662
vn 0.1693 0.9831 0.0701
vn -0.0701 -0.9831 -0.1693
vn -0.0410 -0.9943 0.0989
vn 0.0757 -0.9943 0.0757
vn 0.1833 0.9831 -0.0000
vn -0.1296 -0.9831 -0.1296
vn -0.1662 0.9837 -0.0688
vn 0.1693 0.9831 -0.0701
vn -0.1693 -0.9831 -0.0701
vn 0.1296 0.9831 -0.1296
vn -0.1833 -0.9831 -0.0000
vn 0.0701 0.9831 -0.1693
vn -0.1693 -0.9831 0.0701
vn -0.0000 0.9831 -0.1833
vn -0.1296 -0.9831 0.1296
vn -0.0701 0.9831 -0.1693
vn -0.0701 -0.9831 0.1693
vn 0.3570 -0.3600 0.8619
vn -0.0000 -0.3600 0.9329
vn 0.6597 -0.3600 0.6597
vn 0.8619 -0.3600 0.3570
vn 0.9329 -0.3600 -0.0000
vn 0.8619 -0.3600 -0.3570
vn 0.6597 -0.3600 -0.6597
vn 0.3570 -0.3600 -0.8619
vn -0.0000 -0.3600 -0.9329
vn -0.3570 -0.3600 -0.8619
vn -0.6597 -0.3600 -0.6597
vn -0.8619 -0.3600 -0.3570
vn -0.9329 -0.3600 -0.0000
vn -0.8619 -0.3600 0.3570
vn -0.6597 -0.3600 0.6597
vn -0.3570 -0.3600 0.8619
vn -0.1409 0.9297 0.3402
vn -0.0000 0.9297 0.3683
vn -0.2604 0.9297 0.2604
vn -0.3402 0.9297 0.1409
vn -0.3683 0.9297 -0.0000
vn -0.0000 0.9297 -0.3683
vn 0.1409 0.9297 -0.3402
vn 0.2604 0.9297 -0.2604
vn 0.3402 0.9297 -0.1409
vn 0.3683 0.9297 -0.0000
vn 0.3402 0.9297 0.1409
vn 0.2604 0.9297 0.2604
vn 0.1409 0.9297 0.3402
vn 0.8622 0.0935 -0.4978
vn 0.7258 0.0924 -0.6816
vn 0.7181 0.0923 -0.6898
vn 0.4980 0.0894 -0.8626
vn 0.6406 0.0795 -0.7637
vn 0.9884 0.0785 -0.1301
vn 0.9969 0.0791 -0.0000
vn 0.9970 0.0771 -0.0000
vn 0.9864 0.0761 -0.1456
vn 0.8033 0.3737 -0.4638
vn 0.6795 0.6200 -0.3923
vn 0.8169 0.5719 -0.0743
vn 0.9167 0.3896 -0.0886
vn 0.5351 0.3896 -0.7496
vn 0.4728 0.5719 -0.6703
vn 0.8452 0.2182 -0.4880
vn 0.9738 0.2073 -0.0936
vn 0.5680 0.2073 -0.7965
vn 0.1733 0.4359 -0.8832
vn 0.2065 0.7466 -0.6324
vn 0.0117 0.4839 -0.8751
vn 0.0450 0.8075 -0.5882
vn 0.1993 0.1942 -0.9605
vn 0.0089 0.1775 -0.9841
vn 0.8558 0.1531 -0.4941
vn 0.5743 0.1282 -0.8086
vn 0.1929 0.0711 -0.9786
vn 0.9317 0.1943 0.3070
vn 0.9444 0.0713 0.3210
vn 0.9874 0.1282 -0.0931
vn 0.8574 0.1778 0.4829
vn 0.8542 0.0379 0.5186
vn 0.7637 0.4839 0.4274
vn 0.8515 0.4359 0.2915
vn 0.6509 0.7466 0.1374
vn 0.5318 0.8075 0.2551
vn -0.0249 0.0373 -0.9990
vn 0.4019 0.8858 -0.2320
vn 0.2451 0.9591 -0.1415
vn 0.9564 0.0923 -0.2770
vn 0.9532 0.0924 -0.2878
vn 0.9817 0.0795 -0.1730
vn 0.9960 0.0894 -0.0000
vn 0.4985 0.0771 -0.8634
vn 0.6193 0.0761 -0.7814
vn 0.4984 0.0791 -0.8633
vn 0.6069 0.0785 -0.7909
vn -0.0000 0.0935 -0.9956
vn -0.2274 0.0924 -0.9694
vn -0.2383 0.0923 -0.9668
vn -0.4980 0.0894 -0.8626
vn -0.3411 0.0795 -0.9367
vn 0.3815 0.0785 -0.9210
vn 0.3671 0.0761 -0.9271
vn -0.0000 0.3737 -0.9275
vn -0.0000 0.6200 -0.7846
vn 0.3441 0.5719 -0.7447
vn 0.3816 0.3896 -0.8382
vn -0.3816 0.3896 -0.8382
vn -0.3441 0.5719 -0.7447
vn -0.0000 0.2182 -0.9759
vn 0.4058 0.2073 -0.8901
vn -0.4058 0.2073 -0.8901
vn -0.6782 0.4359 -0.5916
vn -0.4445 0.7466 -0.4950
vn -0.7520 0.4839 -0.4477
vn -0.4869 0.8075 -0.3330
vn -0.7322 0.1942 -0.6529
vn -0.8478 0.1775 -0.4998
vn -0.0000 0.1531 -0.9882
vn -0.4131 0.1282 -0.9016
vn -0.7511 0.0711 -0.6564
vn 0.7317 0.1943 -0.6534
vn 0.7502 0.0713 -0.6574
vn 0.4131 0.1282 -0.9016
vn 0.8469 0.1778 -0.5011
vn 0.8762 0.0379 -0.4804
vn 0.7520 0.4839 -0.4477
vn 0.6782 0.4359 -0.5916
vn 0.4445 0.7466 -0.4950
vn 0.4869 0.8075 -0.3330
vn -0.8776 0.0373 -0.4779
vn -0.0000 0.8858 -0.4641
vn -0.0000 0.9591 -0.2830
vn 0.2383 0.0923 -0.9668
vn 0.2274 0.0924 -0.9694
vn 0.3411 0.0795 -0.9367
vn -0.4985 0.0771 -0.8634
vn -0.3671 0.0761 -0.9271
vn -0.4984 0.0791 -0.8633
vn -0.3815 0.0785 -0.9210
vn -0.8622 0.0935 -0.4978
vn -0.9532 0.0924 -0.2878
vn -0.9564 0.0923 -0.2770
vn -0.9960 0.0894 -0.0000
vn -0.9817 0.0795 -0.1730
vn -0.6069 0.0785 -0.7909
vn -0.6193 0.0761 -0.7815
vn -0.8033 0.3737 -0.4638
vn -0.6795 0.6200 -0.3923
vn -0.4728 0.5719 -0.6703
vn -0.5351 0.3896 -0.7496
vn -0.9167 0.3896 -0.0886
vn -0.8169 0.5719 -0.0743
vn -0.8452 0.2182 -0.4880
vn -0.5680 0.2073 -0.7965
vn -0.9738 0.2073 -0.0936
vn -0.8515 0.4359 0.2915
vn -0.6509 0.7466 0.1374
vn -0.7637 0.4839 0.4274
vn -0.5318 0.8075 0.2551
vn -0.9315 0.1942 0.3077
vn -0.8567 0.1775 0.4843
vn -0.8558 0.1531 -0.4941
vn -0.9874 0.1282 -0.0931
vn -0.9440 0.0711 0.3222
vn -0.2000 0.1943 -0.9603
vn -0.1942 0.0713 -0.9784
vn -0.5743 0.1282 -0.8086
vn -0.0105 0.1778 -0.9840
vn 0.0220 0.0379 -0.9990
vn -0.0117 0.4839 -0.8751
vn -0.1733 0.4359 -0.8832
vn -0.2064 0.7466 -0.6324
vn -0.0450 0.8075 -0.5882
vn -0.8527 0.0373 0.5211
vn -0.4019 0.8858 -0.2320
vn -0.2451 0.9591 -0.1415
vn -0.7181 0.0923 -0.6898
vn -0.7258 0.0924 -0.6816
vn -0.6406 0.0795 -0.7637
vn -0.9970 0.0771 -0.0000
vn -0.9864 0.0761 -0.1456
vn -0.9969 0.0791 -0.0000
vn -0.9884 0.0785 -0.1301
vn -0.8622 0.0935 0.4978
vn -0.7258 0.0924 0.6816
vn -0.7181 0.0923 0.6898
vn -0.4980 0.0894 0.8626
vn -0.6406 0.0795 0.7637
vn -0.9884 0.0785 0.1301
vn -0.9864 0.0761 0.1456
vn -0.8033 0.3737 0.4638
vn -0.6795 0.6200 0.3923
vn -0.8169 0.5719 0.0743
vn -0.9167 0.3896 0.0886
vn -0.5351 0.3896 0.7496
vn -0.4728 0.5719 0.6703
vn -0.8452 0.2182 0.4880
vn -0.9738 0.2073 0.0936
vn -0.5680 0.2073 0.7965
vn -0.1733 0.4359 0.8832
vn -0.2065 0.7466 0.6324
vn -0.0117 0.4839 0.8751
vn -0.0450 0.8075 0.5882
vn -0.1993 0.1942 0.9605
vn -0.0089 0.1775 0.9841
vn -0.8558 0.1531 0.4941
vn -0.5743 0.1282 0.8086
vn -0.1929 0.0711 0.9786
vn -0.9317 0.1943 -0.3070
vn -0.9444 0.0713 -0.3210
vn -0.9874 0.1282 0.0931
vn -0.8574 0.1778 -0.4829
vn -0.8542 0.0379 -0.5186
vn -0.7637 0.4839 -0.4274
vn -0.8515 0.4359 -0.2915
vn -0.6509 0.7466 -0.1374
vn -0.5319 0.8075 -0.2551
vn 0.0249 0.0373 0.9990
vn -0.4019 0.8858 0.2320
vn -0.2451 0.9591 0.1415
vn -0.9564 0.0923 0.2770
vn -0.9532 0.0924 0.2878
vn -0.9817 0.0795 0.1730
vn -0.4985 0.0771 0.8634
vn -0.6193 0.0761 0.7814
vn -0.4984 0.0791 0.8633
vn -0.6069 0.0785 0.7909
vn -0.0000 0.0935 0.9956
vn 0.2274 0.0924 0.9694
vn 0.2383 0.0923 0.9668
vn 0.4980 0.0894 0.8626
vn 0.3411 0.0795 0.9367
vn -0.3815 0.0785 0.9210
vn -0.3671 0.0761 0.9271
vn -0.0000 0.3737 0.9275
vn -0.0000 0.6200 0.7846
vn -0.3441 0.5719 0.7447
vn -0.3816 0.3896 0.8382
vn 0.3816 0.3896 0.8382
vn 0.3441 0.5719 0.7447
vn -0.0000 0.2182 0.9759
vn -0.4058 0.2073 0.8901
vn 0.4058 0.2073 0.8901
vn 0.6782 0.4359 0.5916
vn 0.4445 0.7466 0.4950
vn 0.7520 0.4839 0.4477
vn 0.4869 0.8075 0.3330
vn 0.7322 0.1942 0.6529
vn 0.8478 0.1775 0.4998
vn -0.0000 0.1531 0.9882
vn 0.4131 0.1282 0.9016
vn 0.7511 0.0711 0.6564
vn -0.7317 0.1943 0.6534
vn -0.7502 0.0713 0.6574
vn -0.4131 0.1282 0.9016
vn -0.8469 0.1778 0.5011
vn -0.8762 0.0379 0.4804
vn -0.7520 0.4839 0.4477
vn -0.6782 0.4359 0.5916
vn -0.4445 0.7466 0.4950
vn -0.4869 0.8075 0.3330
vn 0.8776 0.0373 0.4779
vn -0.0000 0.8858 0.4641
vn -0.0000 0.9591 0.2830
vn -0.2383 0.0923 0.9668
vn -0.2274 0.0924 0.9694
vn -0.3411 0.0795 0.9367
vn 0.4985 0.0771 0.8634
vn 0.3671 0.0761 0.9271
vn 0.4984 0.0791 0.8633
vn 0.3815 0.0785 0.9210
vn 0.8622 0.0935 0.4978
vn 0.9532 0.0924 0.2878
vn 0.9564 0.0923 0.2770
vn 0.9817 0.0795 0.1730
vn 0.6069 0.0785 0.7909
vn 0.6193 0.0761 0.7814
vn 0.8033 0.3737 0.4638
vn 0.6795 0.6200 0.3923
vn 0.4728 0.5719 0.6703
vn 0.5351 0.3896 0.7496
vn 0.9167 0.3896 0.0886
vn 0.8169 0.5719 0.0743
vn 0.8452 0.2182 0.4879
vn 0.5680 0.2073 0.7965
vn 0.9738 0.2073 0.0936
vn 0.8515 0.4359 -0.2915
vn 0.6509 0.7466 -0.1374
vn 0.7637 0.4839 -0.4274
vn 0.5318 0.8075 -0.2551
vn 0.9315 0.1942 -0.3077
vn 0.8567 0.1775 -0.4843
vn 0.8558 0.1531 0.4941
vn 0.9874 0.1282 0.0931
vn 0.9440 0.0711 -0.3222
vn 0.2000 0.1943 0.9603
vn 0.1942 0.0713 0.9784
vn 0.5743 0.1282 0.8086
vn 0.0105 0.1778 0.9840
vn -0.0220 0.0379 0.9990
vn 0.0117 0.4839 0.8751
vn 0.1733 0.4359 0.8832
vn 0.2064 0.7466 0.6324
vn 0.0450 0.8075 0.5882
vn 0.8527 0.0373 -0.5211
vn 0.4019 0.8858 0.2320
vn 0.2451 0.9591 0.1415
vn 0.7181 0.0923 0.6898
vn 0.7258 0.0924 0.6816
vn 0.6406 0.0795 0.7637
vn 0.9864 0.0761 0.1456
vn 0.9884 0.0785 0.1301
vn 0.8658 0.0235 -0.4999
vn 0.7286 0.0219 -0.6846
vn 0.7222 0.0218 -0.6914
vn 0.4999 0.0163 -0.8659
vn 0.6425 0.0080 -0.7663
vn 0.9914 0.0064 -0.1305
vn 1.0000 0.0064 -0.0000
vn 1.0000 0.0044 -0.0000
vn 0.9894 0.0042 -0.1450
vn 0.8254 0.3029 -0.4765
vn 0.7188 0.5578 -0.4150
vn 0.8582 0.5070 -0.0799
vn 0.9413 0.3249 -0.0914
vn 0.5498 0.3249 -0.7695
vn 0.4983 0.5070 -0.7033
vn 0.8587 0.1302 -0.4957
vn 0.9866 0.1313 -0.0972
vn 0.5774 0.1313 -0.8058
vn 0.1790 0.3849 -0.9055
vn 0.2256 0.7063 -0.6710
vn 0.0127 0.4364 -0.8996
vn 0.0500 0.7757 -0.6291
vn 0.2026 0.1456 -0.9684
vn 0.0058 0.1368 -0.9906
vn 0.8652 0.0443 -0.4995
vn 0.5707 0.0358 -0.8204
vn 0.1809 0.0188 -0.9833
vn 0.9401 0.1456 0.3081
vn 0.9425 0.0188 0.3336
vn 0.9958 0.0358 -0.0840
vn 0.8616 0.1369 0.4888
vn 0.8529 0.0102 0.5220
vn 0.7855 0.4364 0.4388
vn 0.8736 0.3849 0.2977
vn 0.6939 0.7063 0.1401
vn 0.5698 0.7757 0.2713
vn -0.0286 0.0100 -0.9995
vn 0.4408 0.8608 -0.2545
vn 0.2728 0.9491 -0.1575
vn 0.9598 0.0218 -0.2797
vn 0.9572 0.0219 -0.2887
vn 0.9848 0.0080 -0.1733
vn 0.9999 0.0163 -0.0000
vn 0.5000 0.0044 -0.8660
vn 0.6203 0.0042 -0.7844
vn 0.5000 0.0064 -0.8660
vn 0.6087 0.0064 -0.7933
vn -0.0000 0.0235 -0.9997
vn -0.2285 0.0219 -0.9733
vn -0.2377 0.0218 -0.9711
vn -0.4999 0.0163 -0.8659
vn -0.3424 0.0080 -0.9395
vn 0.3827 0.0064 -0.9239
vn 0.3691 0.0042 -0.9294
vn -0.0000 0.3029 -0.9530
vn -0.0000 0.5578 -0.8300
vn 0.3600 0.5070 -0.7832
vn 0.3915 0.3249 -0.8609
vn -0.3915 0.3249 -0.8609
vn -0.3600 0.5070 -0.7832
vn -0.0000 0.1302 -0.9915
vn 0.4091 0.1313 -0.9030
vn -0.4091 0.1313 -0.9030
vn -0.6947 0.3849 -0.6077
vn -0.4683 0.7063 -0.5309
vn -0.7727 0.4364 -0.4609
vn -0.5198 0.7757 -0.3578
vn -0.7374 0.1456 -0.6596
vn -0.8550 0.1368 -0.5003
vn -0.0000 0.0443 -0.9990
vn -0.4251 0.0358 -0.9044
vn -0.7611 0.0188 -0.6483
vn 0.7369 0.1456 -0.6601
vn 0.7602 0.0188 -0.6495
vn 0.4251 0.0358 -0.9044
vn 0.8541 0.1369 -0.5017
vn 0.8785 0.0102 -0.4776
vn 0.7727 0.4364 -0.4608
vn 0.6947 0.3849 -0.6077
vn 0.4683 0.7063 -0.5309
vn 0.5198 0.7757 -0.3578
vn -0.8799 0.0100 -0.4750
vn -0.0000 0.8608 -0.5090
vn -0.0000 0.9491 -0.3150
vn 0.2377 0.0218 -0.9711
vn 0.2285 0.0219 -0.9733
vn 0.3424 0.0080 -0.9395
vn -0.5000 0.0044 -0.8660
vn -0.3691 0.0042 -0.9294
vn -0.5000 0.0064 -0.8660
vn -0.3827 0.0064 -0.9239
vn -0.8658 0.0235 -0.4999
vn -0.9572 0.0219 -0.2887
vn -0.9598 0.0218 -0.2797
vn -0.9999 0.0163 -0.0000
vn -0.9848 0.0080 -0.1733
vn -0.6087 0.0064 -0.7933
vn -0.6203 0.0042 -0.7844
vn -0.8254 0.3029 -0.4765
vn -0.7188 0.5578 -0.4150
vn -0.4983 0.5070 -0.7033
vn -0.5498 0.3249 -0.7695
vn -0.9413 0.3249 -0.0914
vn -0.8582 0.5070 -0.0799
vn -0.8587 0.1302 -0.4957
vn -0.5774 0.1313 -0.8058
vn -0.9866 0.1313 -0.0972
vn -0.8736 0.3849 0.2977
vn -0.6939 0.7063 0.1401
vn -0.7855 0.4364 0.4388
vn -0.5698 0.7757 0.2713
vn -0.9399 0.1456 0.3088
vn -0.8607 0.1368 0.4903
vn -0.8652 0.0443 -0.4995
vn -0.9958 0.0358 -0.0840
vn -0.9420 0.0188 0.3350
vn -0.2033 0.1456 -0.9682
vn -0.1824 0.0188 -0.9831
vn -0.5707 0.0358 -0.8204
vn -0.0074 0.1369 -0.9906
vn 0.0256 0.0102 -0.9996
vn -0.0127 0.4364 -0.8996
vn -0.1790 0.3849 -0.9055
vn -0.2256 0.7063 -0.6710
vn -0.0499 0.7757 -0.6291
vn -0.8513 0.0100 0.5245
vn -0.4408 0.8608 -0.2545
vn -0.2728 0.9491 -0.1575
vn -0.7222 0.0218 -0.6914
vn -0.7286 0.0219 -0.6846
vn -0.6425 0.0080 -0.7663
vn -1.0000 0.0044 -0.0000
vn -0.9894 0.0042 -0.1450
vn -1.0000 0.0064 -0.0000
vn -0.9914 0.0064 -0.1305
vn -0.8658 0.0235 0.4999
vn -0.7286 0.0219 0.6846
vn -0.7222 0.0218 0.6914
vn -0.4999 0.0163 0.8659
vn -0.6425 0.0080 0.7663
vn -0.9914 0.0064 0.1305
vn -0.9894 0.0042 0.1450
vn -0.8254 0.3029 0.4765
vn -0.7188 0.5578 0.4150
vn -0.8582 0.5070 0.0799
vn -0.9413 0.3249 0.0914
vn -0.5498 0.3249 0.7695
vn -0.4983 0.5070 0.7033
vn -0.8587 0.1302 0.4957
vn -0.9866 0.1313 0.0972
vn -0.5774 0.1313 0.8058
vn -0.1790 0.3849 0.9055
vn -0.2256 0.7063 0.6710
vn -0.0127 0.4364 0.8996
vn -0.0500 0.7757 0.6291
vn -0.2026 0.1456 0.9684
vn -0.0058 0.1368 0.9906
vn -0.8652 0.0443 0.4995
vn -0.5707 0.0358 0.8204
vn -0.1809 0.0188 0.9833
vn -0.9401 0.1456 -0.3081
vn -0.9425 0.0188 -0.3336
vn -0.9958 0.0358 0.0840
vn -0.8616 0.1369 -0.4888
vn -0.8529 0.0102 -0.5220
vn -0.7855 0.4364 -0.4388
vn -0.8736 0.3849 -0.2977
vn -0.6939 0.7063 -0.1401
vn -0.5698 0.7757 -0.2713
vn 0.0286 0.0100 0.9995
vn -0.4408 0.8608 0.2545
vn -0.2728 0.9491 0.1575
vn -0.9598 0.0218 0.2797
vn -0.9572 0.0219 0.2887
vn -0.9848 0.0080 0.1733
vn -0.5000 0.0044 0.8660
vn -0.6203 0.0042 0.7844
vn -0.5000 0.0064 0.8660
vn -0.6087 0.0064 0.7933
vn -0.0000 0.0235 0.9997
vn 0.2285 0.0219 0.9733
vn 0.2377 0.0218 0.9711
vn 0.4999 0.0163 0.8659
vn 0.3424 0.0080 0.9395
vn -0.3827 0.0064 0.9239
vn -0.3691 0.0042 0.9294
vn -0.0000 0.3029 0.9530
vn -0.0000 0.5578 0.8300
vn -0.3600 0.5070 0.7832
vn -0.3915 0.3249 0.8609
vn 0.3915 0.3249 0.8609
vn 0.3600 0.5070 0.7832
vn -0.0000 0.1302 0.9915
vn -0.4091 0.1313 0.9030
vn 0.4091 0.1313 0.9030
vn 0.6947 0.3849 0.6077
vn 0.4683 0.7063 0.5309
vn 0.7727 0.4364 0.4609
vn 0.5198 0.7757 0.3578
vn 0.7374 0.1456 0.6596
vn 0.8550 0.1368 0.5003
vn -0.0000 0.0443 0.9990
vn 0.4251 0.0358 0.9044
vn 0.7611 0.0188 0.6483
vn -0.7369 0.1456 0.6601
vn -0.7602 0.0188 0.6495
vn -0.4251 0.0358 0.9044
vn -0.8541 0.1369 0.5017
vn -0.8785 0.0102 0.4776
vn -0.7727 0.4364 0.4608
vn -0.6947 0.3849 0.6077
vn -0.4683 0.7063 0.5309
vn -0.5198 0.7757 0.3578
vn 0.8799 0.0100 0.4750
vn -0.0000 0.8608 0.5090
vn -0.0000 0.9491 0.3150
vn -0.2377 0.0218 0.9711
vn -0.2285 0.0219 0.9733
vn -0.3424 0.0080 0.9395
vn 0.5000 0.0044 0.8660
vn 0.3691 0.0042 0.9294
vn 0.5000 0.0064 0.8660
vn 0.3827 0.0064 0.9239
vn 0.8658 0.0235 0.4999
vn 0.9572 0.0219 0.2887
vn 0.9598 0.0218 0.2797
vn 0.9848 0.0080 0.1733
vn 0.6087 0.0064 0.7933
vn 0.6203 0.0042 0.7844
vn 0.8254 0.3029 0.4765
vn 0.7188 0.5578 0.4150
vn 0.4983 0.5070 0.7033
vn 0.5498 0.3249 0.7695
vn 0.9413 0.3249 0.0914
vn 0.8582 0.5070 0.0799
vn 0.8587 0.1302 0.4957
vn 0.5774 0.1313 0.8058
vn 0.9866 0.1313 0.0972
vn 0.8736 0.3849 -0.2977
vn 0.6939 0.7063 -0.1401
vn 0.7855 0.4364 -0.4388
vn 0.5698 0.7757 -0.2713
vn 0.9399 0.1456 -0.3088
vn 0.8607 0.1368 -0.4903
vn 0.8652 0.0443 0.4995
vn 0.9958 0.0358 0.0840
vn 0.9420 0.0188 -0.3350
vn 0.2033 0.1456 0.9682
vn 0.1824 0.0188 0.9831
vn 0.5707 0.0358 0.8204
vn 0.0074 0.1369 0.9906
vn -0.0256 0.0102 0.9996
vn 0.0127 0.4364 0.8996
vn 0.1790 0.3849 0.9055
vn 0.2256 0.7063 0.6710
vn 0.0500 0.7757 0.6291
vn 0.8513 0.0100 -0.5245
vn 0.4408 0.8608 0.2545
vn 0.2728 0.9491 0.1575
vn 0.7222 0.0218 0.6914
vn 0.7286 0.0219 0.6846
vn 0.6425 0.0080 0.7663
vn 0.9894 0.0042 0.1450
vn 0.9914 0.0064 0.1305
vt 0.933430 0.627874
vt 0.933499 0.618256
vt 0.943047 0.620330
vt 0.950705 0.627202
vt 0.933509 0.711036
vt 0.933413 0.697402
vt 0.954491 0.697583
vt 0.950931 0.711686
vt 0.917403 0.627144
vt 0.924312 0.620106
vt 0.917244 0.711830
vt 0.913894 0.697883
vt 0.933413 0.638432
vt 0.954021 0.638412
vt 0.914017 0.637780
vt 0.924391 0.718458
vt 0.933573 0.720304
vt 0.943358 0.718302
vt 0.916021 0.733223
vt 0.903121 0.721171
vt 0.896088 0.701376
vt 0.896907 0.633258
vt 0.916840 0.605546
vt 0.933645 0.601315
vt 0.964293 0.617887
vt 0.970866 0.634264
vt 0.951140 0.605903
vt 0.933489 0.737809
vt 0.972224 0.701056
vt 0.964893 0.721250
vt 0.903625 0.617129
vt 0.951502 0.733197
vt 0.823255 0.296638
vt 0.872111 0.296672
vt 0.872712 0.326196
vt 0.823545 0.326159
vt 0.262388 0.673286
vt 0.226477 0.674277
vt 0.224503 0.629861
vt 0.261107 0.628432
vt 0.604626 0.623239
vt 0.508527 0.622302
vt 0.500331 0.592612
vt 0.520768 0.590329
vt 0.179919 0.599939
vt 0.182108 0.570506
vt 0.223321 0.563716
vt 0.222681 0.593119
vt 0.303419 0.358343
vt 0.271889 0.358688
vt 0.273720 0.326371
vt 0.306921 0.312408
vt 0.564976 0.420020
vt 0.600117 0.417466
vt 0.603484 0.450232
vt 0.568378 0.452784
vt 0.225188 0.527945
vt 0.260860 0.524433
vt 0.259873 0.558948
vt 0.514378 0.672458
vt 0.517525 0.721929
vt 0.389552 0.721931
vt 0.389558 0.672611
vt 0.823416 0.358401
vt 0.823063 0.385109
vt 0.774611 0.385219
vt 0.774611 0.358397
vt 0.822476 0.228880
vt 0.870638 0.231813
vt 0.871261 0.266996
vt 0.822800 0.267016
vt 0.237309 0.312209
vt 0.196980 0.310331
vt 0.196007 0.275896
vt 0.236252 0.276679
vt 0.330325 0.424594
vt 0.332792 0.394301
vt 0.356718 0.394970
vt 0.352829 0.425340
vt 0.872424 0.358423
vt 0.932328 0.296463
vt 0.934041 0.326237
vt 0.596435 0.365176
vt 0.596467 0.389696
vt 0.557027 0.393185
vt 0.545690 0.374421
vt 0.236681 0.357367
vt 0.236836 0.329105
vt 0.259916 0.589177
vt 0.180107 0.633620
vt 0.337297 0.358950
vt 0.364740 0.375773
vt 0.308991 0.276638
vt 0.273551 0.276585
vt 0.274415 0.230114
vt 0.314556 0.230114
vt 0.932131 0.358747
vt 0.924163 0.385312
vt 0.871766 0.385001
vt 0.323249 0.521629
vt 0.322680 0.491164
vt 0.344986 0.490924
vt 0.345962 0.521237
vt 0.924412 0.266515
vt 0.567026 0.491217
vt 0.602778 0.493941
vt 0.598822 0.524417
vt 0.563661 0.521737
vt 0.594662 0.556022
vt 0.555023 0.552434
vt 0.226179 0.493170
vt 0.261444 0.492362
vt 0.235734 0.390343
vt 0.270567 0.391721
vt 0.595209 0.587325
vt 0.543258 0.574298
vt 0.236165 0.230114
vt 0.011975 0.341764
vt 0.195983 0.355121
vt 0.194927 0.387440
vt 0.010423 0.375460
vt 0.329312 0.577815
vt 0.325495 0.553735
vt 0.350113 0.551898
vt 0.357299 0.571213
vt 0.345812 0.613855
vt 0.373171 0.587703
vt 0.005873 0.636312
vt 0.006453 0.606821
vt 0.006573 0.575721
vt 0.234201 0.420538
vt 0.269251 0.422211
vt 0.267807 0.453285
vt 0.232298 0.453005
vt 0.503495 0.357572
vt 0.512635 0.330513
vt 0.605491 0.327609
vt 0.523614 0.360001
vt 0.518441 0.278405
vt 0.520933 0.230114
vt 0.612474 0.230114
vt 0.611117 0.278876
vt 0.303391 0.672725
vt 0.303458 0.721931
vt 0.262801 0.721931
vt 0.181201 0.676846
vt 0.328959 0.454437
vt 0.351209 0.455217
vt 0.610165 0.672632
vt 0.612407 0.721928
vt 0.408906 0.278068
vt 0.409709 0.230114
vt 0.904850 0.243238
vt 0.908185 0.403578
vt 0.871188 0.413312
vt 0.822737 0.414143
vt 0.195923 0.230114
vt 0.196361 0.327092
vt 0.389665 0.622548
vt 0.389899 0.592291
vt 0.792759 0.638095
vt 0.811977 0.648899
vt 0.774971 0.649363
vt 0.774988 0.635884
vt 0.398753 0.358317
vt 0.404906 0.331232
vt 0.810728 0.795076
vt 0.774609 0.794661
vt 0.774761 0.776420
vt 0.820317 0.776493
vt 0.643354 0.647616
vt 0.673091 0.648855
vt 0.678147 0.664380
vt 0.636550 0.663223
vt 0.825482 0.749748
vt 0.826147 0.719905
vt 0.840856 0.719989
vt 0.838615 0.750759
vt 0.632973 0.749792
vt 0.635773 0.777234
vt 0.624229 0.781000
vt 0.621295 0.749754
vt 0.673078 0.635843
vt 0.831333 0.782011
vt 0.818680 0.803364
vt 0.655186 0.639149
vt 0.650873 0.629532
vt 0.671713 0.624878
vt 0.825823 0.687240
vt 0.838959 0.686323
vt 0.821093 0.665447
vt 0.832158 0.658638
vt 0.633416 0.688586
vt 0.621467 0.688565
vt 0.624952 0.658038
vt 0.775704 0.624878
vt 0.641620 0.794443
vt 0.654008 0.803953
vt 0.650862 0.813745
vt 0.632355 0.800191
vt 0.635046 0.639770
vt 0.819566 0.640279
vt 0.668582 0.806931
vt 0.667909 0.817786
vt 0.774359 0.807300
vt 0.792218 0.806201
vt 0.794968 0.816867
vt 0.774760 0.818094
vt 0.632386 0.719059
vt 0.620102 0.718949
vt 0.796071 0.627774
vt 0.671948 0.794132
vt 0.774969 0.665195
vt 0.677049 0.776780
vt 0.774231 0.755241
vt 0.793683 0.750962
vt 0.682666 0.682409
vt 0.665477 0.686786
vt 0.808039 0.738170
vt 0.813189 0.719791
vt 0.651009 0.737492
vt 0.665049 0.750545
vt 0.808284 0.700944
vt 0.794415 0.687271
vt 0.651109 0.700141
vt 0.645888 0.719084
vt 0.774399 0.682417
vt 0.681772 0.755010
vt 0.300685 0.423522
vt 0.299487 0.453498
vt 0.292996 0.522332
vt 0.292921 0.555076
vt 0.346048 0.672576
vt 0.346447 0.721931
vt 0.293338 0.585586
vt 0.301389 0.627293
vt 0.293100 0.491470
vt 0.364242 0.277851
vt 0.327069 0.277529
vt 0.332231 0.230114
vt 0.365625 0.230114
vt 0.301829 0.393283
vt 0.360255 0.333870
vt 0.774611 0.415065
vt 0.227205 0.721932
vt 0.181698 0.721932
vt 0.005338 0.680574
vt 0.005247 0.721932
vt 0.270924 0.309889
vt 0.293230 0.299576
vt 0.774611 0.267033
vt 0.774611 0.296625
vt 0.774611 0.326146
vt 0.774611 0.228881
vt 0.193054 0.418041
vt 0.008155 0.402707
vt 0.184954 0.493210
vt 0.184211 0.534102
vt 0.005863 0.538173
vt 0.004959 0.498096
vt 0.190487 0.451112
vt 0.005243 0.432744
vt 0.012437 0.297953
vt 0.012346 0.269953
vt 0.012330 0.230114
vt 0.452877 0.378720
vt 0.452819 0.366890
vt 0.482432 0.367995
vt 0.482383 0.379236
vt 0.235734 0.069884
vt 0.270567 0.068507
vt 0.271889 0.101539
vt 0.236681 0.102860
vt 0.301829 0.066944
vt 0.303419 0.101884
vt 0.179920 0.843925
vt 0.222682 0.850745
vt 0.223322 0.880148
vt 0.182109 0.873358
vt 0.401897 0.565366
vt 0.395298 0.576041
vt 0.377541 0.563812
vt 0.385929 0.556466
vt 0.512649 0.371215
vt 0.508854 0.382359
vt 0.012530 0.311245
vt 0.005338 0.763290
vt 0.181201 0.767018
vt 0.610166 0.771225
vt 0.514379 0.771401
vt 0.269251 0.038016
vt 0.300685 0.036705
vt 0.676510 0.326196
vt 0.676798 0.358423
vt 0.617091 0.358747
vt 0.615181 0.326237
vt 0.523614 0.100227
vt 0.545690 0.085806
vt 0.596435 0.095051
vt 0.605491 0.132618
vt 0.259875 0.884915
vt 0.292923 0.888787
vt 0.292998 0.921531
vt 0.260862 0.919431
vt 0.332793 0.065927
vt 0.356718 0.065257
vt 0.364740 0.084455
vt 0.337297 0.101277
vt 0.537406 0.519248
vt 0.536421 0.536740
vt 0.525747 0.554844
vt 0.524956 0.519555
vt 0.330324 0.035633
vt 0.352829 0.034887
vt 0.400907 0.423534
vt 0.402374 0.520405
vt 0.386675 0.520269
vt 0.385576 0.423824
vt 0.325497 0.890128
vt 0.323252 0.922234
vt 0.389559 0.771250
vt 0.726158 0.385109
vt 0.726485 0.414143
vt 0.678034 0.413312
vt 0.677456 0.385001
vt 0.373340 0.520256
vt 0.372555 0.418823
vt 0.725806 0.358401
vt 0.725677 0.326159
vt 0.507867 0.564308
vt 0.513278 0.574886
vt 0.483257 0.582074
vt 0.482213 0.569555
vt 0.012346 0.190274
vt 0.196007 0.184331
vt 0.508529 0.821557
vt 0.389666 0.821313
vt 0.234201 0.039689
vt 0.232298 0.007223
vt 0.267807 0.006943
vt 0.237309 0.148018
vt 0.270924 0.150338
vt 0.273551 0.183642
vt 0.236252 0.183548
vt 0.641037 0.403578
vt 0.625059 0.385312
vt 0.196361 0.133135
vt 0.012530 0.148982
vt 0.011975 0.118463
vt 0.195983 0.105106
vt 0.377941 0.097738
vt 0.398753 0.101911
vt 0.404906 0.128995
vt 0.360255 0.126357
vt 0.726421 0.267016
vt 0.725966 0.296638
vt 0.677110 0.296672
vt 0.677961 0.266996
vt 0.383841 0.389489
vt 0.376084 0.381392
vt 0.393911 0.371417
vt 0.399036 0.382708
vt 0.531175 0.379326
vt 0.525479 0.388265
vt 0.193054 0.042186
vt 0.008154 0.057520
vt 0.005243 0.027484
vt 0.190487 0.009115
vt 0.453913 0.570176
vt 0.454030 0.584191
vt 0.422009 0.582597
vt 0.422900 0.570044
vt 0.726746 0.228880
vt 0.604628 0.820618
vt 0.293340 0.858277
vt 0.329314 0.866047
vt 0.328959 0.005790
vt 0.351209 0.005011
vt 0.306921 0.147820
vt 0.273720 0.133856
vt 0.598826 0.919441
vt 0.563665 0.922121
vt 0.555026 0.891424
vt 0.594665 0.887836
vt 0.184212 0.909762
vt 0.005863 0.905692
vt 0.006573 0.868143
vt 0.194927 0.072787
vt 0.010423 0.084767
vt 0.299487 0.006729
vt 0.225189 0.915919
vt 0.345813 0.830007
vt 0.301390 0.816569
vt 0.303392 0.771138
vt 0.346049 0.771286
vt 0.236836 0.131123
vt 0.408906 0.182159
vt 0.364242 0.182376
vt 0.546841 0.539374
vt 0.533848 0.562493
vt 0.616894 0.296463
vt 0.595212 0.856533
vt 0.543261 0.869560
vt 0.537347 0.414731
vt 0.548011 0.414149
vt 0.548011 0.519625
vt 0.226180 0.950694
vt 0.261446 0.951502
vt 0.012437 0.162275
vt 0.196980 0.149896
vt 0.507547 0.422649
vt 0.524720 0.417900
vt 0.567030 0.952642
vt 0.602783 0.949916
vt 0.564976 0.040207
vt 0.568378 0.007443
vt 0.603484 0.009996
vt 0.600118 0.042762
vt 0.308991 0.183589
vt 0.262389 0.770577
vt 0.226477 0.769586
vt 0.518441 0.181822
vt 0.350115 0.891964
vt 0.345965 0.922625
vt 0.500333 0.851247
vt 0.389901 0.851570
vt 0.005873 0.807552
vt 0.180107 0.810244
vt 0.557027 0.067042
vt 0.596467 0.070532
vt 0.375490 0.537710
vt 0.327069 0.182698
vt 0.373173 0.856158
vt 0.259918 0.854686
vt 0.503495 0.102655
vt 0.512635 0.129715
vt 0.006453 0.837043
vt 0.644372 0.243239
vt 0.678584 0.231813
vt 0.624809 0.266515
vt 0.520771 0.853530
vt 0.184956 0.950655
vt 0.261108 0.815431
vt 0.611117 0.181351
vt 0.224503 0.814002
vt 0.506946 0.519898
vt 0.293102 0.952394
vt 0.293230 0.160651
vt 0.004959 0.945769
vt 0.670446 0.719172
vt 0.656903 0.719116
vt 0.660219 0.705655
vt 0.670278 0.695596
vt 0.773223 0.744900
vt 0.789404 0.741934
vt 0.684052 0.692486
vt 0.799224 0.732485
vt 0.802272 0.719664
vt 0.659914 0.732220
vt 0.670154 0.741477
vt 0.799294 0.706301
vt 0.789801 0.696179
vt 0.773326 0.692718
vt 0.683304 0.744804
vt 0.789188 0.719614
vt 0.772594 0.719580
vt 0.684284 0.719208
vt 0.322683 0.952700
vt 0.361699 0.417588
vt 0.366100 0.397020
vt 0.375586 0.401194
vt 0.534589 0.400442
vt 0.544179 0.397475
vt 0.357301 0.872649
vt 0.365394 0.540941
vt 0.362483 0.520986
vt 0.377940 0.362489
vt 0.423693 0.379481
vt 0.423651 0.367952
vt 0.344988 0.952939
vt 0.453620 0.520672
vt 0.423512 0.520404
vt 0.481892 0.520039
vt 0.481735 0.422329
vt 0.453078 0.422239
vt 0.423687 0.422481
vt 0.816857 0.179149
vt 0.817038 0.221476
vt 0.774351 0.221476
vt 0.774754 0.178753
vt 0.736199 0.025060
vt 0.736601 0.007733
vt 0.776378 0.006435
vt 0.776207 0.024601
vt 0.861422 0.179570
vt 0.908278 0.180011
vt 0.890459 0.205660
vt 0.862381 0.217223
vt 0.816387 0.069740
vt 0.816516 0.099826
vt 0.775501 0.099440
vt 0.775785 0.069357
vt 0.733530 0.140383
vt 0.734487 0.099053
vt 0.775112 0.140775
vt 0.692934 0.068576
vt 0.735183 0.068975
vt 0.691600 0.098649
vt 0.688085 0.177936
vt 0.732651 0.178356
vt 0.731671 0.220672
vt 0.686417 0.215564
vt 0.858636 0.070138
vt 0.914857 0.070668
vt 0.916465 0.100769
vt 0.859403 0.100231
vt 0.816694 0.141167
vt 0.689768 0.139970
vt 0.914568 0.142089
vt 0.860455 0.141580
vt 0.816273 0.043147
vt 0.776036 0.042768
vt 0.694112 0.041995
vt 0.735798 0.042388
vt 0.857959 0.043540
vt 0.816199 0.025815
vt 0.708606 0.025257
vt 0.843778 0.027101
vt 0.909056 0.044022
vt 0.886234 0.019187
vt 0.857107 0.010062
vt 0.643015 0.041514
vt 0.636714 0.068046
vt 0.634538 0.098111
vt 0.635656 0.139460
vt 0.641230 0.177494
vt 0.658561 0.203474
vt 0.666302 0.017114
vt 0.695595 0.008540
vt 0.816124 0.008482
vt 0.708742 0.010874
vt 0.843919 0.012148
vt 0.669425 0.901717
vt 0.683794 0.901717
vt 0.683794 0.826882
vt 0.669425 0.826882
vt 0.698163 0.901717
vt 0.698163 0.826882
vt 0.712533 0.901717
vt 0.712533 0.826882
vt 0.726902 0.901717
vt 0.726902 0.826882
vt 0.741271 0.901717
vt 0.741271 0.826882
vt 0.755641 0.901717
vt 0.755641 0.826882
vt 0.770010 0.901717
vt 0.770010 0.826882
vt 0.784379 0.901717
vt 0.784380 0.826882
vt 0.798749 0.901717
vt 0.798749 0.826882
vt 0.813118 0.901717
vt 0.813118 0.826882
vt 0.827488 0.901717
vt 0.827488 0.826882
vt 0.841857 0.901717
vt 0.841857 0.826882
vt 0.611947 0.901717
vt 0.626316 0.901717
vt 0.626316 0.826882
vt 0.611947 0.826882
vt 0.640686 0.901717
vt 0.640686 0.826882
vt 0.655055 0.901717
vt 0.655055 0.826882
vt 0.941591 0.769131
vt 0.949262 0.770495
vt 0.945840 0.765077
vt 0.940586 0.761403
vt 0.886631 0.580523
vt 0.886631 0.568396
vt 0.611601 0.568396
vt 0.611601 0.580523
vt 0.886631 0.592649
vt 0.611601 0.592649
vt 0.886631 0.604775
vt 0.611601 0.604775
vt 0.886631 0.616901
vt 0.611601 0.616901
vt 0.886631 0.435009
vt 0.886631 0.422883
vt 0.611601 0.422883
vt 0.611601 0.435009
vt 0.886631 0.447135
vt 0.611601 0.447135
vt 0.886631 0.459261
vt 0.611601 0.459261
vt 0.886631 0.471387
vt 0.611601 0.471387
vt 0.886631 0.483513
vt 0.611601 0.483513
vt 0.886631 0.495640
vt 0.611601 0.495640
vt 0.886631 0.507766
vt 0.611601 0.507766
vt 0.886631 0.519892
vt 0.611601 0.519892
vt 0.886631 0.532018
vt 0.611601 0.532018
vt 0.886631 0.544144
vt 0.611601 0.544144
vt 0.886631 0.556270
vt 0.611601 0.556270
vt 0.453122 0.921614
vt 0.453122 0.913221
vt 0.441040 0.913221
vt 0.441040 0.921614
vt 0.549776 0.984750
vt 0.549776 0.976512
vt 0.537694 0.976512
vt 0.537694 0.984750
vt 0.489367 0.930741
vt 0.489367 0.939046
vt 0.501449 0.939046
vt 0.501449 0.930741
vt 0.441040 0.960790
vt 0.441040 0.969184
vt 0.453122 0.969184
vt 0.453122 0.960790
vt 0.368550 0.984750
vt 0.368550 0.976512
vt 0.356468 0.976512
vt 0.356468 0.984750
vt 0.368550 0.951663
vt 0.368550 0.943359
vt 0.356468 0.943359
vt 0.356469 0.951663
vt 0.380632 0.984750
vt 0.380632 0.976512
vt 0.501449 0.921614
vt 0.501449 0.913221
vt 0.489367 0.913221
vt 0.489367 0.921614
vt 0.537694 0.930741
vt 0.537694 0.939046
vt 0.549776 0.939046
vt 0.549776 0.930741
vt 0.453122 0.951663
vt 0.453122 0.943359
vt 0.441040 0.943359
vt 0.441040 0.951663
vt 0.392714 0.984750
vt 0.392714 0.976512
vt 0.489367 0.960790
vt 0.489367 0.969184
vt 0.501449 0.969184
vt 0.501449 0.960790
vt 0.428959 0.930741
vt 0.428959 0.939046
vt 0.441040 0.939046
vt 0.441040 0.930741
vt 0.404795 0.984750
vt 0.404795 0.976512
vt 0.549776 0.921614
vt 0.549776 0.913221
vt 0.537694 0.913221
vt 0.537694 0.921614
vt 0.501449 0.951663
vt 0.501449 0.943359
vt 0.489367 0.943359
vt 0.489367 0.951663
vt 0.537694 0.960790
vt 0.537694 0.969184
vt 0.549776 0.969184
vt 0.549776 0.960790
vt 0.428959 0.913221
vt 0.428959 0.921614
vt 0.477285 0.930741
vt 0.477285 0.939046
vt 0.392714 0.930741
vt 0.392714 0.939046
vt 0.404795 0.939046
vt 0.404795 0.930741
vt 0.428959 0.960790
vt 0.428959 0.969184
vt 0.549776 0.951663
vt 0.549776 0.943359
vt 0.537694 0.943359
vt 0.537694 0.951663
vt 0.404795 0.921614
vt 0.404795 0.913221
vt 0.392714 0.913221
vt 0.392714 0.921614
vt 0.477285 0.913221
vt 0.477285 0.921614
vt 0.525612 0.930741
vt 0.525612 0.939046
vt 0.392714 0.960790
vt 0.392714 0.969184
vt 0.404795 0.969184
vt 0.404795 0.960790
vt 0.428959 0.943359
vt 0.428959 0.951663
vt 0.477285 0.960790
vt 0.477285 0.969184
vt 0.404795 0.897655
vt 0.404795 0.905892
vt 0.416877 0.905892
vt 0.416877 0.897655
vt 0.404795 0.951663
vt 0.404795 0.943359
vt 0.392714 0.943359
vt 0.392714 0.951663
vt 0.416877 0.930741
vt 0.416877 0.939046
vt 0.428959 0.905892
vt 0.428959 0.897655
vt 0.525612 0.913221
vt 0.525612 0.921614
vt 0.380632 0.930741
vt 0.380632 0.939046
vt 0.477285 0.943359
vt 0.477285 0.951663
vt 0.441040 0.905892
vt 0.441040 0.897655
vt 0.525612 0.960790
vt 0.525612 0.969184
vt 0.416877 0.913221
vt 0.416877 0.921614
vt 0.465204 0.930741
vt 0.465204 0.939046
vt 0.453122 0.905892
vt 0.453122 0.897655
vt 0.380632 0.913221
vt 0.380632 0.921614
vt 0.416877 0.960790
vt 0.416877 0.969184
vt 0.465204 0.905892
vt 0.465204 0.897655
vt 0.525612 0.943359
vt 0.525612 0.951663
vt 0.380632 0.960790
vt 0.380632 0.969184
vt 0.465204 0.913221
vt 0.465204 0.921614
vt 0.477285 0.905892
vt 0.477286 0.897655
vt 0.404795 0.956227
vt 0.416877 0.956227
vt 0.404795 0.926178
vt 0.416877 0.926178
vt 0.428959 0.956227
vt 0.428959 0.926178
vt 0.441040 0.956227
vt 0.441040 0.926178
vt 0.453122 0.956227
vt 0.453122 0.930741
vt 0.453122 0.926178
vt 0.465204 0.960790
vt 0.465204 0.956227
vt 0.465204 0.926178
vt 0.477285 0.956227
vt 0.477285 0.926178
vt 0.489367 0.956227
vt 0.489367 0.926178
vt 0.501449 0.956227
vt 0.501449 0.926178
vt 0.513531 0.960790
vt 0.513531 0.956227
vt 0.513531 0.930741
vt 0.513531 0.926178
vt 0.525612 0.956227
vt 0.525612 0.926178
vt 0.537694 0.956227
vt 0.537694 0.926178
vt 0.549776 0.956227
vt 0.549776 0.926178
vt 0.356469 0.956227
vt 0.356469 0.960790
vt 0.368550 0.960790
vt 0.368550 0.956227
vt 0.356469 0.926178
vt 0.356469 0.930741
vt 0.368550 0.930741
vt 0.368550 0.926178
vt 0.380632 0.956227
vt 0.380632 0.926178
vt 0.392714 0.956227
vt 0.392714 0.926178
vt 0.513531 0.939046
vt 0.380632 0.943359
vt 0.368550 0.939046
vt 0.356468 0.939046
vt 0.513531 0.943359
vt 0.465204 0.943359
vt 0.453122 0.939046
vt 0.416877 0.943359
vt 0.416877 0.976512
vt 0.428959 0.976512
vt 0.441040 0.976512
vt 0.453122 0.976512
vt 0.465204 0.976512
vt 0.465204 0.969184
vt 0.489367 0.905892
vt 0.477285 0.976512
vt 0.501449 0.905892
vt 0.489367 0.976512
vt 0.513531 0.913221
vt 0.513531 0.905892
vt 0.501449 0.976512
vt 0.525612 0.905892
vt 0.513531 0.976512
vt 0.513531 0.969184
vt 0.537694 0.905892
vt 0.525612 0.976512
vt 0.549776 0.905892
vt 0.356468 0.913221
vt 0.368550 0.913221
vt 0.368550 0.905892
vt 0.356468 0.905892
vt 0.380632 0.905892
vt 0.368550 0.969184
vt 0.356468 0.969184
vt 0.392714 0.905892
vt 0.513531 0.951663
vt 0.525612 0.984750
vt 0.368550 0.921614
vt 0.356469 0.921614
vt 0.392714 0.897655
vt 0.513531 0.984750
vt 0.380632 0.897655
vt 0.501449 0.984750
vt 0.465204 0.951663
vt 0.513531 0.921614
vt 0.368550 0.897655
vt 0.489367 0.984750
vt 0.416877 0.951663
vt 0.380632 0.951663
vt 0.356468 0.897655
vt 0.477286 0.984750
vt 0.537694 0.897654
vt 0.549776 0.897654
vt 0.465204 0.984750
vt 0.525612 0.897654
vt 0.453122 0.984750
vt 0.513531 0.897654
vt 0.441040 0.984750
vt 0.501449 0.897654
vt 0.428959 0.984750
vt 0.489367 0.897655
vt 0.416877 0.984750
vt 0.918920 0.769787
vt 0.906561 0.764666
vt 0.904143 0.776043
vt 0.917514 0.776043
vt 0.922594 0.764532
vt 0.913141 0.755082
vt 0.928012 0.761110
vt 0.922898 0.748747
vt 0.934329 0.759997
vt 0.934329 0.746626
vt 0.945706 0.749044
vt 0.955290 0.755624
vt 0.961625 0.765380
vt 0.950375 0.776812
vt 0.963746 0.776812
vt 0.948969 0.783069
vt 0.961329 0.788189
vt 0.945295 0.788323
vt 0.954748 0.797773
vt 0.939877 0.791745
vt 0.944992 0.804109
vt 0.933560 0.792858
vt 0.933560 0.806229
vt 0.927304 0.791452
vt 0.922183 0.803812
vt 0.922049 0.787778
vt 0.912599 0.797231
vt 0.918627 0.782360
vt 0.906264 0.787475
vt 0.941242 0.784074
vt 0.941909 0.776614
vt 0.926298 0.783725
vt 0.933758 0.784392
vt 0.933945 0.776428
vt 0.925981 0.776241
vt 0.926648 0.768781
vt 0.934131 0.768463
vt 0.947130 0.152016
vt 0.925818 0.151995
vt 0.925818 0.142808
vt 0.948855 0.146764
vt 0.925818 0.133622
vt 0.952618 0.143328
vt 0.989205 0.163330
vt 0.989112 0.170496
vt 0.956542 0.170411
vt 0.956655 0.162395
vt 0.861370 0.772841
vt 0.861370 0.769720
vt 0.865339 0.770173
vt 0.865859 0.772466
vt 0.856881 0.772466
vt 0.857401 0.770173
vt 0.861370 0.775580
vt 0.866166 0.775367
vt 0.856574 0.775367
vt 0.854185 0.771556
vt 0.856838 0.767950
vt 0.852320 0.770119
vt 0.856104 0.766437
vt 0.853231 0.774975
vt 0.850400 0.774516
vt 0.861370 0.808620
vt 0.856877 0.808419
vt 0.852139 0.807904
vt 0.869508 0.774975
vt 0.870601 0.807904
vt 0.865863 0.808419
vt 0.872340 0.774516
vt 0.874460 0.807351
vt 0.870419 0.770120
vt 0.868555 0.771556
vt 0.865903 0.767950
vt 0.866636 0.766437
vt 0.848280 0.807351
vt 0.861370 0.766468
vt 0.861370 0.764478
vt 0.948840 0.157274
vt 0.925818 0.161181
vt 0.952583 0.160721
vt 0.925818 0.170367
vt 0.956612 0.133634
vt 0.956701 0.141664
vt 0.989234 0.133645
vt 0.989306 0.140803
vt 0.947142 0.115249
vt 0.925818 0.115249
vt 0.925818 0.106063
vt 0.948862 0.109998
vt 0.925818 0.096877
vt 0.952624 0.106561
vt 0.989311 0.126467
vt 0.956706 0.125605
vt 0.861547 0.822029
vt 0.861547 0.818908
vt 0.865516 0.819361
vt 0.866036 0.821654
vt 0.857059 0.821654
vt 0.857579 0.819361
vt 0.861547 0.824767
vt 0.866343 0.824554
vt 0.856752 0.824554
vt 0.854363 0.820744
vt 0.857016 0.817138
vt 0.852499 0.819308
vt 0.856283 0.815625
vt 0.853410 0.824162
vt 0.850579 0.823703
vt 0.861547 0.857803
vt 0.857055 0.857602
vt 0.852318 0.857087
vt 0.869685 0.824163
vt 0.870777 0.857087
vt 0.866040 0.857602
vt 0.872516 0.823704
vt 0.874636 0.856534
vt 0.870596 0.819308
vt 0.868732 0.820744
vt 0.866080 0.817139
vt 0.866813 0.815626
vt 0.848459 0.856533
vt 0.861548 0.815656
vt 0.861548 0.813667
vt 0.948862 0.120500
vt 0.925818 0.124436
vt 0.952624 0.123938
vt 0.956611 0.096864
vt 0.956706 0.104894
vt 0.989234 0.096854
vt 0.989310 0.104013
vt 0.947130 0.078482
vt 0.925818 0.078504
vt 0.925818 0.069318
vt 0.948840 0.073225
vt 0.925818 0.060131
vt 0.952583 0.069777
vt 0.989306 0.089676
vt 0.956701 0.088834
vt 0.948006 0.367512
vt 0.948006 0.364391
vt 0.951975 0.364844
vt 0.952495 0.367137
vt 0.943516 0.367137
vt 0.944036 0.364844
vt 0.948005 0.370251
vt 0.952802 0.370038
vt 0.943209 0.370037
vt 0.940820 0.366227
vt 0.943473 0.362621
vt 0.938956 0.364791
vt 0.942740 0.361108
vt 0.939867 0.369646
vt 0.937036 0.369186
vt 0.948005 0.403290
vt 0.943513 0.403090
vt 0.938775 0.402574
vt 0.956144 0.369646
vt 0.957236 0.402574
vt 0.952498 0.403090
vt 0.958975 0.369187
vt 0.961095 0.402021
vt 0.957055 0.364791
vt 0.955191 0.366227
vt 0.952538 0.362622
vt 0.953271 0.361108
vt 0.934916 0.402020
vt 0.948006 0.361139
vt 0.948006 0.359149
vt 0.948855 0.083735
vt 0.925818 0.087690
vt 0.952618 0.087170
vt 0.956542 0.060088
vt 0.956654 0.068104
vt 0.989112 0.060003
vt 0.989205 0.067150
vt 0.947012 0.041772
vt 0.925818 0.041759
vt 0.925818 0.032573
vt 0.948671 0.036575
vt 0.925818 0.023386
vt 0.952342 0.033226
vt 0.989168 0.052836
vt 0.956613 0.052070
vt 0.591567 0.472198
vt 0.594687 0.472198
vt 0.594235 0.476167
vt 0.591942 0.476687
vt 0.591942 0.467709
vt 0.594235 0.468229
vt 0.588828 0.472198
vt 0.589041 0.476994
vt 0.589042 0.467402
vt 0.592852 0.465013
vt 0.596457 0.467666
vt 0.594288 0.463150
vt 0.597970 0.466933
vt 0.589433 0.464060
vt 0.589893 0.461229
vt 0.555793 0.472198
vt 0.555993 0.467706
vt 0.556508 0.462968
vt 0.589433 0.480335
vt 0.556508 0.481427
vt 0.555993 0.476690
vt 0.589892 0.483166
vt 0.557061 0.485286
vt 0.594287 0.481246
vt 0.592851 0.479382
vt 0.596457 0.476730
vt 0.597970 0.477463
vt 0.557062 0.459110
vt 0.597939 0.472198
vt 0.599929 0.472198
vt 0.948759 0.046996
vt 0.925818 0.050945
vt 0.952533 0.050417
vt 0.956316 0.023705
vt 0.956368 0.031608
vt 0.988422 0.023856
vt 0.988462 0.030902
vt 0.947135 0.224780
vt 0.925818 0.225485
vt 0.925818 0.216299
vt 0.948732 0.219706
vt 0.925818 0.207113
vt 0.952430 0.216355
vt 0.988529 0.016792
vt 0.956443 0.015802
vt 0.861718 0.750660
vt 0.861718 0.753781
vt 0.857750 0.753328
vt 0.857230 0.751035
vt 0.866207 0.751036
vt 0.865687 0.753329
vt 0.861718 0.747922
vt 0.856923 0.748136
vt 0.866514 0.748136
vt 0.868903 0.751945
vt 0.866250 0.755551
vt 0.870766 0.753382
vt 0.866983 0.757063
vt 0.869855 0.748527
vt 0.872686 0.748986
vt 0.861718 0.714889
vt 0.866211 0.715089
vt 0.870947 0.715604
vt 0.853581 0.748527
vt 0.852489 0.715604
vt 0.857226 0.715089
vt 0.850751 0.748986
vt 0.848631 0.716157
vt 0.852671 0.753381
vt 0.854534 0.751945
vt 0.857187 0.755550
vt 0.856454 0.757063
vt 0.874806 0.716158
vt 0.861718 0.757033
vt 0.861718 0.759022
vt 0.948732 0.010792
vt 0.925818 0.014200
vt 0.925818 0.005013
vt 0.947135 0.005718
vt 0.952430 0.014144
vt 0.956316 0.206793
vt 0.956443 0.214697
vt 0.988422 0.206642
vt 0.988528 0.213688
vt 0.947012 0.188726
vt 0.925818 0.188740
vt 0.925818 0.179553
vt 0.948759 0.183503
vt 0.952533 0.180082
vt 0.988462 0.199577
vt 0.956368 0.198891
vt 0.540513 0.040658
vt 0.540513 0.043779
vt 0.536544 0.043326
vt 0.536024 0.041033
vt 0.545002 0.041033
vt 0.544482 0.043326
vt 0.540513 0.037919
vt 0.535717 0.038133
vt 0.545309 0.038133
vt 0.547698 0.041943
vt 0.545046 0.045549
vt 0.549562 0.043379
vt 0.545779 0.047062
vt 0.548651 0.038524
vt 0.551483 0.038984
vt 0.540513 0.004882
vt 0.545006 0.005082
vt 0.549744 0.005597
vt 0.532375 0.038524
vt 0.531283 0.005597
vt 0.536021 0.005082
vt 0.529544 0.038983
vt 0.527424 0.006150
vt 0.531464 0.043379
vt 0.533328 0.041943
vt 0.535981 0.045548
vt 0.535248 0.047061
vt 0.553603 0.006151
vt 0.540513 0.047031
vt 0.540513 0.049020
vt 0.948671 0.193923
vt 0.925818 0.197926
vt 0.952342 0.197273
vt 0.956613 0.178429
vt 0.989168 0.177643
vt 0.405359 0.012828
vt 0.399733 0.009583
vt 0.401161 0.006098
vt 0.407684 0.008797
vt 0.418664 0.035852
vt 0.418662 0.029357
vt 0.422393 0.028852
vt 0.423318 0.035850
vt 0.405377 0.058887
vt 0.411000 0.055638
vt 0.413304 0.058616
vt 0.407705 0.062916
vt 0.378785 0.058897
vt 0.384410 0.062142
vt 0.382983 0.065627
vt 0.376460 0.062928
vt 0.365479 0.035873
vt 0.365482 0.042367
vt 0.361750 0.042873
vt 0.360826 0.035875
vt 0.378766 0.012838
vt 0.373144 0.016088
vt 0.370839 0.013109
vt 0.376438 0.008809
vt 0.403182 0.016603
vt 0.396268 0.012615
vt 0.369837 0.035871
vt 0.365477 0.029379
vt 0.369834 0.027890
vt 0.399754 0.062136
vt 0.401167 0.065627
vt 0.384389 0.009589
vt 0.382976 0.006098
vt 0.380962 0.055123
vt 0.373159 0.055653
vt 0.374049 0.051135
vt 0.414310 0.043835
vt 0.414306 0.035853
vt 0.418667 0.042346
vt 0.422397 0.042868
vt 0.361747 0.028857
vt 0.410095 0.020590
vt 0.410985 0.016072
vt 0.396287 0.059107
vt 0.403197 0.055114
vt 0.413301 0.013103
vt 0.370843 0.058622
vt 0.392072 0.035862
vt 0.411196 0.024811
vt 0.380947 0.016611
vt 0.387857 0.012618
vt 0.411205 0.046899
vt 0.414303 0.027873
vt 0.410107 0.051120
vt 0.387876 0.059110
vt 0.369841 0.043852
vt 0.392081 0.057950
vt 0.374037 0.020604
vt 0.372948 0.046914
vt 0.392063 0.013774
vt 0.372939 0.024826
vt 0.976583 0.470784
vt 0.991709 0.470786
vt 0.991709 0.478771
vt 0.974924 0.475285
vt 0.991709 0.486755
vt 0.971237 0.478163
vt 0.894448 0.461606
vt 0.894457 0.454773
vt 0.967273 0.454807
vt 0.967259 0.461985
vt 0.258870 0.472524
vt 0.261828 0.472564
vt 0.261275 0.476149
vt 0.259064 0.476595
vt 0.259174 0.468459
vt 0.261372 0.468965
vt 0.256186 0.472487
vt 0.256242 0.476914
vt 0.256362 0.468064
vt 0.259899 0.465965
vt 0.263428 0.468464
vt 0.261110 0.464156
vt 0.264789 0.467761
vt 0.256566 0.464994
vt 0.256724 0.462421
vt 0.183204 0.471500
vt 0.183320 0.467223
vt 0.183516 0.462701
vt 0.256363 0.479988
vt 0.183278 0.480304
vt 0.183204 0.475778
vt 0.256451 0.482565
vt 0.183371 0.483954
vt 0.260882 0.480949
vt 0.259721 0.479108
vt 0.263316 0.476705
vt 0.264659 0.477445
vt 0.183708 0.459055
vt 0.264816 0.472604
vt 0.266615 0.472629
vt 0.974925 0.466281
vt 0.991709 0.462801
vt 0.971239 0.463401
vt 0.991709 0.454817
vt 0.967267 0.486755
vt 0.967256 0.479577
vt 0.894445 0.486755
vt 0.894439 0.479940
vt 0.976583 0.502724
vt 0.991709 0.502724
vt 0.991709 0.510709
vt 0.974924 0.507225
vt 0.991709 0.518693
vt 0.971237 0.510102
vt 0.894439 0.493588
vt 0.967256 0.493932
vt 0.080161 0.470150
vt 0.083120 0.470190
vt 0.082566 0.473775
vt 0.080355 0.474221
vt 0.080466 0.466086
vt 0.082663 0.466591
vt 0.077478 0.470114
vt 0.077534 0.474540
vt 0.077654 0.465691
vt 0.081191 0.463591
vt 0.084720 0.466091
vt 0.082401 0.461782
vt 0.086081 0.465387
vt 0.077857 0.462620
vt 0.078016 0.460048
vt 0.004496 0.469126
vt 0.004611 0.464849
vt 0.004808 0.460327
vt 0.077654 0.477614
vt 0.004569 0.477930
vt 0.004495 0.473404
vt 0.077743 0.480191
vt 0.004662 0.481580
vt 0.082174 0.478575
vt 0.081013 0.476735
vt 0.084608 0.474332
vt 0.085950 0.475071
vt 0.004999 0.456681
vt 0.086108 0.470231
vt 0.087906 0.470255
vt 0.974924 0.498224
vt 0.991709 0.494740
vt 0.971237 0.495346
vt 0.967267 0.518694
vt 0.967256 0.511516
vt 0.894445 0.518694
vt 0.894439 0.511879
vt 0.976583 0.534665
vt 0.991709 0.534663
vt 0.991709 0.542647
vt 0.974925 0.539168
vt 0.991709 0.550632
vt 0.971239 0.542048
vt 0.894439 0.525527
vt 0.967256 0.525872
vt 0.861728 0.700933
vt 0.861688 0.703891
vt 0.858103 0.703337
vt 0.857657 0.701127
vt 0.865792 0.701237
vt 0.865287 0.703434
vt 0.861764 0.698249
vt 0.857338 0.698305
vt 0.866187 0.698425
vt 0.868287 0.701962
vt 0.865787 0.705491
vt 0.870096 0.703172
vt 0.866491 0.706852
vt 0.869258 0.698628
vt 0.871830 0.698787
vt 0.862752 0.625267
vt 0.867029 0.625383
vt 0.871551 0.625580
vt 0.854263 0.698425
vt 0.853948 0.625341
vt 0.858474 0.625267
vt 0.851687 0.698514
vt 0.850298 0.625434
vt 0.853303 0.702945
vt 0.855143 0.701784
vt 0.857547 0.705379
vt 0.856807 0.706721
vt 0.875197 0.625771
vt 0.861648 0.706879
vt 0.861623 0.708677
vt 0.974924 0.530164
vt 0.991709 0.526678
vt 0.971237 0.527286
vt 0.967273 0.550641
vt 0.967259 0.543464
vt 0.894457 0.550676
vt 0.894448 0.543861
vt 0.976601 0.566604
vt 0.991709 0.566601
vt 0.991709 0.574586
vt 0.974954 0.571099
vt 0.991709 0.582570
vt 0.971286 0.573964
vt 0.894454 0.557509
vt 0.967265 0.557818
vt 0.099738 0.470384
vt 0.096780 0.470344
vt 0.097333 0.466758
vt 0.099544 0.466312
vt 0.099434 0.474448
vt 0.097236 0.473942
vt 0.102422 0.470420
vt 0.102366 0.465994
vt 0.102246 0.474843
vt 0.098709 0.476943
vt 0.095180 0.474443
vt 0.097498 0.478752
vt 0.093818 0.475146
vt 0.102042 0.477913
vt 0.101884 0.480486
vt 0.175405 0.471408
vt 0.175289 0.475684
vt 0.175093 0.480207
vt 0.102245 0.462919
vt 0.175331 0.462603
vt 0.175405 0.467129
vt 0.102157 0.460343
vt 0.175238 0.458953
vt 0.097725 0.461958
vt 0.098887 0.463799
vt 0.095291 0.466202
vt 0.093949 0.465462
vt 0.174901 0.483853
vt 0.093792 0.470303
vt 0.091993 0.470279
vt 0.974936 0.562106
vt 0.991709 0.558617
vt 0.971247 0.559230
vt 0.967324 0.582524
vt 0.967317 0.575371
vt 0.894746 0.582477
vt 0.894744 0.575685
vt 0.976584 0.407030
vt 0.991709 0.406909
vt 0.991709 0.414894
vt 0.974950 0.411497
vt 0.991709 0.422878
vt 0.971276 0.414358
vt 0.894736 0.589288
vt 0.967308 0.589678
vt 0.510137 0.012914
vt 0.510177 0.009956
vt 0.513763 0.010509
vt 0.514209 0.012720
vt 0.506073 0.012610
vt 0.506579 0.010412
vt 0.510101 0.015597
vt 0.514527 0.015542
vt 0.505678 0.015422
vt 0.503578 0.011885
vt 0.506078 0.008356
vt 0.501770 0.010674
vt 0.505375 0.006994
vt 0.502608 0.015218
vt 0.500035 0.015060
vt 0.509113 0.088579
vt 0.504836 0.088464
vt 0.500314 0.088267
vt 0.517602 0.015421
vt 0.517917 0.088505
vt 0.513391 0.088579
vt 0.520178 0.015332
vt 0.521567 0.088413
vt 0.518563 0.010901
vt 0.516722 0.012063
vt 0.514319 0.008467
vt 0.515059 0.007125
vt 0.496668 0.088076
vt 0.510218 0.006968
vt 0.510242 0.005169
vt 0.974950 0.593952
vt 0.991709 0.590555
vt 0.991709 0.598540
vt 0.976584 0.598418
vt 0.971276 0.591090
vt 0.967324 0.422924
vt 0.967308 0.415770
vt 0.894747 0.422971
vt 0.894737 0.416179
vt 0.976601 0.438844
vt 0.991709 0.438847
vt 0.991709 0.446832
vt 0.974936 0.443343
vt 0.971247 0.446218
vt 0.894745 0.429782
vt 0.967317 0.430078
vt 0.980688 0.290912
vt 0.980728 0.287954
vt 0.984313 0.288507
vt 0.984759 0.290717
vt 0.976624 0.290607
vt 0.977130 0.288410
vt 0.980652 0.293594
vt 0.985077 0.293539
vt 0.976230 0.293419
vt 0.974130 0.289883
vt 0.976630 0.286354
vt 0.972322 0.288672
vt 0.975926 0.284993
vt 0.973160 0.293215
vt 0.970588 0.293057
vt 0.979664 0.366563
vt 0.975388 0.366447
vt 0.970867 0.366250
vt 0.988151 0.293418
vt 0.988467 0.366489
vt 0.983942 0.366563
vt 0.990727 0.293330
vt 0.992116 0.366396
vt 0.989112 0.288899
vt 0.987271 0.290060
vt 0.984869 0.286466
vt 0.985608 0.285124
vt 0.967222 0.366059
vt 0.980769 0.284966
vt 0.980793 0.283168
vt 0.974954 0.434349
vt 0.991709 0.430863
vt 0.971286 0.431484
vt 0.967265 0.447630
vt 0.894454 0.447958
vt 0.486812 0.034777
vt 0.486810 0.028517
vt 0.490407 0.028029
vt 0.491298 0.034775
vt 0.474003 0.056983
vt 0.479424 0.053851
vt 0.481645 0.056722
vt 0.476248 0.060867
vt 0.448368 0.056993
vt 0.453791 0.060122
vt 0.452415 0.063481
vt 0.446127 0.060879
vt 0.435542 0.034798
vt 0.435544 0.041058
vt 0.431947 0.041546
vt 0.431056 0.034799
vt 0.448351 0.012592
vt 0.442930 0.015724
vt 0.440709 0.012853
vt 0.446106 0.008708
vt 0.473986 0.012582
vt 0.468563 0.009453
vt 0.469939 0.006094
vt 0.476227 0.008696
vt 0.482611 0.034779
vt 0.482608 0.027085
vt 0.450453 0.016229
vt 0.453771 0.009459
vt 0.457114 0.012380
vt 0.442945 0.053865
vt 0.440712 0.056727
vt 0.479409 0.015710
vt 0.481642 0.012848
vt 0.439743 0.034796
vt 0.435539 0.028537
vt 0.439740 0.027102
vt 0.465240 0.057195
vt 0.471901 0.053346
vt 0.468583 0.060116
vt 0.469945 0.063481
vt 0.452409 0.006094
vt 0.482614 0.042473
vt 0.486815 0.041038
vt 0.443803 0.049510
vt 0.450467 0.053354
vt 0.490410 0.041541
vt 0.431944 0.028034
vt 0.461177 0.034787
vt 0.479621 0.045427
vt 0.471887 0.016221
vt 0.478551 0.020065
vt 0.461185 0.056080
vt 0.478563 0.049496
vt 0.457132 0.057198
vt 0.439746 0.042490
vt 0.443791 0.020079
vt 0.442741 0.045441
vt 0.465222 0.012376
vt 0.442733 0.024148
vt 0.479613 0.024134
vt 0.461168 0.013495
s 1
f 32/1/1 27/2/1 26/3/1 19/4/1
f 31/5/1 29/6/1 28/7/1 25/8/1
f 32/1/1 23/9/1 22/10/1 27/2/1
f 16/11/1 15/12/1 29/6/1 31/5/1
f 30/13/1 32/1/1 19/4/1 18/14/1
f 17/15/1 23/9/1 32/1/1 30/13/1
f 29/6/1 30/13/1 18/14/1 28/7/1
f 15/12/1 17/15/1 30/13/1 29/6/1
f 21/16/1 16/11/1 31/5/1 20/17/1
f 20/17/1 31/5/1 25/8/1 24/18/1
f 16/11/2 21/16/3 6/19/3 7/20/2
f 17/15/4 15/12/5 8/21/5 10/22/4
f 27/2/6 22/10/7 12/23/7 14/24/6
f 18/14/8 19/4/9 5/25/9 11/26/8
f 26/3/10 27/2/6 14/24/6 13/27/10
f 21/16/3 20/17/11 2/28/11 6/19/3
f 25/8/12 28/7/13 9/29/13 4/30/12
f 22/10/7 23/9/14 3/31/14 12/23/7
f 23/9/14 17/15/4 10/22/4 3/31/14
f 20/17/11 24/18/15 1/32/15 2/28/11
f 28/7/13 18/14/8 11/26/8 9/29/13
f 24/18/15 25/8/12 4/30/12 1/32/15
f 19/4/9 26/3/10 13/27/10 5/25/9
f 15/12/5 16/11/2 7/20/2 8/21/5
f 191/33/16 106/34/17 105/35/18 183/36/19
f 184/37/20 187/38/21 112/39/22 109/40/23
f 100/41/24 118/42/25 132/43/26 138/44/27
f 58/45/28 57/46/29 64/47/30 65/48/31
f 164/49/32 61/50/33 246/51/34 250/52/35
f 128/53/36 45/54/37 42/55/38 119/56/39
f 64/47/30 95/57/40 94/58/41 62/59/42
f 188/60/43 99/61/44 90/62/45 179/63/46
f 189/64/47 190/65/48 52/66/49 51/67/50
f 180/68/51 100/69/52 104/70/53 182/71/54
f 87/72/55 201/73/56 200/74/57 177/75/58
f 262/76/59 260/77/60 131/78/61 130/79/62
f 183/36/19 105/35/18 107/80/63 189/64/47
f 106/34/17 53/81/64 42/82/65 105/35/18
f 182/71/54 104/70/53 106/34/17 191/33/16
f 48/83/66 47/84/67 129/85/68 71/86/69
f 47/84/67 45/54/37 128/53/36 129/85/68
f 88/87/70 245/88/71 246/51/34 61/50/33
f 109/40/23 112/39/22 65/48/31 63/89/72
f 112/39/22 111/90/73 58/45/28 65/48/31
f 260/77/60 257/91/74 136/92/75 131/78/61
f 193/93/76 175/94/77 50/95/78 252/96/79
f 105/35/18 42/82/65 45/97/80 107/80/63
f 107/80/63 45/97/80 47/98/81 108/99/82
f 261/100/83 256/101/84 139/102/85 121/103/86
f 104/70/53 59/104/87 53/81/64 106/34/17
f 119/105/39 42/106/38 53/107/88 120/108/89
f 53/107/88 59/109/90 125/110/91 120/108/89
f 86/111/92 38/112/93 94/58/41 95/57/40
f 35/113/94 88/87/70 61/50/33 49/114/95
f 60/115/96 126/116/97 125/110/91 59/109/90
f 177/75/58 85/117/98 50/95/78 175/94/77
f 44/118/99 197/119/100 199/120/101 113/121/102
f 258/122/103 259/123/104 122/124/105 135/125/106
f 264/126/107 258/122/103 135/125/106 134/127/108
f 111/90/73 110/128/109 56/129/110 58/45/28
f 198/130/111 57/46/29 58/45/28 56/129/110
f 64/47/30 62/59/42 63/89/72 65/48/31
f 98/131/112 96/132/113 38/133/93 86/134/92
f 123/135/114 117/136/115 46/137/116 140/138/117
f 181/139/118 103/140/119 34/141/120 176/142/121
f 192/143/122 168/144/123 39/145/124 184/37/20
f 138/44/27 126/116/97 60/115/96 100/41/24
f 259/123/104 261/100/83 121/103/86 122/124/105
f 187/38/21 186/146/125 111/90/73 112/39/22
f 256/147/84 262/76/59 130/79/62 139/148/85
f 180/149/126 37/150/127 99/61/44 188/60/43
f 178/151/128 91/152/129 103/140/119 181/139/118
f 60/153/130 59/104/87 104/70/53 100/69/52
f 48/154/131 46/155/132 108/99/82 47/98/81
f 190/65/48 108/99/82 46/155/132 176/156/133
f 98/131/112 35/113/94 49/114/95 96/132/113
f 199/120/101 197/119/100 88/87/70 35/113/94
f 177/75/58 200/74/57 194/157/134 85/117/98
f 245/88/71 88/87/70 197/119/100 249/158/135
f 140/138/117 46/137/116 48/83/66 71/86/69
f 118/42/25 101/159/136 133/160/137 132/43/26
f 70/161/138 137/162/139 142/163/140 102/164/141
f 124/165/142 89/166/143 117/136/115 123/135/114
f 81/167/144 143/168/145 149/169/146 150/170/147
f 75/171/148 145/172/149 152/173/150 153/174/151
f 155/175/152 154/176/153 119/177/153 120/178/154
f 93/179/155 157/180/156 122/181/157 121/182/158
f 102/164/141 142/163/140 145/172/149 74/183/159
f 81/167/160 150/170/161 125/184/162 126/185/163
f 74/183/164 73/186/165 127/187/166 124/188/167
f 154/176/153 158/189/168 128/190/169 119/177/153
f 158/189/168 159/191/170 129/192/171 128/190/169
f 153/174/172 97/193/173 130/194/174 131/195/175
f 150/170/161 155/175/152 120/178/154 125/184/162
f 102/164/176 74/183/164 124/188/167 123/196/177
f 84/197/178 83/198/179 134/199/180 135/200/181
f 73/186/165 75/171/182 136/201/183 127/187/166
f 159/191/170 137/162/184 71/202/185 129/192/171
f 157/180/156 84/197/178 135/200/181 122/181/157
f 75/171/182 153/174/172 131/195/175 136/201/183
f 83/198/179 82/203/186 133/204/187 134/199/180
f 92/205/188 79/206/189 138/207/190 132/208/188
f 68/209/191 93/179/155 121/182/158 139/210/192
f 97/193/173 68/209/191 139/210/192 130/194/174
f 137/162/184 70/161/193 140/211/194 71/202/185
f 79/206/189 81/167/160 126/185/163 138/207/190
f 70/161/193 102/164/176 123/196/177 140/211/194
f 83/198/195 84/197/196 146/212/197 82/203/198
f 162/213/199 142/163/140 137/162/139 159/191/200
f 92/205/201 143/168/145 81/167/144 79/206/202
f 82/203/186 92/205/188 132/208/188 133/204/187
f 149/169/146 143/168/145 146/212/197 151/214/203
f 74/183/159 145/172/149 75/171/148 73/186/204
f 152/173/150 145/172/149 142/163/140 162/213/199
f 151/214/203 146/212/197 84/197/196 157/180/205
f 212/215/206 213/216/207 150/170/147 149/169/146
f 82/203/198 146/212/197 143/168/145 92/205/201
f 215/217/208 216/218/209 153/174/151 152/173/150
f 218/219/210 217/220/211 154/176/211 155/175/212
f 219/221/213 220/222/214 157/180/205 93/179/215
f 217/220/211 221/223/216 158/189/217 154/176/211
f 221/223/216 222/224/218 159/191/200 158/189/217
f 216/218/209 223/225/219 97/193/220 153/174/151
f 213/216/207 218/219/210 155/175/212 150/170/147
f 224/226/221 219/221/213 93/179/215 68/209/222
f 223/225/219 224/226/221 68/209/222 97/193/220
f 222/224/218 225/227/223 162/213/199 159/191/200
f 220/222/214 214/228/224 151/214/203 157/180/205
f 214/228/224 212/215/206 149/169/146 151/214/203
f 38/133/93 96/132/113 170/229/225 163/230/226
f 62/59/42 94/58/41 169/231/227 166/232/228
f 268/233/229 263/234/230 168/144/123 192/143/122
f 109/40/23 63/89/72 165/235/231 171/236/232
f 63/89/72 62/59/42 166/232/228 165/235/231
f 94/58/41 38/112/93 163/237/226 169/231/227
f 267/238/233 251/239/234 173/240/235 265/241/236
f 49/114/95 61/50/33 164/49/32 167/242/237
f 96/132/113 49/114/95 167/242/237 170/229/225
f 257/91/74 164/49/32 250/52/35 266/243/238
f 266/243/238 250/52/35 251/239/234 267/238/233
f 264/126/107 268/233/229 192/143/122 171/236/232
f 52/66/49 190/65/48 176/156/133 34/244/239
f 100/41/24 180/149/126 188/60/43 118/42/25
f 40/245/240 36/246/241 186/146/125 187/38/21
f 171/236/232 192/143/122 184/37/20 109/40/23
f 117/136/115 181/139/118 176/142/121 46/137/116
f 185/247/242 186/146/125 36/246/241 33/248/243
f 87/72/55 177/75/58 175/94/77 80/249/244
f 172/250/245 80/249/244 175/94/77 193/93/76
f 54/251/246 182/71/54 191/33/16 55/252/247
f 41/253/248 183/36/19 189/64/47 51/67/50
f 110/128/109 111/90/73 186/146/125 185/247/242
f 37/254/249 180/68/51 182/71/54 54/251/246
f 107/80/63 108/99/82 190/65/48 189/64/47
f 225/227/223 215/217/208 152/173/150 162/213/199
f 89/166/143 178/151/128 181/139/118 117/136/115
f 39/145/124 40/245/240 187/38/21 184/37/20
f 55/252/247 191/33/16 183/36/19 41/253/248
f 199/120/101 174/255/250 116/256/251 113/121/102
f 196/257/252 195/258/253 115/259/254 114/260/255
f 174/255/250 196/261/252 114/262/255 116/256/251
f 35/113/94 98/131/112 174/255/250 199/120/101
f 195/258/253 57/46/29 198/130/111 115/259/254
f 95/57/40 64/47/30 57/46/29 195/258/253
f 200/74/57 201/73/56 248/263/256 247/264/257
f 86/111/92 95/57/40 195/258/253 196/257/252
f 194/157/134 200/74/57 247/264/257 253/265/258
f 98/131/112 86/134/92 196/261/252 174/255/250
f 118/42/25 188/60/43 179/63/46 101/159/136
f 241/266/259 324/267/260 306/268/261 280/269/262
f 202/270/263 211/271/264 236/272/265 277/273/266
f 211/271/264 345/274/267 342/275/268 236/272/265
f 233/276/269 240/277/270 239/278/271 232/279/272
f 339/280/273 314/281/274 243/282/275 322/283/276
f 280/269/262 306/268/261 307/284/277 337/285/278
f 249/158/135 197/119/100 44/118/99 43/286/279
f 361/287/280 33/248/243 36/246/241 362/288/281
f 356/289/282 364/290/283 99/61/44 37/150/127
f 283/291/284 347/292/285 345/274/267 211/271/264
f 290/293/286 292/294/287 207/295/288 204/296/289
f 325/297/290 243/298/291 210/299/292 208/300/293
f 237/301/294 344/302/295 346/303/296 281/304/297
f 388/305/298 316/306/299 321/307/300 385/308/301
f 279/309/302 269/310/303 271/311/304 327/312/305
f 390/313/306 315/314/307 316/306/299 388/305/298
f 333/315/308 340/316/309 326/317/310 328/318/311
f 344/302/295 387/319/312 389/320/313 346/303/296
f 364/290/283 355/321/314 90/62/45 99/61/44
f 366/322/315 352/323/316 208/324/317 293/325/318
f 288/326/319 254/327/320 328/318/311 326/317/310
f 292/294/287 365/328/321 366/322/315 293/325/318
f 41/253/248 51/67/50 365/328/321 359/329/322
f 331/330/323 310/331/324 305/332/325 336/333/326
f 194/157/134 253/265/258 379/334/327 375/335/328
f 303/336/329 287/337/330 355/321/314 364/290/283
f 285/338/331 275/339/332 203/340/333 283/291/284
f 276/341/334 270/342/335 351/343/336 353/344/337
f 210/345/338 209/346/339 293/325/318 208/324/317
f 381/347/340 205/348/341 206/349/342 372/350/343
f 312/351/344 309/352/345 278/353/346 392/354/347
f 353/344/337 351/343/336 50/95/78 85/117/98
f 358/355/348 367/356/349 291/357/350 289/358/351
f 255/359/352 321/360/353 316/361/354 334/362/355
f 337/285/278 307/284/277 320/363/356 274/364/357
f 350/365/358 301/366/359 299/367/360 371/368/361
f 335/369/362 304/370/362 313/371/363 338/372/364
f 37/254/249 54/251/246 358/355/348 356/373/365
f 286/374/366 303/336/329 364/290/283 356/289/282
f 285/338/331 283/291/284 211/271/264 202/270/263
f 343/375/367 386/376/368 387/319/312 344/302/295
f 336/333/326 305/332/325 304/370/362 335/369/362
f 384/377/369 324/378/370 315/314/307 390/313/306
f 342/275/268 382/379/371 378/380/372 236/272/265
f 230/381/373 305/382/374 310/383/375 234/384/376
f 370/385/377 300/386/378 373/387/379 232/279/272
f 202/270/263 374/388/380 350/365/358 285/338/331
f 206/349/342 298/389/381 374/388/380 372/350/343
f 341/390/382 384/377/369 390/313/306 347/292/285
f 239/278/271 237/301/294 281/304/297 282/391/383
f 374/388/380 202/270/263 277/273/266 372/350/343
f 391/392/384 348/393/385 368/394/386 394/395/387
f 377/396/388 381/347/340 372/350/343 277/273/266
f 52/66/49 34/244/239 352/323/316 366/322/315
f 367/356/349 359/329/322 290/293/286 291/357/350
f 354/397/389 91/152/129 265/241/236 393/398/390
f 345/274/267 388/305/298 385/308/301 342/275/268
f 269/310/391 323/399/392 311/400/393 271/311/394
f 340/316/309 339/280/395 322/283/396 326/317/310
f 291/357/350 290/293/286 204/296/289 230/401/397
f 235/402/398 234/384/376 310/383/375 311/403/399
f 272/404/400 318/405/401 317/406/402 279/309/402
f 275/407/332 282/391/383 281/304/297 203/408/333
f 375/335/328 379/334/327 380/409/403 376/410/404
f 332/411/405 337/285/406 274/364/407 329/412/408
f 304/413/409 305/382/374 230/381/373 204/414/410
f 376/410/411 381/347/412 377/396/413 276/341/414
f 313/415/415 304/416/409 204/417/410 207/418/416
f 369/419/417 252/96/79 50/95/78 351/343/336
f 255/359/418 334/362/419 333/315/308 328/318/311
f 39/145/124 360/420/420 363/421/421 40/245/240
f 374/388/380 298/389/381 301/366/359 350/365/358
f 354/397/389 357/422/422 103/140/119 91/152/129
f 387/319/312 307/423/423 306/424/424 389/320/313
f 303/336/329 317/425/425 318/426/426 287/337/330
f 295/427/427 361/287/280 362/288/281 296/428/428
f 210/299/292 243/298/291 314/429/429 209/430/430
f 279/309/402 317/406/402 323/399/392 269/310/391
f 242/431/431 288/326/319 326/317/310 322/283/396
f 369/419/432 383/432/433 173/240/434 252/96/434
f 318/426/426 319/433/435 391/392/384 287/337/330
f 365/328/321 51/67/50 52/66/49 366/322/315
f 238/434/436 343/375/367 344/302/295 237/301/294
f 308/435/437 325/297/290 208/300/293 302/436/438
f 54/251/246 55/252/247 367/356/349 358/355/348
f 373/387/379 231/437/439 233/276/269 232/279/272
f 235/438/440 286/439/441 289/358/351 234/440/442
f 239/278/271 240/277/270 238/434/436 237/301/294
f 392/354/347 393/398/390 383/432/443 382/379/371
f 286/374/366 323/441/444 317/425/425 303/336/329
f 275/407/332 371/442/361 370/385/377 282/391/383
f 292/294/287 293/325/318 209/346/339 207/295/288
f 294/443/445 348/393/385 343/375/367 238/434/436
f 357/422/422 352/444/446 34/141/120 103/140/119
f 276/341/334 353/344/337 375/335/328 376/410/404
f 309/352/345 308/435/437 302/436/438 278/353/346
f 360/420/420 294/443/445 297/445/447 363/421/421
f 285/338/331 350/365/358 371/368/361 275/339/332
f 282/391/383 370/385/377 232/279/272 239/278/271
f 271/311/304 331/330/448 330/446/449 327/312/305
f 281/304/297 346/303/296 341/447/382 203/408/333
f 355/321/314 394/395/387 263/234/230 90/62/45
f 349/448/450 382/379/451 383/432/433 369/419/432
f 349/448/452 369/419/417 351/343/336 270/342/335
f 323/441/444 286/374/366 235/402/398 311/403/399
f 297/445/447 240/277/270 233/276/269 296/428/428
f 330/446/449 332/411/405 329/412/408 327/312/305
f 338/372/364 313/371/363 314/281/274 339/280/273
f 203/340/333 341/390/382 347/292/285 283/291/284
f 371/442/361 299/449/360 300/386/378 370/385/377
f 227/450/1 161/451/1 160/452/1 76/453/1
f 141/454/453 78/455/454 213/216/455 212/215/456
f 294/443/445 238/434/436 240/277/270 297/445/447
f 148/456/457 76/453/458 216/218/459 215/217/460
f 77/457/461 67/458/462 217/220/463 218/219/464
f 156/459/465 69/460/466 220/222/467 219/221/468
f 67/458/462 66/461/469 221/223/470 217/220/463
f 66/461/469 72/462/471 222/224/472 221/223/470
f 76/453/458 160/452/473 223/225/474 216/218/459
f 78/455/454 77/457/461 218/219/464 213/216/455
f 161/451/475 156/459/465 219/221/468 224/226/476
f 160/452/473 161/451/475 224/226/476 223/225/474
f 72/462/471 144/463/477 225/227/478 222/224/472
f 69/460/466 147/464/479 214/228/480 220/222/467
f 147/464/479 141/454/453 212/215/456 214/228/480
f 229/465/1 226/466/1 144/463/1 72/462/1
f 227/450/1 69/460/1 156/459/1 161/451/1
f 78/455/1 141/454/1 226/466/1 229/465/1
f 228/467/1 227/450/1 76/453/1 148/456/1
f 147/464/1 69/460/1 227/450/1 228/467/1
f 144/463/477 148/456/457 215/217/460 225/227/478
f 226/466/1 228/467/1 148/456/1 144/463/1
f 77/457/1 78/455/1 229/465/1 67/458/1
f 67/458/1 229/465/1 72/462/1 66/461/1
f 278/353/346 354/397/389 393/398/390 392/354/347
f 209/430/430 314/429/429 313/415/415 207/418/416
f 346/303/296 389/320/313 384/468/369 341/447/382
f 385/308/301 392/354/347 382/379/371 342/275/268
f 254/327/481 309/469/482 312/470/483 244/471/484
f 55/252/247 41/253/248 359/329/322 367/356/349
f 273/472/485 319/473/486 318/405/401 272/404/400
f 386/376/368 320/474/487 307/423/423 387/319/312
f 87/72/488 80/249/489 246/51/490 245/88/491
f 201/73/492 87/72/488 245/88/491 249/158/493
f 80/249/489 172/250/494 250/52/495 246/51/490
f 193/93/496 252/96/434 173/240/434 251/239/497
f 172/250/494 193/93/496 251/239/497 250/52/495
f 242/431/498 325/475/499 308/476/500 288/326/501
f 394/395/387 368/394/386 168/144/123 263/234/230
f 141/454/1 147/464/1 228/467/1 226/466/1
f 248/263/502 201/73/492 249/158/493 43/286/502
f 274/364/357 320/363/356 319/473/486 273/472/485
f 271/311/394 311/400/393 310/331/324 331/330/323
f 272/404/503 279/309/302 327/312/305 329/412/408
f 380/409/504 205/348/504 381/347/412 376/410/411
f 287/337/330 391/392/384 394/395/387 355/321/314
f 359/329/322 365/328/321 292/294/287 290/293/286
f 278/353/346 302/436/438 357/422/422 354/397/389
f 391/392/384 319/433/435 320/474/487 386/376/368
f 270/342/505 378/380/506 382/379/451 349/448/450
f 363/421/421 297/445/447 296/428/428 362/288/281
f 277/273/266 236/272/265 378/380/372 377/396/388
f 101/159/136 179/63/46 268/233/229 264/126/107
f 89/166/143 266/243/238 267/238/233 178/151/128
f 136/92/75 257/91/74 266/243/238 127/477/507
f 178/151/128 267/238/233 265/241/236 91/152/129
f 179/63/46 90/62/45 263/234/230 268/233/229
f 133/160/137 101/159/136 264/126/107 134/127/108
f 127/477/507 266/243/238 89/166/143 124/165/142
f 163/230/226 170/229/225 262/76/59 256/147/84
f 166/232/228 169/231/227 261/100/83 259/123/104
f 171/236/232 165/235/231 258/122/103 264/126/107
f 165/235/231 166/232/228 259/123/104 258/122/103
f 169/231/227 163/237/226 256/101/84 261/100/83
f 167/242/237 164/49/32 257/91/74 260/77/60
f 170/229/225 167/242/237 260/77/60 262/76/59
f 284/478/508 315/479/509 324/267/260 241/266/259
f 254/327/320 244/471/510 255/359/418 328/318/311
f 302/436/438 208/300/293 352/444/446 357/422/422
f 321/307/300 312/351/344 392/354/347 385/308/301
f 389/320/313 306/424/424 324/480/370 384/468/369
f 334/362/355 316/361/354 315/479/509 284/478/508
f 289/358/351 291/357/350 230/401/397 234/440/442
f 356/373/365 358/355/348 289/358/351 286/439/441
f 296/428/428 233/276/269 231/437/439 295/427/427
f 244/471/484 312/470/483 321/360/353 255/359/352
f 348/393/385 294/443/445 360/420/420 368/394/386
f 347/292/285 390/313/306 388/305/298 345/274/267
f 353/344/337 85/117/98 194/157/134 375/335/328
f 276/341/414 377/396/413 378/380/506 270/342/505
f 288/326/501 308/476/500 309/469/482 254/327/481
f 368/394/386 360/420/420 39/145/124 168/144/123
f 40/245/240 363/421/421 362/288/281 36/246/241
f 396/481/511 335/369/512 338/372/513 395/482/514
f 393/398/390 265/241/236 173/240/235 383/432/443
f 348/393/385 391/392/384 386/376/368 343/375/367
f 322/283/276 243/282/275 325/475/499 242/431/498
f 273/472/515 272/404/503 329/412/408 274/364/407
f 397/483/516 336/333/517 335/369/512 396/481/511
f 400/484/518 397/483/516 396/481/511 399/485/519
f 399/485/519 396/481/511 395/482/514 398/486/520
f 241/266/521 399/485/519 398/486/520 284/478/522
f 280/269/523 400/484/518 399/485/519 241/266/521
f 340/316/309 333/315/308 398/486/520 395/482/514
f 330/446/449 397/483/516 400/484/518 332/411/405
f 339/280/395 340/316/309 395/482/514 338/372/513
f 336/333/517 397/483/516 330/446/449 331/330/448
f 333/315/308 334/362/419 284/478/522 398/486/520
f 280/269/523 337/285/406 332/411/405 400/484/518
f 409/487/524 185/488/524 33/489/524 408/490/524
f 426/491/524 379/492/524 253/493/524 427/494/524
f 416/495/524 198/496/524 56/497/524 110/498/524
f 412/499/524 403/500/524 402/501/524 411/502/524
f 404/503/524 401/504/524 402/501/524 405/505/524
f 424/506/524 410/507/524 401/504/524 423/508/524
f 421/509/524 407/510/524 361/511/524 295/512/524
f 419/513/524 116/514/524 114/515/524 418/516/524
f 403/500/524 406/517/524 405/505/524 402/501/524
f 407/510/524 404/503/524 405/505/524 408/490/524
f 423/508/524 401/504/524 404/503/524 422/518/524
f 418/516/524 114/515/524 115/519/524 417/520/524
f 406/517/524 409/487/524 408/490/524 405/505/524
f 361/511/524 407/510/524 408/490/524 33/489/524
f 422/518/524 404/503/524 407/510/524 421/509/524
f 417/520/524 115/519/524 198/496/524 416/495/524
f 415/521/524 412/499/524 411/502/524 414/522/524
f 401/504/524 410/507/524 411/502/524 402/501/524
f 425/523/524 413/524/524 410/507/524 424/506/524
f 420/525/524 419/513/524 412/499/524 415/521/524
f 428/526/524 415/521/524 414/522/524 427/494/524
f 410/507/524 413/524/524 414/522/524 411/502/524
f 425/523/524 430/527/524 426/491/524 413/524/524
f 420/525/524 415/521/524 428/526/524 429/528/524
f 113/529/524 116/514/524 419/513/524 420/525/524
f 412/499/524 419/513/524 418/516/524 403/500/524
f 403/500/524 418/516/524 417/520/524 406/517/524
f 406/517/524 417/520/524 416/495/524 409/487/524
f 409/487/524 416/495/524 110/498/524 185/488/524
f 44/530/524 113/529/524 420/525/524 43/531/524
f 298/532/524 425/523/524 424/506/524 301/533/524
f 301/533/524 424/506/524 423/508/524 299/534/524
f 299/534/524 423/508/524 422/518/524 300/535/524
f 300/535/524 422/518/524 421/509/524 373/536/524
f 373/536/524 421/509/524 295/512/524 231/537/524
f 206/538/524 205/539/524 425/523/524 298/532/524
f 247/540/524 428/526/524 427/494/524 253/493/524
f 413/524/524 426/491/524 427/494/524 414/522/524
f 205/539/524 380/541/524 430/527/524 425/523/524
f 248/542/524 429/528/524 428/526/524 247/540/524
f 426/491/524 430/527/524 380/541/524 379/492/524
f 43/531/524 420/525/524 429/528/524 248/542/524
f 479/543/525 480/544/526 434/545/526 432/546/525
f 480/544/526 481/547/527 436/548/527 434/545/526
f 481/547/527 482/549/528 438/550/528 436/548/527
f 482/549/528 483/551/529 440/552/529 438/550/528
f 483/551/529 484/553/530 442/554/530 440/552/529
f 484/553/530 485/555/531 444/556/531 442/554/530
f 485/555/531 486/557/532 446/558/532 444/556/531
f 486/557/532 487/559/533 448/560/533 446/558/532
f 487/559/533 488/561/534 450/562/534 448/560/533
f 488/561/534 489/563/535 452/564/535 450/562/534
f 489/563/535 490/565/536 454/566/536 452/564/535
f 490/565/536 491/567/537 456/568/537 454/566/536
f 491/569/537 492/570/538 458/571/538 456/572/537
f 492/570/538 493/573/539 460/574/539 458/571/538
f 493/573/539 494/575/540 462/576/540 460/574/539
f 494/575/540 479/543/525 432/546/525 462/576/540
f 709/577/541 445/578/542 443/579/543 441/580/544
f 702/581/545 687/582/546 463/583/547 478/584/548
f 701/585/549 702/581/545 478/584/548 477/586/550
f 700/587/551 701/585/549 477/586/550 476/588/552
f 699/589/553 700/587/551 476/588/552 475/590/554
f 698/591/555 699/592/553 475/593/554 474/594/556
f 697/595/557 698/591/555 474/594/556 473/596/558
f 696/597/559 697/595/557 473/596/558 472/598/560
f 695/599/561 696/597/559 472/598/560 471/600/562
f 694/601/563 695/599/561 471/600/562 470/602/564
f 693/603/565 694/601/563 470/602/564 469/604/566
f 692/605/567 693/603/565 469/604/566 468/606/568
f 691/607/569 692/605/567 468/606/568 467/608/570
f 690/609/571 691/607/569 467/608/570 466/610/572
f 689/611/573 690/609/571 466/610/572 465/612/574
f 688/613/575 689/611/573 465/612/574 464/614/576
f 687/582/546 688/613/575 464/614/576 463/583/547
f 539/615/577 609/616/577 605/617/578 535/618/578
f 475/619/579 522/620/579 521/621/580 474/622/580
f 552/623/581 622/624/581 626/625/582 556/626/582
f 538/627/583 604/628/583 608/629/584 542/630/584
f 476/631/585 523/632/585 522/633/579 475/634/579
f 577/635/586 643/636/586 639/637/587 573/638/587
f 477/639/588 524/640/588 523/632/585 476/631/585
f 555/641/589 625/642/589 621/643/590 551/644/590
f 568/645/591 638/646/591 642/647/592 572/648/592
f 541/649/593 607/650/593 603/651/594 537/652/594
f 478/653/595 526/654/595 524/640/588 477/639/588
f 554/655/596 620/656/596 624/657/597 558/658/597
f 532/659/598 602/660/598 606/661/599 536/662/599
f 463/663/600 525/664/600 526/654/595 478/653/595
f 571/665/601 641/666/601 637/667/602 567/668/602
f 557/669/603 623/670/603 619/671/604 553/672/604
f 570/673/605 636/674/605 640/675/606 574/676/606
f 535/618/578 605/617/578 601/677/607 531/678/607
f 548/679/608 618/680/608 622/624/581 552/623/581
f 584/681/609 654/682/609 598/683/610 589/684/610
f 534/685/611 600/686/611 604/628/583 538/627/583
f 573/687/587 639/688/587 635/689/612 569/690/612
f 590/691/613 595/692/613 653/693/614 583/694/614
f 551/644/590 621/643/590 617/695/615 547/696/615
f 564/697/616 634/698/616 638/646/591 568/645/591
f 586/699/617 652/700/617 594/701/618 587/702/618
f 537/652/594 603/651/594 599/703/619 533/704/619
f 550/705/620 616/706/620 620/656/596 554/655/596
f 479/707/621 509/708/621 495/709/622 480/710/622
f 588/711/623 591/712/623 651/713/624 585/714/624
f 528/715/625 597/716/625 602/660/598 532/659/598
f 480/710/622 495/709/622 496/717/626 481/718/626
f 567/668/602 637/667/602 633/719/627 563/720/627
f 580/721/628 650/722/628 654/682/609 584/681/609
f 553/672/604 619/671/604 615/723/629 549/724/629
f 481/718/626 496/717/626 497/725/630 482/726/630
f 566/727/631 632/728/631 636/674/605 570/673/605
f 531/678/607 601/677/607 596/729/632 527/730/632
f 544/731/633 614/732/633 618/680/608 548/679/608
f 482/726/630 497/725/630 498/733/634 483/734/634
f 583/694/614 653/693/614 649/735/635 579/736/635
f 530/737/636 593/738/636 600/686/611 534/685/611
f 483/734/634 498/733/634 499/739/637 484/740/637
f 569/690/612 635/689/612 631/741/638 565/742/638
f 582/743/639 648/744/639 652/700/617 586/699/617
f 547/696/615 617/695/615 613/745/640 543/746/640
f 651/713/641 591/712/642 598/683/642 654/682/641
f 484/740/637 499/739/637 500/747/643 485/748/643
f 655/749/642 587/702/644 530/737/645 656/750/646
f 671/751/642 589/684/644 528/715/645 672/752/646
f 656/750/646 530/737/645 534/685/647 657/753/648
f 672/752/646 528/715/645 532/659/647 673/754/648
f 657/753/648 534/685/647 538/627/649 658/755/650
f 673/754/648 532/659/647 536/662/649 674/756/650
f 658/755/650 538/627/649 542/630/651 659/757/1
f 674/756/650 536/662/649 540/758/651 675/759/1
f 659/757/1 542/630/651 546/760/652 660/761/653
f 675/759/1 540/758/651 544/731/652 676/762/653
f 660/761/653 546/760/652 550/705/654 661/763/655
f 676/762/653 544/731/652 548/679/654 677/764/655
f 661/763/655 550/705/654 554/655/656 662/765/657
f 677/764/655 548/679/654 552/623/656 678/766/657
f 662/765/657 554/655/656 558/658/658 663/767/659
f 678/766/657 552/623/656 556/626/658 679/768/659
f 663/767/659 558/658/658 562/769/660 664/770/661
f 679/768/659 556/626/658 560/771/660 680/772/661
f 664/770/661 562/769/660 566/727/662 665/773/663
f 680/772/661 560/771/660 564/697/662 681/774/663
f 665/773/663 566/727/662 570/673/664 666/775/665
f 681/774/663 564/697/662 568/645/664 682/776/665
f 666/775/665 570/673/664 574/676/666 667/777/667
f 682/776/665 568/645/664 572/648/666 683/778/667
f 667/779/667 574/780/666 578/781/668 668/782/669
f 683/783/667 572/784/666 576/785/668 684/786/669
f 668/782/669 578/781/668 582/743/670 669/787/671
f 684/786/669 576/785/668 580/721/670 685/788/671
f 669/787/671 582/743/670 586/699/672 670/789/641
f 685/788/671 580/721/670 584/681/672 686/790/641
f 670/789/641 586/699/672 587/702/644 655/749/642
f 686/790/641 584/681/672 589/684/644 671/751/642
f 560/771/673 630/791/673 634/698/616 564/697/616
f 647/792/671 651/713/641 654/682/641 650/722/671
f 643/636/669 647/792/671 650/722/671 646/793/669
f 639/637/667 643/636/669 646/793/669 642/794/667
f 635/689/665 639/688/667 642/647/667 638/646/665
f 631/741/663 635/689/665 638/646/665 634/698/663
f 627/795/661 631/741/663 634/698/663 630/791/661
f 623/670/659 627/795/661 630/791/661 626/625/659
f 619/671/657 623/670/659 626/625/659 622/624/657
f 615/723/655 619/671/657 622/624/657 618/680/655
f 611/796/653 615/723/655 618/680/655 614/732/653
f 607/650/1 611/796/653 614/732/653 610/797/1
f 603/651/650 607/650/1 610/797/1 606/661/650
f 599/703/648 603/651/650 606/661/650 602/660/648
f 591/712/642 592/798/646 597/716/646 598/683/642
f 592/798/646 599/703/648 602/660/648 597/716/646
f 601/677/648 605/617/650 497/725/650 496/717/648
f 511/799/646 512/800/648 600/686/648 593/738/646
f 525/664/642 511/799/646 593/738/646 594/701/642
f 596/729/646 601/677/648 496/717/648 495/709/646
f 605/617/650 609/616/1 498/733/1 497/725/650
f 512/800/648 513/801/650 604/628/650 600/686/648
f 609/616/1 613/745/653 499/739/653 498/733/1
f 513/801/650 514/802/1 608/629/1 604/628/650
f 613/745/653 617/695/655 500/747/655 499/739/653
f 514/802/1 515/803/653 612/804/653 608/629/1
f 617/695/655 621/643/657 501/805/657 500/747/655
f 515/803/653 516/806/655 616/706/655 612/804/653
f 621/643/657 625/642/659 502/807/659 501/805/657
f 516/806/655 517/808/657 620/656/657 616/706/655
f 625/642/659 629/809/661 503/810/661 502/807/659
f 517/808/657 518/811/659 624/657/659 620/656/657
f 629/809/661 633/719/663 504/812/663 503/810/661
f 518/811/659 519/813/661 628/814/661 624/657/659
f 633/719/663 637/667/665 505/815/665 504/812/663
f 519/813/661 520/816/663 632/728/663 628/814/661
f 637/667/665 641/666/667 506/817/667 505/815/665
f 520/816/663 521/621/665 636/674/665 632/728/663
f 641/818/667 645/819/669 507/820/669 506/821/667
f 521/621/665 522/620/667 640/675/667 636/674/665
f 645/819/669 649/735/671 508/822/671 507/820/669
f 522/633/667 523/632/669 644/823/669 640/824/667
f 649/735/671 653/693/641 510/825/641 508/822/671
f 523/632/669 524/640/671 648/744/671 644/823/669
f 653/693/641 595/692/642 509/708/642 510/825/641
f 524/640/671 526/654/641 652/700/641 648/744/671
f 526/654/641 525/664/642 594/701/642 652/700/641
f 595/692/642 596/729/646 495/709/646 509/708/642
f 574/780/606 640/824/606 644/823/674 578/781/674
f 561/826/675 627/795/675 623/670/603 557/669/603
f 474/622/580 521/621/580 520/816/676 473/827/676
f 575/828/677 645/819/677 641/818/601 571/829/601
f 494/830/678 510/825/678 509/708/621 479/707/621
f 473/827/676 520/816/676 519/813/679 472/831/679
f 536/662/599 606/661/599 610/797/680 540/758/680
f 558/658/597 624/657/597 628/814/681 562/769/681
f 493/832/682 508/822/682 510/825/678 494/830/678
f 472/831/679 519/813/679 518/811/683 471/833/683
f 545/834/684 611/796/684 607/650/593 541/649/593
f 572/784/592 642/794/592 646/793/685 576/785/685
f 559/835/686 629/809/686 625/642/589 555/641/589
f 492/836/687 507/820/687 508/822/682 493/832/682
f 471/833/683 518/811/683 517/808/688 470/837/688
f 529/838/689 592/798/689 591/712/623 588/711/623
f 581/839/690 647/792/690 643/636/586 577/635/586
f 491/840/691 506/821/691 507/820/687 492/836/687
f 470/837/688 517/808/688 516/806/692 469/841/692
f 542/630/584 608/629/584 612/804/693 546/760/693
f 556/626/582 626/625/582 630/791/673 560/771/673
f 490/842/694 505/815/694 506/817/691 491/843/691
f 469/841/692 516/806/692 515/803/695 468/844/695
f 543/746/640 613/745/640 609/616/577 539/615/577
f 587/702/618 594/701/618 593/738/636 530/737/636
f 578/781/674 644/823/674 648/744/639 582/743/639
f 565/742/638 631/741/638 627/795/675 561/826/675
f 489/845/696 504/812/696 505/815/694 490/842/694
f 468/844/695 515/803/695 514/802/697 467/846/697
f 579/736/635 649/735/635 645/819/677 575/828/677
f 488/847/698 503/810/698 504/812/696 489/845/696
f 540/758/680 610/797/680 614/732/633 544/731/633
f 467/846/697 514/802/697 513/801/699 466/848/699
f 527/730/632 596/729/632 595/692/613 590/691/613
f 562/769/681 628/814/681 632/728/631 566/727/631
f 487/849/700 502/807/700 503/810/698 488/847/698
f 549/724/629 615/723/629 611/796/684 545/834/684
f 466/848/699 513/801/699 512/800/701 465/850/701
f 576/785/685 646/793/685 650/722/628 580/721/628
f 563/720/627 633/719/627 629/809/686 559/835/686
f 486/851/702 501/805/702 502/807/700 487/849/700
f 465/850/701 512/800/701 511/799/703 464/852/703
f 589/684/610 598/683/610 597/716/625 528/715/625
f 585/714/624 651/713/624 647/792/690 581/839/690
f 485/748/643 500/747/643 501/805/702 486/851/702
f 546/760/693 612/804/693 616/706/620 550/705/620
f 464/852/703 511/799/703 525/664/600 463/663/600
f 533/704/619 599/703/619 592/798/689 529/838/689
f 585/714/704 670/789/641 655/749/642 588/711/705
f 581/839/706 669/787/671 670/789/641 585/714/704
f 577/635/707 668/782/669 669/787/671 581/839/706
f 573/638/708 667/779/667 668/782/669 577/635/707
f 569/690/709 666/775/665 667/777/667 573/687/708
f 565/742/710 665/773/663 666/775/665 569/690/709
f 561/826/711 664/770/661 665/773/663 565/742/710
f 557/669/712 663/767/659 664/770/661 561/826/711
f 553/672/713 662/765/657 663/767/659 557/669/712
f 549/724/714 661/763/655 662/765/657 553/672/713
f 545/834/715 660/761/653 661/763/655 549/724/714
f 541/649/716 659/757/1 660/761/653 545/834/715
f 537/652/717 658/755/650 659/757/1 541/649/716
f 533/704/718 657/753/648 658/755/650 537/652/717
f 529/838/719 656/750/646 657/753/648 533/704/718
f 588/711/705 655/749/642 656/750/646 529/838/719
f 583/694/704 686/790/641 671/751/642 590/691/705
f 579/736/706 685/788/671 686/790/641 583/694/704
f 575/828/707 684/786/669 685/788/671 579/736/706
f 571/829/708 683/783/667 684/786/669 575/828/707
f 567/668/709 682/776/665 683/778/667 571/665/708
f 563/720/710 681/774/663 682/776/665 567/668/709
f 559/835/711 680/772/661 681/774/663 563/720/710
f 555/641/712 679/768/659 680/772/661 559/835/711
f 551/644/713 678/766/657 679/768/659 555/641/712
f 547/696/714 677/764/655 678/766/657 551/644/713
f 543/746/715 676/762/653 677/764/655 547/696/714
f 539/615/716 675/759/1 676/762/653 543/746/715
f 535/618/717 674/756/650 675/759/1 539/615/716
f 531/678/718 673/754/648 674/756/650 535/618/717
f 527/730/719 672/752/646 673/754/648 531/678/718
f 590/691/705 671/751/642 672/752/646 527/730/719
f 433/853/720 688/854/575 687/855/546 431/856/721
f 435/857/722 689/858/573 688/854/575 433/853/720
f 437/859/723 690/860/571 689/858/573 435/857/722
f 439/861/724 691/862/569 690/860/571 437/859/723
f 441/580/544 692/863/567 691/862/569 439/861/724
f 443/579/543 693/864/565 692/863/567 441/580/544
f 445/578/542 694/865/563 693/864/565 443/579/543
f 447/866/725 695/867/561 694/865/563 445/578/542
f 449/868/726 696/869/559 695/867/561 447/866/725
f 451/870/727 697/871/557 696/869/559 449/868/726
f 453/872/728 698/873/555 697/871/557 451/870/727
f 455/874/729 699/875/553 698/873/555 453/872/728
f 457/876/730 700/877/551 699/875/553 455/874/729
f 459/878/731 701/879/549 700/877/551 457/876/730
f 461/880/732 702/881/545 701/879/549 459/878/731
f 431/856/721 687/855/546 702/881/545 461/880/732
f 705/882/541 449/868/726 447/866/725 706/883/541
f 707/884/541 704/885/541 703/886/541 708/887/541
f 711/888/541 710/889/541 439/861/724 437/859/723
f 457/876/730 455/874/729 704/885/541 707/884/541
f 453/872/728 451/870/727 449/868/726 705/882/541
f 704/885/541 705/882/541 706/883/541 703/886/541
f 455/874/729 453/872/728 705/882/541 704/885/541
f 710/889/541 709/577/541 441/580/544 439/861/724
f 461/880/732 707/884/541 708/887/541 431/856/721
f 459/878/731 457/876/730 707/884/541 461/880/732
f 433/853/720 711/888/541 437/859/723 435/857/722
f 708/887/541 703/886/541 710/889/541 711/888/541
f 703/886/541 706/883/541 709/577/541 710/889/541
f 706/883/541 447/866/725 445/578/542 709/577/541
f 431/856/721 708/887/541 711/888/541 433/853/720
f 736/890/733 714/891/733 713/892/734 737/893/735
f 713/892/734 712/894/736 735/895/737 737/893/735
f 740/896/738 892/897/739 741/898/740 742/899/741
f 721/900/742 718/901/743 717/902/744 720/903/745
f 718/901/743 721/900/742 722/904/746 719/905/747
f 724/906/748 721/900/742 720/903/745 723/907/749
f 721/900/742 724/906/748 725/908/750 722/904/746
f 719/905/747 722/904/746 727/909/751 726/910/752
f 726/910/752 727/909/751 738/911/753 739/912/754
f 728/913/755 727/909/751 722/904/746 725/908/750
f 727/909/751 728/913/755 742/914/756 738/911/753
f 725/908/750 724/906/748 743/915/757 746/916/758
f 728/913/755 725/908/750 746/916/758 747/917/759
f 723/907/749 731/918/760 745/919/761 744/920/762
f 731/918/760 734/921/763 733/922/764 745/919/761
f 735/923/765 730/924/766 729/925/767 737/926/768
f 720/903/745 717/902/744 729/925/767 730/924/766
f 731/918/760 730/924/766 735/923/765 734/921/763
f 730/924/766 731/918/760 723/907/749 720/903/745
f 724/906/748 723/907/749 744/920/762 743/915/757
f 740/927/769 742/914/756 728/913/755 747/917/759
f 737/926/768 729/925/767 732/928/770 736/929/771
f 736/929/771 732/928/770 726/910/752 739/912/754
f 717/902/744 718/901/743 732/928/770 729/925/767
f 732/928/770 718/901/743 719/905/747 726/910/752
f 739/930/772 715/931/773 714/891/733 736/890/733
f 738/932/774 716/933/775 715/931/773 739/930/772
f 735/895/737 712/894/736 748/934/776 734/935/777
f 742/899/741 741/898/740 716/933/775 738/932/774
f 734/935/777 748/934/776 752/936/778 733/937/779
f 772/938/780 750/939/780 749/940/781 773/941/782
f 749/940/781 787/942/783 771/943/784 773/941/782
f 776/944/785 752/936/778 748/934/776 777/945/786
f 757/946/787 754/947/788 753/948/789 756/949/790
f 754/947/788 757/946/787 758/950/791 755/951/792
f 760/952/793 757/946/787 756/949/790 759/953/794
f 757/946/787 760/952/793 761/954/795 758/950/791
f 755/951/792 758/950/791 763/955/796 762/956/797
f 762/956/797 763/955/796 774/957/798 775/958/799
f 764/959/800 763/955/796 758/950/791 761/954/795
f 763/955/796 764/959/800 777/960/801 774/957/798
f 761/954/795 760/952/793 778/961/802 781/962/803
f 764/959/800 761/954/795 781/962/803 782/963/804
f 759/953/794 767/964/805 780/965/806 779/966/807
f 767/964/805 770/967/808 769/968/809 780/965/806
f 771/969/810 766/970/811 765/971/812 773/972/813
f 756/949/790 753/948/789 765/971/812 766/970/811
f 767/964/805 766/970/811 771/969/810 770/967/808
f 766/970/811 767/964/805 759/953/794 756/949/790
f 760/952/793 759/953/794 779/966/807 778/961/802
f 776/973/814 777/960/801 764/959/800 782/963/804
f 773/972/813 765/971/812 768/974/815 772/975/816
f 772/975/816 768/974/815 762/956/797 775/958/799
f 753/948/789 754/947/788 768/974/815 765/971/812
f 768/974/815 754/947/788 755/951/792 762/956/797
f 775/976/817 751/977/818 750/939/780 772/938/780
f 774/978/819 712/894/736 751/977/818 775/976/817
f 771/943/784 787/942/783 813/979/820 770/980/821
f 777/945/786 748/934/776 712/894/736 774/978/819
f 770/980/821 813/979/820 788/981/822 769/982/823
f 808/983/824 785/984/824 784/985/825 809/986/826
f 784/985/825 783/987/827 807/988/828 809/986/826
f 812/989/829 788/981/822 813/979/820 814/990/830
f 793/991/831 790/992/832 789/993/833 792/994/834
f 790/992/832 793/991/831 794/995/835 791/996/836
f 796/997/837 793/991/831 792/994/834 795/998/838
f 793/991/831 796/997/837 797/999/839 794/995/835
f 791/996/836 794/995/835 799/1000/840 798/1001/841
f 798/1001/841 799/1000/840 810/1002/842 811/1003/843
f 800/1004/844 799/1000/840 794/995/835 797/999/839
f 799/1000/840 800/1004/844 814/1005/845 810/1002/842
f 797/999/839 796/997/837 815/1006/846 818/1007/847
f 800/1004/844 797/999/839 818/1007/847 819/1008/848
f 795/998/838 803/1009/849 817/1010/850 816/1011/851
f 803/1009/849 806/1012/852 805/1013/853 817/1010/850
f 807/1014/854 802/1015/855 801/1016/856 809/1017/857
f 792/994/834 789/993/833 801/1016/856 802/1015/855
f 803/1009/849 802/1015/855 807/1014/854 806/1012/852
f 802/1015/855 803/1009/849 795/998/838 792/994/834
f 796/997/837 795/998/838 816/1011/851 815/1006/846
f 812/1018/858 814/1005/845 800/1004/844 819/1008/848
f 809/1017/857 801/1016/856 804/1019/859 808/1020/860
f 808/1020/860 804/1019/859 798/1001/841 811/1003/843
f 789/993/833 790/992/832 804/1019/859 801/1016/856
f 804/1019/859 790/992/832 791/996/836 798/1001/841
f 811/1021/861 786/1022/862 785/984/824 808/983/824
f 810/1023/863 787/942/783 786/1022/862 811/1021/861
f 807/988/828 783/987/827 820/1024/864 806/1025/865
f 814/990/830 813/979/820 787/942/783 810/1023/863
f 806/1025/865 820/1024/864 825/1026/866 805/1027/867
f 845/1028/868 823/1029/868 822/1030/869 846/1031/870
f 822/1030/869 861/1032/871 844/1033/872 846/1031/870
f 849/1034/873 825/1026/866 820/1024/864 850/1035/874
f 830/1036/875 827/1037/876 826/1038/877 829/1039/878
f 827/1037/876 830/1036/875 831/1040/879 828/1041/880
f 833/1042/881 830/1036/875 829/1039/878 832/1043/882
f 830/1036/875 833/1042/881 834/1044/883 831/1040/879
f 828/1041/880 831/1040/879 836/1045/884 835/1046/885
f 835/1046/885 836/1045/884 847/1047/886 848/1048/887
f 837/1049/888 836/1045/884 831/1040/879 834/1044/883
f 836/1045/884 837/1049/888 850/1050/889 847/1047/886
f 834/1044/883 833/1042/881 851/1051/890 854/1052/891
f 837/1049/888 834/1044/883 854/1052/891 855/1053/892
f 832/1043/882 840/1054/893 853/1055/894 852/1056/895
f 840/1054/893 843/1057/896 842/1058/897 853/1055/894
f 844/1059/898 839/1060/899 838/1061/900 846/1062/901
f 829/1039/878 826/1038/877 838/1061/900 839/1060/899
f 840/1054/893 839/1060/899 844/1059/898 843/1057/896
f 839/1060/899 840/1054/893 832/1043/882 829/1039/878
f 833/1042/881 832/1043/882 852/1056/895 851/1051/890
f 849/1063/902 850/1050/889 837/1049/888 855/1053/892
f 846/1062/901 838/1061/900 841/1064/903 845/1065/904
f 845/1065/904 841/1064/903 835/1046/885 848/1048/887
f 826/1038/877 827/1037/876 841/1064/903 838/1061/900
f 841/1064/903 827/1037/876 828/1041/880 835/1046/885
f 848/1066/905 824/1067/906 823/1029/868 845/1028/868
f 847/1068/907 783/987/827 824/1067/906 848/1066/905
f 844/1033/872 861/1032/871 856/1069/908 843/1070/909
f 850/1035/874 820/1024/864 783/987/827 847/1068/907
f 843/1070/909 856/1069/908 821/1071/910 842/1072/911
f 881/1073/912 859/1074/912 858/1075/913 882/1076/914
f 858/1075/913 896/1077/915 880/1078/916 882/1076/914
f 885/1079/917 821/1071/910 856/1069/908 886/1080/918
f 866/1081/919 863/1082/920 862/1083/921 865/1084/922
f 863/1082/920 866/1081/919 867/1085/923 864/1086/924
f 869/1087/925 866/1081/919 865/1084/922 868/1088/926
f 866/1081/919 869/1087/925 870/1089/927 867/1085/923
f 864/1086/924 867/1085/923 872/1090/928 871/1091/929
f 871/1091/929 872/1090/928 883/1092/930 884/1093/931
f 873/1094/932 872/1090/928 867/1085/923 870/1089/927
f 872/1090/928 873/1094/932 886/1095/933 883/1092/930
f 870/1089/927 869/1087/925 887/1096/934 890/1097/935
f 873/1094/932 870/1089/927 890/1097/935 891/1098/936
f 868/1088/926 876/1099/937 889/1100/938 888/1101/939
f 876/1099/937 879/1102/940 878/1103/941 889/1100/938
f 880/1104/942 875/1105/943 874/1106/944 882/1107/945
f 865/1084/922 862/1083/921 874/1106/944 875/1105/943
f 876/1099/937 875/1105/943 880/1104/942 879/1102/940
f 875/1105/943 876/1099/937 868/1088/926 865/1084/922
f 869/1087/925 868/1088/926 888/1101/939 887/1096/934
f 885/1108/946 886/1095/933 873/1094/932 891/1098/936
f 882/1107/945 874/1106/944 877/1109/947 881/1110/948
f 881/1110/948 877/1109/947 871/1091/929 884/1093/931
f 862/1083/921 863/1082/920 877/1109/947 874/1106/944
f 877/1109/947 863/1082/920 864/1086/924 871/1091/929
f 884/1111/949 860/1112/950 859/1113/912 881/1114/912
f 883/1115/951 861/1032/871 860/1112/950 884/1111/949
f 880/1078/916 896/1077/915 921/1116/952 879/1117/953
f 886/1080/918 856/1069/908 861/1032/871 883/1115/951
f 879/1117/953 921/1116/952 857/1118/954 878/1119/955
f 916/1120/956 894/1121/956 893/1122/957 917/1123/958
f 893/1122/957 716/933/775 915/1124/959 917/1123/958
f 920/1125/960 857/1118/954 921/1116/952 922/1126/961
f 901/1127/962 898/1128/963 897/1129/964 900/1130/965
f 898/1128/963 901/1127/962 902/1131/966 899/1132/967
f 904/1133/968 901/1127/962 900/1130/965 903/1134/969
f 901/1127/962 904/1133/968 905/1135/970 902/1131/966
f 899/1132/967 902/1131/966 907/1136/971 906/1137/972
f 906/1137/972 907/1136/971 918/1138/973 919/1139/974
f 908/1140/975 907/1136/971 902/1131/966 905/1135/970
f 907/1136/971 908/1140/975 922/1141/976 918/1138/973
f 905/1135/970 904/1133/968 923/1142/977 926/1143/978
f 908/1140/975 905/1135/970 926/1143/978 927/1144/979
f 903/1134/969 911/1145/980 925/1146/981 924/1147/982
f 911/1145/980 914/1148/983 913/1149/984 925/1146/981
f 915/1150/985 910/1151/986 909/1152/987 917/1153/988
f 900/1130/965 897/1129/964 909/1152/987 910/1151/986
f 911/1145/980 910/1151/986 915/1150/985 914/1148/983
f 910/1151/986 911/1145/980 903/1134/969 900/1130/965
f 904/1133/968 903/1134/969 924/1147/982 923/1142/977
f 920/1154/989 922/1141/976 908/1140/975 927/1144/979
f 917/1153/988 909/1152/987 912/1155/990 916/1156/991
f 916/1156/991 912/1155/990 906/1137/972 919/1139/974
f 897/1129/964 898/1128/963 912/1155/990 909/1152/987
f 912/1155/990 898/1128/963 899/1132/967 906/1137/972
f 919/1157/992 895/1158/993 894/1121/956 916/1120/956
f 918/1159/994 896/1077/915 895/1158/993 919/1157/992
f 915/1124/959 716/933/775 741/898/740 914/1160/995
f 922/1126/961 921/1116/952 896/1077/915 918/1159/994
f 914/1160/995 741/898/740 892/897/739 913/1161/996
f 933/1162/541 853/1163/541 842/1164/541 821/1165/541
f 930/1166/541 889/1167/541 878/1168/541 857/1169/541
f 928/1170/541 925/1171/541 913/1172/541 892/1173/541
f 934/1174/541 745/1175/541 733/1176/541 752/1177/541
f 932/1178/541 780/1179/541 769/1180/541 788/1181/541
f 929/1182/541 817/1183/541 805/1184/541 825/1185/541
f 935/1186/541 852/1187/541 853/1163/541 933/1162/541
f 939/1188/541 932/1178/541 819/1189/541 818/1190/541
f 747/1191/541 928/1170/541 892/1173/541 740/1192/541
f 855/1193/541 929/1182/541 825/1185/541 849/1194/541
f 938/1195/541 934/1174/541 782/1196/541 781/1197/541
f 926/1198/541 936/1199/541 930/1166/541 927/1200/541
f 927/1200/541 930/1166/541 857/1169/541 920/1201/541
f 819/1189/541 932/1178/541 788/1181/541 812/1202/541
f 890/1203/541 935/1186/541 933/1162/541 891/1204/541
f 746/1205/541 937/1206/541 928/1170/541 747/1191/541
f 891/1204/541 933/1162/541 821/1165/541 885/1207/541
f 782/1196/541 934/1174/541 752/1177/541 776/1208/541
f 931/1209/541 935/1186/541 890/1203/541 887/1210/541
f 940/1211/541 929/1182/541 855/1193/541 854/1212/541
f 931/1209/541 936/1199/541 926/1198/541 923/1213/541
f 930/1166/541 936/1199/541 888/1214/541 889/1167/541
f 928/1170/541 937/1206/541 924/1215/541 925/1171/541
f 744/1216/541 745/1175/541 934/1174/541 938/1195/541
f 939/1188/541 779/1217/541 780/1179/541 932/1178/541
f 743/1218/541 744/1216/541 938/1195/541 931/1209/541
f 940/1211/541 816/1219/541 817/1183/541 929/1182/541
f 931/1209/541 938/1195/541 781/1197/541 778/1220/541
f 931/1209/541 940/1211/541 854/1212/541 851/1221/541
f 931/1209/541 939/1188/541 818/1190/541 815/1222/541
f 935/1186/541 931/1209/541 851/1221/541 852/1187/541
f 936/1199/541 931/1209/541 887/1210/541 888/1214/541
f 937/1206/541 931/1209/541 923/1213/541 924/1215/541
f 746/1205/541 743/1218/541 931/1209/541 937/1206/541
f 939/1188/541 931/1209/541 778/1220/541 779/1217/541
f 940/1211/541 931/1209/541 815/1222/541 816/1219/541
f 965/1223/997 943/1224/997 942/1225/998 966/1226/999
f 942/1225/998 941/1227/1000 964/1228/1001 966/1226/999
f 969/1229/1002 1121/1230/1003 970/1231/1004 971/1232/1005
f 950/1233/1006 947/1234/1007 946/1235/1008 949/1236/1009
f 947/1234/1007 950/1233/1006 951/1237/1010 948/1238/1011
f 953/1239/1012 950/1233/1006 949/1236/1009 952/1240/1013
f 950/1233/1006 953/1239/1012 954/1241/1014 951/1237/1010
f 948/1238/1011 951/1237/1010 956/1242/1015 955/1243/1016
f 955/1243/1016 956/1242/1015 967/1244/1017 968/1245/1018
f 957/1246/1019 956/1242/1015 951/1237/1010 954/1241/1014
f 956/1242/1015 957/1246/1019 971/1247/1020 967/1244/1017
f 954/1241/1014 953/1239/1012 972/1248/1021 975/1249/1022
f 957/1246/1019 954/1241/1014 975/1249/1022 976/1250/1023
f 952/1240/1013 960/1251/1024 974/1252/1025 973/1253/1026
f 960/1251/1024 963/1254/1027 962/1255/1028 974/1252/1025
f 964/1256/1029 959/1257/1030 958/1258/1031 966/1259/1032
f 949/1236/1009 946/1235/1008 958/1258/1031 959/1257/1030
f 960/1251/1024 959/1257/1030 964/1256/1029 963/1254/1027
f 959/1257/1030 960/1251/1024 952/1240/1013 949/1236/1009
f 953/1239/1012 952/1240/1013 973/1253/1026 972/1248/1021
f 969/1260/1033 971/1247/1020 957/1246/1019 976/1250/1023
f 966/1259/1032 958/1258/1031 961/1261/1034 965/1262/1035
f 965/1262/1035 961/1261/1034 955/1243/1016 968/1245/1018
f 946/1235/1008 947/1234/1007 961/1261/1034 958/1258/1031
f 961/1261/1034 947/1234/1007 948/1238/1011 955/1243/1016
f 968/1263/1036 944/1264/1037 943/1224/997 965/1223/997
f 967/1265/1038 945/1266/1039 944/1264/1037 968/1263/1036
f 964/1228/1001 941/1227/1000 977/1267/1040 963/1268/1041
f 971/1232/1005 970/1231/1004 945/1266/1039 967/1265/1038
f 963/1268/1041 977/1267/1040 981/1269/1042 962/1270/1043
f 1001/1271/1044 979/1272/1044 978/1273/1045 1002/1274/1046
f 978/1273/1045 1016/1275/1047 1000/1276/1048 1002/1274/1046
f 1005/1277/1049 981/1269/1042 977/1267/1040 1006/1278/1050
f 986/1279/1051 983/1280/1052 982/1281/1053 985/1282/1054
f 983/1280/1052 986/1279/1051 987/1283/1055 984/1284/1056
f 989/1285/1057 986/1279/1051 985/1282/1054 988/1286/1058
f 986/1279/1051 989/1285/1057 990/1287/1059 987/1283/1055
f 984/1284/1056 987/1283/1055 992/1288/1060 991/1289/1061
f 991/1289/1061 992/1288/1060 1003/1290/1062 1004/1291/1063
f 993/1292/1064 992/1288/1060 987/1283/1055 990/1287/1059
f 992/1288/1060 993/1292/1064 1006/1293/1065 1003/1290/1062
f 990/1287/1059 989/1285/1057 1007/1294/1066 1010/1295/1067
f 993/1292/1064 990/1287/1059 1010/1295/1067 1011/1296/1068
f 988/1286/1058 996/1297/1069 1009/1298/1070 1008/1299/1071
f 996/1297/1069 999/1300/1072 998/1301/1073 1009/1298/1070
f 1000/1302/1074 995/1303/1075 994/1304/1076 1002/1305/1077
f 985/1282/1054 982/1281/1053 994/1304/1076 995/1303/1075
f 996/1297/1069 995/1303/1075 1000/1302/1074 999/1300/1072
f 995/1303/1075 996/1297/1069 988/1286/1058 985/1282/1054
f 989/1285/1057 988/1286/1058 1008/1299/1071 1007/1294/1066
f 1005/1306/1078 1006/1293/1065 993/1292/1064 1011/1296/1068
f 1002/1305/1077 994/1304/1076 997/1307/1079 1001/1308/1080
f 1001/1308/1080 997/1307/1079 991/1289/1061 1004/1291/1063
f 982/1281/1053 983/1280/1052 997/1307/1079 994/1304/1076
f 997/1307/1079 983/1280/1052 984/1284/1056 991/1289/1061
f 1004/1309/1081 980/1310/1082 979/1272/1044 1001/1271/1044
f 1003/1311/1083 941/1227/1000 980/1310/1082 1004/1309/1081
f 1000/1276/1048 1016/1275/1047 1042/1312/1084 999/1313/1085
f 1006/1278/1050 977/1267/1040 941/1227/1000 1003/1311/1083
f 999/1313/1085 1042/1312/1084 1017/1314/1086 998/1315/1087
f 1037/1316/1088 1014/1317/1088 1013/1318/1089 1038/1319/1090
f 1013/1318/1089 1012/1320/1091 1036/1321/1092 1038/1319/1090
f 1041/1322/1093 1017/1314/1086 1042/1312/1084 1043/1323/1094
f 1022/1324/1095 1019/1325/1096 1018/1326/1097 1021/1327/1098
f 1019/1325/1096 1022/1324/1095 1023/1328/1099 1020/1329/1100
f 1025/1330/1101 1022/1324/1095 1021/1327/1098 1024/1331/1102
f 1022/1324/1095 1025/1330/1101 1026/1332/1103 1023/1328/1099
f 1020/1329/1100 1023/1328/1099 1028/1333/1104 1027/1334/1105
f 1027/1334/1105 1028/1333/1104 1039/1335/1106 1040/1336/1107
f 1029/1337/1108 1028/1333/1104 1023/1328/1099 1026/1332/1103
f 1028/1333/1104 1029/1337/1108 1043/1338/1109 1039/1335/1106
f 1026/1332/1103 1025/1330/1101 1044/1339/1110 1047/1340/1111
f 1029/1337/1108 1026/1332/1103 1047/1340/1111 1048/1341/1112
f 1024/1331/1102 1032/1342/1113 1046/1343/1114 1045/1344/1115
f 1032/1342/1113 1035/1345/1116 1034/1346/1117 1046/1343/1114
f 1036/1347/1118 1031/1348/1119 1030/1349/1120 1038/1350/1121
f 1021/1327/1098 1018/1326/1097 1030/1349/1120 1031/1348/1119
f 1032/1342/1113 1031/1348/1119 1036/1347/1118 1035/1345/1116
f 1031/1348/1119 1032/1342/1113 1024/1331/1102 1021/1327/1098
f 1025/1330/1101 1024/1331/1102 1045/1344/1115 1044/1339/1110
f 1041/1351/1122 1043/1338/1109 1029/1337/1108 1048/1341/1112
f 1038/1350/1121 1030/1349/1120 1033/1352/1123 1037/1353/1124
f 1037/1353/1124 1033/1352/1123 1027/1334/1105 1040/1336/1107
f 1018/1326/1097 1019/1325/1096 1033/1352/1123 1030/1349/1120
f 1033/1352/1123 1019/1325/1096 1020/1329/1100 1027/1334/1105
f 1040/1354/1125 1015/1355/1126 1014/1317/1088 1037/1316/1088
f 1039/1356/1127 1016/1275/1047 1015/1355/1126 1040/1354/1125
f 1036/1321/1092 1012/1320/1091 1049/1357/1128 1035/1358/1129
f 1043/1323/1094 1042/1312/1084 1016/1275/1047 1039/1356/1127
f 1035/1358/1129 1049/1357/1128 1054/1359/1130 1034/1360/1131
f 1074/1361/1132 1052/1362/1132 1051/1363/1133 1075/1364/1134
f 1051/1363/1133 1090/1365/1135 1073/1366/1136 1075/1364/1134
f 1078/1367/1137 1054/1359/1130 1049/1357/1128 1079/1368/1138
f 1059/1369/1139 1056/1370/1140 1055/1371/1141 1058/1372/1142
f 1056/1370/1140 1059/1369/1139 1060/1373/1143 1057/1374/1144
f 1062/1375/1145 1059/1369/1139 1058/1372/1142 1061/1376/1146
f 1059/1369/1139 1062/1375/1145 1063/1377/1147 1060/1373/1143
f 1057/1374/1144 1060/1373/1143 1065/1378/1148 1064/1379/1149
f 1064/1379/1149 1065/1378/1148 1076/1380/1150 1077/1381/1151
f 1066/1382/1152 1065/1378/1148 1060/1373/1143 1063/1377/1147
f 1065/1378/1148 1066/1382/1152 1079/1383/1153 1076/1380/1150
f 1063/1377/1147 1062/1375/1145 1080/1384/1154 1083/1385/1155
f 1066/1382/1152 1063/1377/1147 1083/1385/1155 1084/1386/1156
f 1061/1376/1146 1069/1387/1157 1082/1388/1158 1081/1389/1159
f 1069/1387/1157 1072/1390/1160 1071/1391/1161 1082/1388/1158
f 1073/1392/1162 1068/1393/1163 1067/1394/1164 1075/1395/1165
f 1058/1372/1142 1055/1371/1141 1067/1394/1164 1068/1393/1163
f 1069/1387/1157 1068/1393/1163 1073/1392/1162 1072/1390/1160
f 1068/1393/1163 1069/1387/1157 1061/1376/1146 1058/1372/1142
f 1062/1375/1145 1061/1376/1146 1081/1389/1159 1080/1384/1154
f 1078/1396/1166 1079/1383/1153 1066/1382/1152 1084/1386/1156
f 1075/1395/1165 1067/1394/1164 1070/1397/1167 1074/1398/1168
f 1074/1398/1168 1070/1397/1167 1064/1379/1149 1077/1381/1151
f 1055/1371/1141 1056/1370/1140 1070/1397/1167 1067/1394/1164
f 1070/1397/1167 1056/1370/1140 1057/1374/1144 1064/1379/1149
f 1077/1399/1169 1053/1400/1170 1052/1362/1132 1074/1361/1132
f 1076/1401/1171 1012/1320/1091 1053/1400/1170 1077/1399/1169
f 1073/1366/1136 1090/1365/1135 1085/1402/1172 1072/1403/1173
f 1079/1368/1138 1049/1357/1128 1012/1320/1091 1076/1401/1171
f 1072/1403/1173 1085/1402/1172 1050/1404/1174 1071/1405/1175
f 1110/1406/1176 1088/1407/1176 1087/1408/1177 1111/1409/1178
f 1087/1408/1177 1125/1410/1179 1109/1411/1180 1111/1409/1178
f 1114/1412/1181 1050/1404/1174 1085/1402/1172 1115/1413/1182
f 1095/1414/1183 1092/1415/1184 1091/1416/1185 1094/1417/1186
f 1092/1415/1184 1095/1414/1183 1096/1418/1187 1093/1419/1188
f 1098/1420/1189 1095/1414/1183 1094/1417/1186 1097/1421/1190
f 1095/1414/1183 1098/1420/1189 1099/1422/1191 1096/1418/1187
f 1093/1419/1188 1096/1418/1187 1101/1423/1192 1100/1424/1193
f 1100/1424/1193 1101/1423/1192 1112/1425/1194 1113/1426/1195
f 1102/1427/1196 1101/1423/1192 1096/1418/1187 1099/1422/1191
f 1101/1423/1192 1102/1427/1196 1115/1428/1197 1112/1425/1194
f 1099/1422/1191 1098/1420/1189 1116/1429/1198 1119/1430/1199
f 1102/1427/1196 1099/1422/1191 1119/1430/1199 1120/1431/1200
f 1097/1421/1190 1105/1432/1201 1118/1433/1202 1117/1434/1203
f 1105/1432/1201 1108/1435/1204 1107/1436/1205 1118/1433/1202
f 1109/1437/1206 1104/1438/1207 1103/1439/1208 1111/1440/1209
f 1094/1417/1186 1091/1416/1185 1103/1439/1208 1104/1438/1207
f 1105/1432/1201 1104/1438/1207 1109/1437/1206 1108/1435/1204
f 1104/1438/1207 1105/1432/1201 1097/1421/1190 1094/1417/1186
f 1098/1420/1189 1097/1421/1190 1117/1434/1203 1116/1429/1198
f 1114/1441/1210 1115/1428/1197 1102/1427/1196 1120/1431/1200
f 1111/1440/1209 1103/1439/1208 1106/1442/1211 1110/1443/1212
f 1110/1443/1212 1106/1442/1211 1100/1424/1193 1113/1426/1195
f 1091/1416/1185 1092/1415/1184 1106/1442/1211 1103/1439/1208
f 1106/1442/1211 1092/1415/1184 1093/1419/1188 1100/1424/1193
f 1113/1444/1213 1089/1445/1214 1088/1446/1176 1110/1447/1176
f 1112/1448/1215 1090/1365/1135 1089/1445/1214 1113/1444/1213
f 1109/1411/1180 1125/1410/1179 1150/1449/1216 1108/1450/1217
f 1115/1413/1182 1085/1402/1172 1090/1365/1135 1112/1448/1215
f 1108/1450/1217 1150/1449/1216 1086/1451/1218 1107/1452/1219
f 1145/1453/1220 1123/1454/1220 1122/1455/1221 1146/1456/1222
f 1122/1455/1221 945/1266/1039 1144/1457/1223 1146/1456/1222
f 1149/1458/1224 1086/1451/1218 1150/1449/1216 1151/1459/1225
f 1130/1460/1226 1127/1461/1227 1126/1462/1228 1129/1463/1229
f 1127/1461/1227 1130/1460/1226 1131/1464/1230 1128/1465/1231
f 1133/1466/1232 1130/1460/1226 1129/1463/1229 1132/1467/1233
f 1130/1460/1226 1133/1466/1232 1134/1468/1234 1131/1464/1230
f 1128/1465/1231 1131/1464/1230 1136/1469/1235 1135/1470/1236
f 1135/1470/1236 1136/1469/1235 1147/1471/1237 1148/1472/1238
f 1137/1473/1239 1136/1469/1235 1131/1464/1230 1134/1468/1234
f 1136/1469/1235 1137/1473/1239 1151/1474/1240 1147/1471/1237
f 1134/1468/1234 1133/1466/1232 1152/1475/1241 1155/1476/1242
f 1137/1473/1239 1134/1468/1234 1155/1476/1242 1156/1477/1243
f 1132/1467/1233 1140/1478/1244 1154/1479/1245 1153/1480/1246
f 1140/1478/1244 1143/1481/1247 1142/1482/1248 1154/1479/1245
f 1144/1483/1249 1139/1484/1250 1138/1485/1251 1146/1486/1252
f 1129/1463/1229 1126/1462/1228 1138/1485/1251 1139/1484/1250
f 1140/1478/1244 1139/1484/1250 1144/1483/1249 1143/1481/1247
f 1139/1484/1250 1140/1478/1244 1132/1467/1233 1129/1463/1229
f 1133/1466/1232 1132/1467/1233 1153/1480/1246 1152/1475/1241
f 1149/1487/1253 1151/1474/1240 1137/1473/1239 1156/1477/1243
f 1146/1486/1252 1138/1485/1251 1141/1488/1254 1145/1489/1255
f 1145/1489/1255 1141/1488/1254 1135/1470/1236 1148/1472/1238
f 1126/1462/1228 1127/1461/1227 1141/1488/1254 1138/1485/1251
f 1141/1488/1254 1127/1461/1227 1128/1465/1231 1135/1470/1236
f 1148/1490/1256 1124/1491/1257 1123/1454/1220 1145/1453/1220
f 1147/1492/1258 1125/1410/1179 1124/1491/1257 1148/1490/1256
f 1144/1457/1223 945/1266/1039 970/1231/1004 1143/1493/1259
f 1151/1459/1225 1150/1449/1216 1125/1410/1179 1147/1492/1258
f 1143/1493/1259 970/1231/1004 1121/1230/1003 1142/1494/1260
f 1162/1495/541 1082/1496/541 1071/1497/541 1050/1498/541
f 1159/1499/541 1118/1500/541 1107/1501/541 1086/1502/541
f 1157/1503/541 1154/1504/541 1142/1505/541 1121/1506/541
f 1163/1507/541 974/1508/541 962/1509/541 981/1510/541
f 1161/1511/541 1009/1512/541 998/1513/541 1017/1514/541
f 1158/1515/541 1046/1516/541 1034/1517/541 1054/1518/541
f 1164/1519/541 1081/1520/541 1082/1496/541 1162/1495/541
f 1168/1521/541 1161/1511/541 1048/1522/541 1047/1523/541
f 976/1524/541 1157/1503/541 1121/1506/541 969/1525/541
f 1084/1526/541 1158/1515/541 1054/1518/541 1078/1527/541
f 1167/1528/541 1163/1507/541 1011/1529/541 1010/1530/541
f 1155/1531/541 1165/1532/541 1159/1499/541 1156/1533/541
f 1156/1533/541 1159/1499/541 1086/1502/541 1149/1534/541
f 1048/1522/541 1161/1511/541 1017/1514/541 1041/1535/541
f 1119/1536/541 1164/1519/541 1162/1495/541 1120/1537/541
f 975/1538/541 1166/1539/541 1157/1503/541 976/1524/541
f 1120/1537/541 1162/1495/541 1050/1498/541 1114/1540/541
f 1011/1529/541 1163/1507/541 981/1510/541 1005/1541/541
f 1160/1542/541 1164/1519/541 1119/1536/541 1116/1543/541
f 1169/1544/541 1158/1515/541 1084/1526/541 1083/1545/541
f 1160/1542/541 1165/1532/541 1155/1531/541 1152/1546/541
f 1159/1499/541 1165/1532/541 1117/1547/541 1118/1500/541
f 1157/1503/541 1166/1539/541 1153/1548/541 1154/1504/541
f 973/1549/541 974/1508/541 1163/1507/541 1167/1528/541
f 1168/1521/541 1008/1550/541 1009/1512/541 1161/1511/541
f 972/1551/541 973/1549/541 1167/1528/541 1160/1542/541
f 1169/1544/541 1045/1552/541 1046/1516/541 1158/1515/541
f 1160/1542/541 1167/1528/541 1010/1530/541 1007/1553/541
f 1160/1542/541 1169/1544/541 1083/1545/541 1080/1554/541
f 1160/1542/541 1168/1521/541 1047/1523/541 1044/1555/541
f 1164/1519/541 1160/1542/541 1080/1554/541 1081/1520/541
f 1165/1532/541 1160/1542/541 1116/1543/541 1117/1547/541
f 1166/1539/541 1160/1542/541 1152/1546/541 1153/1548/541
f 975/1538/541 972/1551/541 1160/1542/541 1166/1539/541
f 1168/1521/541 1160/1542/541 1007/1553/541 1008/1550/541
f 1169/1544/541 1160/1542/541 1044/1555/541 1045/1552/541
