# Blender 4.0.2
# www.blender.org
o greek_vase_01
v 0.012753 0.064951 0.064114
v 0.025523 0.245090 0.128312
v 0.025016 0.064951 0.060394
v 0.050065 0.245090 0.120867
v 0.036318 0.064951 0.054353
v 0.072683 0.245090 0.108778
v 0.046224 0.064951 0.046224
v 0.092508 0.245090 0.092508
v 0.054353 0.064951 0.036318
v 0.108778 0.245090 0.072683
v 0.060394 0.064951 0.025016
v 0.120867 0.245090 0.050065
v 0.064114 0.064951 0.012753
v 0.128105 0.255430 0.014069
v 0.065370 0.064951 0.000000
v 0.129456 0.255432 0.000000
v 0.012753 0.064951 -0.064114
v 0.025523 0.245090 -0.128312
v 0.025016 0.064951 -0.060394
v 0.050065 0.245090 -0.120867
v 0.036318 0.064951 -0.054353
v 0.072683 0.245090 -0.108778
v 0.000000 0.064951 0.065370
v 0.000000 0.245090 0.130826
v -0.012753 0.064951 0.064114
v -0.025523 0.245090 0.128312
v -0.025016 0.064951 0.060394
v -0.050065 0.245090 0.120867
v -0.036318 0.064951 0.054353
v -0.072683 0.245090 0.108778
v -0.046224 0.064951 0.046224
v -0.092508 0.245090 0.092508
v -0.054353 0.064951 0.036318
v -0.108778 0.245090 0.072683
v -0.060394 0.064951 0.025016
v -0.120867 0.245090 0.050065
v -0.064114 0.064951 0.012753
v -0.128105 0.255430 0.014069
v -0.065370 0.064951 0.000000
v -0.129456 0.255432 0.000000
v 0.000000 0.064951 -0.065370
v 0.000000 0.245090 -0.130826
v -0.012753 0.064951 -0.064114
v -0.025523 0.245090 -0.128312
v -0.025016 0.064951 -0.060394
v -0.050065 0.245090 -0.120867
v -0.036318 0.064951 -0.054353
v -0.072683 0.245090 -0.108778
v -0.046224 0.064951 -0.046224
v -0.092508 0.245090 -0.092508
v -0.054353 0.064951 -0.036318
v -0.108778 0.245090 -0.072683
v 0.046224 0.064951 -0.046224
v 0.092508 0.245090 -0.092508
v 0.054353 0.064951 -0.036318
v 0.108778 0.245090 -0.072683
v 0.060394 0.064951 -0.025016
v 0.120867 0.245090 -0.050065
v 0.064114 0.064951 -0.012753
v 0.128105 0.255430 -0.014069
v 0.024753 0.188311 0.124441
v 0.020618 0.126631 0.103656
v 0.048554 0.188311 0.117221
v 0.040445 0.126631 0.097642
v 0.070490 0.188311 0.105496
v 0.058716 0.126631 0.087875
v 0.089717 0.188311 0.089717
v 0.074732 0.126631 0.074732
v 0.105496 0.188311 0.070490
v 0.087875 0.126631 0.058716
v 0.117221 0.188311 0.048554
v 0.097642 0.126631 0.040445
v 0.000000 0.188311 0.126879
v 0.000000 0.126631 0.105687
v -0.060394 0.064951 -0.025016
v -0.120867 0.245090 -0.050065
v -0.064114 0.064951 -0.012753
v -0.128105 0.255430 -0.014069
v -0.024753 0.188311 0.124441
v -0.020618 0.126631 0.103656
v -0.048554 0.188311 0.117221
v -0.040445 0.126631 0.097642
v -0.070490 0.188311 0.105496
v -0.058716 0.126631 0.087875
v -0.089717 0.188311 0.089717
v -0.074732 0.126631 0.074732
v -0.105496 0.188311 0.070490
v -0.087875 0.126631 0.058716
v -0.117221 0.188311 0.048554
v -0.097642 0.126631 0.040445
v 0.124441 0.188311 0.024753
v 0.103656 0.126631 0.020618
v 0.126879 0.188311 0.000000
v 0.105687 0.126631 0.000000
v 0.000000 0.188311 -0.126879
v 0.000000 0.126631 -0.105687
v -0.124441 0.188311 0.024753
v -0.103656 0.126631 0.020618
v -0.126879 0.188311 0.000000
v -0.105687 0.126631 0.000000
v -0.024753 0.188311 -0.124441
v -0.020618 0.126631 -0.103656
v -0.048554 0.188311 -0.117221
v -0.040445 0.126631 -0.097642
v -0.070490 0.188311 -0.105496
v -0.058716 0.126631 -0.087875
v 0.024753 0.188311 -0.124441
v 0.020618 0.126631 -0.103656
v 0.048554 0.188311 -0.117221
v 0.040445 0.126631 -0.097642
v 0.070490 0.188311 -0.105496
v 0.058716 0.126631 -0.087875
v 0.000000 0.281336 0.117052
v -0.089717 0.188311 -0.089717
v -0.074732 0.126631 -0.074732
v -0.105496 0.188311 -0.070490
v -0.087875 0.126631 -0.058716
v -0.117221 0.188311 -0.048554
v 0.089717 0.188311 -0.089717
v 0.074732 0.126631 -0.074732
v 0.105496 0.188311 -0.070490
v 0.087875 0.126631 -0.058716
v 0.117221 0.188311 -0.048554
v 0.097642 0.126631 -0.040445
v 0.000000 0.281336 -0.117052
v -0.097642 0.126631 -0.040445
v -0.124441 0.188311 -0.024753
v -0.103656 0.126631 -0.020618
v -0.022836 0.281336 0.114803
v -0.044794 0.281336 0.108142
v 0.124441 0.188311 -0.024753
v 0.103656 0.126631 -0.020618
v 0.022836 0.281336 0.114803
v 0.044794 0.281336 0.108142
v 0.065031 0.281336 0.097325
v 0.000000 0.312839 0.063782
v -0.065031 0.281336 0.097325
v -0.082768 0.281336 0.082768
v -0.097325 0.281336 0.065031
v -0.108142 0.281336 0.044794
v -0.022836 0.281336 -0.114803
v -0.044794 0.281336 -0.108142
v -0.065031 0.281336 -0.097325
v 0.082768 0.281336 0.082768
v 0.097325 0.281336 0.065031
v 0.108142 0.281336 0.044794
v 0.022836 0.281336 -0.114803
v 0.044794 0.281336 -0.108142
v 0.065031 0.281336 -0.097325
v 0.000000 0.312839 -0.063782
v -0.082768 0.281336 -0.082768
v -0.097325 0.281336 -0.065031
v -0.108142 0.281336 -0.044794
v -0.012443 0.312839 0.062557
v -0.024408 0.312839 0.058927
v 0.082768 0.281336 -0.082768
v 0.097325 0.281336 -0.065031
v 0.108142 0.281336 -0.044794
v 0.012443 0.312839 0.062557
v 0.024408 0.312839 0.058927
v 0.035436 0.312839 0.053033
v 0.000000 0.345804 0.053445
v -0.035436 0.312839 0.053033
v -0.045101 0.312839 0.045101
v -0.053033 0.312839 0.035436
v -0.058927 0.312839 0.024408
v -0.062557 0.312839 0.012443
v -0.063782 0.312839 0.000000
v 0.045101 0.312839 0.045101
v 0.053033 0.312839 0.035436
v 0.058927 0.312839 0.024408
v 0.062557 0.312839 0.012443
v 0.063782 0.312839 0.000000
v 0.000000 0.345804 -0.053445
v -0.012443 0.312839 -0.062557
v -0.024408 0.312839 -0.058927
v -0.035436 0.312839 -0.053033
v -0.045101 0.312839 -0.045101
v 0.012443 0.312839 -0.062557
v 0.024408 0.312839 -0.058927
v 0.035436 0.312839 -0.053033
v 0.045101 0.312839 -0.045101
v 0.053033 0.312839 -0.035436
v 0.058927 0.312839 -0.024408
v 0.000000 0.378830 0.062191
v -0.053033 0.312839 -0.035436
v -0.058927 0.312839 -0.024408
v -0.010427 0.345804 0.052418
v -0.020453 0.345804 0.049377
v -0.029693 0.345804 0.044438
v -0.037791 0.345804 0.037791
v -0.044438 0.345804 0.029693
v -0.049377 0.345804 0.020453
v -0.052418 0.345804 0.010427
v 0.010427 0.345804 0.052418
v 0.020453 0.345804 0.049377
v 0.029693 0.345804 0.044438
v 0.037791 0.345804 0.037791
v 0.044438 0.345804 0.029693
v 0.049377 0.345804 0.020453
v 0.000000 0.378830 -0.062191
v -0.062557 0.312839 -0.012443
v -0.010427 0.345804 -0.052418
v -0.020453 0.345804 -0.049377
v 0.052418 0.345804 0.010427
v 0.062557 0.312839 -0.012443
v 0.010427 0.345804 -0.052418
v 0.020453 0.345804 -0.049377
v 0.029693 0.345804 -0.044438
v 0.037791 0.345804 -0.037791
v 0.000000 0.400361 0.078999
v -0.029693 0.345804 -0.044438
v -0.037791 0.345804 -0.037791
v -0.012133 0.378830 0.060996
v -0.023799 0.378830 0.057457
v -0.034551 0.378830 0.051710
v -0.043976 0.378830 0.043976
v -0.051710 0.378830 0.034551
v -0.057457 0.378830 0.023799
v -0.060996 0.378830 0.012133
v -0.062191 0.378830 0.000000
v -0.044438 0.345804 -0.029693
v 0.012133 0.378830 0.060996
v 0.023799 0.378830 0.057457
v 0.034551 0.378830 0.051710
v 0.043976 0.378830 0.043976
v 0.051710 0.378830 0.034551
v 0.057457 0.378830 0.023799
v 0.060996 0.378830 0.012133
v 0.062191 0.378830 0.000000
v 0.044438 0.345804 -0.029693
v 0.049377 0.345804 -0.020453
v 0.052418 0.345804 -0.010427
v 0.000000 0.400361 -0.078999
v -0.049377 0.345804 -0.020453
v -0.052418 0.345804 -0.010427
v -0.012133 0.378830 -0.060996
v -0.023799 0.378830 -0.057457
v 0.000000 0.390856 0.076272
v 0.000000 0.383679 0.070450
v 0.012133 0.378830 -0.060996
v 0.023799 0.378830 -0.057457
v 0.034551 0.378830 -0.051710
v -0.034551 0.378830 -0.051710
v -0.015412 0.400361 0.077481
v 0.015412 0.400361 0.077481
v 0.030231 0.400361 0.072985
v -0.030231 0.400361 0.072985
v 0.000000 0.390856 -0.076272
v -0.043889 0.400361 0.065685
v 0.000000 0.383679 -0.070450
v -0.055860 0.400361 0.055860
v -0.065685 0.400361 0.043889
v -0.072985 0.400361 0.030231
v -0.077481 0.400361 0.015412
v -0.078999 0.400361 0.000000
v -0.043976 0.378830 -0.043976
v -0.051710 0.378830 -0.034551
v 0.043889 0.400361 0.065685
v 0.055860 0.400361 0.055860
v -0.057457 0.378830 -0.023799
v -0.060996 0.378830 -0.012133
v 0.065685 0.400361 0.043889
v 0.072985 0.400361 0.030231
v -0.015412 0.400361 -0.077481
v -0.030231 0.400361 -0.072985
v 0.077481 0.400361 0.015412
v -0.043889 0.400361 -0.065685
v 0.078999 0.400361 0.000000
v -0.055860 0.400361 -0.055860
v -0.065685 0.400361 -0.043889
v 0.043976 0.378830 -0.043976
v 0.051710 0.378830 -0.034551
v -0.072985 0.400361 -0.030231
v -0.077481 0.400361 -0.015412
v 0.057457 0.378830 -0.023799
v -0.014880 0.390856 0.074807
v 0.060996 0.378830 -0.012133
v -0.013744 0.383679 0.069096
v -0.029188 0.390856 0.070466
v 0.015412 0.400361 -0.077481
v -0.026960 0.383679 0.065087
v -0.042375 0.390856 0.063418
v 0.030231 0.400361 -0.072985
v -0.039140 0.383679 0.058577
v 0.000000 0.361278 0.055536
v -0.014880 0.390856 -0.074807
v 0.043889 0.400361 -0.065685
v -0.053933 0.390856 0.053933
v 0.055860 0.400361 -0.055860
v -0.049816 0.383679 0.049816
v -0.013744 0.383679 -0.069096
v -0.029188 0.390856 -0.070466
v 0.065685 0.400361 -0.043889
v -0.063418 0.390856 0.042375
v 0.072985 0.400361 -0.030231
v 0.077481 0.400361 -0.015412
v -0.058577 0.383679 0.039140
v -0.070466 0.390856 0.029188
v -0.065087 0.383679 0.026960
v -0.074807 0.390856 0.014880
v -0.069096 0.383679 0.013744
v 0.014880 0.390856 0.074807
v 0.013744 0.383679 0.069096
v 0.029188 0.390856 0.070466
v 0.026960 0.383679 0.065087
v 0.042375 0.390856 0.063418
v 0.039140 0.383679 0.058577
v 0.014880 0.390856 -0.074807
v -0.076272 0.390856 0.000000
v 0.053933 0.390856 0.053933
v 0.049816 0.383679 0.049816
v 0.000000 0.331927 0.054296
v 0.013744 0.383679 -0.069096
v 0.029188 0.390856 -0.070466
v -0.070450 0.383679 0.000000
v 0.063418 0.390856 0.042375
v 0.000000 0.361278 -0.055536
v -0.026960 0.383679 -0.065087
v -0.042375 0.390856 -0.063418
v -0.055806 0.362955 0.000000
v -0.054469 0.361278 0.010834
v -0.039140 0.383679 -0.058577
v -0.053933 0.390856 -0.053933
v -0.049816 0.383679 -0.049816
v -0.063418 0.390856 -0.042375
v -0.058577 0.383679 -0.039140
v -0.070466 0.390856 -0.029188
v -0.065087 0.383679 -0.026960
v -0.010834 0.361278 0.054469
v 0.058577 0.383679 0.039140
v -0.074807 0.390856 -0.014880
v 0.070466 0.390856 0.029188
v 0.065087 0.383679 0.026960
v -0.021253 0.361278 0.051308
v 0.074807 0.390856 0.014880
v 0.069096 0.383679 0.013744
v -0.069096 0.383679 -0.013744
v 0.076272 0.390856 0.000000
v 0.070450 0.383679 0.000000
v 0.026960 0.383679 -0.065087
v -0.030854 0.361278 0.046176
v 0.042375 0.390856 -0.063418
v 0.055806 0.362955 0.000000
v 0.000000 0.299106 0.094331
v 0.054469 0.361278 0.010834
v 0.039140 0.383679 -0.058577
v -0.039270 0.361278 0.039270
v -0.046176 0.361278 0.030854
v 0.053933 0.390856 -0.053933
v 0.049816 0.383679 -0.049816
v 0.063418 0.390856 -0.042375
v 0.000000 0.331927 -0.054296
v 0.058577 0.383679 -0.039140
v 0.070466 0.390856 -0.029188
v -0.051308 0.361278 0.021253
v -0.045145 0.331927 0.030165
v -0.038393 0.331927 0.038393
v -0.050163 0.331927 0.020778
v -0.053253 0.331927 0.010593
v -0.054469 0.361278 -0.010834
v -0.010593 0.331927 0.053253
v 0.065087 0.383679 -0.026960
v 0.010834 0.361278 0.054469
v -0.020778 0.331927 0.050163
v -0.010834 0.361278 -0.054469
v -0.030165 0.331927 0.045145
v 0.000000 0.264912 0.126425
v 0.074807 0.390856 -0.014880
v -0.021253 0.361278 -0.051308
v -0.030854 0.361278 -0.046176
v 0.021253 0.361278 0.051308
v 0.069096 0.383679 -0.013744
v 0.030854 0.361278 0.046176
v 0.039270 0.361278 0.039270
v 0.046176 0.361278 0.030854
v 0.051308 0.361278 0.021253
v 0.045145 0.331927 0.030165
v 0.038393 0.331927 0.038393
v 0.050163 0.331927 0.020778
v 0.053253 0.331927 0.010593
v 0.054469 0.361278 -0.010834
v 0.010593 0.331927 0.053253
v 0.000000 0.219152 0.131185
v -0.039270 0.361278 -0.039270
v -0.046176 0.361278 -0.030854
v -0.036099 0.299106 0.087151
v -0.018403 0.299106 0.092519
v -0.051308 0.361278 -0.021253
v -0.052408 0.299106 0.078433
v 0.000000 0.299106 -0.094331
v -0.045145 0.331927 -0.030165
v -0.066702 0.299106 0.066702
v 0.020778 0.331927 0.050163
v 0.010834 0.361278 -0.054469
v -0.038393 0.331927 -0.038393
v -0.078433 0.299106 0.052408
v 0.030165 0.331927 0.045145
v -0.087151 0.299106 0.036099
v 0.021253 0.361278 -0.051308
v 0.030854 0.361278 -0.046176
v -0.094331 0.299106 0.000000
v 0.000000 0.264912 -0.126425
v 0.039270 0.361278 -0.039270
v 0.046176 0.361278 -0.030854
v 0.036099 0.299106 0.087151
v 0.018403 0.299106 0.092519
v 0.051308 0.361278 -0.021253
v 0.052408 0.299106 0.078433
v 0.000000 0.157471 0.118793
v -0.050163 0.331927 -0.020778
v -0.053253 0.331927 -0.010593
v -0.048381 0.264912 0.116801
v -0.024664 0.264912 0.123995
v -0.127240 0.266022 0.013614
v -0.116801 0.264912 0.048381
v 0.045145 0.331927 -0.030165
v -0.010593 0.331927 -0.053253
v 0.066702 0.299106 0.066702
v 0.038393 0.331927 -0.038393
v 0.078433 0.299106 0.052408
v 0.087151 0.299106 0.036099
v 0.094331 0.299106 0.000000
v 0.050163 0.331927 -0.020778
v 0.000000 0.219152 -0.131185
v -0.020778 0.331927 -0.050163
v -0.030165 0.331927 -0.045145
v -0.070238 0.264912 0.105118
v 0.053253 0.331927 -0.010593
v 0.048381 0.264912 0.116801
v 0.024664 0.264912 0.123995
v 0.127240 0.266022 0.013614
v 0.000000 0.095791 0.087570
v -0.036099 0.299106 -0.087151
v -0.018403 0.299106 -0.092519
v -0.052408 0.299106 -0.078433
v -0.089396 0.264912 0.089396
v -0.066702 0.299106 -0.066702
v -0.078433 0.299106 -0.052408
v -0.105118 0.264912 0.070238
v -0.087151 0.299106 -0.036099
v -0.025593 0.219152 0.128665
v -0.050203 0.219152 0.121200
v 0.116801 0.264912 0.048381
v 0.010593 0.331927 -0.053253
v 0.020778 0.331927 -0.050163
v 0.030165 0.331927 -0.045145
v 0.070238 0.264912 0.105118
v 0.036099 0.299106 -0.087151
v 0.018403 0.299106 -0.092519
v 0.000000 0.157471 -0.118793
v -0.072883 0.219152 0.109077
v -0.092762 0.219152 0.092762
v 0.052408 0.299106 -0.078433
v 0.089396 0.264912 0.089396
v 0.066702 0.299106 -0.066702
v 0.078433 0.299106 -0.052408
v 0.105118 0.264912 0.070238
v 0.000000 0.046202 0.047582
v -0.109077 0.219152 0.072883
v -0.121200 0.219152 0.050203
v -0.128665 0.219152 0.025593
v -0.131185 0.219152 0.000000
v -0.048381 0.264912 -0.116801
v -0.024664 0.264912 -0.123995
v -0.127240 0.266022 -0.013614
v -0.116801 0.264912 -0.048381
v -0.070238 0.264912 -0.105118
v -0.089396 0.264912 -0.089396
v -0.023175 0.157471 0.116510
v 0.087151 0.299106 -0.036099
v 0.025593 0.219152 0.128665
v 0.050203 0.219152 0.121200
v 0.072883 0.219152 0.109077
v 0.092762 0.219152 0.092762
v -0.045460 0.157471 0.109750
v -0.065998 0.157471 0.098773
v -0.083999 0.157471 0.083999
v -0.098773 0.157471 0.065998
v -0.109750 0.157471 0.045460
v -0.116510 0.157471 0.023175
v -0.118793 0.157471 0.000000
v 0.000000 0.040667 0.046080
v 0.109077 0.219152 0.072883
v 0.121200 0.219152 0.050203
v 0.128665 0.219152 0.025593
v 0.131185 0.219152 0.000000
v 0.048381 0.264912 -0.116801
v 0.024664 0.264912 -0.123995
v 0.000000 0.095791 -0.087570
v -0.105118 0.264912 -0.070238
v -0.025593 0.219152 -0.128665
v -0.050203 0.219152 -0.121200
v -0.072883 0.219152 -0.109077
v -0.017084 0.095791 0.085887
v 0.127240 0.266022 -0.013614
v 0.116801 0.264912 -0.048381
v 0.070238 0.264912 -0.105118
v 0.089396 0.264912 -0.089396
v 0.023175 0.157471 0.116510
v 0.045460 0.157471 0.109750
v 0.065998 0.157471 0.098773
v 0.083999 0.157471 0.083999
v 0.098773 0.157471 0.065998
v 0.109750 0.157471 0.045460
v 0.116510 0.157471 0.023175
v 0.118793 0.157471 0.000000
v 0.000000 0.020832 0.067335
v -0.033512 0.095791 0.080904
v -0.048651 0.095791 0.072812
v -0.061921 0.095791 0.061921
v -0.072812 0.095791 0.048651
v -0.080904 0.095791 0.033512
v -0.085887 0.095791 0.017084
v -0.087570 0.095791 0.000000
v -0.092762 0.219152 -0.092762
v 0.105118 0.264912 -0.070238
v 0.000000 0.046202 -0.047582
v -0.109077 0.219152 -0.072883
v -0.121200 0.219152 -0.050203
v -0.128665 0.219152 -0.025593
v -0.023175 0.157471 -0.116510
v -0.045460 0.157471 -0.109750
v -0.009283 0.046202 0.046668
v -0.018209 0.046202 0.043960
v -0.026435 0.046202 0.039563
v -0.033646 0.046202 0.033646
v -0.039563 0.046202 0.026435
v -0.043960 0.046202 0.018209
v -0.046668 0.046202 0.009283
v -0.047582 0.046202 0.000000
v -0.065998 0.157471 -0.098773
v 0.000000 0.040667 -0.046080
v 0.025593 0.219152 -0.128665
v 0.050203 0.219152 -0.121200
v 0.072883 0.219152 -0.109077
v 0.017084 0.095791 0.085887
v 0.033512 0.095791 0.080904
v 0.048651 0.095791 0.072812
v 0.061921 0.095791 0.061921
v 0.072812 0.095791 0.048651
v 0.080904 0.095791 0.033512
v 0.085887 0.095791 0.017084
v 0.087570 0.095791 0.000000
v 0.092762 0.219152 -0.092762
v 0.109077 0.219152 -0.072883
v 0.121200 0.219152 -0.050203
v 0.128665 0.219152 -0.025593
v 0.023175 0.157471 -0.116510
v 0.045460 0.157471 -0.109750
v 0.009283 0.046202 0.046668
v 0.018209 0.046202 0.043960
v 0.026435 0.046202 0.039563
v 0.033646 0.046202 0.033646
v 0.039563 0.046202 0.026435
v 0.043960 0.046202 0.018209
v 0.046668 0.046202 0.009283
v 0.047582 0.046202 0.000000
v 0.065998 0.157471 -0.098773
v 0.000000 0.032426 0.046378
v 0.000000 0.023154 0.052374
v 0.000000 0.026908 0.047263
v -0.083999 0.157471 -0.083999
v -0.098773 0.157471 -0.065998
v -0.109750 0.157471 -0.045460
v -0.116510 0.157471 -0.023175
v -0.046080 0.040667 0.000000
v -0.045195 0.040667 0.008990
v -0.042573 0.040667 0.017634
v -0.038314 0.040667 0.025601
v -0.032584 0.040667 0.032584
v -0.025601 0.040667 0.038314
v -0.017634 0.040667 0.042573
v -0.008990 0.040667 0.045195
v -0.017084 0.095791 -0.085887
v -0.033512 0.095791 -0.080904
v -0.048651 0.095791 -0.072812
v -0.061921 0.095791 -0.061921
v -0.072812 0.095791 -0.048651
v -0.080904 0.095791 -0.033512
v -0.085887 0.095791 -0.017084
v 0.083999 0.157471 -0.083999
v 0.098773 0.157471 -0.065998
v 0.109750 0.157471 -0.045460
v 0.116510 0.157471 -0.023175
v 0.000000 0.020832 -0.067335
v -0.013136 0.020832 0.066041
v -0.025768 0.020832 0.062210
v -0.037409 0.020832 0.055987
v -0.047613 0.020832 0.047613
v -0.055987 0.020832 0.037409
v -0.062210 0.020832 0.025768
v -0.066041 0.020832 0.013136
v 0.046080 0.040667 0.000000
v 0.045195 0.040667 0.008990
v 0.042573 0.040667 0.017634
v 0.038314 0.040667 0.025601
v 0.032584 0.040667 0.032584
v 0.025601 0.040667 0.038314
v 0.017634 0.040667 0.042573
v 0.008990 0.040667 0.045195
v 0.017084 0.095791 -0.085887
v 0.033512 0.095791 -0.080904
v 0.048651 0.095791 -0.072812
v 0.061921 0.095791 -0.061921
v 0.072812 0.095791 -0.048651
v 0.080904 0.095791 -0.033512
v 0.085887 0.095791 -0.017084
v 0.000000 0.039476 0.048391
v -0.067335 0.020832 0.000000
v -0.009283 0.046202 -0.046668
v -0.018209 0.046202 -0.043960
v -0.026435 0.046202 -0.039563
v -0.033646 0.046202 -0.033646
v 0.013136 0.020832 0.066041
v 0.025768 0.020832 0.062210
v 0.037409 0.020832 0.055987
v 0.047613 0.020832 0.047613
v 0.055987 0.020832 0.037409
v 0.062210 0.020832 0.025768
v 0.066041 0.020832 0.013136
v 0.000000 0.032426 -0.046378
v 0.000000 0.023154 -0.052374
v 0.000000 0.026908 -0.047263
v -0.039563 0.046202 -0.026435
v -0.043960 0.046202 -0.018209
v -0.046668 0.046202 -0.009283
v -0.045195 0.040667 -0.008990
v 0.067335 0.020832 0.000000
v 0.009283 0.046202 -0.046668
v 0.018209 0.046202 -0.043960
v 0.026435 0.046202 -0.039563
v 0.033646 0.046202 -0.033646
v 0.039563 0.046202 -0.026435
v 0.000000 0.036983 0.049187
v -0.042573 0.040667 -0.017634
v -0.038314 0.040667 -0.025601
v -0.032584 0.040667 -0.032584
v -0.025601 0.040667 -0.038314
v -0.017634 0.040667 -0.042573
v -0.008990 0.040667 -0.045195
v -0.009048 0.032426 0.045487
v -0.010218 0.023154 0.051368
v -0.009221 0.026908 0.046355
v -0.017748 0.032426 0.042848
v -0.020043 0.023154 0.048387
v -0.018087 0.026908 0.043665
v -0.025766 0.032426 0.038562
v -0.029098 0.023154 0.043548
v -0.026258 0.026908 0.039298
v -0.032794 0.032426 0.032794
v 0.043960 0.046202 -0.018209
v 0.046668 0.046202 -0.009283
v 0.045195 0.040667 -0.008990
v 0.042573 0.040667 -0.017634
v 0.038314 0.040667 -0.025601
v 0.032584 0.040667 -0.032584
v 0.025601 0.040667 -0.038314
v 0.000000 -0.000000 0.065943
v -0.037034 0.023154 0.037034
v -0.033420 0.026908 0.033420
v -0.038562 0.032426 0.025766
v -0.043548 0.023154 0.029098
v -0.039298 0.026908 0.026258
v -0.042848 0.032426 0.017748
v -0.048387 0.023154 0.020043
v -0.043665 0.026908 0.018087
v -0.045487 0.032426 0.009048
v -0.051368 0.023154 0.010218
v 0.017634 0.040667 -0.042573
v 0.008990 0.040667 -0.045195
v 0.000000 0.039476 -0.048391
v -0.046355 0.026908 0.009221
v -0.046378 0.032426 0.000000
v -0.052374 0.023154 0.000000
v -0.047263 0.026908 0.000000
v -0.013136 0.020832 -0.066041
v 0.009048 0.032426 0.045487
v 0.010218 0.023154 0.051368
v 0.009221 0.026908 0.046355
v -0.025768 0.020832 -0.062210
v -0.037409 0.020832 -0.055987
v 0.017748 0.032426 0.042848
v 0.020043 0.023154 0.048387
v 0.000000 0.016467 0.073069
v 0.000000 0.010192 0.074691
v 0.000000 0.003749 0.072692
v 0.018087 0.026908 0.043665
v 0.025766 0.032426 0.038562
v 0.029098 0.023154 0.043548
v 0.026258 0.026908 0.039298
v 0.032794 0.032426 0.032794
v 0.000000 0.036983 -0.049187
v -0.047613 0.020832 -0.047613
v -0.055987 0.020832 -0.037409
v -0.062210 0.020832 -0.025768
v -0.066041 0.020832 -0.013136
v -0.009441 0.039476 0.047461
v -0.018518 0.039476 0.044707
v -0.026885 0.039476 0.040235
v -0.034217 0.039476 0.034217
v -0.040235 0.039476 0.026885
v -0.044707 0.039476 0.018518
v -0.047461 0.039476 0.009441
v -0.048391 0.039476 0.000000
v 0.037034 0.023154 0.037034
v 0.033420 0.026908 0.033420
v 0.038562 0.032426 0.025766
v -0.009048 0.032426 -0.045487
v -0.010218 0.023154 -0.051368
v 0.043548 0.023154 0.029098
v 0.039298 0.026908 0.026258
v 0.042848 0.032426 0.017748
v -0.009221 0.026908 -0.046355
v -0.017748 0.032426 -0.042848
v -0.020043 0.023154 -0.048387
v 0.048387 0.023154 0.020043
v 0.043665 0.026908 0.018087
v 0.045487 0.032426 0.009048
v -0.009596 0.036983 0.048242
v -0.018823 0.036983 0.045443
v 0.051368 0.023154 0.010218
v 0.046355 0.026908 0.009221
v 0.046378 0.032426 0.000000
v -0.027327 0.036983 0.040898
v -0.034781 0.036983 0.034781
v -0.040898 0.036983 0.027327
v 0.052374 0.023154 0.000000
v 0.047263 0.026908 0.000000
v -0.045443 0.036983 0.018823
v -0.048242 0.036983 0.009596
v -0.049187 0.036983 0.000000
v 0.013136 0.020832 -0.066041
v 0.025768 0.020832 -0.062210
v 0.037409 0.020832 -0.055987
v 0.000000 -0.000000 -0.065943
v -0.018087 0.026908 -0.043665
v 0.047613 0.020832 -0.047613
v 0.055987 0.020832 -0.037409
v 0.062210 0.020832 -0.025768
v -0.025766 0.032426 -0.038562
v -0.029098 0.023154 -0.043548
v -0.026258 0.026908 -0.039298
v 0.066041 0.020832 -0.013136
v -0.032794 0.032426 -0.032794
v -0.037034 0.023154 -0.037034
v -0.033420 0.026908 -0.033420
v 0.009441 0.039476 0.047461
v 0.018518 0.039476 0.044707
v 0.026885 0.039476 0.040235
v 0.034217 0.039476 0.034217
v 0.040235 0.039476 0.026885
v 0.044707 0.039476 0.018518
v 0.047461 0.039476 0.009441
v 0.048391 0.039476 0.000000
v 0.000000 0.400361 0.056668
v -0.038562 0.032426 -0.025766
v -0.043548 0.023154 -0.029098
v -0.039298 0.026908 -0.026258
v -0.042848 0.032426 -0.017748
v -0.048387 0.023154 -0.020043
v -0.043665 0.026908 -0.018087
v -0.045487 0.032426 -0.009048
v 0.000000 0.016467 -0.073069
v 0.000000 0.010192 -0.074691
v 0.000000 0.003749 -0.072692
v -0.012865 -0.000000 0.064675
v -0.025235 -0.000000 0.060923
v -0.036636 -0.000000 0.054829
v -0.046628 -0.000000 0.046628
v -0.054829 -0.000000 0.036636
v -0.060923 -0.000000 0.025235
v -0.064675 -0.000000 0.012865
v -0.065943 -0.000000 0.000000
v -0.051368 0.023154 -0.010218
v 0.009048 0.032426 -0.045487
v 0.010218 0.023154 -0.051368
v 0.009221 0.026908 -0.046355
v 0.017748 0.032426 -0.042848
v 0.020043 0.023154 -0.048387
v 0.009596 0.036983 0.048242
v 0.000000 0.359719 0.035794
v -0.046355 0.026908 -0.009221
v -0.009441 0.039476 -0.047461
v -0.018518 0.039476 -0.044707
v -0.026885 0.039476 -0.040235
v -0.034217 0.039476 -0.034217
v -0.040235 0.039476 -0.026885
v -0.044707 0.039476 -0.018518
v -0.047461 0.039476 -0.009441
v -0.014255 0.016467 0.071665
v -0.014572 0.010192 0.073256
v -0.014181 0.003749 0.071295
v -0.009596 0.036983 -0.048242
v -0.018823 0.036983 -0.045443
v -0.027327 0.036983 -0.040898
v -0.034781 0.036983 -0.034781
v -0.040898 0.036983 -0.027327
v -0.045443 0.036983 -0.018823
v -0.027962 0.016467 0.067507
v -0.028583 0.010192 0.069006
v -0.027818 0.003749 0.067158
v -0.048242 0.036983 -0.009596
v -0.040595 0.016467 0.060754
v -0.041496 0.010192 0.062104
v -0.040385 0.003749 0.060441
v 0.018823 0.036983 0.045443
v 0.027327 0.036983 0.040898
v -0.051667 0.016467 0.051667
v -0.052815 0.010192 0.052815
v 0.034781 0.036983 0.034781
v -0.051401 0.003749 0.051401
v -0.060754 0.016467 0.040595
v -0.062104 0.010192 0.041496
v -0.060441 0.003749 0.040385
v -0.067507 0.016467 0.027962
v -0.069006 0.010192 0.028583
v -0.067158 0.003749 0.027818
v 0.040898 0.036983 0.027327
v 0.045443 0.036983 0.018823
v -0.071665 0.016467 0.014255
v -0.073256 0.010192 0.014572
v 0.048242 0.036983 0.009596
v -0.071295 0.003749 0.014181
v -0.073069 0.016467 0.000000
v -0.074691 0.010192 0.000000
v -0.072692 0.003749 0.000000
v 0.049187 0.036983 0.000000
v -0.012865 -0.000000 -0.064675
v 0.018087 0.026908 -0.043665
v 0.025766 0.032426 -0.038562
v -0.025235 -0.000000 -0.060923
v 0.029098 0.023154 -0.043548
v -0.036636 -0.000000 -0.054829
v -0.046628 -0.000000 -0.046628
v -0.054829 -0.000000 -0.036636
v -0.060923 -0.000000 -0.025235
v -0.064675 -0.000000 -0.012865
v -0.011055 0.400361 0.055579
v -0.021686 0.400361 0.052354
v -0.031483 0.400361 0.047117
v -0.040070 0.400361 0.040070
v -0.047117 0.400361 0.031483
v -0.052354 0.400361 0.021686
v -0.055579 0.400361 0.011055
v -0.056668 0.400361 0.000000
v -0.014255 0.016467 -0.071665
v -0.014572 0.010192 -0.073256
v -0.014181 0.003749 -0.071295
v -0.027962 0.016467 -0.067507
v -0.028583 0.010192 -0.069006
v -0.027818 0.003749 -0.067158
v -0.040595 0.016467 -0.060754
v -0.041496 0.010192 -0.062104
v -0.040385 0.003749 -0.060441
v -0.051667 0.016467 -0.051667
v -0.006983 0.359719 0.035106
v -0.013698 0.359719 0.033069
v -0.019886 0.359719 0.029761
v 0.026258 0.026908 -0.039298
v 0.032794 0.032426 -0.032794
v 0.037034 0.023154 -0.037034
v 0.033420 0.026908 -0.033420
v 0.038562 0.032426 -0.025766
v 0.043548 0.023154 -0.029098
v 0.039298 0.026908 -0.026258
v -0.025310 0.359719 0.025310
v -0.029761 0.359719 0.019886
v 0.042848 0.032426 -0.017748
v 0.048387 0.023154 -0.020043
v 0.043665 0.026908 -0.018087
v 0.045487 0.032426 -0.009048
v 0.000000 0.400361 -0.056668
v -0.033069 0.359719 0.013698
v -0.035106 0.359719 0.006983
v -0.035794 0.359719 0.000000
v -0.052815 0.010192 -0.052815
v -0.051401 0.003749 -0.051401
v -0.060754 0.016467 -0.040595
v -0.062104 0.010192 -0.041496
v 0.012865 -0.000000 0.064675
v 0.025235 -0.000000 0.060923
v 0.036636 -0.000000 0.054829
v 0.046628 -0.000000 0.046628
v 0.054829 -0.000000 0.036636
v 0.000000 0.359719 -0.035794
v -0.060441 0.003749 -0.040385
v -0.130826 0.245090 0.000000
v -0.128312 0.245090 0.025523
v -0.123995 0.264912 0.024664
v -0.067507 0.016467 -0.027962
v -0.092519 0.299106 0.018403
v -0.114803 0.281336 0.022836
v -0.069006 0.010192 -0.028583
v -0.108810 0.289642 0.000000
v -0.067158 0.003749 -0.027818
v -0.062409 0.340671 0.010115
v -0.070658 0.356572 0.010115
v -0.060714 0.367777 0.010115
v -0.080489 0.363847 0.010115
v -0.071665 0.016467 -0.014255
v -0.075238 0.378309 0.010115
v -0.101863 0.361750 0.010115
v -0.073256 0.010192 -0.014572
v -0.071295 0.003749 -0.014181
v -0.111369 0.373847 0.010115
v -0.109719 0.351568 0.010115
v -0.123611 0.358179 0.010115
v -0.113539 0.335937 0.010115
v -0.128857 0.337372 0.010115
v -0.112983 0.315519 0.010115
v -0.128336 0.314523 0.010115
v -0.109121 0.288001 0.008404
v -0.091798 0.365812 0.010115
v -0.092958 0.381154 0.010115
v -0.061026 0.329792 0.010115
v -0.062409 0.340671 0.000000
v -0.070658 0.356572 0.000000
v -0.060714 0.367777 0.000000
v -0.080489 0.363847 0.000000
v -0.075238 0.378309 0.000000
v -0.101863 0.361750 0.000000
v -0.091798 0.365812 -0.000000
v -0.111369 0.373847 0.000000
v -0.092958 0.381154 -0.000000
v -0.109719 0.351568 0.000000
v -0.123611 0.358179 0.000000
v -0.113539 0.335937 0.000000
v -0.128857 0.337372 0.000000
v -0.112983 0.315519 0.000000
v -0.128336 0.314523 0.000000
v 0.060923 -0.000000 0.025235
v 0.064675 -0.000000 0.012865
v 0.065943 -0.000000 0.000000
v 0.051368 0.023154 -0.010218
v 0.046355 0.026908 -0.009221
v 0.009441 0.039476 -0.047461
v 0.018518 0.039476 -0.044707
v 0.026885 0.039476 -0.040235
v 0.034217 0.039476 -0.034217
v 0.040235 0.039476 -0.026885
v 0.044707 0.039476 -0.018518
v 0.047461 0.039476 -0.009441
v 0.014255 0.016467 0.071665
v 0.014572 0.010192 0.073256
v 0.014181 0.003749 0.071295
v 0.009596 0.036983 -0.048242
v 0.018823 0.036983 -0.045443
v 0.027327 0.036983 -0.040898
v 0.034781 0.036983 -0.034781
v 0.040898 0.036983 -0.027327
v 0.045443 0.036983 -0.018823
v 0.027962 0.016467 0.067507
v 0.028583 0.010192 0.069006
v 0.027818 0.003749 0.067158
v 0.048242 0.036983 -0.009596
v 0.040595 0.016467 0.060754
v 0.041496 0.010192 0.062104
v 0.040385 0.003749 0.060441
v 0.051667 0.016467 0.051667
v 0.052815 0.010192 0.052815
v 0.051401 0.003749 0.051401
v 0.060754 0.016467 0.040595
v 0.062104 0.010192 0.041496
v 0.060441 0.003749 0.040385
v 0.067507 0.016467 0.027962
v 0.069006 0.010192 0.028583
v 0.067158 0.003749 0.027818
v 0.071665 0.016467 0.014255
v 0.073256 0.010192 0.014572
v 0.071295 0.003749 0.014181
v 0.073069 0.016467 0.000000
v 0.074691 0.010192 0.000000
v 0.072692 0.003749 0.000000
v 0.012865 -0.000000 -0.064675
v 0.025235 -0.000000 -0.060923
v 0.036636 -0.000000 -0.054829
v 0.046628 -0.000000 -0.046628
v 0.054829 -0.000000 -0.036636
v 0.060923 -0.000000 -0.025235
v 0.064675 -0.000000 -0.012865
v 0.011055 0.400361 0.055579
v 0.021686 0.400361 0.052354
v 0.031483 0.400361 0.047117
v 0.040070 0.400361 0.040070
v 0.047117 0.400361 0.031483
v 0.052354 0.400361 0.021686
v 0.055579 0.400361 0.011055
v 0.056668 0.400361 0.000000
v 0.014255 0.016467 -0.071665
v 0.014572 0.010192 -0.073256
v 0.014181 0.003749 -0.071295
v 0.027962 0.016467 -0.067507
v 0.028583 0.010192 -0.069006
v 0.027818 0.003749 -0.067158
v 0.040595 0.016467 -0.060754
v 0.041496 0.010192 -0.062104
v 0.040385 0.003749 -0.060441
v 0.051667 0.016467 -0.051667
v 0.006983 0.359719 0.035106
v 0.013698 0.359719 0.033069
v 0.019886 0.359719 0.029761
v 0.025310 0.359719 0.025310
v 0.029761 0.359719 0.019886
v 0.033069 0.359719 0.013698
v 0.035106 0.359719 0.006983
v 0.035794 0.359719 0.000000
v 0.052815 0.010192 -0.052815
v 0.051401 0.003749 -0.051401
v 0.060754 0.016467 -0.040595
v 0.062104 0.010192 -0.041496
v 0.060441 0.003749 -0.040385
v 0.130826 0.245090 0.000000
v 0.128312 0.245090 0.025523
v 0.123995 0.264912 0.024664
v 0.067507 0.016467 -0.027962
v 0.092519 0.299106 0.018403
v 0.114803 0.281336 0.022836
v 0.069006 0.010192 -0.028583
v 0.108810 0.289642 0.000000
v 0.067158 0.003749 -0.027818
v 0.062409 0.340671 0.010115
v 0.070658 0.356572 0.010115
v 0.060714 0.367777 0.010115
v 0.080489 0.363847 0.010115
v 0.071665 0.016467 -0.014255
v 0.075238 0.378309 0.010115
v 0.101863 0.361750 0.010115
v 0.073256 0.010192 -0.014572
v 0.071295 0.003749 -0.014181
v 0.111369 0.373847 0.010115
v 0.109719 0.351568 0.010115
v 0.123611 0.358179 0.010115
v 0.113539 0.335937 0.010115
v 0.128857 0.337372 0.010115
v 0.112983 0.315519 0.010115
v 0.128336 0.314523 0.010115
v 0.109121 0.288001 0.008404
v 0.091798 0.365812 0.010115
v 0.092958 0.381154 0.010115
v 0.061026 0.329792 0.010115
v 0.062409 0.340671 0.000000
v 0.070658 0.356572 0.000000
v 0.060714 0.367777 0.000000
v 0.080489 0.363847 0.000000
v 0.075238 0.378309 0.000000
v 0.101863 0.361750 0.000000
v 0.091798 0.365812 -0.000000
v 0.111369 0.373847 0.000000
v 0.092958 0.381154 -0.000000
v 0.109719 0.351568 0.000000
v 0.123611 0.358179 0.000000
v 0.113539 0.335937 0.000000
v 0.128857 0.337372 0.000000
v 0.112983 0.315519 0.000000
v 0.128336 0.314523 0.000000
v 0.127780 0.263440 0.000000
v 0.061026 0.329792 0.000000
v 0.000000 0.307430 0.035794
v -0.127713 0.263760 0.000000
v -0.061026 0.329792 0.000000
v -0.065316 0.362107 0.010115
v -0.077864 0.371078 0.010115
v -0.106616 0.367798 0.010115
v -0.092378 0.373483 0.010115
v 0.000000 0.307430 -0.035794
v -0.116665 0.354873 0.010115
v -0.121198 0.336655 0.010115
v -0.120659 0.315021 0.010115
v -0.116758 0.282098 0.011865
v -0.032409 0.320492 0.048503
v 0.057214 0.320492 0.011380
v -0.011055 0.400361 -0.055579
v 0.065316 0.362107 0.010115
v 0.077864 0.371078 0.010115
v 0.106616 0.367798 0.010115
v 0.092378 0.373483 0.010115
v 0.116665 0.354873 0.010115
v 0.121198 0.336655 0.010115
v 0.120659 0.315021 0.010115
v 0.116758 0.282098 0.011865
v 0.000000 0.320492 0.058334
v -0.022324 0.320492 0.053894
v 0.011055 0.400361 -0.055579
v 0.021686 0.400361 -0.052354
v 0.031483 0.400361 -0.047117
v 0.040070 0.400361 -0.040070
v 0.000000 0.243576 0.092859
v -0.021686 0.400361 -0.052354
v -0.031483 0.400361 -0.047117
v -0.040070 0.400361 -0.040070
v -0.047117 0.400361 -0.031483
v -0.052354 0.400361 -0.021686
v -0.055579 0.400361 -0.011055
v 0.000000 0.243576 -0.092859
v -0.006983 0.359719 -0.035106
v -0.013698 0.359719 -0.033069
v -0.019886 0.359719 -0.029761
v -0.025310 0.359719 -0.025310
v -0.029761 0.359719 -0.019886
v -0.033069 0.359719 -0.013698
v -0.035106 0.359719 -0.006983
v 0.047117 0.400361 -0.031483
v 0.052354 0.400361 -0.021686
v 0.055579 0.400361 -0.011055
v 0.006983 0.359719 -0.035106
v 0.013698 0.359719 -0.033069
v 0.019886 0.359719 -0.029761
v 0.025310 0.359719 -0.025310
v 0.029761 0.359719 -0.019886
v 0.033069 0.359719 -0.013698
v 0.035106 0.359719 -0.006983
v 0.128312 0.245090 -0.025523
v 0.123995 0.264912 -0.024664
v 0.092519 0.299106 -0.018403
v 0.114803 0.281336 -0.022836
v 0.000000 0.072127 0.041431
v -0.128312 0.245090 -0.025523
v -0.123995 0.264912 -0.024664
v -0.092519 0.299106 -0.018403
v -0.114803 0.281336 -0.022836
v -0.062409 0.340671 -0.010115
v -0.070658 0.356572 -0.010115
v 0.000000 0.072127 -0.041431
v -0.060714 0.367777 -0.010115
v -0.080489 0.363847 -0.010115
v -0.075238 0.378309 -0.010115
v -0.101863 0.361750 -0.010115
v -0.111369 0.373847 -0.010115
v -0.109719 0.351568 -0.010115
v -0.123611 0.358179 -0.010115
v 0.062409 0.340671 -0.010115
v 0.070658 0.356572 -0.010115
v 0.060714 0.367777 -0.010115
v 0.080489 0.363847 -0.010115
v 0.075238 0.378309 -0.010115
v 0.101863 0.361750 -0.010115
v 0.111369 0.373847 -0.010115
v 0.109719 0.351568 -0.010115
v 0.123611 0.358179 -0.010115
v 0.113539 0.335937 -0.010115
v 0.128857 0.337372 -0.010115
v 0.112983 0.315519 -0.010115
v 0.128336 0.314523 -0.010115
v 0.109121 0.288001 -0.008404
v 0.091798 0.365812 -0.010115
v -0.113539 0.335937 -0.010115
v -0.128857 0.337372 -0.010115
v -0.112983 0.315519 -0.010115
v -0.128336 0.314523 -0.010115
v -0.109121 0.288001 -0.008404
v -0.091798 0.365812 -0.010115
v -0.092958 0.381154 -0.010115
v -0.061026 0.329792 -0.010115
v -0.065316 0.362107 -0.010115
v -0.077864 0.371078 -0.010115
v -0.106616 0.367798 -0.010115
v -0.092378 0.373483 -0.010115
v -0.116665 0.354873 -0.010115
v -0.121198 0.336655 -0.010115
v 0.000000 0.072127 0.028622
v 0.000000 0.072127 0.018632
v 0.000000 0.072127 0.009257
v 0.000000 0.072127 0.000000
v 0.000000 0.072127 -0.009257
v 0.000000 0.072127 -0.018632
v 0.000000 0.072127 -0.028622
v 0.092958 0.381154 -0.010115
v 0.061026 0.329792 -0.010115
v 0.065316 0.362107 -0.010115
v 0.077864 0.371078 -0.010115
v 0.106616 0.367798 -0.010115
v 0.092378 0.373483 -0.010115
v 0.116665 0.354873 -0.010115
v 0.121198 0.336655 -0.010115
v 0.120659 0.315021 -0.010115
v 0.116758 0.282098 -0.011865
v 0.022324 0.320492 0.053894
v 0.111088 0.299619 0.009260
v 0.125964 0.290273 0.000000
v 0.118254 0.295117 0.010796
v 0.125964 0.290273 0.011865
v 0.111088 0.299607 0.000000
v 0.111088 0.299619 -0.009260
v 0.118254 0.295117 -0.010796
v 0.125964 0.290273 -0.011865
v 0.006983 0.307430 0.035106
v 0.013698 0.307430 0.033069
v 0.019886 0.307430 0.029761
v 0.025310 0.307430 0.025310
v 0.029761 0.307430 0.019886
v 0.033069 0.307430 0.013698
v 0.035106 0.307430 0.006983
v 0.035794 0.307430 0.000000
v 0.006983 0.307430 -0.035106
v 0.013698 0.307430 -0.033069
v 0.019886 0.307430 -0.029761
v 0.025310 0.307430 -0.025310
v 0.029761 0.307430 -0.019886
v 0.033069 0.307430 -0.013698
v 0.035106 0.307430 -0.006983
v 0.018116 0.243576 0.091075
v 0.035536 0.243576 0.085790
v 0.051590 0.243576 0.077209
v 0.065661 0.243576 0.065661
v 0.077209 0.243576 0.051590
v 0.000000 -0.000000 -0.045555
v 0.000000 -0.000000 -0.029656
v 0.000000 -0.000000 -0.014734
v 0.000000 -0.000000 0.000000
v 0.000000 -0.000000 0.014734
v 0.000000 -0.000000 0.029656
v 0.000000 -0.000000 0.045555
v -0.120659 0.315021 -0.010115
v -0.116758 0.282098 -0.011865
v -0.053894 0.320492 0.022324
v -0.111088 0.299619 0.009260
v -0.125964 0.290273 0.000000
v -0.118254 0.295117 0.010796
v -0.125964 0.290273 0.011865
v -0.111088 0.299607 0.000000
v -0.111088 0.299619 -0.009260
v -0.118254 0.295117 -0.010796
v -0.125964 0.290273 -0.011865
v -0.006983 0.307430 0.035106
v -0.013698 0.307430 0.033069
v -0.019886 0.307430 0.029761
v -0.025310 0.307430 0.025310
v -0.029761 0.307430 0.019886
v -0.033069 0.307430 0.013698
v -0.035106 0.307430 0.006983
v -0.035794 0.307430 0.000000
v -0.006983 0.307430 -0.035106
v -0.013698 0.307430 -0.033069
v -0.019886 0.307430 -0.029761
v -0.025310 0.307430 -0.025310
v -0.029761 0.307430 -0.019886
v -0.033069 0.307430 -0.013698
v 0.000000 0.157852 -0.088270
v -0.035106 0.307430 -0.006983
v 0.085790 0.243576 0.035536
v 0.091075 0.243576 0.018116
v -0.018116 0.243576 0.091075
v -0.035536 0.243576 0.085790
v -0.051590 0.243576 0.077209
v -0.065661 0.243576 0.065661
v 0.092859 0.243576 -0.000000
v 0.018116 0.243576 -0.091075
v 0.035536 0.243576 -0.085790
v 0.051590 0.243576 -0.077209
v 0.065661 0.243576 -0.065661
v 0.077209 0.243576 -0.051590
v -0.077209 0.243576 0.051590
v 0.085790 0.243576 -0.035536
v 0.091075 0.243576 -0.018116
v 0.008083 0.072127 0.040635
v 0.015855 0.072127 0.038277
v 0.023018 0.072127 0.034449
v 0.000000 0.157852 0.088270
v 0.029296 0.072127 0.029296
v -0.085790 0.243576 0.035536
v 0.000000 0.378605 0.049094
v -0.091075 0.243576 0.018116
v -0.092859 0.243576 -0.000000
v -0.018116 0.243576 -0.091075
v -0.035536 0.243576 -0.085790
v 0.034449 0.072127 0.023018
v -0.051590 0.243576 -0.077209
v -0.065661 0.243576 -0.065661
v 0.038277 0.072127 0.015855
v 0.040635 0.072127 0.008083
v -0.077209 0.243576 -0.051590
v 0.041431 0.072127 -0.000000
v -0.085790 0.243576 -0.035536
v -0.091075 0.243576 -0.018116
v 0.000000 0.378605 -0.049094
v -0.008083 0.072127 0.040635
v 0.008083 0.072127 -0.040635
v -0.015855 0.072127 0.038277
v 0.015855 0.072127 -0.038277
v 0.023018 0.072127 -0.034449
v 0.029296 0.072127 -0.029296
v 0.034449 0.072127 -0.023018
v 0.038277 0.072127 -0.015855
v 0.040635 0.072127 -0.008083
v 0.024427 0.072127 0.024427
v 0.026612 0.072127 0.016359
v 0.028103 0.072127 0.008251
v 0.028622 0.072127 -0.000000
v 0.028103 0.072127 -0.008251
v 0.026612 0.072127 -0.016359
v 0.024427 0.072127 -0.024427
v 0.016359 0.072127 0.026612
v 0.017497 0.072127 0.017497
v 0.018334 0.072127 0.008743
v 0.018632 0.072127 -0.000000
v 0.018334 0.072127 -0.008743
v 0.017497 0.072127 -0.017497
v 0.016359 0.072127 -0.026612
v 0.008251 0.072127 0.028103
v 0.008743 0.072127 0.018334
v 0.009121 0.072127 0.009121
v 0.009257 0.072127 0.000000
v 0.009121 0.072127 -0.009121
v 0.008743 0.072127 -0.018334
v 0.008251 0.072127 -0.028103
v 0.013133 -0.000000 -0.044729
v 0.013916 -0.000000 -0.029181
v 0.014517 -0.000000 -0.014517
v 0.014734 -0.000000 0.000000
v 0.014517 -0.000000 0.014517
v 0.013916 -0.000000 0.029181
v 0.013133 -0.000000 0.044729
v 0.026038 -0.000000 -0.042356
v 0.027848 -0.000000 -0.027848
v 0.029181 -0.000000 -0.013916
v 0.029656 -0.000000 0.000000
v 0.029181 -0.000000 0.013916
v 0.027848 -0.000000 0.027848
v 0.026038 -0.000000 0.042356
v 0.038879 -0.000000 -0.038879
v 0.042356 -0.000000 -0.026038
v 0.044729 -0.000000 -0.013133
v 0.045555 -0.000000 0.000000
v 0.044729 -0.000000 0.013133
v 0.042356 -0.000000 0.026038
v 0.038879 -0.000000 0.038879
v 0.017221 0.157852 -0.086574
v 0.033779 0.157852 -0.081551
v 0.062416 0.157852 0.062416
v 0.049040 0.157852 0.073394
v 0.073394 0.157852 0.049040
v 0.081551 0.157852 0.033779
v 0.086574 0.157852 -0.017221
v 0.088270 0.157852 -0.000000
v 0.086574 0.157852 0.017221
v 0.049040 0.157852 -0.073394
v 0.073394 0.157852 -0.049040
v 0.081551 0.157852 -0.033779
v 0.062416 0.157852 -0.062416
v 0.017221 0.157852 0.086574
v 0.033779 0.157852 0.081551
v 0.045357 0.378605 0.018787
v 0.040820 0.378605 0.027275
v 0.048150 0.378605 0.009578
v 0.049094 0.378605 0.000000
v 0.009578 0.378605 0.048150
v 0.018787 0.378605 0.045357
v 0.027275 0.378605 0.040820
v 0.034715 0.378605 0.034715
v 0.045357 0.378605 -0.018787
v 0.018787 0.378605 -0.045357
v 0.048150 0.378605 -0.009578
v 0.009578 0.378605 -0.048150
v 0.034715 0.378605 -0.034715
v 0.027275 0.378605 -0.040820
v 0.040820 0.378605 -0.027275
v -0.023018 0.072127 0.034449
v -0.029296 0.072127 0.029296
v -0.034449 0.072127 0.023018
v -0.038277 0.072127 0.015855
v -0.040635 0.072127 0.008083
v -0.041431 0.072127 -0.000000
v -0.008083 0.072127 -0.040635
v -0.015855 0.072127 -0.038277
v -0.023018 0.072127 -0.034449
v -0.029296 0.072127 -0.029296
v -0.034449 0.072127 -0.023018
v -0.038277 0.072127 -0.015855
v -0.040635 0.072127 -0.008083
v -0.024427 0.072127 0.024427
v -0.026612 0.072127 0.016359
v -0.028103 0.072127 0.008251
v -0.028622 0.072127 -0.000000
v -0.028103 0.072127 -0.008251
v -0.026612 0.072127 -0.016359
v -0.024427 0.072127 -0.024427
v -0.016359 0.072127 0.026612
v -0.017497 0.072127 0.017497
v -0.018334 0.072127 0.008743
v -0.018632 0.072127 -0.000000
v -0.018334 0.072127 -0.008743
v -0.017497 0.072127 -0.017497
v -0.016359 0.072127 -0.026612
v -0.008251 0.072127 0.028103
v -0.008743 0.072127 0.018334
v -0.009121 0.072127 0.009121
v -0.009257 0.072127 0.000000
v -0.009121 0.072127 -0.009121
v -0.008743 0.072127 -0.018334
v -0.008251 0.072127 -0.028103
v -0.013133 -0.000000 -0.044729
v -0.013916 -0.000000 -0.029181
v -0.014517 -0.000000 -0.014517
v -0.014734 -0.000000 0.000000
v -0.014517 -0.000000 0.014517
v -0.013916 -0.000000 0.029181
v -0.013133 -0.000000 0.044729
v -0.026038 -0.000000 -0.042356
v -0.027848 -0.000000 -0.027848
v -0.029181 -0.000000 -0.013916
v -0.029656 -0.000000 0.000000
v -0.029181 -0.000000 0.013916
v -0.027848 -0.000000 0.027848
v -0.026038 -0.000000 0.042356
v -0.038879 -0.000000 -0.038879
v -0.042356 -0.000000 -0.026038
v -0.044729 -0.000000 -0.013133
v -0.045555 -0.000000 0.000000
v -0.044729 -0.000000 0.013133
v -0.042356 -0.000000 0.026038
v -0.038879 -0.000000 0.038879
v -0.017221 0.157852 -0.086574
v -0.033779 0.157852 -0.081551
v -0.062416 0.157852 0.062416
v -0.049040 0.157852 0.073394
v -0.073394 0.157852 0.049040
v -0.081551 0.157852 0.033779
v -0.086574 0.157852 -0.017221
v -0.088270 0.157852 -0.000000
v -0.086574 0.157852 0.017221
v -0.049040 0.157852 -0.073394
v -0.073394 0.157852 -0.049040
v -0.081551 0.157852 -0.033779
v -0.062416 0.157852 -0.062416
v -0.017221 0.157852 0.086574
v -0.033779 0.157852 0.081551
v -0.045357 0.378605 0.018787
v -0.040820 0.378605 0.027275
v -0.048150 0.378605 0.009578
v -0.049094 0.378605 0.000000
v -0.009578 0.378605 0.048150
v -0.018787 0.378605 0.045357
v -0.027275 0.378605 0.040820
v -0.034715 0.378605 0.034715
v -0.045357 0.378605 -0.018787
v -0.018787 0.378605 -0.045357
v -0.048150 0.378605 -0.009578
v -0.009578 0.378605 -0.048150
v -0.034715 0.378605 -0.034715
v -0.027275 0.378605 -0.040820
v -0.040820 0.378605 -0.027275
v -0.041249 0.320492 0.041249
v 0.011380 0.320492 0.057214
v 0.032409 0.320492 0.048503
v -0.057214 0.320492 0.011380
v -0.011380 0.320492 0.057214
v 0.053894 0.320492 0.022324
v 0.048503 0.320492 0.032409
v -0.048503 0.320492 0.032409
v 0.041249 0.320492 0.041249
v -0.053894 0.320492 -0.022324
v -0.032409 0.320492 -0.048503
v 0.057214 0.320492 -0.011380
v -0.057214 0.320492 -0.011380
v 0.000000 0.320492 -0.058334
v 0.022324 0.320492 -0.053894
v 0.011380 0.320492 -0.057214
v -0.022324 0.320492 -0.053894
v 0.032409 0.320492 -0.048503
v -0.011380 0.320492 -0.057214
v 0.053894 0.320492 -0.022324
v -0.041249 0.320492 -0.041249
v 0.041249 0.320492 -0.041249
v -0.048503 0.320492 -0.032409
v 0.048503 0.320492 -0.032409
vn 0.3411 0.4532 0.8235
vn 0.3129 0.5758 0.7554
vn 0.1595 0.5758 0.8019
vn 0.1739 0.4532 0.8743
vn 0.1019 0.8528 -0.5122
vn -0.0000 0.8528 -0.5223
vn -0.0000 0.7810 -0.6245
vn 0.1218 0.7810 -0.6125
vn 0.1890 -0.2475 -0.9503
vn -0.0000 -0.2475 -0.9689
vn -0.0000 -0.6555 -0.7552
vn 0.1473 -0.6555 -0.7407
vn 0.9802 0.1475 -0.1319
vn 0.9911 0.1329 -0.0000
vn 0.9974 0.0714 -0.0000
vn 0.9728 0.0990 -0.2094
vn -0.7748 -0.5446 -0.3209
vn -0.8226 -0.5446 -0.1636
vn -0.8768 -0.4481 -0.1744
vn -0.8259 -0.4481 -0.3421
vn -0.5930 -0.5446 -0.5930
vn -0.6973 -0.5446 -0.4659
vn -0.7433 -0.4481 -0.4967
vn -0.6321 -0.4481 -0.6321
vn 0.8226 -0.5446 0.1636
vn 0.8387 -0.5446 -0.0000
vn 0.8940 -0.4481 -0.0000
vn 0.8768 -0.4481 0.1744
vn 0.9060 -0.1956 -0.3753
vn 0.9221 -0.0621 -0.3819
vn 0.9789 -0.0621 -0.1947
vn 0.9618 -0.1956 -0.1913
vn -0.1056 -0.9944 -0.0000
vn 0.3936 -0.9193 -0.0000
vn 0.3623 -0.3218 -0.8747
vn 0.3753 -0.1956 -0.9060
vn 0.5448 -0.1956 -0.8154
vn 0.5260 -0.3218 -0.7872
vn 0.6279 -0.6555 0.4196
vn 0.5473 -0.7528 0.3657
vn 0.4654 -0.7528 0.4654
vn 0.5340 -0.6555 0.5340
vn 0.8309 -0.0368 0.5552
vn 0.8056 -0.2475 0.5383
vn 0.6851 -0.2475 0.6851
vn 0.7066 -0.0368 0.7066
vn 0.5016 0.8577 -0.1126
vn 0.4825 0.8528 -0.1999
vn 0.5769 0.7810 -0.2390
vn 0.5372 0.8329 -0.1332
vn 0.7766 0.3572 -0.5189
vn 0.6605 0.3572 -0.6605
vn 0.5385 0.6481 -0.5385
vn 0.6332 0.6481 -0.4231
vn 0.9376 0.1998 0.2844
vn 0.9563 -0.0366 0.2901
vn 0.9233 -0.0368 0.3824
vn 0.9051 0.2007 0.3749
vn 0.8894 -0.4571 -0.0000
vn 0.8723 -0.4571 -0.1735
vn 0.9428 -0.2757 -0.1875
vn 0.9612 -0.2757 -0.0000
vn -0.1938 0.1152 0.9743
vn -0.0000 0.1152 0.9933
vn -0.0000 0.3572 0.9340
vn -0.1822 0.3572 0.9161
vn -0.9336 -0.2846 -0.2177
vn -0.7398 -0.6574 -0.1432
vn -0.6977 -0.6555 -0.2890
vn -0.8951 -0.2475 -0.3708
vn -0.6419 -0.6356 0.4289
vn -0.7132 -0.6356 0.2954
vn -0.8019 -0.4966 0.3322
vn -0.7217 -0.4966 0.4822
vn -0.3824 -0.0368 -0.9233
vn -0.3708 -0.2475 -0.8951
vn -0.1890 -0.2475 -0.9503
vn -0.1950 -0.0368 -0.9801
vn -0.7750 0.5443 -0.3210
vn -0.9236 -0.0235 -0.3826
vn -0.9805 -0.0235 -0.1950
vn -0.8228 0.5443 -0.1637
vn -0.4965 0.8681 -0.0000
vn -0.4100 0.9121 -0.0000
vn -0.5372 0.8329 -0.1332
vn -0.5016 0.8577 -0.1126
vn 0.7865 -0.3243 -0.5255
vn 0.6689 -0.3243 -0.6689
vn 0.6809 0.2697 -0.6809
vn 0.8007 0.2697 -0.5350
vn -0.0233 -0.0038 0.9997
vn -0.0098 -0.0013 1.0000
vn -0.0340 0.0020 0.9994
vn -0.0373 -0.0012 0.9993
vn 0.8982 0.4396 -0.0000
vn 0.5993 0.8005 -0.0000
vn -0.0000 1.0000 -0.0000
vn 0.1950 -0.0368 -0.9801
vn -0.0000 -0.0368 -0.9993
vn 0.5473 -0.7528 -0.3657
vn 0.4654 -0.7528 -0.4654
vn 0.6289 -0.4571 -0.6289
vn 0.7395 -0.4571 -0.4941
vn -0.5993 0.8005 -0.0000
vn -0.1091 0.9940 -0.0000
vn 0.6977 -0.6555 0.2890
vn 0.6081 -0.7528 0.2519
vn 0.6973 -0.5446 0.4659
vn 0.7748 -0.5446 0.3209
vn 0.8259 -0.4481 0.3421
vn 0.7433 -0.4481 0.4967
vn 0.7066 -0.0368 -0.7066
vn 0.5552 -0.0368 -0.8309
vn 0.5383 -0.2475 -0.8056
vn 0.6851 -0.2475 -0.6851
vn 0.6582 -0.7528 -0.0000
vn 0.6456 -0.7528 -0.1284
vn -0.0000 -0.5446 -0.8387
vn -0.1636 -0.5446 -0.8226
vn -0.1744 -0.4481 -0.8768
vn -0.0000 -0.4481 -0.8940
vn 0.2622 0.9287 0.2622
vn 0.2860 0.9146 0.2860
vn 0.3363 0.9146 0.2247
vn 0.3083 0.9287 0.2060
vn -0.2519 -0.7528 -0.6081
vn -0.3404 -0.4571 -0.8217
vn -0.1735 -0.4571 -0.8723
vn -0.1284 -0.7528 -0.6456
vn 0.1506 -0.6356 0.7572
vn 0.2954 -0.6356 0.7132
vn 0.3209 -0.5446 0.7748
vn 0.1636 -0.5446 0.8226
vn -0.8056 -0.2475 -0.5383
vn -0.6279 -0.6555 -0.4196
vn -0.5340 -0.6555 -0.5340
vn -0.6851 -0.2475 -0.6851
vn -0.0000 -0.1956 0.9807
vn 0.1913 -0.1956 0.9618
vn 0.1947 -0.0621 0.9789
vn -0.0000 -0.0621 0.9981
vn -0.0000 -0.3218 -0.9468
vn -0.1847 -0.3218 -0.9286
vn -0.1913 -0.1956 -0.9618
vn -0.0000 -0.1956 -0.9807
vn -0.5189 0.3572 0.7766
vn -0.3574 0.3572 0.8629
vn -0.2914 0.6481 0.7036
vn -0.4231 0.6481 0.6332
vn -0.6321 -0.4481 0.6321
vn -0.6695 -0.3218 0.6695
vn -0.7872 -0.3218 0.5260
vn -0.7433 -0.4481 0.4967
vn -0.8145 0.2007 0.5443
vn -0.6927 0.2007 0.6927
vn -0.7066 -0.0368 0.7066
vn -0.8309 -0.0368 0.5552
vn 0.1847 -0.3218 -0.9286
vn 0.1913 -0.1956 -0.9618
vn -0.9318 -0.3629 -0.0000
vn -0.7524 -0.6587 -0.0000
vn 0.5016 0.8577 0.1126
vn 0.5372 0.8329 0.1332
vn 0.5769 0.7810 0.2390
vn 0.4825 0.8528 0.1999
vn -0.7024 0.1152 0.7024
vn -0.5519 0.1152 0.8259
vn -0.6605 0.3572 0.6605
vn 0.1947 -0.0621 -0.9789
vn 0.1938 0.1152 -0.9743
vn 0.3801 0.1152 -0.9177
vn 0.3819 -0.0621 -0.9221
vn 0.9233 -0.0368 -0.3824
vn 0.8309 -0.0368 -0.5552
vn 0.8056 -0.2475 -0.5383
vn 0.8951 -0.2475 -0.3708
vn 0.5443 0.2007 0.8145
vn 0.5552 -0.0368 0.8309
vn 0.3824 -0.0368 0.9233
vn 0.3749 0.2007 0.9051
vn -0.8629 0.3572 0.3574
vn -0.7766 0.3572 0.5189
vn -0.6332 0.6481 0.4231
vn -0.7036 0.6481 0.2914
vn -0.9789 -0.0621 -0.1947
vn -0.9981 -0.0621 -0.0000
vn -0.9974 0.0714 -0.0000
vn -0.9728 0.0990 -0.2094
vn -0.6332 0.6481 -0.4231
vn -0.4343 0.8528 -0.2902
vn -0.3693 0.8528 -0.3693
vn -0.5385 0.6481 -0.5385
vn -0.5473 -0.7528 0.3657
vn -0.4654 -0.7528 0.4654
vn -0.6289 -0.4571 0.6289
vn -0.7395 -0.4571 0.4941
vn -0.0000 -0.0000 1.0000
vn -0.4343 0.8528 0.2902
vn -0.3693 0.8528 0.3693
vn -0.4416 0.7810 0.4416
vn -0.5192 0.7810 0.3469
vn -0.6973 -0.5446 0.4659
vn -0.7748 -0.5446 0.3209
vn -0.6289 -0.4571 -0.6289
vn -0.6797 -0.2757 -0.6797
vn -0.5340 -0.2757 -0.7992
vn -0.4941 -0.4571 -0.7395
vn -0.3657 -0.7528 0.5473
vn -0.4941 -0.4571 0.7395
vn -0.1636 -0.5446 0.8226
vn -0.1744 -0.4481 0.8768
vn -0.3421 -0.4481 0.8259
vn -0.3209 -0.5446 0.7748
vn -0.4825 0.8528 0.1999
vn -0.6582 -0.7528 -0.0000
vn -0.6456 -0.7528 0.1284
vn -0.8723 -0.4571 0.1735
vn -0.8894 -0.4571 -0.0000
vn -0.6934 -0.1956 -0.6934
vn -0.8154 -0.1956 -0.5448
vn -0.8299 -0.0621 -0.5545
vn -0.7057 -0.0621 -0.7057
vn -0.9286 -0.3218 -0.1847
vn -0.8747 -0.3218 -0.3623
vn -0.9336 -0.2846 0.2177
vn -0.8951 -0.2475 0.3708
vn -0.6977 -0.6555 0.2890
vn -0.7398 -0.6574 0.1432
vn -0.9563 -0.0366 -0.2901
vn -0.9233 -0.0368 -0.3824
vn 0.3708 -0.2475 -0.8951
vn 0.2890 -0.6555 -0.6977
vn 0.1735 -0.4571 0.8723
vn 0.1875 -0.2757 0.9428
vn -0.0000 -0.2757 0.9612
vn -0.0000 -0.4571 0.8894
vn 0.1728 0.4646 0.8685
vn 0.1911 0.2007 0.9608
vn -0.0000 0.2007 0.9796
vn -0.0000 0.4646 0.8855
vn 0.3749 0.2007 -0.9051
vn 0.1911 0.2007 -0.9608
vn 0.3824 -0.0368 -0.9233
vn 0.6262 0.4646 0.6262
vn 0.6927 0.2007 0.6927
vn 0.4920 0.4646 0.7363
vn 0.2890 -0.6555 0.6977
vn 0.2519 -0.7528 0.6081
vn 0.1284 -0.7528 0.6456
vn 0.1473 -0.6555 0.7407
vn 0.8629 0.3572 -0.3574
vn 0.7036 0.6481 -0.2914
vn 0.1999 0.8528 -0.4825
vn 0.2390 0.7810 -0.5769
vn 0.1486 0.6481 0.7470
vn 0.1019 0.8528 0.5122
vn -0.0000 0.8528 0.5223
vn -0.0000 0.6481 0.7616
vn 0.9221 -0.0621 0.3819
vn 0.9789 -0.0621 0.1947
vn 0.9728 0.0990 0.2094
vn 0.9177 0.1152 0.3801
vn 0.4196 -0.6555 0.6279
vn 0.3657 -0.7528 0.5473
vn 0.3693 0.8528 -0.3693
vn 0.2902 0.8528 -0.4343
vn 0.3469 0.7810 -0.5192
vn 0.4416 0.7810 -0.4416
vn 0.4343 0.8528 -0.2902
vn 0.5192 0.7810 -0.3469
vn 0.4659 -0.5446 -0.6973
vn 0.4967 -0.4481 -0.7433
vn 0.6321 -0.4481 -0.6321
vn 0.5930 -0.5446 -0.5930
vn 0.5340 -0.6555 -0.5340
vn 0.4196 -0.6555 -0.6279
vn 0.3657 -0.7528 -0.5473
vn 0.9643 0.2293 -0.1328
vn 0.9018 0.3516 -0.2513
vn 0.6695 -0.3218 0.6695
vn 0.7872 -0.3218 0.5260
vn 0.8154 -0.1956 0.5448
vn 0.6934 -0.1956 0.6934
vn 0.4941 -0.4571 -0.7395
vn 0.3404 -0.4571 -0.8217
vn 0.3678 -0.2757 -0.8881
vn 0.5340 -0.2757 -0.7992
vn 0.1284 -0.7528 -0.6456
vn -0.0000 -0.7528 -0.6582
vn -0.0000 -0.4571 -0.8894
vn 0.1735 -0.4571 -0.8723
vn 0.3801 0.1152 0.9177
vn 0.3574 0.3572 0.8629
vn 0.1822 0.3572 0.9161
vn 0.1938 0.1152 0.9743
vn -0.9563 -0.0366 0.2901
vn -0.9233 -0.0368 0.3824
vn -0.0000 -0.3218 0.9468
vn 0.1847 -0.3218 0.9286
vn -0.9428 -0.2757 0.1875
vn -0.9612 -0.2757 -0.0000
vn 0.7398 -0.6574 0.1432
vn 0.6456 -0.7528 0.1284
vn -0.7395 -0.4571 -0.4941
vn -0.7992 -0.2757 -0.5340
vn 0.8951 -0.2475 0.3708
vn -0.5189 0.3572 -0.7766
vn -0.4231 0.6481 -0.6332
vn -0.2914 0.6481 -0.7036
vn -0.3574 0.3572 -0.8629
vn 0.8226 -0.5446 -0.1636
vn 0.8768 -0.4481 -0.1744
vn 0.3389 0.4646 -0.8181
vn 0.1728 0.4646 -0.8685
vn -0.5260 -0.3218 0.7872
vn -0.5448 -0.1956 0.8154
vn -0.6934 -0.1956 0.6934
vn 0.3421 -0.4481 0.8259
vn 0.4967 -0.4481 0.7433
vn 0.5260 -0.3218 0.7872
vn 0.3623 -0.3218 0.8747
vn -0.1999 0.8528 0.4825
vn -0.1019 0.8528 0.5122
vn -0.1218 0.7810 0.6125
vn -0.2390 0.7810 0.5769
vn -0.9221 -0.0621 0.3819
vn -0.9177 0.1152 0.3801
vn -0.9728 0.0990 0.2094
vn -0.9789 -0.0621 0.1947
vn 0.7363 0.4646 -0.4920
vn 0.6262 0.4646 -0.6262
vn 0.6927 0.2007 -0.6927
vn 0.8145 0.2007 -0.5443
vn 0.3832 0.9237 -0.0000
vn 0.6533 0.7571 0.0055
vn 0.6518 0.7584 -0.0000
vn -0.8629 0.3572 -0.3574
vn -0.7036 0.6481 -0.2914
vn -0.7766 0.3572 -0.5189
vn -0.3749 0.2007 -0.9051
vn -0.1911 0.2007 -0.9608
vn 0.8299 -0.0621 0.5545
vn 0.8259 0.1152 0.5519
vn -0.5988 0.5320 -0.5988
vn -0.2622 0.9287 -0.2622
vn -0.3083 0.9287 -0.2060
vn -0.7041 0.5320 -0.4704
vn -0.6262 0.4646 0.6262
vn -0.4920 0.4646 0.7363
vn -0.5443 0.2007 0.8145
vn -0.3749 0.2007 0.9051
vn -0.3824 -0.0368 0.9233
vn -0.5552 -0.0368 0.8309
vn -0.8982 0.4396 -0.0000
vn 0.3819 -0.0621 0.9221
vn 0.5545 -0.0621 0.8299
vn 0.5519 0.1152 0.8259
vn -0.7057 -0.0621 0.7057
vn -0.8299 -0.0621 0.5545
vn -0.8154 -0.1956 0.5448
vn 0.8483 0.4628 0.2573
vn 0.8181 0.4646 0.3389
vn 0.9618 -0.1956 0.1913
vn 0.9807 -0.1956 -0.0000
vn 0.9981 -0.0621 -0.0000
vn 0.4231 0.6481 -0.6332
vn 0.8217 -0.4571 -0.3404
vn 0.8881 -0.2757 -0.3678
vn 0.4289 -0.6356 0.6419
vn 0.4659 -0.5446 0.6973
vn -0.6851 -0.2475 0.6851
vn -0.5383 -0.2475 0.8056
vn -0.4196 -0.6555 0.6279
vn -0.5340 -0.6555 0.5340
vn 0.1486 0.6481 -0.7469
vn -0.0000 0.6481 -0.7616
vn -0.1486 0.6481 0.7469
vn 0.8739 -0.3243 -0.3620
vn 0.8896 0.2697 -0.3685
vn -0.3404 -0.4571 0.8217
vn -0.3678 -0.2757 0.8881
vn -0.5340 -0.2757 0.7992
vn 0.5459 -0.6356 0.5459
vn 0.5930 -0.5446 0.5930
vn -0.5385 0.6481 0.5385
vn -0.2902 0.8528 0.4343
vn -0.1890 -0.2475 0.9503
vn -0.0000 -0.2475 0.9689
vn -0.0000 -0.6555 0.7552
vn -0.1473 -0.6555 0.7407
vn 0.7267 0.6553 0.2061
vn 0.7036 0.6481 0.2914
vn 0.2914 0.6481 -0.7036
vn -0.3657 -0.7528 -0.5473
vn -0.0000 -0.4481 0.8940
vn 0.1744 -0.4481 0.8768
vn -0.9376 0.1998 -0.2844
vn -0.9051 0.2007 -0.3749
vn -0.2890 -0.6555 0.6977
vn -0.1284 -0.7528 0.6456
vn -0.2519 -0.7528 0.6081
vn -0.4416 0.7810 -0.4416
vn -0.3469 0.7810 -0.5192
vn -0.2902 0.8528 -0.4343
vn -0.6695 -0.3218 -0.6695
vn -0.7872 -0.3218 -0.5260
vn 0.6321 -0.4481 0.6321
vn 0.6977 -0.6555 -0.2890
vn 0.6279 -0.6555 -0.4196
vn 0.6081 -0.7528 -0.2519
vn -0.3826 -0.0235 -0.9236
vn -0.3004 -0.6195 -0.7253
vn -0.4361 -0.6195 -0.6527
vn -0.5554 -0.0235 -0.8312
vn 0.1636 -0.5446 -0.8226
vn 0.1744 -0.4481 -0.8768
vn 0.3421 -0.4481 -0.8259
vn 0.3209 -0.5446 -0.7748
vn 0.9460 -0.3243 -0.0000
vn 0.9278 -0.3243 -0.1845
vn 0.9444 0.2697 -0.1879
vn 0.9629 0.2697 -0.0000
vn 0.1842 0.3288 -0.9263
vn -0.0000 0.3288 -0.9444
vn -0.0000 0.4532 -0.8914
vn 0.1739 0.4532 -0.8743
vn -0.3411 0.4532 0.8235
vn -0.1739 0.4532 0.8743
vn -0.1595 0.5758 0.8019
vn -0.3129 0.5758 0.7554
vn 0.1875 -0.2757 -0.9428
vn -0.9643 0.2296 -0.1322
vn -0.9018 0.3516 -0.2513
vn -0.9802 0.1478 -0.1317
vn -0.5769 0.7810 0.2390
vn -0.7363 0.4646 0.4920
vn -0.8181 0.4646 0.3389
vn 0.3708 -0.2475 0.8951
vn 0.1890 -0.2475 0.9503
vn -0.7852 0.3288 0.5247
vn -0.6678 0.3288 0.6678
vn -0.6303 0.4532 0.6303
vn -0.7412 0.4532 0.4952
vn 0.7024 0.1152 -0.7024
vn 0.5519 0.1152 -0.8259
vn 0.5189 0.3572 -0.7766
vn 0.0789 0.9146 0.3967
vn 0.1637 0.5443 0.8228
vn 0.3210 0.5443 0.7750
vn 0.1548 0.9146 0.3736
vn -0.1913 -0.1956 0.9618
vn -0.1847 -0.3218 0.9286
vn -0.6081 -0.7528 0.2519
vn -0.3623 -0.3218 0.8747
vn -0.3753 -0.1956 0.9060
vn -0.2954 -0.6356 0.7132
vn -0.4659 -0.5446 0.6973
vn -0.4289 -0.6356 0.6419
vn -0.5260 -0.3218 -0.7872
vn -0.5448 -0.1956 -0.8154
vn -0.1486 0.6481 -0.7470
vn -0.1019 0.8528 -0.5122
vn 0.3404 -0.4571 0.8217
vn -0.7267 0.6553 0.2061
vn -0.5016 0.8577 0.1126
vn 0.5383 -0.2475 0.8056
vn 0.9018 0.3516 0.2513
vn 0.8629 0.3572 0.3574
vn 0.9286 -0.3218 -0.1847
vn 0.9468 -0.3218 -0.0000
vn 0.2519 -0.7528 -0.6081
vn 0.7433 -0.4481 -0.4967
vn 0.7872 -0.3218 -0.5260
vn 0.8747 -0.3218 -0.3623
vn 0.8259 -0.4481 -0.3421
vn 0.5192 0.7810 0.3469
vn 0.4343 0.8528 0.2902
vn -0.3819 -0.0621 -0.9221
vn -0.5545 -0.0621 -0.8299
vn -0.5519 0.1152 -0.8259
vn -0.3801 0.1152 -0.9177
vn 0.4941 -0.4571 0.7395
vn 0.5340 -0.2757 0.7992
vn 0.3678 -0.2757 0.8881
vn 0.1950 -0.0368 0.9801
vn -0.4967 -0.4481 0.7433
vn -0.5930 -0.5446 0.5930
vn 0.9376 0.1998 -0.2844
vn 0.9051 0.2007 -0.3749
vn 0.9563 -0.0366 -0.2901
vn -0.3209 -0.5446 -0.7748
vn -0.3421 -0.4481 -0.8259
vn -0.3678 -0.2757 -0.8881
vn -0.1875 -0.2757 -0.9428
vn 0.9902 0.1289 -0.0538
vn 0.9996 0.0068 -0.0283
vn 1.0000 0.0014 -0.0000
vn 0.9916 0.1291 -0.0000
vn -0.4967 -0.4481 -0.7433
vn -0.3623 -0.3218 -0.8747
vn -0.3708 -0.2475 0.8951
vn -0.1728 0.4646 0.8685
vn -0.1911 0.2007 0.9608
vn 0.1091 0.9940 -0.0000
vn 0.6934 -0.1956 -0.6934
vn 0.6695 -0.3218 -0.6695
vn -0.0000 -0.7528 0.6582
vn -0.1735 -0.4571 0.8723
vn 0.8154 -0.1956 -0.5448
vn 0.9177 0.1152 -0.3801
vn 0.8259 0.1152 -0.5519
vn 0.6605 0.3572 0.6605
vn 0.5385 0.6481 0.5385
vn 0.4231 0.6481 0.6332
vn 0.5189 0.3572 0.7766
vn 0.1950 -0.0235 0.9805
vn 0.1532 -0.6195 0.7699
vn 0.3004 -0.6195 0.7253
vn 0.3826 -0.0235 0.9236
vn -0.0000 -0.5446 0.8387
vn -0.8145 0.2007 -0.5443
vn -0.8309 -0.0368 -0.5552
vn -0.7066 -0.0368 -0.7066
vn -0.6927 0.2007 -0.6927
vn 0.5448 -0.1956 0.8154
vn 0.3753 -0.1956 0.9060
vn -0.5459 -0.6356 -0.5459
vn -0.6419 -0.6356 -0.4289
vn -0.4659 -0.5446 -0.6973
vn -0.6081 -0.7528 -0.2519
vn -0.8217 -0.4571 -0.3404
vn -0.5473 -0.7528 -0.3657
vn -0.3389 0.4646 0.8181
vn -0.0432 0.1173 -0.9922
vn -0.0448 0.0697 -0.9966
vn -0.0456 0.0436 -0.9980
vn 0.4920 0.4646 -0.7363
vn 0.5443 0.2007 -0.8145
vn -0.8387 -0.5446 -0.0000
vn -0.8940 -0.4481 -0.0000
vn 0.1999 0.8528 0.4825
vn 0.2390 0.7810 0.5769
vn 0.1218 0.7810 0.6125
vn -0.8259 0.1152 0.5519
vn -0.3819 -0.0621 0.9221
vn -0.3801 0.1152 0.9177
vn -0.5545 -0.0621 0.8299
vn -0.6678 0.3288 -0.6678
vn -0.6303 0.4532 -0.6303
vn -0.4952 0.4532 -0.7412
vn -0.5247 0.3288 -0.7852
vn -0.8483 0.4628 0.2573
vn -0.9051 0.2007 0.3749
vn -0.9376 0.1998 0.2844
vn 0.6289 -0.4571 0.6289
vn 0.6797 -0.2757 0.6797
vn 0.6973 -0.5446 -0.4659
vn 0.7748 -0.5446 -0.3209
vn 0.5545 -0.0621 -0.8299
vn -0.9060 -0.1956 0.3753
vn -0.8747 -0.3218 0.3623
vn -0.4654 -0.7528 -0.4654
vn 0.8299 -0.0621 -0.5545
vn 0.9011 -0.4335 -0.0000
vn 0.6041 -0.7969 -0.0000
vn -0.1218 0.7810 -0.6125
vn -0.8259 0.1152 -0.5519
vn -0.7024 0.1152 -0.7024
vn 0.7412 0.4532 0.4952
vn 0.6798 0.5758 0.4542
vn 0.5781 0.5758 0.5781
vn 0.6303 0.4532 0.6303
vn -0.8226 -0.5446 0.1636
vn -0.8768 -0.4481 0.1744
vn -0.1947 -0.0621 0.9789
vn -0.7267 0.6553 -0.2061
vn -0.3753 -0.1956 -0.9060
vn 0.5988 0.5320 -0.5988
vn 0.7041 0.5320 -0.4704
vn 0.3083 0.9287 -0.2060
vn 0.2622 0.9287 -0.2622
vn -0.6605 0.3572 -0.6605
vn 0.5459 -0.6356 -0.5459
vn 0.6419 -0.6356 -0.4289
vn -0.5383 -0.2475 -0.8056
vn -0.5552 -0.0368 -0.8309
vn -0.1506 -0.6356 0.7572
vn 0.7766 0.3572 0.5189
vn -0.5372 0.8329 0.1332
vn 0.6797 -0.2757 -0.6797
vn 0.7992 -0.2757 -0.5340
vn 0.2914 0.6481 0.7036
vn 0.7057 -0.0621 0.7057
vn 0.3574 0.3572 -0.8629
vn -0.0000 -0.6356 -0.7720
vn 0.1506 -0.6356 -0.7572
vn 0.1693 -0.4966 -0.8513
vn -0.0000 -0.4966 -0.8680
vn 0.3693 0.8528 0.3693
vn 0.2902 0.8528 0.4343
vn -0.1947 -0.0621 -0.9789
vn -0.1938 0.1152 -0.9743
vn 0.3389 0.4646 0.8181
vn -0.2622 0.9287 0.2622
vn -0.3083 0.9287 0.2060
vn -0.3363 0.9146 0.2247
vn -0.2860 0.9146 0.2860
vn -0.8723 -0.4571 -0.1735
vn -0.6456 -0.7528 -0.1284
vn -0.0000 -0.2757 -0.9612
vn 0.9336 -0.2846 -0.2177
vn 0.7398 -0.6574 -0.1432
vn -0.8259 -0.4481 0.3421
vn -0.6279 -0.6555 0.4196
vn -0.0000 0.4646 -0.8855
vn -0.0000 0.2007 -0.9796
vn 0.6419 -0.6356 0.4289
vn 0.7217 -0.4966 0.4822
vn 0.8019 -0.4966 0.3322
vn 0.7132 -0.6356 0.2954
vn -0.9428 -0.2757 -0.1875
vn 0.7572 -0.6356 0.1506
vn 0.8513 -0.4966 0.1693
vn 0.8680 -0.4966 -0.0000
vn 0.7720 -0.6356 -0.0000
vn -0.8056 -0.2475 0.5383
vn -0.8181 0.4646 -0.3389
vn -0.7363 0.4646 -0.4920
vn -0.1822 0.3572 -0.9161
vn -0.0000 0.3572 -0.9340
vn -0.0000 0.1152 -0.9933
vn 0.1056 -0.9944 -0.0000
vn -0.3936 -0.9193 -0.0000
vn -0.9060 -0.1956 -0.3753
vn -0.9618 -0.1956 -0.1913
vn -0.9221 -0.0621 -0.3819
vn 0.9444 0.3288 -0.0000
vn 0.8914 0.4532 -0.0000
vn 0.8743 0.4532 0.1739
vn 0.9263 0.3288 0.1842
vn -0.4289 -0.6356 -0.6419
vn -0.4822 -0.4966 -0.7217
vn -0.6138 -0.4966 -0.6138
vn -0.1950 -0.0368 0.9801
vn -0.0000 -0.0368 0.9993
vn -0.9911 0.1335 -0.0000
vn -0.1473 -0.6555 -0.7407
vn 0.7395 -0.4571 0.4941
vn 0.7992 -0.2757 0.5340
vn 0.7750 0.5443 -0.3210
vn 0.8228 0.5443 -0.1637
vn 0.9805 -0.0235 -0.1950
vn 0.9236 -0.0235 -0.3826
vn -0.0000 -0.0621 -0.9981
vn -0.7572 -0.6356 0.1506
vn -0.7720 -0.6356 -0.0000
vn -0.4196 -0.6555 -0.6279
vn -0.2890 -0.6555 -0.6977
vn 0.4965 0.8681 -0.0000
vn 0.4100 0.9121 -0.0000
vn 0.5554 -0.0235 0.8312
vn 0.4661 0.5443 0.6975
vn 0.9336 -0.2846 0.2177
vn 0.8389 0.5443 -0.0000
vn 0.9997 -0.0235 -0.0000
vn -0.0000 0.7810 0.6245
vn 0.8723 -0.4571 0.1735
vn 0.9428 -0.2757 0.1875
vn 0.8881 -0.2757 0.3678
vn 0.8217 -0.4571 0.3404
vn -0.9618 -0.1956 0.1913
vn -0.9807 -0.1956 -0.0000
vn 0.1822 0.3572 -0.9161
vn -0.4825 0.8528 -0.1999
vn -0.5443 0.2007 -0.8145
vn -0.6262 0.4646 -0.6262
vn 0.6332 0.6481 0.4231
vn -0.3389 0.4646 -0.8181
vn -0.1728 0.4646 -0.8685
vn 0.4822 -0.4966 0.7217
vn 0.6138 -0.4966 0.6138
vn -0.1693 -0.4966 -0.8513
vn -0.1506 -0.6356 -0.7572
vn -0.3469 0.7810 0.5192
vn -0.8217 -0.4571 0.3404
vn -0.8881 -0.2757 0.3678
vn -0.9997 -0.0235 -0.0000
vn -0.8389 0.5443 -0.0000
vn -0.0000 0.9146 0.4044
vn -0.0000 0.5443 0.8389
vn 0.4416 0.7810 0.4416
vn -0.0000 -0.6356 0.7720
vn 0.7852 0.3288 0.5247
vn 0.6678 0.3288 0.6678
vn -0.0789 0.9146 0.3967
vn -0.1548 0.9146 0.3736
vn -0.3210 0.5443 0.7750
vn -0.1637 0.5443 0.8228
vn 0.7524 -0.6587 -0.0000
vn 0.3469 0.7810 0.5192
vn -0.9177 0.1152 -0.3801
vn -0.6797 -0.2757 0.6797
vn 0.8747 -0.3218 0.3623
vn 0.9060 -0.1956 0.3753
vn 0.7024 0.1152 0.7024
vn 0.7057 -0.0621 -0.7057
vn -0.1999 0.8528 -0.4825
vn -0.5459 -0.6356 0.5459
vn -0.8881 -0.2757 -0.3678
vn -0.9018 0.3516 0.2513
vn 0.0233 -0.0038 0.9997
vn 0.0098 -0.0013 1.0000
vn 0.3620 -0.3243 -0.8739
vn 0.1845 -0.3243 -0.9278
vn 0.1879 0.2697 -0.9444
vn 0.3685 0.2697 -0.8896
vn -0.1950 -0.0235 0.9805
vn -0.3826 -0.0235 0.9236
vn -0.3004 -0.6195 0.7253
vn -0.1532 -0.6195 0.7699
vn -0.1875 -0.2757 0.9428
vn -0.5769 0.7810 -0.2390
vn -0.9468 -0.3218 -0.0000
vn 0.8739 -0.3243 0.3620
vn 0.9278 -0.3243 0.1845
vn 0.9444 0.2697 0.1879
vn 0.8896 0.2697 0.3685
vn -0.4920 0.4646 -0.7363
vn 0.8181 0.4646 -0.3389
vn -0.2390 0.7810 -0.5769
vn -0.1637 0.5443 -0.8228
vn -0.1950 -0.0235 -0.9805
vn -0.3210 0.5443 -0.7750
vn 0.2954 -0.6356 -0.7132
vn 0.4289 -0.6356 -0.6419
vn -0.5192 0.7810 -0.3469
vn 0.9286 -0.3218 0.1847
vn -0.3832 0.9237 -0.0000
vn -0.6533 0.7571 -0.0055
vn -0.6518 0.7584 -0.0000
vn -0.4661 0.5443 0.6975
vn -0.5554 -0.0235 0.8312
vn -0.7992 -0.2757 0.5340
vn -0.8680 -0.4966 -0.0000
vn -0.8513 -0.4966 0.1693
vn 0.9318 -0.3629 -0.0000
vn -0.5781 0.5758 0.5781
vn -0.6798 0.5758 0.4542
vn 0.8145 0.2007 0.5443
vn 0.7363 0.4646 0.4920
vn 0.6678 0.3288 -0.6678
vn 0.5247 0.3288 -0.7852
vn 0.4952 0.4532 -0.7412
vn 0.6303 0.4532 -0.6303
vn -0.9880 0.1535 -0.0167
vn -0.9879 0.1551 -0.0000
vn -0.9973 0.0728 -0.0000
vn -0.9974 0.0720 -0.0000
vn -0.9444 0.3288 -0.0000
vn -0.9263 0.3288 0.1842
vn -0.8743 0.4532 0.1739
vn -0.8914 0.4532 -0.0000
vn 0.7267 0.6553 -0.2061
vn -0.6138 -0.4966 0.6138
vn -0.4822 -0.4966 0.7217
vn 0.3411 0.4532 -0.8235
vn 0.3129 0.5758 -0.7554
vn 0.4542 0.5758 -0.6798
vn 0.6138 -0.4966 -0.6138
vn 0.4822 -0.4966 -0.7217
vn -0.4952 0.4532 0.7412
vn -0.4542 0.5758 0.6798
vn 0.8483 0.4628 -0.2573
vn -0.9286 -0.3218 0.1847
vn 0.3426 0.9287 0.1419
vn 0.3736 0.9146 0.1548
vn 0.3967 0.9146 0.0789
vn 0.3637 0.9287 0.0723
vn -0.2954 -0.6356 -0.7132
vn 0.1937 -0.1183 0.9739
vn 0.1912 -0.1998 0.9610
vn 0.3750 -0.1998 0.9053
vn 0.3800 -0.1183 0.9174
vn 0.7132 -0.6356 -0.2954
vn 0.7572 -0.6356 -0.1506
vn 0.4952 0.4532 0.7412
vn 0.4542 0.5758 0.6798
vn 0.6929 -0.1998 -0.6929
vn 0.8147 -0.1998 -0.5444
vn 0.4233 0.8889 -0.1753
vn 0.4493 0.8889 -0.0894
vn 0.7583 0.6342 -0.1508
vn 0.7143 0.6342 -0.2959
vn 0.2545 0.8889 -0.3809
vn 0.3240 0.8889 -0.3240
vn 0.5467 0.6342 -0.5467
vn 0.4295 0.6342 -0.6429
vn -0.0000 -0.4966 0.8680
vn 0.1693 -0.4966 0.8513
vn -0.8483 0.4628 -0.2573
vn 0.6533 0.7571 -0.0055
vn 0.3800 -0.1183 -0.9174
vn 0.5517 -0.1183 -0.8256
vn 0.5444 -0.1998 -0.8147
vn 0.3750 -0.1998 -0.9053
vn 0.2959 0.6342 0.7143
vn 0.5517 -0.1183 0.8256
vn 0.4295 0.6342 0.6429
vn 0.3322 -0.4966 -0.8019
vn 0.1937 -0.1183 -0.9739
vn 0.1912 -0.1998 -0.9610
vn 0.1883 -0.2619 -0.9466
vn -0.0000 -0.2619 -0.9651
vn 0.4704 0.5320 -0.7041
vn 0.4044 0.9146 -0.0000
vn 0.3708 0.9287 -0.0000
vn -0.7572 -0.6356 -0.1506
vn -0.8513 -0.4966 -0.1693
vn -0.0000 0.9287 -0.3708
vn 0.0723 0.9287 -0.3637
vn 0.0789 0.9146 -0.3967
vn -0.0000 0.9146 -0.4044
vn 0.5362 -0.2619 -0.8025
vn 0.3693 -0.2619 -0.8916
vn -0.5517 -0.1183 0.8256
vn -0.7021 -0.1183 0.7021
vn -0.6929 -0.1998 0.6929
vn -0.5444 -0.1998 0.8147
vn -0.0000 0.8889 -0.4581
vn 0.0894 0.8889 -0.4493
vn 0.1508 0.6342 -0.7583
vn -0.0000 0.6342 -0.7732
vn -0.7132 -0.6356 -0.2954
vn 0.6975 0.5443 0.4661
vn 0.8312 -0.0235 0.5554
vn 0.9236 -0.0235 0.3826
vn 0.7750 0.5443 0.3210
vn -0.1419 0.9287 -0.3426
vn -0.1548 0.9146 -0.3736
vn -0.2247 0.9146 -0.3363
vn -0.2060 0.9287 -0.3083
vn -0.4233 0.8889 -0.1753
vn -0.7143 0.6342 -0.2959
vn -0.7583 0.6342 -0.1508
vn -0.4493 0.8889 -0.0894
vn -0.3426 0.9287 -0.1419
vn -0.3736 0.9146 -0.1548
vn -0.3967 0.9146 -0.0789
vn -0.3637 0.9287 -0.0723
vn 0.3637 0.9287 -0.0723
vn 0.3967 0.9146 -0.0789
vn -0.1693 -0.4966 0.8513
vn -0.6429 0.6342 -0.4295
vn -0.8256 -0.1183 -0.5517
vn -0.9174 -0.1183 -0.3800
vn -0.3800 -0.1183 -0.9174
vn -0.3750 -0.1998 -0.9053
vn -0.5444 -0.1998 -0.8147
vn -0.5517 -0.1183 -0.8256
vn 0.7021 -0.1183 -0.7021
vn -0.1937 -0.1183 -0.9739
vn -0.1912 -0.1998 -0.9610
vn -0.8147 -0.1998 0.5444
vn -0.9053 -0.1998 0.3750
vn -0.7823 0.5320 0.3240
vn -0.7041 0.5320 0.4704
vn -0.4704 0.5320 -0.7041
vn -0.6929 -0.1998 -0.6929
vn 0.9610 -0.1998 0.1912
vn 0.8305 0.5320 0.1652
vn 0.8468 0.5320 -0.0000
vn 0.9798 -0.1998 -0.0000
vn -0.3322 -0.4966 -0.8019
vn -0.3693 -0.2619 -0.8916
vn -0.5362 -0.2619 -0.8025
vn 0.9466 -0.2619 0.1883
vn 0.9651 -0.2619 -0.0000
vn -0.4044 0.9146 -0.0000
vn -0.3708 0.9287 -0.0000
vn 0.9053 -0.1998 -0.3750
vn 0.7823 0.5320 -0.3240
vn 0.4361 -0.6195 0.6527
vn 0.2698 -0.8742 0.4038
vn 0.3434 -0.8742 0.3434
vn 0.5551 -0.6195 0.5551
vn 0.8916 -0.2619 0.3693
vn -0.1937 -0.1183 0.9739
vn -0.3800 -0.1183 0.9174
vn -0.3750 -0.1998 0.9053
vn -0.1912 -0.1998 0.9610
vn 0.9053 -0.1998 0.3750
vn 0.7823 0.5320 0.3240
vn 0.3240 0.5320 0.7823
vn 0.1419 0.9287 0.3426
vn 0.2060 0.9287 0.3083
vn 0.4704 0.5320 0.7041
vn 0.9739 -0.1183 -0.1937
vn 0.9174 -0.1183 -0.3800
vn 0.7041 0.5320 0.4704
vn 0.3240 0.8889 0.3240
vn 0.5467 0.6342 0.5467
vn 0.6429 0.6342 0.4295
vn 0.3809 0.8889 0.2545
vn -0.3809 0.8889 0.2545
vn -0.4233 0.8889 0.1753
vn -0.7143 0.6342 0.2959
vn -0.6429 0.6342 0.4295
vn 0.4233 0.8889 0.1753
vn 0.7143 0.6342 0.2959
vn 0.7583 0.6342 0.1508
vn 0.4493 0.8889 0.0894
vn -0.3322 -0.4966 0.8019
vn -0.3693 -0.2619 0.8916
vn -0.1883 -0.2619 0.9466
vn -0.7217 -0.4966 -0.4822
vn -0.8019 -0.4966 -0.3322
vn 0.6929 -0.1998 0.6929
vn 0.5988 0.5320 0.5988
vn 0.8147 -0.1998 0.5444
vn 0.7021 -0.1183 0.7021
vn 0.8256 -0.1183 0.5517
vn -0.8025 -0.2619 0.5362
vn -0.6824 -0.2619 0.6824
vn -0.0000 -0.1183 -0.9930
vn -0.0000 -0.1998 -0.9798
vn -0.8312 -0.0235 -0.5554
vn -0.6527 -0.6195 -0.4361
vn -0.7253 -0.6195 -0.3004
vn -0.6975 0.5443 -0.4661
vn 0.8513 -0.4966 -0.1693
vn 0.8019 -0.4966 -0.3322
vn -0.5932 0.5443 0.5932
vn -0.7069 -0.0235 0.7069
vn 0.7217 -0.4966 -0.4822
vn -0.7253 -0.6195 0.3004
vn -0.7699 -0.6195 0.1532
vn -0.4763 -0.8742 0.0947
vn -0.4486 -0.8742 0.1858
vn 0.9174 -0.1183 0.3800
vn 0.6824 -0.2619 0.6824
vn 0.8025 -0.2619 0.5362
vn 0.8305 0.5320 -0.1652
vn -0.3426 0.9287 0.1419
vn -0.3736 0.9146 0.1548
vn -0.2060 0.9287 0.3083
vn -0.2247 0.9146 0.3363
vn 0.8256 -0.1183 -0.5517
vn -0.5467 0.6342 -0.5467
vn -0.7021 -0.1183 -0.7021
vn 0.8312 -0.0235 -0.5554
vn 0.7253 -0.6195 -0.3004
vn 0.6527 -0.6195 -0.4361
vn 0.2060 0.9287 -0.3083
vn 0.2860 0.9146 -0.2860
vn 0.2247 0.9146 -0.3363
vn -0.9739 -0.1183 -0.1937
vn -0.9610 -0.1998 -0.1912
vn -0.9798 -0.1998 -0.0000
vn -0.9930 -0.1183 -0.0000
vn 0.6975 0.5443 -0.4661
vn -0.0000 0.5320 -0.8468
vn -0.1652 0.5320 -0.8305
vn 0.7699 -0.6195 -0.1532
vn 0.7850 -0.6195 -0.0000
vn 0.4856 -0.8742 -0.0000
vn 0.4763 -0.8742 -0.0947
vn 0.7069 -0.0235 0.7069
vn 0.5932 0.5443 0.5932
vn 0.2247 0.9146 0.3363
vn 0.7253 -0.6195 0.3004
vn 0.4486 -0.8742 0.1858
vn 0.4763 -0.8742 0.0947
vn 0.7699 -0.6195 0.1532
vn 0.1419 0.9287 -0.3426
vn 0.1548 0.9146 -0.3736
vn 0.8916 -0.2619 -0.3693
vn 0.8025 -0.2619 -0.5362
vn 0.3322 -0.4966 0.8019
vn 0.3693 -0.2619 0.8916
vn 0.5362 -0.2619 0.8025
vn 0.9739 -0.1183 0.1937
vn 0.9930 -0.1183 -0.0000
vn 0.7732 0.6342 -0.0000
vn 0.3426 0.9287 -0.1419
vn 0.1652 0.5320 -0.8305
vn 0.3240 0.5320 -0.7823
vn -0.0000 0.9287 0.3708
vn 0.0723 0.9287 0.3637
vn 0.9610 -0.1998 -0.1912
vn 0.5444 -0.1998 0.8147
vn -0.0000 -0.1183 0.9930
vn -0.0000 -0.1998 0.9798
vn 0.6429 0.6342 -0.4295
vn -0.8147 -0.1998 -0.5444
vn -0.2545 0.8889 -0.3809
vn -0.4295 0.6342 -0.6429
vn -0.3240 0.8889 -0.3240
vn -0.2959 0.6342 0.7143
vn -0.4295 0.6342 0.6429
vn -0.1883 -0.2619 -0.9466
vn -0.0789 0.9146 -0.3967
vn -0.0723 0.9287 -0.3637
vn -0.3637 0.9287 0.0723
vn -0.3967 0.9146 0.0789
vn -0.6975 0.5443 0.4661
vn -0.7750 0.5443 0.3210
vn -0.9236 -0.0235 0.3826
vn -0.8312 -0.0235 0.5554
vn -0.1508 0.6342 -0.7583
vn -0.0894 0.8889 -0.4493
vn -0.9610 -0.1998 0.1912
vn -0.8468 0.5320 -0.0000
vn -0.8305 0.5320 0.1652
vn 0.1753 0.8889 -0.4233
vn 0.2959 0.6342 -0.7143
vn -0.0000 -0.2619 0.9651
vn 0.1883 -0.2619 0.9466
vn 0.3736 0.9146 -0.1548
vn 0.3363 0.9146 -0.2247
vn -0.3240 0.8889 0.3240
vn -0.5467 0.6342 0.5467
vn -0.4493 0.8889 0.0894
vn -0.7583 0.6342 0.1508
vn -0.0723 0.9287 0.3637
vn -0.5362 -0.2619 0.8025
vn -0.3240 0.5320 -0.7823
vn -0.7732 0.6342 -0.0000
vn -0.9739 -0.1183 0.1937
vn -0.7823 0.5320 -0.3240
vn -0.0000 0.5320 0.8468
vn 0.1652 0.5320 0.8305
vn -0.0000 0.8889 0.4581
vn -0.0000 0.6342 0.7732
vn 0.1508 0.6342 0.7583
vn 0.0894 0.8889 0.4493
vn 0.9880 0.1535 -0.0167
vn 0.9974 0.0720 -0.0000
vn 0.9973 0.0728 -0.0000
vn 0.9879 0.1551 -0.0000
vn 0.4581 0.8889 -0.0000
vn -0.8025 -0.2619 -0.5362
vn -0.8916 -0.2619 -0.3693
vn -0.5988 0.5320 0.5988
vn 0.9466 -0.2619 -0.1883
vn -0.3240 0.5320 0.7823
vn -0.4704 0.5320 0.7041
vn -0.1419 0.9287 0.3426
vn -0.9466 -0.2619 0.1883
vn -0.8916 -0.2619 0.3693
vn -0.4361 -0.6195 0.6527
vn -0.5551 -0.6195 0.5551
vn -0.3434 -0.8742 0.3434
vn -0.2698 -0.8742 0.4038
vn -0.9053 -0.1998 -0.3750
vn -0.1753 0.8889 -0.4233
vn -0.2959 0.6342 -0.7143
vn -0.9651 -0.2619 -0.0000
vn -0.7699 -0.6195 -0.1532
vn -0.4763 -0.8742 -0.0947
vn -0.4856 -0.8742 -0.0000
vn -0.7850 -0.6195 -0.0000
vn -0.2860 0.9146 -0.2860
vn -0.3363 0.9146 -0.2247
vn -0.8305 0.5320 -0.1652
vn -0.1652 0.5320 0.8305
vn -0.8256 -0.1183 0.5517
vn -0.9174 -0.1183 0.3800
vn -0.6527 -0.6195 0.4361
vn -0.4038 -0.8742 0.2698
vn 0.3210 0.5443 -0.7750
vn 0.1637 0.5443 -0.8228
vn 0.4661 0.5443 -0.6975
vn -0.1845 -0.3243 -0.9278
vn -0.1879 0.2697 -0.9444
vn -0.0000 0.2697 -0.9629
vn -0.0000 -0.3243 -0.9460
vn -0.5247 0.3288 0.7852
vn 0.5932 0.5443 -0.5932
vn -0.0000 -0.3243 0.9460
vn 0.1845 -0.3243 0.9278
vn 0.1879 0.2697 0.9444
vn -0.0000 0.2697 0.9629
vn -0.8228 0.5443 0.1637
vn 0.9805 -0.0235 0.1950
vn 0.5247 0.3288 0.7852
vn 0.7069 -0.0235 -0.7069
vn -0.9805 -0.0235 0.1950
vn -0.0000 -0.0235 0.9997
vn -0.0000 -0.6195 0.7850
vn -0.0947 -0.8742 0.4763
vn -0.0000 -0.8742 0.4856
vn 0.6824 -0.2619 -0.6824
vn 0.0947 -0.8742 0.4763
vn -0.0000 0.5443 -0.8389
vn -0.0000 -0.0235 -0.9997
vn -0.4486 -0.8742 -0.1858
vn 0.3004 -0.6195 -0.7253
vn 0.4361 -0.6195 -0.6527
vn 0.2698 -0.8742 -0.4038
vn 0.1858 -0.8742 -0.4486
vn 0.1858 -0.8742 0.4486
vn 0.4486 -0.8742 -0.1858
vn -0.5551 -0.6195 -0.5551
vn -0.7069 -0.0235 -0.7069
vn -0.1858 -0.8742 0.4486
vn 0.6527 -0.6195 0.4361
vn 0.4038 -0.8742 0.2698
vn -0.1532 -0.6195 -0.7699
vn 0.5554 -0.0235 -0.8312
vn 0.5551 -0.6195 -0.5551
vn 0.1950 -0.0235 -0.9805
vn -0.4661 0.5443 -0.6975
vn 0.8228 0.5443 0.1637
vn 0.3826 -0.0235 -0.9236
vn 0.1532 -0.6195 -0.7699
vn -0.0000 -0.0000 -1.0000
vn -0.0327 -0.0055 -0.9994
vn -0.0233 -0.0038 -0.9997
vn 0.0373 -0.0012 0.9993
vn 0.0340 0.0020 0.9994
vn 0.5255 -0.3243 -0.7865
vn 0.5350 0.2697 -0.8007
vn 0.9546 -0.2979 -0.0000
vn -0.5822 0.8055 -0.1103
vn -0.7082 0.6816 -0.1840
vn -0.7865 -0.3243 -0.5255
vn -0.8007 0.2697 -0.5350
vn -0.6809 0.2697 -0.6809
vn -0.6689 -0.3243 -0.6689
vn -0.3809 0.8889 -0.2545
vn -0.9466 -0.2619 -0.1883
vn -0.9460 -0.3243 -0.0000
vn -0.9629 0.2697 -0.0000
vn -0.9444 0.2697 -0.1879
vn -0.9278 -0.3243 -0.1845
vn -0.6533 0.7571 0.0055
vn -0.3620 -0.3243 -0.8739
vn -0.3685 0.2697 -0.8896
vn 0.0233 -0.0038 -0.9997
vn 0.0327 -0.0055 -0.9994
vn -0.1842 0.3288 0.9263
vn -0.0000 0.3288 0.9444
vn -0.0000 0.4532 0.8914
vn -0.0894 0.8889 0.4493
vn -0.1508 0.6342 0.7583
vn -0.5255 -0.3243 -0.7865
vn -0.5350 0.2697 -0.8007
vn -0.1879 0.2697 0.9444
vn -0.1845 -0.3243 0.9278
vn 0.5822 0.8055 -0.1103
vn 0.7082 0.6816 -0.1840
vn -0.1753 0.8889 0.4233
vn -0.2545 0.8889 0.3809
vn 0.3809 0.8889 -0.2545
vn 0.1842 0.3288 0.9263
vn 0.1753 0.8889 0.4233
vn 0.2545 0.8889 0.3809
vn -0.4581 0.8889 -0.0000
vn -0.0000 0.5758 -0.8176
vn 0.1595 0.5758 -0.8019
vn -0.5932 0.5443 -0.5932
vn 0.4038 -0.8742 -0.2698
vn -0.6824 -0.2619 -0.6824
vn 0.3434 -0.8742 -0.3434
vn -0.9278 -0.3243 0.1845
vn -0.9444 0.2697 0.1879
vn 0.0947 -0.8742 -0.4763
vn -0.1858 -0.8742 -0.4486
vn -0.2698 -0.8742 -0.4038
vn -0.3614 0.3288 0.8725
vn -0.0000 -0.6195 -0.7850
vn -0.0000 -0.8742 -0.4856
vn -0.7120 0.7022 -0.0000
vn -0.7120 0.7021 0.0107
vn -0.8896 0.2697 -0.3685
vn -0.8739 -0.3243 -0.3620
vn -0.0000 -1.0000 -0.0000
vn 0.9263 0.3288 -0.1842
vn 0.8743 0.4532 -0.1739
vn 0.3614 0.3288 -0.8725
vn -0.3411 0.4532 -0.8235
vn -0.3614 0.3288 -0.8725
vn -0.8725 0.3288 0.3614
vn -0.8235 0.4532 0.3411
vn -0.0608 0.0704 -0.9957
vn -0.1392 0.0500 -0.9890
vn -0.0368 0.0173 -0.9992
vn -0.0243 0.0302 -0.9992
vn 0.7609 -0.6489 -0.0000
vn 0.5822 0.8055 0.1103
vn 0.7082 0.6816 0.1840
vn -0.7609 -0.6489 -0.0000
vn -0.9546 -0.2979 -0.0000
vn 0.3614 0.3288 0.8725
vn -0.5822 0.8055 0.1103
vn -0.7082 0.6816 0.1840
vn -0.9996 0.0068 -0.0283
vn -1.0000 0.0014 -0.0000
vn -0.0327 -0.0055 0.9994
vn -0.0670 -0.0112 0.9977
vn 0.8235 0.4532 0.3411
vn 0.8725 0.3288 0.3614
vn 0.9880 0.1535 0.0167
vn 0.3620 -0.3243 0.8739
vn 0.5255 -0.3243 0.7865
vn 0.5350 0.2697 0.8007
vn 0.3685 0.2697 0.8896
vn -0.9982 -0.0601 -0.0000
vn -0.9981 -0.0610 -0.0000
vn -0.9937 0.1118 -0.0000
vn -0.3434 -0.8742 -0.3434
vn 0.9944 -0.1060 -0.0000
vn 0.7412 0.4532 -0.4952
vn 0.5781 0.5758 -0.5781
vn 0.6798 0.5758 -0.4542
vn 0.8176 0.5758 -0.0000
vn 0.8019 0.5758 0.1595
vn -0.9998 -0.0188 -0.0000
vn -0.9999 -0.0152 0.0069
vn -0.9643 0.2296 0.1322
vn -0.9802 0.1478 0.1317
vn -0.5701 0.8215 -0.0000
vn 0.0368 0.0173 0.9992
vn 0.0506 0.0036 0.9987
vn -0.0098 -0.0013 -1.0000
vn 0.7120 0.7022 -0.0000
vn 0.7120 0.7021 -0.0107
vn 0.0608 0.0704 -0.9957
vn 0.0243 0.0302 -0.9992
vn 0.0368 0.0173 -0.9992
vn 0.1392 0.0500 -0.9890
vn -0.4038 -0.8742 -0.2698
vn -0.0947 -0.8742 -0.4763
vn 0.1392 0.0500 0.9890
vn 0.1719 0.0230 0.9849
vn -0.9999 -0.0152 -0.0069
vn 0.0506 0.0036 -0.9987
vn 0.8235 0.4532 -0.3411
vn 0.7554 0.5758 -0.3129
vn 0.7554 0.5758 0.3129
vn -0.0670 -0.0112 -0.9977
vn -0.0373 -0.0012 -0.9993
vn -0.0000 0.5758 0.8176
vn 0.1719 0.0230 -0.9849
vn 0.7120 0.7021 0.0107
vn 0.0243 0.0302 0.9992
vn -0.9996 0.0068 0.0283
vn 0.9902 0.1289 0.0538
vn 0.9996 0.0068 0.0283
vn -0.1739 0.4532 -0.8743
vn -0.1595 0.5758 -0.8019
vn -0.9011 -0.4335 -0.0000
vn -0.6041 -0.7969 -0.0000
vn -0.4542 0.5758 -0.6798
vn -0.3129 0.5758 -0.7554
vn 0.0432 0.1173 -0.9922
vn 0.0456 0.0436 -0.9980
vn 0.0448 0.0697 -0.9966
vn 0.0098 -0.0013 -1.0000
vn -0.8235 0.4532 -0.3411
vn -0.7554 0.5758 -0.3129
vn -0.6798 0.5758 -0.4542
vn -0.7412 0.4532 -0.4952
vn 0.9937 0.1118 -0.0000
vn 0.0327 -0.0055 0.9994
vn 0.0670 -0.0112 0.9977
vn 0.9982 -0.0601 -0.0000
vn 0.9981 -0.0610 -0.0000
vn -0.0243 0.0302 0.9992
vn -0.0368 0.0173 0.9992
vn -0.7120 0.7021 -0.0107
vn 0.0373 -0.0012 -0.9993
vn 0.0670 -0.0112 -0.9977
vn -0.9944 -0.1060 -0.0000
vn -0.1392 0.0500 0.9890
vn -0.0506 0.0036 0.9987
vn -0.1719 0.0230 0.9849
vn 0.5701 0.8215 -0.0000
vn 0.9998 -0.0183 -0.0000
vn 0.9999 -0.0146 -0.0079
vn -0.7554 0.5758 0.3129
vn -0.8019 0.5758 0.1595
vn -0.9880 0.1535 0.0167
vn -0.0506 0.0036 -0.9987
vn -0.5781 0.5758 -0.5781
vn 0.9643 0.2293 0.1328
vn 0.9802 0.1475 0.1319
vn -0.9902 0.1289 -0.0538
vn -0.9916 0.1291 -0.0000
vn -0.1719 0.0230 -0.9849
vn -0.8176 0.5758 -0.0000
vn 0.9999 -0.0146 0.0079
vn -0.8019 0.5758 -0.1595
vn -0.8743 0.4532 -0.1739
vn -0.0608 0.0704 0.9957
vn 0.0340 0.0020 -0.9994
vn -0.9809 0.1916 -0.0349
vn -0.9815 0.1917 -0.0000
vn 0.9946 0.1035 -0.0000
vn -0.0671 0.0756 -0.9949
vn -0.1334 0.0681 -0.9887
vn 0.0456 0.0436 0.9980
vn 0.0448 0.0697 0.9966
vn 0.0432 0.1173 0.9922
vn -0.1334 0.0681 0.9887
vn -0.2884 0.0489 0.9563
vn 0.0608 0.0704 0.9957
vn 0.8019 0.5758 -0.1595
vn -0.0671 0.0756 0.9949
vn -0.9809 0.1916 0.0349
vn -0.2884 0.0489 -0.9563
vn -0.0340 0.0020 -0.9994
vn 0.9809 0.1916 -0.0349
vn 0.9815 0.1917 -0.0000
vn -0.1951 -0.0000 -0.9808
vn -0.9947 0.1031 -0.0000
vn -0.8315 -0.0000 -0.5556
vn -0.7071 -0.0000 -0.7071
vn 0.9809 0.1916 0.0349
vn 0.0671 0.0756 -0.9949
vn 0.1334 0.0681 -0.9887
vn 0.0671 0.0756 0.9949
vn 0.1334 0.0681 0.9887
vn 0.2884 0.0489 0.9563
vn -0.8315 -0.0000 0.5556
vn -0.9239 -0.0000 0.3827
vn -0.0448 0.0697 0.9966
vn -0.0456 0.0436 0.9980
vn -0.0432 0.1173 0.9922
vn -0.9808 -0.0000 0.1951
vn -1.0000 -0.0000 -0.0000
vn -0.9808 -0.0000 -0.1951
vn -0.1951 -0.0000 0.9808
vn -0.3827 -0.0000 0.9239
vn -0.5556 -0.0000 0.8315
vn 0.2884 0.0489 -0.9563
vn -0.7071 -0.0000 0.7071
vn -0.9239 -0.0000 -0.3827
vn -0.5556 -0.0000 -0.8315
vn -0.3827 -0.0000 -0.9239
vn 0.1951 -0.0000 -0.9808
vn 0.7071 -0.0000 0.7071
vn 0.8315 -0.0000 0.5556
vn -0.1455 -0.6664 -0.7313
vn -0.0000 -0.6664 -0.7456
vn -0.6200 -0.6664 -0.4143
vn -0.5272 -0.6664 -0.5272
vn -0.1712 0.4795 0.8607
vn -0.3358 0.4795 0.8108
vn -0.3685 0.2697 0.8896
vn -0.6205 0.4795 -0.6205
vn -0.4875 0.4795 -0.7297
vn 0.8315 -0.0000 -0.5556
vn 0.7071 -0.0000 -0.7071
vn 0.9808 -0.0000 -0.1951
vn 0.9239 -0.0000 -0.3827
vn -0.6889 -0.6664 0.2853
vn -0.8739 -0.3243 0.3620
vn -0.7313 -0.6664 0.1455
vn -0.6889 -0.6664 -0.2853
vn -0.0000 0.4795 0.8776
vn -0.7297 0.4795 -0.4875
vn 0.9239 -0.0000 0.3827
vn 0.5556 -0.0000 0.8315
vn -0.2853 -0.6664 -0.6889
vn -0.7456 -0.6664 -0.0000
vn -0.8108 0.4795 -0.3358
vn -0.8607 0.4795 0.1712
vn -0.8776 0.4795 -0.0000
vn 0.9808 -0.0000 0.1951
vn 1.0000 -0.0000 -0.0000
vn -0.4142 -0.6664 0.6200
vn -0.5255 -0.3243 0.7865
vn -0.6689 -0.3243 0.6689
vn -0.5272 -0.6664 0.5272
vn -0.7313 -0.6664 -0.1455
vn -0.8607 0.4795 -0.1712
vn 0.5556 -0.0000 -0.8315
vn 0.3827 -0.0000 -0.9239
vn -0.4142 -0.6664 -0.6200
vn -0.4875 0.4795 0.7297
vn -0.5350 0.2697 0.8007
vn -0.8007 0.2697 0.5350
vn -0.7297 0.4795 0.4875
vn -0.8108 0.4795 0.3358
vn -0.8896 0.2697 0.3685
vn 0.1951 -0.0000 0.9808
vn 0.3827 -0.0000 0.9239
vn -0.1455 -0.6664 0.7313
vn -0.3620 -0.3243 0.8739
vn -0.2853 -0.6664 0.6889
vn -0.6809 0.2697 0.6809
vn -0.6205 0.4795 0.6205
vn -0.1712 0.4795 -0.8607
vn -0.0000 0.4795 -0.8776
vn -0.0000 -0.6664 0.7456
vn -0.7865 -0.3243 0.5255
vn -0.6200 -0.6664 0.4143
vn -0.3358 0.4795 -0.8108
vn 0.1455 -0.6664 -0.7313
vn 0.2853 -0.6664 -0.6889
vn 0.7456 -0.6664 -0.0000
vn 0.7313 -0.6664 -0.1455
vn 0.4142 -0.6664 -0.6200
vn 0.6200 -0.6664 -0.4143
vn 0.5272 -0.6664 -0.5272
vn 0.7313 -0.6664 0.1455
vn 0.8007 0.2697 0.5350
vn 0.8108 0.4795 0.3358
vn 0.7297 0.4795 0.4875
vn 0.4875 0.4795 0.7297
vn 0.3358 0.4795 0.8108
vn 0.1712 0.4795 0.8607
vn 0.7297 0.4795 -0.4875
vn 0.8108 0.4795 -0.3358
vn 0.2853 -0.6664 0.6889
vn 0.4142 -0.6664 0.6200
vn 0.1455 -0.6664 0.7313
vn 0.4875 0.4795 -0.7297
vn 0.6205 0.4795 -0.6205
vn 0.8776 0.4795 -0.0000
vn 0.8607 0.4795 0.1712
vn 0.1712 0.4795 -0.8607
vn 0.6809 0.2697 0.6809
vn 0.6205 0.4795 0.6205
vn 0.6889 -0.6664 0.2853
vn 0.5272 -0.6664 0.5272
vn 0.6689 -0.3243 0.6689
vn 0.6200 -0.6664 0.4143
vn 0.7865 -0.3243 0.5255
vn 0.6889 -0.6664 -0.2853
vn 0.3358 0.4795 -0.8108
vn 0.8607 0.4795 -0.1712
vn -0.9263 0.3288 -0.1842
vn -0.1842 0.3288 -0.9263
vn 0.8725 0.3288 -0.3614
vn 0.7852 0.3288 -0.5247
vn -0.8725 0.3288 -0.3614
vn -0.7852 0.3288 -0.5247
vn -0.9902 0.1289 0.0538
vt 0.887683 0.098480
vt 0.887683 0.069802
vt 0.898474 0.069802
vt 0.898474 0.098480
vt 0.737077 0.648176
vt 0.757773 0.647344
vt 0.757773 0.689940
vt 0.740513 0.691166
vt 0.675563 0.199306
vt 0.691327 0.199306
vt 0.691327 0.222756
vt 0.675563 0.222756
vt 0.555152 0.622018
vt 0.534671 0.627249
vt 0.530652 0.611983
vt 0.567076 0.603556
vt 0.895292 0.385883
vt 0.919907 0.375390
vt 0.941077 0.427756
vt 0.911271 0.436032
vt 0.847820 0.399975
vt 0.871271 0.393921
vt 0.883228 0.442137
vt 0.856577 0.446611
vt 0.404202 0.487391
vt 0.429297 0.473802
vt 0.457329 0.528465
vt 0.425372 0.539757
vt 0.592879 0.524169
vt 0.594830 0.564191
vt 0.560972 0.568174
vt 0.558678 0.524169
vt 0.749195 0.964255
vt 0.749195 0.977246
vt 0.734451 0.977246
vt 0.734451 0.964255
vt 0.707452 0.490126
vt 0.706930 0.524169
vt 0.680620 0.524169
vt 0.681477 0.489048
vt 0.326153 0.952632
vt 0.326153 0.964723
vt 0.310390 0.964722
vt 0.310390 0.952632
vt 0.326153 0.909472
vt 0.326153 0.929183
vt 0.310390 0.929183
vt 0.310390 0.909472
vt 0.607259 0.691131
vt 0.629669 0.677584
vt 0.654750 0.719586
vt 0.639115 0.730687
vt 0.634233 0.613068
vt 0.660780 0.607492
vt 0.665012 0.627422
vt 0.640000 0.634042
vt 0.357680 0.891921
vt 0.357680 0.909472
vt 0.341917 0.909472
vt 0.341917 0.891921
vt 0.563941 0.246512
vt 0.580980 0.246512
vt 0.580980 0.258995
vt 0.563941 0.258995
vt 0.217704 0.691945
vt 0.242069 0.691560
vt 0.242069 0.710860
vt 0.218529 0.711282
vt 0.801674 0.199306
vt 0.801674 0.222756
vt 0.785910 0.222756
vt 0.785910 0.199306
vt 0.147491 0.451855
vt 0.128887 0.443765
vt 0.149154 0.405504
vt 0.163868 0.412315
vt 0.722855 0.179595
vt 0.722855 0.199306
vt 0.707091 0.199306
vt 0.707091 0.179595
vt 0.594750 0.930176
vt 0.594750 0.921682
vt 0.609776 0.921682
vt 0.609776 0.930176
vt 0.929592 0.709033
vt 0.890505 0.744081
vt 0.876430 0.730687
vt 0.908286 0.691132
vt 0.367918 0.255473
vt 0.350631 0.255473
vt 0.350631 0.138260
vt 0.367918 0.138260
vt 0.846506 0.215223
vt 0.853500 0.208234
vt 0.874119 0.218468
vt 0.867751 0.231426
vt 0.754397 0.942169
vt 0.754397 0.928417
vt 0.779812 0.928418
vt 0.779812 0.942169
vt 0.663126 0.759853
vt 0.688452 0.773390
vt 0.682985 0.786588
vt 0.655505 0.778252
vt 0.675563 0.179595
vt 0.691327 0.179595
vt 0.612507 0.234846
vt 0.628271 0.234846
vt 0.628271 0.246512
vt 0.612507 0.246512
vt 0.884502 0.908525
vt 0.898248 0.908525
vt 0.898248 0.933847
vt 0.884502 0.933847
vt 0.341917 0.952632
vt 0.341917 0.964723
vt 0.355567 0.505921
vt 0.379587 0.497884
vt 0.395567 0.548033
vt 0.367524 0.554138
vt 0.628271 0.179595
vt 0.644035 0.179595
vt 0.644035 0.199306
vt 0.628271 0.199306
vt 0.563941 0.234846
vt 0.580980 0.234846
vt 0.757773 0.409790
vt 0.779961 0.409174
vt 0.781840 0.453190
vt 0.757773 0.453594
vt 0.962369 0.811293
vt 0.942527 0.811293
vt 0.942527 0.796266
vt 0.962369 0.796266
vt 0.722855 0.234846
vt 0.722855 0.246513
vt 0.707091 0.246513
vt 0.707091 0.234846
vt 0.261063 0.468217
vt 0.280025 0.466220
vt 0.286577 0.519405
vt 0.264257 0.521175
vt 0.770146 0.199306
vt 0.770146 0.222756
vt 0.754382 0.222756
vt 0.754382 0.199306
vt 0.242069 0.636169
vt 0.267316 0.636169
vt 0.267017 0.667039
vt 0.242069 0.666775
vt 0.757773 0.490913
vt 0.782771 0.490736
vt 0.783020 0.524169
vt 0.757773 0.524169
vt 0.170337 0.715495
vt 0.194713 0.712811
vt 0.196638 0.731480
vt 0.173326 0.734677
vt 0.143265 0.558612
vt 0.138783 0.599427
vt 0.110348 0.597128
vt 0.116613 0.554138
vt 0.168518 0.891921
vt 0.184282 0.891921
vt 0.184282 0.909472
vt 0.168518 0.909472
vt 0.732774 0.490736
vt 0.732525 0.524169
vt 0.818712 0.199306
vt 0.818712 0.222756
vt 0.392582 0.803132
vt 0.360726 0.842687
vt 0.345091 0.831586
vt 0.370172 0.789584
vt 0.141565 0.698269
vt 0.167837 0.695198
vt 0.145076 0.719492
vt 0.732824 0.555039
vt 0.733408 0.579944
vt 0.708790 0.581132
vt 0.707542 0.555726
vt 0.596744 0.179595
vt 0.612507 0.179595
vt 0.612507 0.199306
vt 0.596744 0.199306
vt 0.294626 0.891921
vt 0.294626 0.909472
vt 0.278863 0.909472
vt 0.278863 0.891921
vt 0.090134 0.732628
vt 0.118529 0.725069
vt 0.124296 0.746042
vt 0.097896 0.755068
vt 0.954574 0.568175
vt 0.992228 0.572929
vt 0.984894 0.611984
vt 0.948470 0.603556
vt 0.875546 0.634042
vt 0.863680 0.667406
vt 0.841858 0.659800
vt 0.850533 0.627422
vt 0.168518 0.964722
vt 0.184282 0.964722
vt 0.184282 0.976388
vt 0.168518 0.976388
vt 0.834708 0.199290
vt 0.843941 0.195762
vt 0.136161 0.779406
vt 0.157983 0.771800
vt 0.172680 0.815372
vt 0.155605 0.822558
vt 0.128571 0.505921
vt 0.104550 0.497884
vt 0.754382 0.246513
vt 0.754382 0.258995
vt 0.738618 0.258995
vt 0.738618 0.246513
vt 0.200045 0.964722
vt 0.200045 0.976388
vt 0.219880 0.521175
vt 0.218002 0.565190
vt 0.193679 0.563953
vt 0.197561 0.519405
vt 0.113966 0.789584
vt 0.119953 0.964722
vt 0.136991 0.964722
vt 0.136991 0.976388
vt 0.119953 0.976388
vt 0.862362 0.524169
vt 0.891411 0.524169
vt 0.889791 0.561034
vt 0.861081 0.558638
vt 0.952930 0.477508
vt 0.919893 0.481939
vt 0.136991 0.929183
vt 0.152755 0.929183
vt 0.152755 0.952632
vt 0.136991 0.952632
vt 0.801674 0.179595
vt 0.785910 0.179595
vt 0.659799 0.199306
vt 0.659799 0.222756
vt 0.263099 0.976388
vt 0.263099 0.988870
vt 0.247336 0.988870
vt 0.247336 0.976388
vt 0.263099 0.876613
vt 0.263099 0.891921
vt 0.247336 0.891921
vt 0.247336 0.876613
vt 0.659799 0.162044
vt 0.675563 0.162044
vt 0.659799 0.179595
vt 0.310390 0.876613
vt 0.310390 0.891921
vt 0.294626 0.876613
vt 0.278863 0.952632
vt 0.278863 0.964722
vt 0.263099 0.964722
vt 0.263099 0.952632
vt 0.605838 0.620628
vt 0.613599 0.643068
vt 0.716229 0.650445
vt 0.723131 0.693790
vt 0.264654 0.729646
vt 0.262764 0.760176
vt 0.242068 0.759345
vt 0.242068 0.729102
vt 0.405011 0.676191
vt 0.438870 0.680175
vt 0.432766 0.715556
vt 0.400164 0.708253
vt 0.294626 0.952632
vt 0.294626 0.964722
vt 0.673687 0.659800
vt 0.695125 0.654254
vt 0.705716 0.697830
vt 0.688384 0.703372
vt 0.484652 0.395088
vt 0.501041 0.408273
vt 0.493170 0.414250
vt 0.480258 0.403941
vt 0.651865 0.667406
vt 0.671309 0.710559
vt 0.690685 0.404391
vt 0.684559 0.449807
vt 0.658969 0.446611
vt 0.667725 0.399976
vt 0.628271 0.222756
vt 0.644035 0.222756
vt 0.644035 0.234846
vt 0.558959 0.637452
vt 0.574614 0.630901
vt 0.345355 0.599427
vt 0.373789 0.597128
vt 0.375707 0.636169
vt 0.346658 0.636169
vt 0.644035 0.246512
vt 0.659799 0.246512
vt 0.659799 0.258995
vt 0.644035 0.258995
vt 0.675563 0.234846
vt 0.691327 0.234846
vt 0.691327 0.246513
vt 0.675563 0.246513
vt 0.291051 0.693133
vt 0.289425 0.712811
vt 0.265608 0.711282
vt 0.266434 0.691945
vt 0.136991 0.909472
vt 0.152755 0.909472
vt 0.242069 0.602913
vt 0.267067 0.602737
vt 0.136991 0.988870
vt 0.119953 0.988870
vt 0.357680 0.952632
vt 0.357680 0.964723
vt 0.770146 0.246513
vt 0.770146 0.258995
vt 0.341917 0.929183
vt 0.829505 0.603495
vt 0.826515 0.622677
vt 0.803203 0.619480
vt 0.805129 0.600811
vt 0.595639 0.375391
vt 0.574469 0.427757
vt 0.542512 0.416465
vt 0.570544 0.361802
vt 0.659799 0.146735
vt 0.675563 0.146735
vt 0.165773 0.601049
vt 0.164916 0.636169
vt 0.137480 0.636169
vt 0.290458 0.563953
vt 0.315282 0.561807
vt 0.318364 0.601049
vt 0.292390 0.602126
vt 0.200525 0.762445
vt 0.221373 0.760176
vt 0.224808 0.803166
vt 0.207427 0.805790
vt 0.854696 0.149096
vt 0.859091 0.157949
vt 0.846178 0.168259
vt 0.838306 0.162282
vt 0.079127 0.676191
vt 0.083973 0.708253
vt 0.051372 0.715557
vt 0.045268 0.680175
vt 0.612507 0.146735
vt 0.628271 0.146735
vt 0.628271 0.162044
vt 0.612507 0.162044
vt 0.884503 0.956790
vt 0.898248 0.956790
vt 0.898248 0.979726
vt 0.884503 0.979726
vt 0.909708 0.620628
vt 0.901946 0.643068
vt 0.881313 0.613069
vt 0.722855 0.162044
vt 0.707091 0.162044
vt 0.374087 0.673034
vt 0.370331 0.702538
vt 0.564697 0.967771
vt 0.564697 0.959461
vt 0.579723 0.959461
vt 0.579723 0.967771
vt 0.184282 0.876613
vt 0.200045 0.876613
vt 0.200045 0.891921
vt 0.215809 0.891921
vt 0.215809 0.909472
vt 0.200045 0.909472
vt 0.884502 0.883106
vt 0.870757 0.908525
vt 0.870757 0.883106
vt 0.292299 0.667726
vt 0.318280 0.668901
vt 0.316301 0.695198
vt 0.138760 0.670639
vt 0.110051 0.673034
vt 0.108430 0.636169
vt 0.357680 0.876613
vt 0.341917 0.876613
vt 0.441164 0.636169
vt 0.479244 0.636169
vt 0.476523 0.684929
vt 0.689030 0.622677
vt 0.596744 0.246513
vt 0.596744 0.258995
vt 0.298960 0.462910
vt 0.309156 0.516391
vt 0.184282 0.929183
vt 0.200045 0.929183
vt 0.200045 0.952632
vt 0.184282 0.952632
vt 0.735188 0.617646
vt 0.757773 0.617102
vt 0.219484 0.729646
vt 0.385206 0.255473
vt 0.385206 0.138260
vt 0.215809 0.976388
vt 0.215809 0.988870
vt 0.200045 0.988870
vt 0.317850 0.458173
vt 0.332116 0.511976
vt 0.149309 0.739422
vt 0.179421 0.766255
vt 0.231572 0.929183
vt 0.247336 0.929183
vt 0.247336 0.952632
vt 0.231572 0.952632
vt 0.414663 0.767489
vt 0.386242 0.755068
vt 0.712342 0.619480
vt 0.738618 0.234846
vt 0.242069 0.565594
vt 0.266136 0.565190
vt 0.801674 0.162044
vt 0.785910 0.162044
vt 0.215809 0.952632
vt 0.231572 0.964722
vt 0.215809 0.964722
vt 0.827161 0.703372
vt 0.809830 0.697830
vt 0.820420 0.654254
vt 0.861059 0.487426
vt 0.889494 0.485127
vt 0.340873 0.558612
vt 0.596744 0.222756
vt 0.612507 0.222756
vt 0.596744 0.234846
vt 0.534644 0.921682
vt 0.534644 0.912841
vt 0.549670 0.912841
vt 0.549670 0.921682
vt 0.735584 0.409174
vt 0.733706 0.453190
vt 0.709383 0.451952
vt 0.713264 0.407404
vt 0.419781 0.255473
vt 0.402494 0.255473
vt 0.402494 0.138260
vt 0.419781 0.138260
vt 0.779812 0.955920
vt 0.754397 0.955920
vt 0.747396 0.127082
vt 0.736605 0.127082
vt 0.736605 0.098480
vt 0.747396 0.098480
vt 0.585527 0.098480
vt 0.574736 0.098480
vt 0.574736 0.069802
vt 0.585527 0.069802
vt 0.849932 0.778252
vt 0.822452 0.786588
vt 0.816986 0.773391
vt 0.842312 0.759854
vt 0.675563 0.258995
vt 0.956586 0.637454
vt 0.940932 0.630902
vt 0.960394 0.622020
vt 0.152755 0.864755
vt 0.168518 0.864755
vt 0.168518 0.876613
vt 0.152755 0.876613
vt 0.278863 0.929183
vt 0.263099 0.929183
vt 0.617901 0.127082
vt 0.607110 0.127082
vt 0.607110 0.098480
vt 0.617901 0.098480
vt 0.657269 0.586268
vt 0.683541 0.583198
vt 0.686041 0.603495
vt 0.942527 0.856374
vt 0.933083 0.856374
vt 0.933083 0.841347
vt 0.942527 0.841347
vt 0.216822 0.636169
vt 0.217071 0.602737
vt 0.152755 0.964722
vt 0.191748 0.602126
vt 0.191226 0.636169
vt 0.204112 0.466220
vt 0.174981 0.516391
vt 0.185177 0.462910
vt 0.834068 0.489048
vt 0.834925 0.524169
vt 0.780358 0.617646
vt 0.778468 0.648176
vt 0.278863 0.976388
vt 0.069475 0.767489
vt 0.091556 0.803131
vt 0.294626 0.929183
vt 0.425227 0.742901
vt 0.394003 0.732628
vt 0.562616 0.477509
vt 0.526035 0.471200
vt 0.659799 0.234846
vt 0.632317 0.442137
vt 0.626052 0.485128
vt 0.595652 0.481939
vt 0.604275 0.436032
vt 0.328533 0.822559
vt 0.347976 0.779406
vt 0.808004 0.555726
vt 0.833984 0.556901
vt 0.832005 0.583198
vt 0.806755 0.581132
vt 0.294626 0.976388
vt 0.294626 0.988870
vt 0.278863 0.988870
vt 0.263099 0.909472
vt 0.168856 0.561807
vt 0.152021 0.511976
vt 0.580980 0.162044
vt 0.596744 0.162044
vt 0.580980 0.179595
vt 0.802281 0.407404
vt 0.806162 0.451952
vt 0.722855 0.258995
vt 0.707091 0.258995
vt 0.659580 0.964255
vt 0.681646 0.964255
vt 0.681645 0.977246
vt 0.659580 0.977247
vt 0.830986 0.449807
vt 0.808094 0.490126
vt 0.215809 0.929183
vt 0.231572 0.876613
vt 0.231572 0.891921
vt 0.805131 0.942169
vt 0.805131 0.955920
vt 0.653184 0.524169
vt 0.654487 0.487426
vt 0.247336 0.964722
vt 0.231572 0.976388
vt 0.624134 0.524169
vt 0.853817 0.817699
vt 0.825239 0.814884
vt 0.825239 0.800599
vt 0.853817 0.797785
vt 0.599677 0.596252
vt 0.629510 0.590538
vt 0.339061 0.719492
vt 0.334829 0.739422
vt 0.310811 0.734677
vt 0.313800 0.715495
vt 0.924589 0.856374
vt 0.915748 0.856374
vt 0.915748 0.841347
vt 0.924589 0.841347
vt 0.242069 0.521790
vt 0.508040 0.426686
vt 0.498173 0.427267
vt 0.770146 0.162044
vt 0.770146 0.179595
vt 0.754382 0.179595
vt 0.754382 0.162044
vt 0.319222 0.636169
vt 0.292912 0.636169
vt 0.833554 0.346172
vt 0.852350 0.339854
vt 0.824860 0.404391
vt 0.785910 0.234846
vt 0.785910 0.246513
vt 0.770146 0.234846
vt 0.215809 0.876613
vt 0.908484 0.226190
vt 0.906324 0.248160
vt 0.896269 0.250724
vt 0.901531 0.236057
vt 0.644035 0.146735
vt 0.644035 0.162044
vt 0.945001 0.361801
vt 0.973034 0.416464
vt 0.283612 0.762445
vt 0.276710 0.805790
vt 0.259329 0.803166
vt 0.113806 0.702538
vt 0.191838 0.667726
vt 0.193086 0.693132
vt 0.165857 0.668901
vt 0.693440 0.127082
vt 0.693440 0.098480
vt 0.704231 0.098480
vt 0.704231 0.127082
vt 0.136991 0.876613
vt 0.152755 0.891921
vt 0.136991 0.891921
vt 0.310390 0.976388
vt 0.310390 0.988870
vt 0.644275 0.393921
vt 0.620254 0.385884
vt 0.681561 0.556901
vt 0.077175 0.636169
vt 0.079948 0.593939
vt 0.754382 0.234846
vt 0.625755 0.561034
vt 0.512057 0.606842
vt 0.499068 0.606842
vt 0.499068 0.590327
vt 0.512057 0.590327
vt 0.775033 0.691166
vt 0.886035 0.590538
vt 0.858276 0.586269
vt 0.855309 0.098480
vt 0.855309 0.069802
vt 0.866100 0.069802
vt 0.866100 0.098480
vt 0.079935 0.487391
vt 0.058765 0.539757
vt 0.026808 0.528465
vt 0.054841 0.473802
vt 0.217120 0.667039
vt 0.930367 0.655490
vt 0.808616 0.524169
vt 0.444484 0.967771
vt 0.429458 0.967771
vt 0.429458 0.959461
vt 0.444484 0.959461
vt 0.854765 0.607492
vt 0.681992 0.346172
vt 0.663196 0.339854
vt 0.738618 0.199306
vt 0.738618 0.179595
vt 0.223074 0.468217
vt 0.365608 0.725069
vt 0.139046 0.831586
vt 0.123412 0.842686
vt 0.628271 0.258995
vt 0.612507 0.258995
vt 0.287499 0.731481
vt 0.345377 0.670639
vt 0.710416 0.600811
vt 0.757773 0.356991
vt 0.738778 0.356217
vt 0.741880 0.314404
vt 0.757773 0.314856
vt 0.326154 0.771800
vt 0.304716 0.766255
vt 0.782721 0.555039
vt 0.782138 0.579944
vt 0.278863 0.876613
vt 0.962369 0.931509
vt 0.962369 0.946536
vt 0.942527 0.946536
vt 0.942527 0.931509
vt 0.818712 0.234846
vt 0.818712 0.246513
vt 0.801674 0.246513
vt 0.801674 0.234846
vt 0.691327 0.258995
vt 0.580980 0.199306
vt 0.580980 0.222756
vt 0.088571 0.548033
vt 0.168518 0.952632
vt 0.691327 0.146735
vt 0.691327 0.162044
vt 0.336645 0.451855
vt 0.320269 0.412316
vt 0.334983 0.405504
vt 0.355250 0.443765
vt 0.818712 0.258995
vt 0.801674 0.258995
vt 0.373496 0.433669
vt 0.349076 0.397311
vt 0.362221 0.387881
vt 0.391120 0.421285
vt 0.168518 0.929183
vt 0.014948 0.723984
vt 0.007614 0.684929
vt 0.785910 0.146735
vt 0.770146 0.146735
vt 0.781312 0.599282
vt 0.757773 0.598860
vt 0.757773 0.579559
vt 0.486080 0.576387
vt 0.486080 0.561647
vt 0.499068 0.561647
vt 0.499068 0.576387
vt 0.922667 0.524169
vt 0.956868 0.524169
vt 0.920715 0.564191
vt 0.119953 0.929183
vt 0.119953 0.952632
vt 0.822935 0.127082
vt 0.822935 0.098480
vt 0.833727 0.098480
vt 0.833727 0.127082
vt 0.814664 0.350909
vt 0.805283 0.309881
vt 0.820796 0.305755
vt 0.231572 0.909472
vt 0.247336 0.909472
vt 0.980876 0.627250
vt 0.707091 0.222756
vt 0.326153 0.976388
vt 0.326153 0.988870
vt 0.414431 0.930176
vt 0.399404 0.930176
vt 0.399404 0.921682
vt 0.414431 0.921682
vt 0.757773 0.554775
vt 0.486080 0.606842
vt 0.486080 0.590327
vt 0.110641 0.433669
vt 0.093017 0.421286
vt 0.738618 0.222756
vt 0.722855 0.222756
vt 0.585953 0.709032
vt 0.625040 0.744081
vt 0.924589 0.826320
vt 0.933083 0.826320
vt 0.070250 0.821032
vt 0.109337 0.856080
vt 0.520598 0.524169
vt 0.357680 0.929183
vt 0.384378 0.930176
vt 0.384378 0.921682
vt 0.242068 0.801940
vt 0.357680 0.976388
vt 0.357680 0.988870
vt 0.341917 0.988870
vt 0.341917 0.976388
vt 0.042974 0.636169
vt 0.004894 0.636169
vt 0.734233 0.599282
vt 0.885876 0.677584
vt 0.738618 0.162044
vt 0.754382 0.146735
vt 0.359842 0.746042
vt 0.722855 0.146735
vt 0.707091 0.146735
vt 0.800606 0.897334
vt 0.787070 0.872009
vt 0.798948 0.864072
vt 0.817165 0.886270
vt 0.289579 0.421882
vt 0.305091 0.417756
vt 0.773665 0.314404
vt 0.776767 0.356217
vt 0.190012 0.809830
vt 0.374719 0.964722
vt 0.374719 0.976388
vt 0.152755 0.976388
vt 0.152755 0.988870
vt 0.624803 0.921682
vt 0.624803 0.930176
vt 0.942527 0.871401
vt 0.933083 0.871401
vt 0.311457 0.815372
vt 0.242069 0.468991
vt 0.855309 0.127082
vt 0.866100 0.127082
vt 0.942527 0.886428
vt 0.942527 0.901455
vt 0.933083 0.901455
vt 0.933083 0.886428
vt 0.523318 0.572929
vt 0.898248 0.883106
vt 0.563941 0.222756
vt 0.374719 0.988870
vt 0.294125 0.809830
vt 0.915869 0.596253
vt 0.413888 0.821033
vt 0.374801 0.856081
vt 0.184282 0.988870
vt 0.404189 0.593939
vt 0.406963 0.636169
vt 0.342572 0.698269
vt 0.654464 0.558638
vt 0.799316 0.650445
vt 0.166288 0.458172
vt 0.785910 0.258995
vt 0.058910 0.742902
vt 0.504640 0.445280
vt 0.492842 0.461212
vt 0.485848 0.454224
vt 0.495408 0.441752
vt 0.831247 0.872189
vt 0.809049 0.853971
vt 0.816985 0.842093
vt 0.842311 0.855630
vt 0.316056 0.255473
vt 0.298768 0.255473
vt 0.298768 0.138260
vt 0.316056 0.138260
vt 0.924589 0.886428
vt 0.924589 0.901455
vt 0.915748 0.901455
vt 0.915748 0.886428
vt 0.231572 0.988870
vt 0.860795 0.719586
vt 0.989511 0.471199
vt 0.454356 0.255473
vt 0.437069 0.255473
vt 0.437069 0.138260
vt 0.454357 0.138260
vt 0.738618 0.146735
vt 0.596744 0.146735
vt 0.742761 0.908840
vt 0.723229 0.904955
vt 0.731565 0.877476
vt 0.745576 0.880262
vt 0.792414 0.693790
vt 0.519617 0.930176
vt 0.519617 0.921682
vt 0.534644 0.930176
vt 0.719816 0.354219
vt 0.700881 0.350910
vt 0.844237 0.710559
vt 0.437225 0.589509
vt 0.473806 0.583200
vt 0.828071 0.942169
vt 0.828071 0.928417
vt 0.851003 0.928417
vt 0.851003 0.942169
vt 0.841175 0.181276
vt 0.831308 0.180695
vt 0.469189 0.723984
vt 0.994949 0.524169
vt 0.933083 0.916482
vt 0.924589 0.916482
vt 0.168518 0.988870
vt 0.121916 0.387881
vt 0.135061 0.397311
vt 0.563941 0.199306
vt 0.607110 0.069802
vt 0.617901 0.069802
vt 0.326153 0.891921
vt 0.326153 0.876613
vt 0.779770 0.127082
vt 0.768979 0.127082
vt 0.768979 0.098480
vt 0.779770 0.098480
vt 0.847154 0.964255
vt 0.847154 0.977247
vt 0.826562 0.977246
vt 0.826562 0.964255
vt 0.850301 0.140243
vt 0.830434 0.156305
vt 0.374719 0.952632
vt 0.374718 0.929183
vt 0.650275 0.127082
vt 0.639483 0.127082
vt 0.639483 0.098480
vt 0.650275 0.098480
vt 0.585178 0.655489
vt 0.179046 0.417756
vt 0.194559 0.421882
vt 0.758187 0.098480
vt 0.758187 0.069802
vt 0.768979 0.069802
vt 0.694750 0.305756
vt 0.710262 0.309881
vt 0.596318 0.098480
vt 0.596318 0.069802
vt 0.580980 0.146735
vt 0.046912 0.589509
vt 0.962369 0.781239
vt 0.942527 0.781239
vt 0.942527 0.766212
vt 0.962369 0.766212
vt 0.795730 0.354219
vt 0.985019 0.856374
vt 0.978004 0.856374
vt 0.978004 0.841347
vt 0.985019 0.841347
vt 0.644591 0.331765
vt 0.626345 0.321669
vt 0.876891 0.098480
vt 0.876891 0.069802
vt 0.444484 0.975095
vt 0.429458 0.975095
vt 0.010332 0.583200
vt 0.414431 0.988947
vt 0.399404 0.988947
vt 0.399404 0.985540
vt 0.414431 0.985540
vt 0.459511 0.988947
vt 0.444484 0.988947
vt 0.444484 0.985540
vt 0.459511 0.985540
vt 0.242068 0.426857
vt 0.257961 0.426405
vt 0.801674 0.146735
vt 0.870757 0.979726
vt 0.870757 0.956790
vt 0.474537 0.982110
vt 0.459511 0.982110
vt 0.459511 0.975095
vt 0.474537 0.975095
vt 0.988449 0.841347
vt 0.985019 0.826320
vt 0.988449 0.826320
vt 0.726004 0.312750
vt 0.489564 0.982110
vt 0.489564 0.975095
vt 0.742572 0.304726
vt 0.757772 0.305243
vt 0.459511 0.967771
vt 0.942527 0.751185
vt 0.962369 0.751185
vt 0.889200 0.321668
vt 0.864780 0.285309
vt 0.877925 0.275880
vt 0.906825 0.309284
vt 0.504590 0.959461
vt 0.489564 0.959461
vt 0.489564 0.939619
vt 0.504590 0.939619
vt 0.712421 0.300378
vt 0.727415 0.303124
vt 0.985019 0.916482
vt 0.985019 0.931509
vt 0.978004 0.931509
vt 0.978004 0.916482
vt 0.504590 0.988947
vt 0.489564 0.988947
vt 0.489564 0.985540
vt 0.504590 0.985540
vt 0.870954 0.331764
vt 0.933083 0.796266
vt 0.924589 0.796266
vt 0.924589 0.781239
vt 0.933083 0.781239
vt 0.534644 0.959461
vt 0.534644 0.939619
vt 0.549670 0.939619
vt 0.549670 0.959461
vt 0.594750 0.988947
vt 0.594750 0.985540
vt 0.609776 0.985540
vt 0.609776 0.988947
vt 0.594750 0.959461
vt 0.594750 0.939619
vt 0.609776 0.939619
vt 0.609776 0.959461
vt 0.399404 0.959461
vt 0.384378 0.959461
vt 0.384378 0.939619
vt 0.399404 0.939619
vt 0.226175 0.426405
vt 0.579723 0.985540
vt 0.579723 0.982110
vt 0.594750 0.982110
vt 0.534644 0.982110
vt 0.534644 0.975095
vt 0.549670 0.975095
vt 0.549670 0.982110
vt 0.444484 0.982110
vt 0.519617 0.982110
vt 0.519617 0.975095
vt 0.978004 0.946536
vt 0.978004 0.961563
vt 0.970679 0.961563
vt 0.970679 0.946536
vt 0.549670 0.967771
vt 0.564697 0.975095
vt 0.978004 0.766212
vt 0.970679 0.766212
vt 0.970679 0.751185
vt 0.978004 0.751185
vt 0.789540 0.312749
vt 0.788130 0.303124
vt 0.803124 0.300378
vt 0.343661 0.388972
vt 0.356317 0.379995
vt 0.624803 0.939619
vt 0.624803 0.959461
vt 0.414431 0.975095
vt 0.414431 0.967771
vt 0.915748 0.826320
vt 0.905630 0.826320
vt 0.905630 0.811293
vt 0.915748 0.811293
vt 0.330382 0.396775
vt 0.985019 0.886428
vt 0.985019 0.901455
vt 0.978004 0.901455
vt 0.978004 0.886428
vt 0.978004 0.781239
vt 0.970679 0.781239
vt 0.970679 0.841347
vt 0.962369 0.841347
vt 0.962369 0.826320
vt 0.970679 0.826320
vt 0.399404 0.982110
vt 0.414431 0.982110
vt 0.970679 0.796266
vt 0.991855 0.811293
vt 0.988449 0.811293
vt 0.988449 0.796266
vt 0.991855 0.796266
vt 0.991855 0.946536
vt 0.991855 0.961563
vt 0.988449 0.961563
vt 0.988449 0.946536
vt 0.991855 0.781239
vt 0.988449 0.781239
vt 0.988449 0.766212
vt 0.991855 0.766212
vt 0.210301 0.424750
vt 0.211711 0.415124
vt 0.226868 0.416727
vt 0.835973 0.300314
vt 0.850687 0.293503
vt 0.978004 0.811293
vt 0.970679 0.811293
vt 0.978004 0.796266
vt 0.985019 0.811293
vt 0.985019 0.796266
vt 0.167625 0.403256
vt 0.181986 0.408440
vt 0.504590 0.982110
vt 0.504590 0.975095
vt 0.579723 0.921682
vt 0.579723 0.912841
vt 0.594750 0.912841
vt 0.579723 0.930176
vt 0.650765 0.285310
vt 0.664858 0.293504
vt 0.933083 0.931509
vt 0.924589 0.931509
vt 0.679572 0.300315
vt 0.915748 0.961563
vt 0.915748 0.976590
vt 0.905630 0.976590
vt 0.905630 0.961563
vt 0.985019 0.781239
vt 0.302151 0.408440
vt 0.316511 0.403256
vt 0.399404 0.967771
vt 0.384378 0.967771
vt 0.962369 0.961563
vt 0.942527 0.961563
vt 0.962369 0.916482
vt 0.942527 0.916482
vt 0.429458 0.982110
vt 0.564697 0.985540
vt 0.564697 0.982110
vt 0.429458 0.921682
vt 0.414431 0.912841
vt 0.429458 0.912841
vt 0.459511 0.959461
vt 0.444484 0.939619
vt 0.459511 0.939619
vt 0.609776 0.982110
vt 0.609776 0.975095
vt 0.624803 0.975095
vt 0.624803 0.982110
vt 0.429458 0.930176
vt 0.504590 0.967771
vt 0.519617 0.967771
vt 0.399404 0.912841
vt 0.384378 0.912841
vt 0.384378 0.902723
vt 0.399404 0.902723
vt 0.924589 0.811293
vt 0.933083 0.811293
vt 0.942527 0.826320
vt 0.915748 0.781239
vt 0.905630 0.781239
vt 0.905630 0.766212
vt 0.915748 0.766212
vt 0.608721 0.309285
vt 0.637620 0.275881
vt 0.474537 0.959461
vt 0.474537 0.939619
vt 0.669458 0.284775
vt 0.683329 0.291256
vt 0.273836 0.424750
vt 0.272426 0.415124
vt 0.287420 0.412379
vt 0.985019 0.766212
vt 0.985019 0.751185
vt 0.988449 0.751185
vt 0.414431 0.959461
vt 0.489564 0.967771
vt 0.474537 0.967771
vt 0.962369 0.871401
vt 0.962369 0.856374
vt 0.399404 0.975095
vt 0.978004 0.826320
vt 0.985019 0.871401
vt 0.978004 0.871401
vt 0.429458 0.985540
vt 0.579723 0.975095
vt 0.549670 0.988947
vt 0.549670 0.985540
vt 0.564697 0.988947
vt 0.988449 0.901455
vt 0.988449 0.916482
vt 0.772973 0.304726
vt 0.519617 0.939619
vt 0.519617 0.959461
vt 0.962369 0.976590
vt 0.962368 0.991617
vt 0.942527 0.991617
vt 0.942527 0.976590
vt 0.933083 0.946536
vt 0.933083 0.961563
vt 0.924589 0.961563
vt 0.924589 0.946536
vt 0.519617 0.985540
vt 0.519617 0.988947
vt 0.978004 0.976590
vt 0.978004 0.991617
vt 0.970679 0.991617
vt 0.970679 0.976590
vt 0.474537 0.988947
vt 0.474537 0.985540
vt 0.242068 0.417243
vt 0.257269 0.416727
vt 0.414431 0.939619
vt 0.429458 0.939619
vt 0.991855 0.931509
vt 0.988449 0.931509
vt 0.991855 0.976590
vt 0.988449 0.976590
vt 0.962369 0.886428
vt 0.196717 0.412379
vt 0.534644 0.967771
vt 0.988449 0.991617
vt 0.985018 0.991617
vt 0.985019 0.976590
vt 0.594750 0.967771
vt 0.970679 0.871401
vt 0.970679 0.856374
vt 0.991855 0.871401
vt 0.988449 0.871401
vt 0.988449 0.856374
vt 0.991855 0.856374
vt 0.486080 0.674325
vt 0.486080 0.653737
vt 0.499068 0.653737
vt 0.499068 0.674325
vt 0.384378 0.982111
vt 0.384378 0.975095
vt 0.991855 0.751185
vt 0.832216 0.291255
vt 0.846087 0.284774
vt 0.970679 0.931509
vt 0.643524 0.267995
vt 0.656179 0.276971
vt 0.970679 0.901455
vt 0.970679 0.916482
vt 0.962369 0.901455
vt 0.140476 0.388972
vt 0.153755 0.396775
vt 0.915748 0.916482
vt 0.915748 0.931509
vt 0.905630 0.931509
vt 0.905630 0.916482
vt 0.594750 0.975095
vt 0.534644 0.988947
vt 0.534644 0.985540
vt 0.127820 0.379995
vt 0.609776 0.912841
vt 0.609776 0.902723
vt 0.624803 0.902723
vt 0.624803 0.912841
vt 0.564697 0.939619
vt 0.579723 0.939619
vt 0.609776 0.967771
vt 0.624803 0.967771
vt 0.970679 0.886428
vt 0.985019 0.946536
vt 0.985019 0.961563
vt 0.915748 0.946536
vt 0.905630 0.946536
vt 0.474537 0.930176
vt 0.489564 0.930176
vt 0.459511 0.930176
vt 0.264193 0.255473
vt 0.264193 0.138260
vt 0.281480 0.138260
vt 0.281480 0.255473
vt 0.596318 0.127082
vt 0.805131 0.928418
vt 0.444484 0.930176
vt 0.558082 0.255473
vt 0.540795 0.255473
vt 0.540795 0.138260
vt 0.558082 0.138260
vt 0.933083 0.976590
vt 0.924589 0.766212
vt 0.905630 0.751185
vt 0.915748 0.751185
vt 0.876891 0.127082
vt 0.444484 0.921682
vt 0.924589 0.976590
vt 0.924589 0.871401
vt 0.384378 0.985540
vt 0.915748 0.871401
vt 0.905630 0.886428
vt 0.905630 0.871401
vt 0.697690 0.296440
vt 0.905630 0.856374
vt 0.504590 0.930176
vt 0.504590 0.921682
vt 0.594750 0.902723
vt 0.474537 0.912841
vt 0.459511 0.912841
vt 0.459511 0.902723
vt 0.474537 0.902723
vt 0.905630 0.841347
vt 0.414431 0.902723
vt 0.564697 0.912841
vt 0.564697 0.921682
vt 0.905630 0.901455
vt 0.915748 0.796266
vt 0.905630 0.796266
vt 0.519617 0.912841
vt 0.459511 0.921682
vt 0.444484 0.912841
vt 0.489564 0.921682
vt 0.549670 0.930176
vt 0.933083 0.766212
vt 0.474537 0.921682
vt 0.489564 0.912841
vt 0.923497 0.310812
vt 0.905061 0.296970
vt 0.911093 0.289781
vt 0.927025 0.301578
vt 0.471598 0.477415
vt 0.465230 0.464457
vt 0.333343 0.255473
vt 0.333343 0.138260
vt 0.695731 0.964255
vt 0.695731 0.977247
vt 0.939492 0.678746
vt 0.944345 0.663880
vt 0.870757 0.933847
vt 0.195042 0.255473
vt 0.195042 0.138260
vt 0.212330 0.138260
vt 0.212330 0.255473
vt 0.924589 0.751185
vt 0.579723 0.988947
vt 0.859366 0.276971
vt 0.872021 0.267994
vt 0.143179 0.255473
vt 0.143179 0.138260
vt 0.160467 0.138260
vt 0.160467 0.255473
vt 0.851003 0.955920
vt 0.828071 0.955920
vt 0.246905 0.255473
vt 0.246905 0.138260
vt 0.075396 0.944163
vt 0.072099 0.934844
vt 0.088320 0.923446
vt 0.094172 0.930784
vt 0.574736 0.127082
vt 0.563944 0.127082
vt 0.563944 0.098480
vt 0.991855 0.886428
vt 0.988449 0.886428
vt 0.229617 0.255473
vt 0.229617 0.138260
vt 0.004878 0.255473
vt 0.004878 0.138260
vt 0.022166 0.138260
vt 0.022166 0.255473
vt 0.576053 0.678746
vt 0.571200 0.663880
vt 0.991855 0.901455
vt 0.991855 0.916482
vt 0.429458 0.988947
vt 0.898474 0.127082
vt 0.909265 0.098480
vt 0.909265 0.127082
vt 0.991855 0.841347
vt 0.991855 0.826320
vt 0.933083 0.751185
vt 0.991855 0.991617
vt 0.915748 0.991617
vt 0.905630 0.991617
vt 0.736605 0.069802
vt 0.747396 0.069802
vt 0.564697 0.930176
vt 0.429458 0.902723
vt 0.624803 0.985540
vt 0.384378 0.988947
vt 0.817856 0.296439
vt 0.970008 0.305851
vt 0.946201 0.314844
vt 0.945619 0.304978
vt 0.964031 0.297980
vt 0.444484 0.902723
vt 0.125892 0.255473
vt 0.125892 0.138260
vt 0.489564 0.902723
vt 0.534644 0.902723
vt 0.549670 0.902723
vt 0.782208 0.904956
vt 0.762676 0.908840
vt 0.759861 0.880262
vt 0.773872 0.877476
vt 0.585527 0.127082
vt 0.504590 0.912841
vt 0.504590 0.902723
vt 0.861640 0.942169
vt 0.861640 0.955920
vt 0.177755 0.138260
vt 0.177755 0.255473
vt 0.511953 0.879288
vt 0.497293 0.871452
vt 0.494408 0.850941
vt 0.510920 0.855412
vt 0.544403 0.859526
vt 0.527515 0.858465
vt 0.526508 0.838471
vt 0.544403 0.839081
vt 0.484443 0.860907
vt 0.473898 0.848057
vt 0.013458 0.917788
vt 0.022418 0.913614
vt 0.035192 0.930327
vt 0.029021 0.938048
vt 0.812144 0.127082
vt 0.812144 0.098480
vt 0.052599 0.947630
vt 0.053425 0.937781
vt 0.758187 0.127082
vt 0.715022 0.098480
vt 0.715022 0.127082
vt 0.628692 0.127082
vt 0.628692 0.098480
vt 0.010967 0.830349
vt 0.020942 0.836667
vt 0.017707 0.862334
vt 0.007845 0.861635
vt 0.508593 0.836757
vt 0.506879 0.818842
vt 0.525736 0.819614
vt 0.718742 0.990238
vt 0.695731 0.990238
vt 0.718742 0.977246
vt 0.544403 0.782001
vt 0.525736 0.782279
vt 0.526508 0.763422
vt 0.544403 0.762812
vt 0.423788 0.790747
vt 0.428641 0.775880
vt 0.485824 0.800947
vt 0.459607 0.800947
vt 0.461236 0.784404
vt 0.486885 0.784059
vt 0.512057 0.545941
vt 0.499068 0.545941
vt 0.499068 0.522936
vt 0.512057 0.522936
vt 0.508593 0.765136
vt 0.489938 0.767464
vt 0.494409 0.750952
vt 0.510921 0.746481
vt 0.887683 0.127082
vt 0.527516 0.743428
vt 0.544403 0.742367
vt 0.060350 0.790746
vt 0.055497 0.775880
vt 0.486080 0.508853
vt 0.499068 0.508853
vt 0.486080 0.522936
vt 0.924589 0.991617
vt 0.839316 0.221255
vt 0.847816 0.229174
vt 0.844518 0.098480
vt 0.844518 0.127082
vt 0.512057 0.674325
vt 0.512057 0.653737
vt 0.523507 0.255473
vt 0.506220 0.255473
vt 0.506220 0.138260
vt 0.523507 0.138260
vt 0.849932 0.837231
vt 0.822452 0.828895
vt 0.884502 0.826458
vt 0.898248 0.826458
vt 0.898248 0.855676
vt 0.884502 0.855676
vt 0.933083 0.991617
vt 0.564697 0.902723
vt 0.486080 0.627506
vt 0.499068 0.627506
vt 0.930552 0.292346
vt 0.945038 0.295111
vt 0.790561 0.098480
vt 0.779770 0.069802
vt 0.790561 0.069802
vt 0.512057 0.576387
vt 0.822935 0.069802
vt 0.833727 0.069802
vt 0.884502 0.795255
vt 0.898248 0.795255
vt 0.043256 0.749454
vt 0.039447 0.734020
vt 0.512057 0.561647
vt 0.948027 0.689128
vt 0.905843 0.143112
vt 0.905343 0.153002
vt 0.879090 0.152709
vt 0.878006 0.142886
vt 0.918081 0.282786
vt 0.884503 0.990364
vt 0.870757 0.990364
vt 0.990734 0.198639
vt 0.993077 0.229992
vt 0.983201 0.230446
vt 0.980605 0.204707
vt 0.870757 0.855676
vt 0.870757 0.826458
vt 0.579723 0.902723
vt 0.519617 0.902723
vt 0.486080 0.545941
vt 0.931583 0.145707
vt 0.925850 0.155189
vt 0.870757 0.795255
vt 0.983427 0.258282
vt 0.973604 0.257198
vt 0.973311 0.230946
vt 0.624803 0.988947
vt 0.801353 0.098480
vt 0.801353 0.069802
vt 0.688272 0.886270
vt 0.674190 0.872188
vt 0.696388 0.853971
vt 0.706489 0.864072
vt 0.993253 0.259368
vt 0.986069 0.285985
vt 0.977216 0.281590
vt 0.844518 0.069802
vt 0.897142 0.288470
vt 0.894890 0.268536
vt 0.909265 0.069802
vt 0.051815 0.801127
vt 0.971124 0.210440
vt 0.704830 0.897334
vt 0.718367 0.872009
vt 0.898248 0.990364
vt 0.906297 0.133235
vt 0.876920 0.133059
vt 0.663126 0.855629
vt 0.688451 0.842093
vt 0.018966 0.739250
vt 0.512057 0.508853
vt 0.512057 0.627506
vt 0.659580 0.990238
vt 0.681646 0.990238
vt 0.725814 0.098480
vt 0.725814 0.069802
vt 0.688272 0.729212
vt 0.706490 0.751411
vt 0.696388 0.761512
vt 0.674190 0.743295
vt 0.831247 0.743295
vt 0.809049 0.761512
vt 0.779656 0.990238
vt 0.763137 0.990238
vt 0.763138 0.977246
vt 0.779656 0.977246
vt 0.779656 0.964255
vt 0.763137 0.964255
vt 0.742761 0.706643
vt 0.762676 0.706643
vt 0.759862 0.735221
vt 0.745576 0.735221
vt 0.704231 0.069802
vt 0.715022 0.069802
vt 0.092509 0.859938
vt 0.099215 0.869975
vt 0.104111 0.884768
vt 0.094123 0.881955
vt 0.704831 0.718149
vt 0.723229 0.710528
vt 0.731565 0.738008
vt 0.718367 0.743474
vt 0.800607 0.718149
vt 0.817166 0.729213
vt 0.798948 0.751412
vt 0.787070 0.743475
vt 0.489047 0.386235
vt 0.508913 0.402297
vt 0.068802 0.925527
vt 0.081508 0.916280
vt 0.651620 0.817699
vt 0.680198 0.814884
vt 0.682985 0.828895
vt 0.655505 0.837231
vt 0.563944 0.069802
vt 0.749195 0.990238
vt 0.671857 0.098480
vt 0.671857 0.069802
vt 0.682648 0.069802
vt 0.682648 0.098480
vt 0.726970 0.942169
vt 0.726970 0.928417
vt 0.500032 0.467244
vt 0.491533 0.475163
vt 0.697757 0.942169
vt 0.697757 0.928417
vt 0.433054 0.379227
vt 0.462430 0.379052
vt 0.461344 0.388878
vt 0.433508 0.389104
vt 0.861640 0.928417
vt 0.054252 0.927932
vt 0.105047 0.902610
vt 0.102300 0.922483
vt 0.800325 0.964255
vt 0.800325 0.977246
vt 0.016789 0.890157
vt 0.006938 0.890999
vt 0.407769 0.391699
vt 0.434008 0.398994
vt 0.413502 0.401181
vt 0.432324 0.801128
vt 0.782208 0.710528
vt 0.773872 0.738008
vt 0.666558 0.942169
vt 0.666558 0.928417
vt 0.628692 0.069802
vt 0.639483 0.069802
vt 0.460260 0.398700
vt 0.718742 0.964255
vt 0.847154 0.990238
vt 0.826562 0.990238
vt 0.651620 0.797784
vt 0.680198 0.800599
vt 0.567517 0.689127
vt 0.027582 0.863081
vt 0.026636 0.889318
vt 0.726970 0.955920
vt 0.697757 0.955920
vt 0.734451 0.990238
vt 0.693440 0.069802
vt 0.440882 0.749453
vt 0.444690 0.734019
vt 0.465170 0.739250
vt 0.486080 0.486792
vt 0.499068 0.486792
vt 0.030278 0.842635
vt 0.800325 0.990238
vt 0.650275 0.069802
vt 0.666558 0.955920
vt 0.661066 0.069802
vt 0.661066 0.098480
vt 0.517906 0.426104
vt 0.401701 0.381571
vt 0.513873 0.448807
vt 0.041363 0.922605
vt 0.031378 0.909441
vt 0.092251 0.895922
vt 0.861648 0.964255
vt 0.861648 0.977246
vt 0.538003 0.639144
vt 0.009223 0.799124
vt 0.022780 0.819835
vt 0.294626 0.864755
vt 0.278863 0.864755
vt 0.634352 0.942169
vt 0.634352 0.955920
vt 0.821441 0.180113
vt 0.825474 0.202817
vt 0.453786 0.476035
vt 0.451222 0.465981
vt 0.958055 0.290108
vt 0.429253 0.463820
vt 0.439119 0.470773
vt 0.390897 0.393118
vt 0.398555 0.403822
vt 0.937651 0.135578
vt 0.812144 0.069802
vt 0.370531 0.379052
vt 0.461838 0.751145
vt 0.968364 0.277196
vt 0.861648 0.990238
vt 0.200045 0.864755
vt 0.215809 0.864755
vt 0.033290 0.827757
vt 0.907848 0.262168
vt 0.634352 0.928417
vt 0.486080 0.688816
vt 0.499068 0.688816
vt 0.725814 0.004881
vt 0.736605 0.004881
vt 0.884502 0.763183
vt 0.870757 0.763183
vt 0.977407 0.639628
vt 0.682649 0.004881
vt 0.693440 0.004881
vt 0.512057 0.688816
vt 0.993253 0.167468
vt 0.979187 0.187835
vt 0.968823 0.133059
vt 0.948455 0.147126
vt 0.326153 0.864755
vt 0.310390 0.864755
vt 0.940798 0.157831
vt 0.898248 0.763183
vt 0.617901 0.004881
vt 0.628692 0.004881
vt 0.888128 0.219992
vt 0.885564 0.230047
vt 0.910098 0.217832
vt 0.900232 0.224785
vt 0.639483 0.004881
vt 0.650275 0.004881
vt 0.661066 0.004881
vt 0.574736 0.004881
vt 0.585527 0.004881
vt 0.563944 0.004881
vt 0.022435 0.751628
vt 0.596318 0.004881
vt 0.968482 0.195493
vt 0.607110 0.004881
vt 0.671857 0.004881
vt 0.341917 0.864755
vt 0.704231 0.004881
vt 0.715022 0.004881
vt 0.751049 0.754379
vt 0.751049 0.770851
vt 0.740438 0.771517
vt 0.740655 0.755402
vt 0.772086 0.773435
vt 0.773548 0.785156
vt 0.762292 0.784080
vt 0.761659 0.771517
vt 0.788721 0.769983
vt 0.795347 0.778057
vt 0.782460 0.776244
vt 0.780648 0.763357
vt 0.751049 0.795752
vt 0.751049 0.807656
vt 0.739145 0.807656
vt 0.739320 0.795927
vt 0.561291 0.743429
vt 0.560946 0.717780
vt 0.576853 0.722605
vt 0.577886 0.746481
vt 0.800270 0.787268
vt 0.803302 0.797262
vt 0.787187 0.797046
vt 0.785269 0.786619
vt 0.730012 0.773435
vt 0.730661 0.758434
vt 0.804326 0.807656
vt 0.787854 0.807656
vt 0.594398 0.750952
vt 0.591513 0.730441
vt 0.604363 0.740987
vt 0.614909 0.753836
vt 0.774625 0.796412
vt 0.775009 0.807656
vt 0.762953 0.807656
vt 0.762777 0.795927
vt 0.562298 0.763422
vt 0.580214 0.765136
vt 0.598869 0.767464
vt 0.622745 0.768497
vt 0.581927 0.783052
vt 0.601921 0.784059
vt 0.761442 0.755402
vt 0.544403 0.800947
vt 0.563070 0.782279
vt 0.563349 0.800947
vt 0.544403 0.819893
vt 0.563070 0.819614
vt 0.627570 0.784404
vt 0.727473 0.796412
vt 0.727089 0.807656
vt 0.714244 0.807656
vt 0.714911 0.797046
vt 0.581927 0.818842
vt 0.582538 0.800947
vt 0.602983 0.800947
vt 0.601921 0.817834
vt 0.580214 0.836757
vt 0.598869 0.834429
vt 0.577886 0.855412
vt 0.594398 0.850941
vt 0.544403 0.885743
vt 0.561291 0.858465
vt 0.560946 0.884113
vt 0.622745 0.833397
vt 0.614909 0.848057
vt 0.716828 0.786619
vt 0.698795 0.797262
vt 0.701827 0.787268
vt 0.576853 0.879288
vt 0.751049 0.783696
vt 0.627570 0.817490
vt 0.728549 0.785156
vt 0.747396 0.004881
vt 0.855309 0.004881
vt 0.866100 0.004881
vt 0.511953 0.722605
vt 0.527860 0.717780
vt 0.473898 0.753836
vt 0.484443 0.740987
vt 0.497293 0.730441
vt 0.264193 0.372398
vt 0.281480 0.372398
vt 0.195042 0.372398
vt 0.212330 0.372398
vt 0.022166 0.004882
vt 0.039454 0.004882
vt 0.039454 0.138260
vt 0.212330 0.004882
vt 0.229618 0.004882
vt 0.779770 0.004881
vt 0.790561 0.004881
vt 0.801352 0.004881
vt 0.812144 0.004881
vt 0.466062 0.768496
vt 0.108604 0.372398
vt 0.108604 0.255473
vt 0.125892 0.372398
vt 0.177755 0.372398
vt 0.004878 0.004882
vt 0.195042 0.004882
vt 0.844518 0.004881
vt 0.876891 0.004881
vt 0.506879 0.783051
vt 0.525457 0.800947
vt 0.246905 0.372398
vt 0.143180 0.372398
vt 0.177755 0.004882
vt 0.125892 0.004882
vt 0.143180 0.004882
vt 0.822935 0.004881
vt 0.833727 0.004881
vt 0.056741 0.372398
vt 0.056741 0.255473
vt 0.074029 0.255473
vt 0.074029 0.372398
vt 0.160467 0.372398
vt 0.160467 0.004882
vt 0.758187 0.004881
vt 0.768979 0.004881
vt 0.486885 0.817834
vt 0.506269 0.800947
vt 0.489938 0.834429
vt 0.229617 0.372398
vt 0.056741 0.004882
vt 0.056741 0.138260
vt 0.091316 0.138260
vt 0.091316 0.004882
vt 0.108604 0.004882
vt 0.108604 0.138260
vt 0.887683 0.004881
vt 0.898474 0.004881
vt 0.527860 0.884113
vt 0.022166 0.372398
vt 0.039454 0.255473
vt 0.039454 0.372398
vt 0.074029 0.138260
vt 0.074029 0.004882
vt 0.264193 0.004882
vt 0.281480 0.004882
vt 0.466062 0.833397
vt 0.461236 0.817489
vt 0.004878 0.372398
vt 0.091316 0.255473
vt 0.091316 0.372398
vt 0.246905 0.004882
vt 0.909265 0.004881
vt 0.788721 0.845328
vt 0.780648 0.851954
vt 0.782460 0.839067
vt 0.795347 0.837255
vt 0.771437 0.856877
vt 0.761442 0.859909
vt 0.761659 0.843794
vt 0.772086 0.841876
vt 0.751049 0.844461
vt 0.740438 0.843794
vt 0.739805 0.831232
vt 0.751049 0.831615
vt 0.751049 0.860932
vt 0.740655 0.859909
vt 0.298768 0.372398
vt 0.316055 0.372398
vt 0.419781 0.372398
vt 0.402494 0.372398
vt 0.333343 0.372398
vt 0.785269 0.828692
vt 0.800270 0.828044
vt 0.762292 0.831232
vt 0.773548 0.830155
vt 0.751049 0.819559
vt 0.739320 0.819384
vt 0.367918 0.372398
vt 0.350631 0.372398
vt 0.437069 0.372398
vt 0.471644 0.138260
vt 0.454357 0.004882
vt 0.471644 0.004882
vt 0.506220 0.004882
vt 0.523507 0.004882
vt 0.787187 0.818266
vt 0.803302 0.818049
vt 0.762777 0.819384
vt 0.774625 0.818899
vt 0.730012 0.841876
vt 0.728549 0.830155
vt 0.730661 0.856877
vt 0.540795 0.004882
vt 0.367918 0.004882
vt 0.385206 0.004882
vt 0.523507 0.372398
vt 0.506220 0.372398
vt 0.540795 0.372398
vt 0.727473 0.818899
vt 0.333343 0.004882
vt 0.350631 0.004882
vt 0.419781 0.004882
vt 0.437069 0.004882
vt 0.298768 0.004882
vt 0.488932 0.138260
vt 0.488932 0.004882
vt 0.719637 0.839067
vt 0.716828 0.828692
vt 0.721450 0.851954
vt 0.454357 0.372398
vt 0.488932 0.372398
vt 0.488932 0.255473
vt 0.471644 0.372398
vt 0.471644 0.255473
vt 0.558082 0.372398
vt 0.714911 0.818266
vt 0.385206 0.372398
vt 0.316055 0.004882
vt 0.701827 0.828043
vt 0.698795 0.818049
vt 0.706751 0.837255
vt 0.558082 0.004882
vt 0.402494 0.004882
vt 0.697772 0.807656
vt 0.713376 0.845328
vt 0.562298 0.838471
vt 0.721450 0.763357
vt 0.719637 0.776244
vt 0.706751 0.778057
vt 0.713376 0.769983
vt 0.591513 0.871452
vt 0.604363 0.860907
vt 0.629199 0.800947
vt 0.771437 0.758434
vt 0.739805 0.784079
vt 0.544403 0.716150
vt 0.661066 0.127082
vt 0.725813 0.127082
vt 0.801352 0.127082
vt 0.790561 0.127082
vt 0.671857 0.127082
vt 0.682649 0.127082
vt 0.512057 0.486792
vt 0.263099 0.864755
vt 0.184282 0.864755
vt 0.136991 0.864755
vt 0.231572 0.864755
vt 0.247336 0.864755
vt 0.357680 0.864755
vt 0.644035 0.134877
vt 0.659799 0.134877
vt 0.738618 0.134877
vt 0.722855 0.134877
vt 0.801674 0.134877
vt 0.785910 0.134877
vt 0.580980 0.134877
vt 0.596744 0.134877
vt 0.707091 0.134877
vt 0.691327 0.134877
vt 0.612507 0.134877
vt 0.754382 0.134877
vt 0.770146 0.134877
vt 0.675563 0.134877
vt 0.628271 0.134877
s 1
f 1437/1/1 1097/2/2 1096/3/3 1439/4/4
f 450/5/5 391/6/6 150/7/7 179/8/8
f 395/9/9 318/10/10 201/11/11 241/12/12
f 60/13/13 16/14/14 1013/15/15 1113/16/16
f 580/17/17 581/18/18 128/19/19 126/20/20
f 578/21/21 579/22/22 117/23/23 115/24/24
f 543/25/25 544/26/26 94/27/27 92/28/28
f 123/29/29 547/30/30 548/31/31 131/32/32
f 1146/33/33 1048/34/33 1045/35/34 1135/36/34
f 550/37/35 109/38/36 111/39/37 559/40/38
f 227/41/39 331/42/40 312/43/41 226/44/42
f 199/45/43 376/46/44 375/47/45 198/48/46
f 1115/49/47 471/50/48 184/51/49 206/52/50
f 517/53/51 499/54/52 156/55/53 157/56/54
f 381/57/55 205/58/56 200/59/57 380/60/58
f 339/61/59 369/62/60 297/63/61 269/64/62
f 26/65/63 24/66/64 368/67/65 414/68/66
f 361/69/67 262/70/68 261/71/69 389/72/70
f 33/73/71 35/74/72 529/75/73 528/76/74
f 204/77/75 370/78/76 366/79/77 203/80/78
f 891/81/79 894/82/80 904/83/81 901/84/82
f 402/85/83 168/86/84 202/87/85 1120/88/86
f 1253/89/87 1246/90/88 1415/91/89 1417/92/90
f 1062/93/91 898/94/92 897/95/93 194/96/94
f 1052/97/95 1140/98/95 1138/99/96 1049/100/96
f 263/101/97 986/102/97 985/103/97 260/104/97
f 207/105/98 174/106/99 318/10/10 395/9/9
f 354/107/100 351/108/101 350/109/102 352/110/103
f 924/111/104 906/112/104 915/113/105 925/114/105
f 228/115/106 334/116/107 331/42/40 227/41/39
f 541/117/108 542/118/109 72/119/110 70/120/111
f 210/121/112 209/122/113 401/123/114 404/124/115
f 340/125/116 373/126/117 369/62/60 339/61/59
f 490/127/118 575/128/119 102/129/120 96/130/121
f 706/131/122 618/132/123 619/133/124 711/134/125
f 319/135/126 293/136/127 287/137/128 292/138/129
f 1/139/130 3/140/131 538/141/132 537/142/133
f 386/143/134 258/144/135 257/145/136 385/146/137
f 73/147/138 61/148/139 472/149/140 384/150/141
f 451/151/142 522/152/143 101/153/144 95/154/145
f 428/155/146 413/156/147 130/157/148 137/158/149
f 86/159/150 478/160/151 479/161/152 88/162/153
f 357/163/154 358/164/155 191/165/156 192/166/157
f 549/167/158 107/168/159 109/38/36 550/37/35
f 321/169/160 221/170/161 262/70/68 361/69/67
f 1017/171/162 172/172/163 171/173/164 422/174/165
f 32/175/166 30/176/167 428/155/146 437/177/168
f 534/178/169 18/179/170 20/180/171 535/181/172
f 232/182/173 231/183/174 405/184/175 408/185/176
f 398/186/177 197/187/178 196/188/179 394/189/180
f 416/190/181 440/191/182 139/192/183 140/193/184
f 521/194/185 463/195/186 888/196/187 1118/197/188
f 152/198/189 439/199/190 438/200/191 151/201/192
f 298/202/193 291/203/194 289/204/195 295/205/196
f 1063/206/197 900/207/197 898/94/92 1062/93/91
f 397/208/198 393/209/199 164/210/200 165/211/201
f 33/73/71 512/212/202 513/213/203 35/74/72
f 324/214/204 270/215/205 268/216/206 320/217/207
f 291/203/194 285/218/208 283/219/209 289/204/195
f 495/220/210 80/221/211 82/222/212 509/223/213
f 140/193/184 139/192/183 397/208/198 399/224/214
f 316/225/215 302/226/216 301/227/217 310/228/218
f 114/229/219 116/230/220 519/231/221 516/232/222
f 126/20/20 128/19/19 566/233/223 565/234/224
f 322/235/225 356/236/226 219/237/227 220/238/228
f 236/239/229 361/69/67 389/72/70 235/240/230
f 400/241/231 395/9/9 241/12/12 242/242/232
f 303/243/233 246/244/234 211/245/235 239/246/236
f 1444/247/237 383/248/238 313/249/239 1082/250/240
f 446/251/241 445/252/242 207/105/98 208/253/243
f 1451/254/244 379/255/245 398/186/177 1445/256/246
f 224/257/247 306/258/248 304/259/249 223/260/250
f 497/261/251 517/53/51 157/56/54 158/262/252
f 449/263/253 450/5/5 179/8/8 180/264/254
f 133/265/255 407/266/256 345/267/257 113/268/258
f 485/269/259 486/270/260 1014/271/261 12/272/262
f 225/273/263 308/274/264 306/258/248 224/257/247
f 456/275/265 454/276/266 181/277/267 182/278/268
f 1078/279/197 1076/280/197 1028/281/197 1032/282/197
f 471/50/48 457/283/269 183/284/270 184/51/49
f 604/285/271 112/286/272 120/287/273 605/288/274
f 272/289/275 243/290/276 347/291/277 351/108/101
f 496/292/278 60/13/13 1113/16/16 1114/293/279
f 503/294/280 504/295/281 69/296/282 67/297/283
f 343/298/284 315/299/285 284/300/286 288/301/287
f 314/302/288 251/303/289 249/304/290 309/305/291
f 4/306/292 430/307/293 431/308/294 2/309/295
f 194/310/296 193/311/297 356/236/226 322/235/225
f 410/312/298 500/313/299 61/148/139 73/147/138
f 310/228/218 301/227/217 255/314/300 256/315/301
f 229/316/302 337/317/303 334/116/107 228/115/106
f 326/318/304 271/319/305 270/215/205 324/214/204
f 200/59/57 377/320/306 376/46/44 199/45/43
f 468/321/307 143/322/308 142/323/309 464/324/310
f 608/325/311 132/326/312 94/327/27 544/328/26
f 1457/329/313 1458/330/314 445/252/242 446/251/241
f 477/331/315 83/332/316 85/333/317 478/160/151
f 64/334/318 66/335/319 502/336/320 501/337/321
f 387/338/322 388/339/323 154/340/324 155/341/325
f 1067/342/197 907/343/197 903/344/197 1064/345/197
f 461/346/326 36/347/327 889/348/328 462/349/329
f 1466/350/330 1464/351/331 420/352/332 417/353/333
f 921/354/334 902/355/334 899/356/335 919/357/336
f 467/358/337 153/359/338 152/198/189 491/360/339
f 426/361/340 204/77/75 203/80/78 418/362/341
f 484/363/342 485/269/259 12/272/262 10/364/343
f 747/365/344 746/366/345 758/367/346 759/368/347
f 1443/369/348 1071/370/349 367/371/350 358/164/155
f 367/371/350 365/372/351 189/373/352 190/374/353
f 158/262/252 157/56/54 457/283/269 471/50/48
f 927/375/354 924/111/104 1129/376/104 1131/377/354
f 473/378/355 474/379/356 6/380/357 4/306/292
f 85/333/317 453/381/358 460/382/359 87/383/360
f 1072/384/361 381/57/55 380/60/58 1448/385/362
f 91/386/363 93/387/364 487/388/365 486/270/260
f 156/55/53 149/389/366 454/276/266 456/275/265
f 369/62/60 355/390/367 296/391/368 297/63/61
f 3/140/131 5/392/369 539/393/370 538/141/132
f 96/130/121 102/129/120 522/152/143 451/151/142
f 348/394/371 342/395/372 216/396/373 217/397/374
f 147/398/375 125/399/376 391/6/6 450/5/5
f 414/68/66 368/67/65 113/268/258 129/400/377
f 1261/401/378 1253/89/87 1417/92/90 1418/402/379
f 283/219/209 280/403/380 248/404/381 250/405/382
f 5/392/369 7/406/383 540/407/384 539/393/370
f 138/408/385 137/158/149 390/409/386 393/209/199
f 330/410/387 286/411/388 185/412/389 214/413/390
f 1018/414/391 1017/171/162 422/174/165 146/415/392
f 148/416/393 147/398/375 450/5/5 449/263/253
f 323/417/394 320/217/207 293/136/127 319/135/126
f 74/418/395 62/419/396 500/313/299 410/312/298
f 203/80/78 366/79/77 318/10/10 174/106/99
f 412/420/397 236/239/229 235/240/230 411/421/398
f 215/422/399 214/413/390 279/423/400 282/424/401
f 191/165/156 190/374/353 342/395/372 348/394/371
f 438/200/191 178/425/402 177/426/403 436/427/404
f 563/428/405 564/429/406 116/230/220 114/229/219
f 539/393/370 540/407/384 68/430/407 66/335/319
f 437/177/168 428/155/146 137/158/149 138/408/385
f 276/431/408 273/432/409 354/107/100 363/433/410
f 851/434/411 852/435/412 855/436/413 854/437/414
f 602/438/415 108/439/416 110/440/417 603/441/418
f 1264/442/419 1263/443/420 1421/444/421 1420/445/422
f 1052/97/95 1049/100/96 1031/446/96 1033/447/95
f 839/448/423 756/449/424 1262/450/425 1432/451/426
f 1352/452/427 1354/453/428 1106/454/429 1107/455/430
f 265/456/97 1073/457/97 873/458/97 234/459/97
f 315/299/285 309/305/291 281/460/431 284/300/286
f 466/461/432 1119/462/433 1118/197/188 78/463/434
f 166/464/435 165/465/201 1450/466/436 1216/467/437
f 372/468/438 224/257/247 223/260/250 364/469/439
f 1103/470/440 1087/471/441 1355/472/442 1357/473/443
f 54/474/444 22/475/445 498/476/446 499/54/52
f 615/477/447 944/478/448 953/479/449 616/480/450
f 404/124/115 401/123/114 243/290/276 272/289/275
f 384/150/141 472/149/140 2/309/295 24/66/64
f 410/312/298 73/147/138 79/481/451 470/482/452
f 220/238/228 219/237/227 300/483/453 302/226/216
f 117/23/23 126/20/20 565/234/224 564/429/406
f 476/484/454 81/485/455 83/332/316 477/331/315
f 27/486/456 509/223/213 510/487/457 29/488/458
f 532/489/459 563/428/405 114/229/219 105/490/460
f 141/491/461 435/492/462 391/6/6 125/399/376
f 306/258/248 305/493/463 303/243/233 304/259/249
f 893/494/464 140/193/184 399/224/214 892/495/465
f 379/255/245 198/48/46 197/187/178 398/186/177
f 364/469/439 223/260/250 185/412/389 286/411/388
f 375/47/45 226/44/42 225/273/263 374/496/466
f 110/440/417 550/37/35 559/40/38 112/286/272
f 1015/497/467 1018/414/391 146/415/392 444/498/468
f 132/326/312 585/499/469 507/500/470 94/327/27
f 347/291/277 341/501/471 315/299/285 343/298/284
f 122/502/472 583/503/473 584/504/474 124/505/475
f 108/439/416 549/167/158 550/37/35 110/440/417
f 422/174/165 171/173/164 170/506/476 421/507/477
f 579/22/22 580/17/17 126/20/20 117/23/23
f 493/508/478 494/509/479 48/510/480 46/511/481
f 307/512/482 259/513/483 247/514/484 305/493/463
f 74/418/395 410/312/298 470/482/452 80/221/211
f 394/189/180 196/188/179 195/515/485 383/248/238
f 510/487/457 84/516/486 86/159/150 511/517/487
f 429/518/488 424/519/489 232/182/173 233/520/490
f 373/126/117 363/433/410 355/390/367 369/62/60
f 575/128/119 576/521/491 104/522/492 102/129/120
f 358/164/155 367/371/350 190/374/353 191/165/156
f 293/136/127 266/523/493 265/524/494 287/137/128
f 206/525/495 1169/526/496 1058/527/497 173/528/498
f 104/522/492 106/529/499 532/489/459 523/530/500
f 335/531/501 330/410/387 214/413/390 215/422/399
f 198/48/46 375/47/45 374/496/466 197/187/178
f 1447/532/502 1082/250/240 313/249/239 362/533/503
f 424/519/489 417/353/333 231/183/174 232/182/173
f 1049/100/96 1050/534/504 1040/535/504 1031/446/96
f 559/40/38 111/39/37 119/536/505 582/537/506
f 279/423/400 240/538/507 239/246/236 277/539/508
f 582/537/506 119/536/505 121/540/509 583/503/473
f 268/541/97 1090/542/97 1089/543/97 266/544/97
f 58/545/510 56/546/511 517/53/51 497/261/251
f 455/547/512 144/548/513 135/549/514 448/550/515
f 945/551/516 946/552/517 955/553/518 954/554/519
f 433/555/520 537/142/133 62/419/396 74/418/395
f 1076/280/197 1077/556/197 1039/557/197 1028/281/197
f 392/558/521 222/559/522 213/560/523 396/561/524
f 501/337/321 502/336/320 65/562/525 63/563/526
f 226/44/42 312/43/41 308/274/264 225/273/263
f 49/564/527 51/565/528 579/22/22 578/21/21
f 577/566/529 578/21/21 115/24/24 106/529/499
f 329/567/530 328/568/531 326/318/304 327/569/532
f 1083/570/533 1447/532/502 362/533/503 365/372/351
f 320/217/207 268/216/206 266/523/493 293/136/127
f 202/571/534 1154/572/535 412/573/536 1455/574/534
f 1464/351/331 1460/575/537 447/576/538 420/352/332
f 581/18/18 515/577/539 100/578/540 128/19/19
f 1014/271/261 1015/497/467 444/498/468 12/272/262
f 82/222/212 476/484/454 477/331/315 84/516/486
f 406/579/541 160/580/542 159/581/543 407/266/256
f 460/382/359 34/582/544 36/347/327 461/346/326
f 431/308/294 133/265/255 113/268/258 368/67/65
f 443/583/545 28/584/546 30/176/167 452/585/547
f 985/586/548 1350/587/549 1349/588/550 984/589/551
f 1446/590/552 1216/467/437 359/591/553 360/592/554
f 311/593/555 260/594/556 259/513/483 307/512/482
f 606/595/557 122/502/472 124/505/475 607/596/558
f 605/288/274 120/287/273 122/502/472 606/595/557
f 535/181/172 20/180/171 22/475/445 536/597/559
f 607/596/558 124/505/475 132/326/312 608/325/311
f 547/30/30 58/545/510 1113/16/16 548/31/31
f 479/161/152 87/383/360 89/598/560 480/599/561
f 325/600/562 324/214/204 320/217/207 323/417/394
f 546/601/563 56/546/511 58/545/510 547/30/30
f 907/602/564 926/603/564 922/604/565 903/605/565
f 1450/466/436 1443/369/348 358/164/155 357/163/154
f 435/492/462 175/606/566 150/7/7 391/6/6
f 516/232/222 519/231/221 52/607/567 50/608/568
f 1442/609/569 1100/610/570 1099/611/571 1440/612/572
f 514/613/573 98/614/574 100/615/540 515/616/539
f 442/617/575 26/65/63 28/584/546 443/583/545
f 1119/462/433 1121/618/576 153/359/338 467/358/337
f 523/530/500 532/489/459 105/490/460 103/619/577
f 863/620/578 866/621/579 865/622/580 862/623/581
f 491/360/339 152/198/189 151/201/192 469/624/582
f 241/12/12 201/11/11 251/303/289 314/302/288
f 327/569/532 326/318/304 324/214/204 325/600/562
f 53/625/583 605/288/274 606/595/557 55/626/584
f 213/560/523 385/146/137 371/627/585 212/628/586
f 447/576/538 446/251/241 208/253/243 209/122/113
f 25/629/587 495/220/210 509/223/213 27/486/456
f 12/272/262 444/498/468 458/630/588 10/364/343
f 892/495/465 399/224/214 166/631/435 167/632/589
f 408/185/176 405/184/175 273/432/409 276/431/408
f 352/110/103 350/109/102 290/633/590 294/634/591
f 134/635/592 406/579/541 407/266/256 133/265/255
f 67/297/283 69/296/282 484/363/342 475/636/593
f 197/187/178 374/496/466 372/468/438 196/188/179
f 363/433/410 354/107/100 352/110/103 355/390/367
f 499/54/52 498/476/446 149/389/366 156/55/53
f 498/476/446 488/637/594 148/416/393 149/389/366
f 41/638/595 17/639/596 630/640/597 518/641/598
f 96/130/121 451/151/142 549/167/158 108/439/416
f 144/548/513 419/642/599 409/643/600 135/549/514
f 135/549/514 409/643/600 406/579/541 134/635/592
f 235/240/230 389/72/70 386/143/134 222/559/522
f 492/644/601 493/508/478 46/511/481 44/645/602
f 209/122/113 208/253/243 400/241/231 401/123/114
f 1178/646/603 394/189/180 383/248/238 1444/247/237
f 522/152/143 523/530/500 103/619/577 101/153/144
f 73/147/138 384/150/141 442/617/575 79/481/451
f 401/123/114 400/241/231 242/242/232 243/290/276
f 2/309/295 431/308/294 368/67/65 24/66/64
f 660/647/604 663/648/605 591/649/606 590/650/607
f 316/651/215 310/652/218 332/653/608 338/654/609
f 309/305/291 249/304/290 234/655/610 281/460/431
f 382/656/611 408/185/176 276/431/408 278/657/612
f 512/212/202 88/162/153 90/658/613 513/213/203
f 219/237/227 218/659/614 298/202/193 300/483/453
f 1458/330/314 1456/660/615 353/661/616 445/252/242
f 9/662/617 555/663/618 556/664/619 11/665/620
f 310/652/218 256/666/301 275/667/621 332/653/608
f 360/592/554 359/591/553 193/311/297 194/310/296
f 13/668/622 557/669/623 558/670/624 15/671/625
f 208/253/243 207/105/98 395/9/9 400/241/231
f 192/166/157 191/165/156 348/394/371 349/672/626
f 218/659/614 217/397/374 291/203/194 298/202/193
f 462/349/329 889/348/328 888/673/187 463/674/186
f 106/529/499 115/24/24 563/428/405 532/489/459
f 1452/675/627 411/421/398 392/558/521 1465/676/628
f 44/645/602 465/677/629 403/678/630 42/679/631
f 1152/680/632 1126/681/633 920/682/633 923/683/632
f 118/684/634 127/685/635 521/194/185 520/686/636
f 321/687/160 322/235/225 220/238/228 221/688/161
f 846/689/637 1431/690/638 1438/691/639 1094/692/640
f 47/693/641 613/694/642 614/695/643 49/564/527
f 188/696/644 162/697/645 286/411/388 330/410/387
f 78/463/434 1118/197/188 888/196/187 40/698/646
f 366/79/77 237/699/647 201/11/11 318/10/10
f 258/144/135 327/569/532 325/600/562 257/145/136
f 189/373/352 188/696/644 330/410/387 335/531/501
f 30/176/167 28/584/546 413/156/147 428/155/146
f 317/700/648 263/701/649 260/594/556 311/593/555
f 1016/702/650 1026/703/651 1029/704/652 1019/705/653
f 425/706/654 42/679/631 18/179/170 534/178/169
f 1130/707/564 1128/708/565 922/604/565 926/603/564
f 37/709/655 514/613/573 515/616/539 39/710/656
f 244/711/657 323/417/394 319/135/126 238/712/658
f 452/585/547 30/176/167 32/175/166 453/381/358
f 423/713/659 1115/49/47 206/52/50 173/714/660
f 953/479/449 954/554/519 958/715/661 957/716/662
f 402/717/83 892/495/465 167/632/589 168/718/84
f 223/260/250 304/259/249 240/538/507 185/412/389
f 585/499/469 131/32/32 93/719/364 507/500/470
f 205/58/56 346/720/663 377/320/306 200/59/57
f 584/504/474 123/29/29 131/32/32 585/499/469
f 304/259/249 303/243/233 239/246/236 240/538/507
f 149/389/366 148/416/393 449/263/253 454/276/266
f 1026/703/651 972/721/664 973/722/665 1029/704/652
f 407/266/256 159/581/543 136/723/666 345/267/257
f 336/724/667 267/725/668 264/726/669 333/727/670
f 97/728/671 462/349/329 463/674/186 99/729/672
f 488/637/594 489/730/673 147/398/375 148/416/393
f 151/201/192 438/200/191 436/427/404 143/322/308
f 233/520/490 232/182/173 408/185/176 382/656/611
f 153/359/338 441/731/674 439/199/190 152/198/189
f 427/732/675 212/628/586 204/77/75 426/361/340
f 1465/676/628 392/558/521 396/561/524 1463/733/676
f 145/734/677 421/507/477 419/642/599 144/548/513
f 1459/735/678 426/361/340 418/362/341 1461/736/679
f 256/737/97 846/738/97 1094/739/97 275/740/97
f 124/505/475 584/504/474 585/499/469 132/326/312
f 292/138/129 287/137/128 249/304/290 251/303/289
f 5/392/369 553/741/680 554/742/681 7/406/383
f 41/638/595 518/641/598 611/743/682 43/744/683
f 257/145/136 325/600/562 323/417/394 244/711/657
f 130/157/148 129/400/377 388/339/323 387/338/322
f 393/209/199 390/409/386 163/745/684 164/210/200
f 340/746/116 339/747/59 336/724/667 337/317/303
f 565/234/224 566/233/223 127/685/635 118/684/634
f 107/168/159 534/178/169 535/181/172 109/38/36
f 537/142/133 538/141/132 64/334/318 62/419/396
f 301/227/217 299/748/685 254/749/686 255/314/300
f 901/84/82 904/83/81 826/750/687 825/751/688
f 508/752/689 685/753/690 944/478/448 615/477/447
f 350/109/102 343/298/284 288/301/287 290/633/590
f 41/638/595 490/127/118 602/438/415 17/639/596
f 421/507/477 170/506/476 169/754/691 419/642/599
f 23/755/692 1/139/130 537/142/133 433/555/520
f 331/42/40 317/700/648 311/593/555 312/43/41
f 454/276/266 449/263/253 180/264/254 181/277/267
f 1092/756/693 1442/609/569 1440/612/572 1091/757/694
f 102/129/120 104/522/492 523/530/500 522/152/143
f 50/608/568 469/624/582 468/321/307 48/510/480
f 587/758/695 588/759/696 800/760/697 791/761/698
f 548/31/31 1113/16/16 1013/15/15 487/762/365
f 927/375/354 908/763/354 906/112/104 924/111/104
f 384/150/141 24/66/64 26/65/63 442/617/575
f 334/116/107 333/727/670 317/700/648 331/42/40
f 261/71/69 329/567/530 327/569/532 258/144/135
f 417/353/333 420/352/332 210/121/112 231/183/174
f 230/764/699 278/657/612 373/126/117 340/125/116
f 339/747/59 269/765/62 267/725/668 336/724/667
f 419/642/599 169/754/691 161/766/700 409/643/600
f 520/686/636 521/194/185 1118/197/188 76/767/701
f 423/768/659 173/769/660 172/172/163 1017/171/162
f 289/204/195 283/219/209 250/405/382 252/770/702
f 542/118/109 543/25/25 92/28/28 72/119/110
f 405/184/175 404/124/115 272/289/275 273/432/409
f 504/295/281 505/771/703 71/772/704 69/296/282
f 341/501/471 314/302/288 309/305/291 315/299/285
f 474/379/356 475/636/593 8/773/705 6/380/357
f 346/720/663 229/316/302 228/115/106 377/320/306
f 500/313/299 501/337/321 63/563/526 61/148/139
f 119/536/505 545/774/706 546/601/563 121/540/509
f 142/323/309 434/775/707 435/492/462 141/491/461
f 383/248/238 195/515/485 162/697/645 313/249/239
f 29/488/458 510/487/457 511/517/487 31/776/708
f 433/555/520 74/418/395 80/221/211 495/220/210
f 332/653/608 275/667/621 274/777/709 328/568/531
f 146/415/392 422/174/165 421/507/477 145/734/677
f 890/778/710 416/190/181 140/193/184 893/494/464
f 193/311/297 192/166/157 349/672/626 356/236/226
f 28/584/546 26/65/63 414/68/66 413/156/147
f 71/772/704 91/386/363 486/270/260 485/269/259
f 312/43/41 311/593/555 307/512/482 308/274/264
f 305/493/463 247/514/484 246/244/234 303/243/233
f 9/662/617 11/665/620 542/118/109 541/117/108
f 944/478/448 945/551/516 954/554/519 953/479/449
f 1075/779/197 1074/780/711 1023/781/712 1025/782/197
f 66/335/319 68/430/407 503/294/280 502/336/320
f 157/56/54 156/55/53 456/275/265 457/283/269
f 409/643/600 161/766/700 160/580/542 406/579/541
f 274/783/97 1093/784/97 1092/785/97 271/786/97
f 444/498/468 146/415/392 145/734/677 458/630/588
f 231/183/174 210/121/112 404/124/115 405/184/175
f 243/290/276 242/242/232 341/501/471 347/291/277
f 1244/787/713 1243/788/714 1426/789/715 1427/790/716
f 308/274/264 307/512/482 305/493/463 306/258/248
f 792/791/717 801/792/718 802/793/719 793/794/720
f 478/160/151 85/333/317 87/383/360 479/161/152
f 76/767/701 467/358/337 491/360/339 52/607/567
f 451/151/142 95/154/145 107/168/159 549/167/158
f 411/421/398 235/240/230 222/559/522 392/558/521
f 129/400/377 113/268/258 345/267/257 388/339/323
f 338/654/609 332/653/608 328/568/531 329/567/530
f 277/539/508 239/246/236 211/245/235 245/795/721
f 1120/88/86 202/87/85 187/796/722 441/731/674
f 128/19/19 100/578/540 482/797/723 566/233/223
f 351/108/101 347/291/277 343/298/284 350/109/102
f 365/372/351 362/533/503 188/696/644 189/373/352
f 282/424/401 279/423/400 277/539/508 280/403/380
f 137/158/149 130/157/148 387/338/322 390/409/386
f 13/668/622 15/671/625 544/26/26 543/25/25
f 374/496/466 225/273/263 224/257/247 372/468/438
f 1274/798/724 1275/799/725 1419/800/726 1424/801/727
f 1463/733/676 396/561/524 427/732/675 1453/802/728
f 68/430/407 70/120/111 504/295/281 503/294/280
f 385/146/137 257/145/136 244/711/657 371/627/585
f 212/628/586 371/627/585 370/78/76 204/77/75
f 62/419/396 64/334/318 501/337/321 500/313/299
f 399/224/214 397/208/198 165/211/201 166/631/435
f 1462/803/729 1466/350/330 417/353/333 424/519/489
f 7/406/383 9/662/617 541/117/108 540/407/384
f 8/773/705 455/547/512 448/550/515 6/380/357
f 190/374/353 189/373/352 335/531/501 342/395/372
f 472/149/140 473/378/355 4/306/292 2/309/295
f 10/364/343 458/630/588 455/547/512 8/773/705
f 95/154/145 425/706/654 534/178/169 107/168/159
f 253/804/97 252/805/97 842/806/97 843/807/97
f 370/78/76 238/712/658 237/699/647 366/79/77
f 237/699/647 292/138/129 251/303/289 201/11/11
f 475/636/593 484/363/342 10/364/343 8/773/705
f 434/775/707 176/808/730 175/606/566 435/492/462
f 216/396/373 215/422/399 282/424/401 285/218/208
f 847/809/731 848/810/732 851/434/411 850/811/733
f 19/812/734 603/441/418 604/285/271 21/813/735
f 441/731/674 187/796/722 186/814/736 439/199/190
f 109/38/36 535/181/172 536/597/559 111/39/37
f 889/348/328 36/347/327 416/190/181 890/778/710
f 506/815/737 507/816/470 93/387/364 91/386/363
f 242/242/232 241/12/12 314/302/288 341/501/471
f 1046/817/738 1136/818/738 1134/819/739 1044/820/740
f 458/630/588 145/734/677 144/548/513 455/547/512
f 36/347/327 34/582/544 440/191/182 416/190/181
f 1064/345/197 903/344/197 914/821/197 1065/822/197
f 217/397/374 216/396/373 285/218/208 291/203/194
f 486/270/260 487/388/365 1013/823/15 1014/271/261
f 112/286/272 559/40/38 582/537/506 120/287/273
f 566/233/223 482/797/723 99/824/672 127/685/635
f 214/413/390 185/412/389 240/538/507 279/423/400
f 800/760/697 804/825/741 805/826/742 801/792/718
f 425/706/654 492/644/601 44/645/602 42/679/631
f 295/205/196 289/204/195 252/770/702 253/827/743
f 37/709/655 39/710/656 531/828/744 530/829/745
f 1461/736/679 418/362/341 353/661/616 1456/660/615
f 287/137/128 265/524/494 234/655/610 249/304/290
f 344/830/746 382/656/611 278/657/612 230/764/699
f 1357/473/443 1355/472/442 1109/831/747 1110/832/748
f 380/60/58 200/59/57 199/45/43 378/833/749
f 378/833/749 199/45/43 198/48/46 379/255/245
f 195/515/485 364/469/439 286/411/388 162/697/645
f 1449/834/750 378/833/749 379/255/245 1451/254/244
f 273/432/409 272/289/275 351/108/101 354/107/100
f 448/550/515 135/549/514 134/635/592 430/307/293
f 505/771/703 506/815/737 91/386/363 71/772/704
f 540/407/384 541/117/108 70/120/111 68/430/407
f 842/835/751 841/836/752 1434/837/753 1435/838/754
f 519/231/221 520/686/636 76/767/701 52/607/567
f 355/390/367 352/110/103 294/634/591 296/391/368
f 278/657/612 276/431/408 363/433/410 373/126/117
f 538/141/132 539/393/370 66/335/319 64/334/318
f 1184/839/755 1183/840/756 1055/841/757 1143/842/758
f 908/843/197 1067/342/197 1064/345/197 906/844/197
f 371/627/585 244/711/657 238/712/658 370/78/76
f 469/624/582 151/201/192 143/322/308 468/321/307
f 389/72/70 261/71/69 258/144/135 386/143/134
f 230/845/699 340/746/116 337/317/303 229/316/302
f 221/170/161 316/651/215 338/654/609 262/70/68
f 464/324/310 142/323/309 141/491/461 465/677/629
f 377/320/306 228/115/106 227/41/39 376/46/44
f 376/46/44 227/41/39 226/44/42 375/47/45
f 18/179/170 42/679/631 403/678/630 489/730/673
f 502/336/320 503/294/280 67/297/283 65/562/525
f 344/846/746 230/845/699 229/316/302 346/720/663
f 420/352/332 447/576/538 209/122/113 210/121/112
f 989/847/759 1105/848/760 1353/849/761 1346/850/762
f 490/127/118 96/130/121 108/439/416 602/438/415
f 1114/293/279 497/261/251 158/262/252 1116/851/763
f 139/192/183 138/408/385 393/209/199 397/208/198
f 29/488/458 31/776/708 527/852/764 526/853/765
f 101/153/144 103/619/577 493/508/478 492/644/601
f 508/752/689 587/758/695 791/761/698 685/753/690
f 41/638/595 43/744/683 575/128/119 490/127/118
f 23/755/692 433/555/520 495/220/210 25/629/587
f 436/427/404 177/426/403 176/808/730 434/775/707
f 300/483/453 298/202/193 295/205/196 299/748/685
f 388/339/323 345/267/257 136/723/666 154/340/324
f 1434/837/753 1433/854/766 858/855/767 859/856/768
f 143/322/308 436/427/404 434/775/707 142/323/309
f 80/221/211 470/482/452 476/484/454 82/222/212
f 342/395/372 335/531/501 215/422/399 216/396/373
f 285/218/208 282/424/401 280/403/380 283/219/209
f 513/213/203 90/658/613 98/614/574 514/613/573
f 583/503/473 121/540/509 123/29/29 584/504/474
f 21/813/735 53/625/583 633/857/769 632/858/770
f 536/597/559 22/475/445 54/474/444 545/774/706
f 545/774/706 54/474/444 56/546/511 546/601/563
f 430/307/293 134/635/592 133/265/255 431/308/294
f 196/188/179 372/468/438 364/469/439 195/515/485
f 6/380/357 448/550/515 430/307/293 4/306/292
f 1356/859/771 1352/452/427 1107/455/430 1108/860/772
f 1454/861/773 1462/803/729 424/519/489 429/518/488
f 333/727/670 264/726/669 263/701/649 317/700/648
f 603/441/418 110/440/417 112/286/272 604/285/271
f 337/317/303 336/724/667 333/727/670 334/116/107
f 457/283/269 456/275/265 182/278/268 183/284/270
f 489/730/673 403/678/630 125/399/376 147/398/375
f 1445/256/246 398/186/177 394/189/180 1178/646/603
f 445/252/242 353/661/616 174/106/99 207/105/98
f 1448/385/362 380/60/58 378/833/749 1449/834/750
f 470/482/452 79/481/451 81/485/455 476/484/454
f 362/533/503 313/249/239 162/697/645 188/696/644
f 89/598/560 461/346/326 462/349/329 97/728/671
f 280/403/380 277/539/508 245/795/721 248/404/381
f 791/761/698 800/760/697 801/792/718 792/791/717
f 84/516/486 477/331/315 478/160/151 86/159/150
f 390/409/386 387/338/322 155/341/325 163/745/684
f 222/559/522 386/143/134 385/146/137 213/560/523
f 31/776/708 511/517/487 512/212/202 33/73/71
f 440/191/182 437/177/168 138/408/385 139/192/183
f 359/591/553 357/163/154 192/166/157 193/311/297
f 480/599/561 89/598/560 97/728/671 481/862/774
f 69/296/282 71/772/704 485/269/259 484/363/342
f 120/287/273 582/537/506 583/503/473 122/502/472
f 65/562/525 67/297/283 475/636/593 474/379/356
f 717/863/775 620/864/776 621/865/777 722/866/778
f 70/120/111 72/119/110 505/771/703 504/295/281
f 45/867/779 47/693/641 577/566/529 576/521/491
f 299/748/685 295/205/196 253/827/743 254/749/686
f 781/868/780 678/869/781 683/870/782 807/871/783
f 11/665/620 13/668/622 543/25/25 542/118/109
f 439/199/190 186/814/736 178/425/402 438/200/191
f 564/429/406 565/234/224 118/684/634 116/230/220
f 63/563/526 65/562/525 474/379/356 473/378/355
f 103/619/577 105/490/460 494/509/479 493/508/478
f 57/872/784 607/596/558 608/325/311 59/873/785
f 1441/874/786 1098/875/787 1097/2/2 1437/1/1
f 34/582/544 32/175/166 437/177/168 440/191/182
f 861/876/788 864/877/789 866/621/579 863/620/578
f 494/509/479 516/232/222 50/608/568 48/510/480
f 21/813/735 604/285/271 605/288/274 53/625/583
f 481/862/774 97/728/671 99/729/672 482/878/723
f 655/879/790 654/880/791 943/881/792 942/882/793
f 1116/851/763 158/262/252 471/50/48 1115/49/47
f 95/154/145 101/153/144 492/644/601 425/706/654
f 658/883/794 657/884/795 940/885/796 939/886/797
f 413/156/147 414/68/66 129/400/377 130/157/148
f 23/755/692 459/887/798 551/888/799 1/139/130
f 238/712/658 319/135/126 292/138/129 237/699/647
f 396/561/524 213/560/523 212/628/586 427/732/675
f 1071/370/349 1083/570/533 365/372/351 367/371/350
f 56/546/511 54/474/444 499/54/52 517/53/51
f 453/381/358 32/175/166 34/582/544 460/382/359
f 465/677/629 141/491/461 125/399/376 403/678/630
f 1455/889/800 412/420/397 411/421/398 1452/675/627
f 61/148/139 63/563/526 473/378/355 472/149/140
f 921/354/334 919/357/336 1125/890/801 1127/891/334
f 948/892/802 949/893/803 831/894/804 779/895/805
f 749/896/806 807/871/783 808/897/807 750/898/808
f 19/812/734 21/813/735 632/858/770 631/899/809
f 947/900/810 948/892/802 779/895/805 776/901/811
f 72/119/110 92/28/28 506/815/737 505/771/703
f 518/641/598 630/640/597 671/902/812 533/903/813
f 831/894/804 861/876/788 863/620/578 860/904/814
f 722/866/778 621/865/777 629/905/815 728/906/816
f 77/907/817 627/908/818 531/909/744 39/910/656
f 623/911/819 777/912/820 733/913/821 586/914/822
f 631/899/809 632/858/770 658/915/823 670/916/824
f 725/917/825 726/918/826 651/919/827 648/920/828
f 533/921/829 671/922/830 937/923/831 672/924/832
f 75/925/833 77/907/817 581/18/18 580/17/17
f 963/926/834 964/927/835 967/928/836 966/929/837
f 716/930/838 681/931/839 682/932/840 742/933/841
f 636/934/842 789/935/843 790/936/844 628/937/845
f 761/938/846 696/939/847 697/940/848 775/941/849
f 935/942/850 728/943/816 629/944/815 744/945/851
f 23/755/692 25/629/587 524/946/852 459/887/798
f 788/947/853 798/948/854 799/949/855 789/935/843
f 81/485/455 443/583/545 452/585/547 83/332/316
f 795/950/856 715/951/857 741/952/858 796/953/859
f 939/886/797 940/885/796 950/954/860 949/893/803
f 794/955/861 709/956/862 715/951/857 795/950/856
f 662/957/863 665/958/864 667/959/865 664/960/866
f 741/952/858 743/961/867 747/365/344 745/962/868
f 719/963/869 723/964/870 729/965/871 724/966/872
f 612/967/873 640/968/874 639/969/875 613/694/642
f 557/669/623 595/970/876 594/971/877 558/670/624
f 775/941/849 697/940/848 610/972/878 675/973/879
f 864/877/789 869/974/880 871/975/881 866/621/579
f 959/976/882 883/977/883 884/978/884 962/979/885
f 556/664/619 596/980/886 595/970/876 557/669/623
f 720/981/887 721/982/888 645/983/889 642/984/890
f 630/640/597 631/899/809 670/916/824 671/902/812
f 713/985/891 718/986/892 723/964/870 719/963/869
f 688/987/893 684/988/894 690/989/895 691/990/896
f 942/882/793 943/881/792 956/991/897 952/992/898
f 712/993/899 711/134/125 717/863/775 718/986/892
f 598/994/900 751/995/901 752/996/902 597/997/903
f 116/230/220 118/684/634 520/686/636 519/231/221
f 570/998/904 569/999/905 703/1000/906 702/1001/907
f 596/1002/908 753/1003/909 754/1004/910 595/1005/911
f 524/946/852 525/1006/912 573/1007/913 574/1008/914
f 51/565/528 625/1009/915 626/1010/916 75/925/833
f 692/1011/917 707/1012/918 712/993/899 708/1013/919
f 811/1014/920 692/1011/917 708/1013/919 819/1015/921
f 527/852/764 528/76/74 570/1016/922 571/1017/923
f 597/997/903 752/996/902 753/1003/909 596/1002/908
f 43/744/683 45/867/779 576/521/491 575/128/119
f 693/1018/924 622/1019/925 709/956/862 794/955/861
f 880/1020/926 887/1021/927 896/1022/928 894/82/80
f 35/74/72 37/709/655 530/829/745 529/75/73
f 879/1023/929 880/1020/926 894/82/80 891/81/79
f 57/872/784 59/873/785 653/1024/930 652/1025/931
f 804/825/741 809/1026/932 810/1027/933 805/826/742
f 55/626/584 57/872/784 652/1025/931 634/1028/934
f 818/1029/935 824/1030/936 773/1031/937 772/1032/938
f 819/1015/921 708/1013/919 713/985/891 820/1033/939
f 25/629/587 27/486/456 525/1006/912 524/946/852
f 554/742/681 598/1034/940 597/1035/941 555/663/618
f 936/1036/942 729/1037/871 728/943/816 935/942/850
f 17/639/596 602/438/415 603/441/418 19/812/734
f 663/648/605 666/1038/943 592/1039/944 591/649/606
f 649/1040/945 660/647/604 590/650/607 589/1041/946
f 951/1042/947 952/992/898 869/974/880 864/877/789
f 787/1043/948 797/1044/949 798/948/854 788/947/853
f 1011/1045/950 1019/705/653 1021/1046/951 1012/1047/952
f 833/1048/953 862/623/581 738/1049/954 735/1050/955
f 803/1051/956 763/1052/957 674/1053/958 732/1054/959
f 1010/1055/960 1016/702/650 1019/705/653 1011/1045/950
f 622/1019/925 624/1056/961 714/1057/962 709/956/862
f 1453/802/728 427/732/675 426/361/340 1459/735/678
f 1030/1058/963 974/1059/964 934/1060/965 981/1061/966
f 127/685/635 99/824/672 463/195/186 521/194/185
f 957/716/662 958/715/661 961/1062/967 960/1063/968
f 617/1064/969 957/716/662 960/1063/968 618/132/123
f 968/1065/970 932/1066/971 933/1067/972 971/1068/973
f 796/953/859 741/952/858 745/962/868 797/1044/949
f 59/873/785 15/1069/625 558/1070/624 653/1024/930
f 780/1071/974 833/1048/953 735/1050/955 734/1072/975
f 634/1028/934 652/1025/931 655/1073/976 656/1074/977
f 552/1075/978 600/1076/979 599/1077/980 553/741/680
f 754/1004/910 823/1078/981 828/1079/982 755/1080/983
f 866/621/579 871/975/881 870/1081/984 865/622/580
f 778/1082/985 830/1083/986 780/1071/974 777/912/820
f 561/1084/987 508/752/689 615/477/447 679/1085/988
f 690/989/895 617/1064/969 618/132/123 706/131/122
f 684/988/894 616/480/450 617/1064/969 690/989/895
f 952/992/898 956/991/897 872/1086/989 869/974/880
f 711/134/125 619/133/124 620/864/776 717/863/775
f 807/871/783 683/870/782 689/1087/990 808/897/807
f 635/1088/991 560/1089/992 678/869/781 781/868/780
f 808/897/807 689/1087/990 692/1011/917 811/1014/920
f 940/885/796 941/1090/993 951/1042/947 950/954/860
f 47/693/641 49/564/527 578/21/21 577/566/529
f 745/962/868 747/365/344 759/368/347 757/1091/994
f 639/1092/995 786/1093/996 787/1043/948 638/1094/997
f 1121/618/576 1120/88/86 441/731/674 153/359/338
f 79/481/451 442/617/575 443/583/545 81/485/455
f 52/607/567 491/360/339 469/624/582 50/608/568
f 45/867/779 612/967/873 613/694/642 47/693/641
f 699/1095/998 700/1096/999 725/917/825 721/982/888
f 518/641/598 533/903/813 641/1097/1000 611/743/682
f 90/658/613 480/599/561 481/862/774 98/614/574
f 623/911/819 586/914/822 677/1098/1001 710/1099/1002
f 669/1100/1003 675/1101/879 610/1102/878 593/1103/1004
f 813/1104/1005 816/1105/1006 817/1106/1007 814/1107/1008
f 533/921/829 672/924/832 784/1108/1009 641/1109/1010
f 668/1110/1011 674/1111/958 676/1112/1012 673/1113/1013
f 786/1093/996 796/953/859 797/1044/949 787/1043/948
f 830/1083/986 860/904/814 833/1048/953 780/1071/974
f 670/1114/1014 658/883/794 939/886/797 938/1115/1015
f 779/895/805 831/894/804 860/904/814 830/1083/986
f 860/904/814 863/620/578 862/623/581 833/1048/953
f 1/139/130 551/888/799 552/1075/978 3/140/131
f 92/28/28 94/27/27 507/816/470 506/815/737
f 11/665/620 556/664/619 557/669/623 13/668/622
f 693/1018/924 947/900/810 776/901/811 622/1019/925
f 459/887/798 483/1116/1016 601/1117/1017 551/888/799
f 865/622/580 870/1081/984 740/1118/1018 739/1119/1019
f 571/1120/1020 570/998/904 702/1001/907 701/1121/1021
f 569/999/905 568/1122/1022 704/1123/1023 703/1000/906
f 561/1084/987 643/1124/1024 587/758/695 508/752/689
f 525/1006/912 526/853/765 572/1125/1025 573/1007/913
f 714/1057/962 710/1099/1002 716/930/838 737/1126/1026
f 704/1123/1023 705/1127/1027 732/1128/959 731/1129/1028
f 759/368/347 758/367/346 761/938/846 762/1130/1029
f 562/1131/1030 561/1084/987 679/1085/988 680/1132/1031
f 624/1056/961 778/1082/985 777/912/820 623/911/819
f 302/226/216 300/483/453 299/748/685 301/227/217
f 679/1085/988 615/477/447 616/480/450 684/988/894
f 511/517/487 86/159/150 88/162/153 512/212/202
f 483/1133/1032 609/1134/1033 748/1135/1034 601/1136/1035
f 328/568/531 274/777/709 271/319/305 326/318/304
f 950/954/860 951/1042/947 864/877/789 861/876/788
f 262/70/68 338/654/609 329/567/530 261/71/69
f 418/362/341 203/80/78 174/106/99 353/661/616
f 509/223/213 82/222/212 84/516/486 510/487/457
f 59/873/785 608/325/311 544/328/26 15/1069/625
f 1222/1137/1036 1149/1138/1037 930/1139/1038 1221/1140/1039
f 22/475/445 20/180/171 488/637/594 498/476/446
f 221/688/161 220/238/228 302/226/216 316/225/215
f 956/991/897 828/1141/982 724/1142/872 872/1086/989
f 356/236/226 349/672/626 218/659/614 219/237/227
f 595/1005/911 754/1004/910 755/1080/983 594/1143/1040
f 870/1081/984 935/942/850 744/945/851 740/1118/1018
f 349/672/626 348/394/371 217/397/374 218/659/614
f 576/521/491 577/566/529 106/529/499 104/522/492
f 862/623/581 865/622/580 739/1119/1019 738/1049/954
f 1460/575/537 1457/329/313 446/251/241 447/576/538
f 671/922/830 670/1114/1014 938/1115/1015 937/923/831
f 664/960/866 667/959/865 666/1038/943 663/648/605
f 622/1019/925 776/901/811 778/1082/985 624/1056/961
f 1216/467/437 1450/466/436 357/163/154 359/591/553
f 625/1009/915 637/1144/1041 636/1145/1042 626/1010/916
f 551/888/799 601/1117/1017 600/1076/979 552/1075/978
f 941/1090/993 942/882/793 952/992/898 951/1042/947
f 651/919/827 662/957/863 664/960/866 661/1146/1043
f 121/540/509 546/601/563 547/30/30 123/29/29
f 87/383/360 460/382/359 461/346/326 89/598/560
f 131/32/32 548/31/31 487/762/365 93/719/364
f 653/1024/930 558/1070/624 594/1147/877 654/1148/1044
f 20/180/171 18/179/170 489/730/673 488/637/594
f 789/935/843 799/949/855 803/1051/956 790/936/844
f 1113/16/16 58/545/510 497/261/251 1114/293/279
f 647/1149/1045 650/1150/1046 649/1040/945 646/1151/1047
f 55/626/584 606/595/557 607/596/558 57/872/784
f 665/958/864 668/1110/1011 673/1113/1013 667/959/865
f 715/951/857 737/1126/1026 743/961/867 741/952/858
f 611/743/682 641/1097/1000 640/968/874 612/967/873
f 707/1012/918 706/131/122 711/134/125 712/993/899
f 529/75/73 530/829/745 568/1152/1048 569/1153/1049
f 737/1126/1026 716/930/838 742/933/841 743/961/867
f 806/1154/1050 812/1155/1051 770/1156/1052 769/1157/1053
f 743/961/867 742/933/841 746/366/345 747/365/344
f 757/1091/994 759/368/347 762/1130/1029 760/1158/1054
f 83/332/316 452/585/547 453/381/358 85/333/317
f 640/1159/1055 785/1160/1056 786/1093/996 639/1092/995
f 530/829/745 531/828/744 567/1161/1057 568/1152/1048
f 666/1038/943 669/1100/1003 593/1103/1004 592/1039/944
f 721/982/888 725/917/825 648/920/828 645/983/889
f 7/406/383 554/742/681 555/663/618 9/662/617
f 708/1013/919 712/993/899 718/986/892 713/985/891
f 635/1088/991 720/981/887 642/984/890 560/1089/992
f 949/893/803 950/954/860 861/876/788 831/894/804
f 115/24/24 117/23/23 564/429/406 563/428/405
f 646/1151/1047 649/1040/945 589/1041/946 588/759/696
f 111/39/37 536/597/559 545/774/706 119/536/505
f 718/986/892 717/863/775 722/866/778 723/964/870
f 799/949/855 760/1158/1054 763/1052/957 803/1051/956
f 553/741/680 599/1077/980 598/1034/940 554/742/681
f 678/869/781 680/1132/1031 688/987/893 683/870/782
f 3/140/131 552/1075/978 553/741/680 5/392/369
f 98/614/574 481/862/774 482/878/723 100/615/540
f 17/639/596 19/812/734 631/899/809 630/640/597
f 589/1041/946 590/650/607 809/1026/932 804/825/741
f 820/1033/939 713/985/891 719/963/869 823/1078/981
f 905/1162/1058 838/1163/1059 774/1164/1060 827/1165/1061
f 823/1078/981 719/963/869 724/966/872 828/1079/982
f 742/933/841 682/932/840 694/1166/1062 746/366/345
f 758/367/346 695/1167/1063 696/939/847 761/938/846
f 798/948/854 757/1091/994 760/1158/1054 799/949/855
f 459/887/798 524/946/852 574/1008/914 483/1116/1016
f 783/1168/1064 775/941/849 675/973/879 676/1169/1012
f 562/1131/1030 644/1170/1065 643/1124/1024 561/1084/987
f 727/1171/1066 730/1172/1067 665/958/864 662/957/863
f 624/1056/961 623/911/819 710/1099/1002 714/1057/962
f 75/925/833 626/1010/916 627/908/818 77/907/817
f 31/776/708 33/73/71 528/76/74 527/852/764
f 689/1087/990 691/990/896 707/1012/918 692/1011/917
f 726/918/826 727/1171/1066 662/957/863 651/919/827
f 751/995/901 811/1014/920 819/1015/921 752/996/902
f 691/990/896 690/989/895 706/131/122 707/1012/918
f 777/912/820 780/1071/974 734/1072/975 733/913/821
f 661/1146/1043 664/960/866 663/648/605 660/647/604
f 680/1132/1031 679/1085/988 684/988/894 688/987/893
f 723/964/870 722/866/778 728/906/816 729/965/871
f 744/945/851 629/944/815 972/721/664 1026/703/651
f 88/162/153 479/161/152 480/599/561 90/658/613
f 555/663/618 597/1035/941 596/980/886 556/664/619
f 683/870/782 688/987/893 691/990/896 689/1087/990
f 35/74/72 513/213/203 514/613/573 37/709/655
f 48/510/480 468/321/307 464/324/310 46/511/481
f 872/1086/989 724/1142/872 729/1037/871 936/1036/942
f 618/132/123 960/1063/968 963/926/834 619/133/124
f 812/1155/1051 815/1173/1068 771/1174/1069 770/1156/1052
f 733/913/821 734/1072/975 993/1175/1070 990/1176/1071
f 871/975/881 936/1036/942 935/942/850 870/1081/984
f 734/1072/975 735/1050/955 996/1177/1072 993/1175/1070
f 1202/1178/1073 1341/1179/1074 1259/1180/1075 1088/1181/1076
f 77/907/817 39/910/656 515/577/539 581/18/18
f 1087/471/441 1086/1182/1077 1356/859/771 1355/472/442
f 1049/100/96 1138/99/96 1168/1183/504 1050/534/504
f 51/565/528 75/925/833 580/17/17 579/22/22
f 735/1050/955 738/1049/954 999/1184/1078 996/1177/1072
f 1095/1185/1079 1265/1186/1080 1413/1187/1081 1239/1188/1082
f 642/984/890 645/983/889 647/1149/1045 644/1170/1065
f 700/1096/999 701/1121/1021 726/918/826 725/917/825
f 731/1129/1028 732/1128/959 674/1111/958 668/1110/1011
f 814/1107/1008 817/1106/1007 818/1029/935 815/1173/1068
f 710/1099/1002 677/1098/1001 681/931/839 716/930/838
f 592/1039/944 593/1103/1004 821/1189/1083 816/1105/1006
f 528/76/74 529/75/73 569/1153/1049 570/1016/922
f 967/928/836 968/1065/970 971/1068/973 970/1190/1084
f 677/1098/1001 847/809/731 850/811/733 681/931/839
f 971/1068/973 933/1067/972 934/1191/965 974/1192/964
f 1091/757/694 1440/612/572 1441/874/786 1090/1193/1085
f 999/1184/1078 1010/1055/960 1011/1045/950 1008/1194/1086
f 816/1105/1006 821/1189/1083 822/1195/1087 817/1106/1007
f 738/1049/954 739/1119/1019 1010/1055/960 999/1184/1078
f 685/753/690 791/761/698 792/791/717 686/1196/1088
f 943/881/792 755/1197/983 828/1141/982 956/991/897
f 687/1198/1089 793/794/720 767/1199/1090 659/1200/1091
f 632/858/770 633/857/769 657/1201/1092 658/915/823
f 685/753/690 686/1196/1088 945/551/516 944/478/448
f 687/1198/1089 659/1200/1091 881/1202/1093 946/552/517
f 1029/704/652 973/722/665 974/1059/964 1030/1058/963
f 894/82/80 896/1022/928 905/1162/1058 904/83/81
f 764/1203/1094 765/1204/1095 848/810/732 847/809/731
f 896/1022/928 837/1205/1096 838/1163/1059 905/1162/1058
f 995/1206/1097 998/1207/1098 977/1208/1099 976/1209/1100
f 946/552/517 881/1202/1093 882/1210/1101 955/553/518
f 1021/1046/951 1030/1058/963 981/1061/966 980/1211/1102
f 854/437/414 855/436/413 878/1212/1103 877/1213/1104
f 793/794/720 802/793/719 768/1214/1105 767/1199/1090
f 815/1173/1068 818/1029/935 772/1032/938 771/1174/1069
f 965/1215/1106 885/1216/1107 932/1066/971 968/1065/970
f 955/553/518 882/1210/1101 883/977/883 959/976/882
f 1019/705/653 1029/704/652 1030/1058/963 1021/1046/951
f 848/810/732 849/1217/1108 852/435/412 851/434/411
f 696/939/847 891/81/79 901/84/82 697/940/848
f 809/1026/932 813/1104/1005 814/1107/1008 810/1027/933
f 997/1218/1109 1008/1194/1086 1009/1219/1110 998/1207/1098
f 764/1203/1094 990/1176/1071 991/1220/1111 765/1204/1095
f 962/979/885 884/978/884 885/1216/1107 965/1215/1106
f 762/1130/1029 761/938/846 775/941/849 783/1168/1064
f 681/931/839 850/811/733 853/1221/1112 682/932/840
f 1243/788/714 1088/1181/1076 1259/1180/1075 1426/789/715
f 740/1118/1018 744/945/851 1026/703/651 1016/702/650
f 960/1063/968 961/1062/967 964/927/835 963/926/834
f 961/1062/967 962/979/885 965/1215/1106 964/927/835
f 645/983/889 648/920/828 650/1150/1046 647/1149/1045
f 763/1052/957 783/1168/1064 676/1169/1012 674/1053/958
f 590/650/607 591/649/606 813/1104/1005 809/1026/932
f 966/929/837 967/928/836 970/1190/1084 969/1222/1113
f 964/927/835 965/1215/1106 968/1065/970 967/928/836
f 620/864/776 966/929/837 969/1222/1113 621/865/777
f 644/1170/1065 647/1149/1045 646/1151/1047 643/1124/1024
f 673/1113/1013 676/1112/1012 675/1101/879 669/1100/1003
f 697/940/848 901/84/82 825/751/688 610/972/878
f 993/1175/1070 996/1177/1072 997/1218/1109 994/1223/1114
f 991/1220/1111 994/1223/1114 995/1206/1097 992/1224/1115
f 1127/1225/1116 1125/1226/1117 1155/1227/1118 1156/1228/1116
f 648/920/828 651/919/827 661/1146/1043 650/1150/1046
f 701/1121/1021 702/1001/907 727/1171/1066 726/918/826
f 650/1150/1046 661/1146/1043 660/647/604 649/1040/945
f 1074/780/711 205/1229/1119 1022/1230/1120 1023/781/712
f 877/1213/1104 878/1212/1103 887/1021/927 880/1020/926
f 1245/1231/1121 1244/787/713 1427/790/716 1416/1232/1122
f 27/486/456 29/488/458 526/853/765 525/1006/912
f 43/744/683 611/743/682 612/967/873 45/867/779
f 730/1172/1067 731/1129/1028 668/1110/1011 665/958/864
f 1169/526/496 1132/1233/1123 1042/1234/1123 1058/527/497
f 1151/1235/1124 1120/88/86 1121/618/576 1215/1236/1125
f 925/114/105 921/354/334 1127/891/334 1153/1237/105
f 105/490/460 114/229/219 516/232/222 494/509/479
f 667/959/865 673/1113/1013 669/1100/1003 666/1038/943
f 526/853/765 527/852/764 571/1017/923 572/1125/1025
f 1206/1238/1126 1332/1239/1127 1330/1240/1128 1205/1241/1129
f 990/1176/1071 993/1175/1070 994/1223/1114 991/1220/1111
f 970/1190/1084 971/1068/973 974/1192/964 973/1242/665
f 638/1094/997 787/1043/948 788/947/853 637/1243/1130
f 709/956/862 714/1057/962 737/1126/1026 715/951/857
f 1008/1194/1086 1011/1045/950 1012/1047/952 1009/1219/1110
f 627/908/818 628/1244/1131 567/1245/1057 531/909/744
f 46/511/481 464/324/310 465/677/629 44/645/602
f 1118/197/188 1119/462/433 467/358/337 76/767/701
f 994/1223/1114 997/1218/1109 998/1207/1098 995/1206/1097
f 1247/1246/1132 1335/1247/1133 1336/1248/1134 1242/1249/1135
f 1046/817/738 1044/820/740 1024/1250/1136 1027/1251/738
f 1203/1252/1137 1342/1253/1138 1341/1179/1074 1202/1178/1073
f 1136/1254/1116 1171/1255/1116 1170/1256/1139 1134/1257/1140
f 1084/1258/1141 873/1259/1142 1276/1260/1143 1354/453/428
f 643/1124/1024 646/1151/1047 588/759/696 587/758/695
f 483/1133/1032 574/1261/1144 698/1262/1145 609/1134/1033
f 797/1044/949 745/962/868 757/1091/994 798/948/854
f 1204/1263/1146 1331/1264/1147 1342/1253/1138 1203/1252/1137
f 1095/1265/1079 1239/1266/1082 1328/1267/1148 1248/1268/1149
f 1145/1269/1150 1177/1270/1151 1116/851/763 1115/49/47
f 573/1271/1152 572/1272/1153 700/1096/999 699/1095/998
f 1050/534/504 1168/1183/504 1136/818/738 1046/817/738
f 560/1089/992 642/984/890 644/1170/1065 562/1131/1030
f 657/884/795 656/1273/1154 941/1090/993 940/885/796
f 750/898/808 808/897/807 811/1014/920 751/995/901
f 776/901/811 779/895/805 830/1083/986 778/1082/985
f 810/1027/933 814/1107/1008 815/1173/1068 812/1155/1051
f 850/811/733 851/434/411 854/437/414 853/1221/1112
f 1073/1274/1155 1439/4/4 1276/1275/1143 873/1276/1142
f 600/1277/1156 749/896/806 750/898/808 599/1278/1157
f 904/83/81 905/1162/1058 827/1165/1061 826/750/687
f 802/793/719 806/1154/1050 769/1157/1053 768/1214/1105
f 560/1089/992 562/1131/1030 680/1132/1031 678/869/781
f 53/625/583 55/626/584 634/1028/934 633/857/769
f 601/1136/1035 748/1135/1034 749/896/806 600/1277/1156
f 996/1177/1072 999/1184/1078 1008/1194/1086 997/1218/1109
f 621/865/777 969/1222/1113 972/1279/664 629/905/815
f 586/914/822 733/913/821 990/1176/1071 764/1203/1094
f 641/1109/1010 784/1108/1009 785/1160/1056 640/1159/1055
f 746/366/345 694/1166/1062 695/1167/1063 758/367/346
f 568/1122/1022 567/1280/1158 705/1127/1027 704/1123/1023
f 824/1030/936 827/1281/1061 774/1282/1060 773/1031/937
f 1432/451/426 1262/450/425 782/1283/1159 857/1284/1160
f 856/1285/1161 877/1213/1104 880/1020/926 879/1023/929
f 938/1115/1015 939/886/797 949/893/803 948/892/802
f 694/1166/1062 856/1285/1161 879/1023/929 695/1167/1063
f 1012/1047/952 1021/1046/951 980/1211/1102 979/1286/1162
f 790/936/844 803/1051/956 732/1054/959 705/1287/1027
f 654/880/791 594/1288/1040 755/1197/983 943/881/792
f 613/694/642 639/969/875 638/1289/1163 614/695/643
f 748/1135/1034 781/868/780 807/871/783 749/896/806
f 1129/1290/1116 1153/1291/1116 1158/1292/1116 1157/1293/1116
f 609/1134/1033 635/1088/991 781/868/780 748/1135/1034
f 1065/822/197 914/821/197 900/207/197 1063/206/197
f 1009/1219/1110 1012/1047/952 979/1286/1162 978/1294/1164
f 1255/1295/1165 1334/1296/1166 1335/1247/1133 1247/1246/1132
f 992/1224/1115 995/1206/1097 976/1209/1100 975/1297/1167
f 852/435/412 832/1298/1168 834/1299/1169 855/436/413
f 255/1300/97 254/1301/97 844/1302/97 845/1303/97
f 752/996/902 819/1015/921 820/1033/939 753/1003/909
f 672/924/832 937/923/831 947/900/810 693/1018/924
f 1085/1304/1170 1084/1258/1141 1354/453/428 1352/452/427
f 753/1003/909 820/1033/939 823/1078/981 754/1004/910
f 656/1273/1154 655/879/790 942/882/793 941/1090/993
f 925/114/105 915/113/105 902/355/334 921/354/334
f 924/111/104 925/114/105 1153/1237/105 1129/376/104
f 766/1305/1171 992/1224/1115 975/1297/1167 736/1306/1172
f 1044/820/740 344/1307/1173 346/1308/1174 1024/1250/1136
f 682/932/840 853/1221/1112 856/1285/1161 694/1166/1062
f 998/1207/1098 1009/1219/1110 978/1294/1164 977/1208/1099
f 1242/1249/1135 1336/1248/1134 1333/1309/1175 1241/1310/1176
f 817/1106/1007 822/1195/1087 824/1030/936 818/1029/935
f 599/1278/1157 750/898/808 751/995/901 598/994/900
f 768/1311/1177 769/1312/1177 1412/1313/1177 1405/1314/1177
f 739/1119/1019 740/1118/1018 1016/702/650 1010/1055/960
f 1213/1315/1177 1398/1316/1177 1397/1317/1177 1212/1318/1177
f 958/715/661 959/976/882 962/979/885 961/1062/967
f 769/1312/1177 770/1319/1177 771/1320/1177 1412/1313/1177
f 686/1196/1088 687/1198/1089 946/552/517 945/551/516
f 1140/1321/1116 1174/1322/1116 1172/1323/1116 1138/1324/1116
f 969/1222/1113 970/1190/1084 973/1242/665 972/1279/664
f 846/689/637 845/1325/1178 1430/1326/1179 1431/690/638
f 619/133/124 963/926/834 966/929/837 620/864/776
f 1168/1327/1116 1173/1328/1116 1171/1255/1116 1136/1254/1116
f 652/1025/931 653/1024/930 654/1148/1044 655/1073/976
f 616/480/450 953/479/449 957/716/662 617/1064/969
f 840/1329/1180 839/448/423 1432/451/426 1433/854/766
f 869/974/880 872/1086/989 936/1036/942 871/975/881
f 984/589/551 1349/588/550 1348/1330/1181 983/1331/1182
f 1105/848/760 1104/1332/1183 1351/1333/1184 1353/849/761
f 633/857/769 634/1028/934 656/1074/977 657/1201/1092
f 1186/1334/1185 1185/1335/1186 1176/1336/1187 1144/1337/1188
f 937/923/831 938/1115/1015 948/892/802 947/900/810
f 1397/1317/1177 1404/1338/1177 1403/1339/1177 1396/1340/1177
f 954/554/519 955/553/518 959/976/882 958/715/661
f 1023/1341/1189 1022/1342/1123 1042/1234/1123 1043/1343/1189
f 1209/1344/1177 1394/1345/1177 1393/1346/1177 1208/1347/1177
f 801/792/718 805/826/742 806/1154/1050 802/793/719
f 1038/1348/1190 1017/171/162 1018/414/391 1081/1349/1191
f 1409/1350/1177 774/1351/1177 838/1352/1177 1408/1353/1177
f 898/1354/1192 918/1355/1192 917/1356/1193 897/1357/1193
f 1400/1358/1177 1407/1359/1177 1406/1360/1177 1399/1361/1177
f 1090/1193/1085 1441/874/786 1437/1/1 1089/1362/1194
f 1208/1347/1177 1393/1346/1177 1392/1363/1177 1207/1364/1177
f 913/1365/1195 1070/1366/1196 893/494/464 892/495/465
f 1154/1367/1197 1061/1368/1198 917/1356/1193 1122/1369/1193
f 1246/90/88 1245/1231/1121 1416/1232/1122 1415/91/89
f 822/1195/1087 826/1370/687 827/1281/1061 824/1030/936
f 899/1371/1199 1062/93/91 194/96/94 322/1372/1200
f 1094/692/640 1438/691/639 1436/1373/1201 1093/1374/1202
f 1217/1375/1203 1221/1140/1039 930/1139/1038 911/1376/1037
f 1266/1377/1204 1268/1378/1205 1422/1379/1206 1414/1380/1207
f 49/564/527 614/695/643 625/1009/915 51/565/528
f 841/836/752 840/1329/1180 1433/854/766 1434/837/753
f 270/1381/97 1091/1382/97 1090/542/97 268/541/97
f 931/1383/1208 912/1384/1209 910/1385/1210 929/1386/1210
f 593/1103/1004 610/1102/878 825/1387/688 821/1189/1083
f 855/436/413 834/1299/1169 835/1388/1211 878/1212/1103
f 1147/1389/1212 1130/707/564 926/603/564 928/1390/1212
f 266/544/97 1089/543/97 1073/457/97 265/456/97
f 765/1204/1095 766/1305/1171 849/1217/1108 848/810/732
f 785/1160/1056 795/950/856 796/953/859 786/1093/996
f 572/1272/1153 571/1120/1020 701/1121/1021 700/1096/999
f 275/740/97 1094/739/97 1093/784/97 274/783/97
f 1215/1236/1125 1121/618/576 1119/462/433 466/461/432
f 698/1262/1145 699/1095/998 721/982/888 720/981/887
f 695/1167/1063 879/1023/929 891/81/79 696/939/847
f 1158/1292/1116 1156/1228/1116 1126/1391/1116 1152/1392/1116
f 1275/799/725 1264/442/419 1420/445/422 1419/800/726
f 591/649/606 592/1039/944 816/1105/1006 813/1104/1005
f 1429/1393/1213 1435/838/754 867/1394/1214 868/1395/1215
f 1149/1138/1037 1147/1389/1212 928/1390/1212 930/1139/1038
f 702/1001/907 703/1000/906 730/1172/1067 727/1171/1066
f 626/1010/916 636/1145/1042 628/1244/1131 627/908/818
f 903/605/565 922/604/565 923/683/632 914/1396/632
f 271/786/97 1092/785/97 1091/1382/97 270/1381/97
f 1089/1362/1194 1437/1/1 1439/4/4 1073/1274/1155
f 760/1158/1054 762/1130/1029 783/1168/1064 763/1052/957
f 1431/690/638 876/1397/1216 1102/1398/1217 1438/691/639
f 1218/1399/1218 1220/1400/1219 912/1384/1209 931/1383/1208
f 415/1401/1220 38/1402/1221 889/348/328 890/778/710
f 929/1386/1210 910/1385/1210 908/763/354 927/375/354
f 914/1396/632 923/683/632 920/682/633 900/1403/633
f 895/1404/1222 402/85/83 1120/88/86 1151/1235/1124
f 1069/1405/1223 911/1406/1224 909/1407/197 1068/1408/197
f 609/1134/1033 698/1262/1145 720/981/887 635/1088/991
f 805/826/742 810/1027/933 812/1155/1051 806/1154/1050
f 1156/1228/1116 1155/1227/1118 1123/1409/1225 1126/1391/1116
f 919/357/336 321/1410/1226 361/1411/1227 1125/890/801
f 1224/1412/1228 1150/1413/1229 1214/1414/1230 1223/1415/1231
f 853/1221/1112 854/437/414 877/1213/1104 856/1285/1161
f 931/1383/1208 929/1386/1210 1148/1416/1210 1150/1417/1209
f 887/1021/927 836/1418/1232 837/1205/1096 896/1022/928
f 766/1305/1171 736/1306/1172 829/1419/1233 849/1217/1108
f 929/1386/1210 927/375/354 1131/377/354 1148/1416/1210
f 1068/1408/197 909/1407/197 907/343/197 1067/342/197
f 1126/681/633 1123/1420/1192 918/1355/1192 920/682/633
f 672/924/832 693/1018/924 794/955/861 784/1108/1009
f 1219/1421/1234 1217/1422/1235 911/1406/1224 1069/1405/1223
f 849/1217/1108 829/1419/1233 832/1298/1168 852/435/412
f 1218/1399/1218 931/1383/1208 1150/1417/1209 1224/1423/1236
f 1214/1414/1230 1160/1424/1116 1147/1425/1116 1149/1426/1237
f 628/937/845 790/936/844 705/1287/1027 567/1427/1158
f 1428/1428/1238 1429/1393/1213 868/1395/1215 874/1429/1239
f 586/914/822 764/1203/1094 847/809/731 677/1098/1001
f 878/1212/1103 835/1388/1211 836/1418/1232 887/1021/927
f 256/737/97 255/1300/97 845/1303/97 846/738/97
f 686/1196/1088 792/791/717 793/794/720 687/1198/1089
f 248/1430/97 245/1431/97 839/1432/97 840/1433/97
f 1148/1434/1116 1131/1435/1116 1159/1436/1116 1160/1424/1116
f 1438/691/639 1102/1398/1217 1101/1437/1240 1436/1373/1201
f 588/759/696 589/1041/946 804/825/741 800/760/697
f 1125/1226/1117 361/1438/1241 236/1439/1242 1155/1227/1118
f 1153/1291/1116 1127/1225/1116 1156/1228/1116 1158/1292/1116
f 1439/4/4 1096/3/3 886/1440/1243 1276/1275/1143
f 821/1189/1083 825/1387/688 826/1370/687 822/1195/1087
f 895/1441/1222 913/1365/1195 892/495/465 402/717/83
f 1131/1435/1116 1129/1290/1116 1157/1293/1116 1159/1436/1116
f 1223/1415/1231 1214/1414/1230 1149/1426/1237 1222/1442/1244
f 1263/443/420 1261/401/378 1418/402/379 1421/444/421
f 250/1443/97 248/1430/97 840/1433/97 841/1444/97
f 919/357/336 899/356/335 322/1445/1245 321/1410/1226
f 912/1446/1246 1069/1405/1223 1068/1408/197 910/1447/197
f 574/1261/1144 573/1271/1152 699/1095/998 698/1262/1145
f 614/695/643 638/1289/1163 637/1144/1041 625/1009/915
f 784/1108/1009 794/955/861 795/950/856 785/1160/1056
f 1150/1413/1229 1148/1434/1116 1160/1424/1116 1214/1414/1230
f 637/1243/1130 788/947/853 789/935/843 636/934/842
f 245/1431/97 211/1448/97 756/1449/97 839/1432/97
f 254/1301/97 253/804/97 843/807/97 844/1302/97
f 703/1000/906 704/1123/1023 731/1129/1028 730/1172/1067
f 1436/1373/1201 1101/1437/1240 1100/610/570 1442/609/569
f 1128/708/565 1152/680/632 923/683/632 922/604/565
f 38/1402/1221 40/1450/646 888/673/187 889/348/328
f 1435/838/754 1434/837/753 859/856/768 867/1394/1214
f 916/1451/1247 897/1357/1193 917/1356/1193 1061/1368/1198
f 1433/854/766 1432/451/426 857/1284/1160 858/855/767
f 911/1376/1037 930/1139/1038 928/1390/1212 909/1452/1212
f 172/1453/1248 173/528/498 1058/527/497 1041/1454/1249
f 1347/1455/1250 1000/1456/1251 782/1283/1159 1262/450/425
f 1138/1324/1116 1172/1323/1116 1173/1328/1116 1168/1327/1116
f 1077/556/197 1075/779/197 1025/782/197 1039/557/197
f 1050/534/504 1046/817/738 1027/1251/738 1040/535/504
f 267/1457/97 988/1458/97 987/1459/97 264/1460/97
f 281/1461/97 234/459/97 873/458/97 1084/1462/97
f 1032/1463/1252 1028/1464/1253 1047/1465/1253 1051/1466/1252
f 1139/1467/1252 1051/1466/1252 1047/1465/1253 1137/1468/1253
f 296/1469/97 294/1470/97 1103/1471/97 1104/1472/97
f 1349/588/550 1002/1473/1254 1001/1474/1255 1348/1330/1181
f 206/1475/1256 1454/1476/1256 429/1477/1257 1169/1478/1258
f 269/1479/97 297/1480/97 1105/1481/97 989/1482/97
f 288/1483/97 284/1484/97 1085/1485/97 1086/1486/97
f 1033/1487/197 1031/1488/197 1076/280/197 1078/279/197
f 1171/1255/1116 1135/1489/1116 1133/1490/1259 1170/1256/1139
f 247/1491/97 983/1492/97 982/1493/97 246/1494/97
f 1354/453/428 1276/1260/1143 886/1495/1243 1106/454/429
f 1177/1270/1151 496/292/278 1114/293/279 1116/851/763
f 1028/1464/1253 1039/1496/33 1048/34/33 1047/1465/1253
f 1343/1497/1260 1005/1498/1261 1004/1499/1262 1344/1500/1263
f 1054/1501/1264 1142/1502/1264 1140/98/95 1052/97/95
f 1024/1503/1265 346/1504/1266 205/1229/1119 1074/780/711
f 1056/1505/1267 1144/1506/1268 1142/1502/1264 1054/1501/1264
f 1037/1507/1269 1035/1508/197 1079/1509/197 1080/1510/1270
f 1044/820/740 1134/819/739 382/1511/1271 344/1307/1173
f 1173/1328/1116 1146/1512/1116 1135/1489/1116 1171/1255/1116
f 1134/1257/1140 1170/1256/1139 233/1513/1272 382/1514/1273
f 1141/1515/1274 1053/1516/1274 1051/1466/1252 1139/1467/1252
f 765/1204/1095 991/1220/1111 992/1224/1115 766/1305/1171
f 284/1484/97 281/1461/97 1084/1462/97 1085/1485/97
f 1144/1337/1188 1176/1336/1187 1175/1517/1116 1142/1518/1116
f 1181/1519/1275 1080/1510/1270 1036/1520/1276 1179/1521/1277
f 1020/1522/1278 423/768/659 1017/171/162 1038/1348/1190
f 290/1523/97 288/1483/97 1086/1486/97 1087/1524/97
f 1180/1525/1279 1186/1526/1280 1144/1506/1268 1056/1505/1267
f 269/1479/97 989/1482/97 988/1458/97 267/1457/97
f 1353/849/761 1351/1333/1184 1111/1527/1281 1112/1528/1282
f 1080/1510/1270 1079/1509/197 1034/1529/197 1036/1520/1276
f 1135/36/34 1045/35/34 1043/1343/1189 1133/1530/1189
f 1179/1531/1283 1036/1532/758 1055/841/757 1183/840/756
f 259/1533/97 984/1534/97 983/1492/97 247/1491/97
f 1020/1535/1278 1145/1269/1150 1115/49/47 423/713/659
f 246/1494/97 982/1493/97 756/1449/97 211/1448/97
f 1143/842/758 1055/841/757 1053/1516/1274 1141/1515/1274
f 1176/1336/1187 1143/1536/1284 1141/1537/1116 1175/1517/1116
f 294/1470/97 290/1523/97 1087/1524/97 1103/1471/97
f 1056/1505/1267 1054/1501/1264 1035/1538/1264 1037/1539/1268
f 264/1460/97 987/1459/97 986/102/97 263/101/97
f 297/1480/97 296/1469/97 1104/1472/97 1105/1481/97
f 1039/1496/33 1025/1540/34 1045/35/34 1048/34/33
f 1350/587/549 1003/1541/1285 1002/1473/1254 1349/588/550
f 1054/1501/1264 1052/97/95 1033/447/95 1035/1538/1264
f 1137/1468/1253 1047/1465/1253 1048/34/33 1146/33/33
f 1041/1454/1249 1058/527/497 1042/1234/1123 1022/1342/1123
f 432/1542/1286 1015/497/467 1014/271/261 14/1543/1287
f 1142/1518/1116 1175/1517/1116 1174/1322/1116 1140/1321/1116
f 14/1543/1287 1014/271/261 1013/823/15 16/1544/14
f 1079/1509/197 1078/279/197 1032/282/197 1034/1529/197
f 1344/1500/1263 1004/1499/1262 1003/1541/1285 1350/587/549
f 202/1545/1288 168/1546/1289 1061/1368/1198 1154/1367/1197
f 1351/1333/1184 1357/473/443 1110/832/748 1111/1527/1281
f 1185/1335/1186 1184/1547/1290 1143/1536/1284 1176/1336/1187
f 1348/1330/1181 1001/1474/1255 1000/1456/1251 1347/1455/1250
f 1036/1532/758 1034/1548/1274 1053/1516/1274 1055/841/757
f 1346/850/762 1353/849/761 1112/1528/1282 1007/1549/1291
f 1180/1525/1279 1056/1505/1267 1037/1539/1268 1182/1550/1292
f 260/104/97 985/103/97 984/1534/97 259/1533/97
f 1355/472/442 1356/859/771 1108/860/772 1109/831/747
f 1081/1349/1191 1018/414/391 1015/497/467 432/1542/1286
f 1133/1530/1189 1043/1343/1189 1042/1234/1123 1132/1233/1123
f 1346/850/762 1007/1549/1291 1006/1551/1293 1345/1552/1294
f 1034/1548/1274 1032/1463/1252 1051/1466/1252 1053/1516/1274
f 1025/1540/34 1023/1341/1189 1043/1343/1189 1045/35/34
f 1345/1552/1294 1006/1551/1293 1005/1498/1261 1343/1497/1260
f 1031/1488/197 1040/1553/197 1077/556/197 1076/280/197
f 1182/1554/1295 1037/1507/1269 1080/1510/1270 1181/1519/1275
f 1035/1508/197 1033/1487/197 1078/279/197 1079/1509/197
f 1040/1553/197 1027/1555/197 1075/779/197 1077/556/197
f 1172/1323/1116 1137/1556/1116 1146/1512/1116 1173/1328/1116
f 1027/1555/197 1024/1503/1265 1074/780/711 1075/779/197
f 1174/1322/1116 1139/1557/1116 1137/1556/1116 1172/1323/1116
f 1170/1256/1139 1133/1490/1259 1132/1558/1296 233/1513/1272
f 1145/1559/1297 1020/1560/1298 1183/840/756 1184/839/755
f 252/805/97 250/1443/97 841/1444/97 842/806/97
f 60/13/13 496/292/278 1057/1561/1299 16/14/14
f 496/1562/1300 1177/1563/1301 1185/1335/1186 1186/1334/1185
f 1440/612/572 1099/611/571 1098/875/787 1441/874/786
f 161/1564/700 1445/256/246 1178/646/603 160/1565/542
f 1057/1566/1299 1180/1525/1279 1182/1550/1292 432/1567/1286
f 915/1568/197 1065/822/197 1063/206/197 902/1569/197
f 205/1229/1119 381/1570/1302 1041/1571/1303 1022/1230/1120
f 1157/1293/1116 1158/1292/1116 1152/1392/1116 1128/1572/1116
f 902/1569/197 1063/206/197 1062/93/91 899/1371/1199
f 1070/1366/1196 415/1401/1220 890/778/710 893/494/464
f 172/1573/1304 1041/1571/1303 381/1570/1302 1072/1574/1304
f 1175/1517/1116 1141/1537/1116 1139/1557/1116 1174/1322/1116
f 1081/1575/1305 1181/1519/1275 1179/1521/1277 1038/1576/1306
f 1123/1420/1192 1122/1369/1193 917/1356/1193 918/1355/1192
f 1220/1577/1307 1219/1421/1234 1069/1405/1223 912/1446/1246
f 1431/690/638 1430/1326/1179 875/1578/1308 876/1397/1216
f 432/1579/1309 1182/1554/1295 1181/1519/1275 1081/1575/1305
f 14/1543/1287 16/1544/14 1057/1580/1299 432/1542/1286
f 909/1452/1212 928/1390/1212 926/603/564 907/602/564
f 1159/1436/1116 1157/1293/1116 1128/1572/1116 1130/1581/1116
f 1038/1582/1310 1179/1531/1283 1183/840/756 1020/1560/1298
f 900/1403/633 920/682/633 918/1355/1192 898/1354/1192
f 906/844/197 1064/345/197 1065/822/197 915/1568/197
f 163/1583/684 155/1584/325 1083/570/533 1071/370/349
f 1430/1326/1179 1428/1428/1238 874/1429/1239 875/1578/1308
f 1177/1563/1301 1145/1585/1311 1184/1547/1290 1185/1335/1186
f 1155/1227/1118 236/1439/1242 1122/1586/1312 1123/1409/1225
f 233/1513/1272 1132/1558/1296 1169/1478/1258 429/1477/1257
f 1057/1566/1299 496/1587/278 1186/1526/1280 1180/1525/1279
f 910/1447/197 1068/1408/197 1067/342/197 908/843/197
f 1151/1588/1313 1222/1137/1036 1221/1140/1039 895/1589/1314
f 1000/1456/1315 1187/1590/1315 1059/1591/1116 782/1283/1116
f 1060/1592/1316 1218/1399/1218 1224/1423/1236 466/1593/432
f 78/463/434 40/698/646 1060/1594/1316 466/461/432
f 1004/1499/1317 1191/1595/1317 1190/1596/1318 1003/1541/1318
f 913/1597/1319 895/1589/1314 1221/1140/1039 1217/1375/1203
f 466/1598/1320 1224/1412/1228 1223/1415/1231 1215/1599/1321
f 415/1600/1322 1070/1601/1323 1219/1421/1234 1220/1577/1307
f 170/1602/476 1449/834/750 1451/254/244 169/1603/691
f 1070/1601/1323 913/1604/1324 1217/1422/1235 1219/1421/1234
f 1060/1592/1316 415/1605/1220 1220/1400/1219 1218/1399/1218
f 1110/832/1325 1199/1606/1325 1200/1607/1326 1111/1527/1326
f 194/96/94 897/95/93 916/1608/1327 360/1609/1328
f 236/1439/1242 412/573/536 1154/572/535 1122/1586/1312
f 167/1610/1329 1446/1611/1329 360/1609/1328 916/1608/1327
f 1112/1528/1330 1201/1612/1330 1194/1613/1331 1007/1549/1331
f 1160/1424/1116 1159/1436/1116 1130/1581/1116 1147/1425/1116
f 1007/1549/1331 1194/1613/1331 1193/1614/1332 1006/1551/1332
f 1106/454/1333 1195/1615/1333 1196/1616/1334 1107/455/1334
f 886/1495/197 1066/1617/197 1195/1615/1333 1106/454/1333
f 38/1402/1221 415/1401/1220 1060/1618/1316 40/1450/646
f 1107/455/1334 1196/1616/1334 1197/1619/1335 1108/860/1335
f 1215/1599/1321 1223/1415/1231 1222/1442/1244 1151/1620/1336
f 1109/831/1337 1198/1621/1337 1199/1606/1325 1110/832/1325
f 1006/1551/1332 1193/1614/1332 1192/1622/1338 1005/1498/1338
f 171/1623/164 1448/385/362 1449/834/750 170/1602/476
f 1108/860/1335 1197/1619/1335 1198/1621/1337 1109/831/1337
f 1005/1498/1338 1192/1622/1338 1191/1595/1317 1004/1499/1317
f 1002/1473/1339 1189/1624/1339 1188/1625/1340 1001/1474/1340
f 1001/1474/1340 1188/1625/1340 1187/1590/1315 1000/1456/1315
f 1111/1527/1326 1200/1607/1326 1201/1612/1330 1112/1528/1330
f 1003/1541/1318 1190/1596/1318 1189/1624/1339 1002/1473/1339
f 1363/1626/97 1374/1627/97 1375/1628/97 1370/1629/97
f 1372/1630/97 1379/1631/97 1380/1632/97 1373/1633/97
f 1359/1634/97 1358/1635/97 1371/1636/97 1360/1637/97
f 1388/1638/97 1164/1639/97 1165/1640/97 1389/1641/97
f 1307/1642/1177 975/1643/1177 976/1644/1177 1314/1645/1177
f 1279/1646/97 1277/1647/97 1385/1648/97 1378/1649/97
f 1370/1629/97 1375/1628/97 1376/1650/97 1369/1651/97
f 1277/1647/97 1117/1652/97 1161/1653/97 1385/1648/97
f 1321/1654/1177 977/1655/1177 978/1656/1177 979/1657/1177
f 1386/1658/97 1162/1659/97 1163/1660/97 1387/1661/97
f 1308/1662/1177 1307/1642/1177 1314/1645/1177 1315/1663/1177
f 1322/1664/1177 1321/1654/1177 979/1657/1177 980/1665/1177
f 1316/1666/1177 1315/1663/1177 1322/1664/1177 1323/1667/1177
f 1362/1668/97 1373/1633/97 1374/1627/97 1363/1626/97
f 1210/1669/1177 1209/1344/1177 1309/1670/1177 1310/1671/1177
f 1371/1636/97 1378/1649/97 1379/1631/97 1372/1630/97
f 1211/1672/1177 1210/1669/1177 1310/1671/1177 1311/1673/1177
f 1323/1667/1177 1322/1664/1177 980/1665/1177 981/1674/1177
f 1390/1675/97 1166/1676/97 1167/1677/97 1391/1678/97
f 1318/1679/1177 1317/1680/1177 1324/1681/1177 1325/1682/1177
f 1319/1683/1177 1318/1679/1177 1325/1682/1177 1326/1684/1177
f 1320/1685/1177 1319/1683/1177 1326/1684/1177 1327/1686/1177
f 659/1687/1177 1213/1315/1177 1313/1688/1177 881/1689/1177
f 1310/1671/1177 1309/1670/1177 1316/1666/1177 1317/1680/1177
f 1327/1686/1177 1326/1684/1177 932/1690/1177 885/1691/1177
f 1384/1692/97 1391/1678/97 1364/1693/97 1365/1694/97
f 881/1689/1177 1313/1688/1177 1320/1685/1177 882/1695/1177
f 1373/1633/97 1380/1632/97 1381/1696/97 1374/1627/97
f 1385/1648/97 1161/1653/97 1162/1659/97 1386/1658/97
f 1326/1684/1177 1325/1682/1177 933/1697/1177 932/1690/1177
f 1383/1698/97 1390/1675/97 1391/1678/97 1384/1692/97
f 1387/1661/97 1163/1660/97 1164/1639/97 1388/1638/97
f 857/1284/1341 782/1283/1116 1059/1591/1116 1225/1699/1341
f 1099/611/1342 1100/610/1343 1237/1700/1343 1236/1701/1342
f 1392/1363/1177 1399/1361/1177 832/1702/1177 829/1703/1177
f 1406/1360/1177 836/1704/1177 835/1705/1177 834/1706/1177
f 1187/1707/1344 1202/1178/1073 1088/1181/1076 1059/1708/1345
f 1191/1709/1346 1206/1238/1126 1205/1241/1129 1190/1710/1347
f 1328/1267/1148 1278/1711/1348 1280/1712/1349 1329/1713/1350
f 1330/1240/1128 1260/1714/1351 1258/1715/1352 1331/1264/1147
f 868/1395/1353 867/1394/1354 1228/1716/1354 1229/1717/1353
f 875/1578/1355 874/1429/1356 1230/1718/1356 1231/1719/1355
f 1393/1346/1177 1400/1358/1177 1399/1361/1177 1392/1363/1177
f 1407/1359/1177 837/1720/1177 836/1704/1177 1406/1360/1177
f 1200/1721/1357 1254/1722/1358 1255/1295/1165 1201/1723/1359
f 1192/1724/1360 1241/1310/1176 1206/1238/1126 1191/1709/1346
f 1239/1266/1082 1124/1725/1361 1278/1711/1348 1328/1267/1148
f 1332/1239/1127 1267/1726/1362 1260/1714/1351 1330/1240/1128
f 1100/610/1343 1101/1437/1363 1238/1727/1363 1237/1700/1343
f 1098/875/1364 1099/611/1342 1236/1701/1342 1235/1728/1364
f 1401/1729/1177 1408/1353/1177 1407/1359/1177 1400/1358/1177
f 1210/1669/1177 1395/1730/1177 1394/1345/1177 1209/1344/1177
f 1188/1731/1365 1203/1252/1137 1202/1178/1073 1187/1707/1344
f 1201/1723/1359 1255/1295/1165 1247/1246/1132 1194/1732/1366
f 1333/1309/1175 1270/1733/1367 1267/1726/1362 1332/1239/1127
f 1334/1296/1166 1285/1734/1368 1273/1735/1369 1335/1247/1133
f 1102/1398/1370 876/1397/1371 1232/1736/1371 1240/1737/1370
f 874/1429/1356 868/1395/1353 1229/1717/1353 1230/1718/1356
f 1211/1672/1177 1396/1340/1177 1395/1730/1177 1210/1669/1177
f 1408/1353/1177 838/1352/1177 837/1720/1177 1407/1359/1177
f 1197/1738/1372 1250/1739/1373 1251/1740/1374 1198/1741/1375
f 1193/1742/1376 1242/1249/1135 1241/1310/1176 1192/1724/1360
f 1336/1248/1134 1271/1743/1377 1270/1733/1367 1333/1309/1175
f 1335/1247/1133 1273/1735/1369 1271/1743/1377 1336/1248/1134
f 876/1397/1371 875/1578/1355 1231/1719/1355 1232/1736/1371
f 859/856/1378 858/855/1379 1226/1744/1379 1227/1745/1378
f 1403/1339/1177 1410/1746/1177 1409/1350/1177 1402/1747/1177
f 1404/1338/1177 1411/1748/1177 1410/1746/1177 1403/1339/1177
f 1189/1749/1380 1204/1263/1146 1203/1252/1137 1188/1731/1365
f 1194/1732/1366 1247/1246/1132 1242/1249/1135 1193/1742/1376
f 1329/1713/1350 1280/1712/1349 1281/1750/1381 1337/1751/1382
f 1338/1752/1383 1283/1753/1384 1284/1754/1385 1339/1755/1386
f 1096/3/1387 1097/2/1388 1234/1756/1388 1233/1757/1387
f 858/855/1379 857/1284/1341 1225/1699/1341 1226/1744/1379
f 1405/1314/1177 1412/1313/1177 1411/1748/1177 1404/1338/1177
f 659/1687/1177 767/1758/1177 1398/1316/1177 1213/1315/1177
f 1195/1759/1389 1248/1268/1149 1249/1760/1390 1196/1761/1391
f 1196/1761/1391 1249/1760/1390 1250/1739/1373 1197/1738/1372
f 1340/1762/1392 1282/1763/1393 1283/1753/1384 1338/1752/1383
f 1341/1179/1074 1256/1764/1394 1117/1765/1395 1259/1180/1075
f 1097/2/1388 1098/875/1364 1235/1728/1364 1234/1756/1388
f 867/1394/1354 859/856/1378 1227/1745/1378 1228/1716/1354
f 767/1758/1177 768/1311/1177 1405/1314/1177 1398/1316/1177
f 1411/1748/1177 772/1766/1177 773/1767/1177 1410/1746/1177
f 1066/1768/1396 1095/1265/1079 1248/1268/1149 1195/1759/1389
f 1198/1741/1375 1251/1740/1374 1252/1769/1397 1199/1770/1398
f 1337/1751/1382 1281/1750/1381 1282/1763/1393 1340/1762/1392
f 1331/1264/1147 1258/1715/1352 1257/1771/1399 1342/1253/1138
f 886/1440/197 1096/3/1387 1233/1757/1387 1066/1772/197
f 1101/1437/1363 1102/1398/1370 1240/1737/1370 1238/1727/1363
f 1412/1313/1177 771/1320/1177 772/1766/1177 1411/1748/1177
f 1395/1730/1177 1402/1747/1177 1401/1729/1177 1394/1345/1177
f 1190/1710/1347 1205/1241/1129 1204/1263/1146 1189/1749/1380
f 1199/1770/1398 1252/1769/1397 1254/1722/1358 1200/1721/1357
f 1342/1253/1138 1257/1771/1399 1256/1764/1394 1341/1179/1074
f 1339/1755/1386 1284/1754/1385 1285/1734/1368 1334/1296/1166
f 1260/1773/97 1267/1774/97 1286/1775/97 1258/1776/97
f 1270/1777/97 1271/1778/97 1288/1779/97 1287/1780/97
f 1289/1781/97 1290/1782/97 1297/1783/97 1296/1784/97
f 1273/1785/97 1285/1786/97 1290/1782/97 1289/1781/97
f 1225/1787/1400 1059/1708/1345 1088/1181/1076 1243/788/714
f 1226/1788/1401 1225/1787/1400 1243/788/714 1244/787/713
f 1232/1789/1402 1231/1790/1403 1263/443/420 1264/442/419
f 1227/1791/1404 1226/1788/1401 1244/787/713 1245/1231/1121
f 1258/1776/97 1286/1775/97 1293/1792/97 1257/1793/97
f 1287/1780/97 1288/1779/97 1295/1794/97 1294/1795/97
f 1303/1796/97 1304/1797/97 1165/1640/97 1164/1639/97
f 1296/1784/97 1297/1783/97 1304/1797/97 1303/1796/97
f 1229/1798/1405 1228/1799/1406 1246/90/88 1253/89/87
f 1240/1800/1407 1232/1789/1402 1264/442/419 1275/799/725
f 1423/1801/1408 1424/801/727 1369/1802/1409 1368/1803/1410
f 1414/1380/1207 1422/1379/1206 1366/1804/1411 1365/1805/1412
f 1257/1793/97 1293/1792/97 1300/1806/97 1256/1807/97
f 1294/1795/97 1295/1794/97 1302/1808/97 1301/1809/97
f 1290/1782/97 1291/1810/97 1298/1811/97 1297/1783/97
f 1285/1786/97 1284/1812/97 1291/1810/97 1290/1782/97
f 1413/1187/1081 1414/1380/1207 1365/1805/1412 1364/1813/1413
f 1418/402/379 1417/92/90 1360/1814/1414 1361/1815/1415
f 1234/1816/1416 1235/1817/1417 1268/1378/1205 1266/1377/1204
f 1233/1818/1418 1234/1816/1416 1266/1377/1204 1265/1186/1080
f 1256/1807/97 1300/1806/97 1161/1653/97 1117/1652/97
f 1301/1809/97 1302/1808/97 1163/1660/97 1162/1659/97
f 1304/1797/97 1305/1819/97 1166/1676/97 1165/1640/97
f 1297/1783/97 1298/1811/97 1305/1819/97 1304/1797/97
f 1415/91/89 1416/1232/1122 1358/1820/1419 1359/1821/1420
f 1419/800/726 1420/445/422 1363/1822/1421 1370/1823/1422
f 1426/789/715 1259/1180/1075 1117/1765/1395 1277/1824/1423
f 1425/1825/1424 1423/1801/1408 1368/1803/1410 1367/1826/1425
f 1267/1774/97 1270/1777/97 1287/1780/97 1286/1775/97
f 1271/1778/97 1273/1785/97 1289/1781/97 1288/1779/97
f 1291/1810/97 1292/1827/97 1299/1828/97 1298/1811/97
f 1284/1812/97 1283/1829/97 1292/1827/97 1291/1810/97
f 1238/1830/1426 1240/1800/1407 1275/799/725 1274/798/724
f 1235/1817/1417 1236/1831/1427 1269/1832/1428 1268/1378/1205
f 1236/1831/1427 1237/1833/1429 1272/1834/1430 1269/1832/1428
f 1066/1835/1396 1233/1818/1418 1265/1186/1080 1095/1185/1079
f 1286/1775/97 1287/1780/97 1294/1795/97 1293/1792/97
f 1288/1779/97 1289/1781/97 1296/1784/97 1295/1794/97
f 1305/1819/97 1306/1836/97 1167/1677/97 1166/1676/97
f 1298/1811/97 1299/1828/97 1306/1836/97 1305/1819/97
f 1230/1837/1431 1229/1798/1405 1253/89/87 1261/401/378
f 1231/1790/1403 1230/1837/1431 1261/401/378 1263/443/420
f 1416/1232/1122 1427/790/716 1279/1838/1432 1358/1820/1419
f 1422/1379/1206 1425/1825/1424 1367/1826/1425 1366/1804/1411
f 1293/1792/97 1294/1795/97 1301/1809/97 1300/1806/97
f 1295/1794/97 1296/1784/97 1303/1796/97 1302/1808/97
f 1299/1828/97 1280/1839/97 1278/1840/97 1306/1836/97
f 1292/1827/97 1281/1841/97 1280/1839/97 1299/1828/97
f 1239/1188/1082 1413/1187/1081 1364/1813/1413 1124/1842/1361
f 1421/444/421 1418/402/379 1361/1815/1415 1362/1843/1433
f 1427/790/716 1426/789/715 1277/1824/1423 1279/1838/1432
f 1237/1833/1429 1238/1830/1426 1274/798/724 1272/1834/1430
f 1300/1806/97 1301/1809/97 1162/1659/97 1161/1653/97
f 1302/1808/97 1303/1796/97 1164/1639/97 1163/1660/97
f 1306/1836/97 1278/1840/97 1124/1844/97 1167/1677/97
f 1283/1829/97 1282/1845/97 1281/1841/97 1292/1827/97
f 1417/92/90 1415/91/89 1359/1821/1420 1360/1814/1414
f 1420/445/422 1421/444/421 1362/1843/1433 1363/1822/1421
f 1424/801/727 1419/800/726 1370/1823/1422 1369/1802/1409
f 1228/1799/1406 1227/1791/1404 1245/1231/1121 1246/90/88
f 1391/1678/97 1167/1677/97 1124/1844/97 1364/1693/97
f 1378/1649/97 1385/1648/97 1386/1658/97 1379/1631/97
f 1212/1318/1177 1211/1672/1177 1311/1673/1177 1312/1846/1177
f 1368/1847/97 1377/1848/97 1366/1849/97 1367/1850/97
f 1376/1650/97 1383/1698/97 1384/1692/97 1377/1848/97
f 882/1695/1177 1320/1685/1177 1327/1686/1177 883/1851/1177
f 1377/1848/97 1384/1692/97 1365/1694/97 1366/1849/97
f 1213/1315/1177 1212/1318/1177 1312/1846/1177 1313/1688/1177
f 1317/1680/1177 1316/1666/1177 1323/1667/1177 1324/1681/1177
f 883/1851/1177 1327/1686/1177 885/1691/1177 884/1852/1177
f 1313/1688/1177 1312/1846/1177 1319/1683/1177 1320/1685/1177
f 1312/1846/1177 1311/1673/1177 1318/1679/1177 1319/1683/1177
f 1325/1682/1177 1324/1681/1177 934/1853/1177 933/1697/1177
f 1380/1632/97 1387/1661/97 1388/1638/97 1381/1696/97
f 1209/1344/1177 1208/1347/1177 1308/1662/1177 1309/1670/1177
f 1311/1673/1177 1310/1671/1177 1317/1680/1177 1318/1679/1177
f 1369/1651/97 1376/1650/97 1377/1848/97 1368/1847/97
f 1324/1681/1177 1323/1667/1177 981/1674/1177 934/1853/1177
f 1360/1637/97 1371/1636/97 1372/1630/97 1361/1854/97
f 1309/1670/1177 1308/1662/1177 1315/1663/1177 1316/1666/1177
f 1315/1663/1177 1314/1645/1177 1321/1654/1177 1322/1664/1177
f 1208/1347/1177 1207/1364/1177 1307/1642/1177 1308/1662/1177
f 1389/1641/97 1165/1640/97 1166/1676/97 1390/1675/97
f 1314/1645/1177 976/1644/1177 977/1655/1177 1321/1654/1177
f 1382/1855/97 1389/1641/97 1390/1675/97 1383/1698/97
f 1375/1628/97 1382/1855/97 1383/1698/97 1376/1650/97
f 1379/1631/97 1386/1658/97 1387/1661/97 1380/1632/97
f 1207/1364/1177 736/1856/1177 975/1643/1177 1307/1642/1177
f 1381/1696/97 1388/1638/97 1389/1641/97 1382/1855/97
f 1361/1854/97 1372/1630/97 1373/1633/97 1362/1668/97
f 1358/1635/97 1279/1646/97 1378/1649/97 1371/1636/97
f 1374/1627/97 1381/1696/97 1382/1855/97 1375/1628/97
f 1265/1186/1080 1266/1377/1204 1414/1380/1207 1413/1187/1081
f 1268/1378/1205 1269/1832/1428 1425/1825/1424 1422/1379/1206
f 1399/1361/1177 1406/1360/1177 834/1706/1177 832/1702/1177
f 1269/1832/1428 1272/1834/1430 1423/1801/1408 1425/1825/1424
f 1207/1364/1177 1392/1363/1177 829/1703/1177 736/1856/1177
f 1394/1345/1177 1401/1729/1177 1400/1358/1177 1393/1346/1177
f 1396/1340/1177 1403/1339/1177 1402/1747/1177 1395/1730/1177
f 1410/1746/1177 773/1767/1177 774/1351/1177 1409/1350/1177
f 989/847/759 1346/850/762 1345/1552/1294 988/1857/1434
f 983/1331/1182 1348/1330/1181 1347/1455/1250 982/1858/1435
f 1272/1834/1430 1274/798/724 1424/801/727 1423/1801/1408
f 844/1859/1436 843/1860/1437 1429/1393/1213 1428/1428/1238
f 1398/1316/1177 1405/1314/1177 1404/1338/1177 1397/1317/1177
f 1402/1747/1177 1409/1350/1177 1408/1353/1177 1401/1729/1177
f 1212/1318/1177 1397/1317/1177 1396/1340/1177 1211/1672/1177
f 1252/1769/1397 1338/1752/1383 1339/1755/1386 1254/1722/1358
f 987/1861/1438 1343/1497/1260 1344/1500/1263 986/1862/1439
f 1241/1310/1176 1333/1309/1175 1332/1239/1127 1206/1238/1126
f 1205/1241/1129 1330/1240/1128 1331/1264/1147 1204/1263/1146
f 1250/1739/1373 1337/1751/1382 1340/1762/1392 1251/1740/1374
f 986/1862/1439 1344/1500/1263 1350/587/549 985/586/548
f 1254/1722/1358 1339/1755/1386 1334/1296/1166 1255/1295/1165
f 1249/1760/1390 1329/1713/1350 1337/1751/1382 1250/1739/1373
f 1248/1268/1149 1328/1267/1148 1329/1713/1350 1249/1760/1390
f 1104/1332/1183 1103/470/440 1357/473/443 1351/1333/1184
f 1251/1740/1374 1340/1762/1392 1338/1752/1383 1252/1769/1397
f 988/1857/1434 1345/1552/1294 1343/1497/1260 987/1861/1438
f 1093/1374/1202 1436/1373/1201 1442/609/569 1092/756/693
f 982/1858/1435 1347/1455/1250 1262/450/425 756/449/424
f 1086/1182/1077 1085/1304/1170 1352/452/427 1356/859/771
f 845/1325/1178 844/1859/1436 1428/1428/1238 1430/1326/1179
f 843/1860/1437 842/835/751 1435/838/754 1429/1393/1213
f 167/1863/1440 916/1451/1247 1061/1368/1198 168/1546/1289
f 160/1565/542 1178/646/603 1444/247/237 159/1864/543
f 165/465/201 164/1865/200 1443/369/348 1450/466/436
f 167/1866/589 166/464/435 1216/467/437 1446/590/552
f 155/1584/325 154/1867/324 1447/532/502 1083/570/533
f 154/1867/324 136/1868/666 1082/250/240 1447/532/502
f 172/1869/163 1072/384/361 1448/385/362 171/1623/164
f 164/1865/200 163/1583/684 1071/370/349 1443/369/348
f 169/1603/691 1451/254/244 1445/256/246 161/1564/700
f 159/1864/543 1444/247/237 1082/250/240 136/1868/666
f 181/1870/267 180/1871/254 1457/329/313 1460/575/537
f 177/1872/403 1453/802/728 1459/735/678 176/1873/730
f 202/1874/85 1455/889/800 1452/675/627 187/1875/722
f 206/1876/50 184/1877/49 1462/803/729 1454/861/773
f 175/1878/566 1461/736/679 1456/660/615 150/1879/7
f 184/1877/49 183/1880/270 1466/350/330 1462/803/729
f 178/1881/402 1463/733/676 1453/802/728 177/1872/403
f 176/1873/730 1459/735/678 1461/736/679 175/1878/566
f 186/1882/736 1465/676/628 1463/733/676 178/1881/402
f 187/1875/722 1452/675/627 1465/676/628 186/1882/736
f 179/1883/8 150/1879/7 1456/660/615 1458/330/314
f 182/1884/268 181/1870/267 1460/575/537 1464/351/331
f 183/1880/270 182/1884/268 1464/351/331 1466/350/330
f 180/1871/254 179/1883/8 1458/330/314 1457/329/313
