# Blender 4.0.2
# www.blender.org
o celestial_globe
v 0.138858 0.283077 -0.138858
v 0.104167 0.268540 -0.153395
v 0.069368 0.259180 -0.162755
v 0.034712 0.253594 -0.168341
v 0.000000 0.251708 -0.170228
v -0.034712 0.253594 -0.168341
v -0.069368 0.259180 -0.162755
v -0.104167 0.268540 -0.153395
v 0.153272 0.317854 -0.153272
v 0.114995 0.306940 -0.177250
v 0.076603 0.299905 -0.192379
v 0.038311 0.295792 -0.201032
v 0.000000 0.294411 -0.203896
v -0.038311 0.295792 -0.201032
v -0.076603 0.299905 -0.192379
v -0.114995 0.306940 -0.177250
v 0.162972 0.352472 -0.162972
v 0.122005 0.345347 -0.192340
v 0.081324 0.340611 -0.210939
v 0.040677 0.337858 -0.221450
v 0.000000 0.336917 -0.224957
v -0.040677 0.337858 -0.221450
v -0.081324 0.340611 -0.210939
v -0.122005 0.345347 -0.192340
v 0.168244 0.387244 -0.168244
v 0.126054 0.383651 -0.200891
v 0.084053 0.381269 -0.221386
v 0.042046 0.379889 -0.232908
v 0.000000 0.379412 -0.236772
v -0.042046 0.379889 -0.232908
v -0.084053 0.381270 -0.221386
v -0.126054 0.383651 -0.200891
v 0.170228 0.421935 -0.170228
v 0.127524 0.421935 -0.203896
v 0.085018 0.421935 -0.224957
v 0.042523 0.421935 -0.236772
v 0.000000 0.421935 -0.240738
v -0.042523 0.421935 -0.236771
v -0.085018 0.421935 -0.224957
v -0.127524 0.421935 -0.203896
v 0.168244 0.456626 -0.168244
v 0.126054 0.460219 -0.200891
v 0.084053 0.462601 -0.221386
v 0.042046 0.463981 -0.232908
v 0.000000 0.464458 -0.236772
v -0.042046 0.463981 -0.232908
v -0.084053 0.462601 -0.221386
v -0.126054 0.460219 -0.200891
v 0.162972 0.491398 -0.162972
v 0.122005 0.498523 -0.192340
v 0.081324 0.503259 -0.210939
v 0.040677 0.506013 -0.221450
v 0.000000 0.506953 -0.224957
v -0.040677 0.506012 -0.221450
v -0.081324 0.503259 -0.210939
v -0.122005 0.498523 -0.192340
v 0.153272 0.526016 -0.153272
v 0.114995 0.536930 -0.177250
v 0.076603 0.543965 -0.192379
v 0.038311 0.548079 -0.201032
v 0.000000 0.549459 -0.203896
v -0.038311 0.548079 -0.201032
v -0.076603 0.543965 -0.192379
v -0.114995 0.536930 -0.177250
v -0.138858 0.283077 -0.138858
v -0.153395 0.268540 -0.104167
v -0.162755 0.259180 -0.069368
v -0.168341 0.253594 -0.034712
v -0.170228 0.251707 0.000000
v -0.168341 0.253594 0.034712
v -0.162755 0.259180 0.069368
v -0.153395 0.268540 0.104167
v -0.153272 0.317854 -0.153272
v -0.177250 0.306940 -0.114995
v -0.192379 0.299905 -0.076603
v -0.201032 0.295792 -0.038311
v -0.203896 0.294411 0.000000
v -0.201032 0.295792 0.038311
v -0.192379 0.299905 0.076603
v -0.177250 0.306940 0.114995
v -0.162972 0.352472 -0.162972
v -0.192340 0.345347 -0.122005
v -0.210939 0.340611 -0.081324
v -0.221450 0.337858 -0.040677
v -0.224957 0.336917 0.000000
v -0.221450 0.337858 0.040677
v -0.210939 0.340611 0.081324
v -0.192340 0.345347 0.122005
v -0.168244 0.387244 -0.168244
v -0.200891 0.383651 -0.126054
v -0.221386 0.381269 -0.084053
v -0.232908 0.379889 -0.042046
v -0.236771 0.379412 0.000000
v -0.232908 0.379889 0.042046
v -0.221386 0.381269 0.084053
v -0.200891 0.383651 0.126054
v -0.170228 0.421935 -0.170228
v -0.203896 0.421935 -0.127524
v -0.224957 0.421935 -0.085018
v -0.236771 0.421935 -0.042523
v -0.240738 0.421935 0.000000
v -0.236771 0.421935 0.042523
v -0.224957 0.421935 0.085018
v -0.203896 0.421935 0.127524
v -0.168244 0.456626 -0.168244
v -0.200891 0.460219 -0.126054
v -0.221386 0.462601 -0.084053
v -0.232908 0.463981 -0.042046
v -0.236771 0.464458 0.000000
v -0.232908 0.463981 0.042046
v -0.221386 0.462601 0.084053
v -0.200891 0.460219 0.126054
v -0.162972 0.491398 -0.162972
v -0.192340 0.498523 -0.122005
v -0.210939 0.503259 -0.081324
v -0.221450 0.506012 -0.040677
v -0.224957 0.506953 0.000000
v -0.221450 0.506012 0.040677
v -0.210939 0.503259 0.081324
v -0.192340 0.498523 0.122005
v -0.153272 0.526016 -0.153272
v -0.177250 0.536930 -0.114995
v -0.192379 0.543965 -0.076603
v -0.201032 0.548079 -0.038311
v -0.203896 0.549459 0.000000
v -0.201032 0.548079 0.038311
v -0.192379 0.543965 0.076603
v -0.177250 0.536930 0.114995
v -0.138858 0.283077 0.138858
v -0.104167 0.268540 0.153395
v -0.069368 0.259180 0.162755
v -0.034712 0.253594 0.168341
v 0.000000 0.251707 0.170228
v 0.034712 0.253594 0.168341
v 0.069368 0.259180 0.162755
v 0.104167 0.268540 0.153395
v -0.153272 0.317854 0.153272
v -0.114995 0.306940 0.177250
v -0.076603 0.299905 0.192379
v -0.038311 0.295792 0.201032
v 0.000000 0.294411 0.203896
v 0.038311 0.295792 0.201032
v 0.076603 0.299905 0.192379
v 0.114995 0.306940 0.177250
v -0.162972 0.352472 0.162972
v -0.122005 0.345347 0.192340
v -0.081324 0.340611 0.210939
v -0.040677 0.337858 0.221450
v 0.000000 0.336917 0.224957
v 0.040677 0.337858 0.221450
v 0.081324 0.340611 0.210939
v 0.122005 0.345347 0.192340
v -0.168244 0.387244 0.168244
v -0.126054 0.383651 0.200891
v -0.084053 0.381269 0.221386
v -0.042046 0.379889 0.232908
v 0.000000 0.379412 0.236771
v 0.042046 0.379889 0.232908
v 0.084053 0.381269 0.221386
v 0.126054 0.383651 0.200891
v -0.170228 0.421935 0.170228
v -0.127524 0.421935 0.203896
v -0.085018 0.421935 0.224957
v -0.042523 0.421935 0.236771
v 0.000000 0.421935 0.240738
v 0.042523 0.421935 0.236771
v 0.085018 0.421935 0.224957
v 0.127524 0.421935 0.203896
v -0.168244 0.456626 0.168244
v -0.126054 0.460219 0.200891
v -0.084053 0.462601 0.221386
v -0.042046 0.463981 0.232908
v 0.000000 0.464458 0.236771
v 0.042046 0.463981 0.232908
v 0.084053 0.462601 0.221386
v 0.126054 0.460219 0.200891
v -0.162972 0.491398 0.162972
v -0.122005 0.498523 0.192340
v -0.081324 0.503259 0.210939
v -0.040677 0.506012 0.221450
v 0.000000 0.506953 0.224957
v 0.040677 0.506012 0.221450
v 0.081324 0.503259 0.210939
v 0.122005 0.498523 0.192340
v -0.153272 0.526016 0.153272
v -0.114995 0.536930 0.177250
v -0.076603 0.543965 0.192379
v -0.038311 0.548079 0.201032
v 0.000000 0.549459 0.203896
v 0.038311 0.548079 0.201032
v 0.076603 0.543965 0.192379
v 0.114995 0.536930 0.177250
v 0.138858 0.283077 0.138858
v 0.153395 0.268540 0.104167
v 0.162755 0.259180 0.069368
v 0.168341 0.253594 0.034712
v 0.170228 0.251707 0.000000
v 0.168341 0.253594 -0.034712
v 0.162755 0.259180 -0.069368
v 0.153395 0.268540 -0.104167
v 0.153272 0.317854 0.153272
v 0.177250 0.306940 0.114995
v 0.192379 0.299905 0.076603
v 0.201032 0.295792 0.038311
v 0.203896 0.294411 0.000000
v 0.201032 0.295792 -0.038311
v 0.192379 0.299905 -0.076603
v 0.177250 0.306940 -0.114995
v 0.162972 0.352472 0.162972
v 0.192340 0.345347 0.122005
v 0.210939 0.340611 0.081324
v 0.221450 0.337858 0.040677
v 0.224957 0.336917 0.000000
v 0.221450 0.337858 -0.040677
v 0.210939 0.340611 -0.081324
v 0.192340 0.345347 -0.122005
v 0.168244 0.387244 0.168244
v 0.200891 0.383651 0.126054
v 0.221386 0.381269 0.084053
v 0.232908 0.379889 0.042046
v 0.236771 0.379412 0.000000
v 0.232908 0.379889 -0.042046
v 0.221386 0.381269 -0.084053
v 0.200891 0.383651 -0.126054
v 0.170228 0.421935 0.170228
v 0.203896 0.421935 0.127524
v 0.224957 0.421935 0.085018
v 0.236771 0.421935 0.042523
v 0.240738 0.421935 0.000000
v 0.236771 0.421935 -0.042523
v 0.224957 0.421935 -0.085018
v 0.203896 0.421935 -0.127524
v 0.168244 0.456626 0.168244
v 0.200891 0.460219 0.126054
v 0.221386 0.462601 0.084053
v 0.232908 0.463981 0.042046
v 0.236771 0.464458 0.000000
v 0.232908 0.463981 -0.042046
v 0.221386 0.462601 -0.084053
v 0.200891 0.460219 -0.126054
v 0.162972 0.491398 0.162972
v 0.192340 0.498523 0.122005
v 0.210939 0.503259 0.081324
v 0.221450 0.506012 0.040677
v 0.224957 0.506953 0.000000
v 0.221450 0.506012 -0.040677
v 0.210939 0.503259 -0.081324
v 0.192340 0.498523 -0.122005
v 0.153272 0.526016 0.153272
v 0.177250 0.536930 0.114995
v 0.192379 0.543965 0.076603
v 0.201032 0.548079 0.038311
v 0.203896 0.549459 0.000000
v 0.201032 0.548079 -0.038311
v 0.192379 0.543965 -0.076603
v 0.177250 0.536930 -0.114995
v 0.114948 0.244758 0.114948
v 0.076608 0.229545 0.122037
v 0.038349 0.220702 0.126271
v 0.000000 0.218039 0.127524
v -0.038349 0.220702 0.126271
v -0.076608 0.229545 0.122037
v -0.114948 0.244758 0.114948
v 0.122037 0.229545 0.076608
v 0.081457 0.210651 0.081457
v 0.040725 0.200228 0.084176
v 0.000000 0.196978 0.085018
v -0.040725 0.200228 0.084176
v -0.081457 0.210651 0.081457
v -0.122037 0.229545 0.076608
v 0.126271 0.220702 0.038349
v 0.084176 0.200228 0.040725
v 0.042059 0.188957 0.042059
v 0.000000 0.185164 0.042523
v -0.042059 0.188957 0.042059
v -0.084176 0.200228 0.040725
v -0.126271 0.220702 0.038349
v 0.127524 0.218039 0.000000
v 0.085018 0.196978 0.000000
v 0.042523 0.185164 0.000000
v 0.000000 0.181197 0.000000
v -0.042523 0.185164 -0.000000
v -0.085018 0.196978 -0.000000
v -0.127524 0.218039 0.000000
v 0.126271 0.220702 -0.038349
v 0.084176 0.200228 -0.040725
v 0.042059 0.188957 -0.042059
v 0.000000 0.185164 -0.042523
v -0.042059 0.188957 -0.042059
v -0.084176 0.200228 -0.040725
v -0.126271 0.220702 -0.038349
v 0.122037 0.229545 -0.076608
v 0.081457 0.210651 -0.081457
v 0.040725 0.200228 -0.084176
v 0.000000 0.196978 -0.085018
v -0.040725 0.200228 -0.084176
v -0.081457 0.210651 -0.081457
v -0.122037 0.229545 -0.076608
v 0.114948 0.244758 -0.114948
v 0.076608 0.229545 -0.122037
v 0.038349 0.220702 -0.126271
v 0.000000 0.218039 -0.127524
v -0.038349 0.220702 -0.126271
v -0.076608 0.229545 -0.122037
v -0.114948 0.244758 -0.114948
v 0.138858 0.560794 -0.138858
v 0.104167 0.575330 -0.153395
v 0.069368 0.584690 -0.162755
v 0.034712 0.590276 -0.168341
v 0.000000 0.592163 -0.170228
v -0.034712 0.590276 -0.168341
v -0.069368 0.584690 -0.162755
v -0.104167 0.575330 -0.153395
v -0.138858 0.560794 -0.138858
v 0.153395 0.575330 -0.104167
v 0.114948 0.599112 -0.114948
v 0.076608 0.614325 -0.122037
v 0.038349 0.623168 -0.126271
v 0.000000 0.625831 -0.127524
v -0.038349 0.623168 -0.126271
v -0.076608 0.614325 -0.122037
v -0.114948 0.599112 -0.114948
v -0.153395 0.575330 -0.104167
v 0.162755 0.584690 -0.069368
v 0.122037 0.614325 -0.076608
v 0.081457 0.633219 -0.081457
v 0.040725 0.643642 -0.084176
v 0.000000 0.646892 -0.085018
v -0.040725 0.643642 -0.084176
v -0.081457 0.633219 -0.081457
v -0.122037 0.614325 -0.076608
v -0.162755 0.584690 -0.069368
v 0.168341 0.590276 -0.034712
v 0.126271 0.623168 -0.038349
v 0.084176 0.643642 -0.040725
v 0.042059 0.654913 -0.042059
v 0.000000 0.658707 -0.042523
v -0.042059 0.654913 -0.042059
v -0.084176 0.643642 -0.040725
v -0.126271 0.623168 -0.038349
v -0.168341 0.590276 -0.034712
v 0.170228 0.592163 0.000000
v 0.127524 0.625831 -0.000000
v 0.085018 0.646892 -0.000000
v 0.042523 0.658707 -0.000000
v 0.000000 0.662673 -0.000000
v -0.042523 0.658707 0.000000
v -0.085018 0.646892 0.000000
v -0.127524 0.625831 -0.000000
v -0.170228 0.592163 0.000000
v 0.168341 0.590276 0.034712
v 0.126271 0.623168 0.038349
v 0.084176 0.643642 0.040725
v 0.042059 0.654913 0.042059
v 0.000000 0.658707 0.042523
v -0.042059 0.654913 0.042059
v -0.084176 0.643642 0.040725
v -0.126271 0.623168 0.038349
v -0.168341 0.590276 0.034712
v 0.162755 0.584690 0.069368
v 0.122037 0.614325 0.076608
v 0.081457 0.633219 0.081457
v 0.040725 0.643642 0.084176
v 0.000000 0.646892 0.085018
v -0.040725 0.643642 0.084176
v -0.081457 0.633219 0.081457
v -0.122037 0.614325 0.076608
v -0.162755 0.584690 0.069368
v 0.153395 0.575330 0.104167
v 0.114948 0.599112 0.114948
v 0.076608 0.614325 0.122037
v 0.038349 0.623168 0.126271
v 0.000000 0.625831 0.127524
v -0.038349 0.623168 0.126271
v -0.076608 0.614325 0.122037
v -0.114948 0.599112 0.114948
v -0.153395 0.575330 0.104167
v 0.138858 0.560794 0.138858
v 0.104167 0.575330 0.153395
v 0.069368 0.584690 0.162755
v 0.034712 0.590276 0.168341
v 0.000000 0.592163 0.170228
v -0.034712 0.590276 0.168341
v -0.069368 0.584690 0.162755
v -0.104167 0.575330 0.153395
v -0.138858 0.560794 0.138858
v -0.144124 0.421892 -0.347946
v -0.097027 0.436709 -0.234243
v 0.144124 0.421892 -0.347946
v 0.097027 0.436709 -0.234243
v 0.347946 0.421892 -0.144124
v 0.234243 0.436709 -0.097027
v 0.347946 0.421892 0.144124
v 0.234243 0.436709 0.097027
v 0.144124 0.421892 0.347946
v 0.097027 0.436709 0.234243
v -0.144124 0.421892 0.347946
v -0.097027 0.436709 0.234243
v -0.347946 0.421892 0.144124
v -0.234243 0.436709 0.097027
v -0.347946 0.421892 -0.144124
v -0.234243 0.436709 -0.097027
v -0.147926 0.423419 -0.357126
v 0.147926 0.423419 -0.357126
v 0.357126 0.423419 -0.147926
v 0.357126 0.423419 0.147926
v 0.147926 0.423419 0.357126
v -0.147926 0.423419 0.357126
v -0.357126 0.423419 0.147926
v -0.357126 0.423419 -0.147926
v -0.097055 0.408282 -0.234312
v 0.097055 0.408282 -0.234312
v 0.234312 0.408282 -0.097055
v 0.234312 0.408282 0.097055
v 0.097055 0.408282 0.234312
v -0.097055 0.408282 0.234312
v -0.234312 0.408282 0.097055
v -0.234312 0.408282 -0.097055
v 0.147926 0.436709 -0.357126
v -0.147926 0.436709 -0.357126
v 0.357126 0.436709 -0.147926
v 0.357126 0.436709 0.147926
v 0.147926 0.436709 0.357126
v -0.147926 0.436709 0.357126
v -0.357126 0.436709 0.147926
v -0.357126 0.436709 -0.147926
v -0.144124 0.408282 -0.347946
v 0.144124 0.408282 -0.347946
v 0.347946 0.408282 -0.144124
v 0.347946 0.408282 0.144124
v 0.144124 0.408282 0.347946
v -0.144124 0.408282 0.347946
v -0.347946 0.408282 0.144124
v -0.347946 0.408282 -0.144124
v 0.073963 0.423419 0.357126
v 0.000000 0.423419 0.357126
v -0.073963 0.423419 0.357126
v -0.073963 0.436709 0.357126
v 0.000000 0.436709 0.357126
v 0.073963 0.436709 0.357126
v 0.072062 0.421892 0.347946
v 0.000000 0.421892 0.347946
v -0.072062 0.421892 0.347946
v 0.072062 0.408282 0.347946
v 0.000000 0.408282 0.347946
v -0.072062 0.408282 0.347946
v -0.049464 0.436709 0.248671
v -0.000000 0.436709 0.253543
v 0.049464 0.436709 0.248671
v 0.049478 0.408282 0.248744
v 0.000000 0.408282 0.253617
v -0.049478 0.408282 0.248744
v -0.200226 0.423419 0.304826
v -0.252526 0.423419 0.252526
v -0.304826 0.423419 0.200226
v -0.304826 0.436709 0.200226
v -0.252526 0.436709 0.252526
v -0.200226 0.436709 0.304826
v -0.195079 0.421892 0.296990
v -0.246035 0.421892 0.246035
v -0.296990 0.421892 0.195079
v -0.195079 0.408282 0.296990
v -0.246035 0.408282 0.246035
v -0.296990 0.408282 0.195079
v -0.210813 0.436709 0.140861
v -0.179282 0.436709 0.179282
v -0.140861 0.436709 0.210813
v -0.140902 0.408282 0.210875
v -0.179334 0.408282 0.179334
v -0.210875 0.408282 0.140902
v -0.357126 0.423419 0.073963
v -0.357126 0.423419 0.000000
v -0.357126 0.423419 -0.073963
v -0.357126 0.436709 -0.073963
v -0.357126 0.436709 0.000000
v -0.357126 0.436709 0.073963
v -0.347946 0.421892 0.072062
v -0.347946 0.421892 0.000000
v -0.347946 0.421892 -0.072062
v -0.347946 0.408282 0.072062
v -0.347946 0.408282 0.000000
v -0.347946 0.408282 -0.072062
v -0.248671 0.436709 -0.049464
v -0.253543 0.436709 -0.000000
v -0.248671 0.436709 0.049464
v -0.248744 0.408282 0.049478
v -0.253617 0.408282 0.000000
v -0.248744 0.408282 -0.049478
v -0.304826 0.423419 -0.200226
v -0.252526 0.423419 -0.252526
v -0.200226 0.423419 -0.304826
v -0.200226 0.436709 -0.304826
v -0.252526 0.436709 -0.252526
v -0.304826 0.436709 -0.200226
v -0.296990 0.421892 -0.195079
v -0.246035 0.421892 -0.246035
v -0.195079 0.421892 -0.296990
v -0.296990 0.408282 -0.195079
v -0.246035 0.408282 -0.246035
v -0.195079 0.408282 -0.296990
v -0.140861 0.436709 -0.210813
v -0.179282 0.436709 -0.179282
v -0.210813 0.436709 -0.140861
v -0.210875 0.408282 -0.140902
v -0.179334 0.408282 -0.179334
v -0.140902 0.408282 -0.210875
v -0.073963 0.423419 -0.357126
v -0.000000 0.423419 -0.357126
v 0.073963 0.423419 -0.357126
v 0.073963 0.436709 -0.357126
v -0.000000 0.436709 -0.357126
v -0.073963 0.436709 -0.357126
v -0.072062 0.421892 -0.347946
v -0.000000 0.421892 -0.347946
v 0.072062 0.421892 -0.347946
v -0.072062 0.408282 -0.347946
v -0.000000 0.408282 -0.347946
v 0.072062 0.408282 -0.347946
v 0.049464 0.436709 -0.248671
v 0.000000 0.436709 -0.253543
v -0.049464 0.436709 -0.248671
v -0.049478 0.408282 -0.248744
v -0.000000 0.408282 -0.253617
v 0.049478 0.408282 -0.248744
v 0.200226 0.423419 -0.304826
v 0.252526 0.423419 -0.252526
v 0.304826 0.423419 -0.200226
v 0.304826 0.436709 -0.200226
v 0.252526 0.436709 -0.252526
v 0.200226 0.436709 -0.304826
v 0.195079 0.421892 -0.296990
v 0.246035 0.421892 -0.246035
v 0.296990 0.421892 -0.195079
v 0.195079 0.408282 -0.296990
v 0.246035 0.408282 -0.246035
v 0.296990 0.408282 -0.195079
v 0.210813 0.436709 -0.140861
v 0.179282 0.436709 -0.179282
v 0.140861 0.436709 -0.210813
v 0.140902 0.408282 -0.210875
v 0.179334 0.408282 -0.179334
v 0.210875 0.408282 -0.140902
v 0.357126 0.423419 -0.073963
v 0.357126 0.423419 -0.000000
v 0.357126 0.423419 0.073963
v 0.357126 0.436709 0.073963
v 0.357126 0.436709 -0.000000
v 0.357126 0.436709 -0.073963
v 0.347946 0.421892 -0.072062
v 0.347946 0.421892 -0.000000
v 0.347946 0.421892 0.072062
v 0.347946 0.408282 -0.072062
v 0.347946 0.408282 -0.000000
v 0.347946 0.408282 0.072062
v 0.248671 0.436709 0.049464
v 0.253543 0.436709 0.000000
v 0.248671 0.436709 -0.049464
v 0.248744 0.408282 -0.049478
v 0.253617 0.408282 -0.000000
v 0.248744 0.408282 0.049478
v 0.304826 0.423419 0.200226
v 0.252526 0.423419 0.252526
v 0.200226 0.423419 0.304826
v 0.200226 0.436709 0.304826
v 0.252526 0.436709 0.252526
v 0.304826 0.436709 0.200226
v 0.296990 0.421892 0.195079
v 0.246035 0.421892 0.246035
v 0.195079 0.421892 0.296990
v 0.296990 0.408282 0.195079
v 0.246035 0.408282 0.246035
v 0.195079 0.408282 0.296990
v 0.140861 0.436709 0.210813
v 0.179282 0.436709 0.179282
v 0.210813 0.436709 0.140861
v 0.210875 0.408282 0.140902
v 0.179334 0.408282 0.179334
v 0.140902 0.408282 0.210875
v 0.000000 0.104256 -0.027051
v 0.000000 0.177843 -0.022325
v 0.010352 0.104256 -0.024992
v 0.008543 0.177843 -0.020625
v 0.019128 0.104256 -0.019128
v 0.015786 0.177843 -0.015786
v 0.024992 0.104256 -0.010352
v 0.020625 0.177843 -0.008543
v 0.027051 0.104256 0.000000
v 0.022325 0.177843 -0.000000
v 0.024992 0.104256 0.010352
v 0.020625 0.177843 0.008543
v 0.019128 0.104256 0.019128
v 0.015786 0.177843 0.015786
v 0.010352 0.104256 0.024992
v 0.008543 0.177843 0.020625
v 0.000000 0.104256 0.027051
v 0.000000 0.177843 0.022325
v -0.010352 0.104256 0.024992
v -0.008543 0.177843 0.020625
v -0.019128 0.104256 0.019128
v -0.015786 0.177843 0.015786
v -0.024992 0.104256 0.010352
v -0.020625 0.177843 0.008543
v -0.027051 0.104256 0.000000
v -0.022325 0.177843 -0.000000
v -0.024992 0.104256 -0.010352
v -0.020625 0.177843 -0.008543
v -0.019128 0.104256 -0.019128
v -0.015786 0.177843 -0.015786
v -0.010352 0.104256 -0.024992
v -0.008543 0.177843 -0.020625
v 0.000000 0.131510 -0.022325
v 0.008543 0.131510 -0.020625
v 0.015786 0.131510 -0.015786
v 0.020625 0.131510 -0.008543
v 0.022325 0.131510 -0.000000
v 0.020625 0.131510 0.008543
v 0.015786 0.131510 0.015786
v 0.008543 0.131510 0.020625
v 0.000000 0.131510 0.022325
v -0.008543 0.131510 0.020625
v -0.015786 0.131510 0.015786
v -0.020625 0.131510 0.008543
v -0.022325 0.131510 -0.000000
v -0.020625 0.131510 -0.008543
v -0.015786 0.131510 -0.015786
v -0.008543 0.131510 -0.020625
v 0.010167 0.129974 -0.024545
v 0.018786 0.129974 -0.018786
v 0.024545 0.129974 -0.010167
v 0.026568 0.129974 -0.000000
v 0.024545 0.129974 0.010167
v 0.018786 0.129974 0.018786
v 0.010167 0.129974 0.024545
v 0.000000 0.129974 0.026568
v -0.010167 0.129974 0.024545
v -0.018786 0.129974 0.018786
v -0.024545 0.129974 0.010167
v -0.026568 0.129974 -0.000000
v -0.024545 0.129974 -0.010167
v -0.018786 0.129974 -0.018786
v -0.010167 0.129974 -0.024545
v 0.000000 0.129974 -0.026568
v 0.007952 0.122294 -0.019199
v 0.014694 0.122294 -0.014694
v 0.019199 0.122294 -0.007952
v 0.020781 0.122294 -0.000000
v 0.019199 0.122294 0.007952
v 0.014694 0.122294 0.014694
v 0.007952 0.122294 0.019199
v 0.000000 0.122294 0.020781
v -0.007952 0.122294 0.019199
v -0.014694 0.122294 0.014694
v -0.019199 0.122294 0.007952
v -0.020781 0.122294 -0.000000
v -0.019199 0.122294 -0.007952
v -0.014694 0.122294 -0.014694
v -0.007952 0.122294 -0.019199
v 0.000000 0.122294 -0.020781
v 0.000000 0.125520 -0.026568
v 0.010167 0.125520 -0.024545
v 0.018786 0.125520 -0.018786
v 0.024545 0.125520 -0.010167
v 0.026568 0.125520 -0.000000
v 0.024545 0.125520 0.010167
v 0.018786 0.125520 0.018786
v 0.010167 0.125520 0.024545
v 0.000000 0.125520 0.026568
v -0.010167 0.125520 0.024545
v -0.018786 0.125520 0.018786
v -0.024545 0.125520 0.010167
v -0.026568 0.125520 -0.000000
v -0.024545 0.125520 -0.010167
v -0.018786 0.125520 -0.018786
v -0.010167 0.125520 -0.024545
v 0.000000 0.127747 -0.027471
v 0.010513 0.127747 -0.025380
v 0.019425 0.127747 -0.019425
v 0.025380 0.127747 -0.010513
v 0.027471 0.127747 0.000000
v 0.025380 0.127747 0.010513
v 0.019425 0.127747 0.019425
v 0.010513 0.127747 0.025380
v 0.000000 0.127747 0.027471
v -0.010513 0.127747 0.025380
v -0.019425 0.127747 0.019425
v -0.025380 0.127747 0.010513
v -0.027471 0.127747 0.000000
v -0.025380 0.127747 -0.010513
v -0.019425 0.127747 -0.019425
v -0.010513 0.127747 -0.025380
v 0.009444 0.120481 -0.022799
v 0.010352 0.116656 -0.024992
v 0.010086 0.118903 -0.024349
v 0.017449 0.120481 -0.017449
v 0.019128 0.116656 -0.019128
v 0.018636 0.118903 -0.018636
v 0.022799 0.120481 -0.009444
v 0.024992 0.116656 -0.010352
v 0.024349 0.118903 -0.010086
v 0.024677 0.120481 -0.000000
v 0.027051 0.116656 0.000000
v 0.026356 0.118903 -0.000000
v 0.022799 0.120481 0.009444
v 0.024992 0.116656 0.010352
v 0.024349 0.118903 0.010086
v 0.017449 0.120481 0.017449
v 0.019128 0.116656 0.019128
v 0.018636 0.118903 0.018636
v 0.009444 0.120481 0.022799
v 0.010352 0.116656 0.024992
v 0.010086 0.118903 0.024349
v 0.000000 0.120481 0.024677
v 0.000000 0.116656 0.027051
v 0.000000 0.118903 0.026356
v -0.009444 0.120481 0.022799
v -0.010352 0.116656 0.024992
v -0.010086 0.118903 0.024349
v -0.017449 0.120481 0.017449
v -0.019128 0.116656 0.019128
v -0.018636 0.118903 0.018636
v -0.022799 0.120481 0.009444
v -0.024992 0.116656 0.010352
v -0.024349 0.118903 0.010086
v -0.024677 0.120481 -0.000000
v -0.027051 0.116656 0.000000
v -0.026356 0.118903 -0.000000
v -0.022799 0.120481 -0.009444
v -0.024992 0.116656 -0.010352
v -0.024349 0.118903 -0.010086
v -0.017449 0.120481 -0.017449
v -0.019128 0.116656 -0.019128
v -0.018636 0.118903 -0.018636
v -0.009444 0.120481 -0.022799
v -0.010352 0.116656 -0.024992
v -0.010086 0.118903 -0.024349
v 0.000000 0.116656 -0.027051
v 0.000000 0.120481 -0.024677
v 0.000000 0.118903 -0.026356
v -0.000000 0.177843 0.000000
v -0.120210 0.104256 -0.051471
v -0.120210 0.108949 -0.044039
v -0.100513 0.104256 -0.047553
v -0.103357 0.108949 -0.040687
v -0.083814 0.104256 -0.036395
v -0.089069 0.108949 -0.031140
v -0.072657 0.104256 -0.019697
v -0.079523 0.108949 -0.016853
v -0.068739 0.104256 0.000000
v -0.076171 0.108949 -0.000000
v -0.072657 0.104256 0.019697
v -0.079523 0.108949 0.016853
v -0.083814 0.104256 0.036395
v -0.089069 0.108949 0.031140
v -0.100513 0.104256 0.047553
v -0.103357 0.108949 0.040687
v -0.120210 0.104256 0.051471
v -0.120210 0.108949 0.044039
v -0.139907 0.104256 0.047553
v -0.137063 0.108949 0.040687
v -0.156605 0.104256 0.036395
v -0.151350 0.108949 0.031140
v -0.167762 0.104256 0.019697
v -0.160896 0.108949 0.016853
v -0.171680 0.104256 0.000000
v -0.164249 0.108949 -0.000000
v -0.167762 0.104256 -0.019697
v -0.160896 0.108949 -0.016853
v -0.156605 0.104256 -0.036395
v -0.151350 0.108949 -0.031140
v -0.139907 0.104256 -0.047553
v -0.137063 0.108949 -0.040687
v -0.100513 0.108949 -0.047553
v -0.120210 0.108949 -0.051471
v -0.083814 0.108949 -0.036395
v -0.072657 0.108949 -0.019697
v -0.068739 0.108949 0.000000
v -0.072657 0.108949 0.019697
v -0.083814 0.108949 0.036395
v -0.100513 0.108949 0.047553
v -0.120210 0.108949 0.051471
v -0.139907 0.108949 0.047553
v -0.156605 0.108949 0.036395
v -0.167762 0.108949 0.019697
v -0.171680 0.108949 0.000000
v -0.167762 0.108949 -0.019697
v -0.156605 0.108949 -0.036395
v -0.139907 0.108949 -0.047553
v -0.101432 0.109444 -0.045333
v -0.120210 0.109444 -0.049068
v -0.085514 0.109444 -0.034696
v -0.074877 0.109444 -0.018777
v -0.071142 0.109444 0.000000
v -0.074877 0.109444 0.018777
v -0.085514 0.109444 0.034696
v -0.101432 0.109444 0.045333
v -0.120210 0.109444 0.049068
v -0.138987 0.109444 0.045333
v -0.154906 0.109444 0.034696
v -0.165542 0.109444 0.018777
v -0.169277 0.109444 0.000000
v -0.165542 0.109444 -0.018777
v -0.154906 0.109444 -0.034696
v -0.138987 0.109444 -0.045333
v -0.101432 0.118593 -0.045333
v -0.120210 0.118593 -0.049068
v -0.085514 0.118593 -0.034696
v -0.074877 0.118593 -0.018777
v -0.071142 0.118593 0.000000
v -0.074877 0.118593 0.018777
v -0.085514 0.118593 0.034696
v -0.101432 0.118593 0.045333
v -0.120210 0.118593 0.049068
v -0.138987 0.118593 0.045333
v -0.154906 0.118593 0.034696
v -0.165542 0.118593 0.018777
v -0.169277 0.118593 0.000000
v -0.165542 0.118593 -0.018777
v -0.154906 0.118593 -0.034696
v -0.138987 0.118593 -0.045333
v -0.103357 0.118593 -0.040687
v -0.120210 0.118593 -0.044039
v -0.089069 0.118593 -0.031140
v -0.079523 0.118593 -0.016853
v -0.076171 0.118593 -0.000000
v -0.079523 0.118593 0.016853
v -0.089069 0.118593 0.031140
v -0.103357 0.118593 0.040687
v -0.120210 0.118593 0.044039
v -0.137063 0.118593 0.040687
v -0.151350 0.118593 0.031140
v -0.160896 0.118593 0.016853
v -0.164249 0.118593 -0.000000
v -0.160896 0.118593 -0.016853
v -0.151350 0.118593 -0.031140
v -0.137063 0.118593 -0.040687
v -0.120210 0.108949 0.000000
v -0.120210 0.104256 0.000000
v -0.046566 0.078225 -0.000000
v 0.000000 0.060095 -0.046566
v -0.270513 0.060095 -0.223947
v -0.223947 0.060095 -0.270513
v -0.221683 0.078225 -0.268249
v -0.268249 0.078225 -0.221683
v -0.278156 0.060095 -0.231590
v -0.223850 0.074088 -0.270416
v -0.270416 0.074088 -0.223850
v -0.231590 0.060095 -0.278156
v -0.273174 0.072861 -0.226608
v -0.277725 0.065827 -0.231159
v -0.231159 0.065827 -0.277726
v -0.226608 0.072861 -0.273174
v -0.276255 0.060095 -0.229689
v -0.229688 0.060095 -0.276255
v -0.229495 0.070083 -0.276062
v -0.276061 0.070083 -0.229495
v -0.273314 0.060095 -0.226748
v -0.226748 0.060095 -0.273314
v -0.046566 0.060095 -0.000000
v 0.046566 0.060095 0.000000
v 0.223947 0.060095 -0.270513
v 0.270513 0.060095 -0.223947
v 0.268249 0.078225 -0.221683
v 0.221683 0.078225 -0.268249
v 0.231590 0.060095 -0.278156
v 0.270416 0.074088 -0.223850
v 0.223850 0.074088 -0.270416
v 0.278156 0.060095 -0.231590
v 0.226608 0.072861 -0.273174
v 0.231159 0.065827 -0.277725
v 0.277725 0.065827 -0.231159
v 0.273174 0.072861 -0.226608
v 0.229689 0.060095 -0.276255
v 0.276255 0.060095 -0.229688
v 0.276061 0.070083 -0.229495
v 0.229495 0.070083 -0.276061
v 0.046566 0.074088 0.000000
v 0.226748 0.060095 -0.273314
v 0.273314 0.060095 -0.226748
v 0.000000 0.074088 -0.046566
v 0.000000 0.078225 -0.046566
v 0.046566 0.078225 -0.000000
v -0.223947 0.060095 0.270513
v -0.270513 0.060095 0.223947
v -0.268249 0.078225 0.221683
v -0.221683 0.078225 0.268249
v -0.231590 0.060095 0.278156
v -0.270416 0.074088 0.223850
v -0.223850 0.074088 0.270416
v -0.278156 0.060095 0.231590
v -0.226608 0.072861 0.273174
v -0.231159 0.065827 0.277725
v -0.277726 0.065827 0.231159
v -0.273174 0.072861 0.226608
v -0.229689 0.060095 0.276255
v -0.276255 0.060095 0.229688
v -0.276062 0.070083 0.229495
v -0.229495 0.070083 0.276061
v -0.046566 0.074088 -0.000000
v -0.226748 0.060095 0.273314
v -0.273315 0.060095 0.226748
v -0.000000 0.074088 0.046566
v -0.000000 0.060095 0.046566
v 0.270513 0.060095 0.223947
v 0.223947 0.060095 0.270513
v 0.221683 0.078225 0.268249
v 0.268249 0.078225 0.221683
v 0.278156 0.060095 0.231590
v 0.223850 0.074088 0.270416
v 0.270416 0.074088 0.223850
v 0.231590 0.060095 0.278156
v 0.273174 0.072861 0.226608
v 0.277725 0.065827 0.231159
v 0.231159 0.065827 0.277726
v 0.226608 0.072861 0.273174
v 0.276255 0.060095 0.229689
v 0.229688 0.060095 0.276255
v 0.229495 0.070083 0.276062
v 0.276061 0.070083 0.229495
v 0.273314 0.060095 0.226748
v 0.226748 0.060095 0.273314
v -0.000000 0.078225 0.046566
v 0.000000 0.078225 -0.219976
v 0.000000 0.104256 -0.053786
v 0.042915 0.078225 -0.215749
v 0.010493 0.104256 -0.052752
v 0.084181 0.078225 -0.203231
v 0.020583 0.104256 -0.049691
v 0.122212 0.078225 -0.182903
v 0.029882 0.104256 -0.044721
v 0.155546 0.078225 -0.155546
v 0.038032 0.104256 -0.038032
v 0.182903 0.078225 -0.122212
v 0.044721 0.104256 -0.029882
v 0.203231 0.078225 -0.084181
v 0.049691 0.104256 -0.020583
v 0.215749 0.078225 -0.042915
v 0.052752 0.104256 -0.010493
v 0.219976 0.078225 0.000000
v 0.053786 0.104256 -0.000000
v 0.215749 0.078225 0.042915
v 0.052752 0.104256 0.010493
v 0.203231 0.078225 0.084181
v 0.049691 0.104256 0.020583
v 0.182903 0.078225 0.122212
v 0.044721 0.104256 0.029882
v 0.155546 0.078225 0.155546
v 0.038032 0.104256 0.038032
v 0.122212 0.078225 0.182903
v 0.029882 0.104256 0.044721
v 0.084181 0.078225 0.203231
v 0.020583 0.104256 0.049691
v 0.042915 0.078225 0.215749
v 0.010493 0.104256 0.052752
v 0.000000 0.078225 0.219976
v 0.000000 0.104256 0.053786
v -0.042915 0.078225 0.215749
v -0.010493 0.104256 0.052752
v -0.084181 0.078225 0.203231
v -0.020583 0.104256 0.049691
v -0.122212 0.078225 0.182903
v -0.029882 0.104256 0.044721
v -0.155546 0.078225 0.155546
v -0.038032 0.104256 0.038032
v -0.182903 0.078225 0.122212
v -0.044721 0.104256 0.029882
v -0.203231 0.078225 0.084181
v -0.049691 0.104256 0.020583
v -0.215749 0.078225 0.042915
v -0.052752 0.104256 0.010493
v -0.219976 0.078225 0.000000
v -0.053786 0.104256 0.000000
v -0.215749 0.078225 -0.042915
v -0.052752 0.104256 -0.010493
v -0.203231 0.078225 -0.084181
v -0.049691 0.104256 -0.020583
v -0.182903 0.078225 -0.122212
v -0.044721 0.104256 -0.029882
v -0.155546 0.078225 -0.155546
v -0.038032 0.104256 -0.038032
v -0.122212 0.078225 -0.182903
v -0.029882 0.104256 -0.044721
v -0.084181 0.078225 -0.203231
v -0.020583 0.104256 -0.049691
v -0.042915 0.078225 -0.215749
v -0.010493 0.104256 -0.052752
v 0.042915 0.087170 -0.215749
v 0.000000 0.087170 -0.219976
v 0.084181 0.087170 -0.203231
v 0.122212 0.087170 -0.182903
v 0.155546 0.087170 -0.155546
v 0.182903 0.087170 -0.122212
v 0.203231 0.087170 -0.084181
v 0.215749 0.087170 -0.042915
v 0.219976 0.087170 0.000000
v 0.215749 0.087170 0.042915
v 0.203231 0.087170 0.084181
v 0.182903 0.087170 0.122212
v 0.155546 0.087170 0.155546
v 0.122212 0.087170 0.182903
v 0.084181 0.087170 0.203231
v 0.042915 0.087170 0.215749
v 0.000000 0.087170 0.219976
v -0.042915 0.087170 0.215749
v -0.084181 0.087170 0.203231
v -0.122212 0.087170 0.182903
v -0.155546 0.087170 0.155546
v -0.182903 0.087170 0.122212
v -0.203231 0.087170 0.084181
v -0.215749 0.087170 0.042915
v -0.219976 0.087170 0.000000
v -0.215749 0.087170 -0.042915
v -0.203231 0.087170 -0.084181
v -0.182903 0.087170 -0.122212
v -0.155546 0.087170 -0.155546
v -0.122212 0.087170 -0.182903
v -0.084181 0.087170 -0.203231
v -0.042915 0.087170 -0.215749
v 0.040758 0.087170 -0.204906
v 0.000000 0.087170 -0.208921
v 0.079950 0.087170 -0.193017
v 0.116070 0.087170 -0.173711
v 0.147729 0.087170 -0.147729
v 0.173711 0.087170 -0.116070
v 0.193017 0.087170 -0.079950
v 0.204906 0.087170 -0.040758
v 0.208921 0.087170 -0.000000
v 0.204906 0.087170 0.040758
v 0.193017 0.087170 0.079950
v 0.173711 0.087170 0.116070
v 0.147729 0.087170 0.147729
v 0.116070 0.087170 0.173711
v 0.079950 0.087170 0.193017
v 0.040758 0.087170 0.204906
v 0.000000 0.087170 0.208921
v -0.040758 0.087170 0.204906
v -0.079950 0.087170 0.193017
v -0.116070 0.087170 0.173711
v -0.147729 0.087170 0.147729
v -0.173711 0.087170 0.116070
v -0.193017 0.087170 0.079950
v -0.204906 0.087170 0.040758
v -0.208921 0.087170 -0.000000
v -0.204906 0.087170 -0.040758
v -0.193017 0.087170 -0.079950
v -0.173711 0.087170 -0.116070
v -0.147729 0.087170 -0.147729
v -0.116070 0.087170 -0.173711
v -0.079950 0.087170 -0.193017
v -0.040758 0.087170 -0.204906
v 0.036784 0.099790 -0.184925
v 0.000000 0.099790 -0.188547
v 0.072154 0.099790 -0.174195
v 0.104751 0.099790 -0.156771
v 0.133323 0.099790 -0.133323
v 0.156771 0.099790 -0.104751
v 0.174195 0.099790 -0.072154
v 0.184925 0.099790 -0.036784
v 0.188547 0.099790 -0.000000
v 0.184925 0.099790 0.036784
v 0.174195 0.099790 0.072154
v 0.156771 0.099790 0.104751
v 0.133323 0.099790 0.133323
v 0.104751 0.099790 0.156771
v 0.072154 0.099790 0.174195
v 0.036784 0.099790 0.184925
v 0.000000 0.099790 0.188547
v -0.036784 0.099790 0.184925
v -0.072154 0.099790 0.174195
v -0.104751 0.099790 0.156771
v -0.133323 0.099790 0.133323
v -0.156771 0.099790 0.104751
v -0.174195 0.099790 0.072154
v -0.184925 0.099790 0.036784
v -0.188547 0.099790 -0.000000
v -0.184925 0.099790 -0.036784
v -0.174195 0.099790 -0.072154
v -0.156771 0.099790 -0.104751
v -0.133323 0.099790 -0.133323
v -0.104751 0.099790 -0.156771
v -0.072154 0.099790 -0.174195
v -0.036784 0.099790 -0.184925
v 0.035501 0.099790 -0.178478
v 0.000000 0.099790 -0.181974
v 0.069639 0.099790 -0.168122
v 0.101100 0.099790 -0.151306
v 0.128675 0.099790 -0.128675
v 0.151306 0.099790 -0.101100
v 0.168122 0.099790 -0.069639
v 0.178478 0.099790 -0.035501
v 0.181974 0.099790 -0.000000
v 0.178478 0.099790 0.035501
v 0.168122 0.099790 0.069639
v 0.151306 0.099790 0.101100
v 0.128675 0.099790 0.128675
v 0.101100 0.099790 0.151306
v 0.069639 0.099790 0.168122
v 0.035501 0.099790 0.178478
v 0.000000 0.099790 0.181974
v -0.035501 0.099790 0.178478
v -0.069639 0.099790 0.168122
v -0.101100 0.099790 0.151306
v -0.128675 0.099790 0.128675
v -0.151306 0.099790 0.101100
v -0.168122 0.099790 0.069639
v -0.178478 0.099790 0.035501
v -0.181974 0.099790 -0.000000
v -0.178478 0.099790 -0.035501
v -0.168122 0.099790 -0.069639
v -0.151306 0.099790 -0.101100
v -0.128675 0.099790 -0.128675
v -0.101100 0.099790 -0.151306
v -0.069639 0.099790 -0.168122
v -0.035501 0.099790 -0.178478
v 0.034477 0.104256 -0.173326
v 0.000000 0.104256 -0.176721
v 0.067628 0.104256 -0.163269
v 0.098181 0.104256 -0.146938
v 0.124961 0.104256 -0.124961
v 0.146938 0.104256 -0.098181
v 0.163269 0.104256 -0.067628
v 0.173326 0.104256 -0.034477
v 0.176721 0.104256 0.000000
v 0.173326 0.104256 0.034477
v 0.163269 0.104256 0.067628
v 0.146938 0.104256 0.098181
v 0.124961 0.104256 0.124961
v 0.098181 0.104256 0.146938
v 0.067628 0.104256 0.163269
v 0.034477 0.104256 0.173326
v 0.000000 0.104256 0.176721
v -0.034477 0.104256 0.173326
v -0.067628 0.104256 0.163269
v -0.098181 0.104256 0.146938
v -0.124961 0.104256 0.124961
v -0.146938 0.104256 0.098181
v -0.163269 0.104256 0.067628
v -0.173326 0.104256 0.034477
v -0.176721 0.104256 0.000000
v -0.173326 0.104256 -0.034477
v -0.163269 0.104256 -0.067628
v -0.146938 0.104256 -0.098181
v -0.124961 0.104256 -0.124961
v -0.098181 0.104256 -0.146938
v -0.067628 0.104256 -0.163269
v -0.034477 0.104256 -0.173326
v 0.012830 0.104256 -0.064501
v 0.000000 0.104256 -0.065764
v 0.025167 0.104256 -0.060758
v 0.036537 0.104256 -0.054681
v 0.046502 0.104256 -0.046502
v 0.054681 0.104256 -0.036537
v 0.060758 0.104256 -0.025167
v 0.064501 0.104256 -0.012830
v 0.065764 0.104256 0.000000
v 0.064501 0.104256 0.012830
v 0.060758 0.104256 0.025167
v 0.054681 0.104256 0.036537
v 0.046502 0.104256 0.046502
v 0.036537 0.104256 0.054681
v 0.025167 0.104256 0.060758
v 0.012830 0.104256 0.064501
v 0.000000 0.104256 0.065764
v -0.012830 0.104256 0.064501
v -0.025167 0.104256 0.060758
v -0.036537 0.104256 0.054681
v -0.046502 0.104256 0.046502
v -0.054681 0.104256 0.036537
v -0.060758 0.104256 0.025167
v -0.064501 0.104256 0.012830
v -0.065764 0.104256 0.000000
v -0.064501 0.104256 -0.012830
v -0.060758 0.104256 -0.025167
v -0.054681 0.104256 -0.036537
v -0.046502 0.104256 -0.046502
v -0.036537 0.104256 -0.054681
v -0.025167 0.104256 -0.060758
v -0.012830 0.104256 -0.064501
v 0.012506 0.099805 -0.062873
v 0.000000 0.099805 -0.064104
v 0.024532 0.099805 -0.059225
v 0.035614 0.099805 -0.053301
v 0.045329 0.099805 -0.045329
v 0.053301 0.099805 -0.035614
v 0.059225 0.099805 -0.024532
v 0.062873 0.099805 -0.012506
v 0.064104 0.099805 -0.000000
v 0.062873 0.099805 0.012506
v 0.059225 0.099805 0.024532
v 0.053301 0.099805 0.035614
v 0.045329 0.099805 0.045329
v 0.035614 0.099805 0.053301
v 0.024532 0.099805 0.059225
v 0.012506 0.099805 0.062873
v 0.000000 0.099805 0.064104
v -0.012506 0.099805 0.062873
v -0.024532 0.099805 0.059225
v -0.035614 0.099805 0.053301
v -0.045329 0.099805 0.045329
v -0.053301 0.099805 0.035614
v -0.059225 0.099805 0.024532
v -0.062873 0.099805 0.012506
v -0.064104 0.099805 0.000000
v -0.062873 0.099805 -0.012506
v -0.059225 0.099805 -0.024532
v -0.053301 0.099805 -0.035614
v -0.045329 0.099805 -0.045329
v -0.035614 0.099805 -0.053301
v -0.024532 0.099805 -0.059225
v -0.012506 0.099805 -0.062873
v 0.010815 0.099805 -0.054371
v 0.000000 0.099805 -0.055437
v 0.021215 0.099805 -0.051217
v 0.030799 0.099805 -0.046094
v 0.039200 0.099805 -0.039200
v 0.046094 0.099805 -0.030799
v 0.051217 0.099805 -0.021215
v 0.054371 0.099805 -0.010815
v 0.055437 0.099805 -0.000000
v 0.054371 0.099805 0.010815
v 0.051217 0.099805 0.021215
v 0.046094 0.099805 0.030799
v 0.039200 0.099805 0.039200
v 0.030799 0.099805 0.046094
v 0.021215 0.099805 0.051217
v 0.010815 0.099805 0.054371
v 0.000000 0.099805 0.055437
v -0.010815 0.099805 0.054371
v -0.021215 0.099805 0.051217
v -0.030799 0.099805 0.046094
v -0.039200 0.099805 0.039200
v -0.046094 0.099805 0.030799
v -0.051217 0.099805 0.021215
v -0.054371 0.099805 0.010815
v -0.055437 0.099805 0.000000
v -0.054371 0.099805 -0.010815
v -0.051217 0.099805 -0.021215
v -0.046094 0.099805 -0.030799
v -0.039200 0.099805 -0.039200
v -0.030799 0.099805 -0.046094
v -0.021215 0.099805 -0.051217
v -0.010815 0.099805 -0.054371
v 0.000000 0.104256 0.000000
v 0.000000 0.078225 -0.000000
v -0.174682 0.247254 0.003143
v -0.209219 0.291059 0.003143
v -0.230831 0.334679 0.003143
v -0.242955 0.378284 0.003143
v -0.247027 0.421935 0.003143
v -0.242955 0.465586 0.003143
v -0.230831 0.509191 0.003143
v -0.209219 0.552811 0.003143
v 0.174682 0.247254 0.003143
v 0.209219 0.291059 0.003143
v 0.230831 0.334679 0.003143
v 0.242955 0.378284 0.003143
v 0.247027 0.421935 0.003143
v 0.242955 0.465586 0.003143
v 0.230831 0.509191 0.003143
v 0.209219 0.552811 0.003143
v 0.130876 0.212716 0.003143
v 0.087256 0.191104 0.003143
v 0.043651 0.178980 0.003143
v 0.000000 0.174908 0.003143
v -0.043651 0.178980 0.003143
v -0.087256 0.191104 0.003143
v -0.130876 0.212716 0.003143
v 0.174682 0.596617 0.003143
v 0.130876 0.631154 0.003143
v 0.087256 0.652766 0.003143
v 0.043651 0.664890 0.003143
v 0.000000 0.668962 0.003143
v -0.043651 0.664890 0.003143
v -0.087256 0.652766 0.003143
v -0.130876 0.631154 0.003143
v -0.174682 0.596617 0.003143
v -0.185396 0.236539 0.003143
v -0.222007 0.282973 0.003143
v -0.244947 0.329275 0.003143
v -0.257813 0.375548 0.003143
v -0.262140 0.421935 0.003143
v -0.257813 0.468322 0.003143
v -0.244947 0.514595 0.003143
v -0.222007 0.560897 0.003143
v 0.185396 0.236539 0.003143
v 0.222007 0.282973 0.003143
v 0.244948 0.329275 0.003143
v 0.257813 0.375548 0.003143
v 0.262140 0.421935 0.003143
v 0.257813 0.468322 0.003143
v 0.244948 0.514595 0.003143
v 0.222007 0.560897 0.003143
v 0.138962 0.199928 0.003143
v 0.092660 0.176988 0.003143
v 0.046387 0.164122 0.003143
v 0.000000 0.159795 0.003143
v -0.046387 0.164122 0.003143
v -0.092660 0.176988 0.003143
v -0.138962 0.199928 0.003143
v 0.185396 0.607331 0.003143
v 0.138962 0.643942 0.003143
v 0.092660 0.666883 0.003143
v 0.046387 0.679748 0.003143
v 0.000000 0.684075 0.003143
v -0.046387 0.679748 0.003143
v -0.092660 0.666883 0.003143
v -0.138962 0.643942 0.003143
v -0.185396 0.607331 0.003143
v 0.043651 0.664890 -0.003143
v 0.046387 0.679748 -0.003143
v 0.000000 0.668962 -0.003143
v 0.000000 0.684075 -0.003143
v -0.043651 0.664890 -0.003143
v -0.046387 0.679748 -0.003143
v -0.087256 0.652766 -0.003143
v -0.092660 0.666883 -0.003143
v -0.130876 0.631154 -0.003143
v -0.138962 0.643942 -0.003143
v -0.174682 0.596617 -0.003143
v -0.185396 0.607331 -0.003143
v -0.209219 0.552811 -0.003143
v -0.222007 0.560897 -0.003143
v -0.230831 0.509191 -0.003143
v -0.244947 0.514595 -0.003143
v -0.242955 0.465586 -0.003143
v -0.257813 0.468322 -0.003143
v -0.247027 0.421935 -0.003143
v -0.262140 0.421935 -0.003143
v -0.242955 0.378284 -0.003143
v -0.257813 0.375548 -0.003143
v -0.230831 0.334679 -0.003143
v -0.244947 0.329275 -0.003143
v -0.209219 0.291059 -0.003143
v -0.222007 0.282973 -0.003143
v -0.174682 0.247254 -0.003143
v -0.185396 0.236539 -0.003143
v -0.130876 0.212716 -0.003143
v -0.138962 0.199928 -0.003143
v -0.087256 0.191104 -0.003143
v -0.092660 0.176988 -0.003143
v -0.043651 0.178980 -0.003143
v -0.046387 0.164122 -0.003143
v 0.000000 0.174908 -0.003143
v 0.000000 0.159795 -0.003143
v 0.043651 0.178980 -0.003143
v 0.046387 0.164122 -0.003143
v 0.087256 0.191104 -0.003143
v 0.092660 0.176988 -0.003143
v 0.130876 0.212716 -0.003143
v 0.138962 0.199928 -0.003143
v 0.174682 0.247254 -0.003143
v 0.185396 0.236539 -0.003143
v 0.209219 0.291059 -0.003143
v 0.222007 0.282973 -0.003143
v 0.230831 0.334679 -0.003143
v 0.244948 0.329275 -0.003143
v 0.242955 0.378284 -0.003143
v 0.257813 0.375548 -0.003143
v 0.247027 0.421935 -0.003143
v 0.262140 0.421935 -0.003143
v 0.242955 0.465586 -0.003143
v 0.257813 0.468322 -0.003143
v 0.230831 0.509191 -0.003143
v 0.244948 0.514595 -0.003143
v 0.209219 0.552811 -0.003143
v 0.222007 0.560897 -0.003143
v 0.174682 0.596617 -0.003143
v 0.185396 0.607331 -0.003143
v 0.087256 0.652766 -0.003143
v 0.092660 0.666883 -0.003143
v 0.130876 0.631154 -0.003143
v 0.138962 0.643942 -0.003143
v 0.223970 0.047245 -0.241350
v 0.223970 0.090504 -0.247652
v 0.230595 0.047245 -0.240032
v 0.233007 0.090504 -0.245855
v 0.236211 0.047245 -0.236280
v 0.240667 0.090504 -0.240736
v 0.239964 0.047245 -0.230664
v 0.245786 0.090504 -0.233075
v 0.241282 0.047245 -0.224039
v 0.247584 0.090504 -0.224039
v 0.239964 0.047245 -0.217414
v 0.245786 0.090504 -0.215002
v 0.236211 0.047245 -0.211798
v 0.240667 0.090504 -0.207342
v 0.230595 0.047245 -0.208045
v 0.233007 0.090504 -0.202223
v 0.223970 0.047245 -0.206727
v 0.223970 0.090504 -0.200425
v 0.217345 0.047245 -0.208045
v 0.214934 0.090504 -0.202223
v 0.211729 0.047245 -0.211798
v 0.207273 0.090504 -0.207342
v 0.207976 0.047245 -0.217414
v 0.202154 0.090504 -0.215002
v 0.206659 0.047245 -0.224039
v 0.200357 0.090504 -0.224039
v 0.207976 0.047245 -0.230664
v 0.202154 0.090504 -0.233075
v 0.211729 0.047245 -0.236280
v 0.207273 0.090504 -0.240736
v 0.217345 0.047245 -0.240032
v 0.214934 0.090504 -0.245855
v 0.231392 0.095418 -0.241956
v 0.223970 0.095418 -0.243432
v 0.237684 0.095418 -0.237752
v 0.241888 0.095418 -0.231460
v 0.243364 0.095418 -0.224039
v 0.241888 0.095418 -0.216617
v 0.237684 0.095418 -0.210325
v 0.231392 0.095418 -0.206121
v 0.223970 0.095418 -0.204645
v 0.216549 0.095418 -0.206121
v 0.210257 0.095418 -0.210325
v 0.206053 0.095418 -0.216617
v 0.204576 0.095418 -0.224039
v 0.206053 0.095418 -0.231460
v 0.210257 0.095418 -0.237752
v 0.216549 0.095418 -0.241956
v 0.228750 0.370670 -0.235579
v 0.223970 0.370670 -0.236530
v 0.232803 0.370670 -0.232871
v 0.235511 0.370670 -0.228819
v 0.236462 0.370670 -0.224039
v 0.235511 0.370670 -0.219258
v 0.232803 0.370670 -0.215206
v 0.228750 0.370670 -0.212498
v 0.223970 0.370670 -0.211547
v 0.219190 0.370670 -0.212498
v 0.215138 0.370670 -0.215206
v 0.212430 0.370670 -0.219258
v 0.211479 0.370670 -0.224039
v 0.212430 0.370670 -0.228819
v 0.215138 0.370670 -0.232871
v 0.219190 0.370670 -0.235579
v 0.229001 0.389963 -0.236184
v 0.223970 0.389963 -0.237185
v 0.233266 0.389963 -0.233334
v 0.236116 0.389963 -0.229069
v 0.237116 0.389963 -0.224039
v 0.236116 0.389963 -0.219008
v 0.233266 0.389963 -0.214743
v 0.229001 0.389963 -0.211893
v 0.223970 0.389963 -0.210893
v 0.218940 0.389963 -0.211893
v 0.214675 0.389963 -0.214743
v 0.211825 0.389963 -0.219008
v 0.210824 0.389963 -0.224039
v 0.211825 0.389963 -0.229069
v 0.214675 0.389963 -0.233334
v 0.218940 0.389963 -0.236184
v 0.231004 0.398545 -0.241021
v 0.223970 0.398545 -0.242420
v 0.236968 0.398545 -0.237036
v 0.240952 0.398545 -0.231073
v 0.242351 0.398545 -0.224039
v 0.240952 0.398545 -0.217005
v 0.236968 0.398545 -0.211041
v 0.231004 0.398545 -0.207057
v 0.223970 0.398545 -0.205658
v 0.216936 0.398545 -0.207057
v 0.210973 0.398545 -0.211041
v 0.206988 0.398545 -0.217005
v 0.205589 0.398545 -0.224039
v 0.206988 0.398545 -0.231073
v 0.210973 0.398545 -0.237036
v 0.216936 0.398545 -0.241021
v 0.212559 0.392154 -0.235450
v 0.211373 0.395314 -0.236636
v 0.217153 0.395314 -0.240498
v 0.217794 0.392154 -0.238949
v 0.230146 0.392154 -0.209129
v 0.230788 0.395314 -0.207579
v 0.223970 0.395314 -0.206223
v 0.223970 0.392154 -0.207900
v 0.223970 0.392154 -0.240177
v 0.223970 0.395314 -0.241854
v 0.230788 0.395314 -0.240498
v 0.230146 0.392154 -0.238949
v 0.217153 0.395314 -0.207579
v 0.217794 0.392154 -0.209129
v 0.236568 0.395314 -0.236636
v 0.235382 0.392154 -0.235450
v 0.211373 0.395314 -0.211441
v 0.212559 0.392154 -0.212627
v 0.240430 0.395314 -0.230856
v 0.238880 0.392154 -0.230215
v 0.207511 0.395314 -0.217221
v 0.209060 0.392154 -0.217863
v 0.241786 0.395314 -0.224039
v 0.240109 0.392154 -0.224039
v 0.206155 0.395314 -0.224039
v 0.207832 0.392154 -0.224039
v 0.240430 0.395314 -0.217221
v 0.238880 0.392154 -0.217863
v 0.207511 0.395314 -0.230856
v 0.209060 0.392154 -0.230215
v 0.236568 0.395314 -0.211441
v 0.235382 0.392154 -0.212627
v 0.219720 0.386142 -0.213779
v 0.216118 0.386142 -0.216186
v 0.231823 0.386142 -0.231891
v 0.234230 0.386142 -0.228289
v 0.213710 0.386142 -0.219789
v 0.235076 0.386142 -0.224039
v 0.212865 0.386142 -0.224039
v 0.234230 0.386142 -0.219789
v 0.213710 0.386142 -0.228289
v 0.231823 0.386142 -0.216186
v 0.216118 0.386142 -0.231891
v 0.228220 0.386142 -0.213779
v 0.219720 0.386142 -0.234299
v 0.223970 0.386142 -0.212933
v 0.223970 0.386142 -0.235144
v 0.228220 0.386142 -0.234299
v 0.218764 0.388556 -0.211469
v 0.233591 0.388556 -0.233659
v 0.223970 0.388556 -0.237644
v 0.214350 0.388556 -0.214418
v 0.236540 0.388556 -0.229245
v 0.211400 0.388556 -0.218832
v 0.237576 0.388556 -0.224039
v 0.210365 0.388556 -0.224039
v 0.236540 0.388556 -0.218832
v 0.211400 0.388556 -0.229245
v 0.233591 0.388556 -0.214418
v 0.214350 0.388556 -0.233659
v 0.229177 0.388556 -0.211469
v 0.218764 0.388556 -0.236609
v 0.223970 0.388556 -0.210433
v 0.229177 0.388556 -0.236609
v 0.216369 0.381887 -0.216437
v 0.233902 0.381887 -0.228153
v 0.214038 0.381887 -0.219925
v 0.234720 0.381887 -0.224039
v 0.213220 0.381887 -0.224039
v 0.233902 0.381887 -0.219925
v 0.214038 0.381887 -0.228153
v 0.231572 0.381887 -0.216437
v 0.216369 0.381887 -0.231640
v 0.228084 0.381887 -0.214107
v 0.219856 0.381887 -0.233971
v 0.223970 0.381887 -0.213288
v 0.228084 0.381887 -0.233971
v 0.219856 0.381887 -0.214107
v 0.231572 0.381887 -0.231640
v 0.223970 0.381887 -0.234789
v 0.228330 0.369732 -0.213514
v 0.223970 0.369732 -0.235431
v 0.219611 0.369732 -0.234564
v 0.223970 0.369732 -0.212647
v 0.228330 0.369732 -0.234564
v 0.219611 0.369732 -0.213514
v 0.232026 0.369732 -0.232094
v 0.215915 0.369732 -0.215983
v 0.234495 0.369732 -0.228398
v 0.213445 0.369732 -0.219679
v 0.235362 0.369732 -0.224039
v 0.212578 0.369732 -0.224039
v 0.234495 0.369732 -0.219679
v 0.213445 0.369732 -0.228398
v 0.232026 0.369732 -0.215983
v 0.215915 0.369732 -0.232094
v 0.215376 0.372552 -0.215445
v 0.235199 0.372552 -0.228690
v 0.212741 0.372552 -0.219388
v 0.236124 0.372552 -0.224039
v 0.211816 0.372552 -0.224039
v 0.235199 0.372552 -0.219388
v 0.212741 0.372552 -0.228690
v 0.232564 0.372552 -0.215445
v 0.215376 0.372552 -0.232633
v 0.228621 0.372552 -0.212810
v 0.219319 0.372552 -0.235268
v 0.223970 0.372552 -0.211885
v 0.228621 0.372552 -0.235268
v 0.219319 0.372552 -0.212810
v 0.232564 0.372552 -0.232633
v 0.223970 0.372552 -0.236193
v 0.218505 0.374203 -0.210843
v 0.218628 0.375790 -0.211141
v 0.234069 0.374203 -0.234138
v 0.233842 0.375790 -0.233910
v 0.223970 0.374203 -0.238321
v 0.223970 0.375790 -0.237999
v 0.214099 0.375790 -0.214167
v 0.213871 0.374203 -0.213940
v 0.236868 0.375790 -0.229381
v 0.237166 0.374203 -0.229504
v 0.211073 0.375790 -0.218696
v 0.210775 0.374203 -0.218573
v 0.237930 0.375790 -0.224039
v 0.238253 0.374203 -0.224039
v 0.210010 0.375790 -0.224039
v 0.209688 0.374203 -0.224039
v 0.236868 0.375790 -0.218696
v 0.237166 0.374203 -0.218573
v 0.211073 0.375790 -0.229381
v 0.210775 0.374203 -0.229504
v 0.233842 0.375790 -0.214167
v 0.234069 0.374203 -0.213940
v 0.214099 0.375790 -0.233910
v 0.213871 0.374203 -0.234138
v 0.229313 0.375790 -0.211141
v 0.229436 0.374203 -0.210843
v 0.218628 0.375790 -0.236936
v 0.218505 0.374203 -0.237234
v 0.223970 0.375790 -0.210079
v 0.223970 0.374203 -0.209756
v 0.229313 0.375790 -0.236936
v 0.229436 0.374203 -0.237234
v 0.214184 0.373108 -0.214252
v 0.236757 0.373108 -0.229335
v 0.211184 0.373108 -0.218742
v 0.237810 0.373108 -0.224039
v 0.210130 0.373108 -0.224039
v 0.236757 0.373108 -0.218742
v 0.211184 0.373108 -0.229335
v 0.233757 0.373108 -0.214252
v 0.214184 0.373108 -0.233825
v 0.229267 0.373108 -0.211252
v 0.218674 0.373108 -0.236825
v 0.223970 0.373108 -0.210199
v 0.229267 0.373108 -0.236825
v 0.218674 0.373108 -0.211252
v 0.233757 0.373108 -0.233825
v 0.223970 0.373108 -0.237879
v 0.223970 0.166398 -0.206772
v 0.230578 0.166398 -0.239991
v 0.217362 0.166398 -0.208086
v 0.236180 0.166398 -0.236248
v 0.211761 0.166398 -0.211829
v 0.239923 0.166398 -0.230647
v 0.208018 0.166398 -0.217431
v 0.241237 0.166398 -0.224039
v 0.206703 0.166398 -0.224039
v 0.239923 0.166398 -0.217431
v 0.208018 0.166398 -0.230647
v 0.236180 0.166398 -0.211829
v 0.211761 0.166398 -0.236248
v 0.230578 0.166398 -0.208086
v 0.223970 0.166398 -0.241306
v 0.217362 0.166398 -0.239991
v 0.223970 0.165455 -0.205156
v 0.231196 0.165455 -0.241484
v 0.216744 0.165455 -0.206593
v 0.237323 0.165455 -0.237391
v 0.210618 0.165455 -0.210686
v 0.241416 0.165455 -0.231265
v 0.206525 0.165455 -0.216813
v 0.242853 0.165455 -0.224039
v 0.205087 0.165455 -0.224039
v 0.241416 0.165455 -0.216813
v 0.206525 0.165455 -0.231265
v 0.237323 0.165455 -0.210686
v 0.210618 0.165455 -0.237391
v 0.231196 0.165455 -0.206593
v 0.223970 0.165455 -0.242922
v 0.216744 0.165455 -0.241484
v 0.223970 0.142138 -0.204986
v 0.231262 0.142138 -0.241641
v 0.216679 0.142138 -0.206436
v 0.237443 0.142138 -0.237511
v 0.210498 0.142138 -0.210566
v 0.241573 0.142138 -0.231330
v 0.206368 0.142138 -0.216747
v 0.243023 0.142138 -0.224039
v 0.204917 0.142138 -0.224039
v 0.241573 0.142138 -0.216747
v 0.206368 0.142138 -0.231330
v 0.237443 0.142138 -0.210566
v 0.210498 0.142138 -0.237511
v 0.231262 0.142138 -0.206436
v 0.223970 0.142138 -0.243092
v 0.216679 0.142138 -0.241641
v 0.223970 0.130840 -0.204903
v 0.231293 0.130840 -0.241718
v 0.216647 0.130840 -0.206360
v 0.237501 0.130840 -0.237570
v 0.210439 0.130840 -0.210508
v 0.241649 0.130840 -0.231362
v 0.206291 0.130840 -0.216716
v 0.243106 0.130840 -0.224039
v 0.204835 0.130840 -0.224039
v 0.241649 0.130840 -0.216716
v 0.206291 0.130840 -0.231362
v 0.237501 0.130840 -0.210508
v 0.210439 0.130840 -0.237570
v 0.231293 0.130840 -0.206360
v 0.223970 0.130840 -0.243174
v 0.216647 0.130840 -0.241718
v 0.233214 0.131684 -0.201722
v 0.233201 0.141294 -0.201754
v 0.223970 0.131684 -0.248194
v 0.223970 0.141294 -0.248160
v 0.214726 0.131684 -0.246356
v 0.214740 0.141294 -0.246324
v 0.223970 0.141294 -0.199918
v 0.223970 0.131684 -0.199883
v 0.233201 0.141294 -0.246324
v 0.233214 0.131684 -0.246356
v 0.214740 0.141294 -0.201754
v 0.214726 0.131684 -0.201722
v 0.241026 0.141294 -0.241095
v 0.241051 0.131684 -0.241119
v 0.206914 0.141294 -0.206983
v 0.206890 0.131684 -0.206958
v 0.246255 0.141294 -0.233269
v 0.246287 0.131684 -0.233283
v 0.201685 0.141294 -0.214808
v 0.201653 0.131684 -0.214795
v 0.248091 0.141294 -0.224039
v 0.248126 0.131684 -0.224039
v 0.199849 0.141294 -0.224039
v 0.199815 0.131684 -0.224039
v 0.246255 0.141294 -0.214808
v 0.246287 0.131684 -0.214795
v 0.201685 0.141294 -0.233269
v 0.201653 0.131684 -0.233283
v 0.241026 0.141294 -0.206983
v 0.241051 0.131684 -0.206958
v 0.206914 0.141294 -0.241095
v 0.206890 0.131684 -0.241119
v 0.223970 0.049707 -0.247652
v 0.233007 0.049707 -0.245855
v 0.240667 0.049707 -0.240736
v 0.245786 0.049707 -0.233075
v 0.247584 0.049707 -0.224039
v 0.245786 0.049707 -0.215002
v 0.240667 0.049707 -0.207342
v 0.233007 0.049707 -0.202223
v 0.223970 0.049707 -0.200425
v 0.214934 0.049707 -0.202223
v 0.207273 0.049707 -0.207342
v 0.202154 0.049707 -0.215002
v 0.200357 0.049707 -0.224039
v 0.202154 0.049707 -0.233075
v 0.207273 0.049707 -0.240736
v 0.214934 0.049707 -0.245855
v 0.223970 0.045129 -0.241350
v 0.230595 0.045129 -0.240032
v 0.236211 0.045129 -0.236280
v 0.239964 0.045129 -0.230664
v 0.241282 0.045129 -0.224039
v 0.239964 0.045129 -0.217414
v 0.236211 0.045129 -0.211798
v 0.230595 0.045129 -0.208045
v 0.223970 0.045129 -0.206727
v 0.217345 0.045129 -0.208045
v 0.211729 0.045129 -0.211798
v 0.207976 0.045129 -0.217414
v 0.206659 0.045129 -0.224039
v 0.207976 0.045129 -0.230664
v 0.211729 0.045129 -0.236280
v 0.217345 0.045129 -0.240032
v 0.223970 0.032433 -0.242970
v 0.231215 0.032433 -0.241529
v 0.237356 0.032433 -0.237425
v 0.241460 0.032433 -0.231283
v 0.242901 0.032433 -0.224039
v 0.241460 0.032433 -0.216794
v 0.237356 0.032433 -0.210653
v 0.231215 0.032433 -0.206549
v 0.223970 0.032433 -0.205108
v 0.216726 0.032433 -0.206549
v 0.210584 0.032433 -0.210653
v 0.206480 0.032433 -0.216794
v 0.205039 0.032433 -0.224039
v 0.206480 0.032433 -0.231283
v 0.210584 0.032433 -0.237425
v 0.216726 0.032433 -0.241529
v 0.205193 0.033637 -0.224039
v 0.206622 0.033637 -0.216853
v 0.241318 0.033637 -0.216853
v 0.242748 0.033637 -0.224039
v 0.206622 0.033637 -0.231224
v 0.237248 0.033637 -0.210761
v 0.210693 0.033637 -0.237316
v 0.231156 0.033637 -0.206691
v 0.216784 0.033637 -0.241387
v 0.223970 0.033637 -0.205261
v 0.231156 0.033637 -0.241387
v 0.223970 0.033637 -0.242816
v 0.216784 0.033637 -0.206691
v 0.237248 0.033637 -0.237316
v 0.210693 0.033637 -0.210761
v 0.241318 0.033637 -0.231224
v 0.210564 0.039383 -0.218486
v 0.238481 0.039383 -0.224039
v 0.223970 0.039383 -0.238549
v 0.209460 0.039383 -0.224039
v 0.237376 0.039383 -0.218486
v 0.210564 0.039383 -0.229592
v 0.234231 0.039383 -0.213778
v 0.213710 0.039383 -0.234299
v 0.229523 0.039383 -0.210633
v 0.218417 0.039383 -0.237444
v 0.223970 0.039383 -0.209528
v 0.229523 0.039383 -0.237444
v 0.218417 0.039383 -0.210633
v 0.234231 0.039383 -0.234299
v 0.213710 0.039383 -0.213778
v 0.237376 0.039383 -0.229592
v 0.210454 0.042747 -0.218440
v 0.238600 0.042747 -0.224039
v 0.223970 0.042747 -0.238668
v 0.209341 0.042747 -0.224039
v 0.237486 0.042747 -0.218440
v 0.210454 0.042747 -0.229637
v 0.234315 0.042747 -0.213694
v 0.213626 0.042747 -0.234383
v 0.229569 0.042747 -0.210523
v 0.218372 0.042747 -0.237555
v 0.223970 0.042747 -0.209409
v 0.229569 0.042747 -0.237555
v 0.218372 0.042747 -0.210523
v 0.234315 0.042747 -0.234383
v 0.213626 0.042747 -0.213694
v 0.237486 0.042747 -0.229637
v 0.208344 0.035858 -0.224039
v 0.238407 0.035858 -0.218059
v 0.209534 0.035858 -0.230019
v 0.235020 0.035858 -0.212989
v 0.212921 0.035858 -0.235088
v 0.229950 0.035858 -0.209602
v 0.217990 0.035858 -0.238475
v 0.223970 0.035858 -0.208413
v 0.229950 0.035858 -0.238475
v 0.217990 0.035858 -0.209602
v 0.235020 0.035858 -0.235088
v 0.212921 0.035858 -0.212989
v 0.238407 0.035858 -0.230019
v 0.209534 0.035858 -0.218059
v 0.239596 0.035858 -0.224039
v 0.223970 0.035858 -0.239665
v 0.223970 0.000000 -0.239893
v 0.230037 0.000000 -0.238686
v 0.235181 0.000000 -0.235249
v 0.238618 0.000000 -0.230106
v 0.239825 0.000000 -0.224039
v 0.238618 0.000000 -0.217972
v 0.235181 0.000000 -0.212828
v 0.230037 0.000000 -0.209391
v 0.223970 0.000000 -0.208184
v 0.217903 0.000000 -0.209391
v 0.212759 0.000000 -0.212828
v 0.209323 0.000000 -0.217972
v 0.208116 0.000000 -0.224039
v 0.209323 0.000000 -0.230106
v 0.212759 0.000000 -0.235249
v 0.217903 0.000000 -0.238686
v 0.236565 0.024145 -0.193632
v 0.236124 0.006862 -0.194696
v 0.246428 0.006862 -0.201581
v 0.247243 0.024145 -0.200766
v 0.211375 0.024145 -0.254446
v 0.211816 0.006862 -0.253381
v 0.201512 0.006862 -0.246497
v 0.200698 0.024145 -0.247311
v 0.223970 0.024145 -0.191126
v 0.223970 0.006862 -0.192279
v 0.236565 0.024145 -0.254446
v 0.236124 0.006862 -0.253381
v 0.223970 0.006862 -0.255799
v 0.223970 0.024145 -0.256951
v 0.211375 0.024145 -0.193632
v 0.211816 0.006862 -0.194696
v 0.247243 0.024145 -0.247311
v 0.246428 0.006862 -0.246497
v 0.200698 0.024145 -0.200766
v 0.201512 0.006862 -0.201581
v 0.254377 0.024145 -0.236634
v 0.253313 0.006862 -0.236193
v 0.193563 0.024145 -0.211444
v 0.194628 0.006862 -0.211885
v 0.256883 0.024145 -0.224039
v 0.255730 0.006862 -0.224039
v 0.191058 0.024145 -0.224039
v 0.192210 0.006862 -0.224039
v 0.254377 0.024145 -0.211444
v 0.253313 0.006862 -0.211885
v 0.193563 0.024145 -0.236634
v 0.194628 0.006862 -0.236193
v 0.237316 0.018384 -0.191820
v 0.237158 0.012623 -0.192201
v 0.248338 0.012623 -0.199671
v 0.248629 0.018384 -0.199380
v 0.210625 0.018384 -0.256257
v 0.210783 0.012623 -0.255877
v 0.199603 0.012623 -0.248406
v 0.199311 0.018384 -0.248698
v 0.223970 0.018384 -0.189166
v 0.223970 0.012623 -0.189578
v 0.237316 0.018384 -0.256257
v 0.237158 0.012623 -0.255877
v 0.223970 0.012623 -0.258500
v 0.223970 0.018384 -0.258912
v 0.210625 0.018384 -0.191820
v 0.210783 0.012623 -0.192201
v 0.248629 0.018384 -0.248698
v 0.248338 0.012623 -0.248406
v 0.199311 0.018384 -0.199380
v 0.199603 0.012623 -0.199671
v 0.256189 0.018384 -0.237384
v 0.255808 0.012623 -0.237226
v 0.191752 0.018384 -0.210693
v 0.192132 0.012623 -0.210851
v 0.258843 0.018384 -0.224039
v 0.258431 0.012623 -0.224039
v 0.189097 0.018384 -0.224039
v 0.189509 0.012623 -0.224039
v 0.256189 0.018384 -0.210693
v 0.255808 0.012623 -0.210851
v 0.191752 0.018384 -0.237384
v 0.192132 0.012623 -0.237226
v 0.243834 0.028565 -0.204175
v 0.204107 0.028565 -0.243902
v 0.223970 0.028565 -0.252130
v 0.234720 0.028565 -0.198086
v 0.213220 0.028565 -0.249992
v 0.223970 0.028565 -0.195947
v 0.234720 0.028565 -0.249992
v 0.213220 0.028565 -0.198086
v 0.243834 0.028565 -0.243902
v 0.204107 0.028565 -0.204175
v 0.249923 0.028565 -0.234789
v 0.198017 0.028565 -0.213289
v 0.252061 0.028565 -0.224039
v 0.195879 0.028565 -0.224039
v 0.249923 0.028565 -0.213289
v 0.198017 0.028565 -0.234789
v 0.233674 0.002339 -0.200612
v 0.214267 0.002339 -0.247466
v 0.223970 0.002339 -0.198682
v 0.233674 0.002339 -0.247466
v 0.214267 0.002339 -0.200612
v 0.241900 0.002339 -0.241969
v 0.206040 0.002339 -0.206109
v 0.247397 0.002339 -0.233742
v 0.200543 0.002339 -0.214335
v 0.249327 0.002339 -0.224039
v 0.198613 0.002339 -0.224039
v 0.247397 0.002339 -0.214335
v 0.200543 0.002339 -0.233742
v 0.241900 0.002339 -0.206109
v 0.206040 0.002339 -0.241969
v 0.223970 0.002339 -0.249396
v 0.231550 0.398545 -0.242339
v 0.223970 0.398545 -0.243846
v 0.237976 0.398545 -0.238045
v 0.242270 0.398545 -0.231619
v 0.243778 0.398545 -0.224039
v 0.242270 0.398545 -0.216459
v 0.237976 0.398545 -0.210033
v 0.231550 0.398545 -0.205739
v 0.223970 0.398545 -0.204231
v 0.216390 0.398545 -0.205739
v 0.209964 0.398545 -0.210033
v 0.205670 0.398545 -0.216459
v 0.204163 0.398545 -0.224039
v 0.205670 0.398545 -0.231619
v 0.209964 0.398545 -0.238045
v 0.216390 0.398545 -0.242339
v 0.231550 0.408282 -0.242339
v 0.223970 0.408282 -0.243846
v 0.237976 0.408282 -0.238045
v 0.242270 0.408282 -0.231619
v 0.243778 0.408282 -0.224039
v 0.242270 0.408282 -0.216459
v 0.237976 0.408282 -0.210033
v 0.231550 0.408282 -0.205739
v 0.223970 0.408282 -0.204231
v 0.216390 0.408282 -0.205739
v 0.209964 0.408282 -0.210033
v 0.205670 0.408282 -0.216459
v 0.204163 0.408282 -0.224039
v 0.205670 0.408282 -0.231619
v 0.209964 0.408282 -0.238045
v 0.216390 0.408282 -0.242339
v 0.215530 0.376914 -0.215599
v 0.216306 0.378704 -0.216375
v 0.234998 0.376914 -0.228606
v 0.233984 0.378704 -0.228187
v 0.212943 0.376914 -0.219471
v 0.213957 0.378704 -0.219891
v 0.235906 0.376914 -0.224039
v 0.234809 0.378704 -0.224039
v 0.212034 0.376914 -0.224039
v 0.213132 0.378704 -0.224039
v 0.234998 0.376914 -0.219471
v 0.233984 0.378704 -0.219891
v 0.212943 0.376914 -0.228606
v 0.213957 0.378704 -0.228187
v 0.232410 0.376914 -0.215599
v 0.231634 0.378704 -0.216375
v 0.215530 0.376914 -0.232479
v 0.216306 0.378704 -0.231703
v 0.228538 0.376914 -0.213011
v 0.228118 0.378704 -0.214025
v 0.219403 0.376914 -0.235066
v 0.219822 0.378704 -0.234052
v 0.223970 0.376914 -0.212103
v 0.223970 0.378704 -0.213200
v 0.228538 0.376914 -0.235066
v 0.228118 0.378704 -0.234052
v 0.219822 0.378704 -0.214025
v 0.219403 0.376914 -0.213011
v 0.231634 0.378704 -0.231703
v 0.232410 0.376914 -0.232479
v 0.223970 0.378704 -0.234877
v 0.223970 0.376914 -0.235975
v 0.231897 0.000000 -0.232351
v 0.223970 0.000000 -0.233140
v 0.216043 0.000000 -0.232351
v 0.232551 0.000000 -0.224039
v 0.223970 0.000000 -0.224039
v 0.215390 0.000000 -0.224039
v 0.231897 0.000000 -0.215726
v 0.223970 0.000000 -0.214938
v 0.216043 0.000000 -0.215726
v 0.241350 0.047245 0.223970
v 0.247652 0.090504 0.223970
v 0.240032 0.047245 0.230595
v 0.245855 0.090504 0.233007
v 0.236280 0.047245 0.236211
v 0.240736 0.090504 0.240667
v 0.230664 0.047245 0.239964
v 0.233075 0.090504 0.245786
v 0.224039 0.047245 0.241282
v 0.224039 0.090504 0.247583
v 0.217414 0.047245 0.239964
v 0.215002 0.090504 0.245786
v 0.211798 0.047245 0.236211
v 0.207342 0.090504 0.240667
v 0.208045 0.047245 0.230595
v 0.202223 0.090504 0.233007
v 0.206727 0.047245 0.223970
v 0.200425 0.090504 0.223970
v 0.208045 0.047245 0.217345
v 0.202223 0.090504 0.214934
v 0.211798 0.047245 0.211729
v 0.207342 0.090504 0.207273
v 0.217414 0.047245 0.207976
v 0.215002 0.090504 0.202154
v 0.224039 0.047245 0.206659
v 0.224039 0.090504 0.200357
v 0.230664 0.047245 0.207976
v 0.233075 0.090504 0.202154
v 0.236280 0.047245 0.211729
v 0.240736 0.090504 0.207273
v 0.240032 0.047245 0.217345
v 0.245855 0.090504 0.214934
v 0.241956 0.095418 0.231392
v 0.243433 0.095418 0.223970
v 0.237752 0.095418 0.237684
v 0.231460 0.095418 0.241888
v 0.224039 0.095418 0.243364
v 0.216617 0.095418 0.241888
v 0.210325 0.095418 0.237684
v 0.206121 0.095418 0.231392
v 0.204645 0.095418 0.223970
v 0.206121 0.095418 0.216549
v 0.210325 0.095418 0.210257
v 0.216617 0.095418 0.206053
v 0.224039 0.095418 0.204576
v 0.231460 0.095418 0.206053
v 0.237752 0.095418 0.210257
v 0.241956 0.095418 0.216549
v 0.235579 0.370670 0.228750
v 0.236530 0.370670 0.223970
v 0.232871 0.370670 0.232803
v 0.228819 0.370670 0.235511
v 0.224039 0.370670 0.236462
v 0.219258 0.370670 0.235511
v 0.215206 0.370670 0.232803
v 0.212498 0.370670 0.228750
v 0.211547 0.370670 0.223970
v 0.212498 0.370670 0.219190
v 0.215206 0.370670 0.215138
v 0.219258 0.370670 0.212430
v 0.224039 0.370670 0.211479
v 0.228819 0.370670 0.212430
v 0.232871 0.370670 0.215138
v 0.235579 0.370670 0.219190
v 0.236184 0.389963 0.229001
v 0.237185 0.389963 0.223970
v 0.233334 0.389963 0.233266
v 0.229069 0.389963 0.236116
v 0.224039 0.389963 0.237116
v 0.219008 0.389963 0.236116
v 0.214743 0.389963 0.233266
v 0.211893 0.389963 0.229001
v 0.210893 0.389963 0.223970
v 0.211893 0.389963 0.218939
v 0.214743 0.389963 0.214675
v 0.219008 0.389963 0.211825
v 0.224039 0.389963 0.210824
v 0.229069 0.389963 0.211825
v 0.233334 0.389963 0.214675
v 0.236184 0.389963 0.218939
v 0.241021 0.398545 0.231004
v 0.242420 0.398545 0.223970
v 0.237036 0.398545 0.236968
v 0.231073 0.398545 0.240952
v 0.224039 0.398545 0.242351
v 0.217005 0.398545 0.240952
v 0.211041 0.398545 0.236968
v 0.207057 0.398545 0.231004
v 0.205658 0.398545 0.223970
v 0.207057 0.398545 0.216936
v 0.211041 0.398545 0.210973
v 0.217005 0.398545 0.206988
v 0.224039 0.398545 0.205589
v 0.231073 0.398545 0.206988
v 0.237036 0.398545 0.210973
v 0.241021 0.398545 0.216936
v 0.235450 0.392154 0.212558
v 0.236636 0.395314 0.211373
v 0.240498 0.395314 0.217153
v 0.238949 0.392154 0.217794
v 0.209129 0.392154 0.230146
v 0.207579 0.395314 0.230788
v 0.206223 0.395314 0.223970
v 0.207900 0.392154 0.223970
v 0.240177 0.392154 0.223970
v 0.241854 0.395314 0.223970
v 0.240498 0.395314 0.230788
v 0.238949 0.392154 0.230146
v 0.207579 0.395314 0.217153
v 0.209129 0.392154 0.217794
v 0.236636 0.395314 0.236568
v 0.235450 0.392154 0.235382
v 0.211441 0.395314 0.211373
v 0.212627 0.392154 0.212558
v 0.230856 0.395314 0.240430
v 0.230215 0.392154 0.238880
v 0.217221 0.395314 0.207511
v 0.217863 0.392154 0.209060
v 0.224039 0.395314 0.241786
v 0.224039 0.392154 0.240109
v 0.224039 0.395314 0.206155
v 0.224039 0.392154 0.207832
v 0.217221 0.395314 0.240430
v 0.217863 0.392154 0.238880
v 0.230856 0.395314 0.207511
v 0.230215 0.392154 0.209060
v 0.211441 0.395314 0.236568
v 0.212627 0.392154 0.235382
v 0.213779 0.386142 0.219720
v 0.216186 0.386142 0.216118
v 0.231891 0.386142 0.231823
v 0.228289 0.386142 0.234230
v 0.219789 0.386142 0.213710
v 0.224039 0.386142 0.235076
v 0.224039 0.386142 0.212865
v 0.219789 0.386142 0.234230
v 0.228289 0.386142 0.213710
v 0.216186 0.386142 0.231823
v 0.231891 0.386142 0.216118
v 0.213779 0.386142 0.228220
v 0.234299 0.386142 0.219720
v 0.212933 0.386142 0.223970
v 0.235144 0.386142 0.223970
v 0.234299 0.386142 0.228220
v 0.211469 0.388556 0.218764
v 0.233659 0.388556 0.233591
v 0.237644 0.388556 0.223970
v 0.214418 0.388556 0.214350
v 0.229245 0.388556 0.236540
v 0.218832 0.388556 0.211400
v 0.224039 0.388556 0.237576
v 0.224039 0.388556 0.210365
v 0.218832 0.388556 0.236540
v 0.229245 0.388556 0.211400
v 0.214418 0.388556 0.233591
v 0.233659 0.388556 0.214350
v 0.211469 0.388556 0.229177
v 0.236609 0.388556 0.218764
v 0.210433 0.388556 0.223970
v 0.236609 0.388556 0.229177
v 0.216437 0.381887 0.216369
v 0.228153 0.381887 0.233902
v 0.219925 0.381887 0.214038
v 0.224039 0.381887 0.234720
v 0.224039 0.381887 0.213220
v 0.219925 0.381887 0.233902
v 0.228153 0.381887 0.214038
v 0.216437 0.381887 0.231572
v 0.231640 0.381887 0.216369
v 0.214107 0.381887 0.228084
v 0.233971 0.381887 0.219856
v 0.213288 0.381887 0.223970
v 0.233971 0.381887 0.228084
v 0.214107 0.381887 0.219856
v 0.231640 0.381887 0.231572
v 0.234789 0.381887 0.223970
v 0.213514 0.369732 0.228330
v 0.235431 0.369732 0.223970
v 0.234564 0.369732 0.219611
v 0.212647 0.369732 0.223970
v 0.234564 0.369732 0.228330
v 0.213514 0.369732 0.219611
v 0.232094 0.369732 0.232026
v 0.215983 0.369732 0.215915
v 0.228398 0.369732 0.234495
v 0.219679 0.369732 0.213445
v 0.224039 0.369732 0.235362
v 0.224039 0.369732 0.212578
v 0.219679 0.369732 0.234495
v 0.228398 0.369732 0.213445
v 0.215983 0.369732 0.232026
v 0.232094 0.369732 0.215915
v 0.215445 0.372552 0.215376
v 0.228690 0.372552 0.235199
v 0.219388 0.372552 0.212741
v 0.224039 0.372552 0.236124
v 0.224039 0.372552 0.211816
v 0.219388 0.372552 0.235199
v 0.228690 0.372552 0.212741
v 0.215445 0.372552 0.232564
v 0.232633 0.372552 0.215376
v 0.212810 0.372552 0.228621
v 0.235268 0.372552 0.219319
v 0.211885 0.372552 0.223970
v 0.235268 0.372552 0.228621
v 0.212810 0.372552 0.219319
v 0.232633 0.372552 0.232564
v 0.236193 0.372552 0.223970
v 0.210843 0.374203 0.218505
v 0.211141 0.375790 0.218628
v 0.234138 0.374203 0.234069
v 0.233910 0.375790 0.233842
v 0.238321 0.374203 0.223970
v 0.237999 0.375790 0.223970
v 0.214167 0.375790 0.214099
v 0.213940 0.374203 0.213871
v 0.229381 0.375790 0.236868
v 0.229504 0.374203 0.237165
v 0.218696 0.375790 0.211073
v 0.218573 0.374203 0.210775
v 0.224039 0.375790 0.237930
v 0.224039 0.374203 0.238253
v 0.224039 0.375790 0.210010
v 0.224039 0.374203 0.209688
v 0.218696 0.375790 0.236868
v 0.218573 0.374203 0.237165
v 0.229381 0.375790 0.211073
v 0.229504 0.374203 0.210775
v 0.214167 0.375790 0.233842
v 0.213940 0.374203 0.234069
v 0.233910 0.375790 0.214099
v 0.234138 0.374203 0.213871
v 0.211141 0.375790 0.229313
v 0.210843 0.374203 0.229436
v 0.236936 0.375790 0.218628
v 0.237234 0.374203 0.218505
v 0.210079 0.375790 0.223970
v 0.209756 0.374203 0.223970
v 0.236936 0.375790 0.229313
v 0.237234 0.374203 0.229436
v 0.214252 0.373108 0.214184
v 0.229335 0.373108 0.236757
v 0.218742 0.373108 0.211184
v 0.224039 0.373108 0.237810
v 0.224039 0.373108 0.210130
v 0.218742 0.373108 0.236757
v 0.229335 0.373108 0.211184
v 0.214252 0.373108 0.233757
v 0.233825 0.373108 0.214184
v 0.211252 0.373108 0.229267
v 0.236825 0.373108 0.218674
v 0.210199 0.373108 0.223970
v 0.236825 0.373108 0.229267
v 0.211252 0.373108 0.218674
v 0.233825 0.373108 0.233757
v 0.237879 0.373108 0.223970
v 0.206772 0.166398 0.223970
v 0.239991 0.166398 0.230578
v 0.208086 0.166398 0.217362
v 0.236248 0.166398 0.236180
v 0.211829 0.166398 0.211761
v 0.230647 0.166398 0.239923
v 0.217431 0.166398 0.208018
v 0.224039 0.166398 0.241237
v 0.224039 0.166398 0.206703
v 0.217431 0.166398 0.239923
v 0.230647 0.166398 0.208018
v 0.211829 0.166398 0.236180
v 0.236248 0.166398 0.211761
v 0.208086 0.166398 0.230578
v 0.241306 0.166398 0.223970
v 0.239991 0.166398 0.217362
v 0.205156 0.165455 0.223970
v 0.241484 0.165455 0.231196
v 0.206593 0.165455 0.216744
v 0.237391 0.165455 0.237323
v 0.210686 0.165455 0.210618
v 0.231265 0.165455 0.241416
v 0.216813 0.165455 0.206525
v 0.224039 0.165455 0.242853
v 0.224039 0.165455 0.205087
v 0.216813 0.165455 0.241416
v 0.231265 0.165455 0.206525
v 0.210686 0.165455 0.237323
v 0.237391 0.165455 0.210618
v 0.206593 0.165455 0.231196
v 0.242922 0.165455 0.223970
v 0.241484 0.165455 0.216744
v 0.204986 0.142138 0.223970
v 0.241641 0.142138 0.231262
v 0.206436 0.142138 0.216679
v 0.237511 0.142138 0.237443
v 0.210566 0.142138 0.210498
v 0.231330 0.142138 0.241573
v 0.216747 0.142138 0.206368
v 0.224039 0.142138 0.243023
v 0.224039 0.142138 0.204917
v 0.216747 0.142138 0.241573
v 0.231330 0.142138 0.206368
v 0.210566 0.142138 0.237443
v 0.237511 0.142138 0.210498
v 0.206436 0.142138 0.231262
v 0.243092 0.142138 0.223970
v 0.241641 0.142138 0.216679
v 0.204903 0.130840 0.223970
v 0.241718 0.130840 0.231293
v 0.206360 0.130840 0.216647
v 0.237570 0.130840 0.237501
v 0.210508 0.130840 0.210439
v 0.231362 0.130840 0.241649
v 0.216716 0.130840 0.206291
v 0.224039 0.130840 0.243106
v 0.224039 0.130840 0.204835
v 0.216716 0.130840 0.241649
v 0.231362 0.130840 0.206291
v 0.210508 0.130840 0.237501
v 0.237570 0.130840 0.210439
v 0.206360 0.130840 0.231293
v 0.243174 0.130840 0.223970
v 0.241718 0.130840 0.216647
v 0.201722 0.131684 0.233214
v 0.201754 0.141294 0.233201
v 0.248194 0.131684 0.223970
v 0.248160 0.141294 0.223970
v 0.246356 0.131684 0.214726
v 0.246324 0.141294 0.214740
v 0.199918 0.141294 0.223970
v 0.199883 0.131684 0.223970
v 0.246324 0.141294 0.233201
v 0.246356 0.131684 0.233214
v 0.201754 0.141294 0.214740
v 0.201722 0.131684 0.214726
v 0.241095 0.141294 0.241026
v 0.241119 0.131684 0.241051
v 0.206983 0.141294 0.206914
v 0.206958 0.131684 0.206890
v 0.233269 0.141294 0.246255
v 0.233283 0.131684 0.246287
v 0.214808 0.141294 0.201685
v 0.214795 0.131684 0.201653
v 0.224039 0.141294 0.248091
v 0.224039 0.131684 0.248126
v 0.224039 0.141294 0.199849
v 0.224039 0.131684 0.199815
v 0.214808 0.141294 0.246255
v 0.214795 0.131684 0.246287
v 0.233269 0.141294 0.201685
v 0.233283 0.131684 0.201653
v 0.206983 0.141294 0.241026
v 0.206958 0.131684 0.241051
v 0.241095 0.141294 0.206914
v 0.241119 0.131684 0.206890
v 0.247652 0.049707 0.223970
v 0.245855 0.049707 0.233007
v 0.240736 0.049707 0.240667
v 0.233075 0.049707 0.245786
v 0.224039 0.049707 0.247583
v 0.215002 0.049707 0.245786
v 0.207342 0.049707 0.240667
v 0.202223 0.049707 0.233007
v 0.200425 0.049707 0.223970
v 0.202223 0.049707 0.214934
v 0.207342 0.049707 0.207273
v 0.215002 0.049707 0.202154
v 0.224039 0.049707 0.200357
v 0.233075 0.049707 0.202154
v 0.240736 0.049707 0.207273
v 0.245855 0.049707 0.214934
v 0.241350 0.045129 0.223970
v 0.240032 0.045129 0.230595
v 0.236280 0.045129 0.236211
v 0.230664 0.045129 0.239964
v 0.224039 0.045129 0.241282
v 0.217414 0.045129 0.239964
v 0.211798 0.045129 0.236211
v 0.208045 0.045129 0.230595
v 0.206727 0.045129 0.223970
v 0.208045 0.045129 0.217345
v 0.211798 0.045129 0.211729
v 0.217414 0.045129 0.207976
v 0.224039 0.045129 0.206659
v 0.230664 0.045129 0.207976
v 0.236280 0.045129 0.211729
v 0.240032 0.045129 0.217345
v 0.242970 0.032433 0.223970
v 0.241529 0.032433 0.231215
v 0.237425 0.032433 0.237356
v 0.231283 0.032433 0.241460
v 0.224039 0.032433 0.242901
v 0.216794 0.032433 0.241460
v 0.210653 0.032433 0.237356
v 0.206549 0.032433 0.231215
v 0.205108 0.032433 0.223970
v 0.206549 0.032433 0.216726
v 0.210653 0.032433 0.210584
v 0.216794 0.032433 0.206480
v 0.224039 0.032433 0.205039
v 0.231283 0.032433 0.206480
v 0.237425 0.032433 0.210584
v 0.241529 0.032433 0.216726
v 0.224039 0.033637 0.205193
v 0.216853 0.033637 0.206622
v 0.216853 0.033637 0.241318
v 0.224039 0.033637 0.242748
v 0.231225 0.033637 0.206622
v 0.210761 0.033637 0.237248
v 0.237316 0.033637 0.210693
v 0.206691 0.033637 0.231156
v 0.241387 0.033637 0.216784
v 0.205261 0.033637 0.223970
v 0.241387 0.033637 0.231156
v 0.242816 0.033637 0.223970
v 0.206691 0.033637 0.216784
v 0.237316 0.033637 0.237248
v 0.210761 0.033637 0.210693
v 0.231225 0.033637 0.241318
v 0.218486 0.039383 0.210564
v 0.224039 0.039383 0.238481
v 0.238549 0.039383 0.223970
v 0.224039 0.039383 0.209460
v 0.218486 0.039383 0.237376
v 0.229592 0.039383 0.210564
v 0.213778 0.039383 0.234231
v 0.234299 0.039383 0.213710
v 0.210633 0.039383 0.229523
v 0.237445 0.039383 0.218417
v 0.209528 0.039383 0.223970
v 0.237445 0.039383 0.229523
v 0.210633 0.039383 0.218417
v 0.234299 0.039383 0.234231
v 0.213778 0.039383 0.213710
v 0.229592 0.039383 0.237376
v 0.218440 0.042747 0.210454
v 0.224039 0.042747 0.238600
v 0.238668 0.042747 0.223970
v 0.224039 0.042747 0.209341
v 0.218440 0.042747 0.237486
v 0.229637 0.042747 0.210454
v 0.213694 0.042747 0.234315
v 0.234383 0.042747 0.213626
v 0.210523 0.042747 0.229569
v 0.237555 0.042747 0.218372
v 0.209409 0.042747 0.223970
v 0.237555 0.042747 0.229569
v 0.210523 0.042747 0.218372
v 0.234383 0.042747 0.234315
v 0.213694 0.042747 0.213626
v 0.229637 0.042747 0.237486
v 0.224039 0.035858 0.208344
v 0.218059 0.035858 0.238407
v 0.230019 0.035858 0.209533
v 0.212989 0.035858 0.235020
v 0.235088 0.035858 0.212921
v 0.209602 0.035858 0.229950
v 0.238475 0.035858 0.217990
v 0.208413 0.035858 0.223970
v 0.238475 0.035858 0.229950
v 0.209602 0.035858 0.217990
v 0.235088 0.035858 0.235020
v 0.212989 0.035858 0.212921
v 0.230019 0.035858 0.238407
v 0.218059 0.035858 0.209533
v 0.224039 0.035858 0.239596
v 0.239665 0.035858 0.223970
v 0.239893 0.000000 0.223970
v 0.238686 0.000000 0.230037
v 0.235249 0.000000 0.235181
v 0.230106 0.000000 0.238618
v 0.224039 0.000000 0.239825
v 0.217972 0.000000 0.238618
v 0.212828 0.000000 0.235181
v 0.209391 0.000000 0.230037
v 0.208184 0.000000 0.223970
v 0.209391 0.000000 0.217903
v 0.212828 0.000000 0.212759
v 0.217972 0.000000 0.209323
v 0.224039 0.000000 0.208116
v 0.230106 0.000000 0.209323
v 0.235249 0.000000 0.212759
v 0.238686 0.000000 0.217903
v 0.193632 0.024145 0.236565
v 0.194696 0.006862 0.236124
v 0.201581 0.006862 0.246428
v 0.200766 0.024145 0.247243
v 0.254446 0.024145 0.211375
v 0.253381 0.006862 0.211816
v 0.246497 0.006862 0.201512
v 0.247311 0.024145 0.200698
v 0.191126 0.024145 0.223970
v 0.192279 0.006862 0.223970
v 0.254446 0.024145 0.236565
v 0.253381 0.006862 0.236124
v 0.255799 0.006862 0.223970
v 0.256951 0.024145 0.223970
v 0.193632 0.024145 0.211375
v 0.194696 0.006862 0.211816
v 0.247311 0.024145 0.247243
v 0.246497 0.006862 0.246428
v 0.200766 0.024145 0.200698
v 0.201581 0.006862 0.201512
v 0.236634 0.024145 0.254377
v 0.236193 0.006862 0.253313
v 0.211444 0.024145 0.193563
v 0.211885 0.006862 0.194628
v 0.224039 0.024145 0.256883
v 0.224039 0.006862 0.255730
v 0.224039 0.024145 0.191058
v 0.224039 0.006862 0.192210
v 0.211444 0.024145 0.254377
v 0.211885 0.006862 0.253313
v 0.236634 0.024145 0.193563
v 0.236193 0.006862 0.194628
v 0.191820 0.018384 0.237316
v 0.192201 0.012623 0.237158
v 0.199671 0.012623 0.248338
v 0.199380 0.018384 0.248629
v 0.256257 0.018384 0.210625
v 0.255877 0.012623 0.210783
v 0.248406 0.012623 0.199603
v 0.248698 0.018384 0.199311
v 0.189166 0.018384 0.223970
v 0.189578 0.012623 0.223970
v 0.256257 0.018384 0.237316
v 0.255877 0.012623 0.237158
v 0.258500 0.012623 0.223970
v 0.258912 0.018384 0.223970
v 0.191820 0.018384 0.210625
v 0.192201 0.012623 0.210783
v 0.248698 0.018384 0.248629
v 0.248406 0.012623 0.248338
v 0.199380 0.018384 0.199311
v 0.199671 0.012623 0.199603
v 0.237384 0.018384 0.256189
v 0.237226 0.012623 0.255808
v 0.210693 0.018384 0.191752
v 0.210851 0.012623 0.192132
v 0.224039 0.018384 0.258843
v 0.224039 0.012623 0.258431
v 0.224039 0.018384 0.189097
v 0.224039 0.012623 0.189509
v 0.210693 0.018384 0.256189
v 0.210851 0.012623 0.255808
v 0.237384 0.018384 0.191752
v 0.237226 0.012623 0.192132
v 0.204175 0.028565 0.243834
v 0.243902 0.028565 0.204107
v 0.252130 0.028565 0.223970
v 0.198086 0.028565 0.234720
v 0.249992 0.028565 0.213220
v 0.195947 0.028565 0.223970
v 0.249992 0.028565 0.234720
v 0.198086 0.028565 0.213220
v 0.243902 0.028565 0.243834
v 0.204175 0.028565 0.204107
v 0.234789 0.028565 0.249923
v 0.213289 0.028565 0.198017
v 0.224039 0.028565 0.252061
v 0.224039 0.028565 0.195879
v 0.213289 0.028565 0.249923
v 0.234789 0.028565 0.198017
v 0.200612 0.002339 0.233674
v 0.247466 0.002339 0.214267
v 0.198682 0.002339 0.223970
v 0.247466 0.002339 0.233674
v 0.200612 0.002339 0.214267
v 0.241969 0.002339 0.241900
v 0.206109 0.002339 0.206040
v 0.233742 0.002339 0.247397
v 0.214335 0.002339 0.200543
v 0.224039 0.002339 0.249327
v 0.224039 0.002339 0.198613
v 0.214335 0.002339 0.247397
v 0.233742 0.002339 0.200543
v 0.206109 0.002339 0.241900
v 0.241969 0.002339 0.206040
v 0.249396 0.002339 0.223970
v 0.242339 0.398545 0.231550
v 0.243846 0.398545 0.223970
v 0.238045 0.398545 0.237976
v 0.231619 0.398545 0.242270
v 0.224039 0.398545 0.243778
v 0.216459 0.398545 0.242270
v 0.210033 0.398545 0.237976
v 0.205739 0.398545 0.231550
v 0.204231 0.398545 0.223970
v 0.205739 0.398545 0.216390
v 0.210033 0.398545 0.209964
v 0.216459 0.398545 0.205670
v 0.224039 0.398545 0.204163
v 0.231619 0.398545 0.205670
v 0.238045 0.398545 0.209964
v 0.242339 0.398545 0.216390
v 0.242339 0.408282 0.231550
v 0.243846 0.408282 0.223970
v 0.238045 0.408282 0.237976
v 0.231619 0.408282 0.242270
v 0.224039 0.408282 0.243778
v 0.216459 0.408282 0.242270
v 0.210033 0.408282 0.237976
v 0.205739 0.408282 0.231550
v 0.204231 0.408282 0.223970
v 0.205739 0.408282 0.216390
v 0.210033 0.408282 0.209964
v 0.216459 0.408282 0.205670
v 0.224039 0.408282 0.204163
v 0.231619 0.408282 0.205670
v 0.238045 0.408282 0.209964
v 0.242339 0.408282 0.216390
v 0.215599 0.376914 0.215530
v 0.216375 0.378704 0.216306
v 0.228606 0.376914 0.234998
v 0.228187 0.378704 0.233984
v 0.219471 0.376914 0.212943
v 0.219891 0.378704 0.213957
v 0.224039 0.376914 0.235906
v 0.224039 0.378704 0.234809
v 0.224039 0.376914 0.212034
v 0.224039 0.378704 0.213132
v 0.219471 0.376914 0.234998
v 0.219891 0.378704 0.233984
v 0.228606 0.376914 0.212943
v 0.228187 0.378704 0.213957
v 0.215599 0.376914 0.232410
v 0.216375 0.378704 0.231634
v 0.232479 0.376914 0.215530
v 0.231703 0.378704 0.216306
v 0.213011 0.376914 0.228538
v 0.214025 0.378704 0.228118
v 0.235066 0.376914 0.219403
v 0.234052 0.378704 0.219822
v 0.212103 0.376914 0.223970
v 0.213200 0.378704 0.223970
v 0.235066 0.376914 0.228538
v 0.234052 0.378704 0.228118
v 0.214025 0.378704 0.219822
v 0.213011 0.376914 0.219403
v 0.231703 0.378704 0.231634
v 0.232479 0.376914 0.232410
v 0.234877 0.378704 0.223970
v 0.235975 0.376914 0.223970
v 0.232351 0.000000 0.231897
v 0.233140 0.000000 0.223970
v 0.232351 0.000000 0.216043
v 0.224039 0.000000 0.232551
v 0.224039 0.000000 0.223970
v 0.224039 0.000000 0.215390
v 0.215726 0.000000 0.231897
v 0.214938 0.000000 0.223970
v 0.215726 0.000000 0.216043
v -0.223970 0.047245 0.241350
v -0.223970 0.090504 0.247652
v -0.230595 0.047245 0.240033
v -0.233007 0.090504 0.245855
v -0.236211 0.047245 0.236280
v -0.240667 0.090504 0.240736
v -0.239964 0.047245 0.230664
v -0.245786 0.090504 0.233075
v -0.241282 0.047245 0.224039
v -0.247583 0.090504 0.224039
v -0.239964 0.047245 0.217414
v -0.245786 0.090504 0.215002
v -0.236211 0.047245 0.211798
v -0.240667 0.090504 0.207342
v -0.230595 0.047245 0.208045
v -0.233007 0.090504 0.202223
v -0.223970 0.047245 0.206727
v -0.223970 0.090504 0.200425
v -0.217345 0.047245 0.208045
v -0.214934 0.090504 0.202223
v -0.211729 0.047245 0.211798
v -0.207273 0.090504 0.207342
v -0.207976 0.047245 0.217414
v -0.202154 0.090504 0.215002
v -0.206659 0.047245 0.224039
v -0.200357 0.090504 0.224039
v -0.207976 0.047245 0.230664
v -0.202154 0.090504 0.233075
v -0.211729 0.047245 0.236280
v -0.207273 0.090504 0.240736
v -0.217345 0.047245 0.240033
v -0.214934 0.090504 0.245855
v -0.231392 0.095418 0.241956
v -0.223970 0.095418 0.243433
v -0.237684 0.095418 0.237752
v -0.241888 0.095418 0.231460
v -0.243364 0.095418 0.224039
v -0.241888 0.095418 0.216617
v -0.237684 0.095418 0.210325
v -0.231392 0.095418 0.206121
v -0.223970 0.095418 0.204645
v -0.216549 0.095418 0.206121
v -0.210257 0.095418 0.210325
v -0.206053 0.095418 0.216617
v -0.204576 0.095418 0.224039
v -0.206053 0.095418 0.231460
v -0.210257 0.095418 0.237752
v -0.216549 0.095418 0.241956
v -0.228750 0.370670 0.235579
v -0.223970 0.370670 0.236530
v -0.232803 0.370670 0.232871
v -0.235511 0.370670 0.228819
v -0.236462 0.370670 0.224039
v -0.235511 0.370670 0.219259
v -0.232803 0.370670 0.215206
v -0.228750 0.370670 0.212498
v -0.223970 0.370670 0.211547
v -0.219190 0.370670 0.212498
v -0.215137 0.370670 0.215206
v -0.212430 0.370670 0.219259
v -0.211479 0.370670 0.224039
v -0.212430 0.370670 0.228819
v -0.215137 0.370670 0.232871
v -0.219190 0.370670 0.235579
v -0.229001 0.389963 0.236184
v -0.223970 0.389963 0.237185
v -0.233266 0.389963 0.233334
v -0.236116 0.389963 0.229070
v -0.237116 0.389963 0.224039
v -0.236116 0.389963 0.219008
v -0.233266 0.389963 0.214743
v -0.229001 0.389963 0.211893
v -0.223970 0.389963 0.210893
v -0.218939 0.389963 0.211893
v -0.214675 0.389963 0.214743
v -0.211825 0.389963 0.219008
v -0.210824 0.389963 0.224039
v -0.211825 0.389963 0.229070
v -0.214675 0.389963 0.233334
v -0.218939 0.389963 0.236184
v -0.231004 0.398545 0.241021
v -0.223970 0.398545 0.242420
v -0.236968 0.398545 0.237036
v -0.240952 0.398545 0.231073
v -0.242351 0.398545 0.224039
v -0.240952 0.398545 0.217005
v -0.236968 0.398545 0.211041
v -0.231004 0.398545 0.207057
v -0.223970 0.398545 0.205658
v -0.216936 0.398545 0.207057
v -0.210973 0.398545 0.211041
v -0.206988 0.398545 0.217005
v -0.205589 0.398545 0.224039
v -0.206988 0.398545 0.231073
v -0.210973 0.398545 0.237036
v -0.216936 0.398545 0.241021
v -0.212558 0.392154 0.235451
v -0.211373 0.395314 0.236636
v -0.217153 0.395314 0.240498
v -0.217794 0.392154 0.238949
v -0.230146 0.392154 0.209129
v -0.230788 0.395314 0.207579
v -0.223970 0.395314 0.206223
v -0.223970 0.392154 0.207900
v -0.223970 0.392154 0.240177
v -0.223970 0.395314 0.241854
v -0.230788 0.395314 0.240498
v -0.230146 0.392154 0.238949
v -0.217153 0.395314 0.207579
v -0.217794 0.392154 0.209129
v -0.236568 0.395314 0.236636
v -0.235382 0.392154 0.235451
v -0.211373 0.395314 0.211441
v -0.212558 0.392154 0.212627
v -0.240430 0.395314 0.230856
v -0.238880 0.392154 0.230215
v -0.207511 0.395314 0.217221
v -0.209060 0.392154 0.217863
v -0.241786 0.395314 0.224039
v -0.240109 0.392154 0.224039
v -0.206155 0.395314 0.224039
v -0.207832 0.392154 0.224039
v -0.240430 0.395314 0.217221
v -0.238880 0.392154 0.217863
v -0.207511 0.395314 0.230856
v -0.209060 0.392154 0.230215
v -0.236568 0.395314 0.211441
v -0.235382 0.392154 0.212627
v -0.219720 0.386142 0.213779
v -0.216118 0.386142 0.216186
v -0.231823 0.386142 0.231891
v -0.234230 0.386142 0.228289
v -0.213710 0.386142 0.219789
v -0.235076 0.386142 0.224039
v -0.212865 0.386142 0.224039
v -0.234230 0.386142 0.219789
v -0.213710 0.386142 0.228289
v -0.231823 0.386142 0.216186
v -0.216118 0.386142 0.231891
v -0.228220 0.386142 0.213779
v -0.219720 0.386142 0.234299
v -0.223970 0.386142 0.212933
v -0.223970 0.386142 0.235144
v -0.228220 0.386142 0.234299
v -0.218764 0.388556 0.211469
v -0.233591 0.388556 0.233659
v -0.223970 0.388556 0.237644
v -0.214350 0.388556 0.214418
v -0.236540 0.388556 0.229245
v -0.211400 0.388556 0.218832
v -0.237576 0.388556 0.224039
v -0.210365 0.388556 0.224039
v -0.236540 0.388556 0.218832
v -0.211400 0.388556 0.229245
v -0.233591 0.388556 0.214418
v -0.214350 0.388556 0.233659
v -0.229177 0.388556 0.211469
v -0.218764 0.388556 0.236609
v -0.223970 0.388556 0.210433
v -0.229177 0.388556 0.236609
v -0.216369 0.381887 0.216437
v -0.233902 0.381887 0.228153
v -0.214038 0.381887 0.219925
v -0.234720 0.381887 0.224039
v -0.213220 0.381887 0.224039
v -0.233902 0.381887 0.219925
v -0.214038 0.381887 0.228153
v -0.231572 0.381887 0.216437
v -0.216369 0.381887 0.231640
v -0.228084 0.381887 0.214107
v -0.219856 0.381887 0.233971
v -0.223970 0.381887 0.213289
v -0.228084 0.381887 0.233971
v -0.219856 0.381887 0.214107
v -0.231572 0.381887 0.231640
v -0.223970 0.381887 0.234789
v -0.228330 0.369732 0.213514
v -0.223970 0.369732 0.235431
v -0.219611 0.369732 0.234564
v -0.223970 0.369732 0.212647
v -0.228330 0.369732 0.234564
v -0.219611 0.369732 0.213514
v -0.232026 0.369732 0.232094
v -0.215915 0.369732 0.215983
v -0.234495 0.369732 0.228398
v -0.213445 0.369732 0.219679
v -0.235362 0.369732 0.224039
v -0.212578 0.369732 0.224039
v -0.234495 0.369732 0.219679
v -0.213445 0.369732 0.228398
v -0.232026 0.369732 0.215983
v -0.215915 0.369732 0.232094
v -0.215376 0.372552 0.215445
v -0.235199 0.372552 0.228690
v -0.212741 0.372552 0.219388
v -0.236124 0.372552 0.224039
v -0.211816 0.372552 0.224039
v -0.235199 0.372552 0.219388
v -0.212741 0.372552 0.228690
v -0.232564 0.372552 0.215445
v -0.215376 0.372552 0.232633
v -0.228621 0.372552 0.212810
v -0.219319 0.372552 0.235268
v -0.223970 0.372552 0.211885
v -0.228621 0.372552 0.235268
v -0.219319 0.372552 0.212810
v -0.232564 0.372552 0.232633
v -0.223970 0.372552 0.236193
v -0.218505 0.374203 0.210844
v -0.218628 0.375790 0.211141
v -0.234069 0.374203 0.234138
v -0.233842 0.375790 0.233910
v -0.223970 0.374203 0.238321
v -0.223970 0.375790 0.237999
v -0.214099 0.375790 0.214167
v -0.213871 0.374203 0.213940
v -0.236868 0.375790 0.229381
v -0.237165 0.374203 0.229504
v -0.211073 0.375790 0.218696
v -0.210775 0.374203 0.218573
v -0.237930 0.375790 0.224039
v -0.238253 0.374203 0.224039
v -0.210010 0.375790 0.224039
v -0.209688 0.374203 0.224039
v -0.236868 0.375790 0.218696
v -0.237165 0.374203 0.218573
v -0.211073 0.375790 0.229381
v -0.210775 0.374203 0.229504
v -0.233842 0.375790 0.214167
v -0.234069 0.374203 0.213940
v -0.214099 0.375790 0.233910
v -0.213871 0.374203 0.234138
v -0.229313 0.375790 0.211141
v -0.229436 0.374203 0.210844
v -0.218628 0.375790 0.236936
v -0.218505 0.374203 0.237234
v -0.223970 0.375790 0.210079
v -0.223970 0.374203 0.209756
v -0.229313 0.375790 0.236936
v -0.229436 0.374203 0.237234
v -0.214184 0.373108 0.214252
v -0.236757 0.373108 0.229335
v -0.211184 0.373108 0.218742
v -0.237810 0.373108 0.224039
v -0.210130 0.373108 0.224039
v -0.236757 0.373108 0.218742
v -0.211184 0.373108 0.229335
v -0.233757 0.373108 0.214252
v -0.214184 0.373108 0.233825
v -0.229267 0.373108 0.211252
v -0.218674 0.373108 0.236825
v -0.223970 0.373108 0.210199
v -0.229267 0.373108 0.236825
v -0.218674 0.373108 0.211252
v -0.233757 0.373108 0.233825
v -0.223970 0.373108 0.237879
v -0.223970 0.166398 0.206772
v -0.230578 0.166398 0.239991
v -0.217362 0.166398 0.208086
v -0.236180 0.166398 0.236248
v -0.211761 0.166398 0.211829
v -0.239923 0.166398 0.230647
v -0.208017 0.166398 0.217431
v -0.241237 0.166398 0.224039
v -0.206703 0.166398 0.224039
v -0.239923 0.166398 0.217431
v -0.208017 0.166398 0.230647
v -0.236180 0.166398 0.211829
v -0.211761 0.166398 0.236248
v -0.230578 0.166398 0.208086
v -0.223970 0.166398 0.241306
v -0.217362 0.166398 0.239991
v -0.223970 0.165455 0.205156
v -0.231196 0.165455 0.241484
v -0.216744 0.165455 0.206593
v -0.237322 0.165455 0.237391
v -0.210618 0.165455 0.210686
v -0.241416 0.165455 0.231265
v -0.206525 0.165455 0.216813
v -0.242853 0.165455 0.224039
v -0.205087 0.165455 0.224039
v -0.241416 0.165455 0.216813
v -0.206525 0.165455 0.231265
v -0.237322 0.165455 0.210686
v -0.210618 0.165455 0.237391
v -0.231196 0.165455 0.206593
v -0.223970 0.165455 0.242922
v -0.216744 0.165455 0.241484
v -0.223970 0.142138 0.204986
v -0.231262 0.142138 0.241641
v -0.216679 0.142138 0.206436
v -0.237443 0.142138 0.237511
v -0.210498 0.142138 0.210566
v -0.241573 0.142138 0.231330
v -0.206368 0.142138 0.216747
v -0.243023 0.142138 0.224039
v -0.204917 0.142138 0.224039
v -0.241573 0.142138 0.216747
v -0.206368 0.142138 0.231330
v -0.237443 0.142138 0.210566
v -0.210498 0.142138 0.237511
v -0.231262 0.142138 0.206436
v -0.223970 0.142138 0.243092
v -0.216679 0.142138 0.241641
v -0.223970 0.130840 0.204903
v -0.231293 0.130840 0.241718
v -0.216647 0.130840 0.206360
v -0.237501 0.130840 0.237570
v -0.210439 0.130840 0.210508
v -0.241649 0.130840 0.231362
v -0.206291 0.130840 0.216716
v -0.243106 0.130840 0.224039
v -0.204835 0.130840 0.224039
v -0.241649 0.130840 0.216716
v -0.206291 0.130840 0.231362
v -0.237501 0.130840 0.210508
v -0.210439 0.130840 0.237570
v -0.231293 0.130840 0.206360
v -0.223970 0.130840 0.243174
v -0.216647 0.130840 0.241718
v -0.233214 0.131684 0.201722
v -0.233201 0.141294 0.201754
v -0.223970 0.131684 0.248194
v -0.223970 0.141294 0.248160
v -0.214726 0.131684 0.246356
v -0.214740 0.141294 0.246324
v -0.223970 0.141294 0.199918
v -0.223970 0.131684 0.199883
v -0.233201 0.141294 0.246324
v -0.233214 0.131684 0.246356
v -0.214740 0.141294 0.201754
v -0.214726 0.131684 0.201722
v -0.241026 0.141294 0.241095
v -0.241051 0.131684 0.241119
v -0.206914 0.141294 0.206983
v -0.206890 0.131684 0.206958
v -0.246255 0.141294 0.233269
v -0.246287 0.131684 0.233283
v -0.201685 0.141294 0.214808
v -0.201653 0.131684 0.214795
v -0.248091 0.141294 0.224039
v -0.248126 0.131684 0.224039
v -0.199849 0.141294 0.224039
v -0.199815 0.131684 0.224039
v -0.246255 0.141294 0.214808
v -0.246287 0.131684 0.214795
v -0.201685 0.141294 0.233269
v -0.201653 0.131684 0.233283
v -0.241026 0.141294 0.206983
v -0.241051 0.131684 0.206958
v -0.206914 0.141294 0.241095
v -0.206890 0.131684 0.241119
v -0.223970 0.049707 0.247652
v -0.233007 0.049707 0.245855
v -0.240667 0.049707 0.240736
v -0.245786 0.049707 0.233075
v -0.247583 0.049707 0.224039
v -0.245786 0.049707 0.215002
v -0.240667 0.049707 0.207342
v -0.233007 0.049707 0.202223
v -0.223970 0.049707 0.200425
v -0.214934 0.049707 0.202223
v -0.207273 0.049707 0.207342
v -0.202154 0.049707 0.215002
v -0.200357 0.049707 0.224039
v -0.202154 0.049707 0.233075
v -0.207273 0.049707 0.240736
v -0.214934 0.049707 0.245855
v -0.223970 0.045129 0.241350
v -0.230595 0.045129 0.240033
v -0.236211 0.045129 0.236280
v -0.239964 0.045129 0.230664
v -0.241282 0.045129 0.224039
v -0.239964 0.045129 0.217414
v -0.236211 0.045129 0.211798
v -0.230595 0.045129 0.208045
v -0.223970 0.045129 0.206727
v -0.217345 0.045129 0.208045
v -0.211729 0.045129 0.211798
v -0.207976 0.045129 0.217414
v -0.206659 0.045129 0.224039
v -0.207976 0.045129 0.230664
v -0.211729 0.045129 0.236280
v -0.217345 0.045129 0.240033
v -0.223970 0.032433 0.242970
v -0.231215 0.032433 0.241529
v -0.237356 0.032433 0.237425
v -0.241460 0.032433 0.231283
v -0.242901 0.032433 0.224039
v -0.241460 0.032433 0.216794
v -0.237356 0.032433 0.210653
v -0.231215 0.032433 0.206549
v -0.223970 0.032433 0.205108
v -0.216726 0.032433 0.206549
v -0.210584 0.032433 0.210653
v -0.206480 0.032433 0.216794
v -0.205039 0.032433 0.224039
v -0.206480 0.032433 0.231283
v -0.210584 0.032433 0.237425
v -0.216726 0.032433 0.241529
v -0.205193 0.033637 0.224039
v -0.206622 0.033637 0.216853
v -0.241318 0.033637 0.216853
v -0.242748 0.033637 0.224039
v -0.206622 0.033637 0.231225
v -0.237248 0.033637 0.210761
v -0.210693 0.033637 0.237316
v -0.231156 0.033637 0.206691
v -0.216784 0.033637 0.241387
v -0.223970 0.033637 0.205261
v -0.231156 0.033637 0.241387
v -0.223970 0.033637 0.242816
v -0.216784 0.033637 0.206691
v -0.237248 0.033637 0.237316
v -0.210693 0.033637 0.210761
v -0.241318 0.033637 0.231225
v -0.210564 0.039383 0.218486
v -0.238481 0.039383 0.224039
v -0.223970 0.039383 0.238549
v -0.209460 0.039383 0.224039
v -0.237376 0.039383 0.218486
v -0.210564 0.039383 0.229592
v -0.234231 0.039383 0.213778
v -0.213710 0.039383 0.234299
v -0.229523 0.039383 0.210633
v -0.218417 0.039383 0.237445
v -0.223970 0.039383 0.209528
v -0.229523 0.039383 0.237445
v -0.218417 0.039383 0.210633
v -0.234231 0.039383 0.234299
v -0.213710 0.039383 0.213778
v -0.237376 0.039383 0.229592
v -0.210454 0.042747 0.218440
v -0.238600 0.042747 0.224039
v -0.223970 0.042747 0.238668
v -0.209341 0.042747 0.224039
v -0.237486 0.042747 0.218440
v -0.210454 0.042747 0.229637
v -0.234315 0.042747 0.213694
v -0.213626 0.042747 0.234383
v -0.229569 0.042747 0.210523
v -0.218372 0.042747 0.237555
v -0.223970 0.042747 0.209409
v -0.229569 0.042747 0.237555
v -0.218372 0.042747 0.210523
v -0.234315 0.042747 0.234383
v -0.213626 0.042747 0.213694
v -0.237486 0.042747 0.229637
v -0.208344 0.035858 0.224039
v -0.238407 0.035858 0.218059
v -0.209533 0.035858 0.230019
v -0.235020 0.035858 0.212989
v -0.212921 0.035858 0.235088
v -0.229950 0.035858 0.209602
v -0.217990 0.035858 0.238475
v -0.223970 0.035858 0.208413
v -0.229950 0.035858 0.238475
v -0.217990 0.035858 0.209602
v -0.235020 0.035858 0.235088
v -0.212921 0.035858 0.212989
v -0.238407 0.035858 0.230019
v -0.209533 0.035858 0.218059
v -0.239596 0.035858 0.224039
v -0.223970 0.035858 0.239665
v -0.223970 0.000000 0.239893
v -0.230037 0.000000 0.238686
v -0.235181 0.000000 0.235250
v -0.238618 0.000000 0.230106
v -0.239825 0.000000 0.224039
v -0.238618 0.000000 0.217972
v -0.235181 0.000000 0.212828
v -0.230037 0.000000 0.209391
v -0.223970 0.000000 0.208184
v -0.217903 0.000000 0.209391
v -0.212759 0.000000 0.212828
v -0.209323 0.000000 0.217972
v -0.208116 0.000000 0.224039
v -0.209323 0.000000 0.230106
v -0.212759 0.000000 0.235250
v -0.217903 0.000000 0.238686
v -0.236565 0.024145 0.193632
v -0.236124 0.006862 0.194696
v -0.246428 0.006862 0.201581
v -0.247243 0.024145 0.200766
v -0.211375 0.024145 0.254446
v -0.211816 0.006862 0.253381
v -0.201512 0.006862 0.246497
v -0.200698 0.024145 0.247311
v -0.223970 0.024145 0.191126
v -0.223970 0.006862 0.192279
v -0.236565 0.024145 0.254446
v -0.236124 0.006862 0.253381
v -0.223970 0.006862 0.255799
v -0.223970 0.024145 0.256951
v -0.211375 0.024145 0.193632
v -0.211816 0.006862 0.194696
v -0.247243 0.024145 0.247311
v -0.246428 0.006862 0.246497
v -0.200698 0.024145 0.200766
v -0.201512 0.006862 0.201581
v -0.254377 0.024145 0.236634
v -0.253313 0.006862 0.236193
v -0.193563 0.024145 0.211444
v -0.194628 0.006862 0.211885
v -0.256883 0.024145 0.224039
v -0.255730 0.006862 0.224039
v -0.191058 0.024145 0.224039
v -0.192210 0.006862 0.224039
v -0.254377 0.024145 0.211444
v -0.253313 0.006862 0.211885
v -0.193563 0.024145 0.236634
v -0.194628 0.006862 0.236193
v -0.237316 0.018384 0.191820
v -0.237158 0.012623 0.192201
v -0.248338 0.012623 0.199671
v -0.248629 0.018384 0.199380
v -0.210625 0.018384 0.256257
v -0.210783 0.012623 0.255877
v -0.199603 0.012623 0.248406
v -0.199311 0.018384 0.248698
v -0.223970 0.018384 0.189166
v -0.223970 0.012623 0.189578
v -0.237316 0.018384 0.256257
v -0.237158 0.012623 0.255877
v -0.223970 0.012623 0.258500
v -0.223970 0.018384 0.258912
v -0.210625 0.018384 0.191820
v -0.210783 0.012623 0.192201
v -0.248629 0.018384 0.248698
v -0.248338 0.012623 0.248406
v -0.199311 0.018384 0.199380
v -0.199603 0.012623 0.199671
v -0.256189 0.018384 0.237384
v -0.255808 0.012623 0.237226
v -0.191752 0.018384 0.210693
v -0.192132 0.012623 0.210851
v -0.258843 0.018384 0.224039
v -0.258431 0.012623 0.224039
v -0.189097 0.018384 0.224039
v -0.189509 0.012623 0.224039
v -0.256189 0.018384 0.210693
v -0.255808 0.012623 0.210851
v -0.191752 0.018384 0.237384
v -0.192132 0.012623 0.237226
v -0.243834 0.028565 0.204175
v -0.204107 0.028565 0.243902
v -0.223970 0.028565 0.252130
v -0.234720 0.028565 0.198086
v -0.213220 0.028565 0.249992
v -0.223970 0.028565 0.195948
v -0.234720 0.028565 0.249992
v -0.213220 0.028565 0.198086
v -0.243834 0.028565 0.243902
v -0.204107 0.028565 0.204175
v -0.249923 0.028565 0.234789
v -0.198017 0.028565 0.213289
v -0.252061 0.028565 0.224039
v -0.195879 0.028565 0.224039
v -0.249923 0.028565 0.213289
v -0.198017 0.028565 0.234789
v -0.233674 0.002339 0.200612
v -0.214266 0.002339 0.247466
v -0.223970 0.002339 0.198682
v -0.233674 0.002339 0.247466
v -0.214267 0.002339 0.200612
v -0.241900 0.002339 0.241969
v -0.206040 0.002339 0.206109
v -0.247397 0.002339 0.233742
v -0.200543 0.002339 0.214335
v -0.249327 0.002339 0.224039
v -0.198613 0.002339 0.224039
v -0.247397 0.002339 0.214335
v -0.200543 0.002339 0.233742
v -0.241900 0.002339 0.206109
v -0.206040 0.002339 0.241969
v -0.223970 0.002339 0.249396
v -0.231550 0.398545 0.242339
v -0.223970 0.398545 0.243846
v -0.237976 0.398545 0.238045
v -0.242270 0.398545 0.231619
v -0.243778 0.398545 0.224039
v -0.242270 0.398545 0.216459
v -0.237976 0.398545 0.210033
v -0.231550 0.398545 0.205739
v -0.223970 0.398545 0.204231
v -0.216390 0.398545 0.205739
v -0.209964 0.398545 0.210033
v -0.205670 0.398545 0.216459
v -0.204163 0.398545 0.224039
v -0.205670 0.398545 0.231619
v -0.209964 0.398545 0.238045
v -0.216390 0.398545 0.242339
v -0.231550 0.408282 0.242339
v -0.223970 0.408282 0.243846
v -0.237976 0.408282 0.238045
v -0.242270 0.408282 0.231619
v -0.243778 0.408282 0.224039
v -0.242270 0.408282 0.216459
v -0.237976 0.408282 0.210033
v -0.231550 0.408282 0.205739
v -0.223970 0.408282 0.204231
v -0.216390 0.408282 0.205739
v -0.209964 0.408282 0.210033
v -0.205670 0.408282 0.216459
v -0.204163 0.408282 0.224039
v -0.205670 0.408282 0.231619
v -0.209964 0.408282 0.238045
v -0.216390 0.408282 0.242339
v -0.215530 0.376914 0.215599
v -0.216306 0.378704 0.216375
v -0.234998 0.376914 0.228606
v -0.233984 0.378704 0.228187
v -0.212943 0.376914 0.219471
v -0.213957 0.378704 0.219891
v -0.235906 0.376914 0.224039
v -0.234809 0.378704 0.224039
v -0.212034 0.376914 0.224039
v -0.213132 0.378704 0.224039
v -0.234998 0.376914 0.219471
v -0.233984 0.378704 0.219891
v -0.212943 0.376914 0.228606
v -0.213957 0.378704 0.228187
v -0.232410 0.376914 0.215599
v -0.231634 0.378704 0.216375
v -0.215530 0.376914 0.232479
v -0.216306 0.378704 0.231703
v -0.228538 0.376914 0.213011
v -0.228118 0.378704 0.214025
v -0.219402 0.376914 0.235066
v -0.219822 0.378704 0.234052
v -0.223970 0.376914 0.212103
v -0.223970 0.378704 0.213200
v -0.228538 0.376914 0.235066
v -0.228118 0.378704 0.234052
v -0.219822 0.378704 0.214025
v -0.219402 0.376914 0.213011
v -0.231634 0.378704 0.231703
v -0.232410 0.376914 0.232479
v -0.223970 0.378704 0.234877
v -0.223970 0.376914 0.235975
v -0.231897 0.000000 0.232351
v -0.223970 0.000000 0.233140
v -0.216043 0.000000 0.232351
v -0.232551 0.000000 0.224039
v -0.223970 0.000000 0.224039
v -0.215390 0.000000 0.224039
v -0.231897 0.000000 0.215726
v -0.223970 0.000000 0.214938
v -0.216043 0.000000 0.215726
v -0.241350 0.047245 -0.223970
v -0.247652 0.090504 -0.223970
v -0.240032 0.047245 -0.230595
v -0.245855 0.090504 -0.233007
v -0.236280 0.047245 -0.236211
v -0.240736 0.090504 -0.240667
v -0.230664 0.047245 -0.239964
v -0.233075 0.090504 -0.245786
v -0.224039 0.047245 -0.241282
v -0.224039 0.090504 -0.247584
v -0.217414 0.047245 -0.239964
v -0.215002 0.090504 -0.245786
v -0.211798 0.047245 -0.236211
v -0.207342 0.090504 -0.240667
v -0.208045 0.047245 -0.230595
v -0.202223 0.090504 -0.233007
v -0.206727 0.047245 -0.223970
v -0.200425 0.090504 -0.223970
v -0.208045 0.047245 -0.217345
v -0.202223 0.090504 -0.214934
v -0.211798 0.047245 -0.211729
v -0.207342 0.090504 -0.207273
v -0.217414 0.047245 -0.207976
v -0.215002 0.090504 -0.202154
v -0.224039 0.047245 -0.206659
v -0.224039 0.090504 -0.200357
v -0.230664 0.047245 -0.207976
v -0.233075 0.090504 -0.202154
v -0.236280 0.047245 -0.211729
v -0.240736 0.090504 -0.207273
v -0.240032 0.047245 -0.217345
v -0.245855 0.090504 -0.214934
v -0.241956 0.095418 -0.231392
v -0.243432 0.095418 -0.223970
v -0.237752 0.095418 -0.237684
v -0.231460 0.095418 -0.241888
v -0.224039 0.095418 -0.243364
v -0.216617 0.095418 -0.241888
v -0.210325 0.095418 -0.237684
v -0.206121 0.095418 -0.231392
v -0.204645 0.095418 -0.223970
v -0.206121 0.095418 -0.216549
v -0.210325 0.095418 -0.210257
v -0.216617 0.095418 -0.206053
v -0.224039 0.095418 -0.204576
v -0.231460 0.095418 -0.206053
v -0.237752 0.095418 -0.210257
v -0.241956 0.095418 -0.216549
v -0.235579 0.370670 -0.228750
v -0.236530 0.370670 -0.223970
v -0.232871 0.370670 -0.232803
v -0.228819 0.370670 -0.235511
v -0.224039 0.370670 -0.236462
v -0.219258 0.370670 -0.235511
v -0.215206 0.370670 -0.232803
v -0.212498 0.370670 -0.228750
v -0.211547 0.370670 -0.223970
v -0.212498 0.370670 -0.219190
v -0.215206 0.370670 -0.215138
v -0.219258 0.370670 -0.212430
v -0.224039 0.370670 -0.211479
v -0.228819 0.370670 -0.212430
v -0.232871 0.370670 -0.215138
v -0.235579 0.370670 -0.219190
v -0.236184 0.389963 -0.229001
v -0.237185 0.389963 -0.223970
v -0.233334 0.389963 -0.233266
v -0.229069 0.389963 -0.236116
v -0.224039 0.389963 -0.237116
v -0.219008 0.389963 -0.236116
v -0.214743 0.389963 -0.233266
v -0.211893 0.389963 -0.229001
v -0.210893 0.389963 -0.223970
v -0.211893 0.389963 -0.218940
v -0.214743 0.389963 -0.214675
v -0.219008 0.389963 -0.211825
v -0.224039 0.389963 -0.210824
v -0.229069 0.389963 -0.211825
v -0.233334 0.389963 -0.214675
v -0.236184 0.389963 -0.218940
v -0.241021 0.398545 -0.231004
v -0.242420 0.398545 -0.223970
v -0.237036 0.398545 -0.236968
v -0.231073 0.398545 -0.240952
v -0.224039 0.398545 -0.242351
v -0.217005 0.398545 -0.240952
v -0.211041 0.398545 -0.236968
v -0.207057 0.398545 -0.231004
v -0.205658 0.398545 -0.223970
v -0.207057 0.398545 -0.216936
v -0.211041 0.398545 -0.210973
v -0.217005 0.398545 -0.206988
v -0.224039 0.398545 -0.205589
v -0.231073 0.398545 -0.206988
v -0.237036 0.398545 -0.210973
v -0.241021 0.398545 -0.216936
v -0.235450 0.392154 -0.212559
v -0.236636 0.395314 -0.211373
v -0.240498 0.395314 -0.217153
v -0.238949 0.392154 -0.217794
v -0.209129 0.392154 -0.230146
v -0.207579 0.395314 -0.230788
v -0.206223 0.395314 -0.223970
v -0.207900 0.392154 -0.223970
v -0.240177 0.392154 -0.223970
v -0.241854 0.395314 -0.223970
v -0.240498 0.395314 -0.230788
v -0.238949 0.392154 -0.230146
v -0.207579 0.395314 -0.217153
v -0.209129 0.392154 -0.217794
v -0.236636 0.395314 -0.236568
v -0.235450 0.392154 -0.235382
v -0.211441 0.395314 -0.211373
v -0.212627 0.392154 -0.212559
v -0.230856 0.395314 -0.240430
v -0.230215 0.392154 -0.238880
v -0.217221 0.395314 -0.207511
v -0.217863 0.392154 -0.209060
v -0.224039 0.395314 -0.241786
v -0.224039 0.392154 -0.240109
v -0.224039 0.395314 -0.206155
v -0.224039 0.392154 -0.207832
v -0.217221 0.395314 -0.240430
v -0.217863 0.392154 -0.238880
v -0.230856 0.395314 -0.207511
v -0.230215 0.392154 -0.209060
v -0.211441 0.395314 -0.236568
v -0.212627 0.392154 -0.235382
v -0.213779 0.386142 -0.219720
v -0.216186 0.386142 -0.216118
v -0.231891 0.386142 -0.231823
v -0.228289 0.386142 -0.234230
v -0.219789 0.386142 -0.213710
v -0.224039 0.386142 -0.235076
v -0.224039 0.386142 -0.212865
v -0.219789 0.386142 -0.234230
v -0.228289 0.386142 -0.213710
v -0.216186 0.386142 -0.231823
v -0.231891 0.386142 -0.216118
v -0.213779 0.386142 -0.228220
v -0.234299 0.386142 -0.219720
v -0.212933 0.386142 -0.223970
v -0.235144 0.386142 -0.223970
v -0.234299 0.386142 -0.228220
v -0.211469 0.388556 -0.218764
v -0.233659 0.388556 -0.233591
v -0.237644 0.388556 -0.223970
v -0.214418 0.388556 -0.214350
v -0.229245 0.388556 -0.236540
v -0.218832 0.388556 -0.211400
v -0.224039 0.388556 -0.237576
v -0.224039 0.388556 -0.210365
v -0.218832 0.388556 -0.236540
v -0.229245 0.388556 -0.211400
v -0.214418 0.388556 -0.233591
v -0.233659 0.388556 -0.214350
v -0.211469 0.388556 -0.229177
v -0.236609 0.388556 -0.218764
v -0.210433 0.388556 -0.223970
v -0.236609 0.388556 -0.229177
v -0.216437 0.381887 -0.216369
v -0.228153 0.381887 -0.233902
v -0.219925 0.381887 -0.214038
v -0.224039 0.381887 -0.234720
v -0.224039 0.381887 -0.213220
v -0.219925 0.381887 -0.233902
v -0.228153 0.381887 -0.214038
v -0.216437 0.381887 -0.231572
v -0.231640 0.381887 -0.216369
v -0.214107 0.381887 -0.228084
v -0.233971 0.381887 -0.219856
v -0.213288 0.381887 -0.223970
v -0.233971 0.381887 -0.228084
v -0.214107 0.381887 -0.219856
v -0.231640 0.381887 -0.231572
v -0.234789 0.381887 -0.223970
v -0.213514 0.369732 -0.228330
v -0.235431 0.369732 -0.223970
v -0.234564 0.369732 -0.219611
v -0.212647 0.369732 -0.223970
v -0.234564 0.369732 -0.228330
v -0.213514 0.369732 -0.219611
v -0.232094 0.369732 -0.232026
v -0.215983 0.369732 -0.215915
v -0.228398 0.369732 -0.234495
v -0.219679 0.369732 -0.213445
v -0.224039 0.369732 -0.235362
v -0.224039 0.369732 -0.212578
v -0.219679 0.369732 -0.234495
v -0.228398 0.369732 -0.213445
v -0.215983 0.369732 -0.232026
v -0.232094 0.369732 -0.215915
v -0.215445 0.372552 -0.215376
v -0.228690 0.372552 -0.235199
v -0.219388 0.372552 -0.212741
v -0.224039 0.372552 -0.236124
v -0.224039 0.372552 -0.211816
v -0.219388 0.372552 -0.235199
v -0.228690 0.372552 -0.212741
v -0.215445 0.372552 -0.232564
v -0.232633 0.372552 -0.215376
v -0.212810 0.372552 -0.228621
v -0.235268 0.372552 -0.219319
v -0.211885 0.372552 -0.223970
v -0.235268 0.372552 -0.228621
v -0.212810 0.372552 -0.219319
v -0.232633 0.372552 -0.232564
v -0.236193 0.372552 -0.223970
v -0.210843 0.374203 -0.218505
v -0.211141 0.375790 -0.218628
v -0.234138 0.374203 -0.234069
v -0.233910 0.375790 -0.233842
v -0.238321 0.374203 -0.223970
v -0.237999 0.375790 -0.223970
v -0.214167 0.375790 -0.214099
v -0.213940 0.374203 -0.213871
v -0.229381 0.375790 -0.236868
v -0.229504 0.374203 -0.237166
v -0.218696 0.375790 -0.211073
v -0.218573 0.374203 -0.210775
v -0.224039 0.375790 -0.237930
v -0.224039 0.374203 -0.238253
v -0.224039 0.375790 -0.210010
v -0.224039 0.374203 -0.209688
v -0.218696 0.375790 -0.236868
v -0.218573 0.374203 -0.237166
v -0.229381 0.375790 -0.211073
v -0.229504 0.374203 -0.210775
v -0.214167 0.375790 -0.233842
v -0.213940 0.374203 -0.234069
v -0.233910 0.375790 -0.214099
v -0.234138 0.374203 -0.213871
v -0.211141 0.375790 -0.229313
v -0.210843 0.374203 -0.229436
v -0.236936 0.375790 -0.218628
v -0.237234 0.374203 -0.218505
v -0.210079 0.375790 -0.223970
v -0.209756 0.374203 -0.223970
v -0.236936 0.375790 -0.229313
v -0.237234 0.374203 -0.229436
v -0.214252 0.373108 -0.214184
v -0.229335 0.373108 -0.236757
v -0.218742 0.373108 -0.211184
v -0.224039 0.373108 -0.237810
v -0.224039 0.373108 -0.210130
v -0.218742 0.373108 -0.236757
v -0.229335 0.373108 -0.211184
v -0.214252 0.373108 -0.233757
v -0.233825 0.373108 -0.214184
v -0.211252 0.373108 -0.229267
v -0.236825 0.373108 -0.218674
v -0.210199 0.373108 -0.223970
v -0.236825 0.373108 -0.229267
v -0.211252 0.373108 -0.218674
v -0.233825 0.373108 -0.233757
v -0.237879 0.373108 -0.223970
v -0.206772 0.166398 -0.223970
v -0.239991 0.166398 -0.230578
v -0.208086 0.166398 -0.217362
v -0.236248 0.166398 -0.236180
v -0.211829 0.166398 -0.211761
v -0.230647 0.166398 -0.239923
v -0.217431 0.166398 -0.208018
v -0.224039 0.166398 -0.241237
v -0.224039 0.166398 -0.206703
v -0.217431 0.166398 -0.239923
v -0.230647 0.166398 -0.208018
v -0.211829 0.166398 -0.236180
v -0.236248 0.166398 -0.211761
v -0.208086 0.166398 -0.230578
v -0.241306 0.166398 -0.223970
v -0.239991 0.166398 -0.217362
v -0.205156 0.165455 -0.223970
v -0.241484 0.165455 -0.231196
v -0.206593 0.165455 -0.216744
v -0.237391 0.165455 -0.237323
v -0.210686 0.165455 -0.210618
v -0.231265 0.165455 -0.241416
v -0.216813 0.165455 -0.206525
v -0.224039 0.165455 -0.242853
v -0.224039 0.165455 -0.205087
v -0.216813 0.165455 -0.241416
v -0.231265 0.165455 -0.206525
v -0.210686 0.165455 -0.237323
v -0.237391 0.165455 -0.210618
v -0.206593 0.165455 -0.231196
v -0.242922 0.165455 -0.223970
v -0.241484 0.165455 -0.216744
v -0.204986 0.142138 -0.223970
v -0.241641 0.142138 -0.231262
v -0.206436 0.142138 -0.216679
v -0.237511 0.142138 -0.237443
v -0.210566 0.142138 -0.210498
v -0.231330 0.142138 -0.241573
v -0.216747 0.142138 -0.206368
v -0.224039 0.142138 -0.243023
v -0.224039 0.142138 -0.204917
v -0.216747 0.142138 -0.241573
v -0.231330 0.142138 -0.206368
v -0.210566 0.142138 -0.237443
v -0.237511 0.142138 -0.210498
v -0.206436 0.142138 -0.231262
v -0.243092 0.142138 -0.223970
v -0.241641 0.142138 -0.216679
v -0.204903 0.130840 -0.223970
v -0.241718 0.130840 -0.231293
v -0.206360 0.130840 -0.216647
v -0.237570 0.130840 -0.237501
v -0.210508 0.130840 -0.210439
v -0.231362 0.130840 -0.241649
v -0.216716 0.130840 -0.206291
v -0.224039 0.130840 -0.243106
v -0.224039 0.130840 -0.204835
v -0.216716 0.130840 -0.241649
v -0.231362 0.130840 -0.206291
v -0.210508 0.130840 -0.237501
v -0.237570 0.130840 -0.210439
v -0.206360 0.130840 -0.231293
v -0.243174 0.130840 -0.223970
v -0.241718 0.130840 -0.216647
v -0.201722 0.131684 -0.233214
v -0.201754 0.141294 -0.233201
v -0.248194 0.131684 -0.223970
v -0.248160 0.141294 -0.223970
v -0.246356 0.131684 -0.214726
v -0.246324 0.141294 -0.214740
v -0.199918 0.141294 -0.223970
v -0.199883 0.131684 -0.223970
v -0.246324 0.141294 -0.233201
v -0.246356 0.131684 -0.233214
v -0.201754 0.141294 -0.214740
v -0.201722 0.131684 -0.214726
v -0.241095 0.141294 -0.241026
v -0.241119 0.131684 -0.241051
v -0.206983 0.141294 -0.206914
v -0.206958 0.131684 -0.206890
v -0.233269 0.141294 -0.246255
v -0.233283 0.131684 -0.246287
v -0.214808 0.141294 -0.201685
v -0.214795 0.131684 -0.201653
v -0.224039 0.141294 -0.248091
v -0.224039 0.131684 -0.248126
v -0.224039 0.141294 -0.199849
v -0.224039 0.131684 -0.199815
v -0.214808 0.141294 -0.246255
v -0.214795 0.131684 -0.246287
v -0.233269 0.141294 -0.201685
v -0.233283 0.131684 -0.201653
v -0.206983 0.141294 -0.241026
v -0.206958 0.131684 -0.241051
v -0.241095 0.141294 -0.206914
v -0.241119 0.131684 -0.206890
v -0.247652 0.049707 -0.223970
v -0.245855 0.049707 -0.233007
v -0.240736 0.049707 -0.240667
v -0.233075 0.049707 -0.245786
v -0.224039 0.049707 -0.247584
v -0.215002 0.049707 -0.245786
v -0.207342 0.049707 -0.240667
v -0.202223 0.049707 -0.233007
v -0.200425 0.049707 -0.223970
v -0.202223 0.049707 -0.214934
v -0.207342 0.049707 -0.207273
v -0.215002 0.049707 -0.202154
v -0.224039 0.049707 -0.200357
v -0.233075 0.049707 -0.202154
v -0.240736 0.049707 -0.207273
v -0.245855 0.049707 -0.214934
v -0.241350 0.045129 -0.223970
v -0.240032 0.045129 -0.230595
v -0.236280 0.045129 -0.236211
v -0.230664 0.045129 -0.239964
v -0.224039 0.045129 -0.241282
v -0.217414 0.045129 -0.239964
v -0.211798 0.045129 -0.236211
v -0.208045 0.045129 -0.230595
v -0.206727 0.045129 -0.223970
v -0.208045 0.045129 -0.217345
v -0.211798 0.045129 -0.211729
v -0.217414 0.045129 -0.207976
v -0.224039 0.045129 -0.206659
v -0.230664 0.045129 -0.207976
v -0.236280 0.045129 -0.211729
v -0.240032 0.045129 -0.217345
v -0.242970 0.032433 -0.223970
v -0.241529 0.032433 -0.231215
v -0.237425 0.032433 -0.237356
v -0.231283 0.032433 -0.241460
v -0.224039 0.032433 -0.242901
v -0.216794 0.032433 -0.241460
v -0.210653 0.032433 -0.237356
v -0.206549 0.032433 -0.231215
v -0.205108 0.032433 -0.223970
v -0.206549 0.032433 -0.216726
v -0.210653 0.032433 -0.210584
v -0.216794 0.032433 -0.206480
v -0.224039 0.032433 -0.205039
v -0.231283 0.032433 -0.206480
v -0.237425 0.032433 -0.210584
v -0.241529 0.032433 -0.216726
v -0.224039 0.033637 -0.205193
v -0.216853 0.033637 -0.206622
v -0.216853 0.033637 -0.241318
v -0.224039 0.033637 -0.242748
v -0.231224 0.033637 -0.206622
v -0.210761 0.033637 -0.237248
v -0.237316 0.033637 -0.210693
v -0.206691 0.033637 -0.231156
v -0.241387 0.033637 -0.216784
v -0.205261 0.033637 -0.223970
v -0.241387 0.033637 -0.231156
v -0.242816 0.033637 -0.223970
v -0.206691 0.033637 -0.216784
v -0.237316 0.033637 -0.237248
v -0.210761 0.033637 -0.210693
v -0.231224 0.033637 -0.241318
v -0.218486 0.039383 -0.210564
v -0.224039 0.039383 -0.238481
v -0.238549 0.039383 -0.223970
v -0.224039 0.039383 -0.209460
v -0.218486 0.039383 -0.237376
v -0.229592 0.039383 -0.210564
v -0.213778 0.039383 -0.234231
v -0.234299 0.039383 -0.213710
v -0.210633 0.039383 -0.229523
v -0.237444 0.039383 -0.218417
v -0.209528 0.039383 -0.223970
v -0.237444 0.039383 -0.229523
v -0.210633 0.039383 -0.218417
v -0.234299 0.039383 -0.234231
v -0.213778 0.039383 -0.213710
v -0.229592 0.039383 -0.237376
v -0.218440 0.042747 -0.210454
v -0.224039 0.042747 -0.238600
v -0.238668 0.042747 -0.223970
v -0.224039 0.042747 -0.209341
v -0.218440 0.042747 -0.237486
v -0.229637 0.042747 -0.210454
v -0.213694 0.042747 -0.234315
v -0.234383 0.042747 -0.213626
v -0.210523 0.042747 -0.229569
v -0.237555 0.042747 -0.218372
v -0.209409 0.042747 -0.223970
v -0.237555 0.042747 -0.229569
v -0.210523 0.042747 -0.218372
v -0.234383 0.042747 -0.234315
v -0.213694 0.042747 -0.213626
v -0.229637 0.042747 -0.237486
v -0.224039 0.035858 -0.208344
v -0.218059 0.035858 -0.238407
v -0.230019 0.035858 -0.209534
v -0.212989 0.035858 -0.235020
v -0.235088 0.035858 -0.212921
v -0.209602 0.035858 -0.229950
v -0.238475 0.035858 -0.217990
v -0.208413 0.035858 -0.223970
v -0.238475 0.035858 -0.229950
v -0.209602 0.035858 -0.217990
v -0.235088 0.035858 -0.235020
v -0.212989 0.035858 -0.212921
v -0.230019 0.035858 -0.238407
v -0.218059 0.035858 -0.209534
v -0.224039 0.035858 -0.239596
v -0.239665 0.035858 -0.223970
v -0.239893 0.000000 -0.223970
v -0.238686 0.000000 -0.230037
v -0.235249 0.000000 -0.235181
v -0.230106 0.000000 -0.238618
v -0.224039 0.000000 -0.239825
v -0.217972 0.000000 -0.238618
v -0.212828 0.000000 -0.235181
v -0.209391 0.000000 -0.230037
v -0.208184 0.000000 -0.223970
v -0.209391 0.000000 -0.217903
v -0.212828 0.000000 -0.212759
v -0.217972 0.000000 -0.209323
v -0.224039 0.000000 -0.208116
v -0.230106 0.000000 -0.209323
v -0.235249 0.000000 -0.212759
v -0.238686 0.000000 -0.217903
v -0.193632 0.024145 -0.236565
v -0.194696 0.006862 -0.236124
v -0.201581 0.006862 -0.246428
v -0.200766 0.024145 -0.247243
v -0.254446 0.024145 -0.211375
v -0.253381 0.006862 -0.211816
v -0.246497 0.006862 -0.201512
v -0.247311 0.024145 -0.200698
v -0.191126 0.024145 -0.223970
v -0.192279 0.006862 -0.223970
v -0.254446 0.024145 -0.236565
v -0.253381 0.006862 -0.236124
v -0.255799 0.006862 -0.223970
v -0.256951 0.024145 -0.223970
v -0.193632 0.024145 -0.211375
v -0.194696 0.006862 -0.211816
v -0.247311 0.024145 -0.247243
v -0.246497 0.006862 -0.246428
v -0.200766 0.024145 -0.200698
v -0.201581 0.006862 -0.201512
v -0.236634 0.024145 -0.254377
v -0.236193 0.006862 -0.253313
v -0.211444 0.024145 -0.193563
v -0.211885 0.006862 -0.194628
v -0.224039 0.024145 -0.256883
v -0.224039 0.006862 -0.255730
v -0.224039 0.024145 -0.191058
v -0.224039 0.006862 -0.192210
v -0.211444 0.024145 -0.254377
v -0.211885 0.006862 -0.253313
v -0.236634 0.024145 -0.193563
v -0.236193 0.006862 -0.194628
v -0.191820 0.018384 -0.237316
v -0.192201 0.012623 -0.237158
v -0.199671 0.012623 -0.248338
v -0.199380 0.018384 -0.248629
v -0.256257 0.018384 -0.210625
v -0.255877 0.012623 -0.210783
v -0.248406 0.012623 -0.199603
v -0.248698 0.018384 -0.199311
v -0.189166 0.018384 -0.223970
v -0.189578 0.012623 -0.223970
v -0.256257 0.018384 -0.237316
v -0.255877 0.012623 -0.237158
v -0.258500 0.012623 -0.223970
v -0.258912 0.018384 -0.223970
v -0.191820 0.018384 -0.210625
v -0.192201 0.012623 -0.210783
v -0.248698 0.018384 -0.248629
v -0.248406 0.012623 -0.248338
v -0.199380 0.018384 -0.199311
v -0.199671 0.012623 -0.199603
v -0.237384 0.018384 -0.256189
v -0.237226 0.012623 -0.255808
v -0.210693 0.018384 -0.191752
v -0.210851 0.012623 -0.192132
v -0.224039 0.018384 -0.258843
v -0.224039 0.012623 -0.258431
v -0.224039 0.018384 -0.189097
v -0.224039 0.012623 -0.189509
v -0.210693 0.018384 -0.256189
v -0.210851 0.012623 -0.255808
v -0.237384 0.018384 -0.191752
v -0.237226 0.012623 -0.192132
v -0.204175 0.028565 -0.243834
v -0.243902 0.028565 -0.204107
v -0.252130 0.028565 -0.223970
v -0.198086 0.028565 -0.234720
v -0.249992 0.028565 -0.213220
v -0.195947 0.028565 -0.223970
v -0.249992 0.028565 -0.234720
v -0.198086 0.028565 -0.213220
v -0.243902 0.028565 -0.243834
v -0.204175 0.028565 -0.204107
v -0.234789 0.028565 -0.249923
v -0.213289 0.028565 -0.198017
v -0.224039 0.028565 -0.252061
v -0.224039 0.028565 -0.195879
v -0.213289 0.028565 -0.249923
v -0.234789 0.028565 -0.198017
v -0.200612 0.002339 -0.233674
v -0.247466 0.002339 -0.214267
v -0.198682 0.002339 -0.223970
v -0.247466 0.002339 -0.233674
v -0.200612 0.002339 -0.214267
v -0.241969 0.002339 -0.241900
v -0.206109 0.002339 -0.206040
v -0.233742 0.002339 -0.247397
v -0.214335 0.002339 -0.200543
v -0.224039 0.002339 -0.249327
v -0.224039 0.002339 -0.198613
v -0.214335 0.002339 -0.247397
v -0.233742 0.002339 -0.200543
v -0.206109 0.002339 -0.241900
v -0.241969 0.002339 -0.206040
v -0.249396 0.002339 -0.223970
v -0.242339 0.398545 -0.231550
v -0.243846 0.398545 -0.223970
v -0.238045 0.398545 -0.237976
v -0.231619 0.398545 -0.242270
v -0.224039 0.398545 -0.243778
v -0.216459 0.398545 -0.242270
v -0.210033 0.398545 -0.237976
v -0.205739 0.398545 -0.231550
v -0.204231 0.398545 -0.223970
v -0.205739 0.398545 -0.216390
v -0.210033 0.398545 -0.209964
v -0.216459 0.398545 -0.205670
v -0.224039 0.398545 -0.204163
v -0.231619 0.398545 -0.205670
v -0.238045 0.398545 -0.209964
v -0.242339 0.398545 -0.216390
v -0.242339 0.408282 -0.231550
v -0.243846 0.408282 -0.223970
v -0.238045 0.408282 -0.237976
v -0.231619 0.408282 -0.242270
v -0.224039 0.408282 -0.243778
v -0.216459 0.408282 -0.242270
v -0.210033 0.408282 -0.237976
v -0.205739 0.408282 -0.231550
v -0.204231 0.408282 -0.223970
v -0.205739 0.408282 -0.216390
v -0.210033 0.408282 -0.209964
v -0.216459 0.408282 -0.205670
v -0.224039 0.408282 -0.204163
v -0.231619 0.408282 -0.205670
v -0.238045 0.408282 -0.209964
v -0.242339 0.408282 -0.216390
v -0.215599 0.376914 -0.215530
v -0.216375 0.378704 -0.216306
v -0.228606 0.376914 -0.234998
v -0.228187 0.378704 -0.233984
v -0.219471 0.376914 -0.212943
v -0.219891 0.378704 -0.213957
v -0.224039 0.376914 -0.235906
v -0.224039 0.378704 -0.234809
v -0.224039 0.376914 -0.212034
v -0.224039 0.378704 -0.213132
v -0.219471 0.376914 -0.234998
v -0.219891 0.378704 -0.233984
v -0.228606 0.376914 -0.212943
v -0.228187 0.378704 -0.213957
v -0.215599 0.376914 -0.232410
v -0.216375 0.378704 -0.231634
v -0.232479 0.376914 -0.215530
v -0.231703 0.378704 -0.216306
v -0.213011 0.376914 -0.228538
v -0.214025 0.378704 -0.228118
v -0.235066 0.376914 -0.219403
v -0.234052 0.378704 -0.219822
v -0.212103 0.376914 -0.223970
v -0.213200 0.378704 -0.223970
v -0.235066 0.376914 -0.228538
v -0.234052 0.378704 -0.228118
v -0.214025 0.378704 -0.219822
v -0.213011 0.376914 -0.219403
v -0.231703 0.378704 -0.231634
v -0.232479 0.376914 -0.232410
v -0.234877 0.378704 -0.223970
v -0.235975 0.376914 -0.223970
v -0.232351 0.000000 -0.231897
v -0.233140 0.000000 -0.223970
v -0.232351 0.000000 -0.216043
v -0.224039 0.000000 -0.232551
v -0.224039 0.000000 -0.223970
v -0.224039 0.000000 -0.215390
v -0.215726 0.000000 -0.231897
v -0.214938 0.000000 -0.223970
v -0.215726 0.000000 -0.216043
vn 0.5777 -0.5766 -0.5777
vn 0.4406 -0.6349 -0.6346
vn 0.4755 -0.4758 -0.7399
vn 0.6342 -0.4423 -0.6342
vn 0.2963 -0.6749 -0.6758
vn 0.3164 -0.5081 -0.8011
vn 0.1511 -0.6981 -0.6998
vn 0.1612 -0.5265 -0.8347
vn -0.0000 -0.7064 -0.7078
vn -0.0000 -0.5324 -0.8465
vn -0.1511 -0.6981 -0.6998
vn -0.1612 -0.5265 -0.8347
vn -0.2963 -0.6749 -0.6758
vn -0.3164 -0.5081 -0.8011
vn -0.4406 -0.6349 -0.6346
vn -0.4755 -0.4758 -0.7399
vn -0.5777 -0.5766 -0.5777
vn -0.6342 -0.4423 -0.6342
vn 0.5077 -0.3153 -0.8018
vn 0.6759 -0.2937 -0.6759
vn 0.3394 -0.3378 -0.8779
vn 0.1720 -0.3512 -0.9204
vn -0.0000 -0.3556 -0.9346
vn -0.1720 -0.3512 -0.9204
vn -0.3394 -0.3378 -0.8779
vn -0.5077 -0.3153 -0.8018
vn -0.6759 -0.2937 -0.6759
vn 0.5261 -0.1604 -0.8351
vn 0.6991 -0.1500 -0.6991
vn 0.3523 -0.1720 -0.9200
vn 0.1785 -0.1781 -0.9677
vn -0.0000 -0.1802 -0.9836
vn -0.1785 -0.1781 -0.9677
vn -0.3523 -0.1720 -0.9200
vn -0.5261 -0.1604 -0.8351
vn -0.6991 -0.1500 -0.6991
vn 0.5329 -0.0000 -0.8462
vn 0.7071 -0.0000 -0.7071
vn 0.3565 -0.0000 -0.9343
vn 0.1806 -0.0000 -0.9836
vn -0.0000 -0.0000 -1.0000
vn -0.1806 -0.0000 -0.9836
vn -0.3565 -0.0000 -0.9343
vn -0.5329 -0.0000 -0.8462
vn -0.7071 -0.0000 -0.7071
vn 0.5261 0.1604 -0.8351
vn 0.6991 0.1500 -0.6991
vn 0.3523 0.1720 -0.9200
vn 0.1785 0.1781 -0.9677
vn -0.0000 0.1802 -0.9836
vn -0.1785 0.1781 -0.9677
vn -0.3523 0.1720 -0.9200
vn -0.5261 0.1604 -0.8351
vn -0.6991 0.1500 -0.6991
vn 0.5077 0.3153 -0.8018
vn 0.6759 0.2937 -0.6759
vn 0.3394 0.3378 -0.8779
vn 0.1720 0.3512 -0.9204
vn -0.0000 0.3556 -0.9346
vn -0.1720 0.3512 -0.9204
vn -0.3394 0.3378 -0.8779
vn -0.5077 0.3153 -0.8018
vn -0.6759 0.2937 -0.6759
vn 0.4755 0.4758 -0.7399
vn 0.6342 0.4423 -0.6342
vn 0.3164 0.5081 -0.8011
vn 0.1612 0.5265 -0.8347
vn -0.0000 0.5324 -0.8465
vn -0.1612 0.5265 -0.8347
vn -0.3164 0.5081 -0.8011
vn -0.4755 0.4758 -0.7399
vn -0.6342 0.4423 -0.6342
vn 0.4406 0.6349 -0.6346
vn 0.5777 0.5766 -0.5777
vn 0.2963 0.6749 -0.6758
vn 0.1511 0.6981 -0.6998
vn -0.0000 0.7064 -0.7078
vn -0.1511 0.6981 -0.6998
vn -0.2963 0.6749 -0.6758
vn -0.4406 0.6349 -0.6346
vn -0.5777 0.5766 -0.5777
vn -0.6346 -0.6349 -0.4406
vn -0.7399 -0.4758 -0.4755
vn -0.6758 -0.6749 -0.2963
vn -0.8011 -0.5081 -0.3164
vn -0.6998 -0.6981 -0.1511
vn -0.8347 -0.5265 -0.1612
vn -0.7078 -0.7064 -0.0000
vn -0.8465 -0.5324 -0.0000
vn -0.6998 -0.6981 0.1511
vn -0.8347 -0.5265 0.1612
vn -0.6758 -0.6749 0.2963
vn -0.8011 -0.5081 0.3164
vn -0.6346 -0.6349 0.4406
vn -0.7399 -0.4758 0.4755
vn -0.5777 -0.5766 0.5777
vn -0.6342 -0.4423 0.6342
vn -0.8018 -0.3153 -0.5077
vn -0.8779 -0.3378 -0.3394
vn -0.9204 -0.3512 -0.1720
vn -0.9346 -0.3556 -0.0000
vn -0.9204 -0.3512 0.1720
vn -0.8779 -0.3378 0.3394
vn -0.8018 -0.3153 0.5077
vn -0.6759 -0.2937 0.6759
vn -0.8351 -0.1604 -0.5261
vn -0.9200 -0.1720 -0.3523
vn -0.9677 -0.1781 -0.1785
vn -0.9836 -0.1802 -0.0000
vn -0.9677 -0.1781 0.1785
vn -0.9200 -0.1720 0.3523
vn -0.8351 -0.1604 0.5261
vn -0.6991 -0.1500 0.6991
vn -0.8462 -0.0000 -0.5329
vn -0.9343 -0.0000 -0.3565
vn -0.9836 -0.0000 -0.1806
vn -1.0000 -0.0000 -0.0000
vn -0.9836 -0.0000 0.1806
vn -0.9343 -0.0000 0.3565
vn -0.8462 -0.0000 0.5329
vn -0.7071 -0.0000 0.7071
vn -0.8351 0.1604 -0.5261
vn -0.9200 0.1720 -0.3523
vn -0.9677 0.1781 -0.1785
vn -0.9836 0.1802 -0.0000
vn -0.9677 0.1781 0.1785
vn -0.9200 0.1720 0.3523
vn -0.8351 0.1604 0.5261
vn -0.6991 0.1500 0.6991
vn -0.8018 0.3153 -0.5077
vn -0.8779 0.3378 -0.3394
vn -0.9204 0.3512 -0.1720
vn -0.9346 0.3556 -0.0000
vn -0.9204 0.3512 0.1720
vn -0.8779 0.3378 0.3394
vn -0.8018 0.3153 0.5077
vn -0.6759 0.2937 0.6759
vn -0.7399 0.4758 -0.4755
vn -0.8011 0.5081 -0.3164
vn -0.8347 0.5265 -0.1612
vn -0.8465 0.5324 -0.0000
vn -0.8347 0.5265 0.1612
vn -0.8011 0.5081 0.3164
vn -0.7399 0.4758 0.4755
vn -0.6342 0.4423 0.6342
vn -0.6346 0.6349 -0.4406
vn -0.6758 0.6749 -0.2963
vn -0.6998 0.6981 -0.1511
vn -0.7078 0.7064 -0.0000
vn -0.6998 0.6981 0.1511
vn -0.6758 0.6749 0.2963
vn -0.6346 0.6349 0.4406
vn -0.5777 0.5766 0.5777
vn -0.4406 -0.6349 0.6346
vn -0.4755 -0.4758 0.7399
vn -0.2963 -0.6749 0.6758
vn -0.3164 -0.5081 0.8011
vn -0.1511 -0.6981 0.6998
vn -0.1612 -0.5265 0.8347
vn -0.0000 -0.7064 0.7078
vn -0.0000 -0.5324 0.8465
vn 0.1511 -0.6981 0.6998
vn 0.1612 -0.5265 0.8347
vn 0.2963 -0.6749 0.6758
vn 0.3164 -0.5081 0.8011
vn 0.4406 -0.6349 0.6346
vn 0.4755 -0.4758 0.7399
vn 0.5777 -0.5766 0.5777
vn 0.6342 -0.4423 0.6342
vn -0.5077 -0.3153 0.8018
vn -0.3394 -0.3378 0.8779
vn -0.1720 -0.3512 0.9204
vn -0.0000 -0.3556 0.9346
vn 0.1720 -0.3512 0.9204
vn 0.3394 -0.3378 0.8779
vn 0.5077 -0.3153 0.8018
vn 0.6759 -0.2937 0.6759
vn -0.5261 -0.1604 0.8351
vn -0.3523 -0.1720 0.9200
vn -0.1785 -0.1781 0.9677
vn -0.0000 -0.1802 0.9836
vn 0.1785 -0.1781 0.9677
vn 0.3523 -0.1720 0.9200
vn 0.5261 -0.1604 0.8351
vn 0.6991 -0.1500 0.6991
vn -0.5329 -0.0000 0.8462
vn -0.3565 -0.0000 0.9343
vn -0.1806 -0.0000 0.9836
vn -0.0000 -0.0000 1.0000
vn 0.1806 -0.0000 0.9836
vn 0.3565 -0.0000 0.9343
vn 0.5329 -0.0000 0.8462
vn 0.7071 -0.0000 0.7071
vn -0.5261 0.1604 0.8351
vn -0.3523 0.1720 0.9200
vn -0.1785 0.1781 0.9677
vn -0.0000 0.1802 0.9836
vn 0.1785 0.1781 0.9677
vn 0.3523 0.1720 0.9200
vn 0.5261 0.1604 0.8351
vn 0.6991 0.1500 0.6991
vn -0.5077 0.3153 0.8018
vn -0.3394 0.3378 0.8779
vn -0.1720 0.3512 0.9204
vn -0.0000 0.3556 0.9346
vn 0.1720 0.3512 0.9204
vn 0.3394 0.3378 0.8779
vn 0.5077 0.3153 0.8018
vn 0.6759 0.2937 0.6759
vn -0.4755 0.4758 0.7399
vn -0.3164 0.5081 0.8011
vn -0.1612 0.5265 0.8347
vn -0.0000 0.5324 0.8465
vn 0.1612 0.5265 0.8347
vn 0.3164 0.5081 0.8011
vn 0.4755 0.4758 0.7399
vn 0.6342 0.4423 0.6342
vn -0.4406 0.6349 0.6346
vn -0.2963 0.6749 0.6758
vn -0.1511 0.6981 0.6998
vn -0.0000 0.7064 0.7078
vn 0.1511 0.6981 0.6998
vn 0.2963 0.6749 0.6758
vn 0.4406 0.6349 0.6346
vn 0.5777 0.5766 0.5777
vn 0.6346 -0.6349 0.4406
vn 0.7399 -0.4758 0.4755
vn 0.6758 -0.6749 0.2963
vn 0.8011 -0.5081 0.3164
vn 0.6998 -0.6981 0.1511
vn 0.8347 -0.5265 0.1612
vn 0.7078 -0.7064 -0.0000
vn 0.8465 -0.5324 -0.0000
vn 0.6998 -0.6981 -0.1511
vn 0.8347 -0.5265 -0.1612
vn 0.6758 -0.6749 -0.2963
vn 0.8011 -0.5081 -0.3164
vn 0.6346 -0.6349 -0.4406
vn 0.7399 -0.4758 -0.4755
vn 0.8018 -0.3153 0.5077
vn 0.8779 -0.3378 0.3394
vn 0.9204 -0.3512 0.1720
vn 0.9346 -0.3556 -0.0000
vn 0.9204 -0.3512 -0.1720
vn 0.8779 -0.3378 -0.3394
vn 0.8018 -0.3153 -0.5077
vn 0.8351 -0.1604 0.5261
vn 0.9200 -0.1720 0.3523
vn 0.9677 -0.1781 0.1785
vn 0.9836 -0.1802 -0.0000
vn 0.9677 -0.1781 -0.1785
vn 0.9200 -0.1720 -0.3523
vn 0.8351 -0.1604 -0.5261
vn 0.8462 -0.0000 0.5329
vn 0.9343 -0.0000 0.3565
vn 0.9836 -0.0000 0.1806
vn 1.0000 -0.0000 -0.0000
vn 0.9836 -0.0000 -0.1806
vn 0.9343 -0.0000 -0.3565
vn 0.8462 -0.0000 -0.5329
vn 0.8351 0.1604 0.5261
vn 0.9200 0.1720 0.3523
vn 0.9677 0.1781 0.1785
vn 0.9836 0.1802 -0.0000
vn 0.9677 0.1781 -0.1785
vn 0.9200 0.1720 -0.3523
vn 0.8351 0.1604 -0.5261
vn 0.8018 0.3153 0.5077
vn 0.8779 0.3378 0.3394
vn 0.9204 0.3512 0.1720
vn 0.9346 0.3556 -0.0000
vn 0.9204 0.3512 -0.1720
vn 0.8779 0.3378 -0.3394
vn 0.8018 0.3153 -0.5077
vn 0.7399 0.4758 0.4755
vn 0.8011 0.5081 0.3164
vn 0.8347 0.5265 0.1612
vn 0.8465 0.5324 -0.0000
vn 0.8347 0.5265 -0.1612
vn 0.8011 0.5081 -0.3164
vn 0.7399 0.4758 -0.4755
vn 0.6346 0.6349 0.4406
vn 0.6758 0.6749 0.2963
vn 0.6998 0.6981 0.1511
vn 0.7078 0.7064 -0.0000
vn 0.6998 0.6981 -0.1511
vn 0.6758 0.6749 -0.2963
vn 0.6346 0.6349 -0.4406
vn 0.4764 -0.7390 0.4764
vn 0.3187 -0.7986 0.5105
vn 0.1597 -0.8337 0.5287
vn -0.0000 -0.8458 0.5334
vn -0.1597 -0.8337 0.5287
vn -0.3187 -0.7986 0.5105
vn -0.4764 -0.7390 0.4764
vn 0.5105 -0.7986 0.3187
vn 0.3404 -0.8765 0.3404
vn 0.1687 -0.9210 0.3512
vn -0.0000 -0.9350 0.3546
vn -0.1687 -0.9210 0.3512
vn -0.3404 -0.8765 0.3404
vn -0.5105 -0.7986 0.3187
vn 0.5287 -0.8337 0.1597
vn 0.3512 -0.9210 0.1687
vn 0.1754 -0.9687 0.1754
vn -0.0000 -0.9839 0.1786
vn -0.1754 -0.9687 0.1754
vn -0.3512 -0.9210 0.1687
vn -0.5287 -0.8337 0.1597
vn 0.5334 -0.8458 -0.0000
vn 0.3546 -0.9350 -0.0000
vn 0.1786 -0.9839 -0.0000
vn -0.0000 -1.0000 -0.0000
vn -0.1786 -0.9839 -0.0000
vn -0.3546 -0.9350 -0.0000
vn -0.5334 -0.8458 -0.0000
vn 0.5287 -0.8337 -0.1597
vn 0.3512 -0.9210 -0.1687
vn 0.1754 -0.9687 -0.1754
vn -0.0000 -0.9839 -0.1786
vn -0.1754 -0.9687 -0.1754
vn -0.3512 -0.9210 -0.1687
vn -0.5287 -0.8337 -0.1597
vn 0.5105 -0.7986 -0.3187
vn 0.3404 -0.8765 -0.3404
vn 0.1687 -0.9210 -0.3512
vn -0.0000 -0.9350 -0.3546
vn -0.1687 -0.9210 -0.3512
vn -0.3404 -0.8765 -0.3404
vn -0.5105 -0.7986 -0.3187
vn 0.4764 -0.7390 -0.4764
vn 0.3187 -0.7986 -0.5105
vn 0.1597 -0.8337 -0.5287
vn -0.0000 -0.8458 -0.5334
vn -0.1597 -0.8337 -0.5287
vn -0.3187 -0.7986 -0.5105
vn -0.4764 -0.7390 -0.4764
vn 0.4764 0.7390 -0.4764
vn 0.3187 0.7986 -0.5105
vn 0.1597 0.8337 -0.5287
vn -0.0000 0.8458 -0.5334
vn -0.1597 0.8337 -0.5287
vn -0.3187 0.7986 -0.5105
vn -0.4764 0.7390 -0.4764
vn 0.5105 0.7986 -0.3187
vn 0.3404 0.8765 -0.3404
vn 0.1687 0.9210 -0.3512
vn -0.0000 0.9350 -0.3546
vn -0.1687 0.9210 -0.3512
vn -0.3404 0.8765 -0.3404
vn -0.5105 0.7986 -0.3187
vn 0.5287 0.8337 -0.1597
vn 0.3512 0.9210 -0.1687
vn 0.1754 0.9687 -0.1754
vn -0.0000 0.9839 -0.1786
vn -0.1754 0.9687 -0.1754
vn -0.3512 0.9210 -0.1687
vn -0.5287 0.8337 -0.1597
vn 0.5334 0.8458 -0.0000
vn 0.3546 0.9350 -0.0000
vn 0.1786 0.9839 -0.0000
vn -0.0000 1.0000 -0.0000
vn -0.1786 0.9839 -0.0000
vn -0.3546 0.9350 -0.0000
vn -0.5334 0.8458 -0.0000
vn 0.5287 0.8337 0.1597
vn 0.3512 0.9210 0.1687
vn 0.1754 0.9687 0.1754
vn -0.0000 0.9839 0.1786
vn -0.1754 0.9687 0.1754
vn -0.3512 0.9210 0.1687
vn -0.5287 0.8337 0.1597
vn 0.5105 0.7986 0.3187
vn 0.3404 0.8765 0.3404
vn 0.1687 0.9210 0.3512
vn -0.0000 0.9350 0.3546
vn -0.1687 0.9210 0.3512
vn -0.3404 0.8765 0.3404
vn -0.5105 0.7986 0.3187
vn 0.4764 0.7390 0.4764
vn 0.3187 0.7986 0.5105
vn 0.1597 0.8337 0.5287
vn -0.0000 0.8458 0.5334
vn -0.1597 0.8337 0.5287
vn -0.3187 0.7986 0.5105
vn -0.4764 0.7390 0.4764
vn -0.9808 -0.0026 -0.1951
vn -0.9239 -0.0026 -0.3827
vn -0.0000 -0.9865 -0.1640
vn -0.0581 -0.9884 -0.1403
vn 0.1160 -0.9865 -0.1160
vn 0.0581 -0.9884 -0.1403
vn 0.1640 -0.9865 -0.0000
vn 0.1403 -0.9884 -0.0581
vn 0.1160 -0.9865 0.1160
vn 0.1403 -0.9884 0.0581
vn -0.0000 -0.9865 0.1640
vn 0.0581 -0.9884 0.1403
vn -0.1160 -0.9865 0.1160
vn -0.0581 -0.9884 0.1403
vn -0.1640 -0.9865 -0.0000
vn -0.1403 -0.9884 0.0581
vn -0.1160 -0.9865 -0.1160
vn -0.1403 -0.9884 -0.0581
vn -0.8315 -0.0026 0.5556
vn -0.9239 -0.0026 0.3827
vn -0.5556 -0.0026 -0.8315
vn -0.3827 -0.0026 -0.9239
vn 0.1951 -0.0026 -0.9808
vn 0.3827 -0.0026 -0.9239
vn 0.8315 -0.0026 -0.5556
vn 0.9239 -0.0026 -0.3827
vn 0.9808 -0.0026 0.1951
vn 0.9239 -0.0026 0.3827
vn 0.5556 -0.0026 0.8315
vn 0.3827 -0.0026 0.9239
vn -0.1951 -0.0026 0.9808
vn -0.3827 -0.0026 0.9239
vn -0.1951 -0.0026 -0.9808
vn -0.0000 -0.0026 -1.0000
vn 0.5556 -0.0026 -0.8315
vn 0.7071 -0.0026 -0.7071
vn 0.9808 -0.0026 -0.1951
vn 1.0000 -0.0026 -0.0000
vn 0.8315 -0.0026 0.5556
vn 0.7071 -0.0026 0.7071
vn 0.1951 -0.0026 0.9808
vn -0.0000 -0.0026 1.0000
vn -0.5556 -0.0026 0.8315
vn -0.7071 -0.0026 0.7071
vn -0.9808 -0.0026 0.1951
vn -1.0000 -0.0026 -0.0000
vn -0.8315 -0.0026 -0.5556
vn -0.7071 -0.0026 -0.7071
vn 0.3827 -0.0000 -0.9239
vn 0.9239 -0.0000 -0.3827
vn 0.9239 -0.0000 0.3827
vn 0.3827 -0.0000 0.9239
vn -0.3827 -0.0000 0.9239
vn -0.9239 -0.0000 0.3827
vn -0.9239 -0.0000 -0.3827
vn -0.3827 -0.0000 -0.9239
vn -0.1303 0.9403 -0.3145
vn -0.0000 0.9403 -0.3404
vn -0.2407 0.9403 -0.2407
vn -0.3145 0.9403 -0.1303
vn -0.3404 0.9403 -0.0000
vn -0.3145 0.9403 0.1303
vn -0.2407 0.9403 0.2407
vn -0.1303 0.9403 0.3145
vn -0.0000 0.9403 0.3404
vn 0.1303 0.9403 0.3145
vn 0.2407 0.9403 0.2407
vn 0.3145 0.9403 0.1303
vn 0.3404 0.9403 -0.0000
vn 0.3145 0.9403 -0.1303
vn 0.2407 0.9403 -0.2407
vn 0.1303 0.9403 -0.3145
vn -0.0000 0.3759 -0.9267
vn 0.3546 0.3759 -0.8561
vn 0.6552 0.3759 -0.6552
vn 0.8561 0.3759 -0.3546
vn 0.9267 0.3759 -0.0000
vn 0.8561 0.3759 0.3546
vn 0.6552 0.3759 0.6552
vn 0.3546 0.3759 0.8561
vn -0.0000 0.3759 0.9267
vn -0.3546 0.3759 0.8561
vn -0.6552 0.3759 0.6552
vn -0.8561 0.3759 0.3546
vn -0.9267 0.3759 -0.0000
vn -0.8561 0.3759 -0.3546
vn -0.6552 0.3759 -0.6552
vn -0.3546 0.3759 -0.8561
vn -0.3785 0.1468 -0.9139
vn -0.0000 0.1468 -0.9892
vn -0.6994 0.1468 -0.6994
vn -0.9139 0.1468 -0.3785
vn -0.9892 0.1468 -0.0000
vn -0.9139 0.1468 0.3785
vn -0.6994 0.1468 0.6994
vn -0.3785 0.1468 0.9139
vn -0.0000 0.1468 0.9892
vn 0.3785 0.1468 0.9139
vn 0.6994 0.1468 0.6994
vn 0.9139 0.1468 0.3785
vn 0.9892 0.1468 -0.0000
vn 0.9139 0.1468 -0.3785
vn -0.0000 0.8190 -0.5739
vn -0.0000 0.9066 -0.4220
vn 0.1615 0.9066 -0.3899
vn 0.2196 0.8190 -0.5302
vn 0.6994 0.1468 -0.6994
vn 0.2984 0.9066 -0.2984
vn 0.4058 0.8190 -0.4058
vn 0.3785 0.1468 -0.9139
vn 0.3899 0.9066 -0.1615
vn 0.5302 0.8190 -0.2196
vn 0.4220 0.9066 -0.0000
vn 0.5739 0.8190 -0.0000
vn 0.3899 0.9066 0.1615
vn 0.5302 0.8190 0.2196
vn 0.2984 0.9066 0.2984
vn 0.4058 0.8190 0.4058
vn 0.1615 0.9066 0.3899
vn 0.2196 0.8190 0.5302
vn -0.0000 0.9066 0.4220
vn -0.0000 0.8190 0.5739
vn -0.1615 0.9066 0.3899
vn -0.2196 0.8190 0.5302
vn -0.2984 0.9066 0.2984
vn -0.4058 0.8190 0.4058
vn -0.3899 0.9066 0.1615
vn -0.5302 0.8190 0.2196
vn -0.4220 0.9066 -0.0000
vn -0.5739 0.8190 -0.0000
vn -0.3899 0.9066 -0.1615
vn -0.5302 0.8190 -0.2196
vn -0.2984 0.9066 -0.2984
vn -0.4058 0.8190 -0.4058
vn -0.1615 0.9066 -0.3899
vn -0.2196 0.8190 -0.5302
vn -0.1863 -0.8735 -0.4498
vn -0.0000 -0.8735 -0.4869
vn -0.3443 -0.8735 -0.3443
vn -0.4498 -0.8735 -0.1863
vn -0.4869 -0.8735 -0.0000
vn -0.4498 -0.8735 0.1863
vn -0.3443 -0.8735 0.3443
vn -0.1863 -0.8735 0.4498
vn -0.0000 -0.8735 0.4869
vn 0.1863 -0.8735 0.4498
vn 0.3443 -0.8735 0.3443
vn 0.4498 -0.8735 0.1863
vn 0.4869 -0.8735 -0.0000
vn 0.4498 -0.8735 -0.1863
vn 0.3443 -0.8735 -0.3443
vn 0.1863 -0.8735 -0.4498
vn -0.3546 -0.3759 -0.8561
vn -0.0000 -0.3759 -0.9267
vn -0.6552 -0.3759 -0.6552
vn -0.8561 -0.3759 -0.3546
vn -0.9267 -0.3759 -0.0000
vn -0.8561 -0.3759 0.3546
vn -0.6552 -0.3759 0.6552
vn -0.3546 -0.3759 0.8561
vn -0.0000 -0.3759 0.9267
vn 0.3546 -0.3759 0.8561
vn 0.6552 -0.3759 0.6552
vn 0.8561 -0.3759 0.3546
vn 0.9267 -0.3759 -0.0000
vn 0.8561 -0.3759 -0.3546
vn 0.6552 -0.3759 -0.6552
vn 0.3546 -0.3759 -0.8561
vn 0.3278 0.5159 -0.7915
vn -0.0000 0.5159 -0.8567
vn 0.6058 0.5159 -0.6058
vn 0.7915 0.5159 -0.3278
vn 0.8567 0.5159 -0.0000
vn 0.7915 0.5159 0.3278
vn 0.6058 0.5159 0.6058
vn 0.3278 0.5159 0.7915
vn -0.0000 0.5159 0.8567
vn -0.3278 0.5159 0.7915
vn -0.6058 0.5159 0.6058
vn -0.7915 0.5159 0.3278
vn -0.8567 0.5159 -0.0000
vn -0.7915 0.5159 -0.3278
vn -0.6058 0.5159 -0.6058
vn -0.3278 0.5159 -0.7915
vn -0.0000 0.9794 -0.2017
vn 0.0772 0.9794 -0.1864
vn 0.1426 0.9794 -0.1426
vn 0.1864 0.9794 -0.0772
vn 0.2017 0.9794 -0.0000
vn 0.1864 0.9794 0.0772
vn 0.1426 0.9794 0.1426
vn 0.0772 0.9794 0.1864
vn -0.0000 0.9794 0.2017
vn -0.0772 0.9794 0.1864
vn -0.1426 0.9794 0.1426
vn -0.1864 0.9794 0.0772
vn -0.2017 0.9794 -0.0000
vn -0.1864 0.9794 -0.0772
vn -0.1426 0.9794 -0.1426
vn -0.0772 0.9794 -0.1864
vn -0.2121 0.9539 -0.2121
vn -0.3082 0.9000 -0.3082
vn -0.7032 0.1056 -0.7032
vn -0.6744 0.3007 -0.6744
vn -0.5682 0.5952 -0.5682
vn -0.5226 0.6737 -0.5226
vn 0.2121 0.9539 -0.2121
vn 0.3082 0.9000 -0.3082
vn 0.7032 0.1056 -0.7032
vn 0.6744 0.3007 -0.6744
vn 0.5682 0.5952 -0.5682
vn 0.5226 0.6737 -0.5226
vn -0.2121 0.9539 0.2121
vn -0.3082 0.9000 0.3082
vn -0.7032 0.1056 0.7032
vn -0.6744 0.3007 0.6744
vn -0.5682 0.5952 0.5682
vn -0.5226 0.6737 0.5226
vn 0.2121 0.9539 0.2121
vn 0.3082 0.9000 0.3082
vn 0.7032 0.1056 0.7032
vn 0.6744 0.3007 0.6744
vn 0.5682 0.5952 0.5682
vn 0.5226 0.6737 0.5226
vn 0.1951 -0.0000 -0.9808
vn 0.5556 -0.0000 -0.8315
vn 0.8315 -0.0000 -0.5556
vn 0.9808 -0.0000 -0.1951
vn 0.9808 -0.0000 0.1951
vn 0.8315 -0.0000 0.5556
vn 0.5556 -0.0000 0.8315
vn 0.1951 -0.0000 0.9808
vn -0.1951 -0.0000 0.9808
vn -0.5556 -0.0000 0.8315
vn -0.8315 -0.0000 0.5556
vn -0.9808 -0.0000 0.1951
vn -0.9808 -0.0000 -0.1951
vn -0.8315 -0.0000 -0.5556
vn -0.5556 -0.0000 -0.8315
vn -0.1951 -0.0000 -0.9808
vn -0.0000 0.8501 -0.5266
vn 0.1027 0.8501 -0.5165
vn 0.2015 0.8501 -0.4865
vn 0.2926 0.8501 -0.4379
vn 0.3724 0.8501 -0.3724
vn 0.4379 0.8501 -0.2926
vn 0.4865 0.8501 -0.2015
vn 0.5165 0.8501 -0.1027
vn 0.5266 0.8501 -0.0000
vn 0.5165 0.8501 0.1027
vn 0.4865 0.8501 0.2015
vn 0.4379 0.8501 0.2926
vn 0.3724 0.8501 0.3724
vn 0.2926 0.8501 0.4379
vn 0.2015 0.8501 0.4865
vn 0.1027 0.8501 0.5165
vn -0.0000 0.8501 0.5266
vn -0.1027 0.8501 0.5165
vn -0.2015 0.8501 0.4865
vn -0.2926 0.8501 0.4379
vn -0.3724 0.8501 0.3724
vn -0.4379 0.8501 0.2926
vn -0.4865 0.8501 0.2015
vn -0.5165 0.8501 0.1027
vn -0.5266 0.8501 -0.0000
vn -0.5165 0.8501 -0.1027
vn -0.4865 0.8501 -0.2015
vn -0.4379 0.8501 -0.2926
vn -0.3724 0.8501 -0.3724
vn -0.2926 0.8501 -0.4379
vn -0.2015 0.8501 -0.4865
vn -0.1027 0.8501 -0.5165
vn -0.0000 0.7619 -0.6477
vn 0.1264 0.7619 -0.6352
vn 0.2479 0.7619 -0.5984
vn 0.3598 0.7619 -0.5385
vn 0.4580 0.7619 -0.4580
vn 0.5385 0.7619 -0.3598
vn 0.5984 0.7619 -0.2479
vn 0.6352 0.7619 -0.1264
vn 0.6477 0.7619 -0.0000
vn 0.6352 0.7619 0.1264
vn 0.5984 0.7619 0.2479
vn 0.5385 0.7619 0.3598
vn 0.4580 0.7619 0.4580
vn 0.3598 0.7619 0.5385
vn 0.2479 0.7619 0.5984
vn 0.1264 0.7619 0.6352
vn -0.0000 0.7619 0.6477
vn -0.1264 0.7619 0.6352
vn -0.2479 0.7619 0.5984
vn -0.3598 0.7619 0.5385
vn -0.4580 0.7619 0.4580
vn -0.5385 0.7619 0.3598
vn -0.5984 0.7619 0.2479
vn -0.6352 0.7619 0.1264
vn -0.6477 0.7619 -0.0000
vn -0.6352 0.7619 -0.1264
vn -0.5984 0.7619 -0.2479
vn -0.5385 0.7619 -0.3598
vn -0.4580 0.7619 -0.4580
vn -0.3598 0.7619 -0.5385
vn -0.2479 0.7619 -0.5984
vn -0.1264 0.7619 -0.6352
vn -0.3586 0.3494 0.8657
vn -0.1828 0.3494 0.9190
vn 0.6625 0.3494 0.6625
vn 0.7791 0.3494 0.5206
vn 0.1829 0.3478 0.9196
vn -0.0000 0.3478 0.9376
vn -0.0000 0.3494 0.9370
vn 0.8657 0.3494 0.3586
vn 0.3588 0.3478 0.8662
vn 0.9190 0.3494 0.1828
vn 0.5209 0.3478 0.7796
vn 0.9370 0.3494 -0.0000
vn 0.6630 0.3478 0.6630
vn 0.9190 0.3494 -0.1828
vn 0.7796 0.3478 0.5209
vn 0.8657 0.3494 -0.3586
vn 0.8662 0.3478 0.3588
vn 0.7791 0.3494 -0.5206
vn 0.9196 0.3478 0.1829
vn 0.6625 0.3494 -0.6625
vn 0.9376 0.3478 -0.0000
vn 0.5206 0.3494 -0.7791
vn 0.9196 0.3478 -0.1829
vn 0.3586 0.3494 -0.8657
vn 0.8662 0.3478 -0.3588
vn 0.1828 0.3494 -0.9190
vn 0.7796 0.3478 -0.5209
vn -0.1829 0.3478 -0.9196
vn -0.0000 0.3478 -0.9376
vn -0.0000 0.3494 -0.9370
vn 0.6630 0.3478 -0.6630
vn -0.3588 0.3478 -0.8662
vn -0.1828 0.3494 -0.9190
vn 0.5209 0.3478 -0.7796
vn -0.5209 0.3478 -0.7796
vn -0.3586 0.3494 -0.8657
vn -0.1829 0.3478 0.9196
vn 0.5206 0.3494 0.7791
vn -0.5206 0.3494 0.7791
vn -0.3588 0.3478 0.8662
vn 0.3586 0.3494 0.8657
vn -0.6625 0.3494 0.6625
vn -0.5209 0.3478 0.7796
vn 0.1828 0.3494 0.9190
vn -0.7791 0.3494 0.5206
vn -0.6630 0.3478 0.6630
vn -0.8657 0.3494 0.3586
vn -0.7796 0.3478 0.5209
vn -0.9190 0.3494 0.1828
vn -0.8662 0.3478 0.3588
vn -0.9370 0.3494 -0.0000
vn -0.9196 0.3478 0.1829
vn -0.9190 0.3494 -0.1828
vn -0.9376 0.3478 -0.0000
vn -0.8657 0.3494 -0.3586
vn -0.9196 0.3478 -0.1829
vn -0.7791 0.3494 -0.5206
vn -0.8662 0.3478 -0.3588
vn -0.6625 0.3494 -0.6625
vn -0.7796 0.3478 -0.5209
vn 0.1829 0.3478 -0.9196
vn -0.5206 0.3494 -0.7791
vn -0.6630 0.3478 -0.6630
vn 0.3588 0.3478 -0.8662
vn 0.9339 -0.3575 -0.0000
vn 0.9835 -0.1811 -0.0000
vn -0.7071 -0.7071 -0.0000
vn -0.8452 -0.5344 -0.0000
vn 0.8452 -0.5344 -0.0000
vn -0.9339 -0.3575 -0.0000
vn -0.7071 0.7071 -0.0000
vn -0.8452 0.5344 -0.0000
vn -0.9835 -0.1811 -0.0000
vn -0.9339 0.3575 -0.0000
vn -0.9835 0.1811 -0.0000
vn 0.7071 -0.7071 -0.0000
vn -0.1811 0.9835 -0.0000
vn -0.3575 0.9339 -0.0000
vn 0.5344 -0.8452 -0.0000
vn 0.9835 0.1811 -0.0000
vn -0.3575 -0.9339 -0.0000
vn -0.1811 -0.9835 -0.0000
vn 0.1811 0.9835 -0.0000
vn 0.9339 0.3575 -0.0000
vn 0.3575 0.9339 -0.0000
vn 0.8452 0.5344 -0.0000
vn 0.1811 -0.9835 -0.0000
vn 0.3575 -0.9339 -0.0000
vn -0.5344 -0.8452 -0.0000
vn -0.5344 0.8452 -0.0000
vn 0.5344 0.8452 -0.0000
vn 0.7071 0.7071 -0.0000
vn 0.7587 0.6514 -0.0000
vn 0.7009 0.6514 -0.2903
vn -0.0000 -0.7607 0.6491
vn 0.2484 -0.7607 0.5997
vn -0.2903 0.6514 0.7009
vn -0.0000 0.6514 0.7587
vn -0.5365 0.6514 -0.5365
vn -0.7009 0.6514 -0.2903
vn 0.5365 0.6514 -0.5365
vn 0.2903 0.6514 -0.7009
vn 0.2903 0.6514 0.7009
vn 0.5365 0.6514 0.5365
vn -0.7587 0.6514 -0.0000
vn -0.7009 0.6514 0.2903
vn 0.7009 0.6514 0.2903
vn -0.5365 0.6514 0.5365
vn -0.2903 0.6514 -0.7009
vn -0.0000 0.6514 -0.7587
vn -0.6722 0.3104 0.6722
vn -0.3638 0.3104 0.8783
vn 0.2484 -0.7607 -0.5997
vn -0.0000 -0.7607 -0.6491
vn -0.2484 -0.7607 -0.5997
vn -0.2484 -0.7607 0.5997
vn 0.4590 -0.7607 -0.4590
vn -0.4590 -0.7607 0.4590
vn 0.5997 -0.7607 -0.2484
vn -0.5997 -0.7607 0.2484
vn 0.6491 -0.7607 -0.0000
vn -0.6491 -0.7607 -0.0000
vn 0.5997 -0.7607 0.2484
vn -0.5997 -0.7607 -0.2484
vn 0.4590 -0.7607 0.4590
vn -0.4590 -0.7607 -0.4590
vn -0.3627 -0.3187 -0.8757
vn -0.6702 -0.3187 -0.6702
vn -0.6965 -0.1724 -0.6965
vn -0.3770 -0.1724 -0.9100
vn 0.8783 0.3104 -0.3638
vn 0.6722 0.3104 -0.6722
vn -0.8783 0.3104 0.3638
vn 0.9506 0.3104 -0.0000
vn -0.9506 0.3104 -0.0000
vn 0.8783 0.3104 0.3638
vn -0.8783 0.3104 -0.3638
vn 0.6722 0.3104 0.6722
vn -0.6722 0.3104 -0.6722
vn 0.3638 0.3104 0.8783
vn -0.3638 0.3104 -0.8783
vn -0.0000 0.3104 0.9506
vn 0.3638 0.3104 -0.8783
vn -0.0000 0.3104 -0.9506
vn -0.0000 -0.3187 0.9478
vn 0.3627 -0.3187 0.8757
vn 0.3770 -0.1724 0.9100
vn -0.0000 -0.1724 0.9850
vn 0.3627 -0.3187 -0.8757
vn -0.0000 -0.3187 -0.9478
vn -0.0000 -0.1724 -0.9850
vn 0.3770 -0.1724 -0.9100
vn -0.3627 -0.3187 0.8757
vn -0.3770 -0.1724 0.9100
vn 0.6702 -0.3187 -0.6702
vn 0.6965 -0.1724 -0.6965
vn -0.6702 -0.3187 0.6702
vn -0.6965 -0.1724 0.6965
vn 0.8757 -0.3187 -0.3627
vn 0.9100 -0.1724 -0.3770
vn -0.8757 -0.3187 0.3627
vn -0.9100 -0.1724 0.3770
vn 0.9478 -0.3187 -0.0000
vn 0.9850 -0.1724 -0.0000
vn -0.9478 -0.3187 -0.0000
vn -0.9850 -0.1724 -0.0000
vn 0.8757 -0.3187 0.3627
vn 0.9100 -0.1724 0.3770
vn -0.8757 -0.3187 -0.3627
vn -0.9100 -0.1724 -0.3770
vn 0.6702 -0.3187 0.6702
vn 0.6965 -0.1724 0.6965
vn 0.2260 -0.8070 0.5457
vn 0.4176 -0.8070 0.4176
vn 0.5428 -0.6409 0.5428
vn 0.2937 -0.6409 0.7092
vn -0.4176 -0.8070 -0.4176
vn -0.5457 -0.8070 -0.2260
vn -0.7092 -0.6409 -0.2937
vn -0.5428 -0.6409 -0.5428
vn 0.5457 -0.8069 0.2260
vn 0.7092 -0.6409 0.2937
vn -0.5906 -0.8070 -0.0000
vn -0.7676 -0.6409 -0.0000
vn 0.5906 -0.8069 -0.0000
vn 0.7676 -0.6409 -0.0000
vn -0.5457 -0.8070 0.2260
vn -0.7092 -0.6409 0.2937
vn 0.5457 -0.8070 -0.2260
vn 0.7092 -0.6409 -0.2937
vn -0.4176 -0.8070 0.4176
vn -0.5428 -0.6409 0.5428
vn 0.4176 -0.8070 -0.4176
vn 0.5428 -0.6409 -0.5428
vn -0.2260 -0.8070 0.5457
vn -0.2937 -0.6409 0.7092
vn 0.2260 -0.8070 -0.5457
vn 0.2937 -0.6409 -0.7092
vn -0.0000 -0.8070 0.5906
vn -0.0000 -0.6409 0.7676
vn -0.0000 -0.8070 -0.5906
vn -0.2260 -0.8070 -0.5457
vn -0.2937 -0.6409 -0.7092
vn -0.0000 -0.6409 -0.7676
vn 0.7068 -0.0279 -0.7068
vn 0.3825 -0.0279 -0.9235
vn 0.3814 -0.0832 -0.9207
vn 0.7047 -0.0832 -0.7047
vn -0.3825 -0.0279 0.9235
vn -0.0000 -0.0279 0.9996
vn -0.0000 -0.0832 0.9965
vn -0.3814 -0.0832 0.9207
vn -0.0000 -0.0279 -0.9996
vn -0.3825 -0.0279 -0.9235
vn -0.3814 -0.0832 -0.9207
vn -0.0000 -0.0832 -0.9965
vn 0.3825 -0.0279 0.9235
vn 0.3814 -0.0832 0.9207
vn -0.7068 -0.0279 -0.7068
vn -0.7047 -0.0832 -0.7047
vn 0.7068 -0.0279 0.7068
vn 0.7047 -0.0832 0.7047
vn -0.9235 -0.0279 -0.3825
vn -0.9207 -0.0832 -0.3814
vn 0.9235 -0.0279 0.3825
vn 0.9207 -0.0832 0.3814
vn -0.9996 -0.0279 -0.0000
vn -0.9965 -0.0832 -0.0000
vn 0.9996 -0.0279 -0.0000
vn 0.9965 -0.0832 -0.0000
vn -0.9235 -0.0279 0.3825
vn -0.9207 -0.0832 0.3814
vn 0.9235 -0.0279 -0.3825
vn 0.9207 -0.0832 -0.3814
vn -0.7068 -0.0279 0.7068
vn -0.7047 -0.0832 0.7047
vn 0.4912 -0.7193 -0.4912
vn 0.2658 -0.7193 -0.6418
vn -0.2658 -0.7193 0.6418
vn -0.0000 -0.7193 0.6947
vn -0.0000 -0.7193 -0.6947
vn -0.2658 -0.7193 -0.6418
vn 0.2658 -0.7193 0.6418
vn -0.4912 -0.7193 -0.4912
vn 0.4912 -0.7193 0.4912
vn -0.6418 -0.7193 -0.2658
vn 0.6418 -0.7193 0.2658
vn -0.6947 -0.7193 -0.0000
vn 0.6947 -0.7193 -0.0000
vn -0.6418 -0.7193 0.2658
vn 0.6418 -0.7193 -0.2658
vn -0.4912 -0.7193 0.4912
vn -0.3433 0.8743 0.3432
vn -0.1858 0.8743 0.4485
vn -0.2581 0.7384 0.6231
vn -0.4769 0.7384 0.4769
vn 0.4485 0.8743 -0.1858
vn 0.3433 0.8743 -0.3432
vn 0.4769 0.7384 -0.4769
vn 0.6231 0.7384 -0.2581
vn -0.4485 0.8743 0.1858
vn -0.6231 0.7384 0.2581
vn 0.4854 0.8743 -0.0000
vn 0.6744 0.7384 -0.0000
vn -0.4854 0.8743 -0.0000
vn -0.6744 0.7384 -0.0000
vn 0.4485 0.8743 0.1858
vn 0.6231 0.7384 0.2581
vn -0.4485 0.8743 -0.1858
vn -0.6231 0.7384 -0.2581
vn 0.3433 0.8743 0.3432
vn 0.4769 0.7384 0.4769
vn -0.3433 0.8743 -0.3432
vn -0.4769 0.7384 -0.4769
vn 0.1858 0.8743 0.4485
vn 0.2581 0.7384 0.6231
vn -0.1858 0.8743 -0.4485
vn -0.2581 0.7384 -0.6231
vn -0.0000 0.8743 0.4854
vn -0.0000 0.7384 0.6744
vn 0.1858 0.8743 -0.4485
vn -0.0000 0.8743 -0.4854
vn -0.0000 0.7384 -0.6744
vn 0.2581 0.7384 -0.6231
vn 0.3658 0.2941 -0.8830
vn -0.0000 0.2941 -0.9558
vn 0.6758 0.2941 -0.6758
vn -0.3658 0.2941 0.8830
vn -0.0000 0.2941 0.9558
vn -0.3658 0.2941 -0.8830
vn 0.3658 0.2941 0.8830
vn -0.6758 0.2941 -0.6758
vn 0.6758 0.2941 0.6758
vn -0.8830 0.2941 -0.3658
vn 0.8830 0.2941 0.3658
vn -0.9558 0.2941 -0.0000
vn 0.9558 0.2941 -0.0000
vn 0.8830 0.2941 -0.3658
vn -0.6758 0.2941 0.6758
vn -0.8830 0.2941 0.3658
vn 0.7068 0.0289 0.7068
vn 0.3825 0.0289 0.9235
vn -0.9235 0.0289 -0.3825
vn -0.7068 0.0289 -0.7068
vn 0.9235 0.0289 0.3825
vn -0.9996 0.0289 -0.0000
vn 0.9996 0.0289 -0.0000
vn -0.9235 0.0289 0.3825
vn 0.9235 0.0289 -0.3825
vn -0.7068 0.0289 0.7068
vn 0.7068 0.0289 -0.7068
vn -0.3825 0.0289 0.9235
vn 0.3825 0.0289 -0.9235
vn -0.0000 0.0289 0.9996
vn -0.3825 0.0289 -0.9235
vn -0.0000 0.0289 -0.9996
vn -0.6960 0.1764 0.6960
vn -0.3767 0.1764 0.9094
vn 0.9094 0.1764 -0.3767
vn 0.6960 0.1764 -0.6960
vn -0.9094 0.1764 0.3767
vn 0.9843 0.1764 -0.0000
vn -0.9843 0.1764 -0.0000
vn 0.9094 0.1764 0.3767
vn -0.9094 0.1764 -0.3767
vn 0.6960 0.1764 0.6960
vn -0.6960 0.1764 -0.6960
vn 0.3767 0.1764 0.9094
vn -0.3767 0.1764 -0.9094
vn -0.0000 0.1764 0.9843
vn 0.3767 0.1764 -0.9094
vn -0.0000 0.1764 -0.9843
vn -0.6556 -0.3745 0.6556
vn -0.3548 -0.3745 0.8566
vn -0.6930 0.1990 0.6930
vn -0.3750 0.1990 0.9054
vn 0.8566 -0.3745 -0.3548
vn 0.6556 -0.3745 -0.6556
vn 0.9054 0.1990 -0.3750
vn 0.6930 0.1990 -0.6930
vn -0.8566 -0.3745 0.3548
vn -0.9054 0.1990 0.3750
vn 0.9272 -0.3745 -0.0000
vn 0.9800 0.1990 -0.0000
vn -0.9272 -0.3745 -0.0000
vn -0.9800 0.1990 -0.0000
vn 0.8566 -0.3745 0.3548
vn 0.9054 0.1990 0.3750
vn -0.8566 -0.3745 -0.3548
vn -0.9054 0.1990 -0.3750
vn 0.6556 -0.3745 0.6556
vn 0.6930 0.1990 0.6930
vn -0.6556 -0.3745 -0.6556
vn -0.6930 0.1990 -0.6930
vn 0.3548 -0.3745 0.8566
vn 0.3750 0.1990 0.9054
vn -0.3548 -0.3745 -0.8566
vn -0.3750 0.1990 -0.9054
vn -0.0000 -0.3745 0.9272
vn -0.0000 0.1990 0.9800
vn 0.3548 -0.3745 -0.8566
vn -0.0000 -0.3746 -0.9272
vn 0.3750 0.1990 -0.9054
vn -0.0000 0.1990 -0.9800
vn 0.2215 -0.9497 -0.2215
vn 0.1199 -0.9497 -0.2894
vn -0.1199 -0.9497 0.2894
vn -0.0000 -0.9497 0.3132
vn -0.0000 -0.9497 -0.3132
vn -0.1199 -0.9497 -0.2894
vn 0.1199 -0.9497 0.2894
vn -0.2215 -0.9497 -0.2215
vn 0.2215 -0.9497 0.2215
vn -0.2894 -0.9497 -0.1199
vn 0.2894 -0.9497 0.1199
vn -0.3132 -0.9497 -0.0000
vn 0.3132 -0.9497 -0.0000
vn -0.2894 -0.9497 0.1199
vn 0.2894 -0.9497 -0.1199
vn -0.2215 -0.9497 0.2215
vn -0.0000 0.8638 0.5039
vn 0.1928 0.8638 0.4655
vn 0.1928 0.8638 -0.4655
vn -0.0000 0.8638 -0.5039
vn -0.1928 0.8638 -0.4655
vn -0.1928 0.8638 0.4656
vn 0.3563 0.8638 -0.3563
vn -0.3563 0.8638 0.3563
vn 0.4656 0.8638 -0.1928
vn -0.4656 0.8638 0.1928
vn 0.5039 0.8638 -0.0000
vn -0.5039 0.8638 -0.0000
vn 0.4656 0.8638 0.1928
vn -0.4656 0.8638 -0.1928
vn 0.3563 0.8638 0.3563
vn -0.3563 0.8638 -0.3563
vn -0.3827 0.0073 -0.9239
vn -0.7071 0.0073 -0.7071
vn 0.3827 0.0073 0.9239
vn 0.7071 0.0073 0.7071
vn -0.9239 0.0073 -0.3827
vn 0.9239 0.0073 0.3827
vn -1.0000 0.0073 -0.0000
vn 1.0000 0.0073 -0.0000
vn -0.9239 0.0073 0.3827
vn 0.9239 0.0073 -0.3827
vn -0.7071 0.0073 0.7071
vn 0.7071 0.0073 -0.7071
vn -0.3827 0.0073 0.9239
vn 0.3827 0.0073 -0.9239
vn -0.0000 0.0073 1.0000
vn -0.0000 0.0073 -1.0000
vn -0.0000 0.9864 0.1642
vn 0.0629 0.9864 0.1517
vn 0.0629 0.9864 -0.1517
vn -0.0000 0.9864 -0.1642
vn -0.0629 0.9864 -0.1517
vn -0.0629 0.9864 0.1517
vn 0.1161 0.9864 -0.1161
vn -0.1161 0.9864 0.1161
vn 0.1517 0.9864 -0.0629
vn -0.1517 0.9864 0.0629
vn 0.1642 0.9864 -0.0000
vn -0.1642 0.9864 -0.0000
vn 0.1517 0.9864 0.0629
vn -0.1517 0.9864 -0.0629
vn 0.1161 0.9864 0.1161
vn -0.1161 0.9864 -0.1161
vn -0.0634 -0.9862 -0.1532
vn -0.1172 -0.9862 -0.1172
vn -0.3827 0.0036 -0.9239
vn -0.7071 0.0036 -0.7071
vn 0.0634 -0.9862 0.1532
vn 0.1172 -0.9862 0.1172
vn 0.3827 0.0036 0.9239
vn 0.7071 0.0036 0.7071
vn -0.1532 -0.9862 -0.0634
vn -0.9239 0.0036 -0.3827
vn 0.1532 -0.9862 0.0634
vn 0.9239 0.0036 0.3827
vn -0.1658 -0.9862 -0.0000
vn -1.0000 0.0036 -0.0000
vn 0.1658 -0.9862 -0.0000
vn 1.0000 0.0036 -0.0000
vn -0.1532 -0.9862 0.0634
vn -0.9239 0.0036 0.3827
vn 0.1532 -0.9862 -0.0634
vn 0.9239 0.0036 -0.3827
vn -0.1172 -0.9862 0.1172
vn -0.7071 0.0036 0.7071
vn 0.1172 -0.9862 -0.1172
vn 0.7071 0.0036 -0.7071
vn -0.0634 -0.9862 0.1532
vn -0.3827 0.0036 0.9239
vn 0.0634 -0.9862 -0.1532
vn 0.3827 0.0036 -0.9239
vn -0.0000 -0.9862 0.1658
vn -0.0000 0.0036 1.0000
vn -0.0000 -0.9862 -0.1658
vn -0.0000 0.0036 -1.0000
vn 0.1393 -0.9314 -0.3362
vn -0.0000 -0.9314 -0.3639
vn 0.2573 -0.9314 -0.2573
vn 0.3362 -0.9314 -0.1393
vn 0.3639 -0.9314 -0.0000
vn 0.3362 -0.9314 0.1393
vn 0.2573 -0.9314 0.2573
vn 0.1393 -0.9314 0.3362
vn -0.0000 -0.9314 0.3639
vn -0.1393 -0.9314 0.3362
vn -0.2573 -0.9314 0.2573
vn -0.3362 -0.9314 0.1393
vn -0.3639 -0.9314 -0.0000
vn -0.3362 -0.9314 -0.1393
vn -0.2573 -0.9314 -0.2573
vn -0.1393 -0.9314 -0.3362
vn -0.9165 0.1265 0.3796
vn -0.9920 0.1265 -0.0000
vn 0.3069 -0.9009 0.3069
vn 0.1661 -0.9009 0.4010
vn 0.0517 -0.9908 0.1249
vn 0.0956 -0.9908 0.0956
vn 0.9920 0.1265 -0.0000
vn 0.9165 0.1265 0.3796
vn -0.9165 0.1265 -0.3796
vn 0.7014 0.1265 0.7014
vn -0.7014 0.1265 -0.7014
vn 0.3796 0.1265 0.9165
vn -0.3796 0.1265 -0.9165
vn -0.0000 0.1265 0.9920
vn -0.0000 0.1265 -0.9920
vn 0.3796 0.1265 -0.9165
vn -0.3796 0.1265 0.9165
vn 0.7014 0.1265 -0.7014
vn -0.7014 0.1265 0.7014
vn 0.9165 0.1265 -0.3796
vn 0.5323 0.8173 -0.2205
vn 0.5762 0.8173 -0.0000
vn -0.4074 0.8173 0.4074
vn -0.5323 0.8173 0.2205
vn 0.4074 0.8173 -0.4074
vn -0.2205 0.8173 0.5323
vn 0.2205 0.8173 -0.5323
vn -0.0000 0.8173 0.5762
vn -0.2205 0.8173 -0.5323
vn -0.0000 0.8173 -0.5762
vn 0.2205 0.8173 0.5323
vn -0.4074 0.8173 -0.4074
vn 0.4074 0.8173 0.4074
vn -0.5323 0.8173 -0.2205
vn 0.5323 0.8173 0.2205
vn -0.5762 0.8173 -0.0000
vn -0.9233 -0.0354 0.3824
vn -0.9994 -0.0354 -0.0000
vn -0.9904 0.1381 -0.0000
vn -0.9150 0.1381 0.3790
vn 0.9994 -0.0354 -0.0000
vn 0.9233 -0.0354 0.3824
vn 0.9150 0.1381 0.3790
vn 0.9904 0.1381 -0.0000
vn -0.9233 -0.0354 -0.3824
vn -0.9150 0.1381 -0.3790
vn 0.7067 -0.0354 0.7067
vn 0.7003 0.1381 0.7003
vn -0.7067 -0.0354 -0.7067
vn -0.7003 0.1381 -0.7003
vn 0.3824 -0.0354 0.9233
vn 0.3790 0.1381 0.9150
vn -0.3824 -0.0354 -0.9233
vn -0.3790 0.1381 -0.9150
vn -0.0000 -0.0354 0.9994
vn -0.0000 0.1381 0.9904
vn -0.0000 -0.0354 -0.9994
vn 0.3824 -0.0354 -0.9233
vn 0.3790 0.1381 -0.9150
vn -0.0000 0.1381 -0.9904
vn -0.3824 -0.0354 0.9233
vn -0.3790 0.1381 0.9150
vn 0.7067 -0.0354 -0.7067
vn 0.7003 0.1381 -0.7003
vn -0.7067 -0.0354 0.7067
vn -0.7003 0.1381 0.7003
vn 0.9233 -0.0354 -0.3824
vn 0.9150 0.1381 -0.3790
vn 0.6135 -0.7477 -0.2541
vn 0.6641 -0.7477 -0.0000
vn -0.4696 -0.7477 0.4696
vn -0.6135 -0.7477 0.2541
vn 0.4696 -0.7477 -0.4696
vn -0.2541 -0.7477 0.6135
vn 0.2541 -0.7477 -0.6135
vn -0.0000 -0.7477 0.6641
vn -0.2541 -0.7477 -0.6135
vn -0.0000 -0.7477 -0.6641
vn 0.2541 -0.7477 0.6135
vn -0.4696 -0.7477 -0.4696
vn 0.4696 -0.7477 0.4696
vn -0.6135 -0.7477 -0.2541
vn 0.6135 -0.7477 0.2541
vn -0.6641 -0.7477 -0.0000
vn -0.9534 0.3018 -0.0000
vn -0.8808 0.3018 0.3648
vn 0.8808 0.3018 0.3648
vn 0.9534 0.3018 -0.0000
vn -0.8808 0.3018 -0.3648
vn 0.6741 0.3018 0.6741
vn -0.6741 0.3018 -0.6741
vn 0.3648 0.3018 0.8808
vn -0.3648 0.3018 -0.8808
vn -0.0000 0.3018 0.9534
vn 0.3648 0.3018 -0.8808
vn -0.0000 0.3018 -0.9534
vn -0.3648 0.3018 0.8808
vn 0.6741 0.3018 -0.6741
vn -0.6741 0.3018 0.6741
vn 0.8808 0.3018 -0.3648
vn -0.3069 -0.9009 -0.3069
vn -0.1661 -0.9009 -0.4010
vn -0.0517 -0.9908 -0.1249
vn -0.0956 -0.9908 -0.0956
vn -0.0000 -0.9009 0.4340
vn -0.0000 -0.9908 0.1352
vn -0.0000 -0.9009 -0.4340
vn 0.1661 -0.9009 -0.4010
vn 0.0517 -0.9908 -0.1249
vn -0.0000 -0.9908 -0.1352
vn -0.1661 -0.9009 0.4010
vn -0.0517 -0.9908 0.1249
vn 0.3069 -0.9009 -0.3069
vn 0.0956 -0.9908 -0.0956
vn -0.3069 -0.9009 0.3069
vn -0.0956 -0.9908 0.0956
vn 0.4010 -0.9009 -0.1661
vn 0.1249 -0.9908 -0.0517
vn -0.4010 -0.9009 0.1661
vn -0.1249 -0.9908 0.0517
vn 0.4340 -0.9009 -0.0000
vn 0.1352 -0.9908 -0.0000
vn -0.4340 -0.9009 -0.0000
vn -0.1352 -0.9908 -0.0000
vn 0.4010 -0.9009 0.1661
vn 0.1249 -0.9908 0.0517
vn -0.4010 -0.9009 -0.1661
vn -0.1249 -0.9908 -0.0517
vn -0.5128 0.8318 -0.2124
vn -0.3924 0.8318 -0.3924
vn -0.5983 0.5330 -0.5983
vn -0.7817 0.5330 -0.3238
vn -0.8953 -0.2468 -0.3708
vn -0.6852 -0.2468 -0.6852
vn -0.5510 -0.6267 -0.5510
vn -0.7199 -0.6267 -0.2982
vn 0.5128 0.8319 0.2124
vn 0.3924 0.8318 0.3924
vn 0.5983 0.5330 0.5983
vn 0.7817 0.5330 0.3238
vn 0.8953 -0.2468 0.3708
vn 0.6852 -0.2468 0.6852
vn 0.5510 -0.6267 0.5510
vn 0.7199 -0.6267 0.2982
vn -0.5550 0.8318 -0.0000
vn -0.8461 0.5330 -0.0000
vn -0.9691 -0.2468 -0.0000
vn -0.7792 -0.6267 -0.0000
vn 0.5550 0.8319 -0.0000
vn 0.8461 0.5330 -0.0000
vn 0.9691 -0.2468 -0.0000
vn 0.7792 -0.6267 -0.0000
vn -0.5128 0.8318 0.2124
vn -0.7817 0.5330 0.3238
vn -0.8953 -0.2468 0.3708
vn -0.7199 -0.6267 0.2982
vn 0.5128 0.8319 -0.2124
vn 0.7817 0.5330 -0.3238
vn 0.8953 -0.2468 -0.3708
vn 0.7199 -0.6267 -0.2982
vn -0.3924 0.8318 0.3924
vn -0.5983 0.5330 0.5983
vn -0.6852 -0.2468 0.6852
vn -0.5510 -0.6267 0.5510
vn 0.3924 0.8318 -0.3924
vn 0.5983 0.5330 -0.5983
vn 0.6852 -0.2468 -0.6852
vn 0.5510 -0.6267 -0.5510
vn -0.2124 0.8318 0.5128
vn -0.3238 0.5330 0.7817
vn -0.3708 -0.2468 0.8953
vn -0.2982 -0.6267 0.7199
vn 0.2124 0.8318 -0.5128
vn 0.3238 0.5330 -0.7817
vn 0.3708 -0.2468 -0.8953
vn 0.2982 -0.6267 -0.7199
vn -0.0000 0.8318 0.5550
vn -0.0000 0.5330 0.8461
vn -0.0000 -0.2468 0.9691
vn -0.0000 -0.6267 0.7792
vn -0.2124 0.8318 -0.5128
vn -0.0000 0.8319 -0.5550
vn -0.0000 0.5330 -0.8461
vn -0.3238 0.5330 -0.7817
vn -0.3708 -0.2468 -0.8953
vn -0.0000 -0.2468 -0.9691
vn -0.0000 -0.6267 -0.7792
vn -0.2982 -0.6267 -0.7199
vn 0.2124 0.8318 0.5128
vn 0.3238 0.5330 0.7817
vn 0.3708 -0.2468 0.8953
vn 0.2982 -0.6267 0.7199
vn 0.3797 0.1249 0.9166
vn 0.7016 0.1249 0.7016
vn -0.3797 0.1249 -0.9166
vn -0.7016 0.1249 -0.7016
vn -0.0000 0.1249 0.9922
vn 0.3797 0.1249 -0.9166
vn -0.0000 0.1249 -0.9922
vn -0.3797 0.1249 0.9166
vn 0.7016 0.1249 -0.7016
vn -0.7016 0.1249 0.7016
vn 0.9166 0.1249 -0.3797
vn -0.9166 0.1249 0.3797
vn 0.9922 0.1249 -0.0000
vn -0.9922 0.1249 -0.0000
vn 0.9166 0.1249 0.3797
vn -0.9166 0.1249 -0.3797
vn 0.2751 0.9212 0.2751
vn 0.1489 0.9212 0.3594
vn -0.2751 0.9212 -0.2751
vn -0.1489 0.9212 -0.3594
vn -0.0000 0.9212 0.3890
vn -0.0000 0.9212 -0.3890
vn 0.1489 0.9212 -0.3594
vn -0.1489 0.9212 0.3594
vn 0.2751 0.9212 -0.2751
vn -0.2751 0.9212 0.2751
vn 0.3594 0.9212 -0.1489
vn -0.3594 0.9212 0.1489
vn 0.3890 0.9212 -0.0000
vn -0.3890 0.9212 -0.0000
vn 0.3594 0.9212 0.1489
vn -0.3594 0.9212 -0.1489
vn 0.5457 -0.8070 0.2260
vn 0.5906 -0.8070 -0.0000
vn -0.3432 0.8743 -0.3432
vn 0.3432 0.8743 0.3432
vn -0.3432 0.8743 0.3432
vn 0.3432 0.8743 -0.3432
vn 0.3767 0.1765 0.9094
vn -0.0000 -0.3745 -0.9272
vn -0.4655 0.8638 0.1928
vn 0.4655 0.8638 0.1928
vn 0.4655 0.8638 -0.1928
vn 0.1928 0.8638 0.4656
vn -0.2124 0.8319 0.5128
vn -0.3924 0.8319 0.3924
vn -0.0000 0.8318 -0.5550
vn -0.0000 0.8319 0.5550
vn 0.2124 0.8319 0.5128
vn 0.3924 0.8319 0.3924
vn 0.5128 0.8318 -0.2124
vn -0.5128 0.8319 0.2124
vn -0.5457 -0.8069 -0.2260
vn -0.5906 -0.8069 -0.0000
vn 0.7092 -0.6410 -0.2937
vn -0.1928 0.8638 0.4655
vn 0.1928 0.8638 -0.4656
vn 0.5128 0.8318 0.2124
vn 0.5550 0.8318 -0.0000
vn -0.5550 0.8319 -0.0000
vn -0.2124 0.8319 -0.5128
vn -0.2260 -0.8069 -0.5457
vn -0.4176 -0.8069 -0.4176
vn -0.0000 0.1765 0.9843
vn -0.3767 0.1765 0.9094
vn -0.4655 0.8638 -0.1928
vn -0.1928 0.8638 -0.4656
vt 0.788481 0.776513
vt 0.788481 0.747345
vt 0.817633 0.747345
vt 0.817633 0.776513
vt 0.788481 0.721467
vt 0.817633 0.721467
vt 0.788481 0.697287
vt 0.817633 0.697287
vt 0.788481 0.673797
vt 0.817633 0.673797
vt 0.788481 0.650231
vt 0.817633 0.650231
vt 0.788481 0.625969
vt 0.817633 0.625969
vt 0.788481 0.600093
vt 0.817633 0.600093
vt 0.788481 0.571175
vt 0.817633 0.571175
vt 0.843418 0.747345
vt 0.843418 0.776513
vt 0.843418 0.721467
vt 0.843418 0.697287
vt 0.843418 0.673797
vt 0.843418 0.650231
vt 0.843418 0.625969
vt 0.843418 0.600093
vt 0.843418 0.571175
vt 0.867634 0.747345
vt 0.867633 0.776513
vt 0.867633 0.721467
vt 0.867634 0.697287
vt 0.867634 0.673797
vt 0.867634 0.650231
vt 0.867634 0.625969
vt 0.867634 0.600093
vt 0.867634 0.571175
vt 0.891116 0.747345
vt 0.891116 0.776513
vt 0.891116 0.721466
vt 0.891116 0.697287
vt 0.891116 0.673797
vt 0.891116 0.650231
vt 0.891117 0.625969
vt 0.891117 0.600093
vt 0.891117 0.571175
vt 0.914598 0.747345
vt 0.914598 0.776513
vt 0.914598 0.721467
vt 0.914599 0.697287
vt 0.914599 0.673797
vt 0.914599 0.650231
vt 0.914599 0.625969
vt 0.914599 0.600093
vt 0.914598 0.571175
vt 0.938768 0.747345
vt 0.938768 0.776513
vt 0.938768 0.721467
vt 0.938768 0.697287
vt 0.938768 0.673797
vt 0.938768 0.650231
vt 0.938768 0.625969
vt 0.938768 0.600093
vt 0.938768 0.571175
vt 0.964553 0.747345
vt 0.964553 0.776513
vt 0.964553 0.721467
vt 0.964553 0.697287
vt 0.964553 0.673797
vt 0.964553 0.650231
vt 0.964553 0.625969
vt 0.964553 0.600093
vt 0.964553 0.571175
vt 0.993658 0.747345
vt 0.993658 0.776513
vt 0.993658 0.721466
vt 0.993658 0.697287
vt 0.993658 0.673797
vt 0.993658 0.650231
vt 0.993658 0.625969
vt 0.993658 0.600093
vt 0.993658 0.571175
vt 0.788481 0.542069
vt 0.817633 0.542069
vt 0.788481 0.516363
vt 0.817633 0.516363
vt 0.788481 0.492182
vt 0.817633 0.492182
vt 0.788481 0.468649
vt 0.817633 0.468649
vt 0.788481 0.445093
vt 0.817633 0.445092
vt 0.788481 0.420912
vt 0.817633 0.420912
vt 0.788481 0.395024
vt 0.817633 0.395024
vt 0.788481 0.365856
vt 0.817633 0.365856
vt 0.843418 0.542069
vt 0.843418 0.516363
vt 0.843418 0.492182
vt 0.843418 0.468649
vt 0.843418 0.445093
vt 0.843418 0.420912
vt 0.843418 0.395024
vt 0.843418 0.365856
vt 0.867634 0.542069
vt 0.867633 0.516363
vt 0.867633 0.492182
vt 0.867633 0.468649
vt 0.867633 0.445092
vt 0.867633 0.420912
vt 0.867633 0.395024
vt 0.867634 0.365856
vt 0.891117 0.542069
vt 0.891117 0.516363
vt 0.891117 0.492182
vt 0.891117 0.468649
vt 0.891117 0.445092
vt 0.891117 0.420912
vt 0.891117 0.395024
vt 0.891117 0.365856
vt 0.914598 0.542069
vt 0.914599 0.516363
vt 0.914599 0.492182
vt 0.914599 0.468649
vt 0.914599 0.445092
vt 0.914599 0.420912
vt 0.914599 0.395024
vt 0.914599 0.365856
vt 0.938768 0.542069
vt 0.938768 0.516363
vt 0.938768 0.492182
vt 0.938768 0.468649
vt 0.938768 0.445092
vt 0.938768 0.420912
vt 0.938768 0.395024
vt 0.938768 0.365856
vt 0.964553 0.542069
vt 0.964553 0.516362
vt 0.964553 0.492182
vt 0.964553 0.468649
vt 0.964553 0.445092
vt 0.964553 0.420912
vt 0.964553 0.395024
vt 0.964553 0.365856
vt 0.993658 0.542069
vt 0.993658 0.516363
vt 0.993658 0.492182
vt 0.993658 0.468649
vt 0.993658 0.445092
vt 0.993658 0.420912
vt 0.993658 0.395024
vt 0.993658 0.365856
vt 0.583164 0.571175
vt 0.583164 0.600093
vt 0.554012 0.600093
vt 0.554012 0.571175
vt 0.583164 0.625969
vt 0.554012 0.625969
vt 0.583164 0.650231
vt 0.554012 0.650231
vt 0.583164 0.673797
vt 0.554012 0.673797
vt 0.583164 0.697287
vt 0.554012 0.697287
vt 0.583164 0.721467
vt 0.554012 0.721467
vt 0.583164 0.747345
vt 0.554012 0.747345
vt 0.583164 0.776513
vt 0.554012 0.776513
vt 0.528227 0.600093
vt 0.528227 0.571175
vt 0.528227 0.625969
vt 0.528227 0.650231
vt 0.528227 0.673797
vt 0.528227 0.697287
vt 0.528227 0.721466
vt 0.528227 0.747345
vt 0.528227 0.776513
vt 0.504011 0.600093
vt 0.504011 0.571175
vt 0.504011 0.625969
vt 0.504011 0.650231
vt 0.504011 0.673797
vt 0.504011 0.697287
vt 0.504011 0.721466
vt 0.504011 0.747345
vt 0.504011 0.776513
vt 0.480528 0.600093
vt 0.480528 0.571175
vt 0.480528 0.625969
vt 0.480528 0.650231
vt 0.480528 0.673797
vt 0.480528 0.697287
vt 0.480528 0.721466
vt 0.480528 0.747345
vt 0.480528 0.776513
vt 0.457044 0.600093
vt 0.457044 0.571175
vt 0.457044 0.625969
vt 0.457044 0.650231
vt 0.457044 0.673797
vt 0.457044 0.697287
vt 0.457043 0.721466
vt 0.457043 0.747345
vt 0.457043 0.776513
vt 0.432875 0.600093
vt 0.432875 0.571175
vt 0.432875 0.625969
vt 0.432875 0.650231
vt 0.432875 0.673797
vt 0.432875 0.697287
vt 0.432875 0.721466
vt 0.432875 0.747345
vt 0.432875 0.776513
vt 0.407090 0.600093
vt 0.407090 0.571175
vt 0.407090 0.625969
vt 0.407090 0.650231
vt 0.407090 0.673797
vt 0.407090 0.697287
vt 0.407090 0.721466
vt 0.407090 0.747345
vt 0.407090 0.776513
vt 0.377985 0.600093
vt 0.377985 0.571175
vt 0.377985 0.625969
vt 0.377985 0.650231
vt 0.377985 0.673797
vt 0.377985 0.697287
vt 0.377985 0.721467
vt 0.377985 0.747345
vt 0.377985 0.776513
vt 0.788481 0.981832
vt 0.788481 0.952664
vt 0.817633 0.952664
vt 0.817633 0.981832
vt 0.788481 0.926776
vt 0.817633 0.926776
vt 0.788481 0.902596
vt 0.817633 0.902596
vt 0.788481 0.879038
vt 0.817633 0.879038
vt 0.788481 0.855505
vt 0.817633 0.855505
vt 0.788481 0.831326
vt 0.817633 0.831326
vt 0.788481 0.805619
vt 0.817633 0.805619
vt 0.843418 0.952664
vt 0.843418 0.981832
vt 0.843418 0.926776
vt 0.843418 0.902596
vt 0.843418 0.879038
vt 0.843418 0.855505
vt 0.843418 0.831326
vt 0.843418 0.805619
vt 0.867634 0.952664
vt 0.867634 0.981832
vt 0.867633 0.926776
vt 0.867633 0.902596
vt 0.867633 0.879038
vt 0.867633 0.855505
vt 0.867633 0.831326
vt 0.867633 0.805619
vt 0.891116 0.952664
vt 0.891116 0.981832
vt 0.891116 0.926776
vt 0.891116 0.902596
vt 0.891116 0.879038
vt 0.891116 0.855505
vt 0.891116 0.831326
vt 0.891116 0.805619
vt 0.914598 0.952664
vt 0.914599 0.981832
vt 0.914598 0.926776
vt 0.914598 0.902596
vt 0.914598 0.879038
vt 0.914599 0.855505
vt 0.914599 0.831326
vt 0.914599 0.805619
vt 0.938768 0.952664
vt 0.938768 0.981832
vt 0.938768 0.926776
vt 0.938768 0.902596
vt 0.938768 0.879038
vt 0.938768 0.855505
vt 0.938768 0.831326
vt 0.938768 0.805619
vt 0.964553 0.952664
vt 0.964553 0.981832
vt 0.964553 0.926776
vt 0.964553 0.902596
vt 0.964553 0.879038
vt 0.964553 0.855505
vt 0.964553 0.831326
vt 0.964553 0.805619
vt 0.993658 0.952664
vt 0.993658 0.981832
vt 0.993658 0.926776
vt 0.993658 0.902596
vt 0.993658 0.879038
vt 0.993658 0.855505
vt 0.993658 0.831326
vt 0.993658 0.805619
vt 0.612332 0.747345
vt 0.612332 0.776513
vt 0.612332 0.721467
vt 0.612332 0.697287
vt 0.612332 0.673797
vt 0.612332 0.650231
vt 0.612332 0.625969
vt 0.612332 0.600093
vt 0.612332 0.571175
vt 0.638220 0.747345
vt 0.638220 0.776513
vt 0.638220 0.721467
vt 0.638220 0.697287
vt 0.638220 0.673797
vt 0.638220 0.650231
vt 0.638220 0.625969
vt 0.638220 0.600093
vt 0.638220 0.571175
vt 0.662400 0.747345
vt 0.662400 0.776513
vt 0.662400 0.721467
vt 0.662400 0.697287
vt 0.662400 0.673797
vt 0.662400 0.650231
vt 0.662400 0.625969
vt 0.662400 0.600093
vt 0.662400 0.571175
vt 0.685957 0.747345
vt 0.685957 0.776513
vt 0.685957 0.721467
vt 0.685957 0.697287
vt 0.685957 0.673797
vt 0.685957 0.650231
vt 0.685957 0.625969
vt 0.685957 0.600093
vt 0.685957 0.571175
vt 0.709490 0.747345
vt 0.709490 0.776513
vt 0.709490 0.721467
vt 0.709490 0.697287
vt 0.709490 0.673797
vt 0.709490 0.650231
vt 0.709490 0.625969
vt 0.709490 0.600093
vt 0.709490 0.571175
vt 0.733670 0.747345
vt 0.733670 0.776513
vt 0.733670 0.721467
vt 0.733670 0.697287
vt 0.733670 0.673797
vt 0.733670 0.650231
vt 0.733670 0.625969
vt 0.733670 0.600093
vt 0.733670 0.571175
vt 0.759375 0.747345
vt 0.759375 0.776513
vt 0.759375 0.721467
vt 0.759375 0.697287
vt 0.759375 0.673797
vt 0.759375 0.650231
vt 0.759375 0.625969
vt 0.759375 0.600093
vt 0.759375 0.571175
vt 0.172667 0.776513
vt 0.172667 0.747345
vt 0.201772 0.747345
vt 0.201772 0.776513
vt 0.172666 0.721466
vt 0.201772 0.721466
vt 0.172666 0.697287
vt 0.201772 0.697287
vt 0.172666 0.673797
vt 0.201771 0.673797
vt 0.172666 0.650231
vt 0.201771 0.650231
vt 0.172666 0.625969
vt 0.201771 0.625969
vt 0.172667 0.600093
vt 0.201772 0.600093
vt 0.172666 0.571175
vt 0.201772 0.571175
vt 0.227478 0.747345
vt 0.227478 0.776513
vt 0.227478 0.721466
vt 0.227478 0.697287
vt 0.227478 0.673797
vt 0.227478 0.650231
vt 0.227478 0.625969
vt 0.227478 0.600093
vt 0.227478 0.571175
vt 0.251659 0.747345
vt 0.251659 0.776513
vt 0.251659 0.721466
vt 0.251659 0.697287
vt 0.251659 0.673797
vt 0.251659 0.650231
vt 0.251659 0.625969
vt 0.251659 0.600093
vt 0.251659 0.571175
vt 0.275191 0.747345
vt 0.275191 0.776513
vt 0.275191 0.721466
vt 0.275192 0.697287
vt 0.275191 0.673797
vt 0.275191 0.650231
vt 0.275192 0.625969
vt 0.275192 0.600093
vt 0.275192 0.571175
vt 0.298749 0.747345
vt 0.298749 0.776513
vt 0.298749 0.721466
vt 0.298749 0.697287
vt 0.298749 0.673797
vt 0.298749 0.650231
vt 0.298749 0.625969
vt 0.298749 0.600093
vt 0.298749 0.571175
vt 0.322928 0.747345
vt 0.322928 0.776513
vt 0.322928 0.721467
vt 0.322928 0.697287
vt 0.322928 0.673797
vt 0.322928 0.650231
vt 0.322928 0.625970
vt 0.322928 0.600093
vt 0.322928 0.571175
vt 0.348816 0.747345
vt 0.348816 0.776513
vt 0.348816 0.721467
vt 0.348816 0.697287
vt 0.348816 0.673797
vt 0.348816 0.650231
vt 0.348816 0.625969
vt 0.348816 0.600093
vt 0.348816 0.571175
vt 0.394769 0.897857
vt 0.394769 0.905745
vt 0.351016 0.905745
vt 0.351016 0.897856
vt 0.717231 0.829581
vt 0.709348 0.829581
vt 0.709348 0.785863
vt 0.717231 0.785863
vt 0.156441 0.700990
vt 0.164323 0.700990
vt 0.164322 0.744699
vt 0.156441 0.744699
vt 0.758462 0.829589
vt 0.750577 0.829589
vt 0.750576 0.785856
vt 0.758462 0.785856
vt 0.695600 0.917051
vt 0.703484 0.917051
vt 0.703484 0.960781
vt 0.695600 0.960781
vt 0.744720 0.829609
vt 0.736833 0.829609
vt 0.736832 0.785857
vt 0.744719 0.785857
vt 0.438272 0.473863
vt 0.468080 0.473886
vt 0.468063 0.490756
vt 0.438263 0.490732
vt 0.522533 0.881860
vt 0.522533 0.889743
vt 0.478811 0.889743
vt 0.478811 0.881860
vt 0.730981 0.829612
vt 0.723092 0.829612
vt 0.723092 0.785860
vt 0.730981 0.785860
vt 0.141588 0.580204
vt 0.141588 0.537565
vt 0.150577 0.537564
vt 0.150577 0.580204
vt 0.604103 0.818847
vt 0.646741 0.818846
vt 0.648990 0.824278
vt 0.605229 0.824278
vt 0.607420 0.794847
vt 0.650055 0.794847
vt 0.652305 0.800278
vt 0.608544 0.800278
vt 0.052201 0.971291
vt 0.009560 0.971291
vt 0.007310 0.965858
vt 0.051075 0.965858
vt 0.104585 0.580212
vt 0.104585 0.537574
vt 0.110018 0.535325
vt 0.110018 0.579087
vt 0.141588 0.665486
vt 0.141588 0.708128
vt 0.136156 0.710378
vt 0.136156 0.666612
vt 0.121311 0.665503
vt 0.121311 0.708145
vt 0.115878 0.710396
vt 0.115878 0.666628
vt 0.524921 0.863292
vt 0.482280 0.863292
vt 0.480029 0.857860
vt 0.523797 0.857859
vt 0.610098 0.842848
vt 0.652736 0.842848
vt 0.654988 0.848281
vt 0.611223 0.848281
vt 0.319042 0.473925
vt 0.348850 0.473886
vt 0.348867 0.490756
vt 0.319067 0.490794
vt 0.137480 0.971292
vt 0.180119 0.971292
vt 0.180119 0.980279
vt 0.137480 0.980279
vt 0.518828 0.818847
vt 0.476191 0.818847
vt 0.476191 0.809859
vt 0.518828 0.809859
vt 0.524819 0.842848
vt 0.482180 0.842849
vt 0.482180 0.833862
vt 0.524820 0.833861
vt 0.121311 0.580219
vt 0.121311 0.537577
vt 0.130298 0.537577
vt 0.130298 0.580219
vt 0.104585 0.665487
vt 0.104585 0.708126
vt 0.095597 0.708126
vt 0.095597 0.665487
vt 0.522146 0.794846
vt 0.479510 0.794846
vt 0.479510 0.785859
vt 0.522146 0.785859
vt 0.610206 0.863293
vt 0.652846 0.863293
vt 0.652846 0.872281
vt 0.610206 0.872281
vt 0.247114 0.366738
vt 0.275676 0.358074
vt 0.305035 0.428952
vt 0.261222 0.428952
vt 0.344009 0.301996
vt 0.358079 0.275672
vt 0.428958 0.305031
vt 0.397976 0.336012
vt 0.366743 0.187700
vt 0.358079 0.159136
vt 0.428958 0.129780
vt 0.428958 0.173592
vt 0.301999 0.090806
vt 0.275676 0.076736
vt 0.305035 0.005857
vt 0.336015 0.036837
vt 0.187705 0.068072
vt 0.159141 0.076736
vt 0.129782 0.005857
vt 0.173596 0.005857
vt 0.090810 0.132815
vt 0.076739 0.159136
vt 0.005861 0.129780
vt 0.036843 0.098798
vt 0.068075 0.247109
vt 0.076739 0.275672
vt 0.005861 0.305031
vt 0.005861 0.261216
vt 0.132818 0.344003
vt 0.159142 0.358074
vt 0.129783 0.428952
vt 0.098803 0.397972
vt 0.491549 0.241675
vt 0.500217 0.270245
vt 0.434819 0.297334
vt 0.434820 0.254649
vt 0.514291 0.127350
vt 0.500216 0.153681
vt 0.434819 0.126591
vt 0.465002 0.096409
vt 0.611209 0.062592
vt 0.582640 0.071257
vt 0.555551 0.005860
vt 0.598235 0.005860
vt 0.725534 0.085331
vt 0.699205 0.071257
vt 0.726292 0.005860
vt 0.756476 0.036043
vt 0.790294 0.182251
vt 0.781628 0.153679
vt 0.847024 0.126591
vt 0.847026 0.169278
vt 0.767553 0.296576
vt 0.781628 0.270245
vt 0.847025 0.297334
vt 0.816842 0.327516
vt 0.670634 0.361336
vt 0.699203 0.352669
vt 0.726292 0.418065
vt 0.683608 0.418066
vt 0.556310 0.338594
vt 0.582639 0.352668
vt 0.555551 0.418065
vt 0.525368 0.387882
vt 0.557502 0.474047
vt 0.587309 0.474133
vt 0.587258 0.491002
vt 0.557459 0.490917
vt 0.617092 0.514857
vt 0.587287 0.514958
vt 0.587233 0.498089
vt 0.617030 0.497989
vt 0.497869 0.515165
vt 0.468064 0.515204
vt 0.468047 0.498336
vt 0.497843 0.498297
vt 0.378648 0.515228
vt 0.348842 0.515205
vt 0.348860 0.498336
vt 0.378655 0.498359
vt 0.259425 0.515042
vt 0.229620 0.514958
vt 0.229671 0.498088
vt 0.259469 0.498174
vt 0.199812 0.474232
vt 0.229620 0.474132
vt 0.229672 0.491001
vt 0.199874 0.491102
vt 0.617118 0.474233
vt 0.617057 0.491103
vt 0.646924 0.474348
vt 0.646855 0.491218
vt 0.646896 0.514742
vt 0.646827 0.497873
vt 0.790293 0.241675
vt 0.847024 0.254649
vt 0.793221 0.211963
vt 0.847025 0.211964
vt 0.247114 0.068071
vt 0.261222 0.005857
vt 0.217410 0.065145
vt 0.217410 0.005857
vt 0.136156 0.579080
vt 0.136156 0.535313
vt 0.141588 0.622846
vt 0.136156 0.622846
vt 0.150577 0.665486
vt 0.150577 0.708128
vt 0.150577 0.622846
vt 0.695600 0.785861
vt 0.703484 0.785861
vt 0.703485 0.829591
vt 0.695600 0.829591
vt 0.703485 0.873321
vt 0.695600 0.873321
vt 0.557481 0.515042
vt 0.557436 0.498174
vt 0.527675 0.515112
vt 0.527640 0.498243
vt 0.725535 0.338594
vt 0.756476 0.387882
vt 0.748613 0.319654
vt 0.786658 0.357699
vt 0.132818 0.090806
vt 0.098803 0.036837
vt 0.109745 0.109740
vt 0.067822 0.067818
vt 0.130299 0.665503
vt 0.130299 0.708145
vt 0.121311 0.622861
vt 0.130299 0.622861
vt 0.115878 0.579093
vt 0.115878 0.535326
vt 0.115878 0.622861
vt 0.744719 0.960863
vt 0.736832 0.960863
vt 0.736832 0.917112
vt 0.744720 0.917112
vt 0.736833 0.873359
vt 0.744720 0.873359
vt 0.438259 0.515228
vt 0.438249 0.498359
vt 0.408453 0.515236
vt 0.408453 0.498367
vt 0.611209 0.361336
vt 0.598237 0.418066
vt 0.640922 0.364261
vt 0.640922 0.418066
vt 0.068074 0.187700
vt 0.005861 0.173592
vt 0.065149 0.217405
vt 0.005861 0.217405
vt 0.524921 0.872281
vt 0.482279 0.872280
vt 0.567564 0.863293
vt 0.567564 0.872281
vt 0.611330 0.857860
vt 0.655097 0.857860
vt 0.567564 0.857859
vt 0.653693 0.881859
vt 0.653693 0.889742
vt 0.609973 0.889743
vt 0.609973 0.881860
vt 0.566252 0.889743
vt 0.566252 0.881860
vt 0.319035 0.515165
vt 0.319062 0.498297
vt 0.289230 0.515112
vt 0.289266 0.498243
vt 0.514291 0.296575
vt 0.465002 0.327517
vt 0.533230 0.319653
vt 0.495186 0.357699
vt 0.090810 0.301996
vt 0.036843 0.336012
vt 0.109745 0.325069
vt 0.067822 0.366992
vt 0.610098 0.833861
vt 0.652737 0.833861
vt 0.567458 0.842848
vt 0.567458 0.833861
vt 0.523693 0.848281
vt 0.479930 0.848281
vt 0.567458 0.848281
vt 0.730980 0.960866
vt 0.723091 0.960866
vt 0.723091 0.917114
vt 0.730981 0.917114
vt 0.723092 0.873364
vt 0.730981 0.873364
vt 0.199813 0.514857
vt 0.199875 0.497989
vt 0.170008 0.514742
vt 0.170078 0.497873
vt 0.170004 0.474348
vt 0.170074 0.491217
vt 0.491550 0.182251
vt 0.434819 0.169278
vt 0.488624 0.211963
vt 0.434819 0.211964
vt 0.187705 0.366738
vt 0.173596 0.428952
vt 0.217409 0.369663
vt 0.217409 0.428952
vt 0.604103 0.809859
vt 0.646741 0.809859
vt 0.561466 0.818847
vt 0.561466 0.809859
vt 0.517704 0.824278
vt 0.473941 0.824278
vt 0.561466 0.824278
vt 0.526024 0.897857
vt 0.526024 0.905746
vt 0.482273 0.905746
vt 0.482273 0.897857
vt 0.438521 0.905746
vt 0.438521 0.897857
vt 0.556308 0.085332
vt 0.525369 0.036042
vt 0.533229 0.104271
vt 0.495185 0.066227
vt 0.301999 0.344003
vt 0.336015 0.397972
vt 0.325073 0.325069
vt 0.366995 0.366992
vt 0.607419 0.785859
vt 0.650055 0.785860
vt 0.564782 0.794846
vt 0.564782 0.785859
vt 0.259427 0.474047
vt 0.259470 0.490917
vt 0.289235 0.473978
vt 0.289270 0.490847
vt 0.521021 0.800277
vt 0.477260 0.800277
vt 0.564782 0.800277
vt 0.717231 0.960738
vt 0.709348 0.960739
vt 0.709347 0.917019
vt 0.717230 0.917019
vt 0.709348 0.873300
vt 0.717231 0.873300
vt 0.670633 0.062592
vt 0.683608 0.005860
vt 0.640922 0.059664
vt 0.640922 0.005860
vt 0.366743 0.247109
vt 0.428958 0.261216
vt 0.369670 0.217405
vt 0.428958 0.217405
vt 0.052200 0.980279
vt 0.009560 0.980279
vt 0.094840 0.971291
vt 0.094840 0.980279
vt 0.138605 0.965859
vt 0.182370 0.965859
vt 0.094840 0.965859
vt 0.378658 0.473863
vt 0.378666 0.490732
vt 0.408465 0.473856
vt 0.408465 0.490724
vt 0.156441 0.569862
vt 0.164322 0.569862
vt 0.164322 0.613571
vt 0.156441 0.613571
vt 0.164323 0.657281
vt 0.156441 0.657281
vt 0.497887 0.473925
vt 0.497861 0.490794
vt 0.527695 0.473978
vt 0.527661 0.490848
vt 0.767553 0.127351
vt 0.816841 0.096410
vt 0.748613 0.104271
vt 0.786658 0.066227
vt 0.344009 0.132815
vt 0.397976 0.098798
vt 0.325073 0.109740
vt 0.366995 0.067818
vt 0.095597 0.580212
vt 0.095597 0.537574
vt 0.104585 0.622850
vt 0.095597 0.622850
vt 0.110018 0.666613
vt 0.110017 0.710376
vt 0.110018 0.622850
vt 0.758462 0.960787
vt 0.750576 0.960787
vt 0.750576 0.917053
vt 0.758462 0.917053
vt 0.750576 0.873322
vt 0.758462 0.873322
vt 0.430654 0.027047
vt 0.430654 0.052681
vt 0.424865 0.052681
vt 0.424865 0.027047
vt 0.419077 0.052681
vt 0.419077 0.027047
vt 0.413289 0.052681
vt 0.413289 0.027047
vt 0.407501 0.052681
vt 0.407501 0.027047
vt 0.401713 0.052681
vt 0.401713 0.027047
vt 0.395925 0.052681
vt 0.395925 0.027047
vt 0.390137 0.052681
vt 0.390137 0.027047
vt 0.384349 0.052681
vt 0.384349 0.027047
vt 0.378560 0.052681
vt 0.378560 0.027047
vt 0.372772 0.052681
vt 0.372772 0.027047
vt 0.366984 0.052681
vt 0.366984 0.027047
vt 0.361196 0.052681
vt 0.361196 0.027047
vt 0.453806 0.027047
vt 0.453806 0.052681
vt 0.448017 0.052681
vt 0.448018 0.027047
vt 0.084974 0.031799
vt 0.079814 0.031796
vt 0.075047 0.029818
vt 0.082403 0.018827
vt 0.442229 0.052681
vt 0.442229 0.027047
vt 0.436442 0.052681
vt 0.436442 0.027047
vt 0.436442 0.024401
vt 0.430654 0.024401
vt 0.442229 0.024401
vt 0.448017 0.024401
vt 0.453806 0.024401
vt 0.366984 0.024401
vt 0.361196 0.024401
vt 0.372772 0.024401
vt 0.378560 0.024401
vt 0.384349 0.024401
vt 0.390137 0.024401
vt 0.395924 0.024401
vt 0.401713 0.024401
vt 0.407501 0.024401
vt 0.413289 0.024401
vt 0.419077 0.024401
vt 0.424865 0.024401
vt 0.430654 0.023059
vt 0.424865 0.023059
vt 0.419077 0.023059
vt 0.413289 0.023059
vt 0.407501 0.023059
vt 0.401713 0.023059
vt 0.395924 0.023059
vt 0.390137 0.023059
vt 0.384349 0.023059
vt 0.378560 0.023059
vt 0.372773 0.023059
vt 0.366984 0.023058
vt 0.361196 0.023058
vt 0.453806 0.023059
vt 0.448017 0.023059
vt 0.442230 0.023059
vt 0.436442 0.023059
vt 0.436442 0.005859
vt 0.436442 0.012719
vt 0.430654 0.012719
vt 0.430653 0.005859
vt 0.442230 0.005859
vt 0.442230 0.012719
vt 0.448018 0.005859
vt 0.448017 0.012719
vt 0.453806 0.005859
vt 0.453806 0.012719
vt 0.366984 0.005859
vt 0.366984 0.012719
vt 0.361196 0.012719
vt 0.361196 0.005859
vt 0.372772 0.005859
vt 0.372772 0.012719
vt 0.378560 0.005859
vt 0.378560 0.012719
vt 0.384349 0.005859
vt 0.384349 0.012719
vt 0.390137 0.005859
vt 0.390137 0.012719
vt 0.395925 0.005859
vt 0.395924 0.012719
vt 0.401713 0.005859
vt 0.401713 0.012719
vt 0.407501 0.005859
vt 0.407501 0.012719
vt 0.413289 0.005859
vt 0.413289 0.012719
vt 0.430654 0.015349
vt 0.430654 0.017860
vt 0.424865 0.017859
vt 0.424865 0.015349
vt 0.419077 0.005859
vt 0.419077 0.012719
vt 0.419077 0.017860
vt 0.419077 0.015349
vt 0.424865 0.012719
vt 0.424865 0.005859
vt 0.413289 0.017859
vt 0.413289 0.015349
vt 0.407501 0.017859
vt 0.407501 0.015349
vt 0.401713 0.017859
vt 0.401713 0.015349
vt 0.395924 0.017859
vt 0.395924 0.015349
vt 0.390137 0.017859
vt 0.390137 0.015349
vt 0.384349 0.017859
vt 0.384349 0.015349
vt 0.378560 0.017859
vt 0.378560 0.015349
vt 0.372773 0.017859
vt 0.372772 0.015349
vt 0.366984 0.017860
vt 0.366984 0.015349
vt 0.361196 0.017860
vt 0.361196 0.015349
vt 0.453806 0.015349
vt 0.453806 0.017860
vt 0.448017 0.017860
vt 0.448017 0.015349
vt 0.442230 0.017860
vt 0.442230 0.015349
vt 0.436442 0.017860
vt 0.436442 0.015349
vt 0.436442 0.021716
vt 0.430654 0.021716
vt 0.442230 0.021716
vt 0.448017 0.021716
vt 0.453806 0.021716
vt 0.366984 0.021716
vt 0.361196 0.021716
vt 0.372773 0.021716
vt 0.378560 0.021716
vt 0.384349 0.021716
vt 0.390137 0.021716
vt 0.395924 0.021716
vt 0.401713 0.021716
vt 0.407501 0.021716
vt 0.413289 0.021716
vt 0.419077 0.021716
vt 0.424865 0.021716
vt 0.424865 0.014029
vt 0.430654 0.014029
vt 0.419077 0.014029
vt 0.413289 0.014029
vt 0.407501 0.014029
vt 0.401713 0.014029
vt 0.395924 0.014029
vt 0.390137 0.014029
vt 0.384349 0.014029
vt 0.378560 0.014028
vt 0.372772 0.014028
vt 0.366984 0.014029
vt 0.361196 0.014029
vt 0.448017 0.014029
vt 0.453806 0.014029
vt 0.442230 0.014029
vt 0.436442 0.014029
vt 0.071401 0.026166
vt 0.069430 0.021397
vt 0.069434 0.016238
vt 0.071412 0.011472
vt 0.075064 0.007826
vt 0.079832 0.005854
vt 0.084991 0.005858
vt 0.089758 0.007836
vt 0.093404 0.011487
vt 0.095376 0.016256
vt 0.095372 0.021416
vt 0.093393 0.026182
vt 0.089742 0.029828
vt 0.282188 0.975467
vt 0.282188 0.972701
vt 0.293752 0.972700
vt 0.293752 0.975467
vt 0.305315 0.972701
vt 0.305315 0.975467
vt 0.316880 0.972701
vt 0.316880 0.975467
vt 0.328445 0.972700
vt 0.328445 0.975467
vt 0.340009 0.972700
vt 0.340009 0.975467
vt 0.351573 0.972700
vt 0.351573 0.975467
vt 0.363136 0.972700
vt 0.363136 0.975467
vt 0.374702 0.972700
vt 0.374702 0.975467
vt 0.189675 0.975466
vt 0.189675 0.972700
vt 0.201239 0.972700
vt 0.201239 0.975467
vt 0.212802 0.972700
vt 0.212802 0.975467
vt 0.224367 0.972700
vt 0.224367 0.975467
vt 0.235931 0.972700
vt 0.235931 0.975467
vt 0.247495 0.972700
vt 0.247495 0.975467
vt 0.259060 0.972700
vt 0.259060 0.975467
vt 0.270623 0.972701
vt 0.270624 0.975467
vt 0.282188 0.971254
vt 0.293752 0.971253
vt 0.305315 0.971253
vt 0.316880 0.971254
vt 0.328445 0.971254
vt 0.340009 0.971254
vt 0.351573 0.971253
vt 0.363136 0.971253
vt 0.374702 0.971253
vt 0.189675 0.971253
vt 0.201239 0.971253
vt 0.212802 0.971253
vt 0.224367 0.971253
vt 0.235931 0.971253
vt 0.247495 0.971253
vt 0.259060 0.971254
vt 0.270624 0.971254
vt 0.201239 0.965859
vt 0.212802 0.965859
vt 0.770037 0.897793
vt 0.770037 0.907968
vt 0.764326 0.907968
vt 0.764326 0.897793
vt 0.189675 0.965859
vt 0.770037 0.887617
vt 0.764326 0.887617
vt 0.363137 0.965859
vt 0.374702 0.965859
vt 0.770037 0.857091
vt 0.770037 0.867266
vt 0.764327 0.867266
vt 0.764327 0.857091
vt 0.770037 0.877441
vt 0.764327 0.877441
vt 0.351573 0.965860
vt 0.770037 0.846915
vt 0.764326 0.846915
vt 0.340009 0.965860
vt 0.770037 0.836739
vt 0.764326 0.836739
vt 0.328445 0.965860
vt 0.770037 0.826564
vt 0.764326 0.826564
vt 0.316880 0.965860
vt 0.770037 0.816388
vt 0.764326 0.816388
vt 0.775895 0.871121
vt 0.775895 0.860464
vt 0.778845 0.860464
vt 0.778845 0.871121
vt 0.775895 0.849807
vt 0.778845 0.849807
vt 0.775895 0.839149
vt 0.778845 0.839149
vt 0.775895 0.828492
vt 0.778845 0.828492
vt 0.775895 0.817834
vt 0.778845 0.817834
vt 0.775895 0.807177
vt 0.778845 0.807177
vt 0.775895 0.796520
vt 0.778845 0.796520
vt 0.775895 0.785861
vt 0.778845 0.785861
vt 0.775895 0.956382
vt 0.775895 0.945724
vt 0.778845 0.945724
vt 0.778845 0.956382
vt 0.775895 0.935066
vt 0.778845 0.935066
vt 0.775895 0.924409
vt 0.778845 0.924409
vt 0.775895 0.913751
vt 0.778845 0.913751
vt 0.775895 0.903094
vt 0.778845 0.903094
vt 0.775895 0.892437
vt 0.778845 0.892437
vt 0.775895 0.881779
vt 0.778845 0.881779
vt 0.770037 0.918143
vt 0.764326 0.918143
vt 0.224367 0.965859
vt 0.770037 0.928320
vt 0.764326 0.928320
vt 0.235931 0.965859
vt 0.770037 0.938495
vt 0.764326 0.938495
vt 0.247495 0.965860
vt 0.770037 0.948671
vt 0.764326 0.948671
vt 0.259060 0.965860
vt 0.770037 0.785862
vt 0.770037 0.796037
vt 0.764326 0.796037
vt 0.764326 0.785862
vt 0.282188 0.965860
vt 0.293752 0.965860
vt 0.270624 0.965860
vt 0.770037 0.806212
vt 0.764326 0.806213
vt 0.305315 0.965860
vt 0.773066 0.022025
vt 0.778721 0.013562
vt 0.797166 0.032008
vt 0.771081 0.032008
vt 0.787184 0.007908
vt 0.797166 0.005922
vt 0.807148 0.007908
vt 0.815612 0.013562
vt 0.821266 0.022025
vt 0.823252 0.032008
vt 0.821266 0.041990
vt 0.815612 0.050453
vt 0.807148 0.056108
vt 0.797166 0.058094
vt 0.787184 0.056108
vt 0.778721 0.050453
vt 0.048071 0.008243
vt 0.057963 0.014852
vt 0.036404 0.036411
vt 0.036404 0.005922
vt 0.064572 0.024743
vt 0.066893 0.036411
vt 0.064572 0.048079
vt 0.057963 0.057970
vt 0.048071 0.064579
vt 0.036404 0.066900
vt 0.024736 0.064579
vt 0.014845 0.057970
vt 0.008236 0.048079
vt 0.005915 0.036411
vt 0.008236 0.024743
vt 0.014845 0.014852
vt 0.024736 0.008243
vt 0.773066 0.041990
vt 0.448208 0.100866
vt 0.409201 0.100866
vt 0.409201 0.061855
vt 0.448208 0.061855
vt 0.459667 0.044866
vt 0.459667 0.005862
vt 0.498670 0.005862
vt 0.498670 0.044866
vt 0.050734 0.719565
vt 0.050733 0.533864
vt 0.089742 0.533864
vt 0.089742 0.719565
vt 0.206061 0.954148
vt 0.393576 0.954147
vt 0.391760 0.956596
vt 0.206061 0.956597
vt 0.569761 0.521859
vt 0.757370 0.521860
vt 0.757370 0.560870
vt 0.569761 0.560869
vt 0.455074 0.381507
vt 0.455074 0.379084
vt 0.494082 0.379084
vt 0.494082 0.381507
vt 0.494082 0.369864
vt 0.494082 0.373278
vt 0.455074 0.373277
vt 0.455074 0.369864
vt 0.759719 0.521860
vt 0.759718 0.560870
vt 0.455074 0.384554
vt 0.494082 0.384554
vt 0.762182 0.521860
vt 0.763775 0.521860
vt 0.763775 0.560870
vt 0.762182 0.560870
vt 0.687293 0.973373
vt 0.686565 0.975683
vt 0.679003 0.975800
vt 0.679003 0.973454
vt 0.395887 0.953419
vt 0.396004 0.945856
vt 0.398465 0.945856
vt 0.398305 0.951774
vt 0.455074 0.376159
vt 0.494082 0.376159
vt 0.687293 0.785859
vt 0.679003 0.785859
vt 0.399699 0.949252
vt 0.400059 0.945856
vt 0.684919 0.978101
vt 0.679003 0.978265
vt 0.682398 0.979495
vt 0.679002 0.979855
vt 0.689740 0.785859
vt 0.689740 0.971558
vt 0.206061 0.945857
vt 0.393656 0.945856
vt 0.197425 0.785856
vt 0.383128 0.785857
vt 0.383128 0.824866
vt 0.197425 0.824866
vt 0.005861 0.934146
vt 0.193372 0.934146
vt 0.191557 0.936596
vt 0.005861 0.936596
vt 0.005862 0.742555
vt 0.005862 0.554952
vt 0.044871 0.554953
vt 0.044872 0.742555
vt 0.044872 0.536908
vt 0.044872 0.539328
vt 0.005862 0.539328
vt 0.005862 0.536909
vt 0.005862 0.548551
vt 0.005862 0.545135
vt 0.044872 0.545136
vt 0.044872 0.548551
vt 0.005862 0.552605
vt 0.044871 0.552605
vt 0.044872 0.533858
vt 0.005862 0.533858
vt 0.005862 0.550144
vt 0.044871 0.550144
vt 0.593769 0.948313
vt 0.596078 0.949039
vt 0.596196 0.956601
vt 0.593849 0.956601
vt 0.195682 0.933418
vt 0.195799 0.925857
vt 0.198262 0.925857
vt 0.198102 0.931772
vt 0.044872 0.542256
vt 0.005862 0.542256
vt 0.406244 0.948312
vt 0.406244 0.956601
vt 0.199493 0.929253
vt 0.199855 0.925857
vt 0.598497 0.950685
vt 0.598660 0.956601
vt 0.599891 0.953206
vt 0.600250 0.956601
vt 0.406244 0.945861
vt 0.591955 0.945862
vt 0.005861 0.925856
vt 0.193453 0.925857
vt 0.191564 0.824869
vt 0.005857 0.824868
vt 0.005857 0.785859
vt 0.191564 0.785859
vt 0.670690 0.980171
vt 0.670690 0.792666
vt 0.673141 0.794479
vt 0.673141 0.980170
vt 0.364010 0.560865
vt 0.176409 0.560865
vt 0.176409 0.521857
vt 0.364010 0.521857
vt 0.005864 0.377505
vt 0.005864 0.375082
vt 0.044868 0.375083
vt 0.044868 0.377505
vt 0.044868 0.365864
vt 0.044868 0.369277
vt 0.005864 0.369277
vt 0.005864 0.365864
vt 0.174063 0.560865
vt 0.174063 0.521857
vt 0.005864 0.380554
vt 0.044868 0.380554
vt 0.171601 0.560865
vt 0.170006 0.560865
vt 0.170007 0.521857
vt 0.171601 0.521857
vt 0.012678 0.954145
vt 0.010368 0.953420
vt 0.010250 0.945857
vt 0.012596 0.945857
vt 0.669963 0.790354
vt 0.662401 0.790236
vt 0.662401 0.787775
vt 0.668318 0.787936
vt 0.005864 0.372156
vt 0.044868 0.372156
vt 0.200199 0.954145
vt 0.200199 0.945856
vt 0.665796 0.786541
vt 0.662401 0.786180
vt 0.007949 0.951773
vt 0.007787 0.945857
vt 0.006555 0.949252
vt 0.006195 0.945857
vt 0.200199 0.956597
vt 0.014493 0.956598
vt 0.662401 0.980170
vt 0.662401 0.792584
vt 0.912211 0.359559
vt 0.912211 0.173853
vt 0.951222 0.173853
vt 0.951221 0.359559
vt 0.206053 0.934151
vt 0.393568 0.934152
vt 0.391754 0.936603
vt 0.206053 0.936603
vt 0.369871 0.521855
vt 0.557493 0.521856
vt 0.557493 0.560868
vt 0.369871 0.560868
vt 0.143926 0.284787
vt 0.143926 0.287208
vt 0.104918 0.287208
vt 0.104918 0.284786
vt 0.104918 0.296429
vt 0.104918 0.293017
vt 0.143926 0.293017
vt 0.143926 0.296430
vt 0.559840 0.521856
vt 0.559840 0.560868
vt 0.143926 0.281738
vt 0.104918 0.281738
vt 0.562303 0.521856
vt 0.563896 0.521856
vt 0.563896 0.560869
vt 0.562303 0.560868
vt 0.413065 0.934151
vt 0.410754 0.933425
vt 0.410636 0.925861
vt 0.412984 0.925861
vt 0.395879 0.933425
vt 0.395995 0.925863
vt 0.398460 0.925863
vt 0.398298 0.931781
vt 0.143926 0.290133
vt 0.104918 0.290133
vt 0.600583 0.934152
vt 0.600583 0.925862
vt 0.399693 0.929258
vt 0.400054 0.925863
vt 0.408336 0.931779
vt 0.408173 0.925861
vt 0.406942 0.929257
vt 0.406581 0.925861
vt 0.600583 0.936603
vt 0.414878 0.936602
vt 0.206053 0.925861
vt 0.393652 0.925863
vt 0.763651 0.437856
vt 0.763651 0.443116
vt 0.739970 0.443116
vt 0.739970 0.437855
vt 0.716289 0.443116
vt 0.716290 0.437855
vt 0.692608 0.443116
vt 0.692608 0.437855
vt 0.668927 0.443116
vt 0.668927 0.437855
vt 0.645246 0.443116
vt 0.645246 0.437855
vt 0.621565 0.443116
vt 0.621565 0.437855
vt 0.597884 0.443116
vt 0.597884 0.437856
vt 0.574203 0.443116
vt 0.574203 0.437856
vt 0.550522 0.443116
vt 0.550522 0.437856
vt 0.526841 0.443116
vt 0.526841 0.437856
vt 0.503159 0.443116
vt 0.503159 0.437856
vt 0.479478 0.443116
vt 0.479479 0.437856
vt 0.455797 0.443116
vt 0.455797 0.437855
vt 0.432117 0.443116
vt 0.432117 0.437855
vt 0.408435 0.443116
vt 0.408435 0.437855
vt 0.384755 0.443116
vt 0.384755 0.437856
vt 0.361073 0.443116
vt 0.361073 0.437856
vt 0.337393 0.443116
vt 0.337393 0.437856
vt 0.313711 0.443116
vt 0.313711 0.437856
vt 0.290031 0.443116
vt 0.290031 0.437856
vt 0.266350 0.443116
vt 0.266350 0.437856
vt 0.242669 0.443116
vt 0.242669 0.437856
vt 0.218988 0.443116
vt 0.218988 0.437856
vt 0.195307 0.443116
vt 0.195307 0.437855
vt 0.171626 0.443116
vt 0.171626 0.437855
vt 0.147946 0.443116
vt 0.147946 0.437855
vt 0.124263 0.443116
vt 0.124263 0.437856
vt 0.100583 0.443116
vt 0.100583 0.437856
vt 0.076902 0.443116
vt 0.076902 0.437855
vt 0.053221 0.443116
vt 0.053221 0.437855
vt 0.702649 0.097353
vt 0.723888 0.111546
vt 0.641217 0.212266
vt 0.679050 0.087576
vt 0.029540 0.443116
vt 0.029540 0.437855
vt 0.005860 0.443116
vt 0.005860 0.437855
vt 0.206263 0.156185
vt 0.211692 0.154565
vt 0.217353 0.154027
vt 0.217447 0.183034
vt 0.763651 0.449667
vt 0.739970 0.449667
vt 0.716289 0.449667
vt 0.692608 0.449667
vt 0.668927 0.449667
vt 0.645246 0.449667
vt 0.621565 0.449666
vt 0.597884 0.449667
vt 0.574203 0.449667
vt 0.550522 0.449667
vt 0.526841 0.449667
vt 0.503159 0.449667
vt 0.479478 0.449667
vt 0.455797 0.449667
vt 0.432117 0.449666
vt 0.408435 0.449667
vt 0.384755 0.449667
vt 0.361073 0.449667
vt 0.337393 0.449667
vt 0.313711 0.449667
vt 0.290031 0.449667
vt 0.266350 0.449667
vt 0.242669 0.449667
vt 0.218988 0.449666
vt 0.195307 0.449667
vt 0.171626 0.449666
vt 0.147946 0.449667
vt 0.124263 0.449666
vt 0.100583 0.449666
vt 0.076902 0.449666
vt 0.053221 0.449667
vt 0.029540 0.449666
vt 0.005860 0.449666
vt 0.763651 0.463837
vt 0.739970 0.463837
vt 0.716290 0.463837
vt 0.692608 0.463837
vt 0.668927 0.463837
vt 0.645246 0.463837
vt 0.621565 0.463837
vt 0.597884 0.463837
vt 0.574203 0.463837
vt 0.550522 0.463837
vt 0.526841 0.463837
vt 0.503159 0.463837
vt 0.479478 0.463837
vt 0.455797 0.463837
vt 0.432117 0.463837
vt 0.408435 0.463837
vt 0.384755 0.463837
vt 0.361073 0.463837
vt 0.337393 0.463837
vt 0.313711 0.463837
vt 0.290031 0.463837
vt 0.266350 0.463837
vt 0.242669 0.463837
vt 0.218988 0.463837
vt 0.195307 0.463837
vt 0.171626 0.463837
vt 0.147946 0.463837
vt 0.124264 0.463837
vt 0.100583 0.463837
vt 0.076902 0.463837
vt 0.053221 0.463837
vt 0.029540 0.463837
vt 0.005860 0.463837
vt 0.763651 0.467732
vt 0.739970 0.467732
vt 0.716290 0.467732
vt 0.692608 0.467732
vt 0.668927 0.467732
vt 0.645246 0.467732
vt 0.621565 0.467732
vt 0.597884 0.467732
vt 0.574203 0.467732
vt 0.550522 0.467732
vt 0.526841 0.467732
vt 0.503159 0.467732
vt 0.479479 0.467732
vt 0.455797 0.467732
vt 0.432117 0.467732
vt 0.408435 0.467732
vt 0.384755 0.467732
vt 0.361073 0.467732
vt 0.337393 0.467732
vt 0.313711 0.467732
vt 0.290031 0.467732
vt 0.266349 0.467732
vt 0.242669 0.467732
vt 0.218988 0.467732
vt 0.195307 0.467732
vt 0.171626 0.467732
vt 0.147946 0.467732
vt 0.124264 0.467732
vt 0.100583 0.467732
vt 0.076902 0.467732
vt 0.053221 0.467732
vt 0.029540 0.467732
vt 0.005860 0.467732
vt 0.217346 0.077272
vt 0.196724 0.079313
vt 0.195907 0.075235
vt 0.217338 0.073103
vt 0.176919 0.085286
vt 0.175343 0.081462
vt 0.158645 0.095019
vt 0.156340 0.091542
vt 0.142543 0.108208
vt 0.139568 0.105229
vt 0.129312 0.124325
vt 0.125825 0.122010
vt 0.119549 0.142679
vt 0.115689 0.141098
vt 0.113565 0.162528
vt 0.109493 0.161729
vt 0.111612 0.183203
vt 0.107414 0.183215
vt 0.113694 0.203891
vt 0.109603 0.204723
vt 0.119769 0.223728
vt 0.115929 0.225337
vt 0.129553 0.241969
vt 0.126114 0.244278
vt 0.142767 0.257944
vt 0.139811 0.260916
vt 0.158849 0.271091
vt 0.156548 0.274563
vt 0.177108 0.280815
vt 0.175529 0.284642
vt 0.196937 0.286780
vt 0.196123 0.290889
vt 0.217611 0.288822
vt 0.217621 0.292996
vt 0.238270 0.286768
vt 0.239093 0.290851
vt 0.258084 0.280746
vt 0.259674 0.284570
vt 0.276331 0.270942
vt 0.278647 0.274411
vt 0.292380 0.257716
vt 0.295359 0.260682
vt 0.305551 0.241598
vt 0.309034 0.243900
vt 0.315255 0.223270
vt 0.319107 0.224841
vt 0.321202 0.203464
vt 0.325263 0.204259
vt 0.323137 0.182843
vt 0.327323 0.182829
vt 0.321057 0.162209
vt 0.325136 0.161379
vt 0.315004 0.142422
vt 0.318835 0.140821
vt 0.305262 0.124218
vt 0.308695 0.121918
vt 0.292101 0.108255
vt 0.295058 0.105297
vt 0.276091 0.095082
vt 0.278399 0.091621
vt 0.257873 0.085313
vt 0.259458 0.081489
vt 0.238020 0.079319
vt 0.238838 0.075207
vt 0.217346 0.143668
vt 0.209662 0.144381
vt 0.202281 0.146676
vt 0.195522 0.150317
vt 0.189492 0.155181
vt 0.184591 0.161230
vt 0.180981 0.168077
vt 0.178756 0.175497
vt 0.178024 0.183197
vt 0.178842 0.190861
vt 0.181091 0.198239
vt 0.184749 0.205033
vt 0.189670 0.210975
vt 0.195666 0.215888
vt 0.202527 0.219476
vt 0.209894 0.221622
vt 0.217512 0.222424
vt 0.225235 0.221690
vt 0.232650 0.219368
vt 0.239415 0.215703
vt 0.245418 0.210830
vt 0.250296 0.204800
vt 0.253893 0.197969
vt 0.256111 0.190562
vt 0.256841 0.182874
vt 0.256024 0.175221
vt 0.253779 0.167855
vt 0.250128 0.161075
vt 0.245223 0.155161
vt 0.239278 0.150298
vt 0.232476 0.146582
vt 0.225014 0.144376
vt 0.210223 0.147180
vt 0.203358 0.149244
vt 0.247830 0.162632
vt 0.243266 0.157135
vt 0.211876 0.211539
vt 0.217499 0.212090
vt 0.217511 0.214670
vt 0.211370 0.214129
vt 0.217350 0.146392
vt 0.251215 0.168931
vt 0.206456 0.209877
vt 0.205446 0.212330
vt 0.253294 0.175783
vt 0.201437 0.207158
vt 0.199941 0.209416
vt 0.254059 0.182895
vt 0.196972 0.203594
vt 0.195103 0.205481
vt 0.253372 0.190033
vt 0.193333 0.199244
vt 0.191191 0.200686
vt 0.251302 0.196918
vt 0.190680 0.194211
vt 0.188198 0.195254
vt 0.247961 0.203267
vt 0.188938 0.188803
vt 0.186400 0.189318
vt 0.243391 0.208812
vt 0.188418 0.183157
vt 0.185784 0.183165
vt 0.237897 0.213437
vt 0.188971 0.177491
vt 0.186362 0.176985
vt 0.231566 0.216796
vt 0.190637 0.172027
vt 0.188122 0.170998
vt 0.224667 0.218881
vt 0.193265 0.166970
vt 0.191098 0.165531
vt 0.223014 0.154586
vt 0.217348 0.151384
vt 0.223524 0.151976
vt 0.217520 0.219641
vt 0.196914 0.162585
vt 0.194993 0.160669
vt 0.228474 0.156266
vt 0.229513 0.153751
vt 0.210419 0.218954
vt 0.201301 0.158921
vt 0.199825 0.156728
vt 0.233529 0.158918
vt 0.234999 0.156712
vt 0.203569 0.216898
vt 0.211174 0.151977
vt 0.205267 0.153807
vt 0.197036 0.152584
vt 0.191522 0.157206
vt 0.186932 0.162770
vt 0.183577 0.169133
vt 0.181500 0.176028
vt 0.180810 0.183176
vt 0.181577 0.190298
vt 0.183659 0.197159
vt 0.187054 0.203470
vt 0.191638 0.208984
vt 0.197199 0.213557
vt 0.223696 0.214094
vt 0.229654 0.212232
vt 0.235115 0.209283
vt 0.239915 0.205345
vt 0.243801 0.200524
vt 0.246764 0.195063
vt 0.248517 0.189081
vt 0.249092 0.182907
vt 0.248477 0.176759
vt 0.246685 0.170830
vt 0.243704 0.165403
vt 0.239810 0.160617
vt 0.237763 0.152561
vt 0.231383 0.149231
vt 0.224481 0.147119
vt 0.223152 0.211440
vt 0.228622 0.209782
vt 0.233637 0.207090
vt 0.238039 0.203483
vt 0.241644 0.199098
vt 0.244254 0.194041
vt 0.245910 0.188578
vt 0.246461 0.182915
vt 0.245942 0.177273
vt 0.244205 0.171868
vt 0.241564 0.166838
vt 0.237947 0.162487
vt 0.653998 0.082590
vt 0.628454 0.082589
vt 0.741949 0.129610
vt 0.756138 0.150849
vt 0.765912 0.174450
vt 0.770894 0.199504
vt 0.770892 0.225049
vt 0.765908 0.250101
vt 0.756131 0.273700
vt 0.741937 0.294938
vt 0.723874 0.312999
vt 0.702634 0.327190
vt 0.679033 0.336963
vt 0.653980 0.341945
vt 0.628435 0.341943
vt 0.603382 0.336958
vt 0.579783 0.327181
vt 0.558545 0.312988
vt 0.540484 0.294924
vt 0.526294 0.273684
vt 0.516520 0.250083
vt 0.511538 0.225030
vt 0.511540 0.199486
vt 0.516525 0.174433
vt 0.526302 0.150833
vt 0.540495 0.129595
vt 0.558560 0.111534
vt 0.579799 0.097344
vt 0.603400 0.087571
vt 0.419184 0.865856
vt 0.419185 0.874707
vt 0.389813 0.874707
vt 0.389813 0.865856
vt 0.356181 0.865856
vt 0.356181 0.874707
vt 0.322548 0.865856
vt 0.322548 0.874707
vt 0.293177 0.865856
vt 0.293177 0.874707
vt 0.265874 0.865856
vt 0.265874 0.874707
vt 0.239408 0.865856
vt 0.239408 0.874707
vt 0.212941 0.865856
vt 0.212941 0.874707
vt 0.185638 0.865856
vt 0.185638 0.874707
vt 0.156268 0.865856
vt 0.156268 0.874707
vt 0.122636 0.865856
vt 0.122636 0.874707
vt 0.089003 0.865856
vt 0.089003 0.874707
vt 0.059631 0.865856
vt 0.059631 0.874707
vt 0.032329 0.865856
vt 0.032329 0.874707
vt 0.005863 0.865856
vt 0.005863 0.874707
vt 0.446539 0.833857
vt 0.473008 0.833857
vt 0.473008 0.842709
vt 0.446539 0.842710
vt 0.419233 0.833857
vt 0.419233 0.842710
vt 0.389858 0.833857
vt 0.389858 0.842710
vt 0.356222 0.833857
vt 0.356222 0.842710
vt 0.322585 0.833857
vt 0.322585 0.842709
vt 0.293211 0.833857
vt 0.293211 0.842709
vt 0.265904 0.833857
vt 0.265904 0.842710
vt 0.239434 0.833857
vt 0.239434 0.842710
vt 0.212965 0.833857
vt 0.212965 0.842710
vt 0.185659 0.833857
vt 0.185659 0.842710
vt 0.156284 0.833857
vt 0.156284 0.842710
vt 0.122647 0.833857
vt 0.122647 0.842709
vt 0.089012 0.833857
vt 0.089012 0.842710
vt 0.059636 0.833857
vt 0.059636 0.842710
vt 0.032330 0.833857
vt 0.032330 0.842710
vt 0.005861 0.833857
vt 0.005861 0.842709
vt 0.446487 0.865856
vt 0.472953 0.865856
vt 0.472953 0.874707
vt 0.446487 0.874707
vt 0.419185 0.890714
vt 0.389813 0.890714
vt 0.389813 0.881863
vt 0.419185 0.881863
vt 0.356180 0.890714
vt 0.356180 0.881863
vt 0.322547 0.890714
vt 0.322547 0.881863
vt 0.293176 0.890714
vt 0.293176 0.881863
vt 0.265872 0.890714
vt 0.265872 0.881863
vt 0.239407 0.890714
vt 0.239407 0.881863
vt 0.212939 0.890715
vt 0.212939 0.881863
vt 0.185636 0.890714
vt 0.185636 0.881863
vt 0.156264 0.890714
vt 0.156264 0.881863
vt 0.122632 0.890714
vt 0.122632 0.881863
vt 0.088999 0.890714
vt 0.088999 0.881863
vt 0.059628 0.890714
vt 0.059628 0.881862
vt 0.032325 0.890714
vt 0.032325 0.881862
vt 0.005859 0.890714
vt 0.005859 0.881862
vt 0.032314 0.849863
vt 0.032314 0.858711
vt 0.005860 0.858711
vt 0.005860 0.849863
vt 0.059604 0.849863
vt 0.059604 0.858711
vt 0.088962 0.849863
vt 0.088962 0.858711
vt 0.122578 0.849863
vt 0.122578 0.858710
vt 0.156193 0.849863
vt 0.156193 0.858710
vt 0.185551 0.849863
vt 0.185551 0.858710
vt 0.212841 0.849862
vt 0.212841 0.858710
vt 0.239295 0.849862
vt 0.239295 0.858710
vt 0.265749 0.849862
vt 0.265749 0.858710
vt 0.293039 0.849862
vt 0.293039 0.858710
vt 0.322395 0.849862
vt 0.322395 0.858710
vt 0.356013 0.849862
vt 0.356013 0.858709
vt 0.389629 0.849862
vt 0.389629 0.858709
vt 0.418986 0.849863
vt 0.418986 0.858710
vt 0.446277 0.849863
vt 0.446277 0.858710
vt 0.472730 0.849863
vt 0.472730 0.858710
vt 0.446488 0.890714
vt 0.446488 0.881863
vt 0.472954 0.881863
vt 0.472954 0.890714
vt 0.651740 0.431103
vt 0.633049 0.431103
vt 0.633049 0.425864
vt 0.651740 0.425864
vt 0.090687 0.897865
vt 0.115103 0.897865
vt 0.115103 0.903103
vt 0.090687 0.903103
vt 0.671844 0.431103
vt 0.671844 0.425864
vt 0.136441 0.897865
vt 0.136441 0.903102
vt 0.425799 0.987094
vt 0.402761 0.987094
vt 0.402761 0.981854
vt 0.425799 0.981854
vt 0.156273 0.897865
vt 0.156273 0.903103
vt 0.382656 0.987095
vt 0.382656 0.981854
vt 0.175510 0.897865
vt 0.175510 0.903103
vt 0.363965 0.987094
vt 0.363965 0.981854
vt 0.194747 0.897865
vt 0.194747 0.903103
vt 0.345859 0.987094
vt 0.345859 0.981854
vt 0.214580 0.897865
vt 0.214580 0.903103
vt 0.327754 0.987094
vt 0.327754 0.981854
vt 0.235917 0.897865
vt 0.235917 0.903103
vt 0.309061 0.987094
vt 0.309061 0.981854
vt 0.115056 0.915101
vt 0.090649 0.915101
vt 0.090649 0.909865
vt 0.115056 0.909865
vt 0.288957 0.987095
vt 0.288957 0.981854
vt 0.136386 0.915101
vt 0.136386 0.909865
vt 0.487634 0.987094
vt 0.468942 0.987094
vt 0.468942 0.981854
vt 0.487634 0.981854
vt 0.156210 0.915101
vt 0.156210 0.909865
vt 0.717916 0.431103
vt 0.694880 0.431103
vt 0.694880 0.425864
vt 0.717916 0.425864
vt 0.175440 0.915101
vt 0.175440 0.909865
vt 0.505741 0.987094
vt 0.505741 0.981854
vt 0.194670 0.915101
vt 0.194670 0.909865
vt 0.222776 0.987096
vt 0.204084 0.987097
vt 0.204084 0.981857
vt 0.222775 0.981857
vt 0.473179 0.431106
vt 0.455075 0.431106
vt 0.455075 0.425867
vt 0.473180 0.425867
vt 0.214494 0.915101
vt 0.214494 0.909865
vt 0.491870 0.431105
vt 0.491870 0.425867
vt 0.235823 0.915101
vt 0.235823 0.909865
vt 0.185978 0.987098
vt 0.185978 0.981858
vt 0.774815 0.431102
vt 0.756710 0.431102
vt 0.756710 0.425863
vt 0.774815 0.425863
vt 0.044914 0.915102
vt 0.025089 0.915102
vt 0.025089 0.909866
vt 0.044914 0.909866
vt 0.265918 0.987095
vt 0.242881 0.987096
vt 0.242881 0.981856
vt 0.265918 0.981855
vt 0.738020 0.431103
vt 0.738020 0.425863
vt 0.260334 0.897865
vt 0.284750 0.897864
vt 0.284750 0.903102
vt 0.260334 0.903103
vt 0.511973 0.431105
vt 0.511973 0.425866
vt 0.005859 0.915102
vt 0.005859 0.909866
vt 0.448838 0.987094
vt 0.448838 0.981854
vt 0.325791 0.915100
vt 0.305967 0.915100
vt 0.305967 0.909864
vt 0.325791 0.909864
vt 0.005864 0.897865
vt 0.025101 0.897865
vt 0.025101 0.903103
vt 0.005864 0.903103
vt 0.044933 0.897865
vt 0.044933 0.903103
vt 0.535010 0.431104
vt 0.535010 0.425865
vt 0.345021 0.915100
vt 0.345021 0.909864
vt 0.325920 0.897864
vt 0.345158 0.897864
vt 0.345158 0.903102
vt 0.325920 0.903102
vt 0.284638 0.915100
vt 0.260231 0.915100
vt 0.260231 0.909865
vt 0.284638 0.909864
vt 0.306088 0.897864
vt 0.306088 0.903102
vt 0.558047 0.431104
vt 0.558047 0.425865
vt 0.066270 0.897865
vt 0.066270 0.903103
vt 0.578149 0.431104
vt 0.578149 0.425865
vt 0.066242 0.915102
vt 0.066242 0.909866
vt 0.596841 0.431104
vt 0.596841 0.425865
vt 0.614944 0.431103
vt 0.614944 0.425864
vt 0.091260 0.755116
vt 0.091260 0.729869
vt 0.096328 0.729868
vt 0.096327 0.755116
vt 0.101393 0.729869
vt 0.101392 0.755116
vt 0.106460 0.729868
vt 0.106460 0.755116
vt 0.111526 0.729868
vt 0.111527 0.755116
vt 0.116592 0.729868
vt 0.116592 0.755116
vt 0.121659 0.729868
vt 0.121659 0.755116
vt 0.126726 0.729868
vt 0.126726 0.755116
vt 0.131793 0.729868
vt 0.131792 0.755116
vt 0.050729 0.755116
vt 0.050729 0.729869
vt 0.055793 0.729869
vt 0.055793 0.755116
vt 0.060860 0.729869
vt 0.060860 0.755116
vt 0.065927 0.729869
vt 0.065927 0.755116
vt 0.070995 0.729869
vt 0.070995 0.755116
vt 0.076061 0.729869
vt 0.076060 0.755116
vt 0.081126 0.729869
vt 0.081126 0.755116
vt 0.106460 0.725862
vt 0.111526 0.725862
vt 0.086192 0.729869
vt 0.086192 0.755116
vt 0.089728 0.206260
vt 0.089728 0.210046
vt 0.088503 0.210046
vt 0.088503 0.206260
vt 0.852884 0.310962
vt 0.856225 0.310962
vt 0.856225 0.311829
vt 0.852884 0.311829
vt 0.050729 0.725862
vt 0.055793 0.725862
vt 0.076060 0.725863
vt 0.081127 0.725863
vt 0.096327 0.725862
vt 0.101393 0.725862
vt 0.121659 0.725862
vt 0.126726 0.725862
vt 0.065927 0.725863
vt 0.070995 0.725862
vt 0.116592 0.725862
vt 0.060860 0.725862
vt 0.086192 0.725862
vt 0.131793 0.725862
vt 0.091260 0.725863
vt 0.899667 0.324923
vt 0.903010 0.324923
vt 0.903010 0.325810
vt 0.899667 0.325810
vt 0.876277 0.310962
vt 0.879618 0.310962
vt 0.879618 0.311829
vt 0.876277 0.311829
vt 0.882960 0.310962
vt 0.882960 0.311829
vt 0.903010 0.310962
vt 0.906351 0.310962
vt 0.906351 0.311829
vt 0.903010 0.311829
vt 0.872935 0.310962
vt 0.872935 0.311829
vt 0.899667 0.310962
vt 0.899667 0.311829
vt 0.869592 0.310962
vt 0.869592 0.311829
vt 0.896328 0.310962
vt 0.896327 0.311829
vt 0.866251 0.310962
vt 0.866251 0.311829
vt 0.892986 0.310962
vt 0.892986 0.311829
vt 0.862910 0.310962
vt 0.862910 0.311829
vt 0.889643 0.310962
vt 0.889643 0.311829
vt 0.859568 0.310962
vt 0.859568 0.311829
vt 0.886302 0.310962
vt 0.886301 0.311829
vt 0.882960 0.330181
vt 0.886301 0.330181
vt 0.886301 0.332149
vt 0.882960 0.332149
vt 0.869593 0.324923
vt 0.872935 0.324923
vt 0.872935 0.325810
vt 0.869592 0.325810
vt 0.896327 0.324923
vt 0.896327 0.325811
vt 0.866251 0.324923
vt 0.866251 0.325810
vt 0.892986 0.324923
vt 0.892986 0.325811
vt 0.862910 0.324923
vt 0.862910 0.325810
vt 0.889644 0.324923
vt 0.889644 0.325811
vt 0.859568 0.324923
vt 0.859568 0.325810
vt 0.886301 0.324923
vt 0.886301 0.325810
vt 0.856225 0.324923
vt 0.856225 0.325810
vt 0.882960 0.324923
vt 0.882960 0.325810
vt 0.852884 0.324923
vt 0.852884 0.325810
vt 0.876277 0.324923
vt 0.879618 0.324923
vt 0.879618 0.325810
vt 0.876277 0.325810
vt 0.906351 0.324923
vt 0.906351 0.325810
vt 0.504647 0.401854
vt 0.509156 0.401854
vt 0.509156 0.402706
vt 0.504647 0.402706
vt 0.852884 0.330181
vt 0.856224 0.330181
vt 0.856224 0.332149
vt 0.852884 0.332149
vt 0.876277 0.330181
vt 0.879618 0.330181
vt 0.879618 0.332148
vt 0.876277 0.332148
vt 0.903010 0.330181
vt 0.906351 0.330181
vt 0.906351 0.332149
vt 0.903010 0.332149
vt 0.872935 0.330181
vt 0.872935 0.332148
vt 0.899667 0.330181
vt 0.899667 0.332149
vt 0.869593 0.330181
vt 0.869592 0.332148
vt 0.896327 0.330181
vt 0.896328 0.332149
vt 0.866251 0.330181
vt 0.866251 0.332148
vt 0.892986 0.330181
vt 0.892986 0.332149
vt 0.862910 0.330181
vt 0.862910 0.332148
vt 0.889644 0.330181
vt 0.889644 0.332149
vt 0.859568 0.330181
vt 0.859568 0.332149
vt 0.859568 0.328035
vt 0.856225 0.328035
vt 0.889644 0.328035
vt 0.886301 0.328035
vt 0.862910 0.328035
vt 0.892986 0.328035
vt 0.866251 0.328035
vt 0.896327 0.328035
vt 0.869592 0.328035
vt 0.899667 0.328035
vt 0.872935 0.328035
vt 0.903010 0.328035
vt 0.876277 0.328035
vt 0.906351 0.328035
vt 0.882960 0.328035
vt 0.879618 0.328035
vt 0.852884 0.328035
vt 0.872935 0.320277
vt 0.876277 0.320277
vt 0.876277 0.322839
vt 0.872935 0.322839
vt 0.903010 0.320277
vt 0.906351 0.320277
vt 0.906351 0.322839
vt 0.903010 0.322839
vt 0.879618 0.320277
vt 0.882960 0.320277
vt 0.882960 0.322839
vt 0.879618 0.322839
vt 0.852884 0.320277
vt 0.856225 0.320277
vt 0.856225 0.322839
vt 0.852884 0.322839
vt 0.886301 0.320277
vt 0.886301 0.322839
vt 0.859568 0.320277
vt 0.859568 0.322839
vt 0.889644 0.320277
vt 0.889643 0.322839
vt 0.862910 0.320277
vt 0.862910 0.322839
vt 0.892986 0.320277
vt 0.892986 0.322839
vt 0.866251 0.320277
vt 0.866251 0.322839
vt 0.896327 0.320277
vt 0.896327 0.322839
vt 0.869592 0.320277
vt 0.869593 0.322839
vt 0.899667 0.320277
vt 0.899667 0.322839
vt 0.899667 0.315721
vt 0.903010 0.315720
vt 0.903010 0.317109
vt 0.899667 0.317109
vt 0.869592 0.315720
vt 0.872935 0.315720
vt 0.872935 0.317108
vt 0.869592 0.317108
vt 0.896327 0.315721
vt 0.896327 0.317109
vt 0.866251 0.315720
vt 0.866251 0.317108
vt 0.892986 0.315721
vt 0.892986 0.317109
vt 0.862910 0.315720
vt 0.862910 0.317108
vt 0.889643 0.315720
vt 0.889644 0.317109
vt 0.859568 0.315720
vt 0.859568 0.317108
vt 0.886302 0.315721
vt 0.886301 0.317109
vt 0.856225 0.315721
vt 0.856225 0.317108
vt 0.882960 0.315720
vt 0.882960 0.317108
vt 0.852884 0.315721
vt 0.852884 0.317108
vt 0.876277 0.315720
vt 0.879618 0.315720
vt 0.879618 0.317108
vt 0.876277 0.317108
vt 0.906351 0.315721
vt 0.906351 0.317109
vt 0.876277 0.318368
vt 0.879618 0.318368
vt 0.872935 0.318368
vt 0.903010 0.318368
vt 0.906351 0.318368
vt 0.882960 0.318368
vt 0.852884 0.318368
vt 0.856225 0.318368
vt 0.886301 0.318368
vt 0.859568 0.318368
vt 0.889643 0.318368
vt 0.862910 0.318368
vt 0.892986 0.318368
vt 0.866251 0.318368
vt 0.869593 0.318368
vt 0.899667 0.318368
vt 0.896327 0.318368
vt 0.856224 0.188960
vt 0.859567 0.188960
vt 0.886301 0.188960
vt 0.889644 0.188960
vt 0.862910 0.188960
vt 0.892986 0.188960
vt 0.866251 0.188960
vt 0.896327 0.188960
vt 0.869592 0.188960
vt 0.899667 0.188960
vt 0.872935 0.188960
vt 0.903010 0.188960
vt 0.876277 0.188960
vt 0.906351 0.188960
vt 0.882960 0.188960
vt 0.879618 0.188960
vt 0.852884 0.188960
vt 0.903010 0.312976
vt 0.899667 0.312976
vt 0.872935 0.312975
vt 0.869592 0.312975
vt 0.896328 0.312976
vt 0.866251 0.312975
vt 0.892986 0.312976
vt 0.862910 0.312975
vt 0.889643 0.312976
vt 0.859568 0.312975
vt 0.886302 0.312976
vt 0.856225 0.312975
vt 0.882960 0.312976
vt 0.852884 0.312975
vt 0.879618 0.312975
vt 0.876277 0.312975
vt 0.906351 0.312977
vt 0.899667 0.314040
vt 0.903010 0.314040
vt 0.903010 0.314749
vt 0.899667 0.314749
vt 0.869592 0.314040
vt 0.872935 0.314040
vt 0.872935 0.314749
vt 0.869593 0.314749
vt 0.896328 0.314040
vt 0.896328 0.314749
vt 0.866251 0.314040
vt 0.866251 0.314749
vt 0.892986 0.314040
vt 0.892986 0.314749
vt 0.862910 0.314040
vt 0.862910 0.314749
vt 0.889643 0.314040
vt 0.889643 0.314749
vt 0.859568 0.314040
vt 0.859568 0.314749
vt 0.886302 0.314040
vt 0.886302 0.314749
vt 0.856225 0.314040
vt 0.856225 0.314749
vt 0.882960 0.314040
vt 0.882960 0.314749
vt 0.852884 0.314040
vt 0.852884 0.314749
vt 0.876277 0.314040
vt 0.879618 0.314040
vt 0.879618 0.314749
vt 0.876277 0.314749
vt 0.906351 0.314040
vt 0.906351 0.314749
vt 0.852884 0.187840
vt 0.856224 0.187840
vt 0.876277 0.187840
vt 0.879618 0.187840
vt 0.882960 0.187840
vt 0.903010 0.187841
vt 0.906351 0.187841
vt 0.872935 0.187840
vt 0.899667 0.187841
vt 0.869593 0.187840
vt 0.896327 0.187840
vt 0.866251 0.187840
vt 0.892986 0.187841
vt 0.862910 0.187840
vt 0.889643 0.187840
vt 0.859567 0.187840
vt 0.886301 0.187841
vt 0.882960 0.173856
vt 0.886302 0.173856
vt 0.856224 0.173856
vt 0.859567 0.173856
vt 0.889644 0.173856
vt 0.862910 0.173856
vt 0.892986 0.173856
vt 0.866251 0.173856
vt 0.896327 0.173856
vt 0.869592 0.173856
vt 0.899667 0.173856
vt 0.872935 0.173856
vt 0.903010 0.173856
vt 0.876277 0.173856
vt 0.906351 0.173856
vt 0.879618 0.173856
vt 0.852884 0.173856
vt 0.614150 0.902013
vt 0.609040 0.902013
vt 0.609040 0.898898
vt 0.614150 0.898898
vt 0.578374 0.902013
vt 0.573262 0.902013
vt 0.573262 0.898899
vt 0.578374 0.898899
vt 0.568151 0.902013
vt 0.568151 0.898899
vt 0.537484 0.902013
vt 0.532373 0.902013
vt 0.532373 0.898899
vt 0.537484 0.898899
vt 0.583484 0.902013
vt 0.583484 0.898899
vt 0.542595 0.902013
vt 0.542595 0.898899
vt 0.588595 0.902013
vt 0.588595 0.898899
vt 0.547708 0.902013
vt 0.547708 0.898899
vt 0.593708 0.902013
vt 0.593708 0.898899
vt 0.552817 0.902013
vt 0.552817 0.898899
vt 0.598817 0.902013
vt 0.598817 0.898899
vt 0.557929 0.902013
vt 0.557929 0.898899
vt 0.603928 0.902013
vt 0.603928 0.898899
vt 0.563040 0.902013
vt 0.563040 0.898899
vt 0.369277 0.426844
vt 0.364824 0.426844
vt 0.364825 0.405862
vt 0.369277 0.405862
vt 0.404888 0.426843
vt 0.400437 0.426843
vt 0.400437 0.405862
vt 0.404888 0.405862
vt 0.360371 0.426844
vt 0.360371 0.405862
vt 0.395986 0.426843
vt 0.395986 0.405862
vt 0.355921 0.426844
vt 0.355921 0.405862
vt 0.391534 0.426843
vt 0.391533 0.405862
vt 0.351469 0.426844
vt 0.351468 0.405862
vt 0.387082 0.426843
vt 0.387083 0.405862
vt 0.347018 0.426844
vt 0.347017 0.405862
vt 0.382632 0.426843
vt 0.382631 0.405862
vt 0.342564 0.426844
vt 0.342564 0.405862
vt 0.378179 0.426844
vt 0.378179 0.405862
vt 0.338113 0.426844
vt 0.338113 0.405862
vt 0.373726 0.426844
vt 0.373727 0.405862
vt 0.409341 0.426843
vt 0.409341 0.405862
vt 0.568151 0.910919
vt 0.563040 0.910919
vt 0.563040 0.907835
vt 0.568151 0.907836
vt 0.609040 0.910919
vt 0.603928 0.910919
vt 0.603928 0.907835
vt 0.609040 0.907835
vt 0.557929 0.910919
vt 0.557929 0.907835
vt 0.598817 0.910919
vt 0.598817 0.907835
vt 0.552817 0.910919
vt 0.552817 0.907835
vt 0.593707 0.910919
vt 0.593707 0.907835
vt 0.547707 0.910919
vt 0.547707 0.907835
vt 0.588595 0.910919
vt 0.588595 0.907835
vt 0.542595 0.910919
vt 0.542595 0.907835
vt 0.583484 0.910919
vt 0.583484 0.907836
vt 0.537484 0.910919
vt 0.537484 0.907835
vt 0.578374 0.910919
vt 0.578374 0.907836
vt 0.532373 0.910919
vt 0.532373 0.907835
vt 0.573262 0.910919
vt 0.573262 0.907836
vt 0.614150 0.910919
vt 0.614150 0.907835
vt 0.096327 0.759302
vt 0.091260 0.759302
vt 0.101392 0.759302
vt 0.106459 0.759302
vt 0.111526 0.759302
vt 0.116592 0.759302
vt 0.121659 0.759302
vt 0.126726 0.759302
vt 0.131792 0.759302
vt 0.055792 0.759302
vt 0.050729 0.759302
vt 0.060860 0.759302
vt 0.065927 0.759302
vt 0.070995 0.759302
vt 0.076060 0.759302
vt 0.081127 0.759302
vt 0.086192 0.759302
vt 0.080083 0.198684
vt 0.080083 0.202472
vt 0.079381 0.202472
vt 0.079381 0.198685
vt 0.089729 0.240348
vt 0.089729 0.244136
vt 0.088503 0.244135
vt 0.088503 0.240348
vt 0.089728 0.213834
vt 0.088503 0.213834
vt 0.089729 0.247923
vt 0.088503 0.247923
vt 0.089728 0.217622
vt 0.089728 0.221409
vt 0.088503 0.221409
vt 0.088503 0.217623
vt 0.089729 0.187322
vt 0.089728 0.191108
vt 0.088503 0.191108
vt 0.088504 0.187323
vt 0.089728 0.225198
vt 0.088503 0.225198
vt 0.089728 0.194898
vt 0.088503 0.194898
vt 0.089729 0.228985
vt 0.088503 0.228985
vt 0.089728 0.198685
vt 0.088503 0.198685
vt 0.089729 0.232773
vt 0.088503 0.232774
vt 0.089728 0.202472
vt 0.088503 0.202471
vt 0.089729 0.236559
vt 0.088503 0.236560
vt 0.962888 0.264022
vt 0.962888 0.270462
vt 0.957072 0.270463
vt 0.957072 0.264021
vt 0.080083 0.232773
vt 0.080083 0.236560
vt 0.079381 0.236559
vt 0.079381 0.232773
vt 0.080083 0.206260
vt 0.079381 0.206260
vt 0.080083 0.240348
vt 0.079381 0.240348
vt 0.080083 0.210046
vt 0.079381 0.210046
vt 0.080083 0.244135
vt 0.079381 0.244135
vt 0.080083 0.213834
vt 0.079381 0.213834
vt 0.080083 0.247923
vt 0.079381 0.247923
vt 0.080083 0.217622
vt 0.080083 0.221409
vt 0.079381 0.221409
vt 0.079381 0.217622
vt 0.080083 0.187323
vt 0.080083 0.191108
vt 0.079381 0.191108
vt 0.079382 0.187323
vt 0.080083 0.225198
vt 0.079381 0.225198
vt 0.080082 0.194898
vt 0.079381 0.194898
vt 0.080083 0.228985
vt 0.079381 0.228985
vt 0.082322 0.228985
vt 0.082322 0.232774
vt 0.082322 0.194898
vt 0.082322 0.198684
vt 0.082322 0.225198
vt 0.082322 0.191109
vt 0.082322 0.221409
vt 0.082322 0.187323
vt 0.082322 0.213834
vt 0.082322 0.217622
vt 0.082322 0.244135
vt 0.082322 0.247923
vt 0.082322 0.210046
vt 0.082322 0.240348
vt 0.082322 0.206260
vt 0.082322 0.236560
vt 0.082322 0.202471
vt 0.086420 0.198684
vt 0.086420 0.202472
vt 0.084467 0.202471
vt 0.084467 0.198685
vt 0.086420 0.232774
vt 0.086420 0.236560
vt 0.084467 0.236560
vt 0.084467 0.232773
vt 0.086420 0.206261
vt 0.084467 0.206261
vt 0.086420 0.240348
vt 0.084467 0.240348
vt 0.086420 0.210046
vt 0.084467 0.210046
vt 0.086420 0.244135
vt 0.084467 0.244135
vt 0.086420 0.213834
vt 0.084467 0.213834
vt 0.086420 0.247923
vt 0.084467 0.247923
vt 0.086420 0.217622
vt 0.086420 0.221409
vt 0.084467 0.221409
vt 0.084467 0.217622
vt 0.086420 0.187323
vt 0.086420 0.191108
vt 0.084467 0.191108
vt 0.084467 0.187323
vt 0.086420 0.225198
vt 0.084467 0.225198
vt 0.086420 0.194898
vt 0.084467 0.194898
vt 0.086420 0.228985
vt 0.084467 0.228985
vt 0.962888 0.212502
vt 0.962888 0.218943
vt 0.957072 0.218943
vt 0.957072 0.212502
vt 0.962888 0.276901
vt 0.957072 0.276901
vt 0.962888 0.225383
vt 0.962888 0.231822
vt 0.957072 0.231822
vt 0.957072 0.225383
vt 0.962888 0.173863
vt 0.962888 0.180306
vt 0.957072 0.180306
vt 0.957072 0.173863
vt 0.962888 0.238262
vt 0.957072 0.238262
vt 0.962888 0.186742
vt 0.957072 0.186742
vt 0.962888 0.244703
vt 0.957072 0.244703
vt 0.962888 0.193183
vt 0.957072 0.193183
vt 0.962888 0.251141
vt 0.957072 0.251141
vt 0.962888 0.199623
vt 0.957072 0.199623
vt 0.962888 0.257580
vt 0.957072 0.257580
vt 0.962888 0.206063
vt 0.957072 0.206064
vt 0.982257 0.206063
vt 0.982258 0.212502
vt 0.978371 0.212502
vt 0.978371 0.206063
vt 0.971324 0.206063
vt 0.971325 0.212502
vt 0.967542 0.212502
vt 0.967542 0.206063
vt 0.982257 0.257580
vt 0.982257 0.264022
vt 0.978371 0.264022
vt 0.978371 0.257580
vt 0.971324 0.257580
vt 0.971324 0.264022
vt 0.967542 0.264022
vt 0.967542 0.257580
vt 0.982258 0.199623
vt 0.978371 0.199623
vt 0.971325 0.199623
vt 0.967542 0.199623
vt 0.982258 0.251141
vt 0.978371 0.251141
vt 0.971323 0.251141
vt 0.967542 0.251141
vt 0.982257 0.193183
vt 0.978371 0.193183
vt 0.971325 0.193183
vt 0.967543 0.193183
vt 0.982257 0.244703
vt 0.978371 0.244703
vt 0.971323 0.244703
vt 0.967542 0.244703
vt 0.982257 0.186742
vt 0.978371 0.186742
vt 0.971325 0.186742
vt 0.967543 0.186742
vt 0.982257 0.238262
vt 0.978371 0.238262
vt 0.971325 0.238262
vt 0.967542 0.238262
vt 0.982257 0.180306
vt 0.978371 0.180306
vt 0.971326 0.180306
vt 0.967543 0.180306
vt 0.982257 0.231822
vt 0.978371 0.231822
vt 0.971324 0.231822
vt 0.967542 0.231822
vt 0.982257 0.173863
vt 0.978371 0.173863
vt 0.971326 0.173863
vt 0.967543 0.173863
vt 0.982257 0.218943
vt 0.982257 0.225383
vt 0.978371 0.225383
vt 0.978371 0.218943
vt 0.971324 0.218943
vt 0.971325 0.225383
vt 0.967542 0.225383
vt 0.967542 0.218943
vt 0.982257 0.270462
vt 0.982257 0.276901
vt 0.978372 0.276901
vt 0.978371 0.270462
vt 0.971325 0.270463
vt 0.971325 0.276901
vt 0.967542 0.276901
vt 0.967542 0.270462
vt 0.974756 0.270462
vt 0.974757 0.264022
vt 0.974757 0.218943
vt 0.974757 0.212502
vt 0.974757 0.276901
vt 0.974756 0.231822
vt 0.974757 0.225383
vt 0.974757 0.180306
vt 0.974757 0.173863
vt 0.974757 0.238262
vt 0.974756 0.186742
vt 0.974757 0.244703
vt 0.974757 0.193183
vt 0.974757 0.251141
vt 0.974757 0.199623
vt 0.974756 0.257580
vt 0.974757 0.206063
vt 0.988165 0.264022
vt 0.988165 0.270462
vt 0.988166 0.212502
vt 0.988165 0.218943
vt 0.988165 0.276901
vt 0.988165 0.225383
vt 0.988165 0.231822
vt 0.988166 0.173863
vt 0.988166 0.180306
vt 0.988165 0.238262
vt 0.988166 0.186742
vt 0.988165 0.244703
vt 0.988166 0.193183
vt 0.988165 0.251141
vt 0.988166 0.199623
vt 0.988165 0.257580
vt 0.988166 0.206063
vt 0.495633 0.402706
vt 0.500140 0.402705
vt 0.500140 0.408526
vt 0.495633 0.408526
vt 0.464079 0.401855
vt 0.468589 0.401855
vt 0.468588 0.402705
vt 0.464079 0.402706
vt 0.500140 0.401855
vt 0.459571 0.401855
vt 0.459571 0.402706
vt 0.495633 0.401855
vt 0.455065 0.401855
vt 0.455065 0.402706
vt 0.486617 0.401855
vt 0.491125 0.401855
vt 0.491125 0.402706
vt 0.486617 0.402706
vt 0.522677 0.401854
vt 0.527184 0.401854
vt 0.527184 0.402705
vt 0.522677 0.402706
vt 0.482111 0.401855
vt 0.482111 0.402706
vt 0.518167 0.401854
vt 0.518167 0.402705
vt 0.477603 0.401855
vt 0.477603 0.402705
vt 0.513660 0.401854
vt 0.513660 0.402706
vt 0.473094 0.401855
vt 0.473094 0.402706
vt 0.459571 0.408526
vt 0.455065 0.408526
vt 0.491125 0.408526
vt 0.486617 0.408526
vt 0.527184 0.408525
vt 0.522677 0.408525
vt 0.482111 0.408526
vt 0.518167 0.408525
vt 0.477603 0.408526
vt 0.513660 0.408525
vt 0.473094 0.408526
vt 0.509156 0.408525
vt 0.468589 0.408526
vt 0.504647 0.408526
vt 0.464079 0.408526
vt 0.330328 0.022870
vt 0.327742 0.020274
vt 0.331903 0.020808
vt 0.333711 0.024276
vt 0.326342 0.016888
vt 0.330571 0.016052
vt 0.326348 0.013223
vt 0.329995 0.011148
vt 0.327754 0.009840
vt 0.330348 0.007253
vt 0.336600 0.020356
vt 0.337375 0.024280
vt 0.335556 0.015067
vt 0.334511 0.009779
vt 0.333735 0.005855
vt 0.341118 0.018988
vt 0.340764 0.022882
vt 0.340542 0.014082
vt 0.339209 0.009327
vt 0.337401 0.005859
vt 0.344764 0.016912
vt 0.343357 0.020295
vt 0.344769 0.013247
vt 0.343370 0.009860
vt 0.340784 0.007266
vt 0.046388 0.402046
vt 0.046388 0.427293
vt 0.041323 0.427293
vt 0.041322 0.402046
vt 0.036257 0.427293
vt 0.036257 0.402046
vt 0.031189 0.427293
vt 0.031189 0.402046
vt 0.026124 0.427293
vt 0.026124 0.402046
vt 0.021056 0.427293
vt 0.021056 0.402046
vt 0.015989 0.427292
vt 0.015989 0.402046
vt 0.010924 0.427292
vt 0.010924 0.402046
vt 0.005858 0.427292
vt 0.005857 0.402046
vt 0.086921 0.402047
vt 0.086921 0.427293
vt 0.081856 0.427293
vt 0.081856 0.402047
vt 0.076788 0.427293
vt 0.076789 0.402047
vt 0.071723 0.427293
vt 0.071722 0.402047
vt 0.066655 0.427293
vt 0.066655 0.402047
vt 0.061592 0.427293
vt 0.061592 0.402047
vt 0.056520 0.427293
vt 0.056520 0.402047
vt 0.031189 0.431302
vt 0.026123 0.431302
vt 0.051456 0.427293
vt 0.051456 0.402047
vt 0.967427 0.304790
vt 0.967427 0.308578
vt 0.966200 0.308578
vt 0.966200 0.304790
vt 0.027049 0.473860
vt 0.027049 0.477202
vt 0.026183 0.477202
vt 0.026183 0.473860
vt 0.086921 0.431302
vt 0.081856 0.431302
vt 0.061592 0.431302
vt 0.056520 0.431302
vt 0.041322 0.431302
vt 0.036257 0.431302
vt 0.015989 0.431302
vt 0.010924 0.431302
vt 0.071722 0.431302
vt 0.066655 0.431302
vt 0.021056 0.431302
vt 0.076788 0.431302
vt 0.051456 0.431302
vt 0.005858 0.431302
vt 0.046388 0.431302
vt 0.013088 0.520642
vt 0.013089 0.523982
vt 0.012202 0.523982
vt 0.012202 0.520642
vt 0.027049 0.497252
vt 0.027049 0.500593
vt 0.026183 0.500592
vt 0.026183 0.497252
vt 0.027049 0.503935
vt 0.026183 0.503935
vt 0.027049 0.523982
vt 0.027049 0.527325
vt 0.026183 0.527325
vt 0.026183 0.523982
vt 0.027049 0.493910
vt 0.026183 0.493910
vt 0.027049 0.520642
vt 0.026183 0.520642
vt 0.027049 0.490568
vt 0.026183 0.490568
vt 0.027049 0.517300
vt 0.026183 0.517299
vt 0.027049 0.487227
vt 0.026183 0.487227
vt 0.027049 0.513959
vt 0.026183 0.513959
vt 0.027049 0.483884
vt 0.026183 0.483884
vt 0.027049 0.510617
vt 0.026183 0.510617
vt 0.027049 0.480545
vt 0.026183 0.480545
vt 0.027049 0.507275
vt 0.026183 0.507275
vt 0.007832 0.503935
vt 0.007832 0.507276
vt 0.005864 0.507276
vt 0.005864 0.503935
vt 0.013088 0.490568
vt 0.013088 0.493909
vt 0.012201 0.493910
vt 0.012201 0.490568
vt 0.013088 0.517299
vt 0.012202 0.517299
vt 0.013088 0.487227
vt 0.012201 0.487227
vt 0.013088 0.513959
vt 0.012202 0.513959
vt 0.013088 0.483884
vt 0.012201 0.483884
vt 0.013088 0.510617
vt 0.012202 0.510617
vt 0.013088 0.480545
vt 0.012201 0.480545
vt 0.013088 0.507275
vt 0.012202 0.507275
vt 0.013088 0.477202
vt 0.012201 0.477202
vt 0.013088 0.503935
vt 0.012202 0.503935
vt 0.013088 0.473860
vt 0.012201 0.473860
vt 0.013088 0.497252
vt 0.013088 0.500593
vt 0.012202 0.500593
vt 0.012201 0.497252
vt 0.013089 0.527325
vt 0.012202 0.527325
vt 0.500061 0.969486
vt 0.495555 0.969486
vt 0.495555 0.968631
vt 0.500061 0.968631
vt 0.007831 0.473860
vt 0.007831 0.477202
vt 0.005864 0.477201
vt 0.005864 0.473860
vt 0.007832 0.497253
vt 0.007832 0.500593
vt 0.005864 0.500593
vt 0.005864 0.497253
vt 0.007831 0.523982
vt 0.007831 0.527325
vt 0.005864 0.527325
vt 0.005864 0.523983
vt 0.007832 0.493909
vt 0.005864 0.493910
vt 0.007832 0.520642
vt 0.005864 0.520642
vt 0.007832 0.490568
vt 0.005864 0.490567
vt 0.007832 0.517300
vt 0.005864 0.517299
vt 0.007832 0.487227
vt 0.005864 0.487227
vt 0.007832 0.513959
vt 0.005864 0.513959
vt 0.007831 0.483884
vt 0.005864 0.483884
vt 0.007832 0.510617
vt 0.005864 0.510617
vt 0.007831 0.480545
vt 0.005864 0.480545
vt 0.009975 0.480545
vt 0.009975 0.477202
vt 0.009975 0.510617
vt 0.009975 0.507275
vt 0.009975 0.483884
vt 0.009975 0.513959
vt 0.009975 0.487227
vt 0.009975 0.517299
vt 0.009975 0.490567
vt 0.009975 0.520642
vt 0.009975 0.493909
vt 0.009975 0.523983
vt 0.009975 0.497252
vt 0.009975 0.527325
vt 0.009975 0.503935
vt 0.009975 0.500592
vt 0.009975 0.473860
vt 0.017735 0.493910
vt 0.017735 0.497252
vt 0.015173 0.497252
vt 0.015173 0.493910
vt 0.017735 0.523983
vt 0.017735 0.527325
vt 0.015173 0.527325
vt 0.015173 0.523982
vt 0.017735 0.500592
vt 0.017735 0.503935
vt 0.015173 0.503935
vt 0.015173 0.500593
vt 0.017735 0.473860
vt 0.017735 0.477202
vt 0.015173 0.477202
vt 0.015173 0.473860
vt 0.017735 0.507275
vt 0.015173 0.507275
vt 0.017735 0.480545
vt 0.015173 0.480545
vt 0.017735 0.510617
vt 0.015173 0.510617
vt 0.017735 0.483884
vt 0.015173 0.483884
vt 0.017735 0.513959
vt 0.015173 0.513959
vt 0.017735 0.487227
vt 0.015173 0.487227
vt 0.017735 0.517299
vt 0.015173 0.517299
vt 0.017735 0.490567
vt 0.015173 0.490568
vt 0.017735 0.520642
vt 0.015173 0.520642
vt 0.022292 0.520642
vt 0.022292 0.523982
vt 0.020903 0.523983
vt 0.020902 0.520642
vt 0.022292 0.490568
vt 0.022292 0.493910
vt 0.020902 0.493910
vt 0.020902 0.490568
vt 0.022292 0.517299
vt 0.020902 0.517299
vt 0.022292 0.487227
vt 0.020902 0.487227
vt 0.022292 0.513959
vt 0.020902 0.513959
vt 0.022292 0.483884
vt 0.020902 0.483884
vt 0.022292 0.510617
vt 0.020903 0.510617
vt 0.022292 0.480545
vt 0.020902 0.480545
vt 0.022292 0.507275
vt 0.020902 0.507275
vt 0.022292 0.477202
vt 0.020902 0.477202
vt 0.022292 0.503935
vt 0.020902 0.503935
vt 0.022292 0.473860
vt 0.020903 0.473860
vt 0.022292 0.497252
vt 0.022292 0.500593
vt 0.020902 0.500593
vt 0.020902 0.497252
vt 0.022292 0.527325
vt 0.020903 0.527325
vt 0.019643 0.497252
vt 0.019643 0.500593
vt 0.019643 0.493910
vt 0.019643 0.523982
vt 0.019643 0.527325
vt 0.019643 0.503935
vt 0.019644 0.473860
vt 0.019644 0.477202
vt 0.019643 0.507275
vt 0.019644 0.480545
vt 0.019643 0.510617
vt 0.019644 0.483884
vt 0.019643 0.513959
vt 0.019644 0.487227
vt 0.019643 0.490568
vt 0.019643 0.520642
vt 0.019643 0.517299
vt 0.149043 0.477202
vt 0.149043 0.480545
vt 0.149043 0.507275
vt 0.149043 0.510617
vt 0.149043 0.483884
vt 0.149043 0.513960
vt 0.149043 0.487227
vt 0.149043 0.517300
vt 0.149043 0.490568
vt 0.149043 0.520642
vt 0.149043 0.493909
vt 0.149043 0.523982
vt 0.149043 0.497252
vt 0.149043 0.527325
vt 0.149043 0.503935
vt 0.149043 0.500593
vt 0.149043 0.473860
vt 0.025036 0.523983
vt 0.025035 0.520642
vt 0.025035 0.493910
vt 0.025035 0.490568
vt 0.025035 0.517299
vt 0.025035 0.487227
vt 0.025035 0.513959
vt 0.025035 0.483884
vt 0.025035 0.510617
vt 0.025035 0.480545
vt 0.025036 0.507275
vt 0.025035 0.477201
vt 0.025035 0.503935
vt 0.025035 0.473860
vt 0.025035 0.500593
vt 0.025035 0.497252
vt 0.025035 0.527325
vt 0.023970 0.520642
vt 0.023970 0.523982
vt 0.023262 0.523982
vt 0.023262 0.520642
vt 0.023970 0.490567
vt 0.023970 0.493910
vt 0.023262 0.493910
vt 0.023261 0.490568
vt 0.023970 0.517300
vt 0.023262 0.517299
vt 0.023970 0.487227
vt 0.023261 0.487227
vt 0.023970 0.513959
vt 0.023262 0.513959
vt 0.023970 0.483884
vt 0.023261 0.483884
vt 0.023970 0.510617
vt 0.023262 0.510617
vt 0.023970 0.480545
vt 0.023261 0.480545
vt 0.023970 0.507275
vt 0.023262 0.507275
vt 0.023970 0.477202
vt 0.023261 0.477202
vt 0.023970 0.503935
vt 0.023262 0.503935
vt 0.023970 0.473860
vt 0.023261 0.473860
vt 0.023970 0.497252
vt 0.023970 0.500592
vt 0.023262 0.500593
vt 0.023262 0.497252
vt 0.023970 0.527325
vt 0.023262 0.527325
vt 0.150163 0.473860
vt 0.150163 0.477202
vt 0.150163 0.497253
vt 0.150163 0.500593
vt 0.150163 0.503935
vt 0.150163 0.523983
vt 0.150163 0.527325
vt 0.150163 0.493909
vt 0.150163 0.520642
vt 0.150163 0.490568
vt 0.150163 0.517300
vt 0.150163 0.487228
vt 0.150163 0.513959
vt 0.150163 0.483884
vt 0.150163 0.510617
vt 0.150163 0.480545
vt 0.150163 0.507275
vt 0.164148 0.503935
vt 0.164148 0.507275
vt 0.164148 0.477201
vt 0.164148 0.480545
vt 0.164148 0.510617
vt 0.164148 0.483884
vt 0.164148 0.513959
vt 0.164148 0.487227
vt 0.164148 0.517299
vt 0.164148 0.490567
vt 0.164148 0.520642
vt 0.164148 0.493910
vt 0.164148 0.523983
vt 0.164148 0.497253
vt 0.164148 0.527325
vt 0.164148 0.500593
vt 0.164148 0.473860
vt 0.772744 0.437860
vt 0.772744 0.442974
vt 0.769630 0.442973
vt 0.769630 0.437860
vt 0.772744 0.473652
vt 0.772745 0.478766
vt 0.769630 0.478766
vt 0.769630 0.473652
vt 0.772745 0.483880
vt 0.769631 0.483880
vt 0.772745 0.514559
vt 0.772745 0.519673
vt 0.769631 0.519673
vt 0.769631 0.514559
vt 0.772744 0.468541
vt 0.769630 0.468541
vt 0.772745 0.509445
vt 0.769631 0.509445
vt 0.772744 0.463428
vt 0.769630 0.463428
vt 0.772745 0.504332
vt 0.769631 0.504332
vt 0.772744 0.458314
vt 0.769630 0.458314
vt 0.772744 0.499218
vt 0.769631 0.499218
vt 0.772745 0.453200
vt 0.769630 0.453200
vt 0.772745 0.494107
vt 0.769631 0.494107
vt 0.772745 0.448089
vt 0.769630 0.448089
vt 0.772745 0.488993
vt 0.769631 0.488993
vt 0.270778 0.319049
vt 0.266325 0.319049
vt 0.266325 0.298068
vt 0.270777 0.298068
vt 0.306396 0.319049
vt 0.301944 0.319049
vt 0.301944 0.298067
vt 0.306396 0.298068
vt 0.261873 0.319049
vt 0.261873 0.298066
vt 0.297491 0.319049
vt 0.297491 0.298068
vt 0.257420 0.319049
vt 0.257419 0.298067
vt 0.293039 0.319049
vt 0.293039 0.298067
vt 0.252969 0.319049
vt 0.252969 0.298068
vt 0.288586 0.319049
vt 0.288586 0.298068
vt 0.248516 0.319049
vt 0.248515 0.298068
vt 0.284134 0.319049
vt 0.284134 0.298067
vt 0.244063 0.319049
vt 0.244063 0.298067
vt 0.279682 0.319049
vt 0.279682 0.298066
vt 0.239612 0.319049
vt 0.239612 0.298067
vt 0.275229 0.319049
vt 0.275229 0.298068
vt 0.310848 0.319049
vt 0.310848 0.298067
vt 0.781656 0.483880
vt 0.781656 0.488993
vt 0.778569 0.488993
vt 0.778569 0.483880
vt 0.781655 0.442974
vt 0.781656 0.448089
vt 0.778569 0.448089
vt 0.778569 0.442974
vt 0.781656 0.494107
vt 0.778569 0.494107
vt 0.781655 0.453200
vt 0.778569 0.453200
vt 0.781656 0.499218
vt 0.778569 0.499218
vt 0.781655 0.458314
vt 0.778569 0.458314
vt 0.781656 0.504332
vt 0.778569 0.504332
vt 0.781655 0.463428
vt 0.778569 0.463428
vt 0.781656 0.509445
vt 0.778569 0.509445
vt 0.781655 0.468541
vt 0.778569 0.468541
vt 0.781656 0.514559
vt 0.778569 0.514559
vt 0.781655 0.473652
vt 0.778569 0.473652
vt 0.781656 0.519673
vt 0.778569 0.519673
vt 0.781655 0.478766
vt 0.778569 0.478766
vt 0.781655 0.437860
vt 0.778568 0.437860
vt 0.041322 0.397858
vt 0.046388 0.397858
vt 0.036257 0.397858
vt 0.031189 0.397858
vt 0.026123 0.397858
vt 0.021056 0.397858
vt 0.015989 0.397858
vt 0.010924 0.397859
vt 0.005858 0.397859
vt 0.081856 0.397858
vt 0.086921 0.397858
vt 0.076789 0.397858
vt 0.071722 0.397858
vt 0.066655 0.397859
vt 0.061592 0.397858
vt 0.056520 0.397858
vt 0.051456 0.397858
vt 0.957783 0.297219
vt 0.957783 0.301003
vt 0.957080 0.301003
vt 0.957080 0.297219
vt 0.967427 0.338872
vt 0.967427 0.342660
vt 0.966200 0.342661
vt 0.966200 0.338872
vt 0.967427 0.312364
vt 0.966200 0.312365
vt 0.967427 0.346447
vt 0.966200 0.346447
vt 0.967427 0.316151
vt 0.967427 0.319939
vt 0.966200 0.319938
vt 0.966200 0.316151
vt 0.967427 0.285857
vt 0.967427 0.289643
vt 0.966199 0.289644
vt 0.966199 0.285857
vt 0.967427 0.323727
vt 0.966200 0.323727
vt 0.967427 0.293429
vt 0.966200 0.293429
vt 0.967427 0.327513
vt 0.966200 0.327513
vt 0.967427 0.297219
vt 0.966200 0.297219
vt 0.967427 0.331301
vt 0.966200 0.331301
vt 0.967427 0.301003
vt 0.966200 0.301003
vt 0.967427 0.335088
vt 0.966200 0.335087
vt 0.142207 0.307677
vt 0.135771 0.307677
vt 0.135771 0.301862
vt 0.142207 0.301862
vt 0.957783 0.331301
vt 0.957783 0.335087
vt 0.957080 0.335087
vt 0.957080 0.331301
vt 0.957783 0.304790
vt 0.957080 0.304790
vt 0.957783 0.338872
vt 0.957080 0.338872
vt 0.957783 0.308578
vt 0.957080 0.308578
vt 0.957783 0.342660
vt 0.957079 0.342660
vt 0.957783 0.312365
vt 0.957080 0.312364
vt 0.957783 0.346447
vt 0.957080 0.346447
vt 0.957783 0.316151
vt 0.957783 0.319938
vt 0.957080 0.319939
vt 0.957080 0.316151
vt 0.957783 0.285857
vt 0.957783 0.289644
vt 0.957080 0.289644
vt 0.957080 0.285857
vt 0.957783 0.323727
vt 0.957080 0.323727
vt 0.957783 0.293429
vt 0.957080 0.293429
vt 0.957783 0.327513
vt 0.957080 0.327513
vt 0.960021 0.327513
vt 0.960021 0.331300
vt 0.960021 0.293429
vt 0.960021 0.297219
vt 0.960021 0.323727
vt 0.960021 0.289644
vt 0.960021 0.319938
vt 0.960021 0.285857
vt 0.960021 0.312365
vt 0.960021 0.316151
vt 0.960021 0.342661
vt 0.960021 0.346447
vt 0.960021 0.308578
vt 0.960021 0.338872
vt 0.960021 0.304790
vt 0.960021 0.335087
vt 0.960021 0.301003
vt 0.964119 0.297219
vt 0.964119 0.301003
vt 0.962166 0.301003
vt 0.962166 0.297219
vt 0.964119 0.331301
vt 0.964119 0.335087
vt 0.962166 0.335087
vt 0.962166 0.331301
vt 0.964119 0.304789
vt 0.962166 0.304789
vt 0.964119 0.338872
vt 0.962166 0.338872
vt 0.964119 0.308578
vt 0.962166 0.308578
vt 0.964119 0.342661
vt 0.962166 0.342660
vt 0.964119 0.312365
vt 0.962166 0.312365
vt 0.964119 0.346447
vt 0.962166 0.346447
vt 0.964119 0.316151
vt 0.964119 0.319938
vt 0.962166 0.319938
vt 0.962166 0.316151
vt 0.964119 0.285857
vt 0.964119 0.289644
vt 0.962166 0.289644
vt 0.962166 0.285857
vt 0.964119 0.323727
vt 0.962166 0.323727
vt 0.964119 0.293429
vt 0.962166 0.293429
vt 0.964119 0.327513
vt 0.962166 0.327513
vt 0.193726 0.307677
vt 0.187287 0.307677
vt 0.187286 0.301863
vt 0.193726 0.301863
vt 0.129329 0.307676
vt 0.129329 0.301862
vt 0.180847 0.307677
vt 0.174407 0.307677
vt 0.174407 0.301863
vt 0.180847 0.301863
vt 0.232364 0.307676
vt 0.225923 0.307676
vt 0.225923 0.301863
vt 0.232364 0.301863
vt 0.167966 0.307676
vt 0.167966 0.301863
vt 0.219484 0.307676
vt 0.219484 0.301863
vt 0.161528 0.307677
vt 0.161528 0.301863
vt 0.213043 0.307677
vt 0.213043 0.301863
vt 0.155088 0.307677
vt 0.155088 0.301863
vt 0.206606 0.307677
vt 0.206605 0.301863
vt 0.148648 0.307677
vt 0.148648 0.301862
vt 0.200164 0.307677
vt 0.200164 0.301863
vt 0.200164 0.327048
vt 0.193726 0.327047
vt 0.193726 0.323161
vt 0.200164 0.323161
vt 0.200164 0.316115
vt 0.193726 0.316115
vt 0.193726 0.312335
vt 0.200164 0.312335
vt 0.148648 0.327047
vt 0.142207 0.327047
vt 0.142207 0.323161
vt 0.148648 0.323161
vt 0.148648 0.316115
vt 0.142207 0.316115
vt 0.142207 0.312335
vt 0.148648 0.312334
vt 0.206606 0.327047
vt 0.206606 0.323161
vt 0.206606 0.316115
vt 0.206606 0.312335
vt 0.155088 0.327047
vt 0.155088 0.323161
vt 0.155088 0.316115
vt 0.155088 0.312335
vt 0.213043 0.327047
vt 0.213043 0.323161
vt 0.213043 0.316115
vt 0.213043 0.312335
vt 0.161528 0.327047
vt 0.161528 0.323161
vt 0.161528 0.316115
vt 0.161528 0.312335
vt 0.219484 0.327047
vt 0.219484 0.323161
vt 0.219484 0.316115
vt 0.219484 0.312335
vt 0.167965 0.327047
vt 0.167965 0.323161
vt 0.167965 0.316115
vt 0.167965 0.312335
vt 0.225923 0.327047
vt 0.225923 0.323161
vt 0.225923 0.316115
vt 0.225923 0.312335
vt 0.174406 0.327047
vt 0.174406 0.323161
vt 0.174406 0.316115
vt 0.174406 0.312335
vt 0.232364 0.327046
vt 0.232364 0.323161
vt 0.232364 0.316115
vt 0.232364 0.312335
vt 0.187287 0.327047
vt 0.180847 0.327047
vt 0.180847 0.323161
vt 0.187287 0.323161
vt 0.187287 0.316115
vt 0.180847 0.316115
vt 0.180847 0.312335
vt 0.187287 0.312335
vt 0.135771 0.327047
vt 0.129329 0.327047
vt 0.129329 0.323161
vt 0.135771 0.323161
vt 0.135771 0.316115
vt 0.129329 0.316115
vt 0.129329 0.312334
vt 0.135771 0.312335
vt 0.135771 0.319544
vt 0.142207 0.319545
vt 0.187287 0.319545
vt 0.193726 0.319545
vt 0.129329 0.319545
vt 0.174406 0.319544
vt 0.180847 0.319545
vt 0.225923 0.319545
vt 0.232364 0.319545
vt 0.167965 0.319545
vt 0.219484 0.319544
vt 0.161528 0.319545
vt 0.213043 0.319545
vt 0.155088 0.319545
vt 0.206606 0.319545
vt 0.148648 0.319544
vt 0.200164 0.319545
vt 0.142207 0.332954
vt 0.135771 0.332954
vt 0.193726 0.332954
vt 0.187287 0.332954
vt 0.129329 0.332954
vt 0.180847 0.332954
vt 0.174406 0.332954
vt 0.232364 0.332954
vt 0.225923 0.332954
vt 0.167965 0.332954
vt 0.219484 0.332954
vt 0.161528 0.332954
vt 0.213043 0.332954
vt 0.155088 0.332954
vt 0.206606 0.332954
vt 0.148648 0.332954
vt 0.200164 0.332954
vt 0.509079 0.968631
vt 0.504570 0.968631
vt 0.504569 0.962814
vt 0.509079 0.962814
vt 0.540634 0.969485
vt 0.536124 0.969485
vt 0.536124 0.968630
vt 0.540634 0.968630
vt 0.504570 0.969486
vt 0.545141 0.969485
vt 0.545141 0.968630
vt 0.509079 0.969486
vt 0.549648 0.969485
vt 0.549648 0.968630
vt 0.518091 0.969486
vt 0.513587 0.969486
vt 0.513587 0.968631
vt 0.518091 0.968631
vt 0.482029 0.969485
vt 0.477521 0.969485
vt 0.477521 0.968631
vt 0.482029 0.968631
vt 0.522600 0.969486
vt 0.522600 0.968631
vt 0.486538 0.969486
vt 0.486538 0.968631
vt 0.527109 0.969485
vt 0.527109 0.968630
vt 0.491046 0.969486
vt 0.491046 0.968631
vt 0.531617 0.969485
vt 0.531617 0.968631
vt 0.545141 0.962814
vt 0.549648 0.962814
vt 0.513587 0.962814
vt 0.518091 0.962814
vt 0.477521 0.962814
vt 0.482029 0.962814
vt 0.522600 0.962814
vt 0.486538 0.962814
vt 0.527109 0.962814
vt 0.491046 0.962814
vt 0.531617 0.962814
vt 0.495555 0.962814
vt 0.536124 0.962814
vt 0.500061 0.962814
vt 0.540633 0.962814
vt 0.463941 0.053858
vt 0.467605 0.053855
vt 0.464293 0.056428
vt 0.460557 0.055264
vt 0.470992 0.055253
vt 0.468603 0.058838
vt 0.473587 0.057842
vt 0.472486 0.061891
vt 0.474992 0.061226
vt 0.474998 0.064891
vt 0.461298 0.060077
vt 0.457969 0.057858
vt 0.465782 0.063067
vt 0.470268 0.066057
vt 0.473597 0.068277
vt 0.459082 0.064243
vt 0.456570 0.061245
vt 0.462964 0.067296
vt 0.467277 0.069705
vt 0.471009 0.070872
vt 0.457981 0.068292
vt 0.456574 0.064909
vt 0.460574 0.070882
vt 0.463962 0.072280
vt 0.467625 0.072277
vt 0.429515 0.790051
vt 0.429515 0.815295
vt 0.424451 0.815295
vt 0.424451 0.790051
vt 0.419384 0.815295
vt 0.419384 0.790051
vt 0.414317 0.815295
vt 0.414317 0.790051
vt 0.409252 0.815295
vt 0.409251 0.790051
vt 0.404185 0.815295
vt 0.404185 0.790051
vt 0.399121 0.815295
vt 0.399120 0.790051
vt 0.394054 0.815295
vt 0.394054 0.790051
vt 0.388987 0.815295
vt 0.388987 0.790051
vt 0.470043 0.790051
vt 0.470043 0.815295
vt 0.464978 0.815295
vt 0.464978 0.790051
vt 0.459912 0.815295
vt 0.459912 0.790051
vt 0.454845 0.815295
vt 0.454845 0.790051
vt 0.449781 0.815295
vt 0.449781 0.790051
vt 0.444715 0.815295
vt 0.444715 0.790051
vt 0.439648 0.815295
vt 0.439648 0.790051
vt 0.414317 0.819303
vt 0.409252 0.819303
vt 0.434581 0.815295
vt 0.434581 0.790051
vt 0.257674 0.324296
vt 0.261463 0.324296
vt 0.261463 0.325525
vt 0.257674 0.325525
vt 0.912205 0.142962
vt 0.915545 0.142962
vt 0.915545 0.143828
vt 0.912205 0.143828
vt 0.470043 0.819304
vt 0.464978 0.819304
vt 0.444714 0.819304
vt 0.439648 0.819303
vt 0.424451 0.819303
vt 0.419384 0.819303
vt 0.399120 0.819303
vt 0.394054 0.819303
vt 0.454845 0.819304
vt 0.449781 0.819304
vt 0.404185 0.819303
vt 0.459912 0.819304
vt 0.434581 0.819303
vt 0.388987 0.819303
vt 0.429515 0.819303
vt 0.958988 0.156923
vt 0.962330 0.156923
vt 0.962330 0.157811
vt 0.958988 0.157811
vt 0.935595 0.142962
vt 0.938937 0.142962
vt 0.938936 0.143828
vt 0.935595 0.143828
vt 0.942278 0.142962
vt 0.942278 0.143828
vt 0.962330 0.142962
vt 0.965671 0.142962
vt 0.965671 0.143828
vt 0.962330 0.143828
vt 0.932254 0.142962
vt 0.932254 0.143828
vt 0.958988 0.142962
vt 0.958988 0.143828
vt 0.928912 0.142962
vt 0.928912 0.143828
vt 0.955646 0.142962
vt 0.955646 0.143828
vt 0.925571 0.142962
vt 0.925571 0.143828
vt 0.952304 0.142962
vt 0.952304 0.143828
vt 0.922228 0.142962
vt 0.922228 0.143828
vt 0.948961 0.142962
vt 0.948962 0.143828
vt 0.918889 0.142962
vt 0.918889 0.143828
vt 0.945621 0.142962
vt 0.945621 0.143828
vt 0.942278 0.162180
vt 0.945621 0.162180
vt 0.945621 0.164147
vt 0.942278 0.164147
vt 0.928912 0.156923
vt 0.932254 0.156923
vt 0.932254 0.157811
vt 0.928912 0.157811
vt 0.955646 0.156923
vt 0.955646 0.157811
vt 0.925572 0.156923
vt 0.925572 0.157811
vt 0.952303 0.156923
vt 0.952303 0.157811
vt 0.922228 0.156923
vt 0.922228 0.157811
vt 0.948962 0.156923
vt 0.948962 0.157811
vt 0.918889 0.156923
vt 0.918889 0.157811
vt 0.945621 0.156923
vt 0.945621 0.157811
vt 0.915545 0.156923
vt 0.915544 0.157811
vt 0.942278 0.156923
vt 0.942278 0.157811
vt 0.912205 0.156923
vt 0.912205 0.157811
vt 0.935594 0.156923
vt 0.938937 0.156923
vt 0.938937 0.157811
vt 0.935595 0.157811
vt 0.965672 0.156923
vt 0.965672 0.157811
vt 0.209579 0.341860
vt 0.214086 0.341860
vt 0.214086 0.342712
vt 0.209579 0.342712
vt 0.912205 0.162180
vt 0.915544 0.162180
vt 0.915544 0.164147
vt 0.912205 0.164147
vt 0.935595 0.162180
vt 0.938937 0.162180
vt 0.938937 0.164147
vt 0.935595 0.164147
vt 0.962330 0.162180
vt 0.965672 0.162180
vt 0.965672 0.164147
vt 0.962330 0.164147
vt 0.932254 0.162180
vt 0.932254 0.164147
vt 0.958988 0.162180
vt 0.958988 0.164147
vt 0.928912 0.162180
vt 0.928912 0.164147
vt 0.955646 0.162180
vt 0.955646 0.164147
vt 0.925572 0.162180
vt 0.925572 0.164147
vt 0.952304 0.162180
vt 0.952304 0.164147
vt 0.922228 0.162180
vt 0.922228 0.164147
vt 0.948962 0.162180
vt 0.948962 0.164147
vt 0.918889 0.162180
vt 0.918889 0.164147
vt 0.918889 0.160037
vt 0.915545 0.160037
vt 0.948962 0.160037
vt 0.945621 0.160037
vt 0.922228 0.160037
vt 0.952303 0.160037
vt 0.925572 0.160037
vt 0.955646 0.160037
vt 0.928912 0.160037
vt 0.958988 0.160037
vt 0.932254 0.160037
vt 0.962330 0.160037
vt 0.935595 0.160037
vt 0.965672 0.160037
vt 0.942278 0.160037
vt 0.938936 0.160037
vt 0.912205 0.160037
vt 0.932254 0.152276
vt 0.935595 0.152276
vt 0.935595 0.154838
vt 0.932254 0.154838
vt 0.962330 0.152277
vt 0.965672 0.152277
vt 0.965672 0.154838
vt 0.962330 0.154838
vt 0.938936 0.152276
vt 0.942278 0.152276
vt 0.942278 0.154838
vt 0.938937 0.154838
vt 0.912205 0.152276
vt 0.915545 0.152276
vt 0.915545 0.154838
vt 0.912205 0.154838
vt 0.945621 0.152276
vt 0.945621 0.154838
vt 0.918889 0.152276
vt 0.918889 0.154838
vt 0.948962 0.152276
vt 0.948962 0.154838
vt 0.922228 0.152276
vt 0.922228 0.154838
vt 0.952303 0.152277
vt 0.952304 0.154838
vt 0.925572 0.152276
vt 0.925572 0.154838
vt 0.955646 0.152277
vt 0.955646 0.154838
vt 0.928912 0.152276
vt 0.928912 0.154838
vt 0.958988 0.152277
vt 0.958988 0.154838
vt 0.958988 0.147720
vt 0.962330 0.147721
vt 0.962330 0.149109
vt 0.958988 0.149109
vt 0.928912 0.147720
vt 0.932254 0.147720
vt 0.932254 0.149108
vt 0.928912 0.149108
vt 0.955646 0.147720
vt 0.955646 0.149109
vt 0.925571 0.147721
vt 0.925571 0.149108
vt 0.952303 0.147720
vt 0.952303 0.149109
vt 0.922228 0.147720
vt 0.922228 0.149108
vt 0.948962 0.147720
vt 0.948962 0.149108
vt 0.918889 0.147720
vt 0.918889 0.149108
vt 0.945621 0.147720
vt 0.945621 0.149108
vt 0.915545 0.147720
vt 0.915544 0.149108
vt 0.942278 0.147720
vt 0.942278 0.149108
vt 0.912205 0.147720
vt 0.912205 0.149108
vt 0.935595 0.147720
vt 0.938937 0.147720
vt 0.938937 0.149108
vt 0.935595 0.149108
vt 0.965672 0.147720
vt 0.965672 0.149109
vt 0.935595 0.150367
vt 0.938937 0.150367
vt 0.932254 0.150367
vt 0.962330 0.150367
vt 0.965672 0.150367
vt 0.942278 0.150367
vt 0.912205 0.150367
vt 0.915545 0.150367
vt 0.945621 0.150367
vt 0.918889 0.150367
vt 0.948962 0.150367
vt 0.922228 0.150367
vt 0.952304 0.150367
vt 0.925572 0.150367
vt 0.928912 0.150367
vt 0.958988 0.150367
vt 0.955646 0.150367
vt 0.915545 0.020962
vt 0.918888 0.020962
vt 0.945621 0.020962
vt 0.948963 0.020962
vt 0.922228 0.020962
vt 0.952303 0.020962
vt 0.925572 0.020962
vt 0.955646 0.020962
vt 0.928913 0.020962
vt 0.958988 0.020962
vt 0.932254 0.020962
vt 0.962330 0.020962
vt 0.935596 0.020962
vt 0.965671 0.020962
vt 0.942279 0.020962
vt 0.938937 0.020962
vt 0.912205 0.020962
vt 0.962330 0.144975
vt 0.958988 0.144975
vt 0.932254 0.144975
vt 0.928912 0.144975
vt 0.955646 0.144975
vt 0.925571 0.144975
vt 0.952303 0.144975
vt 0.922228 0.144975
vt 0.948962 0.144974
vt 0.918889 0.144975
vt 0.945621 0.144974
vt 0.915544 0.144975
vt 0.942278 0.144974
vt 0.912205 0.144975
vt 0.938937 0.144974
vt 0.935594 0.144975
vt 0.965671 0.144975
vt 0.958988 0.146040
vt 0.962330 0.146040
vt 0.962330 0.146749
vt 0.958988 0.146749
vt 0.928912 0.146040
vt 0.932254 0.146040
vt 0.932254 0.146749
vt 0.928912 0.146749
vt 0.955646 0.146040
vt 0.955646 0.146749
vt 0.925571 0.146040
vt 0.925571 0.146749
vt 0.952304 0.146040
vt 0.952303 0.146748
vt 0.922228 0.146039
vt 0.922228 0.146749
vt 0.948962 0.146040
vt 0.948962 0.146748
vt 0.918889 0.146039
vt 0.918889 0.146749
vt 0.945621 0.146039
vt 0.945621 0.146749
vt 0.915545 0.146039
vt 0.915545 0.146749
vt 0.942278 0.146039
vt 0.942278 0.146749
vt 0.912205 0.146039
vt 0.912205 0.146749
vt 0.935595 0.146040
vt 0.938936 0.146039
vt 0.938937 0.146749
vt 0.935594 0.146749
vt 0.965671 0.146040
vt 0.965671 0.146749
vt 0.912205 0.019840
vt 0.915545 0.019840
vt 0.935596 0.019840
vt 0.938937 0.019840
vt 0.942279 0.019840
vt 0.962330 0.019840
vt 0.965671 0.019840
vt 0.932254 0.019840
vt 0.958988 0.019840
vt 0.928913 0.019840
vt 0.955646 0.019840
vt 0.925572 0.019840
vt 0.952304 0.019840
vt 0.922228 0.019840
vt 0.948962 0.019840
vt 0.918888 0.019840
vt 0.945621 0.019840
vt 0.942279 0.005854
vt 0.945621 0.005854
vt 0.915545 0.005854
vt 0.918889 0.005854
vt 0.948963 0.005854
vt 0.922228 0.005854
vt 0.952304 0.005854
vt 0.925572 0.005854
vt 0.955645 0.005854
vt 0.928913 0.005854
vt 0.958988 0.005854
vt 0.932254 0.005854
vt 0.962330 0.005854
vt 0.935596 0.005854
vt 0.965672 0.005854
vt 0.938937 0.005854
vt 0.912205 0.005854
vt 0.837871 0.087670
vt 0.837871 0.082559
vt 0.840986 0.082559
vt 0.840986 0.087670
vt 0.837871 0.051881
vt 0.837871 0.046766
vt 0.840986 0.046766
vt 0.840986 0.051881
vt 0.837871 0.041654
vt 0.840986 0.041654
vt 0.837871 0.010974
vt 0.837871 0.005862
vt 0.840986 0.005862
vt 0.840987 0.010974
vt 0.837871 0.056993
vt 0.840986 0.056993
vt 0.837871 0.016090
vt 0.840987 0.016090
vt 0.837871 0.062108
vt 0.840986 0.062108
vt 0.837870 0.021201
vt 0.840986 0.021201
vt 0.837871 0.067219
vt 0.840986 0.067219
vt 0.837872 0.026316
vt 0.840986 0.026316
vt 0.837871 0.072333
vt 0.840986 0.072333
vt 0.837871 0.031429
vt 0.840986 0.031429
vt 0.837871 0.077445
vt 0.840986 0.077445
vt 0.837871 0.036542
vt 0.840986 0.036542
vt 0.992517 0.125927
vt 0.992517 0.130379
vt 0.971534 0.130379
vt 0.971534 0.125927
vt 0.992516 0.090307
vt 0.992516 0.094759
vt 0.971533 0.094759
vt 0.971533 0.090307
vt 0.992517 0.134833
vt 0.971534 0.134833
vt 0.992516 0.099212
vt 0.971534 0.099212
vt 0.992517 0.139284
vt 0.971534 0.139284
vt 0.992516 0.103665
vt 0.971534 0.103665
vt 0.992517 0.143738
vt 0.971534 0.143738
vt 0.992516 0.108117
vt 0.971534 0.108117
vt 0.992517 0.148191
vt 0.971534 0.148191
vt 0.992516 0.112569
vt 0.971534 0.112569
vt 0.992517 0.152642
vt 0.971534 0.152642
vt 0.992516 0.117023
vt 0.971534 0.117023
vt 0.992517 0.157094
vt 0.971534 0.157094
vt 0.992516 0.121475
vt 0.971534 0.121475
vt 0.992516 0.085855
vt 0.971533 0.085854
vt 0.828959 0.041653
vt 0.828959 0.036542
vt 0.832045 0.036542
vt 0.832046 0.041653
vt 0.828959 0.082559
vt 0.828959 0.077445
vt 0.832045 0.077445
vt 0.832046 0.082559
vt 0.828959 0.031429
vt 0.832046 0.031429
vt 0.828959 0.072333
vt 0.832046 0.072333
vt 0.828959 0.026316
vt 0.832046 0.026316
vt 0.828959 0.067218
vt 0.832046 0.067218
vt 0.828959 0.021201
vt 0.832046 0.021201
vt 0.828959 0.062108
vt 0.832046 0.062108
vt 0.828960 0.016090
vt 0.832046 0.016090
vt 0.828959 0.056993
vt 0.832046 0.056993
vt 0.828960 0.010974
vt 0.832046 0.010974
vt 0.828959 0.051881
vt 0.832046 0.051881
vt 0.828960 0.005862
vt 0.832046 0.005862
vt 0.828959 0.046766
vt 0.832046 0.046765
vt 0.828959 0.087670
vt 0.832045 0.087670
vt 0.424451 0.785862
vt 0.429515 0.785862
vt 0.419384 0.785862
vt 0.414317 0.785862
vt 0.409252 0.785862
vt 0.404185 0.785862
vt 0.399120 0.785862
vt 0.394054 0.785862
vt 0.388987 0.785862
vt 0.464978 0.785863
vt 0.470043 0.785863
vt 0.459912 0.785863
vt 0.454845 0.785863
vt 0.449781 0.785863
vt 0.444714 0.785863
vt 0.439648 0.785862
vt 0.434581 0.785862
vt 0.250097 0.333943
vt 0.253885 0.333944
vt 0.253885 0.334648
vt 0.250097 0.334648
vt 0.291774 0.324296
vt 0.295561 0.324296
vt 0.295561 0.325525
vt 0.291774 0.325525
vt 0.265251 0.324296
vt 0.265251 0.325525
vt 0.299351 0.324297
vt 0.299351 0.325525
vt 0.269040 0.324296
vt 0.272829 0.324296
vt 0.272829 0.325525
vt 0.269040 0.325525
vt 0.238729 0.324296
vt 0.242520 0.324296
vt 0.242520 0.325525
vt 0.238729 0.325525
vt 0.276617 0.324296
vt 0.276617 0.325525
vt 0.246310 0.324296
vt 0.246310 0.325525
vt 0.280407 0.324296
vt 0.280407 0.325525
vt 0.250096 0.324296
vt 0.250096 0.325525
vt 0.284196 0.324296
vt 0.284196 0.325525
vt 0.253885 0.324296
vt 0.253885 0.325525
vt 0.287983 0.324296
vt 0.287983 0.325525
vt 0.423930 0.416004
vt 0.423930 0.422445
vt 0.418115 0.422445
vt 0.418115 0.416004
vt 0.284196 0.333944
vt 0.287983 0.333944
vt 0.287983 0.334647
vt 0.284196 0.334648
vt 0.257674 0.333944
vt 0.257674 0.334648
vt 0.291774 0.333943
vt 0.291774 0.334647
vt 0.261464 0.333944
vt 0.261464 0.334648
vt 0.295561 0.333944
vt 0.295561 0.334647
vt 0.265251 0.333944
vt 0.265251 0.334648
vt 0.299351 0.333944
vt 0.299351 0.334647
vt 0.269040 0.333944
vt 0.272829 0.333944
vt 0.272829 0.334648
vt 0.269040 0.334648
vt 0.238729 0.333944
vt 0.242520 0.333944
vt 0.242520 0.334648
vt 0.238729 0.334648
vt 0.276617 0.333943
vt 0.276618 0.334648
vt 0.246310 0.333944
vt 0.246310 0.334648
vt 0.280407 0.333944
vt 0.280407 0.334648
vt 0.280407 0.331708
vt 0.284196 0.331708
vt 0.246310 0.331708
vt 0.250097 0.331708
vt 0.276617 0.331708
vt 0.242520 0.331708
vt 0.272829 0.331708
vt 0.238729 0.331708
vt 0.265251 0.331708
vt 0.269040 0.331708
vt 0.295561 0.331708
vt 0.299351 0.331707
vt 0.261464 0.331708
vt 0.291774 0.331708
vt 0.257674 0.331708
vt 0.287983 0.331708
vt 0.253885 0.331708
vt 0.250097 0.327607
vt 0.253885 0.327606
vt 0.253885 0.329560
vt 0.250097 0.329560
vt 0.284196 0.327606
vt 0.287983 0.327606
vt 0.287983 0.329560
vt 0.284196 0.329560
vt 0.257675 0.327607
vt 0.257675 0.329560
vt 0.291774 0.327606
vt 0.291774 0.329560
vt 0.261464 0.327606
vt 0.261464 0.329560
vt 0.295561 0.327606
vt 0.295561 0.329560
vt 0.265251 0.327607
vt 0.265251 0.329560
vt 0.299351 0.327606
vt 0.299351 0.329560
vt 0.269040 0.327606
vt 0.272829 0.327607
vt 0.272829 0.329560
vt 0.269040 0.329560
vt 0.238729 0.327606
vt 0.242520 0.327606
vt 0.242520 0.329560
vt 0.238729 0.329560
vt 0.276617 0.327606
vt 0.276617 0.329560
vt 0.246310 0.327606
vt 0.246310 0.329560
vt 0.280407 0.327606
vt 0.280407 0.329560
vt 0.423929 0.364494
vt 0.423929 0.370931
vt 0.418116 0.370931
vt 0.418116 0.364494
vt 0.423930 0.428882
vt 0.418116 0.428881
vt 0.423929 0.377370
vt 0.423929 0.383810
vt 0.418115 0.383810
vt 0.418115 0.377370
vt 0.423929 0.325861
vt 0.423929 0.332298
vt 0.418116 0.332298
vt 0.418116 0.325861
vt 0.423930 0.390247
vt 0.418115 0.390247
vt 0.423929 0.338737
vt 0.418115 0.338737
vt 0.423930 0.396687
vt 0.418115 0.396687
vt 0.423929 0.345175
vt 0.418115 0.345175
vt 0.423930 0.403127
vt 0.418115 0.403127
vt 0.423929 0.351615
vt 0.418115 0.351615
vt 0.423930 0.409565
vt 0.418115 0.409565
vt 0.423929 0.358055
vt 0.418116 0.358055
vt 0.443297 0.358055
vt 0.443298 0.364494
vt 0.439412 0.364494
vt 0.439412 0.358055
vt 0.432368 0.358055
vt 0.432368 0.364494
vt 0.428586 0.364494
vt 0.428586 0.358055
vt 0.443298 0.409565
vt 0.443298 0.416004
vt 0.439412 0.416004
vt 0.439412 0.409565
vt 0.432368 0.409565
vt 0.432368 0.416004
vt 0.428586 0.416004
vt 0.428586 0.409565
vt 0.443298 0.351615
vt 0.439412 0.351615
vt 0.432368 0.351615
vt 0.428586 0.351615
vt 0.443298 0.403127
vt 0.439412 0.403127
vt 0.432368 0.403127
vt 0.428586 0.403127
vt 0.443297 0.345175
vt 0.439412 0.345175
vt 0.432368 0.345175
vt 0.428586 0.345175
vt 0.443298 0.396687
vt 0.439412 0.396687
vt 0.432368 0.396687
vt 0.428586 0.396687
vt 0.443297 0.338737
vt 0.439412 0.338737
vt 0.432368 0.338737
vt 0.428586 0.338737
vt 0.443298 0.390247
vt 0.439412 0.390247
vt 0.432368 0.390247
vt 0.428586 0.390247
vt 0.443298 0.332298
vt 0.439412 0.332298
vt 0.432368 0.332298
vt 0.428586 0.332298
vt 0.443298 0.383810
vt 0.439412 0.383810
vt 0.432368 0.383810
vt 0.428586 0.383810
vt 0.443298 0.325861
vt 0.439412 0.325861
vt 0.432368 0.325861
vt 0.428587 0.325861
vt 0.443297 0.370931
vt 0.443298 0.377370
vt 0.439412 0.377370
vt 0.439412 0.370931
vt 0.432368 0.370931
vt 0.432368 0.377370
vt 0.428586 0.377370
vt 0.428586 0.370931
vt 0.443298 0.422444
vt 0.443298 0.428882
vt 0.439413 0.428882
vt 0.439412 0.422444
vt 0.432368 0.422444
vt 0.432368 0.428882
vt 0.428587 0.428882
vt 0.428587 0.422444
vt 0.435798 0.422444
vt 0.435799 0.416004
vt 0.435798 0.370931
vt 0.435798 0.364494
vt 0.435799 0.428882
vt 0.435798 0.383810
vt 0.435798 0.377370
vt 0.435799 0.332298
vt 0.435799 0.325861
vt 0.435798 0.390247
vt 0.435798 0.338737
vt 0.435799 0.396687
vt 0.435799 0.345175
vt 0.435799 0.403127
vt 0.435799 0.351615
vt 0.435798 0.409565
vt 0.435799 0.358055
vt 0.449206 0.416004
vt 0.449206 0.422445
vt 0.449206 0.364494
vt 0.449206 0.370931
vt 0.449206 0.428882
vt 0.449206 0.377370
vt 0.449206 0.383810
vt 0.449206 0.325861
vt 0.449206 0.332298
vt 0.449206 0.390247
vt 0.449206 0.338737
vt 0.449206 0.396687
vt 0.449206 0.345175
vt 0.449206 0.403127
vt 0.449206 0.351615
vt 0.449206 0.409565
vt 0.449206 0.358055
vt 0.200563 0.342712
vt 0.205072 0.342712
vt 0.205072 0.348532
vt 0.200563 0.348532
vt 0.169009 0.341860
vt 0.173518 0.341860
vt 0.173518 0.342712
vt 0.169009 0.342712
vt 0.205072 0.341860
vt 0.164503 0.341860
vt 0.164503 0.342712
vt 0.200563 0.341860
vt 0.159995 0.341859
vt 0.159995 0.342712
vt 0.191549 0.341860
vt 0.196055 0.341860
vt 0.196056 0.342712
vt 0.191549 0.342712
vt 0.227608 0.341860
vt 0.232117 0.341860
vt 0.232117 0.342712
vt 0.227608 0.342712
vt 0.187041 0.341860
vt 0.187041 0.342712
vt 0.223102 0.341860
vt 0.223102 0.342712
vt 0.182533 0.341859
vt 0.182533 0.342712
vt 0.218593 0.341860
vt 0.218593 0.342712
vt 0.178026 0.341860
vt 0.178026 0.342712
vt 0.164503 0.348532
vt 0.159995 0.348532
vt 0.196055 0.348532
vt 0.191549 0.348532
vt 0.232117 0.348532
vt 0.227608 0.348532
vt 0.187041 0.348532
vt 0.223102 0.348532
vt 0.182533 0.348532
vt 0.218593 0.348532
vt 0.178026 0.348532
vt 0.214087 0.348532
vt 0.173518 0.348532
vt 0.209579 0.348532
vt 0.169009 0.348532
vt 0.762038 0.007265
vt 0.764627 0.009860
vt 0.760462 0.009326
vt 0.758653 0.005858
vt 0.766023 0.013247
vt 0.761795 0.014083
vt 0.766020 0.016912
vt 0.762371 0.018988
vt 0.764611 0.020296
vt 0.762016 0.022883
vt 0.755764 0.009778
vt 0.754988 0.005855
vt 0.756810 0.015067
vt 0.757855 0.020357
vt 0.758629 0.024281
vt 0.751247 0.011146
vt 0.751603 0.007251
vt 0.751822 0.016053
vt 0.753158 0.020808
vt 0.754966 0.024276
vt 0.747600 0.013223
vt 0.749006 0.009839
vt 0.747596 0.016888
vt 0.748994 0.020275
vt 0.751581 0.022871
vt 0.693936 0.478657
vt 0.693936 0.503905
vt 0.688870 0.503905
vt 0.688870 0.478657
vt 0.683803 0.503906
vt 0.683803 0.478657
vt 0.678737 0.503905
vt 0.678737 0.478657
vt 0.673669 0.503905
vt 0.673669 0.478657
vt 0.668602 0.503905
vt 0.668602 0.478657
vt 0.663535 0.503905
vt 0.663535 0.478657
vt 0.658467 0.503905
vt 0.658468 0.478657
vt 0.653402 0.503906
vt 0.653402 0.478657
vt 0.734472 0.478657
vt 0.734472 0.503906
vt 0.729403 0.503905
vt 0.729403 0.478657
vt 0.724338 0.503906
vt 0.724338 0.478657
vt 0.719272 0.503905
vt 0.719272 0.478657
vt 0.714204 0.503905
vt 0.714204 0.478657
vt 0.709137 0.503905
vt 0.709138 0.478657
vt 0.704070 0.503905
vt 0.704070 0.478657
vt 0.678737 0.507913
vt 0.673669 0.507913
vt 0.699003 0.503906
vt 0.699004 0.478657
vt 0.973285 0.327531
vt 0.973285 0.323742
vt 0.974515 0.323742
vt 0.974515 0.327531
vt 0.906348 0.027043
vt 0.903007 0.027043
vt 0.903007 0.026174
vt 0.906348 0.026175
vt 0.734472 0.507913
vt 0.729403 0.507913
vt 0.709138 0.507913
vt 0.704070 0.507913
vt 0.688870 0.507913
vt 0.683803 0.507913
vt 0.663535 0.507913
vt 0.658467 0.507913
vt 0.719272 0.507913
vt 0.714204 0.507913
vt 0.668603 0.507913
vt 0.724338 0.507913
vt 0.699003 0.507913
vt 0.653402 0.507913
vt 0.693936 0.507913
vt 0.859564 0.013082
vt 0.856224 0.013083
vt 0.856224 0.012193
vt 0.859564 0.012193
vt 0.882957 0.027043
vt 0.879615 0.027043
vt 0.879615 0.026174
vt 0.882957 0.026175
vt 0.876274 0.027043
vt 0.876274 0.026175
vt 0.856224 0.027043
vt 0.852882 0.027043
vt 0.852882 0.026173
vt 0.856224 0.026173
vt 0.886299 0.027043
vt 0.886299 0.026174
vt 0.859564 0.027043
vt 0.859564 0.026174
vt 0.889640 0.027043
vt 0.889640 0.026174
vt 0.862908 0.027043
vt 0.862908 0.026175
vt 0.892982 0.027043
vt 0.892982 0.026175
vt 0.866248 0.027043
vt 0.866248 0.026174
vt 0.896323 0.027043
vt 0.896323 0.026175
vt 0.869591 0.027043
vt 0.869591 0.026175
vt 0.899665 0.027043
vt 0.899666 0.026174
vt 0.872932 0.027043
vt 0.872932 0.026174
vt 0.876274 0.007826
vt 0.872932 0.007826
vt 0.872932 0.005857
vt 0.876274 0.005857
vt 0.889640 0.013083
vt 0.886299 0.013082
vt 0.886299 0.012193
vt 0.889640 0.012193
vt 0.862908 0.013082
vt 0.862908 0.012193
vt 0.892982 0.013082
vt 0.892982 0.012194
vt 0.866248 0.013082
vt 0.866248 0.012193
vt 0.896323 0.013082
vt 0.896323 0.012193
vt 0.869591 0.013082
vt 0.869591 0.012193
vt 0.899666 0.013082
vt 0.899666 0.012193
vt 0.872932 0.013082
vt 0.872932 0.012193
vt 0.903007 0.013082
vt 0.903007 0.012193
vt 0.876274 0.013082
vt 0.876274 0.012193
vt 0.906348 0.013082
vt 0.906348 0.012194
vt 0.882957 0.013083
vt 0.879615 0.013082
vt 0.879615 0.012194
vt 0.882957 0.012193
vt 0.852882 0.013082
vt 0.852882 0.012194
vt 0.856721 0.345433
vt 0.852214 0.345433
vt 0.852214 0.344579
vt 0.856721 0.344579
vt 0.906348 0.007825
vt 0.903007 0.007825
vt 0.903007 0.005857
vt 0.906348 0.005857
vt 0.882957 0.007825
vt 0.879615 0.007826
vt 0.879615 0.005857
vt 0.882957 0.005858
vt 0.856224 0.007825
vt 0.852882 0.007825
vt 0.852882 0.005857
vt 0.856224 0.005857
vt 0.886299 0.007826
vt 0.886299 0.005858
vt 0.859564 0.007825
vt 0.859564 0.005857
vt 0.889640 0.007825
vt 0.889640 0.005858
vt 0.862908 0.007825
vt 0.862908 0.005857
vt 0.892982 0.007825
vt 0.892982 0.005858
vt 0.866248 0.007825
vt 0.866248 0.005857
vt 0.896323 0.007826
vt 0.896323 0.005858
vt 0.869591 0.007826
vt 0.869591 0.005857
vt 0.899665 0.007826
vt 0.899665 0.005858
vt 0.899665 0.009969
vt 0.903007 0.009969
vt 0.869591 0.009969
vt 0.872932 0.009969
vt 0.896323 0.009970
vt 0.866248 0.009969
vt 0.892982 0.009969
vt 0.862908 0.009969
vt 0.889640 0.009970
vt 0.859564 0.009970
vt 0.886299 0.009969
vt 0.856224 0.009970
vt 0.882957 0.009969
vt 0.852882 0.009970
vt 0.876274 0.009969
vt 0.879615 0.009969
vt 0.906348 0.009970
vt 0.886299 0.017727
vt 0.882957 0.017727
vt 0.882957 0.015167
vt 0.886299 0.015167
vt 0.856224 0.017727
vt 0.852882 0.017726
vt 0.852882 0.015167
vt 0.856224 0.015167
vt 0.879615 0.017727
vt 0.876274 0.017727
vt 0.876274 0.015167
vt 0.879615 0.015167
vt 0.906348 0.017727
vt 0.903007 0.017727
vt 0.903007 0.015167
vt 0.906348 0.015167
vt 0.872932 0.017727
vt 0.872932 0.015167
vt 0.899666 0.017727
vt 0.899666 0.015167
vt 0.869591 0.017727
vt 0.869591 0.015167
vt 0.896323 0.017727
vt 0.896323 0.015167
vt 0.866248 0.017727
vt 0.866248 0.015167
vt 0.892982 0.017727
vt 0.892982 0.015167
vt 0.862908 0.017727
vt 0.862908 0.015167
vt 0.889640 0.017727
vt 0.889640 0.015167
vt 0.859564 0.017727
vt 0.859564 0.015167
vt 0.859564 0.022285
vt 0.856224 0.022284
vt 0.856224 0.020896
vt 0.859564 0.020896
vt 0.889640 0.022285
vt 0.886299 0.022285
vt 0.886299 0.020896
vt 0.889640 0.020896
vt 0.862908 0.022284
vt 0.862908 0.020896
vt 0.892982 0.022284
vt 0.892982 0.020896
vt 0.866248 0.022284
vt 0.866248 0.020896
vt 0.896323 0.022285
vt 0.896323 0.020896
vt 0.869591 0.022285
vt 0.869591 0.020896
vt 0.899666 0.022285
vt 0.899666 0.020896
vt 0.872932 0.022284
vt 0.872932 0.020896
vt 0.903007 0.022285
vt 0.903007 0.020896
vt 0.876274 0.022285
vt 0.876274 0.020896
vt 0.906348 0.022284
vt 0.906348 0.020896
vt 0.882957 0.022284
vt 0.879615 0.022285
vt 0.879615 0.020896
vt 0.882957 0.020896
vt 0.852882 0.022284
vt 0.852882 0.020896
vt 0.882957 0.019637
vt 0.879615 0.019638
vt 0.886299 0.019637
vt 0.856224 0.019637
vt 0.852882 0.019637
vt 0.876274 0.019637
vt 0.906348 0.019638
vt 0.903007 0.019637
vt 0.872932 0.019638
vt 0.899666 0.019637
vt 0.869591 0.019637
vt 0.896323 0.019638
vt 0.866248 0.019638
vt 0.892982 0.019637
vt 0.889640 0.019637
vt 0.859564 0.019637
vt 0.862908 0.019637
vt 0.903006 0.149041
vt 0.899665 0.149041
vt 0.872932 0.149041
vt 0.869591 0.149041
vt 0.896322 0.149041
vt 0.866249 0.149041
vt 0.892982 0.149041
vt 0.862907 0.149041
vt 0.889640 0.149041
vt 0.859564 0.149041
vt 0.886299 0.149041
vt 0.856224 0.149041
vt 0.882957 0.149041
vt 0.852881 0.149041
vt 0.876273 0.149041
vt 0.879615 0.149041
vt 0.906347 0.149041
vt 0.856224 0.025030
vt 0.859564 0.025030
vt 0.886299 0.025030
vt 0.889640 0.025030
vt 0.862908 0.025030
vt 0.892982 0.025030
vt 0.866248 0.025030
vt 0.896323 0.025030
vt 0.869591 0.025030
vt 0.899666 0.025030
vt 0.872932 0.025030
vt 0.903007 0.025030
vt 0.876274 0.025030
vt 0.906348 0.025030
vt 0.879615 0.025030
vt 0.882957 0.025030
vt 0.852882 0.025030
vt 0.859564 0.023963
vt 0.856224 0.023963
vt 0.856224 0.023257
vt 0.859564 0.023257
vt 0.889640 0.023963
vt 0.886299 0.023963
vt 0.886299 0.023258
vt 0.889640 0.023257
vt 0.862908 0.023964
vt 0.862908 0.023257
vt 0.892982 0.023963
vt 0.892982 0.023257
vt 0.866248 0.023963
vt 0.866248 0.023257
vt 0.896323 0.023963
vt 0.896323 0.023257
vt 0.869591 0.023962
vt 0.869591 0.023257
vt 0.899666 0.023963
vt 0.899666 0.023257
vt 0.872932 0.023962
vt 0.872932 0.023257
vt 0.903007 0.023963
vt 0.903007 0.023257
vt 0.876274 0.023963
vt 0.876274 0.023257
vt 0.906348 0.023963
vt 0.906348 0.023258
vt 0.882957 0.023963
vt 0.879615 0.023964
vt 0.879615 0.023257
vt 0.882957 0.023257
vt 0.852882 0.023963
vt 0.852882 0.023257
vt 0.906347 0.150164
vt 0.903006 0.150165
vt 0.882957 0.150165
vt 0.879615 0.150164
vt 0.876273 0.150164
vt 0.856224 0.150165
vt 0.852881 0.150165
vt 0.886299 0.150164
vt 0.859564 0.150165
vt 0.889640 0.150164
vt 0.862907 0.150165
vt 0.892982 0.150164
vt 0.866249 0.150165
vt 0.896323 0.150164
vt 0.869591 0.150165
vt 0.899665 0.150165
vt 0.872932 0.150165
vt 0.876273 0.164149
vt 0.872932 0.164149
vt 0.903006 0.164148
vt 0.899665 0.164149
vt 0.869590 0.164149
vt 0.896322 0.164149
vt 0.866249 0.164149
vt 0.892982 0.164149
vt 0.862907 0.164149
vt 0.889640 0.164149
vt 0.859564 0.164149
vt 0.886299 0.164149
vt 0.856224 0.164148
vt 0.882957 0.164149
vt 0.852882 0.164148
vt 0.879615 0.164149
vt 0.906347 0.164148
vt 0.385379 0.972071
vt 0.390493 0.972071
vt 0.390493 0.975185
vt 0.385379 0.975186
vt 0.421168 0.972071
vt 0.426281 0.972071
vt 0.426281 0.975185
vt 0.421168 0.975185
vt 0.431394 0.972071
vt 0.431394 0.975185
vt 0.462070 0.972071
vt 0.467181 0.972071
vt 0.467181 0.975186
vt 0.462070 0.975185
vt 0.416056 0.972071
vt 0.416056 0.975185
vt 0.456957 0.972071
vt 0.456957 0.975185
vt 0.410942 0.972071
vt 0.410942 0.975185
vt 0.451845 0.972071
vt 0.451845 0.975186
vt 0.405829 0.972071
vt 0.405829 0.975185
vt 0.446730 0.972071
vt 0.446730 0.975186
vt 0.400717 0.972071
vt 0.400717 0.975186
vt 0.441620 0.972071
vt 0.441620 0.975186
vt 0.395604 0.972071
vt 0.395604 0.975186
vt 0.436506 0.972071
vt 0.436506 0.975185
vt 0.971528 0.037024
vt 0.971528 0.032570
vt 0.992510 0.032570
vt 0.992510 0.037024
vt 0.971528 0.072643
vt 0.971528 0.068191
vt 0.992510 0.068191
vt 0.992510 0.072643
vt 0.971528 0.028117
vt 0.992510 0.028117
vt 0.971528 0.063739
vt 0.992510 0.063739
vt 0.971528 0.023667
vt 0.992510 0.023667
vt 0.971528 0.059285
vt 0.992510 0.059285
vt 0.971528 0.019213
vt 0.992510 0.019213
vt 0.971528 0.054833
vt 0.992510 0.054833
vt 0.971528 0.014762
vt 0.992510 0.014761
vt 0.971528 0.050381
vt 0.992510 0.050381
vt 0.971528 0.010310
vt 0.992510 0.010310
vt 0.971528 0.045926
vt 0.992510 0.045926
vt 0.971528 0.005856
vt 0.992510 0.005856
vt 0.971528 0.041475
vt 0.992510 0.041475
vt 0.971528 0.077096
vt 0.992510 0.077096
vt 0.431394 0.963159
vt 0.436506 0.963160
vt 0.436506 0.966244
vt 0.431394 0.966244
vt 0.390493 0.963160
vt 0.395604 0.963160
vt 0.395604 0.966244
vt 0.390493 0.966244
vt 0.441620 0.963159
vt 0.441620 0.966244
vt 0.400717 0.963160
vt 0.400717 0.966244
vt 0.446730 0.963159
vt 0.446730 0.966244
vt 0.405830 0.963159
vt 0.405830 0.966244
vt 0.451845 0.963160
vt 0.451845 0.966245
vt 0.410942 0.963160
vt 0.410942 0.966244
vt 0.456957 0.963160
vt 0.456957 0.966245
vt 0.416056 0.963160
vt 0.416056 0.966244
vt 0.462070 0.963160
vt 0.462070 0.966245
vt 0.421168 0.963160
vt 0.421168 0.966244
vt 0.467181 0.963160
vt 0.467181 0.966245
vt 0.426281 0.963159
vt 0.426281 0.966245
vt 0.385379 0.963160
vt 0.385379 0.966244
vt 0.688870 0.474472
vt 0.693936 0.474471
vt 0.683803 0.474471
vt 0.678737 0.474472
vt 0.673669 0.474472
vt 0.668603 0.474472
vt 0.663535 0.474472
vt 0.658468 0.474472
vt 0.653402 0.474472
vt 0.729403 0.474472
vt 0.734472 0.474471
vt 0.724338 0.474472
vt 0.719272 0.474471
vt 0.714204 0.474471
vt 0.709138 0.474471
vt 0.704071 0.474471
vt 0.699004 0.474472
vt 0.982932 0.335106
vt 0.982932 0.331318
vt 0.983637 0.331318
vt 0.983637 0.335106
vt 0.973285 0.293438
vt 0.973285 0.289651
vt 0.974515 0.289651
vt 0.974515 0.293438
vt 0.973285 0.319954
vt 0.974515 0.319954
vt 0.973285 0.285863
vt 0.974514 0.285863
vt 0.973285 0.316166
vt 0.973285 0.312378
vt 0.974515 0.312378
vt 0.974515 0.316166
vt 0.973285 0.346470
vt 0.973285 0.342683
vt 0.974515 0.342683
vt 0.974515 0.346470
vt 0.973285 0.308590
vt 0.974515 0.308590
vt 0.973285 0.338893
vt 0.974515 0.338893
vt 0.973285 0.304802
vt 0.974515 0.304802
vt 0.973285 0.335106
vt 0.974515 0.335106
vt 0.973285 0.301015
vt 0.974515 0.301015
vt 0.973285 0.331318
vt 0.974515 0.331318
vt 0.973285 0.297228
vt 0.974515 0.297228
vt 0.650155 0.906775
vt 0.650155 0.900335
vt 0.655969 0.900335
vt 0.655969 0.906775
vt 0.982932 0.301015
vt 0.982932 0.297228
vt 0.983637 0.297228
vt 0.983637 0.301015
vt 0.982932 0.327531
vt 0.983637 0.327531
vt 0.982932 0.293438
vt 0.983637 0.293438
vt 0.982932 0.323742
vt 0.983637 0.323742
vt 0.982932 0.289651
vt 0.983637 0.289651
vt 0.982932 0.319954
vt 0.983637 0.319954
vt 0.982932 0.285863
vt 0.983637 0.285863
vt 0.982932 0.316166
vt 0.982932 0.312378
vt 0.983637 0.312378
vt 0.983637 0.316166
vt 0.982932 0.346470
vt 0.982932 0.342683
vt 0.983637 0.342683
vt 0.983637 0.346470
vt 0.982932 0.308590
vt 0.983637 0.308590
vt 0.982932 0.338893
vt 0.983637 0.338893
vt 0.982932 0.304802
vt 0.983637 0.304802
vt 0.980694 0.304802
vt 0.980694 0.301015
vt 0.980694 0.338893
vt 0.980694 0.335106
vt 0.980694 0.308590
vt 0.980694 0.342683
vt 0.980694 0.312378
vt 0.980694 0.346470
vt 0.980694 0.319954
vt 0.980694 0.316166
vt 0.980695 0.289651
vt 0.980695 0.285863
vt 0.980694 0.323742
vt 0.980694 0.293438
vt 0.980694 0.327531
vt 0.980694 0.297228
vt 0.980694 0.331318
vt 0.976596 0.335106
vt 0.976596 0.331318
vt 0.978549 0.331318
vt 0.978549 0.335106
vt 0.976596 0.301015
vt 0.976596 0.297228
vt 0.978549 0.297228
vt 0.978549 0.301015
vt 0.976596 0.327531
vt 0.978549 0.327531
vt 0.976596 0.293438
vt 0.978549 0.293438
vt 0.976596 0.323742
vt 0.978549 0.323742
vt 0.976596 0.289651
vt 0.978549 0.289651
vt 0.976596 0.319954
vt 0.978549 0.319954
vt 0.976596 0.285863
vt 0.978549 0.285863
vt 0.976596 0.316166
vt 0.976596 0.312378
vt 0.978549 0.312378
vt 0.978549 0.316166
vt 0.976596 0.346470
vt 0.976596 0.342683
vt 0.978549 0.342683
vt 0.978549 0.346470
vt 0.976596 0.308590
vt 0.978549 0.308590
vt 0.976596 0.338893
vt 0.978549 0.338893
vt 0.976596 0.304802
vt 0.978549 0.304802
vt 0.650155 0.958296
vt 0.650155 0.951855
vt 0.655969 0.951855
vt 0.655969 0.958296
vt 0.650155 0.893895
vt 0.655969 0.893895
vt 0.650155 0.945415
vt 0.650155 0.938975
vt 0.655969 0.938975
vt 0.655969 0.945414
vt 0.650155 0.996933
vt 0.650155 0.990494
vt 0.655969 0.990494
vt 0.655969 0.996933
vt 0.650155 0.932536
vt 0.655969 0.932536
vt 0.650155 0.984053
vt 0.655969 0.984053
vt 0.650155 0.926093
vt 0.655969 0.926093
vt 0.650155 0.977614
vt 0.655968 0.977614
vt 0.650155 0.919656
vt 0.655969 0.919656
vt 0.650155 0.971173
vt 0.655968 0.971173
vt 0.650155 0.913216
vt 0.655969 0.913215
vt 0.650155 0.964735
vt 0.655969 0.964734
vt 0.630784 0.964735
vt 0.630784 0.958296
vt 0.634671 0.958296
vt 0.634671 0.964735
vt 0.641717 0.964735
vt 0.641718 0.958296
vt 0.645497 0.958296
vt 0.645496 0.964735
vt 0.630784 0.913215
vt 0.630784 0.906775
vt 0.634671 0.906775
vt 0.634671 0.913215
vt 0.641717 0.913215
vt 0.641717 0.906775
vt 0.645497 0.906775
vt 0.645497 0.913216
vt 0.630784 0.971173
vt 0.634671 0.971174
vt 0.641717 0.971173
vt 0.645497 0.971173
vt 0.630784 0.919657
vt 0.634671 0.919656
vt 0.641718 0.919657
vt 0.645496 0.919656
vt 0.630784 0.977614
vt 0.634671 0.977614
vt 0.641718 0.977614
vt 0.645496 0.977614
vt 0.630784 0.926093
vt 0.634671 0.926093
vt 0.641717 0.926092
vt 0.645496 0.926093
vt 0.630784 0.984053
vt 0.634671 0.984053
vt 0.641717 0.984053
vt 0.645497 0.984053
vt 0.630784 0.932536
vt 0.634671 0.932536
vt 0.641717 0.932536
vt 0.645497 0.932536
vt 0.630784 0.990493
vt 0.634671 0.990493
vt 0.641717 0.990493
vt 0.645497 0.990493
vt 0.630784 0.938975
vt 0.634671 0.938975
vt 0.641717 0.938975
vt 0.645496 0.938975
vt 0.630784 0.996933
vt 0.634671 0.996933
vt 0.641717 0.996933
vt 0.645496 0.996933
vt 0.630784 0.951855
vt 0.630784 0.945414
vt 0.634671 0.945414
vt 0.634671 0.951855
vt 0.641717 0.951855
vt 0.641717 0.945414
vt 0.645497 0.945415
vt 0.645497 0.951855
vt 0.630784 0.900335
vt 0.630784 0.893896
vt 0.634671 0.893896
vt 0.634671 0.900335
vt 0.641717 0.900334
vt 0.641717 0.893895
vt 0.645497 0.893895
vt 0.645497 0.900335
vt 0.638285 0.900335
vt 0.638286 0.906775
vt 0.638286 0.951855
vt 0.638286 0.958296
vt 0.638286 0.893895
vt 0.638285 0.938975
vt 0.638286 0.945414
vt 0.638286 0.990493
vt 0.638286 0.996933
vt 0.638286 0.932536
vt 0.638285 0.984053
vt 0.638286 0.926093
vt 0.638286 0.977614
vt 0.638286 0.919656
vt 0.638286 0.971173
vt 0.638285 0.913215
vt 0.638286 0.964735
vt 0.624877 0.906775
vt 0.624877 0.900335
vt 0.624877 0.958296
vt 0.624877 0.951855
vt 0.624877 0.893896
vt 0.624877 0.945414
vt 0.624877 0.938975
vt 0.624877 0.996933
vt 0.624877 0.990493
vt 0.624877 0.932536
vt 0.624877 0.984053
vt 0.624877 0.926094
vt 0.624877 0.977614
vt 0.624877 0.919657
vt 0.624877 0.971174
vt 0.624877 0.913215
vt 0.624877 0.964735
vt 0.865735 0.344579
vt 0.861228 0.344579
vt 0.861228 0.338762
vt 0.865734 0.338762
vt 0.897279 0.345433
vt 0.892774 0.345433
vt 0.892774 0.344579
vt 0.897279 0.344579
vt 0.861228 0.345433
vt 0.901788 0.345433
vt 0.901788 0.344579
vt 0.865735 0.345433
vt 0.906293 0.345433
vt 0.906293 0.344579
vt 0.874747 0.345433
vt 0.870241 0.345433
vt 0.870241 0.344579
vt 0.874747 0.344579
vt 0.838693 0.345433
vt 0.834189 0.345432
vt 0.834189 0.344579
vt 0.838693 0.344579
vt 0.879255 0.345433
vt 0.879255 0.344579
vt 0.843201 0.345433
vt 0.843201 0.344579
vt 0.883762 0.345433
vt 0.883762 0.344579
vt 0.847708 0.345433
vt 0.847708 0.344579
vt 0.888268 0.345433
vt 0.888268 0.344579
vt 0.901788 0.338762
vt 0.906293 0.338762
vt 0.870241 0.338762
vt 0.874747 0.338762
vt 0.834189 0.338762
vt 0.838693 0.338762
vt 0.879255 0.338762
vt 0.843201 0.338762
vt 0.883762 0.338762
vt 0.847708 0.338762
vt 0.888268 0.338762
vt 0.852214 0.338762
vt 0.892774 0.338762
vt 0.856721 0.338762
vt 0.897279 0.338762
vt 0.505928 0.009859
vt 0.508515 0.007265
vt 0.507991 0.011429
vt 0.504530 0.013247
vt 0.511900 0.005861
vt 0.512743 0.010085
vt 0.515563 0.005855
vt 0.517648 0.009498
vt 0.518951 0.007255
vt 0.521543 0.009844
vt 0.508455 0.016126
vt 0.504534 0.016910
vt 0.513742 0.015069
vt 0.519027 0.014011
vt 0.522948 0.013228
vt 0.509833 0.020637
vt 0.505938 0.020295
vt 0.514738 0.020050
vt 0.519489 0.018706
vt 0.522952 0.016892
vt 0.511918 0.024280
vt 0.508532 0.022881
vt 0.515583 0.024276
vt 0.518967 0.022870
vt 0.521556 0.020277
s 1
f 1/1/1 2/2/2 10/3/3 9/4/4
f 2/2/2 3/5/5 11/6/6 10/3/3
f 3/5/5 4/7/7 12/8/8 11/6/6
f 4/7/7 5/9/9 13/10/10 12/8/8
f 5/9/9 6/11/11 14/12/12 13/10/10
f 6/11/11 7/13/13 15/14/14 14/12/12
f 7/13/13 8/15/15 16/16/16 15/14/14
f 8/15/15 65/17/17 73/18/18 16/16/16
f 9/4/4 10/3/3 18/19/19 17/20/20
f 10/3/3 11/6/6 19/21/21 18/19/19
f 11/6/6 12/8/8 20/22/22 19/21/21
f 12/8/8 13/10/10 21/23/23 20/22/22
f 13/10/10 14/12/12 22/24/24 21/23/23
f 14/12/12 15/14/14 23/25/25 22/24/24
f 15/14/14 16/16/16 24/26/26 23/25/25
f 16/16/16 73/18/18 81/27/27 24/26/26
f 17/20/20 18/19/19 26/28/28 25/29/29
f 18/19/19 19/21/21 27/30/30 26/28/28
f 19/21/21 20/22/22 28/31/31 27/30/30
f 20/22/22 21/23/23 29/32/32 28/31/31
f 21/23/23 22/24/24 30/33/33 29/32/32
f 22/24/24 23/25/25 31/34/34 30/33/33
f 23/25/25 24/26/26 32/35/35 31/34/34
f 24/26/26 81/27/27 89/36/36 32/35/35
f 25/29/29 26/28/28 34/37/37 33/38/38
f 26/28/28 27/30/30 35/39/39 34/37/37
f 27/30/30 28/31/31 36/40/40 35/39/39
f 28/31/31 29/32/32 37/41/41 36/40/40
f 29/32/32 30/33/33 38/42/42 37/41/41
f 30/33/33 31/34/34 39/43/43 38/42/42
f 31/34/34 32/35/35 40/44/44 39/43/43
f 32/35/35 89/36/36 97/45/45 40/44/44
f 33/38/38 34/37/37 42/46/46 41/47/47
f 34/37/37 35/39/39 43/48/48 42/46/46
f 35/39/39 36/40/40 44/49/49 43/48/48
f 36/40/40 37/41/41 45/50/50 44/49/49
f 37/41/41 38/42/42 46/51/51 45/50/50
f 38/42/42 39/43/43 47/52/52 46/51/51
f 39/43/43 40/44/44 48/53/53 47/52/52
f 40/44/44 97/45/45 105/54/54 48/53/53
f 41/47/47 42/46/46 50/55/55 49/56/56
f 42/46/46 43/48/48 51/57/57 50/55/55
f 43/48/48 44/49/49 52/58/58 51/57/57
f 44/49/49 45/50/50 53/59/59 52/58/58
f 45/50/50 46/51/51 54/60/60 53/59/59
f 46/51/51 47/52/52 55/61/61 54/60/60
f 47/52/52 48/53/53 56/62/62 55/61/61
f 48/53/53 105/54/54 113/63/63 56/62/62
f 49/56/56 50/55/55 58/64/64 57/65/65
f 50/55/55 51/57/57 59/66/66 58/64/64
f 51/57/57 52/58/58 60/67/67 59/66/66
f 52/58/58 53/59/59 61/68/68 60/67/67
f 53/59/59 54/60/60 62/69/69 61/68/68
f 54/60/60 55/61/61 63/70/70 62/69/69
f 55/61/61 56/62/62 64/71/71 63/70/70
f 56/62/62 113/63/63 121/72/72 64/71/71
f 57/65/65 58/64/64 307/73/73 306/74/74
f 58/64/64 59/66/66 308/75/75 307/73/73
f 59/66/66 60/67/67 309/76/76 308/75/75
f 60/67/67 61/68/68 310/77/77 309/76/76
f 61/68/68 62/69/69 311/78/78 310/77/77
f 62/69/69 63/70/70 312/79/79 311/78/78
f 63/70/70 64/71/71 313/80/80 312/79/79
f 64/71/71 121/72/72 314/81/81 313/80/80
f 65/17/17 66/82/82 74/83/83 73/18/18
f 66/82/82 67/84/84 75/85/85 74/83/83
f 67/84/84 68/86/86 76/87/87 75/85/85
f 68/86/86 69/88/88 77/89/89 76/87/87
f 69/88/88 70/90/90 78/91/91 77/89/89
f 70/90/90 71/92/92 79/93/93 78/91/91
f 71/92/92 72/94/94 80/95/95 79/93/93
f 72/94/94 129/96/96 137/97/97 80/95/95
f 73/18/18 74/83/83 82/98/98 81/27/27
f 74/83/83 75/85/85 83/99/99 82/98/98
f 75/85/85 76/87/87 84/100/100 83/99/99
f 76/87/87 77/89/89 85/101/101 84/100/100
f 77/89/89 78/91/91 86/102/102 85/101/101
f 78/91/91 79/93/93 87/103/103 86/102/102
f 79/93/93 80/95/95 88/104/104 87/103/103
f 80/95/95 137/97/97 145/105/105 88/104/104
f 81/27/27 82/98/98 90/106/106 89/36/36
f 82/98/98 83/99/99 91/107/107 90/106/106
f 83/99/99 84/100/100 92/108/108 91/107/107
f 84/100/100 85/101/101 93/109/109 92/108/108
f 85/101/101 86/102/102 94/110/110 93/109/109
f 86/102/102 87/103/103 95/111/111 94/110/110
f 87/103/103 88/104/104 96/112/112 95/111/111
f 88/104/104 145/105/105 153/113/113 96/112/112
f 89/36/36 90/106/106 98/114/114 97/45/45
f 90/106/106 91/107/107 99/115/115 98/114/114
f 91/107/107 92/108/108 100/116/116 99/115/115
f 92/108/108 93/109/109 101/117/117 100/116/116
f 93/109/109 94/110/110 102/118/118 101/117/117
f 94/110/110 95/111/111 103/119/119 102/118/118
f 95/111/111 96/112/112 104/120/120 103/119/119
f 96/112/112 153/113/113 161/121/121 104/120/120
f 97/45/45 98/114/114 106/122/122 105/54/54
f 98/114/114 99/115/115 107/123/123 106/122/122
f 99/115/115 100/116/116 108/124/124 107/123/123
f 100/116/116 101/117/117 109/125/125 108/124/124
f 101/117/117 102/118/118 110/126/126 109/125/125
f 102/118/118 103/119/119 111/127/127 110/126/126
f 103/119/119 104/120/120 112/128/128 111/127/127
f 104/120/120 161/121/121 169/129/129 112/128/128
f 105/54/54 106/122/122 114/130/130 113/63/63
f 106/122/122 107/123/123 115/131/131 114/130/130
f 107/123/123 108/124/124 116/132/132 115/131/131
f 108/124/124 109/125/125 117/133/133 116/132/132
f 109/125/125 110/126/126 118/134/134 117/133/133
f 110/126/126 111/127/127 119/135/135 118/134/134
f 111/127/127 112/128/128 120/136/136 119/135/135
f 112/128/128 169/129/129 177/137/137 120/136/136
f 113/63/63 114/130/130 122/138/138 121/72/72
f 114/130/130 115/131/131 123/139/139 122/138/138
f 115/131/131 116/132/132 124/140/140 123/139/139
f 116/132/132 117/133/133 125/141/141 124/140/140
f 117/133/133 118/134/134 126/142/142 125/141/141
f 118/134/134 119/135/135 127/143/143 126/142/142
f 119/135/135 120/136/136 128/144/144 127/143/143
f 120/136/136 177/137/137 185/145/145 128/144/144
f 121/72/72 122/138/138 323/146/146 314/81/81
f 122/138/138 123/139/139 332/147/147 323/146/146
f 123/139/139 124/140/140 341/148/148 332/147/147
f 124/140/140 125/141/141 350/149/149 341/148/148
f 125/141/141 126/142/142 359/150/150 350/149/149
f 126/142/142 127/143/143 368/151/151 359/150/150
f 127/143/143 128/144/144 377/152/152 368/151/151
f 128/144/144 185/145/145 386/153/153 377/152/152
f 129/154/96 130/155/154 138/156/155 137/157/97
f 130/155/154 131/158/156 139/159/157 138/156/155
f 131/158/156 132/160/158 140/161/159 139/159/157
f 132/160/158 133/162/160 141/163/161 140/161/159
f 133/162/160 134/164/162 142/165/163 141/163/161
f 134/164/162 135/166/164 143/167/165 142/165/163
f 135/166/164 136/168/166 144/169/167 143/167/165
f 136/168/166 193/170/168 201/171/169 144/169/167
f 137/157/97 138/156/155 146/172/170 145/173/105
f 138/156/155 139/159/157 147/174/171 146/172/170
f 139/159/157 140/161/159 148/175/172 147/174/171
f 140/161/159 141/163/161 149/176/173 148/175/172
f 141/163/161 142/165/163 150/177/174 149/176/173
f 142/165/163 143/167/165 151/178/175 150/177/174
f 143/167/165 144/169/167 152/179/176 151/178/175
f 144/169/167 201/171/169 209/180/177 152/179/176
f 145/173/105 146/172/170 154/181/178 153/182/113
f 146/172/170 147/174/171 155/183/179 154/181/178
f 147/174/171 148/175/172 156/184/180 155/183/179
f 148/175/172 149/176/173 157/185/181 156/184/180
f 149/176/173 150/177/174 158/186/182 157/185/181
f 150/177/174 151/178/175 159/187/183 158/186/182
f 151/178/175 152/179/176 160/188/184 159/187/183
f 152/179/176 209/180/177 217/189/185 160/188/184
f 153/182/113 154/181/178 162/190/186 161/191/121
f 154/181/178 155/183/179 163/192/187 162/190/186
f 155/183/179 156/184/180 164/193/188 163/192/187
f 156/184/180 157/185/181 165/194/189 164/193/188
f 157/185/181 158/186/182 166/195/190 165/194/189
f 158/186/182 159/187/183 167/196/191 166/195/190
f 159/187/183 160/188/184 168/197/192 167/196/191
f 160/188/184 217/189/185 225/198/193 168/197/192
f 161/191/121 162/190/186 170/199/194 169/200/129
f 162/190/186 163/192/187 171/201/195 170/199/194
f 163/192/187 164/193/188 172/202/196 171/201/195
f 164/193/188 165/194/189 173/203/197 172/202/196
f 165/194/189 166/195/190 174/204/198 173/203/197
f 166/195/190 167/196/191 175/205/199 174/204/198
f 167/196/191 168/197/192 176/206/200 175/205/199
f 168/197/192 225/198/193 233/207/201 176/206/200
f 169/200/129 170/199/194 178/208/202 177/209/137
f 170/199/194 171/201/195 179/210/203 178/208/202
f 171/201/195 172/202/196 180/211/204 179/210/203
f 172/202/196 173/203/197 181/212/205 180/211/204
f 173/203/197 174/204/198 182/213/206 181/212/205
f 174/204/198 175/205/199 183/214/207 182/213/206
f 175/205/199 176/206/200 184/215/208 183/214/207
f 176/206/200 233/207/201 241/216/209 184/215/208
f 177/209/137 178/208/202 186/217/210 185/218/145
f 178/208/202 179/210/203 187/219/211 186/217/210
f 179/210/203 180/211/204 188/220/212 187/219/211
f 180/211/204 181/212/205 189/221/213 188/220/212
f 181/212/205 182/213/206 190/222/214 189/221/213
f 182/213/206 183/214/207 191/223/215 190/222/214
f 183/214/207 184/215/208 192/224/216 191/223/215
f 184/215/208 241/216/209 249/225/217 192/224/216
f 185/218/145 186/217/210 385/226/218 386/227/153
f 186/217/210 187/219/211 384/228/219 385/226/218
f 187/219/211 188/220/212 383/229/220 384/228/219
f 188/220/212 189/221/213 382/230/221 383/229/220
f 189/221/213 190/222/214 381/231/222 382/230/221
f 190/222/214 191/223/215 380/232/223 381/231/222
f 191/223/215 192/224/216 379/233/224 380/232/223
f 192/224/216 249/225/217 378/234/225 379/233/224
f 193/235/168 194/236/226 202/237/227 201/238/169
f 194/236/226 195/239/228 203/240/229 202/237/227
f 195/239/228 196/241/230 204/242/231 203/240/229
f 196/241/230 197/243/232 205/244/233 204/242/231
f 197/243/232 198/245/234 206/246/235 205/244/233
f 198/245/234 199/247/236 207/248/237 206/246/235
f 199/247/236 200/249/238 208/250/239 207/248/237
f 200/249/238 1/1/1 9/4/4 208/250/239
f 201/238/169 202/237/227 210/251/240 209/252/177
f 202/237/227 203/240/229 211/253/241 210/251/240
f 203/240/229 204/242/231 212/254/242 211/253/241
f 204/242/231 205/244/233 213/255/243 212/254/242
f 205/244/233 206/246/235 214/256/244 213/255/243
f 206/246/235 207/248/237 215/257/245 214/256/244
f 207/248/237 208/250/239 216/258/246 215/257/245
f 208/250/239 9/4/4 17/20/20 216/258/246
f 209/252/177 210/251/240 218/259/247 217/260/185
f 210/251/240 211/253/241 219/261/248 218/259/247
f 211/253/241 212/254/242 220/262/249 219/261/248
f 212/254/242 213/255/243 221/263/250 220/262/249
f 213/255/243 214/256/244 222/264/251 221/263/250
f 214/256/244 215/257/245 223/265/252 222/264/251
f 215/257/245 216/258/246 224/266/253 223/265/252
f 216/258/246 17/20/20 25/29/29 224/266/253
f 217/260/185 218/259/247 226/267/254 225/268/193
f 218/259/247 219/261/248 227/269/255 226/267/254
f 219/261/248 220/262/249 228/270/256 227/269/255
f 220/262/249 221/263/250 229/271/257 228/270/256
f 221/263/250 222/264/251 230/272/258 229/271/257
f 222/264/251 223/265/252 231/273/259 230/272/258
f 223/265/252 224/266/253 232/274/260 231/273/259
f 224/266/253 25/29/29 33/38/38 232/274/260
f 225/268/193 226/267/254 234/275/261 233/276/201
f 226/267/254 227/269/255 235/277/262 234/275/261
f 227/269/255 228/270/256 236/278/263 235/277/262
f 228/270/256 229/271/257 237/279/264 236/278/263
f 229/271/257 230/272/258 238/280/265 237/279/264
f 230/272/258 231/273/259 239/281/266 238/280/265
f 231/273/259 232/274/260 240/282/267 239/281/266
f 232/274/260 33/38/38 41/47/47 240/282/267
f 233/276/201 234/275/261 242/283/268 241/284/209
f 234/275/261 235/277/262 243/285/269 242/283/268
f 235/277/262 236/278/263 244/286/270 243/285/269
f 236/278/263 237/279/264 245/287/271 244/286/270
f 237/279/264 238/280/265 246/288/272 245/287/271
f 238/280/265 239/281/266 247/289/273 246/288/272
f 239/281/266 240/282/267 248/290/274 247/289/273
f 240/282/267 41/47/47 49/56/56 248/290/274
f 241/284/209 242/283/268 250/291/275 249/292/217
f 242/283/268 243/285/269 251/293/276 250/291/275
f 243/285/269 244/286/270 252/294/277 251/293/276
f 244/286/270 245/287/271 253/295/278 252/294/277
f 245/287/271 246/288/272 254/296/279 253/295/278
f 246/288/272 247/289/273 255/297/280 254/296/279
f 247/289/273 248/290/274 256/298/281 255/297/280
f 248/290/274 49/56/56 57/65/65 256/298/281
f 249/292/217 250/291/275 369/299/282 378/300/225
f 250/291/275 251/293/276 360/301/283 369/299/282
f 251/293/276 252/294/277 351/302/284 360/301/283
f 252/294/277 253/295/278 342/303/285 351/302/284
f 253/295/278 254/296/279 333/304/286 342/303/285
f 254/296/279 255/297/280 324/305/287 333/304/286
f 255/297/280 256/298/281 315/306/288 324/305/287
f 256/298/281 57/65/65 306/74/74 315/306/288
f 193/170/168 136/168/166 257/307/289 194/308/226
f 136/168/166 135/166/164 258/309/290 257/307/289
f 135/166/164 134/164/162 259/310/291 258/309/290
f 134/164/162 133/162/160 260/311/292 259/310/291
f 133/162/160 132/160/158 261/312/293 260/311/292
f 132/160/158 131/158/156 262/313/294 261/312/293
f 131/158/156 130/155/154 263/314/295 262/313/294
f 130/155/154 129/154/96 72/315/94 263/314/295
f 194/308/226 257/307/289 264/316/296 195/317/228
f 257/307/289 258/309/290 265/318/297 264/316/296
f 258/309/290 259/310/291 266/319/298 265/318/297
f 259/310/291 260/311/292 267/320/299 266/319/298
f 260/311/292 261/312/293 268/321/300 267/320/299
f 261/312/293 262/313/294 269/322/301 268/321/300
f 262/313/294 263/314/295 270/323/302 269/322/301
f 263/314/295 72/315/94 71/324/92 270/323/302
f 195/317/228 264/316/296 271/325/303 196/326/230
f 264/316/296 265/318/297 272/327/304 271/325/303
f 265/318/297 266/319/298 273/328/305 272/327/304
f 266/319/298 267/320/299 274/329/306 273/328/305
f 267/320/299 268/321/300 275/330/307 274/329/306
f 268/321/300 269/322/301 276/331/308 275/330/307
f 269/322/301 270/323/302 277/332/309 276/331/308
f 270/323/302 71/324/92 70/333/90 277/332/309
f 196/326/230 271/325/303 278/334/310 197/335/232
f 271/325/303 272/327/304 279/336/311 278/334/310
f 272/327/304 273/328/305 280/337/312 279/336/311
f 273/328/305 274/329/306 281/338/313 280/337/312
f 274/329/306 275/330/307 282/339/314 281/338/313
f 275/330/307 276/331/308 283/340/315 282/339/314
f 276/331/308 277/332/309 284/341/316 283/340/315
f 277/332/309 70/333/90 69/342/88 284/341/316
f 197/335/232 278/334/310 285/343/317 198/344/234
f 278/334/310 279/336/311 286/345/318 285/343/317
f 279/336/311 280/337/312 287/346/319 286/345/318
f 280/337/312 281/338/313 288/347/320 287/346/319
f 281/338/313 282/339/314 289/348/321 288/347/320
f 282/339/314 283/340/315 290/349/322 289/348/321
f 283/340/315 284/341/316 291/350/323 290/349/322
f 284/341/316 69/342/88 68/351/86 291/350/323
f 198/344/234 285/343/317 292/352/324 199/353/236
f 285/343/317 286/345/318 293/354/325 292/352/324
f 286/345/318 287/346/319 294/355/326 293/354/325
f 287/346/319 288/347/320 295/356/327 294/355/326
f 288/347/320 289/348/321 296/357/328 295/356/327
f 289/348/321 290/349/322 297/358/329 296/357/328
f 290/349/322 291/350/323 298/359/330 297/358/329
f 291/350/323 68/351/86 67/360/84 298/359/330
f 199/353/236 292/352/324 299/361/331 200/362/238
f 292/352/324 293/354/325 300/363/332 299/361/331
f 293/354/325 294/355/326 301/364/333 300/363/332
f 294/355/326 295/356/327 302/365/334 301/364/333
f 295/356/327 296/357/328 303/366/335 302/365/334
f 296/357/328 297/358/329 304/367/336 303/366/335
f 297/358/329 298/359/330 305/368/337 304/367/336
f 298/359/330 67/360/84 66/369/82 305/368/337
f 200/362/238 299/361/331 2/2/2 1/1/1
f 299/361/331 300/363/332 3/5/5 2/2/2
f 300/363/332 301/364/333 4/7/7 3/5/5
f 301/364/333 302/365/334 5/9/9 4/7/7
f 302/365/334 303/366/335 6/11/11 5/9/9
f 303/366/335 304/367/336 7/13/13 6/11/11
f 304/367/336 305/368/337 8/15/15 7/13/13
f 305/368/337 66/369/82 65/17/17 8/15/15
f 306/370/74 307/371/73 316/372/338 315/373/288
f 307/371/73 308/374/75 317/375/339 316/372/338
f 308/374/75 309/376/76 318/377/340 317/375/339
f 309/376/76 310/378/77 319/379/341 318/377/340
f 310/378/77 311/380/78 320/381/342 319/379/341
f 311/380/78 312/382/79 321/383/343 320/381/342
f 312/382/79 313/384/80 322/385/344 321/383/343
f 313/384/80 314/386/81 323/387/146 322/385/344
f 315/373/288 316/372/338 325/388/345 324/389/287
f 316/372/338 317/375/339 326/390/346 325/388/345
f 317/375/339 318/377/340 327/391/347 326/390/346
f 318/377/340 319/379/341 328/392/348 327/391/347
f 319/379/341 320/381/342 329/393/349 328/392/348
f 320/381/342 321/383/343 330/394/350 329/393/349
f 321/383/343 322/385/344 331/395/351 330/394/350
f 322/385/344 323/387/146 332/396/147 331/395/351
f 324/389/287 325/388/345 334/397/352 333/398/286
f 325/388/345 326/390/346 335/399/353 334/397/352
f 326/390/346 327/391/347 336/400/354 335/399/353
f 327/391/347 328/392/348 337/401/355 336/400/354
f 328/392/348 329/393/349 338/402/356 337/401/355
f 329/393/349 330/394/350 339/403/357 338/402/356
f 330/394/350 331/395/351 340/404/358 339/403/357
f 331/395/351 332/396/147 341/405/148 340/404/358
f 333/398/286 334/397/352 343/406/359 342/407/285
f 334/397/352 335/399/353 344/408/360 343/406/359
f 335/399/353 336/400/354 345/409/361 344/408/360
f 336/400/354 337/401/355 346/410/362 345/409/361
f 337/401/355 338/402/356 347/411/363 346/410/362
f 338/402/356 339/403/357 348/412/364 347/411/363
f 339/403/357 340/404/358 349/413/365 348/412/364
f 340/404/358 341/405/148 350/414/149 349/413/365
f 342/407/285 343/406/359 352/415/366 351/416/284
f 343/406/359 344/408/360 353/417/367 352/415/366
f 344/408/360 345/409/361 354/418/368 353/417/367
f 345/409/361 346/410/362 355/419/369 354/418/368
f 346/410/362 347/411/363 356/420/370 355/419/369
f 347/411/363 348/412/364 357/421/371 356/420/370
f 348/412/364 349/413/365 358/422/372 357/421/371
f 349/413/365 350/414/149 359/423/150 358/422/372
f 351/416/284 352/415/366 361/424/373 360/425/283
f 352/415/366 353/417/367 362/426/374 361/424/373
f 353/417/367 354/418/368 363/427/375 362/426/374
f 354/418/368 355/419/369 364/428/376 363/427/375
f 355/419/369 356/420/370 365/429/377 364/428/376
f 356/420/370 357/421/371 366/430/378 365/429/377
f 357/421/371 358/422/372 367/431/379 366/430/378
f 358/422/372 359/423/150 368/432/151 367/431/379
f 360/425/283 361/424/373 370/433/380 369/434/282
f 361/424/373 362/426/374 371/435/381 370/433/380
f 362/426/374 363/427/375 372/436/382 371/435/381
f 363/427/375 364/428/376 373/437/383 372/436/382
f 364/428/376 365/429/377 374/438/384 373/437/383
f 365/429/377 366/430/378 375/439/385 374/438/384
f 366/430/378 367/431/379 376/440/386 375/439/385
f 367/431/379 368/432/151 377/441/152 376/440/386
f 369/434/282 370/433/380 379/233/224 378/234/225
f 370/433/380 371/435/381 380/232/223 379/233/224
f 371/435/381 372/436/382 381/231/222 380/232/223
f 372/436/382 373/437/383 382/230/221 381/231/222
f 373/437/383 374/438/384 383/229/220 382/230/221
f 374/438/384 375/439/385 384/228/219 383/229/220
f 375/439/385 376/440/386 385/226/218 384/228/219
f 376/440/386 377/441/152 386/227/153 385/226/218
f 509/442/41 510/443/41 419/444/41 404/445/41
f 527/446/38 528/447/38 421/448/38 405/449/38
f 545/450/257 546/451/257 422/452/257 406/453/257
f 563/454/193 564/455/193 423/456/193 407/457/193
f 437/458/189 438/459/189 424/460/189 408/461/189
f 455/462/121 456/463/121 425/464/121 409/465/121
f 560/466/387 414/467/388 394/468/388 555/469/387
f 473/470/117 474/471/117 426/472/117 410/473/117
f 491/474/45 492/475/45 420/476/45 403/477/45
f 443/478/189 397/479/189 432/480/189 446/481/189
f 513/482/389 387/483/390 403/484/390 507/485/389
f 531/486/391 389/487/392 404/488/392 525/489/391
f 549/490/393 391/491/394 405/492/394 543/493/393
f 567/494/395 393/495/396 406/496/396 561/497/395
f 441/498/397 395/499/398 407/500/398 435/501/397
f 459/502/399 397/503/400 408/504/400 453/505/399
f 477/506/401 399/507/402 409/508/402 471/509/401
f 495/510/403 401/511/404 410/512/404 489/513/403
f 542/514/405 413/515/406 392/516/406 537/517/405
f 551/518/257 393/519/257 430/520/257 554/521/257
f 515/522/41 389/523/41 428/524/41 518/525/41
f 497/526/45 387/527/45 427/528/45 500/529/45
f 461/530/121 399/531/121 433/532/121 464/533/121
f 569/534/193 395/535/193 431/536/193 572/537/193
f 533/538/38 391/539/38 429/540/38 536/541/38
f 479/542/117 401/543/117 434/544/117 482/545/117
f 519/546/362 390/547/362 419/548/362 510/549/362
f 537/550/362 392/551/362 421/552/362 528/553/362
f 555/554/362 394/555/362 422/556/362 546/557/362
f 573/558/362 396/559/362 423/560/362 564/561/362
f 447/562/362 398/563/362 424/564/362 438/565/362
f 465/566/362 400/567/362 425/568/362 456/569/362
f 483/570/362 402/571/362 426/572/362 474/573/362
f 501/574/362 388/575/362 420/576/362 492/577/362
f 522/578/313 411/579/313 427/580/313 516/581/313
f 540/582/313 412/583/313 428/584/313 534/585/313
f 558/586/313 413/587/313 429/588/313 552/589/313
f 576/590/313 414/591/313 430/592/313 570/593/313
f 450/594/313 415/595/313 431/596/313 444/597/313
f 468/598/313 416/599/313 432/600/313 462/601/313
f 486/602/313 417/603/313 433/604/313 480/605/313
f 504/606/313 418/607/313 434/608/313 498/609/313
f 578/610/407 415/611/408 396/612/408 573/613/407
f 452/614/409 416/615/410 398/616/410 447/617/409
f 470/618/411 417/619/412 400/620/412 465/621/411
f 488/622/413 418/623/414 402/624/414 483/625/413
f 506/626/415 411/627/416 388/628/416 501/629/415
f 524/630/417 412/631/418 390/632/418 519/633/417
f 415/611/408 450/634/419 449/635/419 396/612/408
f 450/634/419 451/636/420 448/637/420 449/635/419
f 451/638/420 452/614/409 447/617/409 448/639/420
f 416/599/313 452/640/313 446/641/313 432/600/313
f 452/640/313 451/642/313 445/643/313 446/641/313
f 451/642/313 450/594/313 444/597/313 445/643/313
f 396/559/362 449/644/362 440/645/362 423/560/362
f 449/644/362 448/646/362 439/647/362 440/645/362
f 448/646/362 447/562/362 438/565/362 439/647/362
f 397/479/400 443/478/397 437/648/397 408/649/400
f 443/478/397 442/650/397 436/651/397 437/648/397
f 442/650/397 441/498/397 435/501/397 436/651/397
f 395/499/189 441/498/189 444/652/189 431/653/189
f 441/498/189 442/650/189 445/654/189 444/652/189
f 442/650/189 443/478/189 446/481/189 445/654/189
f 407/655/189 423/656/189 440/657/189 435/658/189
f 435/658/189 440/657/189 439/659/189 436/660/189
f 436/660/189 439/659/189 438/459/189 437/458/189
f 416/615/410 468/661/421 467/662/421 398/616/410
f 468/661/421 469/663/422 466/664/422 467/662/421
f 469/663/422 470/618/411 465/621/411 466/664/422
f 417/603/313 470/665/313 464/666/313 433/604/313
f 470/665/313 469/667/313 463/668/313 464/666/313
f 469/667/313 468/598/313 462/601/313 463/668/313
f 398/563/362 467/669/362 458/670/362 424/564/362
f 467/669/362 466/671/362 457/672/362 458/670/362
f 466/671/362 465/566/362 456/569/362 457/672/362
f 397/503/121 459/502/121 462/673/121 432/674/121
f 459/502/121 460/675/121 463/676/121 462/673/121
f 460/675/121 461/530/121 464/533/121 463/676/121
f 399/531/402 461/530/399 455/677/399 409/678/402
f 461/530/399 460/675/399 454/679/399 455/677/399
f 460/675/399 459/502/399 453/505/399 454/679/399
f 408/680/121 424/681/121 458/682/121 453/683/121
f 453/683/121 458/682/121 457/684/121 454/685/121
f 454/685/121 457/684/121 456/463/121 455/462/121
f 417/619/412 486/686/423 485/687/423 400/620/412
f 486/686/423 487/688/424 484/689/424 485/687/423
f 487/688/424 488/622/413 483/625/413 484/689/424
f 418/607/313 488/690/313 482/691/313 434/608/313
f 488/690/313 487/692/313 481/693/313 482/691/313
f 487/692/313 486/602/313 480/605/313 481/693/313
f 400/567/362 485/694/362 476/695/362 425/568/362
f 485/694/362 484/696/362 475/697/362 476/695/362
f 484/696/362 483/570/362 474/573/362 475/697/362
f 399/507/117 477/506/117 480/698/117 433/699/117
f 477/506/117 478/700/117 481/701/117 480/698/117
f 478/700/117 479/542/117 482/545/117 481/701/117
f 401/543/404 479/542/401 473/702/401 410/703/404
f 479/542/401 478/700/401 472/704/401 473/702/401
f 478/700/401 477/506/401 471/509/401 472/704/401
f 409/705/117 425/706/117 476/707/117 471/708/117
f 471/708/117 476/707/117 475/709/117 472/710/117
f 472/710/117 475/709/117 474/471/117 473/470/117
f 418/623/414 504/711/425 503/712/425 402/624/414
f 504/711/425 505/713/426 502/714/426 503/712/425
f 505/713/426 506/626/415 501/629/415 502/714/426
f 411/579/313 506/715/313 500/716/313 427/580/313
f 506/715/313 505/717/313 499/718/313 500/716/313
f 505/717/313 504/606/313 498/609/313 499/718/313
f 402/571/362 503/719/362 494/720/362 426/572/362
f 503/719/362 502/721/362 493/722/362 494/720/362
f 502/721/362 501/574/362 492/577/362 493/722/362
f 401/511/45 495/510/45 498/723/45 434/724/45
f 495/510/45 496/725/45 499/726/45 498/723/45
f 496/725/45 497/526/45 500/529/45 499/726/45
f 387/527/390 497/526/403 491/727/403 403/728/390
f 497/526/403 496/725/403 490/729/403 491/727/403
f 496/725/403 495/510/403 489/513/403 490/729/403
f 410/730/45 426/731/45 494/732/45 489/733/45
f 489/733/45 494/732/45 493/734/45 490/735/45
f 490/735/45 493/734/45 492/475/45 491/474/45
f 411/627/416 522/736/427 521/737/427 388/628/416
f 522/736/427 523/738/428 520/739/428 521/737/427
f 523/740/428 524/630/417 519/633/417 520/741/428
f 412/583/313 524/742/313 518/743/313 428/584/313
f 524/742/313 523/744/313 517/745/313 518/743/313
f 523/744/313 522/578/313 516/581/313 517/745/313
f 388/575/362 521/746/362 512/747/362 420/576/362
f 521/746/362 520/748/362 511/749/362 512/747/362
f 520/748/362 519/546/362 510/549/362 511/749/362
f 387/483/41 513/482/41 516/750/41 427/751/41
f 513/482/41 514/752/41 517/753/41 516/750/41
f 514/752/41 515/522/41 518/525/41 517/753/41
f 389/523/392 515/522/389 509/754/389 404/755/392
f 515/522/389 514/752/389 508/756/389 509/754/389
f 514/752/389 513/482/389 507/485/389 508/756/389
f 403/757/41 420/758/41 512/759/41 507/760/41
f 507/760/41 512/759/41 511/761/41 508/762/41
f 508/762/41 511/761/41 510/443/41 509/442/41
f 413/587/313 542/763/313 536/764/313 429/588/313
f 542/763/313 541/765/313 535/766/313 536/764/313
f 541/765/313 540/582/313 534/585/313 535/766/313
f 390/547/362 539/767/362 530/768/362 419/548/362
f 539/767/362 538/769/362 529/770/362 530/768/362
f 538/769/362 537/550/362 528/553/362 529/770/362
f 389/487/38 531/486/38 534/771/38 428/772/38
f 531/486/38 532/773/38 535/774/38 534/771/38
f 532/773/38 533/538/38 536/541/38 535/774/38
f 412/631/418 540/775/429 539/776/429 390/632/418
f 540/775/429 541/777/430 538/778/430 539/776/429
f 541/777/430 542/514/405 537/517/405 538/778/430
f 391/539/394 533/538/391 527/779/391 405/780/394
f 533/538/391 532/773/391 526/781/391 527/779/391
f 532/773/391 531/486/391 525/489/391 526/781/391
f 404/782/38 419/783/38 530/784/38 525/785/38
f 525/785/38 530/784/38 529/786/38 526/787/38
f 526/787/38 529/786/38 528/447/38 527/446/38
f 414/591/313 560/788/313 554/789/313 430/592/313
f 560/788/313 559/790/313 553/791/313 554/789/313
f 559/790/313 558/586/313 552/589/313 553/791/313
f 392/551/362 557/792/362 548/793/362 421/552/362
f 557/792/362 556/794/362 547/795/362 548/793/362
f 556/794/362 555/554/362 546/557/362 547/795/362
f 391/491/257 549/490/257 552/796/257 429/797/257
f 549/490/257 550/798/257 553/799/257 552/796/257
f 550/798/257 551/518/257 554/521/257 553/799/257
f 393/519/396 551/518/393 545/800/393 406/801/396
f 551/518/393 550/798/393 544/802/393 545/800/393
f 550/798/393 549/490/393 543/493/393 544/802/393
f 413/515/406 558/803/431 557/804/431 392/516/406
f 558/803/431 559/805/432 556/806/432 557/804/431
f 559/805/432 560/466/387 555/469/387 556/806/432
f 405/807/257 421/808/257 548/809/257 543/810/257
f 543/810/257 548/809/257 547/811/257 544/812/257
f 544/812/257 547/811/257 546/451/257 545/450/257
f 414/467/388 576/813/433 575/814/433 394/468/388
f 576/813/433 577/815/434 574/816/434 575/814/433
f 577/815/434 578/610/407 573/613/407 574/816/434
f 415/595/313 578/817/313 572/818/313 431/596/313
f 578/817/313 577/819/313 571/820/313 572/818/313
f 577/819/313 576/590/313 570/593/313 571/820/313
f 394/555/362 575/821/362 566/822/362 422/556/362
f 575/821/362 574/823/362 565/824/362 566/822/362
f 574/823/362 573/558/362 564/561/362 565/824/362
f 393/495/193 567/494/193 570/825/193 430/826/193
f 567/494/193 568/827/193 571/828/193 570/825/193
f 568/827/193 569/534/193 572/537/193 571/828/193
f 395/535/398 569/534/395 563/829/395 407/830/398
f 569/534/395 568/827/395 562/831/395 563/829/395
f 568/827/395 567/494/395 561/497/395 562/831/395
f 406/832/193 422/833/193 566/834/193 561/835/193
f 561/835/193 566/834/193 565/836/193 562/837/193
f 562/837/193 565/836/193 564/455/193 563/454/193
f 611/838/41 580/839/41 582/840/435 612/841/435
f 612/841/435 582/840/435 584/842/38 613/843/38
f 613/843/38 584/842/38 586/844/436 614/845/436
f 614/845/436 586/844/436 588/846/257 615/847/257
f 615/847/257 588/846/257 590/848/437 616/849/437
f 616/849/437 590/848/437 592/850/193 617/851/193
f 617/851/193 592/850/193 594/852/438 618/853/438
f 618/853/438 594/852/438 596/854/189 619/855/189
f 619/855/189 596/854/189 598/856/439 620/857/439
f 620/857/439 598/856/439 600/858/121 621/859/121
f 621/859/121 600/858/121 602/860/440 622/861/440
f 622/861/440 602/860/440 604/862/117 623/863/117
f 623/864/117 604/865/117 606/866/441 624/867/441
f 584/868/362 582/869/362 580/870/362 739/871/362
f 624/867/441 606/866/441 608/872/45 625/873/45
f 625/873/45 608/872/45 610/874/442 626/875/442
f 641/876/443 626/875/443 611/838/444 642/877/444
f 640/878/445 625/873/445 626/875/443 641/876/443
f 639/879/446 624/867/446 625/873/445 640/878/445
f 638/880/447 623/864/447 624/867/446 639/879/446
f 637/881/448 622/861/448 623/863/447 638/882/447
f 636/883/449 621/859/449 622/861/448 637/881/448
f 635/884/450 620/857/450 621/859/449 636/883/449
f 634/885/451 619/855/451 620/857/450 635/884/450
f 633/886/452 618/853/452 619/855/451 634/885/451
f 632/887/453 617/851/453 618/853/452 633/886/452
f 631/888/454 616/849/454 617/851/453 632/887/453
f 630/889/455 615/847/455 616/849/454 631/888/454
f 629/890/456 614/845/456 615/847/455 630/889/455
f 628/891/457 613/843/457 614/845/456 629/890/456
f 627/892/458 612/841/458 613/843/457 628/891/457
f 642/877/444 611/838/444 612/841/458 627/892/458
f 675/893/459 642/877/459 627/892/460 676/894/460
f 676/894/460 627/892/460 628/891/461 677/895/461
f 677/895/461 628/891/461 629/890/462 678/896/462
f 678/896/462 629/890/462 630/889/463 679/897/463
f 679/897/463 630/889/463 631/888/464 680/898/464
f 680/898/464 631/888/464 632/887/465 681/899/465
f 681/899/465 632/887/465 633/886/466 682/900/466
f 682/900/466 633/886/466 634/885/467 683/901/467
f 683/901/467 634/885/467 635/884/468 684/902/468
f 684/902/468 635/884/468 636/883/469 685/903/469
f 685/903/469 636/883/469 637/881/470 686/904/470
f 686/904/470 637/881/470 638/882/471 687/905/471
f 687/906/471 638/880/471 639/879/472 688/907/472
f 688/907/472 639/879/472 640/878/473 689/908/473
f 689/908/473 640/878/473 641/876/474 690/909/474
f 690/909/474 641/876/474 642/877/459 675/893/459
f 609/910/442 734/911/475 736/912/476 579/913/41
f 607/914/45 731/915/477 734/911/475 609/910/442
f 605/916/441 728/917/478 731/915/477 607/914/45
f 603/918/117 725/919/479 728/917/478 605/916/441
f 601/920/440 722/921/480 725/922/479 603/923/117
f 599/924/121 719/925/481 722/921/480 601/920/440
f 597/926/439 716/927/482 719/925/481 599/924/121
f 595/928/189 713/929/483 716/927/482 597/926/439
f 593/930/438 710/931/484 713/929/483 595/928/189
f 591/932/193 707/933/485 710/931/484 593/930/438
f 589/934/437 704/935/486 707/933/485 591/932/193
f 587/936/257 701/937/487 704/935/486 589/934/437
f 585/938/436 698/939/488 701/937/487 587/936/257
f 737/940/489 658/941/490 643/942/491 691/943/492
f 583/944/38 695/945/493 698/939/488 585/938/436
f 691/943/492 643/942/491 644/946/494 694/947/495
f 579/913/41 736/912/476 692/948/496 581/949/435
f 694/947/495 644/946/494 645/950/497 697/951/498
f 697/951/498 645/950/497 646/952/499 700/953/500
f 700/953/500 646/952/499 647/954/501 703/955/502
f 703/955/502 647/954/501 648/956/503 706/957/504
f 706/957/504 648/956/503 649/958/505 709/959/506
f 709/959/506 649/958/505 650/960/507 712/961/508
f 712/961/508 650/960/507 651/962/509 715/963/510
f 715/963/510 651/962/509 652/964/511 718/965/512
f 718/965/512 652/964/511 653/966/513 721/967/514
f 721/967/514 653/966/513 654/968/515 724/969/516
f 724/970/516 654/971/515 655/972/517 727/973/518
f 727/973/518 655/972/517 656/974/519 730/975/520
f 730/975/520 656/974/519 657/976/521 733/977/522
f 733/977/522 657/976/521 658/941/490 737/940/489
f 657/976/523 674/978/523 659/979/524 658/941/524
f 656/974/525 673/980/525 674/978/523 657/976/523
f 655/972/526 672/981/526 673/980/525 656/974/525
f 654/971/527 671/982/527 672/981/526 655/972/526
f 653/966/528 670/983/528 671/984/527 654/968/527
f 652/964/529 669/985/529 670/983/528 653/966/528
f 651/962/530 668/986/530 669/985/529 652/964/529
f 650/960/531 667/987/531 668/986/530 651/962/530
f 649/958/532 666/988/532 667/987/531 650/960/531
f 648/956/533 665/989/533 666/988/532 649/958/532
f 647/954/534 664/990/534 665/989/533 648/956/533
f 646/952/535 663/991/535 664/990/534 647/954/534
f 645/950/536 662/992/536 663/991/535 646/952/535
f 644/946/537 661/993/537 662/992/536 645/950/536
f 643/942/538 660/994/538 661/993/537 644/946/537
f 658/941/524 659/979/524 660/994/538 643/942/538
f 674/978/539 690/909/539 675/893/540 659/979/540
f 673/980/541 689/908/541 690/909/539 674/978/539
f 672/981/542 688/907/542 689/908/541 673/980/541
f 671/982/543 687/906/543 688/907/542 672/981/542
f 670/983/544 686/904/544 687/905/543 671/984/543
f 669/985/545 685/903/545 686/904/544 670/983/544
f 668/986/546 684/902/546 685/903/545 669/985/545
f 667/987/547 683/901/547 684/902/546 668/986/546
f 666/988/548 682/900/548 683/901/547 667/987/547
f 665/989/549 681/899/549 682/900/548 666/988/548
f 664/990/550 680/898/550 681/899/549 665/989/549
f 663/991/551 679/897/551 680/898/550 664/990/550
f 662/992/552 678/896/552 679/897/551 663/991/551
f 661/993/553 677/895/553 678/896/552 662/992/552
f 660/994/554 676/894/554 677/895/553 661/993/553
f 659/979/540 675/893/540 676/894/554 660/994/554
f 737/940/489 691/943/492 693/995/555 738/996/556
f 738/996/556 693/995/555 692/948/496 736/912/476
f 691/943/492 694/947/495 696/997/557 693/995/555
f 693/995/555 696/997/557 695/945/493 692/948/496
f 694/947/495 697/951/498 699/998/558 696/997/557
f 696/997/557 699/998/558 698/939/488 695/945/493
f 697/951/498 700/953/500 702/999/559 699/998/558
f 699/998/558 702/999/559 701/937/487 698/939/488
f 700/953/500 703/955/502 705/1000/560 702/999/559
f 702/999/559 705/1000/560 704/935/486 701/937/487
f 703/955/502 706/957/504 708/1001/561 705/1000/560
f 705/1000/560 708/1001/561 707/933/485 704/935/486
f 706/957/504 709/959/506 711/1002/562 708/1001/561
f 708/1001/561 711/1002/562 710/931/484 707/933/485
f 709/959/506 712/961/508 714/1003/563 711/1002/562
f 711/1002/562 714/1003/563 713/929/483 710/931/484
f 712/961/508 715/963/510 717/1004/564 714/1003/563
f 714/1003/563 717/1004/564 716/927/482 713/929/483
f 715/963/510 718/965/512 720/1005/565 717/1004/564
f 717/1004/564 720/1005/565 719/925/481 716/927/482
f 718/965/512 721/967/514 723/1006/566 720/1005/565
f 720/1005/565 723/1006/566 722/921/480 719/925/481
f 721/967/514 724/969/516 726/1007/567 723/1006/566
f 723/1006/566 726/1007/567 725/922/479 722/921/480
f 724/970/516 727/973/518 729/1008/568 726/1009/567
f 726/1009/567 729/1008/568 728/917/478 725/919/479
f 727/973/518 730/975/520 732/1010/569 729/1008/568
f 729/1008/568 732/1010/569 731/915/477 728/917/478
f 730/975/520 733/977/522 735/1011/570 732/1010/569
f 732/1010/569 735/1011/570 734/911/475 731/915/477
f 733/977/522 737/940/489 738/996/556 735/1011/570
f 735/1011/570 738/996/556 736/912/476 734/911/475
f 581/949/435 692/948/496 695/945/493 583/944/38
f 626/875/442 610/874/442 580/839/41 611/838/41
f 610/1012/362 608/1013/362 739/871/362 580/870/362
f 606/1014/362 604/1015/362 739/871/362 608/1013/362
f 602/1016/362 600/1017/362 739/871/362 604/1015/362
f 598/1018/362 596/1019/362 739/871/362 600/1017/362
f 594/1020/362 592/1021/362 739/871/362 596/1019/362
f 590/1022/362 588/1023/362 739/871/362 592/1021/362
f 586/1024/362 584/868/362 739/871/362 588/1023/362
f 740/1025/41 773/1026/41 772/1027/435 742/1028/435
f 742/1028/435 772/1027/435 774/1029/38 744/1030/38
f 744/1030/38 774/1029/38 775/1031/436 746/1032/436
f 746/1032/436 775/1031/436 776/1033/257 748/1034/257
f 748/1034/257 776/1033/257 777/1035/437 750/1036/437
f 750/1036/437 777/1035/437 778/1037/193 752/1038/193
f 752/1038/193 778/1037/193 779/1039/438 754/1040/438
f 754/1040/438 779/1039/438 780/1041/189 756/1042/189
f 756/1043/189 780/1044/189 781/1045/439 758/1046/439
f 758/1046/439 781/1045/439 782/1047/121 760/1048/121
f 760/1048/121 782/1047/121 783/1049/440 762/1050/440
f 762/1050/440 783/1049/440 784/1051/117 764/1052/117
f 764/1052/117 784/1051/117 785/1053/441 766/1054/441
f 766/1054/441 785/1053/441 786/1055/45 768/1056/45
f 768/1056/45 786/1055/45 787/1057/442 770/1058/442
f 770/1058/442 787/1057/442 773/1026/41 740/1025/41
f 789/1059/571 788/1060/572 772/1027/572 773/1026/571
f 788/1060/572 790/1061/573 774/1029/573 772/1027/572
f 790/1061/573 791/1062/574 775/1031/574 774/1029/573
f 791/1062/574 792/1063/575 776/1033/575 775/1031/574
f 792/1063/575 793/1064/576 777/1035/576 776/1033/575
f 793/1064/576 794/1065/577 778/1037/577 777/1035/576
f 794/1065/577 795/1066/578 779/1039/578 778/1037/577
f 795/1066/578 796/1067/579 780/1041/579 779/1039/578
f 796/1068/579 797/1069/580 781/1045/580 780/1044/579
f 797/1069/580 798/1070/581 782/1047/581 781/1045/580
f 798/1070/581 799/1071/582 783/1049/582 782/1047/581
f 799/1071/582 800/1072/583 784/1051/583 783/1049/582
f 800/1072/583 801/1073/584 785/1053/584 784/1051/583
f 801/1073/584 802/1074/585 786/1055/585 785/1053/584
f 802/1074/585 803/1075/586 787/1057/586 786/1055/585
f 803/1075/586 789/1059/571 773/1026/571 787/1057/586
f 798/1070/121 797/1069/439 813/1076/439 814/1077/121
f 747/1078/440 749/1079/117 824/1080/117 823/1081/440
f 797/1069/439 796/1068/189 812/1082/189 813/1076/439
f 745/1083/121 747/1078/440 823/1081/440 822/1084/121
f 796/1067/189 795/1066/438 811/1085/438 812/1086/189
f 771/1087/438 741/1088/189 821/1089/189 835/1090/438
f 743/1091/439 745/1083/121 822/1084/121 820/1092/439
f 795/1066/438 794/1065/193 810/1093/193 811/1085/438
f 769/1094/193 771/1087/438 835/1090/438 834/1095/193
f 741/1088/189 743/1091/439 820/1092/439 821/1089/189
f 794/1065/193 793/1064/437 809/1096/437 810/1093/193
f 767/1097/437 769/1094/193 834/1095/193 833/1098/437
f 793/1064/437 792/1063/257 808/1099/257 809/1096/437
f 765/1100/257 767/1097/437 833/1098/437 832/1101/257
f 792/1063/257 791/1062/436 807/1102/436 808/1099/257
f 763/1103/436 765/1100/257 832/1101/257 831/1104/436
f 821/1105/362 820/1106/362 804/1107/362 805/1108/362
f 820/1106/362 822/1109/362 806/1110/362 804/1107/362
f 822/1109/362 823/1111/362 807/1112/362 806/1110/362
f 823/1111/362 824/1113/362 808/1114/362 807/1112/362
f 824/1113/362 825/1115/362 809/1116/362 808/1114/362
f 825/1115/362 826/1117/362 810/1118/362 809/1116/362
f 826/1117/362 827/1119/362 811/1120/362 810/1118/362
f 827/1119/362 828/1121/362 812/1122/362 811/1120/362
f 828/1123/362 829/1124/362 813/1125/362 812/1126/362
f 829/1124/362 830/1127/362 814/1128/362 813/1125/362
f 830/1127/362 831/1129/362 815/1130/362 814/1128/362
f 831/1129/362 832/1131/362 816/1132/362 815/1130/362
f 832/1131/362 833/1133/362 817/1134/362 816/1132/362
f 833/1133/362 834/1135/362 818/1136/362 817/1134/362
f 834/1135/362 835/1137/362 819/1138/362 818/1136/362
f 835/1137/362 821/1105/362 805/1108/362 819/1138/362
f 749/1079/117 751/1139/441 825/1140/441 824/1080/117
f 799/1071/440 798/1070/121 814/1077/121 815/1141/440
f 751/1139/441 753/1142/45 826/1143/45 825/1140/441
f 800/1072/117 799/1071/440 815/1141/440 816/1144/117
f 753/1142/45 755/1145/442 827/1146/442 826/1143/45
f 801/1073/441 800/1072/117 816/1144/117 817/1147/441
f 755/1145/442 757/1148/41 828/1149/41 827/1146/442
f 802/1074/45 801/1073/441 817/1147/441 818/1150/45
f 757/1151/41 759/1152/435 829/1153/435 828/1154/41
f 788/1060/435 789/1059/41 805/1155/41 804/1156/435
f 803/1075/442 802/1074/45 818/1150/45 819/1157/442
f 759/1152/435 761/1158/38 830/1159/38 829/1153/435
f 790/1061/38 788/1060/435 804/1156/435 806/1160/38
f 789/1059/41 803/1075/442 819/1157/442 805/1155/41
f 761/1158/38 763/1103/436 831/1104/436 830/1159/38
f 791/1062/436 790/1061/38 806/1160/38 807/1102/436
f 771/1161/362 769/1162/362 836/1163/362 741/1164/362
f 767/1165/362 765/1166/362 836/1163/362 769/1162/362
f 763/1167/362 761/1168/362 836/1163/362 765/1166/362
f 759/1169/362 757/1170/362 836/1163/362 761/1168/362
f 755/1171/362 753/1172/362 836/1163/362 757/1170/362
f 751/1173/362 749/1174/362 836/1163/362 753/1172/362
f 747/1175/362 745/1176/362 836/1163/362 749/1174/362
f 742/1177/313 744/1178/313 837/1179/313 740/1180/313
f 746/1181/313 748/1182/313 837/1179/313 744/1178/313
f 750/1183/313 752/1184/313 837/1179/313 748/1182/313
f 754/1185/313 756/1186/313 837/1179/313 752/1184/313
f 758/1187/313 760/1188/313 837/1179/313 756/1186/313
f 762/1189/313 764/1190/313 837/1179/313 760/1188/313
f 766/1191/313 768/1192/313 837/1179/313 764/1190/313
f 770/1193/313 740/1180/313 837/1179/313 768/1192/313
f 745/1176/362 743/1194/362 741/1164/362 836/1163/362
f 839/1195/313 859/1196/313 902/1197/313 858/1198/313
f 881/1199/362 880/1200/362 838/1201/362 921/1202/362
f 880/1203/362 842/1204/362 843/1205/362 838/1206/362
f 879/1207/38 845/1208/38 842/1209/38 880/1210/38
f 858/1211/313 840/1212/313 841/1213/313 839/1214/313
f 845/1215/587 851/1216/588 848/1217/588 846/1218/587
f 844/1219/589 849/1220/590 850/1221/590 847/1222/589
f 840/1212/313 856/1223/313 857/1224/313 841/1213/313
f 842/1225/591 845/1215/591 846/1218/591 843/1226/591
f 852/1227/313 844/1228/313 847/1229/313 853/1230/313
f 846/1231/121 848/1232/121 856/1233/121 840/1234/121
f 851/1235/38 857/1236/38 853/1237/38 854/1238/38
f 854/1239/592 855/1240/592 848/1217/588 851/1216/588
f 850/1221/590 849/1220/590 855/1240/592 854/1239/592
f 898/1241/121 846/1231/121 840/1234/121 858/1242/121
f 850/1243/38 854/1238/38 853/1237/38 847/1244/38
f 848/1232/121 855/1245/121 852/1246/121 856/1233/121
f 856/1223/313 852/1227/313 853/1230/313 857/1224/313
f 855/1245/121 849/1247/121 844/1248/121 852/1246/121
f 838/1249/121 843/1250/121 846/1231/121 898/1241/121
f 839/1251/38 841/1252/38 845/1208/38 879/1207/38
f 845/1208/38 841/1252/38 857/1236/38 851/1235/38
f 881/1253/362 862/1254/362 863/1255/362 880/1256/362
f 876/1257/193 865/1258/193 862/1259/193 881/1260/193
f 839/1261/313 860/1262/313 861/1263/313 859/1264/313
f 865/1265/593 871/1266/594 868/1267/594 866/1268/593
f 864/1269/595 869/1270/596 870/1271/596 867/1272/595
f 860/1262/313 877/1273/313 878/1274/313 861/1263/313
f 862/1275/597 865/1265/597 866/1268/597 863/1276/597
f 872/1277/313 864/1269/313 867/1272/313 873/1278/313
f 866/1279/45 868/1280/45 877/1281/45 860/1282/45
f 871/1283/193 878/1284/193 873/1285/193 874/1286/193
f 874/1287/598 875/1288/598 868/1267/594 871/1266/594
f 870/1271/596 869/1270/596 875/1288/598 874/1287/598
f 879/1289/45 866/1279/45 860/1282/45 839/1290/45
f 870/1291/193 874/1286/193 873/1285/193 867/1292/193
f 868/1280/45 875/1293/45 872/1294/45 877/1281/45
f 877/1273/313 872/1277/313 873/1278/313 878/1274/313
f 875/1293/45 869/1295/45 864/1296/45 872/1294/45
f 880/1297/45 863/1298/45 866/1279/45 879/1289/45
f 859/1299/193 861/1300/193 865/1258/193 876/1257/193
f 865/1258/193 861/1300/193 878/1284/193 871/1283/193
f 838/1301/362 884/1302/362 885/1303/362 921/1304/362
f 898/1305/45 887/1306/45 884/1307/45 838/1308/45
f 902/1309/313 882/1310/313 883/1311/313 858/1312/313
f 887/1313/599 893/1314/600 890/1315/600 888/1316/599
f 886/1317/601 891/1318/602 892/1319/602 889/1320/601
f 882/1310/313 899/1321/313 900/1322/313 883/1311/313
f 884/1323/603 887/1313/603 888/1316/603 885/1324/603
f 894/1325/313 886/1326/313 889/1327/313 895/1328/313
f 888/1329/193 890/1330/193 899/1331/193 882/1332/193
f 893/1333/45 900/1334/45 895/1335/45 896/1336/45
f 896/1337/604 897/1338/604 890/1315/600 893/1314/600
f 892/1319/602 891/1318/602 897/1338/604 896/1337/604
f 901/1339/193 888/1329/193 882/1332/193 902/1340/193
f 892/1341/45 896/1336/45 895/1335/45 889/1342/45
f 890/1330/193 897/1343/193 894/1344/193 899/1331/193
f 899/1321/313 894/1325/313 895/1328/313 900/1322/313
f 897/1343/193 891/1345/193 886/1346/193 894/1344/193
f 921/1347/193 885/1348/193 888/1329/193 901/1339/193
f 858/1349/45 883/1350/45 887/1306/45 898/1305/45
f 887/1306/45 883/1350/45 900/1334/45 893/1333/45
f 921/1351/362 905/1352/362 906/1353/362 881/1354/362
f 901/1355/121 908/1356/121 905/1357/121 921/1358/121
f 859/1359/313 903/1360/313 904/1361/313 902/1362/313
f 908/1363/605 914/1364/606 911/1365/606 909/1366/605
f 907/1367/607 912/1368/608 913/1369/608 910/1370/607
f 903/1360/313 919/1371/313 920/1372/313 904/1361/313
f 905/1373/609 908/1363/609 909/1366/609 906/1374/609
f 915/1375/313 907/1376/313 910/1377/313 916/1378/313
f 909/1379/38 911/1380/38 919/1381/38 903/1382/38
f 914/1383/121 920/1384/121 916/1385/121 917/1386/121
f 917/1387/610 918/1388/610 911/1365/606 914/1364/606
f 913/1369/608 912/1368/608 918/1388/610 917/1387/610
f 876/1389/38 909/1379/38 903/1382/38 859/1390/38
f 913/1391/121 917/1386/121 916/1385/121 910/1392/121
f 911/1380/38 918/1393/38 915/1394/38 919/1381/38
f 919/1371/313 915/1375/313 916/1378/313 920/1372/313
f 918/1393/38 912/1395/38 907/1396/38 915/1394/38
f 881/1397/38 906/1398/38 909/1379/38 876/1389/38
f 902/1399/121 904/1400/121 908/1356/121 901/1355/121
f 908/1356/121 904/1400/121 920/1384/121 914/1383/121
f 922/1401/41 987/1402/41 986/1403/611 924/1404/611
f 924/1404/611 986/1403/611 988/1405/435 926/1406/435
f 926/1406/435 988/1405/435 989/1407/612 928/1408/612
f 928/1408/612 989/1407/612 990/1409/38 930/1410/38
f 930/1410/38 990/1409/38 991/1411/613 932/1412/613
f 932/1412/613 991/1411/613 992/1413/436 934/1414/436
f 934/1414/436 992/1413/436 993/1415/614 936/1416/614
f 936/1416/614 993/1415/614 994/1417/257 938/1418/257
f 938/1418/257 994/1417/257 995/1419/615 940/1420/615
f 940/1420/615 995/1419/615 996/1421/437 942/1422/437
f 942/1422/437 996/1421/437 997/1423/616 944/1424/616
f 944/1424/616 997/1423/616 998/1425/193 946/1426/193
f 946/1426/193 998/1425/193 999/1427/617 948/1428/617
f 948/1428/617 999/1427/617 1000/1429/438 950/1430/438
f 950/1430/438 1000/1429/438 1001/1431/618 952/1432/618
f 952/1432/618 1001/1431/618 1002/1433/189 954/1434/189
f 954/1434/189 1002/1433/189 1003/1435/619 956/1436/619
f 956/1436/619 1003/1435/619 1004/1437/439 958/1438/439
f 958/1438/439 1004/1437/439 1005/1439/620 960/1440/620
f 960/1440/620 1005/1439/620 1006/1441/121 962/1442/121
f 962/1442/121 1006/1441/121 1007/1443/621 964/1444/621
f 964/1444/621 1007/1443/621 1008/1445/440 966/1446/440
f 966/1446/440 1008/1445/440 1009/1447/622 968/1448/622
f 968/1448/622 1009/1447/622 1010/1449/117 970/1450/117
f 970/1450/117 1010/1449/117 1011/1451/623 972/1452/623
f 972/1452/623 1011/1451/623 1012/1453/441 974/1454/441
f 974/1454/441 1012/1453/441 1013/1455/624 976/1456/624
f 976/1456/624 1013/1455/624 1014/1457/45 978/1458/45
f 978/1458/45 1014/1457/45 1015/1459/625 980/1460/625
f 980/1460/625 1015/1459/625 1016/1461/442 982/1462/442
f 928/1463/313 930/1464/313 1243/1465/313 926/1466/313
f 982/1462/442 1016/1461/442 1017/1467/626 984/1468/626
f 984/1468/626 1017/1467/626 987/1469/41 922/1470/41
f 927/1471/362 925/1472/362 923/1473/362 1242/1474/362
f 1019/1475/362 1018/1476/362 986/1403/362 987/1402/362
f 1018/1476/362 1020/1477/362 988/1405/362 986/1403/362
f 1020/1477/362 1021/1478/362 989/1407/362 988/1405/362
f 1021/1478/362 1022/1479/362 990/1409/362 989/1407/362
f 1022/1479/362 1023/1480/362 991/1411/362 990/1409/362
f 1023/1480/362 1024/1481/362 992/1413/362 991/1411/362
f 1024/1481/362 1025/1482/362 993/1415/362 992/1413/362
f 1025/1482/362 1026/1483/362 994/1417/362 993/1415/362
f 1026/1483/362 1027/1484/362 995/1419/362 994/1417/362
f 1027/1484/362 1028/1485/362 996/1421/362 995/1419/362
f 1028/1485/362 1029/1486/362 997/1423/362 996/1421/362
f 1029/1486/362 1030/1487/362 998/1425/362 997/1423/362
f 1030/1487/362 1031/1488/362 999/1427/362 998/1425/362
f 1031/1488/362 1032/1489/362 1000/1429/362 999/1427/362
f 1032/1489/362 1033/1490/362 1001/1431/362 1000/1429/362
f 1033/1490/362 1034/1491/362 1002/1433/362 1001/1431/362
f 1034/1491/362 1035/1492/362 1003/1435/362 1002/1433/362
f 1035/1492/362 1036/1493/362 1004/1437/362 1003/1435/362
f 1036/1493/362 1037/1494/362 1005/1439/362 1004/1437/362
f 1037/1494/362 1038/1495/362 1006/1441/362 1005/1439/362
f 1038/1495/362 1039/1496/362 1007/1443/362 1006/1441/362
f 1039/1496/362 1040/1497/362 1008/1445/362 1007/1443/362
f 1040/1497/362 1041/1498/362 1009/1447/362 1008/1445/362
f 1041/1498/362 1042/1499/362 1010/1449/362 1009/1447/362
f 1042/1499/362 1043/1500/362 1011/1451/362 1010/1449/362
f 1043/1500/362 1044/1501/362 1012/1453/362 1011/1451/362
f 1044/1501/362 1045/1502/362 1013/1455/362 1012/1453/362
f 1045/1502/362 1046/1503/362 1014/1457/362 1013/1455/362
f 1046/1503/362 1047/1504/362 1015/1459/362 1014/1457/362
f 1047/1504/362 1048/1505/362 1016/1461/362 1015/1459/362
f 1048/1505/362 1049/1506/362 1017/1467/362 1016/1461/362
f 1049/1506/362 1019/1507/362 987/1469/362 1017/1467/362
f 1051/1508/627 1050/1509/628 1018/1476/628 1019/1475/627
f 1050/1509/628 1052/1510/629 1020/1477/629 1018/1476/628
f 1052/1510/629 1053/1511/630 1021/1478/630 1020/1477/629
f 1053/1511/630 1054/1512/631 1022/1479/631 1021/1478/630
f 1054/1512/631 1055/1513/632 1023/1480/632 1022/1479/631
f 1055/1513/632 1056/1514/633 1024/1481/633 1023/1480/632
f 1056/1514/633 1057/1515/634 1025/1482/634 1024/1481/633
f 1057/1515/634 1058/1516/635 1026/1483/635 1025/1482/634
f 1058/1516/635 1059/1517/636 1027/1484/636 1026/1483/635
f 1059/1517/636 1060/1518/637 1028/1485/637 1027/1484/636
f 1060/1518/637 1061/1519/638 1029/1486/638 1028/1485/637
f 1061/1519/638 1062/1520/639 1030/1487/639 1029/1486/638
f 1062/1520/639 1063/1521/640 1031/1488/640 1030/1487/639
f 1063/1521/640 1064/1522/641 1032/1489/641 1031/1488/640
f 1064/1522/641 1065/1523/642 1033/1490/642 1032/1489/641
f 1065/1523/642 1066/1524/643 1034/1491/643 1033/1490/642
f 1066/1524/643 1067/1525/644 1035/1492/644 1034/1491/643
f 1067/1525/644 1068/1526/645 1036/1493/645 1035/1492/644
f 1068/1526/645 1069/1527/646 1037/1494/646 1036/1493/645
f 1069/1527/646 1070/1528/647 1038/1495/647 1037/1494/646
f 1070/1528/647 1071/1529/648 1039/1496/648 1038/1495/647
f 1071/1529/648 1072/1530/649 1040/1497/649 1039/1496/648
f 1072/1530/649 1073/1531/650 1041/1498/650 1040/1497/649
f 1073/1531/650 1074/1532/651 1042/1499/651 1041/1498/650
f 1074/1532/651 1075/1533/652 1043/1500/652 1042/1499/651
f 1075/1533/652 1076/1534/653 1044/1501/653 1043/1500/652
f 1076/1534/653 1077/1535/654 1045/1502/654 1044/1501/653
f 1077/1535/654 1078/1536/655 1046/1503/655 1045/1502/654
f 1078/1536/655 1079/1537/656 1047/1504/656 1046/1503/655
f 1079/1537/656 1080/1538/657 1048/1505/657 1047/1504/656
f 1080/1538/657 1081/1539/658 1049/1506/658 1048/1505/657
f 1081/1539/658 1051/1540/627 1019/1507/627 1049/1506/658
f 1083/1541/362 1082/1542/362 1050/1509/362 1051/1508/362
f 1082/1542/362 1084/1543/362 1052/1510/362 1050/1509/362
f 1084/1543/362 1085/1544/362 1053/1511/362 1052/1510/362
f 1085/1544/362 1086/1545/362 1054/1512/362 1053/1511/362
f 1086/1545/362 1087/1546/362 1055/1513/362 1054/1512/362
f 1087/1546/362 1088/1547/362 1056/1514/362 1055/1513/362
f 1088/1547/362 1089/1548/362 1057/1515/362 1056/1514/362
f 1089/1548/362 1090/1549/362 1058/1516/362 1057/1515/362
f 1090/1549/362 1091/1550/362 1059/1517/362 1058/1516/362
f 1091/1550/362 1092/1551/362 1060/1518/362 1059/1517/362
f 1092/1551/362 1093/1552/362 1061/1519/362 1060/1518/362
f 1093/1552/362 1094/1553/362 1062/1520/362 1061/1519/362
f 1094/1553/362 1095/1554/362 1063/1521/362 1062/1520/362
f 1095/1554/362 1096/1555/362 1064/1522/362 1063/1521/362
f 1096/1555/362 1097/1556/362 1065/1523/362 1064/1522/362
f 1097/1556/362 1098/1557/362 1066/1524/362 1065/1523/362
f 1098/1557/362 1099/1558/362 1067/1525/362 1066/1524/362
f 1099/1558/362 1100/1559/362 1068/1526/362 1067/1525/362
f 1100/1559/362 1101/1560/362 1069/1527/362 1068/1526/362
f 1101/1560/362 1102/1561/362 1070/1528/362 1069/1527/362
f 1102/1561/362 1103/1562/362 1071/1529/362 1070/1528/362
f 1103/1562/362 1104/1563/362 1072/1530/362 1071/1529/362
f 1104/1563/362 1105/1564/362 1073/1531/362 1072/1530/362
f 1105/1564/362 1106/1565/362 1074/1532/362 1073/1531/362
f 1106/1565/362 1107/1566/362 1075/1533/362 1074/1532/362
f 1107/1566/362 1108/1567/362 1076/1534/362 1075/1533/362
f 1108/1567/362 1109/1568/362 1077/1535/362 1076/1534/362
f 1109/1568/362 1110/1569/362 1078/1536/362 1077/1535/362
f 1110/1569/362 1111/1570/362 1079/1537/362 1078/1536/362
f 1111/1570/362 1112/1571/362 1080/1538/362 1079/1537/362
f 1112/1571/362 1113/1572/362 1081/1539/362 1080/1538/362
f 1113/1572/362 1083/1573/362 1051/1540/362 1081/1539/362
f 1115/1574/659 1114/1575/660 1082/1576/660 1083/1577/659
f 1114/1575/660 1116/1578/661 1084/1579/661 1082/1576/660
f 1116/1578/661 1117/1580/662 1085/1581/662 1084/1579/661
f 1117/1580/662 1118/1582/663 1086/1583/663 1085/1581/662
f 1118/1582/663 1119/1584/664 1087/1585/664 1086/1583/663
f 1119/1584/664 1120/1586/665 1088/1587/665 1087/1585/664
f 1120/1586/665 1121/1588/666 1089/1589/666 1088/1587/665
f 1121/1588/666 1122/1590/667 1090/1591/667 1089/1589/666
f 1122/1590/667 1123/1592/668 1091/1593/668 1090/1591/667
f 1123/1592/668 1124/1594/669 1092/1595/669 1091/1593/668
f 1124/1594/669 1125/1596/670 1093/1597/670 1092/1595/669
f 1125/1596/670 1126/1598/671 1094/1599/671 1093/1597/670
f 1126/1598/671 1127/1600/672 1095/1601/672 1094/1599/671
f 1127/1600/672 1128/1602/673 1096/1603/673 1095/1601/672
f 1128/1602/673 1129/1604/674 1097/1605/674 1096/1603/673
f 1129/1604/674 1130/1606/675 1098/1607/675 1097/1605/674
f 1130/1606/675 1131/1608/676 1099/1609/676 1098/1607/675
f 1131/1608/676 1132/1610/677 1100/1611/677 1099/1609/676
f 1132/1610/677 1133/1612/678 1101/1613/678 1100/1611/677
f 1133/1612/678 1134/1614/679 1102/1615/679 1101/1613/678
f 1134/1614/679 1135/1616/680 1103/1617/680 1102/1615/679
f 1135/1616/680 1136/1618/681 1104/1619/681 1103/1617/680
f 1136/1618/681 1137/1620/682 1105/1621/682 1104/1619/681
f 1137/1620/682 1138/1622/683 1106/1623/683 1105/1621/682
f 1138/1622/683 1139/1624/684 1107/1625/684 1106/1623/683
f 1139/1624/684 1140/1626/685 1108/1627/685 1107/1625/684
f 1140/1626/685 1141/1628/686 1109/1629/686 1108/1627/685
f 1141/1628/686 1142/1630/687 1110/1631/687 1109/1629/686
f 1142/1630/687 1143/1632/688 1111/1633/688 1110/1631/687
f 1143/1632/688 1144/1634/689 1112/1635/689 1111/1633/688
f 1144/1634/689 1145/1636/690 1113/1637/690 1112/1635/689
f 1145/1636/690 1115/1574/659 1083/1577/659 1113/1637/690
f 1147/1638/362 1146/1639/362 1114/1575/362 1115/1574/362
f 1146/1639/362 1148/1640/362 1116/1578/362 1114/1575/362
f 1148/1640/362 1149/1641/362 1117/1580/362 1116/1578/362
f 1149/1641/362 1150/1642/362 1118/1582/362 1117/1580/362
f 1150/1642/362 1151/1643/362 1119/1584/362 1118/1582/362
f 1151/1643/362 1152/1644/362 1120/1586/362 1119/1584/362
f 1152/1644/362 1153/1645/362 1121/1588/362 1120/1586/362
f 1153/1645/362 1154/1646/362 1122/1590/362 1121/1588/362
f 1154/1646/362 1155/1647/362 1123/1592/362 1122/1590/362
f 1155/1647/362 1156/1648/362 1124/1594/362 1123/1592/362
f 1156/1648/362 1157/1649/362 1125/1596/362 1124/1594/362
f 1157/1649/362 1158/1650/362 1126/1598/362 1125/1596/362
f 1158/1650/362 1159/1651/362 1127/1600/362 1126/1598/362
f 1159/1651/362 1160/1652/362 1128/1602/362 1127/1600/362
f 1160/1652/362 1161/1653/362 1129/1604/362 1128/1602/362
f 1161/1653/362 1162/1654/362 1130/1606/362 1129/1604/362
f 1162/1654/362 1163/1655/362 1131/1608/362 1130/1606/362
f 1163/1655/362 1164/1656/362 1132/1610/362 1131/1608/362
f 1164/1656/362 1165/1657/362 1133/1612/362 1132/1610/362
f 1165/1657/362 1166/1658/362 1134/1614/362 1133/1612/362
f 1166/1658/362 1167/1659/362 1135/1616/362 1134/1614/362
f 1167/1659/362 1168/1660/362 1136/1618/362 1135/1616/362
f 1168/1660/362 1169/1661/362 1137/1620/362 1136/1618/362
f 1169/1661/362 1170/1662/362 1138/1622/362 1137/1620/362
f 1170/1662/362 1171/1663/362 1139/1624/362 1138/1622/362
f 1171/1663/362 1172/1664/362 1140/1626/362 1139/1624/362
f 1172/1664/362 1173/1665/362 1141/1628/362 1140/1626/362
f 1173/1665/362 1174/1666/362 1142/1630/362 1141/1628/362
f 1174/1666/362 1175/1667/362 1143/1632/362 1142/1630/362
f 1175/1667/362 1176/1668/362 1144/1634/362 1143/1632/362
f 1176/1668/362 1177/1669/362 1145/1636/362 1144/1634/362
f 1177/1669/362 1147/1638/362 1115/1574/362 1145/1636/362
f 1148/1640/691 1146/1639/692 1178/1670/692 1180/1671/691
f 1174/1666/693 1173/1665/694 1205/1672/694 1206/1673/693
f 953/1674/695 955/1675/696 1226/1676/696 1225/1677/695
f 1146/1639/692 1147/1638/697 1179/1678/697 1178/1670/692
f 1173/1665/694 1172/1664/698 1204/1679/698 1205/1672/694
f 951/1680/699 953/1674/695 1225/1677/695 1224/1681/699
f 1172/1664/698 1171/1663/700 1203/1682/700 1204/1679/698
f 949/1683/701 951/1680/699 1224/1681/699 1223/1684/701
f 1171/1663/700 1170/1662/702 1202/1685/702 1203/1682/700
f 947/1686/703 949/1683/701 1223/1684/701 1222/1687/703
f 1170/1662/702 1169/1661/704 1201/1688/704 1202/1685/702
f 945/1689/705 947/1686/703 1222/1687/703 1221/1690/705
f 1169/1661/704 1168/1660/706 1200/1691/706 1201/1688/704
f 943/1692/707 945/1689/705 1221/1690/705 1220/1693/707
f 1168/1660/706 1167/1659/708 1199/1694/708 1200/1691/706
f 941/1695/709 943/1692/707 1220/1693/707 1219/1696/709
f 1167/1659/708 1166/1658/710 1198/1697/710 1199/1694/708
f 939/1698/711 941/1695/709 1219/1696/709 1218/1699/711
f 1166/1658/710 1165/1657/712 1197/1700/712 1198/1697/710
f 937/1701/713 939/1698/711 1218/1699/711 1217/1702/713
f 1165/1657/712 1164/1656/714 1196/1703/714 1197/1700/712
f 935/1704/715 937/1701/713 1217/1702/713 1216/1705/715
f 1164/1656/714 1163/1655/716 1195/1706/716 1196/1703/714
f 933/1707/717 935/1704/715 1216/1705/715 1215/1708/717
f 985/1709/718 923/1473/719 1211/1710/719 1241/1711/718
f 1163/1655/716 1162/1654/720 1194/1712/720 1195/1706/716
f 931/1713/721 933/1707/717 1215/1708/717 1214/1714/721
f 983/1715/722 985/1709/718 1241/1711/718 1240/1716/722
f 1162/1654/720 1161/1653/723 1193/1717/723 1194/1712/720
f 929/1718/724 931/1713/721 1214/1714/721 1213/1719/724
f 981/1720/725 983/1715/722 1240/1716/722 1239/1721/725
f 1161/1653/723 1160/1652/726 1192/1722/726 1193/1717/723
f 1211/1710/362 1210/1723/362 1178/1670/362 1179/1678/362
f 1210/1723/362 1212/1724/362 1180/1671/362 1178/1670/362
f 1212/1724/362 1213/1719/362 1181/1725/362 1180/1671/362
f 1213/1719/362 1214/1714/362 1182/1726/362 1181/1725/362
f 1214/1714/362 1215/1708/362 1183/1727/362 1182/1726/362
f 1215/1708/362 1216/1705/362 1184/1728/362 1183/1727/362
f 1216/1705/362 1217/1702/362 1185/1729/362 1184/1728/362
f 1217/1702/362 1218/1699/362 1186/1730/362 1185/1729/362
f 1218/1699/362 1219/1696/362 1187/1731/362 1186/1730/362
f 1219/1696/362 1220/1693/362 1188/1732/362 1187/1731/362
f 1220/1693/362 1221/1690/362 1189/1733/362 1188/1732/362
f 1221/1690/362 1222/1687/362 1190/1734/362 1189/1733/362
f 1222/1687/362 1223/1684/362 1191/1735/362 1190/1734/362
f 1223/1684/362 1224/1681/362 1192/1722/362 1191/1735/362
f 1224/1681/362 1225/1677/362 1193/1717/362 1192/1722/362
f 1225/1677/362 1226/1676/362 1194/1712/362 1193/1717/362
f 1226/1676/362 1227/1736/362 1195/1706/362 1194/1712/362
f 1227/1736/362 1228/1737/362 1196/1703/362 1195/1706/362
f 1228/1737/362 1229/1738/362 1197/1700/362 1196/1703/362
f 1229/1738/362 1230/1739/362 1198/1697/362 1197/1700/362
f 1230/1739/362 1231/1740/362 1199/1694/362 1198/1697/362
f 1231/1740/362 1232/1741/362 1200/1691/362 1199/1694/362
f 1232/1741/362 1233/1742/362 1201/1688/362 1200/1691/362
f 1233/1742/362 1234/1743/362 1202/1685/362 1201/1688/362
f 1234/1743/362 1235/1744/362 1203/1682/362 1202/1685/362
f 1235/1744/362 1236/1745/362 1204/1679/362 1203/1682/362
f 1236/1745/362 1237/1746/362 1205/1672/362 1204/1679/362
f 1237/1746/362 1238/1747/362 1206/1673/362 1205/1672/362
f 1238/1747/362 1239/1721/362 1207/1748/362 1206/1673/362
f 1239/1721/362 1240/1716/362 1208/1749/362 1207/1748/362
f 1240/1716/362 1241/1711/362 1209/1750/362 1208/1749/362
f 1241/1711/362 1211/1710/362 1179/1678/362 1209/1750/362
f 955/1675/696 957/1751/727 1227/1736/727 1226/1676/696
f 1175/1667/728 1174/1666/693 1206/1673/693 1207/1748/728
f 1149/1641/729 1148/1640/691 1180/1671/691 1181/1725/729
f 957/1751/727 959/1752/730 1228/1737/730 1227/1736/727
f 1176/1668/731 1175/1667/728 1207/1748/728 1208/1749/731
f 1150/1642/732 1149/1641/729 1181/1725/729 1182/1726/732
f 959/1752/730 961/1753/733 1229/1738/733 1228/1737/730
f 1177/1669/734 1176/1668/731 1208/1749/731 1209/1750/734
f 1151/1643/735 1150/1642/732 1182/1726/732 1183/1727/735
f 961/1753/733 963/1754/736 1230/1739/736 1229/1738/733
f 1147/1638/697 1177/1669/734 1209/1750/734 1179/1678/697
f 1152/1644/737 1151/1643/735 1183/1727/735 1184/1728/737
f 963/1754/736 965/1755/738 1231/1740/738 1230/1739/736
f 1153/1645/739 1152/1644/737 1184/1728/737 1185/1729/739
f 965/1755/738 967/1756/740 1232/1741/740 1231/1740/738
f 1154/1646/741 1153/1645/739 1185/1729/739 1186/1730/741
f 967/1756/740 969/1757/742 1233/1742/742 1232/1741/740
f 1155/1647/743 1154/1646/741 1186/1730/741 1187/1731/743
f 969/1757/742 971/1758/744 1234/1743/744 1233/1742/742
f 1156/1648/745 1155/1647/743 1187/1731/743 1188/1732/745
f 971/1758/744 973/1759/746 1235/1744/746 1234/1743/744
f 1157/1649/747 1156/1648/745 1188/1732/745 1189/1733/747
f 973/1759/746 975/1760/748 1236/1745/748 1235/1744/746
f 1158/1650/749 1157/1649/747 1189/1733/747 1190/1734/749
f 975/1760/748 977/1761/750 1237/1746/750 1236/1745/748
f 923/1473/719 925/1472/751 1210/1723/751 1211/1710/719
f 1159/1651/752 1158/1650/749 1190/1734/749 1191/1735/752
f 977/1761/750 979/1762/753 1238/1747/753 1237/1746/750
f 925/1472/751 927/1471/754 1212/1724/754 1210/1723/751
f 1160/1652/726 1159/1651/752 1191/1735/752 1192/1722/726
f 979/1762/753 981/1720/725 1239/1721/725 1238/1747/753
f 927/1471/754 929/1718/724 1213/1719/724 1212/1724/754
f 985/1709/362 983/1715/362 1242/1474/362 923/1473/362
f 981/1720/362 979/1762/362 1242/1474/362 983/1715/362
f 977/1761/362 975/1760/362 1242/1474/362 979/1762/362
f 973/1759/362 971/1758/362 1242/1474/362 975/1760/362
f 969/1757/362 967/1756/362 1242/1474/362 971/1758/362
f 965/1755/362 963/1754/362 1242/1474/362 967/1756/362
f 961/1753/362 959/1752/362 1242/1474/362 963/1754/362
f 957/1751/362 955/1675/362 1242/1474/362 959/1752/362
f 953/1674/362 951/1680/362 1242/1474/362 955/1675/362
f 949/1683/362 947/1686/362 1242/1474/362 951/1680/362
f 945/1689/362 943/1692/362 1242/1474/362 947/1686/362
f 941/1695/362 939/1698/362 1242/1474/362 943/1692/362
f 937/1701/362 935/1704/362 1242/1474/362 939/1698/362
f 933/1707/362 931/1713/362 1242/1474/362 935/1704/362
f 929/1718/362 927/1471/362 1242/1474/362 931/1713/362
f 924/1763/313 926/1466/313 1243/1465/313 922/1764/313
f 932/1765/313 934/1766/313 1243/1465/313 930/1464/313
f 936/1767/313 938/1768/313 1243/1465/313 934/1766/313
f 940/1769/313 942/1770/313 1243/1465/313 938/1768/313
f 944/1771/313 946/1772/313 1243/1465/313 942/1770/313
f 948/1773/313 950/1774/313 1243/1465/313 946/1772/313
f 952/1775/313 954/1776/313 1243/1465/313 950/1774/313
f 956/1777/313 958/1778/313 1243/1465/313 954/1776/313
f 960/1779/313 962/1780/313 1243/1465/313 958/1778/313
f 964/1781/313 966/1782/313 1243/1465/313 962/1780/313
f 968/1783/313 970/1784/313 1243/1465/313 966/1782/313
f 972/1785/313 974/1786/313 1243/1465/313 970/1784/313
f 976/1787/313 978/1788/313 1243/1465/313 974/1786/313
f 980/1789/313 982/1790/313 1243/1465/313 978/1788/313
f 984/1791/313 922/1764/313 1243/1465/313 982/1790/313
f 1301/1792/189 1269/1793/189 1268/1794/189 1300/1795/189
f 1299/1796/189 1300/1795/189 1268/1794/189 1267/1797/189
f 1291/1798/189 1299/1796/189 1267/1797/189 1259/1799/189
f 1290/1800/189 1291/1798/189 1259/1799/189 1258/1801/189
f 1289/1802/189 1290/1800/189 1258/1801/189 1257/1803/189
f 1288/1804/189 1289/1802/189 1257/1803/189 1256/1805/189
f 1287/1806/189 1288/1804/189 1256/1805/189 1255/1807/189
f 1286/1808/189 1287/1806/189 1255/1807/189 1254/1809/189
f 1285/1810/189 1286/1808/189 1254/1809/189 1253/1811/189
f 1284/1812/189 1285/1810/189 1253/1811/189 1252/1813/189
f 1292/1814/189 1284/1812/189 1252/1813/189 1260/1815/189
f 1293/1816/189 1292/1814/189 1260/1815/189 1261/1817/189
f 1294/1818/189 1293/1816/189 1261/1817/189 1262/1819/189
f 1295/1820/189 1294/1818/189 1262/1819/189 1263/1821/189
f 1296/1822/189 1295/1823/189 1263/1824/189 1264/1825/189
f 1297/1826/189 1296/1822/189 1264/1825/189 1265/1827/189
f 1298/1828/189 1297/1826/189 1265/1827/189 1266/1829/189
f 1276/1830/189 1298/1828/189 1266/1829/189 1244/1831/189
f 1277/1832/189 1276/1830/189 1244/1831/189 1245/1833/189
f 1278/1834/189 1277/1832/189 1245/1833/189 1246/1835/189
f 1279/1836/189 1278/1834/189 1246/1835/189 1247/1837/189
f 1280/1838/189 1279/1836/189 1247/1837/189 1248/1839/189
f 1281/1840/189 1280/1838/189 1248/1839/189 1249/1841/189
f 1282/1842/189 1281/1840/189 1249/1841/189 1250/1843/189
f 1283/1844/189 1282/1842/189 1250/1843/189 1251/1845/189
f 1307/1846/189 1283/1844/189 1251/1845/189 1275/1847/189
f 1306/1848/189 1307/1846/189 1275/1847/189 1274/1849/189
f 1305/1850/189 1306/1848/189 1274/1849/189 1273/1851/189
f 1304/1852/189 1305/1850/189 1273/1851/189 1272/1853/189
f 1303/1854/189 1304/1852/189 1272/1853/189 1271/1855/189
f 1302/1856/189 1303/1857/189 1271/1858/189 1270/1859/189
f 1302/1856/189 1270/1859/189 1269/1793/189 1301/1792/189
f 1369/1860/41 1371/1861/41 1370/1862/41 1368/1863/41
f 1367/1864/41 1366/1865/41 1370/1862/41 1371/1861/41
f 1365/1866/41 1364/1867/41 1366/1865/41 1367/1864/41
f 1363/1868/41 1362/1869/41 1364/1867/41 1365/1866/41
f 1361/1870/41 1360/1871/41 1362/1869/41 1363/1868/41
f 1359/1872/41 1358/1873/41 1360/1871/41 1361/1870/41
f 1357/1874/41 1356/1875/41 1358/1873/41 1359/1872/41
f 1355/1876/41 1354/1877/41 1356/1875/41 1357/1874/41
f 1353/1878/41 1352/1879/41 1354/1877/41 1355/1876/41
f 1351/1880/41 1350/1881/41 1352/1879/41 1353/1878/41
f 1349/1882/41 1348/1883/41 1350/1881/41 1351/1880/41
f 1347/1884/41 1346/1885/41 1348/1883/41 1349/1882/41
f 1345/1886/41 1344/1887/41 1346/1885/41 1347/1884/41
f 1343/1888/41 1342/1889/41 1344/1887/41 1345/1886/41
f 1341/1890/41 1340/1891/41 1342/1892/41 1343/1893/41
f 1339/1894/41 1338/1895/41 1340/1891/41 1341/1890/41
f 1337/1896/41 1336/1897/41 1338/1895/41 1339/1894/41
f 1335/1898/41 1334/1899/41 1336/1897/41 1337/1896/41
f 1333/1900/41 1332/1901/41 1334/1899/41 1335/1898/41
f 1331/1902/41 1330/1903/41 1332/1901/41 1333/1900/41
f 1329/1904/41 1328/1905/41 1330/1903/41 1331/1902/41
f 1327/1906/41 1326/1907/41 1328/1905/41 1329/1904/41
f 1325/1908/41 1324/1909/41 1326/1907/41 1327/1906/41
f 1323/1910/41 1322/1911/41 1324/1909/41 1325/1908/41
f 1321/1912/41 1320/1913/41 1322/1911/41 1323/1910/41
f 1319/1914/41 1318/1915/41 1320/1913/41 1321/1912/41
f 1317/1916/41 1316/1917/41 1318/1915/41 1319/1914/41
f 1315/1918/41 1314/1919/41 1316/1917/41 1317/1916/41
f 1313/1920/41 1312/1921/41 1314/1919/41 1315/1918/41
f 1311/1922/41 1310/1923/41 1312/1921/41 1313/1920/41
f 1309/1924/41 1308/1925/41 1310/1926/41 1311/1927/41
f 1309/1924/41 1369/1860/41 1368/1863/41 1308/1925/41
f 1250/1928/755 1249/1929/756 1324/1930/756 1322/1931/755
f 1276/1932/757 1277/1933/758 1333/1934/758 1335/1935/757
f 1251/1936/759 1250/1928/755 1322/1931/755 1320/1937/759
f 1277/1933/758 1278/1938/760 1331/1939/760 1333/1934/758
f 1252/1940/761 1253/1941/762 1352/1942/762 1350/1943/761
f 1278/1938/760 1279/1944/763 1329/1945/763 1331/1939/760
f 1253/1941/762 1254/1946/764 1354/1947/764 1352/1942/762
f 1279/1944/763 1280/1948/117 1327/1949/117 1329/1945/763
f 1254/1946/764 1255/1950/765 1356/1951/765 1354/1947/764
f 1280/1948/117 1281/1952/765 1325/1953/765 1327/1949/117
f 1255/1950/765 1256/1954/117 1358/1955/117 1356/1951/765
f 1281/1952/765 1282/1956/764 1323/1957/764 1325/1953/765
f 1256/1954/117 1257/1958/763 1360/1959/763 1358/1955/117
f 1282/1956/764 1283/1960/762 1321/1961/762 1323/1957/764
f 1257/1958/763 1258/1962/760 1362/1963/760 1360/1959/763
f 1285/1964/759 1284/1965/766 1351/1966/766 1353/1967/759
f 1258/1962/760 1259/1968/758 1364/1969/758 1362/1963/760
f 1286/1970/755 1285/1964/759 1353/1967/759 1355/1971/755
f 1262/1972/767 1261/1973/768 1346/1974/768 1344/1975/767
f 1287/1976/756 1286/1970/755 1355/1971/755 1357/1977/756
f 1274/1978/769 1275/1979/766 1318/1980/766 1316/1981/769
f 1288/1982/257 1287/1976/756 1357/1977/756 1359/1983/257
f 1263/1984/362 1262/1972/767 1344/1975/767 1342/1985/362
f 1289/1986/770 1288/1982/257 1359/1983/257 1361/1987/770
f 1269/1988/771 1270/1989/772 1308/1990/772 1368/1991/771
f 1264/1992/773 1263/1993/362 1342/1994/362 1340/1995/773
f 1290/1996/774 1289/1986/770 1361/1987/770 1363/1997/774
f 1265/1998/775 1264/1992/773 1340/1995/773 1338/1999/775
f 1275/1979/766 1251/1936/759 1320/1937/759 1318/1980/766
f 1291/2000/776 1290/1996/774 1363/1997/774 1365/2001/776
f 1270/1989/772 1271/2002/313 1310/2003/313 1308/1990/772
f 1271/2004/313 1272/2005/777 1312/2006/777 1310/2007/313
f 1293/2008/778 1294/2009/777 1345/2010/777 1347/2011/778
f 1267/2012/757 1268/2013/779 1370/2014/779 1366/2015/757
f 1273/2016/778 1274/1978/769 1316/1981/769 1314/2017/778
f 1307/2018/761 1306/2019/780 1317/2020/780 1319/2021/761
f 1266/2022/781 1265/1998/775 1338/1999/775 1336/2023/781
f 1268/2013/779 1269/1988/771 1368/1991/771 1370/2014/779
f 1294/2009/777 1295/2024/313 1343/2025/313 1345/2010/777
f 1259/1968/758 1267/2012/757 1366/2015/757 1364/1969/758
f 1260/2026/780 1252/1940/761 1350/1943/761 1348/2027/780
f 1302/2028/773 1301/2029/775 1369/2030/775 1309/2031/773
f 1295/2032/313 1296/2033/772 1341/2034/772 1343/2035/313
f 1272/2005/777 1273/2016/778 1314/2017/778 1312/2006/777
f 1296/2033/772 1297/2036/771 1339/2037/771 1341/2034/772
f 1283/1960/762 1307/2018/761 1319/2021/761 1321/1961/762
f 1244/2038/782 1266/2022/781 1336/2023/781 1334/2039/782
f 1303/2040/362 1302/2028/773 1309/2031/773 1311/2041/362
f 1304/2042/767 1303/2043/362 1311/2044/362 1313/2045/767
f 1261/1973/768 1260/2026/780 1348/2027/780 1346/1974/768
f 1300/2046/781 1299/2047/782 1367/2048/782 1371/2049/781
f 1306/2019/780 1305/2050/768 1315/2051/768 1317/2020/780
f 1245/2052/776 1244/2038/782 1334/2039/782 1332/2053/776
f 1297/2036/771 1298/2054/779 1337/2055/779 1339/2037/771
f 1301/2029/775 1300/2046/781 1371/2049/781 1369/2030/775
f 1246/2056/774 1245/2052/776 1332/2053/776 1330/2057/774
f 1299/2047/782 1291/2000/776 1365/2001/776 1367/2048/782
f 1284/1965/766 1292/2058/769 1349/2059/769 1351/1966/766
f 1247/2060/770 1246/2056/774 1330/2057/774 1328/2061/770
f 1305/2050/768 1304/2042/767 1313/2045/767 1315/2051/768
f 1248/2062/257 1247/2060/770 1328/2061/770 1326/2063/257
f 1298/2054/779 1276/1932/757 1335/1935/757 1337/2055/779
f 1249/1929/756 1248/2062/257 1326/2063/257 1324/1930/756
f 1292/2058/769 1293/2008/778 1347/2011/778 1349/2059/769
f 1724/2064/41 1373/2065/41 1375/2066/435 1725/2067/435
f 1725/2067/435 1375/2066/435 1377/2068/38 1726/2069/38
f 1726/2069/38 1377/2068/38 1379/2070/436 1727/2071/436
f 1727/2071/436 1379/2070/436 1381/2072/257 1728/2073/257
f 1728/2073/257 1381/2072/257 1383/2074/437 1729/2075/437
f 1729/2075/437 1383/2074/437 1385/2076/193 1730/2077/193
f 1730/2077/193 1385/2076/193 1387/2078/438 1731/2079/438
f 1731/2079/438 1387/2078/438 1389/2080/189 1732/2081/189
f 1732/2082/189 1389/2083/189 1391/2084/439 1733/2085/439
f 1733/2085/439 1391/2084/439 1393/2086/121 1734/2087/121
f 1734/2087/121 1393/2086/121 1395/2088/440 1735/2089/440
f 1735/2089/440 1395/2088/440 1397/2090/117 1736/2091/117
f 1736/2091/117 1397/2090/117 1399/2092/441 1737/2093/441
f 1737/2093/441 1399/2092/441 1401/2094/45 1738/2095/45
f 1381/2072/783 1379/2070/784 1407/2096/784 1408/2097/783
f 1738/2095/45 1401/2094/45 1403/2098/442 1739/2099/442
f 1739/2099/442 1403/2098/442 1373/2065/41 1724/2064/41
f 1398/2100/441 1400/2101/45 1754/2102/45 1753/2103/441
f 1551/2104/785 1548/2105/786 1427/2106/786 1428/2107/785
f 1391/2084/787 1389/2083/788 1412/2108/788 1413/2109/787
f 1401/2094/789 1399/2092/790 1417/2110/790 1418/2111/789
f 1377/2068/791 1375/2066/792 1404/2112/792 1406/2113/791
f 1387/2078/793 1385/2076/794 1410/2114/794 1411/2115/793
f 1397/2090/795 1395/2088/796 1415/2116/796 1416/2117/795
f 1383/2074/797 1381/2072/783 1408/2097/783 1409/2118/797
f 1393/2086/798 1391/2084/787 1413/2109/787 1414/2119/798
f 1403/2098/799 1401/2094/789 1418/2111/789 1419/2120/799
f 1379/2070/784 1377/2068/791 1406/2113/791 1407/2096/784
f 1389/2080/788 1387/2078/793 1411/2115/793 1412/2121/788
f 1399/2092/790 1397/2090/795 1416/2117/795 1417/2110/790
f 1375/2066/792 1373/2065/800 1405/2122/800 1404/2112/792
f 1385/2076/794 1383/2074/797 1409/2118/797 1410/2114/794
f 1395/2088/796 1393/2086/798 1414/2119/798 1415/2116/796
f 1373/2065/800 1403/2098/799 1419/2120/799 1405/2122/800
f 1519/2123/801 1516/2124/802 1445/2125/802 1446/2126/801
f 1552/2127/803 1549/2128/804 1421/2129/804 1420/2130/803
f 1549/2128/804 1550/2131/805 1435/2132/805 1421/2129/804
f 1553/2133/806 1551/2134/785 1428/2135/785 1429/2136/806
f 1554/2137/807 1552/2127/803 1420/2130/803 1422/2138/807
f 1555/2139/808 1553/2133/806 1429/2136/806 1430/2140/808
f 1556/2141/809 1554/2137/807 1422/2138/807 1423/2142/809
f 1557/2143/810 1555/2139/808 1430/2140/808 1431/2144/810
f 1558/2145/811 1556/2141/809 1423/2142/809 1424/2146/811
f 1559/2147/812 1557/2143/810 1431/2144/810 1432/2148/812
f 1560/2149/813 1558/2145/811 1424/2146/811 1425/2150/813
f 1561/2151/814 1559/2147/812 1432/2148/812 1433/2152/814
f 1562/2153/815 1560/2149/813 1425/2150/813 1426/2154/815
f 1563/2155/816 1561/2151/814 1433/2152/814 1434/2156/816
f 1548/2105/786 1562/2153/815 1426/2154/815 1427/2106/786
f 1550/2131/805 1563/2155/816 1434/2156/816 1435/2132/805
f 1470/2157/817 1469/2158/818 1466/2159/819 1467/2160/820
f 1520/2161/821 1517/2162/822 1438/2163/822 1439/2164/821
f 1521/2165/823 1519/2123/801 1446/2126/801 1447/2166/823
f 1522/2167/824 1520/2161/821 1439/2164/821 1440/2168/824
f 1523/2169/825 1521/2165/823 1447/2166/823 1448/2170/825
f 1524/2171/826 1522/2167/824 1440/2168/824 1441/2172/826
f 1525/2173/827 1523/2169/825 1448/2170/825 1449/2174/827
f 1526/2175/828 1524/2171/826 1441/2172/826 1442/2176/828
f 1527/2177/829 1525/2173/827 1449/2174/827 1450/2178/829
f 1528/2179/830 1526/2175/828 1442/2176/828 1443/2180/830
f 1529/2181/831 1527/2177/829 1450/2178/829 1451/2182/831
f 1530/2183/832 1528/2179/830 1443/2180/830 1444/2184/832
f 1531/2185/833 1518/2186/834 1437/2187/834 1436/2188/833
f 1518/2186/834 1529/2181/831 1451/2182/831 1437/2187/834
f 1516/2124/802 1530/2189/832 1444/2190/832 1445/2125/802
f 1517/2162/822 1531/2185/833 1436/2188/833 1438/2163/822
f 1465/2191/313 1464/2192/313 1960/2193/313 1961/2194/313
f 1474/2195/835 1473/2196/836 1459/2197/837 1460/2198/838
f 1478/2199/839 1477/2200/840 1453/2201/841 1452/2202/842
f 1477/2200/840 1470/2157/817 1467/2160/820 1453/2201/841
f 1480/2203/843 1474/2204/835 1460/2205/838 1461/2206/844
f 1482/2207/845 1478/2199/839 1452/2202/842 1454/2208/846
f 1484/2209/847 1480/2203/843 1461/2206/844 1462/2210/848
f 1486/2211/849 1482/2207/845 1454/2208/846 1455/2212/850
f 1488/2213/851 1484/2209/847 1462/2210/848 1463/2214/852
f 1490/2215/853 1486/2211/849 1455/2212/850 1456/2216/854
f 1492/2217/855 1488/2213/851 1463/2214/852 1464/2218/856
f 1494/2219/857 1490/2215/853 1456/2216/854 1457/2220/858
f 1496/2221/859 1492/2217/855 1464/2218/856 1465/2222/860
f 1498/2223/861 1494/2219/857 1457/2220/858 1458/2224/862
f 1469/2158/818 1496/2221/859 1465/2222/860 1466/2159/819
f 1473/2196/836 1498/2223/861 1458/2224/862 1459/2197/837
f 1443/2180/863 1442/2176/864 1499/2225/865 1472/2226/866
f 1472/2226/866 1499/2225/865 1498/2223/861 1473/2196/836
f 1450/2178/867 1449/2174/868 1497/2227/869 1468/2228/870
f 1468/2228/870 1497/2227/869 1496/2221/859 1469/2158/818
f 1442/2176/864 1441/2172/871 1495/2229/872 1499/2225/865
f 1499/2225/865 1495/2229/872 1494/2219/857 1498/2223/861
f 1449/2174/868 1448/2170/873 1493/2230/874 1497/2227/869
f 1497/2227/869 1493/2230/874 1492/2217/855 1496/2221/859
f 1441/2172/871 1440/2168/875 1491/2231/876 1495/2229/872
f 1495/2229/872 1491/2231/876 1490/2215/853 1494/2219/857
f 1448/2170/873 1447/2166/877 1489/2232/878 1493/2230/874
f 1493/2230/874 1489/2232/878 1488/2213/851 1492/2217/855
f 1440/2168/875 1439/2164/879 1487/2233/880 1491/2231/876
f 1491/2231/876 1487/2233/880 1486/2211/849 1490/2215/853
f 1447/2166/877 1446/2126/881 1485/2234/882 1489/2232/878
f 1489/2232/878 1485/2234/882 1484/2209/847 1488/2213/851
f 1439/2164/879 1438/2163/883 1483/2235/884 1487/2233/880
f 1487/2233/880 1483/2235/884 1482/2207/845 1486/2211/849
f 1446/2126/881 1445/2125/885 1481/2236/886 1485/2234/882
f 1485/2234/882 1481/2236/886 1480/2203/843 1484/2209/847
f 1438/2163/883 1436/2188/887 1479/2237/888 1483/2235/884
f 1483/2235/884 1479/2237/888 1478/2199/839 1482/2207/845
f 1445/2125/885 1444/2190/889 1475/2238/890 1481/2236/886
f 1481/2236/886 1475/2238/890 1474/2204/835 1480/2203/843
f 1437/2187/891 1451/2182/892 1471/2239/893 1476/2240/894
f 1476/2240/894 1471/2239/893 1470/2157/817 1477/2200/840
f 1436/2188/887 1437/2187/891 1476/2240/894 1479/2237/888
f 1479/2237/888 1476/2240/894 1477/2200/840 1478/2199/839
f 1444/2184/889 1443/2180/863 1472/2226/866 1475/2241/890
f 1475/2241/890 1472/2226/866 1473/2196/836 1474/2195/835
f 1451/2182/892 1450/2178/867 1468/2228/870 1471/2239/893
f 1471/2239/893 1468/2228/870 1469/2158/818 1470/2157/817
f 1546/2242/895 1544/2243/896 1515/2244/897 1502/2245/898
f 1545/2246/899 1543/2247/900 1513/2248/901 1500/2249/902
f 1547/2250/903 1542/2251/904 1512/2252/905 1514/2253/906
f 1544/2243/896 1547/2250/903 1514/2253/906 1515/2244/897
f 1543/2254/900 1541/2255/907 1511/2256/908 1513/2257/901
f 1542/2251/904 1540/2258/909 1510/2259/910 1512/2252/905
f 1541/2255/907 1539/2260/911 1509/2261/912 1511/2256/908
f 1540/2258/909 1538/2262/913 1508/2263/914 1510/2259/910
f 1539/2260/911 1537/2264/915 1507/2265/916 1509/2261/912
f 1538/2262/913 1536/2266/917 1506/2267/918 1508/2263/914
f 1537/2264/915 1535/2268/919 1505/2269/920 1507/2265/916
f 1536/2266/917 1534/2270/921 1504/2271/922 1506/2267/918
f 1535/2268/919 1533/2272/923 1503/2273/924 1505/2269/920
f 1534/2270/921 1532/2274/925 1501/2275/926 1504/2271/922
f 1533/2272/923 1546/2242/895 1502/2245/898 1503/2273/924
f 1532/2274/925 1545/2246/899 1500/2249/902 1501/2275/926
f 1502/2245/927 1515/2244/928 1531/2185/928 1517/2162/927
f 1500/2249/929 1513/2248/930 1530/2189/930 1516/2124/929
f 1514/2253/931 1512/2252/932 1529/2181/932 1518/2186/931
f 1515/2244/928 1514/2253/931 1518/2186/931 1531/2185/928
f 1513/2257/930 1511/2256/933 1528/2179/933 1530/2183/930
f 1512/2252/932 1510/2259/934 1527/2177/934 1529/2181/932
f 1511/2256/933 1509/2261/935 1526/2175/935 1528/2179/933
f 1510/2259/934 1508/2263/936 1525/2173/936 1527/2177/934
f 1509/2261/935 1507/2265/937 1524/2171/937 1526/2175/935
f 1508/2263/936 1506/2267/938 1523/2169/938 1525/2173/936
f 1507/2265/937 1505/2269/939 1522/2167/939 1524/2171/937
f 1506/2267/938 1504/2271/940 1521/2165/940 1523/2169/938
f 1505/2269/939 1503/2273/941 1520/2161/941 1522/2167/939
f 1504/2271/940 1501/2275/942 1519/2123/942 1521/2165/940
f 1503/2273/941 1502/2245/927 1517/2162/927 1520/2161/941
f 1501/2275/942 1500/2249/929 1516/2124/929 1519/2123/942
f 1586/2276/943 1581/2277/944 2007/2278/945 1980/2279/946
f 1588/2280/947 1583/2281/948 2009/2282/949 1982/2283/950
f 1590/2284/951 1586/2276/943 1980/2279/946 1984/2285/952
f 1592/2286/953 1588/2280/947 1982/2283/950 1986/2287/954
f 1594/2288/955 1590/2284/951 1984/2285/952 1988/2289/956
f 1596/2290/957 1592/2286/953 1986/2287/954 1990/2291/958
f 1598/2292/959 1594/2288/955 1988/2289/956 1992/2293/960
f 1600/2294/961 1596/2290/957 1990/2291/958 1994/2295/962
f 1602/2296/963 1598/2292/959 1992/2293/960 1996/2297/964
f 1604/2298/965 1600/2294/961 1994/2295/962 1998/2299/966
f 1606/2300/967 1602/2296/963 1996/2297/964 2000/2301/968
f 1608/2302/969 1604/2298/965 1998/2299/966 2002/2303/970
f 1610/2304/971 1585/2305/972 2011/2306/973 2004/2307/974
f 1585/2305/972 1606/2300/967 2000/2301/968 2011/2306/973
f 1581/2277/944 1608/2308/969 2002/2309/970 2007/2278/945
f 1583/2281/948 1610/2304/971 2004/2307/974 2009/2282/949
f 2005/2310/975 2010/2311/976 1547/2250/903 1544/2243/896
f 2008/2312/977 2005/2310/975 1544/2243/896 1546/2242/895
f 2006/2313/978 2003/2314/979 1543/2247/900 1545/2246/899
f 2010/2311/976 2001/2315/980 1542/2251/904 1547/2250/903
f 2003/2316/979 1999/2317/981 1541/2255/907 1543/2254/900
f 2001/2315/980 1997/2318/982 1540/2258/909 1542/2251/904
f 1999/2317/981 1995/2319/983 1539/2260/911 1541/2255/907
f 1997/2318/982 1993/2320/984 1538/2262/913 1540/2258/909
f 1995/2319/983 1991/2321/985 1537/2264/915 1539/2260/911
f 1993/2320/984 1989/2322/986 1536/2266/917 1538/2262/913
f 1991/2321/985 1987/2323/987 1535/2268/919 1537/2264/915
f 1983/2324/988 2008/2312/977 1546/2242/895 1533/2272/923
f 1981/2325/989 2006/2313/978 1545/2246/899 1532/2274/925
f 1989/2322/986 1985/2326/990 1534/2270/921 1536/2266/917
f 1987/2323/987 1983/2324/988 1533/2272/923 1535/2268/919
f 1562/2153/991 1548/2105/992 1641/2327/992 1639/2328/991
f 1561/2151/993 1563/2155/994 1640/2329/994 1638/2330/993
f 1560/2149/995 1562/2153/991 1639/2328/991 1637/2331/995
f 1559/2147/996 1561/2151/993 1638/2330/993 1636/2332/996
f 1558/2145/997 1560/2149/995 1637/2331/995 1635/2333/997
f 1557/2143/998 1559/2147/996 1636/2332/996 1634/2334/998
f 1556/2141/999 1558/2145/997 1635/2333/997 1633/2335/999
f 1555/2139/1000 1557/2143/998 1634/2334/998 1632/2336/1000
f 1554/2137/1001 1556/2141/999 1633/2335/999 1631/2337/1001
f 1553/2133/1002 1555/2139/1000 1632/2336/1000 1630/2338/1002
f 1552/2127/1003 1554/2137/1001 1631/2337/1001 1629/2339/1003
f 1551/2134/1004 1553/2133/1002 1630/2338/1002 1628/2340/1004
f 1643/2341/1005 1550/2131/1005 1549/2128/1006 1642/2342/1006
f 1642/2342/1006 1549/2128/1006 1552/2127/1003 1629/2339/1003
f 1641/2327/992 1548/2105/992 1551/2104/1004 1628/2343/1004
f 1430/2140/1007 1429/2136/1008 1577/2344/1008 1564/2345/1007
f 1423/2142/1009 1422/2138/1010 1578/2346/1010 1565/2347/1009
f 1431/2144/1011 1430/2140/1007 1564/2345/1007 1566/2348/1011
f 1424/2146/1012 1423/2142/1009 1565/2347/1009 1567/2349/1012
f 1432/2148/1013 1431/2144/1011 1566/2348/1011 1568/2350/1013
f 1425/2150/1014 1424/2146/1012 1567/2349/1012 1569/2351/1014
f 1433/2152/1015 1432/2148/1013 1568/2350/1013 1570/2352/1015
f 1426/2154/1016 1425/2150/1014 1569/2351/1014 1571/2353/1016
f 1434/2156/1017 1433/2152/1015 1570/2352/1015 1572/2354/1017
f 1427/2106/1018 1426/2154/1016 1571/2353/1016 1573/2355/1018
f 1435/2132/1019 1434/2156/1017 1572/2354/1017 1574/2356/1019
f 1428/2107/1020 1427/2106/1018 1573/2355/1018 1575/2357/1020
f 1420/2130/1021 1421/2129/1022 1579/2358/1022 1576/2359/1021
f 1421/2129/1022 1435/2132/1019 1574/2356/1019 1579/2358/1022
f 1429/2136/1008 1428/2135/1020 1575/2360/1020 1577/2344/1008
f 1422/2138/1010 1420/2130/1021 1576/2359/1021 1578/2346/1010
f 1612/2361/1023 1625/2362/1024 1580/2363/1024 1587/2364/1023
f 1587/2364/1025 1580/2363/1026 1581/2277/1026 1586/2276/1025
f 1613/2365/1027 1626/2366/1028 1582/2367/1028 1589/2368/1027
f 1589/2368/1029 1582/2367/1030 1583/2281/1030 1588/2280/1029
f 1614/2369/1031 1612/2361/1023 1587/2364/1023 1591/2370/1031
f 1591/2370/1032 1587/2364/1025 1586/2276/1025 1590/2284/1032
f 1615/2371/1033 1613/2365/1027 1589/2368/1027 1593/2372/1033
f 1593/2372/1034 1589/2368/1029 1588/2280/1029 1592/2286/1034
f 1616/2373/1035 1614/2369/1031 1591/2370/1031 1595/2374/1035
f 1595/2374/1036 1591/2370/1032 1590/2284/1032 1594/2288/1036
f 1617/2375/1037 1615/2371/1033 1593/2372/1033 1597/2376/1037
f 1597/2376/1038 1593/2372/1034 1592/2286/1034 1596/2290/1038
f 1618/2377/1039 1616/2373/1035 1595/2374/1035 1599/2378/1039
f 1599/2378/1040 1595/2374/1036 1594/2288/1036 1598/2292/1040
f 1619/2379/1041 1617/2375/1037 1597/2376/1037 1601/2380/1041
f 1601/2380/1042 1597/2376/1038 1596/2290/1038 1600/2294/1042
f 1620/2381/1043 1618/2377/1039 1599/2378/1039 1603/2382/1043
f 1603/2382/1044 1599/2378/1040 1598/2292/1040 1602/2296/1044
f 1621/2383/1045 1619/2379/1041 1601/2380/1041 1605/2384/1045
f 1605/2384/1046 1601/2380/1042 1600/2294/1042 1604/2298/1046
f 1622/2385/1047 1620/2381/1043 1603/2382/1043 1607/2386/1047
f 1607/2386/1048 1603/2382/1044 1602/2296/1044 1606/2300/1048
f 1623/2387/1049 1621/2383/1045 1605/2384/1045 1609/2388/1049
f 1609/2388/1050 1605/2384/1046 1604/2298/1046 1608/2302/1050
f 1624/2389/1051 1627/2390/1052 1584/2391/1052 1611/2392/1051
f 1611/2392/1053 1584/2391/1054 1585/2305/1054 1610/2304/1053
f 1627/2390/1052 1622/2385/1047 1607/2386/1047 1584/2391/1052
f 1584/2391/1054 1607/2386/1048 1606/2300/1048 1585/2305/1054
f 1625/2362/1024 1623/2393/1049 1609/2394/1049 1580/2363/1024
f 1580/2363/1026 1609/2394/1050 1608/2308/1050 1581/2277/1026
f 1626/2366/1028 1624/2389/1051 1611/2392/1051 1582/2367/1028
f 1582/2367/1030 1611/2392/1053 1610/2304/1053 1583/2281/1030
f 1578/2346/1055 1576/2359/1056 1624/2389/1056 1626/2366/1055
f 1577/2344/1057 1575/2360/1058 1623/2393/1058 1625/2362/1057
f 1579/2358/1059 1574/2356/1060 1622/2385/1060 1627/2390/1059
f 1576/2359/1056 1579/2358/1059 1627/2390/1059 1624/2389/1056
f 1575/2357/1058 1573/2355/1061 1621/2383/1061 1623/2387/1058
f 1574/2356/1060 1572/2354/1062 1620/2381/1062 1622/2385/1060
f 1573/2355/1061 1571/2353/1063 1619/2379/1063 1621/2383/1061
f 1572/2354/1062 1570/2352/1064 1618/2377/1064 1620/2381/1062
f 1571/2353/1063 1569/2351/1065 1617/2375/1065 1619/2379/1063
f 1570/2352/1064 1568/2350/1066 1616/2373/1066 1618/2377/1064
f 1569/2351/1065 1567/2349/1067 1615/2371/1067 1617/2375/1065
f 1568/2350/1066 1566/2348/1068 1614/2369/1068 1616/2373/1066
f 1567/2349/1067 1565/2347/1069 1613/2365/1069 1615/2371/1067
f 1566/2348/1068 1564/2345/1070 1612/2361/1070 1614/2369/1068
f 1565/2347/1069 1578/2346/1055 1626/2366/1055 1613/2365/1069
f 1564/2345/1070 1577/2344/1057 1625/2362/1057 1612/2361/1070
f 1644/2395/1071 1657/2396/1072 1641/2327/1072 1628/2343/1071
f 1645/2397/1073 1658/2398/1074 1642/2342/1074 1629/2339/1073
f 1658/2398/1074 1659/2399/1075 1643/2341/1075 1642/2342/1074
f 1646/2400/1076 1644/2401/1071 1628/2340/1071 1630/2338/1076
f 1647/2402/1077 1645/2397/1073 1629/2339/1073 1631/2337/1077
f 1648/2403/1078 1646/2400/1076 1630/2338/1076 1632/2336/1078
f 1649/2404/1079 1647/2402/1077 1631/2337/1077 1633/2335/1079
f 1650/2405/1080 1648/2403/1078 1632/2336/1078 1634/2334/1080
f 1651/2406/1081 1649/2404/1079 1633/2335/1079 1635/2333/1081
f 1652/2407/1082 1650/2405/1080 1634/2334/1080 1636/2332/1082
f 1653/2408/1083 1651/2406/1081 1635/2333/1081 1637/2331/1083
f 1654/2409/1084 1652/2407/1082 1636/2332/1082 1638/2330/1084
f 1655/2410/1085 1653/2408/1083 1637/2331/1083 1639/2328/1085
f 1656/2411/1086 1654/2409/1084 1638/2330/1084 1640/2329/1086
f 1657/2396/1072 1655/2410/1085 1639/2328/1085 1641/2327/1072
f 1659/2399/1075 1656/2411/1086 1640/2329/1086 1643/2341/1075
f 1675/2412/1087 1672/2413/1088 1656/2411/1088 1659/2399/1087
f 1673/2414/1089 1671/2415/1090 1655/2410/1090 1657/2396/1089
f 1672/2413/1088 1670/2416/1091 1654/2409/1091 1656/2411/1088
f 1671/2415/1090 1669/2417/1092 1653/2408/1092 1655/2410/1090
f 1670/2416/1091 1668/2418/1093 1652/2407/1093 1654/2409/1091
f 1669/2417/1092 1667/2419/1094 1651/2406/1094 1653/2408/1092
f 1668/2418/1093 1666/2420/1095 1650/2405/1095 1652/2407/1093
f 1667/2419/1094 1665/2421/1096 1649/2404/1096 1651/2406/1094
f 1666/2420/1095 1664/2422/1097 1648/2403/1097 1650/2405/1095
f 1665/2421/1096 1663/2423/1098 1647/2402/1098 1649/2404/1096
f 1664/2422/1097 1662/2424/1099 1646/2400/1099 1648/2403/1097
f 1663/2423/1098 1661/2425/1100 1645/2397/1100 1647/2402/1098
f 1662/2424/1099 1660/2426/1101 1644/2401/1101 1646/2400/1099
f 1674/2427/1102 1675/2412/1087 1659/2399/1087 1658/2398/1102
f 1661/2425/1100 1674/2427/1102 1658/2398/1102 1645/2397/1100
f 1660/2428/1101 1673/2414/1089 1657/2396/1089 1644/2395/1101
f 1698/2429/1103 1693/2430/1104 1673/2431/1104 1660/2432/1103
f 1700/2433/1105 1695/2434/1106 1674/2435/1106 1661/2436/1105
f 1695/2434/1106 1697/2437/1107 1675/2438/1107 1674/2435/1106
f 1702/2439/1108 1698/2440/1103 1660/2441/1103 1662/2442/1108
f 1704/2443/1109 1700/2433/1105 1661/2436/1105 1663/2444/1109
f 1706/2445/1110 1702/2439/1108 1662/2442/1108 1664/2446/1110
f 1708/2447/1111 1704/2443/1109 1663/2444/1109 1665/2448/1111
f 1710/2449/1112 1706/2445/1110 1664/2446/1110 1666/2450/1112
f 1712/2451/1113 1708/2447/1111 1665/2448/1111 1667/2452/1113
f 1714/2453/1114 1710/2449/1112 1666/2450/1112 1668/2454/1114
f 1716/2455/1115 1712/2451/1113 1667/2452/1113 1669/2456/1115
f 1718/2457/1116 1714/2453/1114 1668/2454/1114 1670/2458/1116
f 1720/2459/1117 1716/2455/1115 1669/2456/1115 1671/2460/1117
f 1722/2461/1118 1718/2457/1116 1670/2458/1116 1672/2462/1118
f 1693/2430/1104 1720/2459/1117 1671/2460/1117 1673/2431/1104
f 1697/2437/1107 1722/2461/1118 1672/2462/1118 1675/2438/1107
f 1419/2463/1087 1418/2464/1088 1688/2465/1088 1691/2466/1087
f 1411/2467/1089 1410/2468/1090 1687/2469/1090 1689/2470/1089
f 1418/2464/1088 1417/2471/1091 1686/2472/1091 1688/2465/1088
f 1410/2468/1090 1409/2473/1092 1685/2474/1092 1687/2469/1090
f 1417/2471/1091 1416/2475/1093 1684/2476/1093 1686/2472/1091
f 1409/2473/1092 1408/2477/1094 1683/2478/1094 1685/2474/1092
f 1416/2475/1093 1415/2479/1095 1682/2480/1095 1684/2476/1093
f 1408/2477/1094 1407/2481/1096 1681/2482/1096 1683/2478/1094
f 1415/2479/1095 1414/2483/1097 1680/2484/1097 1682/2480/1095
f 1407/2481/1096 1406/2485/1098 1679/2486/1098 1681/2482/1096
f 1414/2483/1097 1413/2487/1099 1678/2488/1099 1680/2484/1097
f 1406/2485/1098 1404/2489/1100 1677/2490/1100 1679/2486/1098
f 1413/2487/1099 1412/2491/1101 1676/2492/1101 1678/2488/1099
f 1405/2493/1102 1419/2463/1087 1691/2466/1087 1690/2494/1102
f 1404/2489/1100 1405/2493/1102 1690/2494/1102 1677/2490/1100
f 1412/2495/1101 1411/2467/1089 1689/2470/1089 1676/2496/1101
f 1691/2497/1119 1688/2498/1120 1723/2499/1120 1696/2500/1119
f 1696/2500/1121 1723/2499/1122 1722/2461/1122 1697/2437/1121
f 1689/2501/1123 1687/2502/1124 1721/2503/1124 1692/2504/1123
f 1692/2504/1125 1721/2503/1126 1720/2459/1126 1693/2430/1125
f 1688/2498/1120 1686/2505/1127 1719/2506/1127 1723/2499/1120
f 1723/2499/1122 1719/2506/1128 1718/2457/1128 1722/2461/1122
f 1687/2502/1124 1685/2507/1129 1717/2508/1129 1721/2503/1124
f 1721/2503/1126 1717/2508/1130 1716/2455/1130 1720/2459/1126
f 1686/2505/1127 1684/2509/1131 1715/2510/1131 1719/2506/1127
f 1719/2506/1128 1715/2510/1132 1714/2453/1132 1718/2457/1128
f 1685/2507/1129 1683/2511/1133 1713/2512/1133 1717/2508/1129
f 1717/2508/1130 1713/2512/1134 1712/2451/1134 1716/2455/1130
f 1684/2509/1131 1682/2513/1135 1711/2514/1135 1715/2510/1131
f 1715/2510/1132 1711/2514/1136 1710/2449/1136 1714/2453/1132
f 1683/2511/1133 1681/2515/1137 1709/2516/1137 1713/2512/1133
f 1713/2512/1134 1709/2516/1138 1708/2447/1138 1712/2451/1134
f 1682/2513/1135 1680/2517/1139 1707/2518/1139 1711/2514/1135
f 1711/2514/1136 1707/2518/1140 1706/2445/1140 1710/2449/1136
f 1681/2515/1137 1679/2519/1141 1705/2520/1141 1709/2516/1137
f 1709/2516/1138 1705/2520/1142 1704/2443/1142 1708/2447/1138
f 1680/2517/1139 1678/2521/1143 1703/2522/1143 1707/2518/1139
f 1707/2518/1140 1703/2522/1144 1702/2439/1144 1706/2445/1140
f 1679/2519/1141 1677/2523/1145 1701/2524/1145 1705/2520/1141
f 1705/2520/1142 1701/2524/1146 1700/2433/1146 1704/2443/1142
f 1678/2521/1143 1676/2525/1147 1699/2526/1147 1703/2522/1143
f 1703/2522/1144 1699/2526/1148 1698/2440/1148 1702/2439/1144
f 1690/2527/1149 1691/2497/1119 1696/2500/1119 1694/2528/1149
f 1694/2528/1150 1696/2500/1121 1697/2437/1121 1695/2434/1150
f 1677/2523/1145 1690/2527/1149 1694/2528/1149 1701/2524/1145
f 1701/2524/1146 1694/2528/1150 1695/2434/1150 1700/2433/1146
f 1676/2529/1147 1689/2501/1123 1692/2504/1123 1699/2530/1147
f 1699/2530/1148 1692/2504/1125 1693/2430/1125 1698/2429/1148
f 1374/2531/1151 1372/2532/1152 1724/2064/1152 1725/2067/1151
f 1376/2533/1153 1374/2531/1151 1725/2067/1151 1726/2069/1153
f 1378/2534/1154 1376/2533/1153 1726/2069/1153 1727/2071/1154
f 1380/2535/1155 1378/2534/1154 1727/2071/1154 1728/2073/1155
f 1382/2536/1156 1380/2535/1155 1728/2073/1155 1729/2075/1156
f 1384/2537/1157 1382/2536/1156 1729/2075/1156 1730/2077/1157
f 1386/2538/1158 1384/2537/1157 1730/2077/1157 1731/2079/1158
f 1388/2539/1159 1386/2538/1158 1731/2079/1158 1732/2081/1159
f 1390/2540/1160 1388/2541/1159 1732/2082/1159 1733/2085/1160
f 1392/2542/1161 1390/2540/1160 1733/2085/1160 1734/2087/1161
f 1394/2543/1162 1392/2542/1161 1734/2087/1161 1735/2089/1162
f 1396/2544/1163 1394/2543/1162 1735/2089/1162 1736/2091/1163
f 1398/2545/1164 1396/2544/1163 1736/2091/1163 1737/2093/1164
f 1400/2546/1165 1398/2545/1164 1737/2093/1164 1738/2095/1165
f 1402/2547/1166 1400/2546/1165 1738/2095/1165 1739/2099/1166
f 1372/2532/1152 1402/2547/1166 1739/2099/1166 1724/2064/1152
f 1773/2548/1167 1772/2549/1168 1768/2550/1168 1767/2551/1167
f 1384/2552/193 1386/2553/438 1747/2554/438 1746/2555/193
f 1400/2101/45 1402/2556/442 1755/2557/442 1754/2102/45
f 1386/2553/438 1388/2558/189 1748/2559/189 1747/2554/438
f 1372/2560/41 1374/2561/435 1741/2562/435 1740/2563/41
f 1402/2556/442 1372/2560/41 1740/2563/41 1755/2557/442
f 1388/2564/189 1390/2565/439 1749/2566/439 1748/2567/189
f 1374/2561/435 1376/2568/38 1742/2569/38 1741/2562/435
f 1390/2565/439 1392/2570/121 1750/2571/121 1749/2566/439
f 1376/2568/38 1378/2572/436 1743/2573/436 1742/2569/38
f 1392/2570/121 1394/2574/440 1751/2575/440 1750/2571/121
f 1378/2572/436 1380/2576/257 1744/2577/257 1743/2573/436
f 1394/2574/440 1396/2578/117 1752/2579/117 1751/2575/440
f 1380/2576/257 1382/2580/437 1745/2581/437 1744/2577/257
f 1396/2578/117 1398/2100/441 1753/2103/441 1752/2579/117
f 1382/2580/437 1384/2552/193 1746/2555/193 1745/2581/437
f 1945/2582/1169 1932/2583/1170 1843/2584/1171 1842/2585/1172
f 1775/2586/1173 1774/2587/1174 1761/2588/1174 1760/2589/1173
f 1772/2549/1168 1776/2590/1175 1769/2591/1175 1768/2550/1168
f 1774/2587/1174 1777/2592/1176 1762/2593/1176 1761/2588/1174
f 1776/2590/1175 1778/2594/1177 1770/2595/1177 1769/2591/1175
f 1777/2592/1176 1779/2596/1178 1763/2597/1178 1762/2593/1176
f 1778/2594/1177 1780/2598/1179 1771/2599/1179 1770/2595/1177
f 1779/2596/1178 1781/2600/1180 1764/2601/1180 1763/2597/1178
f 1783/2602/1181 1782/2603/1182 1757/2604/1182 1756/2605/1181
f 1780/2598/1179 1783/2602/1181 1756/2605/1181 1771/2599/1179
f 1781/2606/1180 1784/2607/1183 1765/2608/1183 1764/2609/1180
f 1782/2603/1182 1785/2610/1184 1758/2611/1184 1757/2604/1182
f 1784/2607/1183 1786/2612/1185 1766/2613/1185 1765/2608/1183
f 1785/2610/1184 1787/2614/1186 1759/2615/1186 1758/2611/1184
f 1786/2612/1185 1773/2548/1167 1767/2551/1167 1766/2613/1185
f 1787/2614/1186 1775/2586/1173 1760/2589/1173 1759/2615/1186
f 1832/2616/1187 1834/2617/1188 1775/2586/1188 1787/2614/1187
f 1831/2618/1189 1833/2619/1190 1773/2548/1190 1786/2612/1189
f 1830/2620/1191 1832/2616/1187 1787/2614/1187 1785/2610/1191
f 1829/2621/1192 1831/2618/1189 1786/2612/1189 1784/2607/1192
f 1828/2622/1193 1830/2620/1191 1785/2610/1191 1782/2603/1193
f 1827/2623/1194 1829/2621/1192 1784/2607/1192 1781/2606/1194
f 1826/2624/1195 1835/2625/1196 1783/2602/1196 1780/2598/1195
f 1835/2625/1196 1828/2622/1193 1782/2603/1193 1783/2602/1196
f 1825/2626/1197 1827/2627/1194 1781/2600/1194 1779/2596/1197
f 1824/2628/1198 1826/2624/1195 1780/2598/1195 1778/2594/1198
f 1823/2629/1199 1825/2626/1197 1779/2596/1197 1777/2592/1199
f 1822/2630/1200 1824/2628/1198 1778/2594/1198 1776/2590/1200
f 1821/2631/1201 1823/2629/1199 1777/2592/1199 1774/2587/1201
f 1820/2632/1202 1822/2630/1200 1776/2590/1200 1772/2549/1202
f 1834/2617/1188 1821/2631/1201 1774/2587/1201 1775/2586/1188
f 1833/2619/1190 1820/2632/1202 1772/2549/1202 1773/2548/1190
f 1804/2633/1203 1807/2634/1204 1791/2635/1205 1788/2636/1206
f 1805/2637/1207 1808/2638/1208 1792/2639/1209 1789/2640/1210
f 1807/2634/1204 1809/2641/1211 1793/2642/1212 1791/2635/1205
f 1808/2638/1208 1810/2643/1213 1794/2644/1214 1792/2639/1209
f 1809/2641/1211 1811/2645/1215 1795/2646/1216 1793/2642/1212
f 1810/2643/1213 1812/2647/1217 1796/2648/1218 1794/2644/1214
f 1811/2645/1215 1813/2649/1219 1797/2650/1220 1795/2646/1216
f 1812/2647/1217 1814/2651/1221 1798/2652/1222 1796/2648/1218
f 1806/2653/1223 1815/2654/1224 1799/2655/1225 1790/2656/1226
f 1813/2649/1219 1806/2653/1223 1790/2656/1226 1797/2650/1220
f 1814/2657/1221 1816/2658/1227 1800/2659/1228 1798/2660/1222
f 1815/2654/1224 1817/2661/1229 1801/2662/1230 1799/2655/1225
f 1816/2658/1227 1818/2663/1231 1802/2664/1232 1800/2659/1228
f 1817/2661/1229 1819/2665/1233 1803/2666/1234 1801/2662/1230
f 1818/2663/1231 1804/2633/1203 1788/2636/1206 1802/2664/1232
f 1819/2665/1233 1805/2637/1207 1789/2640/1210 1803/2666/1234
f 1743/2573/1235 1744/2577/1236 1805/2637/1236 1819/2665/1235
f 1750/2571/1237 1751/2575/1238 1804/2633/1238 1818/2663/1237
f 1742/2569/1239 1743/2573/1235 1819/2665/1235 1817/2661/1239
f 1749/2566/1240 1750/2571/1237 1818/2663/1237 1816/2658/1240
f 1741/2562/1241 1742/2569/1239 1817/2661/1239 1815/2654/1241
f 1748/2567/1242 1749/2566/1240 1816/2658/1240 1814/2657/1242
f 1755/2557/1243 1740/2563/1244 1806/2653/1244 1813/2649/1243
f 1740/2563/1244 1741/2562/1241 1815/2654/1241 1806/2653/1244
f 1747/2554/1245 1748/2559/1242 1814/2651/1242 1812/2647/1245
f 1754/2102/1246 1755/2557/1243 1813/2649/1243 1811/2645/1246
f 1746/2555/1247 1747/2554/1245 1812/2647/1245 1810/2643/1247
f 1753/2103/1248 1754/2102/1246 1811/2645/1246 1809/2641/1248
f 1745/2581/1249 1746/2555/1247 1810/2643/1247 1808/2638/1249
f 1752/2579/1250 1753/2103/1248 1809/2641/1248 1807/2634/1250
f 1744/2577/1236 1745/2581/1249 1808/2638/1249 1805/2637/1236
f 1751/2575/1238 1752/2579/1250 1807/2634/1250 1804/2633/1238
f 1788/2636/1206 1791/2635/1205 1820/2632/1251 1833/2619/1252
f 1789/2640/1210 1792/2639/1209 1821/2631/1253 1834/2617/1254
f 1791/2635/1205 1793/2642/1212 1822/2630/1255 1820/2632/1251
f 1792/2639/1209 1794/2644/1214 1823/2629/1256 1821/2631/1253
f 1793/2642/1212 1795/2646/1216 1824/2628/1257 1822/2630/1255
f 1794/2644/1214 1796/2648/1218 1825/2626/1258 1823/2629/1256
f 1795/2646/1216 1797/2650/1220 1826/2624/1259 1824/2628/1257
f 1796/2648/1218 1798/2652/1222 1827/2627/1260 1825/2626/1258
f 1790/2656/1226 1799/2655/1225 1828/2622/1261 1835/2625/1262
f 1797/2650/1220 1790/2656/1226 1835/2625/1262 1826/2624/1259
f 1798/2660/1222 1800/2659/1228 1829/2621/1263 1827/2623/1260
f 1799/2655/1225 1801/2662/1230 1830/2620/1264 1828/2622/1261
f 1800/2659/1228 1802/2664/1232 1831/2618/1265 1829/2621/1263
f 1801/2662/1230 1803/2666/1234 1832/2616/1266 1830/2620/1264
f 1802/2664/1232 1788/2636/1206 1833/2619/1252 1831/2618/1265
f 1803/2666/1234 1789/2640/1210 1834/2617/1254 1832/2616/1266
f 1946/2667/1267 1933/2668/1268 1851/2669/1269 1850/2670/1270
f 1932/2583/1170 1934/2671/1271 1844/2672/1272 1843/2584/1171
f 1947/2673/1273 1935/2674/1274 1837/2675/1275 1836/2676/1276
f 1933/2668/1268 1947/2673/1273 1836/2676/1276 1851/2669/1269
f 1934/2677/1271 1936/2678/1277 1845/2679/1278 1844/2680/1272
f 1935/2674/1274 1937/2681/1279 1838/2682/1280 1837/2675/1275
f 1936/2678/1277 1938/2683/1281 1846/2684/1282 1845/2679/1278
f 1937/2681/1279 1939/2685/1283 1839/2686/1284 1838/2682/1280
f 1938/2683/1281 1940/2687/1285 1847/2688/1286 1846/2684/1282
f 1939/2685/1283 1941/2689/1287 1840/2690/1288 1839/2686/1284
f 1940/2687/1285 1942/2691/1289 1848/2692/1290 1847/2688/1286
f 1941/2689/1287 1943/2693/1291 1841/2694/1292 1840/2690/1288
f 1942/2691/1289 1944/2695/1293 1849/2696/1294 1848/2692/1290
f 1943/2693/1291 1945/2582/1169 1842/2585/1172 1841/2694/1292
f 1944/2695/1293 1946/2667/1267 1850/2670/1270 1849/2696/1294
f 1931/2697/1295 1917/2698/1296 1859/2699/1297 1882/2700/1298
f 1915/2701/1299 1890/2702/1300 1858/2703/1301 1883/2704/1302
f 1930/2705/1303 1916/2706/1304 1855/2707/1305 1880/2708/1306
f 1913/2709/1307 1886/2710/1308 1854/2711/1309 1881/2712/1310
f 1929/2713/1311 1931/2697/1295 1882/2700/1298 1878/2714/1312
f 1911/2715/1313 1915/2701/1299 1883/2704/1302 1879/2716/1314
f 1928/2717/1315 1930/2705/1303 1880/2708/1306 1876/2718/1316
f 1909/2719/1317 1913/2709/1307 1881/2712/1310 1877/2720/1318
f 1927/2721/1319 1929/2713/1311 1878/2714/1312 1874/2722/1320
f 1907/2723/1321 1911/2715/1313 1879/2716/1314 1875/2724/1322
f 1926/2725/1323 1928/2717/1315 1876/2718/1316 1872/2726/1324
f 1905/2727/1325 1909/2719/1317 1877/2720/1318 1873/2728/1326
f 1925/2729/1327 1927/2721/1319 1874/2722/1320 1870/2730/1328
f 1903/2731/1329 1907/2723/1321 1875/2724/1322 1871/2732/1330
f 1924/2733/1331 1926/2725/1323 1872/2726/1324 1868/2734/1332
f 1901/2735/1333 1905/2727/1325 1873/2728/1326 1869/2736/1334
f 1923/2737/1335 1925/2729/1327 1870/2730/1328 1866/2738/1336
f 1899/2739/1337 1903/2731/1329 1871/2732/1330 1867/2740/1338
f 1922/2741/1339 1924/2733/1331 1868/2734/1332 1862/2742/1340
f 1895/2743/1341 1901/2735/1333 1869/2736/1334 1863/2744/1342
f 1921/2745/1343 1923/2737/1335 1866/2738/1336 1860/2746/1344
f 1893/2747/1345 1899/2739/1337 1867/2740/1338 1861/2748/1346
f 1920/2749/1347 1918/2750/1348 1865/2751/1349 1856/2752/1350
f 1889/2753/1351 1896/2754/1352 1864/2755/1353 1857/2756/1354
f 1918/2750/1348 1922/2741/1339 1862/2742/1340 1865/2751/1349
f 1896/2754/1352 1895/2743/1341 1863/2744/1342 1864/2755/1353
f 1919/2757/1355 1921/2758/1343 1860/2759/1344 1852/2760/1356
f 1885/2761/1357 1893/2762/1345 1861/2763/1346 1853/2764/1358
f 1917/2698/1296 1920/2749/1347 1856/2752/1350 1859/2699/1297
f 1890/2702/1300 1889/2753/1351 1857/2756/1354 1858/2703/1301
f 1916/2706/1304 1919/2757/1355 1852/2760/1356 1855/2707/1305
f 1886/2710/1308 1885/2761/1357 1853/2764/1358 1854/2711/1309
f 1855/2707/1305 1852/2760/1356 1884/2765/1359 1887/2766/1360
f 1887/2766/1360 1884/2765/1359 1885/2761/1357 1886/2710/1308
f 1859/2699/1297 1856/2752/1350 1888/2767/1361 1891/2768/1362
f 1891/2768/1362 1888/2767/1361 1889/2753/1351 1890/2702/1300
f 1852/2760/1356 1860/2759/1344 1892/2769/1363 1884/2765/1359
f 1884/2765/1359 1892/2769/1363 1893/2762/1345 1885/2761/1357
f 1865/2751/1349 1862/2742/1340 1894/2770/1364 1897/2771/1365
f 1897/2771/1365 1894/2770/1364 1895/2743/1341 1896/2754/1352
f 1856/2752/1350 1865/2751/1349 1897/2771/1365 1888/2767/1361
f 1888/2767/1361 1897/2771/1365 1896/2754/1352 1889/2753/1351
f 1860/2746/1344 1866/2738/1336 1898/2772/1366 1892/2773/1363
f 1892/2773/1363 1898/2772/1366 1899/2739/1337 1893/2747/1345
f 1862/2742/1340 1868/2734/1332 1900/2774/1367 1894/2770/1364
f 1894/2770/1364 1900/2774/1367 1901/2735/1333 1895/2743/1341
f 1866/2738/1336 1870/2730/1328 1902/2775/1368 1898/2772/1366
f 1898/2772/1366 1902/2775/1368 1903/2731/1329 1899/2739/1337
f 1868/2734/1332 1872/2726/1324 1904/2776/1369 1900/2774/1367
f 1900/2774/1367 1904/2776/1369 1905/2727/1325 1901/2735/1333
f 1870/2730/1328 1874/2722/1320 1906/2777/1370 1902/2775/1368
f 1902/2775/1368 1906/2777/1370 1907/2723/1321 1903/2731/1329
f 1872/2726/1324 1876/2718/1316 1908/2778/1371 1904/2776/1369
f 1904/2776/1369 1908/2778/1371 1909/2719/1317 1905/2727/1325
f 1874/2722/1320 1878/2714/1312 1910/2779/1372 1906/2777/1370
f 1906/2777/1370 1910/2779/1372 1911/2715/1313 1907/2723/1321
f 1876/2718/1316 1880/2708/1306 1912/2780/1373 1908/2778/1371
f 1908/2778/1371 1912/2780/1373 1913/2709/1307 1909/2719/1317
f 1878/2714/1312 1882/2700/1298 1914/2781/1374 1910/2779/1372
f 1910/2779/1372 1914/2781/1374 1915/2701/1299 1911/2715/1313
f 1880/2708/1306 1855/2707/1305 1887/2766/1360 1912/2780/1373
f 1912/2780/1373 1887/2766/1360 1886/2710/1308 1913/2709/1307
f 1882/2700/1298 1859/2699/1297 1891/2768/1362 1914/2781/1374
f 1914/2781/1374 1891/2768/1362 1890/2702/1300 1915/2701/1299
f 1762/2782/1375 1763/2783/1376 1919/2757/1355 1916/2706/1304
f 1770/2784/1377 1771/2785/1378 1920/2749/1347 1917/2698/1296
f 1763/2783/1376 1764/2786/1379 1921/2758/1343 1919/2757/1355
f 1756/2787/1380 1757/2788/1381 1922/2741/1339 1918/2750/1348
f 1771/2785/1378 1756/2787/1380 1918/2750/1348 1920/2749/1347
f 1764/2789/1379 1765/2790/1382 1923/2737/1335 1921/2745/1343
f 1757/2788/1381 1758/2791/1383 1924/2733/1331 1922/2741/1339
f 1765/2790/1382 1766/2792/1384 1925/2729/1327 1923/2737/1335
f 1758/2791/1383 1759/2793/1385 1926/2725/1323 1924/2733/1331
f 1766/2792/1384 1767/2794/1386 1927/2721/1319 1925/2729/1327
f 1759/2793/1385 1760/2795/1387 1928/2717/1315 1926/2725/1323
f 1767/2794/1386 1768/2796/1388 1929/2713/1311 1927/2721/1319
f 1760/2795/1387 1761/2797/1389 1930/2705/1303 1928/2717/1315
f 1768/2796/1388 1769/2798/1390 1931/2697/1295 1929/2713/1311
f 1761/2797/1389 1762/2782/1375 1916/2706/1304 1930/2705/1303
f 1769/2798/1390 1770/2784/1377 1917/2698/1296 1931/2697/1295
f 1883/2704/1302 1858/2703/1301 1946/2667/1267 1944/2695/1293
f 1881/2712/1310 1854/2711/1309 1945/2582/1169 1943/2693/1291
f 1879/2716/1314 1883/2704/1302 1944/2695/1293 1942/2691/1289
f 1877/2720/1318 1881/2712/1310 1943/2693/1291 1941/2689/1287
f 1875/2724/1322 1879/2716/1314 1942/2691/1289 1940/2687/1285
f 1873/2728/1326 1877/2720/1318 1941/2689/1287 1939/2685/1283
f 1871/2732/1330 1875/2724/1322 1940/2687/1285 1938/2683/1281
f 1869/2736/1334 1873/2728/1326 1939/2685/1283 1937/2681/1279
f 1867/2740/1338 1871/2732/1330 1938/2683/1281 1936/2678/1277
f 1863/2744/1342 1869/2736/1334 1937/2681/1279 1935/2674/1274
f 1861/2748/1346 1867/2740/1338 1936/2678/1277 1934/2677/1271
f 1857/2756/1354 1864/2755/1353 1947/2673/1273 1933/2668/1268
f 1864/2755/1353 1863/2744/1342 1935/2674/1274 1947/2673/1273
f 1853/2764/1358 1861/2763/1346 1934/2671/1271 1932/2583/1170
f 1858/2703/1301 1857/2756/1354 1933/2668/1268 1946/2667/1267
f 1854/2711/1309 1853/2764/1358 1932/2583/1170 1945/2582/1169
f 1963/2799/442 1962/2800/45 1978/2801/45 1979/2802/442
f 1458/2803/313 1457/2804/313 1953/2805/313 1954/2806/313
f 1466/2807/313 1465/2191/313 1961/2194/313 1962/2800/313
f 1459/2808/313 1458/2803/313 1954/2806/313 1955/2809/313
f 1467/2810/313 1466/2807/313 1962/2800/313 1963/2799/313
f 1460/2811/313 1459/2808/313 1955/2809/313 1956/2812/313
f 1452/2813/313 1453/2814/313 1949/2815/313 1948/2816/313
f 1453/2814/313 1467/2810/313 1963/2799/313 1949/2815/313
f 1461/2817/313 1460/2818/313 1956/2819/313 1957/2820/313
f 1454/2821/313 1452/2813/313 1948/2816/313 1950/2822/313
f 1462/2823/313 1461/2817/313 1957/2820/313 1958/2824/313
f 1455/2825/313 1454/2821/313 1950/2822/313 1951/2826/313
f 1463/2827/313 1462/2823/313 1958/2824/313 1959/2828/313
f 1456/2829/313 1455/2825/313 1951/2826/313 1952/2830/313
f 1464/2192/313 1463/2827/313 1959/2828/313 1960/2193/313
f 1457/2804/313 1456/2829/313 1952/2830/313 1953/2805/313
f 1563/2155/994 1550/2131/1005 1643/2341/1005 1640/2329/994
f 1956/2812/189 1955/2809/438 1971/2831/438 1972/2832/189
f 1948/2816/435 1949/2815/41 1965/2833/41 1964/2834/435
f 1949/2815/41 1963/2799/442 1979/2802/442 1965/2833/41
f 1957/2820/439 1956/2819/189 1972/2835/189 1973/2836/439
f 1950/2822/38 1948/2816/435 1964/2834/435 1966/2837/38
f 1958/2824/121 1957/2820/439 1973/2836/439 1974/2838/121
f 1951/2826/436 1950/2822/38 1966/2837/38 1967/2839/436
f 1959/2828/440 1958/2824/121 1974/2838/121 1975/2840/440
f 1952/2830/257 1951/2826/436 1967/2839/436 1968/2841/257
f 1960/2193/117 1959/2828/440 1975/2840/440 1976/2842/117
f 1953/2805/437 1952/2830/257 1968/2841/257 1969/2843/437
f 1961/2194/441 1960/2193/117 1976/2842/117 1977/2844/441
f 1954/2806/193 1953/2805/437 1969/2843/437 1970/2845/193
f 1962/2800/45 1961/2194/441 1977/2844/441 1978/2801/45
f 1955/2809/438 1954/2806/193 1970/2845/193 1971/2831/438
f 2005/2310/975 2008/2312/977 2009/2282/949 2004/2307/974
f 2003/2314/979 2006/2313/978 2007/2278/945 2002/2309/970
f 2001/2315/980 2010/2311/976 2011/2306/973 2000/2301/968
f 2010/2311/976 2005/2310/975 2004/2307/974 2011/2306/973
f 1999/2317/981 2003/2316/979 2002/2303/970 1998/2299/966
f 1997/2318/982 2001/2315/980 2000/2301/968 1996/2297/964
f 1995/2319/983 1999/2317/981 1998/2299/966 1994/2295/962
f 1993/2320/984 1997/2318/982 1996/2297/964 1992/2293/960
f 1991/2321/985 1995/2319/983 1994/2295/962 1990/2291/958
f 1989/2322/986 1993/2320/984 1992/2293/960 1988/2289/956
f 1987/2323/987 1991/2321/985 1990/2291/958 1986/2287/954
f 1985/2326/990 1989/2322/986 1988/2289/956 1984/2285/952
f 1983/2324/988 1987/2323/987 1986/2287/954 1982/2283/950
f 1981/2325/989 1985/2326/990 1984/2285/952 1980/2279/946
f 2008/2312/977 1983/2324/988 1982/2283/950 2009/2282/949
f 2006/2313/978 1981/2325/989 1980/2279/946 2007/2278/945
f 1985/2326/990 1981/2325/989 1532/2274/925 1534/2270/921
f 1838/2846/1280 1839/2847/1284 2012/2848/313 1837/2849/1275
f 1839/2847/1284 1840/2850/1288 2015/2851/313 2012/2848/313
f 1840/2850/1288 1841/2852/1292 2018/2853/313 2015/2851/313
f 1841/2852/1292 1842/2854/1172 1843/2855/1171 2018/2853/313
f 1837/2849/1275 2012/2848/313 2013/2856/313 1836/2857/1276
f 2012/2848/313 2015/2851/313 2016/2858/313 2013/2856/313
f 2015/2851/313 2018/2853/313 2019/2859/313 2016/2858/313
f 2018/2853/313 1843/2855/1171 1844/2860/1272 2019/2859/313
f 1836/2857/1276 2013/2856/313 2014/2861/313 1851/2862/1269
f 2013/2856/313 2016/2858/313 2017/2863/313 2014/2861/313
f 2016/2858/313 2019/2859/313 2020/2864/313 2017/2863/313
f 2019/2859/313 1844/2860/1272 1845/2865/1278 2020/2864/313
f 1851/2862/1269 2014/2861/313 1849/2866/1294 1850/2867/1270
f 2014/2861/313 2017/2863/313 1848/2868/1290 1849/2866/1294
f 2017/2863/313 2020/2864/313 1847/2869/1286 1848/2868/1290
f 2020/2864/313 1845/2865/1278 1846/2870/1282 1847/2869/1286
f 2373/2871/257 2022/2872/257 2024/2873/437 2374/2874/437
f 2374/2874/437 2024/2873/437 2026/2875/193 2375/2876/193
f 2375/2876/193 2026/2875/193 2028/2877/438 2376/2878/438
f 2376/2878/438 2028/2877/438 2030/2879/189 2377/2880/189
f 2377/2880/189 2030/2879/189 2032/2881/439 2378/2882/439
f 2378/2882/439 2032/2881/439 2034/2883/121 2379/2884/121
f 2379/2884/121 2034/2883/121 2036/2885/440 2380/2886/440
f 2380/2886/440 2036/2885/440 2038/2887/117 2381/2888/117
f 2381/2889/117 2038/2890/117 2040/2891/441 2382/2892/441
f 2382/2892/441 2040/2891/441 2042/2893/45 2383/2894/45
f 2383/2894/45 2042/2893/45 2044/2895/442 2384/2896/442
f 2384/2896/442 2044/2895/442 2046/2897/41 2385/2898/41
f 2385/2898/41 2046/2897/41 2048/2899/435 2386/2900/435
f 2386/2900/435 2048/2899/435 2050/2901/38 2387/2902/38
f 2030/2879/788 2028/2877/793 2056/2903/793 2057/2904/788
f 2387/2902/38 2050/2901/38 2052/2905/436 2388/2906/436
f 2388/2906/436 2052/2905/436 2022/2872/257 2373/2871/257
f 2047/2907/435 2049/2908/38 2403/2909/38 2402/2910/435
f 2200/2911/812 2197/2912/810 2076/2913/810 2077/2914/812
f 2040/2891/790 2038/2890/795 2061/2915/795 2062/2916/790
f 2050/2901/791 2048/2899/792 2066/2917/792 2067/2918/791
f 2026/2875/794 2024/2873/797 2053/2919/797 2055/2920/794
f 2036/2885/796 2034/2883/798 2059/2921/798 2060/2922/796
f 2046/2897/800 2044/2895/799 2064/2923/799 2065/2924/800
f 2032/2881/787 2030/2879/788 2057/2904/788 2058/2925/787
f 2042/2893/789 2040/2891/790 2062/2916/790 2063/2926/789
f 2052/2905/784 2050/2901/791 2067/2918/791 2068/2927/784
f 2028/2877/793 2026/2875/794 2055/2920/794 2056/2903/793
f 2038/2887/795 2036/2885/796 2060/2922/796 2061/2928/795
f 2048/2899/792 2046/2897/800 2065/2924/800 2066/2917/792
f 2024/2873/797 2022/2872/783 2054/2929/783 2053/2919/797
f 2034/2883/798 2032/2881/787 2058/2925/787 2059/2921/798
f 2044/2895/799 2042/2893/789 2063/2926/789 2064/2923/799
f 2022/2872/783 2052/2905/784 2068/2927/784 2054/2929/783
f 2168/2930/829 2165/2931/827 2094/2932/827 2095/2933/829
f 2201/2934/813 2198/2935/811 2070/2936/811 2069/2937/813
f 2198/2935/811 2199/2938/809 2084/2939/809 2070/2936/811
f 2202/2940/814 2200/2941/812 2077/2942/812 2078/2943/814
f 2203/2944/815 2201/2934/813 2069/2937/813 2071/2945/815
f 2204/2946/816 2202/2940/814 2078/2943/814 2079/2947/816
f 2205/2948/786 2203/2944/815 2071/2945/815 2072/2949/786
f 2206/2950/805 2204/2946/816 2079/2947/816 2080/2951/805
f 2207/2952/785 2205/2948/786 2072/2949/786 2073/2953/785
f 2208/2954/804 2206/2950/805 2080/2951/805 2081/2955/804
f 2209/2956/806 2207/2952/785 2073/2953/785 2074/2957/806
f 2210/2958/803 2208/2954/804 2081/2955/804 2082/2959/803
f 2211/2960/808 2209/2956/806 2074/2957/806 2075/2961/808
f 2212/2962/807 2210/2958/803 2082/2959/803 2083/2963/807
f 2197/2912/810 2211/2960/808 2075/2961/808 2076/2913/810
f 2199/2938/809 2212/2962/807 2083/2963/807 2084/2939/809
f 2119/2964/849 2118/2965/845 2115/2966/846 2116/2967/850
f 2169/2968/830 2166/2969/828 2087/2970/828 2088/2971/830
f 2170/2972/831 2168/2930/829 2095/2933/829 2096/2973/831
f 2171/2974/832 2169/2968/830 2088/2971/830 2089/2975/832
f 2172/2976/834 2170/2972/831 2096/2973/831 2097/2977/834
f 2173/2978/802 2171/2974/832 2089/2975/832 2090/2979/802
f 2174/2980/833 2172/2976/834 2097/2977/834 2098/2981/833
f 2175/2982/801 2173/2978/802 2090/2979/802 2091/2983/801
f 2176/2984/822 2174/2980/833 2098/2981/833 2099/2985/822
f 2177/2986/823 2175/2982/801 2091/2983/801 2092/2987/823
f 2178/2988/821 2176/2984/822 2099/2985/822 2100/2989/821
f 2179/2990/825 2177/2986/823 2092/2987/823 2093/2991/825
f 2180/2992/826 2167/2993/824 2086/2994/824 2085/2995/826
f 2167/2993/824 2178/2988/821 2100/2989/821 2086/2994/824
f 2165/2931/827 2179/2996/825 2093/2997/825 2094/2932/827
f 2166/2969/828 2180/2992/826 2085/2995/826 2087/2970/828
f 2114/2998/313 2113/2999/313 2609/3000/313 2610/3001/313
f 2123/3002/855 2122/3003/851 2108/3004/852 2109/3005/856
f 2127/3006/857 2126/3007/853 2102/3008/854 2101/3009/858
f 2126/3007/853 2119/2964/849 2116/2967/850 2102/3008/854
f 2129/3010/859 2123/3011/855 2109/3012/856 2110/3013/860
f 2131/3014/861 2127/3006/857 2101/3009/858 2103/3015/862
f 2133/3016/818 2129/3010/859 2110/3013/860 2111/3017/819
f 2135/3018/836 2131/3014/861 2103/3015/862 2104/3019/837
f 2137/3020/817 2133/3016/818 2111/3017/819 2112/3021/820
f 2139/3022/835 2135/3018/836 2104/3019/837 2105/3023/838
f 2141/3024/840 2137/3020/817 2112/3021/820 2113/3025/841
f 2143/3026/843 2139/3022/835 2105/3023/838 2106/3027/844
f 2145/3028/839 2141/3024/840 2113/3025/841 2114/3029/842
f 2147/3030/847 2143/3026/843 2106/3027/844 2107/3031/848
f 2118/2965/845 2145/3028/839 2114/3029/842 2115/2966/846
f 2122/3003/851 2147/3030/847 2107/3031/848 2108/3004/852
f 2092/2987/877 2091/2983/881 2148/3032/882 2121/3033/878
f 2121/3033/878 2148/3032/882 2147/3030/847 2122/3003/851
f 2099/2985/883 2098/2981/887 2146/3034/888 2117/3035/884
f 2117/3035/884 2146/3034/888 2145/3028/839 2118/2965/845
f 2091/2983/881 2090/2979/885 2144/3036/886 2148/3032/882
f 2148/3032/882 2144/3036/886 2143/3026/843 2147/3030/847
f 2098/2981/887 2097/2977/891 2142/3037/894 2146/3034/888
f 2146/3034/888 2142/3037/894 2141/3024/840 2145/3028/839
f 2090/2979/885 2089/2975/889 2140/3038/890 2144/3036/886
f 2144/3036/886 2140/3038/890 2139/3022/835 2143/3026/843
f 2097/2977/891 2096/2973/892 2138/3039/893 2142/3037/894
f 2142/3037/894 2138/3039/893 2137/3020/817 2141/3024/840
f 2089/2975/889 2088/2971/863 2136/3040/866 2140/3038/890
f 2140/3038/890 2136/3040/866 2135/3018/836 2139/3022/835
f 2096/2973/892 2095/2933/867 2134/3041/870 2138/3039/893
f 2138/3039/893 2134/3041/870 2133/3016/818 2137/3020/817
f 2088/2971/863 2087/2970/864 2132/3042/865 2136/3040/866
f 2136/3040/866 2132/3042/865 2131/3014/861 2135/3018/836
f 2095/2933/867 2094/2932/868 2130/3043/869 2134/3041/870
f 2134/3041/870 2130/3043/869 2129/3010/859 2133/3016/818
f 2087/2970/864 2085/2995/1391 2128/3044/872 2132/3042/865
f 2132/3042/865 2128/3044/872 2127/3006/857 2131/3014/861
f 2094/2932/868 2093/2997/873 2124/3045/874 2130/3043/869
f 2130/3043/869 2124/3045/874 2123/3011/855 2129/3010/859
f 2086/2994/1392 2100/2989/879 2120/3046/880 2125/3047/876
f 2125/3047/876 2120/3046/880 2119/2964/849 2126/3007/853
f 2085/2995/1391 2086/2994/1392 2125/3047/876 2128/3044/872
f 2128/3044/872 2125/3047/876 2126/3007/853 2127/3006/857
f 2093/2991/873 2092/2987/877 2121/3033/878 2124/3048/874
f 2124/3048/874 2121/3033/878 2122/3003/851 2123/3002/855
f 2100/2989/879 2099/2985/883 2117/3035/884 2120/3046/880
f 2120/3046/880 2117/3035/884 2118/2965/845 2119/2964/849
f 2195/3049/911 2193/3050/915 2164/3051/916 2151/3052/912
f 2194/3053/913 2192/3054/917 2162/3055/918 2149/3056/914
f 2196/3057/919 2191/3058/923 2161/3059/924 2163/3060/920
f 2193/3050/915 2196/3057/919 2163/3060/920 2164/3051/916
f 2192/3061/917 2190/3062/921 2160/3063/922 2162/3064/918
f 2191/3058/923 2189/3065/895 2159/3066/898 2161/3059/924
f 2190/3062/921 2188/3067/925 2158/3068/926 2160/3063/922
f 2189/3065/895 2187/3069/896 2157/3070/897 2159/3066/898
f 2188/3067/925 2186/3071/899 2156/3072/902 2158/3068/926
f 2187/3069/896 2185/3073/903 2155/3074/906 2157/3070/897
f 2186/3071/899 2184/3075/900 2154/3076/901 2156/3072/902
f 2185/3073/903 2183/3077/904 2153/3078/905 2155/3074/906
f 2184/3075/900 2182/3079/907 2152/3080/908 2154/3076/901
f 2183/3077/904 2181/3081/909 2150/3082/910 2153/3078/905
f 2182/3079/907 2195/3049/911 2151/3052/912 2152/3080/908
f 2181/3081/909 2194/3053/913 2149/3056/914 2150/3082/910
f 2151/3052/935 2164/3051/937 2180/2992/937 2166/2969/935
f 2149/3056/936 2162/3055/938 2179/2996/938 2165/2931/936
f 2163/3060/939 2161/3059/941 2178/2988/941 2167/2993/939
f 2164/3051/937 2163/3060/939 2167/2993/939 2180/2992/937
f 2162/3064/938 2160/3063/940 2177/2986/940 2179/2990/938
f 2161/3059/941 2159/3066/927 2176/2984/927 2178/2988/941
f 2160/3063/940 2158/3068/942 2175/2982/942 2177/2986/940
f 2159/3066/927 2157/3070/928 2174/2980/928 2176/2984/927
f 2158/3068/942 2156/3072/929 2173/2978/929 2175/2982/942
f 2157/3070/928 2155/3074/931 2172/2976/931 2174/2980/928
f 2156/3072/929 2154/3076/930 2171/2974/930 2173/2978/929
f 2155/3074/931 2153/3078/932 2170/2972/932 2172/2976/931
f 2154/3076/930 2152/3080/933 2169/2968/933 2171/2974/930
f 2153/3078/932 2150/3082/934 2168/2930/934 2170/2972/932
f 2152/3080/933 2151/3052/935 2166/2969/935 2169/2968/933
f 2150/3082/934 2149/3056/936 2165/2931/936 2168/2930/934
f 2235/3083/1393 2230/3084/959 2656/3085/960 2629/3086/964
f 2237/3087/965 2232/3088/1394 2658/3089/962 2631/3090/966
f 2239/3091/967 2235/3083/1393 2629/3086/964 2633/3092/968
f 2241/3093/969 2237/3087/965 2631/3090/966 2635/3094/970
f 2243/3095/972 2239/3091/967 2633/3092/968 2637/3096/973
f 2245/3097/944 2241/3093/969 2635/3094/970 2639/3098/945
f 2247/3099/971 2243/3095/972 2637/3096/973 2641/3100/974
f 2249/3101/1395 2245/3097/944 2639/3098/945 2643/3102/946
f 2251/3103/1396 2247/3099/971 2641/3100/974 2645/3104/949
f 2253/3105/951 2249/3101/1395 2643/3102/946 2647/3106/952
f 2255/3107/947 2251/3103/1396 2645/3104/949 2649/3108/950
f 2257/3109/955 2253/3105/951 2647/3106/952 2651/3110/956
f 2259/3111/957 2234/3112/953 2660/3113/954 2653/3114/958
f 2234/3112/953 2255/3107/947 2649/3108/950 2660/3113/954
f 2230/3084/959 2257/3115/955 2651/3116/956 2656/3085/960
f 2232/3088/1394 2259/3111/957 2653/3114/958 2658/3089/962
f 2654/3117/985 2659/3118/987 2196/3057/919 2193/3050/915
f 2657/3119/983 2654/3117/985 2193/3050/915 2195/3049/911
f 2655/3120/984 2652/3121/986 2192/3054/917 2194/3053/913
f 2659/3118/987 2650/3122/988 2191/3058/923 2196/3057/919
f 2652/3123/986 2648/3124/990 2190/3062/921 2192/3061/917
f 2650/3122/988 2646/3125/977 2189/3065/895 2191/3058/923
f 2648/3124/990 2644/3126/989 2188/3067/925 2190/3062/921
f 2646/3125/977 2642/3127/975 2187/3069/896 2189/3065/895
f 2644/3126/989 2640/3128/978 2186/3071/899 2188/3067/925
f 2642/3127/975 2638/3129/976 2185/3073/903 2187/3069/896
f 2640/3128/978 2636/3130/979 2184/3075/900 2186/3071/899
f 2632/3131/981 2657/3119/983 2195/3049/911 2182/3079/907
f 2630/3132/982 2655/3120/984 2194/3053/913 2181/3081/909
f 2638/3129/976 2634/3133/980 2183/3077/904 2185/3073/903
f 2636/3130/979 2632/3131/981 2182/3079/907 2184/3075/900
f 2211/2960/1000 2197/2912/998 2290/3134/998 2288/3135/1000
f 2210/2958/1003 2212/2962/1001 2289/3136/1001 2287/3137/1003
f 2209/2956/1002 2211/2960/1000 2288/3135/1000 2286/3138/1002
f 2208/2954/1006 2210/2958/1003 2287/3137/1003 2285/3139/1006
f 2207/2952/1004 2209/2956/1002 2286/3138/1002 2284/3140/1004
f 2206/2950/1005 2208/2954/1006 2285/3139/1006 2283/3141/1005
f 2205/2948/992 2207/2952/1004 2284/3140/1004 2282/3142/992
f 2204/2946/994 2206/2950/1005 2283/3141/1005 2281/3143/994
f 2203/2944/991 2205/2948/992 2282/3142/992 2280/3144/991
f 2202/2940/993 2204/2946/994 2281/3143/994 2279/3145/993
f 2201/2934/995 2203/2944/991 2280/3144/991 2278/3146/995
f 2200/2941/996 2202/2940/993 2279/3145/993 2277/3147/996
f 2292/3148/999 2199/2938/999 2198/2935/997 2291/3149/997
f 2291/3149/997 2198/2935/997 2201/2934/995 2278/3146/995
f 2290/3134/998 2197/2912/998 2200/2911/996 2277/3150/996
f 2079/2947/1017 2078/2943/1015 2226/3151/1015 2213/3152/1017
f 2072/2949/1397 2071/2945/1016 2227/3153/1016 2214/3154/1397
f 2080/2951/1019 2079/2947/1017 2213/3152/1017 2215/3155/1019
f 2073/2953/1020 2072/2949/1397 2214/3154/1397 2216/3156/1020
f 2081/2955/1022 2080/2951/1019 2215/3155/1019 2217/3157/1022
f 2074/2957/1008 2073/2953/1020 2216/3156/1020 2218/3158/1008
f 2082/2959/1021 2081/2955/1022 2217/3157/1022 2219/3159/1021
f 2075/2961/1007 2074/2957/1008 2218/3158/1008 2220/3160/1007
f 2083/2963/1010 2082/2959/1021 2219/3159/1021 2221/3161/1010
f 2076/2913/1011 2075/2961/1007 2220/3160/1007 2222/3162/1011
f 2084/2939/1009 2083/2963/1010 2221/3161/1010 2223/3163/1009
f 2077/2914/1013 2076/2913/1011 2222/3162/1011 2224/3164/1013
f 2069/2937/1014 2070/2936/1012 2228/3165/1012 2225/3166/1014
f 2070/2936/1012 2084/2939/1009 2223/3163/1009 2228/3165/1012
f 2078/2943/1015 2077/2942/1013 2224/3167/1013 2226/3151/1015
f 2071/2945/1016 2069/2937/1014 2225/3166/1014 2227/3153/1016
f 2261/3168/1043 2274/3169/1039 2229/3170/1039 2236/3171/1043
f 2236/3171/1044 2229/3170/1040 2230/3084/1040 2235/3083/1044
f 2262/3172/1045 2275/3173/1041 2231/3174/1041 2238/3175/1045
f 2238/3175/1046 2231/3174/1042 2232/3088/1042 2237/3087/1046
f 2263/3176/1047 2261/3168/1043 2236/3171/1043 2240/3177/1047
f 2240/3177/1048 2236/3171/1044 2235/3083/1044 2239/3091/1048
f 2264/3178/1049 2262/3172/1045 2238/3175/1045 2242/3179/1049
f 2242/3179/1050 2238/3175/1046 2237/3087/1046 2241/3093/1050
f 2265/3180/1398 2263/3176/1047 2240/3177/1047 2244/3181/1398
f 2244/3181/1054 2240/3177/1048 2239/3091/1048 2243/3095/1054
f 2266/3182/1024 2264/3178/1049 2242/3179/1049 2246/3183/1024
f 2246/3183/1026 2242/3179/1050 2241/3093/1050 2245/3097/1026
f 2267/3184/1051 2265/3180/1398 2244/3181/1398 2248/3185/1051
f 2248/3185/1053 2244/3181/1054 2243/3095/1054 2247/3099/1053
f 2268/3186/1023 2266/3182/1024 2246/3183/1024 2250/3187/1023
f 2250/3187/1025 2246/3183/1026 2245/3097/1026 2249/3101/1025
f 2269/3188/1028 2267/3184/1051 2248/3185/1051 2252/3189/1028
f 2252/3189/1030 2248/3185/1053 2247/3099/1053 2251/3103/1030
f 2270/3190/1031 2268/3186/1023 2250/3187/1023 2254/3191/1031
f 2254/3191/1032 2250/3187/1025 2249/3101/1025 2253/3105/1032
f 2271/3192/1027 2269/3188/1028 2252/3189/1028 2256/3193/1027
f 2256/3193/1029 2252/3189/1030 2251/3103/1030 2255/3107/1029
f 2272/3194/1035 2270/3190/1031 2254/3191/1031 2258/3195/1035
f 2258/3195/1036 2254/3191/1032 2253/3105/1032 2257/3109/1036
f 2273/3196/1037 2276/3197/1033 2233/3198/1033 2260/3199/1037
f 2260/3199/1038 2233/3198/1034 2234/3112/1034 2259/3111/1038
f 2276/3197/1033 2271/3192/1027 2256/3193/1027 2233/3198/1033
f 2233/3198/1034 2256/3193/1029 2255/3107/1029 2234/3112/1034
f 2274/3169/1039 2272/3200/1035 2258/3201/1035 2229/3170/1039
f 2229/3170/1040 2258/3201/1036 2257/3115/1036 2230/3084/1040
f 2275/3173/1041 2273/3196/1037 2260/3199/1037 2231/3174/1041
f 2231/3174/1042 2260/3199/1038 2259/3111/1038 2232/3088/1042
f 2227/3153/1063 2225/3166/1065 2273/3196/1065 2275/3173/1063
f 2226/3151/1064 2224/3167/1066 2272/3200/1066 2274/3169/1064
f 2228/3165/1067 2223/3163/1069 2271/3192/1069 2276/3197/1067
f 2225/3166/1065 2228/3165/1067 2276/3197/1067 2273/3196/1065
f 2224/3164/1066 2222/3162/1068 2270/3190/1068 2272/3194/1066
f 2223/3163/1069 2221/3161/1055 2269/3188/1055 2271/3192/1069
f 2222/3162/1068 2220/3160/1070 2268/3186/1070 2270/3190/1068
f 2221/3161/1055 2219/3159/1056 2267/3184/1056 2269/3188/1055
f 2220/3160/1070 2218/3158/1057 2266/3182/1057 2268/3186/1070
f 2219/3159/1056 2217/3157/1059 2265/3180/1059 2267/3184/1056
f 2218/3158/1057 2216/3156/1058 2264/3178/1058 2266/3182/1057
f 2217/3157/1059 2215/3155/1060 2263/3176/1060 2265/3180/1059
f 2216/3156/1058 2214/3154/1061 2262/3172/1061 2264/3178/1058
f 2215/3155/1060 2213/3152/1062 2261/3168/1062 2263/3176/1060
f 2214/3154/1061 2227/3153/1063 2275/3173/1063 2262/3172/1061
f 2213/3152/1062 2226/3151/1064 2274/3169/1064 2261/3168/1062
f 2293/3202/1082 2306/3203/1399 2290/3134/1399 2277/3150/1082
f 2294/3204/1400 2307/3205/1081 2291/3149/1081 2278/3146/1400
f 2307/3205/1081 2308/3206/1401 2292/3148/1401 2291/3149/1081
f 2295/3207/1084 2293/3208/1082 2277/3147/1082 2279/3145/1084
f 2296/3209/1085 2294/3204/1400 2278/3146/1400 2280/3144/1085
f 2297/3210/1086 2295/3207/1084 2279/3145/1084 2281/3143/1086
f 2298/3211/1072 2296/3209/1085 2280/3144/1085 2282/3142/1402
f 2299/3212/1075 2297/3210/1086 2281/3143/1086 2283/3141/1075
f 2300/3213/1071 2298/3211/1072 2282/3142/1402 2284/3140/1071
f 2301/3214/1074 2299/3212/1075 2283/3141/1075 2285/3139/1074
f 2302/3215/1076 2300/3213/1071 2284/3140/1071 2286/3138/1076
f 2303/3216/1073 2301/3214/1074 2285/3139/1074 2287/3137/1073
f 2304/3217/1078 2302/3215/1076 2286/3138/1076 2288/3135/1078
f 2305/3218/1077 2303/3216/1073 2287/3137/1073 2289/3136/1077
f 2306/3203/1399 2304/3217/1078 2288/3135/1078 2290/3134/1399
f 2308/3206/1401 2305/3218/1077 2289/3136/1077 2292/3148/1401
f 2324/3219/1096 2321/3220/1098 2305/3218/1098 2308/3206/1096
f 2322/3221/1095 2320/3222/1097 2304/3217/1097 2306/3203/1095
f 2321/3220/1098 2319/3223/1100 2303/3216/1100 2305/3218/1098
f 2320/3222/1097 2318/3224/1099 2302/3215/1099 2304/3217/1097
f 2319/3223/1100 2317/3225/1102 2301/3214/1102 2303/3216/1100
f 2318/3224/1099 2316/3226/1101 2300/3213/1101 2302/3215/1099
f 2317/3225/1102 2315/3227/1087 2299/3212/1087 2301/3214/1102
f 2316/3226/1101 2314/3228/1089 2298/3211/1089 2300/3213/1101
f 2315/3227/1087 2313/3229/1088 2297/3210/1088 2299/3212/1087
f 2314/3228/1089 2312/3230/1090 2296/3209/1090 2298/3211/1089
f 2313/3229/1088 2311/3231/1091 2295/3207/1091 2297/3210/1088
f 2312/3230/1090 2310/3232/1092 2294/3204/1092 2296/3209/1090
f 2311/3231/1091 2309/3233/1093 2293/3208/1093 2295/3207/1091
f 2323/3234/1094 2324/3219/1096 2308/3206/1096 2307/3205/1094
f 2310/3232/1092 2323/3234/1094 2307/3205/1094 2294/3204/1092
f 2309/3235/1093 2322/3221/1095 2306/3203/1095 2293/3202/1093
f 2347/3236/1114 2342/3237/1112 2322/3238/1112 2309/3239/1114
f 2349/3240/1115 2344/3241/1113 2323/3242/1113 2310/3243/1115
f 2344/3241/1113 2346/3244/1111 2324/3245/1111 2323/3242/1113
f 2351/3246/1116 2347/3247/1114 2309/3248/1114 2311/3249/1116
f 2353/3250/1117 2349/3240/1115 2310/3243/1115 2312/3251/1117
f 2355/3252/1118 2351/3246/1116 2311/3249/1116 2313/3253/1118
f 2357/3254/1104 2353/3250/1117 2312/3251/1117 2314/3255/1104
f 2359/3256/1107 2355/3252/1118 2313/3253/1118 2315/3257/1107
f 2361/3258/1103 2357/3254/1104 2314/3255/1104 2316/3259/1103
f 2363/3260/1106 2359/3256/1107 2315/3257/1107 2317/3261/1106
f 2365/3262/1108 2361/3258/1103 2316/3259/1103 2318/3263/1108
f 2367/3264/1105 2363/3260/1106 2317/3261/1106 2319/3265/1105
f 2369/3266/1110 2365/3262/1108 2318/3263/1108 2320/3267/1110
f 2371/3268/1109 2367/3264/1105 2319/3265/1105 2321/3269/1109
f 2342/3237/1112 2369/3266/1110 2320/3267/1110 2322/3238/1112
f 2346/3244/1111 2371/3268/1109 2321/3269/1109 2324/3245/1111
f 2068/3270/1096 2067/3271/1098 2337/3272/1098 2340/3273/1096
f 2060/3274/1095 2059/3275/1097 2336/3276/1097 2338/3277/1095
f 2067/3271/1098 2066/3278/1100 2335/3279/1100 2337/3272/1098
f 2059/3275/1097 2058/3280/1099 2334/3281/1099 2336/3276/1097
f 2066/3278/1100 2065/3282/1102 2333/3283/1102 2335/3279/1100
f 2058/3280/1099 2057/3284/1101 2332/3285/1101 2334/3281/1099
f 2065/3282/1102 2064/3286/1087 2331/3287/1087 2333/3283/1102
f 2057/3284/1101 2056/3288/1089 2330/3289/1089 2332/3285/1101
f 2064/3286/1087 2063/3290/1088 2329/3291/1088 2331/3287/1087
f 2056/3288/1089 2055/3292/1090 2328/3293/1090 2330/3289/1089
f 2063/3290/1088 2062/3294/1091 2327/3295/1091 2329/3291/1088
f 2055/3292/1090 2053/3296/1092 2326/3297/1092 2328/3293/1090
f 2062/3294/1091 2061/3298/1093 2325/3299/1093 2327/3295/1091
f 2054/3300/1094 2068/3270/1096 2340/3273/1096 2339/3301/1094
f 2053/3296/1092 2054/3300/1094 2339/3301/1094 2326/3297/1092
f 2061/3302/1093 2060/3274/1095 2338/3277/1095 2325/3303/1093
f 2340/3304/1137 2337/3305/1141 2372/3306/1141 2345/3307/1137
f 2345/3307/1138 2372/3306/1142 2371/3268/1142 2346/3244/1138
f 2338/3308/1135 2336/3309/1139 2370/3310/1139 2341/3311/1135
f 2341/3311/1136 2370/3310/1140 2369/3266/1140 2342/3237/1136
f 2337/3305/1141 2335/3312/1145 2368/3313/1145 2372/3306/1141
f 2372/3306/1142 2368/3313/1146 2367/3264/1146 2371/3268/1142
f 2336/3309/1139 2334/3314/1143 2366/3315/1143 2370/3310/1139
f 2370/3310/1140 2366/3315/1144 2365/3262/1144 2369/3266/1140
f 2335/3312/1145 2333/3316/1149 2364/3317/1149 2368/3313/1145
f 2368/3313/1146 2364/3317/1150 2363/3260/1150 2367/3264/1146
f 2334/3314/1143 2332/3318/1147 2362/3319/1147 2366/3315/1143
f 2366/3315/1144 2362/3319/1148 2361/3258/1148 2365/3262/1144
f 2333/3316/1149 2331/3320/1119 2360/3321/1119 2364/3317/1149
f 2364/3317/1150 2360/3321/1121 2359/3256/1121 2363/3260/1150
f 2332/3318/1147 2330/3322/1123 2358/3323/1123 2362/3319/1147
f 2362/3319/1148 2358/3323/1125 2357/3254/1125 2361/3258/1148
f 2331/3320/1119 2329/3324/1120 2356/3325/1120 2360/3321/1119
f 2360/3321/1121 2356/3325/1122 2355/3252/1122 2359/3256/1121
f 2330/3322/1123 2328/3326/1124 2354/3327/1124 2358/3323/1123
f 2358/3323/1125 2354/3327/1126 2353/3250/1126 2357/3254/1125
f 2329/3324/1120 2327/3328/1127 2352/3329/1127 2356/3325/1120
f 2356/3325/1122 2352/3329/1128 2351/3246/1128 2355/3252/1122
f 2328/3326/1124 2326/3330/1129 2350/3331/1129 2354/3327/1124
f 2354/3327/1126 2350/3331/1130 2349/3240/1130 2353/3250/1126
f 2327/3328/1127 2325/3332/1131 2348/3333/1131 2352/3329/1127
f 2352/3329/1128 2348/3333/1132 2347/3247/1132 2351/3246/1128
f 2339/3334/1133 2340/3304/1137 2345/3307/1137 2343/3335/1133
f 2343/3335/1134 2345/3307/1138 2346/3244/1138 2344/3241/1134
f 2326/3330/1129 2339/3334/1133 2343/3335/1133 2350/3331/1129
f 2350/3331/1130 2343/3335/1134 2344/3241/1134 2349/3240/1130
f 2325/3336/1131 2338/3308/1135 2341/3311/1135 2348/3337/1131
f 2348/3337/1132 2341/3311/1136 2342/3237/1136 2347/3236/1132
f 2023/3338/1156 2021/3339/1155 2373/2871/1155 2374/2874/1156
f 2025/3340/1157 2023/3338/1156 2374/2874/1156 2375/2876/1157
f 2027/3341/1158 2025/3340/1157 2375/2876/1157 2376/2878/1158
f 2029/3342/1159 2027/3341/1158 2376/2878/1158 2377/2880/1159
f 2031/3343/1160 2029/3342/1159 2377/2880/1159 2378/2882/1160
f 2033/3344/1161 2031/3343/1160 2378/2882/1160 2379/2884/1161
f 2035/3345/1162 2033/3344/1161 2379/2884/1161 2380/2886/1162
f 2037/3346/1163 2035/3345/1162 2380/2886/1162 2381/2888/1163
f 2039/3347/1164 2037/3348/1163 2381/2889/1163 2382/2892/1164
f 2041/3349/1165 2039/3347/1164 2382/2892/1164 2383/2894/1165
f 2043/3350/1166 2041/3349/1165 2383/2894/1165 2384/2896/1166
f 2045/3351/1152 2043/3350/1166 2384/2896/1166 2385/2898/1152
f 2047/3352/1151 2045/3351/1152 2385/2898/1152 2386/2900/1151
f 2049/3353/1153 2047/3352/1151 2386/2900/1151 2387/2902/1153
f 2051/3354/1154 2049/3353/1153 2387/2902/1153 2388/2906/1154
f 2021/3339/1155 2051/3354/1154 2388/2906/1154 2373/2871/1155
f 2422/3355/1179 2421/3356/1181 2417/3357/1181 2416/3358/1179
f 2033/3359/121 2035/3360/440 2396/3361/440 2395/3362/121
f 2049/2908/38 2051/3363/436 2404/3364/436 2403/2909/38
f 2035/3360/440 2037/3365/117 2397/3366/117 2396/3361/440
f 2021/3367/257 2023/3368/437 2390/3369/437 2389/3370/257
f 2051/3363/436 2021/3367/257 2389/3370/257 2404/3364/436
f 2037/3371/117 2039/3372/441 2398/3373/441 2397/3374/117
f 2023/3368/437 2025/3375/193 2391/3376/193 2390/3369/437
f 2039/3372/441 2041/3377/45 2399/3378/45 2398/3373/441
f 2025/3375/193 2027/3379/438 2392/3380/438 2391/3376/193
f 2041/3377/45 2043/3381/442 2400/3382/442 2399/3378/45
f 2027/3379/438 2029/3383/189 2393/3384/189 2392/3380/438
f 2043/3381/442 2045/3385/41 2401/3386/41 2400/3382/442
f 2029/3383/189 2031/3387/439 2394/3388/439 2393/3384/189
f 2045/3385/41 2047/2907/435 2402/2910/435 2401/3386/41
f 2031/3387/439 2033/3359/121 2395/3362/121 2394/3388/439
f 2594/3389/1281 2581/3390/1285 2492/3391/1286 2491/3392/1282
f 2424/3393/1180 2423/3394/1183 2410/3395/1183 2409/3396/1180
f 2421/3356/1181 2425/3397/1182 2418/3398/1182 2417/3357/1181
f 2423/3394/1183 2426/3399/1185 2411/3400/1185 2410/3395/1183
f 2425/3397/1182 2427/3401/1184 2419/3402/1184 2418/3398/1182
f 2426/3399/1185 2428/3403/1167 2412/3404/1167 2411/3400/1185
f 2427/3401/1184 2429/3405/1186 2420/3406/1186 2419/3402/1184
f 2428/3403/1167 2430/3407/1168 2413/3408/1168 2412/3404/1167
f 2432/3409/1173 2431/3410/1174 2406/3411/1174 2405/3412/1173
f 2429/3405/1186 2432/3409/1173 2405/3412/1173 2420/3406/1186
f 2430/3413/1168 2433/3414/1175 2414/3415/1175 2413/3416/1168
f 2431/3410/1174 2434/3417/1176 2407/3418/1176 2406/3411/1174
f 2433/3414/1175 2435/3419/1177 2415/3420/1177 2414/3415/1175
f 2434/3417/1176 2436/3421/1178 2408/3422/1178 2407/3418/1176
f 2435/3419/1177 2422/3355/1179 2416/3358/1179 2415/3420/1177
f 2436/3421/1178 2424/3393/1180 2409/3396/1180 2408/3422/1178
f 2481/3423/1197 2483/3424/1194 2424/3393/1194 2436/3421/1197
f 2480/3425/1198 2482/3426/1195 2422/3355/1195 2435/3419/1198
f 2479/3427/1199 2481/3423/1197 2436/3421/1197 2434/3417/1199
f 2478/3428/1200 2480/3425/1198 2435/3419/1198 2433/3414/1200
f 2477/3429/1201 2479/3427/1199 2434/3417/1199 2431/3410/1201
f 2476/3430/1202 2478/3428/1200 2433/3414/1200 2430/3413/1202
f 2475/3431/1187 2484/3432/1188 2432/3409/1188 2429/3405/1187
f 2484/3432/1188 2477/3429/1201 2431/3410/1201 2432/3409/1188
f 2474/3433/1190 2476/3434/1202 2430/3407/1202 2428/3403/1190
f 2473/3435/1191 2475/3431/1187 2429/3405/1187 2427/3401/1191
f 2472/3436/1189 2474/3433/1190 2428/3403/1190 2426/3399/1189
f 2471/3437/1193 2473/3435/1191 2427/3401/1191 2425/3397/1193
f 2470/3438/1192 2472/3436/1189 2426/3399/1189 2423/3394/1192
f 2469/3439/1196 2471/3437/1193 2425/3397/1193 2421/3356/1196
f 2483/3424/1194 2470/3438/1192 2423/3394/1192 2424/3393/1194
f 2482/3426/1195 2469/3439/1196 2421/3356/1196 2422/3355/1195
f 2453/3440/1219 2456/3441/1223 2440/3442/1226 2437/3443/1220
f 2454/3444/1221 2457/3445/1227 2441/3446/1228 2438/3447/1222
f 2456/3441/1223 2458/3448/1224 2442/3449/1225 2440/3442/1226
f 2457/3445/1227 2459/3450/1231 2443/3451/1232 2441/3446/1228
f 2458/3448/1224 2460/3452/1229 2444/3453/1230 2442/3449/1225
f 2459/3450/1231 2461/3454/1203 2445/3455/1206 2443/3451/1232
f 2460/3452/1229 2462/3456/1233 2446/3457/1234 2444/3453/1230
f 2461/3454/1203 2463/3458/1204 2447/3459/1205 2445/3455/1206
f 2455/3460/1207 2464/3461/1208 2448/3462/1209 2439/3463/1210
f 2462/3456/1233 2455/3460/1207 2439/3463/1210 2446/3457/1234
f 2463/3464/1204 2465/3465/1211 2449/3466/1212 2447/3467/1205
f 2464/3461/1208 2466/3468/1213 2450/3469/1214 2448/3462/1209
f 2465/3465/1211 2467/3470/1215 2451/3471/1216 2449/3466/1212
f 2466/3468/1213 2468/3472/1217 2452/3473/1218 2450/3469/1214
f 2467/3470/1215 2453/3440/1219 2437/3443/1220 2451/3471/1216
f 2468/3472/1217 2454/3444/1221 2438/3447/1222 2452/3473/1218
f 2392/3380/1245 2393/3384/1242 2454/3444/1242 2468/3472/1245
f 2399/3378/1246 2400/3382/1243 2453/3440/1243 2467/3470/1246
f 2391/3376/1247 2392/3380/1245 2468/3472/1245 2466/3468/1247
f 2398/3373/1248 2399/3378/1246 2467/3470/1246 2465/3465/1248
f 2390/3369/1249 2391/3376/1247 2466/3468/1247 2464/3461/1249
f 2397/3374/1250 2398/3373/1248 2465/3465/1248 2463/3464/1250
f 2404/3364/1235 2389/3370/1236 2455/3460/1236 2462/3456/1235
f 2389/3370/1236 2390/3369/1249 2464/3461/1249 2455/3460/1236
f 2396/3361/1238 2397/3366/1250 2463/3458/1250 2461/3454/1238
f 2403/2909/1239 2404/3364/1235 2462/3456/1235 2460/3452/1239
f 2395/3362/1237 2396/3361/1238 2461/3454/1238 2459/3450/1237
f 2402/2910/1241 2403/2909/1239 2460/3452/1239 2458/3448/1241
f 2394/3388/1240 2395/3362/1237 2459/3450/1237 2457/3445/1240
f 2401/3386/1244 2402/2910/1241 2458/3448/1241 2456/3441/1244
f 2393/3384/1242 2394/3388/1240 2457/3445/1240 2454/3444/1242
f 2400/3382/1243 2401/3386/1244 2456/3441/1244 2453/3440/1243
f 2437/3443/1220 2440/3442/1226 2469/3439/1262 2482/3426/1259
f 2438/3447/1222 2441/3446/1228 2470/3438/1263 2483/3424/1260
f 2440/3442/1226 2442/3449/1225 2471/3437/1261 2469/3439/1262
f 2441/3446/1228 2443/3451/1232 2472/3436/1265 2470/3438/1263
f 2442/3449/1225 2444/3453/1230 2473/3435/1264 2471/3437/1261
f 2443/3451/1232 2445/3455/1206 2474/3433/1252 2472/3436/1265
f 2444/3453/1230 2446/3457/1234 2475/3431/1266 2473/3435/1264
f 2445/3455/1206 2447/3459/1205 2476/3434/1251 2474/3433/1252
f 2439/3463/1210 2448/3462/1209 2477/3429/1253 2484/3432/1254
f 2446/3457/1234 2439/3463/1210 2484/3432/1254 2475/3431/1266
f 2447/3467/1205 2449/3466/1212 2478/3428/1255 2476/3430/1251
f 2448/3462/1209 2450/3469/1214 2479/3427/1256 2477/3429/1253
f 2449/3466/1212 2451/3471/1216 2480/3425/1257 2478/3428/1255
f 2450/3469/1214 2452/3473/1218 2481/3423/1258 2479/3427/1256
f 2451/3471/1216 2437/3443/1220 2482/3426/1259 2480/3425/1257
f 2452/3473/1218 2438/3447/1222 2483/3424/1260 2481/3423/1258
f 2595/3474/1279 2582/3475/1283 2500/3476/1284 2499/3477/1280
f 2581/3390/1285 2583/3478/1289 2493/3479/1290 2492/3391/1286
f 2596/3480/1287 2584/3481/1291 2486/3482/1292 2485/3483/1288
f 2582/3475/1283 2596/3480/1287 2485/3483/1288 2500/3476/1284
f 2583/3484/1289 2585/3485/1293 2494/3486/1294 2493/3487/1290
f 2584/3481/1291 2586/3488/1169 2487/3489/1172 2486/3482/1292
f 2585/3485/1293 2587/3490/1267 2495/3491/1270 2494/3486/1294
f 2586/3488/1169 2588/3492/1170 2488/3493/1171 2487/3489/1172
f 2587/3490/1267 2589/3494/1268 2496/3495/1269 2495/3491/1270
f 2588/3492/1170 2590/3496/1271 2489/3497/1272 2488/3493/1171
f 2589/3494/1268 2591/3498/1273 2497/3499/1276 2496/3495/1269
f 2590/3496/1271 2592/3500/1277 2490/3501/1278 2489/3497/1272
f 2591/3498/1273 2593/3502/1274 2498/3503/1275 2497/3499/1276
f 2592/3500/1277 2594/3389/1281 2491/3392/1282 2490/3501/1278
f 2593/3502/1274 2595/3474/1279 2499/3477/1280 2498/3503/1275
f 2580/3504/1339 2566/3505/1331 2508/3506/1332 2531/3507/1340
f 2564/3508/1341 2539/3509/1333 2507/3510/1334 2532/3511/1342
f 2579/3512/1403 2565/3513/1404 2504/3514/1328 2529/3515/1336
f 2562/3516/1337 2535/3517/1329 2503/3518/1330 2530/3519/1338
f 2578/3520/1405 2580/3504/1339 2531/3507/1340 2527/3521/1349
f 2560/3522/1352 2564/3508/1341 2532/3511/1342 2528/3523/1353
f 2577/3524/1406 2579/3512/1403 2529/3515/1336 2525/3525/1344
f 2558/3526/1345 2562/3516/1337 2530/3519/1338 2526/3527/1346
f 2576/3528/1347 2578/3520/1405 2527/3521/1349 2523/3529/1350
f 2556/3530/1351 2560/3522/1352 2528/3523/1353 2524/3531/1354
f 2575/3532/1407 2577/3524/1406 2525/3525/1344 2521/3533/1356
f 2554/3534/1357 2558/3526/1345 2526/3527/1346 2522/3535/1358
f 2574/3536/1296 2576/3528/1347 2523/3529/1350 2519/3537/1297
f 2552/3538/1300 2556/3530/1351 2524/3531/1354 2520/3539/1301
f 2573/3540/1408 2575/3532/1407 2521/3533/1356 2517/3541/1305
f 2550/3542/1308 2554/3534/1357 2522/3535/1358 2518/3543/1309
f 2572/3544/1295 2574/3536/1296 2519/3537/1297 2515/3545/1298
f 2548/3546/1299 2552/3538/1300 2520/3539/1301 2516/3547/1302
f 2571/3548/1303 2573/3540/1408 2517/3541/1305 2511/3549/1306
f 2544/3550/1307 2550/3542/1308 2518/3543/1309 2512/3551/1310
f 2570/3552/1311 2572/3544/1295 2515/3545/1298 2509/3553/1312
f 2542/3554/1313 2548/3546/1299 2516/3547/1302 2510/3555/1314
f 2569/3556/1409 2567/3557/1315 2514/3558/1316 2505/3559/1324
f 2538/3560/1325 2545/3561/1317 2513/3562/1318 2506/3563/1326
f 2567/3557/1315 2571/3548/1303 2511/3549/1306 2514/3558/1316
f 2545/3561/1317 2544/3550/1307 2512/3551/1310 2513/3562/1318
f 2568/3564/1410 2570/3565/1311 2509/3566/1312 2501/3567/1320
f 2534/3568/1321 2542/3569/1313 2510/3570/1314 2502/3571/1322
f 2566/3505/1331 2569/3556/1409 2505/3559/1324 2508/3506/1332
f 2539/3509/1333 2538/3560/1325 2506/3563/1326 2507/3510/1334
f 2565/3513/1404 2568/3564/1410 2501/3567/1320 2504/3514/1328
f 2535/3517/1329 2534/3568/1321 2502/3571/1322 2503/3518/1330
f 2504/3514/1328 2501/3567/1320 2533/3572/1370 2536/3573/1368
f 2536/3573/1368 2533/3572/1370 2534/3568/1321 2535/3517/1329
f 2508/3506/1332 2505/3559/1324 2537/3574/1369 2540/3575/1367
f 2540/3575/1367 2537/3574/1369 2538/3560/1325 2539/3509/1333
f 2501/3567/1320 2509/3566/1312 2541/3576/1372 2533/3572/1370
f 2533/3572/1370 2541/3576/1372 2542/3569/1313 2534/3568/1321
f 2514/3558/1316 2511/3549/1306 2543/3577/1373 2546/3578/1371
f 2546/3578/1371 2543/3577/1373 2544/3550/1307 2545/3561/1317
f 2505/3559/1324 2514/3558/1316 2546/3578/1371 2537/3574/1369
f 2537/3574/1369 2546/3578/1371 2545/3561/1317 2538/3560/1325
f 2509/3553/1312 2515/3545/1298 2547/3579/1374 2541/3580/1372
f 2541/3580/1372 2547/3579/1374 2548/3546/1299 2542/3554/1313
f 2511/3549/1306 2517/3541/1305 2549/3581/1360 2543/3577/1373
f 2543/3577/1373 2549/3581/1360 2550/3542/1308 2544/3550/1307
f 2515/3545/1298 2519/3537/1297 2551/3582/1362 2547/3579/1374
f 2547/3579/1374 2551/3582/1362 2552/3538/1300 2548/3546/1299
f 2517/3541/1305 2521/3533/1356 2553/3583/1359 2549/3581/1360
f 2549/3581/1360 2553/3583/1359 2554/3534/1357 2550/3542/1308
f 2519/3537/1297 2523/3529/1350 2555/3584/1361 2551/3582/1362
f 2551/3582/1362 2555/3584/1361 2556/3530/1351 2552/3538/1300
f 2521/3533/1356 2525/3525/1344 2557/3585/1363 2553/3583/1359
f 2553/3583/1359 2557/3585/1363 2558/3526/1345 2554/3534/1357
f 2523/3529/1350 2527/3521/1349 2559/3586/1365 2555/3584/1361
f 2555/3584/1361 2559/3586/1365 2560/3522/1352 2556/3530/1351
f 2525/3525/1344 2529/3515/1336 2561/3587/1366 2557/3585/1363
f 2557/3585/1363 2561/3587/1366 2562/3516/1337 2558/3526/1345
f 2527/3521/1349 2531/3507/1340 2563/3588/1364 2559/3586/1365
f 2559/3586/1365 2563/3588/1364 2564/3508/1341 2560/3522/1352
f 2529/3515/1336 2504/3514/1328 2536/3573/1368 2561/3587/1366
f 2561/3587/1366 2536/3573/1368 2535/3517/1329 2562/3516/1337
f 2531/3507/1340 2508/3506/1332 2540/3575/1367 2563/3588/1364
f 2563/3588/1364 2540/3575/1367 2539/3509/1333 2564/3508/1341
f 2411/3589/1384 2412/3590/1386 2568/3564/1410 2565/3513/1404
f 2419/3591/1383 2420/3592/1385 2569/3556/1409 2566/3505/1331
f 2412/3590/1386 2413/3593/1388 2570/3565/1311 2568/3564/1410
f 2405/3594/1387 2406/3595/1389 2571/3548/1303 2567/3557/1315
f 2420/3592/1385 2405/3594/1387 2567/3557/1315 2569/3556/1409
f 2413/3596/1388 2414/3597/1390 2572/3544/1295 2570/3552/1311
f 2406/3595/1389 2407/3598/1375 2573/3540/1408 2571/3548/1303
f 2414/3597/1390 2415/3599/1377 2574/3536/1296 2572/3544/1295
f 2407/3598/1375 2408/3600/1376 2575/3532/1407 2573/3540/1408
f 2415/3599/1377 2416/3601/1378 2576/3528/1347 2574/3536/1296
f 2408/3600/1376 2409/3602/1379 2577/3524/1406 2575/3532/1407
f 2416/3601/1378 2417/3603/1380 2578/3520/1405 2576/3528/1347
f 2409/3602/1379 2410/3604/1382 2579/3512/1403 2577/3524/1406
f 2417/3603/1380 2418/3605/1381 2580/3504/1339 2578/3520/1405
f 2410/3604/1382 2411/3589/1384 2565/3513/1404 2579/3512/1403
f 2418/3605/1381 2419/3591/1383 2566/3505/1331 2580/3504/1339
f 2532/3511/1342 2507/3510/1334 2595/3474/1279 2593/3502/1274
f 2530/3519/1338 2503/3518/1330 2594/3389/1281 2592/3500/1277
f 2528/3523/1353 2532/3511/1342 2593/3502/1274 2591/3498/1273
f 2526/3527/1346 2530/3519/1338 2592/3500/1277 2590/3496/1271
f 2524/3531/1354 2528/3523/1353 2591/3498/1273 2589/3494/1268
f 2522/3535/1358 2526/3527/1346 2590/3496/1271 2588/3492/1170
f 2520/3539/1301 2524/3531/1354 2589/3494/1268 2587/3490/1267
f 2518/3543/1309 2522/3535/1358 2588/3492/1170 2586/3488/1169
f 2516/3547/1302 2520/3539/1301 2587/3490/1267 2585/3485/1293
f 2512/3551/1310 2518/3543/1309 2586/3488/1169 2584/3481/1291
f 2510/3555/1314 2516/3547/1302 2585/3485/1293 2583/3484/1289
f 2506/3563/1326 2513/3562/1318 2596/3480/1287 2582/3475/1283
f 2513/3562/1318 2512/3551/1310 2584/3481/1291 2596/3480/1287
f 2502/3571/1322 2510/3570/1314 2583/3478/1289 2581/3390/1285
f 2507/3510/1334 2506/3563/1326 2582/3475/1283 2595/3474/1279
f 2503/3518/1330 2502/3571/1322 2581/3390/1285 2594/3389/1281
f 2612/3606/436 2611/3607/38 2627/3608/38 2628/3609/436
f 2107/3610/313 2106/3611/313 2602/3612/313 2603/3613/313
f 2115/3614/313 2114/2998/313 2610/3001/313 2611/3607/313
f 2108/3615/313 2107/3610/313 2603/3613/313 2604/3616/313
f 2116/3617/313 2115/3614/313 2611/3607/313 2612/3606/313
f 2109/3618/313 2108/3615/313 2604/3616/313 2605/3619/313
f 2101/3620/313 2102/3621/313 2598/3622/313 2597/3623/313
f 2102/3621/313 2116/3617/313 2612/3606/313 2598/3622/313
f 2110/3624/313 2109/3625/313 2605/3626/313 2606/3627/313
f 2103/3628/313 2101/3620/313 2597/3623/313 2599/3629/313
f 2111/3630/313 2110/3624/313 2606/3627/313 2607/3631/313
f 2104/3632/313 2103/3628/313 2599/3629/313 2600/3633/313
f 2112/3634/313 2111/3630/313 2607/3631/313 2608/3635/313
f 2105/3636/313 2104/3632/313 2600/3633/313 2601/3637/313
f 2113/2999/313 2112/3634/313 2608/3635/313 2609/3000/313
f 2106/3611/313 2105/3636/313 2601/3637/313 2602/3612/313
f 2212/2962/1001 2199/2938/999 2292/3148/999 2289/3136/1001
f 2605/3619/117 2604/3616/440 2620/3638/440 2621/3639/117
f 2597/3623/437 2598/3622/257 2614/3640/257 2613/3641/437
f 2598/3622/257 2612/3606/436 2628/3609/436 2614/3640/257
f 2606/3627/441 2605/3626/117 2621/3642/117 2622/3643/441
f 2599/3629/193 2597/3623/437 2613/3641/437 2615/3644/193
f 2607/3631/45 2606/3627/441 2622/3643/441 2623/3645/45
f 2600/3633/438 2599/3629/193 2615/3644/193 2616/3646/438
f 2608/3635/442 2607/3631/45 2623/3645/45 2624/3647/442
f 2601/3637/189 2600/3633/438 2616/3646/438 2617/3648/189
f 2609/3000/41 2608/3635/442 2624/3647/442 2625/3649/41
f 2602/3612/439 2601/3637/189 2617/3648/189 2618/3650/439
f 2610/3001/435 2609/3000/41 2625/3649/41 2626/3651/435
f 2603/3613/121 2602/3612/439 2618/3650/439 2619/3652/121
f 2611/3607/38 2610/3001/435 2626/3651/435 2627/3608/38
f 2604/3616/440 2603/3613/121 2619/3652/121 2620/3638/440
f 2654/3117/985 2657/3119/983 2658/3089/962 2653/3114/958
f 2652/3121/986 2655/3120/984 2656/3085/960 2651/3116/956
f 2650/3122/988 2659/3118/987 2660/3113/954 2649/3108/950
f 2659/3118/987 2654/3117/985 2653/3114/958 2660/3113/954
f 2648/3124/990 2652/3123/986 2651/3110/956 2647/3106/952
f 2646/3125/977 2650/3122/988 2649/3108/950 2645/3104/949
f 2644/3126/989 2648/3124/990 2647/3106/952 2643/3102/946
f 2642/3127/975 2646/3125/977 2645/3104/949 2641/3100/974
f 2640/3128/978 2644/3126/989 2643/3102/946 2639/3098/945
f 2638/3129/976 2642/3127/975 2641/3100/974 2637/3096/973
f 2636/3130/979 2640/3128/978 2639/3098/945 2635/3094/970
f 2634/3133/980 2638/3129/976 2637/3096/973 2633/3092/968
f 2632/3131/981 2636/3130/979 2635/3094/970 2631/3090/966
f 2630/3132/982 2634/3133/980 2633/3092/968 2629/3086/964
f 2657/3119/983 2632/3131/981 2631/3090/966 2658/3089/962
f 2655/3120/984 2630/3132/982 2629/3086/964 2656/3085/960
f 2634/3133/980 2630/3132/982 2181/3081/909 2183/3077/904
f 2487/3653/1172 2488/3654/1171 2661/3655/313 2486/3656/1292
f 2488/3654/1171 2489/3657/1272 2664/3658/313 2661/3655/313
f 2489/3657/1272 2490/3659/1278 2667/3660/313 2664/3658/313
f 2490/3659/1278 2491/3661/1282 2492/3662/1286 2667/3660/313
f 2486/3656/1292 2661/3655/313 2662/3663/313 2485/3664/1288
f 2661/3655/313 2664/3658/313 2665/3665/313 2662/3663/313
f 2664/3658/313 2667/3660/313 2668/3666/313 2665/3665/313
f 2667/3660/313 2492/3662/1286 2493/3667/1290 2668/3666/313
f 2485/3664/1288 2662/3663/313 2663/3668/313 2500/3669/1284
f 2662/3663/313 2665/3665/313 2666/3670/313 2663/3668/313
f 2665/3665/313 2668/3666/313 2669/3671/313 2666/3670/313
f 2668/3666/313 2493/3667/1290 2494/3672/1294 2669/3671/313
f 2500/3669/1284 2663/3668/313 2498/3673/1275 2499/3674/1280
f 2663/3668/313 2666/3670/313 2497/3675/1276 2498/3673/1275
f 2666/3670/313 2669/3671/313 2496/3676/1269 2497/3675/1276
f 2669/3671/313 2494/3672/1294 2495/3677/1270 2496/3676/1269
f 3022/3678/189 2671/3679/189 2673/3680/439 3023/3681/439
f 3023/3681/439 2673/3680/439 2675/3682/121 3024/3683/121
f 3024/3683/121 2675/3682/121 2677/3684/440 3025/3685/440
f 3025/3685/440 2677/3684/440 2679/3686/117 3026/3687/117
f 3026/3687/117 2679/3686/117 2681/3688/441 3027/3689/441
f 3027/3689/441 2681/3688/441 2683/3690/45 3028/3691/45
f 3028/3691/45 2683/3690/45 2685/3692/442 3029/3693/442
f 3029/3693/442 2685/3692/442 2687/3694/41 3030/3695/41
f 3030/3696/41 2687/3697/41 2689/3698/435 3031/3699/435
f 3031/3699/435 2689/3698/435 2691/3700/38 3032/3701/38
f 3032/3701/38 2691/3700/38 2693/3702/436 3033/3703/436
f 3033/3703/436 2693/3702/436 2695/3704/257 3034/3705/257
f 3034/3705/257 2695/3704/257 2697/3706/437 3035/3707/437
f 3035/3707/437 2697/3706/437 2699/3708/193 3036/3709/193
f 2679/3686/795 2677/3684/796 2705/3710/796 2706/3711/795
f 3036/3709/193 2699/3708/193 2701/3712/438 3037/3713/438
f 3037/3713/438 2701/3712/438 2671/3679/189 3022/3678/189
f 2696/3714/437 2698/3715/193 3052/3716/193 3051/3717/437
f 2849/3718/804 2846/3719/805 2725/3720/805 2726/3721/804
f 2689/3698/792 2687/3697/800 2710/3722/800 2711/3723/792
f 2699/3708/794 2697/3706/797 2715/3724/797 2716/3725/794
f 2675/3682/798 2673/3680/787 2702/3726/787 2704/3727/798
f 2685/3692/799 2683/3690/789 2708/3728/789 2709/3729/799
f 2695/3704/783 2693/3702/784 2713/3730/784 2714/3731/783
f 2681/3688/790 2679/3686/795 2706/3711/795 2707/3732/790
f 2691/3700/791 2689/3698/792 2711/3723/792 2712/3733/791
f 2701/3712/793 2699/3708/794 2716/3725/794 2717/3734/793
f 2677/3684/796 2675/3682/798 2704/3727/798 2705/3710/796
f 2687/3694/800 2685/3692/799 2709/3729/799 2710/3735/800
f 2697/3706/797 2695/3704/783 2714/3731/783 2715/3724/797
f 2673/3680/787 2671/3679/788 2703/3736/788 2702/3726/787
f 2683/3690/789 2681/3688/790 2707/3732/790 2708/3728/789
f 2693/3702/784 2691/3700/791 2712/3733/791 2713/3730/784
f 2671/3679/788 2701/3712/793 2717/3734/793 2703/3736/788
f 2817/3737/822 2814/3738/833 2743/3739/833 2744/3740/822
f 2850/3741/806 2847/3742/785 2719/3743/785 2718/3744/806
f 2847/3742/785 2848/3745/786 2733/3746/786 2719/3743/785
f 2851/3747/803 2849/3748/804 2726/3749/804 2727/3750/803
f 2852/3751/808 2850/3741/806 2718/3744/806 2720/3752/808
f 2853/3753/807 2851/3747/803 2727/3750/803 2728/3754/807
f 2854/3755/810 2852/3751/808 2720/3752/808 2721/3756/810
f 2855/3757/809 2853/3753/807 2728/3754/807 2729/3758/809
f 2856/3759/812 2854/3755/810 2721/3756/810 2722/3760/812
f 2857/3761/811 2855/3757/809 2729/3758/809 2730/3762/811
f 2858/3763/814 2856/3759/812 2722/3760/812 2723/3764/814
f 2859/3765/813 2857/3761/811 2730/3762/811 2731/3766/813
f 2860/3767/816 2858/3763/814 2723/3764/814 2724/3768/816
f 2861/3769/815 2859/3765/813 2731/3766/813 2732/3770/815
f 2846/3719/805 2860/3767/816 2724/3768/816 2725/3720/805
f 2848/3745/786 2861/3769/815 2732/3770/815 2733/3746/786
f 2768/3771/836 2767/3772/861 2764/3773/862 2765/3774/837
f 2818/3775/823 2815/3776/801 2736/3777/801 2737/3778/823
f 2819/3779/821 2817/3737/822 2744/3740/822 2745/3780/821
f 2820/3781/825 2818/3775/823 2737/3778/823 2738/3782/825
f 2821/3783/824 2819/3779/821 2745/3780/821 2746/3784/824
f 2822/3785/827 2820/3781/825 2738/3782/825 2739/3786/827
f 2823/3787/826 2821/3783/824 2746/3784/824 2747/3788/826
f 2824/3789/829 2822/3785/827 2739/3786/827 2740/3790/829
f 2825/3791/828 2823/3787/826 2747/3788/826 2748/3792/828
f 2826/3793/831 2824/3789/829 2740/3790/829 2741/3794/831
f 2827/3795/830 2825/3791/828 2748/3792/828 2749/3796/830
f 2828/3797/834 2826/3793/831 2741/3794/831 2742/3798/834
f 2829/3799/802 2816/3800/832 2735/3801/832 2734/3802/802
f 2816/3800/832 2827/3795/830 2749/3796/830 2735/3801/832
f 2814/3738/833 2828/3803/834 2742/3804/834 2743/3739/833
f 2815/3776/801 2829/3799/802 2734/3802/802 2736/3777/801
f 2763/3805/313 2762/3806/313 3258/3807/313 3259/3808/313
f 2772/3809/840 2771/3810/817 2757/3811/820 2758/3812/841
f 2776/3813/843 2775/3814/835 2751/3815/838 2750/3816/844
f 2775/3814/835 2768/3771/836 2765/3774/837 2751/3815/838
f 2778/3817/839 2772/3818/840 2758/3819/841 2759/3820/842
f 2780/3821/847 2776/3813/843 2750/3816/844 2752/3822/848
f 2782/3823/845 2778/3817/839 2759/3820/842 2760/3824/846
f 2784/3825/851 2780/3821/847 2752/3822/848 2753/3826/852
f 2786/3827/849 2782/3823/845 2760/3824/846 2761/3828/850
f 2788/3829/855 2784/3825/851 2753/3826/852 2754/3830/856
f 2790/3831/853 2786/3827/849 2761/3828/850 2762/3832/854
f 2792/3833/859 2788/3829/855 2754/3830/856 2755/3834/860
f 2794/3835/857 2790/3831/853 2762/3832/854 2763/3836/858
f 2796/3837/818 2792/3833/859 2755/3834/860 2756/3838/819
f 2767/3772/861 2794/3835/857 2763/3836/858 2764/3773/862
f 2771/3810/817 2796/3837/818 2756/3838/819 2757/3811/820
f 2741/3794/892 2740/3790/867 2797/3839/870 2770/3840/893
f 2770/3840/893 2797/3839/870 2796/3837/818 2771/3810/817
f 2748/3792/864 2747/3788/1391 2795/3841/872 2766/3842/865
f 2766/3842/865 2795/3841/872 2794/3835/857 2767/3772/861
f 2740/3790/867 2739/3786/1411 2793/3843/869 2797/3839/870
f 2797/3839/870 2793/3843/869 2792/3833/859 2796/3837/818
f 2747/3788/1391 2746/3784/1392 2791/3844/876 2795/3841/872
f 2795/3841/872 2791/3844/876 2790/3831/853 2794/3835/857
f 2739/3786/1411 2738/3782/1412 2789/3845/874 2793/3843/869
f 2793/3843/869 2789/3845/874 2788/3829/855 2792/3833/859
f 2746/3784/1392 2745/3780/879 2787/3846/1413 2791/3844/876
f 2791/3844/876 2787/3846/1413 2786/3827/849 2790/3831/853
f 2738/3782/1412 2737/3778/877 2785/3847/878 2789/3845/874
f 2789/3845/874 2785/3847/878 2784/3825/851 2788/3829/855
f 2745/3780/879 2744/3740/883 2783/3848/884 2787/3846/1413
f 2787/3846/1413 2783/3848/884 2782/3823/845 2786/3827/849
f 2737/3778/877 2736/3777/881 2781/3849/882 2785/3847/878
f 2785/3847/878 2781/3849/882 2780/3821/847 2784/3825/851
f 2744/3740/883 2743/3739/887 2779/3850/888 2783/3848/884
f 2783/3848/884 2779/3850/888 2778/3817/839 2782/3823/845
f 2736/3777/881 2734/3802/885 2777/3851/886 2781/3849/882
f 2781/3849/882 2777/3851/886 2776/3813/843 2780/3821/847
f 2743/3739/887 2742/3804/891 2773/3852/894 2779/3850/888
f 2779/3850/888 2773/3852/894 2772/3818/840 2778/3817/839
f 2735/3801/889 2749/3796/863 2769/3853/866 2774/3854/890
f 2774/3854/890 2769/3853/866 2768/3771/836 2775/3814/835
f 2734/3802/885 2735/3801/889 2774/3854/890 2777/3851/886
f 2777/3851/886 2774/3854/890 2775/3814/835 2776/3813/843
f 2742/3798/891 2741/3794/892 2770/3840/893 2773/3855/894
f 2773/3855/894 2770/3840/893 2771/3810/817 2772/3809/840
f 2749/3796/863 2748/3792/864 2766/3842/865 2769/3853/866
f 2769/3853/866 2766/3842/865 2767/3772/861 2768/3771/836
f 2844/3856/925 2842/3857/899 2813/3858/902 2800/3859/926
f 2843/3860/896 2841/3861/903 2811/3862/906 2798/3863/897
f 2845/3864/900 2840/3865/907 2810/3866/908 2812/3867/901
f 2842/3857/899 2845/3864/900 2812/3867/901 2813/3858/902
f 2841/3868/903 2839/3869/904 2809/3870/905 2811/3871/906
f 2840/3865/907 2838/3872/911 2808/3873/912 2810/3866/908
f 2839/3869/904 2837/3874/909 2807/3875/910 2809/3870/905
f 2838/3872/911 2836/3876/915 2806/3877/916 2808/3873/912
f 2837/3874/909 2835/3878/913 2805/3879/914 2807/3875/910
f 2836/3876/915 2834/3880/919 2804/3881/920 2806/3877/916
f 2835/3878/913 2833/3882/917 2803/3883/918 2805/3879/914
f 2834/3880/919 2832/3884/923 2802/3885/924 2804/3881/920
f 2833/3882/917 2831/3886/921 2801/3887/922 2803/3883/918
f 2832/3884/923 2830/3888/895 2799/3889/898 2802/3885/924
f 2831/3886/921 2844/3856/925 2800/3859/926 2801/3887/922
f 2830/3888/895 2843/3860/896 2798/3863/897 2799/3889/898
f 2800/3859/942 2813/3858/929 2829/3799/929 2815/3776/942
f 2798/3863/928 2811/3862/931 2828/3803/931 2814/3738/928
f 2812/3867/930 2810/3866/933 2827/3795/933 2816/3800/930
f 2813/3858/929 2812/3867/930 2816/3800/930 2829/3799/929
f 2811/3871/931 2809/3870/932 2826/3793/932 2828/3797/931
f 2810/3866/933 2808/3873/935 2825/3791/935 2827/3795/933
f 2809/3870/932 2807/3875/934 2824/3789/934 2826/3793/932
f 2808/3873/935 2806/3877/937 2823/3787/937 2825/3791/935
f 2807/3875/934 2805/3879/936 2822/3785/936 2824/3789/934
f 2806/3877/937 2804/3881/939 2821/3783/939 2823/3787/937
f 2805/3879/936 2803/3883/938 2820/3781/938 2822/3785/936
f 2804/3881/939 2802/3885/941 2819/3779/941 2821/3783/939
f 2803/3883/938 2801/3887/940 2818/3775/940 2820/3781/938
f 2802/3885/941 2799/3889/927 2817/3737/927 2819/3779/941
f 2801/3887/940 2800/3859/942 2815/3776/942 2818/3775/940
f 2799/3889/927 2798/3863/928 2814/3738/928 2817/3737/927
f 2884/3890/948 2879/3891/971 3305/3892/974 3278/3893/949
f 2886/3894/951 2881/3895/943 3307/3896/946 3280/3897/952
f 2888/3898/947 2884/3890/948 3278/3893/949 3282/3899/950
f 2890/3900/955 2886/3894/951 3280/3897/952 3284/3901/956
f 2892/3902/953 2888/3898/947 3282/3899/950 3286/3903/954
f 2894/3904/959 2890/3900/955 3284/3901/956 3288/3905/960
f 2896/3906/957 2892/3902/953 3286/3903/954 3290/3907/958
f 2898/3908/963 2894/3904/959 3288/3905/960 3292/3909/964
f 2900/3910/961 2896/3906/957 3290/3907/958 3294/3911/962
f 2902/3912/967 2898/3908/963 3292/3909/964 3296/3913/968
f 2904/3914/965 2900/3910/961 3294/3911/962 3298/3915/966
f 2906/3916/972 2902/3912/967 3296/3913/968 3300/3917/973
f 2908/3918/944 2883/3919/969 3309/3920/970 3302/3921/945
f 2883/3919/969 2904/3914/965 3298/3915/966 3309/3920/970
f 2879/3891/971 2906/3922/972 3300/3923/973 3305/3892/974
f 2881/3895/943 2908/3918/944 3302/3921/945 3307/3896/946
f 3303/3924/978 3308/3925/979 2845/3864/900 2842/3857/899
f 3306/3926/989 3303/3924/978 2842/3857/899 2844/3856/925
f 3304/3927/975 3301/3928/976 2841/3861/903 2843/3860/896
f 3308/3925/979 3299/3929/981 2840/3865/907 2845/3864/900
f 3301/3930/976 3297/3931/980 2839/3869/904 2841/3868/903
f 3299/3929/981 3295/3932/983 2838/3872/911 2840/3865/907
f 3297/3931/980 3293/3933/982 2837/3874/909 2839/3869/904
f 3295/3932/983 3291/3934/985 2836/3876/915 2838/3872/911
f 3293/3933/982 3289/3935/984 2835/3878/913 2837/3874/909
f 3291/3934/985 3287/3936/987 2834/3880/919 2836/3876/915
f 3289/3935/984 3285/3937/986 2833/3882/917 2835/3878/913
f 3281/3938/990 3306/3926/989 2844/3856/925 2831/3886/921
f 3279/3939/977 3304/3927/975 2843/3860/896 2830/3888/895
f 3287/3936/987 3283/3940/988 2832/3884/923 2834/3880/919
f 3285/3937/986 3281/3938/990 2831/3886/921 2833/3882/917
f 2860/3767/994 2846/3719/1005 2939/3941/1005 2937/3942/994
f 2859/3765/995 2861/3769/991 2938/3943/991 2936/3944/995
f 2858/3763/993 2860/3767/994 2937/3942/994 2935/3945/993
f 2857/3761/997 2859/3765/995 2936/3944/995 2934/3946/997
f 2856/3759/996 2858/3763/993 2935/3945/993 2933/3947/996
f 2855/3757/999 2857/3761/997 2934/3946/997 2932/3948/999
f 2854/3755/998 2856/3759/996 2933/3947/996 2931/3949/998
f 2853/3753/1001 2855/3757/999 2932/3948/999 2930/3950/1001
f 2852/3751/1000 2854/3755/998 2931/3949/998 2929/3951/1000
f 2851/3747/1003 2853/3753/1001 2930/3950/1001 2928/3952/1003
f 2850/3741/1002 2852/3751/1000 2929/3951/1000 2927/3953/1002
f 2849/3748/1006 2851/3747/1003 2928/3952/1003 2926/3954/1006
f 2941/3955/992 2848/3745/992 2847/3742/1004 2940/3956/1004
f 2940/3956/1004 2847/3742/1004 2850/3741/1002 2927/3953/1002
f 2939/3941/1005 2846/3719/1005 2849/3718/1006 2926/3957/1006
f 2728/3754/1010 2727/3750/1021 2875/3958/1021 2862/3959/1010
f 2721/3756/1011 2720/3752/1007 2876/3960/1007 2863/3961/1011
f 2729/3758/1009 2728/3754/1010 2862/3959/1010 2864/3962/1009
f 2722/3760/1013 2721/3756/1011 2863/3961/1011 2865/3963/1013
f 2730/3762/1012 2729/3758/1009 2864/3962/1009 2866/3964/1012
f 2723/3764/1015 2722/3760/1013 2865/3963/1013 2867/3965/1015
f 2731/3766/1014 2730/3762/1012 2866/3964/1012 2868/3966/1014
f 2724/3768/1017 2723/3764/1015 2867/3965/1015 2869/3967/1017
f 2732/3770/1016 2731/3766/1014 2868/3966/1014 2870/3968/1016
f 2725/3720/1019 2724/3768/1017 2869/3967/1017 2871/3969/1019
f 2733/3746/1018 2732/3770/1016 2870/3968/1016 2872/3970/1018
f 2726/3721/1022 2725/3720/1019 2871/3969/1019 2873/3971/1022
f 2718/3744/1008 2719/3743/1020 2877/3972/1020 2874/3973/1008
f 2719/3743/1020 2733/3746/1018 2872/3970/1018 2877/3972/1020
f 2727/3750/1021 2726/3749/1022 2873/3974/1022 2875/3958/1021
f 2720/3752/1007 2718/3744/1008 2874/3973/1008 2876/3960/1007
f 2910/3975/1028 2923/3976/1051 2878/3977/1051 2885/3978/1028
f 2885/3978/1030 2878/3977/1053 2879/3891/1053 2884/3890/1030
f 2911/3979/1031 2924/3980/1023 2880/3981/1023 2887/3982/1031
f 2887/3982/1032 2880/3981/1025 2881/3895/1025 2886/3894/1032
f 2912/3983/1027 2910/3975/1028 2885/3978/1028 2889/3984/1027
f 2889/3984/1029 2885/3978/1030 2884/3890/1030 2888/3898/1029
f 2913/3985/1035 2911/3979/1031 2887/3982/1031 2891/3986/1035
f 2891/3986/1036 2887/3982/1032 2886/3894/1032 2890/3900/1036
f 2914/3987/1033 2912/3983/1027 2889/3984/1027 2893/3988/1033
f 2893/3988/1034 2889/3984/1029 2888/3898/1029 2892/3902/1034
f 2915/3989/1039 2913/3985/1035 2891/3986/1035 2895/3990/1039
f 2895/3990/1040 2891/3986/1036 2890/3900/1036 2894/3904/1040
f 2916/3991/1037 2914/3987/1033 2893/3988/1033 2897/3992/1037
f 2897/3992/1038 2893/3988/1034 2892/3902/1034 2896/3906/1038
f 2917/3993/1043 2915/3989/1039 2895/3990/1039 2899/3994/1043
f 2899/3994/1044 2895/3990/1040 2894/3904/1040 2898/3908/1044
f 2918/3995/1041 2916/3991/1037 2897/3992/1037 2901/3996/1041
f 2901/3996/1042 2897/3992/1038 2896/3906/1038 2900/3910/1042
f 2919/3997/1047 2917/3993/1043 2899/3994/1043 2903/3998/1047
f 2903/3998/1048 2899/3994/1044 2898/3908/1044 2902/3912/1048
f 2920/3999/1045 2918/3995/1041 2901/3996/1041 2905/4000/1045
f 2905/4000/1046 2901/3996/1042 2900/3910/1042 2904/3914/1046
f 2921/4001/1398 2919/3997/1047 2903/3998/1047 2907/4002/1398
f 2907/4002/1054 2903/3998/1048 2902/3912/1048 2906/3916/1054
f 2922/4003/1024 2925/4004/1049 2882/4005/1049 2909/4006/1024
f 2909/4006/1026 2882/4005/1050 2883/3919/1050 2908/3918/1026
f 2925/4004/1049 2920/3999/1045 2905/4000/1045 2882/4005/1049
f 2882/4005/1050 2905/4000/1046 2904/3914/1046 2883/3919/1050
f 2923/3976/1051 2921/4007/1398 2907/4008/1398 2878/3977/1051
f 2878/3977/1053 2907/4008/1054 2906/3922/1054 2879/3891/1053
f 2924/3980/1023 2922/4003/1024 2909/4006/1024 2880/3981/1023
f 2880/3981/1025 2909/4006/1026 2908/3918/1026 2881/3895/1025
f 2876/3960/1070 2874/3973/1057 2922/4003/1057 2924/3980/1070
f 2875/3958/1056 2873/3974/1059 2921/4007/1059 2923/3976/1056
f 2877/3972/1058 2872/3970/1061 2920/3999/1061 2925/4004/1058
f 2874/3973/1057 2877/3972/1058 2925/4004/1058 2922/4003/1057
f 2873/3971/1059 2871/3969/1060 2919/3997/1060 2921/4001/1059
f 2872/3970/1061 2870/3968/1063 2918/3995/1063 2920/3999/1061
f 2871/3969/1060 2869/3967/1062 2917/3993/1062 2919/3997/1060
f 2870/3968/1063 2868/3966/1065 2916/3991/1065 2918/3995/1063
f 2869/3967/1062 2867/3965/1064 2915/3989/1064 2917/3993/1062
f 2868/3966/1065 2866/3964/1067 2914/3987/1067 2916/3991/1065
f 2867/3965/1064 2865/3963/1066 2913/3985/1066 2915/3989/1064
f 2866/3964/1067 2864/3962/1069 2912/3983/1069 2914/3987/1067
f 2865/3963/1066 2863/3961/1068 2911/3979/1068 2913/3985/1066
f 2864/3962/1069 2862/3959/1055 2910/3975/1055 2912/3983/1069
f 2863/3961/1068 2876/3960/1070 2924/3980/1070 2911/3979/1068
f 2862/3959/1055 2875/3958/1056 2923/3976/1056 2910/3975/1055
f 2942/4009/1074 2955/4010/1075 2939/3941/1075 2926/3957/1074
f 2943/4011/1414 2956/4012/1071 2940/3956/1071 2927/3953/1414
f 2956/4012/1071 2957/4013/1072 2941/3955/1072 2940/3956/1071
f 2944/4014/1415 2942/4015/1074 2926/3954/1074 2928/3952/1415
f 2945/4016/1078 2943/4011/1414 2927/3953/1414 2929/3951/1078
f 2946/4017/1077 2944/4014/1415 2928/3952/1415 2930/3950/1077
f 2947/4018/1080 2945/4016/1078 2929/3951/1078 2931/3949/1080
f 2948/4019/1079 2946/4017/1077 2930/3950/1077 2932/3948/1079
f 2949/4020/1082 2947/4018/1080 2931/3949/1080 2933/3947/1082
f 2950/4021/1081 2948/4019/1079 2932/3948/1079 2934/3946/1081
f 2951/4022/1084 2949/4020/1082 2933/3947/1082 2935/3945/1084
f 2952/4023/1083 2950/4021/1081 2934/3946/1081 2936/3944/1083
f 2953/4024/1086 2951/4022/1084 2935/3945/1084 2937/3942/1086
f 2954/4025/1085 2952/4023/1083 2936/3944/1083 2938/3943/1085
f 2955/4010/1075 2953/4024/1086 2937/3942/1086 2939/3941/1075
f 2957/4013/1072 2954/4025/1085 2938/3943/1085 2941/3955/1072
f 2973/4026/1089 2970/4027/1090 2954/4025/1090 2957/4013/1089
f 2971/4028/1087 2969/4029/1088 2953/4024/1088 2955/4010/1087
f 2970/4027/1090 2968/4030/1092 2952/4023/1092 2954/4025/1090
f 2969/4029/1088 2967/4031/1091 2951/4022/1091 2953/4024/1088
f 2968/4030/1092 2966/4032/1094 2950/4021/1094 2952/4023/1092
f 2967/4031/1091 2965/4033/1093 2949/4020/1093 2951/4022/1091
f 2966/4032/1094 2964/4034/1096 2948/4019/1096 2950/4021/1094
f 2965/4033/1093 2963/4035/1095 2947/4018/1095 2949/4020/1093
f 2964/4034/1096 2962/4036/1098 2946/4017/1098 2948/4019/1096
f 2963/4035/1095 2961/4037/1097 2945/4016/1097 2947/4018/1095
f 2962/4036/1098 2960/4038/1100 2944/4014/1100 2946/4017/1098
f 2961/4037/1097 2959/4039/1099 2943/4011/1099 2945/4016/1097
f 2960/4038/1100 2958/4040/1102 2942/4015/1102 2944/4014/1100
f 2972/4041/1101 2973/4026/1089 2957/4013/1089 2956/4012/1101
f 2959/4039/1099 2972/4041/1101 2956/4012/1101 2943/4011/1099
f 2958/4042/1102 2971/4028/1087 2955/4010/1087 2942/4009/1102
f 2996/4043/1106 2991/4044/1107 2971/4045/1107 2958/4046/1106
f 2998/4047/1108 2993/4048/1103 2972/4049/1103 2959/4050/1108
f 2993/4048/1103 2995/4051/1104 2973/4052/1104 2972/4049/1103
f 3000/4053/1105 2996/4054/1106 2958/4055/1106 2960/4056/1105
f 3002/4057/1110 2998/4047/1108 2959/4050/1108 2961/4058/1110
f 3004/4059/1109 3000/4053/1105 2960/4056/1105 2962/4060/1109
f 3006/4061/1112 3002/4057/1110 2961/4058/1110 2963/4062/1112
f 3008/4063/1111 3004/4059/1109 2962/4060/1109 2964/4064/1111
f 3010/4065/1114 3006/4061/1112 2963/4062/1112 2965/4066/1114
f 3012/4067/1113 3008/4063/1111 2964/4064/1111 2966/4068/1113
f 3014/4069/1116 3010/4065/1114 2965/4066/1114 2967/4070/1116
f 3016/4071/1115 3012/4067/1113 2966/4068/1113 2968/4072/1115
f 3018/4073/1118 3014/4069/1116 2967/4070/1116 2969/4074/1118
f 3020/4075/1117 3016/4071/1115 2968/4072/1115 2970/4076/1117
f 2991/4044/1107 3018/4073/1118 2969/4074/1118 2971/4045/1107
f 2995/4051/1104 3020/4075/1117 2970/4076/1117 2973/4052/1104
f 2717/4077/1089 2716/4078/1090 2986/4079/1090 2989/4080/1089
f 2709/4081/1087 2708/4082/1088 2985/4083/1088 2987/4084/1087
f 2716/4078/1090 2715/4085/1092 2984/4086/1092 2986/4079/1090
f 2708/4082/1088 2707/4087/1091 2983/4088/1091 2985/4083/1088
f 2715/4085/1092 2714/4089/1094 2982/4090/1094 2984/4086/1092
f 2707/4087/1091 2706/4091/1093 2981/4092/1093 2983/4088/1091
f 2714/4089/1094 2713/4093/1096 2980/4094/1096 2982/4090/1094
f 2706/4091/1093 2705/4095/1095 2979/4096/1095 2981/4092/1093
f 2713/4093/1096 2712/4097/1098 2978/4098/1098 2980/4094/1096
f 2705/4095/1095 2704/4099/1097 2977/4100/1097 2979/4096/1095
f 2712/4097/1098 2711/4101/1100 2976/4102/1100 2978/4098/1098
f 2704/4099/1097 2702/4103/1099 2975/4104/1099 2977/4100/1097
f 2711/4101/1100 2710/4105/1102 2974/4106/1102 2976/4102/1100
f 2703/4107/1101 2717/4077/1089 2989/4080/1089 2988/4108/1101
f 2702/4103/1099 2703/4107/1101 2988/4108/1101 2975/4104/1099
f 2710/4109/1102 2709/4081/1087 2987/4084/1087 2974/4110/1102
f 2989/4111/1123 2986/4112/1124 3021/4113/1124 2994/4114/1123
f 2994/4114/1125 3021/4113/1126 3020/4075/1126 2995/4051/1125
f 2987/4115/1119 2985/4116/1120 3019/4117/1120 2990/4118/1119
f 2990/4118/1121 3019/4117/1122 3018/4073/1122 2991/4044/1121
f 2986/4112/1124 2984/4119/1129 3017/4120/1129 3021/4113/1124
f 3021/4113/1126 3017/4120/1130 3016/4071/1130 3020/4075/1126
f 2985/4116/1120 2983/4121/1127 3015/4122/1127 3019/4117/1120
f 3019/4117/1122 3015/4122/1128 3014/4069/1128 3018/4073/1122
f 2984/4119/1129 2982/4123/1133 3013/4124/1133 3017/4120/1129
f 3017/4120/1130 3013/4124/1134 3012/4067/1134 3016/4071/1130
f 2983/4121/1127 2981/4125/1131 3011/4126/1131 3015/4122/1127
f 3015/4122/1128 3011/4126/1132 3010/4065/1132 3014/4069/1128
f 2982/4123/1133 2980/4127/1137 3009/4128/1137 3013/4124/1133
f 3013/4124/1134 3009/4128/1138 3008/4063/1138 3012/4067/1134
f 2981/4125/1131 2979/4129/1135 3007/4130/1135 3011/4126/1131
f 3011/4126/1132 3007/4130/1136 3006/4061/1136 3010/4065/1132
f 2980/4127/1137 2978/4131/1141 3005/4132/1141 3009/4128/1137
f 3009/4128/1138 3005/4132/1142 3004/4059/1142 3008/4063/1138
f 2979/4129/1135 2977/4133/1139 3003/4134/1139 3007/4130/1135
f 3007/4130/1136 3003/4134/1140 3002/4057/1140 3006/4061/1136
f 2978/4131/1141 2976/4135/1145 3001/4136/1145 3005/4132/1141
f 3005/4132/1142 3001/4136/1146 3000/4053/1146 3004/4059/1142
f 2977/4133/1139 2975/4137/1143 2999/4138/1143 3003/4134/1139
f 3003/4134/1140 2999/4138/1144 2998/4047/1144 3002/4057/1140
f 2976/4135/1145 2974/4139/1149 2997/4140/1149 3001/4136/1145
f 3001/4136/1146 2997/4140/1150 2996/4054/1150 3000/4053/1146
f 2988/4141/1147 2989/4111/1123 2994/4114/1123 2992/4142/1147
f 2992/4142/1148 2994/4114/1125 2995/4051/1125 2993/4048/1148
f 2975/4137/1143 2988/4141/1147 2992/4142/1147 2999/4138/1143
f 2999/4138/1144 2992/4142/1148 2993/4048/1148 2998/4047/1144
f 2974/4143/1149 2987/4115/1119 2990/4118/1119 2997/4144/1149
f 2997/4144/1150 2990/4118/1121 2991/4044/1121 2996/4043/1150
f 2672/4145/1160 2670/4146/1159 3022/3678/1159 3023/3681/1160
f 2674/4147/1161 2672/4145/1160 3023/3681/1160 3024/3683/1161
f 2676/4148/1162 2674/4147/1161 3024/3683/1161 3025/3685/1162
f 2678/4149/1163 2676/4148/1162 3025/3685/1162 3026/3687/1163
f 2680/4150/1164 2678/4149/1163 3026/3687/1163 3027/3689/1164
f 2682/4151/1165 2680/4150/1164 3027/3689/1164 3028/3691/1165
f 2684/4152/1166 2682/4151/1165 3028/3691/1165 3029/3693/1166
f 2686/4153/1152 2684/4152/1166 3029/3693/1166 3030/3695/1152
f 2688/4154/1151 2686/4155/1152 3030/3696/1152 3031/3699/1151
f 2690/4156/1153 2688/4154/1151 3031/3699/1151 3032/3701/1153
f 2692/4157/1154 2690/4156/1153 3032/3701/1153 3033/3703/1154
f 2694/4158/1155 2692/4157/1154 3033/3703/1154 3034/3705/1155
f 2696/4159/1156 2694/4158/1155 3034/3705/1155 3035/3707/1156
f 2698/4160/1157 2696/4159/1156 3035/3707/1156 3036/3709/1157
f 2700/4161/1158 2698/4160/1157 3036/3709/1157 3037/3713/1158
f 2670/4146/1159 2700/4161/1158 3037/3713/1158 3022/3678/1159
f 3071/4162/1186 3070/4163/1173 3066/4164/1173 3065/4165/1186
f 2682/4166/45 2684/4167/442 3045/4168/442 3044/4169/45
f 2698/3715/193 2700/4170/438 3053/4171/438 3052/3716/193
f 2684/4167/442 2686/4172/41 3046/4173/41 3045/4168/442
f 2670/4174/189 2672/4175/439 3039/4176/439 3038/4177/189
f 2700/4170/438 2670/4174/189 3038/4177/189 3053/4171/438
f 2686/4178/41 2688/4179/435 3047/4180/435 3046/4181/41
f 2672/4175/439 2674/4182/121 3040/4183/121 3039/4176/439
f 2688/4179/435 2690/4184/38 3048/4185/38 3047/4180/435
f 2674/4182/121 2676/4186/440 3041/4187/440 3040/4183/121
f 2690/4184/38 2692/4188/436 3049/4189/436 3048/4185/38
f 2676/4186/440 2678/4190/117 3042/4191/117 3041/4187/440
f 2692/4188/436 2694/4192/257 3050/4193/257 3049/4189/436
f 2678/4190/117 2680/4194/441 3043/4195/441 3042/4191/117
f 2694/4192/257 2696/3714/437 3051/3717/437 3050/4193/257
f 2680/4194/441 2682/4166/45 3044/4169/45 3043/4195/441
f 3243/4196/1267 3230/4197/1268 3141/4198/1269 3140/4199/1270
f 3073/4200/1168 3072/4201/1175 3059/4202/1175 3058/4203/1168
f 3070/4163/1173 3074/4204/1174 3067/4205/1174 3066/4164/1173
f 3072/4201/1175 3075/4206/1177 3060/4207/1177 3059/4202/1175
f 3074/4204/1174 3076/4208/1176 3068/4209/1176 3067/4205/1174
f 3075/4206/1177 3077/4210/1179 3061/4211/1179 3060/4207/1177
f 3076/4208/1176 3078/4212/1178 3069/4213/1178 3068/4209/1176
f 3077/4210/1179 3079/4214/1181 3062/4215/1181 3061/4211/1179
f 3081/4216/1180 3080/4217/1183 3055/4218/1183 3054/4219/1180
f 3078/4212/1178 3081/4216/1180 3054/4219/1180 3069/4213/1178
f 3079/4220/1181 3082/4221/1182 3063/4222/1182 3062/4223/1181
f 3080/4217/1183 3083/4224/1185 3056/4225/1185 3055/4218/1183
f 3082/4221/1182 3084/4226/1184 3064/4227/1184 3063/4222/1182
f 3083/4224/1185 3085/4228/1167 3057/4229/1167 3056/4225/1185
f 3084/4226/1184 3071/4162/1186 3065/4165/1186 3064/4227/1184
f 3085/4228/1167 3073/4200/1168 3058/4203/1168 3057/4229/1167
f 3130/4230/1190 3132/4231/1202 3073/4200/1202 3085/4228/1190
f 3129/4232/1191 3131/4233/1187 3071/4162/1187 3084/4226/1191
f 3128/4234/1189 3130/4230/1190 3085/4228/1190 3083/4224/1189
f 3127/4235/1193 3129/4232/1191 3084/4226/1191 3082/4221/1193
f 3126/4236/1192 3128/4234/1189 3083/4224/1189 3080/4217/1192
f 3125/4237/1196 3127/4235/1193 3082/4221/1193 3079/4220/1196
f 3124/4238/1197 3133/4239/1194 3081/4216/1194 3078/4212/1197
f 3133/4239/1194 3126/4236/1192 3080/4217/1192 3081/4216/1194
f 3123/4240/1195 3125/4241/1196 3079/4214/1196 3077/4210/1195
f 3122/4242/1199 3124/4238/1197 3078/4212/1197 3076/4208/1199
f 3121/4243/1198 3123/4240/1195 3077/4210/1195 3075/4206/1198
f 3120/4244/1201 3122/4242/1199 3076/4208/1199 3074/4204/1201
f 3119/4245/1200 3121/4243/1198 3075/4206/1198 3072/4201/1200
f 3118/4246/1188 3120/4244/1201 3074/4204/1201 3070/4163/1188
f 3132/4231/1202 3119/4245/1200 3072/4201/1200 3073/4200/1202
f 3131/4233/1187 3118/4246/1188 3070/4163/1188 3071/4162/1187
f 3102/4247/1233 3105/4248/1207 3089/4249/1210 3086/4250/1234
f 3103/4251/1204 3106/4252/1211 3090/4253/1212 3087/4254/1205
f 3105/4248/1207 3107/4255/1208 3091/4256/1209 3089/4249/1210
f 3106/4252/1211 3108/4257/1215 3092/4258/1216 3090/4253/1212
f 3107/4255/1208 3109/4259/1213 3093/4260/1214 3091/4256/1209
f 3108/4257/1215 3110/4261/1219 3094/4262/1220 3092/4258/1216
f 3109/4259/1213 3111/4263/1217 3095/4264/1218 3093/4260/1214
f 3110/4261/1219 3112/4265/1223 3096/4266/1226 3094/4262/1220
f 3104/4267/1221 3113/4268/1227 3097/4269/1228 3088/4270/1222
f 3111/4263/1217 3104/4267/1221 3088/4270/1222 3095/4264/1218
f 3112/4271/1223 3114/4272/1224 3098/4273/1225 3096/4274/1226
f 3113/4268/1227 3115/4275/1231 3099/4276/1232 3097/4269/1228
f 3114/4272/1224 3116/4277/1229 3100/4278/1230 3098/4273/1225
f 3115/4275/1231 3117/4279/1203 3101/4280/1206 3099/4276/1232
f 3116/4277/1229 3102/4247/1233 3086/4250/1234 3100/4278/1230
f 3117/4279/1203 3103/4251/1204 3087/4254/1205 3101/4280/1206
f 3041/4187/1238 3042/4191/1250 3103/4251/1250 3117/4279/1238
f 3048/4185/1239 3049/4189/1235 3102/4247/1235 3116/4277/1239
f 3040/4183/1237 3041/4187/1238 3117/4279/1238 3115/4275/1237
f 3047/4180/1241 3048/4185/1239 3116/4277/1239 3114/4272/1241
f 3039/4176/1240 3040/4183/1237 3115/4275/1237 3113/4268/1240
f 3046/4181/1244 3047/4180/1241 3114/4272/1241 3112/4271/1244
f 3053/4171/1245 3038/4177/1242 3104/4267/1242 3111/4263/1245
f 3038/4177/1242 3039/4176/1240 3113/4268/1240 3104/4267/1242
f 3045/4168/1243 3046/4173/1244 3112/4265/1244 3110/4261/1243
f 3052/3716/1247 3053/4171/1245 3111/4263/1245 3109/4259/1247
f 3044/4169/1246 3045/4168/1243 3110/4261/1243 3108/4257/1246
f 3051/3717/1249 3052/3716/1247 3109/4259/1247 3107/4255/1249
f 3043/4195/1248 3044/4169/1246 3108/4257/1246 3106/4252/1248
f 3050/4193/1236 3051/3717/1249 3107/4255/1249 3105/4248/1236
f 3042/4191/1250 3043/4195/1248 3106/4252/1248 3103/4251/1250
f 3049/4189/1235 3050/4193/1236 3105/4248/1236 3102/4247/1235
f 3086/4250/1234 3089/4249/1210 3118/4246/1254 3131/4233/1266
f 3087/4254/1205 3090/4253/1212 3119/4245/1255 3132/4231/1251
f 3089/4249/1210 3091/4256/1209 3120/4244/1253 3118/4246/1254
f 3090/4253/1212 3092/4258/1216 3121/4243/1257 3119/4245/1255
f 3091/4256/1209 3093/4260/1214 3122/4242/1256 3120/4244/1253
f 3092/4258/1216 3094/4262/1220 3123/4240/1259 3121/4243/1257
f 3093/4260/1214 3095/4264/1218 3124/4238/1258 3122/4242/1256
f 3094/4262/1220 3096/4266/1226 3125/4241/1262 3123/4240/1259
f 3088/4270/1222 3097/4269/1228 3126/4236/1263 3133/4239/1260
f 3095/4264/1218 3088/4270/1222 3133/4239/1260 3124/4238/1258
f 3096/4274/1226 3098/4273/1225 3127/4235/1261 3125/4237/1262
f 3097/4269/1228 3099/4276/1232 3128/4234/1265 3126/4236/1263
f 3098/4273/1225 3100/4278/1230 3129/4232/1264 3127/4235/1261
f 3099/4276/1232 3101/4280/1206 3130/4230/1252 3128/4234/1265
f 3100/4278/1230 3086/4250/1234 3131/4233/1266 3129/4232/1264
f 3101/4280/1206 3087/4254/1205 3132/4231/1251 3130/4230/1252
f 3244/4281/1169 3231/4282/1170 3149/4283/1171 3148/4284/1172
f 3230/4197/1268 3232/4285/1273 3142/4286/1276 3141/4198/1269
f 3245/4287/1271 3233/4288/1277 3135/4289/1278 3134/4290/1272
f 3231/4282/1170 3245/4287/1271 3134/4290/1272 3149/4283/1171
f 3232/4291/1273 3234/4292/1274 3143/4293/1275 3142/4294/1276
f 3233/4288/1277 3235/4295/1281 3136/4296/1282 3135/4289/1278
f 3234/4292/1274 3236/4297/1279 3144/4298/1280 3143/4293/1275
f 3235/4295/1281 3237/4299/1285 3137/4300/1286 3136/4296/1282
f 3236/4297/1279 3238/4301/1283 3145/4302/1284 3144/4298/1280
f 3237/4299/1285 3239/4303/1289 3138/4304/1290 3137/4300/1286
f 3238/4301/1283 3240/4305/1287 3146/4306/1288 3145/4302/1284
f 3239/4303/1289 3241/4307/1293 3139/4308/1294 3138/4304/1290
f 3240/4305/1287 3242/4309/1291 3147/4310/1292 3146/4306/1288
f 3241/4307/1293 3243/4196/1267 3140/4199/1270 3139/4308/1294
f 3242/4309/1291 3244/4281/1169 3148/4284/1172 3147/4310/1292
f 3229/4311/1416 3215/4312/1304 3157/4313/1305 3180/4314/1306
f 3213/4315/1307 3188/4316/1308 3156/4317/1309 3181/4318/1310
f 3228/4319/1295 3214/4320/1296 3153/4321/1297 3178/4322/1298
f 3211/4323/1299 3184/4324/1300 3152/4325/1301 3179/4326/1302
f 3227/4327/1417 3229/4311/1416 3180/4314/1306 3176/4328/1316
f 3209/4329/1317 3213/4315/1307 3181/4318/1310 3177/4330/1318
f 3226/4331/1418 3228/4319/1295 3178/4322/1298 3174/4332/1312
f 3207/4333/1313 3211/4323/1299 3179/4326/1302 3175/4334/1314
f 3225/4335/1409 3227/4327/1417 3176/4328/1316 3172/4336/1324
f 3205/4337/1325 3209/4329/1317 3177/4330/1318 3173/4338/1326
f 3224/4339/1319 3226/4331/1418 3174/4332/1312 3170/4340/1320
f 3203/4341/1321 3207/4333/1313 3175/4334/1314 3171/4342/1322
f 3223/4343/1331 3225/4335/1409 3172/4336/1324 3168/4344/1332
f 3201/4345/1333 3205/4337/1325 3173/4338/1326 3169/4346/1334
f 3222/4347/1327 3224/4339/1319 3170/4340/1320 3166/4348/1328
f 3199/4349/1329 3203/4341/1321 3171/4342/1322 3167/4350/1330
f 3221/4351/1339 3223/4343/1331 3168/4344/1332 3164/4352/1340
f 3197/4353/1341 3201/4345/1333 3169/4346/1334 3165/4354/1342
f 3220/4355/1335 3222/4347/1327 3166/4348/1328 3160/4356/1336
f 3193/4357/1337 3199/4349/1329 3167/4350/1330 3161/4358/1338
f 3219/4359/1405 3221/4351/1339 3164/4352/1340 3158/4360/1349
f 3191/4361/1352 3197/4353/1341 3165/4354/1342 3159/4362/1353
f 3218/4363/1355 3216/4364/1343 3163/4365/1344 3154/4366/1356
f 3187/4367/1357 3194/4368/1345 3162/4369/1346 3155/4370/1358
f 3216/4364/1343 3220/4355/1335 3160/4356/1336 3163/4365/1344
f 3194/4368/1345 3193/4357/1337 3161/4358/1338 3162/4369/1346
f 3217/4371/1419 3219/4372/1405 3158/4373/1349 3150/4374/1350
f 3183/4375/1351 3191/4376/1352 3159/4377/1353 3151/4378/1354
f 3215/4312/1304 3218/4363/1355 3154/4366/1356 3157/4313/1305
f 3188/4316/1308 3187/4367/1357 3155/4370/1358 3156/4317/1309
f 3214/4320/1296 3217/4371/1419 3150/4374/1350 3153/4321/1297
f 3184/4324/1300 3183/4375/1351 3151/4378/1354 3152/4325/1301
f 3153/4321/1297 3150/4374/1350 3182/4379/1361 3185/4380/1362
f 3185/4380/1362 3182/4379/1361 3183/4375/1351 3184/4324/1300
f 3157/4313/1305 3154/4366/1356 3186/4381/1359 3189/4382/1360
f 3189/4382/1360 3186/4381/1359 3187/4367/1357 3188/4316/1308
f 3150/4374/1350 3158/4373/1349 3190/4383/1365 3182/4379/1361
f 3182/4379/1361 3190/4383/1365 3191/4376/1352 3183/4375/1351
f 3163/4365/1344 3160/4356/1336 3192/4384/1366 3195/4385/1363
f 3195/4385/1363 3192/4384/1366 3193/4357/1337 3194/4368/1345
f 3154/4366/1356 3163/4365/1344 3195/4385/1363 3186/4381/1359
f 3186/4381/1359 3195/4385/1363 3194/4368/1345 3187/4367/1357
f 3158/4360/1349 3164/4352/1340 3196/4386/1364 3190/4387/1365
f 3190/4387/1365 3196/4386/1364 3197/4353/1341 3191/4361/1352
f 3160/4356/1336 3166/4348/1328 3198/4388/1368 3192/4384/1366
f 3192/4384/1366 3198/4388/1368 3199/4349/1329 3193/4357/1337
f 3164/4352/1340 3168/4344/1332 3200/4389/1367 3196/4386/1364
f 3196/4386/1364 3200/4389/1367 3201/4345/1333 3197/4353/1341
f 3166/4348/1328 3170/4340/1320 3202/4390/1370 3198/4388/1368
f 3198/4388/1368 3202/4390/1370 3203/4341/1321 3199/4349/1329
f 3168/4344/1332 3172/4336/1324 3204/4391/1369 3200/4389/1367
f 3200/4389/1367 3204/4391/1369 3205/4337/1325 3201/4345/1333
f 3170/4340/1320 3174/4332/1312 3206/4392/1372 3202/4390/1370
f 3202/4390/1370 3206/4392/1372 3207/4333/1313 3203/4341/1321
f 3172/4336/1324 3176/4328/1316 3208/4393/1371 3204/4391/1369
f 3204/4391/1369 3208/4393/1371 3209/4329/1317 3205/4337/1325
f 3174/4332/1312 3178/4322/1298 3210/4394/1374 3206/4392/1372
f 3206/4392/1372 3210/4394/1374 3211/4323/1299 3207/4333/1313
f 3176/4328/1316 3180/4314/1306 3212/4395/1373 3208/4393/1371
f 3208/4393/1371 3212/4395/1373 3213/4315/1307 3209/4329/1317
f 3178/4322/1298 3153/4321/1297 3185/4380/1362 3210/4394/1374
f 3210/4394/1374 3185/4380/1362 3184/4324/1300 3211/4323/1299
f 3180/4314/1306 3157/4313/1305 3189/4382/1360 3212/4395/1373
f 3212/4395/1373 3189/4382/1360 3188/4316/1308 3213/4315/1307
f 3060/4396/1377 3061/4397/1378 3217/4371/1419 3214/4320/1296
f 3068/4398/1375 3069/4399/1376 3218/4363/1355 3215/4312/1304
f 3061/4397/1378 3062/4400/1380 3219/4372/1405 3217/4371/1419
f 3054/4401/1379 3055/4402/1382 3220/4355/1335 3216/4364/1343
f 3069/4399/1376 3054/4401/1379 3216/4364/1343 3218/4363/1355
f 3062/4403/1380 3063/4404/1381 3221/4351/1339 3219/4359/1405
f 3055/4402/1382 3056/4405/1384 3222/4347/1327 3220/4355/1335
f 3063/4404/1381 3064/4406/1383 3223/4343/1331 3221/4351/1339
f 3056/4405/1384 3057/4407/1386 3224/4339/1319 3222/4347/1327
f 3064/4406/1383 3065/4408/1385 3225/4335/1409 3223/4343/1331
f 3057/4407/1386 3058/4409/1388 3226/4331/1418 3224/4339/1319
f 3065/4408/1385 3066/4410/1387 3227/4327/1417 3225/4335/1409
f 3058/4409/1388 3059/4411/1390 3228/4319/1295 3226/4331/1418
f 3066/4410/1387 3067/4412/1389 3229/4311/1416 3227/4327/1417
f 3059/4411/1390 3060/4396/1377 3214/4320/1296 3228/4319/1295
f 3067/4412/1389 3068/4398/1375 3215/4312/1304 3229/4311/1416
f 3181/4318/1310 3156/4317/1309 3244/4281/1169 3242/4309/1291
f 3179/4326/1302 3152/4325/1301 3243/4196/1267 3241/4307/1293
f 3177/4330/1318 3181/4318/1310 3242/4309/1291 3240/4305/1287
f 3175/4334/1314 3179/4326/1302 3241/4307/1293 3239/4303/1289
f 3173/4338/1326 3177/4330/1318 3240/4305/1287 3238/4301/1283
f 3171/4342/1322 3175/4334/1314 3239/4303/1289 3237/4299/1285
f 3169/4346/1334 3173/4338/1326 3238/4301/1283 3236/4297/1279
f 3167/4350/1330 3171/4342/1322 3237/4299/1285 3235/4295/1281
f 3165/4354/1342 3169/4346/1334 3236/4297/1279 3234/4292/1274
f 3161/4358/1338 3167/4350/1330 3235/4295/1281 3233/4288/1277
f 3159/4362/1353 3165/4354/1342 3234/4292/1274 3232/4291/1273
f 3155/4370/1358 3162/4369/1346 3245/4287/1271 3231/4282/1170
f 3162/4369/1346 3161/4358/1338 3233/4288/1277 3245/4287/1271
f 3151/4378/1354 3159/4377/1353 3232/4285/1273 3230/4197/1268
f 3156/4317/1309 3155/4370/1358 3231/4282/1170 3244/4281/1169
f 3152/4325/1301 3151/4378/1354 3230/4197/1268 3243/4196/1267
f 3261/4413/438 3260/4414/193 3276/4415/193 3277/4416/438
f 2756/4417/313 2755/4418/313 3251/4419/313 3252/4420/313
f 2764/4421/313 2763/3805/313 3259/3808/313 3260/4414/313
f 2757/4422/313 2756/4417/313 3252/4420/313 3253/4423/313
f 2765/4424/313 2764/4421/313 3260/4414/313 3261/4413/313
f 2758/4425/313 2757/4422/313 3253/4423/313 3254/4426/313
f 2750/4427/313 2751/4428/313 3247/4429/313 3246/4430/313
f 2751/4428/313 2765/4424/313 3261/4413/313 3247/4429/313
f 2759/4431/313 2758/4432/313 3254/4433/313 3255/4434/313
f 2752/4435/313 2750/4427/313 3246/4430/313 3248/4436/313
f 2760/4437/313 2759/4431/313 3255/4434/313 3256/4438/313
f 2753/4439/313 2752/4435/313 3248/4436/313 3249/4440/313
f 2761/4441/313 2760/4437/313 3256/4438/313 3257/4442/313
f 2754/4443/313 2753/4439/313 3249/4440/313 3250/4444/313
f 2762/3806/313 2761/4441/313 3257/4442/313 3258/3807/313
f 2755/4418/313 2754/4443/313 3250/4444/313 3251/4419/313
f 2861/3769/991 2848/3745/992 2941/3955/992 2938/3943/991
f 3254/4426/41 3253/4423/442 3269/4445/442 3270/4446/41
f 3246/4430/439 3247/4429/189 3263/4447/189 3262/4448/439
f 3247/4429/189 3261/4413/438 3277/4416/438 3263/4447/189
f 3255/4434/435 3254/4433/41 3270/4449/41 3271/4450/435
f 3248/4436/121 3246/4430/439 3262/4448/439 3264/4451/121
f 3256/4438/38 3255/4434/435 3271/4450/435 3272/4452/38
f 3249/4440/440 3248/4436/121 3264/4451/121 3265/4453/440
f 3257/4442/436 3256/4438/38 3272/4452/38 3273/4454/436
f 3250/4444/117 3249/4440/440 3265/4453/440 3266/4455/117
f 3258/3807/257 3257/4442/436 3273/4454/436 3274/4456/257
f 3251/4419/441 3250/4444/117 3266/4455/117 3267/4457/441
f 3259/3808/437 3258/3807/257 3274/4456/257 3275/4458/437
f 3252/4420/45 3251/4419/441 3267/4457/441 3268/4459/45
f 3260/4414/193 3259/3808/437 3275/4458/437 3276/4415/193
f 3253/4423/442 3252/4420/45 3268/4459/45 3269/4445/442
f 3303/3924/978 3306/3926/989 3307/3896/946 3302/3921/945
f 3301/3928/976 3304/3927/975 3305/3892/974 3300/3923/973
f 3299/3929/981 3308/3925/979 3309/3920/970 3298/3915/966
f 3308/3925/979 3303/3924/978 3302/3921/945 3309/3920/970
f 3297/3931/980 3301/3930/976 3300/3917/973 3296/3913/968
f 3295/3932/983 3299/3929/981 3298/3915/966 3294/3911/962
f 3293/3933/982 3297/3931/980 3296/3913/968 3292/3909/964
f 3291/3934/985 3295/3932/983 3294/3911/962 3290/3907/958
f 3289/3935/984 3293/3933/982 3292/3909/964 3288/3905/960
f 3287/3936/987 3291/3934/985 3290/3907/958 3286/3903/954
f 3285/3937/986 3289/3935/984 3288/3905/960 3284/3901/956
f 3283/3940/988 3287/3936/987 3286/3903/954 3282/3899/950
f 3281/3938/990 3285/3937/986 3284/3901/956 3280/3897/952
f 3279/3939/977 3283/3940/988 3282/3899/950 3278/3893/949
f 3306/3926/989 3281/3938/990 3280/3897/952 3307/3896/946
f 3304/3927/975 3279/3939/977 3278/3893/949 3305/3892/974
f 3283/3940/988 3279/3939/977 2830/3888/895 2832/3884/923
f 3136/4460/1282 3137/4461/1286 3310/4462/313 3135/4463/1278
f 3137/4461/1286 3138/4464/1290 3313/4465/313 3310/4462/313
f 3138/4464/1290 3139/4466/1294 3316/4467/313 3313/4465/313
f 3139/4466/1294 3140/4468/1270 3141/4469/1269 3316/4467/313
f 3135/4463/1278 3310/4462/313 3311/4470/313 3134/4471/1272
f 3310/4462/313 3313/4465/313 3314/4472/313 3311/4470/313
f 3313/4465/313 3316/4467/313 3317/4473/313 3314/4472/313
f 3316/4467/313 3141/4469/1269 3142/4474/1276 3317/4473/313
f 3134/4471/1272 3311/4470/313 3312/4475/313 3149/4476/1171
f 3311/4470/313 3314/4472/313 3315/4477/313 3312/4475/313
f 3314/4472/313 3317/4473/313 3318/4478/313 3315/4477/313
f 3317/4473/313 3142/4474/1276 3143/4479/1275 3318/4478/313
f 3149/4476/1171 3312/4475/313 3147/4480/1292 3148/4481/1172
f 3312/4475/313 3315/4477/313 3146/4482/1288 3147/4480/1292
f 3315/4477/313 3318/4478/313 3145/4483/1284 3146/4482/1288
f 3318/4478/313 3143/4479/1275 3144/4484/1280 3145/4483/1284
f 3671/4485/117 3320/4486/117 3322/4487/441 3672/4488/441
f 3672/4488/441 3322/4487/441 3324/4489/45 3673/4490/45
f 3673/4490/45 3324/4489/45 3326/4491/442 3674/4492/442
f 3674/4492/442 3326/4491/442 3328/4493/41 3675/4494/41
f 3675/4494/41 3328/4493/41 3330/4495/435 3676/4496/435
f 3676/4496/435 3330/4495/435 3332/4497/38 3677/4498/38
f 3677/4498/38 3332/4497/38 3334/4499/436 3678/4500/436
f 3678/4500/436 3334/4499/436 3336/4501/257 3679/4502/257
f 3679/4503/257 3336/4504/257 3338/4505/437 3680/4506/437
f 3680/4506/437 3338/4505/437 3340/4507/193 3681/4508/193
f 3681/4508/193 3340/4507/193 3342/4509/438 3682/4510/438
f 3682/4510/438 3342/4509/438 3344/4511/189 3683/4512/189
f 3683/4512/189 3344/4511/189 3346/4513/439 3684/4514/439
f 3684/4514/439 3346/4513/439 3348/4515/121 3685/4516/121
f 3328/4493/800 3326/4491/799 3354/4517/799 3355/4518/800
f 3685/4516/121 3348/4515/121 3350/4519/440 3686/4520/440
f 3686/4520/440 3350/4519/440 3320/4486/117 3671/4485/117
f 3345/4521/439 3347/4522/121 3701/4523/121 3700/4524/439
f 3498/4525/811 3495/4526/809 3374/4527/809 3375/4528/811
f 3338/4505/797 3336/4504/783 3359/4529/783 3360/4530/797
f 3348/4515/798 3346/4513/787 3364/4531/787 3365/4532/798
f 3324/4489/789 3322/4487/790 3351/4533/790 3353/4534/789
f 3334/4499/784 3332/4497/791 3357/4535/791 3358/4536/784
f 3344/4511/788 3342/4509/793 3362/4537/793 3363/4538/788
f 3330/4495/792 3328/4493/800 3355/4518/800 3356/4539/792
f 3340/4507/794 3338/4505/797 3360/4530/797 3361/4540/794
f 3350/4519/796 3348/4515/798 3365/4532/798 3366/4541/796
f 3326/4491/799 3324/4489/789 3353/4534/789 3354/4517/799
f 3336/4501/783 3334/4499/784 3358/4536/784 3359/4542/783
f 3346/4513/787 3344/4511/788 3363/4538/788 3364/4531/787
f 3322/4487/790 3320/4486/795 3352/4543/795 3351/4533/790
f 3332/4497/791 3330/4495/792 3356/4539/792 3357/4535/791
f 3342/4509/793 3340/4507/794 3361/4540/794 3362/4537/793
f 3320/4486/795 3350/4519/796 3366/4541/796 3352/4543/795
f 3466/4544/828 3463/4545/826 3392/4546/826 3393/4547/828
f 3499/4548/814 3496/4549/812 3368/4550/812 3367/4551/814
f 3496/4549/812 3497/4552/810 3382/4553/810 3368/4550/812
f 3500/4554/813 3498/4555/811 3375/4556/811 3376/4557/813
f 3501/4558/816 3499/4548/814 3367/4551/814 3369/4559/816
f 3502/4560/815 3500/4554/813 3376/4557/813 3377/4561/815
f 3503/4562/805 3501/4558/816 3369/4559/816 3370/4563/805
f 3504/4564/786 3502/4560/815 3377/4561/815 3378/4565/786
f 3505/4566/804 3503/4562/805 3370/4563/805 3371/4567/804
f 3506/4568/785 3504/4564/786 3378/4565/786 3379/4569/785
f 3507/4570/803 3505/4566/804 3371/4567/804 3372/4571/803
f 3508/4572/806 3506/4568/785 3379/4569/785 3380/4573/806
f 3509/4574/807 3507/4570/803 3372/4571/803 3373/4575/807
f 3510/4576/808 3508/4572/806 3380/4573/806 3381/4577/808
f 3495/4526/809 3509/4574/807 3373/4575/807 3374/4527/809
f 3497/4552/810 3510/4576/808 3381/4577/808 3382/4553/810
f 3417/4578/851 3416/4579/847 3413/4580/848 3414/4581/852
f 3467/4582/831 3464/4583/829 3385/4584/829 3386/4585/831
f 3468/4586/830 3466/4544/828 3393/4547/828 3394/4587/830
f 3469/4588/834 3467/4582/831 3386/4585/831 3387/4589/834
f 3470/4590/832 3468/4586/830 3394/4587/830 3395/4591/832
f 3471/4592/833 3469/4588/834 3387/4589/834 3388/4593/833
f 3472/4594/802 3470/4590/832 3395/4591/832 3396/4595/802
f 3473/4596/822 3471/4592/833 3388/4593/833 3389/4597/822
f 3474/4598/801 3472/4594/802 3396/4595/802 3397/4599/801
f 3475/4600/821 3473/4596/822 3389/4597/822 3390/4601/821
f 3476/4602/823 3474/4598/801 3397/4599/801 3398/4603/823
f 3477/4604/824 3475/4600/821 3390/4601/821 3391/4605/824
f 3478/4606/827 3465/4607/825 3384/4608/825 3383/4609/827
f 3465/4607/825 3476/4602/823 3398/4603/823 3384/4608/825
f 3463/4545/826 3477/4610/824 3391/4611/824 3392/4546/826
f 3464/4583/829 3478/4606/827 3383/4609/827 3385/4584/829
f 3412/4612/313 3411/4613/313 3907/4614/313 3908/4615/313
f 3421/4616/853 3420/4617/849 3406/4618/850 3407/4619/854
f 3425/4620/859 3424/4621/855 3400/4622/856 3399/4623/860
f 3424/4621/855 3417/4578/851 3414/4581/852 3400/4622/856
f 3427/4624/857 3421/4625/853 3407/4626/854 3408/4627/858
f 3429/4628/818 3425/4620/859 3399/4623/860 3401/4629/819
f 3431/4630/861 3427/4624/857 3408/4627/858 3409/4631/862
f 3433/4632/817 3429/4628/818 3401/4629/819 3402/4633/820
f 3435/4634/836 3431/4630/861 3409/4631/862 3410/4635/837
f 3437/4636/840 3433/4632/817 3402/4633/820 3403/4637/841
f 3439/4638/835 3435/4634/836 3410/4635/837 3411/4639/838
f 3441/4640/839 3437/4636/840 3403/4637/841 3404/4641/842
f 3443/4642/843 3439/4638/835 3411/4639/838 3412/4643/844
f 3445/4644/845 3441/4640/839 3404/4641/842 3405/4645/846
f 3416/4579/847 3443/4642/843 3412/4643/844 3413/4580/848
f 3420/4617/849 3445/4644/845 3405/4645/846 3406/4618/850
f 3390/4601/879 3389/4597/883 3446/4646/884 3419/4647/880
f 3419/4647/880 3446/4646/884 3445/4644/845 3420/4617/849
f 3397/4599/881 3396/4595/885 3444/4648/886 3415/4649/882
f 3415/4649/882 3444/4648/886 3443/4642/843 3416/4579/847
f 3389/4597/883 3388/4593/887 3442/4650/888 3446/4646/884
f 3446/4646/884 3442/4650/888 3441/4640/839 3445/4644/845
f 3396/4595/885 3395/4591/889 3440/4651/890 3444/4648/886
f 3444/4648/886 3440/4651/890 3439/4638/835 3443/4642/843
f 3388/4593/887 3387/4589/891 3438/4652/894 3442/4650/888
f 3442/4650/888 3438/4652/894 3437/4636/840 3441/4640/839
f 3395/4591/889 3394/4587/863 3436/4653/866 3440/4651/890
f 3440/4651/890 3436/4653/866 3435/4634/836 3439/4638/835
f 3387/4589/891 3386/4585/1420 3434/4654/893 3438/4652/894
f 3438/4652/894 3434/4654/893 3433/4632/817 3437/4636/840
f 3394/4587/863 3393/4547/864 3432/4655/865 3436/4653/866
f 3436/4653/866 3432/4655/865 3431/4630/861 3435/4634/836
f 3386/4585/1420 3385/4584/1421 3430/4656/870 3434/4654/893
f 3434/4654/893 3430/4656/870 3429/4628/818 3433/4632/817
f 3393/4547/864 3392/4546/1391 3428/4657/872 3432/4655/865
f 3432/4655/865 3428/4657/872 3427/4624/857 3431/4630/861
f 3385/4584/1421 3383/4609/868 3426/4658/869 3430/4656/870
f 3430/4656/870 3426/4658/869 3425/4620/859 3429/4628/818
f 3392/4546/1391 3391/4611/1392 3422/4659/876 3428/4657/872
f 3428/4657/872 3422/4659/876 3421/4625/853 3427/4624/857
f 3384/4608/873 3398/4603/877 3418/4660/878 3423/4661/874
f 3423/4661/874 3418/4660/878 3417/4578/851 3424/4621/855
f 3383/4609/868 3384/4608/873 3423/4661/874 3426/4658/869
f 3426/4658/869 3423/4661/874 3424/4621/855 3425/4620/859
f 3391/4605/1392 3390/4601/879 3419/4647/880 3422/4662/876
f 3422/4662/876 3419/4647/880 3420/4617/849 3421/4616/853
f 3398/4603/877 3397/4599/881 3415/4649/882 3418/4660/878
f 3418/4660/878 3415/4649/882 3416/4579/847 3417/4578/851
f 3493/4663/909 3491/4664/913 3462/4665/914 3449/4666/910
f 3492/4667/915 3490/4668/919 3460/4669/920 3447/4670/916
f 3494/4671/917 3489/4672/921 3459/4673/922 3461/4674/918
f 3491/4664/913 3494/4671/917 3461/4674/918 3462/4665/914
f 3490/4675/919 3488/4676/923 3458/4677/924 3460/4678/920
f 3489/4672/921 3487/4679/925 3457/4680/926 3459/4673/922
f 3488/4676/923 3486/4681/895 3456/4682/898 3458/4677/924
f 3487/4679/925 3485/4683/899 3455/4684/902 3457/4680/926
f 3486/4681/895 3484/4685/896 3454/4686/897 3456/4682/898
f 3485/4683/899 3483/4687/900 3453/4688/901 3455/4684/902
f 3484/4685/896 3482/4689/903 3452/4690/906 3454/4686/897
f 3483/4687/900 3481/4691/907 3451/4692/908 3453/4688/901
f 3482/4689/903 3480/4693/904 3450/4694/905 3452/4690/906
f 3481/4691/907 3479/4695/911 3448/4696/912 3451/4692/908
f 3480/4693/904 3493/4663/909 3449/4666/910 3450/4694/905
f 3479/4695/911 3492/4667/915 3447/4670/916 3448/4696/912
f 3449/4666/934 3462/4665/936 3478/4606/936 3464/4583/934
f 3447/4670/937 3460/4669/939 3477/4610/939 3463/4545/937
f 3461/4674/938 3459/4673/940 3476/4602/940 3465/4607/938
f 3462/4665/936 3461/4674/938 3465/4607/938 3478/4606/936
f 3460/4678/939 3458/4677/941 3475/4600/941 3477/4604/939
f 3459/4673/940 3457/4680/942 3474/4598/942 3476/4602/940
f 3458/4677/941 3456/4682/927 3473/4596/927 3475/4600/941
f 3457/4680/942 3455/4684/929 3472/4594/929 3474/4598/942
f 3456/4682/927 3454/4686/928 3471/4592/928 3473/4596/927
f 3455/4684/929 3453/4688/930 3470/4590/930 3472/4594/929
f 3454/4686/928 3452/4690/931 3469/4588/931 3471/4592/928
f 3453/4688/930 3451/4692/933 3468/4586/933 3470/4590/930
f 3452/4690/931 3450/4694/932 3467/4582/932 3469/4588/931
f 3451/4692/933 3448/4696/935 3466/4544/935 3468/4586/933
f 3450/4694/932 3449/4666/934 3464/4583/934 3467/4582/932
f 3448/4696/935 3447/4670/937 3463/4545/937 3466/4544/935
f 3533/4697/1394 3528/4698/957 3954/4699/958 3927/4700/962
f 3535/4701/967 3530/4702/1393 3956/4703/964 3929/4704/968
f 3537/4705/965 3533/4697/1394 3927/4700/962 3931/4706/966
f 3539/4707/972 3535/4701/967 3929/4704/968 3933/4708/973
f 3541/4709/969 3537/4705/965 3931/4706/966 3935/4710/970
f 3543/4711/971 3539/4707/972 3933/4708/973 3937/4712/974
f 3545/4713/944 3541/4709/969 3935/4710/970 3939/4714/945
f 3547/4715/1396 3543/4711/971 3937/4712/974 3941/4716/949
f 3549/4717/1395 3545/4713/944 3939/4714/945 3943/4718/946
f 3551/4719/947 3547/4715/1396 3941/4716/949 3945/4720/950
f 3553/4721/951 3549/4717/1395 3943/4718/946 3947/4722/952
f 3555/4723/953 3551/4719/947 3945/4720/950 3949/4724/954
f 3557/4725/959 3532/4726/955 3958/4727/956 3951/4728/960
f 3532/4726/955 3553/4721/951 3947/4722/952 3958/4727/956
f 3528/4698/957 3555/4729/953 3949/4730/954 3954/4699/958
f 3530/4702/1393 3557/4725/959 3951/4728/960 3956/4703/964
f 3952/4731/984 3957/4732/986 3494/4671/917 3491/4664/913
f 3955/4733/982 3952/4731/984 3491/4664/913 3493/4663/909
f 3953/4734/985 3950/4735/987 3490/4668/919 3492/4667/915
f 3957/4732/986 3948/4736/990 3489/4672/921 3494/4671/917
f 3950/4737/987 3946/4738/988 3488/4676/923 3490/4675/919
f 3948/4736/990 3944/4739/989 3487/4679/925 3489/4672/921
f 3946/4738/988 3942/4740/977 3486/4681/895 3488/4676/923
f 3944/4739/989 3940/4741/978 3485/4683/899 3487/4679/925
f 3942/4740/977 3938/4742/975 3484/4685/896 3486/4681/895
f 3940/4741/978 3936/4743/979 3483/4687/900 3485/4683/899
f 3938/4742/975 3934/4744/976 3482/4689/903 3484/4685/896
f 3930/4745/980 3955/4733/982 3493/4663/909 3480/4693/904
f 3928/4746/983 3953/4734/985 3492/4667/915 3479/4695/911
f 3936/4743/979 3932/4747/981 3481/4691/907 3483/4687/900
f 3934/4744/976 3930/4745/980 3480/4693/904 3482/4689/903
f 3509/4574/1001 3495/4526/999 3588/4748/999 3586/4749/1001
f 3508/4572/1002 3510/4576/1000 3587/4750/1000 3585/4751/1002
f 3507/4570/1003 3509/4574/1001 3586/4749/1001 3584/4752/1003
f 3506/4568/1004 3508/4572/1002 3585/4751/1002 3583/4753/1004
f 3505/4566/1006 3507/4570/1003 3584/4752/1003 3582/4754/1006
f 3504/4564/992 3506/4568/1004 3583/4753/1004 3581/4755/992
f 3503/4562/1005 3505/4566/1006 3582/4754/1006 3580/4756/1005
f 3502/4560/991 3504/4564/992 3581/4755/992 3579/4757/991
f 3501/4558/994 3503/4562/1005 3580/4756/1005 3578/4758/994
f 3500/4554/995 3502/4560/991 3579/4757/991 3577/4759/995
f 3499/4548/993 3501/4558/994 3578/4758/994 3576/4760/993
f 3498/4555/997 3500/4554/995 3577/4759/995 3575/4761/997
f 3590/4762/998 3497/4552/998 3496/4549/996 3589/4763/996
f 3589/4763/996 3496/4549/996 3499/4548/993 3576/4760/993
f 3588/4748/999 3495/4526/999 3498/4525/997 3575/4764/997
f 3377/4561/1016 3376/4557/1014 3524/4765/1014 3511/4766/1016
f 3370/4563/1019 3369/4559/1017 3525/4767/1017 3512/4768/1019
f 3378/4565/1397 3377/4561/1016 3511/4766/1016 3513/4769/1397
f 3371/4567/1022 3370/4563/1019 3512/4768/1019 3514/4770/1022
f 3379/4569/1422 3378/4565/1397 3513/4769/1397 3515/4771/1422
f 3372/4571/1021 3371/4567/1022 3514/4770/1022 3516/4772/1021
f 3380/4573/1423 3379/4569/1422 3515/4771/1422 3517/4773/1423
f 3373/4575/1010 3372/4571/1021 3516/4772/1021 3518/4774/1010
f 3381/4577/1007 3380/4573/1423 3517/4773/1423 3519/4775/1007
f 3374/4527/1009 3373/4575/1010 3518/4774/1010 3520/4776/1009
f 3382/4553/1011 3381/4577/1007 3519/4775/1007 3521/4777/1011
f 3375/4528/1012 3374/4527/1009 3520/4776/1009 3522/4778/1012
f 3367/4551/1015 3368/4550/1013 3526/4779/1013 3523/4780/1015
f 3368/4550/1013 3382/4553/1011 3521/4777/1011 3526/4779/1013
f 3376/4557/1014 3375/4556/1012 3522/4781/1012 3524/4765/1014
f 3369/4559/1017 3367/4551/1015 3523/4780/1015 3525/4767/1017
f 3559/4782/1041 3572/4783/1037 3527/4784/1037 3534/4785/1041
f 3534/4785/1042 3527/4784/1038 3528/4698/1038 3533/4697/1042
f 3560/4786/1047 3573/4787/1043 3529/4788/1043 3536/4789/1047
f 3536/4789/1048 3529/4788/1044 3530/4702/1044 3535/4701/1048
f 3561/4790/1045 3559/4782/1041 3534/4785/1041 3538/4791/1045
f 3538/4791/1046 3534/4785/1042 3533/4697/1042 3537/4705/1046
f 3562/4792/1398 3560/4786/1047 3536/4789/1047 3540/4793/1398
f 3540/4793/1054 3536/4789/1048 3535/4701/1048 3539/4707/1054
f 3563/4794/1049 3561/4790/1045 3538/4791/1045 3542/4795/1049
f 3542/4795/1050 3538/4791/1046 3537/4705/1046 3541/4709/1050
f 3564/4796/1051 3562/4792/1398 3540/4793/1398 3544/4797/1051
f 3544/4797/1053 3540/4793/1054 3539/4707/1054 3543/4711/1053
f 3565/4798/1024 3563/4794/1049 3542/4795/1049 3546/4799/1024
f 3546/4799/1026 3542/4795/1050 3541/4709/1050 3545/4713/1026
f 3566/4800/1028 3564/4796/1051 3544/4797/1051 3548/4801/1028
f 3548/4801/1030 3544/4797/1053 3543/4711/1053 3547/4715/1030
f 3567/4802/1023 3565/4798/1024 3546/4799/1024 3550/4803/1023
f 3550/4803/1025 3546/4799/1026 3545/4713/1026 3549/4717/1025
f 3568/4804/1027 3566/4800/1028 3548/4801/1028 3552/4805/1027
f 3552/4805/1029 3548/4801/1030 3547/4715/1030 3551/4719/1029
f 3569/4806/1031 3567/4802/1023 3550/4803/1023 3554/4807/1031
f 3554/4807/1032 3550/4803/1025 3549/4717/1025 3553/4721/1032
f 3570/4808/1033 3568/4804/1027 3552/4805/1027 3556/4809/1033
f 3556/4809/1034 3552/4805/1029 3551/4719/1029 3555/4723/1034
f 3571/4810/1039 3574/4811/1035 3531/4812/1035 3558/4813/1039
f 3558/4813/1040 3531/4812/1036 3532/4726/1036 3557/4725/1040
f 3574/4811/1035 3569/4806/1031 3554/4807/1031 3531/4812/1035
f 3531/4812/1036 3554/4807/1032 3553/4721/1032 3532/4726/1036
f 3572/4783/1037 3570/4814/1033 3556/4815/1033 3527/4784/1037
f 3527/4784/1038 3556/4815/1034 3555/4729/1034 3528/4698/1038
f 3573/4787/1043 3571/4810/1039 3558/4813/1039 3529/4788/1043
f 3529/4788/1044 3558/4813/1040 3557/4725/1040 3530/4702/1044
f 3525/4767/1062 3523/4780/1064 3571/4810/1064 3573/4787/1062
f 3524/4765/1065 3522/4781/1067 3570/4814/1067 3572/4783/1065
f 3526/4779/1066 3521/4777/1068 3569/4806/1068 3574/4811/1066
f 3523/4780/1064 3526/4779/1066 3574/4811/1066 3571/4810/1064
f 3522/4778/1067 3520/4776/1069 3568/4804/1069 3570/4808/1067
f 3521/4777/1068 3519/4775/1070 3567/4802/1070 3569/4806/1068
f 3520/4776/1069 3518/4774/1055 3566/4800/1055 3568/4804/1069
f 3519/4775/1070 3517/4773/1057 3565/4798/1057 3567/4802/1070
f 3518/4774/1055 3516/4772/1056 3564/4796/1056 3566/4800/1055
f 3517/4773/1057 3515/4771/1058 3563/4794/1058 3565/4798/1057
f 3516/4772/1056 3514/4770/1059 3562/4792/1059 3564/4796/1056
f 3515/4771/1058 3513/4769/1061 3561/4790/1061 3563/4794/1058
f 3514/4770/1059 3512/4768/1060 3560/4786/1060 3562/4792/1059
f 3513/4769/1061 3511/4766/1063 3559/4782/1063 3561/4790/1061
f 3512/4768/1060 3525/4767/1062 3573/4787/1062 3560/4786/1060
f 3511/4766/1063 3524/4765/1065 3572/4783/1065 3559/4782/1063
f 3591/4816/1081 3604/4817/1401 3588/4748/1401 3575/4764/1081
f 3592/4818/1424 3605/4819/1082 3589/4763/1082 3576/4760/1424
f 3605/4819/1082 3606/4820/1399 3590/4762/1399 3589/4763/1082
f 3593/4821/1083 3591/4822/1081 3575/4761/1081 3577/4759/1083
f 3594/4823/1086 3592/4818/1424 3576/4760/1424 3578/4758/1086
f 3595/4824/1085 3593/4821/1083 3577/4759/1083 3579/4757/1085
f 3596/4825/1425 3594/4823/1086 3578/4758/1086 3580/4756/1425
f 3597/4826/1402 3595/4824/1085 3579/4757/1085 3581/4755/1402
f 3598/4827/1074 3596/4825/1425 3580/4756/1425 3582/4754/1074
f 3599/4828/1071 3597/4826/1402 3581/4755/1402 3583/4753/1071
f 3600/4829/1415 3598/4827/1074 3582/4754/1074 3584/4752/1415
f 3601/4830/1076 3599/4828/1071 3583/4753/1071 3585/4751/1076
f 3602/4831/1077 3600/4829/1415 3584/4752/1415 3586/4749/1077
f 3603/4832/1078 3601/4830/1076 3585/4751/1076 3587/4750/1078
f 3604/4817/1401 3602/4831/1077 3586/4749/1077 3588/4748/1401
f 3606/4820/1399 3603/4832/1078 3587/4750/1078 3590/4762/1399
f 3622/4833/1095 3619/4834/1097 3603/4832/1097 3606/4820/1095
f 3620/4835/1096 3618/4836/1098 3602/4831/1098 3604/4817/1096
f 3619/4834/1097 3617/4837/1099 3601/4830/1099 3603/4832/1097
f 3618/4836/1098 3616/4838/1100 3600/4829/1100 3602/4831/1098
f 3617/4837/1099 3615/4839/1101 3599/4828/1101 3601/4830/1099
f 3616/4838/1100 3614/4840/1102 3598/4827/1102 3600/4829/1100
f 3615/4839/1101 3613/4841/1089 3597/4826/1089 3599/4828/1101
f 3614/4840/1102 3612/4842/1087 3596/4825/1087 3598/4827/1102
f 3613/4841/1089 3611/4843/1090 3595/4824/1090 3597/4826/1089
f 3612/4842/1087 3610/4844/1088 3594/4823/1088 3596/4825/1087
f 3611/4843/1090 3609/4845/1092 3593/4821/1092 3595/4824/1090
f 3610/4844/1088 3608/4846/1091 3592/4818/1091 3594/4823/1088
f 3609/4845/1092 3607/4847/1094 3591/4822/1094 3593/4821/1092
f 3621/4848/1093 3622/4833/1095 3606/4820/1095 3605/4819/1093
f 3608/4846/1091 3621/4848/1093 3605/4819/1093 3592/4818/1091
f 3607/4849/1094 3620/4835/1096 3604/4817/1096 3591/4816/1094
f 3645/4850/1113 3640/4851/1111 3620/4852/1111 3607/4853/1113
f 3647/4854/1116 3642/4855/1114 3621/4856/1114 3608/4857/1116
f 3642/4855/1114 3644/4858/1112 3622/4859/1112 3621/4856/1114
f 3649/4860/1115 3645/4861/1113 3607/4862/1113 3609/4863/1115
f 3651/4864/1118 3647/4854/1116 3608/4857/1116 3610/4865/1118
f 3653/4866/1117 3649/4860/1115 3609/4863/1115 3611/4867/1117
f 3655/4868/1107 3651/4864/1118 3610/4865/1118 3612/4869/1107
f 3657/4870/1104 3653/4866/1117 3611/4867/1117 3613/4871/1104
f 3659/4872/1106 3655/4868/1107 3612/4869/1107 3614/4873/1106
f 3661/4874/1103 3657/4870/1104 3613/4871/1104 3615/4875/1103
f 3663/4876/1105 3659/4872/1106 3614/4873/1106 3616/4877/1105
f 3665/4878/1108 3661/4874/1103 3615/4875/1103 3617/4879/1108
f 3667/4880/1109 3663/4876/1105 3616/4877/1105 3618/4881/1109
f 3669/4882/1110 3665/4878/1108 3617/4879/1108 3619/4883/1110
f 3640/4851/1111 3667/4880/1109 3618/4881/1109 3620/4852/1111
f 3644/4858/1112 3669/4882/1110 3619/4883/1110 3622/4859/1112
f 3366/4884/1095 3365/4885/1097 3635/4886/1097 3638/4887/1095
f 3358/4888/1096 3357/4889/1098 3634/4890/1098 3636/4891/1096
f 3365/4885/1097 3364/4892/1099 3633/4893/1099 3635/4886/1097
f 3357/4889/1098 3356/4894/1100 3632/4895/1100 3634/4890/1098
f 3364/4892/1099 3363/4896/1101 3631/4897/1101 3633/4893/1099
f 3356/4894/1100 3355/4898/1102 3630/4899/1102 3632/4895/1100
f 3363/4896/1101 3362/4900/1089 3629/4901/1089 3631/4897/1101
f 3355/4898/1102 3354/4902/1087 3628/4903/1087 3630/4899/1102
f 3362/4900/1089 3361/4904/1090 3627/4905/1090 3629/4901/1089
f 3354/4902/1087 3353/4906/1088 3626/4907/1088 3628/4903/1087
f 3361/4904/1090 3360/4908/1092 3625/4909/1092 3627/4905/1090
f 3353/4906/1088 3351/4910/1091 3624/4911/1091 3626/4907/1088
f 3360/4908/1092 3359/4912/1094 3623/4913/1094 3625/4909/1092
f 3352/4914/1093 3366/4884/1095 3638/4887/1095 3637/4915/1093
f 3351/4910/1091 3352/4914/1093 3637/4915/1093 3624/4911/1091
f 3359/4916/1094 3358/4888/1096 3636/4891/1096 3623/4917/1094
f 3638/4918/1135 3635/4919/1139 3670/4920/1139 3643/4921/1135
f 3643/4921/1136 3670/4920/1140 3669/4882/1140 3644/4858/1136
f 3636/4922/1137 3634/4923/1141 3668/4924/1141 3639/4925/1137
f 3639/4925/1138 3668/4924/1142 3667/4880/1142 3640/4851/1138
f 3635/4919/1139 3633/4926/1143 3666/4927/1143 3670/4920/1139
f 3670/4920/1140 3666/4927/1144 3665/4878/1144 3669/4882/1140
f 3634/4923/1141 3632/4928/1145 3664/4929/1145 3668/4924/1141
f 3668/4924/1142 3664/4929/1146 3663/4876/1146 3667/4880/1142
f 3633/4926/1143 3631/4930/1147 3662/4931/1147 3666/4927/1143
f 3666/4927/1144 3662/4931/1148 3661/4874/1148 3665/4878/1144
f 3632/4928/1145 3630/4932/1149 3660/4933/1149 3664/4929/1145
f 3664/4929/1146 3660/4933/1150 3659/4872/1150 3663/4876/1146
f 3631/4930/1147 3629/4934/1123 3658/4935/1123 3662/4931/1147
f 3662/4931/1148 3658/4935/1125 3657/4870/1125 3661/4874/1148
f 3630/4932/1149 3628/4936/1119 3656/4937/1119 3660/4933/1149
f 3660/4933/1150 3656/4937/1121 3655/4868/1121 3659/4872/1150
f 3629/4934/1123 3627/4938/1124 3654/4939/1124 3658/4935/1123
f 3658/4935/1125 3654/4939/1126 3653/4866/1126 3657/4870/1125
f 3628/4936/1119 3626/4940/1120 3652/4941/1120 3656/4937/1119
f 3656/4937/1121 3652/4941/1122 3651/4864/1122 3655/4868/1121
f 3627/4938/1124 3625/4942/1129 3650/4943/1129 3654/4939/1124
f 3654/4939/1126 3650/4943/1130 3649/4860/1130 3653/4866/1126
f 3626/4940/1120 3624/4944/1127 3648/4945/1127 3652/4941/1120
f 3652/4941/1122 3648/4945/1128 3647/4854/1128 3651/4864/1122
f 3625/4942/1129 3623/4946/1133 3646/4947/1133 3650/4943/1129
f 3650/4943/1130 3646/4947/1134 3645/4861/1134 3649/4860/1130
f 3637/4948/1131 3638/4918/1135 3643/4921/1135 3641/4949/1131
f 3641/4949/1132 3643/4921/1136 3644/4858/1136 3642/4855/1132
f 3624/4944/1127 3637/4948/1131 3641/4949/1131 3648/4945/1127
f 3648/4945/1128 3641/4949/1132 3642/4855/1132 3647/4854/1128
f 3623/4950/1133 3636/4922/1137 3639/4925/1137 3646/4951/1133
f 3646/4951/1134 3639/4925/1138 3640/4851/1138 3645/4850/1134
f 3321/4952/1164 3319/4953/1163 3671/4485/1163 3672/4488/1164
f 3323/4954/1165 3321/4952/1164 3672/4488/1164 3673/4490/1165
f 3325/4955/1166 3323/4954/1165 3673/4490/1165 3674/4492/1166
f 3327/4956/1152 3325/4955/1166 3674/4492/1166 3675/4494/1152
f 3329/4957/1151 3327/4956/1152 3675/4494/1152 3676/4496/1151
f 3331/4958/1153 3329/4957/1151 3676/4496/1151 3677/4498/1153
f 3333/4959/1154 3331/4958/1153 3677/4498/1153 3678/4500/1154
f 3335/4960/1155 3333/4959/1154 3678/4500/1154 3679/4502/1155
f 3337/4961/1156 3335/4962/1155 3679/4503/1155 3680/4506/1156
f 3339/4963/1157 3337/4961/1156 3680/4506/1156 3681/4508/1157
f 3341/4964/1158 3339/4963/1157 3681/4508/1157 3682/4510/1158
f 3343/4965/1159 3341/4964/1158 3682/4510/1158 3683/4512/1159
f 3345/4966/1160 3343/4965/1159 3683/4512/1159 3684/4514/1160
f 3347/4967/1161 3345/4966/1160 3684/4514/1160 3685/4516/1161
f 3349/4968/1162 3347/4967/1161 3685/4516/1161 3686/4520/1162
f 3319/4953/1163 3349/4968/1162 3686/4520/1162 3671/4485/1163
f 3720/4969/1178 3719/4970/1180 3715/4971/1180 3714/4972/1178
f 3331/4973/38 3333/4974/436 3694/4975/436 3693/4976/38
f 3347/4522/121 3349/4977/440 3702/4978/440 3701/4523/121
f 3333/4974/436 3335/4979/257 3695/4980/257 3694/4975/436
f 3319/4981/117 3321/4982/441 3688/4983/441 3687/4984/117
f 3349/4977/440 3319/4981/117 3687/4984/117 3702/4978/440
f 3335/4985/257 3337/4986/437 3696/4987/437 3695/4988/257
f 3321/4982/441 3323/4989/45 3689/4990/45 3688/4983/441
f 3337/4986/437 3339/4991/193 3697/4992/193 3696/4987/437
f 3323/4989/45 3325/4993/442 3690/4994/442 3689/4990/45
f 3339/4991/193 3341/4995/438 3698/4996/438 3697/4992/193
f 3325/4993/442 3327/4997/41 3691/4998/41 3690/4994/442
f 3341/4995/438 3343/4999/189 3699/5000/189 3698/4996/438
f 3327/4997/41 3329/5001/435 3692/5002/435 3691/4998/41
f 3343/4999/189 3345/4521/439 3700/4524/439 3699/5000/189
f 3329/5001/435 3331/4973/38 3693/4976/38 3692/5002/435
f 3892/5003/1279 3879/5004/1283 3790/5005/1284 3789/5006/1280
f 3722/5007/1181 3721/5008/1182 3708/5009/1182 3707/5010/1181
f 3719/4970/1180 3723/5011/1183 3716/5012/1183 3715/4971/1180
f 3721/5008/1182 3724/5013/1184 3709/5014/1184 3708/5009/1182
f 3723/5011/1183 3725/5015/1185 3717/5016/1185 3716/5012/1183
f 3724/5013/1184 3726/5017/1186 3710/5018/1186 3709/5014/1184
f 3725/5015/1185 3727/5019/1167 3718/5020/1167 3717/5016/1185
f 3726/5017/1186 3728/5021/1173 3711/5022/1173 3710/5018/1186
f 3730/5023/1168 3729/5024/1175 3704/5025/1175 3703/5026/1168
f 3727/5019/1167 3730/5023/1168 3703/5026/1168 3718/5020/1167
f 3728/5027/1173 3731/5028/1174 3712/5029/1174 3711/5030/1173
f 3729/5024/1175 3732/5031/1177 3705/5032/1177 3704/5025/1175
f 3731/5028/1174 3733/5033/1176 3713/5034/1176 3712/5029/1174
f 3732/5031/1177 3734/5035/1179 3706/5036/1179 3705/5032/1177
f 3733/5033/1176 3720/4969/1178 3714/4972/1178 3713/5034/1176
f 3734/5035/1179 3722/5007/1181 3707/5010/1181 3706/5036/1179
f 3779/5037/1195 3781/5038/1196 3722/5007/1196 3734/5035/1195
f 3778/5039/1199 3780/5040/1197 3720/4969/1197 3733/5033/1199
f 3777/5041/1198 3779/5037/1195 3734/5035/1195 3732/5031/1198
f 3776/5042/1201 3778/5039/1199 3733/5033/1199 3731/5028/1201
f 3775/5043/1200 3777/5041/1198 3732/5031/1198 3729/5024/1200
f 3774/5044/1188 3776/5042/1201 3731/5028/1201 3728/5027/1188
f 3773/5045/1190 3782/5046/1202 3730/5023/1202 3727/5019/1190
f 3782/5046/1202 3775/5043/1200 3729/5024/1200 3730/5023/1202
f 3772/5047/1187 3774/5048/1188 3728/5021/1188 3726/5017/1187
f 3771/5049/1189 3773/5045/1190 3727/5019/1190 3725/5015/1189
f 3770/5050/1191 3772/5047/1187 3726/5017/1187 3724/5013/1191
f 3769/5051/1192 3771/5049/1189 3725/5015/1189 3723/5011/1192
f 3768/5052/1193 3770/5050/1191 3724/5013/1191 3721/5008/1193
f 3767/5053/1194 3769/5051/1192 3723/5011/1192 3719/4970/1194
f 3781/5038/1196 3768/5052/1193 3721/5008/1193 3722/5007/1196
f 3780/5040/1197 3767/5053/1194 3719/4970/1194 3720/4969/1197
f 3751/5054/1217 3754/5055/1221 3738/5056/1222 3735/5057/1218
f 3752/5058/1223 3755/5059/1224 3739/5060/1225 3736/5061/1226
f 3754/5055/1221 3756/5062/1227 3740/5063/1228 3738/5056/1222
f 3755/5059/1224 3757/5064/1229 3741/5065/1230 3739/5060/1225
f 3756/5062/1227 3758/5066/1231 3742/5067/1232 3740/5063/1228
f 3757/5064/1229 3759/5068/1233 3743/5069/1234 3741/5065/1230
f 3758/5066/1231 3760/5070/1203 3744/5071/1206 3742/5067/1232
f 3759/5068/1233 3761/5072/1207 3745/5073/1210 3743/5069/1234
f 3753/5074/1204 3762/5075/1211 3746/5076/1212 3737/5077/1205
f 3760/5070/1203 3753/5074/1204 3737/5077/1205 3744/5071/1206
f 3761/5078/1207 3763/5079/1208 3747/5080/1209 3745/5081/1210
f 3762/5075/1211 3764/5082/1215 3748/5083/1216 3746/5076/1212
f 3763/5079/1208 3765/5084/1213 3749/5085/1214 3747/5080/1209
f 3764/5082/1215 3766/5086/1219 3750/5087/1220 3748/5083/1216
f 3765/5084/1213 3751/5054/1217 3735/5057/1218 3749/5085/1214
f 3766/5086/1219 3752/5058/1223 3736/5061/1226 3750/5087/1220
f 3690/4994/1243 3691/4998/1244 3752/5058/1244 3766/5086/1243
f 3697/4992/1247 3698/4996/1245 3751/5054/1245 3765/5084/1247
f 3689/4990/1246 3690/4994/1243 3766/5086/1243 3764/5082/1246
f 3696/4987/1249 3697/4992/1247 3765/5084/1247 3763/5079/1249
f 3688/4983/1248 3689/4990/1246 3764/5082/1246 3762/5075/1248
f 3695/4988/1236 3696/4987/1249 3763/5079/1249 3761/5078/1236
f 3702/4978/1238 3687/4984/1250 3753/5074/1250 3760/5070/1238
f 3687/4984/1250 3688/4983/1248 3762/5075/1248 3753/5074/1250
f 3694/4975/1235 3695/4980/1236 3761/5072/1236 3759/5068/1235
f 3701/4523/1237 3702/4978/1238 3760/5070/1238 3758/5066/1237
f 3693/4976/1239 3694/4975/1235 3759/5068/1235 3757/5064/1239
f 3700/4524/1240 3701/4523/1237 3758/5066/1237 3756/5062/1240
f 3692/5002/1241 3693/4976/1239 3757/5064/1239 3755/5059/1241
f 3699/5000/1242 3700/4524/1240 3756/5062/1240 3754/5055/1242
f 3691/4998/1244 3692/5002/1241 3755/5059/1241 3752/5058/1244
f 3698/4996/1245 3699/5000/1242 3754/5055/1242 3751/5054/1245
f 3735/5057/1218 3738/5056/1222 3767/5053/1260 3780/5040/1258
f 3736/5061/1226 3739/5060/1225 3768/5052/1261 3781/5038/1262
f 3738/5056/1222 3740/5063/1228 3769/5051/1263 3767/5053/1260
f 3739/5060/1225 3741/5065/1230 3770/5050/1264 3768/5052/1261
f 3740/5063/1228 3742/5067/1232 3771/5049/1265 3769/5051/1263
f 3741/5065/1230 3743/5069/1234 3772/5047/1266 3770/5050/1264
f 3742/5067/1232 3744/5071/1206 3773/5045/1252 3771/5049/1265
f 3743/5069/1234 3745/5073/1210 3774/5048/1254 3772/5047/1266
f 3737/5077/1205 3746/5076/1212 3775/5043/1255 3782/5046/1251
f 3744/5071/1206 3737/5077/1205 3782/5046/1251 3773/5045/1252
f 3745/5081/1210 3747/5080/1209 3776/5042/1253 3774/5044/1254
f 3746/5076/1212 3748/5083/1216 3777/5041/1257 3775/5043/1255
f 3747/5080/1209 3749/5085/1214 3778/5039/1256 3776/5042/1253
f 3748/5083/1216 3750/5087/1220 3779/5037/1259 3777/5041/1257
f 3749/5085/1214 3735/5057/1218 3780/5040/1258 3778/5039/1256
f 3750/5087/1220 3736/5061/1226 3781/5038/1262 3779/5037/1259
f 3893/5088/1281 3880/5089/1285 3798/5090/1286 3797/5091/1282
f 3879/5004/1283 3881/5092/1287 3791/5093/1288 3790/5005/1284
f 3894/5094/1289 3882/5095/1293 3784/5096/1294 3783/5097/1290
f 3880/5089/1285 3894/5094/1289 3783/5097/1290 3798/5090/1286
f 3881/5098/1287 3883/5099/1291 3792/5100/1292 3791/5101/1288
f 3882/5095/1293 3884/5102/1267 3785/5103/1270 3784/5096/1294
f 3883/5099/1291 3885/5104/1169 3793/5105/1172 3792/5100/1292
f 3884/5102/1267 3886/5106/1268 3786/5107/1269 3785/5103/1270
f 3885/5104/1169 3887/5108/1170 3794/5109/1171 3793/5105/1172
f 3886/5106/1268 3888/5110/1273 3787/5111/1276 3786/5107/1269
f 3887/5108/1170 3889/5112/1271 3795/5113/1272 3794/5109/1171
f 3888/5110/1273 3890/5114/1274 3788/5115/1275 3787/5111/1276
f 3889/5112/1271 3891/5116/1277 3796/5117/1278 3795/5113/1272
f 3890/5114/1274 3892/5003/1279 3789/5006/1280 3788/5115/1275
f 3891/5116/1277 3893/5088/1281 3797/5091/1282 3796/5117/1278
f 3878/5118/1335 3864/5119/1327 3806/5120/1328 3829/5121/1336
f 3862/5122/1337 3837/5123/1329 3805/5124/1330 3830/5125/1338
f 3877/5126/1339 3863/5127/1331 3802/5128/1332 3827/5129/1340
f 3860/5130/1341 3833/5131/1333 3801/5132/1334 3828/5133/1342
f 3876/5134/1343 3878/5118/1335 3829/5121/1336 3825/5135/1344
f 3858/5136/1345 3862/5122/1337 3830/5125/1338 3826/5137/1346
f 3875/5138/1405 3877/5126/1339 3827/5129/1340 3823/5139/1349
f 3856/5140/1352 3860/5130/1341 3828/5133/1342 3824/5141/1353
f 3874/5142/1355 3876/5134/1343 3825/5135/1344 3821/5143/1356
f 3854/5144/1357 3858/5136/1345 3826/5137/1346 3822/5145/1358
f 3873/5146/1347 3875/5138/1405 3823/5139/1349 3819/5147/1350
f 3852/5148/1351 3856/5140/1352 3824/5141/1353 3820/5149/1354
f 3872/5150/1304 3874/5142/1355 3821/5143/1356 3817/5151/1305
f 3850/5152/1308 3854/5144/1357 3822/5145/1358 3818/5153/1309
f 3871/5154/1296 3873/5146/1347 3819/5147/1350 3815/5155/1297
f 3848/5156/1300 3852/5148/1351 3820/5149/1354 3816/5157/1301
f 3870/5158/1416 3872/5150/1304 3817/5151/1305 3813/5159/1306
f 3846/5160/1307 3850/5152/1308 3818/5153/1309 3814/5161/1310
f 3869/5162/1295 3871/5154/1296 3815/5155/1297 3809/5163/1298
f 3842/5164/1299 3848/5156/1300 3816/5157/1301 3810/5165/1302
f 3868/5166/1417 3870/5158/1416 3813/5159/1306 3807/5167/1316
f 3840/5168/1317 3846/5160/1307 3814/5161/1310 3808/5169/1318
f 3867/5170/1319 3865/5171/1311 3812/5172/1312 3803/5173/1320
f 3836/5174/1321 3843/5175/1313 3811/5176/1314 3804/5177/1322
f 3865/5171/1311 3869/5162/1295 3809/5163/1298 3812/5172/1312
f 3843/5175/1313 3842/5164/1299 3810/5165/1302 3811/5176/1314
f 3866/5178/1409 3868/5179/1417 3807/5180/1316 3799/5181/1324
f 3832/5182/1325 3840/5183/1317 3808/5184/1318 3800/5185/1326
f 3864/5119/1327 3867/5170/1319 3803/5173/1320 3806/5120/1328
f 3837/5123/1329 3836/5174/1321 3804/5177/1322 3805/5124/1330
f 3863/5127/1331 3866/5178/1409 3799/5181/1324 3802/5128/1332
f 3833/5131/1333 3832/5182/1325 3800/5185/1326 3801/5132/1334
f 3802/5128/1332 3799/5181/1324 3831/5186/1369 3834/5187/1367
f 3834/5187/1367 3831/5186/1369 3832/5182/1325 3833/5131/1333
f 3806/5120/1328 3803/5173/1320 3835/5188/1370 3838/5189/1368
f 3838/5189/1368 3835/5188/1370 3836/5174/1321 3837/5123/1329
f 3799/5181/1324 3807/5180/1316 3839/5190/1371 3831/5186/1369
f 3831/5186/1369 3839/5190/1371 3840/5183/1317 3832/5182/1325
f 3812/5172/1312 3809/5163/1298 3841/5191/1374 3844/5192/1372
f 3844/5192/1372 3841/5191/1374 3842/5164/1299 3843/5175/1313
f 3803/5173/1320 3812/5172/1312 3844/5192/1372 3835/5188/1370
f 3835/5188/1370 3844/5192/1372 3843/5175/1313 3836/5174/1321
f 3807/5167/1316 3813/5159/1306 3845/5193/1373 3839/5194/1371
f 3839/5194/1371 3845/5193/1373 3846/5160/1307 3840/5168/1317
f 3809/5163/1298 3815/5155/1297 3847/5195/1362 3841/5191/1374
f 3841/5191/1374 3847/5195/1362 3848/5156/1300 3842/5164/1299
f 3813/5159/1306 3817/5151/1305 3849/5196/1360 3845/5193/1373
f 3845/5193/1373 3849/5196/1360 3850/5152/1308 3846/5160/1307
f 3815/5155/1297 3819/5147/1350 3851/5197/1361 3847/5195/1362
f 3847/5195/1362 3851/5197/1361 3852/5148/1351 3848/5156/1300
f 3817/5151/1305 3821/5143/1356 3853/5198/1359 3849/5196/1360
f 3849/5196/1360 3853/5198/1359 3854/5144/1357 3850/5152/1308
f 3819/5147/1350 3823/5139/1349 3855/5199/1365 3851/5197/1361
f 3851/5197/1361 3855/5199/1365 3856/5140/1352 3852/5148/1351
f 3821/5143/1356 3825/5135/1344 3857/5200/1363 3853/5198/1359
f 3853/5198/1359 3857/5200/1363 3858/5136/1345 3854/5144/1357
f 3823/5139/1349 3827/5129/1340 3859/5201/1364 3855/5199/1365
f 3855/5199/1365 3859/5201/1364 3860/5130/1341 3856/5140/1352
f 3825/5135/1344 3829/5121/1336 3861/5202/1366 3857/5200/1363
f 3857/5200/1363 3861/5202/1366 3862/5122/1337 3858/5136/1345
f 3827/5129/1340 3802/5128/1332 3834/5187/1367 3859/5201/1364
f 3859/5201/1364 3834/5187/1367 3833/5131/1333 3860/5130/1341
f 3829/5121/1336 3806/5120/1328 3838/5189/1368 3861/5202/1366
f 3861/5202/1366 3838/5189/1368 3837/5123/1329 3862/5122/1337
f 3709/5203/1383 3710/5204/1385 3866/5178/1409 3863/5127/1331
f 3717/5205/1384 3718/5206/1386 3867/5170/1319 3864/5119/1327
f 3710/5204/1385 3711/5207/1387 3868/5179/1417 3866/5178/1409
f 3703/5208/1388 3704/5209/1390 3869/5162/1295 3865/5171/1311
f 3718/5206/1386 3703/5208/1388 3865/5171/1311 3867/5170/1319
f 3711/5210/1387 3712/5211/1389 3870/5158/1416 3868/5166/1417
f 3704/5209/1390 3705/5212/1377 3871/5154/1296 3869/5162/1295
f 3712/5211/1389 3713/5213/1375 3872/5150/1304 3870/5158/1416
f 3705/5212/1377 3706/5214/1378 3873/5146/1347 3871/5154/1296
f 3713/5213/1375 3714/5215/1376 3874/5142/1355 3872/5150/1304
f 3706/5214/1378 3707/5216/1380 3875/5138/1405 3873/5146/1347
f 3714/5215/1376 3715/5217/1379 3876/5134/1343 3874/5142/1355
f 3707/5216/1380 3708/5218/1381 3877/5126/1339 3875/5138/1405
f 3715/5217/1379 3716/5219/1382 3878/5118/1335 3876/5134/1343
f 3708/5218/1381 3709/5203/1383 3863/5127/1331 3877/5126/1339
f 3716/5219/1382 3717/5205/1384 3864/5119/1327 3878/5118/1335
f 3830/5125/1338 3805/5124/1330 3893/5088/1281 3891/5116/1277
f 3828/5133/1342 3801/5132/1334 3892/5003/1279 3890/5114/1274
f 3826/5137/1346 3830/5125/1338 3891/5116/1277 3889/5112/1271
f 3824/5141/1353 3828/5133/1342 3890/5114/1274 3888/5110/1273
f 3822/5145/1358 3826/5137/1346 3889/5112/1271 3887/5108/1170
f 3820/5149/1354 3824/5141/1353 3888/5110/1273 3886/5106/1268
f 3818/5153/1309 3822/5145/1358 3887/5108/1170 3885/5104/1169
f 3816/5157/1301 3820/5149/1354 3886/5106/1268 3884/5102/1267
f 3814/5161/1310 3818/5153/1309 3885/5104/1169 3883/5099/1291
f 3810/5165/1302 3816/5157/1301 3884/5102/1267 3882/5095/1293
f 3808/5169/1318 3814/5161/1310 3883/5099/1291 3881/5098/1287
f 3804/5177/1322 3811/5176/1314 3894/5094/1289 3880/5089/1285
f 3811/5176/1314 3810/5165/1302 3882/5095/1293 3894/5094/1289
f 3800/5185/1326 3808/5184/1318 3881/5092/1287 3879/5004/1283
f 3805/5124/1330 3804/5177/1322 3880/5089/1285 3893/5088/1281
f 3801/5132/1334 3800/5185/1326 3879/5004/1283 3892/5003/1279
f 3910/5220/440 3909/5221/121 3925/5222/121 3926/5223/440
f 3405/5224/313 3404/5225/313 3900/5226/313 3901/5227/313
f 3413/5228/313 3412/4612/313 3908/4615/313 3909/5221/313
f 3406/5229/313 3405/5224/313 3901/5227/313 3902/5230/313
f 3414/5231/313 3413/5228/313 3909/5221/313 3910/5220/313
f 3407/5232/313 3406/5229/313 3902/5230/313 3903/5233/313
f 3399/5234/313 3400/5235/313 3896/5236/313 3895/5237/313
f 3400/5235/313 3414/5231/313 3910/5220/313 3896/5236/313
f 3408/5238/313 3407/5239/313 3903/5240/313 3904/5241/313
f 3401/5242/313 3399/5234/313 3895/5237/313 3897/5243/313
f 3409/5244/313 3408/5238/313 3904/5241/313 3905/5245/313
f 3402/5246/313 3401/5242/313 3897/5243/313 3898/5247/313
f 3410/5248/313 3409/5244/313 3905/5245/313 3906/5249/313
f 3403/5250/313 3402/5246/313 3898/5247/313 3899/5251/313
f 3411/4613/313 3410/5248/313 3906/5249/313 3907/4614/313
f 3404/5225/313 3403/5250/313 3899/5251/313 3900/5226/313
f 3510/4576/1000 3497/4552/998 3590/4762/998 3587/4750/1000
f 3903/5233/257 3902/5230/436 3918/5252/436 3919/5253/257
f 3895/5237/441 3896/5236/117 3912/5254/117 3911/5255/441
f 3896/5236/117 3910/5220/440 3926/5223/440 3912/5254/117
f 3904/5241/437 3903/5240/257 3919/5256/257 3920/5257/437
f 3897/5243/45 3895/5237/441 3911/5255/441 3913/5258/45
f 3905/5245/193 3904/5241/437 3920/5257/437 3921/5259/193
f 3898/5247/442 3897/5243/45 3913/5258/45 3914/5260/442
f 3906/5249/438 3905/5245/193 3921/5259/193 3922/5261/438
f 3899/5251/41 3898/5247/442 3914/5260/442 3915/5262/41
f 3907/4614/189 3906/5249/438 3922/5261/438 3923/5263/189
f 3900/5226/435 3899/5251/41 3915/5262/41 3916/5264/435
f 3908/4615/439 3907/4614/189 3923/5263/189 3924/5265/439
f 3901/5227/38 3900/5226/435 3916/5264/435 3917/5266/38
f 3909/5221/121 3908/4615/439 3924/5265/439 3925/5222/121
f 3902/5230/436 3901/5227/38 3917/5266/38 3918/5252/436
f 3952/4731/984 3955/4733/982 3956/4703/964 3951/4728/960
f 3950/4735/987 3953/4734/985 3954/4699/958 3949/4730/954
f 3948/4736/990 3957/4732/986 3958/4727/956 3947/4722/952
f 3957/4732/986 3952/4731/984 3951/4728/960 3958/4727/956
f 3946/4738/988 3950/4737/987 3949/4724/954 3945/4720/950
f 3944/4739/989 3948/4736/990 3947/4722/952 3943/4718/946
f 3942/4740/977 3946/4738/988 3945/4720/950 3941/4716/949
f 3940/4741/978 3944/4739/989 3943/4718/946 3939/4714/945
f 3938/4742/975 3942/4740/977 3941/4716/949 3937/4712/974
f 3936/4743/979 3940/4741/978 3939/4714/945 3935/4710/970
f 3934/4744/976 3938/4742/975 3937/4712/974 3933/4708/973
f 3932/4747/981 3936/4743/979 3935/4710/970 3931/4706/966
f 3930/4745/980 3934/4744/976 3933/4708/973 3929/4704/968
f 3928/4746/983 3932/4747/981 3931/4706/966 3927/4700/962
f 3955/4733/982 3930/4745/980 3929/4704/968 3956/4703/964
f 3953/4734/985 3928/4746/983 3927/4700/962 3954/4699/958
f 3932/4747/981 3928/4746/983 3479/4695/911 3481/4691/907
f 3785/5267/1270 3786/5268/1269 3959/5269/313 3784/5270/1294
f 3786/5268/1269 3787/5271/1276 3962/5272/313 3959/5269/313
f 3787/5271/1276 3788/5273/1275 3965/5274/313 3962/5272/313
f 3788/5273/1275 3789/5275/1280 3790/5276/1284 3965/5274/313
f 3784/5270/1294 3959/5269/313 3960/5277/313 3783/5278/1290
f 3959/5269/313 3962/5272/313 3963/5279/313 3960/5277/313
f 3962/5272/313 3965/5274/313 3966/5280/313 3963/5279/313
f 3965/5274/313 3790/5276/1284 3791/5281/1288 3966/5280/313
f 3783/5278/1290 3960/5277/313 3961/5282/313 3798/5283/1286
f 3960/5277/313 3963/5279/313 3964/5284/313 3961/5282/313
f 3963/5279/313 3966/5280/313 3967/5285/313 3964/5284/313
f 3966/5280/313 3791/5281/1288 3792/5286/1292 3967/5285/313
f 3798/5283/1286 3961/5282/313 3796/5287/1278 3797/5288/1282
f 3961/5282/313 3964/5284/313 3795/5289/1272 3796/5287/1278
f 3964/5284/313 3967/5285/313 3794/5290/1171 3795/5289/1272
f 3967/5285/313 3792/5286/1292 3793/5291/1172 3794/5290/1171
