# Blender 4.0.2
# www.blender.org
o clothes_peg
v -0.002712 0.009678 0.006070
v 0.002712 0.009678 0.006070
v -0.002712 -0.026149 0.000073
v -0.002712 -0.026149 0.005658
v 0.002712 -0.026149 0.000073
v 0.002712 -0.026149 0.005658
v 0.002712 -0.030052 0.005658
v 0.002712 -0.030052 0.003555
v -0.002712 -0.030052 0.003555
v -0.002712 -0.030052 0.005658
v 0.002712 0.039960 0.004705
v -0.002712 0.039960 0.004705
v -0.002712 0.039507 0.006146
v 0.002712 0.039507 0.006146
v 0.002712 -0.010284 0.000073
v 0.002712 -0.010284 0.005847
v -0.002712 -0.010284 0.000073
v -0.002712 -0.010284 0.005847
v 0.002712 -0.018629 0.005748
v -0.002712 -0.018629 0.000073
v 0.002712 -0.018629 0.000073
v -0.002712 -0.018629 0.005748
v 0.002712 -0.016543 0.001573
v 0.002712 -0.014456 0.002057
v 0.002712 -0.012370 0.001573
v -0.002712 -0.016543 0.005772
v -0.002712 -0.014456 0.005797
v -0.002712 -0.012370 0.005822
v 0.002712 -0.012370 0.005822
v 0.002712 -0.014456 0.005797
v 0.002712 -0.016543 0.005772
v -0.002712 -0.012370 0.001573
v -0.002712 -0.014456 0.002057
v -0.002712 -0.016543 0.001573
v -0.002712 0.009956 0.004299
v 0.002712 0.009956 0.004299
v 0.002712 -0.026149 0.003593
v -0.002712 -0.026149 0.003593
v 0.002712 -0.030052 0.004607
v -0.002712 -0.030052 0.004607
v -0.002712 0.039734 0.005426
v 0.002712 0.039734 0.005426
v -0.002712 -0.010284 0.003593
v 0.002712 -0.010284 0.003593
v -0.002712 -0.018629 0.003593
v 0.002712 -0.018629 0.003593
v 0.002712 -0.012370 0.003593
v 0.002712 -0.014456 0.003593
v 0.002712 -0.016543 0.003593
v -0.002712 -0.016543 0.003593
v -0.002712 -0.014456 0.003593
v -0.002712 -0.012370 0.003593
v 0.002712 0.002591 0.000075
v -0.002712 0.002576 0.006000
v 0.002712 0.002576 0.006000
v -0.002712 0.002591 0.000075
v 0.002712 0.002576 0.004299
v -0.002712 0.002576 0.004299
v 0.002712 -0.002335 0.005941
v -0.002712 -0.002335 0.000073
v 0.002712 -0.002335 0.004299
v 0.002712 -0.002335 0.000073
v -0.002712 -0.002335 0.005941
v -0.002712 -0.002335 0.004299
v -0.002712 0.014764 0.000949
v -0.002712 0.008888 0.000096
v 0.002712 0.008888 0.000096
v 0.002712 0.014764 0.000949
v -0.002712 -0.004690 0.000073
v 0.002712 0.013680 0.002257
v 0.002712 0.012023 0.002894
v 0.002712 0.010243 0.002336
v 0.002712 0.009317 0.001221
v 0.002712 -0.004690 0.000073
v -0.002712 0.013680 0.002257
v -0.002712 0.012023 0.002894
v -0.002712 0.010243 0.002336
v -0.002712 0.009317 0.001221
v -0.002712 0.001010 0.000725
v -0.002712 0.001311 0.000073
v -0.002712 -0.000739 0.000073
v -0.002712 -0.000439 0.000725
v -0.002712 0.000286 0.001025
v 0.002712 0.001311 0.000073
v 0.002712 0.001010 0.000725
v 0.002712 -0.000439 0.000725
v 0.002712 -0.000739 0.000073
v 0.002712 0.000286 0.001025
v -0.002712 -0.004690 0.004457
v -0.002712 -0.004690 0.005913
v 0.002712 -0.004690 0.005913
v 0.002712 -0.004690 0.004457
v -0.002712 -0.006578 0.004446
v 0.002712 -0.006578 0.005891
v 0.002712 -0.006578 0.000073
v -0.002712 -0.006578 0.005891
v -0.002712 -0.006578 0.000073
v 0.002712 -0.006578 0.004446
v 0.002712 0.000193 0.004299
v 0.002712 0.000193 0.005971
v -0.002712 0.000193 0.004299
v -0.002712 0.000193 0.005971
v 0.002712 0.012034 0.004299
v -0.002712 0.012034 0.006077
v 0.002712 0.012034 0.006077
v -0.002712 0.012034 0.004299
v 0.002712 0.015965 0.001118
v -0.002712 0.015965 0.001118
v 0.002712 0.015946 0.006086
v 0.002712 0.015965 0.004299
v -0.002712 0.015946 0.006086
v -0.002712 0.015965 0.004299
v -0.002712 0.009678 -0.006070
v 0.002712 0.009678 -0.006070
v -0.002712 -0.026149 -0.000073
v -0.002712 -0.026149 -0.005658
v 0.002712 -0.026149 -0.000073
v 0.002712 -0.026149 -0.005658
v 0.002712 -0.030052 -0.005658
v 0.002712 -0.030052 -0.003555
v -0.002712 -0.030052 -0.003555
v -0.002712 -0.030052 -0.005658
v 0.002712 0.038063 -0.004705
v -0.002712 0.038063 -0.004705
v -0.002712 0.037610 -0.006146
v 0.002712 0.037610 -0.006146
v 0.002712 -0.010284 -0.000073
v 0.002712 -0.010284 -0.005847
v -0.002712 -0.010284 -0.000073
v -0.002712 -0.010284 -0.005847
v 0.002712 -0.018629 -0.005748
v -0.002712 -0.018629 -0.000073
v 0.002712 -0.018629 -0.000073
v -0.002712 -0.018629 -0.005748
v 0.002712 -0.016543 -0.001573
v 0.002712 -0.014456 -0.002057
v 0.002712 -0.012370 -0.001573
v -0.002712 -0.016543 -0.005772
v -0.002712 -0.014456 -0.005797
v -0.002712 -0.012370 -0.005822
v 0.002712 -0.012370 -0.005822
v 0.002712 -0.014456 -0.005797
v 0.002712 -0.016543 -0.005772
v -0.002712 -0.012370 -0.001573
v -0.002712 -0.014456 -0.002057
v -0.002712 -0.016543 -0.001573
v -0.002712 0.009956 -0.004299
v 0.002712 0.009956 -0.004299
v 0.002712 -0.026149 -0.003593
v -0.002712 -0.026149 -0.003593
v 0.002712 -0.030052 -0.004607
v -0.002712 -0.030052 -0.004607
v -0.002712 0.037836 -0.005426
v 0.002712 0.037836 -0.005426
v -0.002712 -0.010284 -0.003593
v 0.002712 -0.010284 -0.003593
v -0.002712 -0.018629 -0.003593
v 0.002712 -0.018629 -0.003593
v 0.002712 -0.012370 -0.003593
v 0.002712 -0.014456 -0.003593
v 0.002712 -0.016543 -0.003593
v -0.002712 -0.016543 -0.003593
v -0.002712 -0.014456 -0.003593
v -0.002712 -0.012370 -0.003593
v 0.002712 0.002591 -0.000075
v -0.002712 0.002576 -0.006000
v 0.002712 0.002576 -0.006000
v -0.002712 0.002591 -0.000075
v 0.002712 0.002576 -0.004299
v -0.002712 0.002576 -0.004299
v 0.002712 -0.002335 -0.005941
v -0.002712 -0.002335 -0.000073
v 0.002712 -0.002335 -0.004299
v 0.002712 -0.002335 -0.000073
v -0.002712 -0.002335 -0.005941
v -0.002712 -0.002335 -0.004299
v -0.002712 0.014764 -0.000949
v -0.002712 0.008888 -0.000096
v 0.002712 0.008888 -0.000096
v 0.002712 0.014764 -0.000949
v -0.002712 -0.004690 -0.000073
v 0.002712 0.013680 -0.002257
v 0.002712 0.012023 -0.002894
v 0.002712 0.010243 -0.002336
v 0.002712 0.009317 -0.001221
v 0.002712 -0.004690 -0.000073
v -0.002712 0.013680 -0.002257
v -0.002712 0.012023 -0.002894
v -0.002712 0.010243 -0.002336
v -0.002712 0.009317 -0.001221
v -0.002712 0.001010 -0.000725
v -0.002712 0.001311 -0.000073
v -0.002712 -0.000739 -0.000073
v -0.002712 -0.000439 -0.000725
v -0.002712 0.000286 -0.001025
v 0.002712 0.001311 -0.000073
v 0.002712 0.001010 -0.000725
v 0.002712 -0.000439 -0.000725
v 0.002712 -0.000739 -0.000073
v 0.002712 0.000286 -0.001025
v -0.002712 -0.004690 -0.004457
v -0.002712 -0.004690 -0.005913
v 0.002712 -0.004690 -0.005913
v 0.002712 -0.004690 -0.004457
v -0.002712 -0.006578 -0.004446
v 0.002712 -0.006578 -0.005891
v 0.002712 -0.006578 -0.000073
v -0.002712 -0.006578 -0.005891
v -0.002712 -0.006578 -0.000073
v 0.002712 -0.006578 -0.004446
v 0.002712 0.000193 -0.004299
v 0.002712 0.000193 -0.005971
v -0.002712 0.000193 -0.004299
v -0.002712 0.000193 -0.005971
v 0.002712 0.012034 -0.004299
v -0.002712 0.012034 -0.006077
v 0.002712 0.012034 -0.006077
v -0.002712 0.012034 -0.004299
v 0.002712 0.015965 -0.001118
v -0.002712 0.015965 -0.001118
v 0.002712 0.015946 -0.006086
v 0.002712 0.015965 -0.004299
v -0.002712 0.015946 -0.006086
v -0.002712 0.015965 -0.004299
v 0.001814 -0.005284 -0.005402
v 0.001814 -0.005679 -0.005566
v 0.001814 -0.006074 -0.005402
v 0.001814 -0.006238 -0.005008
v 0.001814 -0.006074 -0.004613
v 0.001814 -0.005679 -0.004449
v 0.001814 -0.005284 -0.004613
v 0.001814 -0.005120 -0.005008
v -0.002048 -0.005288 -0.005404
v -0.002127 -0.005675 -0.005564
v -0.002183 -0.006065 -0.005399
v -0.002183 -0.006228 -0.005004
v -0.002127 -0.006070 -0.004611
v -0.002048 -0.005683 -0.004451
v -0.001992 -0.005293 -0.004616
v -0.001992 -0.005130 -0.005011
v -0.002759 -0.005014 -0.005291
v -0.003047 -0.005293 -0.005406
v -0.003250 -0.005607 -0.005209
v -0.003250 -0.005770 -0.004814
v -0.003047 -0.005688 -0.004453
v -0.002759 -0.005409 -0.004337
v -0.002555 -0.005096 -0.004535
v -0.002555 -0.004932 -0.004930
v -0.003044 -0.004319 -0.005003
v -0.003444 -0.004394 -0.005033
v -0.003724 -0.004567 -0.004776
v -0.003722 -0.004736 -0.004383
v -0.003437 -0.004802 -0.004084
v -0.003037 -0.004726 -0.004055
v -0.002757 -0.004553 -0.004312
v -0.002760 -0.004384 -0.004705
v -0.003251 0.009606 0.001211
v -0.003711 0.009614 0.001215
v -0.004035 0.009518 0.001502
v -0.004034 0.009373 0.001904
v -0.003709 0.009265 0.002186
v -0.003249 0.009257 0.002182
v -0.002925 0.009353 0.001895
v -0.002926 0.009498 0.001493
v -0.003201 0.010869 0.001735
v -0.003661 0.010872 0.001737
v -0.003984 0.010832 0.002038
v -0.003982 0.010773 0.002461
v -0.003656 0.010729 0.002759
v -0.003196 0.010726 0.002757
v -0.002873 0.010766 0.002456
v -0.002875 0.010826 0.002032
v -0.003242 0.012743 0.001667
v -0.003701 0.012755 0.001668
v -0.004021 0.012892 0.001942
v -0.004015 0.013074 0.002329
v -0.003686 0.013195 0.002602
v -0.003226 0.013183 0.002601
v -0.002906 0.013045 0.002327
v -0.002913 0.012863 0.001940
v -0.003143 0.013720 0.000463
v -0.003600 0.013759 0.000430
v -0.003899 0.014080 0.000479
v -0.003866 0.014494 0.000582
v -0.003520 0.014759 0.000677
v -0.003064 0.014719 0.000710
v -0.002765 0.014398 0.000661
v -0.002798 0.013984 0.000558
v -0.002958 0.013390 -0.001053
v -0.003407 0.013419 -0.001138
v -0.003669 0.013677 -0.001376
v -0.003589 0.014015 -0.001628
v -0.003215 0.014233 -0.001746
v -0.002766 0.014205 -0.001661
v -0.002504 0.013946 -0.001423
v -0.002584 0.013609 -0.001172
v -0.002812 0.012006 -0.001741
v -0.003248 0.011953 -0.001866
v -0.003463 0.011932 -0.002244
v -0.003330 0.011955 -0.002652
v -0.002929 0.012008 -0.002853
v -0.002493 0.012061 -0.002728
v -0.002278 0.012082 -0.002350
v -0.002411 0.012059 -0.001942
v -0.002585 0.010607 -0.001092
v -0.002997 0.010429 -0.001159
v -0.003153 0.010105 -0.001396
v -0.002961 0.009823 -0.001665
v -0.002535 0.009750 -0.001807
v -0.002124 0.009928 -0.001740
v -0.001968 0.010253 -0.001502
v -0.002159 0.010534 -0.001234
v -0.002353 0.010238 0.000406
v -0.002736 0.010021 0.000498
v -0.002833 0.009615 0.000596
v -0.002587 0.009257 0.000642
v -0.002141 0.009157 0.000610
v -0.001758 0.009374 0.000518
v -0.001661 0.009780 0.000420
v -0.001907 0.010138 0.000374
v -0.002232 0.011179 0.001634
v -0.002590 0.011085 0.001885
v -0.002641 0.010897 0.002266
v -0.002356 0.010725 0.002553
v -0.001901 0.010671 0.002580
v -0.001543 0.010765 0.002329
v -0.001492 0.010953 0.001948
v -0.001777 0.011124 0.001660
v -0.002116 0.012738 0.001666
v -0.002450 0.012883 0.001922
v -0.002464 0.013061 0.002310
v -0.002150 0.013168 0.002603
v -0.001693 0.013141 0.002630
v -0.001359 0.012997 0.002374
v -0.001345 0.012819 0.001986
v -0.001658 0.012712 0.001692
v -0.001998 0.013747 0.000458
v -0.002306 0.014059 0.000513
v -0.002284 0.014473 0.000619
v -0.001945 0.014745 0.000715
v -0.001487 0.014716 0.000744
v -0.001180 0.014404 0.000689
v -0.001202 0.013990 0.000583
v -0.001541 0.013718 0.000487
v -0.001878 0.013431 -0.001100
v -0.002158 0.013688 -0.001322
v -0.002100 0.014028 -0.001574
v -0.001738 0.014254 -0.001709
v -0.001283 0.014231 -0.001649
v -0.001004 0.013975 -0.001427
v -0.001062 0.013634 -0.001175
v -0.001424 0.013409 -0.001039
v -0.001757 0.012000 -0.001836
v -0.002007 0.011991 -0.002194
v -0.001913 0.012009 -0.002612
v -0.001530 0.012045 -0.002845
v -0.001082 0.012078 -0.002757
v -0.000831 0.012087 -0.002398
v -0.000925 0.012068 -0.001980
v -0.001309 0.012032 -0.001747
v -0.001633 0.010512 -0.001171
v -0.001852 0.010215 -0.001400
v -0.001723 0.009908 -0.001673
v -0.001321 0.009772 -0.001829
v -0.000882 0.009886 -0.001777
v -0.000662 0.010183 -0.001547
v -0.000792 0.010490 -0.001274
v -0.001194 0.010626 -0.001119
v -0.001507 0.010095 0.000430
v -0.001694 0.009715 0.000519
v -0.001530 0.009321 0.000583
v -0.001112 0.009144 0.000585
v -0.000684 0.009287 0.000523
v -0.000497 0.009668 0.000434
v -0.000661 0.010062 0.000370
v -0.001079 0.010239 0.000368
v -0.001378 0.011100 0.001777
v -0.001531 0.010924 0.002139
v -0.001334 0.010732 0.002474
v -0.000903 0.010636 0.002585
v -0.000489 0.010693 0.002408
v -0.000336 0.010869 0.002045
v -0.000533 0.011062 0.001710
v -0.000965 0.011157 0.001599
v -0.001247 0.012808 0.001835
v -0.001365 0.012982 0.002210
v -0.001136 0.013115 0.002556
v -0.000694 0.013128 0.002670
v -0.000297 0.013014 0.002487
v -0.000179 0.012840 0.002112
v -0.000408 0.012707 0.001766
v -0.000850 0.012694 0.001652
v -0.001112 0.013940 0.000516
v -0.001195 0.014348 0.000618
v -0.000935 0.014683 0.000729
v -0.000485 0.014749 0.000782
v -0.000108 0.014507 0.000748
v -0.000025 0.014099 0.000645
v -0.000285 0.013764 0.000535
v -0.000735 0.013698 0.000481
v -0.000975 0.013612 -0.001224
v -0.001022 0.013953 -0.001479
v -0.000733 0.014233 -0.001658
v -0.000277 0.014289 -0.001655
v 0.000078 0.014088 -0.001474
v 0.000125 0.013748 -0.001219
v -0.000164 0.013467 -0.001040
v -0.000619 0.013411 -0.001042
v -0.000834 0.012019 -0.002071
v -0.000845 0.012036 -0.002498
v -0.000528 0.012073 -0.002806
v -0.000071 0.012109 -0.002815
v 0.000261 0.012122 -0.002519
v 0.000271 0.012105 -0.002092
v -0.000045 0.012068 -0.001784
v -0.000503 0.012033 -0.001776
v -0.000689 0.010330 -0.001344
v -0.000664 0.010010 -0.001625
v -0.000323 0.009812 -0.001832
v 0.000135 0.009853 -0.001843
v 0.000440 0.010109 -0.001652
v 0.000414 0.010430 -0.001370
v 0.000073 0.010627 -0.001163
v -0.000384 0.010586 -0.001152
v -0.000542 0.009833 0.000464
v -0.000480 0.009416 0.000535
v -0.000115 0.009156 0.000554
v 0.000338 0.009207 0.000509
v 0.000615 0.009538 0.000427
v 0.000554 0.009955 0.000356
v 0.000189 0.010215 0.000338
v -0.000264 0.010164 0.000382
v -0.000390 0.010956 0.002012
v -0.000293 0.010750 0.002376
v 0.000093 0.010614 0.002565
v 0.000540 0.010627 0.002468
v 0.000788 0.010781 0.002143
v 0.000690 0.010987 0.001779
v 0.000305 0.011123 0.001590
v -0.000143 0.011110 0.001686
v -0.000235 0.012902 0.002105
v -0.000102 0.013052 0.002486
v 0.000301 0.013102 0.002684
v 0.000740 0.013023 0.002583
v 0.000956 0.012861 0.002242
v 0.000823 0.012711 0.001861
v 0.000420 0.012661 0.001663
v -0.000019 0.012740 0.001764
v -0.000076 0.014217 0.000615
v 0.000091 0.014597 0.000735
v 0.000511 0.014753 0.000813
v 0.000937 0.014594 0.000802
v 0.001120 0.014213 0.000710
v 0.000954 0.013833 0.000589
v 0.000534 0.013677 0.000511
v 0.000108 0.013836 0.000522
v 0.000087 0.013869 -0.001380
v 0.000287 0.014191 -0.001591
v 0.000720 0.014324 -0.001645
v 0.001132 0.014190 -0.001511
v 0.001281 0.013868 -0.001266
v 0.001081 0.013547 -0.001055
v 0.000648 0.013414 -0.001001
v 0.000237 0.013547 -0.001136
v 0.000253 0.012061 -0.002373
v 0.000486 0.012099 -0.002740
v 0.000929 0.012139 -0.002846
v 0.001323 0.012158 -0.002628
v 0.001438 0.012144 -0.002214
v 0.001206 0.012106 -0.001847
v 0.000763 0.012066 -0.001742
v 0.000368 0.012047 -0.001960
v 0.000424 0.010121 -0.001569
v 0.000686 0.009873 -0.001817
v 0.001137 0.009841 -0.001893
v 0.001512 0.010043 -0.001751
v 0.001592 0.010361 -0.001475
v 0.001329 0.010608 -0.001226
v 0.000878 0.010641 -0.001151
v 0.000503 0.010439 -0.001293
v 0.000597 0.009526 0.000485
v 0.000889 0.009197 0.000517
v 0.001345 0.009151 0.000489
v 0.001698 0.009415 0.000417
v 0.001741 0.009834 0.000344
v 0.001450 0.010163 0.000311
v 0.000994 0.010209 0.000339
v 0.000641 0.009945 0.000411
v 0.000775 0.010778 0.002262
v 0.001094 0.010607 0.002518
v 0.001551 0.010573 0.002507
v 0.001880 0.010695 0.002235
v 0.001888 0.010903 0.001862
v 0.001569 0.011075 0.001605
v 0.001111 0.011109 0.001617
v 0.000782 0.010986 0.001889
v 0.000956 0.012983 0.002398
v 0.001300 0.013065 0.002670
v 0.001757 0.013022 0.002658
v 0.002059 0.012880 0.002370
v 0.002030 0.012721 0.001973
v 0.001687 0.012639 0.001702
v 0.001230 0.012682 0.001714
v 0.000927 0.012825 0.002002
v 0.001140 0.014491 0.000736
v 0.001507 0.014728 0.000836
v 0.001960 0.014660 0.000852
v 0.002234 0.014326 0.000775
v 0.002169 0.013922 0.000650
v 0.001803 0.013684 0.000550
v 0.001350 0.013752 0.000533
v 0.001075 0.014086 0.000611
v 0.001335 0.014128 -0.001528
v 0.001725 0.014335 -0.001619
v 0.002168 0.014280 -0.001522
v 0.002406 0.013994 -0.001293
v 0.002298 0.013646 -0.001066
v 0.001908 0.013439 -0.000975
v 0.001465 0.013494 -0.001072
v 0.001228 0.013780 -0.001301
v 0.001681 0.012105 -0.002677
v 0.002096 0.012169 -0.002849
v 0.002522 0.012214 -0.002695
v 0.002710 0.012211 -0.002305
v 0.002549 0.012164 -0.001907
v 0.002135 0.012099 -0.001735
v 0.001709 0.012055 -0.001889
v 0.001521 0.012057 -0.002279
v 0.001965 0.009926 -0.001807
v 0.002400 0.009855 -0.001925
v 0.002808 0.010022 -0.001820
v 0.002949 0.010330 -0.001554
v 0.002742 0.010598 -0.001283
v 0.002307 0.010670 -0.001166
v 0.001899 0.010503 -0.001270
v 0.001758 0.010195 -0.001536
v 0.002130 0.009233 0.000472
v 0.002576 0.009129 0.000461
v 0.002967 0.009344 0.000405
v 0.003076 0.009754 0.000335
v 0.002838 0.010117 0.000294
v 0.002393 0.010221 0.000304
v 0.002001 0.010005 0.000361
v 0.001892 0.009596 0.000430
v 0.002275 0.010594 0.002461
v 0.002726 0.010534 0.002516
v 0.003104 0.010638 0.002296
v 0.003187 0.010845 0.001930
v 0.002926 0.011032 0.001631
v 0.002475 0.011091 0.001576
v 0.002097 0.010987 0.001796
v 0.002014 0.010781 0.002163
v 0.002414 0.013021 0.002644
v 0.002869 0.013006 0.002703
v 0.003227 0.012883 0.002465
v 0.003280 0.012725 0.002071
v 0.002995 0.012624 0.001751
v 0.002540 0.012640 0.001692
v 0.002182 0.012762 0.001930
v 0.002129 0.012920 0.002324
v 0.002693 0.014694 0.000850
v 0.003149 0.014685 0.000902
v 0.003477 0.014389 0.000850
v 0.003483 0.013981 0.000723
v 0.003166 0.013699 0.000596
v 0.002710 0.013709 0.000544
v 0.002383 0.014004 0.000597
v 0.002376 0.014413 0.000724
v 0.003024 0.014338 -0.001588
v 0.003476 0.014331 -0.001514
v 0.003761 0.014075 -0.001298
v 0.003712 0.013719 -0.001066
v 0.003357 0.013472 -0.000954
v 0.002904 0.013479 -0.001027
v 0.002619 0.013735 -0.001244
v 0.002669 0.014091 -0.001476
v 0.003352 0.012253 -0.002831
v 0.003800 0.012274 -0.002739
v 0.004052 0.012232 -0.002384
v 0.003959 0.012151 -0.001973
v 0.003576 0.012079 -0.001748
v 0.003128 0.012058 -0.001839
v 0.002877 0.012100 -0.002195
v 0.002970 0.012181 -0.002606
v 0.003451 0.010122 -0.002482
v 0.003898 0.010160 -0.002391
v 0.004140 0.010270 -0.002045
v 0.004035 0.010389 -0.001646
v 0.003644 0.010446 -0.001428
v 0.003197 0.010408 -0.001519
v 0.002955 0.010297 -0.001865
v 0.003061 0.010179 -0.002264
v 0.003154 -0.004740 0.004034
v 0.003543 -0.004777 0.004152
v 0.003757 -0.004677 0.004502
v 0.003669 -0.004499 0.004879
v 0.003331 -0.004347 0.005063
v 0.002941 -0.004309 0.004945
v 0.002728 -0.004409 0.004595
v 0.002816 -0.004587 0.004217
v 0.002844 -0.005484 0.004331
v 0.003124 -0.005721 0.004531
v 0.003276 -0.005734 0.004928
v 0.003210 -0.005515 0.005288
v 0.002965 -0.005193 0.005402
v 0.002685 -0.004956 0.005202
v 0.002533 -0.004943 0.004805
v 0.002599 -0.005162 0.004444
v 0.002072 -0.005790 0.004454
v 0.002150 -0.006133 0.004696
v 0.002192 -0.006203 0.005116
v 0.002173 -0.005959 0.005466
v 0.002106 -0.005545 0.005543
v 0.002029 -0.005202 0.005300
v 0.001987 -0.005132 0.004881
v 0.002005 -0.005376 0.004530
v -0.002088 -0.005789 0.004453
v -0.002088 -0.006139 0.004698
v -0.002088 -0.006213 0.005119
v -0.002088 -0.005967 0.005469
v -0.002088 -0.005546 0.005543
v -0.002088 -0.005196 0.005298
v -0.002088 -0.005122 0.004877
v -0.002088 -0.005368 0.004527
v -0.003051 0.013736 -0.000332
v -0.002691 0.014008 -0.000345
v -0.003503 0.013775 -0.000398
v -0.003784 0.014100 -0.000504
v -0.003728 0.014521 -0.000588
v -0.003368 0.014793 -0.000601
v -0.002915 0.014755 -0.000535
v -0.002634 0.014429 -0.000429
v -0.001938 0.013774 -0.000361
v -0.001482 0.013746 -0.000311
v -0.002232 0.014094 -0.000455
v -0.002192 0.014517 -0.000537
v -0.001841 0.014796 -0.000559
v -0.001385 0.014768 -0.000509
v -0.001092 0.014448 -0.000415
v -0.001132 0.014025 -0.000333
v -0.001044 0.013985 -0.000399
v -0.000677 0.013736 -0.000316
v -0.001108 0.014405 -0.000484
v -0.000834 0.014750 -0.000522
v -0.000381 0.014818 -0.000491
v -0.000015 0.014570 -0.000408
v 0.000050 0.014150 -0.000323
v -0.000224 0.013805 -0.000285
v 0.000006 0.014284 -0.000430
v 0.000172 0.013890 -0.000345
v 0.000189 0.014678 -0.000481
v 0.000615 0.014840 -0.000468
v 0.001034 0.014676 -0.000398
v 0.001201 0.014282 -0.000313
v 0.001017 0.013888 -0.000263
v 0.000591 0.013726 -0.000276
v 0.001238 0.014583 -0.000445
v 0.001151 0.014161 -0.000389
v 0.001616 0.014833 -0.000441
v 0.002064 0.014763 -0.000377
v 0.002320 0.014416 -0.000292
v 0.002234 0.013994 -0.000235
v 0.001856 0.013744 -0.000240
v 0.001407 0.013813 -0.000303
v 0.002859 0.014815 -0.000415
v 0.002522 0.014519 -0.000423
v 0.003313 0.014806 -0.000344
v 0.003619 0.014497 -0.000252
v 0.003598 0.014068 -0.000193
v 0.003261 0.013771 -0.000201
v 0.002807 0.013780 -0.000272
v 0.002501 0.014090 -0.000364
v -0.002885 0.012775 -0.001569
v -0.002497 0.012927 -0.001748
v -0.003328 0.012761 -0.001687
v -0.003566 0.012894 -0.002032
v -0.003460 0.013097 -0.002403
v -0.003072 0.013249 -0.002582
v -0.002629 0.013263 -0.002464
v -0.002391 0.013130 -0.002119
v -0.001817 0.012794 -0.001649
v -0.001366 0.012800 -0.001565
v -0.002083 0.012933 -0.001974
v -0.002006 0.013135 -0.002350
v -0.001634 0.013281 -0.002557
v -0.001182 0.013287 -0.002473
v -0.000917 0.013148 -0.002148
v -0.000993 0.012947 -0.001772
v -0.000904 0.012907 -0.001850
v -0.000561 0.012802 -0.001582
v -0.000933 0.013107 -0.002233
v -0.000631 0.013285 -0.002506
v -0.000174 0.013337 -0.002510
v 0.000169 0.013232 -0.002242
v 0.000198 0.013031 -0.001859
v -0.000104 0.012853 -0.001586
v 0.000170 0.013074 -0.002107
v 0.000303 0.012886 -0.001738
v 0.000386 0.013276 -0.002432
v 0.000824 0.013374 -0.002521
v 0.001228 0.013309 -0.002323
v 0.001360 0.013121 -0.001954
v 0.001144 0.012919 -0.001630
v 0.000706 0.012822 -0.001540
v 0.001508 0.013244 -0.002360
v 0.001374 0.013022 -0.002010
v 0.001910 0.013397 -0.002509
v 0.002345 0.013391 -0.002367
v 0.002558 0.013229 -0.002020
v 0.002424 0.013007 -0.001670
v 0.002021 0.012854 -0.001522
v 0.001587 0.012861 -0.001663
v 0.003188 0.013445 -0.002481
v 0.002819 0.013266 -0.002292
v 0.003638 0.013453 -0.002388
v 0.003907 0.013286 -0.002067
v 0.003835 0.013041 -0.001706
v 0.003466 0.012862 -0.001517
v 0.003016 0.012854 -0.001610
v 0.002748 0.013021 -0.001931
v -0.002699 0.011213 -0.001591
v -0.002285 0.011202 -0.001783
v -0.003122 0.011084 -0.001699
v -0.003308 0.010890 -0.002044
v -0.003146 0.010744 -0.002424
v -0.002732 0.010733 -0.002616
v -0.002308 0.010863 -0.002508
v -0.002123 0.011057 -0.002163
v -0.001695 0.011156 -0.001688
v -0.001251 0.011238 -0.001609
v -0.001930 0.010984 -0.002018
v -0.001818 0.010823 -0.002406
v -0.001425 0.010766 -0.002624
v -0.000982 0.010848 -0.002545
v -0.000747 0.011021 -0.002215
v -0.000858 0.011182 -0.001827
v -0.000762 0.011065 -0.001917
v -0.000443 0.011216 -0.001644
v -0.000754 0.010895 -0.002315
v -0.000426 0.010804 -0.002604
v 0.000032 0.010848 -0.002615
v 0.000350 0.010999 -0.002342
v 0.000343 0.011169 -0.001944
v 0.000014 0.011259 -0.001655
v 0.000339 0.010971 -0.002213
v 0.000436 0.011142 -0.001826
v 0.000586 0.010853 -0.002559
v 0.001033 0.010858 -0.002660
v 0.001418 0.010982 -0.002458
v 0.001515 0.011152 -0.002071
v 0.001268 0.011270 -0.001726
v 0.000821 0.011265 -0.001624
v 0.001823 0.010886 -0.002517
v 0.001639 0.011010 -0.002142
v 0.002248 0.010882 -0.002680
v 0.002665 0.011001 -0.002535
v 0.002829 0.011172 -0.002167
v 0.002646 0.011296 -0.001791
v 0.002221 0.011300 -0.001629
v 0.001804 0.011182 -0.001774
v 0.003402 0.011079 -0.002983
v 0.003015 0.011071 -0.002734
v 0.003849 0.011112 -0.002880
v 0.004096 0.011151 -0.002486
v 0.003997 0.011172 -0.002032
v 0.003610 0.011164 -0.001783
v 0.003163 0.011130 -0.001886
v 0.002916 0.011092 -0.002279
v -0.002469 0.010221 -0.000386
v -0.002033 0.010124 -0.000484
v -0.002866 0.009999 -0.000372
v -0.002993 0.009589 -0.000450
v -0.002774 0.009231 -0.000575
v -0.002338 0.009133 -0.000673
v -0.001941 0.009355 -0.000687
v -0.001814 0.009765 -0.000608
v -0.001570 0.010088 -0.000417
v -0.001136 0.010232 -0.000422
v -0.001773 0.009707 -0.000495
v -0.001626 0.009314 -0.000612
v -0.001216 0.009138 -0.000699
v -0.000783 0.009283 -0.000704
v -0.000580 0.009663 -0.000625
v -0.000726 0.010056 -0.000508
v -0.000615 0.009839 -0.000495
v -0.000324 0.010168 -0.000433
v -0.000572 0.009424 -0.000613
v -0.000219 0.009168 -0.000719
v 0.000236 0.009219 -0.000750
v 0.000528 0.009548 -0.000688
v 0.000484 0.009963 -0.000570
v 0.000131 0.010219 -0.000464
v 0.000511 0.009548 -0.000609
v 0.000572 0.009962 -0.000496
v 0.000788 0.009225 -0.000731
v 0.001241 0.009181 -0.000789
v 0.001605 0.009442 -0.000749
v 0.001667 0.009856 -0.000636
v 0.001390 0.010179 -0.000514
v 0.000936 0.010223 -0.000456
v 0.002048 0.009275 -0.000750
v 0.001825 0.009629 -0.000622
v 0.002488 0.009176 -0.000822
v 0.002888 0.009391 -0.000795
v 0.003013 0.009793 -0.000685
v 0.002790 0.010148 -0.000556
v 0.002350 0.010247 -0.000484
v 0.001950 0.010032 -0.000511
v -0.002292 0.010542 0.001144
v -0.001842 0.010455 0.001140
v -0.002663 0.010367 0.001336
v -0.002737 0.010034 0.001605
v -0.002471 0.009737 0.001792
v -0.002021 0.009650 0.001789
v -0.001650 0.009824 0.001596
v -0.001576 0.010158 0.001328
v -0.001443 0.010418 0.001237
v -0.001022 0.010530 0.001103
v -0.001612 0.010105 0.001491
v -0.001432 0.009776 0.001715
v -0.001007 0.009623 0.001778
v -0.000587 0.009735 0.001644
v -0.000417 0.010048 0.001390
v -0.000597 0.010377 0.001166
v -0.000466 0.010189 0.001388
v -0.000203 0.010462 0.001160
v -0.000386 0.009840 0.001632
v -0.000011 0.009618 0.001749
v 0.000439 0.009653 0.001670
v 0.000702 0.009926 0.001441
v 0.000622 0.010275 0.001197
v 0.000247 0.010497 0.001081
v 0.000686 0.009917 0.001541
v 0.000712 0.010269 0.001290
v 0.000991 0.009636 0.001702
v 0.001448 0.009591 0.001680
v 0.001789 0.009809 0.001487
v 0.001815 0.010160 0.001237
v 0.001509 0.010441 0.001075
v 0.001053 0.010486 0.001097
v 0.002202 0.009649 0.001645
v 0.001953 0.009958 0.001454
v 0.002651 0.009557 0.001670
v 0.003036 0.009737 0.001515
v 0.003131 0.010082 0.001270
v 0.002882 0.010392 0.001080
v 0.002434 0.010483 0.001054
v 0.002049 0.010304 0.001210
v -0.003222 0.011860 0.001837
v -0.002894 0.011903 0.002158
v -0.003681 0.011868 0.001839
v -0.004003 0.011923 0.002162
v -0.003998 0.011992 0.002617
v -0.003671 0.012035 0.002937
v -0.003211 0.012027 0.002935
v -0.002889 0.011972 0.002612
v -0.002174 0.011945 0.001851
v -0.001718 0.011899 0.001880
v -0.002520 0.011973 0.002135
v -0.002552 0.011968 0.002567
v -0.002253 0.011932 0.002893
v -0.001797 0.011886 0.002923
v -0.001451 0.011857 0.002638
v -0.001418 0.011863 0.002207
v -0.001312 0.011940 0.002026
v -0.000908 0.011908 0.001823
v -0.001448 0.011939 0.002440
v -0.001235 0.011905 0.002822
v -0.000798 0.011859 0.002948
v -0.000393 0.011827 0.002746
v -0.000258 0.011828 0.002332
v -0.000471 0.011861 0.001950
v -0.000312 0.011912 0.002309
v -0.000081 0.011907 0.001935
v -0.000197 0.011880 0.002727
v 0.000197 0.011832 0.002944
v 0.000640 0.011795 0.002834
v 0.000872 0.011791 0.002460
v 0.000757 0.011822 0.002042
v 0.000362 0.011870 0.001825
v 0.000865 0.011857 0.002614
v 0.000855 0.011885 0.002182
v 0.001197 0.011807 0.002910
v 0.001654 0.011764 0.002898
v 0.001970 0.011753 0.002583
v 0.001959 0.011781 0.002151
v 0.001628 0.011831 0.001855
v 0.001170 0.011874 0.001868
v 0.002344 0.011775 0.002864
v 0.002072 0.011824 0.002517
v 0.002797 0.011733 0.002928
v 0.003166 0.011723 0.002671
v 0.003233 0.011750 0.002244
v 0.002961 0.011798 0.001897
v 0.002508 0.011840 0.001833
v 0.002140 0.011851 0.002090
v -0.003193 0.013373 0.001195
v -0.002855 0.013589 0.001401
v -0.003650 0.013402 0.001177
v -0.003960 0.013659 0.001358
v -0.003940 0.013994 0.001633
v -0.003603 0.014210 0.001839
v -0.003145 0.014181 0.001857
v -0.002835 0.013924 0.001676
v -0.002057 0.013386 0.001191
v -0.001600 0.013355 0.001222
v -0.002378 0.013642 0.001365
v -0.002374 0.013974 0.001643
v -0.002048 0.014187 0.001861
v -0.001590 0.014156 0.001893
v -0.001269 0.013900 0.001718
v -0.001273 0.013568 0.001441
v -0.001180 0.013533 0.001318
v -0.000793 0.013334 0.001196
v -0.001280 0.013860 0.001586
v -0.001036 0.014122 0.001842
v -0.000589 0.014167 0.001937
v -0.000203 0.013967 0.001814
v -0.000102 0.013640 0.001546
v -0.000346 0.013378 0.001290
v -0.000155 0.013742 0.001525
v 0.000045 0.013437 0.001282
v -0.000006 0.014039 0.001807
v 0.000406 0.014155 0.001961
v 0.000838 0.014021 0.001899
v 0.001038 0.013716 0.001656
v 0.000888 0.013419 0.001374
v 0.000477 0.013304 0.001220
v 0.001048 0.013941 0.001758
v 0.001001 0.013625 0.001465
v 0.001403 0.014120 0.001966
v 0.001858 0.014058 0.001969
v 0.002147 0.013790 0.001764
v 0.002100 0.013474 0.001471
v 0.001745 0.013295 0.001263
v 0.001290 0.013357 0.001260
v 0.002554 0.014076 0.001960
v 0.002253 0.013862 0.001709
v 0.003009 0.014062 0.002022
v 0.003352 0.013828 0.001859
v 0.003382 0.013510 0.001567
v 0.003081 0.013295 0.001316
v 0.002625 0.013309 0.001254
v 0.002282 0.013544 0.001417
v 0.001814 -0.005679 -0.005008
v -0.002088 -0.005668 0.004998
vn -0.0000 -0.0026 1.0000
vn -0.0000 -0.0025 1.0000
vn 1.0000 -0.0000 -0.0000
vn -1.0000 -0.0000 -0.0000
vn -0.0000 -0.0000 -1.0000
vn -0.0000 -0.0109 0.9999
vn -0.0000 -0.0063 1.0000
vn -0.0000 -1.0000 -0.0000
vn -0.0000 -0.6657 -0.7462
vn -0.0000 -0.0059 1.0000
vn -0.0000 -0.0000 1.0000
vn -0.0000 0.9540 0.2999
vn -0.0000 0.1479 -0.9890
vn -0.0000 0.1436 -0.9896
vn -0.0000 -0.0119 0.9999
vn -0.0000 0.4130 -0.9107
vn -0.0000 0.5839 -0.8118
vn -0.0000 -0.5839 -0.8118
vn -0.0000 -0.4130 -0.9107
vn -0.0000 0.0034 -1.0000
vn -0.0000 0.0026 -1.0000
vn -0.0000 0.0018 -1.0000
vn -0.0000 0.6933 -0.7207
vn -0.0000 0.9084 -0.4182
vn -0.0000 -0.6933 -0.7207
vn -0.0000 -0.9084 -0.4182
vn -0.0000 0.2994 -0.9541
vn -0.0000 0.7690 -0.6392
vn -0.0000 0.8633 -0.5047
vn -0.0000 0.9343 -0.3565
vn -0.0000 -0.7700 -0.6380
vn -0.0000 -0.5835 -0.8121
vn -0.0000 -0.3589 -0.9334
vn -0.0000 1.0000 -0.0000
vn -0.0000 0.1394 -0.9902
vn -0.0000 -0.0026 -1.0000
vn -0.0000 -0.0109 -0.9999
vn -0.0000 -0.0063 -1.0000
vn -0.0000 -0.6657 0.7462
vn -0.0000 -0.0059 -1.0000
vn -0.0000 0.9540 -0.2999
vn -0.0000 0.1602 0.9871
vn -0.0000 0.1498 0.9887
vn -0.0000 -0.0119 -0.9999
vn -0.0000 0.4130 0.9107
vn -0.0000 0.5839 0.8118
vn -0.0000 -0.5839 0.8118
vn -0.0000 -0.4130 0.9107
vn -0.0000 0.0034 1.0000
vn -0.0000 0.0026 1.0000
vn -0.0000 0.0018 1.0000
vn -0.0000 0.6933 0.7207
vn -0.0000 0.9084 0.4182
vn -0.0000 -0.6933 0.7207
vn -0.0000 -0.9084 0.4182
vn -0.0000 0.2994 0.9541
vn -0.0000 0.7690 0.6392
vn -0.0000 0.8633 0.5047
vn -0.0000 0.9343 0.3565
vn -0.0000 -0.7700 0.6380
vn -0.0000 -0.5835 0.8121
vn -0.0000 -0.3589 0.9334
vn -0.0000 -0.0028 -1.0000
vn -0.0000 0.1394 0.9902
vn -0.0007 0.7090 -0.7052
vn 0.0650 0.6709 -0.7386
vn 0.1686 0.9855 -0.0196
vn -0.0021 1.0000 0.0027
vn -0.0007 -0.0026 -1.0000
vn -0.0933 -0.0390 -0.9949
vn -0.0020 -0.7089 -0.7053
vn -0.2007 -0.7014 -0.6839
vn -0.0020 -1.0000 -0.0026
vn -0.2007 -0.9796 -0.0124
vn -0.0007 -0.7089 0.7053
vn -0.0932 -0.7311 0.6759
vn -0.0007 0.0027 1.0000
vn 0.0651 -0.0479 0.9967
vn -0.0021 0.7090 0.7052
vn 0.1686 0.6830 0.7107
vn 0.2061 0.5533 -0.8071
vn 0.6515 0.7421 -0.1576
vn -0.3321 0.0508 -0.9419
vn -0.6719 -0.4649 -0.5765
vn -0.6715 -0.7368 0.0792
vn -0.3303 -0.6304 0.7025
vn 0.2078 -0.1786 0.9617
vn 0.6516 0.4140 0.6356
vn 0.3412 0.4296 -0.8361
vn 0.9035 0.3048 -0.3013
vn -0.4183 0.2757 -0.8654
vn -0.9125 -0.0353 -0.4076
vn -0.9107 -0.3222 0.2584
vn -0.4132 -0.4397 0.7975
vn 0.3511 -0.3087 0.8840
vn 0.9100 -0.0023 0.4146
vn 0.3651 0.3637 -0.8570
vn 0.9191 0.1452 -0.3664
vn -0.3810 0.3674 -0.8485
vn -0.9223 0.1582 -0.3526
vn -0.9179 -0.1471 0.3685
vn -0.3723 -0.3557 0.8572
vn 0.3675 -0.3626 0.8564
vn 0.9173 -0.1637 0.3629
vn 0.3829 0.2265 -0.8956
vn 0.9287 0.0801 -0.3620
vn -0.3782 0.2342 -0.8956
vn -0.9317 0.0968 -0.3500
vn -0.9022 -0.1020 0.4190
vn -0.3513 -0.2299 0.9076
vn 0.3667 -0.2351 0.9001
vn 0.9095 -0.1157 0.3993
vn 0.3802 -0.0314 -0.9244
vn 0.3720 -0.3862 -0.8441
vn 0.9316 -0.1701 -0.3211
vn 0.9314 -0.0036 -0.3641
vn -0.3929 -0.0480 -0.9183
vn -0.4116 -0.3666 -0.8344
vn -0.9384 -0.0363 -0.3437
vn -0.9432 -0.1182 -0.3104
vn -0.8992 0.0160 0.4373
vn -0.8972 0.2163 0.3849
vn -0.3528 0.0664 0.9333
vn -0.3544 0.4234 0.8338
vn 0.3661 0.0724 0.9278
vn 0.3596 0.4056 0.8404
vn 0.9073 0.0374 0.4188
vn 0.9045 0.1679 0.3919
vn 0.3568 -0.7379 -0.5730
vn 0.3107 -0.9311 -0.1911
vn 0.9012 -0.4331 -0.0170
vn 0.9225 -0.3333 -0.1948
vn -0.4198 -0.6862 -0.5940
vn -0.4532 -0.8568 -0.2460
vn -0.9507 -0.1963 -0.2401
vn -0.9566 -0.2496 -0.1504
vn -0.8753 0.4090 0.2580
vn -0.8616 0.5061 0.0385
vn -0.3205 0.7476 0.5817
vn -0.2948 0.9354 0.1951
vn 0.3791 0.7007 0.6044
vn 0.4040 0.8803 0.2487
vn 0.9100 0.2795 0.3062
vn 0.9221 0.3470 0.1709
vn 0.2702 -0.9335 0.2355
vn 0.2189 -0.7557 0.6172
vn 0.8498 -0.3518 0.3926
vn 0.8800 -0.4299 0.2018
vn -0.4957 -0.8593 0.1263
vn -0.5381 -0.6997 0.4700
vn -0.9682 -0.2408 -0.0680
vn -0.9790 -0.2032 0.0173
vn -0.8290 0.5158 -0.2163
vn -0.8010 0.4100 -0.4363
vn -0.2432 0.9411 -0.2348
vn -0.1958 0.7602 -0.6195
vn 0.4496 0.8830 -0.1345
vn 0.4959 0.7197 -0.4859
vn 0.9365 0.3482 0.0420
vn 0.9560 0.2822 -0.0802
vn 0.1605 -0.4232 0.8917
vn 0.0929 -0.0054 0.9957
vn 0.7753 0.0862 0.6257
vn 0.8227 -0.1747 0.5409
vn -0.5951 -0.4069 0.6931
vn -0.6378 -0.0910 0.7648
vn -0.9889 -0.1415 0.0455
vn -0.9904 -0.1289 0.0503
vn -0.7651 0.2030 -0.6111
vn -0.7306 -0.0860 -0.6773
vn -0.1440 0.4238 -0.8942
vn -0.0939 0.0036 -0.9956
vn 0.5402 0.4298 -0.7235
vn 0.5842 0.0913 -0.8064
vn 0.9688 0.1957 -0.1519
vn 0.9795 0.1307 -0.1533
vn 0.0305 0.4282 0.9032
vn -0.0411 0.7659 0.6416
vn 0.6740 0.6286 0.3882
vn 0.7364 0.3825 0.5580
vn -0.6945 0.2081 0.6888
vn -0.7338 0.4460 0.5125
vn -0.9876 -0.1532 0.0346
vn -0.9842 -0.1676 0.0577
vn -0.6763 -0.4057 -0.6148
vn -0.6283 -0.6572 -0.4163
vn -0.0280 -0.4262 -0.9042
vn 0.0380 -0.7669 -0.6407
vn 0.6340 -0.2323 -0.7376
vn 0.6879 -0.4858 -0.5393
vn 0.9839 0.0991 -0.1488
vn 0.9884 0.0923 -0.1205
vn -0.1161 0.9606 0.2527
vn -0.1687 0.9685 -0.1832
vn 0.5718 0.7868 -0.2326
vn 0.6314 0.7702 0.0901
vn -0.7926 0.5520 0.2591
vn -0.8219 0.5693 -0.0203
vn -0.9720 -0.2099 0.1058
vn -0.9647 -0.2057 0.1647
vn -0.5723 -0.8134 -0.1046
vn -0.5202 -0.8198 0.2395
vn 0.1025 -0.9623 -0.2520
vn 0.1690 -0.9685 0.1828
vn 0.7308 -0.6257 -0.2727
vn 0.7835 -0.6206 0.0315
vn 0.9868 0.0856 -0.1375
vn 0.9830 0.1122 -0.1450
vn -0.2368 0.7831 -0.5751
vn -0.2750 0.4509 -0.8491
vn 0.4830 0.3604 -0.7980
vn 0.5368 0.6432 -0.5461
vn -0.8674 0.4356 -0.2406
vn -0.8814 0.2738 -0.3849
vn -0.9505 -0.1815 0.2520
vn -0.9397 -0.0767 0.3333
vn -0.4819 -0.6650 0.5706
vn -0.4441 -0.3673 0.8172
vn 0.2102 -0.7886 0.5778
vn 0.2541 -0.4552 0.8534
vn 0.8085 -0.5110 0.2919
vn 0.8404 -0.3073 0.4464
vn 0.9809 0.0843 -0.1753
vn 0.9670 0.0368 -0.2522
vn -0.3211 0.0465 -0.9459
vn -0.3538 -0.3660 -0.8607
vn 0.4105 -0.4079 -0.8156
vn 0.4564 -0.0124 -0.8897
vn -0.9091 0.0807 -0.4086
vn -0.9201 -0.0950 -0.3799
vn -0.9210 0.0681 0.3835
vn -0.9085 0.2385 0.3432
vn -0.4095 0.0147 0.9122
vn -0.3767 0.4135 0.8289
vn 0.2874 -0.0466 0.9567
vn 0.3235 0.3693 0.8712
vn 0.8576 -0.0841 0.5074
vn 0.8809 0.1295 0.4553
vn 0.9603 -0.0699 -0.2700
vn 0.9433 -0.2021 -0.2631
vn -0.3956 -0.6840 -0.6129
vn -0.4285 -0.8679 -0.2515
vn 0.3380 -0.9186 -0.2049
vn 0.3801 -0.7262 -0.5728
vn -0.9394 -0.2088 -0.2720
vn -0.9498 -0.2763 -0.1467
vn -0.8882 0.3951 0.2345
vn -0.8723 0.4865 0.0494
vn -0.3418 0.7388 0.5809
vn -0.3082 0.9283 0.2079
vn 0.3566 0.6961 0.6231
vn 0.3914 0.8839 0.2560
vn 0.8959 0.2876 0.3387
vn 0.9149 0.3666 0.1689
vn 0.9332 -0.3168 -0.1696
vn 0.9140 -0.4048 -0.0281
vn -0.4682 -0.8723 0.1409
vn -0.4995 -0.7135 0.4913
vn 0.2623 -0.7583 0.5968
vn 0.3032 -0.9292 0.2113
vn -0.9636 -0.2662 -0.0242
vn -0.9718 -0.2243 0.0730
vn -0.8502 0.4971 -0.1734
vn -0.8314 0.3992 -0.3864
vn -0.2729 0.9380 -0.2139
vn -0.2385 0.7629 -0.6010
vn 0.4238 0.8942 -0.1443
vn 0.4579 0.7313 -0.5055
vn 0.9280 0.3725 0.0031
vn 0.9438 0.3027 -0.1329
vn 0.8999 -0.4077 0.1546
vn 0.8776 -0.3374 0.3404
vn -0.5397 -0.4189 0.7302
vn -0.5661 -0.0676 0.8216
vn 0.1844 -0.0160 0.9827
vn 0.2257 -0.4283 0.8750
vn -0.9818 -0.1489 0.1183
vn -0.9866 -0.0825 0.1406
vn -0.8068 0.2071 -0.5534
vn -0.7864 -0.0462 -0.6160
vn -0.2028 0.4310 -0.8793
vn -0.1678 0.0149 -0.9857
vn 0.4890 0.4344 -0.7564
vn 0.5225 0.0677 -0.8499
vn 0.9540 0.2019 -0.2215
vn 0.9671 0.0852 -0.2399
vn 0.8615 -0.1695 0.4787
vn 0.8339 0.0481 0.5499
vn -0.6090 0.2838 0.7407
vn -0.6290 0.5603 0.5390
vn 0.1056 0.7625 0.6383
vn 0.1474 0.4170 0.8969
vn -0.9929 -0.0369 0.1131
vn -0.9949 -0.0036 0.1009
vn -0.7587 -0.3246 -0.5648
vn -0.7370 -0.5521 -0.3898
vn -0.1318 -0.4169 -0.8993
vn -0.0964 -0.7639 -0.6381
vn 0.5517 -0.2988 -0.7787
vn 0.5850 -0.5861 -0.5606
vn 0.9738 -0.0144 -0.2269
vn 0.9840 -0.0706 -0.1639
vn 0.8183 0.2926 0.4947
vn 0.7836 0.5101 0.3546
vn -0.6737 0.7009 0.2341
vn -0.6893 0.7192 -0.0871
vn 0.0269 0.9807 -0.1938
vn 0.0679 0.9672 0.2447
vn -0.9967 -0.0170 0.0791
vn -0.9966 -0.0040 0.0820
vn -0.7067 -0.6974 -0.1187
vn -0.6835 -0.7035 0.1946
vn -0.0604 -0.9675 -0.2454
vn -0.0247 -0.9807 0.1938
vn 0.6119 -0.7510 -0.2484
vn 0.6445 -0.7587 0.0945
vn 0.9876 -0.1099 -0.1119
vn 0.9939 -0.0906 -0.0635
vn 0.7697 0.6302 0.1019
vn 0.7289 0.6590 -0.1856
vn -0.7323 0.5780 -0.3601
vn -0.7472 0.3565 -0.5609
vn -0.0518 0.4644 -0.8841
vn -0.0124 0.8029 -0.5959
vn -0.9936 -0.0148 0.1120
vn -0.9914 0.0227 0.1286
vn -0.6516 -0.5737 0.4962
vn -0.6261 -0.3141 0.7136
vn 0.0112 -0.8026 0.5964
vn 0.0472 -0.4653 0.8839
vn 0.6692 -0.6282 0.3968
vn 0.7005 -0.3797 0.6042
vn 0.9953 -0.0911 -0.0333
vn 0.9968 -0.0681 -0.0416
vn 0.7146 0.5270 -0.4600
vn 0.6713 0.2961 -0.6795
vn -0.7845 0.0835 -0.6145
vn -0.8011 -0.1842 -0.5694
vn -0.1308 -0.3923 -0.9105
vn -0.0925 0.0445 -0.9947
vn -0.9841 0.0747 0.1609
vn -0.9791 0.1478 0.1394
vn -0.5935 0.0212 0.8046
vn -0.5655 0.3748 0.7346
vn 0.0828 -0.0433 0.9956
vn 0.1188 0.3918 0.9124
vn 0.7236 -0.0864 0.6848
vn 0.7526 0.2084 0.6246
vn 0.9963 -0.0795 -0.0340
vn 0.9931 -0.1071 -0.0468
vn 0.6530 -0.0212 -0.7571
vn 0.6110 -0.3621 -0.7040
vn -0.8314 -0.3758 -0.4094
vn -0.8490 -0.4896 -0.1986
vn -0.2092 -0.9409 -0.2664
vn -0.1717 -0.7373 -0.6534
vn -0.9685 0.2306 0.0936
vn -0.9602 0.2793 -0.0059
vn -0.5325 0.6700 0.5173
vn -0.5024 0.8451 0.1827
vn 0.1541 0.7399 0.6548
vn 0.1900 0.9445 0.2680
vn 0.7745 0.4340 0.4602
vn 0.8007 0.5586 0.2165
vn 0.9900 -0.1401 -0.0157
vn 0.9829 -0.1812 0.0324
vn 0.5863 -0.6413 -0.4950
vn 0.5467 -0.8188 -0.1751
vn -0.8738 -0.4858 0.0222
vn -0.8897 -0.4049 0.2110
vn -0.2860 -0.7851 0.5494
vn -0.2501 -0.9548 0.1609
vn -0.9467 0.2927 -0.1348
vn -0.9354 0.2337 -0.2655
vn -0.4689 0.8597 -0.2027
vn -0.4372 0.7031 -0.5608
vn 0.2248 0.9609 -0.1615
vn 0.2604 0.7907 -0.5541
vn 0.8210 0.5697 -0.0372
vn 0.8448 0.4685 -0.2586
vn 0.9767 -0.1822 0.1137
vn 0.9657 -0.1551 0.2085
vn 0.5169 -0.8332 0.1965
vn 0.4778 -0.6864 0.5482
vn -0.9114 -0.2527 0.3247
vn -0.9232 -0.0887 0.3739
vn -0.3600 -0.0678 0.9305
vn -0.3281 -0.4628 0.8235
vn -0.9184 0.1141 -0.3788
vn -0.9051 -0.0554 -0.4215
vn -0.4029 0.3977 -0.8243
vn -0.3703 0.0093 -0.9289
vn 0.2946 0.4695 -0.8324
vn 0.3299 0.0675 -0.9416
vn 0.8625 0.2982 -0.4090
vn 0.8845 0.0917 -0.4575
vn 0.9569 -0.0640 0.2832
vn 0.9408 0.0595 0.3337
vn 0.4461 -0.3883 0.8063
vn 0.4045 -0.0098 0.9145
vn -0.9430 0.0608 0.3271
vn -0.9505 0.1778 0.2546
vn -0.4316 0.6574 0.6177
vn -0.4052 0.3369 0.8499
vn -0.8842 -0.2514 -0.3936
vn -0.8696 -0.4146 -0.2680
vn -0.3352 -0.4009 -0.8526
vn -0.3018 -0.7344 -0.6080
vn 0.3629 -0.3419 -0.8668
vn 0.3981 -0.6691 -0.6275
vn 0.8986 -0.1034 -0.4265
vn 0.9190 -0.2426 -0.3108
vn 0.9313 0.2095 0.2979
vn 0.9086 0.3566 0.2174
vn 0.3737 0.3955 0.8390
vn 0.3287 0.7269 0.6030
vn -0.9673 0.2130 0.1381
vn -0.9721 0.2319 0.0359
vn -0.5016 0.8571 -0.1171
vn -0.4797 0.8363 0.2656
vn -0.8450 -0.5300 -0.0714
vn -0.8287 -0.5346 0.1656
vn -0.2661 -0.9355 -0.2324
vn -0.2320 -0.9535 0.1924
vn 0.4297 -0.8605 -0.2737
vn 0.4646 -0.8773 0.1203
vn 0.9295 -0.3275 -0.1697
vn 0.9475 -0.3193 -0.0200
vn 0.8995 0.4345 0.0457
vn 0.8703 0.4680 -0.1535
vn 0.2988 0.9262 0.2298
vn 0.2521 0.9487 -0.1910
vn -0.9839 0.1761 -0.0301
vn -0.9873 0.1344 -0.0844
vn -0.5706 0.4265 -0.7018
vn -0.5497 0.7004 -0.4552
vn -0.8014 -0.4419 0.4031
vn -0.7825 -0.2375 0.5756
vn -0.1960 -0.7844 0.5884
vn -0.1611 -0.4565 0.8750
vn 0.4946 -0.7281 0.4746
vn 0.5288 -0.4404 0.7256
vn 0.9552 -0.2773 0.1030
vn 0.9694 -0.1792 0.1678
vn 0.8606 0.3698 -0.3500
vn 0.8274 0.2082 -0.5216
vn 0.2209 0.7808 -0.5845
vn 0.1753 0.4549 -0.8731
vn -0.9936 0.0840 -0.0759
vn -0.9955 0.0526 -0.0791
vn -0.6374 -0.2569 -0.7265
vn -0.6147 0.0868 -0.7840
vn -0.7539 0.0308 0.6563
vn -0.7317 0.3207 0.6014
vn -0.1251 -0.0388 0.9914
vn -0.0897 0.3963 0.9137
vn 0.5576 -0.0890 0.8253
vn 0.5904 0.2706 0.7604
vn 0.9754 -0.0906 0.2011
vn 0.9849 -0.0125 0.1729
vn 0.8143 -0.0334 -0.5795
vn 0.7802 -0.2992 -0.5492
vn 0.1410 0.0405 -0.9892
vn 0.0978 -0.3969 -0.9126
vn -0.9967 0.0536 -0.0604
vn -0.9963 0.0534 -0.0679
vn -0.6998 -0.6714 -0.2441
vn -0.6754 -0.5162 -0.5267
vn -0.7024 0.5704 0.4258
vn -0.6773 0.7212 0.1453
vn -0.0536 0.7506 0.6585
vn -0.0179 0.9629 0.2694
vn 0.6181 0.5523 0.5594
vn 0.6491 0.7161 0.2566
vn 0.9891 0.0384 0.1422
vn 0.9941 0.0498 0.0968
vn 0.7615 -0.5218 -0.3846
vn 0.7281 -0.6729 -0.1309
vn 0.0604 -0.7495 -0.6593
vn 0.0194 -0.9630 -0.2688
vn -0.9934 0.0662 -0.0937
vn -0.9901 0.0479 -0.1319
vn -0.7559 -0.5647 0.3312
vn -0.7330 -0.6775 0.0610
vn -0.6471 0.7397 -0.1847
vn -0.6198 0.6080 -0.4962
vn 0.0180 0.9853 -0.1701
vn 0.0540 0.8154 -0.5764
vn 0.6755 0.7341 -0.0698
vn 0.7049 0.6090 -0.3637
vn 0.9959 0.0532 0.0729
vn 0.9968 0.0393 0.0698
vn 0.7042 -0.6882 0.1745
vn 0.6699 -0.5735 0.4716
vn -0.0201 -0.9852 0.1701
vn -0.0593 -0.8154 0.5758
vn -0.9832 0.0077 -0.1821
vn -0.9776 -0.0675 -0.1993
vn -0.8057 -0.0958 0.5845
vn -0.7875 -0.3473 0.5090
vn -0.5882 0.3436 -0.7321
vn -0.5595 0.0009 -0.8288
vn 0.0896 0.4850 -0.8699
vn 0.1257 0.0663 -0.9899
vn 0.7291 0.3813 -0.5684
vn 0.7574 0.0985 -0.6454
vn 0.9959 0.0505 0.0753
vn 0.9925 0.0735 0.0980
vn 0.6441 -0.3230 0.6934
vn 0.6056 0.0003 0.7957
vn -0.1005 -0.4833 0.8696
vn -0.1373 -0.0672 0.9882
vn -0.9663 -0.1680 -0.1952
vn -0.9590 -0.2547 -0.1246
vn -0.8501 0.3446 0.3981
vn -0.8375 0.1495 0.5255
vn -0.5263 -0.3686 -0.7662
vn -0.4967 -0.6726 -0.5486
vn 0.1609 -0.3674 -0.9161
vn 0.1969 -0.7188 -0.6667
vn 0.7786 -0.1799 -0.6012
vn 0.8061 -0.3937 -0.4417
vn 0.9894 0.1203 0.0819
vn 0.9807 0.1854 0.0621
vn 0.5812 0.3544 0.7325
vn 0.5371 0.6537 0.5331
vn -0.1810 0.3678 0.9121
vn -0.2142 0.7158 0.6647
vn -0.9430 -0.3324 -0.0144
vn -0.9340 -0.3319 0.1322
vn -0.8900 0.4559 -0.0060
vn -0.8810 0.4308 0.1956
vn -0.4622 -0.8621 -0.2075
vn -0.4314 -0.8833 0.1837
vn 0.2314 -0.9290 -0.2887
vn 0.2673 -0.9538 0.1372
vn 0.8239 -0.5213 -0.2224
vn 0.8501 -0.5264 0.0178
vn 0.9764 0.2153 -0.0191
vn 0.9619 0.2467 -0.1181
vn 0.5146 0.8338 0.1997
vn 0.4664 0.8660 -0.1802
vn -0.2605 0.9223 0.2854
vn -0.2902 0.9472 -0.1365
vn -0.9144 -0.2816 0.2910
vn -0.9027 -0.1421 0.4062
vn -0.9250 0.2446 -0.2909
vn -0.9169 0.3627 -0.1668
vn -0.3963 -0.7310 0.5555
vn -0.3641 -0.4266 0.8279
vn 0.3009 -0.7947 0.5271
vn 0.3365 -0.4821 0.8089
vn 0.8650 -0.4479 0.2261
vn 0.8885 -0.2834 0.3608
vn 0.9563 0.1873 -0.2243
vn 0.9369 0.1019 -0.3344
vn 0.4433 0.7140 -0.5419
vn 0.3949 0.4203 -0.8170
vn -0.3377 0.7845 -0.5202
vn -0.3659 0.4758 -0.7999
vn -0.8807 0.0435 0.4717
vn -0.8654 0.2530 0.4324
vn -0.9538 -0.0408 -0.2978
vn -0.9456 0.0950 -0.3112
vn -0.3287 -0.0320 0.9439
vn -0.2952 0.3840 0.8749
vn 0.3693 -0.0907 0.9249
vn 0.4043 0.3152 0.8586
vn 0.9017 -0.1024 0.4200
vn 0.9213 0.0753 0.3814
vn 0.9287 -0.0496 -0.3674
vn 0.9064 -0.2235 -0.3585
vn 0.3677 0.0331 -0.9293
vn 0.3221 -0.3814 -0.8665
vn -0.4116 0.0899 -0.9069
vn -0.4408 -0.3098 -0.8425
vn -0.8420 0.4429 0.3079
vn -0.8228 0.5603 0.0947
vn -0.9756 -0.1752 -0.1323
vn -0.9679 -0.1250 -0.2181
vn -0.2596 0.7289 0.6334
vn -0.2263 0.9391 0.2585
vn 0.4363 0.6397 0.6328
vn 0.4699 0.8343 0.2884
vn 0.9332 0.2073 0.2936
vn 0.9491 0.2707 0.1611
vn 0.8938 -0.3745 -0.2467
vn 0.8694 -0.4884 -0.0750
vn 0.2897 -0.7214 -0.6290
vn 0.2485 -0.9339 -0.2571
vn -0.4825 -0.6221 -0.6166
vn -0.5131 -0.8118 -0.2786
vn -0.7948 0.5841 -0.1646
vn -0.7689 0.4705 -0.4329
vn -0.9877 -0.1538 -0.0289
vn -0.9852 -0.1624 -0.0542
vn -0.1863 0.9673 -0.1719
vn -0.1473 0.8036 -0.5766
vn 0.5048 0.8584 -0.0910
vn 0.5389 0.7264 -0.4266
vn 0.9602 0.2767 0.0380
vn 0.9699 0.2414 -0.0321
vn 0.8500 -0.5061 0.1458
vn 0.8129 -0.4220 0.4014
vn 0.2079 -0.9634 0.1692
vn 0.1466 -0.8043 0.5759
vn -0.5557 -0.8262 0.0925
vn -0.5963 -0.6948 0.4020
vn -0.7213 0.2429 -0.6486
vn -0.6804 -0.0395 -0.7317
vn -0.9912 -0.1295 -0.0283
vn -0.9885 -0.1460 -0.0397
vn -0.0864 0.4792 -0.8734
vn -0.0258 0.0661 -0.9975
vn 0.5869 0.4725 -0.6574
vn 0.6392 0.1378 -0.7566
vn 0.9768 0.2039 -0.0660
vn 0.9879 0.1361 -0.0748
vn 0.7782 -0.2041 0.5939
vn 0.7330 0.0481 0.6786
vn 0.0957 -0.4766 0.8739
vn 0.0362 -0.0663 0.9971
vn -0.6425 -0.4553 0.6163
vn -0.6829 -0.1404 0.7169
vn -0.6396 -0.3584 -0.6800
vn -0.6010 -0.6249 -0.4983
vn -0.9871 -0.1587 -0.0227
vn -0.9890 -0.1428 -0.0382
vn 0.0257 -0.3698 -0.9287
vn 0.0783 -0.7285 -0.6806
vn 0.6769 -0.1953 -0.7097
vn 0.7215 -0.4611 -0.5166
vn 0.9922 0.0958 -0.0797
vn 0.9953 0.0856 -0.0445
vn 0.6994 0.3390 0.6292
vn 0.6545 0.5921 0.4701
vn -0.0299 0.3701 0.9285
vn -0.0723 0.7282 0.6816
vn -0.7380 0.1719 0.6525
vn -0.7620 0.4282 0.4858
vn -0.5733 -0.7951 -0.1975
vn -0.5484 -0.8205 0.1615
vn -0.9768 -0.1940 0.0910
vn -0.9805 -0.1964 0.0097
vn 0.1083 -0.9490 -0.2960
vn 0.1409 -0.9799 0.1412
vn 0.7412 -0.6250 -0.2449
vn 0.7685 -0.6380 0.0485
vn 0.9963 0.0720 -0.0466
vn 0.9920 0.1009 -0.0764
vn 0.6335 0.7505 0.1885
vn 0.5915 0.7913 -0.1545
vn -0.1225 0.9479 0.2941
vn -0.1516 0.9783 -0.1412
vn -0.8039 0.5533 0.2180
vn -0.8122 0.5819 -0.0418
vn -0.5236 -0.6849 0.5067
vn -0.5034 -0.4051 0.7632
vn -0.9623 -0.0861 0.2581
vn -0.9664 -0.1744 0.1886
vn 0.1650 -0.8202 0.5478
vn 0.1903 -0.4989 0.8455
vn 0.7817 -0.5404 0.3113
vn 0.8038 -0.3353 0.4913
vn 0.9907 0.0694 -0.1168
vn 0.9834 0.0407 -0.1768
vn 0.5809 0.6542 -0.4843
vn 0.5443 0.3944 -0.7404
vn -0.1858 0.8173 -0.5454
vn -0.2062 0.4952 -0.8440
vn -0.8424 0.4699 -0.2638
vn -0.8478 0.3009 -0.4366
vn -0.4768 -0.0393 0.8781
vn -0.4542 0.3606 0.8147
vn -0.9412 0.1926 0.2774
vn -0.9498 0.0291 0.3114
vn 0.2166 -0.0888 0.9722
vn 0.2422 0.3350 0.9106
vn 0.8173 -0.0920 0.5689
vn 0.8358 0.1338 0.5325
vn 0.9809 -0.0352 -0.1912
vn 0.9678 -0.1601 -0.1940
vn 0.5296 0.0434 -0.8471
vn 0.4819 -0.3552 -0.8010
vn -0.2425 0.0864 -0.9663
vn -0.2790 -0.3329 -0.9008
vn -0.8739 0.0799 -0.4795
vn -0.8835 -0.1045 -0.4565
vn -0.4074 0.6979 0.5890
vn -0.3646 0.9012 0.2344
vn -0.8978 0.4397 0.0232
vn -0.9172 0.3520 0.1867
vn 0.2878 0.6760 0.6784
vn 0.3329 0.8874 0.3191
vn 0.8579 0.3012 0.4162
vn 0.8842 0.4023 0.2373
vn 0.9553 -0.2738 -0.1114
vn 0.9342 -0.3567 0.0051
vn 0.4519 -0.6832 -0.5736
vn 0.3951 -0.8899 -0.2282
vn -0.3195 -0.6677 -0.6723
vn -0.3692 -0.8742 -0.3154
vn -0.9069 -0.2303 -0.3528
vn -0.9245 -0.3161 -0.2129
vn -0.3085 0.9342 -0.1791
vn -0.2550 0.7861 -0.5631
vn -0.8399 0.3813 -0.3864
vn -0.8664 0.4637 -0.1852
vn 0.3863 0.9188 -0.0808
vn 0.4422 0.7775 -0.4471
vn 0.9074 0.4158 0.0616
vn 0.9322 0.3515 -0.0861
vn 0.9133 -0.3695 0.1711
vn 0.8840 -0.3094 0.3505
vn 0.3426 -0.9227 0.1769
vn 0.2780 -0.7718 0.5719
vn -0.4276 -0.9005 0.0792
vn -0.4858 -0.7555 0.4395
vn -0.9467 -0.3128 -0.0767
vn -0.9621 -0.2709 0.0319
vn -0.2038 0.4771 -0.8549
vn -0.1653 0.1860 -0.9686
vn -0.7999 0.0515 -0.5979
vn -0.8062 0.2004 -0.5566
vn 0.4891 0.5010 -0.7140
vn 0.5447 0.2149 -0.8106
vn 0.9488 0.2561 -0.1848
vn 0.9727 0.1270 -0.1942
vn 0.8581 -0.1489 0.4914
vn 0.8302 -0.0250 0.5569
vn 0.2228 -0.4534 0.8630
vn 0.1927 -0.1462 0.9703
vn -0.5406 -0.4773 0.6928
vn -0.5541 -0.1858 0.8114
vn -0.9754 -0.2035 0.0845
vn -0.9821 -0.1112 0.1523
vn -0.1540 -0.1750 -0.9724
vn -0.1456 -0.4308 -0.8906
vn -0.8030 -0.2695 -0.5315
vn -0.7781 -0.1541 -0.6089
vn 0.5437 -0.1215 -0.8304
vn 0.5822 -0.3426 -0.7373
vn 0.9713 -0.0072 -0.2379
vn 0.9875 -0.0566 -0.1470
vn 0.8405 0.1420 0.5228
vn 0.8030 0.2588 0.5369
vn 0.1694 0.2187 0.9610
vn 0.1603 0.4186 0.8939
vn -0.6067 0.1444 0.7817
vn -0.5661 0.3455 0.7484
vn -0.9937 -0.0290 0.1085
vn -0.9844 0.0637 0.1642
vn -0.1242 -0.3631 -0.9234
vn -0.7958 -0.0933 -0.5984
vn 0.6022 -0.4242 -0.6763
vn 0.9661 -0.2506 -0.0623
vn 0.8129 0.0549 0.5799
vn 0.2042 0.3372 0.9190
vn -0.5486 0.4160 0.7252
vn -0.9696 0.2261 0.0937
vn -0.0437 -0.3271 -0.9440
vn -0.5531 0.2550 -0.7931
vn 0.4601 -0.6956 -0.5517
vn 0.7097 -0.6947 0.1174
vn 0.6036 -0.3377 0.7223
vn 0.1844 0.2016 0.9620
vn -0.3633 0.6464 0.6710
vn -0.7093 0.7001 -0.0827
vn -0.0195 -0.2648 -0.9641
vn -0.1487 0.5049 -0.8503
vn 0.1339 -0.8526 -0.5051
vn 0.2126 -0.9527 0.2170
vn 0.1790 -0.5450 0.8191
vn 0.0476 0.1725 0.9839
vn -0.1054 0.8153 0.5693
vn -0.1795 0.9620 -0.2056
vn 0.0004 -0.2159 -0.9764
vn 0.0016 0.5398 -0.8418
vn 0.0010 -0.8456 -0.5338
vn 0.0021 -0.9759 0.2182
vn 0.0015 -0.5397 0.8419
vn 0.0004 0.2159 0.9764
vn 0.0010 0.8456 0.5337
vn 0.0022 0.9759 -0.2182
vt 0.410417 0.436882
vt 0.410417 0.512762
vt 0.355677 0.512762
vt 0.355677 0.436882
vt 0.168143 0.149655
vt 0.168442 0.179796
vt 0.063225 0.179592
vt 0.062938 0.150701
vt 0.059517 0.034552
vt 0.059028 0.083807
vt 0.004901 0.034545
vt 0.005047 0.019831
vt 0.461488 0.028667
vt 0.461724 0.004881
vt 0.561090 0.004881
vt 0.564739 0.029694
vt 0.482461 0.830760
vt 0.377250 0.830760
vt 0.377250 0.754880
vt 0.482461 0.754880
vt 0.542745 0.512762
vt 0.443377 0.512762
vt 0.443377 0.436882
vt 0.542745 0.436882
vt 0.580127 0.754881
vt 0.594842 0.754880
vt 0.594842 0.830762
vt 0.580127 0.830762
vt 0.492221 0.830762
vt 0.492221 0.754881
vt 0.565412 0.754881
vt 0.565412 0.830762
vt 0.059490 0.668887
vt 0.059490 0.744763
vt 0.004879 0.744763
vt 0.004879 0.668887
vt 0.008614 0.180135
vt 0.008468 0.165421
vt 0.015456 0.436882
vt 0.026025 0.436882
vt 0.026025 0.512762
vt 0.015456 0.512762
vt 0.627628 0.658762
vt 0.627628 0.582887
vt 0.967061 0.582887
vt 0.967061 0.658762
vt 0.648805 0.030529
vt 0.648363 0.075041
vt 0.631530 0.077241
vt 0.616547 0.058786
vt 0.593801 0.029982
vt 0.594049 0.005118
vt 0.648787 0.005529
vt 0.252274 0.668887
vt 0.281464 0.668887
vt 0.281464 0.744763
vt 0.252274 0.744763
vt 0.901995 0.316764
vt 0.850138 0.316764
vt 0.850138 0.240884
vt 0.901995 0.240884
vt 0.252286 0.036468
vt 0.252596 0.005286
vt 0.281787 0.005230
vt 0.281473 0.036758
vt 0.336865 0.159910
vt 0.337066 0.180123
vt 0.285207 0.180023
vt 0.284893 0.148495
vt 0.059804 0.005660
vt 0.165022 0.005456
vt 0.164723 0.035598
vt 0.164704 0.668887
vt 0.164704 0.744763
vt 0.717265 0.744764
vt 0.681309 0.744764
vt 0.681309 0.668884
vt 0.717265 0.668884
vt 0.197330 0.149365
vt 0.197634 0.179853
vt 0.256016 0.179966
vt 0.255706 0.148785
vt 0.226825 0.179910
vt 0.226518 0.149075
vt 0.813151 0.744764
vt 0.777195 0.744764
vt 0.777195 0.668884
vt 0.813151 0.668884
vt 0.747230 0.744764
vt 0.747230 0.668884
vt 0.194213 0.005400
vt 0.193910 0.035888
vt 0.223404 0.005343
vt 0.223098 0.036178
vt 0.193894 0.668887
vt 0.193894 0.744763
vt 0.223084 0.668887
vt 0.223084 0.744763
vt 0.222884 0.057667
vt 0.252005 0.064729
vt 0.193629 0.064149
vt 0.164233 0.084853
vt 0.226305 0.127586
vt 0.197050 0.121104
vt 0.255425 0.120523
vt 0.284404 0.099239
vt 0.167653 0.100400
vt 0.336257 0.098724
vt 0.280984 0.086013
vt 0.461111 0.087772
vt 0.555368 0.072667
vt 0.549203 0.088351
vt 0.597468 0.180135
vt 0.597221 0.155270
vt 0.652224 0.154724
vt 0.652206 0.179724
vt 0.004888 0.436882
vt 0.004888 0.512762
vt 0.062448 0.101445
vt 0.008321 0.150708
vt 0.568158 0.155559
vt 0.464907 0.156585
vt 0.558788 0.112586
vt 0.571901 0.128047
vt 0.005193 0.005118
vt 0.439085 0.078462
vt 0.443194 0.087626
vt 0.568481 0.057205
vt 0.564510 0.180372
vt 0.465144 0.180372
vt 0.988541 0.128762
vt 0.900446 0.128762
vt 0.900446 0.052882
vt 0.988541 0.052882
vt 0.576085 0.512762
vt 0.576085 0.436882
vt 0.428152 0.028336
vt 0.428384 0.004945
vt 0.359858 0.025449
vt 0.360061 0.005078
vt 0.393007 0.005014
vt 0.392779 0.027984
vt 0.644410 0.512762
vt 0.611463 0.512762
vt 0.611463 0.436882
vt 0.644410 0.436882
vt 0.359249 0.086791
vt 0.392191 0.087119
vt 0.422229 0.106993
vt 0.396199 0.157268
vt 0.395611 0.098134
vt 0.417939 0.097912
vt 0.431572 0.156917
vt 0.431804 0.180307
vt 0.396427 0.180239
vt 0.983683 0.316764
vt 0.961353 0.316764
vt 0.961353 0.240884
vt 0.983683 0.240884
vt 0.882528 0.052882
vt 0.882528 0.128762
vt 0.834000 0.264923
vt 0.834000 0.275897
vt 0.758120 0.275898
vt 0.758120 0.264923
vt 0.758120 0.254880
vt 0.834000 0.254880
vt 0.834000 0.286872
vt 0.834000 0.296914
vt 0.758120 0.296914
vt 0.758120 0.286872
vt 0.786172 0.076878
vt 0.786172 0.102973
vt 0.710286 0.102973
vt 0.710286 0.076878
vt 0.964154 0.802880
vt 0.964154 0.823154
vt 0.888271 0.823154
vt 0.888271 0.802880
vt 0.888271 0.840007
vt 0.964154 0.840007
vt 0.332837 0.086529
vt 0.333445 0.025343
vt 0.796407 0.113489
vt 0.796407 0.089718
vt 0.872286 0.089718
vt 0.872286 0.113489
vt 0.796407 0.064880
vt 0.872286 0.064880
vt 0.792865 0.801671
vt 0.792865 0.821886
vt 0.716987 0.821886
vt 0.716987 0.801671
vt 0.792865 0.775258
vt 0.716987 0.775258
vt 0.363278 0.159804
vt 0.362669 0.098461
vt 0.363481 0.180175
vt 0.928409 0.316764
vt 0.928409 0.240884
vt 0.333646 0.005129
vt 0.333321 0.668887
vt 0.333321 0.744763
vt 0.716987 0.754886
vt 0.792865 0.754886
vt 0.428989 0.074162
vt 0.418809 0.078260
vt 0.442505 0.106791
vt 0.432409 0.111091
vt 0.446614 0.097627
vt 0.464530 0.097481
vt 0.414519 0.087341
vt 0.552623 0.096902
vt 0.596873 0.135611
vt 0.593454 0.049642
vt 0.984912 0.167176
vt 0.651782 0.110212
vt 0.987980 0.157065
vt 0.981843 0.177288
vt 0.619966 0.126466
vt 0.984035 0.582887
vt 0.984035 0.658762
vt 0.981493 0.018077
vt 0.984562 0.028188
vt 0.978424 0.007965
vt 0.634950 0.108012
vt 0.383869 0.658759
vt 0.329128 0.658759
vt 0.329128 0.582878
vt 0.383869 0.582878
vt 0.164722 0.221598
vt 0.059517 0.220552
vt 0.059804 0.191661
vt 0.165022 0.191457
vt 0.062904 0.336709
vt 0.008434 0.351429
vt 0.008288 0.336716
vt 0.062414 0.287454
vt 0.464873 0.342593
vt 0.568124 0.341567
vt 0.564475 0.366380
vt 0.465110 0.366380
vt 0.251704 0.754880
vt 0.251704 0.830764
vt 0.146488 0.830764
vt 0.146488 0.754880
vt 0.516197 0.582879
vt 0.516197 0.658759
vt 0.416829 0.658759
vt 0.416829 0.582878
vt 0.619322 0.754880
vt 0.619322 0.830762
vt 0.604607 0.830762
vt 0.604607 0.754880
vt 0.707228 0.830762
vt 0.634037 0.830762
vt 0.634037 0.754880
vt 0.707228 0.754880
vt 0.616934 0.668884
vt 0.671550 0.668884
vt 0.671550 0.744764
vt 0.616934 0.744764
vt 0.005047 0.205832
vt 0.005193 0.191118
vt 0.015450 0.658759
vt 0.015450 0.582879
vt 0.026019 0.582879
vt 0.026019 0.658759
vt 0.984375 0.512758
vt 0.671150 0.512758
vt 0.671150 0.436878
vt 0.984375 0.436878
vt 0.652190 0.340732
vt 0.619932 0.312474
vt 0.634915 0.294020
vt 0.651748 0.296220
vt 0.597187 0.341278
vt 0.652172 0.365732
vt 0.597434 0.366143
vt 0.424138 0.668884
vt 0.424138 0.744764
vt 0.394946 0.744764
vt 0.394946 0.668884
vt 0.904612 0.744759
vt 0.904612 0.668879
vt 0.956469 0.668879
vt 0.956469 0.744759
vt 0.255672 0.334793
vt 0.284860 0.334503
vt 0.285173 0.366031
vt 0.255982 0.365974
vt 0.333445 0.211344
vt 0.281473 0.222759
vt 0.281787 0.191231
vt 0.333646 0.191130
vt 0.168109 0.335663
vt 0.168409 0.365804
vt 0.063191 0.365600
vt 0.511714 0.744764
vt 0.511714 0.668884
vt 0.040843 0.754880
vt 0.040843 0.830760
vt 0.004887 0.830760
vt 0.004887 0.754880
vt 0.193910 0.221888
vt 0.194213 0.191400
vt 0.252286 0.222468
vt 0.252596 0.191287
vt 0.223098 0.222178
vt 0.223404 0.191344
vt 0.136729 0.754880
vt 0.136729 0.830760
vt 0.100773 0.830760
vt 0.100773 0.754880
vt 0.070808 0.830760
vt 0.070808 0.754880
vt 0.197297 0.335373
vt 0.197600 0.365861
vt 0.226484 0.335083
vt 0.226791 0.365918
vt 0.482522 0.744764
vt 0.482522 0.668884
vt 0.453330 0.744764
vt 0.453330 0.668884
vt 0.226271 0.313594
vt 0.255391 0.306531
vt 0.197016 0.307112
vt 0.167620 0.286408
vt 0.222884 0.243668
vt 0.193629 0.250150
vt 0.252005 0.250730
vt 0.280984 0.272014
vt 0.164233 0.270854
vt 0.332837 0.272530
vt 0.284370 0.285247
vt 0.464496 0.283489
vt 0.552589 0.282910
vt 0.558753 0.298594
vt 0.594048 0.191119
vt 0.648787 0.191529
vt 0.648805 0.216530
vt 0.593801 0.215983
vt 0.004881 0.658759
vt 0.004881 0.582879
vt 0.059028 0.269808
vt 0.004901 0.220546
vt 0.564739 0.215694
vt 0.568481 0.243206
vt 0.555368 0.258668
vt 0.461487 0.214668
vt 0.008580 0.366143
vt 0.442471 0.292799
vt 0.446580 0.283635
vt 0.571867 0.314055
vt 0.461724 0.190882
vt 0.561090 0.190882
vt 0.367478 0.754883
vt 0.367478 0.830763
vt 0.279382 0.830763
vt 0.279382 0.754883
vt 0.549537 0.582879
vt 0.549537 0.658759
vt 0.431538 0.342925
vt 0.431770 0.366315
vt 0.363244 0.345812
vt 0.396165 0.343276
vt 0.396393 0.366246
vt 0.363447 0.366183
vt 0.617862 0.582878
vt 0.617862 0.658759
vt 0.584915 0.658759
vt 0.584915 0.582879
vt 0.362635 0.284470
vt 0.395577 0.284142
vt 0.418809 0.264261
vt 0.414519 0.273341
vt 0.392191 0.273120
vt 0.392779 0.213985
vt 0.428152 0.214337
vt 0.393007 0.191015
vt 0.428384 0.190946
vt 0.822924 0.744759
vt 0.822924 0.668878
vt 0.845254 0.668878
vt 0.845254 0.744759
vt 0.261465 0.830763
vt 0.261465 0.754883
vt 0.962431 0.554871
vt 0.886550 0.554871
vt 0.886550 0.543897
vt 0.962430 0.543897
vt 0.962431 0.564914
vt 0.886550 0.564914
vt 0.962430 0.532923
vt 0.886550 0.532923
vt 0.886550 0.522880
vt 0.962431 0.522880
vt 0.992323 0.668881
vt 0.992323 0.744757
vt 0.966231 0.744757
vt 0.966231 0.668881
vt 0.964150 0.792009
vt 0.888267 0.792009
vt 0.888267 0.771734
vt 0.964150 0.771734
vt 0.888267 0.754882
vt 0.964150 0.754882
vt 0.336223 0.284732
vt 0.336831 0.345918
vt 0.800899 0.522880
vt 0.876783 0.522880
vt 0.876783 0.546653
vt 0.800899 0.546653
vt 0.876783 0.571492
vt 0.800899 0.571492
vt 0.878506 0.775100
vt 0.802628 0.775101
vt 0.802628 0.754886
vt 0.878506 0.754886
vt 0.878506 0.801514
vt 0.802628 0.801514
vt 0.359249 0.272792
vt 0.359858 0.211450
vt 0.360061 0.191079
vt 0.878198 0.668879
vt 0.878198 0.744759
vt 0.337032 0.366131
vt 0.343086 0.744764
vt 0.343086 0.668884
vt 0.878506 0.821886
vt 0.802628 0.821886
vt 0.422195 0.293001
vt 0.432375 0.297099
vt 0.439085 0.264463
vt 0.428989 0.260162
vt 0.443194 0.273627
vt 0.461111 0.273773
vt 0.417905 0.283920
vt 0.549203 0.274351
vt 0.593454 0.235642
vt 0.596839 0.321619
vt 0.954950 0.203814
vt 0.958019 0.213927
vt 0.648362 0.261042
vt 0.951881 0.193701
vt 0.616546 0.244787
vt 0.654174 0.512758
vt 0.654174 0.436878
vt 0.961404 0.343334
vt 0.958335 0.353447
vt 0.955265 0.363561
vt 0.631530 0.263241
vt 0.004887 0.413851
vt 0.059305 0.413851
vt 0.059305 0.420100
vt 0.004887 0.420100
vt 0.004887 0.407714
vt 0.059305 0.407714
vt 0.004887 0.401602
vt 0.059305 0.401602
vt 0.004887 0.395379
vt 0.059305 0.395379
vt 0.004887 0.389130
vt 0.059305 0.389130
vt 0.004887 0.382993
vt 0.059305 0.382993
vt 0.004887 0.376881
vt 0.059305 0.376881
vt 0.059305 0.426323
vt 0.004887 0.426323
vt 0.071884 0.413851
vt 0.071884 0.420100
vt 0.071884 0.407714
vt 0.071884 0.401602
vt 0.071884 0.395379
vt 0.071884 0.389130
vt 0.071884 0.382993
vt 0.071884 0.376881
vt 0.071884 0.426323
vt 0.084916 0.413851
vt 0.084916 0.420100
vt 0.084916 0.407714
vt 0.084916 0.401602
vt 0.084916 0.395379
vt 0.084916 0.389130
vt 0.084916 0.382993
vt 0.084916 0.376881
vt 0.084916 0.426323
vt 0.298490 0.413851
vt 0.298490 0.420100
vt 0.298490 0.407714
vt 0.298490 0.401602
vt 0.298490 0.395379
vt 0.298490 0.389130
vt 0.298490 0.382993
vt 0.298490 0.376881
vt 0.298490 0.426323
vt 0.318815 0.413851
vt 0.318815 0.420100
vt 0.318815 0.407714
vt 0.318815 0.401602
vt 0.318815 0.395379
vt 0.318815 0.389130
vt 0.318815 0.382993
vt 0.318815 0.376881
vt 0.318815 0.426323
vt 0.334825 0.413851
vt 0.349261 0.413851
vt 0.349261 0.420100
vt 0.334825 0.420100
vt 0.334825 0.407714
vt 0.349261 0.407714
vt 0.334825 0.401602
vt 0.349261 0.401602
vt 0.334825 0.395379
vt 0.349261 0.395379
vt 0.334825 0.389130
vt 0.349261 0.389130
vt 0.334825 0.382993
vt 0.349261 0.382993
vt 0.334825 0.376881
vt 0.349261 0.376881
vt 0.349261 0.426323
vt 0.334825 0.426323
vt 0.363433 0.413851
vt 0.377713 0.413851
vt 0.377713 0.420100
vt 0.363433 0.420100
vt 0.363433 0.407714
vt 0.377713 0.407714
vt 0.363433 0.401602
vt 0.377713 0.401602
vt 0.363433 0.395379
vt 0.377713 0.395379
vt 0.363433 0.389130
vt 0.377713 0.389130
vt 0.363433 0.382993
vt 0.377713 0.382993
vt 0.363433 0.376881
vt 0.377713 0.376881
vt 0.377713 0.426323
vt 0.363433 0.426323
vt 0.392053 0.413851
vt 0.406268 0.413851
vt 0.406268 0.420100
vt 0.392053 0.420100
vt 0.392053 0.407714
vt 0.406268 0.407714
vt 0.392053 0.401602
vt 0.406268 0.401602
vt 0.392053 0.395379
vt 0.406268 0.395379
vt 0.392053 0.389130
vt 0.406268 0.389130
vt 0.392053 0.382993
vt 0.406268 0.382993
vt 0.392053 0.376881
vt 0.406268 0.376881
vt 0.406268 0.426323
vt 0.392053 0.426323
vt 0.420693 0.413851
vt 0.434795 0.413851
vt 0.434795 0.420100
vt 0.420693 0.420100
vt 0.420693 0.407714
vt 0.434795 0.407714
vt 0.420693 0.401602
vt 0.434795 0.401602
vt 0.420693 0.395379
vt 0.434795 0.395379
vt 0.420693 0.389130
vt 0.434795 0.389130
vt 0.420693 0.382993
vt 0.434795 0.382993
vt 0.420693 0.376881
vt 0.434795 0.376881
vt 0.434795 0.426323
vt 0.420693 0.426323
vt 0.449328 0.413851
vt 0.463545 0.413851
vt 0.463545 0.420100
vt 0.449328 0.420100
vt 0.449328 0.407714
vt 0.463545 0.407714
vt 0.449328 0.401602
vt 0.463545 0.401602
vt 0.449328 0.395379
vt 0.463545 0.395379
vt 0.449328 0.389130
vt 0.463545 0.389130
vt 0.449328 0.382993
vt 0.463545 0.382993
vt 0.449328 0.376881
vt 0.463545 0.376881
vt 0.463545 0.426323
vt 0.449328 0.426323
vt 0.478005 0.413851
vt 0.492361 0.413851
vt 0.492361 0.420100
vt 0.478005 0.420100
vt 0.478005 0.407714
vt 0.492361 0.407714
vt 0.478005 0.401602
vt 0.492361 0.401602
vt 0.478005 0.395379
vt 0.492361 0.395379
vt 0.478005 0.389130
vt 0.492361 0.389130
vt 0.478005 0.382993
vt 0.492361 0.382993
vt 0.478005 0.376881
vt 0.492361 0.376881
vt 0.492361 0.426323
vt 0.478005 0.426323
vt 0.506502 0.413851
vt 0.520927 0.413851
vt 0.520927 0.420100
vt 0.506502 0.420100
vt 0.506502 0.407714
vt 0.520927 0.407714
vt 0.506502 0.401602
vt 0.520927 0.401602
vt 0.506502 0.395379
vt 0.520927 0.395379
vt 0.506502 0.389130
vt 0.520927 0.389130
vt 0.506502 0.382993
vt 0.520927 0.382993
vt 0.506502 0.376881
vt 0.520927 0.376881
vt 0.520927 0.426323
vt 0.506502 0.426323
vt 0.534965 0.413851
vt 0.549483 0.413851
vt 0.549483 0.420100
vt 0.534965 0.420100
vt 0.534965 0.407714
vt 0.549483 0.407714
vt 0.534965 0.401602
vt 0.549483 0.401602
vt 0.534965 0.395379
vt 0.549483 0.395379
vt 0.534965 0.389130
vt 0.549483 0.389130
vt 0.534965 0.382993
vt 0.549483 0.382993
vt 0.534965 0.376881
vt 0.549483 0.376881
vt 0.549483 0.426323
vt 0.534965 0.426323
vt 0.563501 0.413851
vt 0.577986 0.413851
vt 0.577986 0.420100
vt 0.563501 0.420100
vt 0.563501 0.407714
vt 0.577986 0.407714
vt 0.563501 0.401602
vt 0.577986 0.401602
vt 0.563501 0.395379
vt 0.577986 0.395379
vt 0.563501 0.389130
vt 0.577986 0.389130
vt 0.563501 0.382993
vt 0.577986 0.382993
vt 0.563501 0.376881
vt 0.577986 0.376881
vt 0.577986 0.426323
vt 0.563501 0.426323
vt 0.592104 0.413851
vt 0.606476 0.413851
vt 0.606476 0.420100
vt 0.592104 0.420100
vt 0.592104 0.407714
vt 0.606476 0.407714
vt 0.592104 0.401602
vt 0.606476 0.401602
vt 0.592104 0.395379
vt 0.606476 0.395379
vt 0.592104 0.389130
vt 0.606476 0.389130
vt 0.592104 0.382993
vt 0.606476 0.382993
vt 0.592104 0.376881
vt 0.606476 0.376881
vt 0.606476 0.426323
vt 0.592104 0.426323
vt 0.620730 0.413851
vt 0.635017 0.413851
vt 0.635017 0.420100
vt 0.620730 0.420100
vt 0.620730 0.407714
vt 0.635017 0.407714
vt 0.620730 0.401602
vt 0.635017 0.401602
vt 0.620730 0.395379
vt 0.635017 0.395379
vt 0.620730 0.389130
vt 0.635017 0.389130
vt 0.620730 0.382993
vt 0.635017 0.382993
vt 0.620730 0.376881
vt 0.635017 0.376881
vt 0.635017 0.426323
vt 0.620730 0.426323
vt 0.649335 0.413851
vt 0.663651 0.413851
vt 0.663651 0.420100
vt 0.649335 0.420100
vt 0.649335 0.407714
vt 0.663651 0.407714
vt 0.649335 0.401602
vt 0.663651 0.401602
vt 0.649335 0.395379
vt 0.663651 0.395379
vt 0.649335 0.389130
vt 0.663651 0.389130
vt 0.649335 0.382993
vt 0.663651 0.382993
vt 0.649335 0.376881
vt 0.663651 0.376881
vt 0.663651 0.426323
vt 0.649335 0.426323
vt 0.677912 0.413851
vt 0.692372 0.413851
vt 0.692372 0.420100
vt 0.677912 0.420100
vt 0.677912 0.407714
vt 0.692372 0.407714
vt 0.677912 0.401602
vt 0.692372 0.401602
vt 0.677912 0.395379
vt 0.692372 0.395379
vt 0.677912 0.389130
vt 0.692372 0.389130
vt 0.677912 0.382993
vt 0.692372 0.382993
vt 0.677912 0.376881
vt 0.692372 0.376881
vt 0.692372 0.426323
vt 0.677912 0.426323
vt 0.706493 0.413851
vt 0.721125 0.413851
vt 0.721125 0.420100
vt 0.706493 0.420100
vt 0.706493 0.407714
vt 0.721125 0.407714
vt 0.706493 0.401602
vt 0.721125 0.401602
vt 0.706493 0.395379
vt 0.721125 0.395379
vt 0.706493 0.389130
vt 0.721125 0.389130
vt 0.706493 0.382993
vt 0.721125 0.382993
vt 0.706493 0.376881
vt 0.721125 0.376881
vt 0.721125 0.426323
vt 0.706493 0.426323
vt 0.735130 0.413851
vt 0.749856 0.413851
vt 0.749856 0.420100
vt 0.735130 0.420100
vt 0.735130 0.407714
vt 0.749856 0.407714
vt 0.735130 0.401602
vt 0.749856 0.401602
vt 0.735130 0.395379
vt 0.749856 0.395379
vt 0.735130 0.389130
vt 0.749856 0.389130
vt 0.735130 0.382993
vt 0.749856 0.382993
vt 0.735130 0.376881
vt 0.749856 0.376881
vt 0.749856 0.426323
vt 0.735130 0.426323
vt 0.763856 0.413851
vt 0.778552 0.413851
vt 0.778552 0.420100
vt 0.763856 0.420100
vt 0.763856 0.407714
vt 0.778552 0.407714
vt 0.763856 0.401602
vt 0.778552 0.401602
vt 0.763856 0.395379
vt 0.778552 0.395379
vt 0.763856 0.389130
vt 0.778552 0.389130
vt 0.763856 0.382993
vt 0.778552 0.382993
vt 0.763856 0.376881
vt 0.778552 0.376881
vt 0.778552 0.426323
vt 0.763856 0.426323
vt 0.792667 0.413851
vt 0.807253 0.413851
vt 0.807253 0.420100
vt 0.792667 0.420100
vt 0.792667 0.407714
vt 0.807253 0.407714
vt 0.792667 0.401602
vt 0.807253 0.401602
vt 0.792667 0.395379
vt 0.807253 0.395379
vt 0.792667 0.389130
vt 0.807253 0.389130
vt 0.792667 0.382993
vt 0.807253 0.382993
vt 0.792667 0.376881
vt 0.807253 0.376881
vt 0.807253 0.426323
vt 0.792667 0.426323
vt 0.821521 0.413851
vt 0.836020 0.413851
vt 0.836020 0.420100
vt 0.821521 0.420100
vt 0.821521 0.407714
vt 0.836020 0.407714
vt 0.821521 0.401602
vt 0.836020 0.401602
vt 0.821521 0.395379
vt 0.836020 0.395379
vt 0.821521 0.389130
vt 0.836020 0.389130
vt 0.821521 0.382993
vt 0.836020 0.382993
vt 0.821521 0.376881
vt 0.836020 0.376881
vt 0.836020 0.426323
vt 0.821521 0.426323
vt 0.850370 0.413851
vt 0.864896 0.413851
vt 0.864896 0.420100
vt 0.850370 0.420100
vt 0.850370 0.407714
vt 0.864896 0.407714
vt 0.850370 0.401602
vt 0.864896 0.401602
vt 0.850370 0.395379
vt 0.864896 0.395379
vt 0.850370 0.389130
vt 0.864896 0.389130
vt 0.850370 0.382993
vt 0.864896 0.382993
vt 0.850370 0.376881
vt 0.864896 0.376881
vt 0.864896 0.426323
vt 0.850370 0.426323
vt 0.879207 0.413851
vt 0.893873 0.413851
vt 0.893873 0.420100
vt 0.879207 0.420100
vt 0.879207 0.407714
vt 0.893873 0.407714
vt 0.879207 0.401602
vt 0.893873 0.401602
vt 0.879207 0.395379
vt 0.893873 0.395379
vt 0.879207 0.389130
vt 0.893873 0.389130
vt 0.879207 0.382993
vt 0.893873 0.382993
vt 0.879207 0.376881
vt 0.893873 0.376881
vt 0.893873 0.426323
vt 0.879207 0.426323
vt 0.908062 0.413851
vt 0.922896 0.413851
vt 0.922896 0.420100
vt 0.908062 0.420100
vt 0.908062 0.407714
vt 0.922896 0.407714
vt 0.908062 0.401602
vt 0.922896 0.401602
vt 0.908062 0.395379
vt 0.922896 0.395379
vt 0.908062 0.389130
vt 0.922896 0.389130
vt 0.908062 0.382993
vt 0.922896 0.382993
vt 0.908062 0.376881
vt 0.922896 0.376881
vt 0.922896 0.426323
vt 0.908062 0.426323
vt 0.936982 0.413851
vt 0.951908 0.413851
vt 0.951908 0.420100
vt 0.936982 0.420100
vt 0.936982 0.407714
vt 0.951908 0.407714
vt 0.936982 0.401602
vt 0.951908 0.401602
vt 0.936982 0.395379
vt 0.951908 0.395379
vt 0.936982 0.389130
vt 0.951908 0.389130
vt 0.936982 0.382993
vt 0.951908 0.382993
vt 0.936982 0.376881
vt 0.951908 0.376881
vt 0.951908 0.426323
vt 0.936982 0.426323
vt 0.966003 0.413851
vt 0.980893 0.413851
vt 0.980893 0.420100
vt 0.966003 0.420100
vt 0.966003 0.407714
vt 0.980893 0.407714
vt 0.966003 0.401602
vt 0.980893 0.401602
vt 0.966003 0.395379
vt 0.980893 0.395379
vt 0.966003 0.389130
vt 0.980893 0.389130
vt 0.966003 0.382993
vt 0.980893 0.382993
vt 0.966003 0.376881
vt 0.980893 0.376881
vt 0.980893 0.426323
vt 0.966003 0.426323
vt 0.791139 0.534960
vt 0.776503 0.534960
vt 0.776503 0.528944
vt 0.791139 0.528944
vt 0.791139 0.541140
vt 0.776503 0.541140
vt 0.791139 0.547361
vt 0.776503 0.547361
vt 0.791139 0.553418
vt 0.776503 0.553418
vt 0.791139 0.559434
vt 0.776503 0.559434
vt 0.791139 0.565614
vt 0.776503 0.565614
vt 0.791139 0.571835
vt 0.776503 0.571835
vt 0.776503 0.522887
vt 0.791139 0.522887
vt 0.762247 0.534960
vt 0.747707 0.534960
vt 0.747707 0.528944
vt 0.762247 0.528944
vt 0.762247 0.541140
vt 0.747707 0.541140
vt 0.762247 0.547361
vt 0.747707 0.547361
vt 0.762247 0.553418
vt 0.747707 0.553418
vt 0.762247 0.559434
vt 0.747707 0.559434
vt 0.762247 0.565614
vt 0.747707 0.565614
vt 0.762247 0.571835
vt 0.747707 0.571835
vt 0.747707 0.522887
vt 0.762247 0.522887
vt 0.733354 0.534960
vt 0.718799 0.534960
vt 0.718799 0.528944
vt 0.733354 0.528944
vt 0.733354 0.541140
vt 0.718799 0.541140
vt 0.733354 0.547361
vt 0.718799 0.547361
vt 0.733354 0.553418
vt 0.718799 0.553418
vt 0.733354 0.559434
vt 0.718799 0.559434
vt 0.733354 0.565614
vt 0.718799 0.565614
vt 0.733354 0.571835
vt 0.718799 0.571835
vt 0.718799 0.522887
vt 0.733354 0.522887
vt 0.704471 0.534960
vt 0.689789 0.534960
vt 0.689789 0.528944
vt 0.704471 0.528944
vt 0.704471 0.541140
vt 0.689789 0.541140
vt 0.704471 0.547361
vt 0.689789 0.547361
vt 0.704471 0.553418
vt 0.689789 0.553418
vt 0.704471 0.559434
vt 0.689789 0.559434
vt 0.704471 0.565614
vt 0.689789 0.565614
vt 0.704471 0.571835
vt 0.689789 0.571835
vt 0.689789 0.522887
vt 0.704471 0.522887
vt 0.675570 0.534960
vt 0.660733 0.534960
vt 0.660733 0.528944
vt 0.675570 0.528944
vt 0.675570 0.541140
vt 0.660733 0.541140
vt 0.675570 0.547361
vt 0.660733 0.547361
vt 0.675570 0.553418
vt 0.660733 0.553418
vt 0.675570 0.559434
vt 0.660733 0.559434
vt 0.675570 0.565614
vt 0.660733 0.565614
vt 0.675570 0.571835
vt 0.660733 0.571835
vt 0.660733 0.522887
vt 0.675570 0.522887
vt 0.646607 0.534960
vt 0.631691 0.534960
vt 0.631691 0.528944
vt 0.646607 0.528944
vt 0.646607 0.541140
vt 0.631691 0.541140
vt 0.646607 0.547361
vt 0.631691 0.547361
vt 0.646607 0.553418
vt 0.631691 0.553418
vt 0.646607 0.559434
vt 0.631691 0.559434
vt 0.646607 0.565614
vt 0.631691 0.565614
vt 0.646607 0.571835
vt 0.631691 0.571835
vt 0.631691 0.522887
vt 0.646607 0.522887
vt 0.617548 0.534960
vt 0.602678 0.534960
vt 0.602678 0.528944
vt 0.617548 0.528944
vt 0.617548 0.541140
vt 0.602678 0.541140
vt 0.617548 0.547361
vt 0.602678 0.547361
vt 0.617548 0.553418
vt 0.602678 0.553418
vt 0.617548 0.559434
vt 0.602678 0.559434
vt 0.617548 0.565614
vt 0.602678 0.565614
vt 0.617548 0.571835
vt 0.602678 0.571835
vt 0.602678 0.522887
vt 0.617548 0.522887
vt 0.588384 0.534960
vt 0.573641 0.534960
vt 0.573641 0.528944
vt 0.588384 0.528944
vt 0.588384 0.541140
vt 0.573641 0.541140
vt 0.588384 0.547361
vt 0.573641 0.547361
vt 0.588384 0.553418
vt 0.573641 0.553418
vt 0.588384 0.559434
vt 0.573641 0.559434
vt 0.588384 0.565614
vt 0.573641 0.565614
vt 0.588384 0.571835
vt 0.573641 0.571835
vt 0.573641 0.522887
vt 0.588384 0.522887
vt 0.559064 0.534960
vt 0.544328 0.534960
vt 0.544328 0.528944
vt 0.559064 0.528944
vt 0.559064 0.541140
vt 0.544328 0.541140
vt 0.559064 0.547361
vt 0.544328 0.547361
vt 0.559064 0.553418
vt 0.544328 0.553418
vt 0.559064 0.559434
vt 0.544328 0.559434
vt 0.559064 0.565614
vt 0.544328 0.565614
vt 0.559064 0.571835
vt 0.544328 0.571835
vt 0.544328 0.522887
vt 0.559064 0.522887
vt 0.529709 0.534960
vt 0.515031 0.534960
vt 0.515031 0.528944
vt 0.529709 0.528944
vt 0.529709 0.541140
vt 0.515031 0.541140
vt 0.529709 0.547361
vt 0.515031 0.547361
vt 0.529709 0.553418
vt 0.515031 0.553418
vt 0.529709 0.559434
vt 0.515031 0.559434
vt 0.529709 0.565614
vt 0.515031 0.565614
vt 0.529709 0.571835
vt 0.515031 0.571835
vt 0.515031 0.522887
vt 0.529709 0.522887
vt 0.500490 0.534960
vt 0.485770 0.534960
vt 0.485770 0.528944
vt 0.500490 0.528944
vt 0.500490 0.541140
vt 0.485770 0.541140
vt 0.500490 0.547361
vt 0.485770 0.547361
vt 0.500490 0.553418
vt 0.485770 0.553418
vt 0.500490 0.559434
vt 0.485770 0.559434
vt 0.500490 0.565614
vt 0.485770 0.565614
vt 0.500490 0.571835
vt 0.485770 0.571835
vt 0.485770 0.522887
vt 0.500490 0.522887
vt 0.471339 0.534960
vt 0.456487 0.534960
vt 0.456487 0.528944
vt 0.471339 0.528944
vt 0.471339 0.541140
vt 0.456487 0.541140
vt 0.471339 0.547361
vt 0.456487 0.547361
vt 0.471339 0.553418
vt 0.456487 0.553418
vt 0.471339 0.559434
vt 0.456487 0.559434
vt 0.471339 0.565614
vt 0.456487 0.565614
vt 0.471339 0.571835
vt 0.456487 0.571835
vt 0.456487 0.522887
vt 0.471339 0.522887
vt 0.442146 0.534960
vt 0.427238 0.534960
vt 0.427238 0.528944
vt 0.442146 0.528944
vt 0.442146 0.541140
vt 0.427238 0.541140
vt 0.442146 0.547361
vt 0.427238 0.547361
vt 0.442146 0.553418
vt 0.427238 0.553418
vt 0.442146 0.559434
vt 0.427238 0.559434
vt 0.442146 0.565614
vt 0.427238 0.565614
vt 0.442146 0.571835
vt 0.427238 0.571835
vt 0.427238 0.522887
vt 0.442146 0.522887
vt 0.412808 0.534960
vt 0.397899 0.534960
vt 0.397899 0.528944
vt 0.412808 0.528944
vt 0.412808 0.541140
vt 0.397899 0.541140
vt 0.412808 0.547361
vt 0.397899 0.547361
vt 0.412808 0.553418
vt 0.397899 0.553418
vt 0.412808 0.559434
vt 0.397899 0.559434
vt 0.412808 0.565614
vt 0.397899 0.565614
vt 0.412808 0.571835
vt 0.397899 0.571835
vt 0.397899 0.522887
vt 0.412808 0.522887
vt 0.383306 0.534960
vt 0.368517 0.534960
vt 0.368517 0.528944
vt 0.383306 0.528944
vt 0.383306 0.541140
vt 0.368517 0.541140
vt 0.383306 0.547361
vt 0.368517 0.547361
vt 0.383306 0.553418
vt 0.368517 0.553418
vt 0.383306 0.559434
vt 0.368517 0.559434
vt 0.383306 0.565614
vt 0.368517 0.565614
vt 0.383306 0.571835
vt 0.368517 0.571835
vt 0.368517 0.522887
vt 0.383306 0.522887
vt 0.353773 0.534960
vt 0.339127 0.534960
vt 0.339127 0.528944
vt 0.353773 0.528944
vt 0.353773 0.541140
vt 0.339127 0.541140
vt 0.353773 0.547361
vt 0.339127 0.547361
vt 0.353773 0.553418
vt 0.339127 0.553418
vt 0.353773 0.559434
vt 0.339127 0.559434
vt 0.353773 0.565614
vt 0.339127 0.565614
vt 0.353773 0.571835
vt 0.339127 0.571835
vt 0.339127 0.522887
vt 0.353773 0.522887
vt 0.324527 0.534960
vt 0.311332 0.534960
vt 0.311332 0.528944
vt 0.324527 0.528944
vt 0.324527 0.541140
vt 0.311332 0.541140
vt 0.324527 0.547361
vt 0.311332 0.547361
vt 0.324527 0.553418
vt 0.311332 0.553418
vt 0.324527 0.559434
vt 0.311332 0.559434
vt 0.324527 0.565614
vt 0.311332 0.565614
vt 0.324527 0.571835
vt 0.311332 0.571835
vt 0.311332 0.522887
vt 0.324527 0.522887
vt 0.087623 0.534960
vt 0.087623 0.528944
vt 0.087623 0.541140
vt 0.087623 0.547361
vt 0.087623 0.553418
vt 0.087623 0.559434
vt 0.087623 0.565614
vt 0.087623 0.571835
vt 0.087623 0.522887
vt 0.075188 0.534960
vt 0.075188 0.528944
vt 0.075188 0.541140
vt 0.075188 0.547361
vt 0.075188 0.553418
vt 0.075188 0.559434
vt 0.075188 0.565614
vt 0.075188 0.571835
vt 0.075188 0.522887
vt 0.062631 0.534960
vt 0.062631 0.528944
vt 0.062631 0.541140
vt 0.062631 0.547361
vt 0.062631 0.553418
vt 0.062631 0.559434
vt 0.062631 0.565614
vt 0.062631 0.571835
vt 0.062631 0.522887
vt 0.004879 0.534960
vt 0.004879 0.528944
vt 0.004879 0.541140
vt 0.004879 0.547361
vt 0.004879 0.553418
vt 0.004879 0.559434
vt 0.004879 0.565614
vt 0.004879 0.571835
vt 0.004879 0.522887
vt 0.995117 0.420100
vt 0.995117 0.426323
vt 0.995117 0.376881
vt 0.995117 0.382993
vt 0.995117 0.389130
vt 0.995117 0.395379
vt 0.995117 0.401602
vt 0.995117 0.407714
vt 0.995117 0.413851
vt 0.590662 0.062883
vt 0.594892 0.067114
vt 0.587670 0.070105
vt 0.584679 0.062883
vt 0.594892 0.073096
vt 0.590662 0.077327
vt 0.580448 0.073096
vt 0.580448 0.067114
vt 0.584679 0.077327
vt 0.019321 0.063116
vt 0.019321 0.069096
vt 0.015093 0.073325
vt 0.012103 0.066106
vt 0.015093 0.058887
vt 0.009112 0.058887
vt 0.004884 0.069096
vt 0.004884 0.063116
vt 0.009112 0.073325
s 1
f 104/1/1 105/2/1 109/3/2 111/4/2
f 46/5/3 19/6/3 6/7/3 37/8/3
f 38/9/4 3/10/4 9/11/4 40/12/4
f 58/13/4 54/14/4 1/15/4 35/16/4
f 21/17/5 5/18/5 3/19/5 20/20/5
f 55/21/6 2/22/7 1/23/7 54/24/6
f 39/25/8 7/26/8 10/27/8 40/28/8
f 3/29/9 5/30/9 8/31/9 9/32/9
f 6/33/10 4/34/10 10/35/11 7/36/11
f 37/8/3 6/7/3 7/37/3 39/38/3
f 41/39/12 13/40/12 14/41/12 42/42/12
f 12/43/13 11/44/13 107/45/14 108/46/14
f 112/47/4 108/48/4 65/49/4 75/50/4
f 106/51/4 104/52/4 111/53/4 112/47/4
f 29/54/15 16/55/15 18/56/15 28/57/15
f 95/58/5 15/59/5 17/60/5 97/61/5
f 52/62/4 28/63/4 18/64/4 43/65/4
f 98/66/3 94/67/3 16/68/3 44/69/3
f 38/9/4 4/70/4 22/71/4 45/72/4
f 6/33/10 19/73/15 22/74/15 4/34/10
f 23/75/16 21/76/17 20/77/17 34/78/16
f 49/79/3 31/80/3 19/6/3 46/5/3
f 44/69/3 16/68/3 29/81/3 47/82/3
f 47/82/3 29/81/3 30/83/3 48/84/3
f 48/84/3 30/83/3 31/80/3 49/79/3
f 15/85/18 25/86/19 32/87/19 17/88/18
f 25/86/19 24/89/5 33/90/5 32/87/19
f 24/89/5 23/75/16 34/78/16 33/90/5
f 45/72/4 22/71/4 26/91/4 50/92/4
f 50/92/4 26/91/4 27/93/4 51/94/4
f 51/94/4 27/93/4 28/63/4 52/62/4
f 19/73/15 31/95/15 26/96/15 22/74/15
f 31/95/15 30/97/15 27/98/15 26/96/15
f 30/97/15 29/54/15 28/57/15 27/98/15
f 33/99/4 51/94/4 52/62/4 32/100/4
f 34/101/4 50/92/4 51/94/4 33/99/4
f 20/102/4 45/72/4 50/92/4 34/101/4
f 24/103/3 48/84/3 49/79/3 23/104/3
f 25/105/3 47/82/3 48/84/3 24/103/3
f 15/106/3 44/69/3 47/82/3 25/105/3
f 23/104/3 49/79/3 46/5/3 21/107/3
f 3/10/4 38/9/4 45/72/4 20/102/4
f 95/108/3 98/66/3 44/69/3 15/106/3
f 32/100/4 52/62/4 43/65/4 17/109/4
f 56/110/4 58/13/4 78/111/4 66/112/4
f 105/113/3 103/114/3 110/115/3 109/116/3
f 12/117/12 41/39/12 42/42/12 11/118/12
f 5/119/3 37/8/3 39/38/3 8/120/3
f 8/31/8 39/25/8 40/28/8 9/32/8
f 36/121/3 57/122/3 73/123/3 72/124/3
f 4/70/4 38/9/4 40/12/4 10/125/4
f 21/107/3 46/5/3 37/8/3 5/119/3
f 79/126/4 58/13/4 56/110/4 80/127/4
f 58/13/4 35/16/4 77/128/4 78/111/4
f 36/121/3 2/129/3 55/130/3 57/122/3
f 67/131/20 53/132/21 56/133/21 66/134/20
f 100/135/15 55/21/6 54/24/6 102/136/15
f 101/137/4 102/138/4 54/14/4 58/13/4
f 89/139/4 90/140/4 63/141/4 64/142/4
f 91/143/15 59/144/15 63/145/15 90/146/15
f 69/147/4 89/139/4 64/142/4 60/148/4
f 86/149/3 61/150/3 62/151/3 87/152/3
f 99/153/3 100/154/3 59/155/3 61/150/3
f 87/156/5 62/157/5 60/158/5 81/159/5
f 80/160/22 56/133/21 53/132/21 84/161/22
f 82/162/23 83/163/5 88/164/5 86/165/23
f 82/162/23 86/165/23 87/166/24 81/167/24
f 79/168/25 80/169/26 84/170/26 85/171/25
f 83/163/5 79/168/25 85/171/25 88/164/5
f 71/172/27 72/173/27 77/174/27 76/175/27
f 72/176/28 73/177/29 78/178/29 77/179/28
f 66/180/30 78/178/29 73/177/29 67/181/30
f 97/182/4 93/183/4 89/139/4 69/147/4
f 68/184/31 70/185/32 75/186/32 65/187/31
f 70/185/32 71/188/33 76/189/33 75/186/32
f 93/190/34 96/191/34 94/192/34 98/193/34
f 89/194/10 93/190/10 98/193/10 92/195/10
f 62/151/3 61/150/3 92/196/3 74/197/3
f 61/150/3 59/155/3 91/198/3 92/196/3
f 62/157/5 74/199/5 69/200/5 60/158/5
f 43/65/4 18/64/4 96/201/4 93/183/4
f 16/55/15 94/202/15 96/203/15 18/56/15
f 17/109/4 43/65/4 93/183/4 97/182/4
f 74/197/3 92/196/3 98/66/3 95/108/3
f 89/194/8 92/195/8 91/204/8 90/205/8
f 74/199/5 95/58/5 97/61/5 69/200/5
f 57/122/3 55/130/3 100/154/3 99/153/3
f 64/142/4 63/141/4 102/138/4 101/137/4
f 59/144/15 100/135/15 102/136/15 63/145/15
f 64/142/4 101/137/4 83/206/4 82/207/4
f 85/208/3 57/122/3 99/153/3 88/209/3
f 84/210/3 53/211/3 57/122/3 85/208/3
f 88/209/3 99/153/3 61/150/3 86/149/3
f 83/206/4 101/137/4 58/13/4 79/126/4
f 60/148/4 64/142/4 82/207/4 81/212/4
f 57/122/3 53/211/3 67/213/3 73/123/3
f 103/114/3 36/121/3 72/124/3 71/214/3
f 2/129/3 36/121/3 103/114/3 105/113/3
f 35/16/4 1/15/4 104/52/4 106/51/4
f 1/23/7 2/22/7 105/2/1 104/1/1
f 35/16/4 106/51/4 76/215/4 77/128/4
f 42/216/3 110/115/3 107/217/3 11/218/3
f 106/51/4 112/47/4 75/50/4 76/215/4
f 111/4/2 109/3/2 14/41/1 13/40/1
f 109/116/3 110/115/3 42/216/3 14/219/3
f 110/115/3 103/114/3 71/214/3 70/220/3
f 108/46/14 107/45/14 68/221/35 65/222/35
f 108/48/4 112/47/4 41/223/4 12/224/4
f 112/47/4 111/53/4 13/225/4 41/223/4
f 107/217/3 110/115/3 70/220/3 68/226/3
f 216/227/36 223/228/36 221/229/36 217/230/36
f 158/231/3 149/232/3 118/233/3 131/234/3
f 150/235/4 152/236/4 121/237/4 115/238/4
f 170/239/4 147/240/4 113/241/4 166/242/4
f 133/243/11 132/244/11 115/245/11 117/246/11
f 167/247/37 166/248/37 113/249/38 114/250/38
f 151/251/8 152/252/8 122/253/8 119/254/8
f 115/255/39 121/256/39 120/257/39 117/258/39
f 118/259/40 119/260/5 122/261/5 116/262/40
f 149/232/3 151/263/3 119/264/3 118/233/3
f 153/265/41 154/266/41 126/267/41 125/268/41
f 124/269/42 220/270/43 219/271/43 123/272/42
f 224/273/4 187/274/4 177/275/4 220/276/4
f 218/277/4 224/273/4 223/278/4 216/279/4
f 141/280/44 140/281/44 130/282/44 128/283/44
f 207/284/11 209/285/11 129/286/11 127/287/11
f 164/288/4 155/289/4 130/290/4 140/291/4
f 210/292/3 156/293/3 128/294/3 206/295/3
f 150/235/4 157/296/4 134/297/4 116/298/4
f 118/259/40 116/262/40 134/299/44 131/300/44
f 135/301/45 146/302/45 132/303/46 133/304/46
f 161/305/3 158/231/3 131/234/3 143/306/3
f 156/293/3 159/307/3 141/308/3 128/294/3
f 159/307/3 160/309/3 142/310/3 141/308/3
f 160/309/3 161/305/3 143/306/3 142/310/3
f 127/311/47 129/312/47 144/313/48 137/314/48
f 137/314/48 144/313/48 145/315/11 136/316/11
f 136/316/11 145/315/11 146/302/45 135/301/45
f 157/296/4 162/317/4 138/318/4 134/297/4
f 162/317/4 163/319/4 139/320/4 138/318/4
f 163/319/4 164/288/4 140/291/4 139/320/4
f 131/300/44 134/299/44 138/321/44 143/322/44
f 143/322/44 138/321/44 139/323/44 142/324/44
f 142/324/44 139/323/44 140/281/44 141/280/44
f 145/325/4 144/326/4 164/288/4 163/319/4
f 146/327/4 145/325/4 163/319/4 162/317/4
f 132/328/4 146/327/4 162/317/4 157/296/4
f 136/329/3 135/330/3 161/305/3 160/309/3
f 137/331/3 136/329/3 160/309/3 159/307/3
f 127/332/3 137/331/3 159/307/3 156/293/3
f 135/330/3 133/333/3 158/231/3 161/305/3
f 115/238/4 132/328/4 157/296/4 150/235/4
f 207/334/3 127/332/3 156/293/3 210/292/3
f 144/326/4 129/335/4 155/289/4 164/288/4
f 168/336/4 178/337/4 190/338/4 170/239/4
f 217/339/3 221/340/3 222/341/3 215/342/3
f 124/343/41 123/344/41 154/266/41 153/265/41
f 117/345/3 120/346/3 151/263/3 149/232/3
f 120/257/8 121/256/8 152/252/8 151/251/8
f 148/347/3 184/348/3 185/349/3 169/350/3
f 116/298/4 122/351/4 152/236/4 150/235/4
f 133/333/3 117/345/3 149/232/3 158/231/3
f 191/352/4 192/353/4 168/336/4 170/239/4
f 170/239/4 190/338/4 189/354/4 147/240/4
f 148/347/3 169/350/3 167/355/3 114/356/3
f 179/357/49 178/358/49 168/359/50 165/360/50
f 212/361/44 214/362/44 166/248/37 167/247/37
f 213/363/4 170/239/4 166/242/4 214/364/4
f 201/365/4 176/366/4 175/367/4 202/368/4
f 203/369/44 202/370/44 175/371/44 171/372/44
f 181/373/4 172/374/4 176/366/4 201/365/4
f 198/375/3 199/376/3 174/377/3 173/378/3
f 211/379/3 173/378/3 171/380/3 212/381/3
f 199/382/11 193/383/11 172/384/11 174/385/11
f 192/386/51 196/387/51 165/360/50 168/359/50
f 194/388/52 198/389/52 200/390/11 195/391/11
f 194/388/52 193/392/53 199/393/53 198/389/52
f 191/394/54 197/395/54 196/396/55 192/397/55
f 195/391/11 200/390/11 197/395/54 191/394/54
f 183/398/56 188/399/56 189/400/56 184/401/56
f 184/402/57 189/403/57 190/404/58 185/405/58
f 178/406/59 179/407/59 185/405/58 190/404/58
f 209/408/4 181/373/4 201/365/4 205/409/4
f 180/410/60 177/411/60 187/412/61 182/413/61
f 182/413/61 187/412/61 188/414/62 183/415/62
f 205/416/34 210/417/34 206/418/34 208/419/34
f 201/420/40 204/421/40 210/417/40 205/416/40
f 174/377/3 186/422/3 204/423/3 173/378/3
f 173/378/3 204/423/3 203/424/3 171/380/3
f 174/385/11 172/384/11 181/425/11 186/426/11
f 155/289/4 205/409/4 208/427/4 130/290/4
f 128/283/44 130/282/44 208/428/44 206/429/44
f 129/335/4 209/408/4 205/409/4 155/289/4
f 186/422/3 207/334/3 210/292/3 204/423/3
f 201/420/8 202/430/8 203/431/8 204/421/8
f 186/426/11 181/425/11 209/285/11 207/284/11
f 169/350/3 211/379/3 212/381/3 167/355/3
f 176/366/4 213/363/4 214/364/4 175/367/4
f 171/372/44 175/371/44 214/362/44 212/361/44
f 176/366/4 194/432/4 195/433/4 213/363/4
f 197/434/3 200/435/3 211/379/3 169/350/3
f 196/436/3 197/434/3 169/350/3 165/437/3
f 200/435/3 198/375/3 173/378/3 211/379/3
f 195/433/4 191/352/4 170/239/4 213/363/4
f 172/374/4 193/438/4 194/432/4 176/366/4
f 169/350/3 185/349/3 179/439/3 165/437/3
f 215/342/3 183/440/3 184/348/3 148/347/3
f 114/356/3 217/339/3 215/342/3 148/347/3
f 147/240/4 218/277/4 216/279/4 113/241/4
f 113/249/38 216/227/36 217/230/36 114/250/38
f 147/240/4 189/354/4 188/441/4 218/277/4
f 154/442/3 123/443/3 219/444/3 222/341/3
f 218/277/4 188/441/4 187/274/4 224/273/4
f 223/228/36 125/268/63 126/267/63 221/229/36
f 221/340/3 126/445/3 154/442/3 222/341/3
f 222/341/3 182/446/3 183/440/3 215/342/3
f 220/270/43 177/447/64 180/448/64 219/271/43
f 220/276/4 124/449/4 153/450/4 224/273/4
f 224/273/4 153/450/4 125/451/4 223/278/4
f 219/444/3 180/452/3 182/446/3 222/341/3
f 225/453/65 233/454/66 240/455/67 232/456/68
f 226/457/69 234/458/70 233/454/66 225/453/65
f 227/459/71 235/460/72 234/458/70 226/457/69
f 228/461/73 236/462/74 235/460/72 227/459/71
f 229/463/75 237/464/76 236/462/74 228/461/73
f 230/465/77 238/466/78 237/464/76 229/463/75
f 231/467/79 239/468/80 238/466/78 230/465/77
f 232/456/68 240/455/67 239/469/80 231/470/79
f 233/454/66 241/471/81 248/472/82 240/455/67
f 234/458/70 242/473/83 241/471/81 233/454/66
f 235/460/72 243/474/84 242/473/83 234/458/70
f 236/462/74 244/475/85 243/474/84 235/460/72
f 237/464/76 245/476/86 244/475/85 236/462/74
f 238/466/78 246/477/87 245/476/86 237/464/76
f 239/468/80 247/478/88 246/477/87 238/466/78
f 240/455/67 248/472/82 247/479/88 239/469/80
f 241/471/81 249/480/89 256/481/90 248/472/82
f 242/473/83 250/482/91 249/480/89 241/471/81
f 243/474/84 251/483/92 250/482/91 242/473/83
f 244/475/85 252/484/93 251/483/92 243/474/84
f 245/476/86 253/485/94 252/484/93 244/475/85
f 246/477/87 254/486/95 253/485/94 245/476/86
f 247/478/88 255/487/96 254/486/95 246/477/87
f 248/472/82 256/481/90 255/488/96 247/479/88
f 249/480/89 257/489/97 264/490/98 256/481/90
f 250/482/91 258/491/99 257/489/97 249/480/89
f 251/483/92 259/492/100 258/491/99 250/482/91
f 252/484/93 260/493/101 259/492/100 251/483/92
f 253/485/94 261/494/102 260/493/101 252/484/93
f 254/486/95 262/495/103 261/494/102 253/485/94
f 255/487/96 263/496/104 262/495/103 254/486/95
f 256/481/90 264/490/98 263/497/104 255/488/96
f 257/489/97 265/498/105 272/499/106 264/490/98
f 258/491/99 266/500/107 265/498/105 257/489/97
f 259/492/100 267/501/108 266/500/107 258/491/99
f 260/493/101 268/502/109 267/501/108 259/492/100
f 261/494/102 269/503/110 268/502/109 260/493/101
f 262/495/103 270/504/111 269/503/110 261/494/102
f 263/496/104 271/505/112 270/504/111 262/495/103
f 264/490/98 272/499/106 271/506/112 263/497/104
f 849/507/113 273/508/114 280/509/115 850/510/116
f 851/511/117 274/512/118 273/508/114 849/507/113
f 852/513/119 275/514/120 274/512/118 851/511/117
f 853/515/121 276/516/122 275/514/120 852/513/119
f 854/517/123 277/518/124 276/516/122 853/515/121
f 855/519/125 278/520/126 277/518/124 854/517/123
f 856/521/127 279/522/128 278/520/126 855/519/125
f 850/510/116 280/509/115 279/523/128 856/524/127
f 897/525/129 281/526/130 288/527/131 898/528/132
f 899/529/133 282/530/134 281/526/130 897/525/129
f 900/531/135 283/532/136 282/530/134 899/529/133
f 901/533/137 284/534/138 283/532/136 900/531/135
f 902/535/139 285/536/140 284/534/138 901/533/137
f 903/537/141 286/538/142 285/536/140 902/535/139
f 904/539/143 287/540/144 286/538/142 903/537/141
f 898/528/132 288/527/131 287/541/144 904/542/143
f 625/543/145 289/544/146 296/545/147 626/546/148
f 627/547/149 290/548/150 289/544/146 625/543/145
f 628/549/151 291/550/152 290/548/150 627/547/149
f 629/551/153 292/552/154 291/550/152 628/549/151
f 630/553/155 293/554/156 292/552/154 629/551/153
f 631/555/157 294/556/158 293/554/156 630/553/155
f 632/557/159 295/558/160 294/556/158 631/555/157
f 626/546/148 296/545/147 295/559/160 632/560/159
f 673/561/161 297/562/162 304/563/163 674/564/164
f 675/565/165 298/566/166 297/562/162 673/561/161
f 676/567/167 299/568/168 298/566/166 675/565/165
f 677/569/169 300/570/170 299/568/168 676/567/167
f 678/571/171 301/572/172 300/570/170 677/569/169
f 679/573/173 302/574/174 301/572/172 678/571/171
f 680/575/175 303/576/176 302/574/174 679/573/173
f 674/564/164 304/563/163 303/577/176 680/578/175
f 721/579/177 305/580/178 312/581/179 722/582/180
f 723/583/181 306/584/182 305/580/178 721/579/177
f 724/585/183 307/586/184 306/584/182 723/583/181
f 725/587/185 308/588/186 307/586/184 724/585/183
f 726/589/187 309/590/188 308/588/186 725/587/185
f 727/591/189 310/592/190 309/590/188 726/589/187
f 728/593/191 311/594/192 310/592/190 727/591/189
f 722/582/180 312/581/179 311/595/192 728/596/191
f 769/597/193 313/598/194 320/599/195 770/600/196
f 771/601/197 314/602/198 313/598/194 769/597/193
f 772/603/199 315/604/200 314/602/198 771/601/197
f 773/605/201 316/606/202 315/604/200 772/603/199
f 774/607/203 317/608/204 316/606/202 773/605/201
f 775/609/205 318/610/206 317/608/204 774/607/203
f 776/611/207 319/612/208 318/610/206 775/609/205
f 770/600/196 320/599/195 319/613/208 776/614/207
f 809/615/209 321/616/210 328/617/211 810/618/212
f 811/619/213 322/620/214 321/616/210 809/615/209
f 812/621/215 323/622/216 322/620/214 811/619/213
f 813/623/217 324/624/218 323/622/216 812/621/215
f 814/625/219 325/626/220 324/624/218 813/623/217
f 815/627/221 326/628/222 325/626/220 814/625/219
f 816/629/223 327/630/224 326/628/222 815/627/221
f 810/618/212 328/617/211 327/631/224 816/632/223
f 857/633/225 329/634/226 336/635/227 858/636/228
f 859/637/229 330/638/230 329/634/226 857/633/225
f 860/639/231 331/640/232 330/638/230 859/637/229
f 861/641/233 332/642/234 331/640/232 860/639/231
f 862/643/235 333/644/236 332/642/234 861/641/233
f 863/645/237 334/646/238 333/644/236 862/643/235
f 864/647/239 335/648/240 334/646/238 863/645/237
f 858/636/228 336/635/227 335/649/240 864/650/239
f 905/651/241 337/652/242 344/653/243 906/654/244
f 907/655/245 338/656/246 337/652/242 905/651/241
f 908/657/247 339/658/248 338/656/246 907/655/245
f 909/659/249 340/660/250 339/658/248 908/657/247
f 910/661/251 341/662/252 340/660/250 909/659/249
f 911/663/253 342/664/254 341/662/252 910/661/251
f 912/665/255 343/666/256 342/664/254 911/663/253
f 906/654/244 344/653/243 343/667/256 912/668/255
f 633/669/257 345/670/258 352/671/259 634/672/260
f 635/673/261 346/674/262 345/670/258 633/669/257
f 636/675/263 347/676/264 346/674/262 635/673/261
f 637/677/265 348/678/266 347/676/264 636/675/263
f 638/679/267 349/680/268 348/678/266 637/677/265
f 639/681/269 350/682/270 349/680/268 638/679/267
f 640/683/271 351/684/272 350/682/270 639/681/269
f 634/672/260 352/671/259 351/685/272 640/686/271
f 681/687/273 353/688/274 360/689/275 682/690/276
f 683/691/277 354/692/278 353/688/274 681/687/273
f 684/693/279 355/694/280 354/692/278 683/691/277
f 685/695/281 356/696/282 355/694/280 684/693/279
f 686/697/283 357/698/284 356/696/282 685/695/281
f 687/699/285 358/700/286 357/698/284 686/697/283
f 688/701/287 359/702/288 358/700/286 687/699/285
f 682/690/276 360/689/275 359/703/288 688/704/287
f 729/705/289 361/706/290 368/707/291 730/708/292
f 731/709/293 362/710/294 361/706/290 729/705/289
f 732/711/295 363/712/296 362/710/294 731/709/293
f 733/713/297 364/714/298 363/712/296 732/711/295
f 734/715/299 365/716/300 364/714/298 733/713/297
f 735/717/301 366/718/302 365/716/300 734/715/299
f 736/719/303 367/720/304 366/718/302 735/717/301
f 730/708/292 368/707/291 367/721/304 736/722/303
f 777/723/305 369/724/306 376/725/307 778/726/308
f 779/727/309 370/728/310 369/724/306 777/723/305
f 780/729/311 371/730/312 370/728/310 779/727/309
f 781/731/313 372/732/314 371/730/312 780/729/311
f 782/733/315 373/734/316 372/732/314 781/731/313
f 783/735/317 374/736/318 373/734/316 782/733/315
f 784/737/319 375/738/320 374/736/318 783/735/317
f 778/726/308 376/725/307 375/739/320 784/740/319
f 817/741/321 377/742/322 384/743/323 818/744/324
f 819/745/325 378/746/326 377/742/322 817/741/321
f 820/747/327 379/748/328 378/746/326 819/745/325
f 821/749/329 380/750/330 379/748/328 820/747/327
f 822/751/331 381/752/332 380/750/330 821/749/329
f 823/753/333 382/754/334 381/752/332 822/751/331
f 824/755/335 383/756/336 382/754/334 823/753/333
f 818/744/324 384/743/323 383/757/336 824/758/335
f 865/759/337 385/760/338 392/761/339 866/762/340
f 867/763/341 386/764/342 385/760/338 865/759/337
f 868/765/343 387/766/344 386/764/342 867/763/341
f 869/767/345 388/768/346 387/766/344 868/765/343
f 870/769/347 389/770/348 388/768/346 869/767/345
f 871/771/349 390/772/350 389/770/348 870/769/347
f 872/773/351 391/774/352 390/772/350 871/771/349
f 866/762/340 392/761/339 391/775/352 872/776/351
f 913/777/353 393/778/354 400/779/355 914/780/356
f 915/781/357 394/782/358 393/778/354 913/777/353
f 916/783/359 395/784/360 394/782/358 915/781/357
f 917/785/361 396/786/362 395/784/360 916/783/359
f 918/787/363 397/788/364 396/786/362 917/785/361
f 919/789/365 398/790/366 397/788/364 918/787/363
f 920/791/367 399/792/368 398/790/366 919/789/365
f 914/780/356 400/779/355 399/793/368 920/794/367
f 641/795/369 401/796/370 408/797/371 642/798/372
f 643/799/373 402/800/374 401/796/370 641/795/369
f 644/801/375 403/802/376 402/800/374 643/799/373
f 645/803/377 404/804/378 403/802/376 644/801/375
f 646/805/379 405/806/380 404/804/378 645/803/377
f 647/807/381 406/808/382 405/806/380 646/805/379
f 648/809/383 407/810/384 406/808/382 647/807/381
f 642/798/372 408/797/371 407/811/384 648/812/383
f 689/813/385 409/814/386 416/815/387 690/816/388
f 691/817/389 410/818/390 409/814/386 689/813/385
f 692/819/391 411/820/392 410/818/390 691/817/389
f 693/821/393 412/822/394 411/820/392 692/819/391
f 694/823/395 413/824/396 412/822/394 693/821/393
f 695/825/397 414/826/398 413/824/396 694/823/395
f 696/827/399 415/828/400 414/826/398 695/825/397
f 690/816/388 416/815/387 415/829/400 696/830/399
f 737/831/401 417/832/402 424/833/403 738/834/404
f 739/835/405 418/836/406 417/832/402 737/831/401
f 740/837/407 419/838/408 418/836/406 739/835/405
f 741/839/409 420/840/410 419/838/408 740/837/407
f 742/841/411 421/842/412 420/840/410 741/839/409
f 743/843/413 422/844/414 421/842/412 742/841/411
f 744/845/415 423/846/416 422/844/414 743/843/413
f 738/834/404 424/833/403 423/847/416 744/848/415
f 785/849/417 425/850/418 432/851/419 786/852/420
f 787/853/421 426/854/422 425/850/418 785/849/417
f 788/855/423 427/856/424 426/854/422 787/853/421
f 789/857/425 428/858/426 427/856/424 788/855/423
f 790/859/427 429/860/428 428/858/426 789/857/425
f 791/861/429 430/862/430 429/860/428 790/859/427
f 792/863/431 431/864/432 430/862/430 791/861/429
f 786/852/420 432/851/419 431/865/432 792/866/431
f 825/867/433 433/868/434 440/869/435 826/870/436
f 827/871/437 434/872/438 433/868/434 825/867/433
f 828/873/439 435/874/440 434/872/438 827/871/437
f 829/875/441 436/876/442 435/874/440 828/873/439
f 830/877/443 437/878/444 436/876/442 829/875/441
f 831/879/445 438/880/446 437/878/444 830/877/443
f 832/881/447 439/882/448 438/880/446 831/879/445
f 826/870/436 440/869/435 439/883/448 832/884/447
f 873/885/449 441/886/450 448/887/451 874/888/452
f 875/889/453 442/890/454 441/886/450 873/885/449
f 876/891/455 443/892/456 442/890/454 875/889/453
f 877/893/457 444/894/458 443/892/456 876/891/455
f 878/895/459 445/896/460 444/894/458 877/893/457
f 879/897/461 446/898/462 445/896/460 878/895/459
f 880/899/463 447/900/464 446/898/462 879/897/461
f 874/888/452 448/887/451 447/901/464 880/902/463
f 921/903/465 449/904/466 456/905/467 922/906/468
f 923/907/469 450/908/470 449/904/466 921/903/465
f 924/909/471 451/910/472 450/908/470 923/907/469
f 925/911/473 452/912/474 451/910/472 924/909/471
f 926/913/475 453/914/476 452/912/474 925/911/473
f 927/915/477 454/916/478 453/914/476 926/913/475
f 928/917/479 455/918/480 454/916/478 927/915/477
f 922/906/468 456/905/467 455/919/480 928/920/479
f 649/921/481 457/922/482 464/923/483 650/924/484
f 651/925/485 458/926/486 457/922/482 649/921/481
f 652/927/487 459/928/488 458/926/486 651/925/485
f 653/929/489 460/930/490 459/928/488 652/927/487
f 654/931/491 461/932/492 460/930/490 653/929/489
f 655/933/493 462/934/494 461/932/492 654/931/491
f 656/935/495 463/936/496 462/934/494 655/933/493
f 650/924/484 464/923/483 463/937/496 656/938/495
f 697/939/497 465/940/498 472/941/499 698/942/500
f 699/943/501 466/944/502 465/940/498 697/939/497
f 700/945/503 467/946/504 466/944/502 699/943/501
f 701/947/505 468/948/506 467/946/504 700/945/503
f 702/949/507 469/950/508 468/948/506 701/947/505
f 703/951/509 470/952/510 469/950/508 702/949/507
f 704/953/511 471/954/512 470/952/510 703/951/509
f 698/942/500 472/941/499 471/955/512 704/956/511
f 745/957/513 473/958/514 480/959/515 746/960/516
f 747/961/517 474/962/518 473/958/514 745/957/513
f 748/963/519 475/964/520 474/962/518 747/961/517
f 749/965/521 476/966/522 475/964/520 748/963/519
f 750/967/523 477/968/524 476/966/522 749/965/521
f 751/969/525 478/970/526 477/968/524 750/967/523
f 752/971/527 479/972/528 478/970/526 751/969/525
f 746/960/516 480/959/515 479/973/528 752/974/527
f 793/975/529 481/976/530 488/977/531 794/978/532
f 795/979/533 482/980/534 481/976/530 793/975/529
f 796/981/535 483/982/536 482/980/534 795/979/533
f 797/983/537 484/984/538 483/982/536 796/981/535
f 798/985/539 485/986/540 484/984/538 797/983/537
f 799/987/541 486/988/542 485/986/540 798/985/539
f 800/989/543 487/990/544 486/988/542 799/987/541
f 794/978/532 488/977/531 487/991/544 800/992/543
f 833/993/545 489/994/546 496/995/547 834/996/548
f 835/997/549 490/998/550 489/994/546 833/993/545
f 836/999/551 491/1000/552 490/998/550 835/997/549
f 837/1001/553 492/1002/554 491/1000/552 836/999/551
f 838/1003/555 493/1004/556 492/1002/554 837/1001/553
f 839/1005/557 494/1006/558 493/1004/556 838/1003/555
f 840/1007/559 495/1008/560 494/1006/558 839/1005/557
f 834/996/548 496/995/547 495/1009/560 840/1010/559
f 881/1011/561 497/1012/562 504/1013/563 882/1014/564
f 883/1015/565 498/1016/566 497/1012/562 881/1011/561
f 884/1017/567 499/1018/568 498/1016/566 883/1015/565
f 885/1019/569 500/1020/570 499/1018/568 884/1017/567
f 886/1021/571 501/1022/572 500/1020/570 885/1019/569
f 887/1023/573 502/1024/574 501/1022/572 886/1021/571
f 888/1025/575 503/1026/576 502/1024/574 887/1023/573
f 882/1014/564 504/1013/563 503/1027/576 888/1028/575
f 929/1029/577 505/1030/578 512/1031/579 930/1032/580
f 931/1033/581 506/1034/582 505/1030/578 929/1029/577
f 932/1035/583 507/1036/584 506/1034/582 931/1033/581
f 933/1037/585 508/1038/586 507/1036/584 932/1035/583
f 934/1039/587 509/1040/588 508/1038/586 933/1037/585
f 935/1041/589 510/1042/590 509/1040/588 934/1039/587
f 936/1043/591 511/1044/592 510/1042/590 935/1041/589
f 930/1032/580 512/1031/579 511/1045/592 936/1046/591
f 657/1047/593 513/1048/594 520/1049/595 658/1050/596
f 659/1051/597 514/1052/598 513/1048/594 657/1047/593
f 660/1053/599 515/1054/600 514/1052/598 659/1051/597
f 661/1055/601 516/1056/602 515/1054/600 660/1053/599
f 662/1057/603 517/1058/604 516/1056/602 661/1055/601
f 663/1059/605 518/1060/606 517/1058/604 662/1057/603
f 664/1061/607 519/1062/608 518/1060/606 663/1059/605
f 658/1050/596 520/1049/595 519/1063/608 664/1064/607
f 705/1065/609 521/1066/610 528/1067/611 706/1068/612
f 707/1069/613 522/1070/614 521/1066/610 705/1065/609
f 708/1071/615 523/1072/616 522/1070/614 707/1069/613
f 709/1073/617 524/1074/618 523/1072/616 708/1071/615
f 710/1075/619 525/1076/620 524/1074/618 709/1073/617
f 711/1077/621 526/1078/622 525/1076/620 710/1075/619
f 712/1079/623 527/1080/624 526/1078/622 711/1077/621
f 706/1068/612 528/1067/611 527/1081/624 712/1082/623
f 753/1083/625 529/1084/626 536/1085/627 754/1086/628
f 755/1087/629 530/1088/630 529/1084/626 753/1083/625
f 756/1089/631 531/1090/632 530/1088/630 755/1087/629
f 757/1091/633 532/1092/634 531/1090/632 756/1089/631
f 758/1093/635 533/1094/636 532/1092/634 757/1091/633
f 759/1095/637 534/1096/638 533/1094/636 758/1093/635
f 760/1097/639 535/1098/640 534/1096/638 759/1095/637
f 754/1086/628 536/1085/627 535/1099/640 760/1100/639
f 801/1101/641 537/1102/642 544/1103/643 802/1104/644
f 803/1105/645 538/1106/646 537/1102/642 801/1101/641
f 804/1107/647 539/1108/648 538/1106/646 803/1105/645
f 805/1109/649 540/1110/650 539/1108/648 804/1107/647
f 806/1111/651 541/1112/652 540/1110/650 805/1109/649
f 807/1113/653 542/1114/654 541/1112/652 806/1111/651
f 808/1115/655 543/1116/656 542/1114/654 807/1113/653
f 802/1104/644 544/1103/643 543/1117/656 808/1118/655
f 841/1119/657 545/1120/658 552/1121/659 842/1122/660
f 843/1123/661 546/1124/662 545/1120/658 841/1119/657
f 844/1125/663 547/1126/664 546/1124/662 843/1123/661
f 845/1127/665 548/1128/666 547/1126/664 844/1125/663
f 846/1129/667 549/1130/668 548/1128/666 845/1127/665
f 847/1131/669 550/1132/670 549/1130/668 846/1129/667
f 848/1133/671 551/1134/672 550/1132/670 847/1131/669
f 842/1122/660 552/1121/659 551/1135/672 848/1136/671
f 889/1137/673 553/1138/674 560/1139/675 890/1140/676
f 891/1141/677 554/1142/678 553/1138/674 889/1137/673
f 892/1143/679 555/1144/680 554/1142/678 891/1141/677
f 893/1145/681 556/1146/682 555/1144/680 892/1143/679
f 894/1147/683 557/1148/684 556/1146/682 893/1145/681
f 895/1149/685 558/1150/686 557/1148/684 894/1147/683
f 896/1151/687 559/1152/688 558/1150/686 895/1149/685
f 890/1140/676 560/1139/675 559/1153/688 896/1154/687
f 937/1155/689 561/1156/690 568/1157/691 938/1158/692
f 939/1159/693 562/1160/694 561/1156/690 937/1155/689
f 940/1161/695 563/1162/696 562/1160/694 939/1159/693
f 941/1163/697 564/1164/698 563/1162/696 940/1161/695
f 942/1165/699 565/1166/700 564/1164/698 941/1163/697
f 943/1167/701 566/1168/702 565/1166/700 942/1165/699
f 944/1169/703 567/1170/704 566/1168/702 943/1167/701
f 938/1158/692 568/1157/691 567/1171/704 944/1172/703
f 665/1173/705 569/1174/706 576/1175/707 666/1176/708
f 667/1177/709 570/1178/710 569/1174/706 665/1173/705
f 668/1179/711 571/1180/712 570/1178/710 667/1177/709
f 669/1181/713 572/1182/714 571/1180/712 668/1179/711
f 670/1183/715 573/1184/716 572/1182/714 669/1181/713
f 671/1185/717 574/1186/718 573/1184/716 670/1183/715
f 672/1187/719 575/1188/720 574/1186/718 671/1185/717
f 666/1176/708 576/1175/707 575/1189/720 672/1190/719
f 713/1191/721 577/1192/722 584/1193/723 714/1194/724
f 715/1195/725 578/1196/726 577/1192/722 713/1191/721
f 716/1197/727 579/1198/728 578/1196/726 715/1195/725
f 717/1199/729 580/1200/730 579/1198/728 716/1197/727
f 718/1201/731 581/1202/732 580/1200/730 717/1199/729
f 719/1203/733 582/1204/734 581/1202/732 718/1201/731
f 720/1205/735 583/1206/736 582/1204/734 719/1203/733
f 714/1194/724 584/1193/723 583/1207/736 720/1208/735
f 761/1209/737 585/1210/738 592/1211/739 762/1212/740
f 763/1213/741 586/1214/742 585/1210/738 761/1209/737
f 764/1215/743 587/1216/744 586/1214/742 763/1213/741
f 765/1217/745 588/1218/746 587/1216/744 764/1215/743
f 766/1219/747 589/1220/748 588/1218/746 765/1217/745
f 767/1221/749 590/1222/750 589/1220/748 766/1219/747
f 768/1223/751 591/1224/752 590/1222/750 767/1221/749
f 762/1212/740 592/1211/739 591/1225/752 768/1226/751
f 585/1210/738 593/1227/753 600/1228/754 592/1211/739
f 586/1214/742 594/1229/755 593/1227/753 585/1210/738
f 587/1216/744 595/1230/756 594/1229/755 586/1214/742
f 588/1218/746 596/1231/757 595/1230/756 587/1216/744
f 589/1220/748 597/1232/758 596/1231/757 588/1218/746
f 590/1222/750 598/1233/759 597/1232/758 589/1220/748
f 591/1224/752 599/1234/760 598/1233/759 590/1222/750
f 592/1211/739 600/1228/754 599/1235/760 591/1225/752
f 593/1227/753 601/1236/761 608/1237/762 600/1228/754
f 594/1229/755 602/1238/763 601/1236/761 593/1227/753
f 595/1230/756 603/1239/764 602/1238/763 594/1229/755
f 596/1231/757 604/1240/765 603/1239/764 595/1230/756
f 597/1232/758 605/1241/766 604/1240/765 596/1231/757
f 598/1233/759 606/1242/767 605/1241/766 597/1232/758
f 599/1234/760 607/1243/768 606/1242/767 598/1233/759
f 600/1228/754 608/1237/762 607/1244/768 599/1235/760
f 601/1236/761 609/1245/769 616/1246/770 608/1237/762
f 602/1238/763 610/1247/771 609/1245/769 601/1236/761
f 603/1239/764 611/1248/772 610/1247/771 602/1238/763
f 604/1240/765 612/1249/773 611/1248/772 603/1239/764
f 605/1241/766 613/1250/774 612/1249/773 604/1240/765
f 606/1242/767 614/1251/775 613/1250/774 605/1241/766
f 607/1243/768 615/1252/776 614/1251/775 606/1242/767
f 608/1237/762 616/1246/770 615/1253/776 607/1244/768
f 609/1245/769 617/1254/777 624/1255/778 616/1246/770
f 610/1247/771 618/1256/779 617/1254/777 609/1245/769
f 611/1248/772 619/1257/780 618/1256/779 610/1247/771
f 612/1249/773 620/1258/781 619/1257/780 611/1248/772
f 613/1250/774 621/1259/782 620/1258/781 612/1249/773
f 614/1251/775 622/1260/783 621/1259/782 613/1250/774
f 615/1252/776 623/1261/784 622/1260/783 614/1251/775
f 616/1246/770 624/1255/778 623/1262/784 615/1253/776
f 288/527/131 626/546/148 632/560/159 287/541/144
f 287/540/144 632/557/159 631/555/157 286/538/142
f 286/538/142 631/555/157 630/553/155 285/536/140
f 285/536/140 630/553/155 629/551/153 284/534/138
f 284/534/138 629/551/153 628/549/151 283/532/136
f 283/532/136 628/549/151 627/547/149 282/530/134
f 282/530/134 627/547/149 625/543/145 281/526/130
f 281/526/130 625/543/145 626/546/148 288/527/131
f 344/653/243 634/672/260 640/686/271 343/667/256
f 343/666/256 640/683/271 639/681/269 342/664/254
f 342/664/254 639/681/269 638/679/267 341/662/252
f 341/662/252 638/679/267 637/677/265 340/660/250
f 340/660/250 637/677/265 636/675/263 339/658/248
f 339/658/248 636/675/263 635/673/261 338/656/246
f 338/656/246 635/673/261 633/669/257 337/652/242
f 337/652/242 633/669/257 634/672/260 344/653/243
f 400/779/355 642/798/372 648/812/383 399/793/368
f 399/792/368 648/809/383 647/807/381 398/790/366
f 398/790/366 647/807/381 646/805/379 397/788/364
f 397/788/364 646/805/379 645/803/377 396/786/362
f 396/786/362 645/803/377 644/801/375 395/784/360
f 395/784/360 644/801/375 643/799/373 394/782/358
f 394/782/358 643/799/373 641/795/369 393/778/354
f 393/778/354 641/795/369 642/798/372 400/779/355
f 456/905/467 650/1263/484 656/1264/495 455/919/480
f 455/918/480 656/1265/495 655/1266/493 454/916/478
f 454/916/478 655/1266/493 654/1267/491 453/914/476
f 453/914/476 654/1267/491 653/1268/489 452/912/474
f 452/912/474 653/1268/489 652/1269/487 451/910/472
f 451/910/472 652/1269/487 651/1270/485 450/908/470
f 450/908/470 651/1270/485 649/1271/481 449/904/466
f 449/904/466 649/1271/481 650/1263/484 456/905/467
f 512/1031/579 658/1050/596 664/1064/607 511/1045/592
f 511/1044/592 664/1061/607 663/1059/605 510/1042/590
f 510/1042/590 663/1059/605 662/1057/603 509/1040/588
f 509/1040/588 662/1057/603 661/1055/601 508/1038/586
f 508/1038/586 661/1055/601 660/1053/599 507/1036/584
f 507/1036/584 660/1053/599 659/1051/597 506/1034/582
f 506/1034/582 659/1051/597 657/1047/593 505/1030/578
f 505/1030/578 657/1047/593 658/1050/596 512/1031/579
f 568/1157/691 666/1176/708 672/1190/719 567/1171/704
f 567/1170/704 672/1187/719 671/1185/717 566/1168/702
f 566/1168/702 671/1185/717 670/1183/715 565/1166/700
f 565/1166/700 670/1183/715 669/1181/713 564/1164/698
f 564/1164/698 669/1181/713 668/1179/711 563/1162/696
f 563/1162/696 668/1179/711 667/1177/709 562/1160/694
f 562/1160/694 667/1177/709 665/1173/705 561/1156/690
f 561/1156/690 665/1173/705 666/1176/708 568/1157/691
f 576/1175/707 714/1194/724 720/1208/735 575/1189/720
f 575/1188/720 720/1205/735 719/1203/733 574/1186/718
f 574/1186/718 719/1203/733 718/1201/731 573/1184/716
f 573/1184/716 718/1201/731 717/1199/729 572/1182/714
f 572/1182/714 717/1199/729 716/1197/727 571/1180/712
f 571/1180/712 716/1197/727 715/1195/725 570/1178/710
f 570/1178/710 715/1195/725 713/1191/721 569/1174/706
f 569/1174/706 713/1191/721 714/1194/724 576/1175/707
f 520/1049/595 706/1068/612 712/1082/623 519/1063/608
f 519/1062/608 712/1079/623 711/1077/621 518/1060/606
f 518/1060/606 711/1077/621 710/1075/619 517/1058/604
f 517/1058/604 710/1075/619 709/1073/617 516/1056/602
f 516/1056/602 709/1073/617 708/1071/615 515/1054/600
f 515/1054/600 708/1071/615 707/1069/613 514/1052/598
f 514/1052/598 707/1069/613 705/1065/609 513/1048/594
f 513/1048/594 705/1065/609 706/1068/612 520/1049/595
f 464/923/483 698/942/500 704/956/511 463/937/496
f 463/936/496 704/953/511 703/951/509 462/934/494
f 462/934/494 703/951/509 702/949/507 461/932/492
f 461/932/492 702/949/507 701/947/505 460/930/490
f 460/930/490 701/947/505 700/945/503 459/928/488
f 459/928/488 700/945/503 699/943/501 458/926/486
f 458/926/486 699/943/501 697/939/497 457/922/482
f 457/922/482 697/939/497 698/942/500 464/923/483
f 408/797/371 690/816/388 696/830/399 407/811/384
f 407/810/384 696/827/399 695/825/397 406/808/382
f 406/808/382 695/825/397 694/823/395 405/806/380
f 405/806/380 694/823/395 693/821/393 404/804/378
f 404/804/378 693/821/393 692/819/391 403/802/376
f 403/802/376 692/819/391 691/817/389 402/800/374
f 402/800/374 691/817/389 689/813/385 401/796/370
f 401/796/370 689/813/385 690/816/388 408/797/371
f 352/671/259 682/690/276 688/704/287 351/685/272
f 351/684/272 688/701/287 687/699/285 350/682/270
f 350/682/270 687/699/285 686/697/283 349/680/268
f 349/680/268 686/697/283 685/695/281 348/678/266
f 348/678/266 685/695/281 684/693/279 347/676/264
f 347/676/264 684/693/279 683/691/277 346/674/262
f 346/674/262 683/691/277 681/687/273 345/670/258
f 345/670/258 681/687/273 682/690/276 352/671/259
f 296/545/147 674/564/164 680/578/175 295/559/160
f 295/558/160 680/575/175 679/573/173 294/556/158
f 294/556/158 679/573/173 678/571/171 293/554/156
f 293/554/156 678/571/171 677/569/169 292/552/154
f 292/552/154 677/569/169 676/567/167 291/550/152
f 291/550/152 676/567/167 675/565/165 290/548/150
f 290/548/150 675/565/165 673/561/161 289/544/146
f 289/544/146 673/561/161 674/564/164 296/545/147
f 584/1193/723 762/1212/740 768/1226/751 583/1207/736
f 583/1206/736 768/1223/751 767/1221/749 582/1204/734
f 582/1204/734 767/1221/749 766/1219/747 581/1202/732
f 581/1202/732 766/1219/747 765/1217/745 580/1200/730
f 580/1200/730 765/1217/745 764/1215/743 579/1198/728
f 579/1198/728 764/1215/743 763/1213/741 578/1196/726
f 578/1196/726 763/1213/741 761/1209/737 577/1192/722
f 577/1192/722 761/1209/737 762/1212/740 584/1193/723
f 528/1067/611 754/1086/628 760/1100/639 527/1081/624
f 527/1080/624 760/1097/639 759/1095/637 526/1078/622
f 526/1078/622 759/1095/637 758/1093/635 525/1076/620
f 525/1076/620 758/1093/635 757/1091/633 524/1074/618
f 524/1074/618 757/1091/633 756/1089/631 523/1072/616
f 523/1072/616 756/1089/631 755/1087/629 522/1070/614
f 522/1070/614 755/1087/629 753/1083/625 521/1066/610
f 521/1066/610 753/1083/625 754/1086/628 528/1067/611
f 472/941/499 746/960/516 752/974/527 471/955/512
f 471/954/512 752/971/527 751/969/525 470/952/510
f 470/952/510 751/969/525 750/967/523 469/950/508
f 469/950/508 750/967/523 749/965/521 468/948/506
f 468/948/506 749/965/521 748/963/519 467/946/504
f 467/946/504 748/963/519 747/961/517 466/944/502
f 466/944/502 747/961/517 745/957/513 465/940/498
f 465/940/498 745/957/513 746/960/516 472/941/499
f 416/815/387 738/834/404 744/848/415 415/829/400
f 415/828/400 744/845/415 743/843/413 414/826/398
f 414/826/398 743/843/413 742/841/411 413/824/396
f 413/824/396 742/841/411 741/839/409 412/822/394
f 412/822/394 741/839/409 740/837/407 411/820/392
f 411/820/392 740/837/407 739/835/405 410/818/390
f 410/818/390 739/835/405 737/831/401 409/814/386
f 409/814/386 737/831/401 738/834/404 416/815/387
f 360/689/275 730/708/292 736/722/303 359/703/288
f 359/702/288 736/719/303 735/717/301 358/700/286
f 358/700/286 735/717/301 734/715/299 357/698/284
f 357/698/284 734/715/299 733/713/297 356/696/282
f 356/696/282 733/713/297 732/711/295 355/694/280
f 355/694/280 732/711/295 731/709/293 354/692/278
f 354/692/278 731/709/293 729/705/289 353/688/274
f 353/688/274 729/705/289 730/708/292 360/689/275
f 304/563/163 722/582/180 728/596/191 303/577/176
f 303/576/176 728/593/191 727/591/189 302/574/174
f 302/574/174 727/591/189 726/589/187 301/572/172
f 301/572/172 726/589/187 725/587/185 300/570/170
f 300/570/170 725/587/185 724/585/183 299/568/168
f 299/568/168 724/585/183 723/583/181 298/566/166
f 298/566/166 723/583/181 721/579/177 297/562/162
f 297/562/162 721/579/177 722/582/180 304/563/163
f 536/1085/627 802/1104/644 808/1118/655 535/1099/640
f 535/1098/640 808/1115/655 807/1113/653 534/1096/638
f 534/1096/638 807/1113/653 806/1111/651 533/1094/636
f 533/1094/636 806/1111/651 805/1109/649 532/1092/634
f 532/1092/634 805/1109/649 804/1107/647 531/1090/632
f 531/1090/632 804/1107/647 803/1105/645 530/1088/630
f 530/1088/630 803/1105/645 801/1101/641 529/1084/626
f 529/1084/626 801/1101/641 802/1104/644 536/1085/627
f 480/959/515 794/978/532 800/992/543 479/973/528
f 479/972/528 800/989/543 799/987/541 478/970/526
f 478/970/526 799/987/541 798/985/539 477/968/524
f 477/968/524 798/985/539 797/983/537 476/966/522
f 476/966/522 797/983/537 796/981/535 475/964/520
f 475/964/520 796/981/535 795/979/533 474/962/518
f 474/962/518 795/979/533 793/975/529 473/958/514
f 473/958/514 793/975/529 794/978/532 480/959/515
f 424/833/403 786/852/420 792/866/431 423/847/416
f 423/846/416 792/863/431 791/861/429 422/844/414
f 422/844/414 791/861/429 790/859/427 421/842/412
f 421/842/412 790/859/427 789/857/425 420/840/410
f 420/840/410 789/857/425 788/855/423 419/838/408
f 419/838/408 788/855/423 787/853/421 418/836/406
f 418/836/406 787/853/421 785/849/417 417/832/402
f 417/832/402 785/849/417 786/852/420 424/833/403
f 368/707/291 778/726/308 784/740/319 367/721/304
f 367/720/304 784/737/319 783/735/317 366/718/302
f 366/718/302 783/735/317 782/733/315 365/716/300
f 365/716/300 782/733/315 781/731/313 364/714/298
f 364/714/298 781/731/313 780/729/311 363/712/296
f 363/712/296 780/729/311 779/727/309 362/710/294
f 362/710/294 779/727/309 777/723/305 361/706/290
f 361/706/290 777/723/305 778/726/308 368/707/291
f 312/581/179 770/600/196 776/614/207 311/595/192
f 311/594/192 776/611/207 775/609/205 310/592/190
f 310/592/190 775/609/205 774/607/203 309/590/188
f 309/590/188 774/607/203 773/605/201 308/588/186
f 308/588/186 773/605/201 772/603/199 307/586/184
f 307/586/184 772/603/199 771/601/197 306/584/182
f 306/584/182 771/601/197 769/597/193 305/580/178
f 305/580/178 769/597/193 770/600/196 312/581/179
f 544/1103/643 842/1122/660 848/1136/671 543/1117/656
f 543/1116/656 848/1133/671 847/1131/669 542/1114/654
f 542/1114/654 847/1131/669 846/1129/667 541/1112/652
f 541/1112/652 846/1129/667 845/1127/665 540/1110/650
f 540/1110/650 845/1127/665 844/1125/663 539/1108/648
f 539/1108/648 844/1125/663 843/1123/661 538/1106/646
f 538/1106/646 843/1123/661 841/1119/657 537/1102/642
f 537/1102/642 841/1119/657 842/1122/660 544/1103/643
f 488/977/531 834/996/548 840/1010/559 487/991/544
f 487/990/544 840/1007/559 839/1005/557 486/988/542
f 486/988/542 839/1005/557 838/1003/555 485/986/540
f 485/986/540 838/1003/555 837/1001/553 484/984/538
f 484/984/538 837/1001/553 836/999/551 483/982/536
f 483/982/536 836/999/551 835/997/549 482/980/534
f 482/980/534 835/997/549 833/993/545 481/976/530
f 481/976/530 833/993/545 834/996/548 488/977/531
f 432/851/419 826/870/436 832/884/447 431/865/432
f 431/864/432 832/881/447 831/879/445 430/862/430
f 430/862/430 831/879/445 830/877/443 429/860/428
f 429/860/428 830/877/443 829/875/441 428/858/426
f 428/858/426 829/875/441 828/873/439 427/856/424
f 427/856/424 828/873/439 827/871/437 426/854/422
f 426/854/422 827/871/437 825/867/433 425/850/418
f 425/850/418 825/867/433 826/870/436 432/851/419
f 376/725/307 818/744/324 824/758/335 375/739/320
f 375/738/320 824/755/335 823/753/333 374/736/318
f 374/736/318 823/753/333 822/751/331 373/734/316
f 373/734/316 822/751/331 821/749/329 372/732/314
f 372/732/314 821/749/329 820/747/327 371/730/312
f 371/730/312 820/747/327 819/745/325 370/728/310
f 370/728/310 819/745/325 817/741/321 369/724/306
f 369/724/306 817/741/321 818/744/324 376/725/307
f 320/599/195 810/618/212 816/632/223 319/613/208
f 319/612/208 816/629/223 815/627/221 318/610/206
f 318/610/206 815/627/221 814/625/219 317/608/204
f 317/608/204 814/625/219 813/623/217 316/606/202
f 316/606/202 813/623/217 812/621/215 315/604/200
f 315/604/200 812/621/215 811/619/213 314/602/198
f 314/602/198 811/619/213 809/615/209 313/598/194
f 313/598/194 809/615/209 810/618/212 320/599/195
f 552/1121/659 890/1140/676 896/1154/687 551/1135/672
f 551/1134/672 896/1151/687 895/1149/685 550/1132/670
f 550/1132/670 895/1149/685 894/1147/683 549/1130/668
f 549/1130/668 894/1147/683 893/1145/681 548/1128/666
f 548/1128/666 893/1145/681 892/1143/679 547/1126/664
f 547/1126/664 892/1143/679 891/1141/677 546/1124/662
f 546/1124/662 891/1141/677 889/1137/673 545/1120/658
f 545/1120/658 889/1137/673 890/1140/676 552/1121/659
f 496/995/547 882/1014/564 888/1028/575 495/1009/560
f 495/1008/560 888/1025/575 887/1023/573 494/1006/558
f 494/1006/558 887/1023/573 886/1021/571 493/1004/556
f 493/1004/556 886/1021/571 885/1019/569 492/1002/554
f 492/1002/554 885/1019/569 884/1017/567 491/1000/552
f 491/1000/552 884/1017/567 883/1015/565 490/998/550
f 490/998/550 883/1015/565 881/1011/561 489/994/546
f 489/994/546 881/1011/561 882/1014/564 496/995/547
f 440/869/435 874/888/452 880/902/463 439/883/448
f 439/882/448 880/899/463 879/897/461 438/880/446
f 438/880/446 879/897/461 878/895/459 437/878/444
f 437/878/444 878/895/459 877/893/457 436/876/442
f 436/876/442 877/893/457 876/891/455 435/874/440
f 435/874/440 876/891/455 875/889/453 434/872/438
f 434/872/438 875/889/453 873/885/449 433/868/434
f 433/868/434 873/885/449 874/888/452 440/869/435
f 384/743/323 866/762/340 872/776/351 383/757/336
f 383/756/336 872/773/351 871/771/349 382/754/334
f 382/754/334 871/771/349 870/769/347 381/752/332
f 381/752/332 870/769/347 869/767/345 380/750/330
f 380/750/330 869/767/345 868/765/343 379/748/328
f 379/748/328 868/765/343 867/763/341 378/746/326
f 378/746/326 867/763/341 865/759/337 377/742/322
f 377/742/322 865/759/337 866/762/340 384/743/323
f 328/617/211 858/636/228 864/650/239 327/631/224
f 327/630/224 864/647/239 863/645/237 326/628/222
f 326/628/222 863/645/237 862/643/235 325/626/220
f 325/626/220 862/643/235 861/641/233 324/624/218
f 324/624/218 861/641/233 860/639/231 323/622/216
f 323/622/216 860/639/231 859/637/229 322/620/214
f 322/620/214 859/637/229 857/633/225 321/616/210
f 321/616/210 857/633/225 858/636/228 328/617/211
f 272/499/106 850/510/116 856/524/127 271/506/112
f 271/505/112 856/521/127 855/519/125 270/504/111
f 270/504/111 855/519/125 854/517/123 269/503/110
f 269/503/110 854/517/123 853/515/121 268/502/109
f 268/502/109 853/515/121 852/513/119 267/501/108
f 267/501/108 852/513/119 851/511/117 266/500/107
f 266/500/107 851/511/117 849/507/113 265/498/105
f 265/498/105 849/507/113 850/510/116 272/499/106
f 560/1139/675 938/1158/692 944/1172/703 559/1153/688
f 559/1152/688 944/1169/703 943/1167/701 558/1150/686
f 558/1150/686 943/1167/701 942/1165/699 557/1148/684
f 557/1148/684 942/1165/699 941/1163/697 556/1146/682
f 556/1146/682 941/1163/697 940/1161/695 555/1144/680
f 555/1144/680 940/1161/695 939/1159/693 554/1142/678
f 554/1142/678 939/1159/693 937/1155/689 553/1138/674
f 553/1138/674 937/1155/689 938/1158/692 560/1139/675
f 504/1013/563 930/1032/580 936/1046/591 503/1027/576
f 503/1026/576 936/1043/591 935/1041/589 502/1024/574
f 502/1024/574 935/1041/589 934/1039/587 501/1022/572
f 501/1022/572 934/1039/587 933/1037/585 500/1020/570
f 500/1020/570 933/1037/585 932/1035/583 499/1018/568
f 499/1018/568 932/1035/583 931/1033/581 498/1016/566
f 498/1016/566 931/1033/581 929/1029/577 497/1012/562
f 497/1012/562 929/1029/577 930/1032/580 504/1013/563
f 448/887/451 922/906/468 928/920/479 447/901/464
f 447/900/464 928/917/479 927/915/477 446/898/462
f 446/898/462 927/915/477 926/913/475 445/896/460
f 445/896/460 926/913/475 925/911/473 444/894/458
f 444/894/458 925/911/473 924/909/471 443/892/456
f 443/892/456 924/909/471 923/907/469 442/890/454
f 442/890/454 923/907/469 921/903/465 441/886/450
f 441/886/450 921/903/465 922/906/468 448/887/451
f 392/761/339 914/780/356 920/794/367 391/775/352
f 391/774/352 920/791/367 919/789/365 390/772/350
f 390/772/350 919/789/365 918/787/363 389/770/348
f 389/770/348 918/787/363 917/785/361 388/768/346
f 388/768/346 917/785/361 916/783/359 387/766/344
f 387/766/344 916/783/359 915/781/357 386/764/342
f 386/764/342 915/781/357 913/777/353 385/760/338
f 385/760/338 913/777/353 914/780/356 392/761/339
f 336/635/227 906/654/244 912/668/255 335/649/240
f 335/648/240 912/665/255 911/663/253 334/646/238
f 334/646/238 911/663/253 910/661/251 333/644/236
f 333/644/236 910/661/251 909/659/249 332/642/234
f 332/642/234 909/659/249 908/657/247 331/640/232
f 331/640/232 908/657/247 907/655/245 330/638/230
f 330/638/230 907/655/245 905/651/241 329/634/226
f 329/634/226 905/651/241 906/654/244 336/635/227
f 280/509/115 898/528/132 904/542/143 279/523/128
f 279/522/128 904/539/143 903/537/141 278/520/126
f 278/520/126 903/537/141 902/535/139 277/518/124
f 277/518/124 902/535/139 901/533/137 276/516/122
f 276/516/122 901/533/137 900/531/135 275/514/120
f 275/514/120 900/531/135 899/529/133 274/512/118
f 274/512/118 899/529/133 897/525/129 273/508/114
f 273/508/114 897/525/129 898/528/132 280/509/115
f 225/1272/3 232/1273/3 945/1274/3 226/1275/3
f 232/1273/3 231/1276/3 230/1277/3 945/1274/3
f 226/1275/3 945/1274/3 228/1278/3 227/1279/3
f 945/1274/3 230/1277/3 229/1280/3 228/1278/3
f 624/1281/4 617/1282/4 618/1283/4 946/1284/4
f 623/1285/4 624/1281/4 946/1284/4 622/1286/4
f 622/1286/4 946/1284/4 620/1287/4 621/1288/4
f 946/1284/4 618/1283/4 619/1289/4 620/1287/4
