# Blender 4.0.2
# www.blender.org
o deer_antler
v -0.121412 0.547968 0.039160
v -0.120686 0.552086 0.040233
v -0.127698 0.548585 0.037985
v -0.124959 0.545644 0.037635
v -0.121748 0.543159 0.036399
v -0.117287 0.547634 0.039291
v -0.115204 0.551394 0.040676
v -0.113022 0.549217 0.039604
v -0.114585 0.546193 0.037605
v -0.110390 0.550825 0.038640
v -0.113910 0.553991 0.040024
v -0.112580 0.546018 0.035537
v -0.054628 0.504422 0.034207
v -0.057744 0.502635 0.033537
v -0.055956 0.500482 0.033077
v -0.051922 0.504584 0.034099
v -0.054880 0.505901 0.033699
v -0.058128 0.505218 0.032741
v -0.052936 0.507576 0.033104
v -0.057040 0.508024 0.031237
v -0.120448 0.551675 0.030630
v -0.118681 0.554398 0.033323
v -0.114209 0.553985 0.033474
v -0.115331 0.551954 0.031228
v -0.119679 0.548448 0.027851
v -0.122280 0.550245 0.029181
v -0.112278 0.552490 0.032629
v -0.113574 0.555202 0.035552
v -0.110608 0.552503 0.033989
v -0.113663 0.550146 0.030603
v -0.112130 0.548342 0.031533
v -0.049440 0.504329 0.027520
v -0.048353 0.504634 0.030088
v -0.053102 0.499321 0.028534
v -0.052938 0.501461 0.025772
v -0.049608 0.507483 0.026582
v -0.049397 0.509002 0.029006
v -0.052986 0.504329 0.024086
v -0.055220 0.506100 0.022159
v -0.053309 0.509119 0.024394
v -0.197469 0.522708 0.016388
v -0.198551 0.525162 0.015246
v -0.202429 0.523215 0.015499
v -0.200565 0.521968 0.016796
v -0.195837 0.519941 0.016257
v -0.193837 0.521757 0.013975
v -0.198704 0.518164 0.016222
v -0.201349 0.517454 0.013876
v -0.107404 0.487052 0.017031
v -0.105497 0.494117 0.016658
v -0.112489 0.496548 0.015521
v -0.116118 0.491390 0.015580
v -0.096695 0.490243 0.020703
v -0.097114 0.495461 0.019138
v -0.103900 0.479629 0.018736
v -0.094830 0.485221 0.021668
v -0.122679 0.484975 0.014155
v -0.116201 0.478557 0.015043
v -0.111334 0.472839 0.016259
v -0.134441 0.504031 0.017321
v -0.142875 0.493056 0.013012
v -0.136644 0.486138 0.011953
v -0.129194 0.492467 0.014769
v -0.143735 0.507256 0.017925
v -0.149377 0.499596 0.013946
v -0.121707 0.498313 0.016763
v -0.125395 0.506360 0.018474
v -0.189548 0.504672 0.014269
v -0.192776 0.513396 0.015643
v -0.196352 0.511863 0.015212
v -0.194629 0.504273 0.013243
v -0.185832 0.510016 0.012279
v -0.189818 0.515923 0.013026
v -0.183582 0.500460 0.012809
v -0.181192 0.505629 0.011107
v -0.194495 0.496408 0.010999
v -0.190939 0.495606 0.012044
v -0.185433 0.493889 0.011775
v 0.000961 0.032024 0.011502
v -0.009797 0.027442 0.013726
v -0.007641 0.019364 0.014861
v 0.003648 0.020265 0.013503
v -0.011139 0.040845 0.012428
v -0.017791 0.036646 0.013200
v 0.003678 0.038513 0.007446
v -0.006792 0.046025 0.008304
v 0.015568 0.028353 0.007576
v 0.015122 0.035533 0.005113
v 0.016419 0.020775 0.008062
v -0.198047 0.524339 0.010182
v -0.200132 0.523185 0.010180
v -0.201877 0.523613 0.012293
v -0.198347 0.525444 0.012441
v -0.193436 0.522590 0.010945
v -0.195369 0.521602 0.008397
v -0.198454 0.520039 0.008266
v -0.201195 0.518449 0.010492
v -0.226780 0.183842 0.008617
v -0.228217 0.184955 0.008997
v -0.230245 0.184085 0.009393
v -0.227682 0.182174 0.008589
v -0.223009 0.183233 0.005594
v -0.223828 0.186017 0.006539
v -0.225880 0.187917 0.006991
v -0.215722 0.467916 0.010478
v -0.209800 0.471026 0.010323
v -0.212122 0.474460 0.008605
v -0.218503 0.469056 0.009551
v -0.221320 0.461876 0.008033
v -0.216746 0.460873 0.009868
v -0.208701 0.464874 0.009986
v -0.216207 0.451518 0.008647
v -0.209489 0.450564 0.007769
v -0.202670 0.462273 0.008988
v -0.228586 0.188781 0.006903
v -0.177260 0.481136 0.008460
v -0.187377 0.483744 0.009840
v -0.194179 0.473135 0.009056
v -0.185945 0.468446 0.007932
v -0.176924 0.492660 0.010608
v -0.165176 0.487255 0.009417
v -0.167892 0.495443 0.010702
v -0.169431 0.471841 0.008080
v -0.160058 0.479067 0.009285
v -0.177466 0.462965 0.006870
v 0.003462 -0.001732 0.008948
v -0.002476 0.001125 0.013378
v 0.013676 0.000990 0.009040
v -0.134510 0.508066 0.005983
v -0.143956 0.512556 0.007800
v -0.139908 0.522327 0.012050
v -0.133250 0.520580 0.010801
v -0.125688 0.520506 0.011380
v -0.125146 0.510797 0.008251
v -0.144192 0.497913 0.001951
v -0.150141 0.504200 0.004456
v -0.120582 0.502466 0.005974
v -0.129207 0.497706 0.002942
v -0.137763 0.490786 0.000096
v -0.105904 0.490781 0.005816
v -0.114776 0.495663 0.004427
v -0.110868 0.499443 0.007996
v -0.104079 0.496801 0.008683
v -0.094435 0.493972 0.008485
v -0.092273 0.489176 0.007136
v -0.101859 0.483130 0.003966
v -0.115879 0.482906 0.001601
v -0.122423 0.489923 0.001385
v -0.109861 0.476589 0.000961
v -0.189251 0.506752 0.004075
v -0.192288 0.515507 0.006018
v -0.188927 0.517324 0.008693
v -0.185211 0.511540 0.007059
v -0.194049 0.505896 0.005216
v -0.195950 0.513869 0.006537
v -0.181309 0.506716 0.005842
v -0.183742 0.501965 0.003174
v -0.185758 0.494842 0.001445
v -0.190897 0.496851 0.002174
v -0.194533 0.497386 0.003607
v -0.213373 0.469438 0.003325
v -0.217677 0.468567 0.005277
v -0.212354 0.474339 0.004774
v -0.209743 0.472701 0.002046
v -0.206394 0.470427 0.000229
v -0.211961 0.460387 0.000880
v -0.219248 0.462056 0.004022
v -0.230922 0.180538 0.001699
v -0.231020 0.179104 0.003831
v -0.233618 0.181458 0.004010
v -0.232177 0.181567 0.001982
v -0.228835 0.182343 -0.001045
v -0.227080 0.180519 0.000137
v -0.230668 0.184232 -0.000675
v -0.199549 0.466462 -0.001335
v -0.204413 0.457646 -0.001243
v -0.232246 0.186123 0.001194
v 0.029219 0.020874 0.001371
v 0.028812 0.029787 0.003568
v 0.040424 0.025762 -0.003097
v 0.038815 0.031863 0.000179
v 0.031842 0.019077 -0.009761
v 0.039984 0.022795 -0.010444
v -0.015152 0.000818 0.003470
v -0.016036 0.000036 -0.003691
v -0.006140 -0.001629 0.007493
v -0.256205 0.315899 -0.005102
v -0.261851 0.314935 -0.003378
v -0.262540 0.309052 -0.002284
v -0.257937 0.311346 -0.003587
v -0.252966 0.318980 -0.006068
v -0.254668 0.320467 -0.007045
v -0.249695 0.316740 -0.005848
v -0.165665 0.481575 -0.001650
v -0.153175 0.488426 -0.000924
v -0.146591 0.481853 -0.002555
v -0.154967 0.471720 -0.004892
v -0.166879 0.491426 0.001370
v -0.157920 0.497254 0.002472
v -0.161850 0.462955 -0.006672
v -0.172114 0.466321 -0.004884
v -0.012575 0.000678 -0.010012
v -0.003472 -0.000946 -0.011223
v 0.008170 -0.001231 -0.010748
v 0.017079 0.000792 -0.007588
v 0.017483 0.000639 0.000778
v -0.259242 0.315909 -0.009441
v -0.260241 0.311366 -0.008619
v -0.264067 0.308683 -0.005223
v -0.263246 0.315155 -0.005791
v -0.238837 0.308546 -0.007108
v -0.245109 0.314099 -0.006174
v -0.254213 0.307048 -0.004408
v -0.249824 0.300476 -0.005199
v -0.232130 0.323451 -0.008358
v -0.240026 0.325508 -0.007779
v -0.225998 0.310482 -0.009775
v -0.223054 0.322245 -0.009995
v -0.237905 0.295964 -0.007403
v -0.227370 0.299432 -0.010386
v -0.247655 0.290692 -0.004836
v -0.209427 0.210796 -0.012512
v -0.215412 0.213100 -0.009943
v -0.216571 0.204454 -0.006054
v -0.213124 0.201748 -0.006916
v -0.210682 0.196563 -0.008263
v -0.205856 0.201050 -0.012747
v -0.196580 0.201861 -0.017054
v -0.200950 0.215814 -0.016350
v -0.210826 0.224848 -0.014181
v -0.216626 0.223677 -0.011780
v -0.202817 0.226856 -0.015883
v -0.240779 0.308980 -0.016132
v -0.237799 0.325198 -0.017324
v -0.225722 0.324441 -0.018991
v -0.227559 0.314177 -0.019522
v -0.248693 0.316463 -0.013540
v -0.245339 0.326187 -0.015392
v -0.252282 0.301494 -0.011502
v -0.256619 0.307958 -0.010296
v -0.188651 0.209685 -0.017326
v -0.192080 0.219480 -0.016789
v -0.205878 0.192777 -0.013608
v -0.200296 0.191553 -0.016978
v -0.188681 0.193196 -0.019156
v -0.182573 0.201245 -0.018969
v -0.193092 0.186261 -0.020015
v -0.006493 0.029444 -0.015030
v -0.013658 0.037493 -0.015037
v -0.007988 0.042404 -0.011119
v 0.000470 0.035527 -0.010413
v -0.018818 0.025861 -0.012271
v -0.022211 0.032961 -0.013109
v -0.006807 0.020928 -0.017586
v -0.018223 0.019802 -0.012941
v 0.009106 0.026853 -0.014648
v 0.007723 0.020030 -0.017151
v 0.011045 0.032913 -0.010713
v 0.031684 0.023144 -0.015289
v 0.037485 0.025192 -0.017074
v 0.023834 0.027287 -0.015952
v 0.034299 0.030279 -0.019586
v 0.022164 0.020064 -0.014984
v 0.118290 0.093729 -0.020033
v 0.116538 0.096110 -0.020746
v 0.114117 0.091489 -0.020540
v 0.117017 0.090355 -0.019616
v 0.121030 0.095305 -0.021030
v 0.119685 0.098719 -0.021552
v 0.120092 0.089863 -0.020772
v -0.216832 0.207161 -0.020680
v -0.221014 0.210476 -0.017994
v -0.222310 0.221027 -0.019274
v -0.219262 0.221286 -0.022095
v -0.214889 0.222195 -0.026678
v -0.211047 0.211531 -0.027164
v -0.204081 0.197857 -0.027293
v -0.212591 0.198201 -0.021477
v -0.219740 0.198261 -0.016037
v -0.222328 0.201127 -0.014382
v -0.216735 0.193535 -0.016227
v 0.117267 0.099633 -0.022292
v 0.117881 0.100971 -0.025032
v 0.115342 0.097308 -0.025449
v 0.115071 0.097090 -0.022772
v 0.121411 0.099818 -0.024289
v -0.203920 0.190347 -0.022491
v -0.209546 0.191629 -0.018233
v -0.207564 0.215255 -0.034802
v -0.202633 0.204441 -0.035741
v 0.118274 0.099262 -0.027111
v 0.120777 0.098742 -0.027246
v 0.116683 0.096647 -0.027506
v 0.118638 0.096148 -0.028602
v 0.120698 0.093195 -0.028820
v 0.122824 0.095533 -0.026811
v 0.122029 0.089178 -0.026689
v 0.119952 0.089435 -0.029238
v 0.116939 0.090069 -0.030015
v -0.108830 0.154709 -0.041720
v -0.117820 0.163464 -0.040186
v -0.122182 0.158863 -0.030502
v -0.115246 0.151738 -0.030769
v -0.102678 0.143696 -0.037980
v -0.095994 0.142801 -0.045101
v -0.099385 0.151710 -0.048822
v -0.110041 0.144016 -0.028072
v -0.106144 0.164720 -0.050677
v -0.115782 0.171683 -0.049072
v -0.099616 0.159784 -0.054195
v -0.126010 0.175951 -0.044985
v -0.125920 0.170224 -0.037966
v -0.120763 0.177304 -0.054361
v -0.128353 0.178849 -0.050640
v -0.103026 0.171957 -0.057492
v -0.109160 0.176602 -0.057011
v -0.114118 0.179384 -0.059354
v -0.117774 0.142125 -0.057467
v -0.130858 0.150815 -0.056080
v -0.125171 0.161348 -0.060992
v -0.116164 0.153589 -0.063304
v -0.105360 0.152474 -0.064082
v -0.105261 0.144132 -0.060369
v -0.128365 0.137717 -0.050477
v -0.135482 0.145218 -0.050471
v -0.137532 0.163017 -0.056175
v -0.134824 0.171334 -0.056729
v -0.126022 0.169629 -0.060664
v -0.141062 0.156144 -0.053736
v -0.118620 0.172858 -0.066739
v -0.116343 0.166914 -0.068216
v -0.111040 0.162566 -0.069383
v -0.077747 0.220622 -0.100860
v -0.078702 0.217725 -0.097918
v -0.076252 0.216230 -0.099991
v -0.076820 0.220429 -0.102957
v -0.079335 0.221223 -0.100859
v -0.081342 0.219306 -0.098712
v -0.079449 0.221520 -0.103193
v -0.083303 0.219908 -0.101328
v -0.077824 0.217019 -0.106426
v -0.080205 0.217095 -0.106662
v -0.079801 0.219987 -0.105442
v -0.076985 0.218909 -0.105285
v -0.075736 0.214620 -0.103081
v -0.077631 0.213175 -0.105212
v -0.080535 0.212751 -0.106292
v -0.083714 0.211747 -0.105899
v -0.083974 0.215650 -0.105901
v -0.086501 0.206702 -0.103332
v -0.088943 0.209293 -0.102105
v -0.089711 0.212004 -0.099568
v -0.084163 0.218478 -0.104055
v -0.088551 0.213825 -0.096536
v -0.095129 0.204774 -0.094706
v -0.093525 0.206773 -0.091177
v -0.090265 0.207013 -0.088211
v -0.085569 0.213822 -0.094040
v -0.086503 0.205398 -0.086943
v -0.082074 0.212421 -0.092795
v -0.083445 0.202752 -0.088115
v -0.079181 0.209931 -0.094172
v -0.082143 0.199869 -0.090961
v -0.078270 0.207309 -0.097101
v -0.083600 0.197908 -0.094506
v -0.079924 0.205644 -0.100382
v -0.086939 0.197578 -0.097191
v -0.082988 0.205330 -0.102775
v -0.090748 0.199003 -0.098060
v -0.091069 0.190041 -0.091620
v -0.095070 0.191378 -0.092546
v -0.098393 0.194165 -0.091751
v -0.093832 0.201587 -0.097222
v -0.099472 0.197597 -0.089010
v -0.102456 0.187912 -0.086883
v -0.103813 0.191678 -0.084117
v -0.102846 0.194789 -0.080233
v -0.098651 0.200419 -0.085477
v -0.099364 0.195134 -0.076922
v -0.095209 0.200724 -0.082378
v -0.094778 0.193332 -0.075731
v -0.091119 0.198825 -0.081018
v -0.091067 0.189798 -0.076343
v -0.087718 0.196009 -0.082089
v -0.089315 0.186326 -0.079013
v -0.086082 0.192919 -0.084999
v -0.090695 0.183967 -0.082675
v -0.087567 0.190657 -0.088747
v -0.094320 0.183333 -0.085710
v -0.093777 0.177566 -0.076725
v -0.097851 0.176758 -0.080199
v -0.102807 0.178364 -0.081723
v -0.098758 0.184790 -0.087379
v -0.106464 0.181524 -0.080990
v -0.106597 0.171171 -0.075845
v -0.110508 0.174570 -0.075070
v -0.112951 0.178978 -0.073161
v -0.108089 0.185271 -0.078506
v -0.112202 0.182860 -0.069292
v -0.107332 0.188592 -0.074765
v -0.108530 0.184122 -0.065308
v -0.103749 0.189616 -0.071086
v -0.103654 0.181948 -0.063634
v -0.099005 0.187606 -0.069774
v -0.098945 0.178084 -0.063995
v -0.095064 0.184055 -0.070235
v -0.095650 0.173689 -0.066622
v -0.092796 0.180189 -0.072622
v -0.096568 0.170656 -0.071213
v -0.098199 0.167130 -0.060025
v -0.098278 0.163266 -0.065249
v -0.103896 0.161411 -0.068940
v -0.101213 0.169863 -0.074564
v -0.098973 0.155680 -0.060025
v -0.098112 0.147928 -0.055359
v -0.096223 0.139355 -0.052117
v -0.102343 0.135299 -0.056050
v -0.092783 0.131149 -0.047869
v -0.097440 0.126426 -0.051627
v -0.105806 0.123473 -0.049858
v -0.112532 0.132808 -0.053584
v -0.114660 0.120095 -0.044713
v -0.121314 0.128876 -0.048036
v -0.120549 0.119014 -0.035707
v -0.126543 0.127228 -0.038925
v -0.132748 0.135230 -0.041012
v -0.138700 0.143370 -0.042202
v -0.129232 0.127658 -0.032111
v -0.135149 0.135247 -0.034540
v -0.140782 0.142532 -0.036201
v -0.147190 0.150017 -0.036304
v -0.145849 0.150853 -0.042342
v -0.133774 0.137916 -0.029243
v -0.139184 0.144967 -0.031359
v -0.146209 0.151345 -0.031407
v -0.153146 0.157884 -0.031312
v -0.154628 0.156778 -0.035846
v -0.135553 0.149245 -0.026954
v -0.142635 0.154963 -0.027425
v -0.149924 0.161015 -0.027478
v -0.157881 0.167041 -0.026818
v -0.161045 0.164137 -0.029907
v -0.136534 0.160912 -0.025131
v -0.144319 0.166746 -0.025505
v -0.152732 0.172524 -0.025058
v -0.160849 0.178926 -0.023653
v -0.166436 0.173509 -0.025306
v -0.138564 0.172297 -0.028147
v -0.147111 0.178273 -0.026719
v -0.154905 0.185069 -0.025640
v -0.161909 0.192474 -0.024966
v -0.167798 0.186264 -0.021718
v -0.143236 0.182747 -0.033007
v -0.150849 0.189774 -0.031669
v -0.157642 0.197051 -0.031351
v -0.165168 0.204016 -0.029771
v -0.169259 0.199458 -0.023814
v -0.149019 0.192441 -0.037668
v -0.157056 0.199332 -0.037264
v -0.164408 0.206117 -0.035583
v -0.170388 0.212818 -0.034211
v -0.171629 0.210857 -0.028432
v -0.158440 0.199533 -0.042123
v -0.165557 0.206272 -0.040308
v -0.171511 0.212909 -0.038805
v -0.176231 0.219834 -0.037744
v -0.175228 0.219653 -0.033157
v -0.168615 0.204218 -0.043490
v -0.174747 0.211135 -0.041854
v -0.179640 0.218459 -0.040792
v -0.183217 0.226268 -0.039788
v -0.179763 0.227138 -0.036801
v -0.180362 0.207593 -0.043645
v -0.185699 0.215650 -0.042410
v -0.189423 0.224415 -0.041252
v -0.191771 0.233717 -0.040011
v -0.185478 0.234678 -0.038754
v -0.193134 0.211815 -0.042771
v -0.197533 0.221495 -0.041045
v -0.200033 0.231887 -0.039177
v -0.201922 0.242466 -0.037584
v -0.193331 0.243336 -0.038786
v -0.203763 0.218627 -0.039848
v -0.206768 0.229592 -0.038071
v -0.209110 0.240512 -0.035552
v -0.211566 0.251240 -0.033059
v -0.203468 0.252725 -0.036115
v -0.211452 0.226230 -0.033515
v -0.215175 0.236892 -0.031268
v -0.218694 0.247730 -0.029136
v -0.221562 0.259188 -0.027716
v -0.213766 0.262117 -0.031345
v -0.219365 0.233408 -0.025354
v -0.223557 0.244045 -0.023975
v -0.227424 0.254976 -0.023093
v -0.231243 0.265566 -0.021629
v -0.223714 0.271098 -0.026090
v -0.226930 0.242324 -0.020420
v -0.231332 0.252279 -0.019159
v -0.236602 0.261683 -0.017360
v -0.240857 0.271354 -0.015500
v -0.234811 0.275599 -0.019861
v -0.234201 0.250640 -0.016329
v -0.239328 0.259854 -0.014296
v -0.244460 0.269282 -0.012023
v -0.249131 0.278906 -0.010265
v -0.244479 0.281409 -0.013753
v -0.240801 0.258602 -0.010726
v -0.245904 0.268185 -0.007846
v -0.249815 0.278072 -0.005440
v -0.253875 0.288005 -0.003785
v -0.253690 0.288409 -0.008791
v -0.241704 0.270222 -0.006668
v -0.244670 0.280722 -0.005564
v -0.236596 0.273540 -0.008269
v -0.237837 0.284705 -0.007657
v -0.228522 0.278171 -0.011833
v -0.227960 0.288728 -0.011435
v -0.218832 0.279228 -0.014036
v -0.217546 0.289786 -0.013606
v -0.217086 0.300290 -0.012728
v -0.215596 0.310705 -0.011455
v -0.207652 0.289545 -0.013357
v -0.206439 0.299656 -0.012722
v -0.205178 0.309290 -0.010681
v -0.202644 0.318683 -0.008856
v -0.212967 0.321151 -0.010331
v -0.197625 0.297970 -0.011617
v -0.195597 0.306906 -0.010360
v -0.192694 0.315878 -0.008613
v -0.189829 0.325214 -0.007214
v -0.199727 0.327963 -0.007287
v -0.186137 0.305540 -0.013878
v -0.183000 0.314567 -0.011848
v -0.180194 0.323756 -0.010409
v -0.177818 0.332976 -0.009144
v -0.187220 0.334712 -0.006025
v -0.175814 0.313976 -0.015207
v -0.173582 0.323172 -0.013830
v -0.171304 0.332346 -0.012607
v -0.169671 0.341658 -0.011205
v -0.175536 0.342418 -0.007967
v -0.170140 0.323305 -0.017705
v -0.168191 0.332661 -0.016526
v -0.166214 0.341591 -0.014967
v -0.163803 0.350244 -0.014205
v -0.166854 0.350508 -0.010364
v -0.168616 0.333887 -0.020774
v -0.166423 0.342366 -0.019411
v -0.163958 0.350948 -0.018743
v -0.161669 0.359584 -0.017510
v -0.160859 0.358625 -0.013459
v -0.169926 0.343950 -0.022789
v -0.167839 0.352476 -0.021856
v -0.165479 0.361256 -0.020488
v -0.162540 0.370050 -0.019175
v -0.159012 0.368455 -0.016149
v -0.175209 0.355236 -0.024759
v -0.172417 0.363879 -0.023706
v -0.169342 0.372672 -0.022709
v -0.166195 0.381711 -0.021650
v -0.159605 0.378714 -0.017810
v -0.182321 0.367014 -0.025371
v -0.178999 0.375945 -0.024273
v -0.175476 0.385119 -0.022782
v -0.171881 0.394325 -0.021073
v -0.162804 0.390630 -0.020143
v -0.189054 0.378550 -0.021946
v -0.185365 0.387782 -0.020700
v -0.181825 0.397081 -0.019431
v -0.178350 0.406439 -0.018033
v -0.168410 0.403494 -0.019076
v -0.195539 0.390107 -0.017754
v -0.191956 0.399401 -0.016557
v -0.188427 0.408910 -0.015480
v -0.184870 0.418546 -0.014332
v -0.174815 0.415856 -0.016503
v -0.202135 0.401911 -0.013511
v -0.198491 0.411424 -0.012444
v -0.194869 0.421100 -0.011100
v -0.191252 0.430808 -0.009618
v -0.181152 0.428108 -0.012868
v -0.208540 0.414191 -0.009361
v -0.204802 0.423978 -0.007957
v -0.201272 0.433905 -0.006333
v -0.197929 0.443761 -0.004938
v -0.187607 0.440334 -0.008165
v -0.214316 0.427268 -0.005694
v -0.210838 0.437386 -0.003836
v -0.207848 0.447698 -0.002665
v -0.194460 0.453204 -0.003800
v -0.218772 0.440419 -0.002626
v -0.216015 0.450893 -0.000667
v -0.223529 0.441782 -0.000921
v -0.221331 0.452403 0.001596
v -0.226387 0.442201 0.002313
v -0.223930 0.452817 0.005249
v -0.224632 0.441334 0.005689
v -0.221026 0.451889 0.008406
v -0.220367 0.440570 0.006450
v -0.227811 0.431681 0.003167
v -0.223644 0.430307 0.003870
v -0.218073 0.428639 0.004251
v -0.213978 0.439287 0.006319
v -0.209820 0.426031 0.004075
v -0.205324 0.436818 0.005893
v -0.200277 0.447623 0.007323
v -0.193865 0.458118 0.007675
v -0.196092 0.433215 0.005741
v -0.190648 0.443305 0.006551
v -0.184422 0.453133 0.005932
v -0.181279 0.438427 0.006061
v -0.175136 0.447589 0.005419
v -0.168700 0.456324 0.006964
v -0.161692 0.464178 0.008580
v -0.166016 0.441526 0.006926
v -0.159918 0.449400 0.008368
v -0.153475 0.456967 0.009819
v -0.146353 0.464311 0.010900
v -0.153625 0.471568 0.010022
v -0.151220 0.442480 0.009779
v -0.145250 0.450071 0.011092
v -0.138776 0.457609 0.012253
v -0.131517 0.464817 0.012688
v -0.138500 0.471537 0.011463
v -0.137352 0.444530 0.010545
v -0.131403 0.451908 0.011831
v -0.124831 0.459064 0.012786
v -0.118146 0.465935 0.014325
v -0.124081 0.471690 0.013693
v -0.125039 0.447847 0.010422
v -0.119156 0.454948 0.011607
v -0.113099 0.461901 0.013407
v -0.107139 0.468824 0.015840
v -0.115902 0.453086 0.008593
v -0.109861 0.460064 0.010234
v -0.103943 0.466909 0.012657
v -0.097426 0.473217 0.015419
v -0.100408 0.475389 0.018555
v -0.108264 0.459681 0.006756
v -0.102085 0.466389 0.008981
v -0.095726 0.472870 0.011611
v -0.087819 0.478817 0.014733
v -0.089505 0.479009 0.018684
v -0.102640 0.468076 0.005390
v -0.096143 0.474753 0.008148
v -0.088229 0.481064 0.011093
v -0.079889 0.486914 0.014031
v -0.079512 0.484415 0.017494
v -0.098107 0.478012 0.005810
v -0.089815 0.484635 0.008333
v -0.081066 0.490388 0.011150
v -0.072565 0.495349 0.014232
v -0.071369 0.491887 0.016612
v -0.082877 0.494609 0.009901
v -0.073876 0.499184 0.012416
v -0.065747 0.502779 0.016009
v -0.065029 0.499229 0.017675
v -0.085020 0.498911 0.011062
v -0.075869 0.503095 0.013476
v -0.067171 0.506430 0.016788
v -0.060045 0.508162 0.020315
v -0.058993 0.504896 0.019822
v -0.077788 0.505522 0.016796
v -0.068870 0.508406 0.019812
v -0.061554 0.509818 0.022522
v -0.054332 0.510654 0.026477
v -0.070167 0.507993 0.023547
v -0.062631 0.509550 0.025806
v -0.055661 0.510255 0.028939
v -0.050830 0.508950 0.031360
v -0.063205 0.507252 0.028608
v -0.070452 0.505302 0.026291
v -0.070227 0.501981 0.028077
v -0.063683 0.503985 0.030629
v -0.069606 0.498636 0.029283
v -0.063553 0.500554 0.031768
v -0.068345 0.495369 0.029252
v -0.062356 0.497508 0.031184
v -0.066583 0.493561 0.026568
v -0.060668 0.495703 0.028639
v -0.054128 0.499140 0.031166
v -0.049351 0.504772 0.032589
v -0.059238 0.495694 0.025179
v -0.064938 0.493252 0.022901
v -0.064489 0.495610 0.019538
v -0.058824 0.498382 0.022560
v -0.058867 0.501775 0.020608
v -0.071524 0.489635 0.020392
v -0.073518 0.490291 0.024118
v -0.081030 0.484287 0.021559
v -0.075696 0.492154 0.026621
v -0.083544 0.486278 0.024477
v -0.092138 0.481196 0.021561
v -0.085905 0.490100 0.024497
v -0.077564 0.495219 0.026683
v -0.078641 0.498675 0.025615
v -0.087648 0.494590 0.023414
v -0.079082 0.502265 0.023932
v -0.088446 0.499054 0.021575
v -0.079021 0.505159 0.020923
v -0.088399 0.502161 0.018205
v -0.096930 0.499013 0.015564
v -0.087041 0.502124 0.013908
v -0.095510 0.498106 0.010979
v -0.104375 0.498363 0.013727
v -0.109884 0.500219 0.013204
v -0.113602 0.505551 0.013941
v -0.116778 0.502448 0.017044
v -0.115780 0.505009 0.009355
v -0.119370 0.511965 0.011018
v -0.116659 0.511738 0.015095
v -0.118283 0.518723 0.017288
v -0.120886 0.517150 0.020651
v -0.119563 0.509207 0.019015
v -0.120633 0.520035 0.013561
v -0.120044 0.528152 0.017336
v -0.117900 0.526262 0.020551
v -0.124557 0.529489 0.015448
v -0.122236 0.537248 0.020084
v -0.118484 0.535310 0.021515
v -0.130627 0.530341 0.015579
v -0.127298 0.538546 0.020451
v -0.124067 0.544372 0.024330
v -0.120287 0.542915 0.023634
v -0.136374 0.531735 0.016712
v -0.132094 0.540077 0.021328
v -0.127702 0.546112 0.025303
v -0.136279 0.541941 0.022373
v -0.130985 0.548122 0.026610
v -0.125113 0.551988 0.030245
v -0.133772 0.549719 0.028610
v -0.127431 0.553374 0.031870
v -0.120086 0.555957 0.035202
v -0.129155 0.553623 0.034816
v -0.120733 0.556263 0.037783
v -0.113251 0.555390 0.038203
v -0.109734 0.551825 0.036343
v -0.120913 0.554702 0.039576
v -0.128987 0.551488 0.037197
v -0.135769 0.549684 0.031608
v -0.135265 0.547218 0.034145
v -0.133084 0.544160 0.035007
v -0.140486 0.540470 0.029681
v -0.137813 0.537663 0.030996
v -0.133591 0.534663 0.031279
v -0.129924 0.541052 0.034616
v -0.128823 0.532290 0.030718
v -0.125971 0.538501 0.033680
v -0.123487 0.531296 0.029388
v -0.122072 0.536827 0.032041
v -0.118599 0.541607 0.034604
v -0.118212 0.536893 0.030117
v -0.116149 0.541288 0.032637
v -0.116111 0.538296 0.027649
v -0.114755 0.542306 0.030231
v -0.111694 0.546791 0.033262
v -0.115202 0.544342 0.028028
v -0.117069 0.540643 0.024896
v -0.116937 0.546666 0.027299
v -0.116999 0.533010 0.024378
v -0.119266 0.531652 0.027356
v -0.120227 0.524875 0.023903
v -0.124761 0.524438 0.026043
v -0.125718 0.516162 0.021995
v -0.131130 0.524999 0.026902
v -0.133002 0.515276 0.022372
v -0.137167 0.526813 0.027043
v -0.140116 0.517520 0.022611
v -0.142030 0.529514 0.026257
v -0.145391 0.520516 0.021918
v -0.148826 0.511563 0.018114
v -0.148855 0.522498 0.021056
v -0.152044 0.514084 0.017683
v -0.156573 0.508396 0.014648
v -0.153972 0.504887 0.014713
v -0.162471 0.504059 0.012519
v -0.160261 0.499697 0.012010
v -0.156442 0.493391 0.011480
v -0.150762 0.485905 0.010893
v -0.145036 0.478719 0.010940
v -0.130465 0.478509 0.011824
v -0.169218 0.500552 0.011841
v -0.164121 0.507937 0.011515
v -0.170344 0.505165 0.010652
v -0.176026 0.503866 0.010400
v -0.176661 0.498783 0.011831
v -0.169644 0.504738 0.005927
v -0.175939 0.503865 0.005329
v -0.168294 0.499697 0.003868
v -0.176247 0.498849 0.003264
v -0.176824 0.491168 0.001713
v -0.178371 0.480120 -0.000569
v -0.187939 0.484711 -0.000208
v -0.183460 0.470709 -0.002459
v -0.193236 0.474956 -0.001236
v -0.199548 0.478388 0.000158
v -0.193173 0.487191 0.000699
v -0.202404 0.481169 0.001679
v -0.196390 0.488752 0.002086
v -0.204452 0.483348 0.003892
v -0.198596 0.489599 0.004418
v -0.196829 0.497354 0.006050
v -0.196752 0.505360 0.007333
v -0.198620 0.489244 0.007502
v -0.196944 0.496876 0.009031
v -0.197363 0.504622 0.010727
v -0.199021 0.511348 0.012466
v -0.198711 0.512340 0.008923
v -0.196311 0.488028 0.009330
v -0.204618 0.483238 0.007483
v -0.202672 0.480757 0.009163
v -0.199924 0.477189 0.009682
v -0.192845 0.486452 0.009995
v -0.189773 0.462089 -0.003319
v -0.178979 0.457971 -0.005649
v -0.183713 0.449403 -0.006699
v -0.167969 0.454462 -0.008108
v -0.172934 0.446151 -0.009569
v -0.177211 0.437372 -0.011234
v -0.162668 0.442440 -0.011101
v -0.167013 0.434007 -0.013042
v -0.171058 0.425148 -0.014889
v -0.157243 0.429694 -0.013044
v -0.161228 0.421278 -0.014947
v -0.164945 0.412525 -0.016973
v -0.152150 0.416686 -0.014385
v -0.155956 0.408280 -0.016270
v -0.159495 0.399569 -0.018134
v -0.149334 0.403853 -0.012614
v -0.152860 0.395439 -0.014615
v -0.156405 0.387213 -0.016514
v -0.149749 0.393256 -0.011253
v -0.153208 0.385208 -0.013259
v -0.156119 0.376949 -0.014517
v -0.152929 0.384239 -0.009028
v -0.155501 0.376045 -0.010387
v -0.158265 0.367453 -0.012143
v -0.158641 0.376309 -0.006995
v -0.161114 0.367573 -0.008565
v -0.163842 0.359082 -0.009637
v -0.167322 0.369216 -0.005847
v -0.170093 0.360613 -0.006626
v -0.172867 0.351680 -0.007165
v -0.179390 0.362968 -0.004006
v -0.182162 0.353971 -0.004518
v -0.184698 0.344460 -0.005225
v -0.192272 0.356401 -0.003613
v -0.194563 0.346912 -0.004169
v -0.197106 0.337407 -0.005683
v -0.204315 0.349926 -0.007536
v -0.206956 0.340600 -0.008477
v -0.209887 0.331132 -0.009358
v -0.217310 0.343347 -0.009119
v -0.220013 0.333280 -0.009612
v -0.227392 0.345563 -0.008449
v -0.229563 0.335170 -0.008803
v -0.237177 0.347259 -0.007666
v -0.238389 0.336758 -0.007955
v -0.244709 0.347947 -0.007471
v -0.244854 0.337362 -0.007522
v -0.245629 0.326609 -0.007075
v -0.249338 0.337153 -0.007163
v -0.249212 0.327045 -0.007021
v -0.252683 0.336767 -0.008051
v -0.252035 0.327277 -0.007886
v -0.254099 0.336336 -0.010892
v -0.253476 0.327257 -0.010295
v -0.255552 0.320842 -0.009433
v -0.251722 0.327029 -0.012617
v -0.254647 0.319571 -0.011197
v -0.248891 0.326684 -0.014051
v -0.251554 0.317666 -0.012435
v -0.248651 0.336672 -0.014688
v -0.243638 0.336480 -0.016275
v -0.252002 0.336401 -0.013409
v -0.251885 0.348252 -0.014097
v -0.247778 0.347908 -0.015366
v -0.254685 0.348355 -0.011798
v -0.253399 0.360794 -0.010567
v -0.250294 0.360428 -0.012920
v -0.253683 0.348120 -0.008469
v -0.251903 0.360182 -0.007371
v -0.250061 0.371187 -0.004138
v -0.251192 0.372114 -0.007591
v -0.249851 0.348027 -0.007318
v -0.248306 0.359445 -0.006106
v -0.246331 0.370165 -0.002701
v -0.242996 0.380867 -0.000773
v -0.247129 0.382353 -0.001147
v -0.243010 0.358629 -0.005963
v -0.240757 0.369012 -0.002777
v -0.237549 0.379213 -0.001311
v -0.234039 0.389406 -0.001732
v -0.239387 0.390890 -0.001326
v -0.232526 0.367541 -0.004841
v -0.229285 0.377155 -0.002902
v -0.226027 0.387102 -0.002869
v -0.222651 0.396737 -0.002508
v -0.230874 0.399267 -0.001200
v -0.219192 0.374692 -0.004603
v -0.215881 0.384217 -0.003077
v -0.212508 0.393705 -0.002284
v -0.208728 0.403077 -0.000231
v -0.218520 0.406084 0.000012
v -0.205785 0.381286 -0.004271
v -0.202382 0.390672 -0.002780
v -0.198790 0.400103 -0.000883
v -0.194951 0.409699 0.001515
v -0.204641 0.412854 0.001538
v -0.192588 0.387547 -0.002847
v -0.189090 0.396955 -0.001362
v -0.185347 0.406309 0.000725
v -0.181311 0.415428 0.003584
v -0.191028 0.419324 0.004218
v -0.179532 0.393309 0.000057
v -0.175785 0.402293 0.000793
v -0.171864 0.410929 0.003253
v -0.167477 0.419187 0.005990
v -0.176950 0.424446 0.005638
v -0.166086 0.397984 0.001129
v -0.162270 0.406130 0.002687
v -0.158031 0.413889 0.004511
v -0.153262 0.421483 0.006286
v -0.162451 0.427234 0.007263
v -0.153565 0.402411 0.000862
v -0.149861 0.409858 0.002870
v -0.145276 0.417299 0.004761
v -0.140392 0.424934 0.006813
v -0.148099 0.429014 0.007890
v -0.144315 0.407858 0.000273
v -0.140027 0.415216 0.002575
v -0.135215 0.423085 0.004226
v -0.131153 0.430906 0.005780
v -0.135649 0.432918 0.008415
v -0.137466 0.415153 -0.001540
v -0.132564 0.422813 0.000263
v -0.129086 0.430841 0.001496
v -0.124161 0.438422 0.002755
v -0.126094 0.438596 0.006613
v -0.133638 0.424402 -0.003689
v -0.129897 0.432316 -0.002464
v -0.125306 0.439885 -0.000880
v -0.120369 0.447048 0.000320
v -0.119397 0.445599 0.003913
v -0.132998 0.435060 -0.005375
v -0.128495 0.442410 -0.003901
v -0.123428 0.449770 -0.002486
v -0.117758 0.457175 -0.000938
v -0.114962 0.454107 0.001610
v -0.135061 0.447497 -0.006738
v -0.129577 0.455023 -0.004946
v -0.123447 0.462473 -0.003271
v -0.116892 0.469693 -0.001344
v -0.111763 0.464323 0.000929
v -0.137489 0.460949 -0.005103
v -0.130937 0.468624 -0.003324
v -0.123823 0.476012 -0.001168
v -0.138936 0.475338 -0.003100
v -0.130919 0.483194 -0.001058
v -0.146308 0.466815 -0.004744
v -0.143319 0.453224 -0.007044
v -0.152530 0.458596 -0.007046
v -0.148451 0.445486 -0.008983
v -0.157939 0.450587 -0.009065
v -0.153027 0.437659 -0.010861
v -0.139811 0.439943 -0.008548
v -0.144065 0.432267 -0.010442
v -0.148081 0.424626 -0.012508
v -0.137251 0.427210 -0.007134
v -0.141287 0.419748 -0.008961
v -0.145470 0.412063 -0.010942
v -0.137963 0.416813 -0.005643
v -0.142425 0.409487 -0.007879
v -0.146286 0.401275 -0.009330
v -0.141822 0.407974 -0.003907
v -0.145349 0.399765 -0.005494
v -0.149064 0.392022 -0.007227
v -0.147976 0.400232 -0.001775
v -0.151820 0.392511 -0.003606
v -0.155647 0.384545 -0.005181
v -0.157432 0.394465 -0.001079
v -0.161310 0.386187 -0.002522
v -0.164483 0.377626 -0.004424
v -0.169874 0.389457 -0.000329
v -0.173492 0.380646 -0.001712
v -0.176540 0.371867 -0.003043
v -0.183131 0.384194 -0.000924
v -0.186344 0.374880 -0.001787
v -0.189428 0.365695 -0.002754
v -0.195828 0.378141 -0.004142
v -0.198897 0.368810 -0.005586
v -0.201760 0.359356 -0.007023
v -0.209036 0.371841 -0.005500
v -0.212039 0.362398 -0.007083
v -0.214727 0.352924 -0.008157
v -0.222378 0.365129 -0.006138
v -0.225018 0.355410 -0.007189
v -0.235144 0.357391 -0.006270
v -0.105218 0.471241 0.003014
v -0.109091 0.461264 0.003435
v -0.114008 0.452373 0.005040
v -0.121195 0.445988 0.007592
v -0.130492 0.440380 0.009393
v -0.142758 0.436738 0.009433
v -0.156946 0.434924 0.008253
v -0.171944 0.433158 0.006881
v -0.186649 0.428973 0.005644
v -0.200632 0.422916 0.004041
v -0.214054 0.415833 0.001977
v -0.222097 0.418647 0.002475
v -0.226735 0.408867 0.000453
v -0.227783 0.420698 0.002454
v -0.231992 0.410935 0.000676
v -0.236166 0.400860 -0.000446
v -0.235664 0.412622 0.000029
v -0.240458 0.402426 -0.000196
v -0.243528 0.391874 -0.001036
v -0.241767 0.403090 -0.003678
v -0.244963 0.392549 -0.003970
v -0.248009 0.383021 -0.004972
v -0.242108 0.392120 -0.006926
v -0.245211 0.382309 -0.008071
v -0.248148 0.371919 -0.010227
v -0.240830 0.381282 -0.010859
v -0.243861 0.371254 -0.012167
v -0.246139 0.359769 -0.014216
v -0.237025 0.369658 -0.014117
v -0.240144 0.358953 -0.015767
v -0.242481 0.347666 -0.016549
v -0.230659 0.357055 -0.016350
v -0.233506 0.346768 -0.017739
v -0.235511 0.335951 -0.017768
v -0.222298 0.344966 -0.018270
v -0.224247 0.334874 -0.018763
v -0.211086 0.343136 -0.020404
v -0.212637 0.333326 -0.021230
v -0.213872 0.323454 -0.022644
v -0.201868 0.332384 -0.026047
v -0.202954 0.322798 -0.027452
v -0.203755 0.313144 -0.029161
v -0.214566 0.313459 -0.023911
v -0.204401 0.303511 -0.031605
v -0.214926 0.303690 -0.025913
v -0.227930 0.303807 -0.020458
v -0.215081 0.293913 -0.027981
v -0.226358 0.293204 -0.022657
v -0.237393 0.285758 -0.017840
v -0.239905 0.297335 -0.016587
v -0.248153 0.291285 -0.012209
v -0.258241 0.297109 -0.008025
v -0.261419 0.304899 -0.006868
v -0.256853 0.297058 -0.003338
v -0.259711 0.304767 -0.002830
v -0.224964 0.282896 -0.024469
v -0.215467 0.283659 -0.029460
v -0.215253 0.273045 -0.030313
v -0.205679 0.282977 -0.034608
v -0.205879 0.272763 -0.034889
v -0.204932 0.262717 -0.035085
v -0.195902 0.271923 -0.036609
v -0.195378 0.262336 -0.036510
v -0.194517 0.252843 -0.037161
v -0.187893 0.261571 -0.035969
v -0.187375 0.252630 -0.036701
v -0.186919 0.243739 -0.037652
v -0.183694 0.252146 -0.034151
v -0.183406 0.243729 -0.035384
v -0.181976 0.235032 -0.036117
v -0.182224 0.243172 -0.031429
v -0.180741 0.234771 -0.031956
v -0.178721 0.226870 -0.032294
v -0.182277 0.233805 -0.027026
v -0.180391 0.225488 -0.026969
v -0.176740 0.217935 -0.027502
v -0.185191 0.222878 -0.021421
v -0.181635 0.214359 -0.021575
v -0.176254 0.206613 -0.022364
v -0.175105 0.193574 -0.020317
v -0.180931 0.186434 -0.021484
v -0.173655 0.180351 -0.023130
v -0.184962 0.181121 -0.022535
v -0.177772 0.175990 -0.025061
v -0.169652 0.170586 -0.027750
v -0.179953 0.175292 -0.030118
v -0.171596 0.169585 -0.031339
v -0.162722 0.163262 -0.033981
v -0.171231 0.171337 -0.036310
v -0.162586 0.164829 -0.038858
v -0.153942 0.158213 -0.041381
v -0.161373 0.167225 -0.045143
v -0.152660 0.160276 -0.047714
v -0.144169 0.152273 -0.049559
v -0.151076 0.162593 -0.052294
v -0.160515 0.168862 -0.050077
v -0.156950 0.173278 -0.052752
v -0.147523 0.167710 -0.054354
v -0.151726 0.180238 -0.053772
v -0.143492 0.175408 -0.054587
v -0.146736 0.185627 -0.050051
v -0.139283 0.180919 -0.052122
v -0.131649 0.177033 -0.054884
v -0.135979 0.182905 -0.047865
v -0.124373 0.175820 -0.058668
v -0.117635 0.177849 -0.063524
v -0.143407 0.187789 -0.045407
v -0.141827 0.186709 -0.039416
v -0.134259 0.181148 -0.042107
v -0.134734 0.176585 -0.035203
v -0.130161 0.165920 -0.029568
v -0.129423 0.154766 -0.024505
v -0.129387 0.142754 -0.024854
v -0.123071 0.148178 -0.023093
v -0.123534 0.135868 -0.022080
v -0.117160 0.141169 -0.021237
v -0.118767 0.128338 -0.017961
v -0.111303 0.133649 -0.018601
v -0.104561 0.135957 -0.024965
v -0.105223 0.125944 -0.015575
v -0.098952 0.128113 -0.022002
v -0.092878 0.128765 -0.030251
v -0.098151 0.135955 -0.033946
v -0.088303 0.128319 -0.036830
v -0.092308 0.135567 -0.041298
v -0.088602 0.124038 -0.042838
v -0.083354 0.121068 -0.032615
v -0.083550 0.117309 -0.038057
v -0.086775 0.112240 -0.042233
v -0.091944 0.119032 -0.047055
v -0.093678 0.107722 -0.041653
v -0.099608 0.115140 -0.045978
v -0.101896 0.104381 -0.036727
v -0.108197 0.112052 -0.040746
v -0.107703 0.103441 -0.028273
v -0.114130 0.111196 -0.032156
v -0.110334 0.103804 -0.021940
v -0.116650 0.111965 -0.025514
v -0.123168 0.119569 -0.028899
v -0.115627 0.115363 -0.020036
v -0.122293 0.122730 -0.023240
v -0.127921 0.130738 -0.026584
v -0.111774 0.120698 -0.015263
v -0.108760 0.107584 -0.016813
v -0.104632 0.113359 -0.012657
v -0.098995 0.118412 -0.012621
v -0.098333 0.106498 -0.007740
v -0.092639 0.111182 -0.009420
v -0.086965 0.113478 -0.015408
v -0.093075 0.120541 -0.018895
v -0.080985 0.115281 -0.022330
v -0.086995 0.121882 -0.026379
v -0.077749 0.114410 -0.028462
v -0.074899 0.108785 -0.018155
v -0.072160 0.108101 -0.023712
v -0.072462 0.104293 -0.028813
v -0.078243 0.110488 -0.033638
v -0.074357 0.099160 -0.033571
v -0.081019 0.105307 -0.037754
v -0.080540 0.093706 -0.033897
v -0.087407 0.100462 -0.037701
v -0.087934 0.089654 -0.029658
v -0.095160 0.096907 -0.033100
v -0.093026 0.088343 -0.022518
v -0.100576 0.095696 -0.025210
v -0.094639 0.090033 -0.015653
v -0.102342 0.096660 -0.018919
v -0.093829 0.094153 -0.008789
v -0.101246 0.100781 -0.012923
v -0.090590 0.099721 -0.004234
v -0.086064 0.087361 -0.004947
v -0.082676 0.092894 -0.000839
v -0.078743 0.097287 -0.002183
v -0.085937 0.104128 -0.005778
v -0.073692 0.100189 -0.007663
v -0.080443 0.106779 -0.011707
v -0.068473 0.102359 -0.013808
v -0.066040 0.094074 -0.003709
v -0.061701 0.096290 -0.009375
v -0.059091 0.096053 -0.015226
v -0.065732 0.102044 -0.019442
v -0.058986 0.092824 -0.020605
v -0.065950 0.098475 -0.024590
v -0.060803 0.087574 -0.025690
v -0.067724 0.093412 -0.029435
v -0.066295 0.081563 -0.026530
v -0.073520 0.087465 -0.030144
v -0.080535 0.083033 -0.026071
v -0.073116 0.076750 -0.022657
v -0.078427 0.074871 -0.016329
v -0.085622 0.081459 -0.019470
v -0.079601 0.076338 -0.009388
v -0.087289 0.083224 -0.012025
v -0.077953 0.080451 -0.002454
v -0.072256 0.069324 -0.006558
v -0.070890 0.073140 0.000134
v -0.067618 0.078774 0.005136
v -0.074898 0.085706 0.002131
v -0.062788 0.084233 0.004128
v -0.070808 0.090720 0.001302
v -0.058165 0.087933 0.000023
v -0.055814 0.077293 0.006983
v -0.050370 0.081011 0.003524
v -0.046764 0.083177 -0.001926
v -0.054499 0.089909 -0.005502
v -0.044381 0.083467 -0.007761
v -0.051932 0.089991 -0.011500
v -0.044216 0.080505 -0.013385
v -0.051827 0.086681 -0.016988
v -0.045868 0.075362 -0.019189
v -0.053355 0.081661 -0.022434
v -0.051114 0.069498 -0.020635
v -0.058776 0.075548 -0.023537
v -0.058013 0.064556 -0.016499
v -0.065539 0.070681 -0.019545
v -0.062979 0.062456 -0.010482
v -0.070545 0.068629 -0.013055
v -0.064420 0.063279 -0.003937
v -0.056258 0.056004 -0.006975
v -0.056373 0.057928 -0.000594
v -0.054064 0.062117 0.005656
v -0.062450 0.067943 0.002205
v -0.052295 0.066178 0.010098
v -0.060165 0.072862 0.007136
v -0.048524 0.069824 0.009817
v -0.043136 0.058664 0.012021
v -0.039253 0.062385 0.011422
v -0.034569 0.066663 0.009361
v -0.043494 0.073584 0.006967
v -0.030611 0.069505 0.004442
v -0.038813 0.076291 0.002135
v -0.028556 0.069947 -0.002136
v -0.036190 0.076339 -0.003909
v -0.029261 0.067683 -0.008558
v -0.036619 0.074296 -0.010447
v -0.031812 0.063590 -0.015017
v -0.038711 0.069281 -0.016777
v -0.037530 0.057091 -0.016572
v -0.044122 0.063097 -0.018250
v -0.044386 0.052118 -0.011665
v -0.051212 0.058171 -0.013537
v -0.048407 0.049970 -0.005303
v -0.036378 0.046250 -0.011599
v -0.040462 0.043671 -0.004600
v -0.041411 0.043980 0.003187
v -0.048942 0.050608 0.001833
v -0.038833 0.047367 0.009969
v -0.046118 0.054757 0.008054
v -0.034831 0.051164 0.013179
v -0.031971 0.039827 0.011360
v -0.026624 0.043855 0.013332
v -0.020754 0.048776 0.012453
v -0.029857 0.055593 0.012291
v -0.016121 0.053422 0.009241
v -0.024982 0.060224 0.009769
v -0.013573 0.055990 0.003822
v -0.021988 0.062565 0.004014
v -0.012660 0.056091 -0.001313
v -0.020714 0.062959 -0.001400
v -0.014241 0.053438 -0.006306
v -0.022025 0.060680 -0.007341
v -0.016523 0.049813 -0.012484
v -0.024698 0.057047 -0.013640
v -0.022227 0.044702 -0.015152
v -0.030274 0.051215 -0.015731
v -0.028960 0.039809 -0.012164
v -0.029158 0.029970 -0.004369
v -0.034186 0.036610 -0.004170
v -0.029157 0.030109 0.004834
v -0.035142 0.036843 0.004149
v -0.025130 0.032504 0.012242
v -0.024649 0.023733 0.004918
v -0.019134 0.025464 0.011803
v -0.022500 0.018398 0.004663
v -0.016965 0.018924 0.011979
v -0.023495 0.014902 0.005283
v -0.017266 0.014075 0.014110
v -0.007039 0.013893 0.017571
v -0.018101 0.010304 0.017102
v -0.006811 0.010838 0.022524
v 0.006135 0.010766 0.019596
v 0.004870 0.014339 0.015705
v 0.018462 0.011093 0.012741
v 0.016881 0.014884 0.009535
v 0.027178 0.010276 0.002139
v 0.025964 0.014819 0.000934
v 0.029102 0.009332 -0.009914
v 0.028073 0.013678 -0.008605
v 0.019963 0.010651 -0.020051
v 0.020319 0.014523 -0.015513
v 0.005307 0.012913 -0.025225
v 0.005844 0.015404 -0.019964
v -0.009491 0.012823 -0.025599
v -0.008081 0.015922 -0.020899
v -0.023262 0.011840 -0.018423
v -0.020257 0.015815 -0.015443
v -0.027898 0.010984 -0.006451
v -0.025117 0.014445 -0.005405
v -0.023902 0.018194 -0.004525
v -0.025609 0.023797 -0.004317
v -0.025307 0.011660 0.006212
v -0.027905 0.005042 -0.006438
v -0.024713 0.005008 0.006586
v -0.017323 0.006089 0.017991
v -0.021440 0.002190 0.006046
v -0.014490 0.003011 0.015827
v -0.004364 0.002393 0.020749
v -0.006244 0.006142 0.024445
v 0.007200 0.003136 0.019769
v 0.007368 0.006878 0.022222
v 0.018226 0.002923 0.014261
v 0.020261 0.007088 0.015613
v 0.025244 0.002953 0.003154
v 0.028332 0.006394 0.003457
v 0.024479 0.002306 -0.009008
v 0.028513 0.004891 -0.010286
v 0.015708 0.002665 -0.020050
v 0.019328 0.005764 -0.022445
v 0.003602 0.004028 -0.024289
v 0.004385 0.008360 -0.027499
v -0.008412 0.002648 -0.022722
v -0.010101 0.006859 -0.027072
v -0.019047 0.002007 -0.015873
v -0.022864 0.005563 -0.018593
v -0.023479 0.001172 -0.006155
v 0.002490 0.001400 -0.016588
v -0.005650 0.046448 -0.005072
v -0.003994 0.049292 -0.000798
v 0.004591 0.043057 -0.001651
v 0.003103 0.040387 -0.005585
v 0.013507 0.040360 -0.003479
v 0.012412 0.037918 -0.007402
v 0.023524 0.041055 -0.006011
v 0.022776 0.038830 -0.010428
v 0.022854 0.034050 -0.013953
v 0.032220 0.040870 -0.014328
v 0.032659 0.036090 -0.018070
v 0.041088 0.043086 -0.017687
v 0.041245 0.038399 -0.021652
v 0.042937 0.032341 -0.022768
v 0.049720 0.040999 -0.025127
v 0.051568 0.034781 -0.025966
v 0.054512 0.029698 -0.022374
v 0.046059 0.027105 -0.019524
v 0.057001 0.028308 -0.016156
v 0.048494 0.025560 -0.013019
v 0.058404 0.030990 -0.010217
v 0.049375 0.028184 -0.006664
v 0.057710 0.036205 -0.007215
v 0.048417 0.033809 -0.003486
v 0.055677 0.041522 -0.007707
v 0.046534 0.039402 -0.004261
v 0.036866 0.037747 -0.000643
v 0.026421 0.035980 0.001966
v 0.044282 0.043570 -0.007434
v 0.034750 0.041716 -0.004396
v 0.024854 0.039956 -0.001417
v 0.014426 0.039316 0.000999
v 0.033072 0.042956 -0.009213
v 0.042175 0.045165 -0.012436
v 0.053351 0.045723 -0.010530
v 0.051065 0.047567 -0.015520
v 0.049751 0.045658 -0.020989
v 0.059691 0.050158 -0.018270
v 0.058327 0.048702 -0.023761
v 0.058658 0.043953 -0.027723
v 0.067309 0.051709 -0.025933
v 0.067872 0.047300 -0.029669
v 0.069891 0.041870 -0.030613
v 0.060546 0.038024 -0.028441
v 0.072386 0.037298 -0.028029
v 0.063219 0.033100 -0.025322
v 0.074724 0.035410 -0.022751
v 0.065908 0.031643 -0.019633
v 0.075914 0.036770 -0.016831
v 0.067187 0.033767 -0.014024
v 0.074982 0.041589 -0.012970
v 0.066401 0.038849 -0.010926
v 0.072716 0.047091 -0.013036
v 0.064441 0.044116 -0.010810
v 0.070275 0.051369 -0.016038
v 0.062035 0.048312 -0.013397
v 0.068130 0.053508 -0.020784
v 0.078132 0.054438 -0.017779
v 0.076349 0.056898 -0.022514
v 0.076311 0.055320 -0.027532
v 0.084435 0.060282 -0.022902
v 0.084731 0.059421 -0.027836
v 0.086507 0.055933 -0.031414
v 0.077540 0.051309 -0.031140
v 0.089077 0.051259 -0.032531
v 0.079749 0.046339 -0.031855
v 0.091818 0.047004 -0.030486
v 0.082178 0.041971 -0.029671
v 0.093616 0.044716 -0.025459
v 0.084078 0.039616 -0.024760
v 0.093623 0.045194 -0.019939
v 0.084591 0.040506 -0.019044
v 0.091424 0.048903 -0.016533
v 0.083083 0.044859 -0.015115
v 0.088519 0.053466 -0.016230
v 0.080637 0.050078 -0.014776
v 0.086048 0.057525 -0.018693
v 0.096200 0.058082 -0.016953
v 0.093595 0.061597 -0.019187
v 0.091899 0.064189 -0.022889
v 0.100174 0.067558 -0.018989
v 0.098402 0.069463 -0.022684
v 0.098439 0.069528 -0.027257
v 0.092069 0.064081 -0.027606
v 0.100662 0.067218 -0.030897
v 0.094211 0.061140 -0.031276
v 0.103996 0.064018 -0.031891
v 0.097388 0.057018 -0.032583
v 0.107436 0.061420 -0.030144
v 0.100661 0.053323 -0.030506
v 0.109601 0.060183 -0.025855
v 0.102540 0.051428 -0.025783
v 0.109168 0.060555 -0.020780
v 0.102479 0.051547 -0.020661
v 0.106399 0.062364 -0.017309
v 0.099845 0.054343 -0.017352
v 0.102813 0.064819 -0.016899
v 0.112228 0.070434 -0.017594
v 0.108787 0.072814 -0.016668
v 0.105599 0.074775 -0.018688
v 0.112515 0.078906 -0.017124
v 0.109344 0.080439 -0.019073
v 0.107390 0.081232 -0.022379
v 0.103542 0.075948 -0.022515
v 0.106965 0.081347 -0.026647
v 0.103437 0.075839 -0.027096
v 0.109118 0.080051 -0.030082
v 0.105913 0.074121 -0.030484
v 0.112798 0.078113 -0.031122
v 0.109425 0.071766 -0.031257
v 0.116397 0.076561 -0.029444
v 0.112745 0.069669 -0.029889
v 0.118690 0.075667 -0.025902
v 0.114692 0.068391 -0.026116
v 0.118754 0.075613 -0.021439
v 0.114385 0.068810 -0.021292
v 0.116235 0.076960 -0.017907
v 0.121376 0.082777 -0.022599
v 0.118819 0.083528 -0.019638
v 0.115209 0.085099 -0.018765
v 0.112109 0.086435 -0.020237
v 0.112583 0.092276 -0.023065
v 0.110140 0.087143 -0.023246
v 0.112681 0.092249 -0.026084
v 0.110051 0.087030 -0.026548
v 0.114253 0.091449 -0.028627
v 0.111879 0.086167 -0.029484
v 0.115340 0.084697 -0.030979
v 0.119093 0.083352 -0.029855
v 0.121447 0.082787 -0.026549
v 0.122062 0.089436 -0.023388
v 0.123162 0.095674 -0.023623
v 0.004700 0.042285 0.002959
v -0.004539 0.048932 0.003839
v -0.150495 0.193393 -0.043460
v -0.153700 0.190868 -0.048167
v -0.161329 0.197403 -0.045636
v -0.158640 0.186249 -0.051059
v -0.166039 0.193199 -0.048298
v -0.173829 0.200170 -0.045625
v -0.171783 0.187711 -0.048771
v -0.180143 0.194845 -0.046446
v -0.187092 0.202954 -0.044514
v -0.184253 0.190620 -0.045197
v -0.192199 0.198694 -0.043240
v -0.198803 0.208315 -0.041340
v -0.194380 0.195009 -0.037307
v -0.185749 0.187781 -0.040033
v -0.186710 0.183629 -0.033074
v -0.195475 0.190177 -0.030573
v -0.187436 0.180001 -0.027768
v -0.195752 0.185106 -0.025050
v -0.178736 0.177977 -0.035787
v -0.177349 0.181032 -0.042764
v -0.169469 0.174040 -0.043302
v -0.175684 0.183690 -0.047296
v -0.168470 0.175893 -0.048595
v -0.164495 0.180086 -0.050888
v -0.187021 0.231982 -0.021581
v -0.194024 0.229345 -0.016420
v -0.194907 0.239085 -0.016134
v -0.203268 0.237664 -0.014939
v -0.188013 0.240743 -0.021547
v -0.188140 0.250085 -0.021368
v -0.194849 0.249042 -0.015907
v -0.183567 0.242212 -0.026862
v -0.183683 0.250857 -0.026276
v -0.183539 0.259794 -0.025826
v -0.187482 0.259359 -0.021136
v -0.182026 0.251527 -0.030405
v -0.182095 0.260224 -0.029971
v -0.181220 0.269125 -0.029690
v -0.182288 0.268707 -0.025527
v -0.183893 0.260853 -0.033707
v -0.183388 0.269807 -0.033221
v -0.182178 0.279148 -0.033169
v -0.179816 0.278095 -0.029484
v -0.187381 0.270695 -0.035689
v -0.186792 0.280424 -0.035502
v -0.185547 0.290347 -0.034878
v -0.180549 0.288718 -0.032227
v -0.195726 0.281884 -0.036815
v -0.194909 0.292204 -0.035933
v -0.193952 0.302436 -0.034787
v -0.184303 0.300192 -0.033349
v -0.205048 0.293489 -0.033816
v -0.183244 0.309684 -0.031069
v -0.177090 0.307571 -0.028534
v -0.178522 0.298225 -0.030558
v -0.193124 0.312101 -0.032496
v -0.192218 0.321560 -0.030624
v -0.182155 0.319038 -0.029311
v -0.180876 0.328444 -0.027981
v -0.174081 0.326212 -0.025036
v -0.175720 0.316841 -0.026598
v -0.191044 0.330979 -0.029345
v -0.189553 0.340237 -0.028258
v -0.179401 0.337574 -0.026544
v -0.200377 0.341741 -0.024817
v -0.198545 0.351051 -0.024186
v -0.187669 0.349222 -0.027117
v -0.209064 0.352859 -0.020224
v -0.206299 0.362385 -0.019892
v -0.196059 0.360285 -0.023658
v -0.219789 0.354914 -0.017541
v -0.216827 0.364709 -0.016961
v -0.213182 0.374076 -0.015946
v -0.202832 0.371696 -0.019189
v -0.227398 0.367110 -0.015066
v -0.223685 0.376764 -0.014196
v -0.219913 0.386103 -0.012894
v -0.209489 0.383392 -0.015265
v -0.233469 0.379359 -0.012692
v -0.229953 0.388981 -0.011505
v -0.226507 0.398384 -0.010482
v -0.216195 0.395306 -0.011615
v -0.237252 0.391015 -0.009184
v -0.234019 0.400930 -0.008437
v -0.229787 0.410575 -0.007894
v -0.222277 0.407787 -0.009140
v -0.238630 0.402309 -0.006390
v -0.234323 0.412400 -0.006038
v -0.230308 0.422282 -0.005225
v -0.225676 0.420554 -0.006838
v -0.237173 0.413584 -0.003242
v -0.233131 0.423102 -0.002130
v -0.229458 0.432694 -0.000121
v -0.226575 0.431963 -0.003134
v -0.231643 0.422165 0.001389
v -0.222048 0.430283 -0.004694
v -0.218170 0.417504 -0.007732
v -0.212371 0.404640 -0.010583
v -0.205777 0.392581 -0.014340
v -0.199156 0.380910 -0.018485
v -0.192696 0.369438 -0.022828
v -0.185380 0.358159 -0.026410
v -0.177493 0.346480 -0.025638
v -0.172043 0.335221 -0.023863
v -0.170509 0.324479 -0.022066
v -0.172070 0.314141 -0.019043
v -0.172156 0.315242 -0.023510
v -0.174599 0.304876 -0.020696
v -0.173806 0.305854 -0.025300
v -0.176745 0.295809 -0.022545
v -0.175594 0.296712 -0.026964
v -0.178830 0.286670 -0.024349
v -0.177765 0.287400 -0.028712
v -0.181046 0.277679 -0.025135
v -0.183191 0.286758 -0.020728
v -0.185237 0.277779 -0.021306
v -0.186351 0.268671 -0.021348
v -0.192102 0.278258 -0.016716
v -0.193279 0.268707 -0.016221
v -0.194183 0.258933 -0.015781
v -0.201426 0.268722 -0.012656
v -0.202407 0.258328 -0.012973
v -0.202956 0.247982 -0.013621
v -0.211482 0.258919 -0.013493
v -0.211764 0.248222 -0.014098
v -0.211624 0.236693 -0.014490
v -0.219430 0.246077 -0.012893
v -0.218385 0.234643 -0.012578
v -0.224670 0.243271 -0.011441
v -0.222078 0.233035 -0.011916
v -0.220065 0.222852 -0.011359
v -0.225263 0.231700 -0.011745
v -0.223028 0.222003 -0.011748
v -0.222079 0.213102 -0.009911
v -0.219133 0.213355 -0.009136
v -0.222969 0.205742 -0.006867
v -0.220047 0.205600 -0.006003
v -0.222540 0.199919 -0.001929
v -0.219573 0.198393 -0.001318
v -0.225096 0.200214 -0.003351
v -0.227585 0.194640 0.001137
v -0.225099 0.194512 0.002418
v -0.224462 0.204781 -0.009156
v -0.226403 0.199074 -0.005506
v -0.229022 0.193548 -0.000965
v -0.232303 0.188006 0.003415
v -0.230934 0.188970 0.005572
v -0.226267 0.197160 -0.007624
v -0.229029 0.191650 -0.003139
v -0.225174 0.194584 -0.009563
v -0.227813 0.189282 -0.005062
v -0.222818 0.191358 -0.010846
v -0.225536 0.186505 -0.006056
v -0.219664 0.188725 -0.010683
v -0.222826 0.184408 -0.005531
v -0.216494 0.187713 -0.009016
v -0.220147 0.183970 -0.003740
v -0.224827 0.179864 0.002091
v -0.230136 0.179216 0.006005
v -0.218269 0.185222 -0.001456
v -0.223471 0.181142 0.003979
v -0.228872 0.180482 0.007627
v -0.232432 0.183171 0.008572
v -0.233832 0.182219 0.006626
v -0.217835 0.187845 0.000668
v -0.214413 0.188735 -0.006322
v -0.214360 0.191609 -0.003521
v -0.216280 0.195343 -0.001643
v -0.219185 0.190996 0.002371
v -0.222197 0.193372 0.002849
v -0.210116 0.191690 -0.010114
v -0.213180 0.189949 -0.013862
v -0.224021 0.203139 -0.011844
v -0.223819 0.212265 -0.012212
v -0.223287 0.211223 -0.015200
v -0.224318 0.220886 -0.016735
v -0.224938 0.221133 -0.013848
v -0.227811 0.230662 -0.013315
v -0.227682 0.230605 -0.016401
v -0.231858 0.240325 -0.014929
v -0.229681 0.241149 -0.017683
v -0.225514 0.231239 -0.018860
v -0.231133 0.240499 -0.011871
v -0.234449 0.250119 -0.010276
v -0.236135 0.249527 -0.013214
v -0.228119 0.241736 -0.011026
v -0.231118 0.251901 -0.010043
v -0.234161 0.262638 -0.009344
v -0.237973 0.259988 -0.008296
v -0.227347 0.254179 -0.011299
v -0.228776 0.266778 -0.011595
v -0.220572 0.257976 -0.013289
v -0.220018 0.268845 -0.013653
v -0.210352 0.269042 -0.013415
v -0.209106 0.279300 -0.013597
v -0.200341 0.278781 -0.012791
v -0.199159 0.288541 -0.012527
v -0.190713 0.287588 -0.016694
v -0.188796 0.296608 -0.015731
v -0.181088 0.295768 -0.019046
v -0.178572 0.304780 -0.016798
v -0.223110 0.231918 -0.021213
v -0.161040 0.503467 0.005076
v -0.163240 0.507442 0.007364
v -0.157083 0.511243 0.009455
v -0.154392 0.508765 0.007117
v -0.158404 0.511496 0.012977
v -0.154208 0.516575 0.015484
v -0.152314 0.517047 0.012147
v -0.148936 0.525111 0.015615
v -0.145312 0.524371 0.013580
v -0.148988 0.515721 0.009791
v -0.151016 0.524582 0.018801
v -0.147122 0.533919 0.022675
v -0.144946 0.534400 0.019669
v -0.145315 0.531769 0.025086
v -0.141818 0.542973 0.027242
v -0.139765 0.543345 0.024138
v -0.141205 0.533478 0.017766
v -0.000349 -0.003538 0.003390
v 0.000431 -0.004175 -0.001857
v 0.001284 -0.003394 -0.007028
v 0.006890 0.005147 0.016349
v -0.003012 0.004620 0.016890
v 0.016195 0.004368 0.011621
v -0.012297 0.004683 0.012793
v 0.013499 0.004316 -0.017124
v 0.002597 0.003975 -0.020283
v 0.020844 0.004601 0.001474
v 0.020340 0.003721 -0.008927
v -0.018138 0.004328 0.004657
v -0.019250 0.002962 -0.004349
v -0.015174 0.003961 -0.012389
v -0.007461 0.003202 -0.018042
v 0.006024 0.001593 0.012930
v -0.001782 -0.002014 0.009242
v 0.008313 -0.002334 0.004828
v -0.010408 0.001316 0.010209
v 0.011635 0.001655 -0.014066
v 0.002314 -0.001516 -0.012363
v 0.010176 -0.002626 -0.000480
v 0.010109 -0.002637 -0.006273
v -0.008215 -0.002549 0.002334
v -0.009817 -0.002927 -0.002712
v -0.007484 -0.002335 -0.007252
v -0.006062 0.000932 -0.014697
vn -0.1203 -0.3518 0.9283
vn -0.1746 0.0098 0.9846
vn -0.3236 -0.1087 0.9399
vn -0.1458 -0.3865 0.9107
vn 0.0356 -0.5437 0.8385
vn 0.0323 -0.4644 0.8850
vn 0.1164 -0.0810 0.9899
vn 0.3843 -0.4166 0.8239
vn 0.3329 -0.6374 0.6949
vn 0.7899 -0.1015 0.6048
vn 0.3148 0.4555 0.8328
vn 0.6958 -0.6286 0.3474
vn -0.0992 0.0439 0.9941
vn -0.2284 -0.0318 0.9730
vn 0.1185 -0.5119 0.8508
vn 0.3141 -0.0639 0.9472
vn -0.2075 0.4080 0.8891
vn -0.3627 0.4028 0.8404
vn 0.0501 0.5783 0.8143
vn -0.2937 0.6823 0.6695
vn 0.0810 0.6642 -0.7432
vn 0.0729 0.7599 -0.6460
vn 0.2178 0.7459 -0.6294
vn 0.1590 0.6295 -0.7606
vn 0.1191 0.6065 -0.7861
vn 0.0777 0.6405 -0.7640
vn 0.4635 0.5294 -0.7105
vn 0.3609 0.8868 -0.2887
vn 0.7894 0.4238 -0.4442
vn 0.4577 0.3853 -0.8013
vn 0.8060 -0.0189 -0.5916
vn 0.8266 -0.3171 -0.4649
vn 0.9749 -0.2070 0.0824
vn 0.6512 -0.7539 -0.0866
vn 0.6642 -0.4973 -0.5581
vn 0.7910 0.2529 -0.5571
vn 0.7454 0.6666 0.0035
vn 0.6256 -0.1809 -0.7589
vn 0.5371 0.0788 -0.8398
vn 0.4844 0.5597 -0.6724
vn 0.2817 0.3193 0.9048
vn 0.0685 0.8552 0.5137
vn -0.8049 0.3427 0.4845
vn -0.3027 0.0277 0.9527
vn 0.3388 0.1284 0.9321
vn 0.6718 0.5378 0.5094
vn -0.2976 -0.2417 0.9236
vn -0.8938 -0.3286 0.3053
vn -0.2535 0.0619 0.9654
vn -0.1887 0.3524 0.9166
vn 0.1310 0.1565 0.9789
vn -0.0811 -0.0673 0.9944
vn -0.3462 0.1403 0.9276
vn -0.3699 0.4397 0.8185
vn -0.2517 -0.0736 0.9650
vn -0.2780 -0.0528 0.9591
vn -0.1637 -0.1045 0.9810
vn -0.2215 -0.0121 0.9751
vn -0.1791 -0.1124 0.9774
vn -0.0731 -0.3239 0.9433
vn -0.1098 -0.2344 0.9659
vn -0.1099 -0.1558 0.9817
vn -0.1145 -0.2234 0.9680
vn -0.1628 -0.3387 0.9267
vn -0.1512 -0.2703 0.9508
vn 0.0030 -0.1928 0.9812
vn 0.0377 -0.2788 0.9596
vn 0.1000 -0.0883 0.9911
vn 0.2524 -0.0059 0.9676
vn -0.3498 -0.2779 0.8946
vn -0.4180 -0.2593 0.8707
vn 0.6592 0.3669 0.6564
vn 0.7168 0.3630 0.5953
vn 0.1610 -0.0335 0.9864
vn 0.4953 0.5451 0.6764
vn -0.4537 -0.1586 0.8769
vn -0.1272 -0.1975 0.9720
vn 0.0454 -0.1978 0.9792
vn 0.2512 0.2578 0.9330
vn -0.0225 0.0681 0.9974
vn -0.0770 0.2715 0.9594
vn 0.2414 0.2791 0.9294
vn 0.2203 0.2341 0.9469
vn -0.0181 -0.0041 0.9998
vn 0.3691 0.5105 0.7766
vn 0.4287 0.4995 0.7528
vn 0.3246 0.1961 0.9253
vn 0.2620 0.5263 0.8089
vn 0.4302 0.0898 0.8983
vn -0.0236 0.7473 -0.6641
vn -0.5106 0.4581 -0.7277
vn -0.8106 0.4992 -0.3063
vn 0.0364 0.9887 -0.1456
vn 0.6324 0.7541 -0.1770
vn 0.1361 0.5484 -0.8250
vn -0.4317 0.1930 -0.8811
vn -0.8750 -0.1055 -0.4725
vn 0.4489 -0.0242 0.8933
vn 0.2063 0.2392 0.9488
vn -0.1609 0.0819 0.9836
vn 0.3008 -0.4159 0.8582
vn 0.6817 -0.3660 0.6335
vn 0.5666 0.0848 0.8196
vn 0.2708 0.4148 0.8687
vn -0.1532 0.0924 0.9839
vn -0.0685 0.1484 0.9865
vn -0.5717 0.6194 0.5381
vn -0.7365 0.4534 0.5019
vn -0.9126 0.2302 0.3380
vn -0.2008 -0.0711 0.9771
vn 0.0663 -0.0849 0.9942
vn 0.0086 -0.1587 0.9873
vn 0.0550 -0.1443 0.9880
vn 0.0878 -0.1019 0.9909
vn -0.1552 0.5837 0.7970
vn 0.0310 -0.1261 0.9915
vn 0.0489 -0.1427 0.9885
vn 0.0783 -0.0856 0.9932
vn 0.0696 -0.1039 0.9922
vn 0.0649 -0.1870 0.9802
vn -0.0574 -0.1308 0.9897
vn -0.0164 -0.1800 0.9835
vn -0.0648 -0.0682 0.9956
vn -0.0997 -0.0658 0.9928
vn -0.0119 -0.0963 0.9953
vn 0.0575 0.3474 -0.9359
vn -0.0506 0.4007 -0.9148
vn -0.0577 0.4288 -0.9016
vn 0.0194 0.3947 -0.9186
vn 0.2336 0.3585 -0.9038
vn 0.2267 0.3489 -0.9093
vn 0.0093 0.3204 -0.9472
vn -0.0531 0.3789 -0.9239
vn 0.2312 0.3822 -0.8947
vn 0.1068 0.3052 -0.9463
vn 0.0646 0.2582 -0.9639
vn 0.1947 0.3247 -0.9256
vn 0.2498 0.3298 -0.9104
vn 0.4406 0.6184 -0.6507
vn 0.2024 0.7188 -0.6651
vn 0.0845 0.4050 -0.9104
vn 0.2353 0.1178 -0.9648
vn 0.2566 0.1291 -0.9579
vn 0.1800 0.2087 -0.9613
vn 0.1636 0.2324 -0.9588
vn 0.2597 0.1055 -0.9599
vn -0.0063 0.2742 -0.9616
vn 0.0980 0.3413 -0.9349
vn 0.7315 0.6035 -0.3173
vn 0.6752 0.6026 -0.4255
vn -0.4554 0.1261 -0.8813
vn -0.4174 0.0834 -0.9049
vn 0.4597 0.7190 -0.5212
vn 0.0983 0.2927 -0.9511
vn 0.0178 0.1885 -0.9819
vn -0.1715 0.2074 -0.9631
vn -0.4930 0.2220 -0.8412
vn -0.4456 0.2512 -0.8593
vn -0.7013 0.4531 -0.5504
vn -0.6763 0.5751 -0.4603
vn -0.4353 0.2764 -0.8568
vn -0.2792 0.1534 -0.9479
vn -0.2819 0.1970 -0.9390
vn -0.6403 0.3189 -0.6988
vn -0.4558 -0.6402 -0.6183
vn -0.3790 -0.9039 -0.1983
vn -0.9013 -0.3893 -0.1902
vn -0.7026 -0.3889 -0.5959
vn -0.4375 -0.5519 -0.7099
vn -0.0646 -0.8618 -0.5030
vn -0.7126 -0.2214 -0.6657
vn -0.1626 0.1118 -0.9803
vn -0.1805 0.1468 -0.9726
vn -0.9107 0.1013 -0.4005
vn 0.5990 -0.3740 0.7080
vn 0.3276 0.0602 0.9429
vn 0.4489 -0.6317 0.6320
vn 0.3543 -0.0307 0.9346
vn 0.5618 -0.7677 -0.3084
vn 0.3390 -0.9398 -0.0422
vn 0.1176 0.2894 0.9500
vn -0.3916 0.4683 0.7921
vn -0.4741 -0.1101 0.8736
vn 0.2110 0.1239 0.9696
vn -0.0014 0.2425 0.9702
vn -0.4071 0.5069 0.7598
vn 0.1138 0.1149 0.9868
vn -0.0811 0.2544 -0.9637
vn -0.0425 0.2781 -0.9596
vn 0.0298 0.2121 -0.9768
vn 0.0062 0.2022 -0.9793
vn -0.0616 0.2757 -0.9593
vn -0.0673 0.3321 -0.9408
vn -0.0274 0.2116 -0.9770
vn -0.1105 0.2292 -0.9671
vn -0.5561 0.1860 -0.8101
vn -0.5526 -0.0355 -0.8327
vn -0.9671 -0.2213 -0.1256
vn -0.8858 0.4468 -0.1255
vn 0.1895 0.0037 0.9819
vn 0.1523 0.0466 0.9872
vn 0.2138 0.0375 0.9762
vn 0.2003 0.0310 0.9792
vn 0.1379 0.0021 0.9904
vn 0.1105 0.0369 0.9932
vn 0.1843 -0.0574 0.9812
vn 0.1036 -0.0430 0.9937
vn 0.2605 -0.0194 0.9653
vn 0.2453 -0.0769 0.9664
vn 0.2023 0.0018 0.9793
vn 0.4273 0.1672 0.8885
vn 0.3131 0.2625 0.9127
vn 0.3397 0.4052 0.8488
vn 0.5823 0.2566 0.7714
vn 0.7316 -0.0090 0.6817
vn 0.5362 0.0266 0.8436
vn 0.2503 -0.0620 0.9662
vn 0.2047 0.0318 0.9783
vn 0.2846 0.0798 0.9553
vn 0.2484 0.1370 0.9589
vn 0.1478 -0.0045 0.9890
vn -0.3091 -0.0052 -0.9510
vn -0.2082 -0.0094 -0.9780
vn -0.2128 0.0640 -0.9750
vn -0.2776 0.0785 -0.9575
vn -0.3456 -0.0366 -0.9377
vn -0.3013 -0.0377 -0.9528
vn -0.4138 -0.0799 -0.9068
vn -0.4383 -0.0642 -0.8965
vn 0.2531 0.0332 0.9669
vn 0.2834 0.0459 0.9579
vn 0.4621 -0.6460 0.6076
vn 0.0758 -0.6022 0.7947
vn 0.1382 -0.1586 0.9776
vn 0.2461 0.0101 0.9692
vn -0.1487 -0.5976 0.7879
vn 0.0170 0.2458 -0.9692
vn 0.0864 0.0728 -0.9936
vn 0.4259 0.4458 -0.7873
vn 0.2325 0.5201 -0.8218
vn -0.4991 -0.1146 -0.8589
vn -0.4019 -0.2965 -0.8663
vn -0.1326 0.4211 -0.8973
vn -0.6035 0.3357 -0.7232
vn 0.0140 0.3391 -0.9407
vn 0.1079 0.2864 -0.9520
vn -0.0677 0.5387 -0.8398
vn 0.0755 -0.6242 -0.7776
vn 0.0276 -0.7356 -0.6768
vn -0.1295 -0.0095 -0.9915
vn -0.2840 -0.1957 -0.9387
vn 0.2490 -0.1471 -0.9573
vn 0.0964 0.1255 0.9874
vn -0.3227 0.3411 0.8829
vn -0.5230 0.2867 0.8027
vn 0.0387 0.1215 0.9918
vn 0.5430 0.1520 0.8259
vn 0.2474 0.5780 0.7777
vn 0.5844 -0.0197 0.8113
vn -0.6270 -0.2168 -0.7483
vn -0.7190 -0.1678 -0.6745
vn -0.7024 -0.1864 -0.6869
vn -0.6684 -0.1875 -0.7198
vn -0.7475 -0.2128 -0.6293
vn -0.7285 -0.2731 -0.6282
vn -0.6493 -0.4490 -0.6138
vn -0.5478 -0.3784 -0.7462
vn -0.6143 -0.2623 -0.7442
vn -0.7512 -0.1435 -0.6442
vn -0.4314 -0.5221 -0.7357
vn -0.4029 0.7472 0.5286
vn -0.2529 0.9576 -0.1377
vn -0.7958 0.5297 -0.2935
vn -0.7727 0.5155 0.3704
vn 0.6392 0.7607 0.1128
vn -0.5061 -0.8245 -0.2529
vn -0.2163 -0.9009 -0.3764
vn -0.7606 -0.2500 -0.5991
vn -0.7264 -0.3881 -0.5672
vn -0.2237 0.6528 -0.7238
vn 0.4591 0.5777 -0.6749
vn -0.4919 0.4362 -0.7535
vn 0.0179 0.3135 -0.9494
vn 0.4931 0.0685 -0.8673
vn 0.8584 0.1589 -0.4877
vn 0.9328 -0.1077 -0.3440
vn 0.5345 0.0117 -0.8451
vn -0.0359 0.2042 -0.9783
vn 0.6209 0.5214 0.5853
vn 0.5816 0.5574 0.5924
vn 0.5221 0.5199 0.6761
vn 0.5574 0.5538 0.6186
vn 0.6399 0.5745 0.5104
vn 0.8628 0.4616 0.2063
vn 0.8543 0.3717 0.3634
vn 0.5525 0.5835 0.5952
vn 0.5798 0.4554 0.6756
vn 0.4550 0.6461 0.6128
vn 0.8793 0.2378 0.4127
vn 0.5381 0.7332 0.4157
vn 0.5790 0.5896 0.5631
vn 0.0952 0.9779 0.1863
vn 0.3296 0.9392 -0.0959
vn 0.5755 0.4188 0.7024
vn 0.3097 0.6374 0.7055
vn -0.1437 0.9009 0.4096
vn -0.2635 -0.4274 -0.8648
vn -0.3885 -0.3421 -0.8556
vn -0.4432 -0.1682 -0.8805
vn -0.2802 -0.3793 -0.8819
vn 0.2688 -0.4618 -0.8453
vn 0.2420 -0.3796 -0.8930
vn -0.5125 -0.5437 -0.6647
vn -0.5505 -0.5513 -0.6269
vn -0.3032 -0.0964 -0.9481
vn -0.2516 0.2120 -0.9443
vn -0.5078 0.1892 -0.8404
vn -0.4034 -0.3559 -0.8430
vn -0.7278 0.1776 -0.6624
vn -0.5636 -0.2122 -0.7983
vn -0.2627 -0.4472 -0.8550
vn 0.5390 0.7013 0.4665
vn 0.4620 0.5109 0.7250
vn 0.9135 0.1692 0.3700
vn 0.7456 0.6633 -0.0640
vn 0.0442 0.9061 0.4207
vn -0.1404 0.7774 0.6132
vn -0.0138 0.9801 -0.1980
vn -0.5467 0.8340 0.0750
vn 0.4774 0.0484 -0.8774
vn -0.0488 0.1961 -0.9794
vn -0.0852 0.6959 -0.7131
vn 0.6900 0.3988 -0.6040
vn 0.9751 -0.1351 -0.1758
vn 0.6493 -0.3610 -0.6694
vn 0.1590 -0.3041 -0.9393
vn -0.2711 -0.2200 -0.9371
vn -0.4987 0.1893 -0.8458
vn -0.2982 -0.3480 -0.8888
vn -0.6993 0.0476 -0.7132
vn -0.8399 0.4475 -0.3071
vn -0.6437 0.5931 -0.4837
vn -0.6598 0.7119 0.2405
vn -0.8739 0.3729 -0.3120
vn -0.6849 0.6923 0.2271
vn -0.2281 0.7307 0.6435
vn -0.2185 0.7232 0.6552
vn 0.3110 0.5042 0.8056
vn 0.3451 0.4984 0.7953
vn 0.7503 0.1111 0.6517
vn 0.8080 0.0906 0.5821
vn 0.9214 -0.3258 0.2118
vn 0.9403 -0.3255 0.0991
vn 0.7151 -0.6201 -0.3228
vn 0.6990 -0.5728 -0.4282
vn 0.2524 -0.6531 -0.7139
vn 0.2469 -0.5776 -0.7781
vn -0.2769 -0.4404 -0.8540
vn 0.2671 -0.6811 -0.6818
vn -0.2413 -0.4967 -0.8337
vn -0.6872 -0.1155 -0.7172
vn -0.6955 -0.0664 -0.7154
vn -0.8799 0.3259 -0.3458
vn -0.6846 -0.1567 -0.7119
vn -0.8805 0.2882 -0.3764
vn -0.7363 0.6650 0.1250
vn -0.7114 0.6830 0.1655
vn -0.2232 0.7660 0.6028
vn -0.2201 0.7528 0.6203
vn 0.3097 0.5621 0.7669
vn 0.3072 0.5359 0.7864
vn 0.7114 0.2310 0.6637
vn 0.7277 0.1772 0.6626
vn 0.9343 -0.2294 0.2727
vn 0.9286 -0.2798 0.2437
vn 0.7482 -0.6082 -0.2652
vn 0.7251 -0.6211 -0.2974
vn 0.2968 -0.7042 -0.6449
vn 0.7750 -0.5794 -0.2523
vn 0.2935 -0.6937 -0.6577
vn -0.2400 -0.5436 -0.8043
vn -0.2247 -0.5434 -0.8088
vn -0.6679 -0.1997 -0.7169
vn -0.2435 -0.5090 -0.8256
vn -0.6163 -0.2276 -0.7539
vn -0.8291 0.1960 -0.5237
vn -0.8712 0.2417 -0.4274
vn -0.7435 0.6677 -0.0381
vn -0.7534 0.6546 0.0623
vn -0.2417 0.8235 0.5133
vn -0.2414 0.7853 0.5700
vn 0.2825 0.6072 0.7426
vn 0.2953 0.5834 0.7566
vn 0.6172 0.3575 0.7009
vn 0.6645 0.2914 0.6881
vn 0.9310 -0.0412 0.3626
vn 0.9306 -0.1497 0.3339
vn 0.8120 -0.5090 -0.2857
vn 0.9048 0.1081 0.4118
vn 0.8770 -0.3791 -0.2953
vn 0.2815 -0.5643 -0.7761
vn 0.2860 -0.6447 -0.7090
vn 0.9192 -0.2127 -0.3313
vn 0.9158 -0.0200 -0.4011
vn 0.8496 0.0765 -0.5219
vn 0.2674 -0.3228 -0.9079
vn 0.8303 0.1366 -0.5403
vn 0.3416 -0.2787 -0.8976
vn -0.1464 -0.5023 -0.8522
vn -0.2017 -0.4819 -0.8527
vn -0.4395 -0.6183 -0.6516
vn -0.4686 -0.5835 -0.6633
vn -0.6611 -0.6654 -0.3467
vn -0.6784 -0.6380 -0.3644
vn -0.6931 -0.6194 -0.3686
vn -0.6903 -0.6347 -0.3473
vn -0.8106 -0.5795 0.0841
vn -0.8051 -0.5874 0.0817
vn -0.7718 -0.6332 0.0573
vn -0.7036 -0.7086 0.0532
vn -0.6727 -0.6744 -0.3045
vn -0.6930 -0.3518 0.6293
vn -0.6240 -0.4660 0.6273
vn -0.5490 -0.5839 0.5980
vn -0.4949 -0.6447 0.5826
vn -0.6492 -0.7595 0.0402
vn -0.3842 -0.2301 0.8941
vn -0.3128 -0.3284 0.8912
vn -0.2590 -0.3665 0.8937
vn -0.1757 -0.4031 0.8981
vn -0.3999 -0.6815 0.6130
vn 0.0734 0.0961 0.9927
vn 0.0572 0.0094 0.9983
vn 0.0729 -0.0711 0.9948
vn 0.1210 -0.0946 0.9881
vn -0.0870 -0.3895 0.9169
vn 0.4130 0.4077 0.8144
vn 0.3847 0.3204 0.8656
vn 0.4088 0.2876 0.8661
vn 0.4460 0.3130 0.8386
vn 0.1725 -0.0437 0.9840
vn 0.5751 0.5662 0.5905
vn 0.5920 0.5529 0.5864
vn 0.6184 0.5716 0.5394
vn 0.6475 0.5420 0.5358
vn 0.4633 0.3090 0.8306
vn 0.6505 0.7278 0.2173
vn 0.6707 0.7322 0.1189
vn 0.7174 0.6903 0.0938
vn 0.7837 0.6135 0.0972
vn 0.6876 0.4766 0.5479
vn 0.5317 0.7312 -0.4273
vn 0.5702 0.6765 -0.4660
vn 0.6399 0.5939 -0.4877
vn 0.7182 0.4840 -0.5000
vn 0.8614 0.4985 0.0978
vn 0.2471 0.4800 -0.8418
vn 0.2896 0.3941 -0.8722
vn 0.3386 0.3137 -0.8871
vn 0.3692 0.2460 -0.8962
vn 0.7803 0.3470 -0.5204
vn 0.0491 0.2370 -0.9703
vn 0.0586 0.1838 -0.9812
vn 0.0420 0.1584 -0.9865
vn 0.0220 0.1416 -0.9897
vn 0.3742 0.1874 -0.9082
vn -0.1455 0.0873 -0.9855
vn -0.1555 0.1042 -0.9823
vn -0.1797 0.1224 -0.9761
vn -0.2181 0.1241 -0.9680
vn 0.0005 0.1373 -0.9905
vn -0.4978 -0.0603 -0.8652
vn -0.4667 0.0321 -0.8838
vn -0.4456 0.0694 -0.8925
vn -0.4300 0.0534 -0.9012
vn -0.2468 0.0923 -0.9646
vn -0.7404 -0.1446 -0.6564
vn -0.6782 -0.0815 -0.7303
vn -0.5924 -0.0524 -0.8039
vn -0.5186 -0.0187 -0.8548
vn -0.4252 0.0278 -0.9047
vn -0.7220 -0.1826 -0.6674
vn -0.6716 -0.1573 -0.7240
vn -0.6070 -0.1168 -0.7860
vn -0.5505 -0.0543 -0.8330
vn -0.4804 0.0283 -0.8766
vn -0.6570 -0.1869 -0.7304
vn -0.6332 -0.1811 -0.7525
vn -0.6194 -0.1494 -0.7707
vn -0.5948 -0.0925 -0.7985
vn -0.5124 0.0054 -0.8587
vn -0.7122 -0.2395 -0.6599
vn -0.7477 -0.2565 -0.6125
vn -0.7787 -0.2481 -0.5763
vn -0.7947 -0.2498 -0.5532
vn -0.5366 -0.0583 -0.8418
vn -0.8598 -0.4689 0.2021
vn -0.8750 -0.3377 -0.3469
vn -0.9097 -0.3620 -0.2034
vn -0.9199 -0.3919 -0.0145
vn -0.8103 -0.2922 -0.5080
vn 0.0524 -0.1272 0.9905
vn -0.1682 -0.2636 0.9498
vn 0.0776 -0.1451 0.9864
vn 0.1808 -0.0649 0.9814
vn 0.1638 -0.0126 0.9864
vn 0.3476 -0.0165 0.9375
vn 0.3255 -0.0260 0.9452
vn 0.3080 -0.0190 0.9512
vn 0.2881 -0.0641 0.9555
vn 0.0933 -0.0115 0.9956
vn 0.0945 -0.0648 0.9934
vn 0.0911 -0.1102 0.9897
vn 0.0295 -0.1104 0.9935
vn -0.0666 -0.0440 0.9968
vn -0.0747 -0.1128 0.9908
vn -0.0916 -0.1474 0.9848
vn -0.1129 -0.1228 0.9860
vn -0.0577 -0.0782 0.9953
vn 0.1299 -0.1629 0.9781
vn 0.1083 -0.2181 0.9699
vn 0.1105 -0.2108 0.9713
vn 0.1221 -0.1794 0.9762
vn -0.1301 -0.1017 0.9863
vn 0.3263 -0.2821 0.9022
vn 0.3303 -0.2635 0.9063
vn 0.3521 -0.2259 0.9083
vn 0.3585 -0.2017 0.9115
vn 0.1409 -0.1593 0.9771
vn 0.5504 -0.2823 0.7857
vn 0.5869 -0.2505 0.7699
vn 0.6077 -0.2397 0.7571
vn 0.5922 -0.2399 0.7693
vn 0.3498 -0.1842 0.9186
vn 0.9295 -0.2357 0.2837
vn 0.9346 -0.2414 0.2612
vn 0.9157 -0.2710 0.2967
vn 0.9125 -0.3048 0.2728
vn 0.5867 -0.2534 0.7691
vn 0.8692 -0.1308 -0.4768
vn 0.8737 -0.1729 -0.4547
vn 0.8508 -0.1827 -0.4927
vn 0.8298 -0.1685 -0.5321
vn 0.9256 -0.3118 0.2148
vn 0.5122 -0.0329 -0.8583
vn 0.5038 -0.0308 -0.8633
vn 0.5144 -0.0343 -0.8569
vn 0.5422 -0.0578 -0.8382
vn 0.8262 -0.1759 -0.5352
vn 0.2754 0.0306 -0.9608
vn 0.2984 0.0229 -0.9542
vn 0.3153 0.0149 -0.9489
vn 0.3215 0.0287 -0.9465
vn 0.5661 -0.0738 -0.8210
vn -0.0095 0.1178 -0.9930
vn -0.0000 0.1305 -0.9914
vn 0.0094 0.1523 -0.9883
vn 0.0318 0.1712 -0.9847
vn 0.3272 0.0594 -0.9431
vn -0.2207 0.1951 -0.9556
vn -0.1904 0.2066 -0.9597
vn -0.1584 0.2068 -0.9655
vn -0.1176 0.2025 -0.9722
vn 0.0611 0.1789 -0.9820
vn -0.2472 0.2007 -0.9480
vn -0.2302 0.2031 -0.9517
vn -0.2163 0.2034 -0.9549
vn -0.2007 0.2160 -0.9555
vn -0.0729 0.1995 -0.9772
vn -0.2329 0.1959 -0.9526
vn -0.2347 0.2084 -0.9495
vn -0.2376 0.2259 -0.9447
vn -0.2328 0.2344 -0.9439
vn -0.1798 0.2325 -0.9558
vn -0.1703 0.2045 -0.9639
vn -0.1877 0.2245 -0.9562
vn -0.1992 0.2148 -0.9561
vn -0.1908 0.1997 -0.9611
vn -0.2128 0.2341 -0.9486
vn -0.0939 0.2182 -0.9714
vn -0.1279 0.1974 -0.9719
vn -0.1551 0.1887 -0.9697
vn -0.1764 0.1726 -0.9691
vn -0.1769 0.2322 -0.9564
vn -0.2298 0.2397 -0.9433
vn -0.4859 0.3155 -0.8151
vn -0.5546 0.3155 -0.7700
vn -0.9552 0.2874 -0.0710
vn -0.9638 0.2493 0.0949
vn -0.5542 -0.0365 0.8316
vn -0.4017 -0.0609 0.9137
vn -0.0927 -0.1824 0.9788
vn -0.5991 0.0433 0.7995
vn -0.1469 -0.1424 0.9789
vn -0.0453 -0.1699 0.9844
vn -0.0052 -0.1697 0.9855
vn -0.0304 -0.1765 0.9838
vn -0.0118 -0.1395 0.9902
vn 0.0432 -0.0999 0.9941
vn 0.0864 -0.0902 0.9922
vn -0.0238 -0.1121 0.9934
vn 0.0455 -0.0508 0.9977
vn 0.0540 -0.0633 0.9965
vn -0.0170 -0.0021 0.9999
vn -0.0594 -0.0088 0.9982
vn -0.1278 -0.0630 0.9898
vn -0.1387 -0.0409 0.9895
vn -0.1353 0.0001 0.9908
vn -0.1840 -0.0373 0.9822
vn -0.1691 -0.0207 0.9854
vn -0.1326 0.0115 0.9911
vn -0.1199 -0.0208 0.9926
vn -0.1174 -0.0902 0.9890
vn -0.1051 -0.0728 0.9918
vn -0.0893 -0.0343 0.9954
vn -0.1051 0.0013 0.9945
vn -0.1070 0.0276 0.9939
vn 0.0108 -0.1586 0.9873
vn 0.0156 -0.1508 0.9884
vn -0.0179 -0.1443 0.9894
vn -0.0937 -0.1438 0.9852
vn -0.1711 -0.0074 0.9852
vn 0.2389 -0.3163 0.9181
vn 0.2314 -0.3698 0.8998
vn 0.1894 -0.4186 0.8882
vn 0.1187 -0.4348 0.8927
vn 0.5509 -0.5663 0.6130
vn 0.5266 -0.6236 0.5777
vn 0.4830 -0.6727 0.5604
vn 0.4136 -0.7394 0.5313
vn 0.0365 -0.4454 0.8946
vn 0.7582 -0.6517 -0.0192
vn 0.7251 -0.6884 -0.0177
vn 0.6683 -0.7419 -0.0544
vn 0.6014 -0.7901 -0.1186
vn 0.3605 -0.7948 0.4882
vn 0.6525 -0.4028 -0.6419
vn 0.6343 -0.4412 -0.6348
vn 0.5874 -0.5027 -0.6342
vn 0.5583 -0.5387 -0.6309
vn 0.5815 -0.8031 -0.1298
vn 0.4532 -0.1596 -0.8770
vn 0.4396 -0.2201 -0.8708
vn 0.4437 -0.2737 -0.8534
vn 0.4781 -0.2996 -0.8256
vn 0.5524 -0.5470 -0.6290
vn 0.2422 0.0899 -0.9660
vn 0.3201 0.0567 -0.9457
vn 0.4223 0.0460 -0.9053
vn 0.5206 -0.2991 -0.7997
vn 0.0197 0.4880 -0.8726
vn 0.0494 0.5608 -0.8265
vn 0.1582 0.6064 -0.7793
vn 0.2847 0.6094 -0.7400
vn 0.4937 0.0483 -0.8683
vn -0.2052 0.9086 -0.3638
vn -0.1390 0.9447 -0.2970
vn -0.0232 0.9623 -0.2709
vn 0.1970 0.9652 -0.1719
vn -0.3364 0.8841 0.3245
vn -0.2644 0.9132 0.3101
vn -0.1006 0.9290 0.3563
vn 0.4033 0.7318 0.5493
vn -0.3751 0.6379 0.6726
vn -0.3939 0.5734 0.7184
vn -0.3986 0.3340 0.8541
vn -0.4058 0.3825 0.8301
vn -0.3433 0.0376 0.9385
vn -0.3237 0.0023 0.9462
vn -0.0953 -0.5102 0.8548
vn -0.0547 -0.5469 0.8354
vn 0.2199 -0.8708 0.4398
vn 0.2532 -0.8791 0.4039
vn 0.4465 -0.7636 0.4664
vn 0.7468 -0.1149 0.6551
vn 0.5083 -0.8411 -0.1849
vn 0.4757 -0.8707 -0.1253
vn 0.5577 -0.5353 -0.6344
vn 0.5824 -0.5239 -0.6215
vn 0.5542 -0.2987 -0.7769
vn 0.5343 -0.8408 -0.0873
vn 0.3210 -0.8057 0.4978
vn 0.3819 -0.7879 0.4831
vn -0.0192 -0.4400 0.8978
vn 0.0249 -0.4475 0.8939
vn -0.0089 -0.4588 0.8885
vn -0.2636 -0.0187 0.9644
vn -0.2860 0.0291 0.9578
vn -0.3541 0.2696 0.8955
vn -0.3446 0.2037 0.9164
vn -0.3893 0.5256 0.7565
vn -0.4002 0.4967 0.7702
vn -0.3776 0.8697 0.3179
vn -0.4003 0.8761 0.2687
vn -0.3142 0.9147 0.2541
vn -0.2078 0.8562 -0.4730
vn -0.0765 0.7901 -0.6082
vn 0.0236 0.9435 0.3304
vn 0.5442 0.7456 0.3846
vn 0.8550 0.4597 0.2401
vn 0.3497 -0.0099 0.9368
vn 0.5521 0.5186 -0.6529
vn 0.5855 0.3932 -0.7089
vn 0.9512 0.2914 0.1017
vn 0.9974 0.0674 0.0270
vn 0.5762 -0.2532 0.7771
vn 0.4446 -0.0995 0.8902
vn 0.6339 0.2997 -0.7130
vn 0.6799 0.2592 -0.6859
vn 0.9954 -0.0948 -0.0157
vn 0.2456 0.4149 -0.8761
vn 0.2787 0.4422 -0.8525
vn 0.7324 0.2227 -0.6434
vn 0.0074 0.4677 -0.8839
vn 0.0290 0.5164 -0.8559
vn 0.0694 0.5705 -0.8184
vn 0.3092 0.4653 -0.8294
vn -0.0374 0.4733 -0.8801
vn 0.0020 0.5191 -0.8547
vn 0.0469 0.5822 -0.8117
vn -0.0951 0.5629 -0.8210
vn -0.0321 0.6421 -0.7659
vn 0.0320 0.7010 -0.7124
vn -0.3154 0.7932 -0.5209
vn -0.1798 0.8697 -0.4597
vn -0.0118 0.9360 -0.3517
vn -0.4776 0.8550 0.2021
vn -0.1494 0.9463 0.2866
vn 0.4457 0.8428 0.3017
vn 0.9792 0.1911 0.0682
vn -0.2118 0.5211 0.8268
vn -0.4945 0.3638 0.7894
vn -0.6866 0.7094 0.1594
vn -0.6347 0.1876 0.7497
vn -0.3876 -0.2023 0.8994
vn -0.6781 0.0282 0.7344
vn -0.4168 -0.2507 0.8737
vn -0.1979 -0.3830 0.9023
vn -0.1712 -0.3895 0.9050
vn 0.0096 -0.4487 0.8936
vn 0.0248 -0.4811 0.8763
vn 0.2668 -0.4757 0.8382
vn 0.2612 -0.5332 0.8047
vn 0.2769 -0.6365 0.7199
vn 0.6163 -0.5248 0.5871
vn 0.6173 -0.6445 0.4512
vn 0.9606 -0.2781 0.0034
vn 0.9042 -0.4162 -0.0962
vn 0.9050 -0.3995 -0.1462
vn 0.7815 0.0298 -0.6232
vn 0.7681 0.1574 -0.6207
vn 0.4027 0.4155 -0.8156
vn 0.9850 -0.1723 0.0099
vn 0.6333 -0.4402 0.6365
vn 0.6374 -0.3893 0.6650
vn 0.2453 -0.4519 0.8577
vn 0.1607 -0.3779 0.9118
vn -0.0071 -0.4378 0.8991
vn -0.0186 -0.4029 0.9151
vn -0.2142 -0.3754 0.9018
vn -0.1881 -0.3591 0.9141
vn -0.3937 -0.2738 0.8775
vn -0.3334 -0.2805 0.9001
vn -0.2820 -0.2772 0.9185
vn -0.5761 -0.1213 0.8084
vn -0.4989 -0.1100 0.8596
vn -0.3901 -0.0548 0.9191
vn -0.2305 -0.2452 0.9417
vn -0.2152 -0.0174 0.9764
vn -0.1299 -0.1954 0.9721
vn -0.1222 -0.1802 0.9760
vn -0.1022 -0.1231 0.9871
vn -0.0850 -0.0465 0.9953
vn -0.1499 -0.0373 0.9880
vn -0.0627 -0.0007 0.9980
vn -0.4847 0.7146 0.5044
vn -0.2733 0.7716 0.5743
vn 0.1145 0.7449 0.6573
vn 0.0762 -0.0077 0.9971
vn -0.1452 0.7671 -0.6249
vn 0.1278 0.7758 -0.6179
vn -0.0145 0.3376 -0.9412
vn 0.0688 0.2934 -0.9535
vn 0.0193 0.2151 -0.9764
vn -0.0427 0.2113 -0.9765
vn -0.0271 0.1639 -0.9861
vn -0.0893 0.1851 -0.9786
vn -0.0953 0.1415 -0.9853
vn -0.2090 0.1906 -0.9592
vn -0.1813 0.1979 -0.9633
vn -0.3896 0.3349 -0.8579
vn -0.4205 0.3015 -0.8557
vn -0.6745 0.6037 -0.4250
vn -0.7796 0.4586 -0.4265
vn -0.8943 0.1750 -0.4119
vn -0.8661 -0.0162 -0.4996
vn -0.7857 0.3646 0.4997
vn -0.9142 -0.0055 0.4052
vn -0.9238 -0.2146 0.3172
vn -0.8854 -0.3488 0.3074
vn -0.8430 -0.1578 -0.5142
vn -0.3513 0.0561 0.9346
vn -0.6313 0.5939 0.4987
vn -0.1989 0.2078 0.9577
vn 0.0176 -0.0080 0.9998
vn -0.0942 -0.0929 0.9912
vn -0.1447 0.1536 -0.9775
vn -0.1475 0.2074 -0.9671
vn -0.1822 0.2196 -0.9584
vn -0.0777 0.2206 -0.9723
vn -0.1175 0.2396 -0.9637
vn -0.1508 0.2439 -0.9580
vn 0.0247 0.2101 -0.9774
vn -0.0035 0.2128 -0.9771
vn -0.0357 0.2037 -0.9784
vn 0.1179 0.1779 -0.9770
vn 0.0996 0.1693 -0.9805
vn 0.0833 0.1737 -0.9813
vn 0.3021 0.0714 -0.9506
vn 0.3138 0.0753 -0.9465
vn 0.3258 0.0809 -0.9420
vn 0.5708 -0.0757 -0.8176
vn 0.5872 -0.0582 -0.8073
vn 0.5785 -0.0697 -0.8127
vn 0.8253 -0.2468 -0.5079
vn 0.8370 -0.2352 -0.4941
vn 0.8432 -0.2037 -0.4975
vn 0.8898 -0.4026 0.2146
vn 0.9086 -0.3441 0.2367
vn 0.9244 -0.3199 0.2077
vn 0.5321 -0.3264 0.7812
vn 0.5543 -0.2886 0.7807
vn 0.5777 -0.2665 0.7715
vn 0.2878 -0.2189 0.9323
vn 0.3123 -0.1796 0.9328
vn 0.3342 -0.1724 0.9266
vn 0.1609 -0.1339 0.9779
vn 0.1604 -0.1154 0.9803
vn 0.1571 -0.1317 0.9788
vn -0.1279 -0.0434 0.9908
vn -0.1308 -0.0576 0.9897
vn -0.1388 -0.0910 0.9861
vn -0.1949 -0.0389 0.9801
vn -0.1772 -0.0560 0.9826
vn -0.1270 -0.0602 0.9901
vn -0.0062 -0.0791 0.9969
vn 0.0313 -0.0508 0.9982
vn 0.0628 -0.0933 0.9937
vn 0.0891 -0.0296 0.9956
vn 0.0480 -0.0884 0.9949
vn 0.0763 -0.0092 0.9970
vn 0.0245 -0.0698 0.9973
vn 0.0609 0.0070 0.9981
vn 0.0788 0.0561 0.9953
vn -0.1102 0.0110 0.9938
vn -0.1033 0.0902 0.9906
vn -0.6457 -0.0197 0.7633
vn -0.5970 0.1495 0.7882
vn -0.9875 -0.0688 -0.1417
vn -0.9869 0.1263 -0.1008
vn -0.8309 0.5265 -0.1801
vn -0.5977 -0.0080 -0.8017
vn -0.5494 0.1252 -0.8261
vn -0.3763 -0.0473 -0.9253
vn -0.3852 -0.0280 -0.9224
vn -0.3273 -0.0416 -0.9440
vn -0.2378 -0.0164 -0.9712
vn -0.5686 -0.0661 -0.8200
vn -0.4914 0.0456 -0.8698
vn -0.2729 0.0467 -0.9609
vn -0.9654 0.0407 -0.2574
vn -0.9437 0.1902 -0.2706
vn -0.4532 0.2092 -0.8665
vn -0.7043 -0.0000 0.7099
vn -0.7129 -0.0264 0.7008
vn -0.7084 -0.0254 0.7053
vn -0.9373 0.2656 -0.2258
vn -0.1477 -0.0386 0.9883
vn -0.1985 -0.1685 0.9655
vn -0.1790 -0.2017 0.9629
vn -0.0435 -0.0678 0.9968
vn -0.6100 0.1038 0.7856
vn 0.0109 -0.1990 0.9799
vn 0.0535 -0.2280 0.9722
vn 0.1069 -0.1019 0.9890
vn 0.1134 -0.0509 0.9922
vn 0.0523 -0.0387 0.9979
vn 0.1109 -0.2031 0.9729
vn 0.1218 -0.1405 0.9826
vn 0.0833 -0.0700 0.9941
vn 0.0194 -0.1450 0.9892
vn 0.0680 -0.1408 0.9877
vn 0.0640 -0.1609 0.9849
vn 0.0364 -0.1132 0.9929
vn -0.0109 -0.1526 0.9882
vn -0.0285 -0.1980 0.9798
vn -0.0174 -0.2037 0.9789
vn 0.0033 -0.1389 0.9903
vn -0.0087 -0.1598 0.9871
vn -0.0183 -0.1984 0.9799
vn -0.0401 -0.2299 0.9724
vn -0.0440 -0.2015 0.9785
vn -0.1238 -0.0978 0.9875
vn -0.0875 -0.1396 0.9863
vn -0.0647 -0.2130 0.9749
vn -0.0695 -0.2235 0.9722
vn -0.0535 -0.1968 0.9790
vn -0.0865 -0.1007 0.9912
vn -0.0850 -0.1639 0.9828
vn -0.0807 -0.2285 0.9702
vn -0.0574 -0.1895 0.9802
vn -0.0780 -0.1294 0.9885
vn 0.0352 -0.2014 0.9789
vn 0.0161 -0.2489 0.9684
vn 0.0246 -0.2502 0.9679
vn 0.0169 -0.2170 0.9760
vn -0.0502 -0.1092 0.9927
vn 0.1860 -0.3187 0.9294
vn 0.1587 -0.3292 0.9308
vn 0.1472 -0.3258 0.9339
vn 0.1633 -0.3039 0.9386
vn -0.0085 -0.1927 0.9812
vn 0.5173 -0.4688 0.7160
vn 0.5006 -0.4933 0.7114
vn 0.5447 -0.4548 0.7046
vn 0.5756 -0.4428 0.6874
vn 0.1942 -0.2761 0.9413
vn 0.8416 -0.5332 0.0865
vn 0.8727 -0.4824 0.0750
vn 0.8750 -0.4830 0.0335
vn 0.8399 -0.5427 -0.0010
vn 0.5911 -0.4804 0.6479
vn 0.7701 -0.2847 -0.5708
vn 0.7435 -0.2926 -0.6013
vn 0.7066 -0.3442 -0.6182
vn 0.6708 -0.3709 -0.6422
vn 0.8132 -0.5820 -0.0013
vn 0.5024 -0.1020 -0.8586
vn 0.4718 -0.1282 -0.8723
vn 0.4410 -0.1441 -0.8859
vn 0.4309 -0.1412 -0.8913
vn 0.6542 -0.3741 -0.6573
vn 0.2532 0.0542 -0.9659
vn 0.2323 0.0437 -0.9717
vn 0.2299 0.0454 -0.9722
vn 0.2427 0.0668 -0.9678
vn 0.4327 -0.1382 -0.8909
vn 0.1037 0.1508 -0.9831
vn 0.1083 0.1454 -0.9834
vn 0.1400 0.1678 -0.9758
vn 0.0861 0.1603 -0.9833
vn 0.1150 0.1921 -0.9746
vn 0.0820 0.1628 -0.9832
vn 0.1180 0.1642 -0.9793
vn 0.0749 0.1829 -0.9803
vn 0.1239 0.1647 -0.9785
vn 0.0483 0.1937 -0.9799
vn 0.1273 0.1766 -0.9760
vn 0.2745 0.0649 -0.9594
vn 0.2950 0.0803 -0.9521
vn 0.3026 0.0802 -0.9497
vn 0.5285 -0.0848 -0.8447
vn 0.5424 -0.0829 -0.8360
vn 0.5491 -0.0868 -0.8313
vn 0.7718 -0.3045 -0.5583
vn 0.7820 -0.2781 -0.5578
vn 0.8069 -0.2488 -0.5357
vn 0.8713 -0.4841 0.0799
vn 0.8878 -0.4421 0.1281
vn 0.8769 -0.4498 0.1696
vn 0.5194 -0.4286 0.7393
vn 0.5115 -0.4127 0.7537
vn 0.5221 -0.3726 0.7672
vn 0.2160 -0.2928 0.9315
vn 0.2401 -0.2789 0.9298
vn 0.2636 -0.2636 0.9279
vn 0.0735 -0.1818 0.9806
vn 0.1140 -0.1875 0.9756
vn 0.1487 -0.1680 0.9745
vn -0.0919 -0.0910 0.9916
vn -0.0921 -0.0860 0.9920
vn -0.1101 -0.0724 0.9913
vn -0.1487 -0.0819 0.9855
vn -0.1699 -0.0825 0.9820
vn -0.1845 -0.0521 0.9814
vn 0.0037 -0.1526 0.9883
vn 0.0019 -0.1293 0.9916
vn -0.0058 -0.1000 0.9950
vn 0.0684 -0.1637 0.9841
vn 0.0615 -0.1351 0.9889
vn 0.0636 -0.1690 0.9836
vn 0.4480 -0.1319 -0.8842
vn 0.6483 -0.3864 -0.6561
vn 0.7860 -0.6181 -0.0118
vn 0.5752 -0.5103 0.6393
vn 0.2242 -0.2833 0.9325
vn -0.0051 -0.1675 0.9859
vn -0.0919 -0.0873 0.9919
vn -0.0817 -0.0129 0.9966
vn -0.0404 -0.1024 0.9939
vn -0.0572 -0.1759 0.9827
vn -0.0232 -0.1895 0.9816
vn -0.0383 -0.1690 0.9849
vn 0.0027 -0.1876 0.9822
vn -0.1509 -0.1053 0.9829
vn -0.0795 -0.1046 0.9913
vn 0.0215 -0.0949 0.9953
vn -0.5651 0.1631 0.8087
vn -0.5277 0.1445 0.8371
vn -0.5183 0.1379 0.8440
vn -0.9174 0.3492 -0.1911
vn -0.9316 0.3178 -0.1765
vn -0.9280 0.3202 -0.1908
vn -0.5338 0.2473 -0.8086
vn -0.5430 0.2956 -0.7860
vn -0.4971 0.2935 -0.8165
vn -0.3160 0.2410 -0.9176
vn -0.2937 0.2352 -0.9265
vn -0.2596 0.1776 -0.9493
vn -0.1401 0.1799 -0.9736
vn -0.1434 0.1525 -0.9779
vn -0.1811 0.0591 -0.9817
vn -0.0715 0.1300 -0.9889
vn -0.0871 0.0723 -0.9936
vn -0.1355 0.0096 -0.9907
vn -0.1241 0.0867 -0.9885
vn -0.1488 0.0634 -0.9868
vn -0.2763 0.1143 -0.9542
vn -0.2969 0.1357 -0.9452
vn -0.3338 0.1440 -0.9316
vn -0.3270 0.1659 -0.9304
vn -0.3334 0.1776 -0.9259
vn -0.3472 0.2101 -0.9140
vn -0.3734 0.1642 -0.9130
vn -0.3543 0.2155 -0.9100
vn -0.4169 0.1842 -0.8901
vn -0.3530 0.1041 -0.9298
vn -0.4515 0.1526 -0.8791
vn -0.4201 0.1083 -0.9010
vn -0.4664 0.0289 -0.8841
vn -0.3906 0.0130 -0.9205
vn -0.4617 -0.0722 -0.8841
vn -0.8475 -0.3168 -0.4259
vn -0.8479 -0.3696 -0.3801
vn -0.4811 -0.2428 0.8424
vn -0.3463 -0.2792 0.8956
vn -0.4600 0.0781 -0.8845
vn -0.4601 0.0900 -0.8833
vn -0.4446 0.0404 -0.8948
vn -0.3340 0.0680 -0.9401
vn -0.3119 0.0137 -0.9500
vn -0.2766 0.0295 -0.9605
vn -0.0357 0.0004 -0.9994
vn -0.0318 0.0378 -0.9988
vn -0.0217 0.1086 -0.9939
vn 0.3048 0.0448 -0.9514
vn 0.3318 0.1116 -0.9367
vn 0.3526 0.1531 -0.9232
vn 0.7746 0.0760 -0.6279
vn 0.7863 0.1407 -0.6016
vn 0.7988 0.2284 -0.5565
vn 0.9960 0.0889 0.0030
vn 0.9769 0.2101 0.0391
vn 0.9365 0.3409 0.0821
vn 0.8457 0.1554 0.5105
vn 0.7993 0.2604 0.5416
vn 0.7412 0.3836 0.5508
vn 0.5982 0.1686 0.7834
vn 0.5368 0.2265 0.8127
vn 0.4882 0.2691 0.8302
vn 0.2070 -0.0009 0.9783
vn 0.0638 -0.2285 0.9715
vn -0.0059 -0.3106 0.9505
vn -0.1917 -0.6242 0.7574
vn -0.2616 -0.6624 0.7020
vn -0.3218 -0.6805 0.6583
vn -0.5738 -0.8169 -0.0585
vn -0.5711 -0.8196 0.0459
vn -0.5988 -0.7988 0.0583
vn -0.6167 -0.6962 -0.3674
vn -0.6331 -0.7018 -0.3266
vn -0.6533 -0.6939 -0.3028
vn -0.6329 -0.6722 -0.3842
vn -0.6187 -0.6453 -0.4481
vn -0.5860 -0.6012 -0.5433
vn -0.4512 -0.4207 -0.7871
vn -0.5322 -0.4839 -0.6947
vn -0.2706 -0.0873 -0.9587
vn -0.2313 -0.0991 -0.9678
vn -0.0505 0.2456 -0.9680
vn -0.0787 0.2186 -0.9726
vn 0.2242 0.6040 -0.7648
vn 0.1444 0.6238 -0.7681
vn -0.0549 0.6816 -0.7296
vn 0.4427 0.8609 -0.2510
vn -0.3723 0.7527 -0.5430
vn -0.6453 0.7268 -0.2352
vn 0.4986 0.8091 -0.3111
vn 0.6285 0.7319 0.2633
vn 0.5936 0.7464 0.3009
vn 0.5753 0.5950 0.5612
vn 0.4709 0.4755 0.7430
vn 0.0895 0.2022 0.9752
vn -0.4426 -0.0953 0.8916
vn 0.0969 0.3149 0.9442
vn -0.4599 0.0158 0.8878
vn 0.1159 0.4127 0.9035
vn -0.4516 0.0269 0.8918
vn 0.1490 0.4558 0.8775
vn 0.5408 0.6131 0.5759
vn 0.1647 0.4538 0.8758
vn 0.5150 0.6383 0.5722
vn 0.6047 0.6659 0.4368
vn 0.6273 0.6272 0.4617
vn 0.8233 0.5650 0.0535
vn 0.8501 0.5152 0.1089
vn 0.8301 0.2097 -0.5167
vn 0.7965 0.6042 -0.0228
vn 0.8066 0.2722 -0.5247
vn 0.4930 -0.1621 -0.8548
vn 0.4475 -0.2260 -0.8653
vn -0.0220 -0.5168 -0.8558
vn -0.0763 -0.5293 -0.8450
vn -0.3991 -0.6661 -0.6301
vn -0.4138 -0.6550 -0.6323
vn -0.6273 -0.7080 -0.3244
vn -0.6407 -0.6888 -0.3393
vn -0.7591 -0.6281 0.1712
vn -0.7854 -0.6060 0.1261
vn -0.7987 -0.5938 0.0971
vn -0.6948 -0.3608 0.6222
vn -0.7417 -0.3401 0.5781
vn -0.7382 -0.3097 0.5993
vn -0.3932 -0.0081 0.9194
vn -0.6851 -0.3500 0.6388
vn -0.4216 0.0401 0.9059
vn 0.1410 0.5011 0.8538
vn -0.4248 0.0718 0.9024
vn 0.1396 0.5581 0.8179
vn 0.4130 0.6939 0.5898
vn 0.4677 0.6672 0.5798
vn 0.5465 0.7346 0.4021
vn 0.5758 0.7048 0.4144
vn 0.7807 0.6199 -0.0796
vn 0.5139 0.7581 0.4014
vn 0.7450 0.6610 -0.0891
vn 0.7536 0.3903 -0.5289
vn 0.7809 0.3147 -0.5396
vn 0.5362 0.0089 -0.8440
vn 0.5061 -0.0834 -0.8584
vn 0.0718 -0.4479 -0.8912
vn 0.0179 -0.4768 -0.8789
vn -0.3246 -0.6777 -0.6598
vn -0.3728 -0.6669 -0.6452
vn -0.6009 -0.7578 -0.2543
vn -0.6114 -0.7393 -0.2821
vn -0.7135 -0.6633 0.2257
vn -0.7161 -0.6666 0.2071
vn -0.6699 -0.4210 0.6116
vn -0.6805 -0.3914 0.6195
vn -0.3746 0.0655 0.9249
vn -0.6383 -0.4318 0.6372
vn -0.3560 0.0389 0.9337
vn 0.0975 0.5467 0.8316
vn 0.1381 0.5652 0.8133
vn 0.3206 0.7284 0.6055
vn 0.3679 0.7127 0.5973
vn 0.4756 0.7834 0.4001
vn 0.2919 0.7249 0.6239
vn 0.4599 0.7931 0.3994
vn 0.6743 0.7354 -0.0668
vn 0.7009 0.7076 -0.0903
vn 0.6972 0.5093 -0.5045
vn 0.7187 0.4601 -0.5212
vn 0.5220 0.1366 -0.8419
vn 0.5416 0.0788 -0.8369
vn 0.1149 -0.3737 -0.9204
vn 0.1118 -0.4186 -0.9013
vn -0.2770 -0.6806 -0.6782
vn -0.2517 -0.6724 -0.6961
vn -0.5582 -0.7830 -0.2745
vn -0.5838 -0.7707 -0.2556
vn -0.6965 -0.6739 0.2463
vn -0.7032 -0.6648 0.2523
vn -0.6385 -0.4392 0.6320
vn -0.6670 -0.7034 0.2455
vn -0.6055 -0.4832 0.6323
vn -0.3693 -0.0740 0.9264
vn -0.3719 -0.0075 0.9282
vn 0.0454 0.4508 0.8915
vn 0.0604 0.5061 0.8604
vn 0.2956 0.6889 0.6619
vn 0.0139 0.3903 0.9206
vn 0.2813 0.6390 0.7160
vn 0.4795 0.7677 0.4252
vn 0.4757 0.7817 0.4034
vn 0.6554 0.7547 -0.0281
vn 0.6643 0.7456 -0.0516
vn 0.6764 0.5728 -0.4630
vn 0.6850 0.5417 -0.4873
vn 0.5091 0.2289 -0.8297
vn 0.5171 0.1885 -0.8349
vn 0.0953 -0.3073 -0.9468
vn 0.1076 -0.3384 -0.9348
vn -0.2705 -0.6419 -0.7175
vn -0.2499 -0.6598 -0.7087
vn -0.5356 -0.7891 -0.3007
vn -0.5317 -0.7923 -0.2994
vn -0.6393 -0.7085 0.2988
vn -0.5858 -0.7784 -0.2259
vn -0.6668 -0.6468 0.3703
vn -0.6023 -0.4675 0.6471
vn -0.5734 -0.5060 0.6444
vn -0.3758 -0.1263 0.9181
vn -0.3785 -0.1167 0.9182
vn 0.0107 0.3255 0.9455
vn -0.2832 -0.1091 0.9528
vn 0.0609 0.2653 0.9622
vn 0.2715 0.5101 0.8161
vn 0.2414 0.5697 0.7856
vn 0.5135 0.7200 0.4669
vn 0.4676 0.7474 0.4719
vn 0.6606 0.7499 -0.0339
vn 0.6465 0.7629 -0.0048
vn 0.6455 0.6134 -0.4551
vn 0.6594 0.6053 -0.4459
vn 0.4589 0.3164 -0.8302
vn 0.4788 0.2685 -0.8359
vn -0.0133 -0.2272 -0.9738
vn 0.0421 -0.2790 -0.9594
vn -0.3766 -0.6010 -0.7049
vn -0.3206 -0.6273 -0.7098
vn -0.5948 -0.7625 -0.2545
vn -0.4177 -0.5157 -0.7481
vn -0.6385 -0.7019 -0.3155
vn -0.7076 -0.6528 0.2706
vn -0.6768 -0.6568 0.3324
vn -0.5425 -0.4153 0.7303
vn -0.5806 -0.4470 0.6805
vn -0.1840 -0.0728 0.9802
vn -0.4860 -0.3786 0.7877
vn -0.0807 -0.0370 0.9961
vn 0.1842 0.2148 0.9591
vn 0.1242 0.2230 0.9669
vn 0.4216 0.4998 0.7566
vn 0.3667 0.4967 0.7867
vn 0.5851 0.7226 0.3682
vn 0.5760 0.7151 0.3960
vn 0.6358 0.7466 -0.1958
vn 0.6624 0.7420 -0.1033
vn 0.5837 0.6046 -0.5419
vn 0.6235 0.6091 -0.4902
vn 0.4497 0.4139 -0.7915
vn 0.4462 0.3627 -0.8181
vn 0.0220 -0.0109 -0.9997
vn -0.0202 -0.1303 -0.9913
vn -0.4340 -0.4026 -0.8059
vn -0.7652 -0.5450 -0.3429
vn -0.7092 -0.6198 -0.3358
vn -0.7569 -0.5814 0.2984
vn -0.7455 -0.6181 0.2493
vn -0.4207 -0.3397 0.8412
vn -0.8206 -0.4377 0.3674
vn -0.4469 -0.2227 0.8665
vn -0.9185 -0.0019 0.3953
vn -0.5485 0.1329 0.8255
vn -0.8277 0.4416 0.3462
vn -0.5166 0.5321 0.6708
vn -0.0898 0.6364 0.7661
vn -0.6217 0.3627 0.6943
vn -0.1396 0.5714 0.8087
vn 0.2338 0.6634 0.7108
vn 0.2358 0.5976 0.7664
vn 0.5114 0.6102 0.6051
vn 0.5102 0.4063 0.7580
vn 0.8751 0.3503 0.3338
vn 0.8487 0.0494 0.5265
vn 0.9285 0.2352 -0.2874
vn 0.9571 -0.0329 -0.2878
vn 0.5474 0.4554 -0.7021
vn 0.4793 0.3459 -0.8066
vn 0.1741 0.6276 -0.7588
vn 0.1548 0.6619 -0.7334
vn -0.2230 0.5582 -0.7992
vn -0.1413 0.7340 -0.6642
vn -0.7044 0.4081 -0.5807
vn -0.5505 0.6790 -0.4858
vn -0.9524 0.2922 -0.0870
vn -0.8368 0.5399 -0.0910
vn -0.9736 0.1127 -0.1984
vn -0.8739 -0.3780 -0.3058
vn -0.8846 0.2788 0.3738
vn -0.9044 -0.4190 -0.0800
vn -0.8274 -0.4234 0.3690
vn -0.6172 -0.3302 0.7142
vn -0.1579 -0.9760 0.1501
vn -0.1423 -0.9737 0.1780
vn 0.0012 -0.9673 0.2535
vn -0.1612 -0.1829 0.9698
vn 0.1396 -0.9456 0.2938
vn 0.3144 0.0082 0.9493
vn 0.2355 -0.9246 0.2995
vn 0.6641 0.0330 0.7469
vn 0.3051 -0.9395 0.1557
vn 0.9248 -0.1837 0.3331
vn 0.1990 -0.9787 -0.0506
vn 0.8712 -0.3959 -0.2903
vn 0.0746 -0.9537 -0.2914
vn 0.5236 -0.2957 -0.7990
vn 0.0506 -0.9041 -0.4244
vn 0.1402 -0.1290 -0.9817
vn -0.0373 -0.9344 -0.3544
vn -0.2600 -0.2640 -0.9288
vn -0.1718 -0.9599 -0.2215
vn -0.6908 -0.3781 -0.6163
vn -0.2154 -0.9763 -0.0196
vn 0.2600 -0.9540 0.1493
vn 0.4225 -0.9047 0.0542
vn 0.4421 -0.8905 -0.1071
vn 0.1258 -0.9812 0.1464
vn 0.0152 -0.9936 0.1121
vn -0.2152 -0.9552 0.2032
vn -0.3420 -0.9247 0.1673
vn -0.3398 -0.9396 -0.0412
vn -0.2884 -0.9120 -0.2915
vn -0.1279 -0.8817 -0.4542
vn 0.0840 -0.8808 -0.4659
vn 0.2966 -0.8956 -0.3316
vn 0.5007 0.6151 -0.6091
vn 0.5888 0.7738 -0.2336
vn 0.4002 0.8829 -0.2455
vn 0.2707 0.6833 -0.6781
vn 0.0647 0.9826 -0.1744
vn -0.0734 0.7378 -0.6710
vn -0.1594 0.9845 -0.0729
vn -0.3084 0.7430 -0.5940
vn -0.3192 0.4364 -0.8412
vn -0.3878 0.7427 -0.5459
vn -0.4159 0.3470 -0.8406
vn -0.4034 0.7611 -0.5079
vn -0.4243 0.3294 -0.8435
vn -0.2680 -0.2717 -0.9243
vn -0.3976 0.3216 -0.8594
vn -0.2116 -0.2943 -0.9320
vn 0.0765 -0.8041 -0.5896
vn 0.0299 -0.8051 -0.5924
vn 0.3233 -0.9463 -0.0095
vn 0.2960 -0.9552 0.0040
vn 0.4541 -0.6756 0.5809
vn 0.4295 -0.6721 0.6032
vn 0.4010 -0.1155 0.9088
vn 0.3843 -0.0870 0.9191
vn 0.2230 0.4032 0.8875
vn 0.2258 0.4491 0.8645
vn 0.1904 0.4798 0.8565
vn 0.1785 0.5083 0.8425
vn 0.0134 0.8241 0.5663
vn 0.0027 0.8494 0.5277
vn 0.0341 0.8617 0.5062
vn 0.2061 0.8635 0.4604
vn -0.2216 0.9750 -0.0162
vn -0.2356 0.9713 0.0316
vn -0.0024 0.7895 0.6138
vn -0.2541 0.9636 0.0825
vn -0.4100 0.7746 -0.4815
vn -0.2855 0.9506 0.1217
vn -0.4001 0.7799 -0.4814
vn -0.3410 0.3256 -0.8818
vn -0.3951 0.7636 -0.5107
vn -0.2947 0.3328 -0.8958
vn -0.0893 -0.2142 -0.9727
vn -0.1472 -0.2654 -0.9528
vn 0.1633 -0.7010 -0.6942
vn 0.1213 -0.7656 -0.6318
vn 0.3618 -0.9187 -0.1586
vn 0.3447 -0.9360 -0.0715
vn 0.4368 -0.7597 0.4817
vn 0.4452 -0.7180 0.5351
vn 0.3245 -0.2330 0.9167
vn 0.3645 -0.1768 0.9143
vn 0.1128 0.3309 0.9369
vn 0.1772 0.3554 0.9178
vn -0.1097 0.7338 0.6705
vn -0.0490 0.7584 0.6499
vn -0.3276 0.9366 0.1246
vn -0.1588 0.6940 0.7023
vn -0.3616 0.9219 0.1387
vn -0.3879 0.7559 -0.5274
vn -0.4168 0.8803 0.2263
vn -0.4191 0.7666 -0.4864
vn -0.2365 0.3789 -0.8947
vn -0.2481 0.3480 -0.9041
vn 0.0316 -0.1075 -0.9937
vn -0.0230 -0.1611 -0.9867
vn 0.3254 -0.5794 -0.7473
vn 0.2270 -0.6378 -0.7359
vn 0.5096 -0.8301 -0.2264
vn 0.4075 -0.8878 -0.2138
vn 0.5020 -0.7414 0.4453
vn 0.4526 -0.7730 0.4446
vn 0.2767 -0.2760 0.9204
vn 0.3081 -0.2623 0.9145
vn 0.0073 0.2417 0.9703
vn 0.0699 0.2999 0.9514
vn -0.2227 0.6201 0.7522
vn -0.0773 0.1676 0.9828
vn -0.3519 0.5231 0.7763
vn -0.5412 0.7854 0.3005
vn -0.4929 0.4301 0.7563
vn -0.6917 0.6535 0.3073
vn -0.6626 0.6513 -0.3699
vn -0.5257 0.7414 -0.4169
vn -0.3279 0.3607 -0.8732
vn -0.2725 0.3911 -0.8791
vn 0.1135 -0.0142 -0.9934
vn 0.0894 -0.0539 -0.9945
vn 0.5453 -0.3732 -0.7506
vn 0.4647 -0.4850 -0.7408
vn 0.7988 -0.5620 -0.2149
vn 0.6758 -0.7016 -0.2259
vn 0.7504 -0.5207 0.4073
vn 0.6419 -0.6431 0.4175
vn 0.3709 -0.2635 0.8905
vn 0.3124 -0.2819 0.9072
vn -0.1349 0.1117 0.9845
vn 0.4462 -0.2610 0.8560
vn -0.1119 0.1063 0.9880
vn -0.5489 0.4001 0.7339
vn -0.0450 0.1839 0.9819
vn -0.5359 0.4025 0.7422
vn -0.8041 0.4995 0.3222
vn -0.7720 0.5639 0.2935
vn -0.8223 0.4900 -0.2893
vn -0.7568 0.5581 -0.3402
vn -0.4674 0.2923 -0.8343
vn -0.3906 0.3106 -0.8666
vn 0.0676 -0.0005 -0.9977
vn 0.1049 -0.0077 -0.9945
vn 0.5707 -0.2657 -0.7770
vn 0.5643 -0.3020 -0.7683
vn 0.8682 -0.4155 -0.2711
vn 0.8355 -0.4927 -0.2432
vn 0.8577 -0.3775 0.3490
vn 0.7954 -0.4850 0.3634
vn 0.5144 -0.1359 0.8467
vn 0.9281 -0.1744 0.3290
vn 0.5689 0.0022 0.8224
vn 0.0014 0.2044 0.9789
vn -0.5451 0.3452 0.7640
vn -0.8570 0.4240 0.2928
vn -0.8533 0.4331 0.2903
vn -0.8310 0.4590 -0.3143
vn -0.8453 0.4457 -0.2947
vn -0.5301 0.3737 -0.7611
vn -0.5196 0.3221 -0.7913
vn 0.0168 0.0908 -0.9957
vn 0.5718 -0.1321 -0.8097
vn 0.9231 -0.2264 -0.3108
vn 0.9431 -0.1016 0.3165
vn 0.9512 0.1575 0.2652
vn 0.4509 0.7874 0.4204
vn 0.5699 0.7236 0.3895
vn 0.5278 0.7715 -0.3552
vn 0.2380 0.5843 -0.7758
vn 0.2378 0.5441 -0.8046
vn -0.0470 0.3072 -0.9505
vn -0.0157 0.3233 -0.9462
vn 0.0123 0.2967 -0.9549
vn -0.2180 0.0685 -0.9735
vn -0.1768 0.0938 -0.9798
vn -0.1463 0.0949 -0.9847
vn -0.4972 -0.3253 -0.8043
vn -0.5039 -0.2635 -0.8226
vn -0.5040 -0.1652 -0.8478
vn -0.6606 -0.5229 -0.5386
vn -0.6330 -0.5920 -0.4989
vn -0.6076 -0.6262 -0.4886
vn -0.6248 -0.5595 -0.5446
vn -0.5655 -0.8205 -0.0838
vn -0.5791 -0.8091 -0.0996
vn -0.6107 -0.6660 -0.4283
vn -0.6309 -0.6228 -0.4627
vn -0.6392 -0.6540 -0.4046
vn -0.5029 -0.3483 -0.7910
vn -0.5498 -0.4369 -0.7119
vn -0.2760 -0.0125 -0.9611
vn 0.6527 0.0997 0.7510
vn 0.3332 0.0160 0.9427
vn 0.3953 -0.0256 0.9182
vn 0.1110 -0.0575 0.9922
vn 0.6831 0.0279 0.7298
vn 0.6937 -0.0371 0.7193
vn 0.4526 -0.0511 0.8903
vn 0.8648 0.0478 0.4998
vn 0.8630 -0.0342 0.5040
vn 0.8620 -0.0764 0.5010
vn 0.6856 -0.0621 0.7253
vn 0.9999 0.0074 -0.0138
vn 0.9964 -0.0424 -0.0731
vn 0.9834 -0.1165 -0.1392
vn 0.8628 -0.1235 0.4902
vn 0.7328 0.0197 -0.6802
vn 0.6950 -0.0477 -0.7174
vn 0.6541 -0.0613 -0.7539
vn 0.9665 -0.1651 -0.1963
vn 0.3076 -0.0064 -0.9515
vn 0.3020 0.0064 -0.9533
vn 0.3083 0.0627 -0.9492
vn 0.6331 -0.0205 -0.7738
vn -0.0349 0.0392 -0.9986
vn -0.0342 0.1127 -0.9930
vn -0.0352 0.1928 -0.9806
vn 0.3164 0.1354 -0.9389
vn -0.3463 0.1499 -0.9261
vn 0.3096 0.1630 -0.9368
vn 0.5818 0.0783 -0.8096
vn 0.6185 0.0403 -0.7848
vn -0.0430 0.2123 -0.9763
vn -0.0530 0.1660 -0.9847
vn 0.2937 0.1217 -0.9481
vn 0.2835 0.0894 -0.9548
vn 0.5286 0.0265 -0.8484
vn 0.5480 0.0613 -0.8342
vn -0.0546 0.1408 -0.9885
vn -0.0499 0.1254 -0.9909
vn 0.2723 0.0664 -0.9599
vn -0.3157 0.1437 -0.9379
vn -0.2922 0.1291 -0.9476
vn -0.0415 0.1008 -0.9940
vn -0.2757 0.1123 -0.9547
vn -0.2742 0.1541 -0.9492
vn -0.2664 0.1557 -0.9512
vn -0.1498 0.1133 -0.9822
vn -0.1796 0.1423 -0.9734
vn -0.1954 0.1669 -0.9664
vn -0.2711 0.1838 -0.9448
vn -0.0939 0.1445 -0.9850
vn -0.1163 0.1569 -0.9807
vn -0.1270 0.1676 -0.9776
vn -0.2138 0.1794 -0.9603
vn -0.1500 0.1840 -0.9714
vn -0.1550 0.1763 -0.9721
vn -0.1361 0.1610 -0.9775
vn -0.1384 0.1710 -0.9755
vn -0.3068 0.2090 -0.9285
vn -0.2743 0.1756 -0.9455
vn -0.2110 0.1778 -0.9612
vn -0.1012 0.1631 -0.9814
vn -0.4940 0.2267 -0.8394
vn -0.4631 0.2544 -0.8490
vn -0.4423 0.3074 -0.8425
vn -0.1510 0.2172 -0.9644
vn -0.8975 0.3970 -0.1918
vn -0.9061 0.3901 -0.1637
vn -0.9240 0.3584 -0.1332
vn -0.4419 0.3375 -0.8312
vn -0.6028 0.1172 0.7893
vn -0.1356 0.2486 -0.9591
vn -0.0830 0.1922 -0.9778
vn -0.1545 0.1795 -0.9716
vn -0.2286 0.1901 -0.9548
vn -0.2641 0.1898 -0.9456
vn -0.2447 0.1840 -0.9520
vn -0.0282 0.1045 -0.9941
vn 0.2637 0.0384 -0.9638
vn 0.5207 -0.0037 -0.8537
vn 0.8746 -0.1028 -0.4738
vn 0.9035 -0.2615 0.3396
vn 0.9008 -0.0976 -0.4231
vn 0.8608 -0.2914 0.4173
vn 0.9338 -0.1173 -0.3380
vn 0.8309 -0.2907 0.4744
vn 0.9518 -0.1520 -0.2663
vn 0.8318 -0.2603 0.4903
vn 0.9537 -0.1778 -0.2427
vn 0.8446 -0.1840 0.5028
vn 0.5440 -0.2105 0.8122
vn 0.6045 -0.1216 0.7872
vn 0.6578 -0.0746 0.7495
vn 0.4830 -0.0659 0.8731
vn 0.4948 -0.0336 0.8684
vn 0.4829 -0.0450 0.8745
vn 0.1572 -0.0082 0.9875
vn 0.1327 -0.0391 0.9904
vn 0.1136 -0.0682 0.9912
vn -0.0128 -0.0143 0.9998
vn 0.0552 -0.0337 0.9979
vn 0.1629 -0.0042 0.9866
vn 0.1957 0.0226 0.9804
vn 0.2199 0.0502 0.9742
vn 0.1993 0.0146 0.9798
vn 0.1023 0.0264 0.9944
vn 0.0087 0.1273 0.9918
vn -0.2141 -0.0998 0.9717
vn -0.4296 0.0163 0.9029
vn -0.5541 0.2403 0.7970
vn -0.0254 0.2971 0.9545
vn -0.5837 0.4808 0.6543
vn -0.0312 0.4899 0.8712
vn -0.0722 0.6221 0.7796
vn 0.3100 0.4948 0.8118
vn -0.5908 0.6211 0.5150
vn -0.5696 0.6736 0.4710
vn -0.0863 0.6452 0.7591
vn -0.9650 0.2496 0.0799
vn -0.9252 0.3794 -0.0022
vn -0.8904 0.4547 -0.0223
vn -0.9125 0.4068 0.0439
vn -0.6192 0.5931 0.5147
vn -0.9150 0.1010 -0.3905
vn -0.8984 0.1415 -0.4157
vn -0.7795 -0.1284 -0.6131
vn -0.7549 -0.1547 -0.6373
vn -0.5711 -0.3752 -0.7301
vn -0.4980 -0.4673 -0.7306
vn -0.2379 -0.6790 -0.6945
vn -0.0894 -0.7625 -0.6408
vn 0.2974 -0.8830 -0.3630
vn 0.4072 -0.8617 -0.3028
vn 0.3403 -0.9379 -0.0679
vn -0.1621 -0.9300 0.3300
vn 0.7527 -0.6367 0.1675
vn 0.6006 -0.7233 0.3408
vn 0.0952 -0.7263 0.6808
vn -0.5857 -0.0623 0.8081
vn -0.8953 -0.2365 0.3775
vn 0.8077 -0.2281 0.5437
vn 0.7525 -0.6310 0.1886
vn 0.8194 -0.1327 0.5576
vn 0.6334 0.2480 0.7330
vn 0.6180 0.1844 0.7642
vn 0.2947 0.4787 0.8270
vn 0.7017 -0.6084 0.3709
vn 0.0975 -0.9157 -0.3899
vn -0.9193 0.0043 -0.3936
vn -0.9802 0.0465 0.1925
vn -0.9087 -0.1111 -0.4025
vn -0.8841 -0.2143 -0.4153
vn -0.9381 -0.1678 0.3029
vn -0.8135 -0.3067 0.4941
vn -0.8837 -0.2916 -0.3662
vn -0.9088 -0.3490 -0.2285
vn -0.6918 -0.2122 -0.6902
vn -0.6919 -0.1995 -0.6939
vn -0.6321 -0.3300 0.7011
vn -0.3934 -0.3047 0.8674
vn -0.9090 -0.4151 -0.0377
vn -0.0203 -0.0974 0.9950
vn 0.1608 -0.0447 0.9860
vn 0.3011 -0.0106 0.9535
vn -0.1145 -0.2351 0.9652
vn 0.2669 0.0384 0.9630
vn 0.3065 0.0218 0.9516
vn 0.1484 0.0237 0.9886
vn 0.1091 0.0224 0.9938
vn -0.0495 0.0147 0.9987
vn -0.0629 0.0033 0.9980
vn 0.1711 -0.0199 0.9850
vn 0.1593 -0.0812 0.9839
vn 0.4375 -0.1457 0.8873
vn 0.3729 -0.2334 0.8980
vn 0.4993 -0.2852 0.8182
vn 0.5049 -0.3116 0.8050
vn -0.6724 -0.1860 -0.7164
vn -0.0643 0.4130 -0.9085
vn -0.2590 0.7517 -0.6065
vn -0.3912 0.7003 -0.5971
vn -0.1314 0.4723 -0.8716
vn -0.7080 0.5919 0.3852
vn -0.8806 0.3956 0.2610
vn -0.5344 0.5809 -0.6140
vn -0.5740 0.5176 -0.6346
vn -0.2074 0.4738 -0.8559
vn -0.1943 0.4757 -0.8579
vn -0.9356 0.3138 0.1620
vn -0.9129 0.3880 0.1269
vn -0.5257 0.5661 -0.6350
vn -0.6392 -0.0688 0.7659
vn -0.8392 0.5293 0.1251
vn -0.4383 0.6738 -0.5949
vn -0.1581 0.5020 -0.8503
vn -0.2584 -0.8951 0.3634
vn -0.2768 -0.9392 0.2031
vn -0.0166 -0.9840 0.1773
vn -0.0704 -0.8971 0.4361
vn -0.2995 -0.9529 -0.0472
vn 0.0038 -1.0000 -0.0048
vn -0.2109 -0.9272 -0.3095
vn 0.0026 -0.9706 -0.2408
vn -0.1470 -0.8877 -0.4363
vn 0.0233 -0.8909 -0.4537
vn 0.2285 -0.9363 0.2665
vn 0.1211 -0.8900 0.4395
vn 0.2849 -0.9565 0.0623
vn 0.2720 -0.9425 -0.1942
vn 0.2107 -0.8799 -0.4259
vn -0.1008 -0.7565 0.6462
vn 0.1724 -0.7635 0.6224
vn 0.1757 -0.7055 0.6866
vn -0.1039 -0.7082 0.6983
vn 0.4227 -0.7961 0.4332
vn 0.4833 -0.7139 0.5067
vn -0.4029 -0.7642 0.5037
vn -0.4414 -0.6910 0.5724
vn 0.3022 -0.8145 -0.4952
vn 0.0487 -0.8335 -0.5504
vn 0.0613 -0.8212 -0.5673
vn 0.3176 -0.7946 -0.5175
vn 0.5814 -0.8038 0.1262
vn 0.7035 -0.6930 0.1577
vn 0.5225 -0.8240 -0.2192
vn 0.6064 -0.7582 -0.2397
vn -0.5598 -0.8241 -0.0866
vn -0.5534 -0.7823 0.2857
vn -0.6491 -0.6860 0.3287
vn -0.6652 -0.7387 -0.1086
vn -0.4075 -0.8186 -0.4046
vn -0.4791 -0.7587 -0.4414
vn -0.2052 -0.8419 -0.4991
vn -0.2269 -0.8161 -0.5315
vt 0.651816 0.924103
vt 0.656352 0.927557
vt 0.645635 0.930627
vt 0.645585 0.924795
vt 0.646216 0.918564
vt 0.655663 0.920260
vt 0.660734 0.922376
vt 0.660951 0.918650
vt 0.656984 0.915822
vt 0.664483 0.917603
vt 0.664234 0.923362
vt 0.658876 0.912235
vt 0.658229 0.771765
vt 0.653843 0.773825
vt 0.652731 0.769913
vt 0.660390 0.769119
vt 0.659702 0.773225
vt 0.656499 0.776649
vt 0.663183 0.772470
vt 0.661026 0.778489
vt 0.884878 0.951626
vt 0.885446 0.957808
vt 0.879778 0.960591
vt 0.879003 0.956195
vt 0.880539 0.946746
vt 0.885692 0.947608
vt 0.876406 0.959969
vt 0.880442 0.964013
vt 0.874973 0.962330
vt 0.875446 0.955490
vt 0.871811 0.956221
vt 0.736082 0.937223
vt 0.733798 0.939442
vt 0.732228 0.930450
vt 0.736864 0.931694
vt 0.738766 0.939268
vt 0.737996 0.942161
vt 0.740408 0.933834
vt 0.744591 0.933554
vt 0.743650 0.938542
vt 0.531380 0.983194
vt 0.533833 0.986841
vt 0.527672 0.989620
vt 0.528065 0.985854
vt 0.529902 0.978967
vt 0.535167 0.977893
vt 0.525235 0.980669
vt 0.520558 0.983759
vt 0.584444 0.829559
vt 0.596259 0.834334
vt 0.592479 0.847123
vt 0.581185 0.846557
vt 0.599919 0.816809
vt 0.606517 0.823078
vt 0.578079 0.816650
vt 0.595027 0.809159
vt 0.564993 0.848634
vt 0.563346 0.832950
vt 0.560888 0.820224
vt 0.578274 0.885427
vt 0.553523 0.884118
vt 0.550989 0.868442
vt 0.568112 0.865535
vt 0.572516 0.901280
vt 0.555055 0.899788
vt 0.584614 0.862001
vt 0.591614 0.876056
vt 0.517689 0.956315
vt 0.525125 0.969121
vt 0.519770 0.971924
vt 0.511690 0.962142
vt 0.528547 0.956423
vt 0.532176 0.967101
vt 0.518495 0.944241
vt 0.527832 0.946204
vt 0.501290 0.953782
vt 0.504441 0.948402
vt 0.508083 0.939527
vt 0.098651 0.193093
vt 0.080655 0.203695
vt 0.071745 0.192408
vt 0.084289 0.177976
vt 0.098210 0.218991
vt 0.085800 0.224020
vt 0.113066 0.195456
vt 0.111689 0.218295
vt 0.108783 0.167382
vt 0.120570 0.174360
vt 0.098279 0.159246
vt 0.976734 0.832509
vt 0.978156 0.830441
vt 0.981307 0.830570
vt 0.978810 0.834403
vt 0.972025 0.835837
vt 0.972192 0.831530
vt 0.974388 0.827904
vt 0.978108 0.824730
vt 0.057813 0.671728
vt 0.057808 0.673615
vt 0.055907 0.674740
vt 0.055843 0.671437
vt 0.060007 0.666741
vt 0.062070 0.669895
vt 0.062436 0.673323
vt 0.441973 0.948292
vt 0.452134 0.944558
vt 0.453945 0.951598
vt 0.440459 0.953133
vt 0.965603 0.733060
vt 0.960662 0.734500
vt 0.956690 0.722492
vt 0.964706 0.721404
vt 0.432414 0.941926
vt 0.445895 0.936523
vt 0.421661 0.931188
vt 0.427562 0.921865
vt 0.449220 0.926253
vt 0.061493 0.676681
vt 0.500296 0.914915
vt 0.492776 0.930846
vt 0.471880 0.927631
vt 0.474945 0.912124
vt 0.515481 0.927130
vt 0.521126 0.906268
vt 0.528719 0.918622
vt 0.496980 0.895017
vt 0.516306 0.890946
vt 0.477120 0.895516
vt 0.864303 0.870462
vt 0.882353 0.870000
vt 0.884641 0.888886
vt 0.873348 0.891029
vt 0.862687 0.897449
vt 0.853151 0.883347
vt 0.869790 0.846025
vt 0.884430 0.851357
vt 0.838874 0.874526
vt 0.847290 0.858865
vt 0.853864 0.840431
vt 0.806067 0.870478
vt 0.824092 0.869074
vt 0.821536 0.880327
vt 0.808505 0.882629
vt 0.790688 0.885741
vt 0.783464 0.879580
vt 0.793220 0.861458
vt 0.814375 0.848452
vt 0.830369 0.852858
vt 0.799937 0.843980
vt 0.950592 0.818349
vt 0.963582 0.827088
vt 0.962071 0.833894
vt 0.950800 0.830842
vt 0.957257 0.812263
vt 0.967050 0.822063
vt 0.938844 0.828715
vt 0.936962 0.817212
vt 0.932366 0.803662
vt 0.942446 0.801505
vt 0.949125 0.798735
vt 0.947777 0.739782
vt 0.953613 0.734827
vt 0.951856 0.747368
vt 0.945049 0.747610
vt 0.937731 0.747530
vt 0.937081 0.728525
vt 0.949754 0.724714
vt 0.769137 0.292187
vt 0.769769 0.289078
vt 0.773701 0.290999
vt 0.771136 0.292918
vt 0.765966 0.296333
vt 0.763529 0.293001
vt 0.769390 0.298109
vt 0.924296 0.748143
vt 0.923490 0.731206
vt 0.773918 0.298595
vt 0.111053 0.138943
vt 0.123147 0.148072
vt 0.126878 0.125278
vt 0.134345 0.134062
vt 0.286354 0.037804
vt 0.301354 0.053451
vt 0.286751 0.064199
vt 0.277611 0.054880
vt 0.210648 0.838033
vt 0.202895 0.843871
vt 0.194889 0.838590
vt 0.202765 0.835348
vt 0.218152 0.837177
vt 0.218500 0.841182
vt 0.218652 0.830680
vt 0.888003 0.801950
vt 0.874945 0.823379
vt 0.859106 0.818890
vt 0.862540 0.795959
vt 0.899303 0.816717
vt 0.890423 0.833735
vt 0.864754 0.776500
vt 0.883378 0.772667
vt 0.885986 0.481639
vt 0.883764 0.475605
vt 0.888002 0.469913
vt 0.890558 0.476833
vt 0.219868 0.808346
vt 0.220161 0.822121
vt 0.201612 0.826131
vt 0.198210 0.813786
vt 0.245704 0.815427
vt 0.240017 0.827527
vt 0.236033 0.793878
vt 0.253896 0.802596
vt 0.205093 0.794047
vt 0.220776 0.783828
vt 0.188189 0.801190
vt 0.119366 0.667359
vt 0.115361 0.679834
vt 0.098462 0.673607
vt 0.098115 0.665221
vt 0.093606 0.654933
vt 0.108409 0.650369
vt 0.122896 0.636148
vt 0.137743 0.659554
vt 0.139564 0.684316
vt 0.131112 0.692212
vt 0.151437 0.674778
vt 0.854046 0.487848
vt 0.861476 0.514190
vt 0.842777 0.522048
vt 0.837748 0.505541
vt 0.871887 0.492422
vt 0.873959 0.509883
vt 0.866243 0.468289
vt 0.876686 0.474017
vt 0.143858 0.634865
vt 0.153360 0.651240
vt 0.096039 0.638646
vt 0.103151 0.626848
vt 0.122032 0.613614
vt 0.140214 0.616062
vt 0.107895 0.609299
vt 0.379453 0.076113
vt 0.393166 0.090482
vt 0.382050 0.100468
vt 0.366434 0.089637
vt 0.403551 0.068010
vt 0.409404 0.082069
vt 0.378389 0.060111
vt 0.400714 0.056790
vt 0.350496 0.072772
vt 0.352937 0.060001
vt 0.347789 0.085832
vt 0.305222 0.067607
vt 0.294980 0.075078
vt 0.322107 0.074512
vt 0.302362 0.084256
vt 0.324745 0.059394
vt 0.272265 0.018633
vt 0.275638 0.020941
vt 0.269430 0.024922
vt 0.267319 0.020451
vt 0.274832 0.014917
vt 0.279217 0.016960
vt 0.266822 0.015289
vt 0.751067 0.348860
vt 0.760857 0.350630
vt 0.768412 0.366833
vt 0.762279 0.370081
vt 0.753372 0.375885
vt 0.741055 0.361582
vt 0.723120 0.343415
vt 0.739136 0.337424
vt 0.752819 0.331645
vt 0.759377 0.333905
vt 0.745767 0.325699
vt 0.280455 0.020064
vt 0.284940 0.019690
vt 0.281474 0.026166
vt 0.278103 0.023631
vt 0.282963 0.013984
vt 0.721856 0.328823
vt 0.733163 0.325799
vt 0.732162 0.373830
vt 0.718172 0.360446
vt 0.180334 0.201098
vt 0.179582 0.204752
vt 0.174568 0.202009
vt 0.177947 0.199243
vt 0.183648 0.198898
vt 0.185586 0.201986
vt 0.181422 0.196919
vt 0.179841 0.192749
vt 0.176066 0.195296
vt 0.177160 0.187102
vt 0.181622 0.188132
vt 0.185630 0.189707
vt 0.184543 0.459930
vt 0.184709 0.482664
vt 0.163232 0.483929
vt 0.162440 0.465846
vt 0.174689 0.440209
vt 0.187402 0.431008
vt 0.196411 0.444035
vt 0.156345 0.449929
vt 0.207625 0.465663
vt 0.208008 0.488025
vt 0.210050 0.450911
vt 0.198565 0.510298
vt 0.181965 0.503037
vt 0.220845 0.502802
vt 0.210203 0.518530
vt 0.225702 0.465545
vt 0.228601 0.479277
vt 0.234123 0.489902
vt 0.551008 0.301550
vt 0.575558 0.312082
vt 0.568606 0.332884
vt 0.549556 0.324012
vt 0.529941 0.324161
vt 0.529022 0.307577
vt 0.569513 0.288812
vt 0.583346 0.298835
vt 0.590901 0.329585
vt 0.590073 0.344033
vt 0.574213 0.345523
vt 0.594629 0.316639
vt 0.561447 0.355926
vt 0.553441 0.348411
vt 0.542211 0.343918
vt 0.328341 0.438038
vt 0.324003 0.438430
vt 0.324954 0.434153
vt 0.330236 0.436604
vt 0.328663 0.439632
vt 0.325788 0.441635
vt 0.330859 0.439456
vt 0.329059 0.444063
vt 0.508159 0.456841
vt 0.511434 0.456365
vt 0.511576 0.461283
vt 0.506655 0.460049
vt 0.502218 0.453487
vt 0.506732 0.451577
vt 0.510844 0.450519
vt 0.514689 0.448286
vt 0.516254 0.453317
vt 0.517268 0.440098
vt 0.522369 0.442372
vt 0.527423 0.445448
vt 0.518851 0.457849
vt 0.332717 0.446775
vt 0.322051 0.456521
vt 0.319256 0.451797
vt 0.334947 0.439354
vt 0.309064 0.465304
vt 0.306070 0.459294
vt 0.303042 0.453164
vt 0.316601 0.446868
vt 0.300293 0.447137
vt 0.314262 0.441809
vt 0.298296 0.440946
vt 0.312974 0.436143
vt 0.296512 0.434556
vt 0.312094 0.430075
vt 0.327196 0.429305
vt 0.499857 0.438248
vt 0.501470 0.421542
vt 0.508238 0.422677
vt 0.506248 0.438470
vt 0.514882 0.423864
vt 0.511913 0.438959
vt 0.521188 0.425328
vt 0.518498 0.408201
vt 0.525214 0.409573
vt 0.531954 0.411637
vt 0.527314 0.427301
vt 0.538709 0.414451
vt 0.533531 0.430092
vt 0.535952 0.397926
vt 0.543297 0.400815
vt 0.295386 0.472957
vt 0.283564 0.479697
vt 0.280129 0.472630
vt 0.292372 0.466505
vt 0.276496 0.465944
vt 0.289182 0.459979
vt 0.273514 0.458422
vt 0.285938 0.453301
vt 0.270038 0.451015
vt 0.283665 0.446492
vt 0.267747 0.444007
vt 0.281795 0.439601
vt 0.503975 0.405593
vt 0.505970 0.390395
vt 0.513242 0.391658
vt 0.511296 0.406951
vt 0.520835 0.393134
vt 0.515022 0.376510
vt 0.523972 0.378134
vt 0.532804 0.380361
vt 0.528557 0.395341
vt 0.540547 0.382958
vt 0.536759 0.363676
vt 0.545187 0.366825
vt 0.553132 0.371045
vt 0.547905 0.385880
vt 0.270840 0.486988
vt 0.259141 0.495729
vt 0.254195 0.488376
vt 0.267084 0.479999
vt 0.249309 0.480100
vt 0.263216 0.472460
vt 0.245201 0.471170
vt 0.259821 0.464438
vt 0.241765 0.461359
vt 0.256374 0.456531
vt 0.239613 0.451743
vt 0.253821 0.448957
vt 0.507004 0.375061
vt 0.507557 0.360014
vt 0.516899 0.360801
vt 0.505315 0.344441
vt 0.516491 0.343656
vt 0.529130 0.343145
vt 0.526967 0.361925
vt 0.515102 0.326787
vt 0.502535 0.328971
vt 0.499218 0.313258
vt 0.512106 0.310406
vt 0.497425 0.296771
vt 0.510179 0.293893
vt 0.524178 0.290070
vt 0.505105 0.277840
vt 0.516804 0.272784
vt 0.530906 0.267775
vt 0.541799 0.284657
vt 0.546298 0.259350
vt 0.557132 0.274501
vt 0.560373 0.249120
vt 0.570217 0.263226
vt 0.581259 0.275855
vt 0.593115 0.287445
vt 0.579739 0.256124
vt 0.589821 0.268637
vt 0.600177 0.279721
vt 0.613171 0.289138
vt 0.606987 0.297242
vt 0.106898 0.493718
vt 0.104219 0.478970
vt 0.114156 0.477259
vt 0.116290 0.492730
vt 0.117959 0.508989
vt 0.109474 0.509256
vt 0.118427 0.525139
vt 0.110333 0.525360
vt 0.128990 0.491522
vt 0.129110 0.508013
vt 0.128713 0.524887
vt 0.127244 0.542453
vt 0.118179 0.542403
vt 0.145094 0.506374
vt 0.143661 0.524355
vt 0.140923 0.542749
vt 0.139103 0.561158
vt 0.125324 0.561105
vt 0.159223 0.523539
vt 0.155690 0.542479
vt 0.154363 0.560873
vt 0.155185 0.578417
vt 0.139587 0.578933
vt 0.171251 0.542818
vt 0.169127 0.560927
vt 0.170181 0.577507
vt 0.169622 0.594719
vt 0.155222 0.595891
vt 0.180220 0.561529
vt 0.180469 0.578407
vt 0.179836 0.594647
vt 0.180697 0.609109
vt 0.170706 0.610602
vt 0.653374 0.397920
vt 0.638147 0.390949
vt 0.641985 0.383446
vt 0.657236 0.390723
vt 0.670828 0.398300
vt 0.666558 0.405050
vt 0.683003 0.406428
vt 0.678143 0.412673
vt 0.661142 0.383403
vt 0.675312 0.391347
vt 0.688115 0.399971
vt 0.699426 0.409811
vt 0.693824 0.415545
vt 0.681971 0.381554
vt 0.695679 0.390923
vt 0.707637 0.401969
vt 0.718252 0.414448
vt 0.709440 0.421086
vt 0.704537 0.380040
vt 0.717897 0.391794
vt 0.729429 0.405584
vt 0.740516 0.419979
vt 0.728091 0.427804
vt 0.725453 0.383310
vt 0.737905 0.397250
vt 0.750349 0.411563
vt 0.763028 0.425625
vt 0.750976 0.434203
vt 0.745358 0.387735
vt 0.759192 0.400905
vt 0.772972 0.414562
vt 0.785789 0.429681
vt 0.774938 0.440149
vt 0.767493 0.390346
vt 0.781037 0.403934
vt 0.794066 0.418163
vt 0.807320 0.431360
vt 0.798099 0.445638
vt 0.787191 0.397884
vt 0.800416 0.410216
vt 0.814807 0.420878
vt 0.828209 0.432122
vt 0.820122 0.443543
vt 0.805257 0.404958
vt 0.819484 0.415241
vt 0.834079 0.425535
vt 0.847929 0.436490
vt 0.841081 0.444241
vt 0.823763 0.410201
vt 0.839085 0.420104
vt 0.853299 0.430563
vt 0.866975 0.441569
vt 0.861429 0.447499
vt 0.170403 0.790969
vt 0.161767 0.775894
vt 0.168855 0.772891
vt 0.178894 0.787309
vt 0.178481 0.806253
vt 0.178372 0.769413
vt 0.191083 0.782373
vt 0.193093 0.762881
vt 0.206880 0.773100
vt 0.204555 0.751386
vt 0.219187 0.760769
vt 0.232813 0.771374
vt 0.247441 0.780829
vt 0.229394 0.748045
vt 0.243423 0.757433
vt 0.257106 0.766412
vt 0.271686 0.773505
vt 0.263302 0.788883
vt 0.251150 0.744530
vt 0.264658 0.751932
vt 0.278996 0.758378
vt 0.293499 0.764922
vt 0.286372 0.779877
vt 0.273148 0.737485
vt 0.287563 0.744105
vt 0.301710 0.750686
vt 0.315417 0.757620
vt 0.307820 0.771765
vt 0.294447 0.733328
vt 0.307990 0.740507
vt 0.321550 0.747499
vt 0.334594 0.755446
vt 0.329283 0.764809
vt 0.744465 0.585980
vt 0.739501 0.571059
vt 0.747860 0.568993
vt 0.752668 0.584383
vt 0.756292 0.599560
vt 0.747996 0.601316
vt 0.760626 0.614009
vt 0.752723 0.615859
vt 0.760063 0.583174
vt 0.763690 0.597802
vt 0.768046 0.612190
vt 0.771830 0.626685
vt 0.764959 0.628124
vt 0.772158 0.595867
vt 0.776430 0.610060
vt 0.780164 0.624917
vt 0.783235 0.640237
vt 0.775206 0.641917
vt 0.790097 0.607138
vt 0.793325 0.622024
vt 0.796382 0.637296
vt 0.799629 0.652926
vt 0.786218 0.655399
vt 0.810284 0.617896
vt 0.813008 0.633485
vt 0.815738 0.649641
vt 0.818451 0.666009
vt 0.802369 0.668687
vt 0.830012 0.629214
vt 0.832502 0.645555
vt 0.835274 0.661917
vt 0.838258 0.678394
vt 0.821349 0.682381
vt 0.849762 0.640828
vt 0.852488 0.657175
vt 0.855436 0.673827
vt 0.858523 0.690755
vt 0.841300 0.695106
vt 0.869943 0.652626
vt 0.872792 0.669318
vt 0.875995 0.686325
vt 0.879356 0.703477
vt 0.861525 0.707829
vt 0.890275 0.665117
vt 0.893522 0.682319
vt 0.897335 0.699668
vt 0.901319 0.716789
vt 0.882573 0.720514
vt 0.910308 0.679056
vt 0.914546 0.696590
vt 0.919374 0.713932
vt 0.904771 0.733527
vt 0.928652 0.694048
vt 0.934127 0.711522
vt 0.937201 0.692056
vt 0.943686 0.709362
vt 0.944289 0.690411
vt 0.950827 0.707906
vt 0.950657 0.689074
vt 0.957879 0.706481
vt 0.416925 0.937353
vt 0.399915 0.930335
vt 0.403752 0.924412
vt 0.384411 0.923895
vt 0.387362 0.917386
vt 0.391334 0.908859
vt 0.408936 0.915275
vt 0.396846 0.895988
vt 0.415036 0.902030
vt 0.433780 0.907451
vt 0.453559 0.910808
vt 0.420426 0.886864
vt 0.438698 0.890941
vt 0.457467 0.893607
vt 0.442622 0.874146
vt 0.460441 0.876315
vt 0.478211 0.877517
vt 0.495702 0.877027
vt 0.462705 0.858528
vt 0.479079 0.859128
vt 0.495520 0.858921
vt 0.512426 0.857599
vt 0.513827 0.874648
vt 0.479772 0.840915
vt 0.495616 0.841241
vt 0.511967 0.840778
vt 0.528818 0.838916
vt 0.530039 0.855195
vt 0.496591 0.825560
vt 0.512164 0.825501
vt 0.528212 0.824234
vt 0.544351 0.822430
vt 0.545726 0.836327
vt 0.513054 0.813016
vt 0.528249 0.812470
vt 0.543774 0.811570
vt 0.559484 0.810558
vt 0.528169 0.804646
vt 0.543269 0.803536
vt 0.558412 0.802587
vt 0.573515 0.800118
vt 0.575566 0.807758
vt 0.766943 0.835387
vt 0.771075 0.820691
vt 0.777287 0.821897
vt 0.773535 0.837178
vt 0.768523 0.852449
vt 0.761889 0.850038
vt 0.761290 0.868761
vt 0.754764 0.865634
vt 0.780028 0.838825
vt 0.775005 0.854746
vt 0.767984 0.871664
vt 0.760181 0.887766
vt 0.753873 0.884527
vt 0.782325 0.857475
vt 0.775399 0.875178
vt 0.766989 0.891444
vt 0.758644 0.905642
vt 0.752588 0.902490
vt 0.773542 0.895762
vt 0.764385 0.909380
vt 0.755980 0.920733
vt 0.751242 0.917354
vt 0.779886 0.900896
vt 0.769718 0.913705
vt 0.760151 0.924794
vt 0.751779 0.932635
vt 0.748519 0.929139
vt 0.774922 0.918489
vt 0.764137 0.929175
vt 0.754611 0.936177
vt 0.744725 0.941978
vt 0.768321 0.933910
vt 0.757170 0.941132
vt 0.745730 0.945967
vt 0.736566 0.946392
vt 0.666139 0.780340
vt 0.659329 0.790720
vt 0.654958 0.786782
vt 0.667631 0.771620
vt 0.649765 0.799644
vt 0.645498 0.795045
vt 0.641400 0.790488
vt 0.650226 0.783035
vt 0.637751 0.785883
vt 0.646184 0.779235
vt 0.634533 0.781203
vt 0.643182 0.775107
vt 0.631409 0.776037
vt 0.640467 0.770153
vt 0.651962 0.765432
vt 0.663286 0.765758
vt 0.728104 0.930128
vt 0.730676 0.917884
vt 0.736276 0.919882
vt 0.730298 0.941415
vt 0.734682 0.907722
vt 0.740547 0.910580
vt 0.746204 0.913785
vt 0.741024 0.922718
vt 0.745449 0.925940
vt 0.746364 0.899134
vt 0.740245 0.895719
vt 0.747569 0.881138
vt 0.604779 0.788085
vt 0.620062 0.782737
vt 0.622557 0.788540
vt 0.607189 0.794600
vt 0.591992 0.801797
vt 0.589452 0.794937
vt 0.610273 0.801112
vt 0.625157 0.793958
vt 0.628678 0.799128
vt 0.614555 0.807881
vt 0.632987 0.804086
vt 0.619651 0.813957
vt 0.637338 0.809341
vt 0.624391 0.819696
vt 0.612263 0.829145
vt 0.801498 0.898879
vt 0.791305 0.910846
vt 0.785689 0.906025
vt 0.795813 0.892684
vt 0.811591 0.891277
vt 0.604116 0.838603
vt 0.820717 0.889259
vt 0.600958 0.847391
vt 0.604211 0.857272
vt 0.595579 0.859916
vt 0.834204 0.884509
vt 0.830781 0.892490
vt 0.845928 0.891743
vt 0.840725 0.897979
vt 0.609800 0.866965
vt 0.617372 0.876440
vt 0.611754 0.881736
vt 0.601832 0.871389
vt 0.855236 0.902577
vt 0.849075 0.906757
vt 0.861757 0.915618
vt 0.855408 0.918424
vt 0.869084 0.912118
vt 0.872989 0.926431
vt 0.866186 0.928457
vt 0.878153 0.908442
vt 0.880961 0.924190
vt 0.882100 0.936157
vt 0.875761 0.937050
vt 0.887553 0.906510
vt 0.888848 0.922889
vt 0.888495 0.935964
vt 0.896128 0.922632
vt 0.894690 0.936633
vt 0.890951 0.948083
vt 0.900385 0.937844
vt 0.895644 0.949199
vt 0.888978 0.960041
vt 0.900606 0.951493
vt 0.891656 0.963117
vt 0.881110 0.968015
vt 0.873060 0.965735
vt 0.667819 0.924047
vt 0.660918 0.933413
vt 0.658552 0.930502
vt 0.667652 0.915671
vt 0.648104 0.939997
vt 0.646795 0.935279
vt 0.635258 0.942590
vt 0.634844 0.937112
vt 0.634566 0.931290
vt 0.620001 0.935717
vt 0.620824 0.929260
vt 0.622323 0.921128
vt 0.634559 0.924483
vt 0.624672 0.912809
vt 0.635812 0.917079
vt 0.628939 0.904733
vt 0.637778 0.910034
vt 0.647658 0.912756
vt 0.641688 0.904119
vt 0.649673 0.908215
vt 0.645496 0.899741
vt 0.652258 0.904188
vt 0.660915 0.909072
vt 0.868269 0.957355
vt 0.865777 0.947584
vt 0.870651 0.946715
vt 0.863410 0.939831
vt 0.869311 0.938406
vt 0.875414 0.946790
vt 0.860023 0.930190
vt 0.637523 0.893337
vt 0.633487 0.898434
vt 0.623207 0.890767
vt 0.627750 0.885159
vt 0.618191 0.897575
vt 0.605363 0.888041
vt 0.612068 0.906544
vt 0.596259 0.896973
vt 0.607542 0.916023
vt 0.591219 0.908645
vt 0.604745 0.924837
vt 0.588510 0.918523
vt 0.572277 0.912583
vt 0.586517 0.924974
vt 0.571551 0.919419
vt 0.558318 0.918808
vt 0.556956 0.911576
vt 0.545746 0.921336
vt 0.542633 0.913718
vt 0.538775 0.901916
vt 0.535306 0.886466
vt 0.532263 0.871326
vt 0.547615 0.852249
vt 0.533884 0.925931
vt 0.548387 0.927919
vt 0.538403 0.932472
vt 0.531031 0.938099
vt 0.523685 0.933529
vt 0.929432 0.839027
vt 0.921122 0.843301
vt 0.916033 0.837059
vt 0.926424 0.830133
vt 0.938528 0.838791
vt 0.909277 0.829267
vt 0.921571 0.820419
vt 0.914790 0.807186
vt 0.906320 0.788297
vt 0.925248 0.785846
vt 0.904741 0.769174
vt 0.923198 0.766225
vt 0.935751 0.765075
vt 0.935793 0.784329
vt 0.942940 0.766157
vt 0.942767 0.783391
vt 0.949036 0.767079
vt 0.948831 0.782322
vt 0.954571 0.796181
vt 0.962210 0.808620
vt 0.954227 0.781430
vt 0.959305 0.793844
vt 0.967030 0.804832
vt 0.507537 0.966390
vt 0.498182 0.957896
vt 0.514659 0.975092
vt 0.975601 0.813363
vt 0.971220 0.817491
vt 0.982763 0.821781
vt 0.486623 0.952189
vt 0.488178 0.947078
vt 0.472811 0.952474
vt 0.471934 0.946656
vt 0.470588 0.939264
vt 0.490207 0.940852
vt 0.955044 0.767152
vt 0.958196 0.748186
vt 0.905927 0.750632
vt 0.885974 0.754079
vt 0.885150 0.737237
vt 0.866089 0.758325
vt 0.865822 0.741552
vt 0.864089 0.724818
vt 0.847320 0.744889
vt 0.846050 0.728496
vt 0.844014 0.711910
vt 0.828144 0.730876
vt 0.826491 0.714901
vt 0.824194 0.698701
vt 0.809364 0.716378
vt 0.807539 0.700598
vt 0.805151 0.684682
vt 0.792761 0.701334
vt 0.790821 0.685745
vt 0.788978 0.670505
vt 0.782385 0.686677
vt 0.780650 0.671623
vt 0.777812 0.656966
vt 0.773335 0.672729
vt 0.770820 0.658263
vt 0.768328 0.643151
vt 0.763233 0.659348
vt 0.760848 0.644393
vt 0.757218 0.630091
vt 0.361845 0.766531
vt 0.375053 0.772137
vt 0.370713 0.782453
vt 0.357215 0.776919
vt 0.343357 0.771164
vt 0.348282 0.761290
vt 0.350545 0.791461
vt 0.336594 0.785548
vt 0.322335 0.778787
vt 0.329128 0.800522
vt 0.315229 0.793427
vt 0.300896 0.786620
vt 0.307925 0.808940
vt 0.293698 0.802317
vt 0.278953 0.795819
vt 0.286062 0.817862
vt 0.270809 0.810552
vt 0.278260 0.832665
vt 0.263091 0.824446
vt 0.270171 0.846660
vt 0.255819 0.837181
vt 0.263149 0.856760
vt 0.249842 0.845887
vt 0.235498 0.835765
vt 0.244931 0.851258
vt 0.232357 0.840744
vt 0.240914 0.855158
vt 0.229759 0.844752
vt 0.895057 0.502797
vt 0.901294 0.517111
vt 0.896347 0.518772
vt 0.890536 0.504102
vt 0.888018 0.491520
vt 0.892557 0.490775
vt 0.885530 0.505918
vt 0.883778 0.491103
vt 0.894585 0.476035
vt 0.880197 0.507803
vt 0.877264 0.491612
vt 0.886230 0.523672
vt 0.878256 0.526875
vt 0.891464 0.520995
vt 0.897985 0.538465
vt 0.891795 0.540691
vt 0.903144 0.536473
vt 0.910352 0.554174
vt 0.904567 0.555998
vt 0.908207 0.534201
vt 0.915652 0.552285
vt 0.923318 0.569305
vt 0.917630 0.571148
vt 0.270445 0.878728
vt 0.253766 0.868217
vt 0.257885 0.863223
vt 0.273763 0.873425
vt 0.289770 0.882277
vt 0.286535 0.887947
vt 0.306279 0.889282
vt 0.303779 0.895837
vt 0.278321 0.865979
vt 0.294041 0.874335
vt 0.309802 0.880946
vt 0.325910 0.886968
vt 0.322230 0.895089
vt 0.300403 0.862187
vt 0.315691 0.868474
vt 0.331304 0.874605
vt 0.346604 0.880391
vt 0.341314 0.893283
vt 0.322981 0.853216
vt 0.338272 0.859149
vt 0.353499 0.864872
vt 0.369246 0.870193
vt 0.362726 0.885354
vt 0.345010 0.843519
vt 0.360244 0.849200
vt 0.375846 0.854769
vt 0.392084 0.860312
vt 0.385756 0.875532
vt 0.366617 0.833898
vt 0.382002 0.839483
vt 0.397766 0.844771
vt 0.413856 0.849686
vt 0.408565 0.865855
vt 0.387939 0.823885
vt 0.402963 0.828801
vt 0.418199 0.833263
vt 0.433534 0.836804
vt 0.429921 0.853955
vt 0.408019 0.812363
vt 0.422261 0.816346
vt 0.436527 0.819424
vt 0.451110 0.821607
vt 0.448832 0.839030
vt 0.426423 0.801351
vt 0.439726 0.804864
vt 0.453890 0.807177
vt 0.468594 0.809294
vt 0.465954 0.823107
vt 0.442412 0.794910
vt 0.456205 0.797759
vt 0.471014 0.799909
vt 0.484986 0.802826
vt 0.483440 0.811596
vt 0.771435 0.746678
vt 0.770549 0.731508
vt 0.778463 0.731819
vt 0.779157 0.746844
vt 0.780206 0.761474
vt 0.772185 0.761353
vt 0.780647 0.777012
vt 0.773525 0.776447
vt 0.786264 0.746811
vt 0.787584 0.761647
vt 0.787561 0.777133
vt 0.787162 0.792161
vt 0.780402 0.791691
vt 0.796266 0.762024
vt 0.796269 0.777100
vt 0.795630 0.792626
vt 0.794117 0.808653
vt 0.786025 0.807317
vt 0.811388 0.777777
vt 0.810072 0.794054
vt 0.807763 0.810689
vt 0.804455 0.827310
vt 0.791512 0.824569
vt 0.827015 0.795631
vt 0.824193 0.813035
vt 0.820189 0.830592
vt 0.841953 0.815887
vt 0.837028 0.834911
vt 0.845283 0.796510
vt 0.828690 0.778707
vt 0.847069 0.778357
vt 0.829316 0.762412
vt 0.847781 0.761373
vt 0.829051 0.746589
vt 0.811675 0.762103
vt 0.811217 0.746761
vt 0.810450 0.731735
vt 0.795792 0.746559
vt 0.795154 0.731981
vt 0.794455 0.716853
vt 0.785879 0.731998
vt 0.785927 0.717045
vt 0.784045 0.701581
vt 0.778627 0.717116
vt 0.777034 0.701941
vt 0.775345 0.687568
vt 0.769531 0.702800
vt 0.767897 0.688487
vt 0.765510 0.673945
vt 0.401595 0.783760
vt 0.415400 0.787572
vt 0.412373 0.797477
vt 0.398032 0.793480
vt 0.384084 0.787994
vt 0.388336 0.778468
vt 0.393380 0.807936
vt 0.378618 0.802975
vt 0.364523 0.797340
vt 0.372888 0.818623
vt 0.358046 0.812712
vt 0.343498 0.806807
vt 0.351541 0.828006
vt 0.336709 0.822031
vt 0.322013 0.815753
vt 0.329912 0.837641
vt 0.315052 0.831403
vt 0.300572 0.824767
vt 0.307786 0.847031
vt 0.292985 0.840136
vt 0.284982 0.854881
vt 0.429027 0.791160
vt 0.770469 0.717081
vt 0.787790 0.840701
vt 0.783552 0.823032
vt 0.779520 0.806275
vt 0.772861 0.805518
vt 0.773600 0.791031
vt 0.513893 0.804814
vt 0.498022 0.812549
vt 0.499678 0.803902
vt 0.481210 0.824442
vt 0.464205 0.840225
vt 0.446090 0.856981
vt 0.425228 0.870719
vt 0.402757 0.881424
vt 0.379605 0.890264
vt 0.374688 0.903118
vt 0.357585 0.898383
vt 0.371193 0.912182
vt 0.354640 0.907012
vt 0.337832 0.901546
vt 0.352699 0.913297
vt 0.335271 0.908442
vt 0.319155 0.901198
vt 0.932512 0.603871
vt 0.935949 0.621374
vt 0.929998 0.622345
vt 0.927188 0.604917
vt 0.923711 0.588826
vt 0.930040 0.587438
vt 0.920603 0.606607
vt 0.916899 0.590089
vt 0.911575 0.573245
vt 0.908547 0.592055
vt 0.904423 0.575651
vt 0.898112 0.558120
vt 0.893213 0.578690
vt 0.888949 0.561376
vt 0.883993 0.543958
vt 0.874270 0.565879
vt 0.870487 0.549038
vt 0.865686 0.531864
vt 0.853006 0.554747
vt 0.848280 0.538530
vt 0.834954 0.560510
vt 0.829672 0.544975
vt 0.823622 0.529513
vt 0.811300 0.551782
vt 0.805197 0.536772
vt 0.798583 0.521903
vt 0.816855 0.514294
vt 0.791390 0.507343
vt 0.809309 0.499776
vt 0.830315 0.490067
vt 0.801396 0.485525
vt 0.819362 0.475835
vt 0.831969 0.456354
vt 0.844192 0.471492
vt 0.853692 0.456115
vt 0.873074 0.457710
vt 0.882622 0.466066
vt 0.877938 0.451980
vt 0.886994 0.461183
vt 0.891733 0.467423
vt 0.192826 0.830631
vt 0.186523 0.819124
vt 0.809106 0.461907
vt 0.793762 0.470468
vt 0.785428 0.455167
vt 0.777108 0.477138
vt 0.769834 0.462226
vt 0.760970 0.448053
vt 0.754438 0.468610
vt 0.746233 0.454896
vt 0.737467 0.441324
vt 0.734475 0.459776
vt 0.726607 0.446760
vt 0.718777 0.433741
vt 0.719771 0.450028
vt 0.712806 0.437512
vt 0.703585 0.425725
vt 0.706860 0.441027
vt 0.697972 0.430256
vt 0.688344 0.421061
vt 0.188480 0.634065
vt 0.196007 0.644712
vt 0.188830 0.649469
vt 0.179888 0.638130
vt 0.174006 0.625081
vt 0.183613 0.622173
vt 0.167750 0.644076
vt 0.160025 0.629635
vt 0.155953 0.613438
vt 0.139667 0.596939
vt 0.123661 0.594940
vt 0.125214 0.578481
vt 0.112327 0.592760
vt 0.114656 0.577573
vt 0.116878 0.560840
vt 0.105690 0.576252
vt 0.109960 0.560369
vt 0.110878 0.542271
vt 0.643191 0.304011
vt 0.660535 0.309745
vt 0.657116 0.317652
vt 0.640014 0.311725
vt 0.622796 0.305759
vt 0.627286 0.297502
vt 0.634954 0.321585
vt 0.617389 0.315437
vt 0.599840 0.307300
vt 0.613242 0.323193
vt 0.630956 0.329081
vt 0.626294 0.338018
vt 0.609049 0.333056
vt 0.620859 0.351139
vt 0.605827 0.346889
vt 0.222357 0.547287
vt 0.216924 0.562196
vt 0.204354 0.555844
vt 0.210960 0.540928
vt 0.219531 0.525693
vt 0.229769 0.532828
vt 0.201735 0.535224
vt 0.229373 0.511789
vt 0.238675 0.519790
vt 0.240869 0.498911
vt 0.247554 0.506881
vt 0.194738 0.551024
vt 0.184535 0.546382
vt 0.191165 0.529331
vt 0.176317 0.523719
vt 0.162200 0.503865
vt 0.144724 0.488774
vt 0.127560 0.474918
vt 0.142534 0.471734
vt 0.124901 0.458441
vt 0.139181 0.455270
vt 0.120585 0.442732
vt 0.135064 0.438823
vt 0.150250 0.433674
vt 0.130351 0.422338
vt 0.144942 0.417751
vt 0.160655 0.411802
vt 0.166816 0.426177
vt 0.172241 0.406474
vt 0.180052 0.419019
vt 0.493215 0.282932
vt 0.487039 0.269073
vt 0.497799 0.263506
vt 0.480436 0.254832
vt 0.489853 0.249602
vt 0.500542 0.243816
vt 0.508534 0.257950
vt 0.512782 0.237551
vt 0.521506 0.252277
vt 0.527395 0.229647
vt 0.536624 0.244363
vt 0.541197 0.220284
vt 0.550631 0.234906
vt 0.550086 0.213704
vt 0.559992 0.228225
vt 0.569847 0.242117
vt 0.097272 0.447072
vt 0.094095 0.430712
vt 0.104282 0.428710
vt 0.107431 0.444966
vt 0.111386 0.461374
vt 0.101134 0.463512
vt 0.117085 0.425939
vt 0.100292 0.411700
vt 0.113562 0.408764
vt 0.125905 0.405961
vt 0.110306 0.391993
vt 0.122060 0.389750
vt 0.135441 0.386318
vt 0.140039 0.401893
vt 0.149809 0.382081
vt 0.155097 0.396904
vt 0.160303 0.378372
vt 0.165827 0.392556
vt 0.144717 0.367235
vt 0.154179 0.364398
vt 0.472967 0.241302
vt 0.463890 0.228764
vt 0.472337 0.222784
vt 0.481886 0.235705
vt 0.482114 0.215871
vt 0.491937 0.229325
vt 0.493924 0.209120
vt 0.503695 0.223053
vt 0.507176 0.201379
vt 0.517544 0.215386
vt 0.518892 0.193279
vt 0.530267 0.206456
vt 0.528239 0.186377
vt 0.538636 0.199965
vt 0.086322 0.396725
vt 0.083324 0.380136
vt 0.095723 0.377736
vt 0.097749 0.394562
vt 0.090042 0.413930
vt 0.107892 0.375366
vt 0.093479 0.360752
vt 0.105175 0.358485
vt 0.114545 0.357386
vt 0.118064 0.373630
vt 0.126894 0.355074
vt 0.131257 0.370747
vt 0.139745 0.352025
vt 0.123555 0.338852
vt 0.135042 0.336808
vt 0.144898 0.334787
vt 0.149374 0.349702
vt 0.454395 0.216206
vt 0.444290 0.203914
vt 0.452361 0.197638
vt 0.462594 0.210134
vt 0.462289 0.189952
vt 0.472259 0.203045
vt 0.473821 0.182461
vt 0.484024 0.195700
vt 0.496928 0.187706
vt 0.486741 0.174266
vt 0.498379 0.166951
vt 0.508325 0.180042
vt 0.507190 0.159550
vt 0.518335 0.172447
vt 0.080789 0.363491
vt 0.077362 0.346958
vt 0.090018 0.344052
vt 0.074266 0.330552
vt 0.086233 0.328198
vt 0.098498 0.325992
vt 0.101720 0.341754
vt 0.109605 0.324432
vt 0.111769 0.340701
vt 0.120523 0.322631
vt 0.105866 0.309158
vt 0.116891 0.306114
vt 0.127459 0.304541
vt 0.131126 0.321088
vt 0.137239 0.302886
vt 0.141215 0.319288
vt 0.434215 0.191218
vt 0.423517 0.177997
vt 0.431420 0.171637
vt 0.442178 0.184594
vt 0.441243 0.163194
vt 0.451848 0.176730
vt 0.452487 0.155678
vt 0.463324 0.169141
vt 0.466200 0.147249
vt 0.476427 0.160946
vt 0.477730 0.140214
vt 0.488072 0.153249
vt 0.486478 0.133472
vt 0.496614 0.146414
vt 0.469608 0.125906
vt 0.478212 0.119232
vt 0.072555 0.314323
vt 0.072704 0.298064
vt 0.084813 0.295788
vt 0.085041 0.312554
vt 0.094344 0.294967
vt 0.096441 0.311240
vt 0.102001 0.293189
vt 0.092061 0.276994
vt 0.100137 0.275247
vt 0.109999 0.273206
vt 0.112043 0.290506
vt 0.120301 0.271325
vt 0.122769 0.287741
vt 0.130744 0.269687
vt 0.132711 0.285328
vt 0.141423 0.268521
vt 0.143464 0.284376
vt 0.146971 0.300240
vt 0.420828 0.159355
vt 0.410741 0.147037
vt 0.421047 0.138821
vt 0.431039 0.150486
vt 0.432939 0.129355
vt 0.442580 0.142026
vt 0.447561 0.120126
vt 0.457127 0.133221
vt 0.458953 0.112782
vt 0.434668 0.107891
vt 0.447348 0.099433
vt 0.458324 0.091797
vt 0.468232 0.105048
vt 0.070162 0.281241
vt 0.067542 0.265316
vt 0.079907 0.262424
vt 0.082511 0.278732
vt 0.089544 0.259911
vt 0.076747 0.246416
vt 0.087331 0.242737
vt 0.099303 0.239580
vt 0.099631 0.257491
vt 0.111003 0.238090
vt 0.110557 0.255673
vt 0.121478 0.237292
vt 0.121183 0.254287
vt 0.129848 0.236306
vt 0.129897 0.253224
vt 0.139167 0.235693
vt 0.140128 0.252534
vt 0.400536 0.134508
vt 0.388720 0.122098
vt 0.397135 0.112910
vt 0.410290 0.126236
vt 0.408288 0.104053
vt 0.421601 0.117103
vt 0.421818 0.095178
vt 0.429239 0.073005
vt 0.437575 0.085708
vt 0.443363 0.065799
vt 0.450042 0.078721
vt 0.063870 0.250465
vt 0.060227 0.236392
vt 0.073282 0.230504
vt 0.055503 0.224608
vt 0.067961 0.215410
vt 0.049867 0.217206
vt 0.060412 0.205391
vt 0.045080 0.213774
vt 0.054347 0.198679
vt 0.064977 0.185541
vt 0.049746 0.193052
vt 0.059252 0.179792
vt 0.070156 0.166376
vt 0.076458 0.171175
vt 0.082501 0.150578
vt 0.089509 0.154208
vt 0.093849 0.133076
vt 0.100216 0.137250
vt 0.293520 0.030399
vt 0.296737 0.023698
vt 0.314626 0.034304
vt 0.309559 0.041337
vt 0.335822 0.040478
vt 0.329787 0.049070
vt 0.358816 0.042686
vt 0.356619 0.051267
vt 0.378688 0.041858
vt 0.378635 0.050144
vt 0.398070 0.039670
vt 0.399178 0.048065
vt 0.414399 0.037034
vt 0.416709 0.043432
vt 0.419244 0.050068
vt 0.423111 0.060792
vt 0.434475 0.039471
vt 0.435339 0.045322
vt 0.438656 0.054167
vt 0.434030 0.033110
vt 0.412877 0.029162
vt 0.431133 0.021476
vt 0.039745 0.210634
vt 0.031242 0.202880
vt 0.045910 0.188152
vt 0.027532 0.196459
vt 0.041226 0.183085
vt 0.050572 0.170425
vt 0.055059 0.175450
vt 0.060152 0.157735
vt 0.064690 0.161880
vt 0.070489 0.143911
vt 0.076294 0.146974
vt 0.080689 0.127287
vt 0.088129 0.129531
vt 0.299241 0.016368
vt 0.304499 0.010237
vt 0.321294 0.021040
vt 0.318093 0.028175
vt 0.342092 0.025971
vt 0.339124 0.032934
vt 0.360979 0.027415
vt 0.360532 0.035310
vt 0.378570 0.025847
vt 0.378997 0.033775
vt 0.396199 0.024363
vt 0.397307 0.031943
vt 0.410441 0.021560
vt 0.394950 0.015914
vt 0.410264 0.014237
vt 0.424643 0.008525
vt 0.428220 0.014582
vt 0.378993 0.018530
vt 0.361963 0.021061
vt 0.343354 0.020007
vt 0.326049 0.016002
vt 0.311682 0.005331
vt 0.066356 0.140692
vt 0.073324 0.124569
vt 0.055998 0.153339
vt 0.045853 0.165661
vt 0.036065 0.179073
vt 0.023927 0.190521
vt 0.374671 0.110973
vt 0.138134 0.218100
vt 0.129407 0.218194
vt 0.132249 0.199598
vt 0.140670 0.201248
vt 0.361230 0.100620
vt 0.138080 0.182781
vt 0.145802 0.186077
vt 0.346348 0.096087
vt 0.146845 0.166021
vt 0.154378 0.170112
vt 0.328845 0.097563
vt 0.326053 0.087694
vt 0.312870 0.102130
vt 0.308064 0.093452
vt 0.299347 0.108756
vt 0.294220 0.100666
vt 0.288488 0.092256
vt 0.281770 0.108262
vt 0.276234 0.100258
vt 0.270117 0.092106
vt 0.281642 0.083563
vt 0.263845 0.084051
vt 0.274844 0.074440
vt 0.257049 0.076703
vt 0.268080 0.066214
vt 0.137137 0.112927
vt 0.147773 0.100485
vt 0.155172 0.107080
vt 0.144670 0.120426
vt 0.162349 0.113434
vt 0.152145 0.126808
vt 0.142015 0.140874
vt 0.131609 0.156277
vt 0.159585 0.132793
vt 0.149756 0.146775
vt 0.139487 0.161636
vt 0.130099 0.179098
vt 0.157033 0.151689
vt 0.167121 0.138531
vt 0.174832 0.144128
vt 0.164919 0.156601
vt 0.169623 0.119510
vt 0.177234 0.125704
vt 0.184960 0.131988
vt 0.187303 0.113196
vt 0.194708 0.119670
vt 0.286727 0.116343
vt 0.274471 0.124319
vt 0.269704 0.116309
vt 0.261774 0.132060
vt 0.257516 0.124493
vt 0.252718 0.117521
vt 0.264577 0.108696
vt 0.247767 0.110921
vt 0.259091 0.101204
vt 0.241954 0.104300
vt 0.252762 0.094214
vt 0.235710 0.097483
vt 0.246498 0.087514
vt 0.157611 0.087612
vt 0.167107 0.074971
vt 0.175064 0.081609
vt 0.165373 0.094006
vt 0.182748 0.088214
vt 0.172706 0.100402
vt 0.190414 0.094628
vt 0.179909 0.106688
vt 0.197792 0.100945
vt 0.199928 0.082943
vt 0.207600 0.088937
vt 0.214635 0.094339
vt 0.204654 0.107136
vt 0.216279 0.076365
vt 0.223226 0.081405
vt 0.249099 0.139949
vt 0.237566 0.148139
vt 0.232995 0.141772
vt 0.244726 0.133026
vt 0.228371 0.135492
vt 0.240230 0.126566
vt 0.223545 0.129645
vt 0.235544 0.120449
vt 0.218181 0.123526
vt 0.230346 0.114080
vt 0.212948 0.117498
vt 0.224717 0.107450
vt 0.177238 0.062795
vt 0.188930 0.050764
vt 0.195149 0.057604
vt 0.184621 0.069725
vt 0.201692 0.064391
vt 0.192061 0.076372
vt 0.208874 0.070666
vt 0.212588 0.052613
vt 0.218871 0.058796
vt 0.225356 0.064483
vt 0.230431 0.048054
vt 0.235646 0.053864
vt 0.240820 0.059518
vt 0.231558 0.069674
vt 0.227355 0.156337
vt 0.218050 0.164872
vt 0.213119 0.159512
vt 0.222541 0.150393
vt 0.208233 0.154568
vt 0.217602 0.144561
vt 0.202935 0.150527
vt 0.212382 0.139285
vt 0.196962 0.146610
vt 0.206868 0.134229
vt 0.190865 0.142115
vt 0.201504 0.129086
vt 0.202140 0.038487
vt 0.218072 0.029053
vt 0.221889 0.036031
vt 0.207170 0.045346
vt 0.225529 0.042439
vt 0.235617 0.027329
vt 0.239175 0.033219
vt 0.242676 0.039047
vt 0.248880 0.027680
vt 0.251917 0.033240
vt 0.255094 0.038730
vt 0.246594 0.045222
vt 0.258934 0.044509
vt 0.250850 0.051288
vt 0.209924 0.173958
vt 0.203976 0.181999
vt 0.199052 0.177890
vt 0.204704 0.169490
vt 0.193910 0.174283
vt 0.199682 0.165520
vt 0.188499 0.171319
vt 0.194751 0.161977
vt 0.182941 0.168546
vt 0.189413 0.158389
vt 0.177194 0.165475
vt 0.183100 0.154750
vt 0.231918 0.020828
vt 0.243783 0.014951
vt 0.246144 0.021718
vt 0.255712 0.011047
vt 0.256644 0.017404
vt 0.258994 0.023453
vt 0.261768 0.028742
vt 0.272096 0.028777
vt 0.264690 0.033943
vt 0.274893 0.032618
vt 0.267490 0.038500
vt 0.197744 0.189611
vt 0.191924 0.196251
vt 0.188928 0.192892
vt 0.193774 0.186176
vt 0.189187 0.182940
vt 0.184299 0.180394
vt 0.179176 0.178471
vt 0.172269 0.186543
vt 0.173875 0.176457
vt 0.171843 0.195874
vt 0.266622 0.010015
vt 0.276780 0.010197
vt 0.123754 0.197843
vt 0.121521 0.218313
vt 0.188945 0.565644
vt 0.626113 0.377867
vt 0.621273 0.386572
vt 0.198270 0.569674
vt 0.629993 0.368477
vt 0.645517 0.375794
vt 0.635037 0.357593
vt 0.650523 0.365478
vt 0.667012 0.373128
vt 0.656807 0.353844
vt 0.673982 0.361059
vt 0.689601 0.370013
vt 0.678620 0.352314
vt 0.695388 0.360526
vt 0.711345 0.371115
vt 0.700622 0.349861
vt 0.682894 0.343331
vt 0.687130 0.330688
vt 0.704472 0.336769
vt 0.690057 0.320536
vt 0.706059 0.324605
vt 0.098447 0.606486
vt 0.102812 0.590692
vt 0.091446 0.621618
vt 0.671224 0.325998
vt 0.675684 0.316576
vt 0.665670 0.337399
vt 0.650899 0.328526
vt 0.661516 0.345488
vt 0.646466 0.336606
vt 0.641334 0.345280
vt 0.208826 0.575575
vt 0.178250 0.656550
vt 0.164814 0.665268
vt 0.177177 0.677342
vt 0.166041 0.687379
vt 0.188983 0.667376
vt 0.201066 0.677676
vt 0.190608 0.688071
vt 0.198466 0.660010
vt 0.208953 0.669878
vt 0.220344 0.679218
vt 0.213634 0.686836
vt 0.204828 0.655205
vt 0.214291 0.664879
vt 0.225054 0.673811
vt 0.236975 0.681812
vt 0.232686 0.687318
vt 0.720822 0.465270
vt 0.713615 0.453023
vt 0.727206 0.462612
vt 0.733604 0.476106
vt 0.727132 0.478401
vt 0.739691 0.490202
vt 0.732668 0.492035
vt 0.741064 0.473560
vt 0.747943 0.487871
vt 0.753851 0.502753
vt 0.744724 0.505038
vt 0.761762 0.482991
vt 0.768413 0.498155
vt 0.774816 0.513336
vt 0.759449 0.517762
vt 0.784060 0.492539
vt 0.764928 0.532781
vt 0.753712 0.535363
vt 0.748952 0.520324
vt 0.781243 0.528173
vt 0.787473 0.543037
vt 0.770554 0.547704
vt 0.776184 0.562804
vt 0.763512 0.565976
vt 0.758604 0.550500
vt 0.793299 0.558020
vt 0.798613 0.572924
vt 0.781376 0.577729
vt 0.816707 0.566723
vt 0.821357 0.581814
vt 0.803268 0.587700
vt 0.839327 0.576263
vt 0.842714 0.592249
vt 0.825080 0.597209
vt 0.857013 0.571059
vt 0.860409 0.587444
vt 0.862838 0.603785
vt 0.845230 0.608452
vt 0.877648 0.582675
vt 0.880185 0.599303
vt 0.882612 0.615678
vt 0.865102 0.620087
vt 0.896279 0.595185
vt 0.899323 0.611657
vt 0.902227 0.627780
vt 0.885072 0.631849
vt 0.911929 0.608793
vt 0.915261 0.625413
vt 0.917223 0.642294
vt 0.904260 0.644564
vt 0.923469 0.623753
vt 0.925590 0.641194
vt 0.928321 0.658246
vt 0.920012 0.659625
vt 0.932291 0.640481
vt 0.935163 0.657142
vt 0.939196 0.673905
vt 0.932272 0.675134
vt 0.938293 0.639488
vt 0.941490 0.656193
vt 0.945352 0.672712
vt 0.368610 0.918512
vt 0.923951 0.676567
vt 0.906908 0.661750
vt 0.887502 0.648282
vt 0.867411 0.636271
vt 0.847438 0.624666
vt 0.827727 0.613141
vt 0.807323 0.602593
vt 0.786041 0.592454
vt 0.767940 0.581126
vt 0.755290 0.567489
vt 0.743093 0.554090
vt 0.750499 0.552325
vt 0.738104 0.538846
vt 0.745777 0.536966
vt 0.289640 0.712572
vt 0.285337 0.718979
vt 0.272107 0.711016
vt 0.276451 0.704817
vt 0.741236 0.522126
vt 0.258841 0.702652
vt 0.263086 0.696563
vt 0.737381 0.506783
vt 0.245353 0.695225
vt 0.249576 0.689132
vt 0.253518 0.710391
vt 0.239941 0.702998
vt 0.226912 0.694965
vt 0.232149 0.714504
vt 0.218208 0.706362
vt 0.204294 0.697666
vt 0.209113 0.718038
vt 0.194544 0.708478
vt 0.180362 0.698237
vt 0.185825 0.720979
vt 0.171300 0.710183
vt 0.155745 0.697876
vt 0.160463 0.718440
vt 0.145635 0.705571
vt 0.151239 0.722954
vt 0.139674 0.709305
vt 0.126462 0.696651
vt 0.134784 0.712554
vt 0.122507 0.700486
vt 0.109201 0.690950
vt 0.111877 0.686065
vt 0.095651 0.685595
vt 0.097204 0.680283
vt 0.084151 0.678832
vt 0.083808 0.673149
vt 0.083782 0.683691
vt 0.071782 0.681822
vt 0.072471 0.677603
vt 0.094154 0.690367
vt 0.082874 0.688142
vt 0.070858 0.686093
vt 0.058863 0.683707
vt 0.060493 0.680022
vt 0.775565 0.311591
vt 0.772235 0.323518
vt 0.767785 0.322168
vt 0.771102 0.310251
vt 0.778495 0.299314
vt 0.762616 0.320141
vt 0.766074 0.308656
vt 0.756497 0.317086
vt 0.760730 0.306086
vt 0.750693 0.313682
vt 0.756185 0.302992
vt 0.745604 0.310287
vt 0.751933 0.299898
vt 0.760619 0.289140
vt 0.770250 0.285559
vt 0.054547 0.661730
vt 0.064955 0.653653
vt 0.067795 0.657738
vt 0.057594 0.664196
vt 0.053184 0.671040
vt 0.049660 0.670586
vt 0.053673 0.676241
vt 0.050711 0.677980
vt 0.777024 0.288841
vt 0.070373 0.662116
vt 0.077587 0.652121
vt 0.080076 0.658350
vt 0.082350 0.665745
vt 0.072253 0.667326
vt 0.072800 0.672928
vt 0.087863 0.646667
vt 0.074653 0.647210
vt 0.081506 0.640285
vt 0.086510 0.632470
vt 0.739814 0.318780
vt 0.765390 0.334554
vt 0.770618 0.334896
vt 0.771986 0.348119
vt 0.766775 0.349103
vt 0.773158 0.364253
vt 0.777542 0.362002
vt 0.788088 0.374583
vt 0.783959 0.377583
vt 0.118888 0.703971
vt 0.106576 0.695415
vt 0.130489 0.715516
vt 0.796762 0.389677
vt 0.792193 0.393438
vt 0.779493 0.380831
vt 0.800688 0.386315
vt 0.141047 0.728858
vt 0.150383 0.742861
vt 0.145258 0.745149
vt 0.136448 0.731035
vt 0.145777 0.726106
vt 0.156105 0.740360
vt 0.167064 0.755144
vt 0.159730 0.757636
vt 0.163101 0.737410
vt 0.178248 0.751783
vt 0.175258 0.731977
vt 0.190030 0.742301
vt 0.200217 0.729985
vt 0.214774 0.739066
vt 0.223397 0.727123
vt 0.237365 0.736105
vt 0.245813 0.722545
vt 0.259263 0.730251
vt 0.266872 0.718533
vt 0.280413 0.726480
vt 0.729180 0.540971
vt 0.734499 0.556100
vt 0.153712 0.759826
vt 0.809659 0.400492
vt 0.774866 0.384166
vt 0.900959 0.841597
vt 0.908083 0.846904
vt 0.902337 0.858695
vt 0.895326 0.855900
vt 0.913649 0.851343
vt 0.908231 0.861091
vt 0.906609 0.872483
vt 0.900120 0.872342
vt 0.559177 0.925317
vt 0.570590 0.925901
vt 0.901246 0.888031
vt 0.894408 0.888470
vt 0.892890 0.871617
vt 0.907485 0.887569
vt 0.908557 0.904994
vt 0.902612 0.905429
vt 0.584769 0.930877
vt 0.602876 0.931346
vt 0.601249 0.937146
vt 0.619251 0.941703
vt 0.908441 0.923282
vt 0.905962 0.939141
vt 0.902562 0.922938
vt 0.895838 0.905783
vt 0.780005 0.923233
vt 0.224587 0.453726
vt 0.333227 0.434397
vt 0.949537 0.840511
vt 0.961738 0.841368
vt 0.973266 0.840378
vt 0.985874 0.831035
vt 0.982006 0.837050
vt 0.606176 0.519628
vt 0.602523 0.511513
vt 0.614937 0.512270
vt 0.613247 0.521621
vt 0.599674 0.503699
vt 0.615685 0.504077
vt 0.602641 0.496162
vt 0.616589 0.495901
vt 0.608403 0.488733
vt 0.617862 0.486985
vt 0.628618 0.513996
vt 0.621385 0.521000
vt 0.631008 0.505454
vt 0.630394 0.496416
vt 0.627403 0.488966
vt 0.612316 0.530027
vt 0.626560 0.528946
vt 0.629245 0.537167
vt 0.611566 0.538664
vt 0.638505 0.521030
vt 0.644776 0.526896
vt 0.598756 0.525603
vt 0.594421 0.532522
vt 0.633756 0.482091
vt 0.617898 0.478347
vt 0.617983 0.470340
vt 0.637724 0.475330
vt 0.643630 0.507157
vt 0.652785 0.508600
vt 0.642671 0.493439
vt 0.649941 0.490040
vt 0.588752 0.502813
vt 0.590357 0.514677
vt 0.582912 0.518561
vt 0.580964 0.501957
vt 0.592919 0.491473
vt 0.586199 0.486315
vt 0.603397 0.482545
vt 0.600018 0.475653
s 1
f 1/1/1 2/2/2 3/3/3 4/4/4
f 1/1/1 4/4/4 5/5/5 6/6/6
f 1/1/1 6/6/6 7/7/7 2/2/2
f 8/8/8 7/7/7 6/6/6 9/9/9
f 8/8/8 10/10/10 11/11/11 7/7/7
f 8/8/8 9/9/9 12/12/12 10/10/10
f 13/13/13 14/14/14 15/15/15 16/16/16
f 13/13/13 17/17/17 18/18/18 14/14/14
f 13/13/13 16/16/16 19/19/19 17/17/17
f 17/17/17 19/19/19 20/20/20 18/18/18
f 21/21/21 22/22/22 23/23/23 24/24/24
f 21/21/21 24/24/24 25/25/25 26/26/26
f 27/27/27 23/23/23 28/28/28 29/29/29
f 27/27/27 30/30/30 24/24/24 23/23/23
f 27/27/27 29/29/29 31/31/31 30/30/30
f 32/32/32 33/33/33 34/34/34 35/35/35
f 32/32/32 36/36/36 37/37/37 33/33/33
f 32/32/32 35/35/35 38/38/38 36/36/36
f 39/39/39 40/40/40 36/36/36 38/38/38
f 41/41/41 42/42/42 43/43/43 44/44/44
f 41/41/41 45/45/45 46/46/46 42/42/42
f 41/41/41 44/44/44 47/47/47 45/45/45
f 44/44/44 43/43/43 48/48/48 47/47/47
f 49/49/49 50/50/50 51/51/51 52/52/52
f 49/49/49 53/53/53 54/54/54 50/50/50
f 49/49/49 55/55/55 56/56/56 53/53/53
f 49/49/49 52/52/52 57/57/57 58/58/58
f 49/49/49 58/58/58 59/59/59 55/55/55
f 60/60/60 61/61/61 62/62/62 63/63/63
f 60/60/60 64/64/64 65/65/65 61/61/61
f 60/60/60 63/63/63 66/66/66 67/67/67
f 68/68/68 69/69/69 70/70/70 71/71/71
f 68/68/68 72/72/72 73/73/73 69/69/69
f 68/68/68 74/74/74 75/75/75 72/72/72
f 68/68/68 71/71/71 76/76/76 77/77/77
f 68/68/68 77/77/77 78/78/78 74/74/74
f 79/79/79 80/80/80 81/81/81 82/82/82
f 79/79/79 83/83/83 84/84/84 80/80/80
f 79/79/79 85/85/85 86/86/86 83/83/83
f 79/79/79 87/87/87 88/88/88 85/85/85
f 79/79/79 82/82/82 89/89/89 87/87/87
f 90/90/90 91/91/91 92/92/92 93/93/93
f 90/90/90 93/93/93 94/94/94 95/95/95
f 90/90/90 95/95/95 96/96/96 91/91/91
f 91/91/91 96/96/96 97/97/97 92/92/92
f 98/98/98 99/99/99 100/100/100 101/101/101
f 98/98/98 101/101/101 102/102/102 103/103/103
f 98/98/98 103/103/103 104/104/104 99/99/99
f 105/105/105 106/106/106 107/107/107 108/108/108
f 105/109/105 108/110/108 109/111/109 110/112/110
f 105/105/105 110/113/110 111/114/111 106/106/106
f 111/114/111 112/115/112 113/116/113 114/117/114
f 99/99/99 104/104/104 115/118/115 100/100/100
f 116/119/116 117/120/117 118/121/118 119/122/119
f 116/119/116 120/123/120 78/78/78 117/120/117
f 116/119/116 121/124/121 122/125/122 120/123/120
f 116/119/116 123/126/123 124/127/124 121/124/121
f 116/119/116 119/122/119 125/128/125 123/126/123
f 129/129/126 130/130/127 131/131/128 132/132/129
f 129/129/126 132/132/129 133/133/130 134/134/131
f 129/129/126 135/135/132 136/136/133 130/130/127
f 129/129/126 134/134/131 137/137/134 138/138/135
f 129/129/126 138/138/135 139/139/136 135/135/132
f 140/140/137 141/141/138 142/142/139 143/143/140
f 140/140/137 144/144/141 145/145/142 146/146/143
f 140/140/137 147/147/144 148/148/145 141/141/138
f 140/140/137 146/146/143 149/149/146 147/147/144
f 150/150/147 151/151/148 152/152/149 153/153/150
f 150/150/147 154/154/151 155/155/152 151/151/148
f 150/150/147 153/153/150 156/156/153 157/157/154
f 150/150/147 157/157/154 158/158/155 159/159/156
f 150/150/147 159/159/156 160/160/157 154/154/151
f 161/161/158 162/162/159 163/163/160 164/164/161
f 161/161/158 164/164/161 165/165/162 166/166/163
f 161/161/158 166/166/163 167/167/164 162/162/159
f 168/168/165 169/169/166 170/170/167 171/171/168
f 168/168/165 172/172/169 173/173/170 169/169/166
f 168/168/165 171/171/168 174/174/171 172/172/169
f 166/166/163 165/165/162 175/175/172 176/176/173
f 171/171/168 170/170/167 177/177/174 174/174/171
f 178/178/175 179/179/176 87/87/87 89/89/89
f 178/178/175 180/180/177 181/181/178 179/179/176
f 178/182/175 182/183/179 183/184/180 180/185/177
f 187/186/181 188/187/182 189/188/183 190/189/184
f 187/186/181 191/190/185 192/191/186 188/187/182
f 187/186/181 190/189/184 193/192/187 191/190/185
f 194/193/188 195/194/189 196/195/190 197/196/191
f 194/193/188 198/197/192 199/198/193 195/194/189
f 194/193/188 197/196/191 200/199/194 201/200/195
f 207/201/196 208/202/197 209/203/198 210/204/199
f 211/205/200 212/206/201 213/207/202 214/208/203
f 211/205/200 215/209/204 216/210/205 212/206/201
f 211/205/200 217/211/206 218/212/207 215/209/204
f 211/205/200 219/213/208 220/214/209 217/211/206
f 211/205/200 214/208/203 221/215/210 219/213/208
f 222/216/211 223/217/212 224/218/213 225/219/214
f 222/216/211 225/219/214 226/220/215 227/221/216
f 222/216/211 227/221/216 228/222/217 229/223/218
f 222/216/211 230/224/219 231/225/220 223/217/212
f 222/216/211 229/223/218 232/226/221 230/224/219
f 233/227/222 234/228/223 235/229/224 236/230/225
f 233/227/222 237/231/226 238/232/227 234/228/223
f 233/227/222 239/233/228 240/234/229 237/231/226
f 228/222/217 241/235/230 242/236/231 229/223/218
f 228/222/217 227/221/216 243/237/232 244/238/233
f 228/222/217 245/239/234 246/240/235 241/235/230
f 228/222/217 244/238/233 247/241/236 245/239/234
f 248/242/237 249/243/238 250/244/239 251/245/240
f 248/242/237 252/246/241 253/247/242 249/243/238
f 248/242/237 254/248/243 255/249/244 252/246/241
f 248/242/237 256/250/245 257/251/246 254/248/243
f 248/242/237 251/245/240 258/252/247 256/250/245
f 259/253/248 260/254/249 183/184/180 182/183/179
f 261/255/250 262/256/251 260/254/249 259/253/248
f 259/253/248 182/183/179 263/257/252 261/255/250
f 264/258/253 265/259/254 266/260/255 267/261/256
f 264/258/253 268/262/257 269/263/258 265/259/254
f 264/258/253 267/261/256 270/264/259 268/262/257
f 271/265/260 272/266/261 273/267/262 274/268/263
f 271/265/260 274/268/263 275/269/264 276/270/265
f 271/265/260 276/270/265 277/271/266 278/272/267
f 271/265/260 279/273/268 280/274/269 272/266/261
f 271/265/260 278/272/267 281/275/270 279/273/268
f 282/276/271 283/277/272 284/278/273 285/279/274
f 282/276/271 285/279/274 265/259/254 269/263/258
f 282/276/271 269/263/258 286/280/275 283/277/272
f 277/271/266 287/281/276 288/282/277 278/272/267
f 277/271/266 276/270/265 289/283/278 290/284/279
f 291/285/280 283/286/272 286/287/275 292/288/281
f 291/285/280 293/289/282 284/290/273 283/286/272
f 291/285/280 292/288/281 294/291/283 293/289/282
f 295/292/284 294/291/283 292/288/281 296/293/285
f 295/292/284 296/293/285 297/294/286 298/295/287
f 295/292/284 298/295/287 299/296/288 294/291/283
f 300/297/289 301/298/290 302/299/291 303/300/292
f 300/297/289 304/301/293 305/302/294 306/303/295
f 300/297/289 303/300/292 307/304/296 304/301/293
f 300/297/289 308/305/297 309/306/298 301/298/290
f 300/297/289 306/303/295 310/307/299 308/305/297
f 309/306/298 311/308/300 312/309/301 301/298/290
f 309/306/298 313/310/302 314/311/303 311/308/300
f 309/306/298 308/305/297 315/312/304 316/313/305
f 309/306/298 316/313/305 317/314/306 313/310/302
f 318/315/307 319/316/308 320/317/309 321/318/310
f 318/315/307 321/318/310 322/319/311 323/320/312
f 318/315/307 324/321/313 325/322/314 319/316/308
f 320/317/309 326/323/315 327/324/316 328/325/317
f 320/317/309 319/316/308 329/326/318 326/323/315
f 320/317/309 328/325/317 330/327/319 331/328/320
f 320/317/309 331/328/320 332/329/321 321/318/310
f 333/330/322 334/331/323 335/332/324 336/333/325
f 333/330/322 337/334/326 338/335/327 334/331/323
f 337/334/326 333/330/322 336/333/325 339/336/328
f 337/334/326 339/336/328 340/337/329 338/335/327
f 341/338/330 342/339/331 343/340/332 344/341/333
f 341/338/330 344/341/333 345/342/334 346/343/335
f 341/338/330 346/343/335 347/344/336 342/339/331
f 348/345/337 349/346/338 342/339/331 347/344/336
f 349/346/338 348/345/337 350/347/339 351/348/340
f 349/346/338 351/348/340 352/349/341 353/350/342
f 349/346/338 353/350/342 343/340/332 342/339/331
f 353/351/342 352/352/341 354/353/343 340/337/329
f 353/351/342 340/337/329 339/336/328 343/354/332
f 354/353/343 352/352/341 355/355/344 356/356/345
f 354/353/343 356/356/345 357/357/346 358/358/347
f 354/353/343 358/358/347 338/335/327 340/337/329
f 358/358/347 357/357/346 359/359/348 360/360/349
f 358/358/347 360/360/349 334/331/323 338/335/327
f 360/360/349 359/359/348 361/361/350 362/362/351
f 360/360/349 362/362/351 335/332/324 334/331/323
f 362/362/351 361/361/350 363/363/352 364/364/353
f 362/362/351 364/364/353 345/365/334 335/332/324
f 364/366/353 363/367/352 365/368/354 366/369/355
f 364/366/353 366/369/355 346/343/335 345/342/334
f 366/369/355 365/368/354 367/370/356 368/371/357
f 366/369/355 368/371/357 347/344/336 346/343/335
f 368/371/357 367/370/356 369/372/358 350/347/339
f 368/371/357 350/347/339 348/345/337 347/344/336
f 369/372/358 367/370/356 370/373/359 371/374/360
f 369/372/358 371/374/360 372/375/361 373/376/362
f 369/372/358 373/376/362 351/348/340 350/347/339
f 373/376/362 372/375/361 374/377/363 355/378/344
f 373/376/362 355/378/344 352/349/341 351/348/340
f 374/377/363 372/375/361 375/379/364 376/380/365
f 374/381/363 376/382/365 377/383/366 378/384/367
f 374/381/363 378/384/367 356/356/345 355/355/344
f 378/384/367 377/383/366 379/385/368 380/386/369
f 378/384/367 380/386/369 357/357/346 356/356/345
f 380/386/369 379/385/368 381/387/370 382/388/371
f 380/386/369 382/388/371 359/359/348 357/357/346
f 382/388/371 381/387/370 383/389/372 384/390/373
f 382/388/371 384/390/373 361/361/350 359/359/348
f 384/390/373 383/389/372 385/391/374 386/392/375
f 384/390/373 386/392/375 363/363/352 361/361/350
f 386/393/375 385/394/374 387/395/376 388/396/377
f 386/393/375 388/396/377 365/368/354 363/367/352
f 388/396/377 387/395/376 389/397/378 370/373/359
f 388/396/377 370/373/359 367/370/356 365/368/354
f 389/397/378 387/395/376 390/398/379 391/399/380
f 389/397/378 391/399/380 392/400/381 393/401/382
f 389/397/378 393/401/382 371/374/360 370/373/359
f 393/401/382 392/400/381 394/402/383 375/379/364
f 393/401/382 375/379/364 372/375/361 371/374/360
f 394/402/383 392/400/381 395/403/384 396/404/385
f 394/402/383 396/404/385 397/405/386 398/406/387
f 394/402/383 398/406/387 376/380/365 375/379/364
f 398/407/387 397/408/386 399/409/388 400/410/389
f 398/407/387 400/410/389 377/383/366 376/382/365
f 400/410/389 399/409/388 401/411/390 402/412/391
f 400/410/389 402/412/391 379/385/368 377/383/366
f 402/412/391 401/411/390 403/413/392 404/414/393
f 402/412/391 404/414/393 381/387/370 379/385/368
f 404/414/393 403/413/392 405/415/394 406/416/395
f 404/414/393 406/416/395 383/389/372 381/387/370
f 406/416/395 405/415/394 407/417/396 408/418/397
f 406/416/395 408/418/397 385/391/374 383/389/372
f 408/419/397 407/420/396 409/421/398 390/398/379
f 408/419/397 390/398/379 387/395/376 385/394/374
f 409/421/398 407/420/396 410/422/399 411/423/400
f 409/421/398 411/423/400 412/424/401 413/425/402
f 409/421/398 413/425/402 391/399/380 390/398/379
f 413/425/402 412/424/401 332/329/321 395/403/384
f 413/425/402 395/403/384 392/400/381 391/399/380
f 412/424/401 411/423/400 414/426/403 322/319/311
f 412/424/401 322/319/311 321/318/310 332/329/321
f 414/426/403 411/423/400 410/422/399 310/427/299
f 414/426/403 310/427/299 306/428/295 415/429/404
f 414/426/403 415/429/404 323/320/312 322/319/311
f 415/429/404 306/428/295 305/430/294 416/431/405
f 415/429/404 416/431/405 417/432/406 323/320/312
f 417/432/406 416/431/405 418/433/407 419/434/408
f 417/432/406 419/434/408 420/435/409 421/436/410
f 417/432/406 421/436/410 318/315/307 323/320/312
f 421/436/410 420/435/409 422/437/411 423/438/412
f 421/436/410 423/438/412 324/321/313 318/315/307
f 423/438/412 422/437/411 424/439/413 425/440/414
f 423/438/412 425/440/414 426/441/415 324/321/313
f 426/441/415 427/442/416 325/322/314 324/321/313
f 426/441/415 425/440/414 428/443/417 429/444/418
f 426/441/415 429/444/418 430/445/419 427/442/416
f 430/445/419 431/446/420 432/447/421 427/442/416
f 430/448/419 429/449/418 433/450/422 434/451/423
f 430/448/419 434/451/423 435/452/424 431/453/420
f 435/452/424 436/454/425 437/455/426 431/453/420
f 435/452/424 434/451/423 438/456/427 439/457/428
f 435/452/424 439/457/428 440/458/429 436/454/425
f 440/458/429 441/459/430 442/460/431 436/454/425
f 440/458/429 439/457/428 443/461/432 444/462/433
f 440/458/429 444/462/433 445/463/434 441/459/430
f 445/463/434 446/464/435 447/465/436 441/459/430
f 445/463/434 444/462/433 448/466/437 449/467/438
f 445/463/434 449/467/438 450/468/439 446/464/435
f 450/468/439 451/469/440 452/470/441 446/464/435
f 450/468/439 449/467/438 453/471/442 454/472/443
f 450/468/439 454/472/443 455/473/444 451/469/440
f 455/473/444 456/474/445 457/475/446 451/469/440
f 455/473/444 454/472/443 458/476/447 459/477/448
f 455/473/444 459/477/448 460/478/449 456/474/445
f 460/478/449 461/479/450 462/480/451 456/474/445
f 460/481/449 459/482/448 463/483/452 464/484/453
f 460/481/449 464/484/453 465/485/454 461/486/450
f 465/485/454 466/487/455 467/488/456 461/486/450
f 465/485/454 464/484/453 468/489/457 469/490/458
f 465/485/454 469/490/458 470/491/459 466/487/455
f 470/491/459 471/492/460 472/493/461 466/487/455
f 470/491/459 469/490/458 473/494/462 474/495/463
f 470/491/459 474/495/463 475/496/464 471/492/460
f 475/496/464 476/497/465 477/498/466 471/492/460
f 475/496/464 474/495/463 478/499/467 479/500/468
f 475/496/464 479/500/468 480/501/469 476/497/465
f 480/501/469 481/502/470 482/503/471 476/497/465
f 480/501/469 479/500/468 483/504/472 484/505/473
f 480/501/469 484/505/473 485/506/474 481/502/470
f 485/506/474 486/507/475 487/508/476 481/502/470
f 485/506/474 484/505/473 488/509/477 489/510/478
f 485/506/474 489/510/478 490/511/479 486/507/475
f 490/511/479 491/512/480 492/513/481 486/507/475
f 490/511/479 489/510/478 493/514/482 494/515/483
f 490/511/479 494/515/483 495/516/484 491/512/480
f 495/516/484 496/517/485 497/518/486 491/512/480
f 495/516/484 494/515/483 498/519/487 499/520/488
f 495/516/484 499/520/488 500/521/489 496/517/485
f 500/521/489 501/522/490 502/523/491 496/517/485
f 500/521/489 499/520/488 503/524/492 504/525/493
f 500/521/489 504/525/493 505/526/494 501/522/490
f 505/526/494 506/527/495 507/528/496 501/522/490
f 505/526/494 504/525/493 508/529/497 509/530/498
f 505/526/494 509/530/498 510/531/499 506/527/495
f 510/531/499 511/532/500 512/533/501 506/527/495
f 510/534/502 509/535/503 513/536/504 514/537/505
f 510/534/502 514/537/505 221/215/210 511/538/506
f 514/537/505 513/536/504 515/539/507 516/540/508
f 514/537/505 516/540/508 219/213/208 221/215/210
f 516/540/508 515/539/507 517/541/509 518/542/510
f 516/540/508 518/542/510 220/214/209 219/213/208
f 518/542/510 517/541/509 519/543/511 520/544/512
f 518/542/510 520/544/512 521/545/513 220/214/209
f 521/545/513 522/546/514 217/211/206 220/214/209
f 521/545/513 520/544/512 523/547/515 524/548/516
f 521/545/513 524/548/516 525/549/517 522/546/514
f 525/549/517 526/550/518 527/551/519 522/546/514
f 525/549/517 524/548/516 528/552/520 529/553/521
f 525/549/517 529/553/521 530/554/522 526/550/518
f 530/554/522 531/555/523 532/556/524 526/550/518
f 530/554/522 529/553/521 533/557/525 534/558/526
f 530/554/522 534/558/526 535/559/527 531/555/523
f 535/559/527 536/560/528 537/561/529 531/555/523
f 535/559/527 534/558/526 538/562/530 539/563/531
f 535/559/527 539/563/531 540/564/532 536/560/528
f 540/564/532 541/565/533 542/566/534 536/560/528
f 540/567/532 539/568/531 543/569/535 544/570/536
f 540/567/532 544/570/536 545/571/537 541/572/533
f 545/571/537 546/573/538 547/574/539 541/572/533
f 545/571/537 544/570/536 548/575/540 549/576/541
f 545/571/537 549/576/541 550/577/542 546/573/538
f 550/577/542 551/578/543 552/579/544 546/573/538
f 550/577/542 549/576/541 553/580/545 554/581/546
f 550/577/542 554/581/546 555/582/547 551/578/543
f 555/582/547 556/583/548 557/584/549 551/578/543
f 555/582/547 554/581/546 558/585/550 559/586/551
f 555/582/547 559/586/551 560/587/552 556/583/548
f 560/587/552 561/588/553 562/589/554 556/583/548
f 560/587/552 559/586/551 563/590/555 564/591/556
f 560/587/552 564/591/556 565/592/557 561/588/553
f 565/592/557 566/593/558 567/594/559 561/588/553
f 565/592/557 564/591/556 568/595/560 569/596/561
f 565/592/557 569/596/561 570/597/562 566/593/558
f 570/597/562 571/598/563 572/599/564 566/593/558
f 570/597/562 569/596/561 573/600/565 574/601/566
f 570/597/562 574/601/566 575/602/567 571/598/563
f 575/602/567 576/603/568 577/604/569 571/598/563
f 575/602/567 574/601/566 578/605/570 579/606/571
f 575/602/567 579/606/571 580/607/572 576/603/568
f 580/607/572 581/608/573 582/609/574 576/603/568
f 580/607/572 579/606/571 583/610/575 584/611/576
f 580/607/572 584/611/576 585/612/577 581/608/573
f 585/612/577 586/613/578 587/614/579 581/608/573
f 585/612/577 584/611/576 588/615/580 589/616/581
f 585/612/577 589/616/581 590/617/582 586/613/578
f 590/617/582 176/176/173 591/618/583 586/613/578
f 590/617/582 589/616/581 592/619/584 593/620/585
f 590/617/582 593/620/585 166/166/163 176/176/173
f 593/620/585 592/619/584 594/621/586 595/622/587
f 593/620/585 595/622/587 167/167/164 166/166/163
f 595/622/587 594/621/586 596/623/588 597/624/589
f 595/622/587 597/624/589 109/111/109 167/167/164
f 597/624/589 596/623/588 598/625/590 599/626/591
f 597/624/589 599/626/591 110/112/110 109/111/109
f 599/627/591 598/628/590 600/629/592 112/115/112
f 599/627/591 112/115/112 111/114/111 110/113/110
f 600/629/592 598/628/590 601/630/593 602/631/594
f 600/629/592 602/631/594 603/632/595 604/633/596
f 600/629/592 604/633/596 113/116/113 112/115/112
f 604/633/596 603/632/595 605/634/597 606/635/598
f 604/633/596 606/635/598 607/636/599 113/116/113
f 607/636/599 608/637/600 114/117/114 113/116/113
f 607/636/599 606/635/598 609/638/601 610/639/602
f 607/636/599 610/639/602 611/640/603 608/637/600
f 611/640/603 125/128/125 119/122/119 608/637/600
f 611/640/603 610/639/602 612/641/604 613/642/605
f 611/640/603 613/642/605 614/643/606 125/128/125
f 614/643/606 615/644/607 123/126/123 125/128/125
f 614/643/606 613/642/605 616/645/608 617/646/609
f 614/643/606 617/646/609 618/647/610 615/644/607
f 618/647/610 619/648/611 620/649/612 615/644/607
f 618/647/610 617/646/609 621/650/613 622/651/614
f 618/647/610 622/651/614 623/652/615 619/648/611
f 623/652/615 624/653/616 625/654/617 619/648/611
f 623/652/615 622/651/614 626/655/618 627/656/619
f 623/652/615 627/656/619 628/657/620 624/653/616
f 628/657/620 629/658/621 630/659/622 624/653/616
f 628/657/620 627/656/619 631/660/623 632/661/624
f 628/657/620 632/661/624 633/662/625 629/658/621
f 633/662/625 634/663/626 59/59/59 629/658/621
f 633/662/625 632/661/624 635/664/627 636/665/628
f 633/662/625 636/665/628 637/666/629 634/663/626
f 637/666/629 638/667/630 639/668/631 634/663/626
f 637/669/629 636/670/628 640/671/632 641/672/633
f 637/669/629 641/672/633 642/673/634 638/674/630
f 642/673/634 643/675/635 644/676/636 638/674/630
f 642/673/634 641/672/633 645/677/637 646/678/638
f 642/673/634 646/678/638 647/679/639 643/675/635
f 647/679/639 648/680/640 649/681/641 643/675/635
f 647/679/639 646/678/638 650/682/642 651/683/643
f 647/679/639 651/683/643 652/684/644 648/680/640
f 652/684/644 653/685/645 654/686/646 648/680/640
f 652/684/644 651/683/643 145/145/142 655/687/647
f 652/684/644 655/687/647 656/688/648 653/685/645
f 656/688/648 657/689/649 658/690/650 653/685/645
f 656/688/648 655/687/647 659/691/651 660/692/652
f 656/688/648 660/692/652 661/693/653 657/689/649
f 661/693/653 662/694/654 663/695/655 657/689/649
f 661/693/653 660/692/652 664/696/656 665/697/657
f 661/693/653 665/697/657 666/698/658 662/694/654
f 666/698/658 667/699/659 40/40/40 662/694/654
f 666/698/658 665/697/657 668/700/660 669/701/661
f 666/698/658 669/701/661 670/702/662 667/699/659
f 670/702/662 671/703/663 37/37/37 667/699/659
f 670/704/662 669/705/661 672/706/664 20/20/20
f 670/704/662 20/20/20 19/19/19 671/707/663
f 672/706/664 669/705/661 668/708/660 673/709/665
f 672/706/664 673/709/665 674/710/666 675/711/667
f 672/706/664 675/711/667 18/18/18 20/20/20
f 675/711/667 674/710/666 676/712/668 677/713/669
f 675/711/667 677/713/669 14/14/14 18/18/18
f 677/713/669 676/712/668 678/714/670 679/715/671
f 677/713/669 679/715/671 15/15/15 14/14/14
f 679/715/671 678/714/670 680/716/672 681/717/673
f 679/715/671 681/717/673 682/718/674 15/15/15
f 682/718/674 683/719/675 16/16/16 15/15/15
f 682/720/674 681/721/673 684/722/676 34/34/34
f 682/720/674 34/34/34 33/33/33 683/723/675
f 684/722/676 681/721/673 680/724/672 685/725/677
f 684/722/676 685/725/677 686/726/678 687/727/679
f 684/722/676 687/727/679 35/35/35 34/34/34
f 687/727/679 686/726/678 658/690/650 688/728/680
f 687/727/679 688/728/680 38/38/38 35/35/35
f 688/728/680 658/690/650 657/689/649 663/695/655
f 688/728/680 663/695/655 39/39/39 38/38/38
f 686/726/678 685/725/677 689/729/681 654/686/646
f 686/726/678 654/686/646 653/685/645 658/690/650
f 689/729/681 685/725/677 680/724/672 690/730/682
f 689/729/681 690/730/682 691/731/683 649/681/641
f 689/729/681 649/681/641 648/680/640 654/686/646
f 691/732/683 690/733/682 692/734/684 693/735/685
f 691/732/683 693/735/685 694/736/686 644/737/636
f 691/731/683 644/676/636 643/675/635 649/681/641
f 694/736/686 693/735/685 695/738/687 56/56/56
f 694/736/686 56/56/56 55/55/55 639/668/631
f 694/736/686 639/668/631 638/667/630 644/737/636
f 695/738/687 696/739/688 697/740/689 698/741/690
f 695/738/687 698/741/690 53/53/53 56/56/56
f 695/738/687 693/735/685 692/734/684 696/739/688
f 698/741/690 697/740/689 699/742/691 700/743/692
f 698/741/690 700/743/692 54/54/54 53/53/53
f 700/743/692 699/742/691 701/744/693 702/745/694
f 700/743/692 702/745/694 703/746/695 54/54/54
f 703/747/695 702/748/694 704/749/696 705/750/697
f 703/747/695 705/750/697 143/143/140 706/751/698
f 703/746/695 706/752/698 50/50/50 54/54/54
f 706/751/698 143/143/140 142/142/139 707/753/699
f 706/752/698 707/754/699 51/51/51 50/50/50
f 707/754/699 708/755/700 709/756/701 51/51/51
f 707/753/699 142/142/139 710/757/702 708/758/700
f 710/757/702 711/759/703 712/760/704 708/758/700
f 710/757/702 142/142/139 141/141/138 137/137/134
f 710/757/702 137/137/134 134/134/131 711/759/703
f 712/761/704 713/762/705 714/763/706 715/764/707
f 712/761/704 715/764/707 709/756/701 708/755/700
f 712/760/704 711/759/703 716/765/708 713/766/705
f 716/765/708 717/767/709 718/768/710 713/766/705
f 716/765/708 711/759/703 134/134/131 133/133/130
f 716/765/708 133/133/130 719/769/711 717/767/709
f 719/769/711 720/770/712 721/771/713 717/767/709
f 719/769/711 133/133/130 132/132/129 722/772/714
f 719/769/711 722/772/714 723/773/715 720/770/712
f 723/773/715 724/774/716 725/775/717 720/770/712
f 723/773/715 722/772/714 726/776/718 727/777/719
f 723/773/715 727/777/719 728/778/720 724/774/716
f 728/778/720 26/26/26 25/25/25 724/774/716
f 728/778/720 727/777/719 729/779/721 730/780/722
f 728/778/720 730/780/722 731/781/723 26/26/26
f 731/781/723 22/22/22 21/21/21 26/26/26
f 731/781/723 730/780/722 732/782/724 733/783/725
f 731/781/723 733/783/725 734/784/726 22/22/22
f 734/784/726 28/28/28 23/23/23 22/22/22
f 734/784/726 733/783/725 735/785/727 736/786/728
f 734/784/726 736/786/728 737/787/729 28/28/28
f 737/787/729 738/788/730 29/29/29 28/28/28
f 737/789/729 736/790/728 739/791/731 11/11/11
f 737/789/729 11/11/11 10/10/10 738/792/730
f 739/791/731 736/790/728 735/793/727 740/794/732
f 739/791/731 740/794/732 3/3/3 2/2/2
f 739/791/731 2/2/2 7/7/7 11/11/11
f 740/794/732 735/793/727 741/795/733 742/796/734
f 740/794/732 742/796/734 743/797/735 3/3/3
f 743/797/735 742/796/734 744/798/736 745/799/737
f 743/797/735 745/799/737 746/800/738 747/801/739
f 743/797/735 747/801/739 4/4/4 3/3/3
f 747/801/739 746/800/738 748/802/740 749/803/741
f 747/801/739 749/803/741 5/5/5 4/4/4
f 749/803/741 748/802/740 750/804/742 751/805/743
f 749/803/741 751/805/743 752/806/744 5/5/5
f 752/806/744 9/9/9 6/6/6 5/5/5
f 752/806/744 751/805/743 753/807/745 754/808/746
f 752/806/744 754/808/746 12/12/12 9/9/9
f 754/808/746 753/807/745 755/809/747 756/810/748
f 754/808/746 756/810/748 757/811/749 12/12/12
f 757/811/749 738/792/730 10/10/10 12/12/12
f 757/812/749 756/813/748 758/814/750 31/31/31
f 757/812/749 31/31/31 29/29/29 738/788/730
f 758/814/750 756/813/748 755/815/747 759/816/751
f 758/814/750 759/816/751 725/775/717 760/817/752
f 758/814/750 760/817/752 30/30/30 31/31/31
f 760/817/752 725/775/717 724/774/716 25/25/25
f 760/817/752 25/25/25 24/24/24 30/30/30
f 759/816/751 755/815/747 761/818/753 721/771/713
f 759/816/751 721/771/713 720/770/712 725/775/717
f 761/819/753 755/809/747 753/807/745 762/820/754
f 761/819/753 762/820/754 763/821/755 718/822/710
f 761/818/753 718/768/710 717/767/709 721/771/713
f 763/821/755 762/820/754 750/804/742 764/823/756
f 763/821/755 764/823/756 765/824/757 714/763/706
f 763/821/755 714/763/706 713/762/705 718/822/710
f 765/824/757 764/823/756 766/825/758 767/826/759
f 765/824/757 767/826/759 60/60/60 67/67/67
f 765/824/757 67/67/67 715/764/707 714/763/706
f 767/826/759 766/825/758 768/827/760 769/828/761
f 767/826/759 769/828/761 64/64/64 60/60/60
f 769/828/761 768/827/760 770/829/762 771/830/763
f 769/828/761 771/830/763 772/831/764 64/64/64
f 772/831/764 771/830/763 773/832/765 774/833/766
f 772/831/764 774/833/766 775/834/767 776/835/768
f 772/831/764 776/835/768 65/65/65 64/64/64
f 776/835/768 775/834/767 777/836/769 778/837/770
f 776/835/768 778/837/770 779/838/771 65/65/65
f 779/838/771 778/837/770 122/125/122 121/124/121
f 779/838/771 121/124/121 124/127/124 780/839/772
f 779/838/771 780/839/772 61/61/61 65/65/65
f 780/839/772 124/127/124 620/649/612 781/840/773
f 780/839/772 781/840/773 62/62/62 61/61/61
f 781/840/773 620/649/612 619/648/611 625/654/617
f 781/840/773 625/654/617 782/841/774 62/62/62
f 782/841/774 57/57/57 63/63/63 62/62/62
f 782/841/774 625/654/617 624/653/616 630/659/622
f 782/841/774 630/659/622 58/58/58 57/57/57
f 778/837/770 777/836/769 783/842/775 122/125/122
f 783/842/775 777/836/769 784/843/776 785/844/777
f 783/842/775 785/844/777 786/845/778 787/846/779
f 783/842/775 787/846/779 120/123/120 122/125/122
f 787/846/779 786/845/778 75/75/75 74/74/74
f 787/846/779 74/74/74 78/78/78 120/123/120
f 786/847/778 785/848/777 788/849/780 789/850/781
f 786/847/778 789/850/781 156/156/153 75/851/75
f 789/850/781 788/849/780 790/852/782 791/853/783
f 789/850/781 791/853/783 157/157/154 156/156/153
f 791/853/783 790/852/782 198/197/192 792/854/784
f 791/853/783 792/854/784 158/158/155 157/157/154
f 792/854/784 198/197/192 194/193/188 793/855/785
f 792/854/784 793/855/785 794/856/786 158/158/155
f 794/856/786 793/855/785 795/857/787 796/858/788
f 794/856/786 796/858/788 797/859/789 798/860/790
f 794/856/786 798/860/790 159/159/156 158/158/155
f 798/860/790 797/859/789 799/861/791 800/862/792
f 798/860/790 800/862/792 160/160/157 159/159/156
f 800/862/792 799/861/791 801/863/793 802/864/794
f 800/862/792 802/864/794 803/865/795 160/160/157
f 803/865/795 804/866/796 154/154/151 160/160/157
f 803/865/795 802/864/794 805/867/797 806/868/798
f 803/865/795 806/868/798 807/869/799 804/866/796
f 807/870/799 806/871/798 76/76/76 71/71/71
f 807/870/799 71/71/71 70/70/70 808/872/800
f 807/869/799 808/873/800 809/874/801 804/866/796
f 809/874/801 808/873/800 48/875/48 97/97/97
f 809/874/801 97/97/97 96/96/96 155/155/152
f 809/874/801 155/155/152 154/154/151 804/866/796
f 808/872/800 70/70/70 47/47/47 48/48/48
f 806/871/798 805/876/797 810/877/802 76/76/76
f 810/877/802 805/876/797 811/878/803 812/879/804
f 810/877/802 812/879/804 813/880/805 814/881/806
f 810/877/802 814/881/806 77/77/77 76/76/76
f 814/881/806 813/880/805 118/121/118 117/120/117
f 814/881/806 117/120/117 78/78/78 77/77/77
f 813/880/805 812/879/804 106/106/106 111/114/111
f 813/880/805 111/114/111 114/117/114 118/121/118
f 812/879/804 811/878/803 107/107/107 106/106/106
f 811/882/803 805/867/797 802/864/794 801/863/793
f 811/882/803 801/863/793 163/163/160 107/883/107
f 801/863/793 799/861/791 164/164/161 163/163/160
f 799/861/791 797/859/789 165/165/162 164/164/161
f 797/859/789 796/858/788 175/175/172 165/165/162
f 796/858/788 795/857/787 815/884/807 175/175/172
f 815/884/807 795/857/787 201/200/195 816/885/808
f 815/884/807 816/885/808 817/886/809 591/618/583
f 815/884/807 591/618/583 176/176/173 175/175/172
f 817/886/809 816/885/808 818/887/810 819/888/811
f 817/886/809 819/888/811 820/889/812 587/614/579
f 817/886/809 587/614/579 586/613/578 591/618/583
f 820/889/812 819/888/811 821/890/813 822/891/814
f 820/889/812 822/891/814 823/892/815 582/609/574
f 820/889/812 582/609/574 581/608/573 587/614/579
f 823/892/815 822/891/814 824/893/816 825/894/817
f 823/892/815 825/894/817 826/895/818 577/604/569
f 823/892/815 577/604/569 576/603/568 582/609/574
f 826/895/818 825/894/817 827/896/819 828/897/820
f 826/895/818 828/897/820 829/898/821 572/599/564
f 826/895/818 572/599/564 571/598/563 577/604/569
f 829/898/821 828/897/820 830/899/822 831/900/823
f 829/898/821 831/900/823 832/901/824 567/594/559
f 829/898/821 567/594/559 566/593/558 572/599/564
f 832/901/824 831/900/823 833/902/825 834/903/826
f 832/901/824 834/903/826 835/904/827 562/589/554
f 832/901/824 562/589/554 561/588/553 567/594/559
f 835/904/827 834/903/826 836/905/828 837/906/829
f 835/904/827 837/906/829 838/907/830 557/584/549
f 835/904/827 557/584/549 556/583/548 562/589/554
f 838/907/830 837/906/829 839/908/831 840/909/832
f 838/907/830 840/909/832 841/910/833 552/579/544
f 838/907/830 552/579/544 551/578/543 557/584/549
f 841/911/833 840/912/832 842/913/834 843/914/835
f 841/911/833 843/914/835 844/915/836 547/916/539
f 841/910/833 547/574/539 546/573/538 552/579/544
f 844/915/836 843/914/835 845/917/837 846/918/838
f 844/915/836 846/918/838 847/919/839 542/566/534
f 844/915/836 542/566/534 541/565/533 547/916/539
f 847/919/839 846/918/838 848/920/840 849/921/841
f 847/919/839 849/921/841 850/922/842 537/561/529
f 847/919/839 537/561/529 536/560/528 542/566/534
f 850/922/842 849/921/841 851/923/843 852/924/844
f 850/922/842 852/924/844 853/925/845 532/556/524
f 850/922/842 532/556/524 531/555/523 537/561/529
f 853/925/845 852/924/844 854/926/846 855/927/847
f 853/925/845 855/927/847 218/212/207 527/551/519
f 853/925/845 527/551/519 526/550/518 532/556/524
f 855/927/847 854/926/846 856/928/848 857/929/849
f 855/927/847 857/929/849 215/209/204 218/212/207
f 857/929/849 856/928/848 858/930/850 859/931/851
f 857/929/849 859/931/851 216/210/205 215/209/204
f 859/931/851 858/930/850 860/932/852 861/933/853
f 859/931/851 861/933/853 862/934/854 216/210/205
f 862/934/854 861/933/853 863/935/855 864/936/856
f 862/934/854 864/936/856 191/190/185 193/192/187
f 862/934/854 193/192/187 212/206/201 216/210/205
f 864/936/856 863/935/855 865/937/857 866/938/858
f 864/936/856 866/938/858 192/191/186 191/190/185
f 866/939/858 865/940/857 867/941/859 868/942/860
f 866/939/858 868/942/860 869/943/861 192/944/186
f 869/943/861 868/942/860 870/945/862 871/946/863
f 869/943/861 871/946/863 207/201/196 210/204/199
f 869/943/861 210/204/199 188/947/182 192/944/186
f 871/946/863 870/945/862 872/948/864 873/949/865
f 871/946/863 873/949/865 208/202/197 207/201/196
f 873/949/865 872/948/864 238/232/227 237/231/226
f 873/949/865 237/231/226 240/234/229 208/202/197
f 872/948/864 874/950/866 875/951/867 238/232/227
f 872/948/864 870/945/862 876/952/868 874/950/866
f 876/952/868 877/953/869 878/954/870 874/950/866
f 876/952/868 870/945/862 868/942/860 867/941/859
f 876/952/868 867/941/859 879/955/871 877/953/869
f 879/955/871 880/956/872 881/957/873 877/953/869
f 879/955/871 867/941/859 865/940/857 882/958/874
f 879/955/871 882/958/874 883/959/875 880/956/872
f 883/959/875 884/960/876 885/961/877 880/956/872
f 883/962/875 882/963/874 886/964/878 887/965/879
f 883/962/875 887/965/879 888/966/880 884/967/876
f 888/966/880 889/968/881 890/969/882 884/967/876
f 888/966/880 887/965/879 891/970/883 892/971/884
f 888/966/880 892/971/884 893/972/885 889/968/881
f 893/972/885 894/973/886 895/974/887 889/968/881
f 893/972/885 892/971/884 896/975/888 897/976/889
f 893/972/885 897/976/889 898/977/890 894/973/886
f 898/977/890 899/978/891 900/979/892 894/973/886
f 898/977/890 897/976/889 901/980/893 902/981/894
f 898/977/890 902/981/894 903/982/895 899/978/891
f 903/982/895 904/983/896 905/984/897 899/978/891
f 903/982/895 902/981/894 906/985/898 907/986/899
f 903/982/895 907/986/899 908/987/900 904/983/896
f 908/987/900 909/988/901 910/989/902 904/983/896
f 908/987/900 907/986/899 911/990/903 912/991/904
f 908/987/900 912/991/904 913/992/905 909/988/901
f 913/992/905 914/993/906 915/994/907 909/988/901
f 913/992/905 912/991/904 916/995/908 917/996/909
f 913/992/905 917/996/909 918/997/910 914/993/906
f 918/997/910 919/998/911 920/999/912 914/993/906
f 918/997/910 917/996/909 921/1000/913 922/1001/914
f 918/997/910 922/1001/914 923/1002/915 919/998/911
f 923/1002/915 924/1003/916 925/1004/917 919/998/911
f 923/1002/915 922/1001/914 926/1005/918 927/1006/919
f 923/1002/915 927/1006/919 928/1007/920 924/1003/916
f 928/1007/920 929/1008/921 930/1009/922 924/1003/916
f 928/1007/920 927/1006/919 931/1010/923 932/1011/924
f 928/1007/920 932/1011/924 933/1012/925 929/1008/921
f 933/1012/925 934/1013/926 935/1014/927 929/1008/921
f 933/1015/925 932/1016/924 936/1017/928 937/1018/929
f 933/1015/925 937/1018/929 938/1019/930 934/1020/926
f 938/1019/930 939/1021/931 940/1022/932 934/1020/926
f 938/1019/930 937/1018/929 941/1023/933 942/1024/934
f 938/1019/930 942/1024/934 943/1025/935 939/1021/931
f 943/1025/935 944/1026/936 945/1027/937 939/1021/931
f 943/1025/935 942/1024/934 946/1028/938 947/1029/939
f 943/1025/935 947/1029/939 948/1030/940 944/1026/936
f 948/1030/940 949/1031/941 950/1032/942 944/1026/936
f 948/1030/940 947/1029/939 951/1033/943 952/1034/944
f 948/1030/940 952/1034/944 953/1035/945 949/1031/941
f 953/1035/945 954/1036/946 955/1037/947 949/1031/941
f 953/1035/945 952/1034/944 956/1038/948 957/1039/949
f 953/1035/945 957/1039/949 958/1040/950 954/1036/946
f 958/1040/950 147/147/144 149/149/146 954/1036/946
f 958/1040/950 957/1039/949 959/1041/951 960/1042/952
f 958/1040/950 960/1042/952 148/148/145 147/147/144
f 960/1042/952 959/1041/951 196/195/190 139/139/136
f 960/1042/952 139/139/136 138/138/135 148/148/145
f 959/1041/951 957/1039/949 956/1038/948 961/1043/953
f 959/1041/951 961/1043/953 197/196/191 196/195/190
f 961/1043/953 956/1038/948 962/1044/954 963/1045/955
f 961/1043/953 963/1045/955 200/199/194 197/196/191
f 963/1045/955 962/1044/954 964/1046/956 965/1047/957
f 963/1045/955 965/1047/957 818/887/810 200/199/194
f 965/1047/957 964/1046/956 966/1048/958 821/890/813
f 965/1047/957 821/890/813 819/888/811 818/887/810
f 966/1048/958 964/1046/956 967/1049/959 968/1050/960
f 966/1048/958 968/1050/960 969/1051/961 824/893/816
f 966/1048/958 824/893/816 822/891/814 821/890/813
f 969/1051/961 968/1050/960 970/1052/962 971/1053/963
f 969/1051/961 971/1053/963 972/1054/964 827/896/819
f 969/1051/961 827/896/819 825/894/817 824/893/816
f 972/1054/964 971/1053/963 973/1055/965 974/1056/966
f 972/1054/964 974/1056/966 975/1057/967 830/899/822
f 972/1054/964 830/899/822 828/897/820 827/896/819
f 975/1057/967 974/1056/966 976/1058/968 977/1059/969
f 975/1057/967 977/1059/969 978/1060/970 833/902/825
f 975/1057/967 833/902/825 831/900/823 830/899/822
f 978/1060/970 977/1059/969 979/1061/971 980/1062/972
f 978/1060/970 980/1062/972 981/1063/973 836/905/828
f 978/1060/970 836/905/828 834/903/826 833/902/825
f 981/1064/973 980/1065/972 982/1066/974 983/1067/975
f 981/1064/973 983/1067/975 984/1068/976 839/1069/831
f 981/1063/973 839/908/831 837/906/829 836/905/828
f 984/1068/976 983/1067/975 985/1070/977 986/1071/978
f 984/1068/976 986/1071/978 987/1072/979 842/913/834
f 984/1068/976 842/913/834 840/912/832 839/1069/831
f 987/1072/979 986/1071/978 988/1073/980 989/1074/981
f 987/1072/979 989/1074/981 990/1075/982 845/917/837
f 987/1072/979 845/917/837 843/914/835 842/913/834
f 990/1075/982 989/1074/981 991/1076/983 992/1077/984
f 990/1075/982 992/1077/984 993/1078/985 848/920/840
f 990/1075/982 848/920/840 846/918/838 845/917/837
f 993/1078/985 992/1077/984 994/1079/986 995/1080/987
f 993/1078/985 995/1080/987 996/1081/988 851/923/843
f 993/1078/985 851/923/843 849/921/841 848/920/840
f 996/1081/988 995/1080/987 997/1082/989 998/1083/990
f 996/1081/988 998/1083/990 856/928/848 854/926/846
f 996/1081/988 854/926/846 852/924/844 851/923/843
f 998/1083/990 997/1082/989 896/975/888 999/1084/991
f 998/1083/990 999/1084/991 858/930/850 856/928/848
f 999/1084/991 896/975/888 892/971/884 891/970/883
f 999/1084/991 891/970/883 860/932/852 858/930/850
f 997/1082/989 901/980/893 897/976/889 896/975/888
f 997/1082/989 995/1080/987 994/1079/986 901/980/893
f 994/1079/986 906/985/898 902/981/894 901/980/893
f 994/1079/986 992/1077/984 991/1076/983 906/985/898
f 991/1076/983 911/990/903 907/986/899 906/985/898
f 991/1076/983 989/1074/981 988/1073/980 911/990/903
f 988/1073/980 916/995/908 912/991/904 911/990/903
f 988/1073/980 986/1071/978 985/1070/977 916/995/908
f 985/1070/977 921/1000/913 917/996/909 916/995/908
f 985/1070/977 983/1067/975 982/1066/974 921/1000/913
f 982/1066/974 926/1005/918 922/1001/914 921/1000/913
f 982/1066/974 980/1065/972 979/1085/971 926/1005/918
f 979/1085/971 931/1010/923 927/1006/919 926/1005/918
f 979/1061/971 977/1059/969 976/1058/968 931/1086/923
f 976/1058/968 936/1017/928 932/1016/924 931/1086/923
f 976/1058/968 974/1056/966 973/1055/965 936/1017/928
f 973/1055/965 941/1023/933 937/1018/929 936/1017/928
f 973/1055/965 971/1053/963 970/1052/962 941/1023/933
f 970/1052/962 946/1028/938 942/1024/934 941/1023/933
f 970/1052/962 968/1050/960 967/1049/959 946/1028/938
f 967/1049/959 951/1033/943 947/1029/939 946/1028/938
f 967/1049/959 964/1046/956 962/1044/954 951/1033/943
f 962/1044/954 956/1038/948 952/1034/944 951/1033/943
f 955/1037/947 1000/1087/992 645/677/637 1001/1088/993
f 955/1037/947 1001/1088/993 950/1032/942 949/1031/941
f 955/1037/947 954/1036/946 149/149/146 1000/1087/992
f 1001/1088/993 645/677/637 641/672/633 640/671/632
f 1001/1088/993 640/671/632 1002/1089/994 950/1032/942
f 1002/1089/994 640/671/632 636/670/628 635/1090/627
f 1002/1089/994 635/1090/627 1003/1091/995 945/1027/937
f 1002/1089/994 945/1027/937 944/1026/936 950/1032/942
f 1003/1092/995 635/664/627 632/661/624 631/660/623
f 1003/1092/995 631/660/623 1004/1093/996 940/1094/932
f 1003/1091/995 940/1022/932 939/1021/931 945/1027/937
f 1004/1093/996 631/660/623 627/656/619 626/655/618
f 1004/1093/996 626/655/618 1005/1095/997 935/1014/927
f 1004/1093/996 935/1014/927 934/1013/926 940/1094/932
f 1005/1095/997 626/655/618 622/651/614 621/650/613
f 1005/1095/997 621/650/613 1006/1096/998 930/1009/922
f 1005/1095/997 930/1009/922 929/1008/921 935/1014/927
f 1006/1096/998 621/650/613 617/646/609 616/645/608
f 1006/1096/998 616/645/608 1007/1097/999 925/1004/917
f 1006/1096/998 925/1004/917 924/1003/916 930/1009/922
f 1007/1097/999 616/645/608 613/642/605 612/641/604
f 1007/1097/999 612/641/604 1008/1098/1000 920/999/912
f 1007/1097/999 920/999/912 919/998/911 925/1004/917
f 1008/1098/1000 612/641/604 610/639/602 609/638/601
f 1008/1098/1000 609/638/601 1009/1099/1001 915/994/907
f 1008/1098/1000 915/994/907 914/993/906 920/999/912
f 1009/1099/1001 609/638/601 606/635/598 605/634/597
f 1009/1099/1001 605/634/597 1010/1100/1002 910/989/902
f 1009/1099/1001 910/989/902 909/988/901 915/994/907
f 1010/1100/1002 605/634/597 603/632/595 1011/1101/1003
f 1010/1100/1002 1011/1101/1003 1012/1102/1004 905/984/897
f 1010/1100/1002 905/984/897 904/983/896 910/989/902
f 1012/1102/1004 1011/1101/1003 1013/1103/1005 1014/1104/1006
f 1012/1102/1004 1014/1104/1006 1015/1105/1007 900/979/892
f 1012/1102/1004 900/979/892 899/978/891 905/984/897
f 1015/1105/1007 1014/1104/1006 1016/1106/1008 1017/1107/1009
f 1015/1105/1007 1017/1107/1009 1018/1108/1010 895/974/887
f 1015/1105/1007 895/974/887 894/973/886 900/979/892
f 1018/1109/1010 1017/1110/1009 1019/1111/1011 1020/1112/1012
f 1018/1109/1010 1020/1112/1012 1021/1113/1013 890/1114/882
f 1018/1108/1010 890/969/882 889/968/881 895/974/887
f 1021/1113/1013 1020/1112/1012 1022/1115/1014 1023/1116/1015
f 1021/1113/1013 1023/1116/1015 1024/1117/1016 885/961/877
f 1021/1113/1013 885/961/877 884/960/876 890/1114/882
f 1024/1117/1016 1023/1116/1015 1025/1118/1017 1026/1119/1018
f 1024/1117/1016 1026/1119/1018 1027/1120/1019 881/957/873
f 1024/1117/1016 881/957/873 880/956/872 885/961/877
f 1027/1120/1019 1026/1119/1018 1028/1121/1020 1029/1122/1021
f 1027/1120/1019 1029/1122/1021 1030/1123/1022 878/954/870
f 1027/1120/1019 878/954/870 877/953/869 881/957/873
f 1030/1123/1022 1029/1122/1021 1031/1124/1023 1032/1125/1024
f 1030/1123/1022 1032/1125/1024 1033/1126/1025 875/951/867
f 1030/1123/1022 875/951/867 874/950/866 878/954/870
f 1033/1126/1025 1032/1125/1024 1034/1127/1026 1035/1128/1027
f 1033/1126/1025 1035/1128/1027 235/229/224 234/228/223
f 1033/1126/1025 234/228/223 238/232/227 875/951/867
f 1035/1128/1027 1034/1127/1026 1036/1129/1028 1037/1130/1029
f 1035/1128/1027 1037/1130/1029 1038/1131/1030 235/229/224
f 1038/1131/1030 1037/1130/1029 1039/1132/1031 1040/1133/1032
f 1038/1131/1030 1040/1133/1032 1041/1134/1033 1042/1135/1034
f 1038/1131/1030 1042/1135/1034 236/230/225 235/229/224
f 1042/1135/1034 1041/1134/1033 1043/1136/1035 1044/1137/1036
f 1042/1135/1034 1044/1137/1036 1045/1138/1037 236/230/225
f 1045/1138/1037 1044/1137/1036 1046/1139/1038 1047/1140/1039
f 1045/1138/1037 1047/1140/1039 1048/1141/1040 1049/1142/1041
f 1045/1138/1037 1049/1142/1041 233/227/222 236/230/225
f 1049/1142/1041 1048/1141/1040 507/528/496 1050/1143/1042
f 1049/1142/1041 1050/1143/1042 239/233/228 233/227/222
f 1050/1143/1042 507/528/496 506/527/495 512/533/501
f 1050/1143/1042 512/533/501 1051/1144/1043 239/233/228
f 1051/1144/1043 1052/1145/1044 240/234/229 239/233/228
f 1051/1144/1043 512/533/501 511/532/500 1053/1146/1045
f 1051/1144/1043 1053/1146/1045 1054/1147/1046 1052/1145/1044
f 1054/1147/1046 189/1148/183 209/203/198 1052/1145/1044
f 1054/1149/1046 1053/1150/1045 214/208/203 213/207/202
f 1054/1149/1046 213/207/202 190/189/184 189/188/183
f 1053/1150/1045 511/538/506 221/215/210 214/208/203
f 1052/1145/1044 209/203/198 208/202/197 240/234/229
f 1048/1141/1040 1047/1140/1039 1055/1151/1047 502/523/491
f 1048/1141/1040 502/523/491 501/522/490 507/528/496
f 1055/1151/1047 1047/1140/1039 1046/1139/1038 1056/1152/1048
f 1055/1151/1047 1056/1152/1048 1057/1153/1049 497/518/486
f 1055/1151/1047 497/518/486 496/517/485 502/523/491
f 1057/1153/1049 1056/1152/1048 1058/1154/1050 1059/1155/1051
f 1057/1153/1049 1059/1155/1051 1060/1156/1052 492/513/481
f 1057/1153/1049 492/513/481 491/512/480 497/518/486
f 1060/1156/1052 1059/1155/1051 1061/1157/1053 1062/1158/1054
f 1060/1156/1052 1062/1158/1054 1063/1159/1055 487/508/476
f 1060/1156/1052 487/508/476 486/507/475 492/513/481
f 1063/1159/1055 1062/1158/1054 1064/1160/1056 1065/1161/1057
f 1063/1159/1055 1065/1161/1057 1066/1162/1058 482/503/471
f 1063/1159/1055 482/503/471 481/502/470 487/508/476
f 1066/1162/1058 1065/1161/1057 1067/1163/1059 1068/1164/1060
f 1066/1162/1058 1068/1164/1060 1069/1165/1061 477/498/466
f 1066/1162/1058 477/498/466 476/497/465 482/503/471
f 1069/1165/1061 1068/1164/1060 1070/1166/1062 1071/1167/1063
f 1069/1165/1061 1071/1167/1063 1072/1168/1064 472/493/461
f 1069/1165/1061 472/493/461 471/492/460 477/498/466
f 1072/1169/1064 1071/1170/1063 1073/1171/1065 1074/1172/1066
f 1072/1169/1064 1074/1172/1066 1075/1173/1067 467/1174/456
f 1072/1168/1064 467/488/456 466/487/455 472/493/461
f 1075/1173/1067 1074/1172/1066 1076/1175/1068 1077/1176/1069
f 1075/1173/1067 1077/1176/1069 1078/1177/1070 462/480/451
f 1075/1173/1067 462/480/451 461/479/450 467/1174/456
f 1078/1177/1070 1077/1176/1069 241/235/230 246/240/235
f 1078/1177/1070 246/240/235 1079/1178/1071 457/475/446
f 1078/1177/1070 457/475/446 456/474/445 462/480/451
f 1079/1178/1071 246/240/235 245/239/234 1080/1179/1072
f 1079/1178/1071 1080/1179/1072 1081/1180/1073 452/470/441
f 1079/1178/1071 452/470/441 451/469/440 457/475/446
f 1081/1180/1073 1080/1179/1072 1082/1181/1074 1083/1182/1075
f 1081/1180/1073 1083/1182/1075 1084/1183/1076 447/465/436
f 1081/1180/1073 447/465/436 446/464/435 452/470/441
f 1084/1183/1076 1083/1182/1075 1085/1184/1077 1086/1185/1078
f 1084/1183/1076 1086/1185/1078 1087/1186/1079 442/460/431
f 1084/1183/1076 442/460/431 441/459/430 447/465/436
f 1087/1187/1079 1086/1188/1078 1088/1189/1080 1089/1190/1081
f 1087/1187/1079 1089/1190/1081 1090/1191/1082 437/1192/426
f 1087/1186/1079 437/455/426 436/454/425 442/460/431
f 1090/1191/1082 1089/1190/1081 1091/1193/1083 1092/1194/1084
f 1090/1191/1082 1092/1194/1084 1093/1195/1085 432/447/421
f 1090/1191/1082 432/447/421 431/446/420 437/1192/426
f 1093/1195/1085 1092/1194/1084 1094/1196/1086 329/326/318
f 1093/1195/1085 329/326/318 319/316/308 325/322/314
f 1093/1195/1085 325/322/314 427/442/416 432/447/421
f 1094/1196/1086 1095/1197/1087 1096/1198/1088 1097/1199/1089
f 1094/1196/1086 1097/1199/1089 326/323/315 329/326/318
f 1094/1196/1086 1092/1194/1084 1091/1193/1083 1095/1197/1087
f 1097/1199/1089 1096/1198/1088 1098/1200/1090 1099/1201/1091
f 1097/1199/1089 1099/1201/1091 327/324/316 326/323/315
f 1099/1202/1091 1098/1203/1090 1100/1204/1092 1101/1205/1093
f 1099/1202/1091 1101/1205/1093 1102/1206/1094 327/1207/316
f 1102/1206/1094 1101/1205/1093 1103/1208/1095 314/311/303
f 1102/1206/1094 314/311/303 313/310/302 1104/1209/1096
f 1102/1206/1094 1104/1209/1096 328/1210/317 327/1207/316
f 1104/1209/1096 313/310/302 317/314/306 1105/1211/1097
f 1104/1209/1096 1105/1211/1097 330/1212/319 328/1210/317
f 1105/1211/1097 399/409/388 397/408/386 330/1212/319
f 1105/1211/1097 317/314/306 401/411/390 399/409/388
f 1103/1208/1095 1106/1213/1098 1107/1214/1099 1108/1215/1100
f 1103/1208/1095 1108/1215/1100 311/308/300 314/311/303
f 1103/1208/1095 1101/1205/1093 1100/1204/1092 1106/1213/1098
f 1108/1215/1100 1107/1214/1099 453/471/442 1109/1216/1101
f 1108/1215/1100 1109/1216/1101 312/309/301 311/308/300
f 1109/1216/1101 453/471/442 449/467/438 448/466/437
f 1109/1216/1101 448/466/437 1110/1217/1102 312/309/301
f 1110/1217/1102 448/466/437 444/462/433 443/461/432
f 1110/1217/1102 443/461/432 1111/1218/1103 302/299/291
f 1110/1217/1102 302/299/291 301/298/290 312/309/301
f 1111/1218/1103 443/461/432 439/457/428 438/456/427
f 1111/1218/1103 438/456/427 1112/1219/1104 1113/1220/1105
f 1111/1218/1103 1113/1220/1105 303/300/292 302/299/291
f 1113/1220/1105 1112/1219/1104 1114/1221/1106 1115/1222/1107
f 1113/1220/1105 1115/1222/1107 307/304/296 303/300/292
f 1115/1222/1107 1114/1221/1106 1116/1223/1108 1117/1224/1109
f 1115/1222/1107 1117/1224/1109 1118/1225/1110 307/304/296
f 1118/1225/1110 1117/1224/1109 1119/1226/1111 1120/1227/1112
f 1118/1225/1110 1120/1227/1112 1121/1228/1113 1122/1229/1114
f 1118/1225/1110 1122/1229/1114 304/301/293 307/304/296
f 1122/1229/1114 1121/1228/1113 1123/1230/1115 1124/1231/1116
f 1122/1229/1114 1124/1231/1116 305/302/294 304/301/293
f 1124/1232/1116 1123/1233/1115 1125/1234/1117 418/433/407
f 1124/1232/1116 418/433/407 416/431/405 305/430/294
f 1125/1234/1117 1123/1233/1115 1126/1235/1118 1127/1236/1119
f 1125/1234/1117 1127/1236/1119 1128/1237/1120 1129/1238/1121
f 1125/1234/1117 1129/1238/1121 419/434/408 418/433/407
f 1129/1238/1121 1128/1237/1120 1130/1239/1122 1131/1240/1123
f 1129/1238/1121 1131/1240/1123 420/435/409 419/434/408
f 1131/1240/1123 1130/1239/1122 1132/1241/1124 1133/1242/1125
f 1131/1240/1123 1133/1242/1125 422/437/411 420/435/409
f 1133/1242/1125 1132/1241/1124 1134/1243/1126 1135/1244/1127
f 1133/1242/1125 1135/1244/1127 424/439/413 422/437/411
f 1135/1244/1127 1134/1243/1126 1136/1245/1128 1137/1246/1129
f 1135/1244/1127 1137/1246/1129 1138/1247/1130 424/439/413
f 1138/1247/1130 428/443/417 425/440/414 424/439/413
f 1138/1248/1130 1137/1249/1129 1139/1250/1131 1140/1251/1132
f 1138/1248/1130 1140/1251/1132 1141/1252/1133 428/1253/417
f 1141/1252/1133 433/450/422 429/449/418 428/1253/417
f 1141/1252/1133 1140/1251/1132 1116/1223/1108 1114/1221/1106
f 1141/1252/1133 1114/1221/1106 1112/1219/1104 433/450/422
f 1140/1251/1132 1139/1250/1131 1142/1254/1134 1116/1223/1108
f 1142/1254/1134 1139/1250/1131 1143/1255/1135 1144/1256/1136
f 1142/1254/1134 1144/1256/1136 1145/1257/1137 1119/1226/1111
f 1142/1254/1134 1119/1226/1111 1117/1224/1109 1116/1223/1108
f 1145/1257/1137 1144/1256/1136 1146/1258/1138 1147/1259/1139
f 1145/1257/1137 1147/1259/1139 1148/1260/1140 1149/1261/1141
f 1145/1257/1137 1149/1261/1141 1120/1227/1112 1119/1226/1111
f 1149/1261/1141 1148/1260/1140 1150/1262/1142 1151/1263/1143
f 1149/1261/1141 1151/1263/1143 1121/1228/1113 1120/1227/1112
f 1151/1263/1143 1150/1262/1142 1152/1264/1144 1126/1265/1118
f 1151/1263/1143 1126/1265/1118 1123/1230/1115 1121/1228/1113
f 1152/1264/1144 1150/1262/1142 1153/1266/1145 1154/1267/1146
f 1152/1268/1144 1154/1269/1146 1155/1270/1147 1156/1271/1148
f 1152/1268/1144 1156/1271/1148 1127/1236/1119 1126/1235/1118
f 1156/1271/1148 1155/1270/1147 1157/1272/1149 1158/1273/1150
f 1156/1271/1148 1158/1273/1150 1128/1237/1120 1127/1236/1119
f 1158/1273/1150 1157/1272/1149 1159/1274/1151 1160/1275/1152
f 1158/1273/1150 1160/1275/1152 1130/1239/1122 1128/1237/1120
f 1160/1275/1152 1159/1274/1151 1161/1276/1153 1162/1277/1154
f 1160/1275/1152 1162/1277/1154 1132/1241/1124 1130/1239/1122
f 1162/1277/1154 1161/1276/1153 1163/1278/1155 1164/1279/1156
f 1162/1277/1154 1164/1279/1156 1134/1243/1126 1132/1241/1124
f 1164/1279/1156 1163/1278/1155 1165/1280/1157 1166/1281/1158
f 1164/1279/1156 1166/1281/1158 1136/1245/1128 1134/1243/1126
f 1166/1282/1158 1165/1283/1157 1167/1284/1159 1168/1285/1160
f 1166/1282/1158 1168/1285/1160 1143/1255/1135 1136/1286/1128
f 1168/1285/1160 1167/1284/1159 1169/1287/1161 1146/1258/1138
f 1168/1285/1160 1146/1258/1138 1144/1256/1136 1143/1255/1135
f 1169/1287/1161 1167/1284/1159 1170/1288/1162 1171/1289/1163
f 1169/1287/1161 1171/1289/1163 1172/1290/1164 1173/1291/1165
f 1169/1287/1161 1173/1291/1165 1147/1259/1139 1146/1258/1138
f 1173/1291/1165 1172/1290/1164 1174/1292/1166 1175/1293/1167
f 1173/1291/1165 1175/1293/1167 1148/1260/1140 1147/1259/1139
f 1175/1293/1167 1174/1292/1166 1176/1294/1168 1153/1266/1145
f 1175/1293/1167 1153/1266/1145 1150/1262/1142 1148/1260/1140
f 1176/1294/1168 1174/1292/1166 1177/1295/1169 1178/1296/1170
f 1176/1294/1168 1178/1296/1170 1179/1297/1171 1180/1298/1172
f 1176/1294/1168 1180/1298/1172 1154/1267/1146 1153/1266/1145
f 1180/1299/1172 1179/1300/1171 1181/1301/1173 1182/1302/1174
f 1180/1299/1172 1182/1302/1174 1155/1270/1147 1154/1269/1146
f 1182/1302/1174 1181/1301/1173 1183/1303/1175 1184/1304/1176
f 1182/1302/1174 1184/1304/1176 1157/1272/1149 1155/1270/1147
f 1184/1304/1176 1183/1303/1175 1185/1305/1177 1186/1306/1178
f 1184/1304/1176 1186/1306/1178 1159/1274/1151 1157/1272/1149
f 1186/1306/1178 1187/1307/1179 1161/1276/1153 1159/1274/1151
f 1187/1307/1179 1188/1308/1180 1189/1309/1181 1190/1310/1182
f 1187/1307/1179 1190/1310/1182 1163/1278/1155 1161/1276/1153
f 1190/1310/1182 1189/1309/1181 1191/1311/1183 1192/1312/1184
f 1190/1310/1182 1192/1312/1184 1165/1280/1157 1163/1278/1155
f 1192/1313/1184 1191/1314/1183 1193/1315/1185 1170/1288/1162
f 1192/1313/1184 1170/1288/1162 1167/1284/1159 1165/1283/1157
f 1193/1315/1185 1191/1314/1183 1194/1316/1186 1195/1317/1187
f 1193/1315/1185 1195/1317/1187 1196/1318/1188 1197/1319/1189
f 1193/1315/1185 1197/1319/1189 1171/1289/1163 1170/1288/1162
f 1197/1319/1189 1196/1318/1188 1198/1320/1190 1199/1321/1191
f 1197/1319/1189 1199/1321/1191 1172/1290/1164 1171/1289/1163
f 1199/1321/1191 1198/1320/1190 1200/1322/1192 1177/1295/1169
f 1199/1321/1191 1177/1295/1169 1174/1292/1166 1172/1290/1164
f 1200/1322/1192 1198/1320/1190 1201/1323/1193 1202/1324/1194
f 1200/1322/1192 1202/1324/1194 1203/1325/1195 1204/1326/1196
f 1200/1322/1192 1204/1326/1196 1178/1296/1170 1177/1295/1169
f 1204/1326/1196 1203/1325/1195 1205/1327/1197 1206/1328/1198
f 1204/1326/1196 1206/1328/1198 1179/1297/1171 1178/1296/1170
f 1206/1329/1198 1205/1330/1197 1207/1331/1199 1208/1332/1200
f 1206/1329/1198 1208/1332/1200 1181/1301/1173 1179/1300/1171
f 1208/1332/1200 1207/1331/1199 1209/1333/1201 1210/1334/1202
f 1208/1332/1200 1210/1334/1202 1183/1303/1175 1181/1301/1173
f 1210/1334/1202 1209/1333/1201 1211/1335/1203 1212/1336/1204
f 1210/1334/1202 1212/1336/1204 1185/1305/1177 1183/1303/1175
f 1212/1336/1204 1211/1335/1203 1213/1337/1205 1214/1338/1206
f 1212/1336/1204 1214/1338/1206 1188/1308/1180 1185/1305/1177
f 1214/1338/1206 1213/1337/1205 1215/1339/1207 1216/1340/1208
f 1214/1338/1206 1216/1340/1208 1189/1309/1181 1188/1308/1180
f 1216/1340/1208 1215/1339/1207 1217/1341/1209 1194/1342/1186
f 1216/1340/1208 1194/1342/1186 1191/1311/1183 1189/1309/1181
f 1217/1341/1209 1215/1339/1207 1218/1343/1210 1219/1344/1211
f 1217/1345/1209 1219/1346/1211 1220/1347/1212 1221/1348/1213
f 1217/1345/1209 1221/1348/1213 1195/1317/1187 1194/1316/1186
f 1221/1348/1213 1220/1347/1212 1222/1349/1214 1223/1350/1215
f 1221/1348/1213 1223/1350/1215 1196/1318/1188 1195/1317/1187
f 1223/1350/1215 1222/1349/1214 1224/1351/1216 1201/1323/1193
f 1223/1350/1215 1201/1323/1193 1198/1320/1190 1196/1318/1188
f 1224/1351/1216 1222/1349/1214 1225/1352/1217 1226/1353/1218
f 1224/1351/1216 1226/1353/1218 1227/1354/1219 1228/1355/1220
f 1224/1351/1216 1228/1355/1220 1202/1324/1194 1201/1323/1193
f 1228/1355/1220 1227/1354/1219 1229/1356/1221 1230/1357/1222
f 1228/1355/1220 1230/1357/1222 1203/1325/1195 1202/1324/1194
f 1230/1357/1222 1229/1356/1221 1231/1358/1223 1232/1359/1224
f 1230/1357/1222 1232/1359/1224 1205/1327/1197 1203/1325/1195
f 1232/1359/1224 1231/1358/1223 1233/1360/1225 1234/1361/1226
f 1232/1359/1224 1234/1361/1226 1207/1362/1199 1205/1327/1197
f 1234/1363/1226 1233/1364/1225 1235/1365/1227 1236/1366/1228
f 1234/1363/1226 1236/1366/1228 1209/1333/1201 1207/1331/1199
f 1236/1366/1228 1235/1365/1227 1237/1367/1229 1238/1368/1230
f 1236/1366/1228 1238/1368/1230 1211/1335/1203 1209/1333/1201
f 1238/1368/1230 1237/1367/1229 1239/1369/1231 1240/1370/1232
f 1238/1368/1230 1240/1370/1232 1213/1337/1205 1211/1335/1203
f 1240/1370/1232 1239/1369/1231 1241/1371/1233 1218/1343/1210
f 1240/1370/1232 1218/1343/1210 1215/1339/1207 1213/1337/1205
f 1241/1371/1233 1239/1369/1231 1242/1372/1234 1243/1373/1235
f 1241/1371/1233 1243/1373/1235 1244/1374/1236 1245/1375/1237
f 1241/1371/1233 1245/1375/1237 1219/1344/1211 1218/1343/1210
f 1245/1376/1237 1244/1377/1236 1246/1378/1238 1247/1379/1239
f 1245/1376/1237 1247/1379/1239 1220/1347/1212 1219/1346/1211
f 1247/1379/1239 1246/1378/1238 1248/1380/1240 1225/1352/1217
f 1247/1379/1239 1225/1352/1217 1222/1349/1214 1220/1347/1212
f 1248/1380/1240 1246/1378/1238 1249/1381/1241 1250/1382/1242
f 1248/1380/1240 1250/1382/1242 1251/1383/1243 1252/1384/1244
f 1248/1380/1240 1252/1384/1244 1226/1353/1218 1225/1352/1217
f 1252/1384/1244 1251/1383/1243 1253/1385/1245 1254/1386/1246
f 1252/1384/1244 1254/1386/1246 1227/1354/1219 1226/1353/1218
f 1254/1386/1246 1253/1385/1245 1255/1387/1247 1256/1388/1248
f 1254/1386/1246 1256/1388/1248 1229/1356/1221 1227/1354/1219
f 1256/1388/1248 1255/1387/1247 1257/1389/1249 1258/1390/1250
f 1256/1388/1248 1258/1390/1250 1231/1358/1223 1229/1356/1221
f 1258/1390/1250 1257/1389/1249 1259/1391/1251 1260/1392/1252
f 1258/1390/1250 1260/1392/1252 1233/1360/1225 1231/1358/1223
f 1260/1393/1252 1259/1394/1251 1261/1395/1253 1262/1396/1254
f 1260/1393/1252 1262/1396/1254 1235/1365/1227 1233/1364/1225
f 1262/1396/1254 1261/1395/1253 1263/1397/1255 1264/1398/1256
f 1262/1396/1254 1264/1398/1256 1237/1367/1229 1235/1365/1227
f 1264/1398/1256 1263/1397/1255 1265/1399/1257 1242/1372/1234
f 1264/1398/1256 1242/1372/1234 1239/1369/1231 1237/1367/1229
f 1265/1399/1257 1263/1397/1255 249/243/238 253/247/242
f 1265/1399/1257 253/247/242 1266/1400/1258 1267/1401/1259
f 1265/1399/1257 1267/1401/1259 1243/1373/1235 1242/1372/1234
f 1267/1401/1259 1266/1400/1258 1268/1402/1260 1269/1403/1261
f 1267/1401/1259 1269/1403/1261 1244/1374/1236 1243/1373/1235
f 1269/1404/1261 1268/1405/1260 1270/1406/1262 1249/1381/1241
f 1269/1404/1261 1249/1381/1241 1246/1378/1238 1244/1377/1236
f 1270/1406/1262 1268/1405/1260 1271/1407/1263 1272/1408/1264
f 1270/1406/1262 1272/1408/1264 80/80/80 84/84/84
f 1270/1406/1262 84/84/84 1250/1382/1242 1249/1381/1241
f 1272/1408/1264 1271/1407/1263 1273/1409/1265 1274/1410/1266
f 1272/1408/1264 1274/1410/1266 81/81/81 80/80/80
f 1274/1410/1266 1273/1409/1265 1275/1411/1267 1276/1412/1268
f 1274/1410/1266 1276/1412/1268 1277/1413/1269 81/81/81
f 1277/1413/1269 1276/1412/1268 1278/1414/1270 1279/1415/1271
f 1277/1413/1269 1279/1415/1271 1280/1416/1272 1281/1417/1273
f 1277/1413/1269 1281/1417/1273 82/82/82 81/81/81
f 1281/1417/1273 1280/1416/1272 1282/1418/1274 1283/1419/1275
f 1281/1417/1273 1283/1419/1275 89/89/89 82/82/82
f 1283/1419/1275 1282/1418/1274 1284/1420/1276 1285/1421/1277
f 1283/1419/1275 1285/1421/1277 178/178/175 89/89/89
f 1285/1422/1277 1284/1423/1276 1286/1424/1278 1287/1425/1279
f 1285/1422/1277 1287/1425/1279 182/183/179 178/182/175
f 1287/1425/1279 1286/1424/1278 1288/1426/1280 1289/1427/1281
f 1287/1425/1279 1289/1427/1281 263/257/252 182/183/179
f 1289/1427/1281 1288/1426/1280 1290/1428/1282 1291/1429/1283
f 1289/1427/1281 1291/1429/1283 257/251/246 263/257/252
f 1291/1429/1283 1290/1428/1282 1292/1430/1284 1293/1431/1285
f 1291/1429/1283 1293/1431/1285 254/248/243 257/251/246
f 1293/1431/1285 1292/1430/1284 1294/1432/1286 1295/1433/1287
f 1293/1431/1285 1295/1433/1287 255/249/244 254/248/243
f 1295/1433/1287 1294/1432/1286 1296/1434/1288 1297/1435/1289
f 1295/1433/1287 1297/1435/1289 1298/1436/1290 255/249/244
f 1298/1436/1290 1299/1437/1291 252/246/241 255/249/244
f 1298/1436/1290 1297/1435/1289 1275/1438/1267 1273/1439/1265
f 1298/1436/1290 1273/1439/1265 1271/1440/1263 1299/1437/1291
f 1299/1437/1291 1266/1400/1258 253/247/242 252/246/241
f 1299/1437/1291 1271/1440/1263 1268/1402/1260 1266/1400/1258
f 1297/1435/1289 1296/1434/1288 1300/1441/1292 1275/1438/1267
f 1300/1441/1292 1296/1434/1288 1301/1442/1293 1302/1443/1294
f 1300/1444/1292 1302/1445/1294 1303/1446/1295 1278/1414/1270
f 1300/1444/1292 1278/1414/1270 1276/1412/1268 1275/1411/1267
f 1303/1446/1295 1302/1445/1294 1304/1447/1296 1305/1448/1297
f 1303/1446/1295 1305/1448/1297 1306/1449/1298 1307/1450/1299
f 1303/1446/1295 1307/1450/1299 1279/1415/1271 1278/1414/1270
f 1307/1450/1299 1306/1449/1298 1308/1451/1300 1309/1452/1301
f 1307/1450/1299 1309/1452/1301 1280/1416/1272 1279/1415/1271
f 1309/1452/1301 1308/1451/1300 1310/1453/1302 1311/1454/1303
f 1309/1452/1301 1311/1454/1303 1282/1418/1274 1280/1416/1272
f 1311/1454/1303 1310/1453/1302 1312/1455/1304 1313/1456/1305
f 1311/1454/1303 1313/1456/1305 1284/1420/1276 1282/1418/1274
f 1313/1457/1305 1312/1458/1304 1314/1459/1306 1315/1460/1307
f 1313/1457/1305 1315/1460/1307 1286/1424/1278 1284/1423/1276
f 1315/1460/1307 1314/1459/1306 1316/1461/1308 1317/1462/1309
f 1315/1460/1307 1317/1462/1309 1288/1426/1280 1286/1424/1278
f 1317/1462/1309 1316/1461/1308 1318/1463/1310 1319/1464/1311
f 1317/1462/1309 1319/1464/1311 1290/1428/1282 1288/1426/1280
f 1319/1464/1311 1318/1463/1310 1320/1465/1312 1321/1466/1313
f 1319/1464/1311 1321/1466/1313 1292/1430/1284 1290/1428/1282
f 1321/1466/1313 1320/1465/1312 1322/1467/1314 1323/1468/1315
f 1321/1466/1313 1323/1468/1315 1294/1432/1286 1292/1430/1284
f 1323/1468/1315 1322/1467/1314 1324/1469/1316 1301/1442/1293
f 1323/1468/1315 1301/1442/1293 1296/1434/1288 1294/1432/1286
f 1324/1469/1316 1322/1467/1314 1692/1470/1317 1691/1471/1318
f 1324/1469/1316 1691/1471/1318 1690/1472/1319 1304/1473/1296
f 1324/1469/1316 1304/1473/1296 1302/1443/1294 1301/1442/1293
f 1322/1467/1314 1320/1465/1312 1693/1474/1320 1692/1470/1317
f 1320/1465/1312 1318/1463/1310 1687/1475/1321 1693/1474/1320
f 1687/1475/1321 1318/1463/1310 1316/1461/1308 1686/1476/1322
f 1316/1461/1308 1314/1459/1306 1689/1477/1323 1686/1476/1322
f 1314/1459/1306 1312/1458/1304 1688/1478/1324 1689/1477/1323
f 1312/1455/1304 1310/1453/1302 1684/1479/1325 1688/1480/1324
f 1310/1453/1302 1308/1451/1300 1682/1481/1326 1684/1479/1325
f 1308/1451/1300 1306/1449/1298 1683/1482/1327 1682/1481/1326
f 1306/1449/1298 1305/1448/1297 1685/1483/1328 1683/1482/1327
f 1305/1448/1297 1304/1447/1296 1690/1484/1319 1685/1483/1328
f 1263/1397/1255 1261/1395/1253 250/244/239 249/243/238
f 1261/1395/1253 1259/1394/1251 1326/1485/1329 250/244/239
f 1326/1486/1329 1259/1391/1251 1257/1389/1249 1327/1487/1330
f 1326/1486/1329 1327/1487/1330 1328/1488/1331 1329/1489/1332
f 1326/1485/1329 1329/1490/1332 251/245/240 250/244/239
f 1329/1489/1332 1328/1488/1331 1330/1491/1333 1331/1492/1334
f 1329/1490/1332 1331/1493/1334 258/252/247 251/245/240
f 1331/1492/1334 1330/1491/1333 1332/1494/1335 1333/1495/1336
f 1331/1493/1334 1333/1496/1336 1334/1497/1337 258/252/247
f 1334/1497/1337 1333/1496/1336 1335/1498/1338 1336/1499/1339
f 1334/1497/1337 1336/1499/1339 262/256/251 261/255/250
f 1334/1497/1337 261/255/250 256/250/245 258/252/247
f 1336/1499/1339 1335/1498/1338 1337/1500/1340 1338/1501/1341
f 1336/1499/1339 1338/1501/1341 1339/1502/1342 262/256/251
f 1339/1502/1342 1338/1501/1341 1340/1503/1343 1341/1504/1344
f 1339/1502/1342 1341/1504/1344 1342/1505/1345 1343/1506/1346
f 1339/1502/1342 1343/1506/1346 260/254/249 262/256/251
f 1343/1506/1346 1342/1505/1345 1344/1507/1347 1345/1508/1348
f 1343/1506/1346 1345/1508/1348 183/184/180 260/254/249
f 1345/1508/1348 1344/1507/1347 1346/1509/1349 1347/1510/1350
f 1345/1508/1348 1347/1510/1350 180/185/177 183/184/180
f 1347/1511/1350 1346/1512/1349 1348/1513/1351 1349/1514/1352
f 1347/1511/1350 1349/1514/1352 181/181/178 180/180/177
f 1349/1514/1352 1348/1513/1351 1350/1515/1353 1351/1516/1354
f 1349/1514/1352 1351/1516/1354 1352/1517/1355 181/181/178
f 1352/1517/1355 1353/1518/1356 179/179/176 181/181/178
f 1352/1517/1355 1351/1516/1354 1354/1519/1357 1355/1520/1358
f 1352/1517/1355 1355/1520/1358 1356/1521/1359 1353/1518/1356
f 1356/1521/1359 1357/1522/1360 88/88/88 1353/1518/1356
f 1356/1521/1359 1355/1520/1358 1358/1523/1361 1332/1494/1335
f 1356/1521/1359 1332/1494/1335 1330/1491/1333 1357/1522/1360
f 1358/1523/1361 1355/1520/1358 1354/1519/1357 1359/1524/1362
f 1358/1523/1361 1359/1524/1362 1337/1525/1340 1335/1526/1338
f 1358/1523/1361 1335/1526/1338 1333/1495/1336 1332/1494/1335
f 1359/1524/1362 1354/1519/1357 1360/1527/1363 1361/1528/1364
f 1359/1524/1362 1361/1528/1364 1362/1529/1365 1337/1525/1340
f 1362/1529/1365 1361/1528/1364 1363/1530/1366 1364/1531/1367
f 1362/1532/1365 1364/1533/1367 1365/1534/1368 1340/1503/1343
f 1362/1532/1365 1340/1503/1343 1338/1501/1341 1337/1500/1340
f 1365/1534/1368 1364/1533/1367 1366/1535/1369 1367/1536/1370
f 1365/1534/1368 1367/1536/1370 1368/1537/1371 1369/1538/1372
f 1365/1534/1368 1369/1538/1372 1341/1504/1344 1340/1503/1343
f 1369/1538/1372 1368/1537/1371 1370/1539/1373 1371/1540/1374
f 1369/1538/1372 1371/1540/1374 1342/1505/1345 1341/1504/1344
f 1371/1540/1374 1370/1539/1373 1372/1541/1375 1373/1542/1376
f 1371/1540/1374 1373/1542/1376 1344/1507/1347 1342/1505/1345
f 1373/1542/1376 1372/1541/1375 1374/1543/1377 1375/1544/1378
f 1373/1542/1376 1375/1544/1378 1346/1509/1349 1344/1507/1347
f 1375/1545/1378 1374/1546/1377 1376/1547/1379 1377/1548/1380
f 1375/1545/1378 1377/1548/1380 1348/1513/1351 1346/1512/1349
f 1377/1548/1380 1376/1547/1379 1378/1549/1381 1379/1550/1382
f 1377/1548/1380 1379/1550/1382 1350/1515/1353 1348/1513/1351
f 1379/1550/1382 1378/1549/1381 1380/1551/1383 1381/1552/1384
f 1379/1550/1382 1381/1552/1384 1360/1527/1363 1350/1515/1353
f 1381/1552/1384 1380/1551/1383 1382/1553/1385 1363/1530/1366
f 1381/1552/1384 1363/1530/1366 1361/1528/1364 1360/1527/1363
f 1382/1553/1385 1380/1551/1383 1383/1554/1386 1384/1555/1387
f 1382/1553/1385 1384/1555/1387 1385/1556/1388 1366/1557/1369
f 1382/1553/1385 1366/1557/1369 1364/1531/1367 1363/1530/1366
f 1385/1556/1388 1384/1555/1387 1386/1558/1389 1387/1559/1390
f 1385/1560/1388 1387/1561/1390 1388/1562/1391 1389/1563/1392
f 1385/1560/1388 1389/1563/1392 1367/1536/1370 1366/1535/1369
f 1389/1563/1392 1388/1562/1391 1390/1564/1393 1391/1565/1394
f 1389/1563/1392 1391/1565/1394 1368/1537/1371 1367/1536/1370
f 1391/1565/1394 1390/1564/1393 1392/1566/1395 1393/1567/1396
f 1391/1565/1394 1393/1567/1396 1370/1539/1373 1368/1537/1371
f 1393/1567/1396 1392/1566/1395 1394/1568/1397 1395/1569/1398
f 1393/1567/1396 1395/1569/1398 1372/1541/1375 1370/1539/1373
f 1395/1569/1398 1394/1568/1397 1396/1570/1399 1397/1571/1400
f 1395/1569/1398 1397/1571/1400 1374/1543/1377 1372/1541/1375
f 1397/1572/1400 1396/1573/1399 1398/1574/1401 1399/1575/1402
f 1397/1572/1400 1399/1575/1402 1376/1547/1379 1374/1546/1377
f 1399/1575/1402 1398/1574/1401 1400/1576/1403 1401/1577/1404
f 1399/1575/1402 1401/1577/1404 1378/1549/1381 1376/1547/1379
f 1401/1577/1404 1400/1576/1403 1402/1578/1405 1383/1554/1386
f 1401/1577/1404 1383/1554/1386 1380/1551/1383 1378/1549/1381
f 1402/1578/1405 1400/1576/1403 1403/1579/1406 1404/1580/1407
f 1402/1578/1405 1404/1580/1407 1405/1581/1408 1386/1558/1389
f 1402/1578/1405 1386/1558/1389 1384/1555/1387 1383/1554/1386
f 1405/1581/1408 1404/1580/1407 1406/1582/1409 1407/1583/1410
f 1405/1581/1408 1407/1583/1410 1408/1584/1411 1409/1585/1412
f 1405/1581/1408 1409/1585/1412 1387/1559/1390 1386/1558/1389
f 1409/1586/1412 1408/1587/1411 1410/1588/1413 1411/1589/1414
f 1409/1586/1412 1411/1589/1414 1388/1562/1391 1387/1561/1390
f 1411/1589/1414 1410/1588/1413 1412/1590/1415 1413/1591/1416
f 1411/1589/1414 1413/1591/1416 1390/1564/1393 1388/1562/1391
f 1413/1591/1416 1412/1590/1415 1414/1592/1417 1415/1593/1418
f 1413/1591/1416 1415/1593/1418 1392/1566/1395 1390/1564/1393
f 1415/1593/1418 1414/1592/1417 1416/1594/1419 1417/1595/1420
f 1415/1593/1418 1417/1595/1420 1394/1568/1397 1392/1566/1395
f 1417/1595/1420 1416/1594/1419 1418/1596/1421 1419/1597/1422
f 1417/1595/1420 1419/1597/1422 1396/1570/1399 1394/1568/1397
f 1419/1598/1422 1418/1599/1421 1420/1600/1423 1421/1601/1424
f 1419/1598/1422 1421/1601/1424 1398/1574/1401 1396/1573/1399
f 1421/1601/1424 1420/1600/1423 1422/1602/1425 1403/1579/1406
f 1421/1601/1424 1403/1579/1406 1400/1576/1403 1398/1574/1401
f 1422/1602/1425 1420/1600/1423 1423/1603/1426 1424/1604/1427
f 1422/1602/1425 1424/1604/1427 1425/1605/1428 1406/1582/1409
f 1422/1602/1425 1406/1582/1409 1404/1580/1407 1403/1579/1406
f 1425/1605/1428 1424/1604/1427 1426/1606/1429 1427/1607/1430
f 1425/1605/1428 1427/1607/1430 1428/1608/1431 1429/1609/1432
f 1425/1605/1428 1429/1609/1432 1407/1583/1410 1406/1582/1409
f 1429/1609/1432 1428/1608/1431 1430/1610/1433 1431/1611/1434
f 1429/1609/1432 1431/1611/1434 1408/1584/1411 1407/1583/1410
f 1431/1612/1434 1430/1613/1433 1432/1614/1435 1433/1615/1436
f 1431/1612/1434 1433/1615/1436 1410/1588/1413 1408/1587/1411
f 1433/1615/1436 1432/1614/1435 1434/1616/1437 1435/1617/1438
f 1433/1615/1436 1435/1617/1438 1412/1590/1415 1410/1588/1413
f 1435/1617/1438 1434/1616/1437 1436/1618/1439 1437/1619/1440
f 1435/1617/1438 1437/1619/1440 1414/1592/1417 1412/1590/1415
f 1437/1619/1440 1436/1618/1439 1438/1620/1441 1439/1621/1442
f 1437/1619/1440 1439/1621/1442 1416/1594/1419 1414/1592/1417
f 1439/1621/1442 1438/1620/1441 1440/1622/1443 1441/1623/1444
f 1439/1621/1442 1441/1623/1444 1418/1596/1421 1416/1594/1419
f 1441/1624/1444 1440/1625/1443 1442/1626/1445 1423/1603/1426
f 1441/1624/1444 1423/1603/1426 1420/1600/1423 1418/1599/1421
f 1442/1626/1445 1440/1625/1443 1443/1627/1446 1444/1628/1447
f 1442/1626/1445 1444/1628/1447 1445/1629/1448 1426/1606/1429
f 1442/1626/1445 1426/1606/1429 1424/1604/1427 1423/1603/1426
f 1445/1629/1448 1444/1628/1447 270/264/259 267/261/256
f 1445/1629/1448 267/261/256 266/260/255 1446/1630/1449
f 1445/1629/1448 1446/1630/1449 1427/1607/1430 1426/1606/1429
f 1446/1630/1449 266/260/255 1447/1631/1450 1448/1632/1451
f 1446/1630/1449 1448/1632/1451 1428/1608/1431 1427/1607/1430
f 1448/1632/1451 1447/1631/1450 1449/1633/1452 1450/1634/1453
f 1448/1632/1451 1450/1634/1453 1430/1610/1433 1428/1608/1431
f 1450/1635/1453 1449/1636/1452 1451/1637/1454 1452/1638/1455
f 1450/1635/1453 1452/1638/1455 1432/1614/1435 1430/1613/1433
f 1452/1638/1455 1451/1637/1454 299/296/288 1453/1639/1456
f 1452/1638/1455 1453/1639/1456 1434/1616/1437 1432/1614/1435
f 1453/1639/1456 299/296/288 298/295/287 1454/1640/1457
f 1453/1639/1456 1454/1640/1457 1436/1618/1439 1434/1616/1437
f 1454/1640/1457 298/295/287 297/294/286 1455/1641/1458
f 1454/1640/1457 1455/1641/1458 1438/1620/1441 1436/1618/1439
f 1455/1641/1458 297/294/286 1456/1642/1459 1443/1643/1446
f 1455/1641/1458 1443/1643/1446 1440/1622/1443 1438/1620/1441
f 1456/1642/1459 297/294/286 296/293/285 1457/1644/1460
f 1456/1645/1459 1457/1646/1460 268/262/257 270/264/259
f 1456/1645/1459 270/264/259 1444/1628/1447 1443/1627/1446
f 1457/1644/1460 296/293/285 292/288/281 286/287/275
f 1457/1646/1460 286/280/275 269/263/258 268/262/257
f 1451/1637/1454 1449/1636/1452 284/290/273 293/289/282
f 1451/1637/1454 293/289/282 294/291/283 299/296/288
f 1449/1633/1452 1447/1631/1450 285/279/274 284/278/273
f 1447/1631/1450 266/260/255 265/259/254 285/279/274
f 1360/1527/1363 1354/1519/1357 1351/1516/1354 1350/1515/1353
f 1357/1522/1360 1458/1647/1461 85/85/85 88/88/88
f 1357/1522/1360 1330/1491/1333 1328/1488/1331 1458/1647/1461
f 1458/1647/1461 1459/1648/1462 86/86/86 85/85/85
f 1458/1647/1461 1328/1488/1331 1327/1487/1330 1459/1648/1462
f 1459/1648/1462 1255/1387/1247 1253/1385/1245 86/86/86
f 1459/1648/1462 1327/1487/1330 1257/1389/1249 1255/1387/1247
f 1353/1518/1356 88/88/88 87/87/87 179/179/176
f 1253/1385/1245 1251/1383/1243 83/83/83 86/86/86
f 1251/1383/1243 1250/1382/1242 84/84/84 83/83/83
f 1188/1308/1180 1187/1307/1179 1186/1306/1178 1185/1305/1177
f 1143/1255/1135 1139/1250/1131 1137/1249/1129 1136/1286/1128
f 1112/1219/1104 438/456/427 434/451/423 433/450/422
f 1107/1214/1099 458/476/447 454/472/443 453/471/442
f 1107/1214/1099 1106/1213/1098 1460/1649/1463 458/476/447
f 1460/1650/1463 463/483/452 459/482/448 458/1651/447
f 1460/1649/1463 1106/1213/1098 1100/1204/1092 1461/1652/1464
f 1460/1650/1463 1461/1653/1464 1462/1654/1465 463/483/452
f 1462/1654/1465 468/489/457 464/484/453 463/483/452
f 1462/1654/1465 1461/1653/1464 1463/1655/1466 1464/1656/1467
f 1462/1654/1465 1464/1656/1467 1465/1657/1468 468/489/457
f 1465/1657/1468 473/494/462 469/490/458 468/489/457
f 1465/1657/1468 1464/1656/1467 1466/1658/1469 1467/1659/1470
f 1465/1657/1468 1467/1659/1470 1468/1660/1471 473/494/462
f 1468/1660/1471 478/499/467 474/495/463 473/494/462
f 1468/1660/1471 1467/1659/1470 1469/1661/1472 1470/1662/1473
f 1468/1660/1471 1470/1662/1473 1471/1663/1474 478/499/467
f 1471/1663/1474 483/504/472 479/500/468 478/499/467
f 1471/1663/1474 1470/1662/1473 1472/1664/1475 290/284/279
f 1471/1663/1474 290/284/279 289/283/278 483/504/472
f 1472/1664/1475 1470/1662/1473 1469/1661/1472 1473/1665/1476
f 1472/1664/1475 1473/1665/1476 1474/1666/1477 1475/1667/1478
f 1472/1664/1475 1475/1667/1478 277/271/266 290/284/279
f 1475/1667/1478 1474/1666/1477 1476/1668/1479 1477/1669/1480
f 1475/1667/1478 1477/1669/1480 287/281/276 277/271/266
f 1477/1670/1480 1476/1671/1479 1082/1181/1074 247/241/236
f 1477/1670/1480 247/241/236 244/238/233 287/1672/276
f 1476/1668/1479 1474/1666/1477 1478/1673/1481 1085/1674/1077
f 1476/1671/1479 1085/1184/1077 1083/1182/1075 1082/1181/1074
f 1478/1673/1481 1474/1666/1477 1473/1665/1476 1479/1675/1482
f 1478/1673/1481 1479/1675/1482 1480/1676/1483 1088/1189/1080
f 1478/1673/1481 1088/1189/1080 1086/1188/1078 1085/1674/1077
f 1480/1676/1483 1479/1675/1482 1481/1677/1484 1482/1678/1485
f 1480/1676/1483 1482/1678/1485 1095/1197/1087 1091/1193/1083
f 1480/1676/1483 1091/1193/1083 1089/1190/1081 1088/1189/1080
f 1482/1678/1485 1481/1677/1484 1466/1658/1469 1483/1679/1486
f 1482/1678/1485 1483/1679/1486 1096/1198/1088 1095/1197/1087
f 1483/1679/1486 1466/1658/1469 1464/1656/1467 1463/1655/1466
f 1483/1679/1486 1463/1655/1466 1098/1200/1090 1096/1198/1088
f 1481/1677/1484 1469/1661/1472 1467/1659/1470 1466/1658/1469
f 1481/1677/1484 1479/1675/1482 1473/1665/1476 1469/1661/1472
f 1463/1680/1466 1461/1652/1464 1100/1204/1092 1098/1203/1090
f 1082/1181/1074 1080/1179/1072 245/239/234 247/241/236
f 1077/1176/1069 1076/1175/1068 242/236/231 241/235/230
f 1076/1175/1068 1484/1681/1487 1485/1682/1488 242/236/231
f 1076/1175/1068 1074/1172/1066 1073/1171/1065 1484/1681/1487
f 1485/1682/1488 1486/1683/1489 1487/1684/1490 232/226/221
f 1485/1682/1488 232/226/221 229/223/218 242/236/231
f 1485/1682/1488 1484/1681/1487 1488/1685/1491 1486/1683/1489
f 1488/1685/1491 1489/1686/1492 1490/1687/1493 1486/1683/1489
f 1488/1685/1491 1484/1681/1487 1073/1171/1065 1491/1688/1494
f 1488/1685/1491 1491/1688/1494 1492/1689/1495 1489/1686/1492
f 1492/1689/1495 1493/1690/1496 1494/1691/1497 1489/1686/1492
f 1492/1689/1495 1491/1688/1494 1070/1692/1062 1495/1693/1498
f 1492/1689/1495 1495/1693/1498 1496/1694/1499 1493/1690/1496
f 1496/1694/1499 1497/1695/1500 1498/1696/1501 1493/1690/1496
f 1496/1697/1499 1495/1698/1498 1067/1163/1059 1499/1699/1502
f 1496/1697/1499 1499/1699/1502 1500/1700/1503 1497/1701/1500
f 1500/1700/1503 1501/1702/1504 1502/1703/1505 1497/1701/1500
f 1500/1700/1503 1499/1699/1502 1064/1160/1056 1503/1704/1506
f 1500/1700/1503 1503/1704/1506 1504/1705/1507 1501/1702/1504
f 1504/1705/1507 1505/1706/1508 1506/1707/1509 1501/1702/1504
f 1504/1705/1507 1503/1704/1506 1061/1157/1053 1507/1708/1510
f 1504/1705/1507 1507/1708/1510 1508/1709/1511 1505/1706/1508
f 1508/1709/1511 1509/1710/1512 1510/1711/1513 1505/1706/1508
f 1508/1709/1511 1507/1708/1510 1058/1154/1050 1511/1712/1514
f 1508/1709/1511 1511/1712/1514 1043/1136/1035 1509/1710/1512
f 1511/1712/1514 1058/1154/1050 1056/1152/1048 1046/1139/1038
f 1511/1712/1514 1046/1139/1038 1044/1137/1036 1043/1136/1035
f 1510/1711/1513 1512/1713/1515 1513/1714/1516 1514/1715/1517
f 1510/1711/1513 1514/1715/1517 1506/1707/1509 1505/1706/1508
f 1510/1711/1513 1509/1710/1512 1515/1716/1518 1512/1713/1515
f 1515/1716/1518 1516/1717/1519 1517/1718/1520 1512/1713/1515
f 1515/1716/1518 1509/1710/1512 1043/1136/1035 1041/1134/1033
f 1515/1716/1518 1041/1134/1033 1040/1133/1032 1516/1717/1519
f 1517/1718/1520 1518/1719/1521 1519/1720/1522 1520/1721/1523
f 1517/1718/1520 1520/1721/1523 1513/1714/1516 1512/1713/1515
f 1517/1718/1520 1516/1717/1519 1521/1722/1524 1518/1719/1521
f 1521/1722/1524 1522/1723/1525 1523/1724/1526 1518/1719/1521
f 1521/1722/1524 1516/1717/1519 1040/1133/1032 1039/1132/1031
f 1521/1722/1524 1039/1132/1031 1524/1725/1527 1522/1723/1525
f 1524/1725/1527 1525/1726/1528 1526/1727/1529 1522/1723/1525
f 1524/1725/1527 1039/1132/1031 1037/1130/1029 1036/1129/1028
f 1524/1725/1527 1036/1129/1028 1527/1728/1530 1525/1726/1528
f 1527/1728/1530 1528/1729/1531 1529/1730/1532 1525/1726/1528
f 1527/1728/1530 1036/1129/1028 1034/1127/1026 1530/1731/1533
f 1527/1728/1530 1530/1731/1533 1531/1732/1534 1528/1729/1531
f 1531/1732/1534 1532/1733/1535 1533/1734/1536 1528/1729/1531
f 1531/1732/1534 1530/1731/1533 1031/1124/1023 1534/1735/1537
f 1531/1732/1534 1534/1735/1537 1535/1736/1538 1532/1733/1535
f 1535/1736/1538 1536/1737/1539 1537/1738/1540 1532/1733/1535
f 1535/1736/1538 1534/1735/1537 1028/1121/1020 1538/1739/1541
f 1535/1736/1538 1538/1739/1541 1539/1740/1542 1536/1737/1539
f 1539/1740/1542 1540/1741/1543 1541/1742/1544 1536/1737/1539
f 1539/1740/1542 1538/1739/1541 1025/1118/1017 1542/1743/1545
f 1539/1740/1542 1542/1743/1545 1543/1744/1546 1540/1741/1543
f 1543/1744/1546 1544/1745/1547 1545/1746/1548 1540/1741/1543
f 1543/1744/1546 1542/1743/1545 1022/1115/1014 1546/1747/1549
f 1543/1744/1546 1546/1747/1549 1547/1748/1550 1544/1745/1547
f 1547/1748/1550 1548/1749/1551 1549/1750/1552 1544/1745/1547
f 1547/1748/1550 1546/1747/1549 1019/1111/1011 1550/1751/1553
f 1547/1748/1550 1550/1751/1553 1551/1752/1554 1548/1749/1551
f 1551/1752/1554 1552/1753/1555 1553/1754/1556 1548/1749/1551
f 1551/1752/1554 1550/1751/1553 1016/1755/1008 1554/1756/1557
f 1551/1752/1554 1554/1756/1557 601/1757/593 1552/1753/1555
f 1554/1758/1557 1016/1106/1008 1014/1104/1006 1013/1103/1005
f 1554/1758/1557 1013/1103/1005 602/631/594 601/630/593
f 1553/1754/1556 594/621/586 592/619/584 1555/1759/1558
f 1553/1754/1556 1555/1759/1558 1549/1750/1552 1548/1749/1551
f 1553/1754/1556 1552/1753/1555 596/623/588 594/621/586
f 1555/1759/1558 592/619/584 589/616/581 588/615/580
f 1555/1759/1558 588/615/580 1556/1760/1559 1549/1750/1552
f 1556/1760/1559 588/615/580 584/611/576 583/610/575
f 1556/1760/1559 583/610/575 1557/1761/1560 1545/1746/1548
f 1556/1760/1559 1545/1746/1548 1544/1745/1547 1549/1750/1552
f 1557/1761/1560 583/610/575 579/606/571 578/605/570
f 1557/1761/1560 578/605/570 1558/1762/1561 1541/1742/1544
f 1557/1761/1560 1541/1742/1544 1540/1741/1543 1545/1746/1548
f 1558/1762/1561 578/605/570 574/601/566 573/600/565
f 1558/1762/1561 573/600/565 1559/1763/1562 1537/1738/1540
f 1558/1762/1561 1537/1738/1540 1536/1737/1539 1541/1742/1544
f 1559/1763/1562 573/600/565 569/596/561 568/595/560
f 1559/1763/1562 568/595/560 1560/1764/1563 1533/1734/1536
f 1559/1763/1562 1533/1734/1536 1532/1733/1535 1537/1738/1540
f 1560/1764/1563 568/595/560 564/591/556 563/590/555
f 1560/1764/1563 563/590/555 1561/1765/1564 1529/1730/1532
f 1560/1764/1563 1529/1730/1532 1528/1729/1531 1533/1734/1536
f 1561/1765/1564 563/590/555 559/586/551 558/585/550
f 1561/1765/1564 558/585/550 1562/1766/1565 1526/1727/1529
f 1561/1765/1564 1526/1727/1529 1525/1726/1528 1529/1730/1532
f 1562/1766/1565 558/585/550 554/581/546 553/580/545
f 1562/1766/1565 553/580/545 1563/1767/1566 1523/1724/1526
f 1562/1766/1565 1523/1724/1526 1522/1723/1525 1526/1727/1529
f 1563/1767/1566 553/580/545 549/576/541 548/575/540
f 1563/1767/1566 548/575/540 1564/1768/1567 1519/1720/1522
f 1563/1767/1566 1519/1720/1522 1518/1719/1521 1523/1724/1526
f 1564/1768/1567 548/575/540 544/570/536 543/569/535
f 1564/1768/1567 543/569/535 1565/1769/1568 1566/1770/1569
f 1564/1768/1567 1566/1770/1569 1520/1721/1523 1519/1720/1522
f 1566/1770/1569 1565/1769/1568 1567/1771/1570 1568/1772/1571
f 1566/1770/1569 1568/1772/1571 1513/1714/1516 1520/1721/1523
f 1568/1773/1571 1567/1774/1570 1569/1775/1572 1570/1776/1573
f 1568/1772/1571 1570/1777/1573 1514/1715/1517 1513/1714/1516
f 1570/1776/1573 1569/1775/1572 1571/1778/1574 1572/1779/1575
f 1570/1777/1573 1572/1780/1575 1506/1707/1509 1514/1715/1517
f 1572/1779/1575 1571/1778/1574 1573/1781/1576 1502/1782/1505
f 1572/1780/1575 1502/1703/1505 1501/1702/1504 1506/1707/1509
f 1573/1781/1576 1571/1778/1574 1574/1783/1577 1575/1784/1578
f 1573/1781/1576 1575/1784/1578 1576/1785/1579 1498/1696/1501
f 1573/1781/1576 1498/1696/1501 1497/1695/1500 1502/1782/1505
f 1576/1785/1579 1575/1784/1578 1577/1786/1580 1578/1787/1581
f 1576/1785/1579 1578/1787/1581 1579/1788/1582 1494/1691/1497
f 1576/1785/1579 1494/1691/1497 1493/1690/1496 1498/1696/1501
f 1579/1788/1582 1578/1787/1581 1580/1789/1583 1581/1790/1584
f 1579/1788/1582 1581/1790/1584 1582/1791/1585 1490/1687/1493
f 1579/1788/1582 1490/1687/1493 1489/1686/1492 1494/1691/1497
f 1582/1791/1585 1581/1790/1584 1583/1792/1586 1584/1793/1587
f 1582/1791/1585 1584/1793/1587 1585/1794/1588 1487/1684/1490
f 1582/1791/1585 1487/1684/1490 1486/1683/1489 1490/1687/1493
f 1585/1794/1588 1584/1793/1587 1586/1795/1589 1587/1796/1590
f 1585/1794/1588 1587/1796/1590 231/225/220 230/224/219
f 1585/1794/1588 230/224/219 232/226/221 1487/1684/1490
f 1587/1796/1590 1586/1795/1589 1588/1797/1591 1589/1798/1592
f 1587/1796/1590 1589/1798/1592 1590/1799/1593 231/225/220
f 1590/1799/1593 1589/1798/1592 1591/1800/1594 1592/1801/1595
f 1590/1799/1593 1592/1801/1595 1593/1802/1596 1594/1803/1597
f 1590/1799/1593 1594/1803/1597 223/217/212 231/225/220
f 1594/1803/1597 1593/1802/1596 1595/1804/1598 1596/1805/1599
f 1594/1803/1597 1596/1805/1599 224/218/213 223/217/212
f 1596/1805/1599 1597/1806/1600 1598/1807/1601 224/218/213
f 1596/1805/1599 1595/1804/1598 1599/1808/1602 1597/1806/1600
f 1599/1808/1602 1600/1809/1603 1601/1810/1604 1597/1806/1600
f 1599/1808/1602 1595/1804/1598 1602/1811/1605 1603/1812/1606
f 1599/1808/1602 1603/1812/1606 1604/1813/1607 1600/1809/1603
f 1604/1813/1607 1605/1814/1608 1606/1815/1609 1600/1809/1603
f 1604/1816/1607 1603/1817/1606 1607/1818/1610 1608/1819/1611
f 1604/1816/1607 1608/1819/1611 177/177/174 1605/1820/1608
f 1608/1819/1611 1607/1818/1610 1609/1821/1612 1610/1822/1613
f 1608/1819/1611 1610/1822/1613 174/174/171 177/177/174
f 1610/1822/1613 1609/1821/1612 1611/1823/1614 1612/1824/1615
f 1610/1822/1613 1612/1824/1615 172/172/169 174/174/171
f 1612/1824/1615 1611/1823/1614 1613/1825/1616 1614/1826/1617
f 1612/1824/1615 1614/1826/1617 173/173/170 172/172/169
f 1614/1826/1617 1613/1825/1616 1615/1827/1618 1616/1828/1619
f 1614/1826/1617 1616/1828/1619 1617/1829/1620 173/173/170
f 1617/1829/1620 1618/1830/1621 169/169/166 173/173/170
f 1617/1831/1620 1616/1832/1619 1619/1833/1622 1620/1834/1623
f 1617/1831/1620 1620/1834/1623 1621/1835/1624 1618/1836/1621
f 1621/1835/1624 1622/1837/1625 1623/1838/1626 1618/1836/1621
f 1621/1835/1624 1620/1834/1623 102/102/102 101/101/101
f 1621/1835/1624 101/101/101 100/100/100 1622/1837/1625
f 1623/1838/1626 1622/1837/1625 1606/1815/1609 1605/1814/1608
f 1623/1839/1626 1605/1820/1608 177/177/174 170/170/167
f 1623/1839/1626 170/170/167 169/169/166 1618/1830/1621
f 1622/1837/1625 100/100/100 115/118/115 1606/1815/1609
f 1620/1834/1623 1619/1833/1622 1624/1840/1627 102/102/102
f 1624/1840/1627 1619/1833/1622 1625/1841/1628 1626/1842/1629
f 1624/1840/1627 1626/1842/1629 1627/1843/1630 1628/1844/1631
f 1624/1840/1627 1628/1844/1631 103/103/103 102/102/102
f 1628/1844/1631 1627/1843/1630 1598/1807/1601 1629/1845/1632
f 1628/1844/1631 1629/1845/1632 104/104/104 103/103/103
f 1629/1845/1632 1598/1807/1601 1597/1806/1600 1601/1810/1604
f 1629/1845/1632 1601/1810/1604 115/118/115 104/104/104
f 1627/1843/1630 1626/1842/1629 226/220/215 225/219/214
f 1627/1843/1630 225/219/214 224/218/213 1598/1807/1601
f 1626/1842/1629 1625/1841/1628 1630/1846/1633 226/220/215
f 1630/1846/1633 1625/1841/1628 1615/1847/1618 1631/1848/1634
f 1630/1846/1633 1631/1848/1634 288/1849/277 243/237/232
f 1630/1846/1633 243/237/232 227/221/216 226/220/215
f 1631/1850/1634 1615/1827/1618 1613/1825/1616 281/275/270
f 1631/1850/1634 281/275/270 278/272/267 288/282/277
f 1625/1841/1628 1619/1833/1622 1616/1832/1619 1615/1847/1618
f 1613/1825/1616 1611/1823/1614 279/273/268 281/275/270
f 1611/1823/1614 1609/1821/1612 280/274/269 279/273/268
f 1609/1821/1612 1607/1818/1610 1632/1851/1635 280/274/269
f 1632/1851/1635 1607/1818/1610 1603/1817/1606 1602/1852/1605
f 1632/1851/1635 1602/1852/1605 1633/1853/1636 1634/1854/1637
f 1632/1851/1635 1634/1854/1637 272/266/261 280/274/269
f 1634/1854/1637 1635/1855/1638 273/267/262 272/266/261
f 1634/1854/1637 1633/1853/1636 1636/1856/1639 1635/1855/1638
f 1636/1856/1639 1637/1857/1640 1638/1858/1641 1635/1855/1638
f 1636/1859/1639 1633/1860/1636 1593/1802/1596 1592/1801/1595
f 1636/1859/1639 1592/1801/1595 1591/1800/1594 1637/1861/1640
f 1638/1858/1641 1639/1862/1642 1640/1863/1643 1641/1864/1644
f 1638/1858/1641 1641/1864/1644 273/267/262 1635/1855/1638
f 1638/1858/1641 1637/1857/1640 1642/1865/1645 1639/1862/1642
f 1642/1866/1645 1643/1867/1646 1644/1868/1647 1639/1869/1642
f 1642/1866/1645 1637/1861/1640 1591/1800/1594 1645/1870/1648
f 1642/1866/1645 1645/1870/1648 1646/1871/1649 1643/1867/1646
f 1646/1871/1649 1647/1872/1650 1648/1873/1651 1643/1867/1646
f 1646/1871/1649 1645/1870/1648 1588/1797/1591 1649/1874/1652
f 1646/1871/1649 1649/1874/1652 1650/1875/1653 1647/1872/1650
f 1650/1875/1653 517/541/509 515/539/507 1647/1872/1650
f 1650/1875/1653 1649/1874/1652 1651/1876/1654 1652/1877/1655
f 1650/1875/1653 1652/1877/1655 519/543/511 517/541/509
f 1652/1877/1655 1651/1876/1654 1583/1792/1586 1653/1878/1656
f 1652/1877/1655 1653/1878/1656 1654/1879/1657 519/543/511
f 1654/1879/1657 523/547/515 520/544/512 519/543/511
f 1654/1879/1657 1653/1878/1656 1580/1789/1583 1655/1880/1658
f 1654/1879/1657 1655/1880/1658 1656/1881/1659 523/547/515
f 1656/1881/1659 528/552/520 524/548/516 523/547/515
f 1656/1881/1659 1655/1880/1658 1577/1786/1580 1657/1882/1660
f 1656/1881/1659 1657/1882/1660 1658/1883/1661 528/552/520
f 1658/1883/1661 533/557/525 529/553/521 528/552/520
f 1658/1883/1661 1657/1882/1660 1574/1783/1577 1659/1884/1662
f 1658/1883/1661 1659/1884/1662 1660/1885/1663 533/557/525
f 1660/1885/1663 538/562/530 534/558/526 533/557/525
f 1660/1885/1663 1659/1884/1662 1569/1775/1572 1567/1774/1570
f 1660/1886/1663 1567/1771/1570 1565/1769/1568 538/1887/530
f 1659/1884/1662 1574/1783/1577 1571/1778/1574 1569/1775/1572
f 1657/1882/1660 1577/1786/1580 1575/1784/1578 1574/1783/1577
f 1655/1880/1658 1580/1789/1583 1578/1787/1581 1577/1786/1580
f 1653/1878/1656 1583/1792/1586 1581/1790/1584 1580/1789/1583
f 1651/1876/1654 1649/1874/1652 1588/1797/1591 1586/1795/1589
f 1651/1876/1654 1586/1795/1589 1584/1793/1587 1583/1792/1586
f 1648/1873/1651 513/536/504 509/535/503 508/1888/497
f 1648/1873/1651 508/1888/497 1644/1868/1647 1643/1867/1646
f 1648/1873/1651 1647/1872/1650 515/539/507 513/536/504
f 1645/1870/1648 1591/1800/1594 1589/1798/1592 1588/1797/1591
f 1644/1889/1647 508/529/497 504/525/493 503/524/492
f 1644/1889/1647 503/524/492 1640/1863/1643 1639/1862/1642
f 1641/1864/1644 1640/1863/1643 498/519/487 1661/1890/1664
f 1641/1864/1644 1661/1890/1664 274/268/263 273/267/262
f 1661/1890/1664 498/519/487 494/515/483 493/514/482
f 1661/1890/1664 493/514/482 275/269/264 274/268/263
f 1640/1863/1643 503/524/492 499/520/488 498/519/487
f 1633/1860/1636 1602/1811/1605 1595/1804/1598 1593/1802/1596
f 1606/1815/1609 115/118/115 1601/1810/1604 1600/1809/1603
f 1565/1769/1568 543/569/535 539/568/531 538/1887/530
f 1552/1753/1555 601/1757/593 598/625/590 596/623/588
f 1550/1751/1553 1019/1111/1011 1017/1110/1009 1016/1755/1008
f 1546/1747/1549 1022/1115/1014 1020/1112/1012 1019/1111/1011
f 1542/1743/1545 1025/1118/1017 1023/1116/1015 1022/1115/1014
f 1538/1739/1541 1028/1121/1020 1026/1119/1018 1025/1118/1017
f 1534/1735/1537 1031/1124/1023 1029/1122/1021 1028/1121/1020
f 1530/1731/1533 1034/1127/1026 1032/1125/1024 1031/1124/1023
f 1507/1708/1510 1061/1157/1053 1059/1155/1051 1058/1154/1050
f 1503/1704/1506 1064/1160/1056 1062/1158/1054 1061/1157/1053
f 1499/1699/1502 1067/1163/1059 1065/1161/1057 1064/1160/1056
f 1495/1698/1498 1070/1166/1062 1068/1164/1060 1067/1163/1059
f 1491/1688/1494 1073/1171/1065 1071/1170/1063 1070/1692/1062
f 1013/1103/1005 1011/1101/1003 603/632/595 602/631/594
f 1000/1087/992 650/682/642 646/678/638 645/677/637
f 1000/1087/992 149/149/146 146/146/143 650/682/642
f 891/970/883 887/965/879 886/964/878 860/932/852
f 886/964/878 882/963/874 865/937/857 863/935/855
f 886/964/878 863/935/855 861/933/853 860/932/852
f 818/887/810 816/885/808 201/200/195 200/199/194
f 795/857/787 793/855/785 194/193/188 201/200/195
f 790/852/782 1662/1891/1665 199/198/193 198/197/192
f 790/852/782 788/849/780 1663/1892/1666 1662/1891/1665
f 1663/1892/1666 1664/1893/1667 1665/1894/1668 1662/1891/1665
f 1663/1892/1666 788/849/780 785/848/777 784/1895/776
f 1663/1892/1666 784/1895/776 1666/1896/1669 1664/1893/1667
f 1666/1896/1669 1667/1897/1670 1668/1898/1671 1664/1893/1667
f 1666/1899/1669 784/843/776 777/836/769 775/834/767
f 1666/1899/1669 775/834/767 774/833/766 1667/1900/1670
f 1668/1898/1671 1669/1901/1672 1670/1902/1673 1671/1903/1674
f 1668/1898/1671 1671/1903/1674 1665/1894/1668 1664/1893/1667
f 1668/1898/1671 1667/1897/1670 1672/1904/1675 1669/1901/1672
f 1672/1904/1675 1673/1905/1676 1674/1906/1677 1669/1901/1672
f 1672/1907/1675 1667/1900/1670 774/833/766 773/832/765
f 1672/1907/1675 773/832/765 1675/1908/1678 1673/1909/1676
f 1675/1908/1678 744/798/736 1676/1910/1679 1673/1909/1676
f 1675/1908/1678 773/832/765 771/830/763 770/829/762
f 1675/1908/1678 770/829/762 745/799/737 744/798/736
f 1676/1911/1679 741/1912/733 732/782/724 1677/1913/1680
f 1676/1911/1679 1677/1913/1680 1674/1906/1677 1673/1905/1676
f 1676/1910/1679 744/798/736 742/796/734 741/795/733
f 1677/1913/1680 732/782/724 730/780/722 729/779/721
f 1677/1913/1680 729/779/721 1678/1914/1681 1674/1906/1677
f 1678/1914/1681 729/779/721 727/777/719 726/776/718
f 1678/1914/1681 726/776/718 131/131/128 1670/1902/1673
f 1678/1914/1681 1670/1902/1673 1669/1901/1672 1674/1906/1677
f 1671/1903/1674 1670/1902/1673 131/131/128 130/130/127
f 1671/1903/1674 130/130/127 136/136/133 1665/1894/1668
f 1665/1894/1668 136/136/133 199/198/193 1662/1891/1665
f 770/829/762 768/827/760 746/800/738 745/799/737
f 768/827/760 766/825/758 748/802/740 746/800/738
f 766/825/758 764/823/756 750/804/742 748/802/740
f 762/820/754 753/807/745 751/805/743 750/804/742
f 741/1912/733 735/785/727 733/783/725 732/782/724
f 726/776/718 722/772/714 132/132/129 131/131/128
f 715/764/707 67/67/67 66/66/66 709/756/701
f 709/756/701 66/66/66 52/52/52 51/51/51
f 705/750/697 704/749/696 659/691/651 144/144/141
f 705/750/697 144/144/141 140/140/137 143/143/140
f 704/749/696 664/696/656 660/692/652 659/691/651
f 704/749/696 702/748/694 701/1915/693 664/696/656
f 701/1915/693 668/700/660 665/697/657 664/696/656
f 701/744/693 699/742/691 673/709/665 668/708/660
f 699/742/691 697/740/689 674/710/666 673/709/665
f 697/740/689 696/739/688 676/712/668 674/710/666
f 696/739/688 692/734/684 678/714/670 676/712/668
f 692/734/684 690/733/682 680/716/672 678/714/670
f 683/719/675 671/707/663 19/19/19 16/16/16
f 683/723/675 33/33/33 37/37/37 671/703/663
f 667/699/659 37/37/37 36/36/36 40/40/40
f 663/695/655 662/694/654 40/40/40 39/39/39
f 659/691/651 655/687/647 145/145/142 144/144/141
f 651/683/643 650/682/642 146/146/143 145/145/142
f 639/668/631 55/55/55 59/59/59 634/663/626
f 630/659/622 629/658/621 59/59/59 58/58/58
f 620/649/612 124/127/124 123/126/123 615/644/607
f 608/637/600 119/122/119 118/121/118 114/117/114
f 527/551/519 218/212/207 217/211/206 522/546/514
f 493/514/482 489/510/478 488/509/477 275/269/264
f 488/509/477 484/505/473 483/504/472 289/283/278
f 488/509/477 289/283/278 276/270/265 275/269/264
f 410/1916/399 407/417/396 405/415/394 315/312/304
f 410/1916/399 315/312/304 308/305/297 310/307/299
f 405/415/394 403/413/392 316/313/305 315/312/304
f 403/413/392 401/411/390 317/314/306 316/313/305
f 397/405/386 396/404/385 331/328/320 330/327/319
f 396/404/385 395/403/384 332/329/321 331/328/320
f 345/365/334 344/1917/333 336/333/325 335/332/324
f 344/1917/333 343/354/332 339/336/328 336/333/325
f 288/1849/277 287/1672/276 244/238/233 243/237/232
f 261/255/250 263/257/252 257/251/246 256/250/245
f 213/207/202 212/206/201 193/192/187 190/189/184
f 210/204/199 209/203/198 189/1148/183 188/947/182
f 199/198/193 136/136/133 135/135/132 195/194/189
f 196/195/190 195/194/189 135/135/132 139/139/136
f 167/167/164 109/111/109 108/110/108 162/162/159
f 163/163/160 162/162/159 108/110/108 107/883/107
f 156/156/153 153/153/150 72/1918/72 75/851/75
f 155/155/152 96/96/96 95/95/95 151/151/148
f 153/153/150 152/152/149 73/1919/73 72/1918/72
f 152/152/149 151/151/148 95/95/95 94/94/94
f 152/152/149 94/94/94 46/1920/46 73/1919/73
f 148/148/145 138/138/135 137/137/134 141/141/138
f 97/97/97 48/875/48 43/1921/43 92/92/92
f 94/94/94 93/93/93 42/1922/42 46/1920/46
f 93/93/93 92/92/92 43/1921/43 42/1922/42
f 73/73/73 46/46/46 45/45/45 69/69/69
f 70/70/70 69/69/69 45/45/45 47/47/47
f 66/66/66 63/63/63 57/57/57 52/52/52
f 186/1923/1682 1702/1924/1683 1679/1925/1684 1695/1926/1685
f 1702/1924/1683 1703/1927/1686 1680/1928/1687 1679/1925/1684
f 1703/1927/1686 1704/1929/1688 1681/1930/1689 1680/1928/1687
f 1704/1929/1688 203/1931/1690 1699/1932/1691 1681/1930/1689
f 1695/1926/1685 1679/1925/1684 1696/1933/1692 126/1934/1693
f 1679/1925/1684 1680/1928/1687 1700/1935/1694 1696/1933/1692
f 1680/1928/1687 1681/1930/1689 1701/1936/1695 1700/1935/1694
f 1681/1930/1689 1699/1932/1691 204/1937/1696 1701/1936/1695
f 127/1938/1697 1694/1939/1698 1682/1940/1699 1683/1941/1700
f 1694/1939/1698 128/1942/1701 1684/1943/1702 1682/1940/1699
f 1697/1944/1703 127/1938/1697 1683/1941/1700 1685/1945/1704
f 1698/1946/1705 1325/1947/1706 1687/1948/1707 1686/1949/1708
f 128/1942/1701 206/1950/1709 1688/1951/1710 1684/1943/1702
f 205/1952/1711 1698/1946/1705 1686/1949/1708 1689/1953/1712
f 185/1954/1713 184/1955/1714 1690/1956/1715 1691/1957/1716
f 184/1955/1714 1697/1944/1703 1685/1945/1704 1690/1956/1715
f 206/1950/1709 205/1952/1711 1689/1953/1712 1688/1951/1710
f 202/1958/1717 185/1954/1713 1691/1957/1716 1692/1959/1718
f 1705/1960/1719 202/1958/1717 1692/1959/1718 1693/1961/1720
f 1325/1947/1706 1705/1960/1719 1693/1961/1720 1687/1948/1707
f 1695/1926/1685 126/1934/1693 1694/1939/1698 127/1938/1697
f 126/1934/1693 1696/1933/1692 128/1942/1701 1694/1939/1698
f 186/1923/1682 1695/1926/1685 127/1938/1697 1697/1944/1703
f 204/1937/1696 1699/1932/1691 1325/1947/1706 1698/1946/1705
f 1696/1933/1692 1700/1935/1694 206/1950/1709 128/1942/1701
f 1701/1936/1695 204/1937/1696 1698/1946/1705 205/1952/1711
f 1703/1927/1686 1702/1924/1683 184/1955/1714 185/1954/1713
f 1702/1924/1683 186/1923/1682 1697/1944/1703 184/1955/1714
f 1700/1935/1694 1701/1936/1695 205/1952/1711 206/1950/1709
f 1704/1929/1688 1703/1927/1686 185/1954/1713 202/1958/1717
f 203/1931/1690 1704/1929/1688 202/1958/1717 1705/1960/1719
f 1699/1932/1691 203/1931/1690 1705/1960/1719 1325/1947/1706
