# Blender 4.0.2
# www.blender.org
o mace
v 0.007383 -0.203855 -0.017823
v 0.004666 -0.206796 -0.011265
v 0.005132 -0.209736 -0.012390
v 0.006257 -0.210954 -0.015106
v 0.007383 -0.209736 -0.017823
v 0.007849 -0.206796 -0.018948
v 0.017823 -0.203855 -0.007383
v 0.011265 -0.206796 -0.004666
v 0.012390 -0.209736 -0.005132
v 0.015106 -0.210954 -0.006257
v 0.017823 -0.209736 -0.007383
v 0.018948 -0.206796 -0.007849
v 0.017823 -0.203855 0.007383
v 0.011265 -0.206796 0.004666
v 0.012390 -0.209736 0.005132
v 0.015106 -0.210954 0.006257
v 0.017823 -0.209736 0.007383
v 0.018948 -0.206796 0.007849
v 0.007383 -0.203855 0.017823
v 0.004666 -0.206796 0.011265
v 0.005132 -0.209736 0.012390
v 0.006257 -0.210954 0.015106
v 0.007383 -0.209736 0.017823
v 0.007849 -0.206796 0.018948
v -0.007383 -0.203855 0.017823
v -0.004666 -0.206796 0.011265
v -0.005132 -0.209736 0.012390
v -0.006257 -0.210954 0.015106
v -0.007383 -0.209736 0.017823
v -0.007849 -0.206796 0.018948
v -0.017823 -0.203855 0.007383
v -0.011265 -0.206796 0.004666
v -0.012390 -0.209736 0.005132
v -0.015106 -0.210954 0.006257
v -0.017823 -0.209736 0.007383
v -0.018948 -0.206796 0.007849
v -0.017823 -0.203855 -0.007383
v -0.011265 -0.206796 -0.004666
v -0.012390 -0.209736 -0.005132
v -0.015106 -0.210954 -0.006257
v -0.017823 -0.209736 -0.007383
v -0.018948 -0.206796 -0.007849
v -0.007383 -0.203855 -0.017823
v -0.004666 -0.206796 -0.011265
v -0.005132 -0.209736 -0.012390
v -0.006257 -0.210954 -0.015106
v -0.007383 -0.209736 -0.017823
v -0.007849 -0.206796 -0.018948
v 0.007383 -0.196652 -0.017823
v 0.006161 -0.195434 -0.014874
v 0.007383 -0.202533 -0.017823
v 0.007849 -0.199593 -0.018948
v 0.017823 -0.196652 -0.007383
v 0.014874 -0.195434 -0.006161
v 0.017823 -0.202533 -0.007383
v 0.018948 -0.199593 -0.007849
v 0.017823 -0.196652 0.007383
v 0.014874 -0.195434 0.006161
v 0.017823 -0.202533 0.007383
v 0.018948 -0.199593 0.007849
v 0.007383 -0.196652 0.017823
v 0.006161 -0.195434 0.014874
v 0.007383 -0.202533 0.017823
v 0.007849 -0.199593 0.018948
v -0.007383 -0.196652 0.017823
v -0.006161 -0.195434 0.014874
v -0.007383 -0.202533 0.017823
v -0.007849 -0.199593 0.018948
v -0.017823 -0.196652 0.007383
v -0.014874 -0.195434 0.006161
v -0.017823 -0.202533 0.007383
v -0.018948 -0.199593 0.007849
v -0.017823 -0.196652 -0.007383
v -0.014874 -0.195434 -0.006161
v -0.017823 -0.202533 -0.007383
v -0.018948 -0.199593 -0.007849
v -0.007383 -0.196652 -0.017823
v -0.006161 -0.195434 -0.014874
v -0.007383 -0.202533 -0.017823
v -0.007849 -0.199593 -0.018948
v 0.016314 -0.203194 -0.006758
v 0.016314 -0.203194 0.006758
v 0.006758 -0.203194 0.016314
v -0.006758 -0.203194 0.016314
v -0.016314 -0.203194 0.006758
v -0.016314 -0.203194 -0.006758
v -0.006758 -0.203194 -0.016314
v 0.006758 -0.203194 -0.016314
v -0.005663 0.141677 -0.013673
v -0.006071 0.139104 -0.014657
v -0.005663 0.136531 -0.013673
v -0.004679 0.135465 -0.011296
v -0.013673 0.141677 -0.005663
v -0.014657 0.139104 -0.006071
v -0.013673 0.136531 -0.005663
v -0.011296 0.135465 -0.004679
v -0.013673 0.141677 0.005663
v -0.014657 0.139104 0.006071
v -0.013673 0.136531 0.005663
v -0.011296 0.135465 0.004679
v -0.005663 0.141677 0.013673
v -0.006071 0.139104 0.014657
v -0.005663 0.136531 0.013673
v -0.004679 0.135465 0.011296
v 0.005663 0.141677 0.013673
v 0.006071 0.139104 0.014657
v 0.005663 0.136531 0.013673
v 0.004679 0.135465 0.011296
v 0.013673 0.141677 0.005663
v 0.014657 0.139104 0.006071
v 0.013673 0.136531 0.005663
v 0.011296 0.135465 0.004679
v 0.013673 0.141677 -0.005663
v 0.014657 0.139104 -0.006071
v 0.013673 0.136531 -0.005663
v 0.011296 0.135465 -0.004679
v 0.005663 0.141677 -0.013673
v 0.006071 0.139104 -0.014657
v 0.005663 0.136531 -0.013673
v 0.004679 0.135465 -0.011296
v 0.013607 0.147785 -0.005636
v 0.011230 0.148851 -0.004651
v 0.013607 0.142639 -0.005636
v 0.014591 0.145212 -0.006044
v 0.013607 0.147785 0.005636
v 0.011230 0.148851 0.004651
v 0.013607 0.142639 0.005636
v 0.014591 0.145212 0.006044
v 0.005636 0.147785 0.013607
v 0.004651 0.148851 0.011230
v 0.005636 0.142639 0.013607
v 0.006044 0.145212 0.014591
v -0.005636 0.147785 0.013607
v -0.004651 0.148851 0.011230
v -0.005636 0.142639 0.013607
v -0.006044 0.145212 0.014591
v -0.013607 0.147785 0.005636
v -0.011230 0.148851 0.004651
v -0.005168 0.142158 -0.012478
v 0.005168 0.142158 -0.012478
v -0.013607 0.142639 0.005636
v -0.014591 0.145212 0.006044
v -0.013607 0.147785 -0.005636
v -0.011230 0.148851 -0.004651
v 0.012478 0.142158 -0.005168
v 0.012478 0.142158 0.005168
v -0.013607 0.142639 -0.005636
v -0.014591 0.145212 -0.006044
v -0.005636 0.147785 -0.013607
v -0.004651 0.148851 -0.011230
v 0.005168 0.142158 0.012478
v -0.005168 0.142158 0.012478
v -0.005636 0.142639 -0.013607
v -0.006044 0.145212 -0.014591
v 0.005636 0.147785 -0.013607
v 0.004651 0.148851 -0.011230
v -0.012478 0.142158 0.005168
v -0.012478 0.142158 -0.005168
v 0.005636 0.142639 -0.013607
v 0.006044 0.145212 -0.014591
v -0.014513 0.063848 -0.006011
v -0.015497 0.061275 -0.006419
v -0.014513 0.058702 -0.006011
v -0.012136 0.057636 -0.005027
v -0.014513 0.063848 0.006011
v -0.015497 0.061275 0.006419
v -0.014513 0.058702 0.006011
v -0.012136 0.057636 0.005027
v -0.006011 0.063848 0.014513
v -0.006419 0.061275 0.015497
v -0.006011 0.058702 0.014513
v -0.005027 0.057636 0.012136
v 0.006011 0.063848 0.014513
v 0.006419 0.061275 0.015497
v 0.006011 0.058702 0.014513
v 0.005027 0.057636 0.012136
v 0.014513 0.063848 0.006011
v 0.015497 0.061275 0.006419
v 0.014513 0.058702 0.006011
v 0.012136 0.057636 0.005027
v 0.014513 0.063848 -0.006011
v 0.015497 0.061275 -0.006419
v 0.014513 0.058702 -0.006011
v 0.012136 0.057636 -0.005027
v 0.006011 0.063848 -0.014513
v 0.006419 0.061275 -0.015497
v 0.006011 0.058702 -0.014513
v 0.005027 0.057636 -0.012136
v -0.006011 0.063848 -0.014513
v -0.006419 0.061275 -0.015497
v -0.006011 0.058702 -0.014513
v -0.005027 0.057636 -0.012136
v 0.005984 0.069956 -0.014447
v 0.004999 0.071021 -0.012070
v -0.013176 0.064329 -0.005458
v 0.005984 0.064810 -0.014447
v 0.006392 0.067383 -0.015431
v 0.014447 0.069956 -0.005984
v 0.012070 0.071021 -0.004999
v -0.005458 0.064329 -0.013176
v 0.014447 0.064810 -0.005984
v 0.015431 0.067383 -0.006392
v 0.014447 0.069956 0.005984
v 0.012070 0.071021 0.004999
v 0.005458 0.064329 -0.013176
v 0.014447 0.064810 0.005984
v 0.015431 0.067383 0.006392
v 0.005984 0.069956 0.014447
v 0.004999 0.071021 0.012070
v 0.013176 0.064329 -0.005458
v 0.005984 0.064810 0.014447
v 0.006392 0.067383 0.015431
v -0.005984 0.069956 0.014447
v -0.004999 0.071021 0.012070
v 0.013176 0.064329 0.005458
v -0.005984 0.064810 0.014447
v -0.006392 0.067383 0.015431
v -0.014447 0.069956 0.005984
v -0.012070 0.071021 0.004999
v 0.005458 0.064329 0.013176
v -0.014447 0.064810 0.005984
v -0.015431 0.067383 0.006392
v -0.014447 0.069956 -0.005984
v -0.012070 0.071021 -0.004999
v -0.005458 0.064329 0.013176
v -0.014447 0.064810 -0.005984
v -0.015431 0.067383 -0.006392
v -0.005984 0.069956 -0.014447
v -0.004999 0.071021 -0.012070
v -0.013176 0.064329 0.005458
v -0.005984 0.064810 -0.014447
v -0.006392 0.067383 -0.015431
v -0.006339 -0.009401 -0.015303
v -0.006747 -0.011974 -0.016288
v -0.006339 -0.014547 -0.015303
v -0.005354 -0.015612 -0.012926
v -0.015303 -0.009401 -0.006339
v -0.016288 -0.011974 -0.006747
v -0.015303 -0.014547 -0.006339
v -0.012926 -0.015612 -0.005354
v -0.015303 -0.009401 0.006339
v -0.016288 -0.011974 0.006747
v -0.015303 -0.014547 0.006339
v -0.012926 -0.015612 0.005354
v -0.006339 -0.009401 0.015303
v -0.006747 -0.011974 0.016288
v -0.006339 -0.014547 0.015303
v -0.005354 -0.015612 0.012926
v 0.006339 -0.009401 0.015303
v 0.006747 -0.011974 0.016288
v 0.006339 -0.014547 0.015303
v 0.005354 -0.015612 0.012926
v 0.015303 -0.009401 0.006339
v 0.016288 -0.011974 0.006747
v 0.015303 -0.014547 0.006339
v 0.012926 -0.015612 0.005354
v 0.015303 -0.009401 -0.006339
v 0.016288 -0.011974 -0.006747
v 0.015303 -0.014547 -0.006339
v 0.012926 -0.015612 -0.005354
v 0.006339 -0.009401 -0.015303
v 0.006747 -0.011974 -0.016288
v 0.006339 -0.014547 -0.015303
v 0.005354 -0.015612 -0.012926
v -0.006311 -0.003293 -0.015237
v -0.005327 -0.002227 -0.012860
v -0.005774 -0.008920 -0.013939
v -0.006311 -0.008439 -0.015237
v -0.006719 -0.005866 -0.016222
v 0.006311 -0.003293 -0.015237
v 0.005327 -0.002227 -0.012860
v 0.005774 -0.008920 -0.013939
v 0.006311 -0.008439 -0.015237
v 0.006719 -0.005866 -0.016222
v 0.015237 -0.003293 -0.006311
v 0.012860 -0.002227 -0.005327
v 0.013939 -0.008920 -0.005774
v 0.015237 -0.008439 -0.006311
v 0.016222 -0.005866 -0.006719
v 0.015237 -0.003293 0.006311
v 0.012860 -0.002227 0.005327
v 0.013939 -0.008920 0.005774
v 0.015237 -0.008439 0.006311
v 0.016222 -0.005866 0.006719
v 0.006311 -0.003293 0.015237
v 0.005327 -0.002227 0.012860
v 0.005774 -0.008920 0.013939
v 0.006311 -0.008439 0.015237
v 0.006719 -0.005866 0.016222
v -0.006311 -0.003293 0.015237
v -0.005327 -0.002227 0.012860
v -0.005774 -0.008920 0.013939
v -0.006311 -0.008439 0.015237
v -0.006719 -0.005866 0.016222
v -0.015237 -0.003293 0.006311
v -0.012860 -0.002227 0.005327
v -0.013939 -0.008920 0.005774
v -0.015237 -0.008439 0.006311
v -0.016222 -0.005866 0.006719
v -0.015237 -0.003293 -0.006311
v -0.012860 -0.002227 -0.005327
v -0.013939 -0.008920 -0.005774
v -0.015237 -0.008439 -0.006311
v -0.016222 -0.005866 -0.006719
v 0.006685 -0.086923 0.016140
v 0.005701 -0.085858 0.013763
v 0.006685 -0.092069 0.016140
v 0.007093 -0.089496 0.017124
v -0.006685 -0.086923 0.016140
v -0.005701 -0.085858 0.013763
v -0.006685 -0.092069 0.016140
v -0.007093 -0.089496 0.017124
v -0.016140 -0.086923 0.006685
v -0.013763 -0.085858 0.005701
v -0.016140 -0.092069 0.006685
v -0.017124 -0.089496 0.007093
v -0.016140 -0.086923 -0.006685
v -0.013763 -0.085858 -0.005701
v -0.016140 -0.092069 -0.006685
v -0.017124 -0.089496 -0.007093
v -0.006685 -0.086923 -0.016140
v -0.005701 -0.085858 -0.013763
v -0.006685 -0.092069 -0.016140
v -0.007093 -0.089496 -0.017124
v 0.006685 -0.086923 -0.016140
v 0.005701 -0.085858 -0.013763
v 0.006685 -0.092069 -0.016140
v 0.007093 -0.089496 -0.017124
v 0.016140 -0.086923 -0.006685
v 0.013763 -0.085858 -0.005701
v 0.016140 -0.092069 -0.006685
v 0.017124 -0.089496 -0.007093
v 0.016140 -0.086923 0.006685
v 0.013763 -0.085858 0.005701
v 0.016140 -0.092069 0.006685
v 0.017124 -0.089496 0.007093
v -0.006713 -0.093031 0.016206
v -0.007120 -0.095604 0.017190
v -0.006713 -0.098177 0.016206
v -0.005728 -0.099243 0.013829
v 0.006713 -0.093031 0.016206
v 0.007120 -0.095604 0.017190
v 0.006713 -0.098177 0.016206
v 0.005728 -0.099243 0.013829
v 0.016206 -0.093031 0.006713
v 0.017190 -0.095604 0.007120
v 0.016206 -0.098177 0.006713
v 0.013829 -0.099243 0.005728
v 0.016206 -0.093031 -0.006713
v 0.017190 -0.095604 -0.007120
v 0.016206 -0.098177 -0.006713
v 0.013829 -0.099243 -0.005728
v 0.006713 -0.093031 -0.016206
v 0.007120 -0.095604 -0.017190
v 0.006713 -0.098177 -0.016206
v 0.005728 -0.099243 -0.013829
v -0.006713 -0.093031 -0.016206
v -0.007120 -0.095604 -0.017190
v -0.006713 -0.098177 -0.016206
v -0.005728 -0.099243 -0.013829
v -0.016206 -0.093031 -0.006713
v -0.017190 -0.095604 -0.007120
v -0.016206 -0.098177 -0.006713
v -0.013829 -0.099243 -0.005728
v -0.016206 -0.093031 0.006713
v -0.017190 -0.095604 0.007120
v -0.016206 -0.098177 0.006713
v -0.013829 -0.099243 0.005728
v -0.006193 -0.092550 0.014951
v -0.014951 -0.092550 0.006193
v -0.014951 -0.092550 -0.006193
v -0.006193 -0.092550 -0.014951
v 0.006193 -0.092550 -0.014951
v 0.014951 -0.092550 -0.006193
v 0.014951 -0.092550 0.006193
v 0.006193 -0.092550 0.014951
v 0.010565 0.342446 0.004376
v 0.052516 0.288295 -0.009340
v 0.052516 0.288295 0.009340
v 0.017877 0.328856 -0.004607
v 0.025919 0.315887 -0.005706
v 0.036761 0.302792 -0.007187
v 0.017877 0.328856 0.004607
v 0.025919 0.315887 0.005706
v 0.036761 0.302792 0.007187
v 0.037757 0.274631 -0.007263
v 0.026547 0.258352 -0.005792
v 0.019099 0.239376 -0.004774
v 0.016189 0.224328 -0.004376
v 0.037757 0.274631 0.007263
v 0.026547 0.258352 0.005792
v 0.019099 0.239376 0.004774
v 0.016189 0.224328 0.004376
v 0.021453 0.218966 -0.005095
v 0.017112 0.213709 -0.004502
v 0.019662 0.208373 -0.004851
v 0.021453 0.218966 0.005095
v 0.017112 0.213709 0.004502
v 0.019662 0.208373 0.004851
v 0.019626 0.222443 -0.004846
v 0.019626 0.222443 0.004846
v 0.018289 0.216797 -0.004663
v 0.018289 0.216797 0.004663
v 0.017619 0.210544 -0.004572
v 0.017619 0.210544 0.004572
v 0.018960 0.206796 -0.004755
v 0.018960 0.206796 0.004755
v 0.010565 0.288295 0.004376
v 0.010565 0.239376 0.004376
v 0.010565 0.224328 0.004376
v 0.010565 0.218966 0.004376
v 0.010565 0.222443 0.004376
v 0.010565 0.210544 0.004376
v 0.012924 0.340746 0.004376
v 0.010565 0.302792 -0.004376
v 0.010565 0.239376 -0.004376
v 0.010565 0.224328 -0.004376
v 0.010565 0.213709 -0.004376
v 0.010565 0.208373 -0.004376
v 0.012924 0.340746 -0.004376
v 0.010565 0.342446 -0.004376
v 0.030530 0.288295 -0.043738
v 0.043738 0.288295 -0.030530
v 0.009383 0.328856 -0.015898
v 0.014293 0.315887 -0.022362
v 0.020912 0.302792 -0.031076
v 0.015898 0.328856 -0.009383
v 0.022362 0.315887 -0.014293
v 0.031076 0.302792 -0.020912
v 0.021562 0.274631 -0.031834
v 0.014677 0.258352 -0.022867
v 0.010129 0.239376 -0.016880
v 0.008353 0.224328 -0.014542
v 0.031834 0.274631 -0.021562
v 0.022867 0.258352 -0.014677
v 0.016880 0.239376 -0.010129
v 0.014542 0.224328 -0.008353
v 0.011566 0.218966 -0.018772
v 0.008916 0.213709 -0.015284
v 0.010473 0.208373 -0.017333
v 0.018772 0.218966 -0.011566
v 0.015284 0.213709 -0.008916
v 0.017333 0.208373 -0.010473
v 0.010451 0.222443 -0.017304
v 0.017304 0.222443 -0.010451
v 0.009635 0.216797 -0.016230
v 0.016230 0.216797 -0.009635
v 0.009226 0.210544 -0.015691
v 0.015691 0.210544 -0.009226
v 0.010045 0.206796 -0.016769
v 0.016769 0.206796 -0.010045
v 0.010565 0.288295 -0.004376
v 0.010565 0.328856 -0.004376
v 0.010565 0.315887 -0.004376
v 0.010272 0.274631 -0.004255
v 0.010565 0.258352 -0.004376
v 0.010565 0.218966 -0.004376
v 0.010565 0.222443 -0.004376
v 0.010565 0.216797 -0.004376
v 0.010565 0.210544 -0.004376
v 0.012233 0.340746 -0.006044
v 0.004376 0.328856 -0.010565
v 0.004376 0.224328 -0.010565
v 0.004376 0.218966 -0.010565
v 0.004376 0.213709 -0.010565
v 0.004376 0.208373 -0.010565
v 0.004376 0.222443 -0.010565
v 0.004376 0.216797 -0.010565
v 0.006044 0.340746 -0.012233
v -0.004376 0.206796 -0.010565
v -0.004376 0.342446 -0.010565
v 0.004376 0.342446 -0.010565
v -0.009340 0.288295 -0.052516
v 0.009340 0.288295 -0.052516
v -0.004607 0.328856 -0.017877
v -0.005706 0.315887 -0.025919
v -0.007187 0.302792 -0.036761
v 0.004607 0.328856 -0.017877
v 0.005706 0.315887 -0.025919
v 0.007187 0.302792 -0.036761
v -0.007263 0.274631 -0.037757
v -0.005792 0.258352 -0.026547
v -0.004774 0.239376 -0.019099
v -0.004376 0.224328 -0.016189
v 0.007263 0.274631 -0.037757
v 0.005792 0.258352 -0.026547
v 0.004774 0.239376 -0.019099
v 0.004376 0.224328 -0.016189
v -0.005095 0.218966 -0.021453
v -0.004502 0.213709 -0.017112
v -0.004851 0.208373 -0.019662
v 0.005095 0.218966 -0.021453
v 0.004502 0.213709 -0.017112
v 0.004851 0.208373 -0.019662
v -0.004846 0.222443 -0.019626
v 0.004846 0.222443 -0.019626
v -0.004663 0.216797 -0.018289
v 0.004663 0.216797 -0.018289
v -0.004572 0.210544 -0.017619
v 0.004572 0.210544 -0.017619
v -0.004755 0.206796 -0.018960
v 0.004755 0.206796 -0.018960
v 0.004376 0.288295 -0.010565
v 0.004376 0.315887 -0.010565
v 0.004376 0.302792 -0.010565
v 0.004255 0.274631 -0.010272
v 0.004376 0.258352 -0.010565
v 0.004376 0.239376 -0.010565
v 0.004376 0.210544 -0.010565
v -0.004376 0.288295 -0.010565
v 0.004376 0.340746 -0.012924
v -0.004376 0.315887 -0.010565
v -0.004376 0.302792 -0.010565
v -0.004255 0.274631 -0.010272
v -0.004376 0.258352 -0.010565
v -0.004376 0.224328 -0.010565
v -0.004376 0.218966 -0.010565
v -0.004376 0.213709 -0.010565
v -0.004376 0.208373 -0.010565
v -0.004376 0.222443 -0.010565
v -0.004376 0.216797 -0.010565
v -0.004376 0.340746 -0.012924
v -0.010565 0.342446 -0.004376
v -0.043738 0.288295 -0.030530
v -0.030530 0.288295 -0.043738
v -0.015898 0.328856 -0.009383
v -0.022362 0.315887 -0.014293
v -0.031076 0.302792 -0.020912
v -0.009383 0.328856 -0.015898
v -0.014293 0.315887 -0.022362
v -0.020912 0.302792 -0.031076
v -0.031834 0.274631 -0.021562
v -0.022867 0.258352 -0.014677
v -0.016880 0.239376 -0.010129
v -0.014542 0.224328 -0.008353
v -0.021562 0.274631 -0.031834
v -0.014677 0.258352 -0.022867
v -0.010129 0.239376 -0.016880
v -0.008353 0.224328 -0.014542
v -0.018772 0.218966 -0.011566
v -0.015284 0.213709 -0.008916
v -0.017333 0.208373 -0.010473
v -0.011566 0.218966 -0.018772
v -0.008916 0.213709 -0.015284
v -0.010473 0.208373 -0.017333
v -0.017304 0.222443 -0.010451
v -0.010451 0.222443 -0.017304
v -0.016230 0.216797 -0.009635
v -0.009635 0.216797 -0.016230
v -0.015691 0.210544 -0.009226
v -0.009226 0.210544 -0.015691
v -0.016769 0.206796 -0.010045
v -0.010045 0.206796 -0.016769
v -0.004376 0.328856 -0.010565
v -0.004376 0.239376 -0.010565
v -0.004376 0.210544 -0.010565
v -0.006044 0.340746 -0.012233
v -0.010565 0.315887 -0.004376
v -0.010565 0.302792 -0.004376
v -0.010565 0.258352 -0.004376
v -0.010565 0.224328 -0.004376
v -0.010565 0.218966 -0.004376
v -0.010565 0.213709 -0.004376
v -0.010565 0.208373 -0.004376
v -0.010565 0.222443 -0.004376
v -0.010565 0.216797 -0.004376
v -0.010565 0.210544 -0.004376
v -0.012233 0.340746 -0.006044
v -0.010565 0.342446 0.004376
v -0.052516 0.288295 0.009340
v -0.052516 0.288295 -0.009340
v -0.017877 0.328856 0.004607
v -0.025919 0.315887 0.005706
v -0.036761 0.302792 0.007187
v -0.017877 0.328856 -0.004607
v -0.025919 0.315887 -0.005706
v -0.036761 0.302792 -0.007187
v -0.037757 0.274631 0.007263
v -0.026547 0.258352 0.005792
v -0.019099 0.239376 0.004774
v -0.016189 0.224328 0.004376
v -0.037757 0.274631 -0.007263
v -0.026547 0.258352 -0.005792
v -0.019099 0.239376 -0.004774
v -0.016189 0.224328 -0.004376
v -0.021453 0.218966 0.005095
v -0.017112 0.213709 0.004502
v -0.019662 0.208373 0.004851
v -0.021453 0.218966 -0.005095
v -0.017112 0.213709 -0.004502
v -0.019662 0.208373 -0.004851
v -0.019626 0.222443 0.004846
v -0.019626 0.222443 -0.004846
v -0.018289 0.216797 0.004663
v -0.018289 0.216797 -0.004663
v -0.017619 0.210544 0.004572
v -0.017619 0.210544 -0.004572
v -0.018960 0.206796 0.004755
v -0.018960 0.206796 -0.004755
v -0.010565 0.288295 -0.004376
v -0.010565 0.328856 -0.004376
v -0.010272 0.274631 -0.004255
v -0.010565 0.239376 -0.004376
v -0.012924 0.340746 -0.004376
v -0.010565 0.328856 0.004376
v -0.010565 0.315887 0.004376
v -0.010565 0.216797 0.004376
v -0.012924 0.340746 0.004376
v -0.004376 0.342446 0.010565
v -0.030530 0.288295 0.043738
v -0.043738 0.288295 0.030530
v -0.009383 0.328856 0.015898
v -0.014293 0.315887 0.022362
v -0.020912 0.302792 0.031076
v -0.015898 0.328856 0.009383
v -0.022362 0.315887 0.014293
v -0.031076 0.302792 0.020912
v -0.021562 0.274631 0.031834
v -0.014677 0.258352 0.022867
v -0.010129 0.239376 0.016880
v -0.008353 0.224328 0.014542
v -0.031834 0.274631 0.021562
v -0.022867 0.258352 0.014677
v -0.016880 0.239376 0.010129
v -0.014542 0.224328 0.008353
v -0.011566 0.218966 0.018772
v -0.008916 0.213709 0.015284
v -0.010473 0.208373 0.017333
v -0.018772 0.218966 0.011566
v -0.015284 0.213709 0.008916
v -0.017333 0.208373 0.010473
v -0.010451 0.222443 0.017304
v -0.017304 0.222443 0.010451
v -0.009635 0.216797 0.016230
v -0.016230 0.216797 0.009635
v -0.009226 0.210544 0.015691
v -0.015691 0.210544 0.009226
v -0.010045 0.206796 0.016769
v -0.016769 0.206796 0.010045
v -0.010565 0.288295 0.004376
v -0.010565 0.302792 0.004376
v -0.010272 0.274631 0.004255
v -0.010565 0.258352 0.004376
v -0.010565 0.239376 0.004376
v -0.010565 0.224328 0.004376
v -0.010565 0.218966 0.004376
v -0.010565 0.213709 0.004376
v -0.010565 0.208373 0.004376
v -0.010565 0.222443 0.004376
v -0.010565 0.210544 0.004376
v -0.004376 0.288295 0.010565
v -0.012233 0.340746 0.006044
v -0.004376 0.302792 0.010565
v -0.004376 0.239376 0.010565
v -0.006044 0.340746 0.012233
v 0.004376 0.206796 0.010565
v 0.004376 0.342446 0.010565
v 0.009340 0.288295 0.052516
v -0.009340 0.288295 0.052516
v 0.004607 0.328856 0.017877
v 0.005706 0.315887 0.025919
v 0.007187 0.302792 0.036761
v -0.004607 0.328856 0.017877
v -0.005706 0.315887 0.025919
v -0.007187 0.302792 0.036761
v 0.007263 0.274631 0.037757
v 0.005792 0.258352 0.026547
v 0.004774 0.239376 0.019099
v 0.004376 0.224328 0.016189
v -0.007263 0.274631 0.037757
v -0.005792 0.258352 0.026547
v -0.004774 0.239376 0.019099
v -0.004376 0.224328 0.016189
v 0.005095 0.218966 0.021453
v 0.004502 0.213709 0.017112
v 0.004851 0.208373 0.019662
v -0.005095 0.218966 0.021453
v -0.004502 0.213709 0.017112
v -0.004851 0.208373 0.019662
v 0.004846 0.222443 0.019626
v -0.004846 0.222443 0.019626
v 0.004663 0.216797 0.018289
v -0.004663 0.216797 0.018289
v 0.004572 0.210544 0.017619
v -0.004572 0.210544 0.017619
v 0.004755 0.206796 0.018960
v -0.004755 0.206796 0.018960
v -0.004376 0.328856 0.010565
v -0.004376 0.315887 0.010565
v -0.004255 0.274631 0.010272
v -0.004376 0.258352 0.010565
v -0.004376 0.224328 0.010565
v -0.004376 0.218966 0.010565
v -0.004376 0.213709 0.010565
v -0.004376 0.208373 0.010565
v -0.004376 0.222443 0.010565
v -0.004376 0.216797 0.010565
v -0.004376 0.210544 0.010565
v 0.004376 0.288295 0.010565
v -0.004376 0.340746 0.012924
v 0.004376 0.328856 0.010565
v 0.004376 0.315887 0.010565
v 0.004255 0.274631 0.010272
v 0.004376 0.340746 0.012924
v 0.010565 0.206796 0.004376
v 0.043738 0.288295 0.030530
v 0.030530 0.288295 0.043738
v 0.015898 0.328856 0.009383
v 0.022362 0.315887 0.014293
v 0.031076 0.302792 0.020912
v 0.009383 0.328856 0.015898
v 0.014293 0.315887 0.022362
v 0.020912 0.302792 0.031076
v 0.031834 0.274631 0.021562
v 0.022867 0.258352 0.014677
v 0.016880 0.239376 0.010129
v 0.014542 0.224328 0.008353
v 0.021562 0.274631 0.031834
v 0.014677 0.258352 0.022867
v 0.010129 0.239376 0.016880
v 0.008353 0.224328 0.014542
v 0.018772 0.218966 0.011566
v 0.015284 0.213709 0.008916
v 0.017333 0.208373 0.010473
v 0.011566 0.218966 0.018772
v 0.008916 0.213709 0.015284
v 0.010473 0.208373 0.017333
v 0.017304 0.222443 0.010451
v 0.010451 0.222443 0.017304
v 0.016230 0.216797 0.009635
v 0.009635 0.216797 0.016230
v 0.015691 0.210544 0.009226
v 0.009226 0.210544 0.015691
v 0.016769 0.206796 0.010045
v 0.010045 0.206796 0.016769
v 0.004376 0.302792 0.010565
v 0.004376 0.258352 0.010565
v 0.004376 0.239376 0.010565
v 0.004376 0.224328 0.010565
v 0.004376 0.218966 0.010565
v 0.004376 0.213709 0.010565
v 0.004376 0.208373 0.010565
v 0.004376 0.222443 0.010565
v 0.004376 0.216797 0.010565
v 0.004376 0.210544 0.010565
v 0.006044 0.340746 0.012233
v 0.010565 0.328856 0.004376
v 0.010565 0.315887 0.004376
v 0.010565 0.302792 0.004376
v 0.010272 0.274631 0.004255
v 0.010565 0.258352 0.004376
v 0.010565 0.213709 0.004376
v 0.010565 0.208373 0.004376
v 0.010565 0.216797 0.004376
v 0.012233 0.340746 0.006044
v -0.006257 -0.206796 -0.015106
v 0.006257 -0.206796 -0.015106
v 0.004376 0.206796 -0.010565
v 0.015106 -0.206796 -0.006257
v 0.010565 0.206796 -0.004376
v 0.015106 -0.206796 0.006257
v 0.006257 -0.206796 0.015106
v -0.006257 -0.206796 0.015106
v -0.004376 0.206796 0.010565
v -0.015106 -0.206796 0.006257
v -0.010565 0.206796 0.004376
v -0.015106 -0.206796 -0.006257
v -0.010565 0.206796 -0.004376
v 0.000000 -0.206796 -0.000000
v -0.000000 0.342446 -0.017162
v -0.000000 0.348215 -0.017162
v 0.006568 0.342446 -0.015856
v 0.006568 0.348215 -0.015856
v 0.012135 0.342446 -0.012135
v 0.012135 0.348215 -0.012135
v 0.015856 0.342446 -0.006568
v 0.015856 0.348215 -0.006568
v 0.017162 0.342446 -0.000000
v 0.017162 0.348215 -0.000000
v 0.015856 0.342446 0.006568
v 0.015856 0.348215 0.006568
v 0.012135 0.342446 0.012135
v 0.012135 0.348215 0.012135
v 0.006568 0.342446 0.015856
v 0.006568 0.348215 0.015856
v -0.000000 0.342446 0.017162
v -0.000000 0.348215 0.017162
v -0.006568 0.342446 0.015856
v -0.006568 0.348215 0.015856
v -0.012135 0.342446 0.012135
v -0.012135 0.348215 0.012135
v -0.015856 0.342446 0.006568
v -0.015856 0.348215 0.006568
v -0.017162 0.342446 -0.000000
v -0.017162 0.348215 -0.000000
v -0.015856 0.342446 -0.006568
v -0.015856 0.348215 -0.006568
v -0.012135 0.342446 -0.012135
v -0.012135 0.348215 -0.012135
v -0.006568 0.342446 -0.015856
v -0.006568 0.348215 -0.015856
v 0.000000 0.348215 -0.000000
v 0.000000 0.342446 -0.000000
v 0.000000 0.348032 -0.008687
v 0.000000 0.350419 -0.008687
v 0.003324 0.348032 -0.008026
v 0.003324 0.350419 -0.008026
v 0.006143 0.348032 -0.006143
v 0.006143 0.350419 -0.006143
v 0.008026 0.348032 -0.003324
v 0.008026 0.350419 -0.003324
v 0.008687 0.348032 -0.000000
v 0.008687 0.350419 -0.000000
v 0.008026 0.348032 0.003324
v 0.008026 0.350419 0.003324
v 0.006143 0.348032 0.006143
v 0.006143 0.350419 0.006143
v 0.003324 0.348032 0.008026
v 0.003324 0.350419 0.008026
v -0.000000 0.348032 0.008687
v -0.000000 0.350419 0.008687
v -0.003324 0.348032 0.008026
v -0.003324 0.350419 0.008026
v -0.006143 0.348032 0.006143
v -0.006143 0.350419 0.006143
v -0.008026 0.348032 0.003324
v -0.008026 0.350419 0.003324
v -0.008687 0.348032 -0.000000
v -0.008687 0.350419 -0.000000
v -0.008026 0.348032 -0.003324
v -0.008026 0.350419 -0.003324
v -0.006143 0.348032 -0.006143
v -0.006143 0.350419 -0.006143
v -0.003324 0.348032 -0.008026
v -0.003324 0.350419 -0.008026
v 0.000000 0.369093 -0.000000
v 0.000954 0.360394 -0.002303
v 0.002380 0.353515 -0.005746
v 0.001476 0.356955 -0.003564
v -0.000000 0.353515 -0.006220
v 0.000000 0.360394 -0.002493
v 0.000000 0.356955 -0.003857
v 0.001763 0.360394 -0.001763
v 0.004398 0.353515 -0.004398
v 0.002728 0.356955 -0.002728
v 0.002303 0.360394 -0.000954
v 0.005746 0.353515 -0.002380
v 0.003564 0.356955 -0.001476
v 0.002493 0.360394 -0.000000
v 0.006220 0.353515 -0.000000
v 0.003857 0.356955 -0.000000
v 0.002303 0.360394 0.000954
v 0.005746 0.353515 0.002380
v 0.003564 0.356955 0.001476
v 0.001763 0.360394 0.001763
v 0.004398 0.353515 0.004398
v 0.002728 0.356955 0.002728
v 0.000954 0.360394 0.002303
v 0.002380 0.353515 0.005746
v 0.001476 0.356955 0.003564
v -0.000000 0.360394 0.002493
v -0.000000 0.353515 0.006220
v -0.000000 0.356955 0.003857
v -0.000954 0.360394 0.002303
v -0.002380 0.353515 0.005746
v -0.001476 0.356955 0.003564
v -0.001763 0.360394 0.001763
v -0.004398 0.353515 0.004398
v -0.002728 0.356955 0.002728
v -0.002303 0.360394 0.000954
v -0.005746 0.353515 0.002380
v -0.003564 0.356955 0.001476
v -0.002493 0.360394 -0.000000
v -0.006220 0.353515 -0.000000
v -0.003857 0.356955 -0.000000
v -0.002303 0.360394 -0.000954
v -0.005746 0.353515 -0.002380
v -0.003564 0.356955 -0.001476
v -0.001763 0.360394 -0.001763
v -0.004398 0.353515 -0.004398
v -0.002728 0.356955 -0.002728
v -0.000954 0.360394 -0.002303
v -0.002380 0.353515 -0.005746
v -0.001476 0.356955 -0.003564
vn 0.2857 0.6654 -0.6897
vn 0.6897 0.6654 -0.2857
vn 0.9239 -0.0000 -0.3827
vn 0.3827 -0.0000 -0.9239
vn -0.2499 -0.7574 0.6033
vn -0.6033 -0.7574 0.2499
vn -0.8536 -0.3827 0.3536
vn -0.3536 -0.3827 0.8536
vn 0.0363 -0.9955 -0.0876
vn 0.0876 -0.9955 -0.0363
vn 0.2865 -0.6630 -0.6916
vn 0.6916 -0.6630 -0.2865
vn 0.6897 0.6654 0.2857
vn 0.9239 -0.0000 0.3827
vn -0.6033 -0.7574 -0.2499
vn -0.8536 -0.3827 -0.3536
vn 0.0876 -0.9955 0.0363
vn 0.6916 -0.6630 0.2865
vn 0.2857 0.6654 0.6897
vn 0.3827 -0.0000 0.9239
vn -0.2499 -0.7574 -0.6033
vn -0.3536 -0.3827 -0.8536
vn 0.0363 -0.9955 0.0876
vn 0.2865 -0.6630 0.6916
vn -0.2857 0.6654 0.6897
vn -0.3827 -0.0000 0.9239
vn 0.2499 -0.7574 -0.6033
vn 0.3536 -0.3827 -0.8536
vn -0.0363 -0.9955 0.0876
vn -0.2865 -0.6630 0.6916
vn -0.6897 0.6654 0.2857
vn -0.9239 -0.0000 0.3827
vn 0.6033 -0.7574 -0.2499
vn 0.8536 -0.3827 -0.3536
vn -0.0876 -0.9955 0.0363
vn -0.6916 -0.6630 0.2865
vn -0.6897 0.6654 -0.2857
vn -0.9239 -0.0000 -0.3827
vn 0.6033 -0.7574 0.2499
vn 0.8536 -0.3827 0.3536
vn -0.0876 -0.9955 -0.0363
vn -0.6916 -0.6630 -0.2865
vn -0.2857 0.6654 -0.6897
vn -0.3827 -0.0000 -0.9239
vn 0.2499 -0.7574 0.6033
vn 0.3536 -0.3827 0.8536
vn -0.0363 -0.9955 -0.0876
vn -0.2865 -0.6630 -0.6916
vn 0.2836 0.6714 -0.6847
vn 0.6847 0.6714 -0.2836
vn 0.1364 0.9343 -0.3293
vn 0.3293 0.9343 -0.1364
vn 0.6897 -0.6654 -0.2857
vn 0.2857 -0.6654 -0.6897
vn 0.6847 0.6714 0.2836
vn 0.3293 0.9343 0.1364
vn 0.6897 -0.6654 0.2857
vn 0.2836 0.6714 0.6847
vn 0.1364 0.9343 0.3293
vn 0.2857 -0.6654 0.6897
vn -0.2836 0.6714 0.6847
vn -0.1364 0.9343 0.3293
vn -0.2857 -0.6654 0.6897
vn -0.6847 0.6714 0.2836
vn -0.3293 0.9343 0.1364
vn -0.6897 -0.6654 0.2857
vn -0.6847 0.6714 -0.2836
vn -0.3293 0.9343 -0.1364
vn -0.6897 -0.6654 -0.2857
vn -0.2836 0.6714 -0.6847
vn -0.1364 0.9343 -0.3293
vn -0.2857 -0.6654 -0.6897
vn 0.3467 0.9269 -0.1436
vn 0.3467 0.9269 0.1436
vn 0.1436 0.9269 0.3467
vn -0.1436 0.9269 0.3467
vn -0.3467 0.9269 0.1436
vn -0.3467 0.9269 -0.1436
vn -0.1436 0.9269 -0.3467
vn 0.1436 0.9269 -0.3467
vn 0.3467 -0.9269 -0.1436
vn 0.1436 -0.9269 -0.3467
vn -0.1436 -0.9269 -0.3467
vn -0.3467 -0.9269 -0.1436
vn -0.3467 -0.9269 0.1436
vn -0.1436 -0.9269 0.3467
vn 0.1436 -0.9269 0.3467
vn 0.3467 -0.9269 0.1436
vn -0.6873 -0.6682 -0.2847
vn -0.2847 -0.6682 -0.6873
vn -0.1402 -0.9304 -0.3385
vn -0.3385 -0.9305 -0.1402
vn -0.6826 0.6739 -0.2828
vn -0.2828 0.6738 -0.6826
vn -0.1465 -0.9239 -0.3536
vn -0.3536 -0.9239 -0.1464
vn -0.6873 -0.6682 0.2847
vn -0.3385 -0.9305 0.1402
vn -0.6826 0.6739 0.2828
vn -0.3536 -0.9239 0.1464
vn -0.2847 -0.6682 0.6873
vn -0.1402 -0.9304 0.3385
vn -0.2828 0.6739 0.6826
vn -0.1465 -0.9239 0.3536
vn 0.2847 -0.6682 0.6873
vn 0.1402 -0.9304 0.3385
vn 0.2828 0.6739 0.6826
vn 0.1464 -0.9239 0.3536
vn 0.6873 -0.6682 0.2847
vn 0.3385 -0.9304 0.1402
vn 0.6826 0.6739 0.2828
vn 0.3536 -0.9239 0.1464
vn 0.6873 -0.6682 -0.2847
vn 0.3385 -0.9304 -0.1402
vn 0.6826 0.6739 -0.2828
vn 0.3536 -0.9239 -0.1464
vn 0.2847 -0.6682 -0.6873
vn 0.1402 -0.9304 -0.3385
vn 0.2828 0.6738 -0.6826
vn 0.1464 -0.9239 -0.3536
vn 0.6916 0.6630 -0.2865
vn 0.6916 0.6630 0.2865
vn 0.3536 0.9239 -0.1464
vn 0.3536 0.9239 0.1464
vn -0.3222 0.9372 -0.1335
vn -0.1335 0.9372 -0.3222
vn 0.2865 0.6630 0.6916
vn 0.1464 0.9239 0.3536
vn -0.3222 0.9372 0.1335
vn -0.2865 0.6630 0.6916
vn -0.1465 0.9239 0.3536
vn -0.1335 0.9372 0.3222
vn -0.6916 0.6630 0.2865
vn -0.3536 0.9239 0.1464
vn 0.1335 0.9372 0.3222
vn -0.6916 0.6630 -0.2865
vn -0.3536 0.9239 -0.1464
vn 0.3222 0.9372 0.1335
vn -0.2865 0.6630 -0.6916
vn -0.1464 0.9239 -0.3536
vn 0.3222 0.9372 -0.1335
vn 0.2865 0.6630 -0.6916
vn 0.1465 0.9239 -0.3536
vn 0.1335 0.9372 -0.3222
vn -0.6777 -0.6796 0.2807
vn -0.6777 -0.6796 -0.2807
vn -0.3051 -0.9439 -0.1264
vn -0.3051 -0.9439 0.1264
vn -0.6739 0.6841 0.2791
vn -0.6739 0.6841 -0.2791
vn -0.2807 -0.6796 0.6777
vn -0.1264 -0.9439 0.3051
vn -0.2791 0.6841 0.6739
vn -0.1464 -0.9239 0.3536
vn 0.2807 -0.6796 0.6777
vn 0.1264 -0.9439 0.3051
vn 0.2791 0.6841 0.6739
vn 0.6777 -0.6796 0.2807
vn 0.3051 -0.9439 0.1264
vn 0.6739 0.6841 0.2791
vn 0.6777 -0.6796 -0.2807
vn 0.3051 -0.9439 -0.1264
vn 0.6739 0.6841 -0.2791
vn 0.2807 -0.6796 -0.6777
vn 0.1264 -0.9439 -0.3051
vn 0.2791 0.6841 -0.6739
vn -0.2807 -0.6796 -0.6777
vn -0.1264 -0.9439 -0.3051
vn -0.2791 0.6841 -0.6739
vn -0.1464 -0.9239 -0.3536
vn 0.1464 0.9239 -0.3536
vn -0.2916 0.9489 0.1208
vn -0.2916 0.9489 -0.1208
vn -0.1208 0.9489 0.2916
vn 0.1208 0.9489 0.2916
vn -0.1464 0.9239 0.3536
vn 0.2916 0.9489 0.1208
vn 0.2916 0.9489 -0.1208
vn 0.1208 0.9489 -0.2916
vn -0.1208 0.9489 -0.2916
vn -0.6761 -0.6815 -0.2800
vn -0.2800 -0.6815 -0.6761
vn -0.1240 -0.9461 -0.2993
vn -0.2993 -0.9461 -0.1240
vn -0.6723 0.6859 -0.2785
vn -0.2785 0.6859 -0.6723
vn -0.6761 -0.6815 0.2800
vn -0.2994 -0.9461 0.1240
vn -0.6723 0.6859 0.2785
vn -0.2800 -0.6815 0.6761
vn -0.1240 -0.9461 0.2994
vn -0.2785 0.6859 0.6723
vn 0.2800 -0.6815 0.6761
vn 0.1240 -0.9461 0.2994
vn 0.2785 0.6859 0.6723
vn 0.6761 -0.6815 0.2800
vn 0.2994 -0.9461 0.1240
vn 0.6723 0.6859 0.2785
vn 0.6761 -0.6815 -0.2800
vn 0.2994 -0.9461 -0.1240
vn 0.6723 0.6859 -0.2785
vn 0.2800 -0.6815 -0.6761
vn 0.1240 -0.9461 -0.2993
vn 0.2785 0.6859 -0.6723
vn -0.2863 0.9508 -0.1186
vn -0.1186 0.9508 -0.2863
vn -0.2863 0.9508 0.1186
vn -0.1186 0.9508 0.2863
vn 0.1186 0.9508 0.2863
vn 0.2863 0.9508 0.1186
vn 0.2863 0.9508 -0.1186
vn 0.1186 0.9508 -0.2863
vn -0.2829 -0.6733 0.6831
vn 0.2829 -0.6733 0.6831
vn -0.6831 -0.6733 0.2829
vn -0.6831 -0.6733 -0.2829
vn -0.2829 -0.6733 -0.6831
vn 0.2829 -0.6733 -0.6831
vn 0.6831 -0.6733 -0.2829
vn 0.6831 -0.6733 0.2829
vn -0.1341 -0.9366 0.3237
vn 0.1341 -0.9366 0.3237
vn 0.2811 0.6784 0.6787
vn -0.2811 0.6784 0.6787
vn -0.3237 -0.9366 0.1341
vn 0.6787 0.6784 0.2811
vn -0.3237 -0.9366 -0.1341
vn 0.6787 0.6784 -0.2811
vn -0.1341 -0.9366 -0.3237
vn 0.2811 0.6784 -0.6787
vn 0.1341 -0.9366 -0.3237
vn -0.2811 0.6784 -0.6787
vn 0.3237 -0.9366 -0.1341
vn -0.6787 0.6784 -0.2811
vn 0.3237 -0.9366 0.1341
vn -0.6787 0.6784 0.2811
vn 0.3086 0.9426 0.1278
vn 0.1278 0.9426 0.3086
vn 0.3086 0.9426 -0.1278
vn 0.1278 0.9426 -0.3086
vn -0.1278 0.9426 -0.3086
vn -0.3086 0.9426 -0.1278
vn -0.3086 0.9426 0.1278
vn -0.1278 0.9426 0.3086
vn -0.0000 -1.0000 -0.0000
vn 0.6771 0.7359 -0.0000
vn 0.7226 0.6913 -0.0000
vn 0.7845 0.6201 -0.0000
vn 0.5847 0.8113 -0.0000
vn 0.7520 -0.6591 -0.0000
vn 0.6793 -0.7338 -0.0000
vn 0.8099 0.5865 -0.0000
vn 0.9818 -0.1898 -0.0000
vn 0.9597 -0.2809 -0.0000
vn 0.8883 0.4592 -0.0000
vn 0.7258 0.6879 -0.0000
vn 0.4810 0.8767 -0.0000
vn 0.8809 -0.4733 -0.0000
vn 0.7282 0.6853 -0.0000
vn 0.8925 0.4511 -0.0000
vn 0.9945 -0.1047 -0.0000
vn 0.7759 -0.6308 -0.0000
vn 0.8853 0.4651 -0.0000
vn 0.9136 -0.4067 -0.0000
vn -0.1137 -0.0025 0.9935
vn -0.1096 0.0130 0.9939
vn -0.1062 0.0137 0.9942
vn -0.1137 -0.0026 0.9935
vn -0.0897 0.0170 0.9958
vn -0.0524 0.0151 0.9985
vn -0.0459 0.0128 0.9989
vn -0.0839 0.0181 0.9963
vn -0.0230 0.0046 0.9997
vn -0.0347 0.0312 0.9989
vn -0.0264 -0.0066 0.9996
vn -0.0263 -0.0057 0.9996
vn -0.0325 0.0269 0.9991
vn -0.0459 -0.0473 0.9978
vn -0.0575 -0.0084 0.9983
vn -0.0567 -0.0199 0.9982
vn -0.0414 -0.0403 0.9983
vn -0.0541 0.0349 0.9979
vn -0.0457 0.0576 0.9973
vn -0.0915 -0.0091 0.9958
vn -0.1104 -0.0143 0.9938
vn -0.1076 -0.0122 0.9941
vn -0.0876 -0.0098 0.9961
vn -0.0304 0.0527 0.9982
vn -0.0300 0.0423 0.9987
vn -0.0548 -0.0115 0.9984
vn -0.0509 -0.0114 0.9986
vn -0.0457 0.0071 0.9989
vn -0.0451 0.0126 0.9989
vn -0.0487 -0.0195 0.9986
vn -0.1137 -0.0025 -0.9935
vn -0.1137 -0.0026 -0.9935
vn -0.1062 0.0137 -0.9942
vn -0.1096 0.0130 -0.9939
vn 0.5486 -0.6308 -0.5487
vn 0.3998 -0.8248 -0.3998
vn -0.0897 0.0170 -0.9958
vn -0.0839 0.0181 -0.9963
vn -0.0459 0.0128 -0.9989
vn -0.0524 0.0151 -0.9985
vn -0.0230 0.0046 -0.9997
vn -0.0347 0.0312 -0.9989
vn -0.0325 0.0269 -0.9991
vn -0.0263 -0.0057 -0.9996
vn -0.0264 -0.0066 -0.9996
vn -0.0459 -0.0473 -0.9978
vn -0.0414 -0.0403 -0.9983
vn -0.0567 -0.0199 -0.9982
vn -0.0575 -0.0084 -0.9983
vn -0.0457 0.0576 -0.9973
vn -0.0541 0.0349 -0.9979
vn -0.0915 -0.0091 -0.9958
vn -0.0876 -0.0098 -0.9961
vn -0.1076 -0.0122 -0.9941
vn -0.1104 -0.0143 -0.9938
vn -0.0300 0.0423 -0.9987
vn -0.0304 0.0527 -0.9982
vn -0.0548 -0.0115 -0.9984
vn -0.0509 -0.0114 -0.9986
vn -0.0457 0.0071 -0.9989
vn -0.0451 0.0126 -0.9989
vn -0.0487 -0.0195 -0.9986
vn 0.4788 0.7359 -0.4788
vn 0.5109 0.6913 -0.5109
vn 0.5547 0.6201 -0.5547
vn 0.4134 0.8113 -0.4134
vn 0.5318 -0.6591 -0.5318
vn 0.4804 -0.7338 -0.4804
vn 0.5727 0.5865 -0.5727
vn 0.6942 -0.1898 -0.6942
vn 0.6786 -0.2809 -0.6786
vn 0.6281 0.4592 -0.6281
vn 0.5132 0.6879 -0.5132
vn 0.3401 0.8767 -0.3401
vn 0.6229 -0.4733 -0.6229
vn 0.5149 0.6853 -0.5149
vn 0.6311 0.4511 -0.6311
vn 0.7032 -0.1047 -0.7032
vn 0.6260 0.4651 -0.6260
vn 0.6460 -0.4067 -0.6460
vn -0.0000 -0.6308 -0.7759
vn -0.0000 -0.8248 -0.5654
vn 0.6221 -0.0025 0.7829
vn 0.6253 0.0130 0.7803
vn 0.6279 0.0137 0.7782
vn 0.6221 -0.0026 0.7829
vn 0.6407 0.0170 0.7676
vn 0.6690 0.0151 0.7431
vn 0.6739 0.0128 0.7387
vn 0.6452 0.0181 0.7638
vn 0.6906 0.0046 0.7232
vn 0.6818 0.0312 0.7309
vn 0.6882 -0.0066 0.7255
vn 0.6883 -0.0057 0.7254
vn 0.6835 0.0269 0.7295
vn 0.6731 -0.0473 0.7380
vn 0.6652 -0.0084 0.7466
vn 0.6657 -0.0199 0.7459
vn 0.6766 -0.0403 0.7352
vn 0.6674 0.0349 0.7439
vn 0.6729 0.0576 0.7375
vn 0.6394 -0.0091 0.7688
vn 0.6247 -0.0143 0.7808
vn 0.6268 -0.0122 0.7791
vn 0.6424 -0.0098 0.7663
vn 0.6843 0.0527 0.7273
vn 0.6850 0.0423 0.7274
vn 0.6672 -0.0115 0.7448
vn 0.6701 -0.0114 0.7421
vn 0.6740 0.0071 0.7387
vn 0.6745 0.0126 0.7382
vn 0.6717 -0.0195 0.7406
vn -0.7829 -0.0025 -0.6221
vn -0.7829 -0.0026 -0.6221
vn -0.7782 0.0137 -0.6279
vn -0.7803 0.0130 -0.6253
vn -0.7676 0.0170 -0.6407
vn -0.7638 0.0181 -0.6452
vn -0.7387 0.0128 -0.6739
vn -0.7431 0.0151 -0.6690
vn -0.7232 0.0046 -0.6906
vn -0.7309 0.0312 -0.6818
vn -0.7295 0.0269 -0.6835
vn -0.7254 -0.0057 -0.6883
vn -0.7255 -0.0066 -0.6882
vn -0.7380 -0.0473 -0.6731
vn -0.7352 -0.0403 -0.6766
vn -0.7459 -0.0199 -0.6657
vn -0.7466 -0.0084 -0.6652
vn -0.7375 0.0576 -0.6729
vn -0.7439 0.0349 -0.6674
vn -0.7688 -0.0091 -0.6394
vn -0.7663 -0.0098 -0.6424
vn -0.7791 -0.0122 -0.6268
vn -0.7808 -0.0143 -0.6247
vn -0.7274 0.0423 -0.6850
vn -0.7273 0.0527 -0.6843
vn -0.7448 -0.0115 -0.6672
vn -0.7421 -0.0114 -0.6701
vn -0.7387 0.0071 -0.6740
vn -0.7382 0.0126 -0.6745
vn -0.7406 -0.0195 -0.6717
vn -0.0000 0.7359 -0.6771
vn -0.0000 0.6913 -0.7226
vn -0.0000 0.6201 -0.7845
vn -0.0000 0.8113 -0.5847
vn -0.0000 -0.6591 -0.7520
vn -0.0000 -0.7338 -0.6793
vn -0.0000 0.5865 -0.8099
vn -0.0000 -0.1898 -0.9818
vn -0.0000 -0.2809 -0.9597
vn -0.0000 0.4592 -0.8883
vn -0.0000 0.6879 -0.7258
vn -0.0000 0.8767 -0.4810
vn -0.0000 -0.4733 -0.8809
vn -0.0000 0.6853 -0.7282
vn -0.0000 0.4511 -0.8925
vn -0.0000 -0.1047 -0.9945
vn -0.0000 0.4651 -0.8853
vn -0.0000 -0.4067 -0.9136
vn -0.5487 -0.6308 -0.5487
vn -0.3998 -0.8248 -0.3998
vn 0.9935 -0.0025 0.1137
vn 0.9939 0.0130 0.1096
vn 0.9942 0.0137 0.1062
vn 0.9935 -0.0026 0.1137
vn 0.9958 0.0170 0.0897
vn 0.9985 0.0151 0.0524
vn 0.9989 0.0128 0.0459
vn 0.9963 0.0181 0.0839
vn 0.9997 0.0046 0.0230
vn 0.9989 0.0312 0.0347
vn 0.9996 -0.0066 0.0264
vn 0.9996 -0.0057 0.0263
vn 0.9991 0.0269 0.0325
vn 0.9978 -0.0473 0.0459
vn 0.9983 -0.0084 0.0575
vn 0.9982 -0.0199 0.0567
vn 0.9983 -0.0403 0.0414
vn 0.9979 0.0349 0.0541
vn 0.9973 0.0576 0.0457
vn 0.9958 -0.0091 0.0915
vn 0.9938 -0.0143 0.1104
vn 0.9941 -0.0122 0.1076
vn 0.9961 -0.0098 0.0876
vn 0.9982 0.0527 0.0304
vn 0.9987 0.0423 0.0300
vn 0.9984 -0.0115 0.0548
vn 0.9986 -0.0114 0.0509
vn 0.9989 0.0071 0.0457
vn 0.9989 0.0126 0.0451
vn 0.9986 -0.0195 0.0487
vn -0.9935 -0.0025 0.1137
vn -0.9935 -0.0026 0.1137
vn -0.9942 0.0137 0.1062
vn -0.9939 0.0130 0.1096
vn -0.9958 0.0170 0.0897
vn -0.9963 0.0181 0.0839
vn -0.9989 0.0128 0.0459
vn -0.9985 0.0151 0.0524
vn -0.9997 0.0046 0.0230
vn -0.9989 0.0312 0.0347
vn -0.9991 0.0269 0.0325
vn -0.9996 -0.0057 0.0263
vn -0.9996 -0.0066 0.0264
vn -0.9978 -0.0473 0.0459
vn -0.9983 -0.0403 0.0414
vn -0.9982 -0.0199 0.0567
vn -0.9983 -0.0084 0.0575
vn -0.9973 0.0576 0.0457
vn -0.9979 0.0349 0.0541
vn -0.9958 -0.0091 0.0915
vn -0.9961 -0.0098 0.0876
vn -0.9941 -0.0122 0.1076
vn -0.9938 -0.0143 0.1104
vn -0.9987 0.0423 0.0300
vn -0.9982 0.0527 0.0304
vn -0.9984 -0.0115 0.0548
vn -0.9986 -0.0114 0.0509
vn -0.9989 0.0071 0.0457
vn -0.9989 0.0126 0.0451
vn -0.9986 -0.0195 0.0487
vn -0.4788 0.7359 -0.4788
vn -0.5109 0.6913 -0.5109
vn -0.4134 0.8113 -0.4134
vn -0.5547 0.6201 -0.5547
vn -0.5318 -0.6591 -0.5318
vn -0.4804 -0.7338 -0.4804
vn -0.5727 0.5865 -0.5727
vn -0.6942 -0.1898 -0.6942
vn -0.6786 -0.2809 -0.6786
vn -0.6281 0.4592 -0.6281
vn -0.5132 0.6879 -0.5132
vn -0.3401 0.8767 -0.3401
vn -0.6229 -0.4733 -0.6229
vn -0.5149 0.6853 -0.5149
vn -0.6311 0.4511 -0.6311
vn -0.7032 -0.1047 -0.7032
vn -0.6260 0.4651 -0.6260
vn -0.6460 -0.4067 -0.6460
vn -0.7759 -0.6308 -0.0000
vn -0.5654 -0.8248 -0.0000
vn 0.7829 -0.0025 -0.6221
vn 0.7803 0.0130 -0.6253
vn 0.7782 0.0137 -0.6279
vn 0.7829 -0.0026 -0.6221
vn 0.7676 0.0170 -0.6407
vn 0.7431 0.0151 -0.6690
vn 0.7387 0.0128 -0.6739
vn 0.7638 0.0181 -0.6452
vn 0.7232 0.0046 -0.6906
vn 0.7309 0.0312 -0.6818
vn 0.7255 -0.0066 -0.6882
vn 0.7254 -0.0057 -0.6883
vn 0.7295 0.0269 -0.6835
vn 0.7380 -0.0473 -0.6731
vn 0.7466 -0.0084 -0.6652
vn 0.7459 -0.0199 -0.6657
vn 0.7352 -0.0403 -0.6766
vn 0.7439 0.0349 -0.6674
vn 0.7375 0.0576 -0.6729
vn 0.7688 -0.0091 -0.6394
vn 0.7808 -0.0143 -0.6247
vn 0.7791 -0.0122 -0.6268
vn 0.7663 -0.0098 -0.6424
vn 0.7273 0.0527 -0.6843
vn 0.7274 0.0423 -0.6850
vn 0.7448 -0.0115 -0.6672
vn 0.7421 -0.0114 -0.6701
vn 0.7387 0.0071 -0.6740
vn 0.7382 0.0126 -0.6745
vn 0.7406 -0.0195 -0.6717
vn -0.6221 -0.0025 0.7829
vn -0.6221 -0.0026 0.7829
vn -0.6279 0.0137 0.7782
vn -0.6253 0.0130 0.7803
vn -0.6407 0.0170 0.7676
vn -0.6452 0.0181 0.7638
vn -0.6739 0.0128 0.7387
vn -0.6690 0.0151 0.7431
vn -0.6906 0.0046 0.7232
vn -0.6818 0.0312 0.7309
vn -0.6835 0.0269 0.7295
vn -0.6883 -0.0057 0.7254
vn -0.6882 -0.0066 0.7255
vn -0.6731 -0.0473 0.7380
vn -0.6766 -0.0403 0.7352
vn -0.6657 -0.0199 0.7459
vn -0.6652 -0.0084 0.7466
vn -0.6729 0.0576 0.7375
vn -0.6674 0.0349 0.7439
vn -0.6394 -0.0091 0.7688
vn -0.6424 -0.0098 0.7663
vn -0.6268 -0.0122 0.7791
vn -0.6247 -0.0143 0.7808
vn -0.6850 0.0423 0.7274
vn -0.6843 0.0527 0.7273
vn -0.6672 -0.0115 0.7448
vn -0.6701 -0.0114 0.7421
vn -0.6740 0.0071 0.7387
vn -0.6745 0.0126 0.7382
vn -0.6717 -0.0195 0.7406
vn -0.6771 0.7359 -0.0000
vn -0.7226 0.6913 -0.0000
vn -0.5847 0.8113 -0.0000
vn -0.7845 0.6201 -0.0000
vn -0.7520 -0.6591 -0.0000
vn -0.6793 -0.7338 -0.0000
vn -0.8099 0.5865 -0.0000
vn -0.9818 -0.1898 -0.0000
vn -0.9597 -0.2809 -0.0000
vn -0.8883 0.4592 -0.0000
vn -0.7258 0.6879 -0.0000
vn -0.4810 0.8767 -0.0000
vn -0.8809 -0.4733 -0.0000
vn -0.7282 0.6853 -0.0000
vn -0.8925 0.4511 -0.0000
vn -0.9945 -0.1047 -0.0000
vn -0.8853 0.4651 -0.0000
vn -0.9136 -0.4067 -0.0000
vn -0.5486 -0.6308 0.5487
vn -0.3998 -0.8248 0.3998
vn 0.1137 -0.0025 -0.9935
vn 0.1096 0.0130 -0.9939
vn 0.1062 0.0137 -0.9942
vn 0.1137 -0.0026 -0.9935
vn 0.0897 0.0170 -0.9958
vn 0.0524 0.0151 -0.9985
vn 0.0459 0.0128 -0.9989
vn 0.0839 0.0181 -0.9963
vn 0.0230 0.0046 -0.9997
vn 0.0347 0.0312 -0.9989
vn 0.0264 -0.0066 -0.9996
vn 0.0263 -0.0057 -0.9996
vn 0.0325 0.0269 -0.9991
vn 0.0459 -0.0473 -0.9978
vn 0.0575 -0.0084 -0.9983
vn 0.0567 -0.0199 -0.9982
vn 0.0414 -0.0403 -0.9983
vn 0.0541 0.0349 -0.9979
vn 0.0457 0.0576 -0.9973
vn 0.0915 -0.0091 -0.9958
vn 0.1104 -0.0143 -0.9938
vn 0.1076 -0.0122 -0.9941
vn 0.0876 -0.0098 -0.9961
vn 0.0304 0.0527 -0.9982
vn 0.0300 0.0423 -0.9987
vn 0.0548 -0.0115 -0.9984
vn 0.0509 -0.0114 -0.9986
vn 0.0457 0.0071 -0.9989
vn 0.0451 0.0126 -0.9989
vn 0.0487 -0.0195 -0.9986
vn 0.1137 -0.0025 0.9935
vn 0.1137 -0.0026 0.9935
vn 0.1062 0.0137 0.9942
vn 0.1096 0.0130 0.9939
vn 0.0897 0.0170 0.9958
vn 0.0839 0.0181 0.9963
vn 0.0459 0.0128 0.9989
vn 0.0524 0.0151 0.9985
vn 0.0230 0.0046 0.9997
vn 0.0347 0.0312 0.9989
vn 0.0325 0.0269 0.9991
vn 0.0263 -0.0057 0.9996
vn 0.0264 -0.0066 0.9996
vn 0.0459 -0.0473 0.9978
vn 0.0414 -0.0403 0.9983
vn 0.0567 -0.0199 0.9982
vn 0.0575 -0.0084 0.9983
vn 0.0457 0.0576 0.9973
vn 0.0541 0.0349 0.9979
vn 0.0915 -0.0091 0.9958
vn 0.0876 -0.0098 0.9961
vn 0.1076 -0.0122 0.9941
vn 0.1104 -0.0143 0.9938
vn 0.0300 0.0423 0.9987
vn 0.0304 0.0527 0.9982
vn 0.0548 -0.0115 0.9984
vn 0.0509 -0.0114 0.9986
vn 0.0457 0.0071 0.9989
vn 0.0451 0.0126 0.9989
vn 0.0487 -0.0195 0.9986
vn -0.4788 0.7359 0.4788
vn -0.5109 0.6913 0.5109
vn -0.4134 0.8113 0.4134
vn -0.5547 0.6201 0.5547
vn -0.5318 -0.6591 0.5318
vn -0.4804 -0.7338 0.4804
vn -0.5727 0.5865 0.5727
vn -0.6942 -0.1898 0.6942
vn -0.6786 -0.2809 0.6786
vn -0.6281 0.4592 0.6281
vn -0.5132 0.6879 0.5132
vn -0.3401 0.8767 0.3401
vn -0.6229 -0.4733 0.6229
vn -0.5149 0.6853 0.5149
vn -0.6311 0.4511 0.6311
vn -0.7032 -0.1047 0.7032
vn -0.6260 0.4651 0.6260
vn -0.6460 -0.4067 0.6460
vn -0.0000 -0.6308 0.7759
vn -0.0000 -0.8248 0.5654
vn -0.6221 -0.0025 -0.7829
vn -0.6253 0.0130 -0.7803
vn -0.6279 0.0137 -0.7782
vn -0.6221 -0.0026 -0.7829
vn -0.6407 0.0170 -0.7676
vn -0.6690 0.0151 -0.7431
vn -0.6739 0.0128 -0.7387
vn -0.6452 0.0181 -0.7638
vn -0.6906 0.0046 -0.7232
vn -0.6818 0.0312 -0.7309
vn -0.6882 -0.0066 -0.7255
vn -0.6883 -0.0057 -0.7254
vn -0.6835 0.0269 -0.7295
vn -0.6731 -0.0473 -0.7380
vn -0.6652 -0.0084 -0.7466
vn -0.6657 -0.0199 -0.7459
vn -0.6766 -0.0403 -0.7352
vn -0.6674 0.0349 -0.7439
vn -0.6729 0.0576 -0.7375
vn -0.6394 -0.0091 -0.7688
vn -0.6247 -0.0143 -0.7808
vn -0.6268 -0.0122 -0.7791
vn -0.6424 -0.0098 -0.7663
vn -0.6843 0.0527 -0.7273
vn -0.6850 0.0423 -0.7274
vn -0.6672 -0.0115 -0.7448
vn -0.6701 -0.0114 -0.7421
vn -0.6740 0.0071 -0.7387
vn -0.6745 0.0126 -0.7382
vn -0.6717 -0.0195 -0.7406
vn 0.7829 -0.0025 0.6221
vn 0.7829 -0.0026 0.6221
vn 0.7782 0.0137 0.6279
vn 0.7803 0.0130 0.6253
vn 0.7676 0.0170 0.6407
vn 0.7638 0.0181 0.6452
vn 0.7387 0.0128 0.6739
vn 0.7431 0.0151 0.6690
vn 0.7232 0.0046 0.6906
vn 0.7309 0.0312 0.6818
vn 0.7295 0.0269 0.6835
vn 0.7254 -0.0057 0.6883
vn 0.7255 -0.0066 0.6882
vn 0.7380 -0.0473 0.6731
vn 0.7352 -0.0403 0.6766
vn 0.7459 -0.0199 0.6657
vn 0.7466 -0.0084 0.6652
vn 0.7375 0.0576 0.6729
vn 0.7439 0.0349 0.6674
vn 0.7688 -0.0091 0.6394
vn 0.7663 -0.0098 0.6424
vn 0.7791 -0.0122 0.6268
vn 0.7808 -0.0143 0.6247
vn 0.7274 0.0423 0.6850
vn 0.7273 0.0527 0.6843
vn 0.7448 -0.0115 0.6672
vn 0.7421 -0.0114 0.6701
vn 0.7387 0.0071 0.6740
vn 0.7382 0.0126 0.6745
vn 0.7406 -0.0195 0.6717
vn -0.0000 0.7359 0.6771
vn -0.0000 0.6913 0.7226
vn -0.0000 0.8113 0.5847
vn -0.0000 0.6201 0.7845
vn -0.0000 -0.6591 0.7520
vn -0.0000 -0.7338 0.6793
vn -0.0000 0.5865 0.8099
vn -0.0000 -0.1898 0.9818
vn -0.0000 -0.2809 0.9597
vn -0.0000 0.4592 0.8883
vn -0.0000 0.6879 0.7258
vn -0.0000 0.8767 0.4810
vn -0.0000 -0.4733 0.8809
vn -0.0000 0.6853 0.7282
vn -0.0000 0.4511 0.8925
vn -0.0000 -0.1047 0.9945
vn -0.0000 0.4651 0.8853
vn -0.0000 -0.4067 0.9136
vn -0.9935 -0.0025 -0.1137
vn -0.9939 0.0130 -0.1096
vn -0.9942 0.0137 -0.1062
vn -0.9935 -0.0026 -0.1137
vn -0.9958 0.0170 -0.0897
vn -0.9985 0.0151 -0.0524
vn -0.9989 0.0128 -0.0459
vn -0.9963 0.0181 -0.0839
vn -0.9997 0.0046 -0.0230
vn -0.9989 0.0312 -0.0347
vn -0.9996 -0.0066 -0.0264
vn -0.9996 -0.0057 -0.0263
vn -0.9991 0.0269 -0.0325
vn -0.9978 -0.0473 -0.0459
vn -0.9983 -0.0084 -0.0575
vn -0.9982 -0.0199 -0.0567
vn -0.9983 -0.0403 -0.0414
vn -0.9979 0.0349 -0.0541
vn -0.9973 0.0576 -0.0457
vn -0.9958 -0.0091 -0.0915
vn -0.9938 -0.0143 -0.1104
vn -0.9941 -0.0122 -0.1076
vn -0.9961 -0.0098 -0.0876
vn -0.9982 0.0527 -0.0304
vn -0.9987 0.0423 -0.0300
vn -0.9984 -0.0115 -0.0548
vn -0.9986 -0.0114 -0.0509
vn -0.9989 0.0071 -0.0457
vn -0.9989 0.0126 -0.0451
vn -0.9986 -0.0195 -0.0487
vn 0.9935 -0.0025 -0.1137
vn 0.9935 -0.0026 -0.1137
vn 0.9942 0.0137 -0.1062
vn 0.9939 0.0130 -0.1096
vn 0.5487 -0.6308 0.5487
vn 0.3998 -0.8248 0.3998
vn 0.9958 0.0170 -0.0897
vn 0.9963 0.0181 -0.0839
vn 0.9989 0.0128 -0.0459
vn 0.9985 0.0151 -0.0524
vn 0.9997 0.0046 -0.0230
vn 0.9989 0.0312 -0.0347
vn 0.9991 0.0269 -0.0325
vn 0.9996 -0.0057 -0.0263
vn 0.9996 -0.0066 -0.0264
vn 0.9978 -0.0473 -0.0459
vn 0.9983 -0.0403 -0.0414
vn 0.9982 -0.0199 -0.0567
vn 0.9983 -0.0084 -0.0575
vn 0.9973 0.0576 -0.0457
vn 0.9979 0.0349 -0.0541
vn 0.9958 -0.0091 -0.0915
vn 0.9961 -0.0098 -0.0876
vn 0.9941 -0.0122 -0.1076
vn 0.9938 -0.0143 -0.1104
vn 0.9987 0.0423 -0.0300
vn 0.9982 0.0527 -0.0304
vn 0.9984 -0.0115 -0.0548
vn 0.9986 -0.0114 -0.0509
vn 0.9989 0.0071 -0.0457
vn 0.9989 0.0126 -0.0451
vn 0.9986 -0.0195 -0.0487
vn 0.4788 0.7359 0.4788
vn 0.5109 0.6913 0.5109
vn 0.5547 0.6201 0.5547
vn 0.4134 0.8113 0.4134
vn 0.5318 -0.6591 0.5318
vn 0.4804 -0.7338 0.4804
vn 0.5727 0.5865 0.5727
vn 0.6942 -0.1898 0.6942
vn 0.6786 -0.2809 0.6786
vn 0.6281 0.4592 0.6281
vn 0.5132 0.6879 0.5132
vn 0.3401 0.8767 0.3401
vn 0.6229 -0.4733 0.6229
vn 0.5149 0.6853 0.5149
vn 0.6311 0.4511 0.6311
vn 0.7032 -0.1047 0.7032
vn 0.6260 0.4651 0.6260
vn 0.6460 -0.4067 0.6460
vn -0.7829 -0.0025 0.6221
vn -0.7803 0.0130 0.6253
vn -0.7782 0.0137 0.6279
vn -0.7829 -0.0026 0.6221
vn -0.7676 0.0170 0.6407
vn -0.7431 0.0151 0.6690
vn -0.7387 0.0128 0.6739
vn -0.7638 0.0181 0.6452
vn -0.7232 0.0046 0.6906
vn -0.7309 0.0312 0.6818
vn -0.7255 -0.0066 0.6882
vn -0.7254 -0.0057 0.6883
vn -0.7295 0.0269 0.6835
vn -0.7380 -0.0473 0.6731
vn -0.7466 -0.0084 0.6652
vn -0.7459 -0.0199 0.6657
vn -0.7352 -0.0403 0.6766
vn -0.7439 0.0349 0.6674
vn -0.7375 0.0576 0.6729
vn -0.7688 -0.0091 0.6394
vn -0.7808 -0.0143 0.6247
vn -0.7791 -0.0122 0.6268
vn -0.7663 -0.0098 0.6424
vn -0.7273 0.0527 0.6843
vn -0.7274 0.0423 0.6850
vn -0.7448 -0.0115 0.6672
vn -0.7421 -0.0114 0.6701
vn -0.7387 0.0071 0.6740
vn -0.7382 0.0126 0.6745
vn -0.7406 -0.0195 0.6717
vn 0.6221 -0.0025 -0.7829
vn 0.6221 -0.0026 -0.7829
vn 0.6279 0.0137 -0.7782
vn 0.6253 0.0130 -0.7803
vn 0.6407 0.0170 -0.7676
vn 0.6452 0.0181 -0.7638
vn 0.6739 0.0128 -0.7387
vn 0.6690 0.0151 -0.7431
vn 0.6906 0.0046 -0.7232
vn 0.6818 0.0312 -0.7309
vn 0.6835 0.0269 -0.7295
vn 0.6883 -0.0057 -0.7254
vn 0.6882 -0.0066 -0.7255
vn 0.6731 -0.0473 -0.7380
vn 0.6766 -0.0403 -0.7352
vn 0.6657 -0.0199 -0.7459
vn 0.6652 -0.0084 -0.7466
vn 0.6729 0.0576 -0.7375
vn 0.6674 0.0349 -0.7439
vn 0.6394 -0.0091 -0.7688
vn 0.6424 -0.0098 -0.7663
vn 0.6268 -0.0122 -0.7791
vn 0.6247 -0.0143 -0.7808
vn 0.6850 0.0423 -0.7274
vn 0.6843 0.0527 -0.7273
vn 0.6672 -0.0115 -0.7448
vn 0.6701 -0.0114 -0.7421
vn 0.6740 0.0071 -0.7387
vn 0.6745 0.0126 -0.7382
vn 0.6717 -0.0195 -0.7406
vn 0.5655 -0.8248 -0.0000
vn -0.0000 0.0110 -0.9999
vn 0.7071 0.0110 -0.7071
vn 0.9999 0.0110 -0.0000
vn 0.7071 0.0110 0.7071
vn -0.0000 0.0110 0.9999
vn -0.7071 0.0110 0.7071
vn -0.9999 0.0110 -0.0000
vn -0.7071 0.0110 -0.7071
vn -0.0000 -0.0000 -1.0000
vn 0.7071 -0.0000 -0.7071
vn 1.0000 -0.0000 -0.0000
vn 0.7071 -0.0000 0.7071
vn -0.0000 -0.0000 1.0000
vn -0.7071 -0.0000 0.7071
vn -1.0000 -0.0000 -0.0000
vn -0.7071 -0.0000 -0.7071
vn -0.0000 1.0000 -0.0000
vn 0.2993 0.6232 -0.7226
vn -0.0000 0.6232 -0.7821
vn -0.0000 0.5972 -0.8021
vn 0.3070 0.5972 -0.7411
vn -0.8739 0.3244 0.3620
vn -0.6689 0.3244 0.6689
vn -0.0000 0.3244 0.9459
vn 0.3620 0.3244 0.8739
vn -0.8739 0.3244 -0.3620
vn -0.9459 0.3244 -0.0000
vn 0.6689 0.3244 0.6689
vn 0.8739 0.3244 0.3620
vn -0.3620 0.3244 0.8739
vn 0.9459 0.3244 -0.0000
vn 0.8739 0.3244 -0.3620
vn 0.6689 0.3244 -0.6689
vn 0.3620 0.3244 -0.8739
vn -0.6689 0.3244 -0.6689
vn -0.5530 0.6232 0.5530
vn -0.2993 0.6232 0.7226
vn -0.3070 0.5972 0.7411
vn -0.5672 0.5972 0.5672
vn -0.3620 0.3244 -0.8739
vn 0.7226 0.6232 -0.2993
vn 0.5530 0.6232 -0.5530
vn 0.5672 0.5972 -0.5672
vn 0.7411 0.5972 -0.3070
vn -0.7226 0.6232 0.2993
vn -0.7411 0.5972 0.3070
vn 0.7821 0.6232 -0.0000
vn 0.8021 0.5972 -0.0000
vn -0.7821 0.6232 -0.0000
vn -0.8021 0.5971 -0.0000
vn 0.7226 0.6232 0.2993
vn 0.7411 0.5972 0.3070
vn -0.7226 0.6232 -0.2993
vn -0.7411 0.5972 -0.3070
vn 0.5530 0.6232 0.5530
vn 0.5672 0.5972 0.5672
vn -0.5530 0.6232 -0.5530
vn -0.5672 0.5972 -0.5672
vn 0.2993 0.6232 0.7226
vn 0.3070 0.5972 0.7411
vn -0.2993 0.6232 -0.7226
vn -0.3070 0.5972 -0.7411
vn -0.0000 0.6232 0.7821
vn -0.0000 0.5972 0.8021
vn -0.0000 0.3244 -0.9459
vn -0.0000 0.4762 -0.8793
vn 0.3365 0.4762 -0.8124
vn 0.6218 0.4762 -0.6218
vn 0.8124 0.4762 -0.3365
vn 0.8793 0.4762 -0.0000
vn 0.8124 0.4762 0.3365
vn 0.6218 0.4762 0.6218
vn 0.3365 0.4762 0.8124
vn -0.0000 0.4762 0.8793
vn -0.3365 0.4762 0.8124
vn -0.6218 0.4762 0.6218
vn -0.8124 0.4762 0.3365
vn -0.8793 0.4762 -0.0000
vn -0.8124 0.4762 -0.3365
vn -0.6218 0.4762 -0.6218
vn -0.3365 0.4762 -0.8124
vt 0.042621 0.482845
vt 0.042621 0.514840
vt 0.035073 0.514840
vt 0.035073 0.482845
vt 0.012430 0.482845
vt 0.012430 0.514840
vt 0.004882 0.514840
vt 0.004882 0.482845
vt 0.019977 0.482845
vt 0.019977 0.514840
vt 0.027525 0.482845
vt 0.027525 0.514840
vt 0.042621 0.546835
vt 0.035073 0.546835
vt 0.012430 0.546835
vt 0.004882 0.546835
vt 0.019977 0.546835
vt 0.027525 0.546835
vt 0.042621 0.290874
vt 0.042621 0.322869
vt 0.035073 0.322869
vt 0.035073 0.290874
vt 0.012430 0.290874
vt 0.012430 0.322869
vt 0.004882 0.322869
vt 0.004882 0.290874
vt 0.019977 0.290874
vt 0.019977 0.322869
vt 0.027525 0.290874
vt 0.027525 0.322869
vt 0.042621 0.354864
vt 0.035073 0.354864
vt 0.012430 0.354864
vt 0.004882 0.354864
vt 0.019977 0.354864
vt 0.027525 0.354864
vt 0.042621 0.386860
vt 0.035073 0.386860
vt 0.012430 0.386860
vt 0.004882 0.386860
vt 0.019977 0.386860
vt 0.027525 0.386860
vt 0.042621 0.418855
vt 0.035073 0.418855
vt 0.012430 0.418855
vt 0.004882 0.418855
vt 0.019977 0.418855
vt 0.027525 0.418855
vt 0.042621 0.450850
vt 0.035073 0.450850
vt 0.012430 0.450850
vt 0.004882 0.450850
vt 0.019977 0.450850
vt 0.027525 0.450850
vt 0.066073 0.482845
vt 0.066073 0.514840
vt 0.058525 0.514840
vt 0.058525 0.482845
vt 0.074176 0.482845
vt 0.074176 0.514840
vt 0.050977 0.514840
vt 0.050977 0.482845
vt 0.066073 0.546835
vt 0.058525 0.546835
vt 0.074176 0.546835
vt 0.050977 0.546835
vt 0.066073 0.290874
vt 0.066073 0.322869
vt 0.058525 0.322869
vt 0.058525 0.290874
vt 0.074176 0.290874
vt 0.074176 0.322869
vt 0.050977 0.322869
vt 0.050977 0.290874
vt 0.066073 0.354864
vt 0.058525 0.354864
vt 0.074176 0.354864
vt 0.050977 0.354864
vt 0.066073 0.386860
vt 0.058525 0.386860
vt 0.074176 0.386860
vt 0.050977 0.386860
vt 0.066073 0.418855
vt 0.058525 0.418855
vt 0.074176 0.418855
vt 0.050977 0.418855
vt 0.066073 0.450850
vt 0.058525 0.450850
vt 0.074176 0.450850
vt 0.050977 0.450850
vt 0.046799 0.514840
vt 0.046799 0.546835
vt 0.046799 0.290874
vt 0.046799 0.322869
vt 0.046799 0.354864
vt 0.046799 0.386860
vt 0.046799 0.418855
vt 0.046799 0.450850
vt 0.046799 0.482845
vt 0.188093 0.471708
vt 0.214130 0.471708
vt 0.214130 0.474835
vt 0.188093 0.474835
vt 0.214130 0.484751
vt 0.188093 0.484751
vt 0.188093 0.478120
vt 0.214130 0.478120
vt 0.214130 0.491381
vt 0.188093 0.491381
vt 0.214130 0.498011
vt 0.188093 0.498011
vt 0.162055 0.471708
vt 0.162055 0.474835
vt 0.162055 0.484751
vt 0.162055 0.478120
vt 0.162055 0.491381
vt 0.162055 0.498011
vt 0.136017 0.471708
vt 0.136017 0.474835
vt 0.136017 0.484751
vt 0.136017 0.478120
vt 0.136017 0.491381
vt 0.136017 0.498011
vt 0.109980 0.471708
vt 0.109980 0.474835
vt 0.109980 0.484751
vt 0.109980 0.478120
vt 0.109980 0.491381
vt 0.109980 0.498011
vt 0.083942 0.471708
vt 0.083942 0.474835
vt 0.083942 0.484751
vt 0.083942 0.478120
vt 0.083942 0.491381
vt 0.083942 0.498011
vt 0.266206 0.471708
vt 0.292243 0.471708
vt 0.292243 0.474835
vt 0.266206 0.474835
vt 0.292243 0.484751
vt 0.266206 0.484751
vt 0.266206 0.478120
vt 0.292243 0.478120
vt 0.292243 0.491381
vt 0.266206 0.491381
vt 0.292243 0.498011
vt 0.266206 0.498011
vt 0.240168 0.471708
vt 0.240168 0.474835
vt 0.240168 0.484751
vt 0.240168 0.478120
vt 0.240168 0.491381
vt 0.240168 0.498011
vt 0.266206 0.458447
vt 0.292243 0.458447
vt 0.292243 0.465078
vt 0.266206 0.465078
vt 0.266206 0.451817
vt 0.292243 0.451817
vt 0.083942 0.458448
vt 0.109980 0.458448
vt 0.109980 0.465078
vt 0.083942 0.465078
vt 0.083942 0.451817
vt 0.109980 0.451817
vt 0.136017 0.458447
vt 0.136017 0.465078
vt 0.136017 0.451817
vt 0.162055 0.458447
vt 0.162055 0.465078
vt 0.162055 0.451817
vt 0.188092 0.458447
vt 0.188092 0.465078
vt 0.188093 0.451817
vt 0.214130 0.458448
vt 0.214130 0.465078
vt 0.214130 0.451817
vt 0.240168 0.458447
vt 0.240168 0.465078
vt 0.240168 0.451817
vt 0.222772 0.531170
vt 0.195139 0.531170
vt 0.195139 0.527705
vt 0.222772 0.527705
vt 0.195139 0.517456
vt 0.222772 0.517456
vt 0.222772 0.524079
vt 0.195139 0.524079
vt 0.195139 0.510833
vt 0.222772 0.510833
vt 0.195139 0.504210
vt 0.222772 0.504210
vt 0.250404 0.531170
vt 0.250404 0.527705
vt 0.250404 0.517456
vt 0.250404 0.524079
vt 0.250404 0.510833
vt 0.250404 0.504210
vt 0.278036 0.531170
vt 0.278036 0.527705
vt 0.278036 0.517456
vt 0.278036 0.524079
vt 0.278036 0.510833
vt 0.278036 0.504210
vt 0.305669 0.531170
vt 0.305669 0.527705
vt 0.305669 0.517456
vt 0.305669 0.524079
vt 0.305669 0.510833
vt 0.305669 0.504210
vt 0.112242 0.531170
vt 0.084610 0.531170
vt 0.084610 0.527705
vt 0.112242 0.527705
vt 0.084610 0.517456
vt 0.112242 0.517456
vt 0.112242 0.524079
vt 0.084610 0.524079
vt 0.084610 0.510833
vt 0.112242 0.510833
vt 0.084610 0.504210
vt 0.112242 0.504210
vt 0.139875 0.531170
vt 0.139875 0.527705
vt 0.139875 0.517456
vt 0.139875 0.524079
vt 0.139875 0.510833
vt 0.139875 0.504210
vt 0.167507 0.531170
vt 0.167507 0.527705
vt 0.167507 0.517456
vt 0.167507 0.524079
vt 0.167507 0.510833
vt 0.167507 0.504210
vt 0.139875 0.544416
vt 0.112242 0.544416
vt 0.112242 0.537793
vt 0.139875 0.537793
vt 0.139875 0.551038
vt 0.112242 0.551038
vt 0.084610 0.544416
vt 0.084610 0.537793
vt 0.084610 0.551038
vt 0.305669 0.544416
vt 0.278036 0.544416
vt 0.278036 0.537793
vt 0.305669 0.537793
vt 0.305669 0.551038
vt 0.278036 0.551038
vt 0.250404 0.544416
vt 0.250404 0.537793
vt 0.250404 0.551038
vt 0.222772 0.544416
vt 0.222772 0.537793
vt 0.222772 0.551038
vt 0.195139 0.544416
vt 0.195139 0.537793
vt 0.195139 0.551038
vt 0.167507 0.544416
vt 0.167507 0.537793
vt 0.167507 0.551038
vt 0.415379 0.468930
vt 0.444542 0.468930
vt 0.444542 0.472459
vt 0.415379 0.472459
vt 0.444542 0.482768
vt 0.415379 0.482768
vt 0.415379 0.476150
vt 0.444542 0.476150
vt 0.444542 0.489386
vt 0.415379 0.489386
vt 0.444542 0.496005
vt 0.415379 0.496005
vt 0.386215 0.468930
vt 0.386215 0.472459
vt 0.386215 0.482768
vt 0.386215 0.476150
vt 0.386215 0.489386
vt 0.386215 0.496005
vt 0.357052 0.468930
vt 0.357052 0.472459
vt 0.357052 0.482768
vt 0.357052 0.476150
vt 0.357052 0.489386
vt 0.357052 0.496005
vt 0.327888 0.468930
vt 0.327888 0.472459
vt 0.327888 0.482768
vt 0.327888 0.476150
vt 0.327888 0.489386
vt 0.327888 0.496005
vt 0.298724 0.468930
vt 0.298724 0.472459
vt 0.298724 0.482768
vt 0.298724 0.476150
vt 0.298724 0.489386
vt 0.298724 0.496005
vt 0.502870 0.468930
vt 0.532033 0.468930
vt 0.532033 0.472459
vt 0.502870 0.472459
vt 0.532033 0.482768
vt 0.502870 0.482768
vt 0.502870 0.476150
vt 0.532033 0.476150
vt 0.532033 0.489386
vt 0.502870 0.489386
vt 0.532033 0.496005
vt 0.502870 0.496005
vt 0.473706 0.468930
vt 0.473706 0.472459
vt 0.473706 0.482768
vt 0.473706 0.476150
vt 0.473706 0.489386
vt 0.473706 0.496005
vt 0.444542 0.455693
vt 0.473706 0.455693
vt 0.473706 0.462311
vt 0.444542 0.462311
vt 0.444542 0.449075
vt 0.473706 0.449075
vt 0.502870 0.455693
vt 0.502870 0.462311
vt 0.502870 0.449075
vt 0.532033 0.455693
vt 0.532033 0.462311
vt 0.532033 0.449075
vt 0.298724 0.455693
vt 0.327888 0.455693
vt 0.327888 0.462311
vt 0.298724 0.462311
vt 0.298724 0.449075
vt 0.327888 0.449075
vt 0.357052 0.455693
vt 0.357052 0.462311
vt 0.357052 0.449075
vt 0.386215 0.455693
vt 0.386215 0.462311
vt 0.386215 0.449075
vt 0.415379 0.455693
vt 0.415379 0.462311
vt 0.415379 0.449075
vt 0.342460 0.510968
vt 0.373421 0.510968
vt 0.373421 0.517585
vt 0.342460 0.517585
vt 0.342460 0.504350
vt 0.373421 0.504350
vt 0.373421 0.524203
vt 0.342460 0.524203
vt 0.404382 0.510968
vt 0.404382 0.517585
vt 0.404382 0.504350
vt 0.404382 0.524203
vt 0.435343 0.510968
vt 0.435343 0.517585
vt 0.435343 0.504350
vt 0.435343 0.524203
vt 0.466303 0.510968
vt 0.466303 0.517585
vt 0.466303 0.504350
vt 0.466303 0.524203
vt 0.497264 0.510968
vt 0.497264 0.517585
vt 0.497264 0.504350
vt 0.497264 0.524203
vt 0.528225 0.510968
vt 0.528225 0.517585
vt 0.528225 0.504350
vt 0.528225 0.524203
vt 0.559186 0.510968
vt 0.559186 0.517585
vt 0.559186 0.504350
vt 0.559186 0.524203
vt 0.311499 0.510968
vt 0.311499 0.517585
vt 0.311499 0.504350
vt 0.311499 0.524203
vt 0.373421 0.527466
vt 0.342460 0.527466
vt 0.373421 0.537507
vt 0.342460 0.537507
vt 0.342460 0.530889
vt 0.373421 0.530889
vt 0.373421 0.544125
vt 0.342460 0.544125
vt 0.373421 0.550742
vt 0.342460 0.550742
vt 0.404382 0.527466
vt 0.311499 0.537507
vt 0.311499 0.530889
vt 0.311499 0.544124
vt 0.311499 0.550742
vt 0.435343 0.527466
vt 0.559186 0.537507
vt 0.528225 0.537507
vt 0.528225 0.530889
vt 0.559186 0.530889
vt 0.559186 0.544124
vt 0.528225 0.544124
vt 0.559186 0.550742
vt 0.528225 0.550742
vt 0.466303 0.527466
vt 0.497264 0.537507
vt 0.497264 0.530889
vt 0.497264 0.544124
vt 0.497264 0.550742
vt 0.497264 0.527466
vt 0.466303 0.537507
vt 0.466303 0.530889
vt 0.466303 0.544125
vt 0.466303 0.550742
vt 0.528225 0.527466
vt 0.435343 0.537507
vt 0.435343 0.530889
vt 0.435343 0.544125
vt 0.435343 0.550742
vt 0.559186 0.527466
vt 0.404382 0.537507
vt 0.404382 0.530889
vt 0.404382 0.544125
vt 0.404382 0.550742
vt 0.311499 0.527466
vt 0.917262 0.314821
vt 0.937356 0.315728
vt 0.937356 0.336677
vt 0.917262 0.337583
vt 0.681787 0.303845
vt 0.681786 0.348556
vt 0.630541 0.343403
vt 0.630541 0.308997
vt 0.522491 0.315725
vt 0.522491 0.336675
vt 0.515530 0.336675
vt 0.515530 0.315725
vt 0.728100 0.308320
vt 0.728099 0.344082
vt 0.589847 0.339857
vt 0.589847 0.312543
vt 0.862446 0.315727
vt 0.862446 0.336677
vt 0.825761 0.337628
vt 0.825761 0.314775
vt 0.553320 0.315173
vt 0.553320 0.337227
vt 0.871829 0.314603
vt 0.871829 0.337801
vt 0.776966 0.340064
vt 0.776966 0.312339
vt 0.913130 0.314592
vt 0.913129 0.337813
vt 0.905993 0.337144
vt 0.905993 0.315260
vt 0.898322 0.315425
vt 0.898321 0.336979
vt 0.890410 0.337363
vt 0.890410 0.315040
vt 0.881229 0.314006
vt 0.881229 0.338398
vt 0.467645 0.796325
vt 0.432972 0.758249
vt 0.433027 0.695193
vt 0.467723 0.695223
vt 0.401645 0.732042
vt 0.370612 0.712605
vt 0.370646 0.695097
vt 0.401686 0.695158
vt 0.342179 0.700684
vt 0.338121 0.695030
vt 0.653912 0.711980
vt 0.646330 0.710812
vt 0.646230 0.695140
vt 0.653804 0.695092
vt 0.638950 0.713685
vt 0.633767 0.721332
vt 0.633648 0.695218
vt 0.638839 0.695187
vt 0.625420 0.716969
vt 0.625327 0.695254
vt 0.539366 0.733664
vt 0.500377 0.763305
vt 0.500423 0.695245
vt 0.539385 0.695263
vt 0.620818 0.708716
vt 0.620814 0.695255
vt 0.584799 0.715713
vt 0.584800 0.695267
vt 0.659162 0.716860
vt 0.659000 0.695058
vt 0.662926 0.715142
vt 0.662775 0.695030
vt 0.363981 0.735996
vt 0.364058 0.837098
vt 0.329362 0.837128
vt 0.329307 0.774072
vt 0.176869 0.381363
vt 0.176868 0.359040
vt 0.186049 0.358006
vt 0.186049 0.382397
vt 0.297979 0.800279
vt 0.298020 0.837163
vt 0.266981 0.837224
vt 0.266946 0.819716
vt 0.234455 0.837291
vt 0.238513 0.831637
vt 0.550249 0.820341
vt 0.550140 0.837229
vt 0.542566 0.837181
vt 0.542666 0.821509
vt 0.535286 0.818635
vt 0.535175 0.837134
vt 0.529984 0.837103
vt 0.530103 0.810988
vt 0.521663 0.837067
vt 0.521756 0.815352
vt 0.435702 0.798657
vt 0.435720 0.837058
vt 0.396758 0.837076
vt 0.396712 0.769016
vt 0.517150 0.837066
vt 0.517155 0.823605
vt 0.481134 0.816608
vt 0.481136 0.837054
vt 0.555498 0.815461
vt 0.555336 0.837263
vt 0.559263 0.817179
vt 0.559111 0.837291
vt 0.129924 0.380676
vt 0.129924 0.359727
vt 0.150018 0.358821
vt 0.150018 0.381582
vt 0.385485 0.392556
vt 0.385486 0.347846
vt 0.436729 0.352999
vt 0.436729 0.387403
vt 0.544775 0.380675
vt 0.544775 0.359727
vt 0.551736 0.359726
vt 0.551736 0.380675
vt 0.339174 0.388081
vt 0.339174 0.352321
vt 0.477422 0.356545
vt 0.477422 0.383857
vt 0.204832 0.380676
vt 0.204832 0.359727
vt 0.241516 0.358776
vt 0.241516 0.381627
vt 0.513947 0.381227
vt 0.513947 0.359175
vt 0.195450 0.381800
vt 0.195449 0.358603
vt 0.290309 0.356339
vt 0.290309 0.384063
vt 0.154150 0.381812
vt 0.154150 0.358591
vt 0.161286 0.359260
vt 0.161287 0.381144
vt 0.168958 0.380978
vt 0.168958 0.359425
vt 0.811315 0.227038
vt 0.811315 0.249362
vt 0.802134 0.250396
vt 0.802134 0.226004
vt 0.797414 0.659508
vt 0.762740 0.621431
vt 0.762795 0.558375
vt 0.797491 0.558405
vt 0.731413 0.595224
vt 0.700380 0.575787
vt 0.700414 0.558279
vt 0.731454 0.558340
vt 0.671946 0.563866
vt 0.667889 0.558212
vt 0.983683 0.575163
vt 0.976100 0.573994
vt 0.976000 0.558322
vt 0.983574 0.558274
vt 0.968720 0.576868
vt 0.963537 0.584515
vt 0.963418 0.558401
vt 0.968609 0.558369
vt 0.955190 0.580151
vt 0.955097 0.558436
vt 0.869135 0.596846
vt 0.830146 0.626488
vt 0.830192 0.558427
vt 0.869154 0.558445
vt 0.950588 0.571898
vt 0.950584 0.558438
vt 0.914568 0.578895
vt 0.914570 0.558449
vt 0.988932 0.580042
vt 0.988771 0.558240
vt 0.992697 0.578324
vt 0.992545 0.558212
vt 0.522216 0.984322
vt 0.522139 0.883221
vt 0.556835 0.883191
vt 0.556890 0.946246
vt 0.588217 0.920039
vt 0.588176 0.883156
vt 0.619215 0.883095
vt 0.619249 0.900603
vt 0.651740 0.883028
vt 0.647682 0.888682
vt 0.335950 0.899978
vt 0.336059 0.883090
vt 0.343632 0.883138
vt 0.343532 0.898810
vt 0.350912 0.901683
vt 0.351024 0.883185
vt 0.356215 0.883216
vt 0.356096 0.909330
vt 0.364535 0.883252
vt 0.364442 0.904967
vt 0.450496 0.921662
vt 0.450477 0.883261
vt 0.489439 0.883243
vt 0.489485 0.951302
vt 0.369048 0.883253
vt 0.369044 0.896714
vt 0.405064 0.903711
vt 0.405062 0.883265
vt 0.330701 0.904858
vt 0.330862 0.883056
vt 0.326936 0.903140
vt 0.327088 0.883028
vt 0.858262 0.227725
vt 0.858262 0.248675
vt 0.838167 0.249581
vt 0.838167 0.226819
vt 0.602687 0.215844
vt 0.602687 0.260556
vt 0.551441 0.255403
vt 0.551441 0.220996
vt 0.443389 0.227725
vt 0.443389 0.248674
vt 0.436428 0.248675
vt 0.436428 0.227725
vt 0.649002 0.220319
vt 0.649002 0.256081
vt 0.510746 0.251857
vt 0.510746 0.224542
vt 0.783350 0.227725
vt 0.783350 0.248675
vt 0.746665 0.249626
vt 0.746665 0.226774
vt 0.474219 0.227173
vt 0.474219 0.249226
vt 0.792733 0.226601
vt 0.792733 0.249799
vt 0.697869 0.252063
vt 0.697869 0.224337
vt 0.834035 0.226589
vt 0.834035 0.249811
vt 0.826898 0.249143
vt 0.826898 0.227258
vt 0.819227 0.227423
vt 0.819227 0.248977
vt 0.130887 0.433362
vt 0.130886 0.411039
vt 0.140067 0.410005
vt 0.140067 0.434396
vt 0.667924 0.585939
vt 0.702598 0.624015
vt 0.702543 0.687071
vt 0.667847 0.687041
vt 0.733926 0.650222
vt 0.764959 0.669659
vt 0.764924 0.687167
vt 0.733885 0.687106
vt 0.793392 0.681580
vt 0.797450 0.687234
vt 0.481655 0.670284
vt 0.489238 0.671452
vt 0.489338 0.687124
vt 0.481764 0.687172
vt 0.496618 0.668578
vt 0.501801 0.660931
vt 0.501920 0.687046
vt 0.496729 0.687077
vt 0.510148 0.665295
vt 0.510241 0.687010
vt 0.596203 0.648600
vt 0.635192 0.618959
vt 0.635146 0.687019
vt 0.596184 0.687001
vt 0.514750 0.673548
vt 0.514754 0.687009
vt 0.550770 0.666551
vt 0.550768 0.686997
vt 0.476406 0.665404
vt 0.476568 0.687206
vt 0.472641 0.667122
vt 0.472793 0.687234
vt 0.532764 0.660007
vt 0.532687 0.558906
vt 0.567383 0.558876
vt 0.567438 0.621931
vt 0.598765 0.595724
vt 0.598724 0.558841
vt 0.629763 0.558780
vt 0.629797 0.576288
vt 0.662288 0.558713
vt 0.658231 0.564367
vt 0.346498 0.575663
vt 0.346607 0.558775
vt 0.354181 0.558823
vt 0.354081 0.574494
vt 0.361460 0.577368
vt 0.361572 0.558870
vt 0.366763 0.558901
vt 0.366644 0.585015
vt 0.375084 0.558937
vt 0.374990 0.580652
vt 0.461044 0.597347
vt 0.461026 0.558946
vt 0.499987 0.558928
vt 0.500033 0.626987
vt 0.379596 0.558938
vt 0.379592 0.572399
vt 0.415612 0.579395
vt 0.415610 0.558950
vt 0.341249 0.580543
vt 0.341410 0.558741
vt 0.337484 0.578825
vt 0.337636 0.558713
vt 0.339504 0.444556
vt 0.339504 0.399847
vt 0.390748 0.404999
vt 0.390748 0.439404
vt 0.505755 0.411728
vt 0.505755 0.432677
vt 0.498794 0.432677
vt 0.498795 0.411728
vt 0.293192 0.440081
vt 0.293193 0.404321
vt 0.431441 0.408545
vt 0.431441 0.435858
vt 0.158850 0.432675
vt 0.158850 0.411726
vt 0.195534 0.410775
vt 0.195534 0.433627
vt 0.467966 0.433228
vt 0.467966 0.411176
vt 0.149468 0.433799
vt 0.149468 0.410602
vt 0.244328 0.408339
vt 0.244328 0.436063
vt 0.108168 0.433811
vt 0.108168 0.410590
vt 0.115305 0.411259
vt 0.115305 0.433143
vt 0.122976 0.432977
vt 0.122976 0.411424
vt 0.104036 0.433581
vt 0.104036 0.410820
vt 0.608629 0.293359
vt 0.608629 0.271037
vt 0.617809 0.270002
vt 0.617809 0.294394
vt 0.763515 0.443875
vt 0.798188 0.481950
vt 0.798133 0.545006
vt 0.763438 0.544976
vt 0.829515 0.508157
vt 0.860548 0.527594
vt 0.860513 0.545102
vt 0.829474 0.545041
vt 0.888981 0.539514
vt 0.893038 0.545169
vt 0.577249 0.528218
vt 0.584832 0.529387
vt 0.584932 0.545059
vt 0.577358 0.545107
vt 0.592212 0.526513
vt 0.597395 0.518866
vt 0.597514 0.544980
vt 0.592323 0.545011
vt 0.605742 0.523230
vt 0.605835 0.544944
vt 0.691795 0.506535
vt 0.730784 0.476894
vt 0.730738 0.544953
vt 0.691777 0.544935
vt 0.610343 0.531483
vt 0.610348 0.544943
vt 0.646363 0.524486
vt 0.646361 0.544931
vt 0.572001 0.523339
vt 0.572162 0.545140
vt 0.568236 0.525057
vt 0.568387 0.545169
vt 0.203469 0.945949
vt 0.203392 0.844846
vt 0.238088 0.844816
vt 0.238143 0.907872
vt 0.083942 0.432675
vt 0.083942 0.411726
vt 0.269471 0.881665
vt 0.269429 0.844781
vt 0.300469 0.844720
vt 0.300503 0.862229
vt 0.332995 0.844653
vt 0.328937 0.850308
vt 0.017201 0.861604
vt 0.017310 0.844715
vt 0.024884 0.844763
vt 0.024784 0.860435
vt 0.032163 0.863309
vt 0.032275 0.844810
vt 0.037466 0.844842
vt 0.037347 0.870956
vt 0.045787 0.844877
vt 0.045693 0.866592
vt 0.131748 0.883287
vt 0.131730 0.844886
vt 0.170691 0.844868
vt 0.170737 0.912929
vt 0.050299 0.844879
vt 0.050295 0.858339
vt 0.086315 0.865336
vt 0.086313 0.844890
vt 0.011952 0.866483
vt 0.012113 0.844681
vt 0.008186 0.864765
vt 0.008338 0.844653
vt 0.817252 0.304554
vt 0.817252 0.259843
vt 0.868497 0.264996
vt 0.868497 0.299401
vt 0.983507 0.271724
vt 0.983507 0.292673
vt 0.976547 0.292673
vt 0.976547 0.271724
vt 0.770939 0.300079
vt 0.770939 0.264318
vt 0.909191 0.268542
vt 0.909191 0.295855
vt 0.636593 0.292673
vt 0.636593 0.271723
vt 0.673278 0.270772
vt 0.673278 0.293624
vt 0.945717 0.293225
vt 0.945717 0.271172
vt 0.627210 0.293797
vt 0.627210 0.270599
vt 0.722073 0.268336
vt 0.722073 0.296060
vt 0.585910 0.293809
vt 0.585910 0.270587
vt 0.593046 0.271256
vt 0.593046 0.293140
vt 0.600718 0.292974
vt 0.600718 0.271421
vt 0.581777 0.293579
vt 0.581777 0.270817
vt 0.458820 0.315036
vt 0.458820 0.337359
vt 0.449639 0.338394
vt 0.449639 0.314001
vt 0.649700 0.772158
vt 0.684374 0.810234
vt 0.684319 0.873289
vt 0.649623 0.873259
vt 0.715702 0.836441
vt 0.746734 0.855877
vt 0.746700 0.873385
vt 0.715660 0.873324
vt 0.775167 0.867798
vt 0.779225 0.873453
vt 0.463433 0.856502
vt 0.471016 0.857671
vt 0.471116 0.873342
vt 0.463542 0.873391
vt 0.478396 0.854797
vt 0.483579 0.847150
vt 0.483698 0.873264
vt 0.478507 0.873295
vt 0.491926 0.851513
vt 0.492019 0.873228
vt 0.577980 0.834818
vt 0.616969 0.805177
vt 0.616923 0.873237
vt 0.577961 0.873219
vt 0.496528 0.859766
vt 0.496532 0.873227
vt 0.532547 0.852770
vt 0.532546 0.873215
vt 0.458184 0.851622
vt 0.458346 0.873424
vt 0.454419 0.853340
vt 0.454571 0.873453
vt 0.757486 0.836263
vt 0.757409 0.735162
vt 0.792105 0.735132
vt 0.792159 0.798188
vt 0.561683 0.292673
vt 0.561683 0.271723
vt 0.823487 0.771980
vt 0.823446 0.735097
vt 0.854485 0.735036
vt 0.854519 0.752544
vt 0.887010 0.734969
vt 0.882952 0.740623
vt 0.571220 0.751919
vt 0.571329 0.735031
vt 0.578902 0.735079
vt 0.578803 0.750750
vt 0.586182 0.753624
vt 0.586294 0.735126
vt 0.591485 0.735157
vt 0.591366 0.761271
vt 0.599805 0.735193
vt 0.599712 0.756908
vt 0.685766 0.773603
vt 0.685747 0.735202
vt 0.724709 0.735184
vt 0.724754 0.803243
vt 0.604318 0.735195
vt 0.604314 0.748655
vt 0.640333 0.755652
vt 0.640332 0.735206
vt 0.565971 0.756799
vt 0.566132 0.734997
vt 0.562206 0.755081
vt 0.562357 0.734969
vt 0.250198 0.303843
vt 0.250198 0.348554
vt 0.198953 0.343401
vt 0.198953 0.308996
vt 0.083943 0.336673
vt 0.083943 0.315724
vt 0.090904 0.315724
vt 0.090904 0.336673
vt 0.296510 0.308318
vt 0.296511 0.344079
vt 0.158259 0.339856
vt 0.158259 0.312542
vt 0.430856 0.315723
vt 0.430856 0.336672
vt 0.394171 0.337624
vt 0.394171 0.314772
vt 0.121733 0.315172
vt 0.121733 0.337226
vt 0.440239 0.314599
vt 0.440239 0.337796
vt 0.345376 0.340060
vt 0.345376 0.312336
vt 0.481539 0.314587
vt 0.481539 0.337808
vt 0.474402 0.337140
vt 0.474402 0.315255
vt 0.466731 0.315421
vt 0.466731 0.336974
vt 0.485671 0.314816
vt 0.485671 0.337578
vt 0.381305 0.227043
vt 0.381305 0.249367
vt 0.372124 0.250401
vt 0.372124 0.226009
vt 0.334145 0.584617
vt 0.368819 0.622694
vt 0.368764 0.685750
vt 0.334068 0.685720
vt 0.400147 0.648901
vt 0.431179 0.668338
vt 0.431145 0.685846
vt 0.400105 0.685785
vt 0.459613 0.680259
vt 0.463670 0.685913
vt 0.147876 0.668963
vt 0.155459 0.670131
vt 0.155559 0.685803
vt 0.147985 0.685851
vt 0.162838 0.667257
vt 0.168022 0.659610
vt 0.168141 0.685724
vt 0.162950 0.685756
vt 0.176369 0.663974
vt 0.176462 0.685689
vt 0.262424 0.647278
vt 0.301413 0.617637
vt 0.301367 0.685698
vt 0.262405 0.685680
vt 0.180970 0.672227
vt 0.180975 0.685687
vt 0.216991 0.665230
vt 0.216989 0.685676
vt 0.142627 0.664083
vt 0.142788 0.685885
vt 0.138862 0.665801
vt 0.139014 0.685913
vt 0.202348 0.795411
vt 0.202271 0.694309
vt 0.236967 0.694279
vt 0.237022 0.757335
vt 0.505766 0.315722
vt 0.505766 0.336672
vt 0.268349 0.731128
vt 0.268308 0.694244
vt 0.299347 0.694183
vt 0.299381 0.711692
vt 0.331872 0.694116
vt 0.327815 0.699771
vt 0.016081 0.711067
vt 0.016190 0.694178
vt 0.023764 0.694226
vt 0.023664 0.709898
vt 0.031043 0.712772
vt 0.031155 0.694273
vt 0.036346 0.694305
vt 0.036227 0.720419
vt 0.044667 0.694340
vt 0.044574 0.716055
vt 0.130627 0.732750
vt 0.130609 0.694349
vt 0.169570 0.694331
vt 0.169616 0.762391
vt 0.049179 0.694342
vt 0.049175 0.707802
vt 0.085195 0.714799
vt 0.085193 0.694353
vt 0.010832 0.715946
vt 0.010994 0.694145
vt 0.007067 0.714228
vt 0.007219 0.694116
vt 0.172679 0.215848
vt 0.172679 0.260560
vt 0.121433 0.255407
vt 0.121433 0.221001
vt 0.006422 0.248678
vt 0.006422 0.227728
vt 0.013383 0.227728
vt 0.013383 0.248678
vt 0.218993 0.220324
vt 0.218993 0.256085
vt 0.080739 0.251860
vt 0.080739 0.224547
vt 0.353340 0.227730
vt 0.353340 0.248680
vt 0.316655 0.249631
vt 0.316655 0.226778
vt 0.044213 0.227176
vt 0.044213 0.249230
vt 0.362723 0.226606
vt 0.362723 0.249804
vt 0.267859 0.252067
vt 0.267859 0.224342
vt 0.404024 0.226594
vt 0.404024 0.249816
vt 0.396887 0.249147
vt 0.396887 0.227263
vt 0.389216 0.227428
vt 0.389216 0.248982
vt 0.408156 0.226824
vt 0.408156 0.249586
vt 0.137032 0.659064
vt 0.102358 0.620988
vt 0.102413 0.557932
vt 0.137109 0.557962
vt 0.071031 0.594781
vt 0.039998 0.575344
vt 0.040032 0.557836
vt 0.071072 0.557897
vt 0.011565 0.563423
vt 0.007507 0.557769
vt 0.323299 0.574719
vt 0.315716 0.573551
vt 0.315617 0.557879
vt 0.323190 0.557831
vt 0.308337 0.576425
vt 0.303153 0.584072
vt 0.303034 0.557957
vt 0.308225 0.557926
vt 0.294807 0.579708
vt 0.294713 0.557993
vt 0.208752 0.596403
vt 0.169763 0.626044
vt 0.169810 0.557984
vt 0.208771 0.558002
vt 0.290205 0.571455
vt 0.290201 0.557995
vt 0.254185 0.578452
vt 0.254187 0.558006
vt 0.328548 0.579599
vt 0.328386 0.557797
vt 0.332313 0.577881
vt 0.332161 0.557769
vt 0.288918 0.883094
vt 0.288995 0.984197
vt 0.254299 0.984227
vt 0.254245 0.921171
vt 0.428251 0.227730
vt 0.428251 0.248680
vt 0.177031 0.293363
vt 0.177031 0.271040
vt 0.186212 0.270006
vt 0.186212 0.294398
vt 0.222917 0.947378
vt 0.222958 0.984262
vt 0.191918 0.984323
vt 0.191884 0.966815
vt 0.159393 0.984390
vt 0.163451 0.978736
vt 0.475186 0.967439
vt 0.475078 0.984328
vt 0.467504 0.984280
vt 0.467604 0.968608
vt 0.460224 0.965734
vt 0.460112 0.984233
vt 0.454922 0.984202
vt 0.455041 0.958087
vt 0.446601 0.984166
vt 0.446694 0.962451
vt 0.360639 0.945755
vt 0.360658 0.984157
vt 0.321696 0.984175
vt 0.321650 0.916115
vt 0.442088 0.984164
vt 0.442092 0.970704
vt 0.406072 0.963707
vt 0.406074 0.984153
vt 0.480436 0.962560
vt 0.480274 0.984362
vt 0.484201 0.964278
vt 0.484049 0.984390
vt 0.150180 0.293583
vt 0.130085 0.292677
vt 0.130085 0.271728
vt 0.150179 0.270821
vt 0.385655 0.304555
vt 0.385655 0.259845
vt 0.436900 0.264997
vt 0.436901 0.299402
vt 0.544951 0.292674
vt 0.544950 0.271724
vt 0.551911 0.271724
vt 0.551911 0.292674
vt 0.339342 0.300081
vt 0.339342 0.264320
vt 0.477594 0.268543
vt 0.477594 0.295856
vt 0.204996 0.292676
vt 0.204995 0.271727
vt 0.241680 0.270775
vt 0.241681 0.293627
vt 0.514121 0.293226
vt 0.514121 0.271172
vt 0.195613 0.293800
vt 0.195612 0.270603
vt 0.290475 0.268338
vt 0.290476 0.296063
vt 0.154312 0.293813
vt 0.154312 0.270591
vt 0.161448 0.271260
vt 0.161449 0.293144
vt 0.169120 0.292978
vt 0.169120 0.271425
vt 0.841559 0.792847
vt 0.879635 0.758173
vt 0.942692 0.758228
vt 0.942661 0.792924
vt 0.905843 0.726845
vt 0.925279 0.695812
vt 0.942788 0.695847
vt 0.942727 0.726887
vt 0.937200 0.667379
vt 0.942855 0.663321
vt 0.925904 0.979115
vt 0.927073 0.971532
vt 0.942744 0.971433
vt 0.942793 0.979006
vt 0.924199 0.964153
vt 0.916552 0.958969
vt 0.942666 0.958850
vt 0.942697 0.964041
vt 0.920915 0.950622
vt 0.942630 0.950529
vt 0.904220 0.864568
vt 0.874579 0.825579
vt 0.942639 0.825625
vt 0.942621 0.864586
vt 0.929168 0.946021
vt 0.942629 0.946016
vt 0.922172 0.910001
vt 0.942617 0.910003
vt 0.921024 0.984365
vt 0.942826 0.984203
vt 0.922742 0.988129
vt 0.942855 0.987978
vt 0.667098 0.884178
vt 0.667175 0.985280
vt 0.632479 0.985310
vt 0.632425 0.922254
vt 0.601097 0.948461
vt 0.601138 0.985345
vt 0.570099 0.985406
vt 0.570065 0.967897
vt 0.537574 0.985473
vt 0.541632 0.979818
vt 0.853364 0.968522
vt 0.853255 0.985411
vt 0.845682 0.985363
vt 0.845782 0.969691
vt 0.838402 0.966817
vt 0.838290 0.985315
vt 0.833100 0.985284
vt 0.833219 0.959170
vt 0.824779 0.985248
vt 0.824872 0.963534
vt 0.738818 0.946839
vt 0.738837 0.985239
vt 0.699875 0.985257
vt 0.699829 0.917198
vt 0.820266 0.985247
vt 0.820270 0.971787
vt 0.784251 0.964790
vt 0.784252 0.985235
vt 0.858613 0.963643
vt 0.858452 0.985444
vt 0.862378 0.965361
vt 0.862226 0.985473
vt 0.994926 0.157595
vt 0.004881 0.157595
vt 0.004881 0.132142
vt 0.994926 0.132142
vt 0.994926 0.183047
vt 0.004881 0.183047
vt 0.994926 0.208499
vt 0.004881 0.208499
vt 0.994926 0.030333
vt 0.004881 0.030333
vt 0.004881 0.004881
vt 0.994926 0.004881
vt 0.994926 0.055786
vt 0.004881 0.055786
vt 0.994926 0.081238
vt 0.004881 0.081238
vt 0.994926 0.106690
vt 0.004881 0.106690
vt 0.049891 0.953725
vt 0.049891 0.923771
vt 0.086049 0.938748
vt 0.071072 0.974906
vt 0.071072 0.902590
vt 0.101026 0.902590
vt 0.122207 0.923771
vt 0.122207 0.953725
vt 0.101026 0.974906
vt 0.967963 0.673123
vt 0.954158 0.673123
vt 0.954158 0.657098
vt 0.967963 0.657098
vt 0.954158 0.641073
vt 0.967963 0.641073
vt 0.954158 0.625048
vt 0.967963 0.625048
vt 0.954158 0.609023
vt 0.967963 0.609023
vt 0.954158 0.592998
vt 0.967963 0.592998
vt 0.967962 0.849396
vt 0.954157 0.849396
vt 0.954158 0.833371
vt 0.967962 0.833371
vt 0.954158 0.817346
vt 0.967962 0.817346
vt 0.954158 0.801321
vt 0.967962 0.801321
vt 0.954158 0.785296
vt 0.967963 0.785296
vt 0.954158 0.769272
vt 0.967963 0.769272
vt 0.954158 0.753247
vt 0.967963 0.753247
vt 0.954158 0.737222
vt 0.967963 0.737222
vt 0.954158 0.721197
vt 0.967963 0.721197
vt 0.954158 0.705172
vt 0.967963 0.705172
vt 0.719971 0.433367
vt 0.713837 0.448175
vt 0.679682 0.425353
vt 0.954158 0.689147
vt 0.967963 0.689147
vt 0.560829 0.462285
vt 0.549495 0.450951
vt 0.583651 0.428129
vt 0.543361 0.436143
vt 0.543361 0.420115
vt 0.549495 0.405307
vt 0.560829 0.393973
vt 0.575637 0.387840
vt 0.591665 0.387840
vt 0.606473 0.393974
vt 0.617807 0.405307
vt 0.623940 0.420115
vt 0.623940 0.436143
vt 0.617807 0.450951
vt 0.606473 0.462285
vt 0.591665 0.468419
vt 0.575637 0.468419
vt 0.702504 0.459508
vt 0.687696 0.465642
vt 0.671668 0.465642
vt 0.656861 0.459508
vt 0.645527 0.448175
vt 0.639394 0.433367
vt 0.639394 0.417339
vt 0.645527 0.402532
vt 0.656861 0.391198
vt 0.671668 0.385064
vt 0.687696 0.385064
vt 0.702504 0.391198
vt 0.713837 0.402532
vt 0.719971 0.417339
vt 0.093174 0.795164
vt 0.091141 0.790343
vt 0.097364 0.787059
vt 0.100107 0.791610
vt 0.103124 0.782831
vt 0.106576 0.787005
vt 0.108273 0.777666
vt 0.112414 0.781364
vt 0.112695 0.771562
vt 0.117481 0.774750
vt 0.116435 0.764362
vt 0.121788 0.767322
vt 0.023434 0.768440
vt 0.027872 0.765948
vt 0.031169 0.772180
vt 0.026974 0.774745
vt 0.035028 0.777647
vt 0.031140 0.780738
vt 0.039626 0.782513
vt 0.036179 0.786176
vt 0.044938 0.786687
vt 0.042038 0.790866
vt 0.050865 0.790062
vt 0.048596 0.794668
vt 0.057277 0.792546
vt 0.055706 0.797478
vt 0.064030 0.794067
vt 0.063215 0.799208
vt 0.070950 0.794571
vt 0.070950 0.799773
vt 0.077832 0.794096
vt 0.078496 0.799203
vt 0.087543 0.782316
vt 0.092587 0.779585
vt 0.084591 0.792686
vt 0.085929 0.797683
vt 0.065502 0.763830
vt 0.062900 0.763029
vt 0.070949 0.740009
vt 0.058161 0.760539
vt 0.056100 0.758915
vt 0.070950 0.764437
vt 0.068201 0.764304
vt 0.054282 0.757094
vt 0.052719 0.755119
vt 0.060440 0.761923
vt 0.087355 0.756616
vt 0.085634 0.758485
vt 0.083640 0.760171
vt 0.081407 0.761623
vt 0.073693 0.764224
vt 0.088784 0.754621
vt 0.049640 0.779617
vt 0.054517 0.782296
vt 0.076385 0.763675
vt 0.097191 0.776104
vt 0.101218 0.771898
vt 0.059773 0.784260
vt 0.104516 0.766993
vt 0.065292 0.785457
vt 0.106886 0.761393
vt 0.070950 0.785853
vt 0.035961 0.763160
vt 0.038293 0.767992
vt 0.076613 0.785461
vt 0.041439 0.772392
vt 0.082181 0.784279
vt 0.045250 0.776290
vt 0.078973 0.762801
vt 0.083110 0.772328
vt 0.086746 0.770388
vt 0.090030 0.767969
vt 0.092870 0.765127
vt 0.095168 0.761945
vt 0.096833 0.758538
vt 0.044904 0.759760
vt 0.046773 0.762920
vt 0.049192 0.765868
vt 0.052081 0.768510
vt 0.055369 0.770770
vt 0.058981 0.772586
vt 0.062840 0.773908
vt 0.066860 0.774701
vt 0.070950 0.774944
vt 0.075131 0.774626
vt 0.079211 0.773749
s 1
f 1/1/1 7/2/2 12/3/3 6/4/4
f 3/5/5 9/6/6 8/7/7 2/8/8
f 4/9/9 10/10/10 9/6/6 3/5/5
f 5/11/11 11/12/12 10/10/10 4/9/9
f 6/4/4 12/3/3 11/12/12 5/11/11
f 7/2/2 13/13/13 18/14/14 12/3/3
f 9/6/6 15/15/15 14/16/16 8/7/7
f 10/10/10 16/17/17 15/15/15 9/6/6
f 11/12/12 17/18/18 16/17/17 10/10/10
f 12/3/3 18/14/14 17/18/18 11/12/12
f 13/19/13 19/20/19 24/21/20 18/22/14
f 15/23/15 21/24/21 20/25/22 14/26/16
f 16/27/17 22/28/23 21/24/21 15/23/15
f 17/29/18 23/30/24 22/28/23 16/27/17
f 18/22/14 24/21/20 23/30/24 17/29/18
f 19/20/19 25/31/25 30/32/26 24/21/20
f 21/24/21 27/33/27 26/34/28 20/25/22
f 22/28/23 28/35/29 27/33/27 21/24/21
f 23/30/24 29/36/30 28/35/29 22/28/23
f 24/21/20 30/32/26 29/36/30 23/30/24
f 25/31/25 31/37/31 36/38/32 30/32/26
f 27/33/27 33/39/33 32/40/34 26/34/28
f 28/35/29 34/41/35 33/39/33 27/33/27
f 29/36/30 35/42/36 34/41/35 28/35/29
f 30/32/26 36/38/32 35/42/36 29/36/30
f 31/37/31 37/43/37 42/44/38 36/38/32
f 33/39/33 39/45/39 38/46/40 32/40/34
f 34/41/35 40/47/41 39/45/39 33/39/33
f 35/42/36 41/48/42 40/47/41 34/41/35
f 36/38/32 42/44/38 41/48/42 35/42/36
f 37/43/37 43/49/43 48/50/44 42/44/38
f 39/45/39 45/51/45 44/52/46 38/46/40
f 40/47/41 46/53/47 45/51/45 39/45/39
f 41/48/42 47/54/48 46/53/47 40/47/41
f 42/44/38 48/50/44 47/54/48 41/48/42
f 43/49/43 1/1/1 6/4/4 48/50/44
f 45/51/45 3/5/5 2/8/8 44/52/46
f 46/53/47 4/9/9 3/5/5 45/51/45
f 47/54/48 5/11/11 4/9/9 46/53/47
f 48/50/44 6/4/4 5/11/11 47/54/48
f 49/55/49 53/56/50 56/57/3 52/58/4
f 50/59/51 54/60/52 53/56/50 49/55/49
f 52/58/4 56/57/3 55/61/53 51/62/54
f 53/56/50 57/63/55 60/64/14 56/57/3
f 54/60/52 58/65/56 57/63/55 53/56/50
f 56/57/3 60/64/14 59/66/57 55/61/53
f 57/67/55 61/68/58 64/69/20 60/70/14
f 58/71/56 62/72/59 61/68/58 57/67/55
f 60/70/14 64/69/20 63/73/60 59/74/57
f 61/68/58 65/75/61 68/76/26 64/69/20
f 62/72/59 66/77/62 65/75/61 61/68/58
f 64/69/20 68/76/26 67/78/63 63/73/60
f 65/75/61 69/79/64 72/80/32 68/76/26
f 66/77/62 70/81/65 69/79/64 65/75/61
f 68/76/26 72/80/32 71/82/66 67/78/63
f 69/79/64 73/83/67 76/84/38 72/80/32
f 70/81/65 74/85/68 73/83/67 69/79/64
f 72/80/32 76/84/38 75/86/69 71/82/66
f 73/83/67 77/87/70 80/88/44 76/84/38
f 74/85/68 78/89/71 77/87/70 73/83/67
f 76/84/38 80/88/44 79/90/72 75/86/69
f 77/87/70 49/55/49 52/58/4 80/88/44
f 78/89/71 50/59/51 49/55/49 77/87/70
f 80/88/44 52/58/4 51/62/54 79/90/72
f 81/91/73 82/92/74 13/13/13 7/2/2
f 82/93/74 83/94/75 19/20/19 13/19/13
f 83/94/75 84/95/76 25/31/25 19/20/19
f 84/95/76 85/96/77 31/37/31 25/31/25
f 85/96/77 86/97/78 37/43/37 31/37/31
f 86/97/78 87/98/79 43/49/43 37/43/37
f 87/98/79 88/99/80 1/1/1 43/49/43
f 88/99/80 81/91/73 7/2/2 1/1/1
f 51/62/54 55/61/53 81/91/81 88/99/82
f 79/90/72 51/62/54 88/99/82 87/98/83
f 75/86/69 79/90/72 87/98/83 86/97/84
f 71/82/66 75/86/69 86/97/84 85/96/85
f 67/78/63 71/82/66 85/96/85 84/95/86
f 63/73/60 67/78/63 84/95/86 83/94/87
f 59/74/57 63/73/60 83/94/87 82/93/88
f 55/61/53 59/66/57 82/92/88 81/91/81
f 147/100/89 153/101/90 139/102/91 158/103/92
f 90/104/44 94/105/38 93/106/93 89/107/94
f 91/108/48 95/109/42 94/105/38 90/104/44
f 92/110/95 96/111/96 95/109/42 91/108/48
f 141/112/97 147/100/89 158/103/92 157/113/98
f 94/105/38 98/114/32 97/115/99 93/106/93
f 95/109/42 99/116/36 98/114/32 94/105/38
f 96/111/96 100/117/100 99/116/36 95/109/42
f 135/118/101 141/112/97 157/113/98 152/119/102
f 98/114/32 102/120/26 101/121/103 97/115/99
f 99/116/36 103/122/30 102/120/26 98/114/32
f 100/117/100 104/123/104 103/122/30 99/116/36
f 131/124/105 135/118/101 152/119/102 151/125/106
f 102/120/26 106/126/20 105/127/107 101/121/103
f 103/122/30 107/128/24 106/126/20 102/120/26
f 104/123/104 108/129/108 107/128/24 103/122/30
f 127/130/109 131/124/105 151/125/106 146/131/110
f 106/126/20 110/132/14 109/133/111 105/127/107
f 107/128/24 111/134/18 110/132/14 106/126/20
f 108/129/108 112/135/112 111/134/18 107/128/24
f 123/136/113 127/137/109 146/138/110 145/139/114
f 110/140/14 114/141/3 113/142/115 109/143/111
f 111/144/18 115/145/12 114/141/3 110/140/14
f 112/146/112 116/147/116 115/145/12 111/144/18
f 159/148/117 123/136/113 145/139/114 140/149/118
f 114/141/3 118/150/4 117/151/119 113/142/115
f 115/145/12 119/152/11 118/150/4 114/141/3
f 116/147/116 120/153/120 119/152/11 115/145/12
f 153/101/90 159/148/117 140/149/118 139/102/91
f 118/150/4 90/104/44 89/107/94 117/151/119
f 119/152/11 91/108/48 90/104/44 118/150/4
f 120/153/120 92/110/95 91/108/48 119/152/11
f 121/154/121 125/155/122 128/156/14 124/157/3
f 122/158/123 126/159/124 125/155/122 121/154/121
f 158/103/125 139/102/126 89/107/94 93/106/93
f 124/157/3 128/156/14 127/137/109 123/136/113
f 125/160/122 129/161/127 132/162/20 128/163/14
f 126/164/124 130/165/128 129/161/127 125/160/122
f 157/113/129 158/103/125 93/106/93 97/115/99
f 128/163/14 132/162/20 131/124/105 127/130/109
f 129/161/127 133/166/130 136/167/26 132/162/20
f 130/165/128 134/168/131 133/166/130 129/161/127
f 152/119/132 157/113/129 97/115/99 101/121/103
f 132/162/20 136/167/26 135/118/101 131/124/105
f 133/166/130 137/169/133 142/170/32 136/167/26
f 134/168/131 138/171/134 137/169/133 133/166/130
f 151/125/135 152/119/132 101/121/103 105/127/107
f 136/167/26 142/170/32 141/112/97 135/118/101
f 137/169/133 143/172/136 148/173/38 142/170/32
f 138/171/134 144/174/137 143/172/136 137/169/133
f 146/131/138 151/125/135 105/127/107 109/133/111
f 142/170/32 148/173/38 147/100/89 141/112/97
f 143/172/136 149/175/139 154/176/44 148/173/38
f 144/174/137 150/177/140 149/175/139 143/172/136
f 145/139/141 146/138/138 109/143/111 113/142/115
f 148/173/38 154/176/44 153/101/90 147/100/89
f 149/175/139 155/178/142 160/179/4 154/176/44
f 150/177/140 156/180/143 155/178/142 149/175/139
f 140/149/144 145/139/141 113/142/115 117/151/119
f 154/176/44 160/179/4 159/148/117 153/101/90
f 155/178/142 121/154/121 124/157/3 160/179/4
f 156/180/143 122/158/123 121/154/121 155/178/142
f 139/102/126 140/149/144 117/151/119 89/107/94
f 160/179/4 124/157/3 123/136/113 159/148/117
f 221/181/145 226/182/146 195/183/147 230/184/148
f 162/185/38 166/186/32 165/187/149 161/188/150
f 163/189/42 167/190/36 166/186/32 162/185/38
f 164/191/96 168/192/100 167/190/36 163/189/42
f 216/193/151 221/181/145 230/184/148 225/194/152
f 166/186/32 170/195/26 169/196/153 165/187/149
f 167/190/36 171/197/30 170/195/26 166/186/32
f 168/192/100 172/198/154 171/197/30 167/190/36
f 211/199/155 216/193/151 225/194/152 220/200/156
f 170/195/26 174/201/20 173/202/157 169/196/153
f 171/197/30 175/203/24 174/201/20 170/195/26
f 172/198/154 176/204/108 175/203/24 171/197/30
f 206/205/158 211/199/155 220/200/156 215/206/159
f 174/201/20 178/207/14 177/208/160 173/202/157
f 175/203/24 179/209/18 178/207/14 174/201/20
f 176/204/108 180/210/112 179/209/18 175/203/24
f 201/211/161 206/212/158 215/213/159 210/214/162
f 178/215/14 182/216/3 181/217/163 177/218/160
f 179/219/18 183/220/12 182/216/3 178/215/14
f 180/221/112 184/222/116 183/220/12 179/219/18
f 196/223/164 201/211/161 210/214/162 205/224/165
f 182/216/3 186/225/4 185/226/166 181/217/163
f 183/220/12 187/227/11 186/225/4 182/216/3
f 184/222/116 188/228/120 187/227/11 183/220/12
f 231/229/167 196/223/164 205/224/165 200/230/168
f 186/225/4 190/231/44 189/232/169 185/226/166
f 187/227/11 191/233/48 190/231/44 186/225/4
f 188/228/120 192/234/170 191/233/48 187/227/11
f 226/182/146 231/229/167 200/230/168 195/183/147
f 190/231/44 162/185/38 161/188/150 189/232/169
f 191/233/48 163/189/42 162/185/38 190/231/44
f 192/234/170 164/191/96 163/189/42 191/233/48
f 193/235/142 198/236/121 202/237/3 197/238/4
f 194/239/171 199/240/123 198/236/121 193/235/142
f 230/184/172 195/183/173 161/188/150 165/187/149
f 197/238/4 202/237/3 201/211/161 196/223/164
f 198/236/121 203/241/122 207/242/14 202/237/3
f 199/240/123 204/243/124 203/241/122 198/236/121
f 225/194/174 230/184/172 165/187/149 169/196/153
f 202/237/3 207/242/14 206/212/158 201/211/161
f 203/244/122 208/245/127 212/246/20 207/247/14
f 204/248/124 209/249/128 208/245/127 203/244/122
f 220/200/175 225/194/174 169/196/153 173/202/157
f 207/247/14 212/246/20 211/199/155 206/205/158
f 208/245/127 213/250/130 217/251/26 212/246/20
f 209/249/128 214/252/176 213/250/130 208/245/127
f 215/206/177 220/200/175 173/202/157 177/208/160
f 212/246/20 217/251/26 216/193/151 211/199/155
f 213/250/130 218/253/133 222/254/32 217/251/26
f 214/252/176 219/255/134 218/253/133 213/250/130
f 210/214/178 215/213/177 177/218/160 181/217/163
f 217/251/26 222/254/32 221/181/145 216/193/151
f 218/253/133 223/256/136 227/257/38 222/254/32
f 219/255/134 224/258/137 223/256/136 218/253/133
f 205/224/179 210/214/178 181/217/163 185/226/166
f 222/254/32 227/257/38 226/182/146 221/181/145
f 223/256/136 228/259/139 232/260/44 227/257/38
f 224/258/137 229/261/140 228/259/139 223/256/136
f 200/230/180 205/224/179 185/226/166 189/232/169
f 227/257/38 232/260/44 231/229/167 226/182/146
f 228/259/139 193/235/142 197/238/4 232/260/44
f 229/261/140 194/239/171 193/235/142 228/259/139
f 195/183/173 200/230/180 189/232/169 161/188/150
f 232/260/44 197/238/4 196/223/164 231/229/167
f 303/262/181 268/263/182 267/264/183 302/265/184
f 234/266/44 238/267/38 237/268/185 233/269/186
f 235/270/48 239/271/42 238/267/38 234/266/44
f 236/272/170 240/273/96 239/271/42 235/270/48
f 298/274/187 303/262/181 302/265/184 297/275/188
f 238/267/38 242/276/32 241/277/189 237/268/185
f 239/271/42 243/278/36 242/276/32 238/267/38
f 240/273/96 244/279/100 243/278/36 239/271/42
f 293/280/190 298/274/187 297/275/188 292/281/191
f 242/276/32 246/282/26 245/283/192 241/277/189
f 243/278/36 247/284/30 246/282/26 242/276/32
f 244/279/100 248/285/154 247/284/30 243/278/36
f 288/286/193 293/280/190 292/281/191 287/287/194
f 246/282/26 250/288/20 249/289/195 245/283/192
f 247/284/30 251/290/24 250/288/20 246/282/26
f 248/285/154 252/291/108 251/290/24 247/284/30
f 283/292/196 288/286/193 287/287/194 282/293/197
f 250/288/20 254/294/14 253/295/198 249/289/195
f 251/290/24 255/296/18 254/294/14 250/288/20
f 252/291/108 256/297/112 255/296/18 251/290/24
f 278/298/199 283/299/196 282/300/197 277/301/200
f 254/302/14 258/303/3 257/304/201 253/305/198
f 255/306/18 259/307/12 258/303/3 254/302/14
f 256/308/112 260/309/116 259/307/12 255/306/18
f 273/310/202 278/298/199 277/301/200 272/311/203
f 258/303/3 262/312/4 261/313/204 257/304/201
f 259/307/12 263/314/11 262/312/4 258/303/3
f 260/309/116 264/315/120 263/314/11 259/307/12
f 268/263/182 273/310/202 272/311/203 267/264/183
f 262/312/4 234/266/44 233/269/186 261/313/204
f 263/314/11 235/270/48 234/266/44 262/312/4
f 264/315/120 236/272/170 235/270/48 263/314/11
f 265/316/139 270/317/142 274/318/4 269/319/44
f 266/320/140 271/321/171 270/317/142 265/316/139
f 302/265/205 267/264/206 233/269/186 237/268/185
f 269/319/44 274/318/4 273/310/202 268/263/182
f 270/317/142 275/322/121 279/323/3 274/318/4
f 271/321/171 276/324/123 275/322/121 270/317/142
f 297/275/207 302/265/205 237/268/185 241/277/189
f 274/318/4 279/323/3 278/298/199 273/310/202
f 275/322/121 280/325/122 284/326/14 279/323/3
f 276/324/123 281/327/124 280/325/122 275/322/121
f 292/281/208 297/275/207 241/277/189 245/283/192
f 279/323/3 284/326/14 283/299/196 278/298/199
f 280/328/122 285/329/127 289/330/20 284/331/14
f 281/332/124 286/333/128 285/329/127 280/328/122
f 287/287/209 292/281/208 245/283/192 249/289/195
f 284/331/14 289/330/20 288/286/193 283/292/196
f 285/329/127 290/334/130 294/335/26 289/330/20
f 286/333/128 291/336/176 290/334/130 285/329/127
f 282/293/210 287/287/209 249/289/195 253/295/198
f 289/330/20 294/335/26 293/280/190 288/286/193
f 290/334/130 295/337/133 299/338/32 294/335/26
f 291/336/176 296/339/134 295/337/133 290/334/130
f 277/301/211 282/300/210 253/305/198 257/304/201
f 294/335/26 299/338/32 298/274/187 293/280/190
f 295/337/133 300/340/136 304/341/38 299/338/32
f 296/339/134 301/342/137 300/340/136 295/337/133
f 272/311/212 277/301/211 257/304/201 261/313/204
f 299/338/32 304/341/38 303/262/181 298/274/187
f 300/340/136 265/316/139 269/319/44 304/341/38
f 301/342/137 266/320/140 265/316/139 300/340/136
f 267/264/206 272/311/212 261/313/204 233/269/186
f 304/341/38 269/319/44 268/263/182 303/262/181
f 305/343/127 309/344/130 312/345/26 308/346/20
f 306/347/128 310/348/176 309/344/130 305/343/127
f 308/346/20 312/345/26 311/349/213 307/350/214
f 309/344/130 313/351/133 316/352/32 312/345/26
f 310/348/176 314/353/134 313/351/133 309/344/130
f 312/345/26 316/352/32 315/354/215 311/349/213
f 313/351/133 317/355/136 320/356/38 316/352/32
f 314/353/134 318/357/137 317/355/136 313/351/133
f 316/352/32 320/356/38 319/358/216 315/354/215
f 317/355/136 321/359/139 324/360/44 320/356/38
f 318/357/137 322/361/140 321/359/139 317/355/136
f 320/356/38 324/360/44 323/362/217 319/358/216
f 321/359/139 325/363/142 328/364/4 324/360/44
f 322/361/140 326/365/171 325/363/142 321/359/139
f 324/360/44 328/364/4 327/366/218 323/362/217
f 325/363/142 329/367/121 332/368/3 328/364/4
f 326/365/171 330/369/123 329/367/121 325/363/142
f 328/364/4 332/368/3 331/370/219 327/366/218
f 329/367/121 333/371/122 336/372/14 332/368/3
f 330/369/123 334/373/124 333/371/122 329/367/121
f 332/368/3 336/372/14 335/374/220 331/370/219
f 333/375/122 305/343/127 308/346/20 336/376/14
f 334/377/124 306/347/128 305/343/127 333/375/122
f 336/376/14 308/346/20 307/350/214 335/378/220
f 369/379/221 376/380/222 307/350/214 311/349/213
f 338/381/26 342/382/20 341/383/223 337/384/224
f 339/385/30 343/386/24 342/382/20 338/381/26
f 340/387/154 344/388/108 343/386/24 339/385/30
f 370/389/225 369/379/221 311/349/213 315/354/215
f 342/382/20 346/390/14 345/391/226 341/383/223
f 343/386/24 347/392/18 346/390/14 342/382/20
f 344/388/108 348/393/112 347/392/18 343/386/24
f 371/394/227 370/389/225 315/354/215 319/358/216
f 346/395/14 350/396/3 349/397/228 345/398/226
f 347/399/18 351/400/12 350/396/3 346/395/14
f 348/401/112 352/402/116 351/400/12 347/399/18
f 372/403/229 371/394/227 319/358/216 323/362/217
f 350/396/3 354/404/4 353/405/230 349/397/228
f 351/400/12 355/406/11 354/404/4 350/396/3
f 352/402/116 356/407/120 355/406/11 351/400/12
f 373/408/231 372/403/229 323/362/217 327/366/218
f 354/404/4 358/409/44 357/410/232 353/405/230
f 355/406/11 359/411/48 358/409/44 354/404/4
f 356/407/120 360/412/170 359/411/48 355/406/11
f 374/413/233 373/408/231 327/366/218 331/370/219
f 358/409/44 362/414/38 361/415/234 357/410/232
f 359/411/48 363/416/42 362/414/38 358/409/44
f 360/412/170 364/417/96 363/416/42 359/411/48
f 375/418/235 374/413/233 331/370/219 335/374/220
f 362/414/38 366/419/32 365/420/236 361/415/234
f 363/416/42 367/421/36 366/419/32 362/414/38
f 364/417/96 368/422/100 367/421/36 363/416/42
f 376/380/222 375/423/235 335/378/220 307/350/214
f 366/419/32 338/381/26 337/384/224 365/420/236
f 367/421/36 339/385/30 338/381/26 366/419/32
f 368/422/100 340/387/154 339/385/30 367/421/36
f 341/383/223 345/391/226 375/423/237 376/380/238
f 345/398/226 349/397/228 374/413/239 375/418/237
f 349/397/228 353/405/230 373/408/240 374/413/239
f 353/405/230 357/410/232 372/403/241 373/408/240
f 357/410/232 361/415/234 371/394/242 372/403/241
f 361/415/234 365/420/236 370/389/243 371/394/242
f 365/420/236 337/384/224 369/379/244 370/389/243
f 337/384/224 341/383/223 376/380/238 369/379/244
f 407/424/245 705/425/245 760/426/245 406/427/245
f 379/428/246 378/429/246 382/430/247 385/431/247
f 414/432/248 420/433/248 421/434/249 377/435/249
f 390/436/250 386/437/250 378/429/251 379/428/251
f 385/431/247 382/430/247 381/438/252 384/439/252
f 393/440/253 389/441/253 388/442/254 392/443/254
f 383/444/255 380/445/255 420/433/248 414/432/248
f 401/446/256 400/447/256 389/441/257 393/440/257
f 392/443/254 388/442/254 387/448/258 391/449/258
f 399/450/259 396/451/259 404/452/260 405/453/260
f 398/454/261 395/455/261 402/456/262 403/457/262
f 397/458/263 394/459/263 400/447/256 401/446/256
f 405/453/260 404/452/260 395/455/261 398/454/261
f 407/424/264 406/427/264 396/451/264 399/450/264
f 391/449/258 387/448/258 386/437/250 390/436/250
f 379/460/265 385/461/266 749/462/267 408/463/268
f 384/464/269 383/465/270 747/466/271 748/467/272
f 385/461/266 384/464/269 748/467/272 749/462/267
f 383/465/270 414/468/273 377/469/273 747/466/271
f 405/470/274 398/471/275 752/472/276 413/473/277
f 403/474/278 397/475/279 411/476/280 754/477/281
f 397/475/279 401/478/282 412/479/283 411/476/280
f 391/480/284 390/481/285 750/482/286 751/483/287
f 401/478/282 393/484/288 410/485/289 412/479/283
f 398/471/275 403/474/278 754/477/281 752/472/276
f 392/486/290 391/480/284 751/483/287 409/487/291
f 399/488/292 405/470/274 413/473/277 753/489/293
f 393/484/288 392/486/290 409/487/291 410/485/289
f 390/481/285 379/460/265 408/463/268 750/482/286
f 407/490/294 399/488/292 753/489/293 705/491/294
f 384/439/252 381/438/252 380/445/255 383/444/255
f 378/492/295 452/493/296 415/494/297 382/495/298
f 447/496/299 446/497/299 438/498/300 441/499/300
f 381/500/301 454/501/302 453/502/303 380/503/304
f 382/495/298 415/494/297 454/501/302 381/500/301
f 380/503/304 453/502/303 421/504/305 420/505/305
f 404/506/306 460/507/307 418/508/308 395/509/309
f 402/510/310 459/511/311 457/512/312 394/513/313
f 394/513/313 457/512/312 458/514/314 400/515/315
f 387/516/316 456/517/317 455/518/318 386/519/319
f 400/515/315 458/514/314 417/520/320 389/521/321
f 395/509/309 418/508/308 459/511/311 402/510/310
f 388/522/322 416/523/323 456/517/317 387/516/316
f 396/524/324 419/525/325 460/507/307 404/506/306
f 389/521/321 417/520/320 416/523/323 388/522/322
f 386/519/319 455/518/318 452/493/296 378/492/295
f 406/526/326 760/527/326 419/525/325 396/524/324
f 760/528/245 758/529/245 450/530/245 451/531/245
f 423/532/327 422/533/327 426/534/328 429/535/328
f 461/536/329 469/537/329 472/538/330 421/539/330
f 434/540/331 430/541/331 422/533/332 423/532/332
f 429/535/328 426/534/328 425/542/333 428/543/333
f 437/544/334 433/545/334 432/546/335 436/547/335
f 427/548/336 424/549/336 469/537/329 461/536/329
f 445/550/337 444/551/337 433/545/338 437/544/338
f 436/547/335 432/546/335 431/552/339 435/553/339
f 443/554/340 440/555/340 448/556/341 449/557/341
f 442/558/342 439/559/342 446/497/299 447/496/299
f 441/499/343 438/498/343 444/551/337 445/550/337
f 449/557/341 448/556/341 439/559/342 442/558/342
f 451/531/344 450/530/344 440/555/344 443/554/344
f 435/553/339 431/552/339 430/541/331 434/540/331
f 498/560/345 497/561/345 489/562/346 492/563/346
f 423/564/347 429/565/348 415/566/349 452/567/350
f 428/568/351 427/569/352 453/570/353 454/571/354
f 429/565/348 428/568/351 454/571/354 415/566/349
f 427/569/352 461/572/355 421/573/355 453/570/353
f 449/574/356 442/575/357 418/576/358 460/577/359
f 447/578/360 441/579/361 457/580/362 459/581/363
f 441/579/361 445/582/364 458/583/365 457/580/362
f 435/584/366 434/585/367 455/586/368 456/587/369
f 445/582/364 437/588/370 417/589/371 458/583/365
f 442/575/357 447/578/360 459/581/363 418/576/358
f 436/590/372 435/584/366 456/587/369 416/591/373
f 443/592/374 449/574/356 460/577/359 419/593/375
f 437/588/370 436/590/372 416/591/373 417/589/371
f 434/585/367 423/564/347 452/567/350 455/586/368
f 451/594/376 443/592/374 419/593/375 760/595/376
f 428/543/333 425/542/333 424/549/336 427/548/336
f 422/596/377 503/597/378 505/598/379 426/599/380
f 425/600/381 504/601/382 462/602/383 424/603/384
f 426/599/380 505/598/379 504/601/382 425/600/381
f 424/603/384 462/602/383 472/604/385 469/605/385
f 448/606/386 509/607/387 465/608/388 439/609/389
f 446/610/390 468/611/391 464/612/392 438/613/393
f 438/613/393 464/612/392 467/614/394 444/615/395
f 431/616/396 507/617/397 506/618/398 430/619/399
f 444/615/395 467/614/394 463/620/400 433/621/401
f 439/609/389 465/608/388 468/611/391 446/610/390
f 432/622/402 508/623/403 507/617/397 431/616/396
f 440/624/404 466/625/405 509/607/387 448/606/386
f 433/621/401 463/620/400 508/623/403 432/622/402
f 430/619/399 506/618/398 503/597/378 422/596/377
f 450/626/406 758/627/406 466/625/405 440/624/404
f 758/628/245 470/629/245 501/630/245 502/631/245
f 474/632/407 473/633/407 477/634/408 480/635/408
f 511/636/409 522/637/409 471/638/410 472/639/410
f 485/640/411 481/641/411 473/633/412 474/632/412
f 480/635/408 477/634/408 476/642/413 479/643/413
f 488/644/414 484/645/414 483/646/415 487/647/415
f 478/648/416 475/649/416 522/637/409 511/636/409
f 496/650/417 495/651/417 484/645/418 488/644/418
f 487/647/415 483/646/415 482/652/419 486/653/419
f 494/654/420 491/655/420 499/656/421 500/657/421
f 493/658/422 490/659/422 497/561/345 498/560/345
f 492/563/423 489/562/423 495/651/417 496/650/417
f 500/657/421 499/656/421 490/659/422 493/658/422
f 502/631/424 501/630/424 491/655/424 494/654/424
f 486/653/419 482/652/419 481/641/411 485/640/411
f 549/660/425 548/661/425 540/662/426 543/663/426
f 474/664/427 480/665/428 505/666/429 503/667/430
f 479/668/431 478/669/432 462/670/433 504/671/434
f 480/665/428 479/668/431 504/671/434 505/666/429
f 478/669/432 511/672/435 472/673/435 462/670/433
f 500/674/436 493/675/437 465/676/438 509/677/439
f 498/678/440 492/679/441 464/680/442 468/681/443
f 492/679/441 496/682/444 467/683/445 464/680/442
f 486/684/446 485/685/447 506/686/448 507/687/449
f 496/682/444 488/688/450 463/689/451 467/683/445
f 493/675/437 498/678/440 468/681/443 465/676/438
f 487/690/452 486/684/446 507/687/449 508/691/453
f 494/692/454 500/674/436 509/677/439 466/693/455
f 488/688/450 487/690/452 508/691/453 463/689/451
f 485/685/447 474/664/427 503/667/430 506/686/448
f 502/694/456 494/692/454 466/693/455 758/695/456
f 479/643/413 476/642/413 475/649/416 478/648/416
f 473/696/457 510/697/458 513/698/459 477/699/460
f 476/700/461 512/701/462 554/702/463 475/703/464
f 477/699/460 513/698/459 512/701/462 476/700/461
f 475/703/464 554/702/463 471/704/465 522/705/465
f 499/706/466 556/707/467 518/708/468 490/709/469
f 497/710/470 521/711/471 517/712/472 489/713/473
f 489/713/473 517/712/472 520/714/474 495/715/475
f 482/716/476 515/717/477 514/718/478 481/719/479
f 495/715/475 520/714/474 516/720/480 484/721/481
f 490/709/469 518/708/468 521/711/471 497/710/470
f 483/722/482 555/723/483 515/717/477 482/716/476
f 491/724/484 519/725/485 556/707/467 499/706/466
f 484/721/481 516/720/480 555/723/483 483/722/482
f 481/719/479 514/718/478 510/697/458 473/696/457
f 501/726/486 470/727/486 519/725/485 491/724/484
f 525/728/487 524/729/487 528/730/488 531/731/488
f 523/732/489 471/733/489 557/734/490 568/735/490
f 536/736/491 532/737/491 524/729/492 525/728/492
f 531/731/488 528/730/488 527/738/493 530/739/493
f 539/740/494 535/741/494 534/742/495 538/743/495
f 529/744/496 526/745/496 568/735/490 557/734/490
f 547/746/497 546/747/497 535/741/498 539/740/498
f 538/743/495 534/742/495 533/748/499 537/749/499
f 545/750/500 542/751/500 550/752/501 551/753/501
f 544/754/502 541/755/502 548/661/425 549/660/425
f 543/663/503 540/662/503 546/747/497 547/746/497
f 551/753/501 550/752/501 541/755/502 544/754/502
f 553/756/504 552/757/504 542/751/504 545/750/504
f 537/749/499 533/748/499 532/737/491 536/736/491
f 595/758/505 594/759/505 586/760/506 589/761/506
f 525/762/507 531/763/508 513/764/509 510/765/510
f 530/766/511 529/767/512 554/768/513 512/769/514
f 531/763/508 530/766/511 512/769/514 513/764/509
f 529/767/512 557/770/515 471/771/515 554/768/513
f 551/772/516 544/773/517 518/774/518 556/775/519
f 549/776/520 543/777/521 517/778/522 521/779/523
f 543/777/521 547/780/524 520/781/525 517/778/522
f 537/782/526 536/783/527 514/784/528 515/785/529
f 547/780/524 539/786/530 516/787/531 520/781/525
f 544/773/517 549/776/520 521/779/523 518/774/518
f 538/788/532 537/782/526 515/785/529 555/789/533
f 545/790/534 551/772/516 556/775/519 519/791/535
f 539/786/530 538/788/532 555/789/533 516/787/531
f 536/783/527 525/762/507 510/765/510 514/784/528
f 553/792/536 545/790/534 519/791/535 470/793/536
f 530/739/493 527/738/493 526/745/496 529/744/496
f 524/794/537 600/795/538 559/796/539 528/797/540
f 470/798/245 768/799/245 552/757/245 553/756/245
f 527/800/541 558/801/542 601/802/543 526/803/544
f 528/797/540 559/796/539 558/801/542 527/800/541
f 526/803/544 601/802/543 523/804/545 568/805/545
f 550/806/546 567/807/547 563/808/548 541/809/549
f 548/810/550 566/811/551 562/812/552 540/813/553
f 540/813/553 562/812/552 565/814/554 546/815/555
f 533/816/556 560/817/557 602/818/558 532/819/559
f 546/815/555 565/814/554 561/820/560 535/821/561
f 541/809/549 563/808/548 566/811/551 548/810/550
f 534/822/562 603/823/563 560/817/557 533/816/556
f 542/824/564 564/825/565 567/807/547 550/806/546
f 535/821/561 561/820/560 603/823/563 534/822/562
f 532/819/559 602/818/558 600/795/538 524/794/537
f 552/826/566 768/827/566 564/825/565 542/824/564
f 571/828/567 570/829/567 574/830/568 577/831/568
f 569/832/569 523/833/569 604/834/570 608/835/570
f 582/836/571 578/837/571 570/829/572 571/828/572
f 577/831/568 574/830/568 573/838/573 576/839/573
f 585/840/574 581/841/574 580/842/575 584/843/575
f 575/844/576 572/845/576 608/835/570 604/834/570
f 593/846/577 592/847/577 581/841/578 585/840/578
f 584/843/575 580/842/575 579/848/579 583/849/579
f 591/850/580 588/851/580 596/852/581 597/853/581
f 590/854/582 587/855/582 594/759/505 595/758/505
f 589/761/583 586/760/583 592/847/577 593/846/577
f 597/853/581 596/852/581 587/855/582 590/854/582
f 599/856/584 598/857/584 588/851/584 591/850/584
f 583/849/579 579/848/579 578/837/571 582/836/571
f 635/858/585 634/859/585 626/860/586 629/861/586
f 571/862/587 577/863/588 559/864/589 600/865/590
f 576/866/591 575/867/592 601/868/593 558/869/594
f 577/863/588 576/866/591 558/869/594 559/864/589
f 575/867/592 604/870/595 523/871/595 601/868/593
f 597/872/596 590/873/597 563/874/598 567/875/599
f 595/876/600 589/877/601 562/878/602 566/879/603
f 589/877/601 593/880/604 565/881/605 562/878/602
f 583/882/606 582/883/607 602/884/608 560/885/609
f 593/880/604 585/886/610 561/887/611 565/881/605
f 590/873/597 595/876/600 566/879/603 563/874/598
f 584/888/612 583/882/606 560/885/609 603/889/613
f 591/890/614 597/872/596 567/875/599 564/891/615
f 585/886/610 584/888/612 603/889/613 561/887/611
f 582/883/607 571/862/587 600/865/590 602/884/608
f 599/892/616 591/890/614 564/891/615 768/893/616
f 576/839/573 573/838/573 572/845/576 575/844/576
f 570/894/617 640/895/618 641/896/619 574/897/620
f 768/898/245 766/899/245 598/857/245 599/856/245
f 573/900/621 606/901/622 605/902/623 572/903/624
f 574/897/620 641/896/619 606/901/622 573/900/621
f 572/903/624 605/902/623 569/904/625 608/905/625
f 596/906/626 650/907/627 647/908/628 587/909/629
f 594/910/630 607/911/631 646/912/632 586/913/633
f 586/913/633 646/912/632 649/914/634 592/915/635
f 579/916/636 643/917/637 642/918/638 578/919/639
f 592/915/635 649/914/634 645/920/640 581/921/641
f 587/909/629 647/908/628 607/911/631 594/910/630
f 580/922/642 644/923/643 643/917/637 579/916/636
f 588/924/644 648/925/645 650/907/627 596/906/626
f 581/921/641 645/920/640 644/923/643 580/922/642
f 578/919/639 642/918/638 640/895/618 570/894/617
f 598/926/646 766/927/646 648/925/645 588/924/644
f 611/928/647 610/929/647 614/930/648 617/931/648
f 609/932/649 569/933/649 652/934/650 655/935/650
f 622/936/651 618/937/651 610/929/652 611/928/652
f 617/931/648 614/930/648 613/938/653 616/939/653
f 625/940/654 621/941/654 620/942/655 624/943/655
f 615/944/656 612/945/656 655/935/650 652/934/650
f 633/946/657 632/947/657 621/941/658 625/940/658
f 624/943/655 620/942/655 619/948/659 623/949/659
f 631/950/660 628/951/660 636/952/661 637/953/661
f 630/954/662 627/955/662 634/859/585 635/858/585
f 629/861/663 626/860/663 632/947/657 633/946/657
f 637/953/661 636/952/661 627/955/662 630/954/662
f 639/956/664 638/957/664 628/951/664 631/950/664
f 623/949/659 619/948/659 618/937/651 622/936/651
f 683/958/665 682/959/665 674/960/666 677/961/666
f 611/962/667 617/963/668 641/964/669 640/965/670
f 616/966/671 615/967/672 605/968/673 606/969/674
f 617/963/668 616/966/671 606/969/674 641/964/669
f 615/967/672 652/970/675 569/971/675 605/968/673
f 637/972/676 630/973/677 647/974/678 650/975/679
f 635/976/680 629/977/681 646/978/682 607/979/683
f 629/977/681 633/980/684 649/981/685 646/978/682
f 623/982/686 622/983/687 642/984/688 643/985/689
f 633/980/684 625/986/690 645/987/691 649/981/685
f 630/973/677 635/976/680 607/979/683 647/974/678
f 624/988/692 623/982/686 643/985/689 644/989/693
f 631/990/694 637/972/676 650/975/679 648/991/695
f 625/986/690 624/988/692 644/989/693 645/987/691
f 622/983/687 611/962/667 640/965/670 642/984/688
f 639/992/696 631/990/694 648/991/695 766/993/696
f 616/939/653 613/938/653 612/945/656 615/944/656
f 610/994/697 651/995/698 653/996/699 614/997/700
f 766/998/245 764/999/245 638/957/245 639/956/245
f 613/1000/701 689/1001/702 688/1002/703 612/1003/704
f 614/997/700 653/996/699 689/1001/702 613/1000/701
f 612/1003/704 688/1002/703 609/1004/705 655/1005/705
f 636/1006/706 698/1007/707 694/1008/708 627/1009/709
f 634/1010/710 697/1011/711 693/1012/712 626/1013/713
f 626/1013/713 693/1012/712 696/1014/714 632/1015/715
f 619/1016/716 691/1017/717 690/1018/718 618/1019/719
f 632/1015/715 696/1014/714 692/1020/720 621/1021/721
f 627/1009/709 694/1008/708 697/1011/711 634/1010/710
f 620/1022/722 654/1023/723 691/1017/717 619/1016/716
f 628/1024/724 695/1025/725 698/1007/707 636/1006/706
f 621/1021/721 692/1020/720 654/1023/723 620/1022/722
f 618/1019/719 690/1018/718 651/995/698 610/994/697
f 638/1026/726 764/1027/726 695/1025/725 628/1024/724
f 659/1028/727 658/1029/727 662/1030/728 665/1031/728
f 657/1032/729 609/1033/729 700/1034/730 704/1035/730
f 670/1036/731 666/1037/731 658/1029/732 659/1028/732
f 665/1031/728 662/1030/728 661/1038/733 664/1039/733
f 673/1040/734 669/1041/734 668/1042/735 672/1043/735
f 663/1044/736 660/1045/736 704/1035/730 700/1034/730
f 681/1046/737 680/1047/737 669/1041/738 673/1040/738
f 672/1043/735 668/1042/735 667/1048/739 671/1049/739
f 679/1050/740 676/1051/740 684/1052/741 685/1053/741
f 678/1054/742 675/1055/742 682/959/665 683/958/665
f 677/961/743 674/960/743 680/1047/737 681/1046/737
f 685/1053/741 684/1052/741 675/1055/742 678/1054/742
f 687/1056/744 686/1057/744 676/1051/744 679/1050/744
f 671/1049/739 667/1048/739 666/1037/731 670/1036/731
f 659/1058/745 665/1059/746 653/1060/747 651/1061/748
f 664/1062/749 663/1063/750 688/1064/751 689/1065/752
f 665/1059/746 664/1062/749 689/1065/752 653/1060/747
f 663/1063/750 700/1066/753 609/1067/753 688/1064/751
f 685/1068/754 678/1069/755 694/1070/756 698/1071/757
f 683/1072/758 677/1073/759 693/1074/760 697/1075/761
f 677/1073/759 681/1076/762 696/1077/763 693/1074/760
f 671/1078/764 670/1079/765 690/1080/766 691/1081/767
f 681/1076/762 673/1082/768 692/1083/769 696/1077/763
f 678/1069/755 683/1072/758 697/1075/761 694/1070/756
f 672/1084/770 671/1078/764 691/1081/767 654/1085/771
f 679/1086/772 685/1068/754 698/1071/757 695/1087/773
f 673/1082/768 672/1084/770 654/1085/771 692/1083/769
f 670/1079/765 659/1058/745 651/1061/748 690/1080/766
f 687/1088/774 679/1086/772 695/1087/773 764/1089/774
f 664/1039/733 661/1038/733 660/1045/736 663/1044/736
f 658/1090/775 699/1091/776 736/1092/777 662/1093/778
f 687/1056/245 764/1094/245 656/1095/245 686/1057/245
f 731/1096/779 730/1097/779 722/1098/780 725/1099/780
f 661/1100/781 702/1101/782 701/1102/783 660/1103/784
f 662/1093/778 736/1092/777 702/1101/782 661/1100/781
f 660/1103/784 701/1102/783 657/1104/785 704/1105/785
f 684/1106/786 745/1107/787 741/1108/788 675/1109/789
f 682/1110/790 744/1111/791 740/1112/792 674/1113/793
f 674/1113/793 740/1112/792 743/1114/794 680/1115/795
f 667/1116/796 737/1117/797 703/1118/798 666/1119/799
f 680/1115/795 743/1114/794 739/1120/800 669/1121/801
f 675/1109/789 741/1108/788 744/1111/791 682/1110/790
f 668/1122/802 738/1123/803 737/1117/797 667/1116/796
f 676/1124/804 742/1125/805 745/1107/787 684/1106/786
f 669/1121/801 739/1120/800 738/1123/803 668/1122/802
f 666/1119/799 703/1118/798 699/1091/776 658/1090/775
f 686/1126/806 656/1127/806 742/1125/805 676/1124/804
f 735/1128/245 656/1129/245 705/1130/245 734/1131/245
f 707/1132/807 706/1133/807 710/1134/808 713/1135/808
f 746/1136/809 755/1137/809 377/1138/810 657/1139/810
f 718/1140/811 714/1141/811 706/1133/812 707/1132/812
f 713/1135/808 710/1134/808 709/1142/813 712/1143/813
f 721/1144/814 717/1145/814 716/1146/815 720/1147/815
f 711/1148/816 708/1149/816 755/1137/809 746/1136/809
f 729/1150/817 728/1151/817 717/1145/818 721/1144/818
f 720/1147/815 716/1146/815 715/1152/819 719/1153/819
f 727/1154/820 724/1155/820 732/1156/821 733/1157/821
f 726/1158/822 723/1159/822 730/1097/779 731/1096/779
f 725/1099/823 722/1098/823 728/1151/817 729/1150/817
f 733/1157/821 732/1156/821 723/1159/822 726/1158/822
f 735/1128/824 734/1131/824 724/1155/824 727/1154/824
f 719/1153/819 715/1152/819 714/1141/811 718/1140/811
f 707/1160/825 713/1161/826 736/1162/827 699/1163/828
f 712/1164/829 711/1165/830 701/1166/831 702/1167/832
f 713/1161/826 712/1164/829 702/1167/832 736/1162/827
f 711/1165/830 746/1168/833 657/1169/833 701/1166/831
f 733/1170/834 726/1171/835 741/1172/836 745/1173/837
f 731/1174/838 725/1175/839 740/1176/840 744/1177/841
f 725/1175/839 729/1178/842 743/1179/843 740/1176/840
f 719/1180/844 718/1181/845 703/1182/846 737/1183/847
f 729/1178/842 721/1184/848 739/1185/849 743/1179/843
f 726/1171/835 731/1174/838 744/1177/841 741/1172/836
f 720/1186/850 719/1180/844 737/1183/847 738/1187/851
f 727/1188/852 733/1170/834 745/1173/837 742/1189/853
f 721/1184/848 720/1186/850 738/1187/851 739/1185/849
f 718/1181/845 707/1160/825 699/1163/828 703/1182/846
f 735/1190/854 727/1188/852 742/1189/853 656/1191/854
f 712/1143/813 709/1142/813 708/1149/816 711/1148/816
f 706/1192/855 408/1193/856 749/1194/857 710/1195/858
f 709/1196/859 748/1197/860 747/1198/861 708/1199/862
f 710/1195/858 749/1194/857 748/1197/860 709/1196/859
f 708/1199/862 747/1198/861 377/1200/863 755/1201/863
f 732/1202/864 413/1203/865 752/1204/866 723/1205/867
f 730/1206/868 754/1207/869 411/1208/870 722/1209/871
f 722/1209/871 411/1208/870 412/1210/872 728/1211/873
f 715/1212/874 751/1213/875 750/1214/876 714/1215/877
f 728/1211/873 412/1210/872 410/1216/878 717/1217/879
f 723/1205/867 752/1204/866 754/1207/869 730/1206/868
f 716/1218/880 409/1219/881 751/1213/875 715/1212/874
f 724/1220/882 753/1221/883 413/1203/865 732/1202/864
f 717/1217/879 410/1216/878 409/1219/881 716/1218/880
f 714/1215/877 750/1214/876 408/1193/856 706/1192/855
f 734/1222/884 705/1223/884 753/1221/883 724/1220/882
f 403/457/262 402/456/262 394/459/885 397/458/885
s 0
f 758/1224/886 757/1225/886 756/1226/886 470/1227/886
f 760/1228/887 759/1229/887 757/1225/887 758/1224/887
f 705/1230/888 761/1231/888 759/1229/888 760/1228/888
f 656/1232/889 762/1233/889 761/1234/889 705/1235/889
f 764/1236/890 763/1237/890 762/1233/890 656/1232/890
f 766/1238/891 765/1239/891 763/1237/891 764/1236/891
f 768/1240/892 767/1241/892 765/1239/892 766/1238/892
f 768/1240/893 470/1227/893 756/1226/893 767/1241/893
f 761/1242/245 762/1243/245 769/1244/245 759/1245/245
f 763/1246/245 765/1247/245 769/1244/245 762/1243/245
f 767/1248/245 756/1249/245 769/1244/245 765/1247/245
f 757/1250/245 759/1245/245 769/1244/245 756/1249/245
s 1
f 770/1251/894 771/1252/894 773/1253/4 772/1254/4
f 772/1254/4 773/1253/4 775/1255/895 774/1256/895
f 774/1256/895 775/1255/895 777/1257/3 776/1258/3
f 776/1258/3 777/1257/3 779/1259/896 778/1260/896
f 778/1260/896 779/1259/896 781/1261/14 780/1262/14
f 780/1263/14 781/1264/14 783/1265/897 782/1266/897
f 782/1266/897 783/1265/897 785/1267/20 784/1268/20
f 784/1268/20 785/1267/20 787/1269/898 786/1270/898
f 786/1270/898 787/1269/898 789/1271/26 788/1272/26
f 788/1272/26 789/1271/26 791/1273/899 790/1274/899
f 790/1274/899 791/1273/899 793/1275/32 792/1276/32
f 792/1276/32 793/1275/32 795/1277/900 794/1278/900
f 794/1278/900 795/1277/900 797/1279/38 796/1280/38
f 796/1280/38 797/1279/38 799/1281/901 798/1282/901
f 770/1283/245 772/1284/245 803/1285/245
f 798/1282/901 799/1281/901 801/1286/44 800/1287/44
f 800/1287/44 801/1286/44 771/1252/894 770/1251/894
f 773/1288/902 771/1289/902 802/1290/902
f 771/1289/902 801/1291/902 802/1290/902
f 801/1291/902 799/1292/902 802/1290/902
f 799/1292/902 797/1293/902 802/1290/902
f 797/1293/902 795/1294/902 802/1290/902
f 795/1294/902 793/1295/902 802/1290/902
f 793/1295/902 791/1296/902 802/1290/902
f 791/1296/902 789/1297/902 802/1290/902
f 789/1297/902 787/1298/902 802/1290/902
f 787/1298/902 785/1299/902 802/1290/902
f 785/1299/902 783/1300/902 802/1290/902
f 783/1300/902 781/1301/902 802/1290/902
f 781/1301/902 779/1302/902 802/1290/902
f 779/1302/902 777/1303/902 802/1290/902
f 777/1303/902 775/1304/902 802/1290/902
f 775/1304/902 773/1288/902 802/1290/902
f 772/1284/245 774/1305/245 803/1285/245
f 774/1305/245 776/1306/245 803/1285/245
f 776/1306/245 778/1307/245 803/1285/245
f 778/1307/245 780/1308/245 803/1285/245
f 780/1308/245 782/1309/245 803/1285/245
f 782/1309/245 784/1310/245 803/1285/245
f 784/1310/245 786/1311/245 803/1285/245
f 786/1311/245 788/1312/245 803/1285/245
f 788/1312/245 790/1313/245 803/1285/245
f 790/1313/245 792/1314/245 803/1285/245
f 792/1314/245 794/1315/245 803/1285/245
f 794/1315/245 796/1316/245 803/1285/245
f 796/1316/245 798/1317/245 803/1285/245
f 798/1317/245 800/1318/245 803/1285/245
f 800/1318/245 770/1283/245 803/1285/245
f 804/1319/894 805/1320/894 807/1321/4 806/1322/4
f 806/1322/4 807/1321/4 809/1323/895 808/1324/895
f 808/1324/895 809/1323/895 811/1325/3 810/1326/3
f 810/1326/3 811/1325/3 813/1327/896 812/1328/896
f 812/1328/896 813/1327/896 815/1329/14 814/1330/14
f 814/1331/14 815/1332/14 817/1333/897 816/1334/897
f 816/1334/897 817/1333/897 819/1335/20 818/1336/20
f 818/1336/20 819/1335/20 821/1337/898 820/1338/898
f 820/1338/898 821/1337/898 823/1339/26 822/1340/26
f 822/1340/26 823/1339/26 825/1341/899 824/1342/899
f 824/1342/899 825/1341/899 827/1343/32 826/1344/32
f 826/1344/32 827/1343/32 829/1345/900 828/1346/900
f 828/1346/900 829/1345/900 831/1347/38 830/1348/38
f 830/1348/38 831/1347/38 833/1349/901 832/1350/901
f 807/1321/903 805/1320/904 840/1351/905 838/1352/906
f 832/1350/901 833/1349/901 835/1353/44 834/1354/44
f 834/1354/44 835/1353/44 805/1320/894 804/1319/894
f 870/1355/907 867/1356/908 836/1357/902
f 861/1358/909 858/1359/910 836/1357/902
f 876/1360/911 873/1361/912 836/1357/902
f 855/1362/913 852/1363/914 836/1357/902
f 867/1356/908 864/1364/915 836/1357/902
f 849/1365/916 846/1366/917 836/1357/902
f 864/1364/915 861/1358/909 836/1357/902
f 843/1367/918 837/1368/919 836/1357/902
f 879/1369/920 876/1360/911 836/1357/902
f 858/1359/910 855/1362/913 836/1357/902
f 873/1361/912 870/1355/907 836/1357/902
f 846/1366/917 843/1367/918 836/1357/902
f 852/1370/914 849/1365/916 836/1357/902
f 825/1341/921 823/1339/922 865/1371/923 868/1372/924
f 882/1373/925 879/1369/920 836/1357/902
f 811/1325/926 809/1323/927 844/1374/928 847/1375/929
f 827/1343/930 825/1341/921 868/1372/924 871/1376/931
f 813/1327/932 811/1325/926 847/1375/929 850/1377/933
f 829/1345/934 827/1343/930 871/1376/931 874/1378/935
f 815/1329/936 813/1327/932 850/1377/933 853/1379/937
f 831/1347/938 829/1345/934 874/1378/935 877/1380/939
f 817/1333/940 815/1332/936 853/1381/937 856/1382/941
f 833/1349/942 831/1347/938 877/1380/939 880/1383/943
f 819/1335/944 817/1333/940 856/1382/941 859/1384/945
f 835/1353/946 833/1349/942 880/1383/943 883/1385/947
f 821/1337/948 819/1335/944 859/1384/945 862/1386/949
f 809/1323/927 807/1321/903 838/1352/906 844/1374/928
f 805/1320/904 835/1353/946 883/1385/947 840/1351/905
f 823/1339/922 821/1337/948 862/1386/949 865/1371/923
f 841/1387/950 882/1373/925 836/1357/902
f 838/1352/906 840/1351/905 842/1388/951 839/1389/952
f 839/1389/952 842/1388/951 841/1387/950 837/1368/919
f 844/1374/928 838/1352/906 839/1389/952 845/1390/953
f 845/1390/953 839/1389/952 837/1368/919 843/1367/918
f 847/1375/929 844/1374/928 845/1390/953 848/1391/954
f 848/1391/954 845/1390/953 843/1367/918 846/1366/917
f 850/1377/933 847/1375/929 848/1391/954 851/1392/955
f 851/1392/955 848/1391/954 846/1366/917 849/1365/916
f 853/1379/937 850/1377/933 851/1392/955 854/1393/956
f 854/1393/956 851/1392/955 849/1365/916 852/1370/914
f 856/1382/941 853/1381/937 854/1394/956 857/1395/957
f 857/1395/957 854/1394/956 852/1363/914 855/1362/913
f 859/1384/945 856/1382/941 857/1395/957 860/1396/958
f 860/1396/958 857/1395/957 855/1362/913 858/1359/910
f 862/1386/949 859/1384/945 860/1396/958 863/1397/959
f 863/1397/959 860/1396/958 858/1359/910 861/1358/909
f 865/1371/923 862/1386/949 863/1397/959 866/1398/960
f 866/1398/960 863/1397/959 861/1358/909 864/1364/915
f 868/1372/924 865/1371/923 866/1398/960 869/1399/961
f 869/1399/961 866/1398/960 864/1364/915 867/1356/908
f 871/1376/931 868/1372/924 869/1399/961 872/1400/962
f 872/1400/962 869/1399/961 867/1356/908 870/1355/907
f 874/1378/935 871/1376/931 872/1400/962 875/1401/963
f 875/1401/963 872/1400/962 870/1355/907 873/1361/912
f 877/1380/939 874/1378/935 875/1401/963 878/1402/964
f 878/1402/964 875/1401/963 873/1361/912 876/1360/911
f 880/1383/943 877/1380/939 878/1402/964 881/1403/965
f 881/1403/965 878/1402/964 876/1360/911 879/1369/920
f 883/1385/947 880/1383/943 881/1403/965 884/1404/966
f 884/1404/966 881/1403/965 879/1369/920 882/1373/925
f 840/1351/905 883/1385/947 884/1404/966 842/1388/951
f 842/1388/951 884/1404/966 882/1373/925 841/1387/950
f 837/1368/919 841/1387/950 836/1357/902
